

================================================================
== Vitis HLS Report for 'mul_10'
================================================================
* Date:           Mon Sep 14 16:37:07 2026

* Version:        2024.2.2 (Build 6049644 on Mar  5 2025)
* Project:        sikep503_hls_montcsa_flat_shared
* Solution:       solution1 (Vivado IP Flow Target)
* Product family: virtexuplus58g
* Target device:  xcvu29p-fsga2577-2L-e


================================================================
== Performance Estimates
================================================================
+ Timing: 
    * Summary: 
    +--------+----------+----------+------------+
    |  Clock |  Target  | Estimated| Uncertainty|
    +--------+----------+----------+------------+
    |ap_clk  |  10.00 ns|  7.165 ns|     2.70 ns|
    +--------+----------+----------+------------+

+ Latency: 
    * Summary: 
    +---------+---------+----------+----------+-----+-----+---------+
    |  Latency (cycles) |  Latency (absolute) |  Interval | Pipeline|
    |   min   |   max   |    min   |    max   | min | max |   Type  |
    +---------+---------+----------+----------+-----+-----+---------+
    |       15|       15|  0.150 us|  0.150 us|    4|    4|      yes|
    +---------+---------+----------+----------+-----+-----+---------+

    + Detail: 
        * Instance: 
        N/A

        * Loop: 
        N/A



================================================================
== Utilization Estimates
================================================================
* Summary: 
+---------------------+---------+-------+---------+---------+------+
|         Name        | BRAM_18K|  DSP  |    FF   |   LUT   | URAM |
+---------------------+---------+-------+---------+---------+------+
|DSP                  |        -|      -|        -|        -|     -|
|Expression           |        -|      -|        0|    39785|     -|
|FIFO                 |        -|      -|        -|        -|     -|
|Instance             |        -|    742|        0|     2352|     -|
|Memory               |        -|      -|        -|        -|     -|
|Multiplexer          |        -|      -|        0|     1441|     -|
|Register             |        -|      -|    25043|      480|     -|
+---------------------+---------+-------+---------+---------+------+
|Total                |        0|    742|    25043|    44058|     0|
+---------------------+---------+-------+---------+---------+------+
|Available SLR        |     1344|   3072|   864000|   432000|   320|
+---------------------+---------+-------+---------+---------+------+
|Utilization SLR (%)  |        0|     24|        2|       10|     0|
+---------------------+---------+-------+---------+---------+------+
|Available            |     5376|  12288|  3456000|  1728000|  1280|
+---------------------+---------+-------+---------+---------+------+
|Utilization (%)      |        0|      6|       ~0|        2|     0|
+---------------------+---------+-------+---------+---------+------+

+ Detail: 
    * Instance: 
    +-----------------------------+-----------------------+---------+----+---+----+-----+
    |           Instance          |         Module        | BRAM_18K| DSP| FF| LUT| URAM|
    +-----------------------------+-----------------------+---------+----+---+----+-----+
    |mul_64ns_56ns_119_1_1_U1728  |mul_64ns_56ns_119_1_1  |        0|  12|  0|  45|    0|
    |mul_64ns_56ns_119_1_1_U1729  |mul_64ns_56ns_119_1_1  |        0|  12|  0|  45|    0|
    |mul_64ns_56ns_119_1_1_U1730  |mul_64ns_56ns_119_1_1  |        0|  12|  0|  45|    0|
    |mul_64ns_62ns_125_1_1_U1731  |mul_64ns_62ns_125_1_1  |        0|  16|  0|  45|    0|
    |mul_64ns_62ns_125_1_1_U1732  |mul_64ns_62ns_125_1_1  |        0|  16|  0|  45|    0|
    |mul_64ns_62ns_125_1_1_U1733  |mul_64ns_62ns_125_1_1  |        0|  16|  0|  45|    0|
    |mul_64ns_62ns_125_1_1_U1734  |mul_64ns_62ns_125_1_1  |        0|  16|  0|  45|    0|
    |mul_64ns_62ns_125_1_1_U1735  |mul_64ns_62ns_125_1_1  |        0|  16|  0|  45|    0|
    |mul_64ns_64ns_127_1_1_U1736  |mul_64ns_64ns_127_1_1  |        0|  16|  0|  45|    0|
    |mul_64ns_64ns_127_1_1_U1737  |mul_64ns_64ns_127_1_1  |        0|  16|  0|  45|    0|
    |mul_64ns_64ns_128_1_1_U1705  |mul_64ns_64ns_128_1_1  |        0|  16|  0|  45|    0|
    |mul_64ns_64ns_128_1_1_U1706  |mul_64ns_64ns_128_1_1  |        0|  16|  0|  45|    0|
    |mul_64ns_64ns_128_1_1_U1707  |mul_64ns_64ns_128_1_1  |        0|  16|  0|  45|    0|
    |mul_64ns_64ns_128_1_1_U1708  |mul_64ns_64ns_128_1_1  |        0|  16|  0|  45|    0|
    |mul_64ns_64ns_128_1_1_U1709  |mul_64ns_64ns_128_1_1  |        0|  16|  0|  45|    0|
    |mul_64ns_64ns_128_1_1_U1710  |mul_64ns_64ns_128_1_1  |        0|  16|  0|  45|    0|
    |mul_64ns_64ns_128_1_1_U1711  |mul_64ns_64ns_128_1_1  |        0|  16|  0|  45|    0|
    |mul_64ns_64ns_128_1_1_U1712  |mul_64ns_64ns_128_1_1  |        0|  16|  0|  45|    0|
    |mul_64ns_64ns_128_1_1_U1713  |mul_64ns_64ns_128_1_1  |        0|  16|  0|  45|    0|
    |mul_64ns_64ns_128_1_1_U1714  |mul_64ns_64ns_128_1_1  |        0|  16|  0|  45|    0|
    |mul_64ns_64ns_128_1_1_U1715  |mul_64ns_64ns_128_1_1  |        0|  16|  0|  45|    0|
    |mul_64ns_64ns_128_1_1_U1716  |mul_64ns_64ns_128_1_1  |        0|  16|  0|  45|    0|
    |mul_64ns_64ns_128_1_1_U1717  |mul_64ns_64ns_128_1_1  |        0|  16|  0|  45|    0|
    |mul_64ns_64ns_128_1_1_U1718  |mul_64ns_64ns_128_1_1  |        0|  16|  0|  45|    0|
    |mul_64ns_64ns_128_1_1_U1719  |mul_64ns_64ns_128_1_1  |        0|  16|  0|  45|    0|
    |mul_64ns_64ns_128_1_1_U1720  |mul_64ns_64ns_128_1_1  |        0|  16|  0|  45|    0|
    |mul_64ns_64ns_128_1_1_U1721  |mul_64ns_64ns_128_1_1  |        0|  16|  0|  45|    0|
    |mul_64ns_64ns_128_1_1_U1722  |mul_64ns_64ns_128_1_1  |        0|  16|  0|  45|    0|
    |mul_64ns_64ns_128_1_1_U1723  |mul_64ns_64ns_128_1_1  |        0|  16|  0|  45|    0|
    |mul_64ns_64ns_128_1_1_U1724  |mul_64ns_64ns_128_1_1  |        0|  16|  0|  45|    0|
    |mul_64ns_64ns_128_1_1_U1725  |mul_64ns_64ns_128_1_1  |        0|  16|  0|  45|    0|
    |mul_64ns_64ns_128_1_1_U1726  |mul_64ns_64ns_128_1_1  |        0|  16|  0|  45|    0|
    |mul_64ns_64ns_128_1_1_U1727  |mul_64ns_64ns_128_1_1  |        0|  16|  0|  45|    0|
    |mul_64ns_65ns_128_1_1_U1738  |mul_64ns_65ns_128_1_1  |        0|  16|  0|  47|    0|
    |mul_64ns_65ns_128_1_1_U1739  |mul_64ns_65ns_128_1_1  |        0|  16|  0|  47|    0|
    |mul_64ns_65ns_128_1_1_U1740  |mul_64ns_65ns_128_1_1  |        0|  16|  0|  47|    0|
    |mul_64ns_65ns_128_1_1_U1741  |mul_64ns_65ns_128_1_1  |        0|  16|  0|  47|    0|
    |mul_64ns_65ns_128_1_1_U1742  |mul_64ns_65ns_128_1_1  |        0|  16|  0|  47|    0|
    |mul_64ns_65ns_128_1_1_U1743  |mul_64ns_65ns_128_1_1  |        0|  16|  0|  47|    0|
    |mul_64s_62ns_64_1_1_U1744    |mul_64s_62ns_64_1_1    |        0|  10|  0|  45|    0|
    |mul_64s_62ns_64_1_1_U1747    |mul_64s_62ns_64_1_1    |        0|  10|  0|  45|    0|
    |mul_64s_62ns_64_1_1_U1748    |mul_64s_62ns_64_1_1    |        0|  10|  0|  45|    0|
    |mul_64s_62ns_64_1_1_U1752    |mul_64s_62ns_64_1_1    |        0|  10|  0|  45|    0|
    |mul_64s_62ns_64_1_1_U1753    |mul_64s_62ns_64_1_1    |        0|  10|  0|  45|    0|
    |mul_64s_64ns_64_1_1_U1745    |mul_64s_64ns_64_1_1    |        0|  10|  0|  45|    0|
    |mul_64s_64ns_64_1_1_U1746    |mul_64s_64ns_64_1_1    |        0|  10|  0|  45|    0|
    |mul_64s_64ns_64_1_1_U1749    |mul_64s_64ns_64_1_1    |        0|  10|  0|  45|    0|
    |mul_64s_64ns_64_1_1_U1750    |mul_64s_64ns_64_1_1    |        0|  10|  0|  45|    0|
    |mul_64s_64ns_64_1_1_U1751    |mul_64s_64ns_64_1_1    |        0|  10|  0|  45|    0|
    |mul_64s_64s_64_1_1_U1754     |mul_64s_64s_64_1_1     |        0|  10|  0|  45|    0|
    |mul_64s_64s_64_1_1_U1755     |mul_64s_64s_64_1_1     |        0|  10|  0|  45|    0|
    |mul_64s_64s_64_1_1_U1756     |mul_64s_64s_64_1_1     |        0|  10|  0|  45|    0|
    +-----------------------------+-----------------------+---------+----+---+----+-----+
    |Total                        |                       |        0| 742|  0|2352|    0|
    +-----------------------------+-----------------------+---------+----+---+----+-----+

    * DSP: 
    N/A

    * Memory: 
    N/A

    * FIFO: 
    N/A

    * Expression: 
    +------------------------------+----------+----+---+-----+------------+------------+
    |         Variable Name        | Operation| DSP| FF| LUT | Bitwidth P0| Bitwidth P1|
    +------------------------------+----------+----+---+-----+------------+------------+
    |C_1335_fu_1608_p2             |         +|   0|  0|   65|          65|          65|
    |C_1342_fu_2739_p2             |         +|   0|  0|   65|          65|          65|
    |C_1349_fu_3704_p2             |         +|   0|  0|   65|          65|          65|
    |C_1356_fu_4528_p2             |         +|   0|  0|   65|          65|          65|
    |C_1363_fu_5850_p2             |         +|   0|  0|   65|          65|          65|
    |C_1370_fu_6777_p2             |         +|   0|  0|   65|          65|          65|
    |C_1377_fu_7533_p2             |         +|   0|  0|   65|          65|          65|
    |C_fu_1031_p2                  |         +|   0|  0|   72|          65|          65|
    |add_ln103_688_fu_3922_p2      |         +|   0|  0|   65|          65|          65|
    |add_ln103_689_fu_3927_p2      |         +|   0|  0|    9|           2|           2|
    |add_ln103_690_fu_3937_p2      |         +|   0|  0|   62|          55|          55|
    |add_ln103_692_fu_4745_p2      |         +|   0|  0|   72|          65|          65|
    |add_ln103_693_fu_4751_p2      |         +|   0|  0|   65|          65|          65|
    |add_ln103_694_fu_4757_p2      |         +|   0|  0|    9|           2|           2|
    |add_ln103_695_fu_4767_p2      |         +|   0|  0|   62|          55|          55|
    |add_ln103_697_fu_5554_p2      |         +|   0|  0|   72|          65|          65|
    |add_ln103_698_fu_6126_p2      |         +|   0|  0|   65|          65|          65|
    |add_ln103_699_fu_6131_p2      |         +|   0|  0|    9|           2|           2|
    |add_ln103_700_fu_6141_p2      |         +|   0|  0|   62|          55|          55|
    |add_ln103_702_fu_6473_p2      |         +|   0|  0|   72|          65|          65|
    |add_ln103_703_fu_6995_p2      |         +|   0|  0|   65|          65|          65|
    |add_ln103_704_fu_7000_p2      |         +|   0|  0|    9|           2|           2|
    |add_ln103_705_fu_7010_p2      |         +|   0|  0|   62|          55|          55|
    |add_ln103_707_fu_7750_p2      |         +|   0|  0|   72|          65|          65|
    |add_ln103_708_fu_7756_p2      |         +|   0|  0|   65|          65|          65|
    |add_ln103_709_fu_7762_p2      |         +|   0|  0|    9|           2|           2|
    |add_ln103_710_fu_7772_p2      |         +|   0|  0|   62|          55|          55|
    |add_ln103_712_fu_8861_p2      |         +|   0|  0|   72|          65|          65|
    |add_ln103_713_fu_8867_p2      |         +|   0|  0|   65|          65|          65|
    |add_ln103_714_fu_8873_p2      |         +|   0|  0|    9|           2|           2|
    |add_ln103_715_fu_8883_p2      |         +|   0|  0|   62|          55|          55|
    |add_ln103_717_fu_9410_p2      |         +|   0|  0|   72|          65|          65|
    |add_ln103_718_fu_9416_p2      |         +|   0|  0|   65|          65|          65|
    |add_ln103_719_fu_9422_p2      |         +|   0|  0|    9|           2|           2|
    |add_ln103_720_fu_9432_p2      |         +|   0|  0|   62|          55|          55|
    |add_ln103_fu_3390_p2          |         +|   0|  0|   72|          65|          65|
    |add_ln115_fu_9548_p2          |         +|   0|  0|   65|          65|          56|
    |add_ln74_442_fu_1592_p2       |         +|   0|  0|   65|          65|          65|
    |add_ln74_443_fu_1598_p2       |         +|   0|  0|    9|           2|           2|
    |add_ln74_445_fu_2723_p2       |         +|   0|  0|   65|          65|          65|
    |add_ln74_446_fu_2729_p2       |         +|   0|  0|    9|           2|           2|
    |add_ln74_448_fu_3688_p2       |         +|   0|  0|   65|          65|          65|
    |add_ln74_449_fu_3694_p2       |         +|   0|  0|    9|           2|           2|
    |add_ln74_451_fu_4512_p2       |         +|   0|  0|   65|          65|          65|
    |add_ln74_452_fu_4518_p2       |         +|   0|  0|    9|           2|           2|
    |add_ln74_454_fu_5834_p2       |         +|   0|  0|   65|          65|          65|
    |add_ln74_455_fu_5840_p2       |         +|   0|  0|    9|           2|           2|
    |add_ln74_457_fu_6761_p2       |         +|   0|  0|   65|          65|          65|
    |add_ln74_458_fu_6767_p2       |         +|   0|  0|    9|           2|           2|
    |add_ln74_460_fu_7517_p2       |         +|   0|  0|   65|          65|          65|
    |add_ln74_461_fu_7523_p2       |         +|   0|  0|    9|           2|           2|
    |add_ln74_fu_1021_p2           |         +|   0|  0|   71|          64|          64|
    |add_ln85_2076_fu_1938_p2      |         +|   0|  0|   72|          65|          65|
    |add_ln85_2078_fu_1997_p2      |         +|   0|  0|   72|          65|          65|
    |add_ln85_2080_fu_2484_p2      |         +|   0|  0|   72|          65|          65|
    |add_ln85_2082_fu_2534_p2      |         +|   0|  0|   72|          65|          65|
    |add_ln85_2084_fu_3148_p2      |         +|   0|  0|   72|          65|          65|
    |add_ln85_2086_fu_3198_p2      |         +|   0|  0|   72|          65|          65|
    |add_ln85_2088_fu_2225_p2      |         +|   0|  0|   72|          65|          65|
    |add_ln85_2090_fu_2789_p2      |         +|   0|  0|   72|          65|          65|
    |add_ln85_2092_fu_3414_p2      |         +|   0|  0|   72|          65|          65|
    |add_ln85_2094_fu_3471_p2      |         +|   0|  0|   72|          65|          65|
    |add_ln85_2096_fu_3975_p2      |         +|   0|  0|   72|          65|          65|
    |add_ln85_2098_fu_4028_p2      |         +|   0|  0|   72|          65|          65|
    |add_ln85_2100_fu_4607_p2      |         +|   0|  0|   72|          65|          65|
    |add_ln85_2102_fu_3720_p2      |         +|   0|  0|   72|          65|          65|
    |add_ln85_2104_fu_3766_p2      |         +|   0|  0|   72|          65|          65|
    |add_ln85_2106_fu_4246_p2      |         +|   0|  0|   72|          65|          65|
    |add_ln85_2108_fu_4294_p2      |         +|   0|  0|   72|          65|          65|
    |add_ln85_2110_fu_4815_p2      |         +|   0|  0|   72|          65|          65|
    |add_ln85_2112_fu_4861_p2      |         +|   0|  0|   72|          65|          65|
    |add_ln85_2114_fu_5340_p2      |         +|   0|  0|   72|          65|          65|
    |add_ln85_2116_fu_4545_p2      |         +|   0|  0|   72|          65|          65|
    |add_ln85_2118_fu_5060_p2      |         +|   0|  0|   72|          65|          65|
    |add_ln85_2120_fu_5578_p2      |         +|   0|  0|   72|          65|          65|
    |add_ln85_2122_fu_5637_p2      |         +|   0|  0|   72|          65|          65|
    |add_ln85_2124_fu_6176_p2      |         +|   0|  0|   72|          65|          65|
    |add_ln85_2126_fu_6229_p2      |         +|   0|  0|   72|          65|          65|
    |add_ln85_2128_fu_6279_p2      |         +|   0|  0|   72|          65|          65|
    |add_ln85_2130_fu_5302_p2      |         +|   0|  0|   72|          65|          65|
    |add_ln85_2132_fu_5900_p2      |         +|   0|  0|   72|          65|          65|
    |add_ln85_2134_fu_6495_p2      |         +|   0|  0|   72|          65|          65|
    |add_ln85_2136_fu_6554_p2      |         +|   0|  0|   72|          65|          65|
    |add_ln85_2138_fu_7048_p2      |         +|   0|  0|   72|          65|          65|
    |add_ln85_2140_fu_7101_p2      |         +|   0|  0|   72|          65|          65|
    |add_ln85_2142_fu_7612_p2      |         +|   0|  0|   72|          65|          65|
    |add_ln85_2144_fu_6793_p2      |         +|   0|  0|   72|          65|          65|
    |add_ln85_2146_fu_6839_p2      |         +|   0|  0|   72|          65|          65|
    |add_ln85_2148_fu_7315_p2      |         +|   0|  0|   72|          65|          65|
    |add_ln85_2150_fu_7819_p2      |         +|   0|  0|   72|          65|          65|
    |add_ln85_2152_fu_7877_p2      |         +|   0|  0|   72|          65|          65|
    |add_ln85_2154_fu_8248_p2      |         +|   0|  0|   72|          65|          65|
    |add_ln85_2156_fu_8294_p2      |         +|   0|  0|   72|          65|          65|
    |add_ln85_2158_fu_7550_p2      |         +|   0|  0|   72|          65|          65|
    |add_ln85_2160_fu_8040_p2      |         +|   0|  0|   72|          65|          65|
    |add_ln85_2162_fu_8501_p2      |         +|   0|  0|   72|          65|          65|
    |add_ln85_2164_fu_8560_p2      |         +|   0|  0|   72|          65|          65|
    |add_ln85_2166_fu_8922_p2      |         +|   0|  0|   72|          65|          65|
    |add_ln85_2168_fu_8975_p2      |         +|   0|  0|   72|          65|          65|
    |add_ln85_2170_fu_9294_p2      |         +|   0|  0|   72|          65|          65|
    |add_ln85_2443_fu_1991_p2      |         +|   0|  0|   64|          64|          64|
    |add_ln85_2445_fu_2480_p2      |         +|   0|  0|   64|          64|          64|
    |add_ln85_2447_fu_2529_p2      |         +|   0|  0|   64|          64|          64|
    |add_ln85_2449_fu_3144_p2      |         +|   0|  0|   64|          64|          64|
    |add_ln85_2451_fu_3193_p2      |         +|   0|  0|   64|          64|          64|
    |add_ln85_2455_fu_3409_p2      |         +|   0|  0|   64|          64|          64|
    |add_ln85_2457_fu_3466_p2      |         +|   0|  0|   64|          64|          64|
    |add_ln85_2459_fu_3971_p2      |         +|   0|  0|   64|          64|          64|
    |add_ln85_2461_fu_4023_p2      |         +|   0|  0|   64|          64|          64|
    |add_ln85_2463_fu_4603_p2      |         +|   0|  0|   64|          64|          64|
    |add_ln85_2467_fu_4240_p2      |         +|   0|  0|   64|          64|          64|
    |add_ln85_2469_fu_4288_p2      |         +|   0|  0|   64|          64|          64|
    |add_ln85_2471_fu_4809_p2      |         +|   0|  0|   64|          64|          64|
    |add_ln85_2473_fu_4856_p2      |         +|   0|  0|   64|          64|          64|
    |add_ln85_2475_fu_5336_p2      |         +|   0|  0|   64|          64|          64|
    |add_ln85_2479_fu_5573_p2      |         +|   0|  0|   64|          64|          64|
    |add_ln85_2481_fu_5631_p2      |         +|   0|  0|   64|          64|          64|
    |add_ln85_2483_fu_6172_p2      |         +|   0|  0|   64|          64|          64|
    |add_ln85_2485_fu_6224_p2      |         +|   0|  0|   64|          64|          64|
    |add_ln85_2487_fu_6274_p2      |         +|   0|  0|   64|          64|          64|
    |add_ln85_2491_fu_6491_p2      |         +|   0|  0|   64|          64|          64|
    |add_ln85_2493_fu_6548_p2      |         +|   0|  0|   64|          64|          64|
    |add_ln85_2495_fu_7044_p2      |         +|   0|  0|   64|          64|          64|
    |add_ln85_2497_fu_7096_p2      |         +|   0|  0|   64|          64|          64|
    |add_ln85_2499_fu_7608_p2      |         +|   0|  0|   64|          64|          64|
    |add_ln85_2503_fu_7309_p2      |         +|   0|  0|   64|          64|          64|
    |add_ln85_2505_fu_7814_p2      |         +|   0|  0|   64|          64|          64|
    |add_ln85_2507_fu_7871_p2      |         +|   0|  0|   64|          64|          64|
    |add_ln85_2509_fu_8243_p2      |         +|   0|  0|   64|          64|          64|
    |add_ln85_2511_fu_8289_p2      |         +|   0|  0|   64|          64|          64|
    |add_ln85_2515_fu_8496_p2      |         +|   0|  0|   64|          64|          64|
    |add_ln85_2517_fu_8554_p2      |         +|   0|  0|   64|          64|          64|
    |add_ln85_2519_fu_8916_p2      |         +|   0|  0|   64|          64|          64|
    |add_ln85_2521_fu_8970_p2      |         +|   0|  0|   64|          64|          64|
    |add_ln85_2523_fu_9290_p2      |         +|   0|  0|   64|          64|          64|
    |add_ln85_fu_1625_p2           |         +|   0|  0|   72|          65|          65|
    |add_ln86_62_fu_1100_p2        |         +|   0|  0|   71|          64|          64|
    |add_ln86_63_fu_1126_p2        |         +|   0|  0|   71|          64|          64|
    |add_ln86_64_fu_1152_p2        |         +|   0|  0|   71|          64|          64|
    |add_ln86_65_fu_1178_p2        |         +|   0|  0|   71|          64|          64|
    |add_ln86_66_fu_1204_p2        |         +|   0|  0|   71|          64|          64|
    |add_ln86_945_fu_1957_p2       |         +|   0|  0|   71|          64|          64|
    |add_ln86_946_fu_2013_p2       |         +|   0|  0|   64|          64|          64|
    |add_ln86_947_fu_2500_p2       |         +|   0|  0|   64|          64|          64|
    |add_ln86_948_fu_2550_p2       |         +|   0|  0|   64|          64|          64|
    |add_ln86_949_fu_3164_p2       |         +|   0|  0|   64|          64|          64|
    |add_ln86_950_fu_3214_p2       |         +|   0|  0|   64|          64|          64|
    |add_ln86_951_fu_2761_p2       |         +|   0|  0|   71|          64|          64|
    |add_ln86_952_fu_2808_p2       |         +|   0|  0|   71|          64|          64|
    |add_ln86_953_fu_3430_p2       |         +|   0|  0|   64|          64|          64|
    |add_ln86_954_fu_3487_p2       |         +|   0|  0|   64|          64|          64|
    |add_ln86_955_fu_3991_p2       |         +|   0|  0|   64|          64|          64|
    |add_ln86_956_fu_4044_p2       |         +|   0|  0|   64|          64|          64|
    |add_ln86_957_fu_4623_p2       |         +|   0|  0|   64|          64|          64|
    |add_ln86_958_fu_3740_p2       |         +|   0|  0|   71|          64|          64|
    |add_ln86_959_fu_3786_p2       |         +|   0|  0|   71|          64|          64|
    |add_ln86_960_fu_4262_p2       |         +|   0|  0|   64|          64|          64|
    |add_ln86_961_fu_4310_p2       |         +|   0|  0|   64|          64|          64|
    |add_ln86_962_fu_4831_p2       |         +|   0|  0|   64|          64|          64|
    |add_ln86_963_fu_4877_p2       |         +|   0|  0|   64|          64|          64|
    |add_ln86_964_fu_5356_p2       |         +|   0|  0|   64|          64|          64|
    |add_ln86_965_fu_4565_p2       |         +|   0|  0|   71|          64|          64|
    |add_ln86_966_fu_5079_p2       |         +|   0|  0|   71|          64|          64|
    |add_ln86_967_fu_5594_p2       |         +|   0|  0|   64|          64|          64|
    |add_ln86_968_fu_5653_p2       |         +|   0|  0|   64|          64|          64|
    |add_ln86_969_fu_6192_p2       |         +|   0|  0|   64|          64|          64|
    |add_ln86_970_fu_6245_p2       |         +|   0|  0|   64|          64|          64|
    |add_ln86_971_fu_6295_p2       |         +|   0|  0|   64|          64|          64|
    |add_ln86_972_fu_5872_p2       |         +|   0|  0|   71|          64|          64|
    |add_ln86_973_fu_5919_p2       |         +|   0|  0|   71|          64|          64|
    |add_ln86_974_fu_6511_p2       |         +|   0|  0|   64|          64|          64|
    |add_ln86_975_fu_6570_p2       |         +|   0|  0|   64|          64|          64|
    |add_ln86_976_fu_7064_p2       |         +|   0|  0|   64|          64|          64|
    |add_ln86_977_fu_7117_p2       |         +|   0|  0|   64|          64|          64|
    |add_ln86_978_fu_7628_p2       |         +|   0|  0|   64|          64|          64|
    |add_ln86_979_fu_6813_p2       |         +|   0|  0|   71|          64|          64|
    |add_ln86_980_fu_6859_p2       |         +|   0|  0|   71|          64|          64|
    |add_ln86_981_fu_7331_p2       |         +|   0|  0|   64|          64|          64|
    |add_ln86_982_fu_7835_p2       |         +|   0|  0|   64|          64|          64|
    |add_ln86_983_fu_7893_p2       |         +|   0|  0|   64|          64|          64|
    |add_ln86_984_fu_8264_p2       |         +|   0|  0|   64|          64|          64|
    |add_ln86_985_fu_8310_p2       |         +|   0|  0|   64|          64|          64|
    |add_ln86_986_fu_7570_p2       |         +|   0|  0|   71|          64|          64|
    |add_ln86_987_fu_8059_p2       |         +|   0|  0|   71|          64|          64|
    |add_ln86_988_fu_8517_p2       |         +|   0|  0|   64|          64|          64|
    |add_ln86_989_fu_8576_p2       |         +|   0|  0|   64|          64|          64|
    |add_ln86_990_fu_8938_p2       |         +|   0|  0|   64|          64|          64|
    |add_ln86_991_fu_8991_p2       |         +|   0|  0|   64|          64|          64|
    |add_ln86_992_fu_9310_p2       |         +|   0|  0|   64|          64|          64|
    |add_ln86_fu_1645_p2           |         +|   0|  0|   71|          64|          64|
    |add_ln95_2484_fu_1410_p2      |         +|   0|  0|   71|          64|          64|
    |add_ln95_2486_fu_1479_p2      |         +|   0|  0|   71|          64|          64|
    |add_ln95_2488_fu_1837_p2      |         +|   0|  0|   71|          64|          64|
    |add_ln95_2490_fu_1907_p2      |         +|   0|  0|   71|          64|          64|
    |add_ln95_2492_fu_2370_p2      |         +|   0|  0|   71|          64|          64|
    |add_ln95_2494_fu_2440_p2      |         +|   0|  0|   71|          64|          64|
    |add_ln95_2496_fu_2031_p2      |         +|   0|  0|   71|          64|          64|
    |add_ln95_2498_fu_2104_p2      |         +|   0|  0|   71|          64|          64|
    |add_ln95_2500_fu_2609_p2      |         +|   0|  0|   71|          64|          64|
    |add_ln95_2502_fu_2683_p2      |         +|   0|  0|   71|          64|          64|
    |add_ln95_2504_fu_3283_p2      |         +|   0|  0|   71|          64|          64|
    |add_ln95_2506_fu_3356_p2      |         +|   0|  0|   71|          64|          64|
    |add_ln95_2508_fu_3896_p2      |         +|   0|  0|   71|          64|          64|
    |add_ln95_2510_fu_2847_p2      |         +|   0|  0|   71|          64|          64|
    |add_ln95_2512_fu_2929_p2      |         +|   0|  0|   71|          64|          64|
    |add_ln95_2514_fu_3556_p2      |         +|   0|  0|   71|          64|          64|
    |add_ln95_2516_fu_4062_p2      |         +|   0|  0|   71|          64|          64|
    |add_ln95_2518_fu_4128_p2      |         +|   0|  0|   71|          64|          64|
    |add_ln95_2520_fu_4652_p2      |         +|   0|  0|   71|          64|          64|
    |add_ln95_2522_fu_4718_p2      |         +|   0|  0|   71|          64|          64|
    |add_ln95_2524_fu_3817_p2      |         +|   0|  0|   71|          64|          64|
    |add_ln95_2526_fu_4379_p2      |         +|   0|  0|   71|          64|          64|
    |add_ln95_2528_fu_4926_p2      |         +|   0|  0|   71|          64|          64|
    |add_ln95_2530_fu_5001_p2      |         +|   0|  0|   71|          64|          64|
    |add_ln95_2532_fu_5416_p2      |         +|   0|  0|   71|          64|          64|
    |add_ln95_2534_fu_5489_p2      |         +|   0|  0|   71|          64|          64|
    |add_ln95_2536_fu_6101_p2      |         +|   0|  0|   71|          64|          64|
    |add_ln95_2538_fu_5108_p2      |         +|   0|  0|   71|          64|          64|
    |add_ln95_2540_fu_5187_p2      |         +|   0|  0|   71|          64|          64|
    |add_ln95_2542_fu_5716_p2      |         +|   0|  0|   71|          64|          64|
    |add_ln95_2544_fu_5791_p2      |         +|   0|  0|   71|          64|          64|
    |add_ln95_2546_fu_6364_p2      |         +|   0|  0|   71|          64|          64|
    |add_ln95_2548_fu_6439_p2      |         +|   0|  0|   71|          64|          64|
    |add_ln95_2550_fu_6969_p2      |         +|   0|  0|   71|          64|          64|
    |add_ln95_2552_fu_5958_p2      |         +|   0|  0|   71|          64|          64|
    |add_ln95_2554_fu_6040_p2      |         +|   0|  0|   71|          64|          64|
    |add_ln95_2556_fu_6639_p2      |         +|   0|  0|   71|          64|          64|
    |add_ln95_2558_fu_7135_p2      |         +|   0|  0|   71|          64|          64|
    |add_ln95_2560_fu_7201_p2      |         +|   0|  0|   71|          64|          64|
    |add_ln95_2562_fu_7657_p2      |         +|   0|  0|   71|          64|          64|
    |add_ln95_2564_fu_7723_p2      |         +|   0|  0|   71|          64|          64|
    |add_ln95_2566_fu_6890_p2      |         +|   0|  0|   71|          64|          64|
    |add_ln95_2568_fu_7400_p2      |         +|   0|  0|   71|          64|          64|
    |add_ln95_2570_fu_7942_p2      |         +|   0|  0|   71|          64|          64|
    |add_ln95_2572_fu_8328_p2      |         +|   0|  0|   71|          64|          64|
    |add_ln95_2574_fu_8394_p2      |         +|   0|  0|   71|          64|          64|
    |add_ln95_2576_fu_8768_p2      |         +|   0|  0|   71|          64|          64|
    |add_ln95_2578_fu_8835_p2      |         +|   0|  0|   71|          64|          64|
    |add_ln95_2580_fu_8098_p2      |         +|   0|  0|   71|          64|          64|
    |add_ln95_2582_fu_8177_p2      |         +|   0|  0|   71|          64|          64|
    |add_ln95_2584_fu_8649_p2      |         +|   0|  0|   71|          64|          64|
    |add_ln95_2586_fu_8724_p2      |         +|   0|  0|   71|          64|          64|
    |add_ln95_2588_fu_9058_p2      |         +|   0|  0|   71|          64|          64|
    |add_ln95_2590_fu_9134_p2      |         +|   0|  0|   71|          64|          64|
    |add_ln95_2592_fu_9383_p2      |         +|   0|  0|   71|          64|          64|
    |add_ln95_fu_1229_p2           |         +|   0|  0|   71|          64|          64|
    |add_ln97_4107_fu_1368_p2      |         +|   0|  0|   71|          64|          64|
    |add_ln97_4108_fu_1378_p2      |         +|   0|  0|   65|          65|          65|
    |add_ln97_4110_fu_1433_p2      |         +|   0|  0|    9|           2|           2|
    |add_ln97_4111_fu_1443_p2      |         +|   0|  0|   71|          64|          64|
    |add_ln97_4112_fu_1452_p2      |         +|   0|  0|   65|          65|          65|
    |add_ln97_4114_fu_1786_p2      |         +|   0|  0|    9|           2|           2|
    |add_ln97_4115_fu_1796_p2      |         +|   0|  0|   71|          64|          64|
    |add_ln97_4116_fu_1805_p2      |         +|   0|  0|   65|          65|          65|
    |add_ln97_4118_fu_1860_p2      |         +|   0|  0|    9|           2|           2|
    |add_ln97_4119_fu_1870_p2      |         +|   0|  0|   71|          64|          64|
    |add_ln97_4120_fu_1879_p2      |         +|   0|  0|   65|          65|          65|
    |add_ln97_4122_fu_2319_p2      |         +|   0|  0|    9|           2|           2|
    |add_ln97_4123_fu_2329_p2      |         +|   0|  0|   71|          64|          64|
    |add_ln97_4124_fu_2338_p2      |         +|   0|  0|   65|          65|          65|
    |add_ln97_4126_fu_2393_p2      |         +|   0|  0|    9|           2|           2|
    |add_ln97_4127_fu_2403_p2      |         +|   0|  0|   71|          64|          64|
    |add_ln97_4128_fu_2412_p2      |         +|   0|  0|   65|          65|          65|
    |add_ln97_4130_fu_3091_p2      |         +|   0|  0|    9|           2|           2|
    |add_ln97_4131_fu_3101_p2      |         +|   0|  0|   71|          64|          64|
    |add_ln97_4132_fu_3110_p2      |         +|   0|  0|   65|          65|          65|
    |add_ln97_4134_fu_1672_p2      |         +|   0|  0|    9|           2|           2|
    |add_ln97_4135_fu_2056_p2      |         +|   0|  0|   71|          64|          64|
    |add_ln97_4136_fu_2066_p2      |         +|   0|  0|   72|          65|          65|
    |add_ln97_4138_fu_2128_p2      |         +|   0|  0|   10|           3|           3|
    |add_ln97_4139_fu_2134_p2      |         +|   0|  0|   71|          64|          64|
    |add_ln97_4140_fu_2571_p2      |         +|   0|  0|   72|          65|          65|
    |add_ln97_4142_fu_2632_p2      |         +|   0|  0|   10|           3|           3|
    |add_ln97_4143_fu_2642_p2      |         +|   0|  0|   71|          64|          64|
    |add_ln97_4144_fu_2651_p2      |         +|   0|  0|   65|          65|          65|
    |add_ln97_4146_fu_2703_p2      |         +|   0|  0|    9|           2|           2|
    |add_ln97_4147_fu_3242_p2      |         +|   0|  0|   68|          61|          61|
    |add_ln97_4148_fu_3251_p2      |         +|   0|  0|   65|          65|          65|
    |add_ln97_4150_fu_3306_p2      |         +|   0|  0|    9|           2|           2|
    |add_ln97_4151_fu_3315_p2      |         +|   0|  0|   68|          61|          61|
    |add_ln97_4152_fu_3324_p2      |         +|   0|  0|   65|          65|          65|
    |add_ln97_4154_fu_3376_p2      |         +|   0|  0|    9|           2|           2|
    |add_ln97_4155_fu_3855_p2      |         +|   0|  0|   70|          63|          63|
    |add_ln97_4156_fu_3864_p2      |         +|   0|  0|   65|          65|          65|
    |add_ln97_4158_fu_2871_p2      |         +|   0|  0|    9|           2|           2|
    |add_ln97_4159_fu_2881_p2      |         +|   0|  0|   71|          64|          64|
    |add_ln97_4160_fu_2891_p2      |         +|   0|  0|   72|          65|          65|
    |add_ln97_4162_fu_2949_p2      |         +|   0|  0|   10|           3|           3|
    |add_ln97_4163_fu_3508_p2      |         +|   0|  0|   71|          64|          64|
    |add_ln97_4164_fu_3518_p2      |         +|   0|  0|   72|          65|          65|
    |add_ln97_4166_fu_3580_p2      |         +|   0|  0|   10|           3|           3|
    |add_ln97_4167_fu_3590_p2      |         +|   0|  0|   71|          64|          64|
    |add_ln97_4168_fu_3600_p2      |         +|   0|  0|   65|          65|          65|
    |add_ln97_4170_fu_3628_p2      |         +|   0|  0|    9|           2|           2|
    |add_ln97_4171_fu_4087_p2      |         +|   0|  0|   68|          61|          61|
    |add_ln97_4172_fu_4096_p2      |         +|   0|  0|   65|          65|          65|
    |add_ln97_4174_fu_4152_p2      |         +|   0|  0|    9|           2|           2|
    |add_ln97_4175_fu_4162_p2      |         +|   0|  0|   68|          61|          61|
    |add_ln97_4176_fu_4171_p2      |         +|   0|  0|   65|          65|          65|
    |add_ln97_4178_fu_4199_p2      |         +|   0|  0|    9|           2|           2|
    |add_ln97_4179_fu_4677_p2      |         +|   0|  0|   70|          63|          63|
    |add_ln97_4180_fu_4686_p2      |         +|   0|  0|   65|          65|          65|
    |add_ln97_4182_fu_3837_p2      |         +|   0|  0|    9|           2|           2|
    |add_ln97_4183_fu_4331_p2      |         +|   0|  0|   71|          64|          64|
    |add_ln97_4184_fu_4341_p2      |         +|   0|  0|   72|          65|          65|
    |add_ln97_4186_fu_4402_p2      |         +|   0|  0|   10|           3|           3|
    |add_ln97_4187_fu_4408_p2      |         +|   0|  0|   71|          64|          64|
    |add_ln97_4188_fu_4418_p2      |         +|   0|  0|   72|          65|          65|
    |add_ln97_4190_fu_4949_p2      |         +|   0|  0|   10|           3|           3|
    |add_ln97_4191_fu_4959_p2      |         +|   0|  0|   71|          64|          64|
    |add_ln97_4192_fu_4969_p2      |         +|   0|  0|   65|          65|          65|
    |add_ln97_4194_fu_5024_p2      |         +|   0|  0|    9|           2|           2|
    |add_ln97_4195_fu_5029_p2      |         +|   0|  0|   68|          61|          61|
    |add_ln97_4196_fu_5384_p2      |         +|   0|  0|   65|          65|          65|
    |add_ln97_4198_fu_5439_p2      |         +|   0|  0|    9|           2|           2|
    |add_ln97_4199_fu_5448_p2      |         +|   0|  0|   68|          61|          61|
    |add_ln97_4200_fu_5457_p2      |         +|   0|  0|   65|          65|          65|
    |add_ln97_4202_fu_5512_p2      |         +|   0|  0|    9|           2|           2|
    |add_ln97_4203_fu_5521_p2      |         +|   0|  0|   70|          63|          63|
    |add_ln97_4204_fu_5530_p2      |         +|   0|  0|   65|          65|          65|
    |add_ln97_4206_fu_5130_p2      |         +|   0|  0|    9|           2|           2|
    |add_ln97_4207_fu_5139_p2      |         +|   0|  0|   71|          64|          64|
    |add_ln97_4208_fu_5149_p2      |         +|   0|  0|   72|          65|          65|
    |add_ln97_4210_fu_5211_p2      |         +|   0|  0|   10|           3|           3|
    |add_ln97_4211_fu_5217_p2      |         +|   0|  0|   71|          64|          64|
    |add_ln97_4212_fu_5678_p2      |         +|   0|  0|   72|          65|          65|
    |add_ln97_4214_fu_5740_p2      |         +|   0|  0|   10|           3|           3|
    |add_ln97_4215_fu_5750_p2      |         +|   0|  0|   71|          64|          64|
    |add_ln97_4216_fu_5759_p2      |         +|   0|  0|   65|          65|          65|
    |add_ln97_4218_fu_5811_p2      |         +|   0|  0|    9|           2|           2|
    |add_ln97_4219_fu_6323_p2      |         +|   0|  0|   68|          61|          61|
    |add_ln97_4220_fu_6332_p2      |         +|   0|  0|   65|          65|          65|
    |add_ln97_4222_fu_6388_p2      |         +|   0|  0|    9|           2|           2|
    |add_ln97_4223_fu_6398_p2      |         +|   0|  0|   68|          61|          61|
    |add_ln97_4224_fu_6407_p2      |         +|   0|  0|   65|          65|          65|
    |add_ln97_4226_fu_6459_p2      |         +|   0|  0|    9|           2|           2|
    |add_ln97_4227_fu_6928_p2      |         +|   0|  0|   70|          63|          63|
    |add_ln97_4228_fu_6937_p2      |         +|   0|  0|   65|          65|          65|
    |add_ln97_4230_fu_5982_p2      |         +|   0|  0|    9|           2|           2|
    |add_ln97_4231_fu_5992_p2      |         +|   0|  0|   71|          64|          64|
    |add_ln97_4232_fu_6002_p2      |         +|   0|  0|   72|          65|          65|
    |add_ln97_4234_fu_6060_p2      |         +|   0|  0|   10|           3|           3|
    |add_ln97_4235_fu_6591_p2      |         +|   0|  0|   71|          64|          64|
    |add_ln97_4236_fu_6601_p2      |         +|   0|  0|   72|          65|          65|
    |add_ln97_4238_fu_6663_p2      |         +|   0|  0|   10|           3|           3|
    |add_ln97_4239_fu_6673_p2      |         +|   0|  0|   71|          64|          64|
    |add_ln97_4240_fu_6683_p2      |         +|   0|  0|   65|          65|          65|
    |add_ln97_4242_fu_6711_p2      |         +|   0|  0|    9|           2|           2|
    |add_ln97_4243_fu_7160_p2      |         +|   0|  0|   68|          61|          61|
    |add_ln97_4244_fu_7169_p2      |         +|   0|  0|   65|          65|          65|
    |add_ln97_4246_fu_7225_p2      |         +|   0|  0|    9|           2|           2|
    |add_ln97_4247_fu_7235_p2      |         +|   0|  0|   68|          61|          61|
    |add_ln97_4248_fu_7244_p2      |         +|   0|  0|   65|          65|          65|
    |add_ln97_4250_fu_7272_p2      |         +|   0|  0|    9|           2|           2|
    |add_ln97_4251_fu_7682_p2      |         +|   0|  0|   70|          63|          63|
    |add_ln97_4252_fu_7691_p2      |         +|   0|  0|   65|          65|          65|
    |add_ln97_4254_fu_6910_p2      |         +|   0|  0|    9|           2|           2|
    |add_ln97_4255_fu_7352_p2      |         +|   0|  0|   71|          64|          64|
    |add_ln97_4256_fu_7362_p2      |         +|   0|  0|   72|          65|          65|
    |add_ln97_4258_fu_7423_p2      |         +|   0|  0|   10|           3|           3|
    |add_ln97_4259_fu_7429_p2      |         +|   0|  0|   71|          64|          64|
    |add_ln97_4260_fu_7439_p2      |         +|   0|  0|   72|          65|          65|
    |add_ln97_4262_fu_7965_p2      |         +|   0|  0|   10|           3|           3|
    |add_ln97_4263_fu_7975_p2      |         +|   0|  0|   71|          64|          64|
    |add_ln97_4264_fu_7985_p2      |         +|   0|  0|   65|          65|          65|
    |add_ln97_4266_fu_8013_p2      |         +|   0|  0|    9|           2|           2|
    |add_ln97_4267_fu_8353_p2      |         +|   0|  0|   68|          61|          61|
    |add_ln97_4268_fu_8362_p2      |         +|   0|  0|   65|          65|          65|
    |add_ln97_4270_fu_8417_p2      |         +|   0|  0|    9|           2|           2|
    |add_ln97_4271_fu_8426_p2      |         +|   0|  0|   68|          61|          61|
    |add_ln97_4272_fu_8436_p2      |         +|   0|  0|   65|          65|          65|
    |add_ln97_4274_fu_8464_p2      |         +|   0|  0|    9|           2|           2|
    |add_ln97_4275_fu_8793_p2      |         +|   0|  0|   70|          63|          63|
    |add_ln97_4276_fu_8803_p2      |         +|   0|  0|   65|          65|          65|
    |add_ln97_4278_fu_8120_p2      |         +|   0|  0|    9|           2|           2|
    |add_ln97_4279_fu_8129_p2      |         +|   0|  0|   71|          64|          64|
    |add_ln97_4280_fu_8139_p2      |         +|   0|  0|   72|          65|          65|
    |add_ln97_4282_fu_8201_p2      |         +|   0|  0|   10|           3|           3|
    |add_ln97_4283_fu_8207_p2      |         +|   0|  0|   71|          64|          64|
    |add_ln97_4284_fu_8611_p2      |         +|   0|  0|   72|          65|          65|
    |add_ln97_4286_fu_8673_p2      |         +|   0|  0|   10|           3|           3|
    |add_ln97_4287_fu_8683_p2      |         +|   0|  0|   71|          64|          64|
    |add_ln97_4288_fu_8692_p2      |         +|   0|  0|   65|          65|          65|
    |add_ln97_4290_fu_8744_p2      |         +|   0|  0|    9|           2|           2|
    |add_ln97_4291_fu_9016_p2      |         +|   0|  0|   68|          61|          61|
    |add_ln97_4292_fu_9026_p2      |         +|   0|  0|   65|          65|          65|
    |add_ln97_4294_fu_9082_p2      |         +|   0|  0|    9|           2|           2|
    |add_ln97_4295_fu_9092_p2      |         +|   0|  0|   68|          61|          61|
    |add_ln97_4296_fu_9102_p2      |         +|   0|  0|   65|          65|          65|
    |add_ln97_4298_fu_9154_p2      |         +|   0|  0|    9|           2|           2|
    |add_ln97_4299_fu_9342_p2      |         +|   0|  0|   70|          63|          63|
    |add_ln97_4300_fu_9351_p2      |         +|   0|  0|   65|          65|          65|
    |add_ln97_fu_1358_p2           |         +|   0|  0|    9|           2|           2|
    |blo_full_1266_fu_1069_p2      |         +|   0|  0|   72|          65|          65|
    |blo_full_1267_fu_1094_p2      |         +|   0|  0|   72|          65|          65|
    |blo_full_1268_fu_1120_p2      |         +|   0|  0|   72|          65|          65|
    |blo_full_1269_fu_1146_p2      |         +|   0|  0|   72|          65|          65|
    |blo_full_1270_fu_1172_p2      |         +|   0|  0|   72|          65|          65|
    |blo_full_1271_fu_1198_p2      |         +|   0|  0|   72|          65|          65|
    |blo_full_1272_fu_1639_p2      |         +|   0|  0|   73|          66|          66|
    |blo_full_1273_fu_1951_p2      |         +|   0|  0|   73|          66|          66|
    |blo_full_1274_fu_2007_p2      |         +|   0|  0|   73|          66|          66|
    |blo_full_1275_fu_2494_p2      |         +|   0|  0|   73|          66|          66|
    |blo_full_1276_fu_2544_p2      |         +|   0|  0|   73|          66|          66|
    |blo_full_1277_fu_3158_p2      |         +|   0|  0|   73|          66|          66|
    |blo_full_1278_fu_3208_p2      |         +|   0|  0|   73|          66|          66|
    |blo_full_1279_fu_2755_p2      |         +|   0|  0|   73|          66|          66|
    |blo_full_1280_fu_2802_p2      |         +|   0|  0|   73|          66|          66|
    |blo_full_1281_fu_3424_p2      |         +|   0|  0|   73|          66|          66|
    |blo_full_1282_fu_3481_p2      |         +|   0|  0|   73|          66|          66|
    |blo_full_1283_fu_3985_p2      |         +|   0|  0|   73|          66|          66|
    |blo_full_1284_fu_4038_p2      |         +|   0|  0|   73|          66|          66|
    |blo_full_1285_fu_4617_p2      |         +|   0|  0|   73|          66|          66|
    |blo_full_1286_fu_3734_p2      |         +|   0|  0|   73|          66|          66|
    |blo_full_1287_fu_3780_p2      |         +|   0|  0|   73|          66|          66|
    |blo_full_1288_fu_4256_p2      |         +|   0|  0|   73|          66|          66|
    |blo_full_1289_fu_4304_p2      |         +|   0|  0|   73|          66|          66|
    |blo_full_1290_fu_4825_p2      |         +|   0|  0|   73|          66|          66|
    |blo_full_1291_fu_4871_p2      |         +|   0|  0|   73|          66|          66|
    |blo_full_1292_fu_5350_p2      |         +|   0|  0|   73|          66|          66|
    |blo_full_1293_fu_4559_p2      |         +|   0|  0|   73|          66|          66|
    |blo_full_1294_fu_5073_p2      |         +|   0|  0|   73|          66|          66|
    |blo_full_1295_fu_5588_p2      |         +|   0|  0|   73|          66|          66|
    |blo_full_1296_fu_5647_p2      |         +|   0|  0|   73|          66|          66|
    |blo_full_1297_fu_6186_p2      |         +|   0|  0|   73|          66|          66|
    |blo_full_1298_fu_6239_p2      |         +|   0|  0|   73|          66|          66|
    |blo_full_1299_fu_6289_p2      |         +|   0|  0|   73|          66|          66|
    |blo_full_1300_fu_5866_p2      |         +|   0|  0|   73|          66|          66|
    |blo_full_1301_fu_5913_p2      |         +|   0|  0|   73|          66|          66|
    |blo_full_1302_fu_6505_p2      |         +|   0|  0|   73|          66|          66|
    |blo_full_1303_fu_6564_p2      |         +|   0|  0|   73|          66|          66|
    |blo_full_1304_fu_7058_p2      |         +|   0|  0|   73|          66|          66|
    |blo_full_1305_fu_7111_p2      |         +|   0|  0|   73|          66|          66|
    |blo_full_1306_fu_7622_p2      |         +|   0|  0|   73|          66|          66|
    |blo_full_1307_fu_6807_p2      |         +|   0|  0|   73|          66|          66|
    |blo_full_1308_fu_6853_p2      |         +|   0|  0|   73|          66|          66|
    |blo_full_1309_fu_7325_p2      |         +|   0|  0|   73|          66|          66|
    |blo_full_1310_fu_7829_p2      |         +|   0|  0|   73|          66|          66|
    |blo_full_1311_fu_7887_p2      |         +|   0|  0|   73|          66|          66|
    |blo_full_1312_fu_8258_p2      |         +|   0|  0|   73|          66|          66|
    |blo_full_1313_fu_8304_p2      |         +|   0|  0|   73|          66|          66|
    |blo_full_1314_fu_7564_p2      |         +|   0|  0|   73|          66|          66|
    |blo_full_1315_fu_8053_p2      |         +|   0|  0|   73|          66|          66|
    |blo_full_1316_fu_8511_p2      |         +|   0|  0|   73|          66|          66|
    |blo_full_1317_fu_8570_p2      |         +|   0|  0|   73|          66|          66|
    |blo_full_1318_fu_8932_p2      |         +|   0|  0|   73|          66|          66|
    |blo_full_1319_fu_8985_p2      |         +|   0|  0|   73|          66|          66|
    |blo_full_1320_fu_9304_p2      |         +|   0|  0|   73|          66|          66|
    |blo_full_fu_1044_p2           |         +|   0|  0|   72|          65|          65|
    |d_169_fu_9196_p2              |         +|   0|  0|   72|          65|          65|
    |d_170_fu_9221_p2              |         +|   0|  0|   72|          65|          65|
    |d_171_fu_9246_p2              |         +|   0|  0|   72|          65|          65|
    |d_172_fu_9272_p2              |         +|   0|  0|   72|          65|          65|
    |d_173_fu_9492_p2              |         +|   0|  0|   72|          65|          65|
    |d_174_fu_9522_p2              |         +|   0|  0|   72|          65|          65|
    |d_fu_9171_p2                  |         +|   0|  0|   72|          65|          65|
    |hi_sum_1105_fu_1457_p2        |         +|   0|  0|   65|          65|          65|
    |hi_sum_1106_fu_1811_p2        |         +|   0|  0|   65|          65|          65|
    |hi_sum_1107_fu_1885_p2        |         +|   0|  0|   65|          65|          65|
    |hi_sum_1108_fu_2344_p2        |         +|   0|  0|   65|          65|          65|
    |hi_sum_1109_fu_2418_p2        |         +|   0|  0|   65|          65|          65|
    |hi_sum_1110_fu_3116_p2        |         +|   0|  0|   65|          65|          65|
    |hi_sum_1111_fu_2076_p2        |         +|   0|  0|   73|          66|          66|
    |hi_sum_1112_fu_2581_p2        |         +|   0|  0|   73|          66|          66|
    |hi_sum_1113_fu_2657_p2        |         +|   0|  0|   65|          65|          65|
    |hi_sum_1114_fu_3257_p2        |         +|   0|  0|   65|          65|          65|
    |hi_sum_1115_fu_3330_p2        |         +|   0|  0|   65|          65|          65|
    |hi_sum_1116_fu_3870_p2        |         +|   0|  0|   65|          65|          65|
    |hi_sum_1117_fu_2901_p2        |         +|   0|  0|   73|          66|          66|
    |hi_sum_1118_fu_3528_p2        |         +|   0|  0|   73|          66|          66|
    |hi_sum_1119_fu_3606_p2        |         +|   0|  0|   65|          65|          65|
    |hi_sum_1120_fu_4102_p2        |         +|   0|  0|   65|          65|          65|
    |hi_sum_1121_fu_4177_p2        |         +|   0|  0|   65|          65|          65|
    |hi_sum_1122_fu_4692_p2        |         +|   0|  0|   65|          65|          65|
    |hi_sum_1123_fu_4351_p2        |         +|   0|  0|   73|          66|          66|
    |hi_sum_1124_fu_4898_p2        |         +|   0|  0|   73|          66|          66|
    |hi_sum_1125_fu_4975_p2        |         +|   0|  0|   65|          65|          65|
    |hi_sum_1126_fu_5390_p2        |         +|   0|  0|   65|          65|          65|
    |hi_sum_1127_fu_5463_p2        |         +|   0|  0|   65|          65|          65|
    |hi_sum_1128_fu_5536_p2        |         +|   0|  0|   65|          65|          65|
    |hi_sum_1129_fu_5159_p2        |         +|   0|  0|   73|          66|          66|
    |hi_sum_1130_fu_5688_p2        |         +|   0|  0|   73|          66|          66|
    |hi_sum_1131_fu_5765_p2        |         +|   0|  0|   65|          65|          65|
    |hi_sum_1132_fu_6338_p2        |         +|   0|  0|   65|          65|          65|
    |hi_sum_1133_fu_6413_p2        |         +|   0|  0|   65|          65|          65|
    |hi_sum_1134_fu_6943_p2        |         +|   0|  0|   65|          65|          65|
    |hi_sum_1135_fu_6012_p2        |         +|   0|  0|   73|          66|          66|
    |hi_sum_1136_fu_6611_p2        |         +|   0|  0|   73|          66|          66|
    |hi_sum_1137_fu_6689_p2        |         +|   0|  0|   65|          65|          65|
    |hi_sum_1138_fu_7175_p2        |         +|   0|  0|   65|          65|          65|
    |hi_sum_1139_fu_7250_p2        |         +|   0|  0|   65|          65|          65|
    |hi_sum_1140_fu_7697_p2        |         +|   0|  0|   65|          65|          65|
    |hi_sum_1141_fu_7372_p2        |         +|   0|  0|   73|          66|          66|
    |hi_sum_1142_fu_7914_p2        |         +|   0|  0|   73|          66|          66|
    |hi_sum_1143_fu_7991_p2        |         +|   0|  0|   65|          65|          65|
    |hi_sum_1144_fu_8368_p2        |         +|   0|  0|   65|          65|          65|
    |hi_sum_1145_fu_8442_p2        |         +|   0|  0|   65|          65|          65|
    |hi_sum_1146_fu_8809_p2        |         +|   0|  0|   65|          65|          65|
    |hi_sum_1147_fu_8149_p2        |         +|   0|  0|   73|          66|          66|
    |hi_sum_1148_fu_8621_p2        |         +|   0|  0|   73|          66|          66|
    |hi_sum_1149_fu_8698_p2        |         +|   0|  0|   65|          65|          65|
    |hi_sum_1150_fu_9032_p2        |         +|   0|  0|   65|          65|          65|
    |hi_sum_1151_fu_9108_p2        |         +|   0|  0|   65|          65|          65|
    |hi_sum_1152_fu_9357_p2        |         +|   0|  0|   65|          65|          65|
    |hi_sum_fu_1384_p2             |         +|   0|  0|   65|          65|          65|
    |j0lo_162_fu_1570_p2           |         +|   0|  0|   72|          65|          65|
    |j0lo_163_fu_2207_p2           |         +|   0|  0|   72|          65|          65|
    |j0lo_164_fu_3666_p2           |         +|   0|  0|   72|          65|          65|
    |j0lo_165_fu_4490_p2           |         +|   0|  0|   72|          65|          65|
    |j0lo_166_fu_5284_p2           |         +|   0|  0|   72|          65|          65|
    |j0lo_167_fu_6739_p2           |         +|   0|  0|   72|          65|          65|
    |j0lo_168_fu_7495_p2           |         +|   0|  0|   72|          65|          65|
    |j0lo_fu_999_p2                |         +|   0|  0|   72|          65|          65|
    |lo0_190_fu_2157_p2            |         +|   0|  0|   72|          65|          65|
    |lo0_191_fu_2967_p2            |         +|   0|  0|   72|          65|          65|
    |lo0_192_fu_4438_p2            |         +|   0|  0|   72|          65|          65|
    |lo0_193_fu_5239_p2            |         +|   0|  0|   72|          65|          65|
    |lo0_194_fu_6078_p2            |         +|   0|  0|   72|          65|          65|
    |lo0_195_fu_7455_p2            |         +|   0|  0|   72|          65|          65|
    |lo0_fu_1513_p2                |         +|   0|  0|   72|          65|          65|
    |lo_sum_1266_fu_1415_p2        |         +|   0|  0|   72|          65|          65|
    |lo_sum_1267_fu_1484_p2        |         +|   0|  0|   72|          65|          65|
    |lo_sum_1268_fu_1842_p2        |         +|   0|  0|   72|          65|          65|
    |lo_sum_1269_fu_1912_p2        |         +|   0|  0|   72|          65|          65|
    |lo_sum_1270_fu_2375_p2        |         +|   0|  0|   72|          65|          65|
    |lo_sum_1271_fu_2445_p2        |         +|   0|  0|   72|          65|          65|
    |lo_sum_1272_fu_2035_p2        |         +|   0|  0|   72|          65|          65|
    |lo_sum_1273_fu_2110_p2        |         +|   0|  0|   72|          65|          65|
    |lo_sum_1274_fu_2614_p2        |         +|   0|  0|   72|          65|          65|
    |lo_sum_1275_fu_2689_p2        |         +|   0|  0|   72|          65|          65|
    |lo_sum_1276_fu_3288_p2        |         +|   0|  0|   72|          65|          65|
    |lo_sum_1277_fu_3362_p2        |         +|   0|  0|   72|          65|          65|
    |lo_sum_1278_fu_3901_p2        |         +|   0|  0|   72|          65|          65|
    |lo_sum_1279_fu_2853_p2        |         +|   0|  0|   72|          65|          65|
    |lo_sum_1280_fu_2935_p2        |         +|   0|  0|   72|          65|          65|
    |lo_sum_1281_fu_3562_p2        |         +|   0|  0|   72|          65|          65|
    |lo_sum_1282_fu_4066_p2        |         +|   0|  0|   72|          65|          65|
    |lo_sum_1283_fu_4134_p2        |         +|   0|  0|   72|          65|          65|
    |lo_sum_1284_fu_4656_p2        |         +|   0|  0|   72|          65|          65|
    |lo_sum_1285_fu_4724_p2        |         +|   0|  0|   72|          65|          65|
    |lo_sum_1286_fu_3823_p2        |         +|   0|  0|   72|          65|          65|
    |lo_sum_1287_fu_4384_p2        |         +|   0|  0|   72|          65|          65|
    |lo_sum_1288_fu_4931_p2        |         +|   0|  0|   72|          65|          65|
    |lo_sum_1289_fu_5006_p2        |         +|   0|  0|   72|          65|          65|
    |lo_sum_1290_fu_5421_p2        |         +|   0|  0|   72|          65|          65|
    |lo_sum_1291_fu_5494_p2        |         +|   0|  0|   72|          65|          65|
    |lo_sum_1292_fu_6105_p2        |         +|   0|  0|   72|          65|          65|
    |lo_sum_1293_fu_5112_p2        |         +|   0|  0|   72|          65|          65|
    |lo_sum_1294_fu_5193_p2        |         +|   0|  0|   72|          65|          65|
    |lo_sum_1295_fu_5722_p2        |         +|   0|  0|   72|          65|          65|
    |lo_sum_1296_fu_5797_p2        |         +|   0|  0|   72|          65|          65|
    |lo_sum_1297_fu_6370_p2        |         +|   0|  0|   72|          65|          65|
    |lo_sum_1298_fu_6445_p2        |         +|   0|  0|   72|          65|          65|
    |lo_sum_1299_fu_6974_p2        |         +|   0|  0|   72|          65|          65|
    |lo_sum_1300_fu_5964_p2        |         +|   0|  0|   72|          65|          65|
    |lo_sum_1301_fu_6046_p2        |         +|   0|  0|   72|          65|          65|
    |lo_sum_1302_fu_6645_p2        |         +|   0|  0|   72|          65|          65|
    |lo_sum_1303_fu_7139_p2        |         +|   0|  0|   72|          65|          65|
    |lo_sum_1304_fu_7207_p2        |         +|   0|  0|   72|          65|          65|
    |lo_sum_1305_fu_7661_p2        |         +|   0|  0|   72|          65|          65|
    |lo_sum_1306_fu_7729_p2        |         +|   0|  0|   72|          65|          65|
    |lo_sum_1307_fu_6896_p2        |         +|   0|  0|   72|          65|          65|
    |lo_sum_1308_fu_7405_p2        |         +|   0|  0|   72|          65|          65|
    |lo_sum_1309_fu_7947_p2        |         +|   0|  0|   72|          65|          65|
    |lo_sum_1310_fu_8332_p2        |         +|   0|  0|   72|          65|          65|
    |lo_sum_1311_fu_8399_p2        |         +|   0|  0|   72|          65|          65|
    |lo_sum_1312_fu_8772_p2        |         +|   0|  0|   72|          65|          65|
    |lo_sum_1313_fu_8840_p2        |         +|   0|  0|   72|          65|          65|
    |lo_sum_1314_fu_8102_p2        |         +|   0|  0|   72|          65|          65|
    |lo_sum_1315_fu_8183_p2        |         +|   0|  0|   72|          65|          65|
    |lo_sum_1316_fu_8655_p2        |         +|   0|  0|   72|          65|          65|
    |lo_sum_1317_fu_8730_p2        |         +|   0|  0|   72|          65|          65|
    |lo_sum_1318_fu_9064_p2        |         +|   0|  0|   72|          65|          65|
    |lo_sum_1319_fu_9140_p2        |         +|   0|  0|   72|          65|          65|
    |lo_sum_1320_fu_9389_p2        |         +|   0|  0|   72|          65|          65|
    |lo_sum_fu_1235_p2             |         +|   0|  0|   72|          65|          65|
    |s_220_fu_3946_p2              |         +|   0|  0|   65|          65|          65|
    |s_221_fu_4776_p2              |         +|   0|  0|   65|          65|          65|
    |s_222_fu_6150_p2              |         +|   0|  0|   65|          65|          65|
    |s_223_fu_7019_p2              |         +|   0|  0|   65|          65|          65|
    |s_224_fu_7781_p2              |         +|   0|  0|   65|          65|          65|
    |s_225_fu_8892_p2              |         +|   0|  0|   65|          65|          65|
    |s_226_fu_9441_p2              |         +|   0|  0|   65|          65|          65|
    |u_i_162_fu_1504_p2            |         +|   0|  0|   71|          64|          64|
    |u_i_163_fu_2147_p2            |         +|   0|  0|   71|          64|          64|
    |u_i_164_fu_2962_p2            |         +|   0|  0|   71|          64|          64|
    |u_i_165_fu_4430_p2            |         +|   0|  0|   71|          64|          64|
    |u_i_166_fu_5230_p2            |         +|   0|  0|   71|          64|          64|
    |u_i_167_fu_6073_p2            |         +|   0|  0|   71|          64|          64|
    |u_i_168_fu_7451_p2            |         +|   0|  0|   71|          64|          64|
    |d_175_fu_9554_p2              |         -|   0|  0|   65|          65|          65|
    |sub_ln73_71_fu_1560_p2        |         -|   0|  0|   71|           1|          64|
    |sub_ln73_72_fu_2197_p2        |         -|   0|  0|   71|           1|          64|
    |sub_ln73_73_fu_3657_p2        |         -|   0|  0|   71|           1|          64|
    |sub_ln73_74_fu_4480_p2        |         -|   0|  0|   71|           1|          64|
    |sub_ln73_75_fu_5274_p2        |         -|   0|  0|   71|           1|          64|
    |sub_ln73_76_fu_6730_p2        |         -|   0|  0|   71|           1|          64|
    |sub_ln73_77_fu_7485_p2        |         -|   0|  0|   71|           1|          64|
    |sub_ln73_fu_990_p2            |         -|   0|  0|   71|           1|          64|
    |sub_ln86_21_fu_1075_p2        |         -|   0|  0|   71|          64|          64|
    |sub_ln86_fu_1050_p2           |         -|   0|  0|   71|          64|          64|
    |and_ln123_151_fu_9617_p2      |       and|   0|  0|   64|          64|          64|
    |and_ln123_152_fu_9629_p2      |       and|   0|  0|   64|          64|          64|
    |and_ln123_153_fu_9634_p2      |       and|   0|  0|   64|          64|          64|
    |and_ln123_154_fu_9646_p2      |       and|   0|  0|   64|          64|          64|
    |and_ln123_155_fu_9651_p2      |       and|   0|  0|   64|          64|          64|
    |and_ln123_156_fu_9663_p2      |       and|   0|  0|   64|          64|          64|
    |and_ln123_157_fu_9668_p2      |       and|   0|  0|   64|          64|          64|
    |and_ln123_158_fu_9680_p2      |       and|   0|  0|   64|          64|          64|
    |and_ln123_159_fu_9685_p2      |       and|   0|  0|   64|          64|          64|
    |and_ln123_160_fu_9697_p2      |       and|   0|  0|   64|          64|          64|
    |and_ln123_161_fu_9702_p2      |       and|   0|  0|   64|          64|          64|
    |and_ln123_162_fu_9714_p2      |       and|   0|  0|   64|          64|          64|
    |and_ln123_163_fu_9720_p2      |       and|   0|  0|   64|          64|          64|
    |and_ln123_164_fu_9732_p2      |       and|   0|  0|   64|          64|          64|
    |and_ln123_165_fu_9738_p2      |       and|   0|  0|   64|          64|          64|
    |and_ln123_fu_9612_p2          |       and|   0|  0|   64|          64|          64|
    |keep_t_fu_9578_p2             |       and|   0|  0|    2|           1|           1|
    |not_and_ln120_fu_9598_p2      |        or|   0|  0|    2|           1|           1|
    |or_ln123_85_fu_9640_p2        |        or|   0|  0|   64|          64|          64|
    |or_ln123_86_fu_9657_p2        |        or|   0|  0|   64|          64|          64|
    |or_ln123_87_fu_9674_p2        |        or|   0|  0|   64|          64|          64|
    |or_ln123_88_fu_9691_p2        |        or|   0|  0|   64|          64|          64|
    |or_ln123_89_fu_9708_p2        |        or|   0|  0|   64|          64|          64|
    |or_ln123_90_fu_9726_p2        |        or|   0|  0|   64|          64|          64|
    |or_ln123_91_fu_9744_p2        |        or|   0|  0|   64|          64|          64|
    |or_ln123_fu_9623_p2           |        or|   0|  0|   64|          64|          64|
    |select_ln115_111_fu_9213_p3   |    select|   0|  0|   64|           1|          66|
    |select_ln115_112_fu_9238_p3   |    select|   0|  0|   63|           1|          65|
    |select_ln115_113_fu_9264_p3   |    select|   0|  0|   61|           1|          62|
    |select_ln115_114_fu_9484_p3   |    select|   0|  0|   61|           1|          62|
    |select_ln115_115_fu_9514_p3   |    select|   0|  0|   63|           1|          64|
    |select_ln115_fu_9188_p3       |    select|   0|  0|   64|           1|          66|
    |select_ln120_fu_9584_p3       |    select|   0|  0|    2|           1|           2|
    |select_ln123_fu_9604_p3       |    select|   0|  0|    2|           1|           2|
    |ap_enable_pp0                 |       xor|   0|  0|    2|           1|           2|
    |icmp_ln120_11_not_fu_9592_p2  |       xor|   0|  0|    2|           1|           2|
    |xor_ln120_fu_9564_p2          |       xor|   0|  0|    2|           1|           2|
    +------------------------------+----------+----+---+-----+------------+------------+
    |Total                         |          |   0|  0|39785|       35887|       36766|
    +------------------------------+----------+----+---+-----+------------+------------+

    * Multiplexer: 
    +-------------------------+----+-----------+-----+-----------+
    |           Name          | LUT| Input Size| Bits| Total Bits|
    +-------------------------+----+-----------+-----+-----------+
    |ap_NS_fsm                |  26|          5|    1|          5|
    |ap_enable_reg_pp0_iter0  |   9|          2|    1|          2|
    |b_address0_local         |  26|          5|    3|         15|
    |b_address1_local         |  26|          5|    3|         15|
    |grp_fu_239_p0            |  26|          5|   64|        320|
    |grp_fu_239_p1            |  14|          3|   64|        192|
    |grp_fu_243_p0            |  26|          5|   64|        320|
    |grp_fu_243_p1            |  14|          3|   64|        192|
    |grp_fu_247_p0            |  26|          5|   64|        320|
    |grp_fu_247_p1            |  14|          3|   64|        192|
    |grp_fu_251_p0            |  26|          5|   64|        320|
    |grp_fu_251_p1            |  14|          3|   64|        192|
    |grp_fu_255_p0            |  26|          5|   64|        320|
    |grp_fu_255_p1            |  14|          3|   64|        192|
    |grp_fu_259_p0            |  26|          5|   64|        320|
    |grp_fu_259_p1            |  14|          3|   64|        192|
    |grp_fu_263_p0            |  26|          5|   64|        320|
    |grp_fu_263_p1            |  20|          4|   64|        256|
    |grp_fu_267_p0            |  26|          5|   64|        320|
    |grp_fu_267_p1            |  20|          4|   64|        256|
    |grp_fu_271_p0            |  26|          5|   64|        320|
    |grp_fu_271_p1            |  20|          4|   64|        256|
    |grp_fu_275_p0            |  26|          5|   64|        320|
    |grp_fu_275_p1            |  20|          4|   64|        256|
    |grp_fu_279_p0            |  20|          4|   64|        256|
    |grp_fu_279_p1            |  14|          3|   64|        192|
    |grp_fu_283_p0            |  20|          4|   64|        256|
    |grp_fu_283_p1            |  14|          3|   64|        192|
    |grp_fu_287_p0            |  20|          4|   64|        256|
    |grp_fu_287_p1            |  14|          3|   64|        192|
    |grp_fu_291_p0            |  20|          4|   64|        256|
    |grp_fu_291_p1            |  14|          3|   64|        192|
    |grp_fu_295_p0            |  20|          4|   64|        256|
    |grp_fu_295_p1            |  14|          3|   64|        192|
    |grp_fu_299_p0            |  14|          3|   64|        192|
    |grp_fu_299_p1            |  14|          3|   64|        192|
    |grp_fu_331_p0            |  26|          5|   64|        320|
    |grp_fu_336_p0            |  20|          4|   64|        256|
    |grp_fu_346_p0            |  26|          5|   64|        320|
    |grp_fu_346_p1            |  14|          3|   62|        186|
    |grp_fu_351_p0            |  26|          5|   64|        320|
    |grp_fu_351_p1            |  14|          3|   62|        186|
    |grp_fu_356_p0            |  26|          5|   64|        320|
    |grp_fu_356_p1            |  14|          3|   62|        186|
    |grp_fu_361_p0            |  20|          4|   64|        256|
    |grp_fu_374_p0            |  26|          5|   64|        320|
    |grp_fu_379_p0            |  26|          5|   64|        320|
    |grp_fu_384_p0            |  20|          4|   64|        256|
    |grp_fu_389_p0            |  20|          4|   64|        256|
    |grp_fu_394_p0            |  20|          4|   64|        256|
    |grp_fu_399_p0            |  20|          4|   64|        256|
    |grp_fu_404_p0            |  20|          4|   64|        256|
    |grp_fu_404_p1            |  14|          3|   65|        195|
    |grp_fu_415_p0            |  26|          5|   64|        320|
    |grp_fu_415_p1            |  14|          3|   62|        186|
    |grp_fu_420_p0            |  26|          5|   64|        320|
    |grp_fu_420_p1            |  14|          3|   64|        192|
    |grp_fu_425_p0            |  26|          5|   64|        320|
    |grp_fu_425_p1            |  14|          3|   64|        192|
    |grp_fu_430_p0            |  26|          5|   64|        320|
    |grp_fu_430_p1            |  14|          3|   62|        186|
    |grp_fu_435_p0            |  26|          5|   64|        320|
    |grp_fu_435_p1            |  20|          4|   62|        248|
    |grp_fu_440_p0            |  26|          5|   64|        320|
    |grp_fu_440_p1            |  20|          4|   64|        256|
    |grp_fu_445_p0            |  26|          5|   64|        320|
    |grp_fu_445_p1            |  20|          4|   64|        256|
    |grp_fu_450_p0            |  14|          3|   64|        192|
    |grp_fu_450_p1            |  14|          3|   64|        192|
    |grp_fu_476_p0            |  20|          4|   64|        256|
    |grp_fu_481_p0            |  20|          4|   64|        256|
    |grp_fu_486_p0            |  14|          3|   64|        192|
    +-------------------------+----+-----------+-----+-----------+
    |Total                    |1441|        288| 4349|      17346|
    +-------------------------+----+-----------+-----+-----------+

    * Register: 
    +-----------------------------------------+-----+----+-----+-----------+
    |                   Name                  |  FF | LUT| Bits| Const Bits|
    +-----------------------------------------+-----+----+-----+-----------+
    |C_hi_122_reg_11373                       |    1|   0|    1|          0|
    |C_lo_1272_reg_10362                      |   64|   0|   64|          0|
    |C_lo_1282_reg_11031                      |   64|   0|   64|          0|
    |C_lo_1284_reg_11103                      |   64|   0|   64|          0|
    |C_lo_1292_reg_11367                      |   64|   0|   64|          0|
    |C_lo_1293_reg_11167                      |   64|   0|   64|          0|
    |C_lo_1303_reg_11483                      |   64|   0|   64|          0|
    |C_lo_1305_reg_11544                      |   64|   0|   64|          0|
    |C_lo_1310_reg_11664                      |   64|   0|   64|          0|
    |C_lo_1312_reg_11735                      |   64|   0|   64|          0|
    |C_lo_1314_reg_11603                      |   64|   0|   64|          0|
    |add_ln103_697_reg_11378                  |   65|   0|   65|          0|
    |add_ln103_702_reg_11472                  |   65|   0|   65|          0|
    |add_ln103_reg_11020                      |   65|   0|   65|          0|
    |add_ln85_2088_reg_10660                  |   65|   0|   65|          0|
    |add_ln85_2130_reg_11312                  |   65|   0|   65|          0|
    |add_ln86_62_reg_10080                    |   64|   0|   64|          0|
    |add_ln86_63_reg_10091                    |   64|   0|   64|          0|
    |add_ln86_64_reg_10107                    |   64|   0|   64|          0|
    |add_ln86_65_reg_10118                    |   64|   0|   64|          0|
    |add_ln86_66_reg_10129                    |   64|   0|   64|          0|
    |add_ln86_946_reg_10624                   |   64|   0|   64|          0|
    |add_ln86_948_reg_10854                   |   64|   0|   64|          0|
    |add_ln86_950_reg_10993                   |   64|   0|   64|          0|
    |add_ln86_954_reg_11025                   |   64|   0|   64|          0|
    |add_ln86_956_reg_11097                   |   64|   0|   64|          0|
    |add_ln86_959_reg_11042                   |   64|   0|   64|          0|
    |add_ln86_960_reg_11119                   |   64|   0|   64|          0|
    |add_ln86_961_reg_11130                   |   64|   0|   64|          0|
    |add_ln86_962_reg_11227                   |   64|   0|   64|          0|
    |add_ln86_963_reg_11238                   |   64|   0|   64|          0|
    |add_ln86_964_reg_11355                   |   64|   0|   64|          0|
    |add_ln86_965_reg_11173                   |   64|   0|   64|          0|
    |add_ln86_971_reg_11445                   |   64|   0|   64|          0|
    |add_ln86_975_reg_11477                   |   64|   0|   64|          0|
    |add_ln86_977_reg_11532                   |   64|   0|   64|          0|
    |add_ln86_980_reg_11499                   |   64|   0|   64|          0|
    |add_ln86_981_reg_11560                   |   64|   0|   64|          0|
    |add_ln86_982_reg_11642                   |   64|   0|   64|          0|
    |add_ln86_983_reg_11653                   |   64|   0|   64|          0|
    |add_ln86_984_reg_11713                   |   64|   0|   64|          0|
    |add_ln86_985_reg_11719                   |   64|   0|   64|          0|
    |add_ln86_986_reg_11609                   |   64|   0|   64|          0|
    |add_ln86_reg_10368                       |   64|   0|   64|          0|
    |add_ln95_2486_reg_10347                  |   64|   0|   64|          0|
    |add_ln95_2490_reg_10613                  |   64|   0|   64|          0|
    |add_ln95_2494_reg_10843                  |   64|   0|   64|          0|
    |add_ln95_2502_reg_10865                  |   64|   0|   64|          0|
    |add_ln95_2506_reg_10999                  |   64|   0|   64|          0|
    |add_ln95_2512_reg_10881                  |   64|   0|   64|          0|
    |add_ln95_2524_reg_11075                  |   64|   0|   64|          0|
    |add_ln95_2530_reg_11249                  |   64|   0|   64|          0|
    |add_ln95_2534_reg_11361                  |   64|   0|   64|          0|
    |add_ln95_2544_reg_11383                  |   64|   0|   64|          0|
    |add_ln95_2548_reg_11451                  |   64|   0|   64|          0|
    |add_ln95_2554_reg_11410                  |   64|   0|   64|          0|
    |add_ln95_2560_reg_11538                  |   64|   0|   64|          0|
    |add_ln95_2564_reg_11625                  |   64|   0|   64|          0|
    |add_ln95_2566_reg_11510                  |   64|   0|   64|          0|
    |add_ln95_2580_reg_11691                  |   64|   0|   64|          0|
    |add_ln95_2582_reg_11697                  |   64|   0|   64|          0|
    |add_ln95_2584_reg_11768                  |   64|   0|   64|          0|
    |add_ln95_2586_reg_11774                  |   64|   0|   64|          0|
    |add_ln95_2588_reg_11796                  |   64|   0|   64|          0|
    |add_ln95_2590_reg_11801                  |   64|   0|   64|          0|
    |add_ln95_reg_10150                       |   64|   0|   64|          0|
    |add_ln97_4134_reg_10423                  |    2|   0|    2|          0|
    |add_ln97_4138_reg_10635                  |    3|   0|    3|          0|
    |add_ln97_4139_reg_10640                  |   64|   0|   64|          0|
    |add_ln97_4146_reg_10876                  |    2|   0|    2|          0|
    |add_ln97_4154_reg_11010                  |    2|   0|    2|          0|
    |add_ln97_4162_reg_10891                  |    3|   0|    3|          0|
    |add_ln97_4170_reg_11037                  |    2|   0|    2|          0|
    |add_ln97_4178_reg_11109                  |    2|   0|    2|          0|
    |add_ln97_4182_reg_11086                  |    2|   0|    2|          0|
    |add_ln97_4186_reg_11146                  |    3|   0|    3|          0|
    |add_ln97_4188_reg_11151                  |   65|   0|   65|          0|
    |add_ln97_4194_reg_11255                  |    2|   0|    2|          0|
    |add_ln97_4195_reg_11260                  |   61|   0|   61|          0|
    |add_ln97_4210_reg_11281                  |    3|   0|    3|          0|
    |add_ln97_4211_reg_11286                  |   64|   0|   64|          0|
    |add_ln97_4218_reg_11394                  |    2|   0|    2|          0|
    |add_ln97_4226_reg_11462                  |    2|   0|    2|          0|
    |add_ln97_4234_reg_11420                  |    3|   0|    3|          0|
    |add_ln97_4242_reg_11489                  |    2|   0|    2|          0|
    |add_ln97_4250_reg_11550                  |    2|   0|    2|          0|
    |add_ln97_4254_reg_11521                  |    2|   0|    2|          0|
    |add_ln97_4258_reg_11571                  |    3|   0|    3|          0|
    |add_ln97_4260_reg_11576                  |   65|   0|   65|          0|
    |add_ln97_4266_reg_11670                  |    2|   0|    2|          0|
    |add_ln97_4274_reg_11741                  |    2|   0|    2|          0|
    |add_ln97_4282_reg_11703                  |    3|   0|    3|          0|
    |add_ln97_4283_reg_11708                  |   64|   0|   64|          0|
    |add_ln97_4290_reg_11785                  |    2|   0|    2|          0|
    |add_ln97_4298_reg_11812                  |    2|   0|    2|          0|
    |ap_CS_fsm                                |    4|   0|    4|          0|
    |ap_enable_reg_pp0_iter0_reg              |    1|   0|    1|          0|
    |ap_enable_reg_pp0_iter1                  |    1|   0|    1|          0|
    |ap_enable_reg_pp0_iter2                  |    1|   0|    1|          0|
    |ap_enable_reg_pp0_iter3                  |    1|   0|    1|          0|
    |ap_port_reg_a_read                       |   64|   0|   64|          0|
    |ap_port_reg_a_read_22                    |   64|   0|   64|          0|
    |ap_port_reg_a_read_23                    |   64|   0|   64|          0|
    |ap_port_reg_a_read_24                    |   64|   0|   64|          0|
    |ap_port_reg_a_read_25                    |   64|   0|   64|          0|
    |ap_port_reg_a_read_26                    |   64|   0|   64|          0|
    |ap_port_reg_a_read_27                    |   64|   0|   64|          0|
    |ap_port_reg_a_read_28                    |   64|   0|   64|          0|
    |conv_reg_9808                            |   64|   0|  128|         64|
    |d_169_reg_11827                          |   65|   0|   65|          0|
    |d_170_reg_11832                          |   65|   0|   65|          0|
    |d_171_reg_11837                          |   65|   0|   65|          0|
    |d_172_reg_11842                          |   65|   0|   65|          0|
    |d_reg_11822                              |   65|   0|   65|          0|
    |lo0_196_reg_9815                         |   64|   0|   64|          0|
    |mul_ln85_396_reg_10379                   |   64|   0|   64|          0|
    |mul_ln85_397_reg_10390                   |   64|   0|   64|          0|
    |mul_ln85_398_reg_10401                   |   64|   0|   64|          0|
    |mul_ln85_399_reg_10412                   |   64|   0|   64|          0|
    |mul_ln85_401_reg_10670                   |   64|   0|   64|          0|
    |mul_ln85_402_reg_10681                   |   64|   0|   64|          0|
    |mul_ln85_403_reg_10692                   |   64|   0|   64|          0|
    |mul_ln85_404_reg_10703                   |   64|   0|   64|          0|
    |mul_ln85_408_reg_11058                   |   64|   0|   64|          0|
    |mul_ln85_409_reg_11069                   |   64|   0|   64|          0|
    |mul_ln85_412_reg_11194                   |   64|   0|   64|          0|
    |mul_ln85_413_reg_11205                   |   64|   0|   64|          0|
    |mul_ln85_414_reg_11270                   |   64|   0|   64|          0|
    |mul_ln85_415_reg_11322                   |   64|   0|   64|          0|
    |mul_ln85_417_reg_11333                   |   64|   0|   64|          0|
    |mul_ln85_418_reg_11344                   |   64|   0|   64|          0|
    |mul_ln85_419_reg_11399                   |   64|   0|   64|          0|
    |mul_ln85_425_reg_11680                   |   64|   0|   64|          0|
    |mul_ln85_428_reg_11746                   |   64|   0|   64|          0|
    |mul_ln85_429_reg_11757                   |   64|   0|   64|          0|
    |reg_781                                  |   64|   0|   64|          0|
    |reg_785                                  |   64|   0|   64|          0|
    |reg_789                                  |   64|   0|   64|          0|
    |reg_793                                  |   61|   0|   61|          0|
    |reg_797                                  |   63|   0|   63|          0|
    |reg_801                                  |   64|   0|   64|          0|
    |reg_805                                  |   64|   0|   64|          0|
    |reg_809                                  |   64|   0|   64|          0|
    |reg_813                                  |   64|   0|   64|          0|
    |reg_817                                  |   64|   0|   64|          0|
    |reg_821                                  |   61|   0|   61|          0|
    |reg_825                                  |   64|   0|   64|          0|
    |reg_829                                  |   64|   0|   64|          0|
    |sub_ln86_21_reg_10069                    |   64|   0|   64|          0|
    |tmp_4233_reg_10097                       |   61|   0|   61|          0|
    |tmp_4236_reg_10135                       |   55|   0|   55|          0|
    |tmp_4237_reg_9967                        |   64|   0|   64|          0|
    |tmp_4238_reg_9978                        |   64|   0|   64|          0|
    |tmp_4239_reg_9989                        |   64|   0|   64|          0|
    |tmp_4241_reg_10000                       |   64|   0|   64|          0|
    |tmp_4242_reg_10630                       |    2|   0|    2|          0|
    |tmp_4243_reg_10011                       |   64|   0|   64|          0|
    |tmp_4243_reg_10011_pp0_iter1_reg         |   64|   0|   64|          0|
    |tmp_4244_reg_10022                       |   64|   0|   64|          0|
    |tmp_4244_reg_10022_pp0_iter1_reg         |   64|   0|   64|          0|
    |tmp_4245_reg_10033                       |   64|   0|   64|          0|
    |tmp_4245_reg_10033_pp0_iter1_reg         |   64|   0|   64|          0|
    |tmp_4246_reg_10044                       |   64|   0|   64|          0|
    |tmp_4246_reg_10044_pp0_iter1_reg         |   64|   0|   64|          0|
    |tmp_4251_reg_10173                       |   64|   0|   64|          0|
    |tmp_4252_reg_10184                       |   64|   0|   64|          0|
    |tmp_4254_reg_10195                       |   64|   0|   64|          0|
    |tmp_4256_reg_10206                       |   64|   0|   64|          0|
    |tmp_4256_reg_10206_pp0_iter1_reg         |   64|   0|   64|          0|
    |tmp_4257_reg_10217                       |   64|   0|   64|          0|
    |tmp_4257_reg_10217_pp0_iter1_reg         |   64|   0|   64|          0|
    |tmp_4258_reg_10228                       |   64|   0|   64|          0|
    |tmp_4258_reg_10228_pp0_iter1_reg         |   64|   0|   64|          0|
    |tmp_4259_reg_10239                       |   64|   0|   64|          0|
    |tmp_4259_reg_10239_pp0_iter1_reg         |   64|   0|   64|          0|
    |tmp_4263_reg_10250                       |   64|   0|   64|          0|
    |tmp_4264_reg_10261                       |   64|   0|   64|          0|
    |tmp_4264_reg_10261_pp0_iter1_reg         |   64|   0|   64|          0|
    |tmp_4265_reg_10272                       |   64|   0|   64|          0|
    |tmp_4265_reg_10272_pp0_iter1_reg         |   64|   0|   64|          0|
    |tmp_4266_reg_11048                       |    2|   0|    2|          0|
    |tmp_4267_reg_10283                       |   64|   0|   64|          0|
    |tmp_4267_reg_10283_pp0_iter1_reg         |   64|   0|   64|          0|
    |tmp_4268_reg_11125                       |    2|   0|    2|          0|
    |tmp_4269_reg_10294                       |   64|   0|   64|          0|
    |tmp_4269_reg_10294_pp0_iter1_reg         |   64|   0|   64|          0|
    |tmp_4270_reg_10305                       |   64|   0|   64|          0|
    |tmp_4270_reg_10305_pp0_iter1_reg         |   64|   0|   64|          0|
    |tmp_4271_reg_10316                       |   64|   0|   64|          0|
    |tmp_4271_reg_10316_pp0_iter1_reg         |   64|   0|   64|          0|
    |tmp_4272_reg_10327                       |   64|   0|   64|          0|
    |tmp_4272_reg_10327_pp0_iter1_reg         |   64|   0|   64|          0|
    |tmp_4276_reg_10434                       |   64|   0|   64|          0|
    |tmp_4277_reg_10445                       |   64|   0|   64|          0|
    |tmp_4277_reg_10445_pp0_iter1_reg         |   64|   0|   64|          0|
    |tmp_4278_reg_10456                       |   64|   0|   64|          0|
    |tmp_4278_reg_10456_pp0_iter1_reg         |   64|   0|   64|          0|
    |tmp_4280_reg_10467                       |   64|   0|   64|          0|
    |tmp_4280_reg_10467_pp0_iter1_reg         |   64|   0|   64|          0|
    |tmp_4282_reg_10478                       |   64|   0|   64|          0|
    |tmp_4282_reg_10478_pp0_iter1_reg         |   64|   0|   64|          0|
    |tmp_4283_reg_10489                       |   64|   0|   64|          0|
    |tmp_4283_reg_10489_pp0_iter1_reg         |   64|   0|   64|          0|
    |tmp_4284_reg_10500                       |   64|   0|   64|          0|
    |tmp_4284_reg_10500_pp0_iter1_reg         |   64|   0|   64|          0|
    |tmp_4285_reg_10511                       |   64|   0|   64|          0|
    |tmp_4285_reg_10511_pp0_iter1_reg         |   64|   0|   64|          0|
    |tmp_4289_reg_10527                       |   64|   0|   64|          0|
    |tmp_4289_reg_10527_pp0_iter1_reg         |   64|   0|   64|          0|
    |tmp_4290_reg_10538                       |   64|   0|   64|          0|
    |tmp_4290_reg_10538_pp0_iter1_reg         |   64|   0|   64|          0|
    |tmp_4291_reg_10549                       |   64|   0|   64|          0|
    |tmp_4291_reg_10549_pp0_iter1_reg         |   64|   0|   64|          0|
    |tmp_4293_reg_10560                       |   64|   0|   64|          0|
    |tmp_4293_reg_10560_pp0_iter1_reg         |   64|   0|   64|          0|
    |tmp_4295_reg_10571                       |   64|   0|   64|          0|
    |tmp_4295_reg_10571_pp0_iter1_reg         |   64|   0|   64|          0|
    |tmp_4296_reg_10582                       |   64|   0|   64|          0|
    |tmp_4296_reg_10582_pp0_iter1_reg         |   64|   0|   64|          0|
    |tmp_4297_reg_10593                       |   64|   0|   64|          0|
    |tmp_4298_reg_10922                       |   64|   0|   64|          0|
    |tmp_4298_reg_10922_pp0_iter2_reg         |   64|   0|   64|          0|
    |tmp_4302_reg_10726                       |   64|   0|   64|          0|
    |tmp_4302_reg_10726_pp0_iter2_reg         |   64|   0|   64|          0|
    |tmp_4303_reg_10737                       |   64|   0|   64|          0|
    |tmp_4303_reg_10737_pp0_iter2_reg         |   64|   0|   64|          0|
    |tmp_4304_reg_10748                       |   64|   0|   64|          0|
    |tmp_4304_reg_10748_pp0_iter2_reg         |   64|   0|   64|          0|
    |tmp_4305_reg_11505                       |    2|   0|    2|          0|
    |tmp_4306_reg_10759                       |   64|   0|   64|          0|
    |tmp_4306_reg_10759_pp0_iter2_reg         |   64|   0|   64|          0|
    |tmp_4307_reg_11566                       |    2|   0|    2|          0|
    |tmp_4308_reg_10770                       |   64|   0|   64|          0|
    |tmp_4309_reg_10781                       |   64|   0|   64|          0|
    |tmp_4310_reg_10933                       |   64|   0|   64|          0|
    |tmp_4311_reg_10944                       |   64|   0|   64|          0|
    |tmp_4312_reg_11730                       |    2|   0|    2|          0|
    |tmp_4315_reg_10800                       |   64|   0|   64|          0|
    |tmp_4315_reg_10800_pp0_iter2_reg         |   64|   0|   64|          0|
    |tmp_4316_reg_10811                       |   64|   0|   64|          0|
    |tmp_4316_reg_10811_pp0_iter2_reg         |   64|   0|   64|          0|
    |tmp_4317_reg_10822                       |   64|   0|   64|          0|
    |tmp_4319_reg_10833                       |   64|   0|   64|          0|
    |tmp_4321_reg_10955                       |   64|   0|   64|          0|
    |tmp_4322_reg_10966                       |   64|   0|   64|          0|
    |tmp_4323_reg_10977                       |   64|   0|   64|          0|
    |tmp_4324_reg_10988                       |   64|   0|   64|          0|
    |tmp_4609_reg_10064                       |    1|   0|    1|          0|
    |tmp_4610_reg_10075                       |    1|   0|    1|          0|
    |tmp_4611_reg_10086                       |    1|   0|    1|          0|
    |tmp_4612_reg_10102                       |    1|   0|    1|          0|
    |tmp_4613_reg_10113                       |    1|   0|    1|          0|
    |tmp_4614_reg_10124                       |    1|   0|    1|          0|
    |tmp_4615_reg_10140                       |    1|   0|    1|          0|
    |tmp_4616_reg_10145                       |    1|   0|    1|          0|
    |tmp_4617_reg_10156                       |    1|   0|    1|          0|
    |tmp_4620_reg_10342                       |    1|   0|    1|          0|
    |tmp_4621_reg_10352                       |    1|   0|    1|          0|
    |tmp_4624_reg_10608                       |    1|   0|    1|          0|
    |tmp_4625_reg_10619                       |    1|   0|    1|          0|
    |tmp_4628_reg_10838                       |    1|   0|    1|          0|
    |tmp_4629_reg_10849                       |    1|   0|    1|          0|
    |tmp_4637_reg_10871                       |    1|   0|    1|          0|
    |tmp_4641_reg_11005                       |    1|   0|    1|          0|
    |tmp_4644_reg_11015                       |    1|   0|    1|          0|
    |tmp_4645_reg_10645                       |    1|   0|    1|          0|
    |tmp_4646_reg_10655                       |    1|   0|    1|          0|
    |tmp_4649_reg_10886                       |    1|   0|    1|          0|
    |tmp_4659_reg_11114                       |    1|   0|    1|          0|
    |tmp_4660_reg_10911                       |    1|   0|    1|          0|
    |tmp_4663_reg_11081                       |    1|   0|    1|          0|
    |tmp_4674_reg_11265                       |    1|   0|    1|          0|
    |tmp_4677_reg_11216                       |    1|   0|    1|          0|
    |tmp_4682_reg_11389                       |    1|   0|    1|          0|
    |tmp_4686_reg_11457                       |    1|   0|    1|          0|
    |tmp_4689_reg_11467                       |    1|   0|    1|          0|
    |tmp_4690_reg_11297                       |    1|   0|    1|          0|
    |tmp_4691_reg_11307                       |    1|   0|    1|          0|
    |tmp_4694_reg_11415                       |    1|   0|    1|          0|
    |tmp_4704_reg_11555                       |    1|   0|    1|          0|
    |tmp_4705_reg_11440                       |    1|   0|    1|          0|
    |tmp_4708_reg_11516                       |    1|   0|    1|          0|
    |tmp_4719_reg_11675                       |    1|   0|    1|          0|
    |tmp_4722_reg_11620                       |    1|   0|    1|          0|
    |tmp_4727_reg_11780                       |    1|   0|    1|          0|
    |tmp_4731_reg_11807                       |    1|   0|    1|          0|
    |tmp_4734_reg_11817                       |    1|   0|    1|          0|
    |tmp_s_reg_9845                           |   64|   0|   64|          0|
    |trunc_ln104_141_reg_11091                |   64|   0|   64|          0|
    |trunc_ln104_142_reg_11221                |   64|   0|   64|          0|
    |trunc_ln104_144_reg_11526                |   64|   0|   64|          0|
    |trunc_ln104_145_reg_11631                |   64|   0|   64|          0|
    |trunc_ln104_146_reg_11790                |   64|   0|   64|          0|
    |trunc_ln66_127_reg_10161                 |   64|   0|   64|          0|
    |trunc_ln66_128_reg_10244                 |   64|   0|   64|          0|
    |trunc_ln66_129_reg_10428                 |   64|   0|   64|          0|
    |trunc_ln66_130_reg_10521                 |   64|   0|   64|          0|
    |trunc_ln66_130_reg_10521_pp0_iter1_reg   |   64|   0|   64|          0|
    |trunc_ln66_131_reg_10720                 |   64|   0|   64|          0|
    |trunc_ln66_131_reg_10720_pp0_iter2_reg   |   64|   0|   64|          0|
    |trunc_ln66_132_reg_10794                 |   64|   0|   64|          0|
    |trunc_ln66_132_reg_10794_pp0_iter2_reg   |   64|   0|   64|          0|
    |trunc_ln66_reg_9961                      |   64|   0|   64|          0|
    |trunc_ln83_1746_reg_9857                 |   64|   0|   64|          0|
    |trunc_ln83_1747_reg_9875                 |   64|   0|   64|          0|
    |trunc_ln83_1748_reg_9893                 |   64|   0|   64|          0|
    |trunc_ln83_1749_reg_9911                 |   64|   0|   64|          0|
    |trunc_ln83_1751_reg_9930                 |   64|   0|   64|          0|
    |trunc_ln83_1752_reg_9950                 |   64|   0|   64|          0|
    |trunc_ln83_1753_reg_9972                 |   64|   0|   64|          0|
    |trunc_ln83_1755_reg_9983                 |   64|   0|   64|          0|
    |trunc_ln83_1757_reg_9994                 |   64|   0|   64|          0|
    |trunc_ln83_1759_reg_10005                |   64|   0|   64|          0|
    |trunc_ln83_1760_reg_10016                |   64|   0|   64|          0|
    |trunc_ln83_1762_reg_10027                |   64|   0|   64|          0|
    |trunc_ln83_1762_reg_10027_pp0_iter1_reg  |   64|   0|   64|          0|
    |trunc_ln83_1763_reg_10038                |   64|   0|   64|          0|
    |trunc_ln83_1763_reg_10038_pp0_iter1_reg  |   64|   0|   64|          0|
    |trunc_ln83_1764_reg_10167                |   64|   0|   64|          0|
    |trunc_ln83_1766_reg_10178                |   64|   0|   64|          0|
    |trunc_ln83_1768_reg_10189                |   64|   0|   64|          0|
    |trunc_ln83_1770_reg_10200                |   64|   0|   64|          0|
    |trunc_ln83_1771_reg_10211                |   64|   0|   64|          0|
    |trunc_ln83_1771_reg_10211_pp0_iter1_reg  |   64|   0|   64|          0|
    |trunc_ln83_1773_reg_10222                |   64|   0|   64|          0|
    |trunc_ln83_1773_reg_10222_pp0_iter1_reg  |   64|   0|   64|          0|
    |trunc_ln83_1774_reg_10233                |   64|   0|   64|          0|
    |trunc_ln83_1774_reg_10233_pp0_iter1_reg  |   64|   0|   64|          0|
    |trunc_ln83_1775_reg_10255                |   64|   0|   64|          0|
    |trunc_ln83_1777_reg_10266                |   64|   0|   64|          0|
    |trunc_ln83_1779_reg_10277                |   64|   0|   64|          0|
    |trunc_ln83_1779_reg_10277_pp0_iter1_reg  |   64|   0|   64|          0|
    |trunc_ln83_1781_reg_10288                |   64|   0|   64|          0|
    |trunc_ln83_1781_reg_10288_pp0_iter1_reg  |   64|   0|   64|          0|
    |trunc_ln83_1782_reg_10299                |   64|   0|   64|          0|
    |trunc_ln83_1782_reg_10299_pp0_iter1_reg  |   64|   0|   64|          0|
    |trunc_ln83_1784_reg_10310                |   64|   0|   64|          0|
    |trunc_ln83_1784_reg_10310_pp0_iter1_reg  |   64|   0|   64|          0|
    |trunc_ln83_1785_reg_10321                |   64|   0|   64|          0|
    |trunc_ln83_1785_reg_10321_pp0_iter1_reg  |   64|   0|   64|          0|
    |trunc_ln83_1786_reg_10439                |   64|   0|   64|          0|
    |trunc_ln83_1788_reg_10450                |   64|   0|   64|          0|
    |trunc_ln83_1788_reg_10450_pp0_iter1_reg  |   64|   0|   64|          0|
    |trunc_ln83_1790_reg_10461                |   64|   0|   64|          0|
    |trunc_ln83_1790_reg_10461_pp0_iter1_reg  |   64|   0|   64|          0|
    |trunc_ln83_1792_reg_10472                |   64|   0|   64|          0|
    |trunc_ln83_1792_reg_10472_pp0_iter1_reg  |   64|   0|   64|          0|
    |trunc_ln83_1793_reg_10483                |   64|   0|   64|          0|
    |trunc_ln83_1793_reg_10483_pp0_iter1_reg  |   64|   0|   64|          0|
    |trunc_ln83_1795_reg_10494                |   64|   0|   64|          0|
    |trunc_ln83_1795_reg_10494_pp0_iter1_reg  |   64|   0|   64|          0|
    |trunc_ln83_1796_reg_10505                |   64|   0|   64|          0|
    |trunc_ln83_1796_reg_10505_pp0_iter1_reg  |   64|   0|   64|          0|
    |trunc_ln83_1797_reg_10532                |   64|   0|   64|          0|
    |trunc_ln83_1797_reg_10532_pp0_iter1_reg  |   64|   0|   64|          0|
    |trunc_ln83_1799_reg_10543                |   64|   0|   64|          0|
    |trunc_ln83_1799_reg_10543_pp0_iter1_reg  |   64|   0|   64|          0|
    |trunc_ln83_1801_reg_10554                |   64|   0|   64|          0|
    |trunc_ln83_1801_reg_10554_pp0_iter1_reg  |   64|   0|   64|          0|
    |trunc_ln83_1803_reg_10565                |   64|   0|   64|          0|
    |trunc_ln83_1803_reg_10565_pp0_iter1_reg  |   64|   0|   64|          0|
    |trunc_ln83_1804_reg_10576                |   64|   0|   64|          0|
    |trunc_ln83_1804_reg_10576_pp0_iter1_reg  |   64|   0|   64|          0|
    |trunc_ln83_1806_reg_10587                |   64|   0|   64|          0|
    |trunc_ln83_1806_reg_10587_pp0_iter1_reg  |   64|   0|   64|          0|
    |trunc_ln83_1807_reg_10916                |   64|   0|   64|          0|
    |trunc_ln83_1807_reg_10916_pp0_iter2_reg  |   64|   0|   64|          0|
    |trunc_ln83_1808_reg_10731                |   64|   0|   64|          0|
    |trunc_ln83_1808_reg_10731_pp0_iter2_reg  |   64|   0|   64|          0|
    |trunc_ln83_1810_reg_10742                |   64|   0|   64|          0|
    |trunc_ln83_1810_reg_10742_pp0_iter2_reg  |   64|   0|   64|          0|
    |trunc_ln83_1812_reg_10753                |   64|   0|   64|          0|
    |trunc_ln83_1812_reg_10753_pp0_iter2_reg  |   64|   0|   64|          0|
    |trunc_ln83_1814_reg_10764                |   64|   0|   64|          0|
    |trunc_ln83_1814_reg_10764_pp0_iter2_reg  |   64|   0|   64|          0|
    |trunc_ln83_1815_reg_10775                |   64|   0|   64|          0|
    |trunc_ln83_1815_reg_10775_pp0_iter2_reg  |   64|   0|   64|          0|
    |trunc_ln83_1817_reg_10927                |   64|   0|   64|          0|
    |trunc_ln83_1817_reg_10927_pp0_iter2_reg  |   64|   0|   64|          0|
    |trunc_ln83_1818_reg_10938                |   64|   0|   64|          0|
    |trunc_ln83_1818_reg_10938_pp0_iter2_reg  |   64|   0|   64|          0|
    |trunc_ln83_1819_reg_10805                |   64|   0|   64|          0|
    |trunc_ln83_1819_reg_10805_pp0_iter2_reg  |   64|   0|   64|          0|
    |trunc_ln83_1821_reg_10816                |   64|   0|   64|          0|
    |trunc_ln83_1821_reg_10816_pp0_iter2_reg  |   64|   0|   64|          0|
    |trunc_ln83_1823_reg_10827                |   64|   0|   64|          0|
    |trunc_ln83_1825_reg_10949                |   64|   0|   64|          0|
    |trunc_ln83_1825_reg_10949_pp0_iter2_reg  |   64|   0|   64|          0|
    |trunc_ln83_1826_reg_10960                |   64|   0|   64|          0|
    |trunc_ln83_1827_reg_10971                |   64|   0|   64|          0|
    |trunc_ln83_1828_reg_10982                |   64|   0|   64|          0|
    |trunc_ln83_701_reg_10860                 |    2|   0|    2|          0|
    |trunc_ln83_708_reg_11136                 |    2|   0|    2|          0|
    |trunc_ln83_709_reg_11233                 |    2|   0|    2|          0|
    |trunc_ln83_710_reg_11244                 |    2|   0|    2|          0|
    |trunc_ln83_711_reg_11179                 |    2|   0|    2|          0|
    |trunc_ln83_721_reg_11659                 |    2|   0|    2|          0|
    |trunc_ln83_723_reg_11615                 |    2|   0|    2|          0|
    |trunc_ln83_reg_9839                      |   64|   0|   64|          0|
    |trunc_ln85_371_reg_10665                 |   64|   0|   64|          0|
    |trunc_ln85_377_reg_11317                 |   64|   0|   64|          0|
    |trunc_ln87_936_reg_9881                  |   64|   0|   64|          0|
    |trunc_ln87_937_reg_9899                  |   64|   0|   64|          0|
    |trunc_ln87_938_reg_9917                  |   64|   0|   64|          0|
    |trunc_ln87_939_reg_9936                  |   64|   0|   64|          0|
    |trunc_ln87_940_reg_9956                  |   64|   0|   64|          0|
    |trunc_ln87_940_reg_9956_pp0_iter1_reg    |   64|   0|   64|          0|
    |trunc_ln87_941_reg_10374                 |   64|   0|   64|          0|
    |trunc_ln87_942_reg_10385                 |   61|   0|   61|          0|
    |trunc_ln87_943_reg_10396                 |   61|   0|   61|          0|
    |trunc_ln87_944_reg_10407                 |   63|   0|   63|          0|
    |trunc_ln87_945_reg_10418                 |   55|   0|   55|          0|
    |trunc_ln87_947_reg_10676                 |   61|   0|   61|          0|
    |trunc_ln87_948_reg_10687                 |   61|   0|   61|          0|
    |trunc_ln87_949_reg_10698                 |   63|   0|   63|          0|
    |trunc_ln87_950_reg_10709                 |   55|   0|   55|          0|
    |trunc_ln87_953_reg_11053                 |   61|   0|   61|          0|
    |trunc_ln87_954_reg_11064                 |   63|   0|   63|          0|
    |trunc_ln87_955_reg_11141                 |   55|   0|   55|          0|
    |trunc_ln87_956_reg_11184                 |   64|   0|   64|          0|
    |trunc_ln87_957_reg_11189                 |   61|   0|   61|          0|
    |trunc_ln87_958_reg_11200                 |   61|   0|   61|          0|
    |trunc_ln87_959_reg_11211                 |   63|   0|   63|          0|
    |trunc_ln87_960_reg_11276                 |   55|   0|   55|          0|
    |trunc_ln87_962_reg_11328                 |   61|   0|   61|          0|
    |trunc_ln87_963_reg_11339                 |   61|   0|   61|          0|
    |trunc_ln87_964_reg_11350                 |   63|   0|   63|          0|
    |trunc_ln87_965_reg_11405                 |   55|   0|   55|          0|
    |trunc_ln87_967_reg_11648                 |   61|   0|   61|          0|
    |trunc_ln87_970_reg_11725                 |   55|   0|   55|          0|
    |trunc_ln87_971_reg_11686                 |   64|   0|   64|          0|
    |trunc_ln87_974_reg_11752                 |   63|   0|   63|          0|
    |trunc_ln87_975_reg_11763                 |   55|   0|   55|          0|
    |trunc_ln87_s_reg_9863                    |   64|   0|   64|          0|
    |u_i_164_reg_10896                        |   64|   0|   64|          0|
    |u_i_165_reg_11156                        |   64|   0|   64|          0|
    |u_i_166_reg_11291                        |   64|   0|   64|          0|
    |u_i_167_reg_11425                        |   64|   0|   64|          0|
    |u_i_168_reg_11581                        |   64|   0|   64|          0|
    |zext_ln66_75_reg_10516                   |   64|   0|  128|         64|
    |zext_ln66_76_reg_10714                   |   64|   0|  128|         64|
    |zext_ln66_77_reg_10786                   |   64|   0|  128|         64|
    |zext_ln72_508_reg_11637                  |   64|   0|  125|         61|
    |zext_ln72_76_reg_11494                   |   64|   0|  128|         64|
    |zext_ln72_77_reg_11593                   |   64|   0|  128|         64|
    |zext_ln73_296_reg_10357                  |   64|   0|   65|          1|
    |zext_ln73_298_reg_10650                  |   64|   0|   65|          1|
    |zext_ln73_302_reg_11162                  |   64|   0|   65|          1|
    |zext_ln73_304_reg_11302                  |   64|   0|   65|          1|
    |zext_ln73_308_reg_11598                  |   64|   0|   65|          1|
    |zext_ln74_358_reg_10059                  |   64|   0|   65|          1|
    |zext_ln83_61_reg_9850                    |   64|   0|  128|         64|
    |zext_ln83_62_reg_9868                    |   64|   0|  128|         64|
    |zext_ln83_63_reg_9886                    |   64|   0|  128|         64|
    |zext_ln83_64_reg_9904                    |   64|   0|  128|         64|
    |zext_ln83_65_reg_9922                    |   64|   0|  128|         64|
    |zext_ln83_66_reg_9941                    |   64|   0|  128|         64|
    |zext_ln83_reg_9832                       |   64|   0|  128|         64|
    |tmp_4297_reg_10593                       |   64|  32|   64|          0|
    |tmp_4308_reg_10770                       |   64|  32|   64|          0|
    |tmp_4309_reg_10781                       |   64|  32|   64|          0|
    |tmp_4310_reg_10933                       |   64|  32|   64|          0|
    |tmp_4311_reg_10944                       |   64|  32|   64|          0|
    |tmp_4317_reg_10822                       |   64|  32|   64|          0|
    |tmp_4319_reg_10833                       |   64|  32|   64|          0|
    |tmp_4321_reg_10955                       |   64|  32|   64|          0|
    |tmp_4322_reg_10966                       |   64|  32|   64|          0|
    |tmp_4323_reg_10977                       |   64|  32|   64|          0|
    |tmp_4324_reg_10988                       |   64|  32|   64|          0|
    |trunc_ln83_1823_reg_10827                |   64|  32|   64|          0|
    |trunc_ln83_1826_reg_10960                |   64|  32|   64|          0|
    |trunc_ln83_1827_reg_10971                |   64|  32|   64|          0|
    |trunc_ln83_1828_reg_10982                |   64|  32|   64|          0|
    +-----------------------------------------+-----+----+-----+-----------+
    |Total                                    |25043| 480|25942|        899|
    +-----------------------------------------+-----+----+-----+-----------+



================================================================
== Interface
================================================================
* Summary: 
+-------------+-----+-----+------------+--------------+--------------+
|  RTL Ports  | Dir | Bits|  Protocol  | Source Object|    C Type    |
+-------------+-----+-----+------------+--------------+--------------+
|ap_clk       |   in|    1|  ap_ctrl_hs|        mul.10|  return value|
|ap_rst       |   in|    1|  ap_ctrl_hs|        mul.10|  return value|
|ap_start     |   in|    1|  ap_ctrl_hs|        mul.10|  return value|
|ap_done      |  out|    1|  ap_ctrl_hs|        mul.10|  return value|
|ap_idle      |  out|    1|  ap_ctrl_hs|        mul.10|  return value|
|ap_ready     |  out|    1|  ap_ctrl_hs|        mul.10|  return value|
|ap_return_0  |  out|   64|  ap_ctrl_hs|        mul.10|  return value|
|ap_return_1  |  out|   64|  ap_ctrl_hs|        mul.10|  return value|
|ap_return_2  |  out|   64|  ap_ctrl_hs|        mul.10|  return value|
|ap_return_3  |  out|   64|  ap_ctrl_hs|        mul.10|  return value|
|ap_return_4  |  out|   64|  ap_ctrl_hs|        mul.10|  return value|
|ap_return_5  |  out|   64|  ap_ctrl_hs|        mul.10|  return value|
|ap_return_6  |  out|   64|  ap_ctrl_hs|        mul.10|  return value|
|ap_return_7  |  out|   64|  ap_ctrl_hs|        mul.10|  return value|
|a_read       |   in|   64|     ap_none|        a_read|        scalar|
|a_read_22    |   in|   64|     ap_none|     a_read_22|        scalar|
|a_read_23    |   in|   64|     ap_none|     a_read_23|        scalar|
|a_read_24    |   in|   64|     ap_none|     a_read_24|        scalar|
|a_read_25    |   in|   64|     ap_none|     a_read_25|        scalar|
|a_read_26    |   in|   64|     ap_none|     a_read_26|        scalar|
|a_read_27    |   in|   64|     ap_none|     a_read_27|        scalar|
|a_read_28    |   in|   64|     ap_none|     a_read_28|        scalar|
|b_address0   |  out|    3|   ap_memory|             b|         array|
|b_ce0        |  out|    1|   ap_memory|             b|         array|
|b_q0         |   in|   64|   ap_memory|             b|         array|
|b_address1   |  out|    3|   ap_memory|             b|         array|
|b_ce1        |  out|    1|   ap_memory|             b|         array|
|b_q1         |   in|   64|   ap_memory|             b|         array|
+-------------+-----+-----+------------+--------------+--------------+

