

================================================================
== Vitis HLS Report for 'rdc_mont_3'
================================================================
* Date:           Thu Sep 10 17:45:55 2026

* Version:        2024.2.2 (Build 6049644 on Mar  5 2025)
* Project:        sikep503_hls_fixed
* Solution:       solution1 (Vivado IP Flow Target)
* Product family: virtexuplus58g
* Target device:  xcvu29p-fsga2577-2L-e


================================================================
== Performance Estimates
================================================================
+ Timing: 
    * Summary: 
    +--------+----------+----------+------------+
    |  Clock |  Target  | Estimated| Uncertainty|
    +--------+----------+----------+------------+
    |ap_clk  |  10.00 ns|  7.293 ns|     2.70 ns|
    +--------+----------+----------+------------+

+ Latency: 
    * Summary: 
    +---------+---------+----------+----------+-----+-----+---------+
    |  Latency (cycles) |  Latency (absolute) |  Interval | Pipeline|
    |   min   |   max   |    min   |    max   | min | max |   Type  |
    +---------+---------+----------+----------+-----+-----+---------+
    |      304|      304|  3.040 us|  3.040 us|  304|  304|       no|
    +---------+---------+----------+----------+-----+-----+---------+

    + Detail: 
        * Instance: 
        N/A

        * Loop: 
        N/A

============================================================
+ Verbose Summary: Synthesis Manager
============================================================
InlineROM: 1
ExposeGlobal: 0
============================================================
+ Verbose Summary: CDFG Model
============================================================
IsTopModel: 0
ResetActiveHigh: 1
IsCombinational: 0
IsDatapathOnly: 0
HasWiredReturn: 1
HasMFsm: 0
HasVarLatency: 1
IsPipeline: 0
IsRtlPipelined: 0
IsInstanceOverlapped: 0
IsDontTouch: 0
HasImplIP: 0
IsGatedGlobalClock: 0


============================================================
+ Verbose Summary: Schedule
============================================================
* Number of FSM states : 29
* Pipeline : 0
* Dataflow Pipeline: 0

* FSM state transitions: 
1 --> 2 
2 --> 3 
3 --> 4 
4 --> 5 
5 --> 6 
6 --> 7 
7 --> 8 
8 --> 9 
9 --> 10 
10 --> 11 
11 --> 12 
12 --> 13 
13 --> 14 
14 --> 15 
15 --> 16 
16 --> 17 
17 --> 18 
18 --> 19 
19 --> 20 
20 --> 21 
21 --> 22 
22 --> 23 
23 --> 24 
24 --> 25 
25 --> 26 
26 --> 27 
27 --> 28 
28 --> 29 
29 --> 

* FSM state operations: 

State 1 <SV = 0> <Delay = 0.71>
ST_1 : Operation 30 [1/1] (0.00ns)   --->   "%ma_0_addr = getelementptr i64 %ma_0, i64 0, i64 0"   --->   Operation 30 'getelementptr' 'ma_0_addr' <Predicate = true> <Delay = 0.00>
ST_1 : Operation 31 [2/2] (0.71ns)   --->   "%v = load i3 %ma_0_addr" [src/generic/fp_generic.cpp:331]   --->   Operation 31 'load' 'v' <Predicate = true> <Delay = 0.71> <CoreInst = "RAM_1P">   --->   Core 87 'RAM_1P' <Latency = 1> <II = 1> <Delay = 0.71> <Storage> <Opcode : 'load' 'store'> <Ports = 1> <Width = 64> <Depth = 8> <RAM>

State 2 <SV = 1> <Delay = 0.71>
ST_2 : Operation 32 [1/2] ( I:0.71ns O:0.71ns )   --->   "%v = load i3 %ma_0_addr" [src/generic/fp_generic.cpp:331]   --->   Operation 32 'load' 'v' <Predicate = true> <Delay = 0.71> <CoreInst = "RAM_1P">   --->   Core 87 'RAM_1P' <Latency = 1> <II = 1> <Delay = 0.71> <Storage> <Opcode : 'load' 'store'> <Ports = 1> <Width = 64> <Depth = 8> <RAM>

State 3 <SV = 2> <Delay = 6.71>
ST_3 : Operation 33 [1/1] (0.00ns)   --->   "%mc_offset_read = read i1 @_ssdm_op_Read.ap_auto.i1, i1 %mc_offset" [src/generic/fp_generic.cpp:308]   --->   Operation 33 'read' 'mc_offset_read' <Predicate = true> <Delay = 0.00>
ST_3 : Operation 34 [1/1] (0.00ns)   --->   "%tmp = bitconcatenate i4 @_ssdm_op_BitConcatenate.i4.i1.i3, i1 %mc_offset_read, i3 0" [src/generic/fp_generic.cpp:308]   --->   Operation 34 'bitconcatenate' 'tmp' <Predicate = true> <Delay = 0.00>
ST_3 : Operation 35 [2/2] (1.42ns)   --->   "%call_ln308 = call void @rdc_mont.3_Pipeline_VITIS_LOOP_306_1, i64 %mc, i4 %tmp" [src/generic/fp_generic.cpp:308]   --->   Operation 35 'call' 'call_ln308' <Predicate = true> <Delay = 1.42> <CoreType = "Generic">   --->   Generic Core
ST_3 : Operation 36 [1/1] (1.43ns)   --->   "%carry_955 = call i1 @is_digit_lessthan_ct, i64 %v, i64 0" [src/generic/fp_generic.cpp:331]   --->   Operation 36 'call' 'carry_955' <Predicate = true> <Delay = 1.43> <CoreType = "Generic">   --->   Generic Core
ST_3 : Operation 37 [2/2] (6.71ns)   --->   "%call_ret123 = call i128 @digit_x_digit, i64 %v, i64 0" [src/generic/fp_generic.cpp:325]   --->   Operation 37 'call' 'call_ret123' <Predicate = true> <Delay = 6.71> <CoreType = "Generic">   --->   Generic Core
ST_3 : Operation 38 [1/1] (0.00ns)   --->   "%ma_1_addr = getelementptr i64 %ma_1, i64 0, i64 0" [src/generic/fp_generic.cpp:331]   --->   Operation 38 'getelementptr' 'ma_1_addr' <Predicate = true> <Delay = 0.00>
ST_3 : Operation 39 [2/2] (0.71ns)   --->   "%ma_1_load = load i3 %ma_1_addr" [src/generic/fp_generic.cpp:331]   --->   Operation 39 'load' 'ma_1_load' <Predicate = true> <Delay = 0.71> <CoreInst = "RAM_1P">   --->   Core 87 'RAM_1P' <Latency = 1> <II = 1> <Delay = 0.71> <Storage> <Opcode : 'load' 'store'> <Ports = 1> <Width = 64> <Depth = 8> <RAM>
ST_3 : Operation 40 [2/2] (6.71ns)   --->   "%call_ret126 = call i128 @digit_x_digit, i64 %v, i64 12393906174523604992" [src/generic/fp_generic.cpp:325]   --->   Operation 40 'call' 'call_ret126' <Predicate = true> <Delay = 6.71> <CoreType = "Generic">   --->   Generic Core
ST_3 : Operation 41 [2/2] (6.71ns)   --->   "%call_ret129 = call i128 @digit_x_digit, i64 %v, i64 1371447078966912928" [src/generic/fp_generic.cpp:325]   --->   Operation 41 'call' 'call_ret129' <Predicate = true> <Delay = 6.71> <CoreType = "Generic">   --->   Generic Core
ST_3 : Operation 42 [2/2] (6.71ns)   --->   "%call_ret135 = call i128 @digit_x_digit, i64 %v, i64 1989455001339985327" [src/generic/fp_generic.cpp:325]   --->   Operation 42 'call' 'call_ret135' <Predicate = true> <Delay = 6.71> <CoreType = "Generic">   --->   Generic Core
ST_3 : Operation 43 [2/2] (6.71ns)   --->   "%call_ret144 = call i128 @digit_x_digit, i64 %v, i64 6937169319750509776" [src/generic/fp_generic.cpp:325]   --->   Operation 43 'call' 'call_ret144' <Predicate = true> <Delay = 6.71> <CoreType = "Generic">   --->   Generic Core
ST_3 : Operation 44 [2/2] (6.71ns)   --->   "%call_ret156 = call i128 @digit_x_digit, i64 %v, i64 18127602061483550" [src/generic/fp_generic.cpp:325]   --->   Operation 44 'call' 'call_ret156' <Predicate = true> <Delay = 6.71> <CoreType = "Generic">   --->   Generic Core

State 4 <SV = 3> <Delay = 6.72>
ST_4 : Operation 45 [1/2] (1.48ns)   --->   "%call_ln308 = call void @rdc_mont.3_Pipeline_VITIS_LOOP_306_1, i64 %mc, i4 %tmp" [src/generic/fp_generic.cpp:308]   --->   Operation 45 'call' 'call_ln308' <Predicate = true> <Delay = 1.48> <CoreType = "Generic">   --->   Generic Core
ST_4 : Operation 46 [1/1] (0.00ns)   --->   "%zext_ln332_27 = zext i1 %carry_955" [src/generic/fp_generic.cpp:332]   --->   Operation 46 'zext' 'zext_ln332_27' <Predicate = true> <Delay = 0.00>
ST_4 : Operation 47 [1/1] (1.43ns)   --->   "%carry_956 = call i1 @is_digit_lessthan_ct, i64 %zext_ln332_27, i64 %zext_ln332_27" [src/generic/fp_generic.cpp:332]   --->   Operation 47 'call' 'carry_956' <Predicate = true> <Delay = 1.43> <CoreType = "Generic">   --->   Generic Core
ST_4 : Operation 48 [1/1] (0.00ns)   --->   "%zext_ln333 = zext i1 %carry_956" [src/generic/fp_generic.cpp:333]   --->   Operation 48 'zext' 'zext_ln333' <Predicate = true> <Delay = 0.00>
ST_4 : Operation 49 [1/2] (1.43ns)   --->   "%call_ret123 = call i128 @digit_x_digit, i64 %v, i64 0" [src/generic/fp_generic.cpp:325]   --->   Operation 49 'call' 'call_ret123' <Predicate = true> <Delay = 1.43> <CoreType = "Generic">   --->   Generic Core
ST_4 : Operation 50 [1/1] (0.00ns)   --->   "%UV_465 = extractvalue i128 %call_ret123" [src/generic/fp_generic.cpp:325]   --->   Operation 50 'extractvalue' 'UV_465' <Predicate = true> <Delay = 0.00>
ST_4 : Operation 51 [1/1] (0.00ns) (grouped into LUT with out node tempReg_765)   --->   "%UV_406 = extractvalue i128 %call_ret123" [src/generic/fp_generic.cpp:325]   --->   Operation 51 'extractvalue' 'UV_406' <Predicate = true> <Delay = 0.00>
ST_4 : Operation 52 [1/1] (1.14ns)   --->   "%v_487 = add i64 %UV_465, i64 %zext_ln332_27" [src/generic/fp_generic.cpp:326]   --->   Operation 52 'add' 'v_487' <Predicate = true> <Delay = 1.14> <CoreInst = "Adder">   --->   Core 1 'Adder' <Latency = 0> <II = 1> <Delay = 1.14> <FuncUnit> <Opcode : 'add' 'sub'> <InPorts = 2> <OutPorts = 1>
ST_4 : Operation 53 [1/1] (1.43ns)   --->   "%tmp_s = call i1 @is_digit_lessthan_ct, i64 %UV_465, i64 0" [src/generic/fp_generic.cpp:326]   --->   Operation 53 'call' 'tmp_s' <Predicate = true> <Delay = 1.43> <CoreType = "Generic">   --->   Generic Core
ST_4 : Operation 54 [1/1] (1.43ns)   --->   "%tmp_647 = call i1 @is_digit_lessthan_ct, i64 %v_487, i64 %UV_465" [src/generic/fp_generic.cpp:326]   --->   Operation 54 'call' 'tmp_647' <Predicate = true> <Delay = 1.43> <CoreType = "Generic">   --->   Generic Core
ST_4 : Operation 55 [1/1] (0.12ns)   --->   "%carry = or i1 %tmp_647, i1 %tmp_s" [src/generic/fp_generic.cpp:326]   --->   Operation 55 'or' 'carry' <Predicate = true> <Delay = 0.12> <CoreInst = "LogicGate">   --->   Core 74 'LogicGate' <Latency = 0> <II = 1> <Delay = 0.12> <FuncUnit> <Opcode : 'and' 'or' 'xor'> <InPorts = 2> <OutPorts = 1>
ST_4 : Operation 56 [1/1] (0.00ns)   --->   "%zext_ln327 = zext i1 %carry" [src/generic/fp_generic.cpp:327]   --->   Operation 56 'zext' 'zext_ln327' <Predicate = true> <Delay = 0.00>
ST_4 : Operation 57 [1/1] (1.14ns) (out node of the LUT)   --->   "%tempReg_765 = add i64 %UV_406, i64 %zext_ln327" [src/generic/fp_generic.cpp:327]   --->   Operation 57 'add' 'tempReg_765' <Predicate = true> <Delay = 1.14> <CoreInst = "Adder">   --->   Core 1 'Adder' <Latency = 0> <II = 1> <Delay = 1.14> <FuncUnit> <Opcode : 'add' 'sub'> <InPorts = 2> <OutPorts = 1>
ST_4 : Operation 58 [1/1] (1.14ns)   --->   "%u_368 = add i64 %tempReg_765, i64 %zext_ln333" [src/generic/fp_generic.cpp:327]   --->   Operation 58 'add' 'u_368' <Predicate = true> <Delay = 1.14> <CoreInst = "Adder">   --->   Core 1 'Adder' <Latency = 0> <II = 1> <Delay = 1.14> <FuncUnit> <Opcode : 'add' 'sub'> <InPorts = 2> <OutPorts = 1>
ST_4 : Operation 59 [1/1] (1.43ns)   --->   "%tmp_648 = call i1 @is_digit_lessthan_ct, i64 %tempReg_765, i64 %zext_ln327" [src/generic/fp_generic.cpp:327]   --->   Operation 59 'call' 'tmp_648' <Predicate = true> <Delay = 1.43> <CoreType = "Generic">   --->   Generic Core
ST_4 : Operation 60 [1/2] ( I:0.71ns O:0.71ns )   --->   "%ma_1_load = load i3 %ma_1_addr" [src/generic/fp_generic.cpp:331]   --->   Operation 60 'load' 'ma_1_load' <Predicate = true> <Delay = 0.71> <CoreInst = "RAM_1P">   --->   Core 87 'RAM_1P' <Latency = 1> <II = 1> <Delay = 0.71> <Storage> <Opcode : 'load' 'store'> <Ports = 1> <Width = 64> <Depth = 8> <RAM>
ST_4 : Operation 61 [1/1] (1.14ns)   --->   "%v_488 = add i64 %ma_1_load, i64 %v_487" [src/generic/fp_generic.cpp:331]   --->   Operation 61 'add' 'v_488' <Predicate = true> <Delay = 1.14> <CoreInst = "Adder">   --->   Core 1 'Adder' <Latency = 0> <II = 1> <Delay = 1.14> <FuncUnit> <Opcode : 'add' 'sub'> <InPorts = 2> <OutPorts = 1>
ST_4 : Operation 62 [1/1] (1.43ns)   --->   "%tmp_650 = call i1 @is_digit_lessthan_ct, i64 %v_487, i64 0" [src/generic/fp_generic.cpp:331]   --->   Operation 62 'call' 'tmp_650' <Predicate = true> <Delay = 1.43> <CoreType = "Generic">   --->   Generic Core
ST_4 : Operation 63 [1/1] (1.43ns)   --->   "%tmp_651 = call i1 @is_digit_lessthan_ct, i64 %v_488, i64 %v_487" [src/generic/fp_generic.cpp:331]   --->   Operation 63 'call' 'tmp_651' <Predicate = true> <Delay = 1.43> <CoreType = "Generic">   --->   Generic Core
ST_4 : Operation 64 [1/1] (0.12ns)   --->   "%carry_849 = or i1 %tmp_651, i1 %tmp_650" [src/generic/fp_generic.cpp:331]   --->   Operation 64 'or' 'carry_849' <Predicate = true> <Delay = 0.12> <CoreInst = "LogicGate">   --->   Core 74 'LogicGate' <Latency = 0> <II = 1> <Delay = 0.12> <FuncUnit> <Opcode : 'and' 'or' 'xor'> <InPorts = 2> <OutPorts = 1>
ST_4 : Operation 65 [1/1] (0.00ns)   --->   "%ma_0_addr_22 = getelementptr i64 %ma_0, i64 0, i64 1" [src/generic/fp_generic.cpp:331]   --->   Operation 65 'getelementptr' 'ma_0_addr_22' <Predicate = true> <Delay = 0.00>
ST_4 : Operation 66 [2/2] (0.71ns)   --->   "%ma_0_load = load i3 %ma_0_addr_22" [src/generic/fp_generic.cpp:331]   --->   Operation 66 'load' 'ma_0_load' <Predicate = true> <Delay = 0.71> <CoreInst = "RAM_1P">   --->   Core 87 'RAM_1P' <Latency = 1> <II = 1> <Delay = 0.71> <Storage> <Opcode : 'load' 'store'> <Ports = 1> <Width = 64> <Depth = 8> <RAM>
ST_4 : Operation 67 [1/2] (1.43ns)   --->   "%call_ret126 = call i128 @digit_x_digit, i64 %v, i64 12393906174523604992" [src/generic/fp_generic.cpp:325]   --->   Operation 67 'call' 'call_ret126' <Predicate = true> <Delay = 1.43> <CoreType = "Generic">   --->   Generic Core
ST_4 : Operation 68 [1/1] (0.00ns)   --->   "%UV_466 = extractvalue i128 %call_ret126" [src/generic/fp_generic.cpp:325]   --->   Operation 68 'extractvalue' 'UV_466' <Predicate = true> <Delay = 0.00>
ST_4 : Operation 69 [1/2] (1.43ns)   --->   "%call_ret129 = call i128 @digit_x_digit, i64 %v, i64 1371447078966912928" [src/generic/fp_generic.cpp:325]   --->   Operation 69 'call' 'call_ret129' <Predicate = true> <Delay = 1.43> <CoreType = "Generic">   --->   Generic Core
ST_4 : Operation 70 [1/1] (0.00ns)   --->   "%UV_467 = extractvalue i128 %call_ret129" [src/generic/fp_generic.cpp:325]   --->   Operation 70 'extractvalue' 'UV_467' <Predicate = true> <Delay = 0.00>
ST_4 : Operation 71 [1/2] (1.43ns)   --->   "%call_ret135 = call i128 @digit_x_digit, i64 %v, i64 1989455001339985327" [src/generic/fp_generic.cpp:325]   --->   Operation 71 'call' 'call_ret135' <Predicate = true> <Delay = 1.43> <CoreType = "Generic">   --->   Generic Core
ST_4 : Operation 72 [1/1] (0.00ns)   --->   "%UV_469 = extractvalue i128 %call_ret135" [src/generic/fp_generic.cpp:325]   --->   Operation 72 'extractvalue' 'UV_469' <Predicate = true> <Delay = 0.00>
ST_4 : Operation 73 [1/2] (1.43ns)   --->   "%call_ret144 = call i128 @digit_x_digit, i64 %v, i64 6937169319750509776" [src/generic/fp_generic.cpp:325]   --->   Operation 73 'call' 'call_ret144' <Predicate = true> <Delay = 1.43> <CoreType = "Generic">   --->   Generic Core
ST_4 : Operation 74 [1/1] (0.00ns)   --->   "%UV_472 = extractvalue i128 %call_ret144" [src/generic/fp_generic.cpp:325]   --->   Operation 74 'extractvalue' 'UV_472' <Predicate = true> <Delay = 0.00>
ST_4 : Operation 75 [1/2] (1.43ns)   --->   "%call_ret156 = call i128 @digit_x_digit, i64 %v, i64 18127602061483550" [src/generic/fp_generic.cpp:325]   --->   Operation 75 'call' 'call_ret156' <Predicate = true> <Delay = 1.43> <CoreType = "Generic">   --->   Generic Core
ST_4 : Operation 76 [1/1] (0.00ns)   --->   "%UV_476 = extractvalue i128 %call_ret156" [src/generic/fp_generic.cpp:325]   --->   Operation 76 'extractvalue' 'UV_476' <Predicate = true> <Delay = 0.00>

State 5 <SV = 4> <Delay = 6.70>
ST_5 : Operation 77 [1/1] (1.43ns)   --->   "%tmp_649 = call i1 @is_digit_lessthan_ct, i64 %u_368, i64 %tempReg_765" [src/generic/fp_generic.cpp:327]   --->   Operation 77 'call' 'tmp_649' <Predicate = true> <Delay = 1.43> <CoreType = "Generic">   --->   Generic Core
ST_5 : Operation 78 [1/1] (0.12ns)   --->   "%carry_957 = or i1 %tmp_649, i1 %tmp_648" [src/generic/fp_generic.cpp:327]   --->   Operation 78 'or' 'carry_957' <Predicate = true> <Delay = 0.12> <CoreInst = "LogicGate">   --->   Core 74 'LogicGate' <Latency = 0> <II = 1> <Delay = 0.12> <FuncUnit> <Opcode : 'and' 'or' 'xor'> <InPorts = 2> <OutPorts = 1>
ST_5 : Operation 79 [1/1] (0.00ns)   --->   "%zext_ln303 = zext i1 %carry_957" [src/generic/fp_generic.cpp:303]   --->   Operation 79 'zext' 'zext_ln303' <Predicate = true> <Delay = 0.00>
ST_5 : Operation 80 [1/1] (0.00ns)   --->   "%zext_ln332 = zext i1 %carry_849" [src/generic/fp_generic.cpp:332]   --->   Operation 80 'zext' 'zext_ln332' <Predicate = true> <Delay = 0.00>
ST_5 : Operation 81 [1/1] (1.14ns)   --->   "%tempReg_856 = add i64 %u_368, i64 %zext_ln332" [src/generic/fp_generic.cpp:332]   --->   Operation 81 'add' 'tempReg_856' <Predicate = true> <Delay = 1.14> <CoreInst = "Adder">   --->   Core 1 'Adder' <Latency = 0> <II = 1> <Delay = 1.14> <FuncUnit> <Opcode : 'add' 'sub'> <InPorts = 2> <OutPorts = 1>
ST_5 : Operation 82 [1/1] (1.43ns)   --->   "%tmp_652 = call i1 @is_digit_lessthan_ct, i64 %tempReg_856, i64 %zext_ln332" [src/generic/fp_generic.cpp:332]   --->   Operation 82 'call' 'tmp_652' <Predicate = true> <Delay = 1.43> <CoreType = "Generic">   --->   Generic Core
ST_5 : Operation 83 [1/1] (1.43ns)   --->   "%tmp_653 = call i1 @is_digit_lessthan_ct, i64 %tempReg_856, i64 %tempReg_856" [src/generic/fp_generic.cpp:332]   --->   Operation 83 'call' 'tmp_653' <Predicate = true> <Delay = 1.43> <CoreType = "Generic">   --->   Generic Core
ST_5 : Operation 84 [1/1] (0.12ns)   --->   "%carry_850 = or i1 %tmp_653, i1 %tmp_652" [src/generic/fp_generic.cpp:332]   --->   Operation 84 'or' 'carry_850' <Predicate = true> <Delay = 0.12> <CoreInst = "LogicGate">   --->   Core 74 'LogicGate' <Latency = 0> <II = 1> <Delay = 0.12> <FuncUnit> <Opcode : 'and' 'or' 'xor'> <InPorts = 2> <OutPorts = 1>
ST_5 : Operation 85 [1/1] (0.00ns)   --->   "%zext_ln334 = zext i1 %carry_850" [src/generic/fp_generic.cpp:334]   --->   Operation 85 'zext' 'zext_ln334' <Predicate = true> <Delay = 0.00>
ST_5 : Operation 86 [1/2] ( I:0.71ns O:0.71ns )   --->   "%ma_0_load = load i3 %ma_0_addr_22" [src/generic/fp_generic.cpp:331]   --->   Operation 86 'load' 'ma_0_load' <Predicate = true> <Delay = 0.71> <CoreInst = "RAM_1P">   --->   Core 87 'RAM_1P' <Latency = 1> <II = 1> <Delay = 0.71> <Storage> <Opcode : 'load' 'store'> <Ports = 1> <Width = 64> <Depth = 8> <RAM>
ST_5 : Operation 87 [1/1] (1.14ns)   --->   "%v_490 = add i64 %ma_0_load, i64 %tempReg_856" [src/generic/fp_generic.cpp:331]   --->   Operation 87 'add' 'v_490' <Predicate = true> <Delay = 1.14> <CoreInst = "Adder">   --->   Core 1 'Adder' <Latency = 0> <II = 1> <Delay = 1.14> <FuncUnit> <Opcode : 'add' 'sub'> <InPorts = 2> <OutPorts = 1>
ST_5 : Operation 88 [1/1] (1.43ns)   --->   "%tmp_654 = call i1 @is_digit_lessthan_ct, i64 %tempReg_856, i64 0" [src/generic/fp_generic.cpp:331]   --->   Operation 88 'call' 'tmp_654' <Predicate = true> <Delay = 1.43> <CoreType = "Generic">   --->   Generic Core
ST_5 : Operation 89 [1/1] (1.43ns)   --->   "%tmp_655 = call i1 @is_digit_lessthan_ct, i64 %v_490, i64 %tempReg_856" [src/generic/fp_generic.cpp:331]   --->   Operation 89 'call' 'tmp_655' <Predicate = true> <Delay = 1.43> <CoreType = "Generic">   --->   Generic Core
ST_5 : Operation 90 [1/1] (0.12ns)   --->   "%carry_851 = or i1 %tmp_655, i1 %tmp_654" [src/generic/fp_generic.cpp:331]   --->   Operation 90 'or' 'carry_851' <Predicate = true> <Delay = 0.12> <CoreInst = "LogicGate">   --->   Core 74 'LogicGate' <Latency = 0> <II = 1> <Delay = 0.12> <FuncUnit> <Opcode : 'and' 'or' 'xor'> <InPorts = 2> <OutPorts = 1>
ST_5 : Operation 91 [1/1] (0.00ns)   --->   "%zext_ln332_19 = zext i1 %carry_851" [src/generic/fp_generic.cpp:332]   --->   Operation 91 'zext' 'zext_ln332_19' <Predicate = true> <Delay = 0.00>
ST_5 : Operation 92 [1/1] (0.00ns)   --->   "%zext_ln332_28 = zext i1 %carry_851" [src/generic/fp_generic.cpp:332]   --->   Operation 92 'zext' 'zext_ln332_28' <Predicate = true> <Delay = 0.00>
ST_5 : Operation 93 [1/1] (0.00ns) (grouped into TernaryAdder)   --->   "%add_ln332 = add i2 %zext_ln303, i2 %zext_ln332_28" [src/generic/fp_generic.cpp:332]   --->   Operation 93 'add' 'add_ln332' <Predicate = true> <Delay = 0.00> <CoreInst = "TAddSub">   --->   Core 10 'TAddSub' <Latency = 0> <II = 1> <Delay = 0.42> <IPBlock> <Opcode : '' 'add' 'sub'> <InPorts = 3> <OutPorts = 1> <Sync> <CReg>
ST_5 : Operation 94 [1/1] (0.14ns) (root node of TernaryAdder)   --->   "%tempReg_857 = add i2 %add_ln332, i2 %zext_ln334" [src/generic/fp_generic.cpp:332]   --->   Operation 94 'add' 'tempReg_857' <Predicate = true> <Delay = 0.14> <CoreInst = "TAddSub">   --->   Core 10 'TAddSub' <Latency = 0> <II = 1> <Delay = 0.42> <IPBlock> <Opcode : '' 'add' 'sub'> <InPorts = 3> <OutPorts = 1> <Sync> <CReg>
ST_5 : Operation 95 [1/1] (0.00ns)   --->   "%zext_ln332_29 = zext i2 %tempReg_857" [src/generic/fp_generic.cpp:332]   --->   Operation 95 'zext' 'zext_ln332_29' <Predicate = true> <Delay = 0.00>
ST_5 : Operation 96 [1/1] (1.43ns)   --->   "%tmp_656 = call i1 @is_digit_lessthan_ct, i64 %zext_ln332_29, i64 %zext_ln332_19" [src/generic/fp_generic.cpp:332]   --->   Operation 96 'call' 'tmp_656' <Predicate = true> <Delay = 1.43> <CoreType = "Generic">   --->   Generic Core
ST_5 : Operation 97 [1/1] (1.43ns)   --->   "%tmp_657 = call i1 @is_digit_lessthan_ct, i64 %zext_ln332_29, i64 %zext_ln332_29" [src/generic/fp_generic.cpp:332]   --->   Operation 97 'call' 'tmp_657' <Predicate = true> <Delay = 1.43> <CoreType = "Generic">   --->   Generic Core
ST_5 : Operation 98 [1/1] (1.14ns)   --->   "%v_492 = add i64 %UV_466, i64 %zext_ln332_29" [src/generic/fp_generic.cpp:326]   --->   Operation 98 'add' 'v_492' <Predicate = true> <Delay = 1.14> <CoreInst = "Adder">   --->   Core 1 'Adder' <Latency = 0> <II = 1> <Delay = 1.14> <FuncUnit> <Opcode : 'add' 'sub'> <InPorts = 2> <OutPorts = 1>
ST_5 : Operation 99 [1/1] (1.43ns)   --->   "%tmp_658 = call i1 @is_digit_lessthan_ct, i64 %UV_466, i64 0" [src/generic/fp_generic.cpp:326]   --->   Operation 99 'call' 'tmp_658' <Predicate = true> <Delay = 1.43> <CoreType = "Generic">   --->   Generic Core
ST_5 : Operation 100 [1/1] (1.43ns)   --->   "%tmp_659 = call i1 @is_digit_lessthan_ct, i64 %v_492, i64 %UV_466" [src/generic/fp_generic.cpp:326]   --->   Operation 100 'call' 'tmp_659' <Predicate = true> <Delay = 1.43> <CoreType = "Generic">   --->   Generic Core
ST_5 : Operation 101 [1/1] (0.12ns)   --->   "%carry_853 = or i1 %tmp_659, i1 %tmp_658" [src/generic/fp_generic.cpp:326]   --->   Operation 101 'or' 'carry_853' <Predicate = true> <Delay = 0.12> <CoreInst = "LogicGate">   --->   Core 74 'LogicGate' <Latency = 0> <II = 1> <Delay = 0.12> <FuncUnit> <Opcode : 'and' 'or' 'xor'> <InPorts = 2> <OutPorts = 1>
ST_5 : Operation 102 [1/1] (0.00ns)   --->   "%ma_1_addr_22 = getelementptr i64 %ma_1, i64 0, i64 1" [src/generic/fp_generic.cpp:331]   --->   Operation 102 'getelementptr' 'ma_1_addr_22' <Predicate = true> <Delay = 0.00>
ST_5 : Operation 103 [2/2] (0.71ns)   --->   "%ma_1_load_22 = load i3 %ma_1_addr_22" [src/generic/fp_generic.cpp:331]   --->   Operation 103 'load' 'ma_1_load_22' <Predicate = true> <Delay = 0.71> <CoreInst = "RAM_1P">   --->   Core 87 'RAM_1P' <Latency = 1> <II = 1> <Delay = 0.71> <Storage> <Opcode : 'load' 'store'> <Ports = 1> <Width = 64> <Depth = 8> <RAM>

State 6 <SV = 5> <Delay = 7.27>
ST_6 : Operation 104 [1/1] (0.00ns) (grouped into LUT with out node u_372)   --->   "%carry_958 = or i1 %tmp_657, i1 %tmp_656" [src/generic/fp_generic.cpp:332]   --->   Operation 104 'or' 'carry_958' <Predicate = true> <Delay = 0.00> <CoreInst = "LogicGate">   --->   Core 74 'LogicGate' <Latency = 0> <II = 1> <Delay = 0.12> <FuncUnit> <Opcode : 'and' 'or' 'xor'> <InPorts = 2> <OutPorts = 1>
ST_6 : Operation 105 [1/1] (0.00ns) (grouped into LUT with out node u_372)   --->   "%zext_ln333_6 = zext i1 %carry_958" [src/generic/fp_generic.cpp:333]   --->   Operation 105 'zext' 'zext_ln333_6' <Predicate = true> <Delay = 0.00>
ST_6 : Operation 106 [1/1] (0.00ns) (grouped into LUT with out node tempReg_769)   --->   "%UV_407 = extractvalue i128 %call_ret126" [src/generic/fp_generic.cpp:325]   --->   Operation 106 'extractvalue' 'UV_407' <Predicate = true> <Delay = 0.00>
ST_6 : Operation 107 [1/1] (0.00ns)   --->   "%zext_ln327_46 = zext i1 %carry_853" [src/generic/fp_generic.cpp:327]   --->   Operation 107 'zext' 'zext_ln327_46' <Predicate = true> <Delay = 0.00>
ST_6 : Operation 108 [1/1] (1.14ns) (out node of the LUT)   --->   "%tempReg_769 = add i64 %UV_407, i64 %zext_ln327_46" [src/generic/fp_generic.cpp:327]   --->   Operation 108 'add' 'tempReg_769' <Predicate = true> <Delay = 1.14> <CoreInst = "Adder">   --->   Core 1 'Adder' <Latency = 0> <II = 1> <Delay = 1.14> <FuncUnit> <Opcode : 'add' 'sub'> <InPorts = 2> <OutPorts = 1>
ST_6 : Operation 109 [1/1] (1.14ns) (out node of the LUT)   --->   "%u_372 = add i64 %tempReg_769, i64 %zext_ln333_6" [src/generic/fp_generic.cpp:327]   --->   Operation 109 'add' 'u_372' <Predicate = true> <Delay = 1.14> <CoreInst = "Adder">   --->   Core 1 'Adder' <Latency = 0> <II = 1> <Delay = 1.14> <FuncUnit> <Opcode : 'add' 'sub'> <InPorts = 2> <OutPorts = 1>
ST_6 : Operation 110 [1/1] (1.43ns)   --->   "%tmp_660 = call i1 @is_digit_lessthan_ct, i64 %tempReg_769, i64 %zext_ln327_46" [src/generic/fp_generic.cpp:327]   --->   Operation 110 'call' 'tmp_660' <Predicate = true> <Delay = 1.43> <CoreType = "Generic">   --->   Generic Core
ST_6 : Operation 111 [1/1] (1.43ns)   --->   "%tmp_661 = call i1 @is_digit_lessthan_ct, i64 %u_372, i64 %tempReg_769" [src/generic/fp_generic.cpp:327]   --->   Operation 111 'call' 'tmp_661' <Predicate = true> <Delay = 1.43> <CoreType = "Generic">   --->   Generic Core
ST_6 : Operation 112 [1/1] (0.00ns) (grouped into LUT with out node add_ln327)   --->   "%carry_959 = or i1 %tmp_661, i1 %tmp_660" [src/generic/fp_generic.cpp:327]   --->   Operation 112 'or' 'carry_959' <Predicate = true> <Delay = 0.00> <CoreInst = "LogicGate">   --->   Core 74 'LogicGate' <Latency = 0> <II = 1> <Delay = 0.12> <FuncUnit> <Opcode : 'and' 'or' 'xor'> <InPorts = 2> <OutPorts = 1>
ST_6 : Operation 113 [1/1] (0.00ns) (grouped into LUT with out node add_ln327)   --->   "%zext_ln303_43 = zext i1 %carry_959" [src/generic/fp_generic.cpp:303]   --->   Operation 113 'zext' 'zext_ln303_43' <Predicate = true> <Delay = 0.00>
ST_6 : Operation 114 [1/2] ( I:0.71ns O:0.71ns )   --->   "%ma_1_load_22 = load i3 %ma_1_addr_22" [src/generic/fp_generic.cpp:331]   --->   Operation 114 'load' 'ma_1_load_22' <Predicate = true> <Delay = 0.71> <CoreInst = "RAM_1P">   --->   Core 87 'RAM_1P' <Latency = 1> <II = 1> <Delay = 0.71> <Storage> <Opcode : 'load' 'store'> <Ports = 1> <Width = 64> <Depth = 8> <RAM>
ST_6 : Operation 115 [1/1] (1.14ns)   --->   "%v_493 = add i64 %ma_1_load_22, i64 %v_492" [src/generic/fp_generic.cpp:331]   --->   Operation 115 'add' 'v_493' <Predicate = true> <Delay = 1.14> <CoreInst = "Adder">   --->   Core 1 'Adder' <Latency = 0> <II = 1> <Delay = 1.14> <FuncUnit> <Opcode : 'add' 'sub'> <InPorts = 2> <OutPorts = 1>
ST_6 : Operation 116 [1/1] (1.43ns)   --->   "%tmp_662 = call i1 @is_digit_lessthan_ct, i64 %v_492, i64 0" [src/generic/fp_generic.cpp:331]   --->   Operation 116 'call' 'tmp_662' <Predicate = true> <Delay = 1.43> <CoreType = "Generic">   --->   Generic Core
ST_6 : Operation 117 [1/1] (1.43ns)   --->   "%tmp_663 = call i1 @is_digit_lessthan_ct, i64 %v_493, i64 %v_492" [src/generic/fp_generic.cpp:331]   --->   Operation 117 'call' 'tmp_663' <Predicate = true> <Delay = 1.43> <CoreType = "Generic">   --->   Generic Core
ST_6 : Operation 118 [1/1] (0.12ns)   --->   "%carry_855 = or i1 %tmp_663, i1 %tmp_662" [src/generic/fp_generic.cpp:331]   --->   Operation 118 'or' 'carry_855' <Predicate = true> <Delay = 0.12> <CoreInst = "LogicGate">   --->   Core 74 'LogicGate' <Latency = 0> <II = 1> <Delay = 0.12> <FuncUnit> <Opcode : 'and' 'or' 'xor'> <InPorts = 2> <OutPorts = 1>
ST_6 : Operation 119 [1/1] (0.00ns)   --->   "%zext_ln332_20 = zext i1 %carry_855" [src/generic/fp_generic.cpp:332]   --->   Operation 119 'zext' 'zext_ln332_20' <Predicate = true> <Delay = 0.00>
ST_6 : Operation 120 [1/1] (1.14ns)   --->   "%tempReg_858 = add i64 %u_372, i64 %zext_ln332_20" [src/generic/fp_generic.cpp:332]   --->   Operation 120 'add' 'tempReg_858' <Predicate = true> <Delay = 1.14> <CoreInst = "Adder">   --->   Core 1 'Adder' <Latency = 0> <II = 1> <Delay = 1.14> <FuncUnit> <Opcode : 'add' 'sub'> <InPorts = 2> <OutPorts = 1>
ST_6 : Operation 121 [1/1] (1.43ns)   --->   "%tmp_664 = call i1 @is_digit_lessthan_ct, i64 %tempReg_858, i64 %zext_ln332_20" [src/generic/fp_generic.cpp:332]   --->   Operation 121 'call' 'tmp_664' <Predicate = true> <Delay = 1.43> <CoreType = "Generic">   --->   Generic Core
ST_6 : Operation 122 [1/1] (1.43ns)   --->   "%tmp_665 = call i1 @is_digit_lessthan_ct, i64 %tempReg_858, i64 %tempReg_858" [src/generic/fp_generic.cpp:332]   --->   Operation 122 'call' 'tmp_665' <Predicate = true> <Delay = 1.43> <CoreType = "Generic">   --->   Generic Core
ST_6 : Operation 123 [1/1] (0.00ns) (grouped into LUT with out node add_ln327)   --->   "%carry_856 = or i1 %tmp_665, i1 %tmp_664" [src/generic/fp_generic.cpp:332]   --->   Operation 123 'or' 'carry_856' <Predicate = true> <Delay = 0.00> <CoreInst = "LogicGate">   --->   Core 74 'LogicGate' <Latency = 0> <II = 1> <Delay = 0.12> <FuncUnit> <Opcode : 'and' 'or' 'xor'> <InPorts = 2> <OutPorts = 1>
ST_6 : Operation 124 [1/1] (0.00ns) (grouped into LUT with out node add_ln327)   --->   "%zext_ln334_16 = zext i1 %carry_856" [src/generic/fp_generic.cpp:334]   --->   Operation 124 'zext' 'zext_ln334_16' <Predicate = true> <Delay = 0.00>
ST_6 : Operation 125 [1/1] (1.14ns)   --->   "%v_495 = add i64 %UV_467, i64 %tempReg_858" [src/generic/fp_generic.cpp:326]   --->   Operation 125 'add' 'v_495' <Predicate = true> <Delay = 1.14> <CoreInst = "Adder">   --->   Core 1 'Adder' <Latency = 0> <II = 1> <Delay = 1.14> <FuncUnit> <Opcode : 'add' 'sub'> <InPorts = 2> <OutPorts = 1>
ST_6 : Operation 126 [1/1] (1.43ns)   --->   "%tmp_666 = call i1 @is_digit_lessthan_ct, i64 %UV_467, i64 0" [src/generic/fp_generic.cpp:326]   --->   Operation 126 'call' 'tmp_666' <Predicate = true> <Delay = 1.43> <CoreType = "Generic">   --->   Generic Core
ST_6 : Operation 127 [1/1] (1.43ns)   --->   "%tmp_667 = call i1 @is_digit_lessthan_ct, i64 %v_495, i64 %UV_467" [src/generic/fp_generic.cpp:326]   --->   Operation 127 'call' 'tmp_667' <Predicate = true> <Delay = 1.43> <CoreType = "Generic">   --->   Generic Core
ST_6 : Operation 128 [1/1] (0.12ns)   --->   "%carry_857 = or i1 %tmp_667, i1 %tmp_666" [src/generic/fp_generic.cpp:326]   --->   Operation 128 'or' 'carry_857' <Predicate = true> <Delay = 0.12> <CoreInst = "LogicGate">   --->   Core 74 'LogicGate' <Latency = 0> <II = 1> <Delay = 0.12> <FuncUnit> <Opcode : 'and' 'or' 'xor'> <InPorts = 2> <OutPorts = 1>
ST_6 : Operation 129 [1/1] (0.43ns) (out node of the LUT)   --->   "%add_ln327 = add i2 %zext_ln334_16, i2 %zext_ln303_43" [src/generic/fp_generic.cpp:327]   --->   Operation 129 'add' 'add_ln327' <Predicate = true> <Delay = 0.43> <CoreInst = "Adder">   --->   Core 1 'Adder' <Latency = 0> <II = 1> <Delay = 0.43> <FuncUnit> <Opcode : 'add' 'sub'> <InPorts = 2> <OutPorts = 1>
ST_6 : Operation 130 [2/2] (6.71ns)   --->   "%call_ret132 = call i128 @digit_x_digit, i64 %v_488, i64 12393906174523604992" [src/generic/fp_generic.cpp:325]   --->   Operation 130 'call' 'call_ret132' <Predicate = true> <Delay = 6.71> <CoreType = "Generic">   --->   Generic Core
ST_6 : Operation 131 [1/1] (0.00ns)   --->   "%ma_0_addr_23 = getelementptr i64 %ma_0, i64 0, i64 2" [src/generic/fp_generic.cpp:331]   --->   Operation 131 'getelementptr' 'ma_0_addr_23' <Predicate = true> <Delay = 0.00>
ST_6 : Operation 132 [2/2] (0.71ns)   --->   "%ma_0_load_19 = load i3 %ma_0_addr_23" [src/generic/fp_generic.cpp:331]   --->   Operation 132 'load' 'ma_0_load_19' <Predicate = true> <Delay = 0.71> <CoreInst = "RAM_1P">   --->   Core 87 'RAM_1P' <Latency = 1> <II = 1> <Delay = 0.71> <Storage> <Opcode : 'load' 'store'> <Ports = 1> <Width = 64> <Depth = 8> <RAM>

State 7 <SV = 6> <Delay = 6.72>
ST_7 : Operation 133 [1/1] (0.00ns) (grouped into LUT with out node tempReg_772)   --->   "%UV_408 = extractvalue i128 %call_ret129" [src/generic/fp_generic.cpp:325]   --->   Operation 133 'extractvalue' 'UV_408' <Predicate = true> <Delay = 0.00>
ST_7 : Operation 134 [1/1] (0.00ns)   --->   "%zext_ln327_47 = zext i1 %carry_857" [src/generic/fp_generic.cpp:327]   --->   Operation 134 'zext' 'zext_ln327_47' <Predicate = true> <Delay = 0.00>
ST_7 : Operation 135 [1/1] (1.14ns) (out node of the LUT)   --->   "%tempReg_772 = add i64 %UV_408, i64 %zext_ln327_47" [src/generic/fp_generic.cpp:327]   --->   Operation 135 'add' 'tempReg_772' <Predicate = true> <Delay = 1.14> <CoreInst = "Adder">   --->   Core 1 'Adder' <Latency = 0> <II = 1> <Delay = 1.14> <FuncUnit> <Opcode : 'add' 'sub'> <InPorts = 2> <OutPorts = 1>
ST_7 : Operation 136 [1/1] (0.00ns)   --->   "%zext_ln327_61 = zext i2 %add_ln327" [src/generic/fp_generic.cpp:327]   --->   Operation 136 'zext' 'zext_ln327_61' <Predicate = true> <Delay = 0.00>
ST_7 : Operation 137 [1/1] (1.14ns)   --->   "%u_374 = add i64 %zext_ln327_61, i64 %tempReg_772" [src/generic/fp_generic.cpp:327]   --->   Operation 137 'add' 'u_374' <Predicate = true> <Delay = 1.14> <CoreInst = "Adder">   --->   Core 1 'Adder' <Latency = 0> <II = 1> <Delay = 1.14> <FuncUnit> <Opcode : 'add' 'sub'> <InPorts = 2> <OutPorts = 1>
ST_7 : Operation 138 [1/1] (1.43ns)   --->   "%tmp_668 = call i1 @is_digit_lessthan_ct, i64 %tempReg_772, i64 %zext_ln327_47" [src/generic/fp_generic.cpp:327]   --->   Operation 138 'call' 'tmp_668' <Predicate = true> <Delay = 1.43> <CoreType = "Generic">   --->   Generic Core
ST_7 : Operation 139 [1/1] (1.43ns)   --->   "%tmp_669 = call i1 @is_digit_lessthan_ct, i64 %u_374, i64 %tempReg_772" [src/generic/fp_generic.cpp:327]   --->   Operation 139 'call' 'tmp_669' <Predicate = true> <Delay = 1.43> <CoreType = "Generic">   --->   Generic Core
ST_7 : Operation 140 [1/1] (0.12ns)   --->   "%carry_960 = or i1 %tmp_669, i1 %tmp_668" [src/generic/fp_generic.cpp:327]   --->   Operation 140 'or' 'carry_960' <Predicate = true> <Delay = 0.12> <CoreInst = "LogicGate">   --->   Core 74 'LogicGate' <Latency = 0> <II = 1> <Delay = 0.12> <FuncUnit> <Opcode : 'and' 'or' 'xor'> <InPorts = 2> <OutPorts = 1>
ST_7 : Operation 141 [1/2] (1.43ns)   --->   "%call_ret132 = call i128 @digit_x_digit, i64 %v_488, i64 12393906174523604992" [src/generic/fp_generic.cpp:325]   --->   Operation 141 'call' 'call_ret132' <Predicate = true> <Delay = 1.43> <CoreType = "Generic">   --->   Generic Core
ST_7 : Operation 142 [1/1] (0.00ns)   --->   "%UV_468 = extractvalue i128 %call_ret132" [src/generic/fp_generic.cpp:325]   --->   Operation 142 'extractvalue' 'UV_468' <Predicate = true> <Delay = 0.00>
ST_7 : Operation 143 [1/1] (0.00ns) (grouped into LUT with out node tempReg_774)   --->   "%UV_409 = extractvalue i128 %call_ret132" [src/generic/fp_generic.cpp:325]   --->   Operation 143 'extractvalue' 'UV_409' <Predicate = true> <Delay = 0.00>
ST_7 : Operation 144 [1/1] (1.14ns)   --->   "%v_496 = add i64 %UV_468, i64 %v_495" [src/generic/fp_generic.cpp:326]   --->   Operation 144 'add' 'v_496' <Predicate = true> <Delay = 1.14> <CoreInst = "Adder">   --->   Core 1 'Adder' <Latency = 0> <II = 1> <Delay = 1.14> <FuncUnit> <Opcode : 'add' 'sub'> <InPorts = 2> <OutPorts = 1>
ST_7 : Operation 145 [1/1] (1.43ns)   --->   "%tmp_670 = call i1 @is_digit_lessthan_ct, i64 %UV_468, i64 0" [src/generic/fp_generic.cpp:326]   --->   Operation 145 'call' 'tmp_670' <Predicate = true> <Delay = 1.43> <CoreType = "Generic">   --->   Generic Core
ST_7 : Operation 146 [1/1] (1.43ns)   --->   "%tmp_671 = call i1 @is_digit_lessthan_ct, i64 %v_496, i64 %UV_468" [src/generic/fp_generic.cpp:326]   --->   Operation 146 'call' 'tmp_671' <Predicate = true> <Delay = 1.43> <CoreType = "Generic">   --->   Generic Core
ST_7 : Operation 147 [1/1] (0.12ns)   --->   "%carry_859 = or i1 %tmp_671, i1 %tmp_670" [src/generic/fp_generic.cpp:326]   --->   Operation 147 'or' 'carry_859' <Predicate = true> <Delay = 0.12> <CoreInst = "LogicGate">   --->   Core 74 'LogicGate' <Latency = 0> <II = 1> <Delay = 0.12> <FuncUnit> <Opcode : 'and' 'or' 'xor'> <InPorts = 2> <OutPorts = 1>
ST_7 : Operation 148 [1/1] (0.00ns)   --->   "%zext_ln327_48 = zext i1 %carry_859" [src/generic/fp_generic.cpp:327]   --->   Operation 148 'zext' 'zext_ln327_48' <Predicate = true> <Delay = 0.00>
ST_7 : Operation 149 [1/1] (1.14ns) (out node of the LUT)   --->   "%tempReg_774 = add i64 %UV_409, i64 %zext_ln327_48" [src/generic/fp_generic.cpp:327]   --->   Operation 149 'add' 'tempReg_774' <Predicate = true> <Delay = 1.14> <CoreInst = "Adder">   --->   Core 1 'Adder' <Latency = 0> <II = 1> <Delay = 1.14> <FuncUnit> <Opcode : 'add' 'sub'> <InPorts = 2> <OutPorts = 1>
ST_7 : Operation 150 [1/1] (1.14ns)   --->   "%u_375 = add i64 %tempReg_774, i64 %u_374" [src/generic/fp_generic.cpp:327]   --->   Operation 150 'add' 'u_375' <Predicate = true> <Delay = 1.14> <CoreInst = "Adder">   --->   Core 1 'Adder' <Latency = 0> <II = 1> <Delay = 1.14> <FuncUnit> <Opcode : 'add' 'sub'> <InPorts = 2> <OutPorts = 1>
ST_7 : Operation 151 [1/1] (1.43ns)   --->   "%tmp_672 = call i1 @is_digit_lessthan_ct, i64 %tempReg_774, i64 %zext_ln327_48" [src/generic/fp_generic.cpp:327]   --->   Operation 151 'call' 'tmp_672' <Predicate = true> <Delay = 1.43> <CoreType = "Generic">   --->   Generic Core
ST_7 : Operation 152 [1/2] ( I:0.71ns O:0.71ns )   --->   "%ma_0_load_19 = load i3 %ma_0_addr_23" [src/generic/fp_generic.cpp:331]   --->   Operation 152 'load' 'ma_0_load_19' <Predicate = true> <Delay = 0.71> <CoreInst = "RAM_1P">   --->   Core 87 'RAM_1P' <Latency = 1> <II = 1> <Delay = 0.71> <Storage> <Opcode : 'load' 'store'> <Ports = 1> <Width = 64> <Depth = 8> <RAM>
ST_7 : Operation 153 [1/1] (1.14ns)   --->   "%v_497 = add i64 %ma_0_load_19, i64 %v_496" [src/generic/fp_generic.cpp:331]   --->   Operation 153 'add' 'v_497' <Predicate = true> <Delay = 1.14> <CoreInst = "Adder">   --->   Core 1 'Adder' <Latency = 0> <II = 1> <Delay = 1.14> <FuncUnit> <Opcode : 'add' 'sub'> <InPorts = 2> <OutPorts = 1>
ST_7 : Operation 154 [1/1] (1.43ns)   --->   "%tmp_674 = call i1 @is_digit_lessthan_ct, i64 %v_496, i64 0" [src/generic/fp_generic.cpp:331]   --->   Operation 154 'call' 'tmp_674' <Predicate = true> <Delay = 1.43> <CoreType = "Generic">   --->   Generic Core
ST_7 : Operation 155 [1/1] (1.43ns)   --->   "%tmp_675 = call i1 @is_digit_lessthan_ct, i64 %v_497, i64 %v_496" [src/generic/fp_generic.cpp:331]   --->   Operation 155 'call' 'tmp_675' <Predicate = true> <Delay = 1.43> <CoreType = "Generic">   --->   Generic Core
ST_7 : Operation 156 [1/1] (0.12ns)   --->   "%carry_861 = or i1 %tmp_675, i1 %tmp_674" [src/generic/fp_generic.cpp:331]   --->   Operation 156 'or' 'carry_861' <Predicate = true> <Delay = 0.12> <CoreInst = "LogicGate">   --->   Core 74 'LogicGate' <Latency = 0> <II = 1> <Delay = 0.12> <FuncUnit> <Opcode : 'and' 'or' 'xor'> <InPorts = 2> <OutPorts = 1>
ST_7 : Operation 157 [2/2] (6.71ns)   --->   "%call_ret138 = call i128 @digit_x_digit, i64 %v_488, i64 1371447078966912928" [src/generic/fp_generic.cpp:325]   --->   Operation 157 'call' 'call_ret138' <Predicate = true> <Delay = 6.71> <CoreType = "Generic">   --->   Generic Core
ST_7 : Operation 158 [2/2] (6.71ns)   --->   "%call_ret141 = call i128 @digit_x_digit, i64 %v_490, i64 12393906174523604992" [src/generic/fp_generic.cpp:325]   --->   Operation 158 'call' 'call_ret141' <Predicate = true> <Delay = 6.71> <CoreType = "Generic">   --->   Generic Core
ST_7 : Operation 159 [1/1] (0.00ns)   --->   "%ma_1_addr_23 = getelementptr i64 %ma_1, i64 0, i64 2" [src/generic/fp_generic.cpp:331]   --->   Operation 159 'getelementptr' 'ma_1_addr_23' <Predicate = true> <Delay = 0.00>
ST_7 : Operation 160 [2/2] (0.71ns)   --->   "%ma_1_load_23 = load i3 %ma_1_addr_23" [src/generic/fp_generic.cpp:331]   --->   Operation 160 'load' 'ma_1_load_23' <Predicate = true> <Delay = 0.71> <CoreInst = "RAM_1P">   --->   Core 87 'RAM_1P' <Latency = 1> <II = 1> <Delay = 0.71> <Storage> <Opcode : 'load' 'store'> <Ports = 1> <Width = 64> <Depth = 8> <RAM>

State 8 <SV = 7> <Delay = 7.29>
ST_8 : Operation 161 [1/1] (0.00ns)   --->   "%zext_ln328 = zext i1 %carry_960" [src/generic/fp_generic.cpp:328]   --->   Operation 161 'zext' 'zext_ln328' <Predicate = true> <Delay = 0.00>
ST_8 : Operation 162 [1/1] (1.43ns)   --->   "%tmp_673 = call i1 @is_digit_lessthan_ct, i64 %u_375, i64 %tempReg_774" [src/generic/fp_generic.cpp:327]   --->   Operation 162 'call' 'tmp_673' <Predicate = true> <Delay = 1.43> <CoreType = "Generic">   --->   Generic Core
ST_8 : Operation 163 [1/1] (0.00ns) (grouped into LUT with out node add_ln327_186)   --->   "%carry_860 = or i1 %tmp_673, i1 %tmp_672" [src/generic/fp_generic.cpp:327]   --->   Operation 163 'or' 'carry_860' <Predicate = true> <Delay = 0.00> <CoreInst = "LogicGate">   --->   Core 74 'LogicGate' <Latency = 0> <II = 1> <Delay = 0.12> <FuncUnit> <Opcode : 'and' 'or' 'xor'> <InPorts = 2> <OutPorts = 1>
ST_8 : Operation 164 [1/1] (0.00ns) (grouped into LUT with out node add_ln327_186)   --->   "%zext_ln331 = zext i1 %carry_860" [src/generic/fp_generic.cpp:331]   --->   Operation 164 'zext' 'zext_ln331' <Predicate = true> <Delay = 0.00>
ST_8 : Operation 165 [1/1] (0.00ns)   --->   "%zext_ln332_21 = zext i1 %carry_861" [src/generic/fp_generic.cpp:332]   --->   Operation 165 'zext' 'zext_ln332_21' <Predicate = true> <Delay = 0.00>
ST_8 : Operation 166 [1/1] (1.14ns)   --->   "%tempReg_859 = add i64 %u_375, i64 %zext_ln332_21" [src/generic/fp_generic.cpp:332]   --->   Operation 166 'add' 'tempReg_859' <Predicate = true> <Delay = 1.14> <CoreInst = "Adder">   --->   Core 1 'Adder' <Latency = 0> <II = 1> <Delay = 1.14> <FuncUnit> <Opcode : 'add' 'sub'> <InPorts = 2> <OutPorts = 1>
ST_8 : Operation 167 [1/1] (1.43ns)   --->   "%tmp_676 = call i1 @is_digit_lessthan_ct, i64 %tempReg_859, i64 %zext_ln332_21" [src/generic/fp_generic.cpp:332]   --->   Operation 167 'call' 'tmp_676' <Predicate = true> <Delay = 1.43> <CoreType = "Generic">   --->   Generic Core
ST_8 : Operation 168 [1/1] (1.43ns)   --->   "%tmp_677 = call i1 @is_digit_lessthan_ct, i64 %tempReg_859, i64 %tempReg_859" [src/generic/fp_generic.cpp:332]   --->   Operation 168 'call' 'tmp_677' <Predicate = true> <Delay = 1.43> <CoreType = "Generic">   --->   Generic Core
ST_8 : Operation 169 [1/1] (0.00ns) (grouped into LUT with out node add_ln327_186)   --->   "%carry_862 = or i1 %tmp_677, i1 %tmp_676" [src/generic/fp_generic.cpp:332]   --->   Operation 169 'or' 'carry_862' <Predicate = true> <Delay = 0.00> <CoreInst = "LogicGate">   --->   Core 74 'LogicGate' <Latency = 0> <II = 1> <Delay = 0.12> <FuncUnit> <Opcode : 'and' 'or' 'xor'> <InPorts = 2> <OutPorts = 1>
ST_8 : Operation 170 [1/1] (0.00ns) (grouped into LUT with out node add_ln327_186)   --->   "%zext_ln334_17 = zext i1 %carry_862" [src/generic/fp_generic.cpp:334]   --->   Operation 170 'zext' 'zext_ln334_17' <Predicate = true> <Delay = 0.00>
ST_8 : Operation 171 [1/1] (0.00ns) (grouped into LUT with out node tempReg_777)   --->   "%UV_410 = extractvalue i128 %call_ret135" [src/generic/fp_generic.cpp:325]   --->   Operation 171 'extractvalue' 'UV_410' <Predicate = true> <Delay = 0.00>
ST_8 : Operation 172 [1/1] (1.14ns)   --->   "%v_499 = add i64 %UV_469, i64 %tempReg_859" [src/generic/fp_generic.cpp:326]   --->   Operation 172 'add' 'v_499' <Predicate = true> <Delay = 1.14> <CoreInst = "Adder">   --->   Core 1 'Adder' <Latency = 0> <II = 1> <Delay = 1.14> <FuncUnit> <Opcode : 'add' 'sub'> <InPorts = 2> <OutPorts = 1>
ST_8 : Operation 173 [1/1] (1.43ns)   --->   "%tmp_678 = call i1 @is_digit_lessthan_ct, i64 %UV_469, i64 0" [src/generic/fp_generic.cpp:326]   --->   Operation 173 'call' 'tmp_678' <Predicate = true> <Delay = 1.43> <CoreType = "Generic">   --->   Generic Core
ST_8 : Operation 174 [1/1] (1.43ns)   --->   "%tmp_679 = call i1 @is_digit_lessthan_ct, i64 %v_499, i64 %UV_469" [src/generic/fp_generic.cpp:326]   --->   Operation 174 'call' 'tmp_679' <Predicate = true> <Delay = 1.43> <CoreType = "Generic">   --->   Generic Core
ST_8 : Operation 175 [1/1] (0.12ns)   --->   "%carry_863 = or i1 %tmp_679, i1 %tmp_678" [src/generic/fp_generic.cpp:326]   --->   Operation 175 'or' 'carry_863' <Predicate = true> <Delay = 0.12> <CoreInst = "LogicGate">   --->   Core 74 'LogicGate' <Latency = 0> <II = 1> <Delay = 0.12> <FuncUnit> <Opcode : 'and' 'or' 'xor'> <InPorts = 2> <OutPorts = 1>
ST_8 : Operation 176 [1/1] (0.00ns)   --->   "%zext_ln327_49 = zext i1 %carry_863" [src/generic/fp_generic.cpp:327]   --->   Operation 176 'zext' 'zext_ln327_49' <Predicate = true> <Delay = 0.00>
ST_8 : Operation 177 [1/1] (1.14ns) (out node of the LUT)   --->   "%tempReg_777 = add i64 %UV_410, i64 %zext_ln327_49" [src/generic/fp_generic.cpp:327]   --->   Operation 177 'add' 'tempReg_777' <Predicate = true> <Delay = 1.14> <CoreInst = "Adder">   --->   Core 1 'Adder' <Latency = 0> <II = 1> <Delay = 1.14> <FuncUnit> <Opcode : 'add' 'sub'> <InPorts = 2> <OutPorts = 1>
ST_8 : Operation 178 [1/1] (0.00ns) (grouped into TernaryAdder)   --->   "%add_ln327_185 = add i64 %tempReg_777, i64 %zext_ln328" [src/generic/fp_generic.cpp:327]   --->   Operation 178 'add' 'add_ln327_185' <Predicate = true> <Delay = 0.00> <CoreInst = "TAddSub">   --->   Core 10 'TAddSub' <Latency = 0> <II = 1> <Delay = 0.42> <IPBlock> <Opcode : '' 'add' 'sub'> <InPorts = 3> <OutPorts = 1> <Sync> <CReg>
ST_8 : Operation 179 [1/1] (0.43ns) (out node of the LUT)   --->   "%add_ln327_186 = add i2 %zext_ln334_17, i2 %zext_ln331" [src/generic/fp_generic.cpp:327]   --->   Operation 179 'add' 'add_ln327_186' <Predicate = true> <Delay = 0.43> <CoreInst = "Adder">   --->   Core 1 'Adder' <Latency = 0> <II = 1> <Delay = 0.43> <FuncUnit> <Opcode : 'add' 'sub'> <InPorts = 2> <OutPorts = 1>
ST_8 : Operation 180 [1/1] (0.00ns)   --->   "%zext_ln327_62 = zext i2 %add_ln327_186" [src/generic/fp_generic.cpp:327]   --->   Operation 180 'zext' 'zext_ln327_62' <Predicate = true> <Delay = 0.00>
ST_8 : Operation 181 [1/1] (0.84ns) (root node of TernaryAdder)   --->   "%u_377 = add i64 %zext_ln327_62, i64 %add_ln327_185" [src/generic/fp_generic.cpp:327]   --->   Operation 181 'add' 'u_377' <Predicate = true> <Delay = 0.84> <CoreInst = "TAddSub">   --->   Core 10 'TAddSub' <Latency = 0> <II = 1> <Delay = 0.42> <IPBlock> <Opcode : '' 'add' 'sub'> <InPorts = 3> <OutPorts = 1> <Sync> <CReg>
ST_8 : Operation 182 [1/1] (1.43ns)   --->   "%tmp_680 = call i1 @is_digit_lessthan_ct, i64 %tempReg_777, i64 %zext_ln327_49" [src/generic/fp_generic.cpp:327]   --->   Operation 182 'call' 'tmp_680' <Predicate = true> <Delay = 1.43> <CoreType = "Generic">   --->   Generic Core
ST_8 : Operation 183 [1/1] (1.43ns)   --->   "%tmp_681 = call i1 @is_digit_lessthan_ct, i64 %u_377, i64 %tempReg_777" [src/generic/fp_generic.cpp:327]   --->   Operation 183 'call' 'tmp_681' <Predicate = true> <Delay = 1.43> <CoreType = "Generic">   --->   Generic Core
ST_8 : Operation 184 [1/2] (1.43ns)   --->   "%call_ret138 = call i128 @digit_x_digit, i64 %v_488, i64 1371447078966912928" [src/generic/fp_generic.cpp:325]   --->   Operation 184 'call' 'call_ret138' <Predicate = true> <Delay = 1.43> <CoreType = "Generic">   --->   Generic Core
ST_8 : Operation 185 [1/1] (0.00ns)   --->   "%UV_470 = extractvalue i128 %call_ret138" [src/generic/fp_generic.cpp:325]   --->   Operation 185 'extractvalue' 'UV_470' <Predicate = true> <Delay = 0.00>
ST_8 : Operation 186 [1/1] (0.00ns) (grouped into LUT with out node tempReg_779)   --->   "%UV_411 = extractvalue i128 %call_ret138" [src/generic/fp_generic.cpp:325]   --->   Operation 186 'extractvalue' 'UV_411' <Predicate = true> <Delay = 0.00>
ST_8 : Operation 187 [1/1] (1.14ns)   --->   "%v_500 = add i64 %UV_470, i64 %v_499" [src/generic/fp_generic.cpp:326]   --->   Operation 187 'add' 'v_500' <Predicate = true> <Delay = 1.14> <CoreInst = "Adder">   --->   Core 1 'Adder' <Latency = 0> <II = 1> <Delay = 1.14> <FuncUnit> <Opcode : 'add' 'sub'> <InPorts = 2> <OutPorts = 1>
ST_8 : Operation 188 [1/1] (1.43ns)   --->   "%tmp_682 = call i1 @is_digit_lessthan_ct, i64 %UV_470, i64 0" [src/generic/fp_generic.cpp:326]   --->   Operation 188 'call' 'tmp_682' <Predicate = true> <Delay = 1.43> <CoreType = "Generic">   --->   Generic Core
ST_8 : Operation 189 [1/1] (1.43ns)   --->   "%tmp_683 = call i1 @is_digit_lessthan_ct, i64 %v_500, i64 %UV_470" [src/generic/fp_generic.cpp:326]   --->   Operation 189 'call' 'tmp_683' <Predicate = true> <Delay = 1.43> <CoreType = "Generic">   --->   Generic Core
ST_8 : Operation 190 [1/1] (0.12ns)   --->   "%carry_865 = or i1 %tmp_683, i1 %tmp_682" [src/generic/fp_generic.cpp:326]   --->   Operation 190 'or' 'carry_865' <Predicate = true> <Delay = 0.12> <CoreInst = "LogicGate">   --->   Core 74 'LogicGate' <Latency = 0> <II = 1> <Delay = 0.12> <FuncUnit> <Opcode : 'and' 'or' 'xor'> <InPorts = 2> <OutPorts = 1>
ST_8 : Operation 191 [1/1] (0.00ns)   --->   "%zext_ln327_50 = zext i1 %carry_865" [src/generic/fp_generic.cpp:327]   --->   Operation 191 'zext' 'zext_ln327_50' <Predicate = true> <Delay = 0.00>
ST_8 : Operation 192 [1/1] (1.14ns) (out node of the LUT)   --->   "%tempReg_779 = add i64 %UV_411, i64 %zext_ln327_50" [src/generic/fp_generic.cpp:327]   --->   Operation 192 'add' 'tempReg_779' <Predicate = true> <Delay = 1.14> <CoreInst = "Adder">   --->   Core 1 'Adder' <Latency = 0> <II = 1> <Delay = 1.14> <FuncUnit> <Opcode : 'add' 'sub'> <InPorts = 2> <OutPorts = 1>
ST_8 : Operation 193 [1/1] (1.14ns)   --->   "%u_378 = add i64 %tempReg_779, i64 %u_377" [src/generic/fp_generic.cpp:327]   --->   Operation 193 'add' 'u_378' <Predicate = true> <Delay = 1.14> <CoreInst = "Adder">   --->   Core 1 'Adder' <Latency = 0> <II = 1> <Delay = 1.14> <FuncUnit> <Opcode : 'add' 'sub'> <InPorts = 2> <OutPorts = 1>
ST_8 : Operation 194 [1/2] (1.43ns)   --->   "%call_ret141 = call i128 @digit_x_digit, i64 %v_490, i64 12393906174523604992" [src/generic/fp_generic.cpp:325]   --->   Operation 194 'call' 'call_ret141' <Predicate = true> <Delay = 1.43> <CoreType = "Generic">   --->   Generic Core
ST_8 : Operation 195 [1/1] (0.00ns)   --->   "%UV_471 = extractvalue i128 %call_ret141" [src/generic/fp_generic.cpp:325]   --->   Operation 195 'extractvalue' 'UV_471' <Predicate = true> <Delay = 0.00>
ST_8 : Operation 196 [1/1] (0.00ns) (grouped into LUT with out node tempReg_781)   --->   "%UV_412 = extractvalue i128 %call_ret141" [src/generic/fp_generic.cpp:325]   --->   Operation 196 'extractvalue' 'UV_412' <Predicate = true> <Delay = 0.00>
ST_8 : Operation 197 [1/1] (1.14ns)   --->   "%v_501 = add i64 %UV_471, i64 %v_500" [src/generic/fp_generic.cpp:326]   --->   Operation 197 'add' 'v_501' <Predicate = true> <Delay = 1.14> <CoreInst = "Adder">   --->   Core 1 'Adder' <Latency = 0> <II = 1> <Delay = 1.14> <FuncUnit> <Opcode : 'add' 'sub'> <InPorts = 2> <OutPorts = 1>
ST_8 : Operation 198 [1/1] (1.43ns)   --->   "%tmp_686 = call i1 @is_digit_lessthan_ct, i64 %UV_471, i64 0" [src/generic/fp_generic.cpp:326]   --->   Operation 198 'call' 'tmp_686' <Predicate = true> <Delay = 1.43> <CoreType = "Generic">   --->   Generic Core
ST_8 : Operation 199 [1/1] (1.43ns)   --->   "%tmp_687 = call i1 @is_digit_lessthan_ct, i64 %v_501, i64 %UV_471" [src/generic/fp_generic.cpp:326]   --->   Operation 199 'call' 'tmp_687' <Predicate = true> <Delay = 1.43> <CoreType = "Generic">   --->   Generic Core
ST_8 : Operation 200 [1/1] (0.12ns)   --->   "%carry_867 = or i1 %tmp_687, i1 %tmp_686" [src/generic/fp_generic.cpp:326]   --->   Operation 200 'or' 'carry_867' <Predicate = true> <Delay = 0.12> <CoreInst = "LogicGate">   --->   Core 74 'LogicGate' <Latency = 0> <II = 1> <Delay = 0.12> <FuncUnit> <Opcode : 'and' 'or' 'xor'> <InPorts = 2> <OutPorts = 1>
ST_8 : Operation 201 [1/1] (0.00ns)   --->   "%zext_ln327_51 = zext i1 %carry_867" [src/generic/fp_generic.cpp:327]   --->   Operation 201 'zext' 'zext_ln327_51' <Predicate = true> <Delay = 0.00>
ST_8 : Operation 202 [1/1] (1.14ns) (out node of the LUT)   --->   "%tempReg_781 = add i64 %UV_412, i64 %zext_ln327_51" [src/generic/fp_generic.cpp:327]   --->   Operation 202 'add' 'tempReg_781' <Predicate = true> <Delay = 1.14> <CoreInst = "Adder">   --->   Core 1 'Adder' <Latency = 0> <II = 1> <Delay = 1.14> <FuncUnit> <Opcode : 'add' 'sub'> <InPorts = 2> <OutPorts = 1>
ST_8 : Operation 203 [1/2] ( I:0.71ns O:0.71ns )   --->   "%ma_1_load_23 = load i3 %ma_1_addr_23" [src/generic/fp_generic.cpp:331]   --->   Operation 203 'load' 'ma_1_load_23' <Predicate = true> <Delay = 0.71> <CoreInst = "RAM_1P">   --->   Core 87 'RAM_1P' <Latency = 1> <II = 1> <Delay = 0.71> <Storage> <Opcode : 'load' 'store'> <Ports = 1> <Width = 64> <Depth = 8> <RAM>
ST_8 : Operation 204 [1/1] (1.14ns)   --->   "%v_502 = add i64 %ma_1_load_23, i64 %v_501" [src/generic/fp_generic.cpp:331]   --->   Operation 204 'add' 'v_502' <Predicate = true> <Delay = 1.14> <CoreInst = "Adder">   --->   Core 1 'Adder' <Latency = 0> <II = 1> <Delay = 1.14> <FuncUnit> <Opcode : 'add' 'sub'> <InPorts = 2> <OutPorts = 1>
ST_8 : Operation 205 [1/1] (1.43ns)   --->   "%tmp_690 = call i1 @is_digit_lessthan_ct, i64 %v_501, i64 0" [src/generic/fp_generic.cpp:331]   --->   Operation 205 'call' 'tmp_690' <Predicate = true> <Delay = 1.43> <CoreType = "Generic">   --->   Generic Core
ST_8 : Operation 206 [1/1] (1.43ns)   --->   "%tmp_691 = call i1 @is_digit_lessthan_ct, i64 %v_502, i64 %v_501" [src/generic/fp_generic.cpp:331]   --->   Operation 206 'call' 'tmp_691' <Predicate = true> <Delay = 1.43> <CoreType = "Generic">   --->   Generic Core
ST_8 : Operation 207 [1/1] (0.12ns)   --->   "%carry_869 = or i1 %tmp_691, i1 %tmp_690" [src/generic/fp_generic.cpp:331]   --->   Operation 207 'or' 'carry_869' <Predicate = true> <Delay = 0.12> <CoreInst = "LogicGate">   --->   Core 74 'LogicGate' <Latency = 0> <II = 1> <Delay = 0.12> <FuncUnit> <Opcode : 'and' 'or' 'xor'> <InPorts = 2> <OutPorts = 1>
ST_8 : Operation 208 [2/2] (6.71ns)   --->   "%call_ret147 = call i128 @digit_x_digit, i64 %v_488, i64 1989455001339985327" [src/generic/fp_generic.cpp:325]   --->   Operation 208 'call' 'call_ret147' <Predicate = true> <Delay = 6.71> <CoreType = "Generic">   --->   Generic Core

State 9 <SV = 8> <Delay = 7.29>
ST_9 : Operation 209 [1/1] (0.12ns)   --->   "%carry_961 = or i1 %tmp_681, i1 %tmp_680" [src/generic/fp_generic.cpp:327]   --->   Operation 209 'or' 'carry_961' <Predicate = true> <Delay = 0.12> <CoreInst = "LogicGate">   --->   Core 74 'LogicGate' <Latency = 0> <II = 1> <Delay = 0.12> <FuncUnit> <Opcode : 'and' 'or' 'xor'> <InPorts = 2> <OutPorts = 1>
ST_9 : Operation 210 [1/1] (0.00ns)   --->   "%zext_ln303_44 = zext i1 %carry_961" [src/generic/fp_generic.cpp:303]   --->   Operation 210 'zext' 'zext_ln303_44' <Predicate = true> <Delay = 0.00>
ST_9 : Operation 211 [1/1] (1.43ns)   --->   "%tmp_684 = call i1 @is_digit_lessthan_ct, i64 %tempReg_779, i64 %zext_ln327_50" [src/generic/fp_generic.cpp:327]   --->   Operation 211 'call' 'tmp_684' <Predicate = true> <Delay = 1.43> <CoreType = "Generic">   --->   Generic Core
ST_9 : Operation 212 [1/1] (1.43ns)   --->   "%tmp_685 = call i1 @is_digit_lessthan_ct, i64 %u_378, i64 %tempReg_779" [src/generic/fp_generic.cpp:327]   --->   Operation 212 'call' 'tmp_685' <Predicate = true> <Delay = 1.43> <CoreType = "Generic">   --->   Generic Core
ST_9 : Operation 213 [1/1] (0.12ns)   --->   "%carry_866 = or i1 %tmp_685, i1 %tmp_684" [src/generic/fp_generic.cpp:327]   --->   Operation 213 'or' 'carry_866' <Predicate = true> <Delay = 0.12> <CoreInst = "LogicGate">   --->   Core 74 'LogicGate' <Latency = 0> <II = 1> <Delay = 0.12> <FuncUnit> <Opcode : 'and' 'or' 'xor'> <InPorts = 2> <OutPorts = 1>
ST_9 : Operation 214 [1/1] (0.00ns)   --->   "%zext_ln325 = zext i1 %carry_866" [src/generic/fp_generic.cpp:325]   --->   Operation 214 'zext' 'zext_ln325' <Predicate = true> <Delay = 0.00>
ST_9 : Operation 215 [1/1] (1.14ns)   --->   "%u_379 = add i64 %tempReg_781, i64 %u_378" [src/generic/fp_generic.cpp:327]   --->   Operation 215 'add' 'u_379' <Predicate = true> <Delay = 1.14> <CoreInst = "Adder">   --->   Core 1 'Adder' <Latency = 0> <II = 1> <Delay = 1.14> <FuncUnit> <Opcode : 'add' 'sub'> <InPorts = 2> <OutPorts = 1>
ST_9 : Operation 216 [1/1] (1.43ns)   --->   "%tmp_688 = call i1 @is_digit_lessthan_ct, i64 %tempReg_781, i64 %zext_ln327_51" [src/generic/fp_generic.cpp:327]   --->   Operation 216 'call' 'tmp_688' <Predicate = true> <Delay = 1.43> <CoreType = "Generic">   --->   Generic Core
ST_9 : Operation 217 [1/1] (1.43ns)   --->   "%tmp_689 = call i1 @is_digit_lessthan_ct, i64 %u_379, i64 %tempReg_781" [src/generic/fp_generic.cpp:327]   --->   Operation 217 'call' 'tmp_689' <Predicate = true> <Delay = 1.43> <CoreType = "Generic">   --->   Generic Core
ST_9 : Operation 218 [1/1] (0.12ns)   --->   "%carry_868 = or i1 %tmp_689, i1 %tmp_688" [src/generic/fp_generic.cpp:327]   --->   Operation 218 'or' 'carry_868' <Predicate = true> <Delay = 0.12> <CoreInst = "LogicGate">   --->   Core 74 'LogicGate' <Latency = 0> <II = 1> <Delay = 0.12> <FuncUnit> <Opcode : 'and' 'or' 'xor'> <InPorts = 2> <OutPorts = 1>
ST_9 : Operation 219 [1/1] (0.00ns)   --->   "%zext_ln332_22 = zext i1 %carry_869" [src/generic/fp_generic.cpp:332]   --->   Operation 219 'zext' 'zext_ln332_22' <Predicate = true> <Delay = 0.00>
ST_9 : Operation 220 [1/1] (1.14ns)   --->   "%tempReg_860 = add i64 %u_379, i64 %zext_ln332_22" [src/generic/fp_generic.cpp:332]   --->   Operation 220 'add' 'tempReg_860' <Predicate = true> <Delay = 1.14> <CoreInst = "Adder">   --->   Core 1 'Adder' <Latency = 0> <II = 1> <Delay = 1.14> <FuncUnit> <Opcode : 'add' 'sub'> <InPorts = 2> <OutPorts = 1>
ST_9 : Operation 221 [1/1] (1.43ns)   --->   "%tmp_692 = call i1 @is_digit_lessthan_ct, i64 %tempReg_860, i64 %zext_ln332_22" [src/generic/fp_generic.cpp:332]   --->   Operation 221 'call' 'tmp_692' <Predicate = true> <Delay = 1.43> <CoreType = "Generic">   --->   Generic Core
ST_9 : Operation 222 [1/1] (1.43ns)   --->   "%tmp_693 = call i1 @is_digit_lessthan_ct, i64 %tempReg_860, i64 %tempReg_860" [src/generic/fp_generic.cpp:332]   --->   Operation 222 'call' 'tmp_693' <Predicate = true> <Delay = 1.43> <CoreType = "Generic">   --->   Generic Core
ST_9 : Operation 223 [1/1] (0.12ns)   --->   "%carry_870 = or i1 %tmp_693, i1 %tmp_692" [src/generic/fp_generic.cpp:332]   --->   Operation 223 'or' 'carry_870' <Predicate = true> <Delay = 0.12> <CoreInst = "LogicGate">   --->   Core 74 'LogicGate' <Latency = 0> <II = 1> <Delay = 0.12> <FuncUnit> <Opcode : 'and' 'or' 'xor'> <InPorts = 2> <OutPorts = 1>
ST_9 : Operation 224 [1/1] (0.00ns)   --->   "%zext_ln334_18 = zext i1 %carry_870" [src/generic/fp_generic.cpp:334]   --->   Operation 224 'zext' 'zext_ln334_18' <Predicate = true> <Delay = 0.00>
ST_9 : Operation 225 [1/1] (0.00ns) (grouped into LUT with out node tempReg_782)   --->   "%UV_413 = extractvalue i128 %call_ret144" [src/generic/fp_generic.cpp:325]   --->   Operation 225 'extractvalue' 'UV_413' <Predicate = true> <Delay = 0.00>
ST_9 : Operation 226 [1/1] (1.14ns)   --->   "%v_504 = add i64 %UV_472, i64 %tempReg_860" [src/generic/fp_generic.cpp:326]   --->   Operation 226 'add' 'v_504' <Predicate = true> <Delay = 1.14> <CoreInst = "Adder">   --->   Core 1 'Adder' <Latency = 0> <II = 1> <Delay = 1.14> <FuncUnit> <Opcode : 'add' 'sub'> <InPorts = 2> <OutPorts = 1>
ST_9 : Operation 227 [1/1] (1.43ns)   --->   "%tmp_694 = call i1 @is_digit_lessthan_ct, i64 %UV_472, i64 0" [src/generic/fp_generic.cpp:326]   --->   Operation 227 'call' 'tmp_694' <Predicate = true> <Delay = 1.43> <CoreType = "Generic">   --->   Generic Core
ST_9 : Operation 228 [1/1] (1.43ns)   --->   "%tmp_695 = call i1 @is_digit_lessthan_ct, i64 %v_504, i64 %UV_472" [src/generic/fp_generic.cpp:326]   --->   Operation 228 'call' 'tmp_695' <Predicate = true> <Delay = 1.43> <CoreType = "Generic">   --->   Generic Core
ST_9 : Operation 229 [1/1] (0.12ns)   --->   "%carry_871 = or i1 %tmp_695, i1 %tmp_694" [src/generic/fp_generic.cpp:326]   --->   Operation 229 'or' 'carry_871' <Predicate = true> <Delay = 0.12> <CoreInst = "LogicGate">   --->   Core 74 'LogicGate' <Latency = 0> <II = 1> <Delay = 0.12> <FuncUnit> <Opcode : 'and' 'or' 'xor'> <InPorts = 2> <OutPorts = 1>
ST_9 : Operation 230 [1/1] (0.00ns)   --->   "%zext_ln327_52 = zext i1 %carry_871" [src/generic/fp_generic.cpp:327]   --->   Operation 230 'zext' 'zext_ln327_52' <Predicate = true> <Delay = 0.00>
ST_9 : Operation 231 [1/1] (1.14ns) (out node of the LUT)   --->   "%tempReg_782 = add i64 %UV_413, i64 %zext_ln327_52" [src/generic/fp_generic.cpp:327]   --->   Operation 231 'add' 'tempReg_782' <Predicate = true> <Delay = 1.14> <CoreInst = "Adder">   --->   Core 1 'Adder' <Latency = 0> <II = 1> <Delay = 1.14> <FuncUnit> <Opcode : 'add' 'sub'> <InPorts = 2> <OutPorts = 1>
ST_9 : Operation 232 [1/1] (0.00ns) (grouped into TernaryAdder)   --->   "%add_ln327_194 = add i2 %zext_ln303_44, i2 %zext_ln325" [src/generic/fp_generic.cpp:327]   --->   Operation 232 'add' 'add_ln327_194' <Predicate = true> <Delay = 0.00> <CoreInst = "TAddSub">   --->   Core 10 'TAddSub' <Latency = 0> <II = 1> <Delay = 0.42> <IPBlock> <Opcode : '' 'add' 'sub'> <InPorts = 3> <OutPorts = 1> <Sync> <CReg>
ST_9 : Operation 233 [1/1] (0.14ns) (root node of TernaryAdder)   --->   "%add_ln327_195 = add i2 %add_ln327_194, i2 %zext_ln334_18" [src/generic/fp_generic.cpp:327]   --->   Operation 233 'add' 'add_ln327_195' <Predicate = true> <Delay = 0.14> <CoreInst = "TAddSub">   --->   Core 10 'TAddSub' <Latency = 0> <II = 1> <Delay = 0.42> <IPBlock> <Opcode : '' 'add' 'sub'> <InPorts = 3> <OutPorts = 1> <Sync> <CReg>
ST_9 : Operation 234 [1/2] (1.43ns)   --->   "%call_ret147 = call i128 @digit_x_digit, i64 %v_488, i64 1989455001339985327" [src/generic/fp_generic.cpp:325]   --->   Operation 234 'call' 'call_ret147' <Predicate = true> <Delay = 1.43> <CoreType = "Generic">   --->   Generic Core
ST_9 : Operation 235 [1/1] (0.00ns)   --->   "%UV_473 = extractvalue i128 %call_ret147" [src/generic/fp_generic.cpp:325]   --->   Operation 235 'extractvalue' 'UV_473' <Predicate = true> <Delay = 0.00>
ST_9 : Operation 236 [1/1] (0.00ns) (grouped into LUT with out node tempReg_784)   --->   "%UV_414 = extractvalue i128 %call_ret147" [src/generic/fp_generic.cpp:325]   --->   Operation 236 'extractvalue' 'UV_414' <Predicate = true> <Delay = 0.00>
ST_9 : Operation 237 [1/1] (1.14ns)   --->   "%v_505 = add i64 %UV_473, i64 %v_504" [src/generic/fp_generic.cpp:326]   --->   Operation 237 'add' 'v_505' <Predicate = true> <Delay = 1.14> <CoreInst = "Adder">   --->   Core 1 'Adder' <Latency = 0> <II = 1> <Delay = 1.14> <FuncUnit> <Opcode : 'add' 'sub'> <InPorts = 2> <OutPorts = 1>
ST_9 : Operation 238 [1/1] (1.43ns)   --->   "%tmp_698 = call i1 @is_digit_lessthan_ct, i64 %UV_473, i64 0" [src/generic/fp_generic.cpp:326]   --->   Operation 238 'call' 'tmp_698' <Predicate = true> <Delay = 1.43> <CoreType = "Generic">   --->   Generic Core
ST_9 : Operation 239 [1/1] (1.43ns)   --->   "%tmp_699 = call i1 @is_digit_lessthan_ct, i64 %v_505, i64 %UV_473" [src/generic/fp_generic.cpp:326]   --->   Operation 239 'call' 'tmp_699' <Predicate = true> <Delay = 1.43> <CoreType = "Generic">   --->   Generic Core
ST_9 : Operation 240 [1/1] (0.12ns)   --->   "%carry_873 = or i1 %tmp_699, i1 %tmp_698" [src/generic/fp_generic.cpp:326]   --->   Operation 240 'or' 'carry_873' <Predicate = true> <Delay = 0.12> <CoreInst = "LogicGate">   --->   Core 74 'LogicGate' <Latency = 0> <II = 1> <Delay = 0.12> <FuncUnit> <Opcode : 'and' 'or' 'xor'> <InPorts = 2> <OutPorts = 1>
ST_9 : Operation 241 [1/1] (0.00ns)   --->   "%zext_ln327_53 = zext i1 %carry_873" [src/generic/fp_generic.cpp:327]   --->   Operation 241 'zext' 'zext_ln327_53' <Predicate = true> <Delay = 0.00>
ST_9 : Operation 242 [1/1] (1.14ns) (out node of the LUT)   --->   "%tempReg_784 = add i64 %UV_414, i64 %zext_ln327_53" [src/generic/fp_generic.cpp:327]   --->   Operation 242 'add' 'tempReg_784' <Predicate = true> <Delay = 1.14> <CoreInst = "Adder">   --->   Core 1 'Adder' <Latency = 0> <II = 1> <Delay = 1.14> <FuncUnit> <Opcode : 'add' 'sub'> <InPorts = 2> <OutPorts = 1>
ST_9 : Operation 243 [2/2] (6.71ns)   --->   "%call_ret150 = call i128 @digit_x_digit, i64 %v_490, i64 1371447078966912928" [src/generic/fp_generic.cpp:325]   --->   Operation 243 'call' 'call_ret150' <Predicate = true> <Delay = 6.71> <CoreType = "Generic">   --->   Generic Core
ST_9 : Operation 244 [2/2] (6.71ns)   --->   "%call_ret153 = call i128 @digit_x_digit, i64 %v_493, i64 12393906174523604992" [src/generic/fp_generic.cpp:325]   --->   Operation 244 'call' 'call_ret153' <Predicate = true> <Delay = 6.71> <CoreType = "Generic">   --->   Generic Core
ST_9 : Operation 245 [1/1] (0.00ns)   --->   "%ma_0_addr_24 = getelementptr i64 %ma_0, i64 0, i64 3" [src/generic/fp_generic.cpp:331]   --->   Operation 245 'getelementptr' 'ma_0_addr_24' <Predicate = true> <Delay = 0.00>
ST_9 : Operation 246 [2/2] (0.71ns)   --->   "%ma_0_load_20 = load i3 %ma_0_addr_24" [src/generic/fp_generic.cpp:331]   --->   Operation 246 'load' 'ma_0_load_20' <Predicate = true> <Delay = 0.71> <CoreInst = "RAM_1P">   --->   Core 87 'RAM_1P' <Latency = 1> <II = 1> <Delay = 0.71> <Storage> <Opcode : 'load' 'store'> <Ports = 1> <Width = 64> <Depth = 8> <RAM>

State 10 <SV = 9> <Delay = 6.72>
ST_10 : Operation 247 [1/1] (0.00ns)   --->   "%zext_ln328_6 = zext i1 %carry_868" [src/generic/fp_generic.cpp:328]   --->   Operation 247 'zext' 'zext_ln328_6' <Predicate = true> <Delay = 0.00>
ST_10 : Operation 248 [1/1] (0.00ns) (grouped into TernaryAdder)   --->   "%add_ln327_193 = add i64 %tempReg_782, i64 %zext_ln328_6" [src/generic/fp_generic.cpp:327]   --->   Operation 248 'add' 'add_ln327_193' <Predicate = true> <Delay = 0.00> <CoreInst = "TAddSub">   --->   Core 10 'TAddSub' <Latency = 0> <II = 1> <Delay = 0.42> <IPBlock> <Opcode : '' 'add' 'sub'> <InPorts = 3> <OutPorts = 1> <Sync> <CReg>
ST_10 : Operation 249 [1/1] (0.00ns)   --->   "%zext_ln327_63 = zext i2 %add_ln327_195" [src/generic/fp_generic.cpp:327]   --->   Operation 249 'zext' 'zext_ln327_63' <Predicate = true> <Delay = 0.00>
ST_10 : Operation 250 [1/1] (0.84ns) (root node of TernaryAdder)   --->   "%u_381 = add i64 %zext_ln327_63, i64 %add_ln327_193" [src/generic/fp_generic.cpp:327]   --->   Operation 250 'add' 'u_381' <Predicate = true> <Delay = 0.84> <CoreInst = "TAddSub">   --->   Core 10 'TAddSub' <Latency = 0> <II = 1> <Delay = 0.42> <IPBlock> <Opcode : '' 'add' 'sub'> <InPorts = 3> <OutPorts = 1> <Sync> <CReg>
ST_10 : Operation 251 [1/1] (1.43ns)   --->   "%tmp_696 = call i1 @is_digit_lessthan_ct, i64 %tempReg_782, i64 %zext_ln327_52" [src/generic/fp_generic.cpp:327]   --->   Operation 251 'call' 'tmp_696' <Predicate = true> <Delay = 1.43> <CoreType = "Generic">   --->   Generic Core
ST_10 : Operation 252 [1/1] (1.43ns)   --->   "%tmp_697 = call i1 @is_digit_lessthan_ct, i64 %u_381, i64 %tempReg_782" [src/generic/fp_generic.cpp:327]   --->   Operation 252 'call' 'tmp_697' <Predicate = true> <Delay = 1.43> <CoreType = "Generic">   --->   Generic Core
ST_10 : Operation 253 [1/1] (0.12ns)   --->   "%carry_962 = or i1 %tmp_697, i1 %tmp_696" [src/generic/fp_generic.cpp:327]   --->   Operation 253 'or' 'carry_962' <Predicate = true> <Delay = 0.12> <CoreInst = "LogicGate">   --->   Core 74 'LogicGate' <Latency = 0> <II = 1> <Delay = 0.12> <FuncUnit> <Opcode : 'and' 'or' 'xor'> <InPorts = 2> <OutPorts = 1>
ST_10 : Operation 254 [1/1] (1.14ns)   --->   "%u_382 = add i64 %tempReg_784, i64 %u_381" [src/generic/fp_generic.cpp:327]   --->   Operation 254 'add' 'u_382' <Predicate = true> <Delay = 1.14> <CoreInst = "Adder">   --->   Core 1 'Adder' <Latency = 0> <II = 1> <Delay = 1.14> <FuncUnit> <Opcode : 'add' 'sub'> <InPorts = 2> <OutPorts = 1>
ST_10 : Operation 255 [1/1] (1.43ns)   --->   "%tmp_700 = call i1 @is_digit_lessthan_ct, i64 %tempReg_784, i64 %zext_ln327_53" [src/generic/fp_generic.cpp:327]   --->   Operation 255 'call' 'tmp_700' <Predicate = true> <Delay = 1.43> <CoreType = "Generic">   --->   Generic Core
ST_10 : Operation 256 [1/1] (1.43ns)   --->   "%tmp_701 = call i1 @is_digit_lessthan_ct, i64 %u_382, i64 %tempReg_784" [src/generic/fp_generic.cpp:327]   --->   Operation 256 'call' 'tmp_701' <Predicate = true> <Delay = 1.43> <CoreType = "Generic">   --->   Generic Core
ST_10 : Operation 257 [1/1] (0.12ns)   --->   "%carry_874 = or i1 %tmp_701, i1 %tmp_700" [src/generic/fp_generic.cpp:327]   --->   Operation 257 'or' 'carry_874' <Predicate = true> <Delay = 0.12> <CoreInst = "LogicGate">   --->   Core 74 'LogicGate' <Latency = 0> <II = 1> <Delay = 0.12> <FuncUnit> <Opcode : 'and' 'or' 'xor'> <InPorts = 2> <OutPorts = 1>
ST_10 : Operation 258 [1/2] (1.43ns)   --->   "%call_ret150 = call i128 @digit_x_digit, i64 %v_490, i64 1371447078966912928" [src/generic/fp_generic.cpp:325]   --->   Operation 258 'call' 'call_ret150' <Predicate = true> <Delay = 1.43> <CoreType = "Generic">   --->   Generic Core
ST_10 : Operation 259 [1/1] (0.00ns)   --->   "%UV_474 = extractvalue i128 %call_ret150" [src/generic/fp_generic.cpp:325]   --->   Operation 259 'extractvalue' 'UV_474' <Predicate = true> <Delay = 0.00>
ST_10 : Operation 260 [1/1] (0.00ns) (grouped into LUT with out node tempReg_786)   --->   "%UV_415 = extractvalue i128 %call_ret150" [src/generic/fp_generic.cpp:325]   --->   Operation 260 'extractvalue' 'UV_415' <Predicate = true> <Delay = 0.00>
ST_10 : Operation 261 [1/1] (1.14ns)   --->   "%v_506 = add i64 %UV_474, i64 %v_505" [src/generic/fp_generic.cpp:326]   --->   Operation 261 'add' 'v_506' <Predicate = true> <Delay = 1.14> <CoreInst = "Adder">   --->   Core 1 'Adder' <Latency = 0> <II = 1> <Delay = 1.14> <FuncUnit> <Opcode : 'add' 'sub'> <InPorts = 2> <OutPorts = 1>
ST_10 : Operation 262 [1/1] (1.43ns)   --->   "%tmp_702 = call i1 @is_digit_lessthan_ct, i64 %UV_474, i64 0" [src/generic/fp_generic.cpp:326]   --->   Operation 262 'call' 'tmp_702' <Predicate = true> <Delay = 1.43> <CoreType = "Generic">   --->   Generic Core
ST_10 : Operation 263 [1/1] (1.43ns)   --->   "%tmp_703 = call i1 @is_digit_lessthan_ct, i64 %v_506, i64 %UV_474" [src/generic/fp_generic.cpp:326]   --->   Operation 263 'call' 'tmp_703' <Predicate = true> <Delay = 1.43> <CoreType = "Generic">   --->   Generic Core
ST_10 : Operation 264 [1/1] (0.12ns)   --->   "%carry_875 = or i1 %tmp_703, i1 %tmp_702" [src/generic/fp_generic.cpp:326]   --->   Operation 264 'or' 'carry_875' <Predicate = true> <Delay = 0.12> <CoreInst = "LogicGate">   --->   Core 74 'LogicGate' <Latency = 0> <II = 1> <Delay = 0.12> <FuncUnit> <Opcode : 'and' 'or' 'xor'> <InPorts = 2> <OutPorts = 1>
ST_10 : Operation 265 [1/1] (0.00ns)   --->   "%zext_ln327_54 = zext i1 %carry_875" [src/generic/fp_generic.cpp:327]   --->   Operation 265 'zext' 'zext_ln327_54' <Predicate = true> <Delay = 0.00>
ST_10 : Operation 266 [1/1] (1.14ns) (out node of the LUT)   --->   "%tempReg_786 = add i64 %UV_415, i64 %zext_ln327_54" [src/generic/fp_generic.cpp:327]   --->   Operation 266 'add' 'tempReg_786' <Predicate = true> <Delay = 1.14> <CoreInst = "Adder">   --->   Core 1 'Adder' <Latency = 0> <II = 1> <Delay = 1.14> <FuncUnit> <Opcode : 'add' 'sub'> <InPorts = 2> <OutPorts = 1>
ST_10 : Operation 267 [1/1] (1.14ns)   --->   "%u_383 = add i64 %tempReg_786, i64 %u_382" [src/generic/fp_generic.cpp:327]   --->   Operation 267 'add' 'u_383' <Predicate = true> <Delay = 1.14> <CoreInst = "Adder">   --->   Core 1 'Adder' <Latency = 0> <II = 1> <Delay = 1.14> <FuncUnit> <Opcode : 'add' 'sub'> <InPorts = 2> <OutPorts = 1>
ST_10 : Operation 268 [1/1] (1.43ns)   --->   "%tmp_704 = call i1 @is_digit_lessthan_ct, i64 %tempReg_786, i64 %zext_ln327_54" [src/generic/fp_generic.cpp:327]   --->   Operation 268 'call' 'tmp_704' <Predicate = true> <Delay = 1.43> <CoreType = "Generic">   --->   Generic Core
ST_10 : Operation 269 [1/2] (1.43ns)   --->   "%call_ret153 = call i128 @digit_x_digit, i64 %v_493, i64 12393906174523604992" [src/generic/fp_generic.cpp:325]   --->   Operation 269 'call' 'call_ret153' <Predicate = true> <Delay = 1.43> <CoreType = "Generic">   --->   Generic Core
ST_10 : Operation 270 [1/1] (0.00ns)   --->   "%UV_475 = extractvalue i128 %call_ret153" [src/generic/fp_generic.cpp:325]   --->   Operation 270 'extractvalue' 'UV_475' <Predicate = true> <Delay = 0.00>
ST_10 : Operation 271 [1/1] (0.00ns) (grouped into LUT with out node tempReg_788)   --->   "%UV_416 = extractvalue i128 %call_ret153" [src/generic/fp_generic.cpp:325]   --->   Operation 271 'extractvalue' 'UV_416' <Predicate = true> <Delay = 0.00>
ST_10 : Operation 272 [1/1] (1.14ns)   --->   "%v_507 = add i64 %UV_475, i64 %v_506" [src/generic/fp_generic.cpp:326]   --->   Operation 272 'add' 'v_507' <Predicate = true> <Delay = 1.14> <CoreInst = "Adder">   --->   Core 1 'Adder' <Latency = 0> <II = 1> <Delay = 1.14> <FuncUnit> <Opcode : 'add' 'sub'> <InPorts = 2> <OutPorts = 1>
ST_10 : Operation 273 [1/1] (1.43ns)   --->   "%tmp_706 = call i1 @is_digit_lessthan_ct, i64 %UV_475, i64 0" [src/generic/fp_generic.cpp:326]   --->   Operation 273 'call' 'tmp_706' <Predicate = true> <Delay = 1.43> <CoreType = "Generic">   --->   Generic Core
ST_10 : Operation 274 [1/1] (1.43ns)   --->   "%tmp_707 = call i1 @is_digit_lessthan_ct, i64 %v_507, i64 %UV_475" [src/generic/fp_generic.cpp:326]   --->   Operation 274 'call' 'tmp_707' <Predicate = true> <Delay = 1.43> <CoreType = "Generic">   --->   Generic Core
ST_10 : Operation 275 [1/1] (0.12ns)   --->   "%carry_877 = or i1 %tmp_707, i1 %tmp_706" [src/generic/fp_generic.cpp:326]   --->   Operation 275 'or' 'carry_877' <Predicate = true> <Delay = 0.12> <CoreInst = "LogicGate">   --->   Core 74 'LogicGate' <Latency = 0> <II = 1> <Delay = 0.12> <FuncUnit> <Opcode : 'and' 'or' 'xor'> <InPorts = 2> <OutPorts = 1>
ST_10 : Operation 276 [1/1] (0.00ns)   --->   "%zext_ln327_55 = zext i1 %carry_877" [src/generic/fp_generic.cpp:327]   --->   Operation 276 'zext' 'zext_ln327_55' <Predicate = true> <Delay = 0.00>
ST_10 : Operation 277 [1/1] (1.14ns) (out node of the LUT)   --->   "%tempReg_788 = add i64 %UV_416, i64 %zext_ln327_55" [src/generic/fp_generic.cpp:327]   --->   Operation 277 'add' 'tempReg_788' <Predicate = true> <Delay = 1.14> <CoreInst = "Adder">   --->   Core 1 'Adder' <Latency = 0> <II = 1> <Delay = 1.14> <FuncUnit> <Opcode : 'add' 'sub'> <InPorts = 2> <OutPorts = 1>
ST_10 : Operation 278 [1/2] ( I:0.71ns O:0.71ns )   --->   "%ma_0_load_20 = load i3 %ma_0_addr_24" [src/generic/fp_generic.cpp:331]   --->   Operation 278 'load' 'ma_0_load_20' <Predicate = true> <Delay = 0.71> <CoreInst = "RAM_1P">   --->   Core 87 'RAM_1P' <Latency = 1> <II = 1> <Delay = 0.71> <Storage> <Opcode : 'load' 'store'> <Ports = 1> <Width = 64> <Depth = 8> <RAM>
ST_10 : Operation 279 [1/1] (1.14ns)   --->   "%v_508 = add i64 %ma_0_load_20, i64 %v_507" [src/generic/fp_generic.cpp:331]   --->   Operation 279 'add' 'v_508' <Predicate = true> <Delay = 1.14> <CoreInst = "Adder">   --->   Core 1 'Adder' <Latency = 0> <II = 1> <Delay = 1.14> <FuncUnit> <Opcode : 'add' 'sub'> <InPorts = 2> <OutPorts = 1>
ST_10 : Operation 280 [1/1] (1.43ns)   --->   "%tmp_710 = call i1 @is_digit_lessthan_ct, i64 %v_507, i64 0" [src/generic/fp_generic.cpp:331]   --->   Operation 280 'call' 'tmp_710' <Predicate = true> <Delay = 1.43> <CoreType = "Generic">   --->   Generic Core
ST_10 : Operation 281 [1/1] (1.43ns)   --->   "%tmp_711 = call i1 @is_digit_lessthan_ct, i64 %v_508, i64 %v_507" [src/generic/fp_generic.cpp:331]   --->   Operation 281 'call' 'tmp_711' <Predicate = true> <Delay = 1.43> <CoreType = "Generic">   --->   Generic Core
ST_10 : Operation 282 [1/1] (0.12ns)   --->   "%carry_879 = or i1 %tmp_711, i1 %tmp_710" [src/generic/fp_generic.cpp:331]   --->   Operation 282 'or' 'carry_879' <Predicate = true> <Delay = 0.12> <CoreInst = "LogicGate">   --->   Core 74 'LogicGate' <Latency = 0> <II = 1> <Delay = 0.12> <FuncUnit> <Opcode : 'and' 'or' 'xor'> <InPorts = 2> <OutPorts = 1>
ST_10 : Operation 283 [2/2] (6.71ns)   --->   "%call_ret159 = call i128 @digit_x_digit, i64 %v_488, i64 6937169319750509776" [src/generic/fp_generic.cpp:325]   --->   Operation 283 'call' 'call_ret159' <Predicate = true> <Delay = 6.71> <CoreType = "Generic">   --->   Generic Core

State 11 <SV = 10> <Delay = 7.29>
ST_11 : Operation 284 [1/1] (0.00ns)   --->   "%zext_ln303_45 = zext i1 %carry_962" [src/generic/fp_generic.cpp:303]   --->   Operation 284 'zext' 'zext_ln303_45' <Predicate = true> <Delay = 0.00>
ST_11 : Operation 285 [1/1] (0.00ns)   --->   "%zext_ln325_26 = zext i1 %carry_874" [src/generic/fp_generic.cpp:325]   --->   Operation 285 'zext' 'zext_ln325_26' <Predicate = true> <Delay = 0.00>
ST_11 : Operation 286 [1/1] (1.43ns)   --->   "%tmp_705 = call i1 @is_digit_lessthan_ct, i64 %u_383, i64 %tempReg_786" [src/generic/fp_generic.cpp:327]   --->   Operation 286 'call' 'tmp_705' <Predicate = true> <Delay = 1.43> <CoreType = "Generic">   --->   Generic Core
ST_11 : Operation 287 [1/1] (0.12ns)   --->   "%carry_876 = or i1 %tmp_705, i1 %tmp_704" [src/generic/fp_generic.cpp:327]   --->   Operation 287 'or' 'carry_876' <Predicate = true> <Delay = 0.12> <CoreInst = "LogicGate">   --->   Core 74 'LogicGate' <Latency = 0> <II = 1> <Delay = 0.12> <FuncUnit> <Opcode : 'and' 'or' 'xor'> <InPorts = 2> <OutPorts = 1>
ST_11 : Operation 288 [1/1] (0.00ns)   --->   "%zext_ln325_27 = zext i1 %carry_876" [src/generic/fp_generic.cpp:325]   --->   Operation 288 'zext' 'zext_ln325_27' <Predicate = true> <Delay = 0.00>
ST_11 : Operation 289 [1/1] (1.14ns)   --->   "%u_384 = add i64 %tempReg_788, i64 %u_383" [src/generic/fp_generic.cpp:327]   --->   Operation 289 'add' 'u_384' <Predicate = true> <Delay = 1.14> <CoreInst = "Adder">   --->   Core 1 'Adder' <Latency = 0> <II = 1> <Delay = 1.14> <FuncUnit> <Opcode : 'add' 'sub'> <InPorts = 2> <OutPorts = 1>
ST_11 : Operation 290 [1/1] (1.43ns)   --->   "%tmp_708 = call i1 @is_digit_lessthan_ct, i64 %tempReg_788, i64 %zext_ln327_55" [src/generic/fp_generic.cpp:327]   --->   Operation 290 'call' 'tmp_708' <Predicate = true> <Delay = 1.43> <CoreType = "Generic">   --->   Generic Core
ST_11 : Operation 291 [1/1] (1.43ns)   --->   "%tmp_709 = call i1 @is_digit_lessthan_ct, i64 %u_384, i64 %tempReg_788" [src/generic/fp_generic.cpp:327]   --->   Operation 291 'call' 'tmp_709' <Predicate = true> <Delay = 1.43> <CoreType = "Generic">   --->   Generic Core
ST_11 : Operation 292 [1/1] (0.00ns) (grouped into LUT with out node add_ln327_204)   --->   "%carry_878 = or i1 %tmp_709, i1 %tmp_708" [src/generic/fp_generic.cpp:327]   --->   Operation 292 'or' 'carry_878' <Predicate = true> <Delay = 0.00> <CoreInst = "LogicGate">   --->   Core 74 'LogicGate' <Latency = 0> <II = 1> <Delay = 0.12> <FuncUnit> <Opcode : 'and' 'or' 'xor'> <InPorts = 2> <OutPorts = 1>
ST_11 : Operation 293 [1/1] (0.00ns) (grouped into LUT with out node add_ln327_204)   --->   "%zext_ln331_11 = zext i1 %carry_878" [src/generic/fp_generic.cpp:331]   --->   Operation 293 'zext' 'zext_ln331_11' <Predicate = true> <Delay = 0.00>
ST_11 : Operation 294 [1/1] (0.00ns)   --->   "%zext_ln332_23 = zext i1 %carry_879" [src/generic/fp_generic.cpp:332]   --->   Operation 294 'zext' 'zext_ln332_23' <Predicate = true> <Delay = 0.00>
ST_11 : Operation 295 [1/1] (1.14ns)   --->   "%tempReg = add i64 %u_384, i64 %zext_ln332_23" [src/generic/fp_generic.cpp:332]   --->   Operation 295 'add' 'tempReg' <Predicate = true> <Delay = 1.14> <CoreInst = "Adder">   --->   Core 1 'Adder' <Latency = 0> <II = 1> <Delay = 1.14> <FuncUnit> <Opcode : 'add' 'sub'> <InPorts = 2> <OutPorts = 1>
ST_11 : Operation 296 [1/1] (1.43ns)   --->   "%tmp_712 = call i1 @is_digit_lessthan_ct, i64 %tempReg, i64 %zext_ln332_23" [src/generic/fp_generic.cpp:332]   --->   Operation 296 'call' 'tmp_712' <Predicate = true> <Delay = 1.43> <CoreType = "Generic">   --->   Generic Core
ST_11 : Operation 297 [1/1] (1.43ns)   --->   "%tmp_713 = call i1 @is_digit_lessthan_ct, i64 %tempReg, i64 %tempReg" [src/generic/fp_generic.cpp:332]   --->   Operation 297 'call' 'tmp_713' <Predicate = true> <Delay = 1.43> <CoreType = "Generic">   --->   Generic Core
ST_11 : Operation 298 [1/1] (0.00ns) (grouped into LUT with out node add_ln327_204)   --->   "%carry_880 = or i1 %tmp_713, i1 %tmp_712" [src/generic/fp_generic.cpp:332]   --->   Operation 298 'or' 'carry_880' <Predicate = true> <Delay = 0.00> <CoreInst = "LogicGate">   --->   Core 74 'LogicGate' <Latency = 0> <II = 1> <Delay = 0.12> <FuncUnit> <Opcode : 'and' 'or' 'xor'> <InPorts = 2> <OutPorts = 1>
ST_11 : Operation 299 [1/1] (0.00ns) (grouped into LUT with out node add_ln327_204)   --->   "%zext_ln334_19 = zext i1 %carry_880" [src/generic/fp_generic.cpp:334]   --->   Operation 299 'zext' 'zext_ln334_19' <Predicate = true> <Delay = 0.00>
ST_11 : Operation 300 [1/1] (0.00ns) (grouped into LUT with out node tempReg_791)   --->   "%UV_417 = extractvalue i128 %call_ret156" [src/generic/fp_generic.cpp:325]   --->   Operation 300 'extractvalue' 'UV_417' <Predicate = true> <Delay = 0.00>
ST_11 : Operation 301 [1/1] (1.14ns)   --->   "%v_510 = add i64 %UV_476, i64 %tempReg" [src/generic/fp_generic.cpp:326]   --->   Operation 301 'add' 'v_510' <Predicate = true> <Delay = 1.14> <CoreInst = "Adder">   --->   Core 1 'Adder' <Latency = 0> <II = 1> <Delay = 1.14> <FuncUnit> <Opcode : 'add' 'sub'> <InPorts = 2> <OutPorts = 1>
ST_11 : Operation 302 [1/1] (1.43ns)   --->   "%tmp_714 = call i1 @is_digit_lessthan_ct, i64 %UV_476, i64 0" [src/generic/fp_generic.cpp:326]   --->   Operation 302 'call' 'tmp_714' <Predicate = true> <Delay = 1.43> <CoreType = "Generic">   --->   Generic Core
ST_11 : Operation 303 [1/1] (1.43ns)   --->   "%tmp_715 = call i1 @is_digit_lessthan_ct, i64 %v_510, i64 %UV_476" [src/generic/fp_generic.cpp:326]   --->   Operation 303 'call' 'tmp_715' <Predicate = true> <Delay = 1.43> <CoreType = "Generic">   --->   Generic Core
ST_11 : Operation 304 [1/1] (0.12ns)   --->   "%carry_881 = or i1 %tmp_715, i1 %tmp_714" [src/generic/fp_generic.cpp:326]   --->   Operation 304 'or' 'carry_881' <Predicate = true> <Delay = 0.12> <CoreInst = "LogicGate">   --->   Core 74 'LogicGate' <Latency = 0> <II = 1> <Delay = 0.12> <FuncUnit> <Opcode : 'and' 'or' 'xor'> <InPorts = 2> <OutPorts = 1>
ST_11 : Operation 305 [1/1] (0.00ns)   --->   "%zext_ln327_56 = zext i1 %carry_881" [src/generic/fp_generic.cpp:327]   --->   Operation 305 'zext' 'zext_ln327_56' <Predicate = true> <Delay = 0.00>
ST_11 : Operation 306 [1/1] (1.14ns) (out node of the LUT)   --->   "%tempReg_791 = add i64 %UV_417, i64 %zext_ln327_56" [src/generic/fp_generic.cpp:327]   --->   Operation 306 'add' 'tempReg_791' <Predicate = true> <Delay = 1.14> <CoreInst = "Adder">   --->   Core 1 'Adder' <Latency = 0> <II = 1> <Delay = 1.14> <FuncUnit> <Opcode : 'add' 'sub'> <InPorts = 2> <OutPorts = 1>
ST_11 : Operation 307 [1/1] (0.43ns) (out node of the LUT)   --->   "%add_ln327_204 = add i2 %zext_ln331_11, i2 %zext_ln334_19" [src/generic/fp_generic.cpp:327]   --->   Operation 307 'add' 'add_ln327_204' <Predicate = true> <Delay = 0.43> <CoreInst = "Adder">   --->   Core 1 'Adder' <Latency = 0> <II = 1> <Delay = 0.43> <FuncUnit> <Opcode : 'add' 'sub'> <InPorts = 2> <OutPorts = 1>
ST_11 : Operation 308 [1/1] (0.00ns) (grouped into TernaryAdder)   --->   "%add_ln327_206 = add i2 %zext_ln303_45, i2 %zext_ln325_26" [src/generic/fp_generic.cpp:327]   --->   Operation 308 'add' 'add_ln327_206' <Predicate = true> <Delay = 0.00> <CoreInst = "TAddSub">   --->   Core 10 'TAddSub' <Latency = 0> <II = 1> <Delay = 0.42> <IPBlock> <Opcode : '' 'add' 'sub'> <InPorts = 3> <OutPorts = 1> <Sync> <CReg>
ST_11 : Operation 309 [1/1] (0.14ns) (root node of TernaryAdder)   --->   "%add_ln327_207 = add i2 %add_ln327_206, i2 %zext_ln325_27" [src/generic/fp_generic.cpp:327]   --->   Operation 309 'add' 'add_ln327_207' <Predicate = true> <Delay = 0.14> <CoreInst = "TAddSub">   --->   Core 10 'TAddSub' <Latency = 0> <II = 1> <Delay = 0.42> <IPBlock> <Opcode : '' 'add' 'sub'> <InPorts = 3> <OutPorts = 1> <Sync> <CReg>
ST_11 : Operation 310 [1/2] (1.43ns)   --->   "%call_ret159 = call i128 @digit_x_digit, i64 %v_488, i64 6937169319750509776" [src/generic/fp_generic.cpp:325]   --->   Operation 310 'call' 'call_ret159' <Predicate = true> <Delay = 1.43> <CoreType = "Generic">   --->   Generic Core
ST_11 : Operation 311 [1/1] (0.00ns)   --->   "%UV_477 = extractvalue i128 %call_ret159" [src/generic/fp_generic.cpp:325]   --->   Operation 311 'extractvalue' 'UV_477' <Predicate = true> <Delay = 0.00>
ST_11 : Operation 312 [1/1] (0.00ns) (grouped into LUT with out node tempReg_793)   --->   "%UV_418 = extractvalue i128 %call_ret159" [src/generic/fp_generic.cpp:325]   --->   Operation 312 'extractvalue' 'UV_418' <Predicate = true> <Delay = 0.00>
ST_11 : Operation 313 [1/1] (1.14ns)   --->   "%v_511 = add i64 %UV_477, i64 %v_510" [src/generic/fp_generic.cpp:326]   --->   Operation 313 'add' 'v_511' <Predicate = true> <Delay = 1.14> <CoreInst = "Adder">   --->   Core 1 'Adder' <Latency = 0> <II = 1> <Delay = 1.14> <FuncUnit> <Opcode : 'add' 'sub'> <InPorts = 2> <OutPorts = 1>
ST_11 : Operation 314 [1/1] (1.43ns)   --->   "%tmp_718 = call i1 @is_digit_lessthan_ct, i64 %UV_477, i64 0" [src/generic/fp_generic.cpp:326]   --->   Operation 314 'call' 'tmp_718' <Predicate = true> <Delay = 1.43> <CoreType = "Generic">   --->   Generic Core
ST_11 : Operation 315 [1/1] (1.43ns)   --->   "%tmp_719 = call i1 @is_digit_lessthan_ct, i64 %v_511, i64 %UV_477" [src/generic/fp_generic.cpp:326]   --->   Operation 315 'call' 'tmp_719' <Predicate = true> <Delay = 1.43> <CoreType = "Generic">   --->   Generic Core
ST_11 : Operation 316 [1/1] (0.12ns)   --->   "%carry_883 = or i1 %tmp_719, i1 %tmp_718" [src/generic/fp_generic.cpp:326]   --->   Operation 316 'or' 'carry_883' <Predicate = true> <Delay = 0.12> <CoreInst = "LogicGate">   --->   Core 74 'LogicGate' <Latency = 0> <II = 1> <Delay = 0.12> <FuncUnit> <Opcode : 'and' 'or' 'xor'> <InPorts = 2> <OutPorts = 1>
ST_11 : Operation 317 [1/1] (0.00ns)   --->   "%zext_ln327_57 = zext i1 %carry_883" [src/generic/fp_generic.cpp:327]   --->   Operation 317 'zext' 'zext_ln327_57' <Predicate = true> <Delay = 0.00>
ST_11 : Operation 318 [1/1] (1.14ns) (out node of the LUT)   --->   "%tempReg_793 = add i64 %UV_418, i64 %zext_ln327_57" [src/generic/fp_generic.cpp:327]   --->   Operation 318 'add' 'tempReg_793' <Predicate = true> <Delay = 1.14> <CoreInst = "Adder">   --->   Core 1 'Adder' <Latency = 0> <II = 1> <Delay = 1.14> <FuncUnit> <Opcode : 'add' 'sub'> <InPorts = 2> <OutPorts = 1>
ST_11 : Operation 319 [2/2] (6.71ns)   --->   "%call_ret162 = call i128 @digit_x_digit, i64 %v_490, i64 1989455001339985327" [src/generic/fp_generic.cpp:325]   --->   Operation 319 'call' 'call_ret162' <Predicate = true> <Delay = 6.71> <CoreType = "Generic">   --->   Generic Core
ST_11 : Operation 320 [2/2] (6.71ns)   --->   "%call_ret165 = call i128 @digit_x_digit, i64 %v_493, i64 1371447078966912928" [src/generic/fp_generic.cpp:325]   --->   Operation 320 'call' 'call_ret165' <Predicate = true> <Delay = 6.71> <CoreType = "Generic">   --->   Generic Core

State 12 <SV = 11> <Delay = 6.72>
ST_12 : Operation 321 [1/1] (0.00ns)   --->   "%zext_ln327_64 = zext i2 %add_ln327_204" [src/generic/fp_generic.cpp:327]   --->   Operation 321 'zext' 'zext_ln327_64' <Predicate = true> <Delay = 0.00>
ST_12 : Operation 322 [1/1] (0.00ns) (grouped into TernaryAdder)   --->   "%add_ln327_205 = add i64 %zext_ln327_64, i64 %tempReg_791" [src/generic/fp_generic.cpp:327]   --->   Operation 322 'add' 'add_ln327_205' <Predicate = true> <Delay = 0.00> <CoreInst = "TAddSub">   --->   Core 10 'TAddSub' <Latency = 0> <II = 1> <Delay = 0.42> <IPBlock> <Opcode : '' 'add' 'sub'> <InPorts = 3> <OutPorts = 1> <Sync> <CReg>
ST_12 : Operation 323 [1/1] (0.00ns)   --->   "%zext_ln327_65 = zext i2 %add_ln327_207" [src/generic/fp_generic.cpp:327]   --->   Operation 323 'zext' 'zext_ln327_65' <Predicate = true> <Delay = 0.00>
ST_12 : Operation 324 [1/1] (0.84ns) (root node of TernaryAdder)   --->   "%u_386 = add i64 %zext_ln327_65, i64 %add_ln327_205" [src/generic/fp_generic.cpp:327]   --->   Operation 324 'add' 'u_386' <Predicate = true> <Delay = 0.84> <CoreInst = "TAddSub">   --->   Core 10 'TAddSub' <Latency = 0> <II = 1> <Delay = 0.42> <IPBlock> <Opcode : '' 'add' 'sub'> <InPorts = 3> <OutPorts = 1> <Sync> <CReg>
ST_12 : Operation 325 [1/1] (1.43ns)   --->   "%tmp_716 = call i1 @is_digit_lessthan_ct, i64 %tempReg_791, i64 %zext_ln327_56" [src/generic/fp_generic.cpp:327]   --->   Operation 325 'call' 'tmp_716' <Predicate = true> <Delay = 1.43> <CoreType = "Generic">   --->   Generic Core
ST_12 : Operation 326 [1/1] (1.43ns)   --->   "%tmp_717 = call i1 @is_digit_lessthan_ct, i64 %u_386, i64 %tempReg_791" [src/generic/fp_generic.cpp:327]   --->   Operation 326 'call' 'tmp_717' <Predicate = true> <Delay = 1.43> <CoreType = "Generic">   --->   Generic Core
ST_12 : Operation 327 [1/1] (1.14ns)   --->   "%u_387 = add i64 %tempReg_793, i64 %u_386" [src/generic/fp_generic.cpp:327]   --->   Operation 327 'add' 'u_387' <Predicate = true> <Delay = 1.14> <CoreInst = "Adder">   --->   Core 1 'Adder' <Latency = 0> <II = 1> <Delay = 1.14> <FuncUnit> <Opcode : 'add' 'sub'> <InPorts = 2> <OutPorts = 1>
ST_12 : Operation 328 [1/1] (1.43ns)   --->   "%tmp_720 = call i1 @is_digit_lessthan_ct, i64 %tempReg_793, i64 %zext_ln327_57" [src/generic/fp_generic.cpp:327]   --->   Operation 328 'call' 'tmp_720' <Predicate = true> <Delay = 1.43> <CoreType = "Generic">   --->   Generic Core
ST_12 : Operation 329 [1/1] (1.43ns)   --->   "%tmp_721 = call i1 @is_digit_lessthan_ct, i64 %u_387, i64 %tempReg_793" [src/generic/fp_generic.cpp:327]   --->   Operation 329 'call' 'tmp_721' <Predicate = true> <Delay = 1.43> <CoreType = "Generic">   --->   Generic Core
ST_12 : Operation 330 [1/2] (1.43ns)   --->   "%call_ret162 = call i128 @digit_x_digit, i64 %v_490, i64 1989455001339985327" [src/generic/fp_generic.cpp:325]   --->   Operation 330 'call' 'call_ret162' <Predicate = true> <Delay = 1.43> <CoreType = "Generic">   --->   Generic Core
ST_12 : Operation 331 [1/1] (0.00ns)   --->   "%UV_478 = extractvalue i128 %call_ret162" [src/generic/fp_generic.cpp:325]   --->   Operation 331 'extractvalue' 'UV_478' <Predicate = true> <Delay = 0.00>
ST_12 : Operation 332 [1/1] (0.00ns) (grouped into LUT with out node tempReg_795)   --->   "%UV_419 = extractvalue i128 %call_ret162" [src/generic/fp_generic.cpp:325]   --->   Operation 332 'extractvalue' 'UV_419' <Predicate = true> <Delay = 0.00>
ST_12 : Operation 333 [1/1] (1.14ns)   --->   "%v_512 = add i64 %UV_478, i64 %v_511" [src/generic/fp_generic.cpp:326]   --->   Operation 333 'add' 'v_512' <Predicate = true> <Delay = 1.14> <CoreInst = "Adder">   --->   Core 1 'Adder' <Latency = 0> <II = 1> <Delay = 1.14> <FuncUnit> <Opcode : 'add' 'sub'> <InPorts = 2> <OutPorts = 1>
ST_12 : Operation 334 [1/1] (1.43ns)   --->   "%tmp_722 = call i1 @is_digit_lessthan_ct, i64 %UV_478, i64 0" [src/generic/fp_generic.cpp:326]   --->   Operation 334 'call' 'tmp_722' <Predicate = true> <Delay = 1.43> <CoreType = "Generic">   --->   Generic Core
ST_12 : Operation 335 [1/1] (1.43ns)   --->   "%tmp_723 = call i1 @is_digit_lessthan_ct, i64 %v_512, i64 %UV_478" [src/generic/fp_generic.cpp:326]   --->   Operation 335 'call' 'tmp_723' <Predicate = true> <Delay = 1.43> <CoreType = "Generic">   --->   Generic Core
ST_12 : Operation 336 [1/1] (0.12ns)   --->   "%carry_885 = or i1 %tmp_723, i1 %tmp_722" [src/generic/fp_generic.cpp:326]   --->   Operation 336 'or' 'carry_885' <Predicate = true> <Delay = 0.12> <CoreInst = "LogicGate">   --->   Core 74 'LogicGate' <Latency = 0> <II = 1> <Delay = 0.12> <FuncUnit> <Opcode : 'and' 'or' 'xor'> <InPorts = 2> <OutPorts = 1>
ST_12 : Operation 337 [1/1] (0.00ns)   --->   "%zext_ln327_58 = zext i1 %carry_885" [src/generic/fp_generic.cpp:327]   --->   Operation 337 'zext' 'zext_ln327_58' <Predicate = true> <Delay = 0.00>
ST_12 : Operation 338 [1/1] (1.14ns) (out node of the LUT)   --->   "%tempReg_795 = add i64 %UV_419, i64 %zext_ln327_58" [src/generic/fp_generic.cpp:327]   --->   Operation 338 'add' 'tempReg_795' <Predicate = true> <Delay = 1.14> <CoreInst = "Adder">   --->   Core 1 'Adder' <Latency = 0> <II = 1> <Delay = 1.14> <FuncUnit> <Opcode : 'add' 'sub'> <InPorts = 2> <OutPorts = 1>
ST_12 : Operation 339 [1/1] (1.14ns)   --->   "%u_388 = add i64 %tempReg_795, i64 %u_387" [src/generic/fp_generic.cpp:327]   --->   Operation 339 'add' 'u_388' <Predicate = true> <Delay = 1.14> <CoreInst = "Adder">   --->   Core 1 'Adder' <Latency = 0> <II = 1> <Delay = 1.14> <FuncUnit> <Opcode : 'add' 'sub'> <InPorts = 2> <OutPorts = 1>
ST_12 : Operation 340 [1/1] (1.43ns)   --->   "%tmp_724 = call i1 @is_digit_lessthan_ct, i64 %tempReg_795, i64 %zext_ln327_58" [src/generic/fp_generic.cpp:327]   --->   Operation 340 'call' 'tmp_724' <Predicate = true> <Delay = 1.43> <CoreType = "Generic">   --->   Generic Core
ST_12 : Operation 341 [1/2] (1.43ns)   --->   "%call_ret165 = call i128 @digit_x_digit, i64 %v_493, i64 1371447078966912928" [src/generic/fp_generic.cpp:325]   --->   Operation 341 'call' 'call_ret165' <Predicate = true> <Delay = 1.43> <CoreType = "Generic">   --->   Generic Core
ST_12 : Operation 342 [1/1] (0.00ns)   --->   "%UV_479 = extractvalue i128 %call_ret165" [src/generic/fp_generic.cpp:325]   --->   Operation 342 'extractvalue' 'UV_479' <Predicate = true> <Delay = 0.00>
ST_12 : Operation 343 [1/1] (0.00ns) (grouped into LUT with out node tempReg_797)   --->   "%UV_420 = extractvalue i128 %call_ret165" [src/generic/fp_generic.cpp:325]   --->   Operation 343 'extractvalue' 'UV_420' <Predicate = true> <Delay = 0.00>
ST_12 : Operation 344 [1/1] (1.14ns)   --->   "%v_513 = add i64 %UV_479, i64 %v_512" [src/generic/fp_generic.cpp:326]   --->   Operation 344 'add' 'v_513' <Predicate = true> <Delay = 1.14> <CoreInst = "Adder">   --->   Core 1 'Adder' <Latency = 0> <II = 1> <Delay = 1.14> <FuncUnit> <Opcode : 'add' 'sub'> <InPorts = 2> <OutPorts = 1>
ST_12 : Operation 345 [1/1] (1.43ns)   --->   "%tmp_726 = call i1 @is_digit_lessthan_ct, i64 %UV_479, i64 0" [src/generic/fp_generic.cpp:326]   --->   Operation 345 'call' 'tmp_726' <Predicate = true> <Delay = 1.43> <CoreType = "Generic">   --->   Generic Core
ST_12 : Operation 346 [1/1] (1.43ns)   --->   "%tmp_727 = call i1 @is_digit_lessthan_ct, i64 %v_513, i64 %UV_479" [src/generic/fp_generic.cpp:326]   --->   Operation 346 'call' 'tmp_727' <Predicate = true> <Delay = 1.43> <CoreType = "Generic">   --->   Generic Core
ST_12 : Operation 347 [1/1] (0.12ns)   --->   "%carry_887 = or i1 %tmp_727, i1 %tmp_726" [src/generic/fp_generic.cpp:326]   --->   Operation 347 'or' 'carry_887' <Predicate = true> <Delay = 0.12> <CoreInst = "LogicGate">   --->   Core 74 'LogicGate' <Latency = 0> <II = 1> <Delay = 0.12> <FuncUnit> <Opcode : 'and' 'or' 'xor'> <InPorts = 2> <OutPorts = 1>
ST_12 : Operation 348 [1/1] (0.00ns)   --->   "%zext_ln327_59 = zext i1 %carry_887" [src/generic/fp_generic.cpp:327]   --->   Operation 348 'zext' 'zext_ln327_59' <Predicate = true> <Delay = 0.00>
ST_12 : Operation 349 [1/1] (1.14ns) (out node of the LUT)   --->   "%tempReg_797 = add i64 %UV_420, i64 %zext_ln327_59" [src/generic/fp_generic.cpp:327]   --->   Operation 349 'add' 'tempReg_797' <Predicate = true> <Delay = 1.14> <CoreInst = "Adder">   --->   Core 1 'Adder' <Latency = 0> <II = 1> <Delay = 1.14> <FuncUnit> <Opcode : 'add' 'sub'> <InPorts = 2> <OutPorts = 1>
ST_12 : Operation 350 [2/2] (6.71ns)   --->   "%call_ret168 = call i128 @digit_x_digit, i64 %v_497, i64 12393906174523604992" [src/generic/fp_generic.cpp:325]   --->   Operation 350 'call' 'call_ret168' <Predicate = true> <Delay = 6.71> <CoreType = "Generic">   --->   Generic Core
ST_12 : Operation 351 [1/1] (0.00ns)   --->   "%ma_1_addr_24 = getelementptr i64 %ma_1, i64 0, i64 3" [src/generic/fp_generic.cpp:331]   --->   Operation 351 'getelementptr' 'ma_1_addr_24' <Predicate = true> <Delay = 0.00>
ST_12 : Operation 352 [2/2] (0.71ns)   --->   "%ma_1_load_24 = load i3 %ma_1_addr_24" [src/generic/fp_generic.cpp:331]   --->   Operation 352 'load' 'ma_1_load_24' <Predicate = true> <Delay = 0.71> <CoreInst = "RAM_1P">   --->   Core 87 'RAM_1P' <Latency = 1> <II = 1> <Delay = 0.71> <Storage> <Opcode : 'load' 'store'> <Ports = 1> <Width = 64> <Depth = 8> <RAM>

State 13 <SV = 12> <Delay = 6.72>
ST_13 : Operation 353 [1/1] (0.00ns) (grouped into LUT with out node add_ln356_368)   --->   "%carry_963 = or i1 %tmp_717, i1 %tmp_716" [src/generic/fp_generic.cpp:327]   --->   Operation 353 'or' 'carry_963' <Predicate = true> <Delay = 0.00> <CoreInst = "LogicGate">   --->   Core 74 'LogicGate' <Latency = 0> <II = 1> <Delay = 0.12> <FuncUnit> <Opcode : 'and' 'or' 'xor'> <InPorts = 2> <OutPorts = 1>
ST_13 : Operation 354 [1/1] (0.00ns) (grouped into LUT with out node add_ln356_368)   --->   "%zext_ln303_46 = zext i1 %carry_963" [src/generic/fp_generic.cpp:303]   --->   Operation 354 'zext' 'zext_ln303_46' <Predicate = true> <Delay = 0.00>
ST_13 : Operation 355 [1/1] (0.00ns) (grouped into LUT with out node add_ln356_367)   --->   "%carry_884 = or i1 %tmp_721, i1 %tmp_720" [src/generic/fp_generic.cpp:327]   --->   Operation 355 'or' 'carry_884' <Predicate = true> <Delay = 0.00> <CoreInst = "LogicGate">   --->   Core 74 'LogicGate' <Latency = 0> <II = 1> <Delay = 0.12> <FuncUnit> <Opcode : 'and' 'or' 'xor'> <InPorts = 2> <OutPorts = 1>
ST_13 : Operation 356 [1/1] (0.00ns) (grouped into LUT with out node add_ln356_367)   --->   "%zext_ln325_28 = zext i1 %carry_884" [src/generic/fp_generic.cpp:325]   --->   Operation 356 'zext' 'zext_ln325_28' <Predicate = true> <Delay = 0.00>
ST_13 : Operation 357 [1/1] (1.43ns)   --->   "%tmp_725 = call i1 @is_digit_lessthan_ct, i64 %u_388, i64 %tempReg_795" [src/generic/fp_generic.cpp:327]   --->   Operation 357 'call' 'tmp_725' <Predicate = true> <Delay = 1.43> <CoreType = "Generic">   --->   Generic Core
ST_13 : Operation 358 [1/1] (0.00ns) (grouped into LUT with out node add_ln356_368)   --->   "%carry_886 = or i1 %tmp_725, i1 %tmp_724" [src/generic/fp_generic.cpp:327]   --->   Operation 358 'or' 'carry_886' <Predicate = true> <Delay = 0.00> <CoreInst = "LogicGate">   --->   Core 74 'LogicGate' <Latency = 0> <II = 1> <Delay = 0.12> <FuncUnit> <Opcode : 'and' 'or' 'xor'> <InPorts = 2> <OutPorts = 1>
ST_13 : Operation 359 [1/1] (0.00ns) (grouped into LUT with out node add_ln356_368)   --->   "%zext_ln325_29 = zext i1 %carry_886" [src/generic/fp_generic.cpp:325]   --->   Operation 359 'zext' 'zext_ln325_29' <Predicate = true> <Delay = 0.00>
ST_13 : Operation 360 [1/1] (1.14ns)   --->   "%u_389 = add i64 %tempReg_797, i64 %u_388" [src/generic/fp_generic.cpp:327]   --->   Operation 360 'add' 'u_389' <Predicate = true> <Delay = 1.14> <CoreInst = "Adder">   --->   Core 1 'Adder' <Latency = 0> <II = 1> <Delay = 1.14> <FuncUnit> <Opcode : 'add' 'sub'> <InPorts = 2> <OutPorts = 1>
ST_13 : Operation 361 [1/1] (1.43ns)   --->   "%tmp_728 = call i1 @is_digit_lessthan_ct, i64 %tempReg_797, i64 %zext_ln327_59" [src/generic/fp_generic.cpp:327]   --->   Operation 361 'call' 'tmp_728' <Predicate = true> <Delay = 1.43> <CoreType = "Generic">   --->   Generic Core
ST_13 : Operation 362 [1/1] (1.43ns)   --->   "%tmp_729 = call i1 @is_digit_lessthan_ct, i64 %u_389, i64 %tempReg_797" [src/generic/fp_generic.cpp:327]   --->   Operation 362 'call' 'tmp_729' <Predicate = true> <Delay = 1.43> <CoreType = "Generic">   --->   Generic Core
ST_13 : Operation 363 [1/1] (0.00ns) (grouped into LUT with out node add_ln356_367)   --->   "%carry_888 = or i1 %tmp_729, i1 %tmp_728" [src/generic/fp_generic.cpp:327]   --->   Operation 363 'or' 'carry_888' <Predicate = true> <Delay = 0.00> <CoreInst = "LogicGate">   --->   Core 74 'LogicGate' <Latency = 0> <II = 1> <Delay = 0.12> <FuncUnit> <Opcode : 'and' 'or' 'xor'> <InPorts = 2> <OutPorts = 1>
ST_13 : Operation 364 [1/1] (0.00ns) (grouped into LUT with out node add_ln356_367)   --->   "%zext_ln325_30 = zext i1 %carry_888" [src/generic/fp_generic.cpp:325]   --->   Operation 364 'zext' 'zext_ln325_30' <Predicate = true> <Delay = 0.00>
ST_13 : Operation 365 [1/2] (1.43ns)   --->   "%call_ret168 = call i128 @digit_x_digit, i64 %v_497, i64 12393906174523604992" [src/generic/fp_generic.cpp:325]   --->   Operation 365 'call' 'call_ret168' <Predicate = true> <Delay = 1.43> <CoreType = "Generic">   --->   Generic Core
ST_13 : Operation 366 [1/1] (0.00ns)   --->   "%UV_480 = extractvalue i128 %call_ret168" [src/generic/fp_generic.cpp:325]   --->   Operation 366 'extractvalue' 'UV_480' <Predicate = true> <Delay = 0.00>
ST_13 : Operation 367 [1/1] (0.00ns) (grouped into LUT with out node tempReg_799)   --->   "%UV_421 = extractvalue i128 %call_ret168" [src/generic/fp_generic.cpp:325]   --->   Operation 367 'extractvalue' 'UV_421' <Predicate = true> <Delay = 0.00>
ST_13 : Operation 368 [1/1] (1.14ns)   --->   "%v_514 = add i64 %UV_480, i64 %v_513" [src/generic/fp_generic.cpp:326]   --->   Operation 368 'add' 'v_514' <Predicate = true> <Delay = 1.14> <CoreInst = "Adder">   --->   Core 1 'Adder' <Latency = 0> <II = 1> <Delay = 1.14> <FuncUnit> <Opcode : 'add' 'sub'> <InPorts = 2> <OutPorts = 1>
ST_13 : Operation 369 [1/1] (1.43ns)   --->   "%tmp_730 = call i1 @is_digit_lessthan_ct, i64 %UV_480, i64 0" [src/generic/fp_generic.cpp:326]   --->   Operation 369 'call' 'tmp_730' <Predicate = true> <Delay = 1.43> <CoreType = "Generic">   --->   Generic Core
ST_13 : Operation 370 [1/1] (1.43ns)   --->   "%tmp_731 = call i1 @is_digit_lessthan_ct, i64 %v_514, i64 %UV_480" [src/generic/fp_generic.cpp:326]   --->   Operation 370 'call' 'tmp_731' <Predicate = true> <Delay = 1.43> <CoreType = "Generic">   --->   Generic Core
ST_13 : Operation 371 [1/1] (0.12ns)   --->   "%carry_889 = or i1 %tmp_731, i1 %tmp_730" [src/generic/fp_generic.cpp:326]   --->   Operation 371 'or' 'carry_889' <Predicate = true> <Delay = 0.12> <CoreInst = "LogicGate">   --->   Core 74 'LogicGate' <Latency = 0> <II = 1> <Delay = 0.12> <FuncUnit> <Opcode : 'and' 'or' 'xor'> <InPorts = 2> <OutPorts = 1>
ST_13 : Operation 372 [1/1] (0.00ns)   --->   "%zext_ln327_60 = zext i1 %carry_889" [src/generic/fp_generic.cpp:327]   --->   Operation 372 'zext' 'zext_ln327_60' <Predicate = true> <Delay = 0.00>
ST_13 : Operation 373 [1/1] (1.14ns) (out node of the LUT)   --->   "%tempReg_799 = add i64 %UV_421, i64 %zext_ln327_60" [src/generic/fp_generic.cpp:327]   --->   Operation 373 'add' 'tempReg_799' <Predicate = true> <Delay = 1.14> <CoreInst = "Adder">   --->   Core 1 'Adder' <Latency = 0> <II = 1> <Delay = 1.14> <FuncUnit> <Opcode : 'add' 'sub'> <InPorts = 2> <OutPorts = 1>
ST_13 : Operation 374 [1/1] (1.14ns)   --->   "%u_390 = add i64 %tempReg_799, i64 %u_389" [src/generic/fp_generic.cpp:327]   --->   Operation 374 'add' 'u_390' <Predicate = true> <Delay = 1.14> <CoreInst = "Adder">   --->   Core 1 'Adder' <Latency = 0> <II = 1> <Delay = 1.14> <FuncUnit> <Opcode : 'add' 'sub'> <InPorts = 2> <OutPorts = 1>
ST_13 : Operation 375 [1/1] (1.43ns)   --->   "%tmp_732 = call i1 @is_digit_lessthan_ct, i64 %tempReg_799, i64 %zext_ln327_60" [src/generic/fp_generic.cpp:327]   --->   Operation 375 'call' 'tmp_732' <Predicate = true> <Delay = 1.43> <CoreType = "Generic">   --->   Generic Core
ST_13 : Operation 376 [1/2] ( I:0.71ns O:0.71ns )   --->   "%ma_1_load_24 = load i3 %ma_1_addr_24" [src/generic/fp_generic.cpp:331]   --->   Operation 376 'load' 'ma_1_load_24' <Predicate = true> <Delay = 0.71> <CoreInst = "RAM_1P">   --->   Core 87 'RAM_1P' <Latency = 1> <II = 1> <Delay = 0.71> <Storage> <Opcode : 'load' 'store'> <Ports = 1> <Width = 64> <Depth = 8> <RAM>
ST_13 : Operation 377 [1/1] (1.14ns)   --->   "%v_515 = add i64 %ma_1_load_24, i64 %v_514" [src/generic/fp_generic.cpp:331]   --->   Operation 377 'add' 'v_515' <Predicate = true> <Delay = 1.14> <CoreInst = "Adder">   --->   Core 1 'Adder' <Latency = 0> <II = 1> <Delay = 1.14> <FuncUnit> <Opcode : 'add' 'sub'> <InPorts = 2> <OutPorts = 1>
ST_13 : Operation 378 [1/1] (1.43ns)   --->   "%tmp_734 = call i1 @is_digit_lessthan_ct, i64 %v_514, i64 0" [src/generic/fp_generic.cpp:331]   --->   Operation 378 'call' 'tmp_734' <Predicate = true> <Delay = 1.43> <CoreType = "Generic">   --->   Generic Core
ST_13 : Operation 379 [1/1] (1.43ns)   --->   "%tmp_735 = call i1 @is_digit_lessthan_ct, i64 %v_515, i64 %v_514" [src/generic/fp_generic.cpp:331]   --->   Operation 379 'call' 'tmp_735' <Predicate = true> <Delay = 1.43> <CoreType = "Generic">   --->   Generic Core
ST_13 : Operation 380 [1/1] (0.12ns)   --->   "%carry_891 = or i1 %tmp_735, i1 %tmp_734" [src/generic/fp_generic.cpp:331]   --->   Operation 380 'or' 'carry_891' <Predicate = true> <Delay = 0.12> <CoreInst = "LogicGate">   --->   Core 74 'LogicGate' <Latency = 0> <II = 1> <Delay = 0.12> <FuncUnit> <Opcode : 'and' 'or' 'xor'> <InPorts = 2> <OutPorts = 1>
ST_13 : Operation 381 [2/2] (6.71ns)   --->   "%call_ret171 = call i128 @digit_x_digit, i64 %v_488, i64 18127602061483550" [src/generic/fp_generic.cpp:354]   --->   Operation 381 'call' 'call_ret171' <Predicate = true> <Delay = 6.71> <CoreType = "Generic">   --->   Generic Core
ST_13 : Operation 382 [1/1] (0.43ns) (out node of the LUT)   --->   "%add_ln356_367 = add i2 %zext_ln325_30, i2 %zext_ln325_28" [src/generic/fp_generic.cpp:356]   --->   Operation 382 'add' 'add_ln356_367' <Predicate = true> <Delay = 0.43> <CoreInst = "Adder">   --->   Core 1 'Adder' <Latency = 0> <II = 1> <Delay = 0.43> <FuncUnit> <Opcode : 'add' 'sub'> <InPorts = 2> <OutPorts = 1>
ST_13 : Operation 383 [1/1] (0.00ns)   --->   "%zext_ln356_125 = zext i2 %add_ln356_367" [src/generic/fp_generic.cpp:356]   --->   Operation 383 'zext' 'zext_ln356_125' <Predicate = true> <Delay = 0.00>
ST_13 : Operation 384 [1/1] (0.43ns) (out node of the LUT)   --->   "%add_ln356_368 = add i2 %zext_ln325_29, i2 %zext_ln303_46" [src/generic/fp_generic.cpp:356]   --->   Operation 384 'add' 'add_ln356_368' <Predicate = true> <Delay = 0.43> <CoreInst = "Adder">   --->   Core 1 'Adder' <Latency = 0> <II = 1> <Delay = 0.43> <FuncUnit> <Opcode : 'add' 'sub'> <InPorts = 2> <OutPorts = 1>
ST_13 : Operation 385 [1/1] (0.00ns)   --->   "%zext_ln356_126 = zext i2 %add_ln356_368" [src/generic/fp_generic.cpp:356]   --->   Operation 385 'zext' 'zext_ln356_126' <Predicate = true> <Delay = 0.00>
ST_13 : Operation 386 [1/1] (0.43ns)   --->   "%add_ln356_369 = add i3 %zext_ln356_126, i3 %zext_ln356_125" [src/generic/fp_generic.cpp:356]   --->   Operation 386 'add' 'add_ln356_369' <Predicate = true> <Delay = 0.43> <CoreInst = "Adder">   --->   Core 1 'Adder' <Latency = 0> <II = 1> <Delay = 0.43> <FuncUnit> <Opcode : 'add' 'sub'> <InPorts = 2> <OutPorts = 1>
ST_13 : Operation 387 [2/2] (6.71ns)   --->   "%call_ret174 = call i128 @digit_x_digit, i64 %v_490, i64 6937169319750509776" [src/generic/fp_generic.cpp:354]   --->   Operation 387 'call' 'call_ret174' <Predicate = true> <Delay = 6.71> <CoreType = "Generic">   --->   Generic Core

State 14 <SV = 13> <Delay = 6.72>
ST_14 : Operation 388 [1/1] (1.43ns)   --->   "%tmp_733 = call i1 @is_digit_lessthan_ct, i64 %u_390, i64 %tempReg_799" [src/generic/fp_generic.cpp:327]   --->   Operation 388 'call' 'tmp_733' <Predicate = true> <Delay = 1.43> <CoreType = "Generic">   --->   Generic Core
ST_14 : Operation 389 [1/1] (0.00ns) (grouped into LUT with out node add_ln356)   --->   "%carry_890 = or i1 %tmp_733, i1 %tmp_732" [src/generic/fp_generic.cpp:327]   --->   Operation 389 'or' 'carry_890' <Predicate = true> <Delay = 0.00> <CoreInst = "LogicGate">   --->   Core 74 'LogicGate' <Latency = 0> <II = 1> <Delay = 0.12> <FuncUnit> <Opcode : 'and' 'or' 'xor'> <InPorts = 2> <OutPorts = 1>
ST_14 : Operation 390 [1/1] (0.00ns) (grouped into LUT with out node add_ln356)   --->   "%zext_ln331_12 = zext i1 %carry_890" [src/generic/fp_generic.cpp:331]   --->   Operation 390 'zext' 'zext_ln331_12' <Predicate = true> <Delay = 0.00>
ST_14 : Operation 391 [1/1] (0.00ns)   --->   "%zext_ln332_24 = zext i1 %carry_891" [src/generic/fp_generic.cpp:332]   --->   Operation 391 'zext' 'zext_ln332_24' <Predicate = true> <Delay = 0.00>
ST_14 : Operation 392 [1/1] (1.14ns)   --->   "%tempReg_861 = add i64 %u_390, i64 %zext_ln332_24" [src/generic/fp_generic.cpp:332]   --->   Operation 392 'add' 'tempReg_861' <Predicate = true> <Delay = 1.14> <CoreInst = "Adder">   --->   Core 1 'Adder' <Latency = 0> <II = 1> <Delay = 1.14> <FuncUnit> <Opcode : 'add' 'sub'> <InPorts = 2> <OutPorts = 1>
ST_14 : Operation 393 [1/1] (1.43ns)   --->   "%tmp_736 = call i1 @is_digit_lessthan_ct, i64 %tempReg_861, i64 %zext_ln332_24" [src/generic/fp_generic.cpp:332]   --->   Operation 393 'call' 'tmp_736' <Predicate = true> <Delay = 1.43> <CoreType = "Generic">   --->   Generic Core
ST_14 : Operation 394 [1/1] (1.43ns)   --->   "%tmp_737 = call i1 @is_digit_lessthan_ct, i64 %tempReg_861, i64 %tempReg_861" [src/generic/fp_generic.cpp:332]   --->   Operation 394 'call' 'tmp_737' <Predicate = true> <Delay = 1.43> <CoreType = "Generic">   --->   Generic Core
ST_14 : Operation 395 [1/1] (0.00ns) (grouped into LUT with out node add_ln356)   --->   "%carry_892 = or i1 %tmp_737, i1 %tmp_736" [src/generic/fp_generic.cpp:332]   --->   Operation 395 'or' 'carry_892' <Predicate = true> <Delay = 0.00> <CoreInst = "LogicGate">   --->   Core 74 'LogicGate' <Latency = 0> <II = 1> <Delay = 0.12> <FuncUnit> <Opcode : 'and' 'or' 'xor'> <InPorts = 2> <OutPorts = 1>
ST_14 : Operation 396 [1/1] (0.00ns) (grouped into LUT with out node add_ln356)   --->   "%zext_ln334_20 = zext i1 %carry_892" [src/generic/fp_generic.cpp:334]   --->   Operation 396 'zext' 'zext_ln334_20' <Predicate = true> <Delay = 0.00>
ST_14 : Operation 397 [1/2] (1.43ns)   --->   "%call_ret171 = call i128 @digit_x_digit, i64 %v_488, i64 18127602061483550" [src/generic/fp_generic.cpp:354]   --->   Operation 397 'call' 'call_ret171' <Predicate = true> <Delay = 1.43> <CoreType = "Generic">   --->   Generic Core
ST_14 : Operation 398 [1/1] (0.00ns)   --->   "%UV_481 = extractvalue i128 %call_ret171" [src/generic/fp_generic.cpp:354]   --->   Operation 398 'extractvalue' 'UV_481' <Predicate = true> <Delay = 0.00>
ST_14 : Operation 399 [1/1] (0.00ns) (grouped into LUT with out node tempReg_802)   --->   "%UV_422 = extractvalue i128 %call_ret171" [src/generic/fp_generic.cpp:354]   --->   Operation 399 'extractvalue' 'UV_422' <Predicate = true> <Delay = 0.00>
ST_14 : Operation 400 [1/1] (1.14ns)   --->   "%v_517 = add i64 %UV_481, i64 %tempReg_861" [src/generic/fp_generic.cpp:355]   --->   Operation 400 'add' 'v_517' <Predicate = true> <Delay = 1.14> <CoreInst = "Adder">   --->   Core 1 'Adder' <Latency = 0> <II = 1> <Delay = 1.14> <FuncUnit> <Opcode : 'add' 'sub'> <InPorts = 2> <OutPorts = 1>
ST_14 : Operation 401 [1/1] (1.43ns)   --->   "%tmp_738 = call i1 @is_digit_lessthan_ct, i64 %UV_481, i64 0" [src/generic/fp_generic.cpp:355]   --->   Operation 401 'call' 'tmp_738' <Predicate = true> <Delay = 1.43> <CoreType = "Generic">   --->   Generic Core
ST_14 : Operation 402 [1/1] (1.43ns)   --->   "%tmp_739 = call i1 @is_digit_lessthan_ct, i64 %v_517, i64 %UV_481" [src/generic/fp_generic.cpp:355]   --->   Operation 402 'call' 'tmp_739' <Predicate = true> <Delay = 1.43> <CoreType = "Generic">   --->   Generic Core
ST_14 : Operation 403 [1/1] (0.12ns)   --->   "%carry_893 = or i1 %tmp_739, i1 %tmp_738" [src/generic/fp_generic.cpp:355]   --->   Operation 403 'or' 'carry_893' <Predicate = true> <Delay = 0.12> <CoreInst = "LogicGate">   --->   Core 74 'LogicGate' <Latency = 0> <II = 1> <Delay = 0.12> <FuncUnit> <Opcode : 'and' 'or' 'xor'> <InPorts = 2> <OutPorts = 1>
ST_14 : Operation 404 [1/1] (0.00ns)   --->   "%zext_ln356 = zext i1 %carry_893" [src/generic/fp_generic.cpp:356]   --->   Operation 404 'zext' 'zext_ln356' <Predicate = true> <Delay = 0.00>
ST_14 : Operation 405 [1/1] (1.14ns) (out node of the LUT)   --->   "%tempReg_802 = add i64 %UV_422, i64 %zext_ln356" [src/generic/fp_generic.cpp:356]   --->   Operation 405 'add' 'tempReg_802' <Predicate = true> <Delay = 1.14> <CoreInst = "Adder">   --->   Core 1 'Adder' <Latency = 0> <II = 1> <Delay = 1.14> <FuncUnit> <Opcode : 'add' 'sub'> <InPorts = 2> <OutPorts = 1>
ST_14 : Operation 406 [1/1] (0.43ns) (out node of the LUT)   --->   "%add_ln356 = add i2 %zext_ln331_12, i2 %zext_ln334_20" [src/generic/fp_generic.cpp:356]   --->   Operation 406 'add' 'add_ln356' <Predicate = true> <Delay = 0.43> <CoreInst = "Adder">   --->   Core 1 'Adder' <Latency = 0> <II = 1> <Delay = 0.43> <FuncUnit> <Opcode : 'add' 'sub'> <InPorts = 2> <OutPorts = 1>
ST_14 : Operation 407 [1/1] (1.43ns)   --->   "%tmp_740 = call i1 @is_digit_lessthan_ct, i64 %tempReg_802, i64 %zext_ln356" [src/generic/fp_generic.cpp:356]   --->   Operation 407 'call' 'tmp_740' <Predicate = true> <Delay = 1.43> <CoreType = "Generic">   --->   Generic Core
ST_14 : Operation 408 [1/2] (1.43ns)   --->   "%call_ret174 = call i128 @digit_x_digit, i64 %v_490, i64 6937169319750509776" [src/generic/fp_generic.cpp:354]   --->   Operation 408 'call' 'call_ret174' <Predicate = true> <Delay = 1.43> <CoreType = "Generic">   --->   Generic Core
ST_14 : Operation 409 [1/1] (0.00ns)   --->   "%UV_482 = extractvalue i128 %call_ret174" [src/generic/fp_generic.cpp:354]   --->   Operation 409 'extractvalue' 'UV_482' <Predicate = true> <Delay = 0.00>
ST_14 : Operation 410 [1/1] (0.00ns) (grouped into LUT with out node tempReg_804)   --->   "%UV_423 = extractvalue i128 %call_ret174" [src/generic/fp_generic.cpp:354]   --->   Operation 410 'extractvalue' 'UV_423' <Predicate = true> <Delay = 0.00>
ST_14 : Operation 411 [1/1] (1.14ns)   --->   "%v_518 = add i64 %UV_482, i64 %v_517" [src/generic/fp_generic.cpp:355]   --->   Operation 411 'add' 'v_518' <Predicate = true> <Delay = 1.14> <CoreInst = "Adder">   --->   Core 1 'Adder' <Latency = 0> <II = 1> <Delay = 1.14> <FuncUnit> <Opcode : 'add' 'sub'> <InPorts = 2> <OutPorts = 1>
ST_14 : Operation 412 [1/1] (1.43ns)   --->   "%tmp_742 = call i1 @is_digit_lessthan_ct, i64 %UV_482, i64 0" [src/generic/fp_generic.cpp:355]   --->   Operation 412 'call' 'tmp_742' <Predicate = true> <Delay = 1.43> <CoreType = "Generic">   --->   Generic Core
ST_14 : Operation 413 [1/1] (1.43ns)   --->   "%tmp_743 = call i1 @is_digit_lessthan_ct, i64 %v_518, i64 %UV_482" [src/generic/fp_generic.cpp:355]   --->   Operation 413 'call' 'tmp_743' <Predicate = true> <Delay = 1.43> <CoreType = "Generic">   --->   Generic Core
ST_14 : Operation 414 [1/1] (0.12ns)   --->   "%carry_895 = or i1 %tmp_743, i1 %tmp_742" [src/generic/fp_generic.cpp:355]   --->   Operation 414 'or' 'carry_895' <Predicate = true> <Delay = 0.12> <CoreInst = "LogicGate">   --->   Core 74 'LogicGate' <Latency = 0> <II = 1> <Delay = 0.12> <FuncUnit> <Opcode : 'and' 'or' 'xor'> <InPorts = 2> <OutPorts = 1>
ST_14 : Operation 415 [1/1] (0.00ns)   --->   "%zext_ln356_73 = zext i1 %carry_895" [src/generic/fp_generic.cpp:356]   --->   Operation 415 'zext' 'zext_ln356_73' <Predicate = true> <Delay = 0.00>
ST_14 : Operation 416 [1/1] (1.14ns) (out node of the LUT)   --->   "%tempReg_804 = add i64 %UV_423, i64 %zext_ln356_73" [src/generic/fp_generic.cpp:356]   --->   Operation 416 'add' 'tempReg_804' <Predicate = true> <Delay = 1.14> <CoreInst = "Adder">   --->   Core 1 'Adder' <Latency = 0> <II = 1> <Delay = 1.14> <FuncUnit> <Opcode : 'add' 'sub'> <InPorts = 2> <OutPorts = 1>
ST_14 : Operation 417 [2/2] (6.71ns)   --->   "%call_ret177 = call i128 @digit_x_digit, i64 %v_493, i64 1989455001339985327" [src/generic/fp_generic.cpp:354]   --->   Operation 417 'call' 'call_ret177' <Predicate = true> <Delay = 6.71> <CoreType = "Generic">   --->   Generic Core
ST_14 : Operation 418 [2/2] (6.71ns)   --->   "%call_ret180 = call i128 @digit_x_digit, i64 %v_497, i64 1371447078966912928" [src/generic/fp_generic.cpp:354]   --->   Operation 418 'call' 'call_ret180' <Predicate = true> <Delay = 6.71> <CoreType = "Generic">   --->   Generic Core

State 15 <SV = 14> <Delay = 6.72>
ST_15 : Operation 419 [1/1] (0.00ns)   --->   "%zext_ln356_124 = zext i2 %add_ln356" [src/generic/fp_generic.cpp:356]   --->   Operation 419 'zext' 'zext_ln356_124' <Predicate = true> <Delay = 0.00>
ST_15 : Operation 420 [1/1] (0.00ns) (grouped into TernaryAdder)   --->   "%add_ln356_366 = add i64 %zext_ln356_124, i64 %tempReg_802" [src/generic/fp_generic.cpp:356]   --->   Operation 420 'add' 'add_ln356_366' <Predicate = true> <Delay = 0.00> <CoreInst = "TAddSub">   --->   Core 10 'TAddSub' <Latency = 0> <II = 1> <Delay = 0.42> <IPBlock> <Opcode : '' 'add' 'sub'> <InPorts = 3> <OutPorts = 1> <Sync> <CReg>
ST_15 : Operation 421 [1/1] (0.00ns)   --->   "%zext_ln356_127 = zext i3 %add_ln356_369" [src/generic/fp_generic.cpp:356]   --->   Operation 421 'zext' 'zext_ln356_127' <Predicate = true> <Delay = 0.00>
ST_15 : Operation 422 [1/1] (0.84ns) (root node of TernaryAdder)   --->   "%u_392 = add i64 %zext_ln356_127, i64 %add_ln356_366" [src/generic/fp_generic.cpp:356]   --->   Operation 422 'add' 'u_392' <Predicate = true> <Delay = 0.84> <CoreInst = "TAddSub">   --->   Core 10 'TAddSub' <Latency = 0> <II = 1> <Delay = 0.42> <IPBlock> <Opcode : '' 'add' 'sub'> <InPorts = 3> <OutPorts = 1> <Sync> <CReg>
ST_15 : Operation 423 [1/1] (1.43ns)   --->   "%tmp_741 = call i1 @is_digit_lessthan_ct, i64 %u_392, i64 %tempReg_802" [src/generic/fp_generic.cpp:356]   --->   Operation 423 'call' 'tmp_741' <Predicate = true> <Delay = 1.43> <CoreType = "Generic">   --->   Generic Core
ST_15 : Operation 424 [1/1] (1.14ns)   --->   "%u_393 = add i64 %tempReg_804, i64 %u_392" [src/generic/fp_generic.cpp:356]   --->   Operation 424 'add' 'u_393' <Predicate = true> <Delay = 1.14> <CoreInst = "Adder">   --->   Core 1 'Adder' <Latency = 0> <II = 1> <Delay = 1.14> <FuncUnit> <Opcode : 'add' 'sub'> <InPorts = 2> <OutPorts = 1>
ST_15 : Operation 425 [1/1] (1.43ns)   --->   "%tmp_744 = call i1 @is_digit_lessthan_ct, i64 %tempReg_804, i64 %zext_ln356_73" [src/generic/fp_generic.cpp:356]   --->   Operation 425 'call' 'tmp_744' <Predicate = true> <Delay = 1.43> <CoreType = "Generic">   --->   Generic Core
ST_15 : Operation 426 [1/1] (1.43ns)   --->   "%tmp_745 = call i1 @is_digit_lessthan_ct, i64 %u_393, i64 %tempReg_804" [src/generic/fp_generic.cpp:356]   --->   Operation 426 'call' 'tmp_745' <Predicate = true> <Delay = 1.43> <CoreType = "Generic">   --->   Generic Core
ST_15 : Operation 427 [1/2] (1.43ns)   --->   "%call_ret177 = call i128 @digit_x_digit, i64 %v_493, i64 1989455001339985327" [src/generic/fp_generic.cpp:354]   --->   Operation 427 'call' 'call_ret177' <Predicate = true> <Delay = 1.43> <CoreType = "Generic">   --->   Generic Core
ST_15 : Operation 428 [1/1] (0.00ns)   --->   "%UV_483 = extractvalue i128 %call_ret177" [src/generic/fp_generic.cpp:354]   --->   Operation 428 'extractvalue' 'UV_483' <Predicate = true> <Delay = 0.00>
ST_15 : Operation 429 [1/1] (0.00ns) (grouped into LUT with out node tempReg_806)   --->   "%UV_424 = extractvalue i128 %call_ret177" [src/generic/fp_generic.cpp:354]   --->   Operation 429 'extractvalue' 'UV_424' <Predicate = true> <Delay = 0.00>
ST_15 : Operation 430 [1/1] (1.14ns)   --->   "%v_519 = add i64 %UV_483, i64 %v_518" [src/generic/fp_generic.cpp:355]   --->   Operation 430 'add' 'v_519' <Predicate = true> <Delay = 1.14> <CoreInst = "Adder">   --->   Core 1 'Adder' <Latency = 0> <II = 1> <Delay = 1.14> <FuncUnit> <Opcode : 'add' 'sub'> <InPorts = 2> <OutPorts = 1>
ST_15 : Operation 431 [1/1] (1.43ns)   --->   "%tmp_746 = call i1 @is_digit_lessthan_ct, i64 %UV_483, i64 0" [src/generic/fp_generic.cpp:355]   --->   Operation 431 'call' 'tmp_746' <Predicate = true> <Delay = 1.43> <CoreType = "Generic">   --->   Generic Core
ST_15 : Operation 432 [1/1] (1.43ns)   --->   "%tmp_747 = call i1 @is_digit_lessthan_ct, i64 %v_519, i64 %UV_483" [src/generic/fp_generic.cpp:355]   --->   Operation 432 'call' 'tmp_747' <Predicate = true> <Delay = 1.43> <CoreType = "Generic">   --->   Generic Core
ST_15 : Operation 433 [1/1] (0.12ns)   --->   "%carry_897 = or i1 %tmp_747, i1 %tmp_746" [src/generic/fp_generic.cpp:355]   --->   Operation 433 'or' 'carry_897' <Predicate = true> <Delay = 0.12> <CoreInst = "LogicGate">   --->   Core 74 'LogicGate' <Latency = 0> <II = 1> <Delay = 0.12> <FuncUnit> <Opcode : 'and' 'or' 'xor'> <InPorts = 2> <OutPorts = 1>
ST_15 : Operation 434 [1/1] (0.00ns)   --->   "%zext_ln356_74 = zext i1 %carry_897" [src/generic/fp_generic.cpp:356]   --->   Operation 434 'zext' 'zext_ln356_74' <Predicate = true> <Delay = 0.00>
ST_15 : Operation 435 [1/1] (1.14ns) (out node of the LUT)   --->   "%tempReg_806 = add i64 %UV_424, i64 %zext_ln356_74" [src/generic/fp_generic.cpp:356]   --->   Operation 435 'add' 'tempReg_806' <Predicate = true> <Delay = 1.14> <CoreInst = "Adder">   --->   Core 1 'Adder' <Latency = 0> <II = 1> <Delay = 1.14> <FuncUnit> <Opcode : 'add' 'sub'> <InPorts = 2> <OutPorts = 1>
ST_15 : Operation 436 [1/1] (1.14ns)   --->   "%u_394 = add i64 %tempReg_806, i64 %u_393" [src/generic/fp_generic.cpp:356]   --->   Operation 436 'add' 'u_394' <Predicate = true> <Delay = 1.14> <CoreInst = "Adder">   --->   Core 1 'Adder' <Latency = 0> <II = 1> <Delay = 1.14> <FuncUnit> <Opcode : 'add' 'sub'> <InPorts = 2> <OutPorts = 1>
ST_15 : Operation 437 [1/1] (1.43ns)   --->   "%tmp_748 = call i1 @is_digit_lessthan_ct, i64 %tempReg_806, i64 %zext_ln356_74" [src/generic/fp_generic.cpp:356]   --->   Operation 437 'call' 'tmp_748' <Predicate = true> <Delay = 1.43> <CoreType = "Generic">   --->   Generic Core
ST_15 : Operation 438 [1/2] (1.43ns)   --->   "%call_ret180 = call i128 @digit_x_digit, i64 %v_497, i64 1371447078966912928" [src/generic/fp_generic.cpp:354]   --->   Operation 438 'call' 'call_ret180' <Predicate = true> <Delay = 1.43> <CoreType = "Generic">   --->   Generic Core
ST_15 : Operation 439 [1/1] (0.00ns)   --->   "%UV_484 = extractvalue i128 %call_ret180" [src/generic/fp_generic.cpp:354]   --->   Operation 439 'extractvalue' 'UV_484' <Predicate = true> <Delay = 0.00>
ST_15 : Operation 440 [1/1] (0.00ns) (grouped into LUT with out node tempReg_808)   --->   "%UV_425 = extractvalue i128 %call_ret180" [src/generic/fp_generic.cpp:354]   --->   Operation 440 'extractvalue' 'UV_425' <Predicate = true> <Delay = 0.00>
ST_15 : Operation 441 [1/1] (1.14ns)   --->   "%v_520 = add i64 %UV_484, i64 %v_519" [src/generic/fp_generic.cpp:355]   --->   Operation 441 'add' 'v_520' <Predicate = true> <Delay = 1.14> <CoreInst = "Adder">   --->   Core 1 'Adder' <Latency = 0> <II = 1> <Delay = 1.14> <FuncUnit> <Opcode : 'add' 'sub'> <InPorts = 2> <OutPorts = 1>
ST_15 : Operation 442 [1/1] (1.43ns)   --->   "%tmp_750 = call i1 @is_digit_lessthan_ct, i64 %UV_484, i64 0" [src/generic/fp_generic.cpp:355]   --->   Operation 442 'call' 'tmp_750' <Predicate = true> <Delay = 1.43> <CoreType = "Generic">   --->   Generic Core
ST_15 : Operation 443 [1/1] (1.43ns)   --->   "%tmp_751 = call i1 @is_digit_lessthan_ct, i64 %v_520, i64 %UV_484" [src/generic/fp_generic.cpp:355]   --->   Operation 443 'call' 'tmp_751' <Predicate = true> <Delay = 1.43> <CoreType = "Generic">   --->   Generic Core
ST_15 : Operation 444 [1/1] (0.12ns)   --->   "%carry_899 = or i1 %tmp_751, i1 %tmp_750" [src/generic/fp_generic.cpp:355]   --->   Operation 444 'or' 'carry_899' <Predicate = true> <Delay = 0.12> <CoreInst = "LogicGate">   --->   Core 74 'LogicGate' <Latency = 0> <II = 1> <Delay = 0.12> <FuncUnit> <Opcode : 'and' 'or' 'xor'> <InPorts = 2> <OutPorts = 1>
ST_15 : Operation 445 [1/1] (0.00ns)   --->   "%zext_ln356_75 = zext i1 %carry_899" [src/generic/fp_generic.cpp:356]   --->   Operation 445 'zext' 'zext_ln356_75' <Predicate = true> <Delay = 0.00>
ST_15 : Operation 446 [1/1] (1.14ns) (out node of the LUT)   --->   "%tempReg_808 = add i64 %UV_425, i64 %zext_ln356_75" [src/generic/fp_generic.cpp:356]   --->   Operation 446 'add' 'tempReg_808' <Predicate = true> <Delay = 1.14> <CoreInst = "Adder">   --->   Core 1 'Adder' <Latency = 0> <II = 1> <Delay = 1.14> <FuncUnit> <Opcode : 'add' 'sub'> <InPorts = 2> <OutPorts = 1>
ST_15 : Operation 447 [2/2] (6.71ns)   --->   "%call_ret183 = call i128 @digit_x_digit, i64 %v_502, i64 12393906174523604992" [src/generic/fp_generic.cpp:354]   --->   Operation 447 'call' 'call_ret183' <Predicate = true> <Delay = 6.71> <CoreType = "Generic">   --->   Generic Core
ST_15 : Operation 448 [1/1] (0.00ns)   --->   "%ma_0_addr_25 = getelementptr i64 %ma_0, i64 0, i64 4" [src/generic/fp_generic.cpp:360]   --->   Operation 448 'getelementptr' 'ma_0_addr_25' <Predicate = true> <Delay = 0.00>
ST_15 : Operation 449 [2/2] (0.71ns)   --->   "%ma_0_load_21 = load i3 %ma_0_addr_25" [src/generic/fp_generic.cpp:360]   --->   Operation 449 'load' 'ma_0_load_21' <Predicate = true> <Delay = 0.71> <CoreInst = "RAM_1P">   --->   Core 87 'RAM_1P' <Latency = 1> <II = 1> <Delay = 0.71> <Storage> <Opcode : 'load' 'store'> <Ports = 1> <Width = 64> <Depth = 8> <RAM>

State 16 <SV = 15> <Delay = 6.72>
ST_16 : Operation 450 [1/1] (0.00ns)   --->   "%zext_ln308 = zext i4 %tmp" [src/generic/fp_generic.cpp:308]   --->   Operation 450 'zext' 'zext_ln308' <Predicate = true> <Delay = 0.00>
ST_16 : Operation 451 [1/1] (0.00ns)   --->   "%mc_addr = getelementptr i64 %mc, i64 0, i64 %zext_ln308" [src/generic/fp_generic.cpp:299]   --->   Operation 451 'getelementptr' 'mc_addr' <Predicate = true> <Delay = 0.00>
ST_16 : Operation 452 [1/1] (0.00ns) (grouped into LUT with out node add_ln356_383)   --->   "%carry_964 = or i1 %tmp_741, i1 %tmp_740" [src/generic/fp_generic.cpp:356]   --->   Operation 452 'or' 'carry_964' <Predicate = true> <Delay = 0.00> <CoreInst = "LogicGate">   --->   Core 74 'LogicGate' <Latency = 0> <II = 1> <Delay = 0.12> <FuncUnit> <Opcode : 'and' 'or' 'xor'> <InPorts = 2> <OutPorts = 1>
ST_16 : Operation 453 [1/1] (0.00ns) (grouped into LUT with out node add_ln356_383)   --->   "%zext_ln303_47 = zext i1 %carry_964" [src/generic/fp_generic.cpp:303]   --->   Operation 453 'zext' 'zext_ln303_47' <Predicate = true> <Delay = 0.00>
ST_16 : Operation 454 [1/1] (0.00ns) (grouped into LUT with out node add_ln356_382)   --->   "%carry_896 = or i1 %tmp_745, i1 %tmp_744" [src/generic/fp_generic.cpp:356]   --->   Operation 454 'or' 'carry_896' <Predicate = true> <Delay = 0.00> <CoreInst = "LogicGate">   --->   Core 74 'LogicGate' <Latency = 0> <II = 1> <Delay = 0.12> <FuncUnit> <Opcode : 'and' 'or' 'xor'> <InPorts = 2> <OutPorts = 1>
ST_16 : Operation 455 [1/1] (0.00ns) (grouped into LUT with out node add_ln356_382)   --->   "%zext_ln354 = zext i1 %carry_896" [src/generic/fp_generic.cpp:354]   --->   Operation 455 'zext' 'zext_ln354' <Predicate = true> <Delay = 0.00>
ST_16 : Operation 456 [1/1] (1.43ns)   --->   "%tmp_749 = call i1 @is_digit_lessthan_ct, i64 %u_394, i64 %tempReg_806" [src/generic/fp_generic.cpp:356]   --->   Operation 456 'call' 'tmp_749' <Predicate = true> <Delay = 1.43> <CoreType = "Generic">   --->   Generic Core
ST_16 : Operation 457 [1/1] (0.00ns) (grouped into LUT with out node add_ln356_383)   --->   "%carry_898 = or i1 %tmp_749, i1 %tmp_748" [src/generic/fp_generic.cpp:356]   --->   Operation 457 'or' 'carry_898' <Predicate = true> <Delay = 0.00> <CoreInst = "LogicGate">   --->   Core 74 'LogicGate' <Latency = 0> <II = 1> <Delay = 0.12> <FuncUnit> <Opcode : 'and' 'or' 'xor'> <InPorts = 2> <OutPorts = 1>
ST_16 : Operation 458 [1/1] (0.00ns) (grouped into LUT with out node add_ln356_383)   --->   "%zext_ln354_101 = zext i1 %carry_898" [src/generic/fp_generic.cpp:354]   --->   Operation 458 'zext' 'zext_ln354_101' <Predicate = true> <Delay = 0.00>
ST_16 : Operation 459 [1/1] (1.14ns)   --->   "%u_395 = add i64 %tempReg_808, i64 %u_394" [src/generic/fp_generic.cpp:356]   --->   Operation 459 'add' 'u_395' <Predicate = true> <Delay = 1.14> <CoreInst = "Adder">   --->   Core 1 'Adder' <Latency = 0> <II = 1> <Delay = 1.14> <FuncUnit> <Opcode : 'add' 'sub'> <InPorts = 2> <OutPorts = 1>
ST_16 : Operation 460 [1/1] (1.43ns)   --->   "%tmp_752 = call i1 @is_digit_lessthan_ct, i64 %tempReg_808, i64 %zext_ln356_75" [src/generic/fp_generic.cpp:356]   --->   Operation 460 'call' 'tmp_752' <Predicate = true> <Delay = 1.43> <CoreType = "Generic">   --->   Generic Core
ST_16 : Operation 461 [1/1] (1.43ns)   --->   "%tmp_753 = call i1 @is_digit_lessthan_ct, i64 %u_395, i64 %tempReg_808" [src/generic/fp_generic.cpp:356]   --->   Operation 461 'call' 'tmp_753' <Predicate = true> <Delay = 1.43> <CoreType = "Generic">   --->   Generic Core
ST_16 : Operation 462 [1/1] (0.00ns) (grouped into LUT with out node add_ln356_382)   --->   "%carry_900 = or i1 %tmp_753, i1 %tmp_752" [src/generic/fp_generic.cpp:356]   --->   Operation 462 'or' 'carry_900' <Predicate = true> <Delay = 0.00> <CoreInst = "LogicGate">   --->   Core 74 'LogicGate' <Latency = 0> <II = 1> <Delay = 0.12> <FuncUnit> <Opcode : 'and' 'or' 'xor'> <InPorts = 2> <OutPorts = 1>
ST_16 : Operation 463 [1/1] (0.00ns) (grouped into LUT with out node add_ln356_382)   --->   "%zext_ln354_102 = zext i1 %carry_900" [src/generic/fp_generic.cpp:354]   --->   Operation 463 'zext' 'zext_ln354_102' <Predicate = true> <Delay = 0.00>
ST_16 : Operation 464 [1/2] (1.43ns)   --->   "%call_ret183 = call i128 @digit_x_digit, i64 %v_502, i64 12393906174523604992" [src/generic/fp_generic.cpp:354]   --->   Operation 464 'call' 'call_ret183' <Predicate = true> <Delay = 1.43> <CoreType = "Generic">   --->   Generic Core
ST_16 : Operation 465 [1/1] (0.00ns)   --->   "%UV_485 = extractvalue i128 %call_ret183" [src/generic/fp_generic.cpp:354]   --->   Operation 465 'extractvalue' 'UV_485' <Predicate = true> <Delay = 0.00>
ST_16 : Operation 466 [1/1] (0.00ns) (grouped into LUT with out node tempReg_810)   --->   "%UV_426 = extractvalue i128 %call_ret183" [src/generic/fp_generic.cpp:354]   --->   Operation 466 'extractvalue' 'UV_426' <Predicate = true> <Delay = 0.00>
ST_16 : Operation 467 [1/1] (1.14ns)   --->   "%v_521 = add i64 %UV_485, i64 %v_520" [src/generic/fp_generic.cpp:355]   --->   Operation 467 'add' 'v_521' <Predicate = true> <Delay = 1.14> <CoreInst = "Adder">   --->   Core 1 'Adder' <Latency = 0> <II = 1> <Delay = 1.14> <FuncUnit> <Opcode : 'add' 'sub'> <InPorts = 2> <OutPorts = 1>
ST_16 : Operation 468 [1/1] (1.43ns)   --->   "%tmp_754 = call i1 @is_digit_lessthan_ct, i64 %UV_485, i64 0" [src/generic/fp_generic.cpp:355]   --->   Operation 468 'call' 'tmp_754' <Predicate = true> <Delay = 1.43> <CoreType = "Generic">   --->   Generic Core
ST_16 : Operation 469 [1/1] (1.43ns)   --->   "%tmp_755 = call i1 @is_digit_lessthan_ct, i64 %v_521, i64 %UV_485" [src/generic/fp_generic.cpp:355]   --->   Operation 469 'call' 'tmp_755' <Predicate = true> <Delay = 1.43> <CoreType = "Generic">   --->   Generic Core
ST_16 : Operation 470 [1/1] (0.12ns)   --->   "%carry_901 = or i1 %tmp_755, i1 %tmp_754" [src/generic/fp_generic.cpp:355]   --->   Operation 470 'or' 'carry_901' <Predicate = true> <Delay = 0.12> <CoreInst = "LogicGate">   --->   Core 74 'LogicGate' <Latency = 0> <II = 1> <Delay = 0.12> <FuncUnit> <Opcode : 'and' 'or' 'xor'> <InPorts = 2> <OutPorts = 1>
ST_16 : Operation 471 [1/1] (0.00ns)   --->   "%zext_ln356_76 = zext i1 %carry_901" [src/generic/fp_generic.cpp:356]   --->   Operation 471 'zext' 'zext_ln356_76' <Predicate = true> <Delay = 0.00>
ST_16 : Operation 472 [1/1] (1.14ns) (out node of the LUT)   --->   "%tempReg_810 = add i64 %UV_426, i64 %zext_ln356_76" [src/generic/fp_generic.cpp:356]   --->   Operation 472 'add' 'tempReg_810' <Predicate = true> <Delay = 1.14> <CoreInst = "Adder">   --->   Core 1 'Adder' <Latency = 0> <II = 1> <Delay = 1.14> <FuncUnit> <Opcode : 'add' 'sub'> <InPorts = 2> <OutPorts = 1>
ST_16 : Operation 473 [1/1] (1.14ns)   --->   "%u_396 = add i64 %tempReg_810, i64 %u_395" [src/generic/fp_generic.cpp:356]   --->   Operation 473 'add' 'u_396' <Predicate = true> <Delay = 1.14> <CoreInst = "Adder">   --->   Core 1 'Adder' <Latency = 0> <II = 1> <Delay = 1.14> <FuncUnit> <Opcode : 'add' 'sub'> <InPorts = 2> <OutPorts = 1>
ST_16 : Operation 474 [1/1] (1.43ns)   --->   "%tmp_756 = call i1 @is_digit_lessthan_ct, i64 %tempReg_810, i64 %zext_ln356_76" [src/generic/fp_generic.cpp:356]   --->   Operation 474 'call' 'tmp_756' <Predicate = true> <Delay = 1.43> <CoreType = "Generic">   --->   Generic Core
ST_16 : Operation 475 [1/2] ( I:0.71ns O:0.71ns )   --->   "%ma_0_load_21 = load i3 %ma_0_addr_25" [src/generic/fp_generic.cpp:360]   --->   Operation 475 'load' 'ma_0_load_21' <Predicate = true> <Delay = 0.71> <CoreInst = "RAM_1P">   --->   Core 87 'RAM_1P' <Latency = 1> <II = 1> <Delay = 0.71> <Storage> <Opcode : 'load' 'store'> <Ports = 1> <Width = 64> <Depth = 8> <RAM>
ST_16 : Operation 476 [1/1] (1.14ns)   --->   "%v_522 = add i64 %ma_0_load_21, i64 %v_521" [src/generic/fp_generic.cpp:360]   --->   Operation 476 'add' 'v_522' <Predicate = true> <Delay = 1.14> <CoreInst = "Adder">   --->   Core 1 'Adder' <Latency = 0> <II = 1> <Delay = 1.14> <FuncUnit> <Opcode : 'add' 'sub'> <InPorts = 2> <OutPorts = 1>
ST_16 : Operation 477 [1/1] (1.43ns)   --->   "%tmp_758 = call i1 @is_digit_lessthan_ct, i64 %v_521, i64 0" [src/generic/fp_generic.cpp:360]   --->   Operation 477 'call' 'tmp_758' <Predicate = true> <Delay = 1.43> <CoreType = "Generic">   --->   Generic Core
ST_16 : Operation 478 [1/1] (1.43ns)   --->   "%tmp_759 = call i1 @is_digit_lessthan_ct, i64 %v_522, i64 %v_521" [src/generic/fp_generic.cpp:360]   --->   Operation 478 'call' 'tmp_759' <Predicate = true> <Delay = 1.43> <CoreType = "Generic">   --->   Generic Core
ST_16 : Operation 479 [1/1] (0.12ns)   --->   "%carry_903 = or i1 %tmp_759, i1 %tmp_758" [src/generic/fp_generic.cpp:360]   --->   Operation 479 'or' 'carry_903' <Predicate = true> <Delay = 0.12> <CoreInst = "LogicGate">   --->   Core 74 'LogicGate' <Latency = 0> <II = 1> <Delay = 0.12> <FuncUnit> <Opcode : 'and' 'or' 'xor'> <InPorts = 2> <OutPorts = 1>
ST_16 : Operation 480 [2/2] (6.71ns)   --->   "%call_ret186 = call i128 @digit_x_digit, i64 %v_490, i64 18127602061483550" [src/generic/fp_generic.cpp:354]   --->   Operation 480 'call' 'call_ret186' <Predicate = true> <Delay = 6.71> <CoreType = "Generic">   --->   Generic Core
ST_16 : Operation 481 [1/1] ( I:0.71ns O:0.71ns )   --->   "%store_ln363 = store i64 %v_522, i4 %mc_addr" [src/generic/fp_generic.cpp:363]   --->   Operation 481 'store' 'store_ln363' <Predicate = true> <Delay = 0.71> <CoreInst = "RAM_1P">   --->   Core 87 'RAM_1P' <Latency = 1> <II = 1> <Delay = 0.71> <Storage> <Opcode : 'load' 'store'> <Ports = 1> <Width = 64> <Depth = 16> <RAM>
ST_16 : Operation 482 [1/1] (0.43ns) (out node of the LUT)   --->   "%add_ln356_382 = add i2 %zext_ln354_102, i2 %zext_ln354" [src/generic/fp_generic.cpp:356]   --->   Operation 482 'add' 'add_ln356_382' <Predicate = true> <Delay = 0.43> <CoreInst = "Adder">   --->   Core 1 'Adder' <Latency = 0> <II = 1> <Delay = 0.43> <FuncUnit> <Opcode : 'add' 'sub'> <InPorts = 2> <OutPorts = 1>
ST_16 : Operation 483 [1/1] (0.00ns)   --->   "%zext_ln356_129 = zext i2 %add_ln356_382" [src/generic/fp_generic.cpp:356]   --->   Operation 483 'zext' 'zext_ln356_129' <Predicate = true> <Delay = 0.00>
ST_16 : Operation 484 [1/1] (0.43ns) (out node of the LUT)   --->   "%add_ln356_383 = add i2 %zext_ln354_101, i2 %zext_ln303_47" [src/generic/fp_generic.cpp:356]   --->   Operation 484 'add' 'add_ln356_383' <Predicate = true> <Delay = 0.43> <CoreInst = "Adder">   --->   Core 1 'Adder' <Latency = 0> <II = 1> <Delay = 0.43> <FuncUnit> <Opcode : 'add' 'sub'> <InPorts = 2> <OutPorts = 1>
ST_16 : Operation 485 [1/1] (0.00ns)   --->   "%zext_ln356_130 = zext i2 %add_ln356_383" [src/generic/fp_generic.cpp:356]   --->   Operation 485 'zext' 'zext_ln356_130' <Predicate = true> <Delay = 0.00>
ST_16 : Operation 486 [1/1] (0.43ns)   --->   "%add_ln356_384 = add i3 %zext_ln356_130, i3 %zext_ln356_129" [src/generic/fp_generic.cpp:356]   --->   Operation 486 'add' 'add_ln356_384' <Predicate = true> <Delay = 0.43> <CoreInst = "Adder">   --->   Core 1 'Adder' <Latency = 0> <II = 1> <Delay = 0.43> <FuncUnit> <Opcode : 'add' 'sub'> <InPorts = 2> <OutPorts = 1>
ST_16 : Operation 487 [2/2] (6.71ns)   --->   "%call_ret188 = call i128 @digit_x_digit, i64 %v_493, i64 6937169319750509776" [src/generic/fp_generic.cpp:354]   --->   Operation 487 'call' 'call_ret188' <Predicate = true> <Delay = 6.71> <CoreType = "Generic">   --->   Generic Core

State 17 <SV = 16> <Delay = 6.72>
ST_17 : Operation 488 [1/1] (1.43ns)   --->   "%tmp_757 = call i1 @is_digit_lessthan_ct, i64 %u_396, i64 %tempReg_810" [src/generic/fp_generic.cpp:356]   --->   Operation 488 'call' 'tmp_757' <Predicate = true> <Delay = 1.43> <CoreType = "Generic">   --->   Generic Core
ST_17 : Operation 489 [1/1] (0.00ns) (grouped into LUT with out node add_ln356_380)   --->   "%carry_902 = or i1 %tmp_757, i1 %tmp_756" [src/generic/fp_generic.cpp:356]   --->   Operation 489 'or' 'carry_902' <Predicate = true> <Delay = 0.00> <CoreInst = "LogicGate">   --->   Core 74 'LogicGate' <Latency = 0> <II = 1> <Delay = 0.12> <FuncUnit> <Opcode : 'and' 'or' 'xor'> <InPorts = 2> <OutPorts = 1>
ST_17 : Operation 490 [1/1] (0.00ns) (grouped into LUT with out node add_ln356_380)   --->   "%zext_ln360 = zext i1 %carry_902" [src/generic/fp_generic.cpp:360]   --->   Operation 490 'zext' 'zext_ln360' <Predicate = true> <Delay = 0.00>
ST_17 : Operation 491 [1/1] (0.00ns)   --->   "%zext_ln361 = zext i1 %carry_903" [src/generic/fp_generic.cpp:361]   --->   Operation 491 'zext' 'zext_ln361' <Predicate = true> <Delay = 0.00>
ST_17 : Operation 492 [1/1] (1.14ns)   --->   "%tempReg_862 = add i64 %u_396, i64 %zext_ln361" [src/generic/fp_generic.cpp:361]   --->   Operation 492 'add' 'tempReg_862' <Predicate = true> <Delay = 1.14> <CoreInst = "Adder">   --->   Core 1 'Adder' <Latency = 0> <II = 1> <Delay = 1.14> <FuncUnit> <Opcode : 'add' 'sub'> <InPorts = 2> <OutPorts = 1>
ST_17 : Operation 493 [1/1] (1.43ns)   --->   "%tmp_760 = call i1 @is_digit_lessthan_ct, i64 %tempReg_862, i64 %zext_ln361" [src/generic/fp_generic.cpp:361]   --->   Operation 493 'call' 'tmp_760' <Predicate = true> <Delay = 1.43> <CoreType = "Generic">   --->   Generic Core
ST_17 : Operation 494 [1/1] (1.43ns)   --->   "%tmp_761 = call i1 @is_digit_lessthan_ct, i64 %tempReg_862, i64 %tempReg_862" [src/generic/fp_generic.cpp:361]   --->   Operation 494 'call' 'tmp_761' <Predicate = true> <Delay = 1.43> <CoreType = "Generic">   --->   Generic Core
ST_17 : Operation 495 [1/1] (0.00ns) (grouped into LUT with out node add_ln356_380)   --->   "%carry_904 = or i1 %tmp_761, i1 %tmp_760" [src/generic/fp_generic.cpp:361]   --->   Operation 495 'or' 'carry_904' <Predicate = true> <Delay = 0.00> <CoreInst = "LogicGate">   --->   Core 74 'LogicGate' <Latency = 0> <II = 1> <Delay = 0.12> <FuncUnit> <Opcode : 'and' 'or' 'xor'> <InPorts = 2> <OutPorts = 1>
ST_17 : Operation 496 [1/1] (0.00ns) (grouped into LUT with out node add_ln356_380)   --->   "%zext_ln303_48 = zext i1 %carry_904" [src/generic/fp_generic.cpp:303]   --->   Operation 496 'zext' 'zext_ln303_48' <Predicate = true> <Delay = 0.00>
ST_17 : Operation 497 [1/2] (1.43ns)   --->   "%call_ret186 = call i128 @digit_x_digit, i64 %v_490, i64 18127602061483550" [src/generic/fp_generic.cpp:354]   --->   Operation 497 'call' 'call_ret186' <Predicate = true> <Delay = 1.43> <CoreType = "Generic">   --->   Generic Core
ST_17 : Operation 498 [1/1] (0.00ns)   --->   "%UV_486 = extractvalue i128 %call_ret186" [src/generic/fp_generic.cpp:354]   --->   Operation 498 'extractvalue' 'UV_486' <Predicate = true> <Delay = 0.00>
ST_17 : Operation 499 [1/1] (0.00ns) (grouped into LUT with out node tempReg_863)   --->   "%UV_427 = extractvalue i128 %call_ret186" [src/generic/fp_generic.cpp:354]   --->   Operation 499 'extractvalue' 'UV_427' <Predicate = true> <Delay = 0.00>
ST_17 : Operation 500 [1/1] (1.14ns)   --->   "%v_556 = add i64 %UV_486, i64 %tempReg_862" [src/generic/fp_generic.cpp:355]   --->   Operation 500 'add' 'v_556' <Predicate = true> <Delay = 1.14> <CoreInst = "Adder">   --->   Core 1 'Adder' <Latency = 0> <II = 1> <Delay = 1.14> <FuncUnit> <Opcode : 'add' 'sub'> <InPorts = 2> <OutPorts = 1>
ST_17 : Operation 501 [1/1] (1.43ns)   --->   "%tmp_762 = call i1 @is_digit_lessthan_ct, i64 %UV_486, i64 0" [src/generic/fp_generic.cpp:355]   --->   Operation 501 'call' 'tmp_762' <Predicate = true> <Delay = 1.43> <CoreType = "Generic">   --->   Generic Core
ST_17 : Operation 502 [1/1] (1.43ns)   --->   "%tmp_763 = call i1 @is_digit_lessthan_ct, i64 %v_556, i64 %UV_486" [src/generic/fp_generic.cpp:355]   --->   Operation 502 'call' 'tmp_763' <Predicate = true> <Delay = 1.43> <CoreType = "Generic">   --->   Generic Core
ST_17 : Operation 503 [1/1] (0.12ns)   --->   "%carry_965 = or i1 %tmp_763, i1 %tmp_762" [src/generic/fp_generic.cpp:355]   --->   Operation 503 'or' 'carry_965' <Predicate = true> <Delay = 0.12> <CoreInst = "LogicGate">   --->   Core 74 'LogicGate' <Latency = 0> <II = 1> <Delay = 0.12> <FuncUnit> <Opcode : 'and' 'or' 'xor'> <InPorts = 2> <OutPorts = 1>
ST_17 : Operation 504 [1/1] (0.00ns)   --->   "%zext_ln356_77 = zext i1 %carry_965" [src/generic/fp_generic.cpp:356]   --->   Operation 504 'zext' 'zext_ln356_77' <Predicate = true> <Delay = 0.00>
ST_17 : Operation 505 [1/1] (1.14ns) (out node of the LUT)   --->   "%tempReg_863 = add i64 %UV_427, i64 %zext_ln356_77" [src/generic/fp_generic.cpp:356]   --->   Operation 505 'add' 'tempReg_863' <Predicate = true> <Delay = 1.14> <CoreInst = "Adder">   --->   Core 1 'Adder' <Latency = 0> <II = 1> <Delay = 1.14> <FuncUnit> <Opcode : 'add' 'sub'> <InPorts = 2> <OutPorts = 1>
ST_17 : Operation 506 [1/1] (0.43ns) (out node of the LUT)   --->   "%add_ln356_380 = add i2 %zext_ln360, i2 %zext_ln303_48" [src/generic/fp_generic.cpp:356]   --->   Operation 506 'add' 'add_ln356_380' <Predicate = true> <Delay = 0.43> <CoreInst = "Adder">   --->   Core 1 'Adder' <Latency = 0> <II = 1> <Delay = 0.43> <FuncUnit> <Opcode : 'add' 'sub'> <InPorts = 2> <OutPorts = 1>
ST_17 : Operation 507 [1/1] (1.43ns)   --->   "%tmp_764 = call i1 @is_digit_lessthan_ct, i64 %tempReg_863, i64 %zext_ln356_77" [src/generic/fp_generic.cpp:356]   --->   Operation 507 'call' 'tmp_764' <Predicate = true> <Delay = 1.43> <CoreType = "Generic">   --->   Generic Core
ST_17 : Operation 508 [1/2] (1.43ns)   --->   "%call_ret188 = call i128 @digit_x_digit, i64 %v_493, i64 6937169319750509776" [src/generic/fp_generic.cpp:354]   --->   Operation 508 'call' 'call_ret188' <Predicate = true> <Delay = 1.43> <CoreType = "Generic">   --->   Generic Core
ST_17 : Operation 509 [1/1] (0.00ns)   --->   "%tempReg_864 = extractvalue i128 %call_ret188" [src/generic/fp_generic.cpp:354]   --->   Operation 509 'extractvalue' 'tempReg_864' <Predicate = true> <Delay = 0.00>
ST_17 : Operation 510 [1/1] (0.00ns) (grouped into LUT with out node tempReg_865)   --->   "%UV_428 = extractvalue i128 %call_ret188" [src/generic/fp_generic.cpp:354]   --->   Operation 510 'extractvalue' 'UV_428' <Predicate = true> <Delay = 0.00>
ST_17 : Operation 511 [1/1] (1.14ns)   --->   "%v_557 = add i64 %tempReg_864, i64 %v_556" [src/generic/fp_generic.cpp:355]   --->   Operation 511 'add' 'v_557' <Predicate = true> <Delay = 1.14> <CoreInst = "Adder">   --->   Core 1 'Adder' <Latency = 0> <II = 1> <Delay = 1.14> <FuncUnit> <Opcode : 'add' 'sub'> <InPorts = 2> <OutPorts = 1>
ST_17 : Operation 512 [1/1] (1.43ns)   --->   "%tmp_766 = call i1 @is_digit_lessthan_ct, i64 %tempReg_864, i64 0" [src/generic/fp_generic.cpp:355]   --->   Operation 512 'call' 'tmp_766' <Predicate = true> <Delay = 1.43> <CoreType = "Generic">   --->   Generic Core
ST_17 : Operation 513 [1/1] (1.43ns)   --->   "%tmp_767 = call i1 @is_digit_lessthan_ct, i64 %v_557, i64 %tempReg_864" [src/generic/fp_generic.cpp:355]   --->   Operation 513 'call' 'tmp_767' <Predicate = true> <Delay = 1.43> <CoreType = "Generic">   --->   Generic Core
ST_17 : Operation 514 [1/1] (0.12ns)   --->   "%carry_967 = or i1 %tmp_767, i1 %tmp_766" [src/generic/fp_generic.cpp:355]   --->   Operation 514 'or' 'carry_967' <Predicate = true> <Delay = 0.12> <CoreInst = "LogicGate">   --->   Core 74 'LogicGate' <Latency = 0> <II = 1> <Delay = 0.12> <FuncUnit> <Opcode : 'and' 'or' 'xor'> <InPorts = 2> <OutPorts = 1>
ST_17 : Operation 515 [1/1] (0.00ns)   --->   "%zext_ln356_78 = zext i1 %carry_967" [src/generic/fp_generic.cpp:356]   --->   Operation 515 'zext' 'zext_ln356_78' <Predicate = true> <Delay = 0.00>
ST_17 : Operation 516 [1/1] (1.14ns) (out node of the LUT)   --->   "%tempReg_865 = add i64 %UV_428, i64 %zext_ln356_78" [src/generic/fp_generic.cpp:356]   --->   Operation 516 'add' 'tempReg_865' <Predicate = true> <Delay = 1.14> <CoreInst = "Adder">   --->   Core 1 'Adder' <Latency = 0> <II = 1> <Delay = 1.14> <FuncUnit> <Opcode : 'add' 'sub'> <InPorts = 2> <OutPorts = 1>
ST_17 : Operation 517 [2/2] (6.71ns)   --->   "%call_ret189 = call i128 @digit_x_digit, i64 %v_497, i64 1989455001339985327" [src/generic/fp_generic.cpp:354]   --->   Operation 517 'call' 'call_ret189' <Predicate = true> <Delay = 6.71> <CoreType = "Generic">   --->   Generic Core
ST_17 : Operation 518 [2/2] (6.71ns)   --->   "%call_ret190 = call i128 @digit_x_digit, i64 %v_502, i64 1371447078966912928" [src/generic/fp_generic.cpp:354]   --->   Operation 518 'call' 'call_ret190' <Predicate = true> <Delay = 6.71> <CoreType = "Generic">   --->   Generic Core

State 18 <SV = 17> <Delay = 6.72>
ST_18 : Operation 519 [1/1] (0.00ns)   --->   "%ma_1_addr_25 = getelementptr i64 %ma_1, i64 0, i64 4" [src/generic/fp_generic.cpp:360]   --->   Operation 519 'getelementptr' 'ma_1_addr_25' <Predicate = true> <Delay = 0.00>
ST_18 : Operation 520 [2/2] (0.71ns)   --->   "%ma_1_load_25 = load i3 %ma_1_addr_25" [src/generic/fp_generic.cpp:360]   --->   Operation 520 'load' 'ma_1_load_25' <Predicate = true> <Delay = 0.71> <CoreInst = "RAM_1P">   --->   Core 87 'RAM_1P' <Latency = 1> <II = 1> <Delay = 0.71> <Storage> <Opcode : 'load' 'store'> <Ports = 1> <Width = 64> <Depth = 8> <RAM>
ST_18 : Operation 521 [1/1] (0.00ns)   --->   "%zext_ln356_128 = zext i2 %add_ln356_380" [src/generic/fp_generic.cpp:356]   --->   Operation 521 'zext' 'zext_ln356_128' <Predicate = true> <Delay = 0.00>
ST_18 : Operation 522 [1/1] (0.00ns) (grouped into TernaryAdder)   --->   "%add_ln356_381 = add i64 %zext_ln356_128, i64 %tempReg_863" [src/generic/fp_generic.cpp:356]   --->   Operation 522 'add' 'add_ln356_381' <Predicate = true> <Delay = 0.00> <CoreInst = "TAddSub">   --->   Core 10 'TAddSub' <Latency = 0> <II = 1> <Delay = 0.42> <IPBlock> <Opcode : '' 'add' 'sub'> <InPorts = 3> <OutPorts = 1> <Sync> <CReg>
ST_18 : Operation 523 [1/1] (0.00ns)   --->   "%zext_ln356_131 = zext i3 %add_ln356_384" [src/generic/fp_generic.cpp:356]   --->   Operation 523 'zext' 'zext_ln356_131' <Predicate = true> <Delay = 0.00>
ST_18 : Operation 524 [1/1] (0.84ns) (root node of TernaryAdder)   --->   "%u = add i64 %zext_ln356_131, i64 %add_ln356_381" [src/generic/fp_generic.cpp:356]   --->   Operation 524 'add' 'u' <Predicate = true> <Delay = 0.84> <CoreInst = "TAddSub">   --->   Core 10 'TAddSub' <Latency = 0> <II = 1> <Delay = 0.42> <IPBlock> <Opcode : '' 'add' 'sub'> <InPorts = 3> <OutPorts = 1> <Sync> <CReg>
ST_18 : Operation 525 [1/1] (1.43ns)   --->   "%tmp_765 = call i1 @is_digit_lessthan_ct, i64 %u, i64 %tempReg_863" [src/generic/fp_generic.cpp:356]   --->   Operation 525 'call' 'tmp_765' <Predicate = true> <Delay = 1.43> <CoreType = "Generic">   --->   Generic Core
ST_18 : Operation 526 [1/1] (1.14ns)   --->   "%u_421 = add i64 %tempReg_865, i64 %u" [src/generic/fp_generic.cpp:356]   --->   Operation 526 'add' 'u_421' <Predicate = true> <Delay = 1.14> <CoreInst = "Adder">   --->   Core 1 'Adder' <Latency = 0> <II = 1> <Delay = 1.14> <FuncUnit> <Opcode : 'add' 'sub'> <InPorts = 2> <OutPorts = 1>
ST_18 : Operation 527 [1/1] (1.43ns)   --->   "%tmp_768 = call i1 @is_digit_lessthan_ct, i64 %tempReg_865, i64 %zext_ln356_78" [src/generic/fp_generic.cpp:356]   --->   Operation 527 'call' 'tmp_768' <Predicate = true> <Delay = 1.43> <CoreType = "Generic">   --->   Generic Core
ST_18 : Operation 528 [1/1] (1.43ns)   --->   "%tmp_769 = call i1 @is_digit_lessthan_ct, i64 %u_421, i64 %tempReg_865" [src/generic/fp_generic.cpp:356]   --->   Operation 528 'call' 'tmp_769' <Predicate = true> <Delay = 1.43> <CoreType = "Generic">   --->   Generic Core
ST_18 : Operation 529 [1/2] (1.43ns)   --->   "%call_ret189 = call i128 @digit_x_digit, i64 %v_497, i64 1989455001339985327" [src/generic/fp_generic.cpp:354]   --->   Operation 529 'call' 'call_ret189' <Predicate = true> <Delay = 1.43> <CoreType = "Generic">   --->   Generic Core
ST_18 : Operation 530 [1/1] (0.00ns)   --->   "%tempReg_866 = extractvalue i128 %call_ret189" [src/generic/fp_generic.cpp:354]   --->   Operation 530 'extractvalue' 'tempReg_866' <Predicate = true> <Delay = 0.00>
ST_18 : Operation 531 [1/1] (0.00ns) (grouped into LUT with out node tempReg_867)   --->   "%UV_430 = extractvalue i128 %call_ret189" [src/generic/fp_generic.cpp:354]   --->   Operation 531 'extractvalue' 'UV_430' <Predicate = true> <Delay = 0.00>
ST_18 : Operation 532 [1/1] (1.14ns)   --->   "%v_558 = add i64 %tempReg_866, i64 %v_557" [src/generic/fp_generic.cpp:355]   --->   Operation 532 'add' 'v_558' <Predicate = true> <Delay = 1.14> <CoreInst = "Adder">   --->   Core 1 'Adder' <Latency = 0> <II = 1> <Delay = 1.14> <FuncUnit> <Opcode : 'add' 'sub'> <InPorts = 2> <OutPorts = 1>
ST_18 : Operation 533 [1/1] (1.43ns)   --->   "%tmp_770 = call i1 @is_digit_lessthan_ct, i64 %tempReg_866, i64 0" [src/generic/fp_generic.cpp:355]   --->   Operation 533 'call' 'tmp_770' <Predicate = true> <Delay = 1.43> <CoreType = "Generic">   --->   Generic Core
ST_18 : Operation 534 [1/1] (1.43ns)   --->   "%tmp_771 = call i1 @is_digit_lessthan_ct, i64 %v_558, i64 %tempReg_866" [src/generic/fp_generic.cpp:355]   --->   Operation 534 'call' 'tmp_771' <Predicate = true> <Delay = 1.43> <CoreType = "Generic">   --->   Generic Core
ST_18 : Operation 535 [1/1] (0.12ns)   --->   "%carry_969 = or i1 %tmp_771, i1 %tmp_770" [src/generic/fp_generic.cpp:355]   --->   Operation 535 'or' 'carry_969' <Predicate = true> <Delay = 0.12> <CoreInst = "LogicGate">   --->   Core 74 'LogicGate' <Latency = 0> <II = 1> <Delay = 0.12> <FuncUnit> <Opcode : 'and' 'or' 'xor'> <InPorts = 2> <OutPorts = 1>
ST_18 : Operation 536 [1/1] (0.00ns)   --->   "%zext_ln356_79 = zext i1 %carry_969" [src/generic/fp_generic.cpp:356]   --->   Operation 536 'zext' 'zext_ln356_79' <Predicate = true> <Delay = 0.00>
ST_18 : Operation 537 [1/1] (1.14ns) (out node of the LUT)   --->   "%tempReg_867 = add i64 %UV_430, i64 %zext_ln356_79" [src/generic/fp_generic.cpp:356]   --->   Operation 537 'add' 'tempReg_867' <Predicate = true> <Delay = 1.14> <CoreInst = "Adder">   --->   Core 1 'Adder' <Latency = 0> <II = 1> <Delay = 1.14> <FuncUnit> <Opcode : 'add' 'sub'> <InPorts = 2> <OutPorts = 1>
ST_18 : Operation 538 [1/1] (1.14ns)   --->   "%u_422 = add i64 %tempReg_867, i64 %u_421" [src/generic/fp_generic.cpp:356]   --->   Operation 538 'add' 'u_422' <Predicate = true> <Delay = 1.14> <CoreInst = "Adder">   --->   Core 1 'Adder' <Latency = 0> <II = 1> <Delay = 1.14> <FuncUnit> <Opcode : 'add' 'sub'> <InPorts = 2> <OutPorts = 1>
ST_18 : Operation 539 [1/1] (1.43ns)   --->   "%tmp_772 = call i1 @is_digit_lessthan_ct, i64 %tempReg_867, i64 %zext_ln356_79" [src/generic/fp_generic.cpp:356]   --->   Operation 539 'call' 'tmp_772' <Predicate = true> <Delay = 1.43> <CoreType = "Generic">   --->   Generic Core
ST_18 : Operation 540 [1/2] (1.43ns)   --->   "%call_ret190 = call i128 @digit_x_digit, i64 %v_502, i64 1371447078966912928" [src/generic/fp_generic.cpp:354]   --->   Operation 540 'call' 'call_ret190' <Predicate = true> <Delay = 1.43> <CoreType = "Generic">   --->   Generic Core
ST_18 : Operation 541 [1/1] (0.00ns)   --->   "%tempReg_868 = extractvalue i128 %call_ret190" [src/generic/fp_generic.cpp:354]   --->   Operation 541 'extractvalue' 'tempReg_868' <Predicate = true> <Delay = 0.00>
ST_18 : Operation 542 [1/1] (0.00ns) (grouped into LUT with out node tempReg_869)   --->   "%UV_432 = extractvalue i128 %call_ret190" [src/generic/fp_generic.cpp:354]   --->   Operation 542 'extractvalue' 'UV_432' <Predicate = true> <Delay = 0.00>
ST_18 : Operation 543 [1/1] (1.14ns)   --->   "%v_559 = add i64 %tempReg_868, i64 %v_558" [src/generic/fp_generic.cpp:355]   --->   Operation 543 'add' 'v_559' <Predicate = true> <Delay = 1.14> <CoreInst = "Adder">   --->   Core 1 'Adder' <Latency = 0> <II = 1> <Delay = 1.14> <FuncUnit> <Opcode : 'add' 'sub'> <InPorts = 2> <OutPorts = 1>
ST_18 : Operation 544 [1/1] (1.43ns)   --->   "%tmp_774 = call i1 @is_digit_lessthan_ct, i64 %tempReg_868, i64 0" [src/generic/fp_generic.cpp:355]   --->   Operation 544 'call' 'tmp_774' <Predicate = true> <Delay = 1.43> <CoreType = "Generic">   --->   Generic Core
ST_18 : Operation 545 [1/1] (1.43ns)   --->   "%tmp_775 = call i1 @is_digit_lessthan_ct, i64 %v_559, i64 %tempReg_868" [src/generic/fp_generic.cpp:355]   --->   Operation 545 'call' 'tmp_775' <Predicate = true> <Delay = 1.43> <CoreType = "Generic">   --->   Generic Core
ST_18 : Operation 546 [1/1] (0.12ns)   --->   "%carry_971 = or i1 %tmp_775, i1 %tmp_774" [src/generic/fp_generic.cpp:355]   --->   Operation 546 'or' 'carry_971' <Predicate = true> <Delay = 0.12> <CoreInst = "LogicGate">   --->   Core 74 'LogicGate' <Latency = 0> <II = 1> <Delay = 0.12> <FuncUnit> <Opcode : 'and' 'or' 'xor'> <InPorts = 2> <OutPorts = 1>
ST_18 : Operation 547 [1/1] (0.00ns)   --->   "%zext_ln356_80 = zext i1 %carry_971" [src/generic/fp_generic.cpp:356]   --->   Operation 547 'zext' 'zext_ln356_80' <Predicate = true> <Delay = 0.00>
ST_18 : Operation 548 [1/1] (1.14ns) (out node of the LUT)   --->   "%tempReg_869 = add i64 %UV_432, i64 %zext_ln356_80" [src/generic/fp_generic.cpp:356]   --->   Operation 548 'add' 'tempReg_869' <Predicate = true> <Delay = 1.14> <CoreInst = "Adder">   --->   Core 1 'Adder' <Latency = 0> <II = 1> <Delay = 1.14> <FuncUnit> <Opcode : 'add' 'sub'> <InPorts = 2> <OutPorts = 1>
ST_18 : Operation 549 [2/2] (6.71ns)   --->   "%call_ret191 = call i128 @digit_x_digit, i64 %v_508, i64 12393906174523604992" [src/generic/fp_generic.cpp:354]   --->   Operation 549 'call' 'call_ret191' <Predicate = true> <Delay = 6.71> <CoreType = "Generic">   --->   Generic Core

State 19 <SV = 18> <Delay = 6.72>
ST_19 : Operation 550 [1/1] (0.00ns)   --->   "%tmp_11 = bitconcatenate i4 @_ssdm_op_BitConcatenate.i4.i1.i3, i1 %mc_offset_read, i3 1" [src/generic/fp_generic.cpp:334]   --->   Operation 550 'bitconcatenate' 'tmp_11' <Predicate = true> <Delay = 0.00>
ST_19 : Operation 551 [1/1] (0.00ns)   --->   "%zext_ln334_23 = zext i4 %tmp_11" [src/generic/fp_generic.cpp:334]   --->   Operation 551 'zext' 'zext_ln334_23' <Predicate = true> <Delay = 0.00>
ST_19 : Operation 552 [1/1] (0.00ns)   --->   "%mc_addr_15 = getelementptr i64 %mc, i64 0, i64 %zext_ln334_23" [src/generic/fp_generic.cpp:334]   --->   Operation 552 'getelementptr' 'mc_addr_15' <Predicate = true> <Delay = 0.00>
ST_19 : Operation 553 [1/2] ( I:0.71ns O:0.71ns )   --->   "%ma_1_load_25 = load i3 %ma_1_addr_25" [src/generic/fp_generic.cpp:360]   --->   Operation 553 'load' 'ma_1_load_25' <Predicate = true> <Delay = 0.71> <CoreInst = "RAM_1P">   --->   Core 87 'RAM_1P' <Latency = 1> <II = 1> <Delay = 0.71> <Storage> <Opcode : 'load' 'store'> <Ports = 1> <Width = 64> <Depth = 8> <RAM>
ST_19 : Operation 554 [1/1] (0.00ns) (grouped into LUT with out node add_ln356_398)   --->   "%carry_966 = or i1 %tmp_765, i1 %tmp_764" [src/generic/fp_generic.cpp:356]   --->   Operation 554 'or' 'carry_966' <Predicate = true> <Delay = 0.00> <CoreInst = "LogicGate">   --->   Core 74 'LogicGate' <Latency = 0> <II = 1> <Delay = 0.12> <FuncUnit> <Opcode : 'and' 'or' 'xor'> <InPorts = 2> <OutPorts = 1>
ST_19 : Operation 555 [1/1] (0.00ns) (grouped into LUT with out node add_ln356_398)   --->   "%zext_ln354_103 = zext i1 %carry_966" [src/generic/fp_generic.cpp:354]   --->   Operation 555 'zext' 'zext_ln354_103' <Predicate = true> <Delay = 0.00>
ST_19 : Operation 556 [1/1] (0.00ns) (grouped into LUT with out node add_ln356_397)   --->   "%carry_968 = or i1 %tmp_769, i1 %tmp_768" [src/generic/fp_generic.cpp:356]   --->   Operation 556 'or' 'carry_968' <Predicate = true> <Delay = 0.00> <CoreInst = "LogicGate">   --->   Core 74 'LogicGate' <Latency = 0> <II = 1> <Delay = 0.12> <FuncUnit> <Opcode : 'and' 'or' 'xor'> <InPorts = 2> <OutPorts = 1>
ST_19 : Operation 557 [1/1] (0.00ns) (grouped into LUT with out node add_ln356_397)   --->   "%zext_ln354_104 = zext i1 %carry_968" [src/generic/fp_generic.cpp:354]   --->   Operation 557 'zext' 'zext_ln354_104' <Predicate = true> <Delay = 0.00>
ST_19 : Operation 558 [1/1] (1.43ns)   --->   "%tmp_773 = call i1 @is_digit_lessthan_ct, i64 %u_422, i64 %tempReg_867" [src/generic/fp_generic.cpp:356]   --->   Operation 558 'call' 'tmp_773' <Predicate = true> <Delay = 1.43> <CoreType = "Generic">   --->   Generic Core
ST_19 : Operation 559 [1/1] (0.00ns) (grouped into LUT with out node add_ln356_398)   --->   "%carry_970 = or i1 %tmp_773, i1 %tmp_772" [src/generic/fp_generic.cpp:356]   --->   Operation 559 'or' 'carry_970' <Predicate = true> <Delay = 0.00> <CoreInst = "LogicGate">   --->   Core 74 'LogicGate' <Latency = 0> <II = 1> <Delay = 0.12> <FuncUnit> <Opcode : 'and' 'or' 'xor'> <InPorts = 2> <OutPorts = 1>
ST_19 : Operation 560 [1/1] (0.00ns) (grouped into LUT with out node add_ln356_398)   --->   "%zext_ln354_105 = zext i1 %carry_970" [src/generic/fp_generic.cpp:354]   --->   Operation 560 'zext' 'zext_ln354_105' <Predicate = true> <Delay = 0.00>
ST_19 : Operation 561 [1/1] (1.14ns)   --->   "%u_423 = add i64 %tempReg_869, i64 %u_422" [src/generic/fp_generic.cpp:356]   --->   Operation 561 'add' 'u_423' <Predicate = true> <Delay = 1.14> <CoreInst = "Adder">   --->   Core 1 'Adder' <Latency = 0> <II = 1> <Delay = 1.14> <FuncUnit> <Opcode : 'add' 'sub'> <InPorts = 2> <OutPorts = 1>
ST_19 : Operation 562 [1/1] (1.43ns)   --->   "%tmp_776 = call i1 @is_digit_lessthan_ct, i64 %tempReg_869, i64 %zext_ln356_80" [src/generic/fp_generic.cpp:356]   --->   Operation 562 'call' 'tmp_776' <Predicate = true> <Delay = 1.43> <CoreType = "Generic">   --->   Generic Core
ST_19 : Operation 563 [1/1] (1.43ns)   --->   "%tmp_777 = call i1 @is_digit_lessthan_ct, i64 %u_423, i64 %tempReg_869" [src/generic/fp_generic.cpp:356]   --->   Operation 563 'call' 'tmp_777' <Predicate = true> <Delay = 1.43> <CoreType = "Generic">   --->   Generic Core
ST_19 : Operation 564 [1/1] (0.00ns) (grouped into LUT with out node add_ln356_397)   --->   "%carry_972 = or i1 %tmp_777, i1 %tmp_776" [src/generic/fp_generic.cpp:356]   --->   Operation 564 'or' 'carry_972' <Predicate = true> <Delay = 0.00> <CoreInst = "LogicGate">   --->   Core 74 'LogicGate' <Latency = 0> <II = 1> <Delay = 0.12> <FuncUnit> <Opcode : 'and' 'or' 'xor'> <InPorts = 2> <OutPorts = 1>
ST_19 : Operation 565 [1/1] (0.00ns) (grouped into LUT with out node add_ln356_397)   --->   "%zext_ln354_106 = zext i1 %carry_972" [src/generic/fp_generic.cpp:354]   --->   Operation 565 'zext' 'zext_ln354_106' <Predicate = true> <Delay = 0.00>
ST_19 : Operation 566 [1/2] (1.43ns)   --->   "%call_ret191 = call i128 @digit_x_digit, i64 %v_508, i64 12393906174523604992" [src/generic/fp_generic.cpp:354]   --->   Operation 566 'call' 'call_ret191' <Predicate = true> <Delay = 1.43> <CoreType = "Generic">   --->   Generic Core
ST_19 : Operation 567 [1/1] (0.00ns)   --->   "%tempReg_870 = extractvalue i128 %call_ret191" [src/generic/fp_generic.cpp:354]   --->   Operation 567 'extractvalue' 'tempReg_870' <Predicate = true> <Delay = 0.00>
ST_19 : Operation 568 [1/1] (0.00ns) (grouped into LUT with out node tempReg_871)   --->   "%UV_434 = extractvalue i128 %call_ret191" [src/generic/fp_generic.cpp:354]   --->   Operation 568 'extractvalue' 'UV_434' <Predicate = true> <Delay = 0.00>
ST_19 : Operation 569 [1/1] (1.14ns)   --->   "%v_560 = add i64 %tempReg_870, i64 %v_559" [src/generic/fp_generic.cpp:355]   --->   Operation 569 'add' 'v_560' <Predicate = true> <Delay = 1.14> <CoreInst = "Adder">   --->   Core 1 'Adder' <Latency = 0> <II = 1> <Delay = 1.14> <FuncUnit> <Opcode : 'add' 'sub'> <InPorts = 2> <OutPorts = 1>
ST_19 : Operation 570 [1/1] (1.43ns)   --->   "%tmp_778 = call i1 @is_digit_lessthan_ct, i64 %tempReg_870, i64 0" [src/generic/fp_generic.cpp:355]   --->   Operation 570 'call' 'tmp_778' <Predicate = true> <Delay = 1.43> <CoreType = "Generic">   --->   Generic Core
ST_19 : Operation 571 [1/1] (1.43ns)   --->   "%tmp_779 = call i1 @is_digit_lessthan_ct, i64 %v_560, i64 %tempReg_870" [src/generic/fp_generic.cpp:355]   --->   Operation 571 'call' 'tmp_779' <Predicate = true> <Delay = 1.43> <CoreType = "Generic">   --->   Generic Core
ST_19 : Operation 572 [1/1] (0.12ns)   --->   "%carry_973 = or i1 %tmp_779, i1 %tmp_778" [src/generic/fp_generic.cpp:355]   --->   Operation 572 'or' 'carry_973' <Predicate = true> <Delay = 0.12> <CoreInst = "LogicGate">   --->   Core 74 'LogicGate' <Latency = 0> <II = 1> <Delay = 0.12> <FuncUnit> <Opcode : 'and' 'or' 'xor'> <InPorts = 2> <OutPorts = 1>
ST_19 : Operation 573 [1/1] (0.00ns)   --->   "%zext_ln356_81 = zext i1 %carry_973" [src/generic/fp_generic.cpp:356]   --->   Operation 573 'zext' 'zext_ln356_81' <Predicate = true> <Delay = 0.00>
ST_19 : Operation 574 [1/1] (1.14ns)   --->   "%v_561 = add i64 %ma_1_load_25, i64 %v_560" [src/generic/fp_generic.cpp:360]   --->   Operation 574 'add' 'v_561' <Predicate = true> <Delay = 1.14> <CoreInst = "Adder">   --->   Core 1 'Adder' <Latency = 0> <II = 1> <Delay = 1.14> <FuncUnit> <Opcode : 'add' 'sub'> <InPorts = 2> <OutPorts = 1>
ST_19 : Operation 575 [1/1] (1.43ns)   --->   "%tmp_780 = call i1 @is_digit_lessthan_ct, i64 %v_560, i64 0" [src/generic/fp_generic.cpp:360]   --->   Operation 575 'call' 'tmp_780' <Predicate = true> <Delay = 1.43> <CoreType = "Generic">   --->   Generic Core
ST_19 : Operation 576 [1/1] (1.43ns)   --->   "%tmp_781 = call i1 @is_digit_lessthan_ct, i64 %v_561, i64 %v_560" [src/generic/fp_generic.cpp:360]   --->   Operation 576 'call' 'tmp_781' <Predicate = true> <Delay = 1.43> <CoreType = "Generic">   --->   Generic Core
ST_19 : Operation 577 [1/1] (0.12ns)   --->   "%carry_975 = or i1 %tmp_781, i1 %tmp_780" [src/generic/fp_generic.cpp:360]   --->   Operation 577 'or' 'carry_975' <Predicate = true> <Delay = 0.12> <CoreInst = "LogicGate">   --->   Core 74 'LogicGate' <Latency = 0> <II = 1> <Delay = 0.12> <FuncUnit> <Opcode : 'and' 'or' 'xor'> <InPorts = 2> <OutPorts = 1>
ST_19 : Operation 578 [1/1] (1.14ns) (out node of the LUT)   --->   "%tempReg_871 = add i64 %UV_434, i64 %zext_ln356_81" [src/generic/fp_generic.cpp:356]   --->   Operation 578 'add' 'tempReg_871' <Predicate = true> <Delay = 1.14> <CoreInst = "Adder">   --->   Core 1 'Adder' <Latency = 0> <II = 1> <Delay = 1.14> <FuncUnit> <Opcode : 'add' 'sub'> <InPorts = 2> <OutPorts = 1>
ST_19 : Operation 579 [1/1] (1.14ns)   --->   "%u_424 = add i64 %tempReg_871, i64 %u_423" [src/generic/fp_generic.cpp:356]   --->   Operation 579 'add' 'u_424' <Predicate = true> <Delay = 1.14> <CoreInst = "Adder">   --->   Core 1 'Adder' <Latency = 0> <II = 1> <Delay = 1.14> <FuncUnit> <Opcode : 'add' 'sub'> <InPorts = 2> <OutPorts = 1>
ST_19 : Operation 580 [1/1] (1.43ns)   --->   "%tmp_782 = call i1 @is_digit_lessthan_ct, i64 %tempReg_871, i64 %zext_ln356_81" [src/generic/fp_generic.cpp:356]   --->   Operation 580 'call' 'tmp_782' <Predicate = true> <Delay = 1.43> <CoreType = "Generic">   --->   Generic Core
ST_19 : Operation 581 [2/2] (6.71ns)   --->   "%call_ret192 = call i128 @digit_x_digit, i64 %v_493, i64 18127602061483550" [src/generic/fp_generic.cpp:354]   --->   Operation 581 'call' 'call_ret192' <Predicate = true> <Delay = 6.71> <CoreType = "Generic">   --->   Generic Core
ST_19 : Operation 582 [1/1] ( I:0.71ns O:0.71ns )   --->   "%store_ln363 = store i64 %v_561, i4 %mc_addr_15" [src/generic/fp_generic.cpp:363]   --->   Operation 582 'store' 'store_ln363' <Predicate = true> <Delay = 0.71> <CoreInst = "RAM_1P">   --->   Core 87 'RAM_1P' <Latency = 1> <II = 1> <Delay = 0.71> <Storage> <Opcode : 'load' 'store'> <Ports = 1> <Width = 64> <Depth = 16> <RAM>
ST_19 : Operation 583 [1/1] (0.43ns) (out node of the LUT)   --->   "%add_ln356_397 = add i2 %zext_ln354_106, i2 %zext_ln354_104" [src/generic/fp_generic.cpp:356]   --->   Operation 583 'add' 'add_ln356_397' <Predicate = true> <Delay = 0.43> <CoreInst = "Adder">   --->   Core 1 'Adder' <Latency = 0> <II = 1> <Delay = 0.43> <FuncUnit> <Opcode : 'add' 'sub'> <InPorts = 2> <OutPorts = 1>
ST_19 : Operation 584 [1/1] (0.00ns)   --->   "%zext_ln356_133 = zext i2 %add_ln356_397" [src/generic/fp_generic.cpp:356]   --->   Operation 584 'zext' 'zext_ln356_133' <Predicate = true> <Delay = 0.00>
ST_19 : Operation 585 [1/1] (0.43ns) (out node of the LUT)   --->   "%add_ln356_398 = add i2 %zext_ln354_105, i2 %zext_ln354_103" [src/generic/fp_generic.cpp:356]   --->   Operation 585 'add' 'add_ln356_398' <Predicate = true> <Delay = 0.43> <CoreInst = "Adder">   --->   Core 1 'Adder' <Latency = 0> <II = 1> <Delay = 0.43> <FuncUnit> <Opcode : 'add' 'sub'> <InPorts = 2> <OutPorts = 1>
ST_19 : Operation 586 [1/1] (0.00ns)   --->   "%zext_ln356_134 = zext i2 %add_ln356_398" [src/generic/fp_generic.cpp:356]   --->   Operation 586 'zext' 'zext_ln356_134' <Predicate = true> <Delay = 0.00>
ST_19 : Operation 587 [1/1] (0.43ns)   --->   "%add_ln356_399 = add i3 %zext_ln356_134, i3 %zext_ln356_133" [src/generic/fp_generic.cpp:356]   --->   Operation 587 'add' 'add_ln356_399' <Predicate = true> <Delay = 0.43> <CoreInst = "Adder">   --->   Core 1 'Adder' <Latency = 0> <II = 1> <Delay = 0.43> <FuncUnit> <Opcode : 'add' 'sub'> <InPorts = 2> <OutPorts = 1>
ST_19 : Operation 588 [2/2] (6.71ns)   --->   "%call_ret193 = call i128 @digit_x_digit, i64 %v_497, i64 6937169319750509776" [src/generic/fp_generic.cpp:354]   --->   Operation 588 'call' 'call_ret193' <Predicate = true> <Delay = 6.71> <CoreType = "Generic">   --->   Generic Core

State 20 <SV = 19> <Delay = 6.72>
ST_20 : Operation 589 [1/1] (0.00ns)   --->   "%zext_ln361_19 = zext i1 %carry_975" [src/generic/fp_generic.cpp:361]   --->   Operation 589 'zext' 'zext_ln361_19' <Predicate = true> <Delay = 0.00>
ST_20 : Operation 590 [1/1] (1.43ns)   --->   "%tmp_783 = call i1 @is_digit_lessthan_ct, i64 %u_424, i64 %tempReg_871" [src/generic/fp_generic.cpp:356]   --->   Operation 590 'call' 'tmp_783' <Predicate = true> <Delay = 1.43> <CoreType = "Generic">   --->   Generic Core
ST_20 : Operation 591 [1/1] (0.00ns) (grouped into LUT with out node add_ln356_395)   --->   "%carry_974 = or i1 %tmp_783, i1 %tmp_782" [src/generic/fp_generic.cpp:356]   --->   Operation 591 'or' 'carry_974' <Predicate = true> <Delay = 0.00> <CoreInst = "LogicGate">   --->   Core 74 'LogicGate' <Latency = 0> <II = 1> <Delay = 0.12> <FuncUnit> <Opcode : 'and' 'or' 'xor'> <InPorts = 2> <OutPorts = 1>
ST_20 : Operation 592 [1/1] (0.00ns) (grouped into LUT with out node add_ln356_395)   --->   "%zext_ln361_28 = zext i1 %carry_974" [src/generic/fp_generic.cpp:361]   --->   Operation 592 'zext' 'zext_ln361_28' <Predicate = true> <Delay = 0.00>
ST_20 : Operation 593 [1/1] (1.14ns)   --->   "%tempReg_872 = add i64 %u_424, i64 %zext_ln361_19" [src/generic/fp_generic.cpp:361]   --->   Operation 593 'add' 'tempReg_872' <Predicate = true> <Delay = 1.14> <CoreInst = "Adder">   --->   Core 1 'Adder' <Latency = 0> <II = 1> <Delay = 1.14> <FuncUnit> <Opcode : 'add' 'sub'> <InPorts = 2> <OutPorts = 1>
ST_20 : Operation 594 [1/1] (1.43ns)   --->   "%tmp_784 = call i1 @is_digit_lessthan_ct, i64 %tempReg_872, i64 %zext_ln361_19" [src/generic/fp_generic.cpp:361]   --->   Operation 594 'call' 'tmp_784' <Predicate = true> <Delay = 1.43> <CoreType = "Generic">   --->   Generic Core
ST_20 : Operation 595 [1/1] (1.43ns)   --->   "%tmp_785 = call i1 @is_digit_lessthan_ct, i64 %tempReg_872, i64 %tempReg_872" [src/generic/fp_generic.cpp:361]   --->   Operation 595 'call' 'tmp_785' <Predicate = true> <Delay = 1.43> <CoreType = "Generic">   --->   Generic Core
ST_20 : Operation 596 [1/1] (0.00ns) (grouped into LUT with out node add_ln356_395)   --->   "%carry_976 = or i1 %tmp_785, i1 %tmp_784" [src/generic/fp_generic.cpp:361]   --->   Operation 596 'or' 'carry_976' <Predicate = true> <Delay = 0.00> <CoreInst = "LogicGate">   --->   Core 74 'LogicGate' <Latency = 0> <II = 1> <Delay = 0.12> <FuncUnit> <Opcode : 'and' 'or' 'xor'> <InPorts = 2> <OutPorts = 1>
ST_20 : Operation 597 [1/1] (0.00ns) (grouped into LUT with out node add_ln356_395)   --->   "%zext_ln354_107 = zext i1 %carry_976" [src/generic/fp_generic.cpp:354]   --->   Operation 597 'zext' 'zext_ln354_107' <Predicate = true> <Delay = 0.00>
ST_20 : Operation 598 [1/2] (1.43ns)   --->   "%call_ret192 = call i128 @digit_x_digit, i64 %v_493, i64 18127602061483550" [src/generic/fp_generic.cpp:354]   --->   Operation 598 'call' 'call_ret192' <Predicate = true> <Delay = 1.43> <CoreType = "Generic">   --->   Generic Core
ST_20 : Operation 599 [1/1] (0.00ns)   --->   "%tempReg_873 = extractvalue i128 %call_ret192" [src/generic/fp_generic.cpp:354]   --->   Operation 599 'extractvalue' 'tempReg_873' <Predicate = true> <Delay = 0.00>
ST_20 : Operation 600 [1/1] (0.00ns) (grouped into LUT with out node tempReg_874)   --->   "%UV_436 = extractvalue i128 %call_ret192" [src/generic/fp_generic.cpp:354]   --->   Operation 600 'extractvalue' 'UV_436' <Predicate = true> <Delay = 0.00>
ST_20 : Operation 601 [1/1] (1.14ns)   --->   "%v_562 = add i64 %tempReg_873, i64 %tempReg_872" [src/generic/fp_generic.cpp:355]   --->   Operation 601 'add' 'v_562' <Predicate = true> <Delay = 1.14> <CoreInst = "Adder">   --->   Core 1 'Adder' <Latency = 0> <II = 1> <Delay = 1.14> <FuncUnit> <Opcode : 'add' 'sub'> <InPorts = 2> <OutPorts = 1>
ST_20 : Operation 602 [1/1] (1.43ns)   --->   "%tmp_786 = call i1 @is_digit_lessthan_ct, i64 %tempReg_873, i64 0" [src/generic/fp_generic.cpp:355]   --->   Operation 602 'call' 'tmp_786' <Predicate = true> <Delay = 1.43> <CoreType = "Generic">   --->   Generic Core
ST_20 : Operation 603 [1/1] (1.43ns)   --->   "%tmp_787 = call i1 @is_digit_lessthan_ct, i64 %v_562, i64 %tempReg_873" [src/generic/fp_generic.cpp:355]   --->   Operation 603 'call' 'tmp_787' <Predicate = true> <Delay = 1.43> <CoreType = "Generic">   --->   Generic Core
ST_20 : Operation 604 [1/1] (0.12ns)   --->   "%carry_977 = or i1 %tmp_787, i1 %tmp_786" [src/generic/fp_generic.cpp:355]   --->   Operation 604 'or' 'carry_977' <Predicate = true> <Delay = 0.12> <CoreInst = "LogicGate">   --->   Core 74 'LogicGate' <Latency = 0> <II = 1> <Delay = 0.12> <FuncUnit> <Opcode : 'and' 'or' 'xor'> <InPorts = 2> <OutPorts = 1>
ST_20 : Operation 605 [1/1] (0.00ns)   --->   "%zext_ln356_82 = zext i1 %carry_977" [src/generic/fp_generic.cpp:356]   --->   Operation 605 'zext' 'zext_ln356_82' <Predicate = true> <Delay = 0.00>
ST_20 : Operation 606 [1/1] (1.14ns) (out node of the LUT)   --->   "%tempReg_874 = add i64 %UV_436, i64 %zext_ln356_82" [src/generic/fp_generic.cpp:356]   --->   Operation 606 'add' 'tempReg_874' <Predicate = true> <Delay = 1.14> <CoreInst = "Adder">   --->   Core 1 'Adder' <Latency = 0> <II = 1> <Delay = 1.14> <FuncUnit> <Opcode : 'add' 'sub'> <InPorts = 2> <OutPorts = 1>
ST_20 : Operation 607 [1/1] (0.43ns) (out node of the LUT)   --->   "%add_ln356_395 = add i2 %zext_ln361_28, i2 %zext_ln354_107" [src/generic/fp_generic.cpp:356]   --->   Operation 607 'add' 'add_ln356_395' <Predicate = true> <Delay = 0.43> <CoreInst = "Adder">   --->   Core 1 'Adder' <Latency = 0> <II = 1> <Delay = 0.43> <FuncUnit> <Opcode : 'add' 'sub'> <InPorts = 2> <OutPorts = 1>
ST_20 : Operation 608 [1/1] (1.43ns)   --->   "%tmp_788 = call i1 @is_digit_lessthan_ct, i64 %tempReg_874, i64 %zext_ln356_82" [src/generic/fp_generic.cpp:356]   --->   Operation 608 'call' 'tmp_788' <Predicate = true> <Delay = 1.43> <CoreType = "Generic">   --->   Generic Core
ST_20 : Operation 609 [1/2] (1.43ns)   --->   "%call_ret193 = call i128 @digit_x_digit, i64 %v_497, i64 6937169319750509776" [src/generic/fp_generic.cpp:354]   --->   Operation 609 'call' 'call_ret193' <Predicate = true> <Delay = 1.43> <CoreType = "Generic">   --->   Generic Core
ST_20 : Operation 610 [1/1] (0.00ns)   --->   "%tempReg_875 = extractvalue i128 %call_ret193" [src/generic/fp_generic.cpp:354]   --->   Operation 610 'extractvalue' 'tempReg_875' <Predicate = true> <Delay = 0.00>
ST_20 : Operation 611 [1/1] (0.00ns) (grouped into LUT with out node tempReg_876)   --->   "%UV_438 = extractvalue i128 %call_ret193" [src/generic/fp_generic.cpp:354]   --->   Operation 611 'extractvalue' 'UV_438' <Predicate = true> <Delay = 0.00>
ST_20 : Operation 612 [1/1] (1.14ns)   --->   "%v_563 = add i64 %tempReg_875, i64 %v_562" [src/generic/fp_generic.cpp:355]   --->   Operation 612 'add' 'v_563' <Predicate = true> <Delay = 1.14> <CoreInst = "Adder">   --->   Core 1 'Adder' <Latency = 0> <II = 1> <Delay = 1.14> <FuncUnit> <Opcode : 'add' 'sub'> <InPorts = 2> <OutPorts = 1>
ST_20 : Operation 613 [1/1] (1.43ns)   --->   "%tmp_790 = call i1 @is_digit_lessthan_ct, i64 %tempReg_875, i64 0" [src/generic/fp_generic.cpp:355]   --->   Operation 613 'call' 'tmp_790' <Predicate = true> <Delay = 1.43> <CoreType = "Generic">   --->   Generic Core
ST_20 : Operation 614 [1/1] (1.43ns)   --->   "%tmp_791 = call i1 @is_digit_lessthan_ct, i64 %v_563, i64 %tempReg_875" [src/generic/fp_generic.cpp:355]   --->   Operation 614 'call' 'tmp_791' <Predicate = true> <Delay = 1.43> <CoreType = "Generic">   --->   Generic Core
ST_20 : Operation 615 [1/1] (0.12ns)   --->   "%carry_979 = or i1 %tmp_791, i1 %tmp_790" [src/generic/fp_generic.cpp:355]   --->   Operation 615 'or' 'carry_979' <Predicate = true> <Delay = 0.12> <CoreInst = "LogicGate">   --->   Core 74 'LogicGate' <Latency = 0> <II = 1> <Delay = 0.12> <FuncUnit> <Opcode : 'and' 'or' 'xor'> <InPorts = 2> <OutPorts = 1>
ST_20 : Operation 616 [1/1] (0.00ns)   --->   "%zext_ln356_83 = zext i1 %carry_979" [src/generic/fp_generic.cpp:356]   --->   Operation 616 'zext' 'zext_ln356_83' <Predicate = true> <Delay = 0.00>
ST_20 : Operation 617 [1/1] (1.14ns) (out node of the LUT)   --->   "%tempReg_876 = add i64 %UV_438, i64 %zext_ln356_83" [src/generic/fp_generic.cpp:356]   --->   Operation 617 'add' 'tempReg_876' <Predicate = true> <Delay = 1.14> <CoreInst = "Adder">   --->   Core 1 'Adder' <Latency = 0> <II = 1> <Delay = 1.14> <FuncUnit> <Opcode : 'add' 'sub'> <InPorts = 2> <OutPorts = 1>
ST_20 : Operation 618 [2/2] (6.71ns)   --->   "%call_ret194 = call i128 @digit_x_digit, i64 %v_502, i64 1989455001339985327" [src/generic/fp_generic.cpp:354]   --->   Operation 618 'call' 'call_ret194' <Predicate = true> <Delay = 6.71> <CoreType = "Generic">   --->   Generic Core
ST_20 : Operation 619 [2/2] (6.71ns)   --->   "%call_ret195 = call i128 @digit_x_digit, i64 %v_508, i64 1371447078966912928" [src/generic/fp_generic.cpp:354]   --->   Operation 619 'call' 'call_ret195' <Predicate = true> <Delay = 6.71> <CoreType = "Generic">   --->   Generic Core

State 21 <SV = 20> <Delay = 6.72>
ST_21 : Operation 620 [1/1] (0.00ns)   --->   "%ma_0_addr_26 = getelementptr i64 %ma_0, i64 0, i64 5" [src/generic/fp_generic.cpp:360]   --->   Operation 620 'getelementptr' 'ma_0_addr_26' <Predicate = true> <Delay = 0.00>
ST_21 : Operation 621 [2/2] (0.71ns)   --->   "%ma_0_load_22 = load i3 %ma_0_addr_26" [src/generic/fp_generic.cpp:360]   --->   Operation 621 'load' 'ma_0_load_22' <Predicate = true> <Delay = 0.71> <CoreInst = "RAM_1P">   --->   Core 87 'RAM_1P' <Latency = 1> <II = 1> <Delay = 0.71> <Storage> <Opcode : 'load' 'store'> <Ports = 1> <Width = 64> <Depth = 8> <RAM>
ST_21 : Operation 622 [1/1] (0.00ns)   --->   "%zext_ln356_132 = zext i2 %add_ln356_395" [src/generic/fp_generic.cpp:356]   --->   Operation 622 'zext' 'zext_ln356_132' <Predicate = true> <Delay = 0.00>
ST_21 : Operation 623 [1/1] (0.00ns) (grouped into TernaryAdder)   --->   "%add_ln356_396 = add i64 %zext_ln356_132, i64 %tempReg_874" [src/generic/fp_generic.cpp:356]   --->   Operation 623 'add' 'add_ln356_396' <Predicate = true> <Delay = 0.00> <CoreInst = "TAddSub">   --->   Core 10 'TAddSub' <Latency = 0> <II = 1> <Delay = 0.42> <IPBlock> <Opcode : '' 'add' 'sub'> <InPorts = 3> <OutPorts = 1> <Sync> <CReg>
ST_21 : Operation 624 [1/1] (0.00ns)   --->   "%zext_ln356_135 = zext i3 %add_ln356_399" [src/generic/fp_generic.cpp:356]   --->   Operation 624 'zext' 'zext_ln356_135' <Predicate = true> <Delay = 0.00>
ST_21 : Operation 625 [1/1] (0.84ns) (root node of TernaryAdder)   --->   "%u_425 = add i64 %zext_ln356_135, i64 %add_ln356_396" [src/generic/fp_generic.cpp:356]   --->   Operation 625 'add' 'u_425' <Predicate = true> <Delay = 0.84> <CoreInst = "TAddSub">   --->   Core 10 'TAddSub' <Latency = 0> <II = 1> <Delay = 0.42> <IPBlock> <Opcode : '' 'add' 'sub'> <InPorts = 3> <OutPorts = 1> <Sync> <CReg>
ST_21 : Operation 626 [1/1] (1.43ns)   --->   "%tmp_789 = call i1 @is_digit_lessthan_ct, i64 %u_425, i64 %tempReg_874" [src/generic/fp_generic.cpp:356]   --->   Operation 626 'call' 'tmp_789' <Predicate = true> <Delay = 1.43> <CoreType = "Generic">   --->   Generic Core
ST_21 : Operation 627 [1/1] (1.14ns)   --->   "%u_426 = add i64 %tempReg_876, i64 %u_425" [src/generic/fp_generic.cpp:356]   --->   Operation 627 'add' 'u_426' <Predicate = true> <Delay = 1.14> <CoreInst = "Adder">   --->   Core 1 'Adder' <Latency = 0> <II = 1> <Delay = 1.14> <FuncUnit> <Opcode : 'add' 'sub'> <InPorts = 2> <OutPorts = 1>
ST_21 : Operation 628 [1/1] (1.43ns)   --->   "%tmp_792 = call i1 @is_digit_lessthan_ct, i64 %tempReg_876, i64 %zext_ln356_83" [src/generic/fp_generic.cpp:356]   --->   Operation 628 'call' 'tmp_792' <Predicate = true> <Delay = 1.43> <CoreType = "Generic">   --->   Generic Core
ST_21 : Operation 629 [1/1] (1.43ns)   --->   "%tmp_793 = call i1 @is_digit_lessthan_ct, i64 %u_426, i64 %tempReg_876" [src/generic/fp_generic.cpp:356]   --->   Operation 629 'call' 'tmp_793' <Predicate = true> <Delay = 1.43> <CoreType = "Generic">   --->   Generic Core
ST_21 : Operation 630 [1/2] (1.43ns)   --->   "%call_ret194 = call i128 @digit_x_digit, i64 %v_502, i64 1989455001339985327" [src/generic/fp_generic.cpp:354]   --->   Operation 630 'call' 'call_ret194' <Predicate = true> <Delay = 1.43> <CoreType = "Generic">   --->   Generic Core
ST_21 : Operation 631 [1/1] (0.00ns)   --->   "%tempReg_877 = extractvalue i128 %call_ret194" [src/generic/fp_generic.cpp:354]   --->   Operation 631 'extractvalue' 'tempReg_877' <Predicate = true> <Delay = 0.00>
ST_21 : Operation 632 [1/1] (0.00ns) (grouped into LUT with out node tempReg_878)   --->   "%UV_440 = extractvalue i128 %call_ret194" [src/generic/fp_generic.cpp:354]   --->   Operation 632 'extractvalue' 'UV_440' <Predicate = true> <Delay = 0.00>
ST_21 : Operation 633 [1/1] (1.14ns)   --->   "%v_564 = add i64 %tempReg_877, i64 %v_563" [src/generic/fp_generic.cpp:355]   --->   Operation 633 'add' 'v_564' <Predicate = true> <Delay = 1.14> <CoreInst = "Adder">   --->   Core 1 'Adder' <Latency = 0> <II = 1> <Delay = 1.14> <FuncUnit> <Opcode : 'add' 'sub'> <InPorts = 2> <OutPorts = 1>
ST_21 : Operation 634 [1/1] (1.43ns)   --->   "%tmp_794 = call i1 @is_digit_lessthan_ct, i64 %tempReg_877, i64 0" [src/generic/fp_generic.cpp:355]   --->   Operation 634 'call' 'tmp_794' <Predicate = true> <Delay = 1.43> <CoreType = "Generic">   --->   Generic Core
ST_21 : Operation 635 [1/1] (1.43ns)   --->   "%tmp_795 = call i1 @is_digit_lessthan_ct, i64 %v_564, i64 %tempReg_877" [src/generic/fp_generic.cpp:355]   --->   Operation 635 'call' 'tmp_795' <Predicate = true> <Delay = 1.43> <CoreType = "Generic">   --->   Generic Core
ST_21 : Operation 636 [1/1] (0.12ns)   --->   "%carry_981 = or i1 %tmp_795, i1 %tmp_794" [src/generic/fp_generic.cpp:355]   --->   Operation 636 'or' 'carry_981' <Predicate = true> <Delay = 0.12> <CoreInst = "LogicGate">   --->   Core 74 'LogicGate' <Latency = 0> <II = 1> <Delay = 0.12> <FuncUnit> <Opcode : 'and' 'or' 'xor'> <InPorts = 2> <OutPorts = 1>
ST_21 : Operation 637 [1/1] (0.00ns)   --->   "%zext_ln356_84 = zext i1 %carry_981" [src/generic/fp_generic.cpp:356]   --->   Operation 637 'zext' 'zext_ln356_84' <Predicate = true> <Delay = 0.00>
ST_21 : Operation 638 [1/1] (1.14ns) (out node of the LUT)   --->   "%tempReg_878 = add i64 %UV_440, i64 %zext_ln356_84" [src/generic/fp_generic.cpp:356]   --->   Operation 638 'add' 'tempReg_878' <Predicate = true> <Delay = 1.14> <CoreInst = "Adder">   --->   Core 1 'Adder' <Latency = 0> <II = 1> <Delay = 1.14> <FuncUnit> <Opcode : 'add' 'sub'> <InPorts = 2> <OutPorts = 1>
ST_21 : Operation 639 [1/1] (1.43ns)   --->   "%tmp_796 = call i1 @is_digit_lessthan_ct, i64 %tempReg_878, i64 %zext_ln356_84" [src/generic/fp_generic.cpp:356]   --->   Operation 639 'call' 'tmp_796' <Predicate = true> <Delay = 1.43> <CoreType = "Generic">   --->   Generic Core
ST_21 : Operation 640 [1/2] (1.43ns)   --->   "%call_ret195 = call i128 @digit_x_digit, i64 %v_508, i64 1371447078966912928" [src/generic/fp_generic.cpp:354]   --->   Operation 640 'call' 'call_ret195' <Predicate = true> <Delay = 1.43> <CoreType = "Generic">   --->   Generic Core
ST_21 : Operation 641 [1/1] (0.00ns)   --->   "%tempReg_879 = extractvalue i128 %call_ret195" [src/generic/fp_generic.cpp:354]   --->   Operation 641 'extractvalue' 'tempReg_879' <Predicate = true> <Delay = 0.00>
ST_21 : Operation 642 [1/1] (0.00ns) (grouped into LUT with out node tempReg_880)   --->   "%UV_442 = extractvalue i128 %call_ret195" [src/generic/fp_generic.cpp:354]   --->   Operation 642 'extractvalue' 'UV_442' <Predicate = true> <Delay = 0.00>
ST_21 : Operation 643 [1/1] (1.14ns)   --->   "%v_565 = add i64 %tempReg_879, i64 %v_564" [src/generic/fp_generic.cpp:355]   --->   Operation 643 'add' 'v_565' <Predicate = true> <Delay = 1.14> <CoreInst = "Adder">   --->   Core 1 'Adder' <Latency = 0> <II = 1> <Delay = 1.14> <FuncUnit> <Opcode : 'add' 'sub'> <InPorts = 2> <OutPorts = 1>
ST_21 : Operation 644 [1/1] (1.43ns)   --->   "%tmp_798 = call i1 @is_digit_lessthan_ct, i64 %tempReg_879, i64 0" [src/generic/fp_generic.cpp:355]   --->   Operation 644 'call' 'tmp_798' <Predicate = true> <Delay = 1.43> <CoreType = "Generic">   --->   Generic Core
ST_21 : Operation 645 [1/1] (1.43ns)   --->   "%tmp_799 = call i1 @is_digit_lessthan_ct, i64 %v_565, i64 %tempReg_879" [src/generic/fp_generic.cpp:355]   --->   Operation 645 'call' 'tmp_799' <Predicate = true> <Delay = 1.43> <CoreType = "Generic">   --->   Generic Core
ST_21 : Operation 646 [1/1] (0.12ns)   --->   "%carry_983 = or i1 %tmp_799, i1 %tmp_798" [src/generic/fp_generic.cpp:355]   --->   Operation 646 'or' 'carry_983' <Predicate = true> <Delay = 0.12> <CoreInst = "LogicGate">   --->   Core 74 'LogicGate' <Latency = 0> <II = 1> <Delay = 0.12> <FuncUnit> <Opcode : 'and' 'or' 'xor'> <InPorts = 2> <OutPorts = 1>
ST_21 : Operation 647 [1/1] (0.00ns)   --->   "%zext_ln356_85 = zext i1 %carry_983" [src/generic/fp_generic.cpp:356]   --->   Operation 647 'zext' 'zext_ln356_85' <Predicate = true> <Delay = 0.00>
ST_21 : Operation 648 [1/1] (1.14ns) (out node of the LUT)   --->   "%tempReg_880 = add i64 %UV_442, i64 %zext_ln356_85" [src/generic/fp_generic.cpp:356]   --->   Operation 648 'add' 'tempReg_880' <Predicate = true> <Delay = 1.14> <CoreInst = "Adder">   --->   Core 1 'Adder' <Latency = 0> <II = 1> <Delay = 1.14> <FuncUnit> <Opcode : 'add' 'sub'> <InPorts = 2> <OutPorts = 1>
ST_21 : Operation 649 [2/2] (6.71ns)   --->   "%call_ret196 = call i128 @digit_x_digit, i64 %v_515, i64 12393906174523604992" [src/generic/fp_generic.cpp:354]   --->   Operation 649 'call' 'call_ret196' <Predicate = true> <Delay = 6.71> <CoreType = "Generic">   --->   Generic Core

State 22 <SV = 21> <Delay = 6.72>
ST_22 : Operation 650 [1/1] (0.00ns)   --->   "%tmp_12 = bitconcatenate i4 @_ssdm_op_BitConcatenate.i4.i1.i3, i1 %mc_offset_read, i3 2" [src/generic/fp_generic.cpp:334]   --->   Operation 650 'bitconcatenate' 'tmp_12' <Predicate = true> <Delay = 0.00>
ST_22 : Operation 651 [1/1] (0.00ns)   --->   "%zext_ln334_24 = zext i4 %tmp_12" [src/generic/fp_generic.cpp:334]   --->   Operation 651 'zext' 'zext_ln334_24' <Predicate = true> <Delay = 0.00>
ST_22 : Operation 652 [1/1] (0.00ns)   --->   "%mc_addr_22 = getelementptr i64 %mc, i64 0, i64 %zext_ln334_24" [src/generic/fp_generic.cpp:334]   --->   Operation 652 'getelementptr' 'mc_addr_22' <Predicate = true> <Delay = 0.00>
ST_22 : Operation 653 [1/2] ( I:0.71ns O:0.71ns )   --->   "%ma_0_load_22 = load i3 %ma_0_addr_26" [src/generic/fp_generic.cpp:360]   --->   Operation 653 'load' 'ma_0_load_22' <Predicate = true> <Delay = 0.71> <CoreInst = "RAM_1P">   --->   Core 87 'RAM_1P' <Latency = 1> <II = 1> <Delay = 0.71> <Storage> <Opcode : 'load' 'store'> <Ports = 1> <Width = 64> <Depth = 8> <RAM>
ST_22 : Operation 654 [1/1] (0.00ns) (grouped into LUT with out node add_ln356_413)   --->   "%carry_978 = or i1 %tmp_789, i1 %tmp_788" [src/generic/fp_generic.cpp:356]   --->   Operation 654 'or' 'carry_978' <Predicate = true> <Delay = 0.00> <CoreInst = "LogicGate">   --->   Core 74 'LogicGate' <Latency = 0> <II = 1> <Delay = 0.12> <FuncUnit> <Opcode : 'and' 'or' 'xor'> <InPorts = 2> <OutPorts = 1>
ST_22 : Operation 655 [1/1] (0.00ns) (grouped into LUT with out node add_ln356_413)   --->   "%zext_ln354_108 = zext i1 %carry_978" [src/generic/fp_generic.cpp:354]   --->   Operation 655 'zext' 'zext_ln354_108' <Predicate = true> <Delay = 0.00>
ST_22 : Operation 656 [1/1] (0.00ns) (grouped into LUT with out node add_ln356_412)   --->   "%carry_980 = or i1 %tmp_793, i1 %tmp_792" [src/generic/fp_generic.cpp:356]   --->   Operation 656 'or' 'carry_980' <Predicate = true> <Delay = 0.00> <CoreInst = "LogicGate">   --->   Core 74 'LogicGate' <Latency = 0> <II = 1> <Delay = 0.12> <FuncUnit> <Opcode : 'and' 'or' 'xor'> <InPorts = 2> <OutPorts = 1>
ST_22 : Operation 657 [1/1] (0.00ns) (grouped into LUT with out node add_ln356_412)   --->   "%zext_ln354_109 = zext i1 %carry_980" [src/generic/fp_generic.cpp:354]   --->   Operation 657 'zext' 'zext_ln354_109' <Predicate = true> <Delay = 0.00>
ST_22 : Operation 658 [1/1] (1.14ns)   --->   "%u_427 = add i64 %tempReg_878, i64 %u_426" [src/generic/fp_generic.cpp:356]   --->   Operation 658 'add' 'u_427' <Predicate = true> <Delay = 1.14> <CoreInst = "Adder">   --->   Core 1 'Adder' <Latency = 0> <II = 1> <Delay = 1.14> <FuncUnit> <Opcode : 'add' 'sub'> <InPorts = 2> <OutPorts = 1>
ST_22 : Operation 659 [1/1] (1.43ns)   --->   "%tmp_797 = call i1 @is_digit_lessthan_ct, i64 %u_427, i64 %tempReg_878" [src/generic/fp_generic.cpp:356]   --->   Operation 659 'call' 'tmp_797' <Predicate = true> <Delay = 1.43> <CoreType = "Generic">   --->   Generic Core
ST_22 : Operation 660 [1/1] (0.00ns) (grouped into LUT with out node add_ln356_413)   --->   "%carry_982 = or i1 %tmp_797, i1 %tmp_796" [src/generic/fp_generic.cpp:356]   --->   Operation 660 'or' 'carry_982' <Predicate = true> <Delay = 0.00> <CoreInst = "LogicGate">   --->   Core 74 'LogicGate' <Latency = 0> <II = 1> <Delay = 0.12> <FuncUnit> <Opcode : 'and' 'or' 'xor'> <InPorts = 2> <OutPorts = 1>
ST_22 : Operation 661 [1/1] (0.00ns) (grouped into LUT with out node add_ln356_413)   --->   "%zext_ln354_110 = zext i1 %carry_982" [src/generic/fp_generic.cpp:354]   --->   Operation 661 'zext' 'zext_ln354_110' <Predicate = true> <Delay = 0.00>
ST_22 : Operation 662 [1/1] (1.14ns)   --->   "%u_428 = add i64 %tempReg_880, i64 %u_427" [src/generic/fp_generic.cpp:356]   --->   Operation 662 'add' 'u_428' <Predicate = true> <Delay = 1.14> <CoreInst = "Adder">   --->   Core 1 'Adder' <Latency = 0> <II = 1> <Delay = 1.14> <FuncUnit> <Opcode : 'add' 'sub'> <InPorts = 2> <OutPorts = 1>
ST_22 : Operation 663 [1/1] (1.43ns)   --->   "%tmp_800 = call i1 @is_digit_lessthan_ct, i64 %tempReg_880, i64 %zext_ln356_85" [src/generic/fp_generic.cpp:356]   --->   Operation 663 'call' 'tmp_800' <Predicate = true> <Delay = 1.43> <CoreType = "Generic">   --->   Generic Core
ST_22 : Operation 664 [1/1] (1.43ns)   --->   "%tmp_801 = call i1 @is_digit_lessthan_ct, i64 %u_428, i64 %tempReg_880" [src/generic/fp_generic.cpp:356]   --->   Operation 664 'call' 'tmp_801' <Predicate = true> <Delay = 1.43> <CoreType = "Generic">   --->   Generic Core
ST_22 : Operation 665 [1/1] (0.00ns) (grouped into LUT with out node add_ln356_412)   --->   "%carry_984 = or i1 %tmp_801, i1 %tmp_800" [src/generic/fp_generic.cpp:356]   --->   Operation 665 'or' 'carry_984' <Predicate = true> <Delay = 0.00> <CoreInst = "LogicGate">   --->   Core 74 'LogicGate' <Latency = 0> <II = 1> <Delay = 0.12> <FuncUnit> <Opcode : 'and' 'or' 'xor'> <InPorts = 2> <OutPorts = 1>
ST_22 : Operation 666 [1/1] (0.00ns) (grouped into LUT with out node add_ln356_412)   --->   "%zext_ln354_111 = zext i1 %carry_984" [src/generic/fp_generic.cpp:354]   --->   Operation 666 'zext' 'zext_ln354_111' <Predicate = true> <Delay = 0.00>
ST_22 : Operation 667 [1/2] (1.43ns)   --->   "%call_ret196 = call i128 @digit_x_digit, i64 %v_515, i64 12393906174523604992" [src/generic/fp_generic.cpp:354]   --->   Operation 667 'call' 'call_ret196' <Predicate = true> <Delay = 1.43> <CoreType = "Generic">   --->   Generic Core
ST_22 : Operation 668 [1/1] (0.00ns)   --->   "%tempReg_881 = extractvalue i128 %call_ret196" [src/generic/fp_generic.cpp:354]   --->   Operation 668 'extractvalue' 'tempReg_881' <Predicate = true> <Delay = 0.00>
ST_22 : Operation 669 [1/1] (0.00ns) (grouped into LUT with out node tempReg_882)   --->   "%UV_444 = extractvalue i128 %call_ret196" [src/generic/fp_generic.cpp:354]   --->   Operation 669 'extractvalue' 'UV_444' <Predicate = true> <Delay = 0.00>
ST_22 : Operation 670 [1/1] (1.14ns)   --->   "%v_566 = add i64 %tempReg_881, i64 %v_565" [src/generic/fp_generic.cpp:355]   --->   Operation 670 'add' 'v_566' <Predicate = true> <Delay = 1.14> <CoreInst = "Adder">   --->   Core 1 'Adder' <Latency = 0> <II = 1> <Delay = 1.14> <FuncUnit> <Opcode : 'add' 'sub'> <InPorts = 2> <OutPorts = 1>
ST_22 : Operation 671 [1/1] (1.43ns)   --->   "%tmp_802 = call i1 @is_digit_lessthan_ct, i64 %tempReg_881, i64 0" [src/generic/fp_generic.cpp:355]   --->   Operation 671 'call' 'tmp_802' <Predicate = true> <Delay = 1.43> <CoreType = "Generic">   --->   Generic Core
ST_22 : Operation 672 [1/1] (1.43ns)   --->   "%tmp_803 = call i1 @is_digit_lessthan_ct, i64 %v_566, i64 %tempReg_881" [src/generic/fp_generic.cpp:355]   --->   Operation 672 'call' 'tmp_803' <Predicate = true> <Delay = 1.43> <CoreType = "Generic">   --->   Generic Core
ST_22 : Operation 673 [1/1] (0.12ns)   --->   "%carry_985 = or i1 %tmp_803, i1 %tmp_802" [src/generic/fp_generic.cpp:355]   --->   Operation 673 'or' 'carry_985' <Predicate = true> <Delay = 0.12> <CoreInst = "LogicGate">   --->   Core 74 'LogicGate' <Latency = 0> <II = 1> <Delay = 0.12> <FuncUnit> <Opcode : 'and' 'or' 'xor'> <InPorts = 2> <OutPorts = 1>
ST_22 : Operation 674 [1/1] (0.00ns)   --->   "%zext_ln356_86 = zext i1 %carry_985" [src/generic/fp_generic.cpp:356]   --->   Operation 674 'zext' 'zext_ln356_86' <Predicate = true> <Delay = 0.00>
ST_22 : Operation 675 [1/1] (1.14ns)   --->   "%v_567 = add i64 %ma_0_load_22, i64 %v_566" [src/generic/fp_generic.cpp:360]   --->   Operation 675 'add' 'v_567' <Predicate = true> <Delay = 1.14> <CoreInst = "Adder">   --->   Core 1 'Adder' <Latency = 0> <II = 1> <Delay = 1.14> <FuncUnit> <Opcode : 'add' 'sub'> <InPorts = 2> <OutPorts = 1>
ST_22 : Operation 676 [1/1] (1.43ns)   --->   "%tmp_804 = call i1 @is_digit_lessthan_ct, i64 %v_566, i64 0" [src/generic/fp_generic.cpp:360]   --->   Operation 676 'call' 'tmp_804' <Predicate = true> <Delay = 1.43> <CoreType = "Generic">   --->   Generic Core
ST_22 : Operation 677 [1/1] (1.43ns)   --->   "%tmp_805 = call i1 @is_digit_lessthan_ct, i64 %v_567, i64 %v_566" [src/generic/fp_generic.cpp:360]   --->   Operation 677 'call' 'tmp_805' <Predicate = true> <Delay = 1.43> <CoreType = "Generic">   --->   Generic Core
ST_22 : Operation 678 [1/1] (0.12ns)   --->   "%carry_987 = or i1 %tmp_805, i1 %tmp_804" [src/generic/fp_generic.cpp:360]   --->   Operation 678 'or' 'carry_987' <Predicate = true> <Delay = 0.12> <CoreInst = "LogicGate">   --->   Core 74 'LogicGate' <Latency = 0> <II = 1> <Delay = 0.12> <FuncUnit> <Opcode : 'and' 'or' 'xor'> <InPorts = 2> <OutPorts = 1>
ST_22 : Operation 679 [1/1] (1.14ns) (out node of the LUT)   --->   "%tempReg_882 = add i64 %UV_444, i64 %zext_ln356_86" [src/generic/fp_generic.cpp:356]   --->   Operation 679 'add' 'tempReg_882' <Predicate = true> <Delay = 1.14> <CoreInst = "Adder">   --->   Core 1 'Adder' <Latency = 0> <II = 1> <Delay = 1.14> <FuncUnit> <Opcode : 'add' 'sub'> <InPorts = 2> <OutPorts = 1>
ST_22 : Operation 680 [1/1] (1.14ns)   --->   "%u_429 = add i64 %tempReg_882, i64 %u_428" [src/generic/fp_generic.cpp:356]   --->   Operation 680 'add' 'u_429' <Predicate = true> <Delay = 1.14> <CoreInst = "Adder">   --->   Core 1 'Adder' <Latency = 0> <II = 1> <Delay = 1.14> <FuncUnit> <Opcode : 'add' 'sub'> <InPorts = 2> <OutPorts = 1>
ST_22 : Operation 681 [1/1] (1.43ns)   --->   "%tmp_806 = call i1 @is_digit_lessthan_ct, i64 %tempReg_882, i64 %zext_ln356_86" [src/generic/fp_generic.cpp:356]   --->   Operation 681 'call' 'tmp_806' <Predicate = true> <Delay = 1.43> <CoreType = "Generic">   --->   Generic Core
ST_22 : Operation 682 [2/2] (6.71ns)   --->   "%call_ret197 = call i128 @digit_x_digit, i64 %v_497, i64 18127602061483550" [src/generic/fp_generic.cpp:354]   --->   Operation 682 'call' 'call_ret197' <Predicate = true> <Delay = 6.71> <CoreType = "Generic">   --->   Generic Core
ST_22 : Operation 683 [1/1] ( I:0.71ns O:0.71ns )   --->   "%store_ln363 = store i64 %v_567, i4 %mc_addr_22" [src/generic/fp_generic.cpp:363]   --->   Operation 683 'store' 'store_ln363' <Predicate = true> <Delay = 0.71> <CoreInst = "RAM_1P">   --->   Core 87 'RAM_1P' <Latency = 1> <II = 1> <Delay = 0.71> <Storage> <Opcode : 'load' 'store'> <Ports = 1> <Width = 64> <Depth = 16> <RAM>
ST_22 : Operation 684 [1/1] (0.43ns) (out node of the LUT)   --->   "%add_ln356_412 = add i2 %zext_ln354_111, i2 %zext_ln354_109" [src/generic/fp_generic.cpp:356]   --->   Operation 684 'add' 'add_ln356_412' <Predicate = true> <Delay = 0.43> <CoreInst = "Adder">   --->   Core 1 'Adder' <Latency = 0> <II = 1> <Delay = 0.43> <FuncUnit> <Opcode : 'add' 'sub'> <InPorts = 2> <OutPorts = 1>
ST_22 : Operation 685 [1/1] (0.00ns)   --->   "%zext_ln356_137 = zext i2 %add_ln356_412" [src/generic/fp_generic.cpp:356]   --->   Operation 685 'zext' 'zext_ln356_137' <Predicate = true> <Delay = 0.00>
ST_22 : Operation 686 [1/1] (0.43ns) (out node of the LUT)   --->   "%add_ln356_413 = add i2 %zext_ln354_110, i2 %zext_ln354_108" [src/generic/fp_generic.cpp:356]   --->   Operation 686 'add' 'add_ln356_413' <Predicate = true> <Delay = 0.43> <CoreInst = "Adder">   --->   Core 1 'Adder' <Latency = 0> <II = 1> <Delay = 0.43> <FuncUnit> <Opcode : 'add' 'sub'> <InPorts = 2> <OutPorts = 1>
ST_22 : Operation 687 [1/1] (0.00ns)   --->   "%zext_ln356_138 = zext i2 %add_ln356_413" [src/generic/fp_generic.cpp:356]   --->   Operation 687 'zext' 'zext_ln356_138' <Predicate = true> <Delay = 0.00>
ST_22 : Operation 688 [1/1] (0.43ns)   --->   "%add_ln356_414 = add i3 %zext_ln356_138, i3 %zext_ln356_137" [src/generic/fp_generic.cpp:356]   --->   Operation 688 'add' 'add_ln356_414' <Predicate = true> <Delay = 0.43> <CoreInst = "Adder">   --->   Core 1 'Adder' <Latency = 0> <II = 1> <Delay = 0.43> <FuncUnit> <Opcode : 'add' 'sub'> <InPorts = 2> <OutPorts = 1>
ST_22 : Operation 689 [2/2] (6.71ns)   --->   "%call_ret198 = call i128 @digit_x_digit, i64 %v_502, i64 6937169319750509776" [src/generic/fp_generic.cpp:354]   --->   Operation 689 'call' 'call_ret198' <Predicate = true> <Delay = 6.71> <CoreType = "Generic">   --->   Generic Core

State 23 <SV = 22> <Delay = 6.72>
ST_23 : Operation 690 [1/1] (0.00ns)   --->   "%ma_1_addr_26 = getelementptr i64 %ma_1, i64 0, i64 5" [src/generic/fp_generic.cpp:360]   --->   Operation 690 'getelementptr' 'ma_1_addr_26' <Predicate = true> <Delay = 0.00>
ST_23 : Operation 691 [2/2] (0.71ns)   --->   "%ma_1_load_26 = load i3 %ma_1_addr_26" [src/generic/fp_generic.cpp:360]   --->   Operation 691 'load' 'ma_1_load_26' <Predicate = true> <Delay = 0.71> <CoreInst = "RAM_1P">   --->   Core 87 'RAM_1P' <Latency = 1> <II = 1> <Delay = 0.71> <Storage> <Opcode : 'load' 'store'> <Ports = 1> <Width = 64> <Depth = 8> <RAM>
ST_23 : Operation 692 [1/1] (0.00ns)   --->   "%zext_ln361_20 = zext i1 %carry_987" [src/generic/fp_generic.cpp:361]   --->   Operation 692 'zext' 'zext_ln361_20' <Predicate = true> <Delay = 0.00>
ST_23 : Operation 693 [1/1] (1.43ns)   --->   "%tmp_807 = call i1 @is_digit_lessthan_ct, i64 %u_429, i64 %tempReg_882" [src/generic/fp_generic.cpp:356]   --->   Operation 693 'call' 'tmp_807' <Predicate = true> <Delay = 1.43> <CoreType = "Generic">   --->   Generic Core
ST_23 : Operation 694 [1/1] (0.00ns) (grouped into LUT with out node add_ln356_410)   --->   "%carry_986 = or i1 %tmp_807, i1 %tmp_806" [src/generic/fp_generic.cpp:356]   --->   Operation 694 'or' 'carry_986' <Predicate = true> <Delay = 0.00> <CoreInst = "LogicGate">   --->   Core 74 'LogicGate' <Latency = 0> <II = 1> <Delay = 0.12> <FuncUnit> <Opcode : 'and' 'or' 'xor'> <InPorts = 2> <OutPorts = 1>
ST_23 : Operation 695 [1/1] (0.00ns) (grouped into LUT with out node add_ln356_410)   --->   "%zext_ln361_29 = zext i1 %carry_986" [src/generic/fp_generic.cpp:361]   --->   Operation 695 'zext' 'zext_ln361_29' <Predicate = true> <Delay = 0.00>
ST_23 : Operation 696 [1/1] (1.14ns)   --->   "%tempReg_883 = add i64 %u_429, i64 %zext_ln361_20" [src/generic/fp_generic.cpp:361]   --->   Operation 696 'add' 'tempReg_883' <Predicate = true> <Delay = 1.14> <CoreInst = "Adder">   --->   Core 1 'Adder' <Latency = 0> <II = 1> <Delay = 1.14> <FuncUnit> <Opcode : 'add' 'sub'> <InPorts = 2> <OutPorts = 1>
ST_23 : Operation 697 [1/1] (1.43ns)   --->   "%tmp_808 = call i1 @is_digit_lessthan_ct, i64 %tempReg_883, i64 %zext_ln361_20" [src/generic/fp_generic.cpp:361]   --->   Operation 697 'call' 'tmp_808' <Predicate = true> <Delay = 1.43> <CoreType = "Generic">   --->   Generic Core
ST_23 : Operation 698 [1/1] (1.43ns)   --->   "%tmp_809 = call i1 @is_digit_lessthan_ct, i64 %tempReg_883, i64 %tempReg_883" [src/generic/fp_generic.cpp:361]   --->   Operation 698 'call' 'tmp_809' <Predicate = true> <Delay = 1.43> <CoreType = "Generic">   --->   Generic Core
ST_23 : Operation 699 [1/1] (0.00ns) (grouped into LUT with out node add_ln356_410)   --->   "%carry_988 = or i1 %tmp_809, i1 %tmp_808" [src/generic/fp_generic.cpp:361]   --->   Operation 699 'or' 'carry_988' <Predicate = true> <Delay = 0.00> <CoreInst = "LogicGate">   --->   Core 74 'LogicGate' <Latency = 0> <II = 1> <Delay = 0.12> <FuncUnit> <Opcode : 'and' 'or' 'xor'> <InPorts = 2> <OutPorts = 1>
ST_23 : Operation 700 [1/1] (0.00ns) (grouped into LUT with out node add_ln356_410)   --->   "%zext_ln354_112 = zext i1 %carry_988" [src/generic/fp_generic.cpp:354]   --->   Operation 700 'zext' 'zext_ln354_112' <Predicate = true> <Delay = 0.00>
ST_23 : Operation 701 [1/2] (1.43ns)   --->   "%call_ret197 = call i128 @digit_x_digit, i64 %v_497, i64 18127602061483550" [src/generic/fp_generic.cpp:354]   --->   Operation 701 'call' 'call_ret197' <Predicate = true> <Delay = 1.43> <CoreType = "Generic">   --->   Generic Core
ST_23 : Operation 702 [1/1] (0.00ns)   --->   "%tempReg_884 = extractvalue i128 %call_ret197" [src/generic/fp_generic.cpp:354]   --->   Operation 702 'extractvalue' 'tempReg_884' <Predicate = true> <Delay = 0.00>
ST_23 : Operation 703 [1/1] (0.00ns) (grouped into LUT with out node tempReg_885)   --->   "%UV_446 = extractvalue i128 %call_ret197" [src/generic/fp_generic.cpp:354]   --->   Operation 703 'extractvalue' 'UV_446' <Predicate = true> <Delay = 0.00>
ST_23 : Operation 704 [1/1] (1.14ns)   --->   "%v_568 = add i64 %tempReg_884, i64 %tempReg_883" [src/generic/fp_generic.cpp:355]   --->   Operation 704 'add' 'v_568' <Predicate = true> <Delay = 1.14> <CoreInst = "Adder">   --->   Core 1 'Adder' <Latency = 0> <II = 1> <Delay = 1.14> <FuncUnit> <Opcode : 'add' 'sub'> <InPorts = 2> <OutPorts = 1>
ST_23 : Operation 705 [1/1] (1.43ns)   --->   "%tmp_810 = call i1 @is_digit_lessthan_ct, i64 %tempReg_884, i64 0" [src/generic/fp_generic.cpp:355]   --->   Operation 705 'call' 'tmp_810' <Predicate = true> <Delay = 1.43> <CoreType = "Generic">   --->   Generic Core
ST_23 : Operation 706 [1/1] (1.43ns)   --->   "%tmp_811 = call i1 @is_digit_lessthan_ct, i64 %v_568, i64 %tempReg_884" [src/generic/fp_generic.cpp:355]   --->   Operation 706 'call' 'tmp_811' <Predicate = true> <Delay = 1.43> <CoreType = "Generic">   --->   Generic Core
ST_23 : Operation 707 [1/1] (0.12ns)   --->   "%carry_989 = or i1 %tmp_811, i1 %tmp_810" [src/generic/fp_generic.cpp:355]   --->   Operation 707 'or' 'carry_989' <Predicate = true> <Delay = 0.12> <CoreInst = "LogicGate">   --->   Core 74 'LogicGate' <Latency = 0> <II = 1> <Delay = 0.12> <FuncUnit> <Opcode : 'and' 'or' 'xor'> <InPorts = 2> <OutPorts = 1>
ST_23 : Operation 708 [1/1] (0.00ns)   --->   "%zext_ln356_87 = zext i1 %carry_989" [src/generic/fp_generic.cpp:356]   --->   Operation 708 'zext' 'zext_ln356_87' <Predicate = true> <Delay = 0.00>
ST_23 : Operation 709 [1/1] (1.14ns) (out node of the LUT)   --->   "%tempReg_885 = add i64 %UV_446, i64 %zext_ln356_87" [src/generic/fp_generic.cpp:356]   --->   Operation 709 'add' 'tempReg_885' <Predicate = true> <Delay = 1.14> <CoreInst = "Adder">   --->   Core 1 'Adder' <Latency = 0> <II = 1> <Delay = 1.14> <FuncUnit> <Opcode : 'add' 'sub'> <InPorts = 2> <OutPorts = 1>
ST_23 : Operation 710 [1/1] (0.43ns) (out node of the LUT)   --->   "%add_ln356_410 = add i2 %zext_ln361_29, i2 %zext_ln354_112" [src/generic/fp_generic.cpp:356]   --->   Operation 710 'add' 'add_ln356_410' <Predicate = true> <Delay = 0.43> <CoreInst = "Adder">   --->   Core 1 'Adder' <Latency = 0> <II = 1> <Delay = 0.43> <FuncUnit> <Opcode : 'add' 'sub'> <InPorts = 2> <OutPorts = 1>
ST_23 : Operation 711 [1/1] (1.43ns)   --->   "%tmp_812 = call i1 @is_digit_lessthan_ct, i64 %tempReg_885, i64 %zext_ln356_87" [src/generic/fp_generic.cpp:356]   --->   Operation 711 'call' 'tmp_812' <Predicate = true> <Delay = 1.43> <CoreType = "Generic">   --->   Generic Core
ST_23 : Operation 712 [1/2] (1.43ns)   --->   "%call_ret198 = call i128 @digit_x_digit, i64 %v_502, i64 6937169319750509776" [src/generic/fp_generic.cpp:354]   --->   Operation 712 'call' 'call_ret198' <Predicate = true> <Delay = 1.43> <CoreType = "Generic">   --->   Generic Core
ST_23 : Operation 713 [1/1] (0.00ns)   --->   "%tempReg_886 = extractvalue i128 %call_ret198" [src/generic/fp_generic.cpp:354]   --->   Operation 713 'extractvalue' 'tempReg_886' <Predicate = true> <Delay = 0.00>
ST_23 : Operation 714 [1/1] (0.00ns) (grouped into LUT with out node tempReg_887)   --->   "%UV_448 = extractvalue i128 %call_ret198" [src/generic/fp_generic.cpp:354]   --->   Operation 714 'extractvalue' 'UV_448' <Predicate = true> <Delay = 0.00>
ST_23 : Operation 715 [1/1] (1.14ns)   --->   "%v_569 = add i64 %tempReg_886, i64 %v_568" [src/generic/fp_generic.cpp:355]   --->   Operation 715 'add' 'v_569' <Predicate = true> <Delay = 1.14> <CoreInst = "Adder">   --->   Core 1 'Adder' <Latency = 0> <II = 1> <Delay = 1.14> <FuncUnit> <Opcode : 'add' 'sub'> <InPorts = 2> <OutPorts = 1>
ST_23 : Operation 716 [1/1] (1.43ns)   --->   "%tmp_814 = call i1 @is_digit_lessthan_ct, i64 %tempReg_886, i64 0" [src/generic/fp_generic.cpp:355]   --->   Operation 716 'call' 'tmp_814' <Predicate = true> <Delay = 1.43> <CoreType = "Generic">   --->   Generic Core
ST_23 : Operation 717 [1/1] (1.43ns)   --->   "%tmp_815 = call i1 @is_digit_lessthan_ct, i64 %v_569, i64 %tempReg_886" [src/generic/fp_generic.cpp:355]   --->   Operation 717 'call' 'tmp_815' <Predicate = true> <Delay = 1.43> <CoreType = "Generic">   --->   Generic Core
ST_23 : Operation 718 [1/1] (0.12ns)   --->   "%carry_991 = or i1 %tmp_815, i1 %tmp_814" [src/generic/fp_generic.cpp:355]   --->   Operation 718 'or' 'carry_991' <Predicate = true> <Delay = 0.12> <CoreInst = "LogicGate">   --->   Core 74 'LogicGate' <Latency = 0> <II = 1> <Delay = 0.12> <FuncUnit> <Opcode : 'and' 'or' 'xor'> <InPorts = 2> <OutPorts = 1>
ST_23 : Operation 719 [1/1] (0.00ns)   --->   "%zext_ln356_88 = zext i1 %carry_991" [src/generic/fp_generic.cpp:356]   --->   Operation 719 'zext' 'zext_ln356_88' <Predicate = true> <Delay = 0.00>
ST_23 : Operation 720 [1/1] (1.14ns) (out node of the LUT)   --->   "%tempReg_887 = add i64 %UV_448, i64 %zext_ln356_88" [src/generic/fp_generic.cpp:356]   --->   Operation 720 'add' 'tempReg_887' <Predicate = true> <Delay = 1.14> <CoreInst = "Adder">   --->   Core 1 'Adder' <Latency = 0> <II = 1> <Delay = 1.14> <FuncUnit> <Opcode : 'add' 'sub'> <InPorts = 2> <OutPorts = 1>
ST_23 : Operation 721 [2/2] (6.71ns)   --->   "%call_ret199 = call i128 @digit_x_digit, i64 %v_508, i64 1989455001339985327" [src/generic/fp_generic.cpp:354]   --->   Operation 721 'call' 'call_ret199' <Predicate = true> <Delay = 6.71> <CoreType = "Generic">   --->   Generic Core
ST_23 : Operation 722 [2/2] (6.71ns)   --->   "%call_ret200 = call i128 @digit_x_digit, i64 %v_515, i64 1371447078966912928" [src/generic/fp_generic.cpp:354]   --->   Operation 722 'call' 'call_ret200' <Predicate = true> <Delay = 6.71> <CoreType = "Generic">   --->   Generic Core

State 24 <SV = 23> <Delay = 6.72>
ST_24 : Operation 723 [1/1] (0.00ns)   --->   "%tmp_13 = bitconcatenate i4 @_ssdm_op_BitConcatenate.i4.i1.i3, i1 %mc_offset_read, i3 3" [src/generic/fp_generic.cpp:334]   --->   Operation 723 'bitconcatenate' 'tmp_13' <Predicate = true> <Delay = 0.00>
ST_24 : Operation 724 [1/1] (0.00ns)   --->   "%zext_ln334_25 = zext i4 %tmp_13" [src/generic/fp_generic.cpp:334]   --->   Operation 724 'zext' 'zext_ln334_25' <Predicate = true> <Delay = 0.00>
ST_24 : Operation 725 [1/1] (0.00ns)   --->   "%mc_addr_23 = getelementptr i64 %mc, i64 0, i64 %zext_ln334_25" [src/generic/fp_generic.cpp:334]   --->   Operation 725 'getelementptr' 'mc_addr_23' <Predicate = true> <Delay = 0.00>
ST_24 : Operation 726 [1/2] ( I:0.71ns O:0.71ns )   --->   "%ma_1_load_26 = load i3 %ma_1_addr_26" [src/generic/fp_generic.cpp:360]   --->   Operation 726 'load' 'ma_1_load_26' <Predicate = true> <Delay = 0.71> <CoreInst = "RAM_1P">   --->   Core 87 'RAM_1P' <Latency = 1> <II = 1> <Delay = 0.71> <Storage> <Opcode : 'load' 'store'> <Ports = 1> <Width = 64> <Depth = 8> <RAM>
ST_24 : Operation 727 [1/1] (0.00ns)   --->   "%zext_ln356_136 = zext i2 %add_ln356_410" [src/generic/fp_generic.cpp:356]   --->   Operation 727 'zext' 'zext_ln356_136' <Predicate = true> <Delay = 0.00>
ST_24 : Operation 728 [1/1] (0.00ns) (grouped into TernaryAdder)   --->   "%add_ln356_411 = add i64 %zext_ln356_136, i64 %tempReg_885" [src/generic/fp_generic.cpp:356]   --->   Operation 728 'add' 'add_ln356_411' <Predicate = true> <Delay = 0.00> <CoreInst = "TAddSub">   --->   Core 10 'TAddSub' <Latency = 0> <II = 1> <Delay = 0.42> <IPBlock> <Opcode : '' 'add' 'sub'> <InPorts = 3> <OutPorts = 1> <Sync> <CReg>
ST_24 : Operation 729 [1/1] (0.00ns)   --->   "%zext_ln356_139 = zext i3 %add_ln356_414" [src/generic/fp_generic.cpp:356]   --->   Operation 729 'zext' 'zext_ln356_139' <Predicate = true> <Delay = 0.00>
ST_24 : Operation 730 [1/1] (0.84ns) (root node of TernaryAdder)   --->   "%u_430 = add i64 %zext_ln356_139, i64 %add_ln356_411" [src/generic/fp_generic.cpp:356]   --->   Operation 730 'add' 'u_430' <Predicate = true> <Delay = 0.84> <CoreInst = "TAddSub">   --->   Core 10 'TAddSub' <Latency = 0> <II = 1> <Delay = 0.42> <IPBlock> <Opcode : '' 'add' 'sub'> <InPorts = 3> <OutPorts = 1> <Sync> <CReg>
ST_24 : Operation 731 [1/1] (1.43ns)   --->   "%tmp_813 = call i1 @is_digit_lessthan_ct, i64 %u_430, i64 %tempReg_885" [src/generic/fp_generic.cpp:356]   --->   Operation 731 'call' 'tmp_813' <Predicate = true> <Delay = 1.43> <CoreType = "Generic">   --->   Generic Core
ST_24 : Operation 732 [1/1] (0.12ns)   --->   "%carry_990 = or i1 %tmp_813, i1 %tmp_812" [src/generic/fp_generic.cpp:356]   --->   Operation 732 'or' 'carry_990' <Predicate = true> <Delay = 0.12> <CoreInst = "LogicGate">   --->   Core 74 'LogicGate' <Latency = 0> <II = 1> <Delay = 0.12> <FuncUnit> <Opcode : 'and' 'or' 'xor'> <InPorts = 2> <OutPorts = 1>
ST_24 : Operation 733 [1/1] (1.14ns)   --->   "%u_431 = add i64 %tempReg_887, i64 %u_430" [src/generic/fp_generic.cpp:356]   --->   Operation 733 'add' 'u_431' <Predicate = true> <Delay = 1.14> <CoreInst = "Adder">   --->   Core 1 'Adder' <Latency = 0> <II = 1> <Delay = 1.14> <FuncUnit> <Opcode : 'add' 'sub'> <InPorts = 2> <OutPorts = 1>
ST_24 : Operation 734 [1/1] (1.43ns)   --->   "%tmp_816 = call i1 @is_digit_lessthan_ct, i64 %tempReg_887, i64 %zext_ln356_88" [src/generic/fp_generic.cpp:356]   --->   Operation 734 'call' 'tmp_816' <Predicate = true> <Delay = 1.43> <CoreType = "Generic">   --->   Generic Core
ST_24 : Operation 735 [1/1] (1.43ns)   --->   "%tmp_817 = call i1 @is_digit_lessthan_ct, i64 %u_431, i64 %tempReg_887" [src/generic/fp_generic.cpp:356]   --->   Operation 735 'call' 'tmp_817' <Predicate = true> <Delay = 1.43> <CoreType = "Generic">   --->   Generic Core
ST_24 : Operation 736 [1/1] (0.12ns)   --->   "%carry_992 = or i1 %tmp_817, i1 %tmp_816" [src/generic/fp_generic.cpp:356]   --->   Operation 736 'or' 'carry_992' <Predicate = true> <Delay = 0.12> <CoreInst = "LogicGate">   --->   Core 74 'LogicGate' <Latency = 0> <II = 1> <Delay = 0.12> <FuncUnit> <Opcode : 'and' 'or' 'xor'> <InPorts = 2> <OutPorts = 1>
ST_24 : Operation 737 [1/2] (1.43ns)   --->   "%call_ret199 = call i128 @digit_x_digit, i64 %v_508, i64 1989455001339985327" [src/generic/fp_generic.cpp:354]   --->   Operation 737 'call' 'call_ret199' <Predicate = true> <Delay = 1.43> <CoreType = "Generic">   --->   Generic Core
ST_24 : Operation 738 [1/1] (0.00ns)   --->   "%tempReg_888 = extractvalue i128 %call_ret199" [src/generic/fp_generic.cpp:354]   --->   Operation 738 'extractvalue' 'tempReg_888' <Predicate = true> <Delay = 0.00>
ST_24 : Operation 739 [1/1] (0.00ns) (grouped into LUT with out node tempReg_889)   --->   "%UV_450 = extractvalue i128 %call_ret199" [src/generic/fp_generic.cpp:354]   --->   Operation 739 'extractvalue' 'UV_450' <Predicate = true> <Delay = 0.00>
ST_24 : Operation 740 [1/1] (1.14ns)   --->   "%v_570 = add i64 %tempReg_888, i64 %v_569" [src/generic/fp_generic.cpp:355]   --->   Operation 740 'add' 'v_570' <Predicate = true> <Delay = 1.14> <CoreInst = "Adder">   --->   Core 1 'Adder' <Latency = 0> <II = 1> <Delay = 1.14> <FuncUnit> <Opcode : 'add' 'sub'> <InPorts = 2> <OutPorts = 1>
ST_24 : Operation 741 [1/1] (1.43ns)   --->   "%tmp_818 = call i1 @is_digit_lessthan_ct, i64 %tempReg_888, i64 0" [src/generic/fp_generic.cpp:355]   --->   Operation 741 'call' 'tmp_818' <Predicate = true> <Delay = 1.43> <CoreType = "Generic">   --->   Generic Core
ST_24 : Operation 742 [1/1] (1.43ns)   --->   "%tmp_819 = call i1 @is_digit_lessthan_ct, i64 %v_570, i64 %tempReg_888" [src/generic/fp_generic.cpp:355]   --->   Operation 742 'call' 'tmp_819' <Predicate = true> <Delay = 1.43> <CoreType = "Generic">   --->   Generic Core
ST_24 : Operation 743 [1/1] (0.12ns)   --->   "%carry_993 = or i1 %tmp_819, i1 %tmp_818" [src/generic/fp_generic.cpp:355]   --->   Operation 743 'or' 'carry_993' <Predicate = true> <Delay = 0.12> <CoreInst = "LogicGate">   --->   Core 74 'LogicGate' <Latency = 0> <II = 1> <Delay = 0.12> <FuncUnit> <Opcode : 'and' 'or' 'xor'> <InPorts = 2> <OutPorts = 1>
ST_24 : Operation 744 [1/1] (0.00ns)   --->   "%zext_ln356_89 = zext i1 %carry_993" [src/generic/fp_generic.cpp:356]   --->   Operation 744 'zext' 'zext_ln356_89' <Predicate = true> <Delay = 0.00>
ST_24 : Operation 745 [1/1] (1.14ns) (out node of the LUT)   --->   "%tempReg_889 = add i64 %UV_450, i64 %zext_ln356_89" [src/generic/fp_generic.cpp:356]   --->   Operation 745 'add' 'tempReg_889' <Predicate = true> <Delay = 1.14> <CoreInst = "Adder">   --->   Core 1 'Adder' <Latency = 0> <II = 1> <Delay = 1.14> <FuncUnit> <Opcode : 'add' 'sub'> <InPorts = 2> <OutPorts = 1>
ST_24 : Operation 746 [1/1] (1.14ns)   --->   "%u_432 = add i64 %tempReg_889, i64 %u_431" [src/generic/fp_generic.cpp:356]   --->   Operation 746 'add' 'u_432' <Predicate = true> <Delay = 1.14> <CoreInst = "Adder">   --->   Core 1 'Adder' <Latency = 0> <II = 1> <Delay = 1.14> <FuncUnit> <Opcode : 'add' 'sub'> <InPorts = 2> <OutPorts = 1>
ST_24 : Operation 747 [1/1] (1.43ns)   --->   "%tmp_820 = call i1 @is_digit_lessthan_ct, i64 %tempReg_889, i64 %zext_ln356_89" [src/generic/fp_generic.cpp:356]   --->   Operation 747 'call' 'tmp_820' <Predicate = true> <Delay = 1.43> <CoreType = "Generic">   --->   Generic Core
ST_24 : Operation 748 [1/2] (1.43ns)   --->   "%call_ret200 = call i128 @digit_x_digit, i64 %v_515, i64 1371447078966912928" [src/generic/fp_generic.cpp:354]   --->   Operation 748 'call' 'call_ret200' <Predicate = true> <Delay = 1.43> <CoreType = "Generic">   --->   Generic Core
ST_24 : Operation 749 [1/1] (0.00ns)   --->   "%tempReg_890 = extractvalue i128 %call_ret200" [src/generic/fp_generic.cpp:354]   --->   Operation 749 'extractvalue' 'tempReg_890' <Predicate = true> <Delay = 0.00>
ST_24 : Operation 750 [1/1] (0.00ns) (grouped into LUT with out node tempReg_891)   --->   "%UV_452 = extractvalue i128 %call_ret200" [src/generic/fp_generic.cpp:354]   --->   Operation 750 'extractvalue' 'UV_452' <Predicate = true> <Delay = 0.00>
ST_24 : Operation 751 [1/1] (1.14ns)   --->   "%v_571 = add i64 %tempReg_890, i64 %v_570" [src/generic/fp_generic.cpp:355]   --->   Operation 751 'add' 'v_571' <Predicate = true> <Delay = 1.14> <CoreInst = "Adder">   --->   Core 1 'Adder' <Latency = 0> <II = 1> <Delay = 1.14> <FuncUnit> <Opcode : 'add' 'sub'> <InPorts = 2> <OutPorts = 1>
ST_24 : Operation 752 [1/1] (1.43ns)   --->   "%tmp_822 = call i1 @is_digit_lessthan_ct, i64 %tempReg_890, i64 0" [src/generic/fp_generic.cpp:355]   --->   Operation 752 'call' 'tmp_822' <Predicate = true> <Delay = 1.43> <CoreType = "Generic">   --->   Generic Core
ST_24 : Operation 753 [1/1] (1.43ns)   --->   "%tmp_823 = call i1 @is_digit_lessthan_ct, i64 %v_571, i64 %tempReg_890" [src/generic/fp_generic.cpp:355]   --->   Operation 753 'call' 'tmp_823' <Predicate = true> <Delay = 1.43> <CoreType = "Generic">   --->   Generic Core
ST_24 : Operation 754 [1/1] (0.12ns)   --->   "%carry_995 = or i1 %tmp_823, i1 %tmp_822" [src/generic/fp_generic.cpp:355]   --->   Operation 754 'or' 'carry_995' <Predicate = true> <Delay = 0.12> <CoreInst = "LogicGate">   --->   Core 74 'LogicGate' <Latency = 0> <II = 1> <Delay = 0.12> <FuncUnit> <Opcode : 'and' 'or' 'xor'> <InPorts = 2> <OutPorts = 1>
ST_24 : Operation 755 [1/1] (0.00ns)   --->   "%zext_ln356_90 = zext i1 %carry_995" [src/generic/fp_generic.cpp:356]   --->   Operation 755 'zext' 'zext_ln356_90' <Predicate = true> <Delay = 0.00>
ST_24 : Operation 756 [1/1] (1.14ns)   --->   "%v_572 = add i64 %ma_1_load_26, i64 %v_571" [src/generic/fp_generic.cpp:360]   --->   Operation 756 'add' 'v_572' <Predicate = true> <Delay = 1.14> <CoreInst = "Adder">   --->   Core 1 'Adder' <Latency = 0> <II = 1> <Delay = 1.14> <FuncUnit> <Opcode : 'add' 'sub'> <InPorts = 2> <OutPorts = 1>
ST_24 : Operation 757 [1/1] (1.43ns)   --->   "%tmp_824 = call i1 @is_digit_lessthan_ct, i64 %v_571, i64 0" [src/generic/fp_generic.cpp:360]   --->   Operation 757 'call' 'tmp_824' <Predicate = true> <Delay = 1.43> <CoreType = "Generic">   --->   Generic Core
ST_24 : Operation 758 [1/1] (1.43ns)   --->   "%tmp_825 = call i1 @is_digit_lessthan_ct, i64 %v_572, i64 %v_571" [src/generic/fp_generic.cpp:360]   --->   Operation 758 'call' 'tmp_825' <Predicate = true> <Delay = 1.43> <CoreType = "Generic">   --->   Generic Core
ST_24 : Operation 759 [1/1] (0.12ns)   --->   "%carry_997 = or i1 %tmp_825, i1 %tmp_824" [src/generic/fp_generic.cpp:360]   --->   Operation 759 'or' 'carry_997' <Predicate = true> <Delay = 0.12> <CoreInst = "LogicGate">   --->   Core 74 'LogicGate' <Latency = 0> <II = 1> <Delay = 0.12> <FuncUnit> <Opcode : 'and' 'or' 'xor'> <InPorts = 2> <OutPorts = 1>
ST_24 : Operation 760 [1/1] (1.14ns) (out node of the LUT)   --->   "%tempReg_891 = add i64 %UV_452, i64 %zext_ln356_90" [src/generic/fp_generic.cpp:356]   --->   Operation 760 'add' 'tempReg_891' <Predicate = true> <Delay = 1.14> <CoreInst = "Adder">   --->   Core 1 'Adder' <Latency = 0> <II = 1> <Delay = 1.14> <FuncUnit> <Opcode : 'add' 'sub'> <InPorts = 2> <OutPorts = 1>
ST_24 : Operation 761 [2/2] (6.71ns)   --->   "%call_ret201 = call i128 @digit_x_digit, i64 %v_502, i64 18127602061483550" [src/generic/fp_generic.cpp:354]   --->   Operation 761 'call' 'call_ret201' <Predicate = true> <Delay = 6.71> <CoreType = "Generic">   --->   Generic Core
ST_24 : Operation 762 [1/1] ( I:0.71ns O:0.71ns )   --->   "%store_ln363 = store i64 %v_572, i4 %mc_addr_23" [src/generic/fp_generic.cpp:363]   --->   Operation 762 'store' 'store_ln363' <Predicate = true> <Delay = 0.71> <CoreInst = "RAM_1P">   --->   Core 87 'RAM_1P' <Latency = 1> <II = 1> <Delay = 0.71> <Storage> <Opcode : 'load' 'store'> <Ports = 1> <Width = 64> <Depth = 16> <RAM>
ST_24 : Operation 763 [2/2] (6.71ns)   --->   "%call_ret202 = call i128 @digit_x_digit, i64 %v_508, i64 6937169319750509776" [src/generic/fp_generic.cpp:354]   --->   Operation 763 'call' 'call_ret202' <Predicate = true> <Delay = 6.71> <CoreType = "Generic">   --->   Generic Core

State 25 <SV = 24> <Delay = 7.29>
ST_25 : Operation 764 [1/1] (0.00ns)   --->   "%ma_0_addr_27 = getelementptr i64 %ma_0, i64 0, i64 6" [src/generic/fp_generic.cpp:360]   --->   Operation 764 'getelementptr' 'ma_0_addr_27' <Predicate = true> <Delay = 0.00>
ST_25 : Operation 765 [2/2] (0.71ns)   --->   "%ma_0_load_23 = load i3 %ma_0_addr_27" [src/generic/fp_generic.cpp:360]   --->   Operation 765 'load' 'ma_0_load_23' <Predicate = true> <Delay = 0.71> <CoreInst = "RAM_1P">   --->   Core 87 'RAM_1P' <Latency = 1> <II = 1> <Delay = 0.71> <Storage> <Opcode : 'load' 'store'> <Ports = 1> <Width = 64> <Depth = 8> <RAM>
ST_25 : Operation 766 [1/1] (0.00ns)   --->   "%zext_ln354_113 = zext i1 %carry_990" [src/generic/fp_generic.cpp:354]   --->   Operation 766 'zext' 'zext_ln354_113' <Predicate = true> <Delay = 0.00>
ST_25 : Operation 767 [1/1] (0.00ns)   --->   "%zext_ln354_114 = zext i1 %carry_992" [src/generic/fp_generic.cpp:354]   --->   Operation 767 'zext' 'zext_ln354_114' <Predicate = true> <Delay = 0.00>
ST_25 : Operation 768 [1/1] (1.43ns)   --->   "%tmp_821 = call i1 @is_digit_lessthan_ct, i64 %u_432, i64 %tempReg_889" [src/generic/fp_generic.cpp:356]   --->   Operation 768 'call' 'tmp_821' <Predicate = true> <Delay = 1.43> <CoreType = "Generic">   --->   Generic Core
ST_25 : Operation 769 [1/1] (0.12ns)   --->   "%carry_994 = or i1 %tmp_821, i1 %tmp_820" [src/generic/fp_generic.cpp:356]   --->   Operation 769 'or' 'carry_994' <Predicate = true> <Delay = 0.12> <CoreInst = "LogicGate">   --->   Core 74 'LogicGate' <Latency = 0> <II = 1> <Delay = 0.12> <FuncUnit> <Opcode : 'and' 'or' 'xor'> <InPorts = 2> <OutPorts = 1>
ST_25 : Operation 770 [1/1] (0.00ns)   --->   "%zext_ln354_115 = zext i1 %carry_994" [src/generic/fp_generic.cpp:354]   --->   Operation 770 'zext' 'zext_ln354_115' <Predicate = true> <Delay = 0.00>
ST_25 : Operation 771 [1/1] (0.00ns)   --->   "%zext_ln361_21 = zext i1 %carry_997" [src/generic/fp_generic.cpp:361]   --->   Operation 771 'zext' 'zext_ln361_21' <Predicate = true> <Delay = 0.00>
ST_25 : Operation 772 [1/1] (1.14ns)   --->   "%u_433 = add i64 %tempReg_891, i64 %u_432" [src/generic/fp_generic.cpp:356]   --->   Operation 772 'add' 'u_433' <Predicate = true> <Delay = 1.14> <CoreInst = "Adder">   --->   Core 1 'Adder' <Latency = 0> <II = 1> <Delay = 1.14> <FuncUnit> <Opcode : 'add' 'sub'> <InPorts = 2> <OutPorts = 1>
ST_25 : Operation 773 [1/1] (1.43ns)   --->   "%tmp_826 = call i1 @is_digit_lessthan_ct, i64 %tempReg_891, i64 %zext_ln356_90" [src/generic/fp_generic.cpp:356]   --->   Operation 773 'call' 'tmp_826' <Predicate = true> <Delay = 1.43> <CoreType = "Generic">   --->   Generic Core
ST_25 : Operation 774 [1/1] (1.43ns)   --->   "%tmp_827 = call i1 @is_digit_lessthan_ct, i64 %u_433, i64 %tempReg_891" [src/generic/fp_generic.cpp:356]   --->   Operation 774 'call' 'tmp_827' <Predicate = true> <Delay = 1.43> <CoreType = "Generic">   --->   Generic Core
ST_25 : Operation 775 [1/1] (0.00ns) (grouped into LUT with out node add_ln356_423)   --->   "%carry_996 = or i1 %tmp_827, i1 %tmp_826" [src/generic/fp_generic.cpp:356]   --->   Operation 775 'or' 'carry_996' <Predicate = true> <Delay = 0.00> <CoreInst = "LogicGate">   --->   Core 74 'LogicGate' <Latency = 0> <II = 1> <Delay = 0.12> <FuncUnit> <Opcode : 'and' 'or' 'xor'> <InPorts = 2> <OutPorts = 1>
ST_25 : Operation 776 [1/1] (0.00ns) (grouped into LUT with out node add_ln356_423)   --->   "%zext_ln361_30 = zext i1 %carry_996" [src/generic/fp_generic.cpp:361]   --->   Operation 776 'zext' 'zext_ln361_30' <Predicate = true> <Delay = 0.00>
ST_25 : Operation 777 [1/1] (1.14ns)   --->   "%tempReg_892 = add i64 %u_433, i64 %zext_ln361_21" [src/generic/fp_generic.cpp:361]   --->   Operation 777 'add' 'tempReg_892' <Predicate = true> <Delay = 1.14> <CoreInst = "Adder">   --->   Core 1 'Adder' <Latency = 0> <II = 1> <Delay = 1.14> <FuncUnit> <Opcode : 'add' 'sub'> <InPorts = 2> <OutPorts = 1>
ST_25 : Operation 778 [1/1] (1.43ns)   --->   "%tmp_828 = call i1 @is_digit_lessthan_ct, i64 %tempReg_892, i64 %zext_ln361_21" [src/generic/fp_generic.cpp:361]   --->   Operation 778 'call' 'tmp_828' <Predicate = true> <Delay = 1.43> <CoreType = "Generic">   --->   Generic Core
ST_25 : Operation 779 [1/1] (1.43ns)   --->   "%tmp_829 = call i1 @is_digit_lessthan_ct, i64 %tempReg_892, i64 %tempReg_892" [src/generic/fp_generic.cpp:361]   --->   Operation 779 'call' 'tmp_829' <Predicate = true> <Delay = 1.43> <CoreType = "Generic">   --->   Generic Core
ST_25 : Operation 780 [1/1] (0.00ns) (grouped into LUT with out node add_ln356_423)   --->   "%carry_998 = or i1 %tmp_829, i1 %tmp_828" [src/generic/fp_generic.cpp:361]   --->   Operation 780 'or' 'carry_998' <Predicate = true> <Delay = 0.00> <CoreInst = "LogicGate">   --->   Core 74 'LogicGate' <Latency = 0> <II = 1> <Delay = 0.12> <FuncUnit> <Opcode : 'and' 'or' 'xor'> <InPorts = 2> <OutPorts = 1>
ST_25 : Operation 781 [1/1] (0.00ns) (grouped into LUT with out node add_ln356_423)   --->   "%zext_ln354_116 = zext i1 %carry_998" [src/generic/fp_generic.cpp:354]   --->   Operation 781 'zext' 'zext_ln354_116' <Predicate = true> <Delay = 0.00>
ST_25 : Operation 782 [1/2] (1.43ns)   --->   "%call_ret201 = call i128 @digit_x_digit, i64 %v_502, i64 18127602061483550" [src/generic/fp_generic.cpp:354]   --->   Operation 782 'call' 'call_ret201' <Predicate = true> <Delay = 1.43> <CoreType = "Generic">   --->   Generic Core
ST_25 : Operation 783 [1/1] (0.00ns)   --->   "%tempReg_893 = extractvalue i128 %call_ret201" [src/generic/fp_generic.cpp:354]   --->   Operation 783 'extractvalue' 'tempReg_893' <Predicate = true> <Delay = 0.00>
ST_25 : Operation 784 [1/1] (0.00ns) (grouped into LUT with out node tempReg_894)   --->   "%UV_454 = extractvalue i128 %call_ret201" [src/generic/fp_generic.cpp:354]   --->   Operation 784 'extractvalue' 'UV_454' <Predicate = true> <Delay = 0.00>
ST_25 : Operation 785 [1/1] (1.14ns)   --->   "%v_573 = add i64 %tempReg_893, i64 %tempReg_892" [src/generic/fp_generic.cpp:355]   --->   Operation 785 'add' 'v_573' <Predicate = true> <Delay = 1.14> <CoreInst = "Adder">   --->   Core 1 'Adder' <Latency = 0> <II = 1> <Delay = 1.14> <FuncUnit> <Opcode : 'add' 'sub'> <InPorts = 2> <OutPorts = 1>
ST_25 : Operation 786 [1/1] (1.43ns)   --->   "%tmp_830 = call i1 @is_digit_lessthan_ct, i64 %tempReg_893, i64 0" [src/generic/fp_generic.cpp:355]   --->   Operation 786 'call' 'tmp_830' <Predicate = true> <Delay = 1.43> <CoreType = "Generic">   --->   Generic Core
ST_25 : Operation 787 [1/1] (1.43ns)   --->   "%tmp_831 = call i1 @is_digit_lessthan_ct, i64 %v_573, i64 %tempReg_893" [src/generic/fp_generic.cpp:355]   --->   Operation 787 'call' 'tmp_831' <Predicate = true> <Delay = 1.43> <CoreType = "Generic">   --->   Generic Core
ST_25 : Operation 788 [1/1] (0.12ns)   --->   "%carry_999 = or i1 %tmp_831, i1 %tmp_830" [src/generic/fp_generic.cpp:355]   --->   Operation 788 'or' 'carry_999' <Predicate = true> <Delay = 0.12> <CoreInst = "LogicGate">   --->   Core 74 'LogicGate' <Latency = 0> <II = 1> <Delay = 0.12> <FuncUnit> <Opcode : 'and' 'or' 'xor'> <InPorts = 2> <OutPorts = 1>
ST_25 : Operation 789 [1/1] (0.00ns)   --->   "%zext_ln356_91 = zext i1 %carry_999" [src/generic/fp_generic.cpp:356]   --->   Operation 789 'zext' 'zext_ln356_91' <Predicate = true> <Delay = 0.00>
ST_25 : Operation 790 [1/1] (1.14ns) (out node of the LUT)   --->   "%tempReg_894 = add i64 %UV_454, i64 %zext_ln356_91" [src/generic/fp_generic.cpp:356]   --->   Operation 790 'add' 'tempReg_894' <Predicate = true> <Delay = 1.14> <CoreInst = "Adder">   --->   Core 1 'Adder' <Latency = 0> <II = 1> <Delay = 1.14> <FuncUnit> <Opcode : 'add' 'sub'> <InPorts = 2> <OutPorts = 1>
ST_25 : Operation 791 [1/1] (0.43ns) (out node of the LUT)   --->   "%add_ln356_423 = add i2 %zext_ln361_30, i2 %zext_ln354_116" [src/generic/fp_generic.cpp:356]   --->   Operation 791 'add' 'add_ln356_423' <Predicate = true> <Delay = 0.43> <CoreInst = "Adder">   --->   Core 1 'Adder' <Latency = 0> <II = 1> <Delay = 0.43> <FuncUnit> <Opcode : 'add' 'sub'> <InPorts = 2> <OutPorts = 1>
ST_25 : Operation 792 [1/1] (0.00ns) (grouped into TernaryAdder)   --->   "%add_ln356_425 = add i2 %zext_ln354_113, i2 %zext_ln354_114" [src/generic/fp_generic.cpp:356]   --->   Operation 792 'add' 'add_ln356_425' <Predicate = true> <Delay = 0.00> <CoreInst = "TAddSub">   --->   Core 10 'TAddSub' <Latency = 0> <II = 1> <Delay = 0.42> <IPBlock> <Opcode : '' 'add' 'sub'> <InPorts = 3> <OutPorts = 1> <Sync> <CReg>
ST_25 : Operation 793 [1/1] (0.14ns) (root node of TernaryAdder)   --->   "%add_ln356_426 = add i2 %add_ln356_425, i2 %zext_ln354_115" [src/generic/fp_generic.cpp:356]   --->   Operation 793 'add' 'add_ln356_426' <Predicate = true> <Delay = 0.14> <CoreInst = "TAddSub">   --->   Core 10 'TAddSub' <Latency = 0> <II = 1> <Delay = 0.42> <IPBlock> <Opcode : '' 'add' 'sub'> <InPorts = 3> <OutPorts = 1> <Sync> <CReg>
ST_25 : Operation 794 [1/2] (1.43ns)   --->   "%call_ret202 = call i128 @digit_x_digit, i64 %v_508, i64 6937169319750509776" [src/generic/fp_generic.cpp:354]   --->   Operation 794 'call' 'call_ret202' <Predicate = true> <Delay = 1.43> <CoreType = "Generic">   --->   Generic Core
ST_25 : Operation 795 [1/1] (0.00ns)   --->   "%tempReg_895 = extractvalue i128 %call_ret202" [src/generic/fp_generic.cpp:354]   --->   Operation 795 'extractvalue' 'tempReg_895' <Predicate = true> <Delay = 0.00>
ST_25 : Operation 796 [1/1] (0.00ns) (grouped into LUT with out node tempReg_896)   --->   "%UV_456 = extractvalue i128 %call_ret202" [src/generic/fp_generic.cpp:354]   --->   Operation 796 'extractvalue' 'UV_456' <Predicate = true> <Delay = 0.00>
ST_25 : Operation 797 [1/1] (1.14ns)   --->   "%v_574 = add i64 %tempReg_895, i64 %v_573" [src/generic/fp_generic.cpp:355]   --->   Operation 797 'add' 'v_574' <Predicate = true> <Delay = 1.14> <CoreInst = "Adder">   --->   Core 1 'Adder' <Latency = 0> <II = 1> <Delay = 1.14> <FuncUnit> <Opcode : 'add' 'sub'> <InPorts = 2> <OutPorts = 1>
ST_25 : Operation 798 [1/1] (1.43ns)   --->   "%tmp_834 = call i1 @is_digit_lessthan_ct, i64 %tempReg_895, i64 0" [src/generic/fp_generic.cpp:355]   --->   Operation 798 'call' 'tmp_834' <Predicate = true> <Delay = 1.43> <CoreType = "Generic">   --->   Generic Core
ST_25 : Operation 799 [1/1] (1.43ns)   --->   "%tmp_835 = call i1 @is_digit_lessthan_ct, i64 %v_574, i64 %tempReg_895" [src/generic/fp_generic.cpp:355]   --->   Operation 799 'call' 'tmp_835' <Predicate = true> <Delay = 1.43> <CoreType = "Generic">   --->   Generic Core
ST_25 : Operation 800 [1/1] (0.12ns)   --->   "%carry_1001 = or i1 %tmp_835, i1 %tmp_834" [src/generic/fp_generic.cpp:355]   --->   Operation 800 'or' 'carry_1001' <Predicate = true> <Delay = 0.12> <CoreInst = "LogicGate">   --->   Core 74 'LogicGate' <Latency = 0> <II = 1> <Delay = 0.12> <FuncUnit> <Opcode : 'and' 'or' 'xor'> <InPorts = 2> <OutPorts = 1>
ST_25 : Operation 801 [1/1] (0.00ns)   --->   "%zext_ln356_92 = zext i1 %carry_1001" [src/generic/fp_generic.cpp:356]   --->   Operation 801 'zext' 'zext_ln356_92' <Predicate = true> <Delay = 0.00>
ST_25 : Operation 802 [1/1] (1.14ns) (out node of the LUT)   --->   "%tempReg_896 = add i64 %UV_456, i64 %zext_ln356_92" [src/generic/fp_generic.cpp:356]   --->   Operation 802 'add' 'tempReg_896' <Predicate = true> <Delay = 1.14> <CoreInst = "Adder">   --->   Core 1 'Adder' <Latency = 0> <II = 1> <Delay = 1.14> <FuncUnit> <Opcode : 'add' 'sub'> <InPorts = 2> <OutPorts = 1>
ST_25 : Operation 803 [2/2] (6.71ns)   --->   "%call_ret203 = call i128 @digit_x_digit, i64 %v_515, i64 1989455001339985327" [src/generic/fp_generic.cpp:354]   --->   Operation 803 'call' 'call_ret203' <Predicate = true> <Delay = 6.71> <CoreType = "Generic">   --->   Generic Core

State 26 <SV = 25> <Delay = 6.72>
ST_26 : Operation 804 [1/1] (0.00ns)   --->   "%tmp_14 = bitconcatenate i4 @_ssdm_op_BitConcatenate.i4.i1.i3, i1 %mc_offset_read, i3 4" [src/generic/fp_generic.cpp:334]   --->   Operation 804 'bitconcatenate' 'tmp_14' <Predicate = true> <Delay = 0.00>
ST_26 : Operation 805 [1/1] (0.00ns)   --->   "%zext_ln334_26 = zext i4 %tmp_14" [src/generic/fp_generic.cpp:334]   --->   Operation 805 'zext' 'zext_ln334_26' <Predicate = true> <Delay = 0.00>
ST_26 : Operation 806 [1/1] (0.00ns)   --->   "%mc_addr_24 = getelementptr i64 %mc, i64 0, i64 %zext_ln334_26" [src/generic/fp_generic.cpp:334]   --->   Operation 806 'getelementptr' 'mc_addr_24' <Predicate = true> <Delay = 0.00>
ST_26 : Operation 807 [1/1] (0.00ns)   --->   "%ma_1_addr_27 = getelementptr i64 %ma_1, i64 0, i64 6" [src/generic/fp_generic.cpp:360]   --->   Operation 807 'getelementptr' 'ma_1_addr_27' <Predicate = true> <Delay = 0.00>
ST_26 : Operation 808 [1/2] ( I:0.71ns O:0.71ns )   --->   "%ma_0_load_23 = load i3 %ma_0_addr_27" [src/generic/fp_generic.cpp:360]   --->   Operation 808 'load' 'ma_0_load_23' <Predicate = true> <Delay = 0.71> <CoreInst = "RAM_1P">   --->   Core 87 'RAM_1P' <Latency = 1> <II = 1> <Delay = 0.71> <Storage> <Opcode : 'load' 'store'> <Ports = 1> <Width = 64> <Depth = 8> <RAM>
ST_26 : Operation 809 [2/2] (0.71ns)   --->   "%ma_1_load_27 = load i3 %ma_1_addr_27" [src/generic/fp_generic.cpp:360]   --->   Operation 809 'load' 'ma_1_load_27' <Predicate = true> <Delay = 0.71> <CoreInst = "RAM_1P">   --->   Core 87 'RAM_1P' <Latency = 1> <II = 1> <Delay = 0.71> <Storage> <Opcode : 'load' 'store'> <Ports = 1> <Width = 64> <Depth = 8> <RAM>
ST_26 : Operation 810 [1/1] (0.00ns)   --->   "%zext_ln356_140 = zext i2 %add_ln356_423" [src/generic/fp_generic.cpp:356]   --->   Operation 810 'zext' 'zext_ln356_140' <Predicate = true> <Delay = 0.00>
ST_26 : Operation 811 [1/1] (0.00ns) (grouped into TernaryAdder)   --->   "%add_ln356_424 = add i64 %zext_ln356_140, i64 %tempReg_894" [src/generic/fp_generic.cpp:356]   --->   Operation 811 'add' 'add_ln356_424' <Predicate = true> <Delay = 0.00> <CoreInst = "TAddSub">   --->   Core 10 'TAddSub' <Latency = 0> <II = 1> <Delay = 0.42> <IPBlock> <Opcode : '' 'add' 'sub'> <InPorts = 3> <OutPorts = 1> <Sync> <CReg>
ST_26 : Operation 812 [1/1] (0.00ns)   --->   "%zext_ln356_141 = zext i2 %add_ln356_426" [src/generic/fp_generic.cpp:356]   --->   Operation 812 'zext' 'zext_ln356_141' <Predicate = true> <Delay = 0.00>
ST_26 : Operation 813 [1/1] (0.84ns) (root node of TernaryAdder)   --->   "%u_434 = add i64 %zext_ln356_141, i64 %add_ln356_424" [src/generic/fp_generic.cpp:356]   --->   Operation 813 'add' 'u_434' <Predicate = true> <Delay = 0.84> <CoreInst = "TAddSub">   --->   Core 10 'TAddSub' <Latency = 0> <II = 1> <Delay = 0.42> <IPBlock> <Opcode : '' 'add' 'sub'> <InPorts = 3> <OutPorts = 1> <Sync> <CReg>
ST_26 : Operation 814 [1/1] (1.43ns)   --->   "%tmp_832 = call i1 @is_digit_lessthan_ct, i64 %tempReg_894, i64 %zext_ln356_91" [src/generic/fp_generic.cpp:356]   --->   Operation 814 'call' 'tmp_832' <Predicate = true> <Delay = 1.43> <CoreType = "Generic">   --->   Generic Core
ST_26 : Operation 815 [1/1] (1.43ns)   --->   "%tmp_833 = call i1 @is_digit_lessthan_ct, i64 %u_434, i64 %tempReg_894" [src/generic/fp_generic.cpp:356]   --->   Operation 815 'call' 'tmp_833' <Predicate = true> <Delay = 1.43> <CoreType = "Generic">   --->   Generic Core
ST_26 : Operation 816 [1/1] (0.12ns)   --->   "%carry_1000 = or i1 %tmp_833, i1 %tmp_832" [src/generic/fp_generic.cpp:356]   --->   Operation 816 'or' 'carry_1000' <Predicate = true> <Delay = 0.12> <CoreInst = "LogicGate">   --->   Core 74 'LogicGate' <Latency = 0> <II = 1> <Delay = 0.12> <FuncUnit> <Opcode : 'and' 'or' 'xor'> <InPorts = 2> <OutPorts = 1>
ST_26 : Operation 817 [1/1] (1.14ns)   --->   "%u_435 = add i64 %tempReg_896, i64 %u_434" [src/generic/fp_generic.cpp:356]   --->   Operation 817 'add' 'u_435' <Predicate = true> <Delay = 1.14> <CoreInst = "Adder">   --->   Core 1 'Adder' <Latency = 0> <II = 1> <Delay = 1.14> <FuncUnit> <Opcode : 'add' 'sub'> <InPorts = 2> <OutPorts = 1>
ST_26 : Operation 818 [1/1] (1.43ns)   --->   "%tmp_836 = call i1 @is_digit_lessthan_ct, i64 %tempReg_896, i64 %zext_ln356_92" [src/generic/fp_generic.cpp:356]   --->   Operation 818 'call' 'tmp_836' <Predicate = true> <Delay = 1.43> <CoreType = "Generic">   --->   Generic Core
ST_26 : Operation 819 [1/1] (1.43ns)   --->   "%tmp_837 = call i1 @is_digit_lessthan_ct, i64 %u_435, i64 %tempReg_896" [src/generic/fp_generic.cpp:356]   --->   Operation 819 'call' 'tmp_837' <Predicate = true> <Delay = 1.43> <CoreType = "Generic">   --->   Generic Core
ST_26 : Operation 820 [1/1] (0.12ns)   --->   "%carry_1002 = or i1 %tmp_837, i1 %tmp_836" [src/generic/fp_generic.cpp:356]   --->   Operation 820 'or' 'carry_1002' <Predicate = true> <Delay = 0.12> <CoreInst = "LogicGate">   --->   Core 74 'LogicGate' <Latency = 0> <II = 1> <Delay = 0.12> <FuncUnit> <Opcode : 'and' 'or' 'xor'> <InPorts = 2> <OutPorts = 1>
ST_26 : Operation 821 [1/2] (1.43ns)   --->   "%call_ret203 = call i128 @digit_x_digit, i64 %v_515, i64 1989455001339985327" [src/generic/fp_generic.cpp:354]   --->   Operation 821 'call' 'call_ret203' <Predicate = true> <Delay = 1.43> <CoreType = "Generic">   --->   Generic Core
ST_26 : Operation 822 [1/1] (0.00ns)   --->   "%tempReg_897 = extractvalue i128 %call_ret203" [src/generic/fp_generic.cpp:354]   --->   Operation 822 'extractvalue' 'tempReg_897' <Predicate = true> <Delay = 0.00>
ST_26 : Operation 823 [1/1] (0.00ns) (grouped into LUT with out node tempReg_898)   --->   "%UV_458 = extractvalue i128 %call_ret203" [src/generic/fp_generic.cpp:354]   --->   Operation 823 'extractvalue' 'UV_458' <Predicate = true> <Delay = 0.00>
ST_26 : Operation 824 [1/1] (1.14ns)   --->   "%v_575 = add i64 %tempReg_897, i64 %v_574" [src/generic/fp_generic.cpp:355]   --->   Operation 824 'add' 'v_575' <Predicate = true> <Delay = 1.14> <CoreInst = "Adder">   --->   Core 1 'Adder' <Latency = 0> <II = 1> <Delay = 1.14> <FuncUnit> <Opcode : 'add' 'sub'> <InPorts = 2> <OutPorts = 1>
ST_26 : Operation 825 [1/1] (1.43ns)   --->   "%tmp_838 = call i1 @is_digit_lessthan_ct, i64 %tempReg_897, i64 0" [src/generic/fp_generic.cpp:355]   --->   Operation 825 'call' 'tmp_838' <Predicate = true> <Delay = 1.43> <CoreType = "Generic">   --->   Generic Core
ST_26 : Operation 826 [1/1] (1.43ns)   --->   "%tmp_839 = call i1 @is_digit_lessthan_ct, i64 %v_575, i64 %tempReg_897" [src/generic/fp_generic.cpp:355]   --->   Operation 826 'call' 'tmp_839' <Predicate = true> <Delay = 1.43> <CoreType = "Generic">   --->   Generic Core
ST_26 : Operation 827 [1/1] (0.12ns)   --->   "%carry_1003 = or i1 %tmp_839, i1 %tmp_838" [src/generic/fp_generic.cpp:355]   --->   Operation 827 'or' 'carry_1003' <Predicate = true> <Delay = 0.12> <CoreInst = "LogicGate">   --->   Core 74 'LogicGate' <Latency = 0> <II = 1> <Delay = 0.12> <FuncUnit> <Opcode : 'and' 'or' 'xor'> <InPorts = 2> <OutPorts = 1>
ST_26 : Operation 828 [1/1] (0.00ns)   --->   "%zext_ln356_93 = zext i1 %carry_1003" [src/generic/fp_generic.cpp:356]   --->   Operation 828 'zext' 'zext_ln356_93' <Predicate = true> <Delay = 0.00>
ST_26 : Operation 829 [1/1] (1.14ns)   --->   "%v_576 = add i64 %ma_0_load_23, i64 %v_575" [src/generic/fp_generic.cpp:360]   --->   Operation 829 'add' 'v_576' <Predicate = true> <Delay = 1.14> <CoreInst = "Adder">   --->   Core 1 'Adder' <Latency = 0> <II = 1> <Delay = 1.14> <FuncUnit> <Opcode : 'add' 'sub'> <InPorts = 2> <OutPorts = 1>
ST_26 : Operation 830 [1/1] (1.43ns)   --->   "%tmp_840 = call i1 @is_digit_lessthan_ct, i64 %v_575, i64 0" [src/generic/fp_generic.cpp:360]   --->   Operation 830 'call' 'tmp_840' <Predicate = true> <Delay = 1.43> <CoreType = "Generic">   --->   Generic Core
ST_26 : Operation 831 [1/1] (1.43ns)   --->   "%tmp_841 = call i1 @is_digit_lessthan_ct, i64 %v_576, i64 %v_575" [src/generic/fp_generic.cpp:360]   --->   Operation 831 'call' 'tmp_841' <Predicate = true> <Delay = 1.43> <CoreType = "Generic">   --->   Generic Core
ST_26 : Operation 832 [1/1] (0.12ns)   --->   "%carry_1005 = or i1 %tmp_841, i1 %tmp_840" [src/generic/fp_generic.cpp:360]   --->   Operation 832 'or' 'carry_1005' <Predicate = true> <Delay = 0.12> <CoreInst = "LogicGate">   --->   Core 74 'LogicGate' <Latency = 0> <II = 1> <Delay = 0.12> <FuncUnit> <Opcode : 'and' 'or' 'xor'> <InPorts = 2> <OutPorts = 1>
ST_26 : Operation 833 [1/1] (1.14ns) (out node of the LUT)   --->   "%tempReg_898 = add i64 %UV_458, i64 %zext_ln356_93" [src/generic/fp_generic.cpp:356]   --->   Operation 833 'add' 'tempReg_898' <Predicate = true> <Delay = 1.14> <CoreInst = "Adder">   --->   Core 1 'Adder' <Latency = 0> <II = 1> <Delay = 1.14> <FuncUnit> <Opcode : 'add' 'sub'> <InPorts = 2> <OutPorts = 1>
ST_26 : Operation 834 [1/1] (1.14ns)   --->   "%u_436 = add i64 %tempReg_898, i64 %u_435" [src/generic/fp_generic.cpp:356]   --->   Operation 834 'add' 'u_436' <Predicate = true> <Delay = 1.14> <CoreInst = "Adder">   --->   Core 1 'Adder' <Latency = 0> <II = 1> <Delay = 1.14> <FuncUnit> <Opcode : 'add' 'sub'> <InPorts = 2> <OutPorts = 1>
ST_26 : Operation 835 [1/1] (1.43ns)   --->   "%tmp_842 = call i1 @is_digit_lessthan_ct, i64 %tempReg_898, i64 %zext_ln356_93" [src/generic/fp_generic.cpp:356]   --->   Operation 835 'call' 'tmp_842' <Predicate = true> <Delay = 1.43> <CoreType = "Generic">   --->   Generic Core
ST_26 : Operation 836 [2/2] (6.71ns)   --->   "%call_ret204 = call i128 @digit_x_digit, i64 %v_508, i64 18127602061483550" [src/generic/fp_generic.cpp:354]   --->   Operation 836 'call' 'call_ret204' <Predicate = true> <Delay = 6.71> <CoreType = "Generic">   --->   Generic Core
ST_26 : Operation 837 [1/1] ( I:0.71ns O:0.71ns )   --->   "%store_ln363 = store i64 %v_576, i4 %mc_addr_24" [src/generic/fp_generic.cpp:363]   --->   Operation 837 'store' 'store_ln363' <Predicate = true> <Delay = 0.71> <CoreInst = "RAM_1P">   --->   Core 87 'RAM_1P' <Latency = 1> <II = 1> <Delay = 0.71> <Storage> <Opcode : 'load' 'store'> <Ports = 1> <Width = 64> <Depth = 16> <RAM>
ST_26 : Operation 838 [2/2] (6.71ns)   --->   "%call_ret205 = call i128 @digit_x_digit, i64 %v_515, i64 6937169319750509776" [src/generic/fp_generic.cpp:354]   --->   Operation 838 'call' 'call_ret205' <Predicate = true> <Delay = 6.71> <CoreType = "Generic">   --->   Generic Core

State 27 <SV = 26> <Delay = 6.72>
ST_27 : Operation 839 [1/1] (0.00ns)   --->   "%tmp_15 = bitconcatenate i4 @_ssdm_op_BitConcatenate.i4.i1.i3, i1 %mc_offset_read, i3 5" [src/generic/fp_generic.cpp:334]   --->   Operation 839 'bitconcatenate' 'tmp_15' <Predicate = true> <Delay = 0.00>
ST_27 : Operation 840 [1/1] (0.00ns)   --->   "%zext_ln334_27 = zext i4 %tmp_15" [src/generic/fp_generic.cpp:334]   --->   Operation 840 'zext' 'zext_ln334_27' <Predicate = true> <Delay = 0.00>
ST_27 : Operation 841 [1/1] (0.00ns)   --->   "%mc_addr_25 = getelementptr i64 %mc, i64 0, i64 %zext_ln334_27" [src/generic/fp_generic.cpp:334]   --->   Operation 841 'getelementptr' 'mc_addr_25' <Predicate = true> <Delay = 0.00>
ST_27 : Operation 842 [1/1] (0.00ns)   --->   "%ma_0_addr_28 = getelementptr i64 %ma_0, i64 0, i64 7" [src/generic/fp_generic.cpp:360]   --->   Operation 842 'getelementptr' 'ma_0_addr_28' <Predicate = true> <Delay = 0.00>
ST_27 : Operation 843 [1/2] ( I:0.71ns O:0.71ns )   --->   "%ma_1_load_27 = load i3 %ma_1_addr_27" [src/generic/fp_generic.cpp:360]   --->   Operation 843 'load' 'ma_1_load_27' <Predicate = true> <Delay = 0.71> <CoreInst = "RAM_1P">   --->   Core 87 'RAM_1P' <Latency = 1> <II = 1> <Delay = 0.71> <Storage> <Opcode : 'load' 'store'> <Ports = 1> <Width = 64> <Depth = 8> <RAM>
ST_27 : Operation 844 [2/2] (0.71ns)   --->   "%ma_0_load_24 = load i3 %ma_0_addr_28" [src/generic/fp_generic.cpp:360]   --->   Operation 844 'load' 'ma_0_load_24' <Predicate = true> <Delay = 0.71> <CoreInst = "RAM_1P">   --->   Core 87 'RAM_1P' <Latency = 1> <II = 1> <Delay = 0.71> <Storage> <Opcode : 'load' 'store'> <Ports = 1> <Width = 64> <Depth = 8> <RAM>
ST_27 : Operation 845 [1/1] (0.00ns)   --->   "%zext_ln354_117 = zext i1 %carry_1000" [src/generic/fp_generic.cpp:354]   --->   Operation 845 'zext' 'zext_ln354_117' <Predicate = true> <Delay = 0.00>
ST_27 : Operation 846 [1/1] (0.00ns)   --->   "%zext_ln354_118 = zext i1 %carry_1002" [src/generic/fp_generic.cpp:354]   --->   Operation 846 'zext' 'zext_ln354_118' <Predicate = true> <Delay = 0.00>
ST_27 : Operation 847 [1/1] (0.00ns)   --->   "%zext_ln361_22 = zext i1 %carry_1005" [src/generic/fp_generic.cpp:361]   --->   Operation 847 'zext' 'zext_ln361_22' <Predicate = true> <Delay = 0.00>
ST_27 : Operation 848 [1/1] (1.43ns)   --->   "%tmp_843 = call i1 @is_digit_lessthan_ct, i64 %u_436, i64 %tempReg_898" [src/generic/fp_generic.cpp:356]   --->   Operation 848 'call' 'tmp_843' <Predicate = true> <Delay = 1.43> <CoreType = "Generic">   --->   Generic Core
ST_27 : Operation 849 [1/1] (0.12ns)   --->   "%carry_1004 = or i1 %tmp_843, i1 %tmp_842" [src/generic/fp_generic.cpp:356]   --->   Operation 849 'or' 'carry_1004' <Predicate = true> <Delay = 0.12> <CoreInst = "LogicGate">   --->   Core 74 'LogicGate' <Latency = 0> <II = 1> <Delay = 0.12> <FuncUnit> <Opcode : 'and' 'or' 'xor'> <InPorts = 2> <OutPorts = 1>
ST_27 : Operation 850 [1/1] (1.14ns)   --->   "%tempReg_899 = add i64 %u_436, i64 %zext_ln361_22" [src/generic/fp_generic.cpp:361]   --->   Operation 850 'add' 'tempReg_899' <Predicate = true> <Delay = 1.14> <CoreInst = "Adder">   --->   Core 1 'Adder' <Latency = 0> <II = 1> <Delay = 1.14> <FuncUnit> <Opcode : 'add' 'sub'> <InPorts = 2> <OutPorts = 1>
ST_27 : Operation 851 [1/1] (1.43ns)   --->   "%tmp_844 = call i1 @is_digit_lessthan_ct, i64 %tempReg_899, i64 %zext_ln361_22" [src/generic/fp_generic.cpp:361]   --->   Operation 851 'call' 'tmp_844' <Predicate = true> <Delay = 1.43> <CoreType = "Generic">   --->   Generic Core
ST_27 : Operation 852 [1/1] (1.43ns)   --->   "%tmp_845 = call i1 @is_digit_lessthan_ct, i64 %tempReg_899, i64 %tempReg_899" [src/generic/fp_generic.cpp:361]   --->   Operation 852 'call' 'tmp_845' <Predicate = true> <Delay = 1.43> <CoreType = "Generic">   --->   Generic Core
ST_27 : Operation 853 [1/1] (0.12ns)   --->   "%carry_1006 = or i1 %tmp_845, i1 %tmp_844" [src/generic/fp_generic.cpp:361]   --->   Operation 853 'or' 'carry_1006' <Predicate = true> <Delay = 0.12> <CoreInst = "LogicGate">   --->   Core 74 'LogicGate' <Latency = 0> <II = 1> <Delay = 0.12> <FuncUnit> <Opcode : 'and' 'or' 'xor'> <InPorts = 2> <OutPorts = 1>
ST_27 : Operation 854 [1/1] (0.00ns)   --->   "%zext_ln354_119 = zext i1 %carry_1006" [src/generic/fp_generic.cpp:354]   --->   Operation 854 'zext' 'zext_ln354_119' <Predicate = true> <Delay = 0.00>
ST_27 : Operation 855 [1/2] (1.43ns)   --->   "%call_ret204 = call i128 @digit_x_digit, i64 %v_508, i64 18127602061483550" [src/generic/fp_generic.cpp:354]   --->   Operation 855 'call' 'call_ret204' <Predicate = true> <Delay = 1.43> <CoreType = "Generic">   --->   Generic Core
ST_27 : Operation 856 [1/1] (0.00ns)   --->   "%tempReg_900 = extractvalue i128 %call_ret204" [src/generic/fp_generic.cpp:354]   --->   Operation 856 'extractvalue' 'tempReg_900' <Predicate = true> <Delay = 0.00>
ST_27 : Operation 857 [1/1] (0.00ns) (grouped into LUT with out node tempReg_901)   --->   "%UV_460 = extractvalue i128 %call_ret204" [src/generic/fp_generic.cpp:354]   --->   Operation 857 'extractvalue' 'UV_460' <Predicate = true> <Delay = 0.00>
ST_27 : Operation 858 [1/1] (1.14ns)   --->   "%v_577 = add i64 %tempReg_900, i64 %tempReg_899" [src/generic/fp_generic.cpp:355]   --->   Operation 858 'add' 'v_577' <Predicate = true> <Delay = 1.14> <CoreInst = "Adder">   --->   Core 1 'Adder' <Latency = 0> <II = 1> <Delay = 1.14> <FuncUnit> <Opcode : 'add' 'sub'> <InPorts = 2> <OutPorts = 1>
ST_27 : Operation 859 [1/1] (1.43ns)   --->   "%tmp_846 = call i1 @is_digit_lessthan_ct, i64 %tempReg_900, i64 0" [src/generic/fp_generic.cpp:355]   --->   Operation 859 'call' 'tmp_846' <Predicate = true> <Delay = 1.43> <CoreType = "Generic">   --->   Generic Core
ST_27 : Operation 860 [1/1] (1.43ns)   --->   "%tmp_847 = call i1 @is_digit_lessthan_ct, i64 %v_577, i64 %tempReg_900" [src/generic/fp_generic.cpp:355]   --->   Operation 860 'call' 'tmp_847' <Predicate = true> <Delay = 1.43> <CoreType = "Generic">   --->   Generic Core
ST_27 : Operation 861 [1/1] (0.12ns)   --->   "%carry_1007 = or i1 %tmp_847, i1 %tmp_846" [src/generic/fp_generic.cpp:355]   --->   Operation 861 'or' 'carry_1007' <Predicate = true> <Delay = 0.12> <CoreInst = "LogicGate">   --->   Core 74 'LogicGate' <Latency = 0> <II = 1> <Delay = 0.12> <FuncUnit> <Opcode : 'and' 'or' 'xor'> <InPorts = 2> <OutPorts = 1>
ST_27 : Operation 862 [1/1] (0.00ns)   --->   "%zext_ln356_94 = zext i1 %carry_1007" [src/generic/fp_generic.cpp:356]   --->   Operation 862 'zext' 'zext_ln356_94' <Predicate = true> <Delay = 0.00>
ST_27 : Operation 863 [1/1] (1.14ns) (out node of the LUT)   --->   "%tempReg_901 = add i64 %UV_460, i64 %zext_ln356_94" [src/generic/fp_generic.cpp:356]   --->   Operation 863 'add' 'tempReg_901' <Predicate = true> <Delay = 1.14> <CoreInst = "Adder">   --->   Core 1 'Adder' <Latency = 0> <II = 1> <Delay = 1.14> <FuncUnit> <Opcode : 'add' 'sub'> <InPorts = 2> <OutPorts = 1>
ST_27 : Operation 864 [1/1] (0.00ns) (grouped into TernaryAdder)   --->   "%add_ln356_434 = add i2 %zext_ln354_117, i2 %zext_ln354_118" [src/generic/fp_generic.cpp:356]   --->   Operation 864 'add' 'add_ln356_434' <Predicate = true> <Delay = 0.00> <CoreInst = "TAddSub">   --->   Core 10 'TAddSub' <Latency = 0> <II = 1> <Delay = 0.42> <IPBlock> <Opcode : '' 'add' 'sub'> <InPorts = 3> <OutPorts = 1> <Sync> <CReg>
ST_27 : Operation 865 [1/1] (0.14ns) (root node of TernaryAdder)   --->   "%add_ln356_435 = add i2 %add_ln356_434, i2 %zext_ln354_119" [src/generic/fp_generic.cpp:356]   --->   Operation 865 'add' 'add_ln356_435' <Predicate = true> <Delay = 0.14> <CoreInst = "TAddSub">   --->   Core 10 'TAddSub' <Latency = 0> <II = 1> <Delay = 0.42> <IPBlock> <Opcode : '' 'add' 'sub'> <InPorts = 3> <OutPorts = 1> <Sync> <CReg>
ST_27 : Operation 866 [1/1] (1.43ns)   --->   "%tmp_848 = call i1 @is_digit_lessthan_ct, i64 %tempReg_901, i64 %zext_ln356_94" [src/generic/fp_generic.cpp:356]   --->   Operation 866 'call' 'tmp_848' <Predicate = true> <Delay = 1.43> <CoreType = "Generic">   --->   Generic Core
ST_27 : Operation 867 [1/2] (1.43ns)   --->   "%call_ret205 = call i128 @digit_x_digit, i64 %v_515, i64 6937169319750509776" [src/generic/fp_generic.cpp:354]   --->   Operation 867 'call' 'call_ret205' <Predicate = true> <Delay = 1.43> <CoreType = "Generic">   --->   Generic Core
ST_27 : Operation 868 [1/1] (0.00ns)   --->   "%tempReg_902 = extractvalue i128 %call_ret205" [src/generic/fp_generic.cpp:354]   --->   Operation 868 'extractvalue' 'tempReg_902' <Predicate = true> <Delay = 0.00>
ST_27 : Operation 869 [1/1] (0.00ns) (grouped into LUT with out node tempReg_903)   --->   "%UV_462 = extractvalue i128 %call_ret205" [src/generic/fp_generic.cpp:354]   --->   Operation 869 'extractvalue' 'UV_462' <Predicate = true> <Delay = 0.00>
ST_27 : Operation 870 [1/1] (1.14ns)   --->   "%v_578 = add i64 %tempReg_902, i64 %v_577" [src/generic/fp_generic.cpp:355]   --->   Operation 870 'add' 'v_578' <Predicate = true> <Delay = 1.14> <CoreInst = "Adder">   --->   Core 1 'Adder' <Latency = 0> <II = 1> <Delay = 1.14> <FuncUnit> <Opcode : 'add' 'sub'> <InPorts = 2> <OutPorts = 1>
ST_27 : Operation 871 [1/1] (1.43ns)   --->   "%tmp_850 = call i1 @is_digit_lessthan_ct, i64 %tempReg_902, i64 0" [src/generic/fp_generic.cpp:355]   --->   Operation 871 'call' 'tmp_850' <Predicate = true> <Delay = 1.43> <CoreType = "Generic">   --->   Generic Core
ST_27 : Operation 872 [1/1] (1.43ns)   --->   "%tmp_851 = call i1 @is_digit_lessthan_ct, i64 %v_578, i64 %tempReg_902" [src/generic/fp_generic.cpp:355]   --->   Operation 872 'call' 'tmp_851' <Predicate = true> <Delay = 1.43> <CoreType = "Generic">   --->   Generic Core
ST_27 : Operation 873 [1/1] (0.12ns)   --->   "%carry_1009 = or i1 %tmp_851, i1 %tmp_850" [src/generic/fp_generic.cpp:355]   --->   Operation 873 'or' 'carry_1009' <Predicate = true> <Delay = 0.12> <CoreInst = "LogicGate">   --->   Core 74 'LogicGate' <Latency = 0> <II = 1> <Delay = 0.12> <FuncUnit> <Opcode : 'and' 'or' 'xor'> <InPorts = 2> <OutPorts = 1>
ST_27 : Operation 874 [1/1] (0.00ns)   --->   "%zext_ln356_95 = zext i1 %carry_1009" [src/generic/fp_generic.cpp:356]   --->   Operation 874 'zext' 'zext_ln356_95' <Predicate = true> <Delay = 0.00>
ST_27 : Operation 875 [1/1] (1.14ns)   --->   "%v_579 = add i64 %ma_1_load_27, i64 %v_578" [src/generic/fp_generic.cpp:360]   --->   Operation 875 'add' 'v_579' <Predicate = true> <Delay = 1.14> <CoreInst = "Adder">   --->   Core 1 'Adder' <Latency = 0> <II = 1> <Delay = 1.14> <FuncUnit> <Opcode : 'add' 'sub'> <InPorts = 2> <OutPorts = 1>
ST_27 : Operation 876 [1/1] (1.43ns)   --->   "%tmp_852 = call i1 @is_digit_lessthan_ct, i64 %v_578, i64 0" [src/generic/fp_generic.cpp:360]   --->   Operation 876 'call' 'tmp_852' <Predicate = true> <Delay = 1.43> <CoreType = "Generic">   --->   Generic Core
ST_27 : Operation 877 [1/1] (1.43ns)   --->   "%tmp_853 = call i1 @is_digit_lessthan_ct, i64 %v_579, i64 %v_578" [src/generic/fp_generic.cpp:360]   --->   Operation 877 'call' 'tmp_853' <Predicate = true> <Delay = 1.43> <CoreType = "Generic">   --->   Generic Core
ST_27 : Operation 878 [1/1] (0.12ns)   --->   "%carry_1011 = or i1 %tmp_853, i1 %tmp_852" [src/generic/fp_generic.cpp:360]   --->   Operation 878 'or' 'carry_1011' <Predicate = true> <Delay = 0.12> <CoreInst = "LogicGate">   --->   Core 74 'LogicGate' <Latency = 0> <II = 1> <Delay = 0.12> <FuncUnit> <Opcode : 'and' 'or' 'xor'> <InPorts = 2> <OutPorts = 1>
ST_27 : Operation 879 [1/1] (1.14ns) (out node of the LUT)   --->   "%tempReg_903 = add i64 %UV_462, i64 %zext_ln356_95" [src/generic/fp_generic.cpp:356]   --->   Operation 879 'add' 'tempReg_903' <Predicate = true> <Delay = 1.14> <CoreInst = "Adder">   --->   Core 1 'Adder' <Latency = 0> <II = 1> <Delay = 1.14> <FuncUnit> <Opcode : 'add' 'sub'> <InPorts = 2> <OutPorts = 1>
ST_27 : Operation 880 [2/2] (6.71ns)   --->   "%call_ret = call i128 @digit_x_digit, i64 %v_515, i64 18127602061483550" [src/generic/fp_generic.cpp:354]   --->   Operation 880 'call' 'call_ret' <Predicate = true> <Delay = 6.71> <CoreType = "Generic">   --->   Generic Core
ST_27 : Operation 881 [1/1] ( I:0.71ns O:0.71ns )   --->   "%store_ln363 = store i64 %v_579, i4 %mc_addr_25" [src/generic/fp_generic.cpp:363]   --->   Operation 881 'store' 'store_ln363' <Predicate = true> <Delay = 0.71> <CoreInst = "RAM_1P">   --->   Core 87 'RAM_1P' <Latency = 1> <II = 1> <Delay = 0.71> <Storage> <Opcode : 'load' 'store'> <Ports = 1> <Width = 64> <Depth = 16> <RAM>

State 28 <SV = 27> <Delay = 6.86>
ST_28 : Operation 882 [1/1] (0.00ns)   --->   "%tmp_16 = bitconcatenate i4 @_ssdm_op_BitConcatenate.i4.i1.i3, i1 %mc_offset_read, i3 6" [src/generic/fp_generic.cpp:334]   --->   Operation 882 'bitconcatenate' 'tmp_16' <Predicate = true> <Delay = 0.00>
ST_28 : Operation 883 [1/1] (0.00ns)   --->   "%zext_ln334_28 = zext i4 %tmp_16" [src/generic/fp_generic.cpp:334]   --->   Operation 883 'zext' 'zext_ln334_28' <Predicate = true> <Delay = 0.00>
ST_28 : Operation 884 [1/1] (0.00ns)   --->   "%mc_addr_26 = getelementptr i64 %mc, i64 0, i64 %zext_ln334_28" [src/generic/fp_generic.cpp:334]   --->   Operation 884 'getelementptr' 'mc_addr_26' <Predicate = true> <Delay = 0.00>
ST_28 : Operation 885 [1/1] (0.00ns)   --->   "%ma_1_addr_28 = getelementptr i64 %ma_1, i64 0, i64 7" [src/generic/fp_generic.cpp:368]   --->   Operation 885 'getelementptr' 'ma_1_addr_28' <Predicate = true> <Delay = 0.00>
ST_28 : Operation 886 [1/2] ( I:0.71ns O:0.71ns )   --->   "%ma_0_load_24 = load i3 %ma_0_addr_28" [src/generic/fp_generic.cpp:360]   --->   Operation 886 'load' 'ma_0_load_24' <Predicate = true> <Delay = 0.71> <CoreInst = "RAM_1P">   --->   Core 87 'RAM_1P' <Latency = 1> <II = 1> <Delay = 0.71> <Storage> <Opcode : 'load' 'store'> <Ports = 1> <Width = 64> <Depth = 8> <RAM>
ST_28 : Operation 887 [2/2] (0.71ns)   --->   "%ma_1_load_28 = load i3 %ma_1_addr_28" [src/generic/fp_generic.cpp:368]   --->   Operation 887 'load' 'ma_1_load_28' <Predicate = true> <Delay = 0.71> <CoreInst = "RAM_1P">   --->   Core 87 'RAM_1P' <Latency = 1> <II = 1> <Delay = 0.71> <Storage> <Opcode : 'load' 'store'> <Ports = 1> <Width = 64> <Depth = 8> <RAM>
ST_28 : Operation 888 [1/1] (0.00ns)   --->   "%zext_ln357 = zext i1 %carry_1004" [src/generic/fp_generic.cpp:357]   --->   Operation 888 'zext' 'zext_ln357' <Predicate = true> <Delay = 0.00>
ST_28 : Operation 889 [1/1] (0.00ns) (grouped into TernaryAdder)   --->   "%add_ln356_433 = add i64 %tempReg_901, i64 %zext_ln357" [src/generic/fp_generic.cpp:356]   --->   Operation 889 'add' 'add_ln356_433' <Predicate = true> <Delay = 0.00> <CoreInst = "TAddSub">   --->   Core 10 'TAddSub' <Latency = 0> <II = 1> <Delay = 0.42> <IPBlock> <Opcode : '' 'add' 'sub'> <InPorts = 3> <OutPorts = 1> <Sync> <CReg>
ST_28 : Operation 890 [1/1] (0.00ns)   --->   "%zext_ln356_142 = zext i2 %add_ln356_435" [src/generic/fp_generic.cpp:356]   --->   Operation 890 'zext' 'zext_ln356_142' <Predicate = true> <Delay = 0.00>
ST_28 : Operation 891 [1/1] (0.84ns) (root node of TernaryAdder)   --->   "%u_437 = add i64 %zext_ln356_142, i64 %add_ln356_433" [src/generic/fp_generic.cpp:356]   --->   Operation 891 'add' 'u_437' <Predicate = true> <Delay = 0.84> <CoreInst = "TAddSub">   --->   Core 10 'TAddSub' <Latency = 0> <II = 1> <Delay = 0.42> <IPBlock> <Opcode : '' 'add' 'sub'> <InPorts = 3> <OutPorts = 1> <Sync> <CReg>
ST_28 : Operation 892 [1/1] (1.43ns)   --->   "%tmp_849 = call i1 @is_digit_lessthan_ct, i64 %u_437, i64 %tempReg_901" [src/generic/fp_generic.cpp:356]   --->   Operation 892 'call' 'tmp_849' <Predicate = true> <Delay = 1.43> <CoreType = "Generic">   --->   Generic Core
ST_28 : Operation 893 [1/1] (0.00ns) (grouped into LUT with out node add_ln368)   --->   "%carry_1008 = or i1 %tmp_849, i1 %tmp_848" [src/generic/fp_generic.cpp:356]   --->   Operation 893 'or' 'carry_1008' <Predicate = true> <Delay = 0.00> <CoreInst = "LogicGate">   --->   Core 74 'LogicGate' <Latency = 0> <II = 1> <Delay = 0.12> <FuncUnit> <Opcode : 'and' 'or' 'xor'> <InPorts = 2> <OutPorts = 1>
ST_28 : Operation 894 [1/1] (0.00ns) (grouped into LUT with out node add_ln368)   --->   "%zext_ln357_6 = zext i1 %carry_1008" [src/generic/fp_generic.cpp:357]   --->   Operation 894 'zext' 'zext_ln357_6' <Predicate = true> <Delay = 0.00>
ST_28 : Operation 895 [1/1] (0.00ns)   --->   "%zext_ln361_23 = zext i1 %carry_1011" [src/generic/fp_generic.cpp:361]   --->   Operation 895 'zext' 'zext_ln361_23' <Predicate = true> <Delay = 0.00>
ST_28 : Operation 896 [1/1] (1.14ns)   --->   "%u_438 = add i64 %tempReg_903, i64 %u_437" [src/generic/fp_generic.cpp:356]   --->   Operation 896 'add' 'u_438' <Predicate = true> <Delay = 1.14> <CoreInst = "Adder">   --->   Core 1 'Adder' <Latency = 0> <II = 1> <Delay = 1.14> <FuncUnit> <Opcode : 'add' 'sub'> <InPorts = 2> <OutPorts = 1>
ST_28 : Operation 897 [1/1] (1.43ns)   --->   "%tmp_854 = call i1 @is_digit_lessthan_ct, i64 %tempReg_903, i64 %zext_ln356_95" [src/generic/fp_generic.cpp:356]   --->   Operation 897 'call' 'tmp_854' <Predicate = true> <Delay = 1.43> <CoreType = "Generic">   --->   Generic Core
ST_28 : Operation 898 [1/1] (1.43ns)   --->   "%tmp_855 = call i1 @is_digit_lessthan_ct, i64 %u_438, i64 %tempReg_903" [src/generic/fp_generic.cpp:356]   --->   Operation 898 'call' 'tmp_855' <Predicate = true> <Delay = 1.43> <CoreType = "Generic">   --->   Generic Core
ST_28 : Operation 899 [1/1] (0.00ns) (grouped into LUT with out node add_ln368_27)   --->   "%carry_1010 = or i1 %tmp_855, i1 %tmp_854" [src/generic/fp_generic.cpp:356]   --->   Operation 899 'or' 'carry_1010' <Predicate = true> <Delay = 0.00> <CoreInst = "LogicGate">   --->   Core 74 'LogicGate' <Latency = 0> <II = 1> <Delay = 0.12> <FuncUnit> <Opcode : 'and' 'or' 'xor'> <InPorts = 2> <OutPorts = 1>
ST_28 : Operation 900 [1/1] (0.00ns) (grouped into LUT with out node add_ln368_27)   --->   "%zext_ln361_31 = zext i1 %carry_1010" [src/generic/fp_generic.cpp:361]   --->   Operation 900 'zext' 'zext_ln361_31' <Predicate = true> <Delay = 0.00>
ST_28 : Operation 901 [1/1] (1.14ns)   --->   "%tempReg_904 = add i64 %u_438, i64 %zext_ln361_23" [src/generic/fp_generic.cpp:361]   --->   Operation 901 'add' 'tempReg_904' <Predicate = true> <Delay = 1.14> <CoreInst = "Adder">   --->   Core 1 'Adder' <Latency = 0> <II = 1> <Delay = 1.14> <FuncUnit> <Opcode : 'add' 'sub'> <InPorts = 2> <OutPorts = 1>
ST_28 : Operation 902 [1/1] (1.43ns)   --->   "%tmp_856 = call i1 @is_digit_lessthan_ct, i64 %tempReg_904, i64 %zext_ln361_23" [src/generic/fp_generic.cpp:361]   --->   Operation 902 'call' 'tmp_856' <Predicate = true> <Delay = 1.43> <CoreType = "Generic">   --->   Generic Core
ST_28 : Operation 903 [1/1] (1.43ns)   --->   "%tmp_857 = call i1 @is_digit_lessthan_ct, i64 %tempReg_904, i64 %tempReg_904" [src/generic/fp_generic.cpp:361]   --->   Operation 903 'call' 'tmp_857' <Predicate = true> <Delay = 1.43> <CoreType = "Generic">   --->   Generic Core
ST_28 : Operation 904 [1/1] (0.00ns) (grouped into LUT with out node add_ln368_27)   --->   "%carry_1012 = or i1 %tmp_857, i1 %tmp_856" [src/generic/fp_generic.cpp:361]   --->   Operation 904 'or' 'carry_1012' <Predicate = true> <Delay = 0.00> <CoreInst = "LogicGate">   --->   Core 74 'LogicGate' <Latency = 0> <II = 1> <Delay = 0.12> <FuncUnit> <Opcode : 'and' 'or' 'xor'> <InPorts = 2> <OutPorts = 1>
ST_28 : Operation 905 [1/1] (0.00ns) (grouped into LUT with out node add_ln368_27)   --->   "%zext_ln354_120 = zext i1 %carry_1012" [src/generic/fp_generic.cpp:354]   --->   Operation 905 'zext' 'zext_ln354_120' <Predicate = true> <Delay = 0.00>
ST_28 : Operation 906 [1/2] (1.43ns)   --->   "%call_ret = call i128 @digit_x_digit, i64 %v_515, i64 18127602061483550" [src/generic/fp_generic.cpp:354]   --->   Operation 906 'call' 'call_ret' <Predicate = true> <Delay = 1.43> <CoreType = "Generic">   --->   Generic Core
ST_28 : Operation 907 [1/1] (0.00ns)   --->   "%tempReg_905 = extractvalue i128 %call_ret" [src/generic/fp_generic.cpp:354]   --->   Operation 907 'extractvalue' 'tempReg_905' <Predicate = true> <Delay = 0.00>
ST_28 : Operation 908 [1/1] (0.00ns) (grouped into LUT with out node add_ln368)   --->   "%UV_464 = extractvalue i128 %call_ret" [src/generic/fp_generic.cpp:354]   --->   Operation 908 'extractvalue' 'UV_464' <Predicate = true> <Delay = 0.00>
ST_28 : Operation 909 [1/1] (1.14ns)   --->   "%v_580 = add i64 %tempReg_905, i64 %tempReg_904" [src/generic/fp_generic.cpp:355]   --->   Operation 909 'add' 'v_580' <Predicate = true> <Delay = 1.14> <CoreInst = "Adder">   --->   Core 1 'Adder' <Latency = 0> <II = 1> <Delay = 1.14> <FuncUnit> <Opcode : 'add' 'sub'> <InPorts = 2> <OutPorts = 1>
ST_28 : Operation 910 [1/1] (1.43ns)   --->   "%tmp_858 = call i1 @is_digit_lessthan_ct, i64 %tempReg_905, i64 0" [src/generic/fp_generic.cpp:355]   --->   Operation 910 'call' 'tmp_858' <Predicate = true> <Delay = 1.43> <CoreType = "Generic">   --->   Generic Core
ST_28 : Operation 911 [1/1] (1.43ns)   --->   "%tmp_859 = call i1 @is_digit_lessthan_ct, i64 %v_580, i64 %tempReg_905" [src/generic/fp_generic.cpp:355]   --->   Operation 911 'call' 'tmp_859' <Predicate = true> <Delay = 1.43> <CoreType = "Generic">   --->   Generic Core
ST_28 : Operation 912 [1/1] (1.14ns)   --->   "%v_581 = add i64 %ma_0_load_24, i64 %v_580" [src/generic/fp_generic.cpp:360]   --->   Operation 912 'add' 'v_581' <Predicate = true> <Delay = 1.14> <CoreInst = "Adder">   --->   Core 1 'Adder' <Latency = 0> <II = 1> <Delay = 1.14> <FuncUnit> <Opcode : 'add' 'sub'> <InPorts = 2> <OutPorts = 1>
ST_28 : Operation 913 [1/1] (1.43ns)   --->   "%tmp_860 = call i1 @is_digit_lessthan_ct, i64 %v_580, i64 0" [src/generic/fp_generic.cpp:360]   --->   Operation 913 'call' 'tmp_860' <Predicate = true> <Delay = 1.43> <CoreType = "Generic">   --->   Generic Core
ST_28 : Operation 914 [1/1] (1.43ns)   --->   "%tmp_861 = call i1 @is_digit_lessthan_ct, i64 %v_581, i64 %v_580" [src/generic/fp_generic.cpp:360]   --->   Operation 914 'call' 'tmp_861' <Predicate = true> <Delay = 1.43> <CoreType = "Generic">   --->   Generic Core
ST_28 : Operation 915 [1/1] (1.14ns) (out node of the LUT)   --->   "%add_ln368 = add i64 %UV_464, i64 %zext_ln357_6" [src/generic/fp_generic.cpp:368]   --->   Operation 915 'add' 'add_ln368' <Predicate = true> <Delay = 1.14> <CoreInst = "Adder">   --->   Core 1 'Adder' <Latency = 0> <II = 1> <Delay = 1.14> <FuncUnit> <Opcode : 'add' 'sub'> <InPorts = 2> <OutPorts = 1>
ST_28 : Operation 916 [1/1] (0.43ns) (out node of the LUT)   --->   "%add_ln368_27 = add i2 %zext_ln361_31, i2 %zext_ln354_120" [src/generic/fp_generic.cpp:368]   --->   Operation 916 'add' 'add_ln368_27' <Predicate = true> <Delay = 0.43> <CoreInst = "Adder">   --->   Core 1 'Adder' <Latency = 0> <II = 1> <Delay = 0.43> <FuncUnit> <Opcode : 'add' 'sub'> <InPorts = 2> <OutPorts = 1>
ST_28 : Operation 917 [1/1] ( I:0.71ns O:0.71ns )   --->   "%store_ln363 = store i64 %v_581, i4 %mc_addr_26" [src/generic/fp_generic.cpp:363]   --->   Operation 917 'store' 'store_ln363' <Predicate = true> <Delay = 0.71> <CoreInst = "RAM_1P">   --->   Core 87 'RAM_1P' <Latency = 1> <II = 1> <Delay = 0.71> <Storage> <Opcode : 'load' 'store'> <Ports = 1> <Width = 64> <Depth = 16> <RAM>

State 29 <SV = 28> <Delay = 2.42>
ST_29 : Operation 918 [1/1] (0.00ns)   --->   "%tmp_17 = bitconcatenate i4 @_ssdm_op_BitConcatenate.i4.i1.i3, i1 %mc_offset_read, i3 7" [src/generic/fp_generic.cpp:334]   --->   Operation 918 'bitconcatenate' 'tmp_17' <Predicate = true> <Delay = 0.00>
ST_29 : Operation 919 [1/1] (0.00ns)   --->   "%zext_ln334_29 = zext i4 %tmp_17" [src/generic/fp_generic.cpp:334]   --->   Operation 919 'zext' 'zext_ln334_29' <Predicate = true> <Delay = 0.00>
ST_29 : Operation 920 [1/1] (0.00ns)   --->   "%mc_addr_27 = getelementptr i64 %mc, i64 0, i64 %zext_ln334_29" [src/generic/fp_generic.cpp:334]   --->   Operation 920 'getelementptr' 'mc_addr_27' <Predicate = true> <Delay = 0.00>
ST_29 : Operation 921 [1/1] (0.00ns)   --->   "%specmemcore_ln0 = specmemcore void @_ssdm_op_SpecMemCore, i64 %ma_0, i64 666, i64 207, i64 18446744073709551615"   --->   Operation 921 'specmemcore' 'specmemcore_ln0' <Predicate = true> <Delay = 0.00>
ST_29 : Operation 922 [1/1] (0.00ns)   --->   "%specmemcore_ln0 = specmemcore void @_ssdm_op_SpecMemCore, i64 %ma_1, i64 666, i64 207, i64 18446744073709551615"   --->   Operation 922 'specmemcore' 'specmemcore_ln0' <Predicate = true> <Delay = 0.00>
ST_29 : Operation 923 [1/1] (0.00ns)   --->   "%specmemcore_ln0 = specmemcore void @_ssdm_op_SpecMemCore, i64 %mc, i64 666, i64 207, i64 18446744073709551615"   --->   Operation 923 'specmemcore' 'specmemcore_ln0' <Predicate = true> <Delay = 0.00>
ST_29 : Operation 924 [1/2] ( I:0.71ns O:0.71ns )   --->   "%ma_1_load_28 = load i3 %ma_1_addr_28" [src/generic/fp_generic.cpp:368]   --->   Operation 924 'load' 'ma_1_load_28' <Predicate = true> <Delay = 0.71> <CoreInst = "RAM_1P">   --->   Core 87 'RAM_1P' <Latency = 1> <II = 1> <Delay = 0.71> <Storage> <Opcode : 'load' 'store'> <Ports = 1> <Width = 64> <Depth = 8> <RAM>
ST_29 : Operation 925 [1/1] (0.00ns) (grouped into LUT with out node add_ln368_28)   --->   "%carry_1013 = or i1 %tmp_859, i1 %tmp_858" [src/generic/fp_generic.cpp:355]   --->   Operation 925 'or' 'carry_1013' <Predicate = true> <Delay = 0.00> <CoreInst = "LogicGate">   --->   Core 74 'LogicGate' <Latency = 0> <II = 1> <Delay = 0.12> <FuncUnit> <Opcode : 'and' 'or' 'xor'> <InPorts = 2> <OutPorts = 1>
ST_29 : Operation 926 [1/1] (0.00ns) (grouped into LUT with out node add_ln368_28)   --->   "%zext_ln360_6 = zext i1 %carry_1013" [src/generic/fp_generic.cpp:360]   --->   Operation 926 'zext' 'zext_ln360_6' <Predicate = true> <Delay = 0.00>
ST_29 : Operation 927 [1/1] (0.00ns) (grouped into LUT with out node add_ln368_28)   --->   "%carry_1014 = or i1 %tmp_861, i1 %tmp_860" [src/generic/fp_generic.cpp:360]   --->   Operation 927 'or' 'carry_1014' <Predicate = true> <Delay = 0.00> <CoreInst = "LogicGate">   --->   Core 74 'LogicGate' <Latency = 0> <II = 1> <Delay = 0.12> <FuncUnit> <Opcode : 'and' 'or' 'xor'> <InPorts = 2> <OutPorts = 1>
ST_29 : Operation 928 [1/1] (0.00ns) (grouped into LUT with out node add_ln368_28)   --->   "%zext_ln368 = zext i1 %carry_1014" [src/generic/fp_generic.cpp:368]   --->   Operation 928 'zext' 'zext_ln368' <Predicate = true> <Delay = 0.00>
ST_29 : Operation 929 [1/1] (0.00ns) (grouped into TernaryAdder)   --->   "%add_ln368_26 = add i64 %add_ln368, i64 %ma_1_load_28" [src/generic/fp_generic.cpp:368]   --->   Operation 929 'add' 'add_ln368_26' <Predicate = true> <Delay = 0.00> <CoreInst = "TAddSub">   --->   Core 10 'TAddSub' <Latency = 0> <II = 1> <Delay = 0.42> <IPBlock> <Opcode : '' 'add' 'sub'> <InPorts = 3> <OutPorts = 1> <Sync> <CReg>
ST_29 : Operation 930 [1/1] (0.00ns)   --->   "%zext_ln368_16 = zext i2 %add_ln368_27" [src/generic/fp_generic.cpp:368]   --->   Operation 930 'zext' 'zext_ln368_16' <Predicate = true> <Delay = 0.00>
ST_29 : Operation 931 [1/1] (0.43ns) (out node of the LUT)   --->   "%add_ln368_28 = add i2 %zext_ln360_6, i2 %zext_ln368" [src/generic/fp_generic.cpp:368]   --->   Operation 931 'add' 'add_ln368_28' <Predicate = true> <Delay = 0.43> <CoreInst = "Adder">   --->   Core 1 'Adder' <Latency = 0> <II = 1> <Delay = 0.43> <FuncUnit> <Opcode : 'add' 'sub'> <InPorts = 2> <OutPorts = 1>
ST_29 : Operation 932 [1/1] (0.00ns)   --->   "%zext_ln368_17 = zext i2 %add_ln368_28" [src/generic/fp_generic.cpp:368]   --->   Operation 932 'zext' 'zext_ln368_17' <Predicate = true> <Delay = 0.00>
ST_29 : Operation 933 [1/1] (0.43ns)   --->   "%add_ln368_29 = add i3 %zext_ln368_17, i3 %zext_ln368_16" [src/generic/fp_generic.cpp:368]   --->   Operation 933 'add' 'add_ln368_29' <Predicate = true> <Delay = 0.43> <CoreInst = "Adder">   --->   Core 1 'Adder' <Latency = 0> <II = 1> <Delay = 0.43> <FuncUnit> <Opcode : 'add' 'sub'> <InPorts = 2> <OutPorts = 1>
ST_29 : Operation 934 [1/1] (0.00ns)   --->   "%zext_ln368_18 = zext i3 %add_ln368_29" [src/generic/fp_generic.cpp:368]   --->   Operation 934 'zext' 'zext_ln368_18' <Predicate = true> <Delay = 0.00>
ST_29 : Operation 935 [1/1] (0.84ns) (root node of TernaryAdder)   --->   "%v_582 = add i64 %zext_ln368_18, i64 %add_ln368_26" [src/generic/fp_generic.cpp:368]   --->   Operation 935 'add' 'v_582' <Predicate = true> <Delay = 0.84> <CoreInst = "TAddSub">   --->   Core 10 'TAddSub' <Latency = 0> <II = 1> <Delay = 0.42> <IPBlock> <Opcode : '' 'add' 'sub'> <InPorts = 3> <OutPorts = 1> <Sync> <CReg>
ST_29 : Operation 936 [1/1] ( I:0.71ns O:0.71ns )   --->   "%store_ln369 = store i64 %v_582, i4 %mc_addr_27" [src/generic/fp_generic.cpp:369]   --->   Operation 936 'store' 'store_ln369' <Predicate = true> <Delay = 0.71> <CoreInst = "RAM_1P">   --->   Core 87 'RAM_1P' <Latency = 1> <II = 1> <Delay = 0.71> <Storage> <Opcode : 'load' 'store'> <Ports = 1> <Width = 64> <Depth = 16> <RAM>
ST_29 : Operation 937 [1/1] (0.00ns)   --->   "%ret_ln370 = ret" [src/generic/fp_generic.cpp:370]   --->   Operation 937 'ret' 'ret_ln370' <Predicate = true> <Delay = 0.00>


============================================================
+ Verbose Summary: Timing violations
============================================================
Target clock period: 10.000ns, clock uncertainty: 2.700ns.

 <State 1>: 0.714ns
The critical path consists of the following:
	'getelementptr' operation 3 bit ('ma_0_addr') [34]  (0.000 ns)
	'load' operation 64 bit ('v', src/generic/fp_generic.cpp:331) on array 'ma_0' [35]  (0.714 ns)

 <State 2>: 0.714ns
The critical path consists of the following:
	'load' operation 64 bit ('v', src/generic/fp_generic.cpp:331) on array 'ma_0' [35]  (0.714 ns)

 <State 3>: 6.710ns
The critical path consists of the following:
	'call' operation 128 bit ('call_ret123', src/generic/fp_generic.cpp:325) to 'digit_x_digit' [40]  (6.710 ns)

 <State 4>: 6.724ns
The critical path consists of the following:
	'call' operation 128 bit ('call_ret123', src/generic/fp_generic.cpp:325) to 'digit_x_digit' [40]  (1.436 ns)
	'add' operation 64 bit ('v', src/generic/fp_generic.cpp:326) [43]  (1.147 ns)
	'call' operation 1 bit ('tmp_647', src/generic/fp_generic.cpp:326) to 'is_digit_lessthan_ct' [45]  (1.436 ns)
	'or' operation 1 bit ('carry', src/generic/fp_generic.cpp:326) [46]  (0.122 ns)
	'add' operation 64 bit ('tempReg', src/generic/fp_generic.cpp:327) [48]  (1.147 ns)
	'call' operation 1 bit ('tmp_648', src/generic/fp_generic.cpp:327) to 'is_digit_lessthan_ct' [50]  (1.436 ns)

 <State 5>: 6.702ns
The critical path consists of the following:
	'add' operation 64 bit ('tempReg', src/generic/fp_generic.cpp:332) [61]  (1.147 ns)
	'add' operation 64 bit ('v', src/generic/fp_generic.cpp:331) [68]  (1.147 ns)
	'call' operation 1 bit ('tmp_655', src/generic/fp_generic.cpp:331) to 'is_digit_lessthan_ct' [70]  (1.436 ns)
	'or' operation 1 bit ('carry', src/generic/fp_generic.cpp:331) [71]  (0.122 ns)
	'add' operation 2 bit ('add_ln332', src/generic/fp_generic.cpp:332) [74]  (0.000 ns)
	'add' operation 2 bit ('tempReg', src/generic/fp_generic.cpp:332) [75]  (0.145 ns)
	'add' operation 64 bit ('v', src/generic/fp_generic.cpp:326) [84]  (1.147 ns)
	'call' operation 1 bit ('tmp_659', src/generic/fp_generic.cpp:326) to 'is_digit_lessthan_ct' [86]  (1.436 ns)
	'or' operation 1 bit ('carry', src/generic/fp_generic.cpp:326) [87]  (0.122 ns)

 <State 6>: 7.271ns
The critical path consists of the following:
	'load' operation 64 bit ('ma_1_load_22', src/generic/fp_generic.cpp:331) on array 'ma_1' [96]  (0.714 ns)
	'add' operation 64 bit ('v', src/generic/fp_generic.cpp:331) [97]  (1.147 ns)
	'call' operation 1 bit ('tmp_663', src/generic/fp_generic.cpp:331) to 'is_digit_lessthan_ct' [99]  (1.436 ns)
	'or' operation 1 bit ('carry', src/generic/fp_generic.cpp:331) [100]  (0.122 ns)
	'add' operation 64 bit ('tempReg', src/generic/fp_generic.cpp:332) [102]  (1.147 ns)
	'add' operation 64 bit ('v', src/generic/fp_generic.cpp:326) [110]  (1.147 ns)
	'call' operation 1 bit ('tmp_667', src/generic/fp_generic.cpp:326) to 'is_digit_lessthan_ct' [112]  (1.436 ns)
	'or' operation 1 bit ('carry', src/generic/fp_generic.cpp:326) [113]  (0.122 ns)

 <State 7>: 6.724ns
The critical path consists of the following:
	'call' operation 128 bit ('call_ret132', src/generic/fp_generic.cpp:325) to 'digit_x_digit' [123]  (1.436 ns)
	'add' operation 64 bit ('v', src/generic/fp_generic.cpp:326) [126]  (1.147 ns)
	'call' operation 1 bit ('tmp_671', src/generic/fp_generic.cpp:326) to 'is_digit_lessthan_ct' [128]  (1.436 ns)
	'or' operation 1 bit ('carry', src/generic/fp_generic.cpp:326) [129]  (0.122 ns)
	'add' operation 64 bit ('tempReg', src/generic/fp_generic.cpp:327) [131]  (1.147 ns)
	'call' operation 1 bit ('tmp_672', src/generic/fp_generic.cpp:327) to 'is_digit_lessthan_ct' [133]  (1.436 ns)

 <State 8>: 7.293ns
The critical path consists of the following:
	'add' operation 64 bit ('tempReg', src/generic/fp_generic.cpp:332) [144]  (1.147 ns)
	'add' operation 64 bit ('v', src/generic/fp_generic.cpp:326) [152]  (1.147 ns)
	'add' operation 64 bit ('v', src/generic/fp_generic.cpp:326) [169]  (1.147 ns)
	'call' operation 1 bit ('tmp_683', src/generic/fp_generic.cpp:326) to 'is_digit_lessthan_ct' [171]  (1.436 ns)
	'or' operation 1 bit ('carry', src/generic/fp_generic.cpp:326) [172]  (0.122 ns)
	'add' operation 64 bit ('tempReg', src/generic/fp_generic.cpp:327) [174]  (1.147 ns)
	'add' operation 64 bit ('u', src/generic/fp_generic.cpp:327) [175]  (1.147 ns)

 <State 9>: 7.293ns
The critical path consists of the following:
	'add' operation 64 bit ('u', src/generic/fp_generic.cpp:327) [189]  (1.147 ns)
	'add' operation 64 bit ('tempReg', src/generic/fp_generic.cpp:332) [201]  (1.147 ns)
	'add' operation 64 bit ('v', src/generic/fp_generic.cpp:326) [209]  (1.147 ns)
	'add' operation 64 bit ('v', src/generic/fp_generic.cpp:326) [227]  (1.147 ns)
	'call' operation 1 bit ('tmp_699', src/generic/fp_generic.cpp:326) to 'is_digit_lessthan_ct' [229]  (1.436 ns)
	'or' operation 1 bit ('carry', src/generic/fp_generic.cpp:326) [230]  (0.122 ns)
	'add' operation 64 bit ('tempReg', src/generic/fp_generic.cpp:327) [232]  (1.147 ns)

 <State 10>: 6.724ns
The critical path consists of the following:
	'call' operation 128 bit ('call_ret150', src/generic/fp_generic.cpp:325) to 'digit_x_digit' [238]  (1.436 ns)
	'add' operation 64 bit ('v', src/generic/fp_generic.cpp:326) [241]  (1.147 ns)
	'call' operation 1 bit ('tmp_703', src/generic/fp_generic.cpp:326) to 'is_digit_lessthan_ct' [243]  (1.436 ns)
	'or' operation 1 bit ('carry', src/generic/fp_generic.cpp:326) [244]  (0.122 ns)
	'add' operation 64 bit ('tempReg', src/generic/fp_generic.cpp:327) [246]  (1.147 ns)
	'call' operation 1 bit ('tmp_704', src/generic/fp_generic.cpp:327) to 'is_digit_lessthan_ct' [248]  (1.436 ns)

 <State 11>: 7.293ns
The critical path consists of the following:
	'add' operation 64 bit ('u', src/generic/fp_generic.cpp:327) [261]  (1.147 ns)
	'add' operation 64 bit ('tempReg', src/generic/fp_generic.cpp:332) [273]  (1.147 ns)
	'add' operation 64 bit ('v', src/generic/fp_generic.cpp:326) [281]  (1.147 ns)
	'add' operation 64 bit ('v', src/generic/fp_generic.cpp:326) [301]  (1.147 ns)
	'call' operation 1 bit ('tmp_719', src/generic/fp_generic.cpp:326) to 'is_digit_lessthan_ct' [303]  (1.436 ns)
	'or' operation 1 bit ('carry', src/generic/fp_generic.cpp:326) [304]  (0.122 ns)
	'add' operation 64 bit ('tempReg', src/generic/fp_generic.cpp:327) [306]  (1.147 ns)

 <State 12>: 6.724ns
The critical path consists of the following:
	'call' operation 128 bit ('call_ret162', src/generic/fp_generic.cpp:325) to 'digit_x_digit' [312]  (1.436 ns)
	'add' operation 64 bit ('v', src/generic/fp_generic.cpp:326) [315]  (1.147 ns)
	'call' operation 1 bit ('tmp_723', src/generic/fp_generic.cpp:326) to 'is_digit_lessthan_ct' [317]  (1.436 ns)
	'or' operation 1 bit ('carry', src/generic/fp_generic.cpp:326) [318]  (0.122 ns)
	'add' operation 64 bit ('tempReg', src/generic/fp_generic.cpp:327) [320]  (1.147 ns)
	'call' operation 1 bit ('tmp_724', src/generic/fp_generic.cpp:327) to 'is_digit_lessthan_ct' [322]  (1.436 ns)

 <State 13>: 6.724ns
The critical path consists of the following:
	'call' operation 128 bit ('call_ret168', src/generic/fp_generic.cpp:325) to 'digit_x_digit' [340]  (1.436 ns)
	'add' operation 64 bit ('v', src/generic/fp_generic.cpp:326) [343]  (1.147 ns)
	'call' operation 1 bit ('tmp_731', src/generic/fp_generic.cpp:326) to 'is_digit_lessthan_ct' [345]  (1.436 ns)
	'or' operation 1 bit ('carry', src/generic/fp_generic.cpp:326) [346]  (0.122 ns)
	'add' operation 64 bit ('tempReg', src/generic/fp_generic.cpp:327) [348]  (1.147 ns)
	'call' operation 1 bit ('tmp_732', src/generic/fp_generic.cpp:327) to 'is_digit_lessthan_ct' [350]  (1.436 ns)

 <State 14>: 6.724ns
The critical path consists of the following:
	'call' operation 128 bit ('call_ret171', src/generic/fp_generic.cpp:354) to 'digit_x_digit' [366]  (1.436 ns)
	'add' operation 64 bit ('v', src/generic/fp_generic.cpp:355) [369]  (1.147 ns)
	'call' operation 1 bit ('tmp_739', src/generic/fp_generic.cpp:355) to 'is_digit_lessthan_ct' [371]  (1.436 ns)
	'or' operation 1 bit ('carry', src/generic/fp_generic.cpp:355) [372]  (0.122 ns)
	'add' operation 64 bit ('tempReg', src/generic/fp_generic.cpp:356) [374]  (1.147 ns)
	'call' operation 1 bit ('tmp_740', src/generic/fp_generic.cpp:356) to 'is_digit_lessthan_ct' [385]  (1.436 ns)

 <State 15>: 6.724ns
The critical path consists of the following:
	'call' operation 128 bit ('call_ret177', src/generic/fp_generic.cpp:354) to 'digit_x_digit' [403]  (1.436 ns)
	'add' operation 64 bit ('v', src/generic/fp_generic.cpp:355) [406]  (1.147 ns)
	'call' operation 1 bit ('tmp_747', src/generic/fp_generic.cpp:355) to 'is_digit_lessthan_ct' [408]  (1.436 ns)
	'or' operation 1 bit ('carry', src/generic/fp_generic.cpp:355) [409]  (0.122 ns)
	'add' operation 64 bit ('tempReg', src/generic/fp_generic.cpp:356) [411]  (1.147 ns)
	'call' operation 1 bit ('tmp_748', src/generic/fp_generic.cpp:356) to 'is_digit_lessthan_ct' [413]  (1.436 ns)

 <State 16>: 6.724ns
The critical path consists of the following:
	'call' operation 128 bit ('call_ret183', src/generic/fp_generic.cpp:354) to 'digit_x_digit' [431]  (1.436 ns)
	'add' operation 64 bit ('v', src/generic/fp_generic.cpp:355) [434]  (1.147 ns)
	'call' operation 1 bit ('tmp_755', src/generic/fp_generic.cpp:355) to 'is_digit_lessthan_ct' [436]  (1.436 ns)
	'or' operation 1 bit ('carry', src/generic/fp_generic.cpp:355) [437]  (0.122 ns)
	'add' operation 64 bit ('tempReg', src/generic/fp_generic.cpp:356) [439]  (1.147 ns)
	'call' operation 1 bit ('tmp_756', src/generic/fp_generic.cpp:356) to 'is_digit_lessthan_ct' [441]  (1.436 ns)

 <State 17>: 6.724ns
The critical path consists of the following:
	'call' operation 128 bit ('call_ret186', src/generic/fp_generic.cpp:354) to 'digit_x_digit' [457]  (1.436 ns)
	'add' operation 64 bit ('v_556', src/generic/fp_generic.cpp:355) [475]  (1.147 ns)
	'call' operation 1 bit ('tmp_763', src/generic/fp_generic.cpp:355) to 'is_digit_lessthan_ct' [477]  (1.436 ns)
	'or' operation 1 bit ('carry_965', src/generic/fp_generic.cpp:355) [478]  (0.122 ns)
	'add' operation 64 bit ('tempReg_863', src/generic/fp_generic.cpp:356) [480]  (1.147 ns)
	'call' operation 1 bit ('tmp_764', src/generic/fp_generic.cpp:356) to 'is_digit_lessthan_ct' [491]  (1.436 ns)

 <State 18>: 6.724ns
The critical path consists of the following:
	'call' operation 128 bit ('call_ret189', src/generic/fp_generic.cpp:354) to 'digit_x_digit' [509]  (1.436 ns)
	'add' operation 64 bit ('v_558', src/generic/fp_generic.cpp:355) [512]  (1.147 ns)
	'call' operation 1 bit ('tmp_771', src/generic/fp_generic.cpp:355) to 'is_digit_lessthan_ct' [514]  (1.436 ns)
	'or' operation 1 bit ('carry_969', src/generic/fp_generic.cpp:355) [515]  (0.122 ns)
	'add' operation 64 bit ('tempReg_867', src/generic/fp_generic.cpp:356) [517]  (1.147 ns)
	'call' operation 1 bit ('tmp_772', src/generic/fp_generic.cpp:356) to 'is_digit_lessthan_ct' [519]  (1.436 ns)

 <State 19>: 6.724ns
The critical path consists of the following:
	'call' operation 128 bit ('call_ret191', src/generic/fp_generic.cpp:354) to 'digit_x_digit' [537]  (1.436 ns)
	'add' operation 64 bit ('v_560', src/generic/fp_generic.cpp:355) [540]  (1.147 ns)
	'call' operation 1 bit ('tmp_779', src/generic/fp_generic.cpp:355) to 'is_digit_lessthan_ct' [542]  (1.436 ns)
	'or' operation 1 bit ('carry_973', src/generic/fp_generic.cpp:355) [543]  (0.122 ns)
	'add' operation 64 bit ('tempReg_871', src/generic/fp_generic.cpp:356) [550]  (1.147 ns)
	'call' operation 1 bit ('tmp_782', src/generic/fp_generic.cpp:356) to 'is_digit_lessthan_ct' [552]  (1.436 ns)

 <State 20>: 6.724ns
The critical path consists of the following:
	'call' operation 128 bit ('call_ret192', src/generic/fp_generic.cpp:354) to 'digit_x_digit' [561]  (1.436 ns)
	'add' operation 64 bit ('v_562', src/generic/fp_generic.cpp:355) [565]  (1.147 ns)
	'call' operation 1 bit ('tmp_787', src/generic/fp_generic.cpp:355) to 'is_digit_lessthan_ct' [567]  (1.436 ns)
	'or' operation 1 bit ('carry_977', src/generic/fp_generic.cpp:355) [568]  (0.122 ns)
	'add' operation 64 bit ('tempReg_874', src/generic/fp_generic.cpp:356) [570]  (1.147 ns)
	'call' operation 1 bit ('tmp_788', src/generic/fp_generic.cpp:356) to 'is_digit_lessthan_ct' [581]  (1.436 ns)

 <State 21>: 6.724ns
The critical path consists of the following:
	'call' operation 128 bit ('call_ret194', src/generic/fp_generic.cpp:354) to 'digit_x_digit' [599]  (1.436 ns)
	'add' operation 64 bit ('v_564', src/generic/fp_generic.cpp:355) [602]  (1.147 ns)
	'call' operation 1 bit ('tmp_795', src/generic/fp_generic.cpp:355) to 'is_digit_lessthan_ct' [604]  (1.436 ns)
	'or' operation 1 bit ('carry_981', src/generic/fp_generic.cpp:355) [605]  (0.122 ns)
	'add' operation 64 bit ('tempReg_878', src/generic/fp_generic.cpp:356) [607]  (1.147 ns)
	'call' operation 1 bit ('tmp_796', src/generic/fp_generic.cpp:356) to 'is_digit_lessthan_ct' [609]  (1.436 ns)

 <State 22>: 6.724ns
The critical path consists of the following:
	'call' operation 128 bit ('call_ret196', src/generic/fp_generic.cpp:354) to 'digit_x_digit' [627]  (1.436 ns)
	'add' operation 64 bit ('v_566', src/generic/fp_generic.cpp:355) [630]  (1.147 ns)
	'call' operation 1 bit ('tmp_803', src/generic/fp_generic.cpp:355) to 'is_digit_lessthan_ct' [632]  (1.436 ns)
	'or' operation 1 bit ('carry_985', src/generic/fp_generic.cpp:355) [633]  (0.122 ns)
	'add' operation 64 bit ('tempReg_882', src/generic/fp_generic.cpp:356) [640]  (1.147 ns)
	'call' operation 1 bit ('tmp_806', src/generic/fp_generic.cpp:356) to 'is_digit_lessthan_ct' [642]  (1.436 ns)

 <State 23>: 6.724ns
The critical path consists of the following:
	'call' operation 128 bit ('call_ret197', src/generic/fp_generic.cpp:354) to 'digit_x_digit' [651]  (1.436 ns)
	'add' operation 64 bit ('v_568', src/generic/fp_generic.cpp:355) [655]  (1.147 ns)
	'call' operation 1 bit ('tmp_811', src/generic/fp_generic.cpp:355) to 'is_digit_lessthan_ct' [657]  (1.436 ns)
	'or' operation 1 bit ('carry_989', src/generic/fp_generic.cpp:355) [658]  (0.122 ns)
	'add' operation 64 bit ('tempReg_885', src/generic/fp_generic.cpp:356) [660]  (1.147 ns)
	'call' operation 1 bit ('tmp_812', src/generic/fp_generic.cpp:356) to 'is_digit_lessthan_ct' [671]  (1.436 ns)

 <State 24>: 6.724ns
The critical path consists of the following:
	'call' operation 128 bit ('call_ret199', src/generic/fp_generic.cpp:354) to 'digit_x_digit' [689]  (1.436 ns)
	'add' operation 64 bit ('v_570', src/generic/fp_generic.cpp:355) [692]  (1.147 ns)
	'call' operation 1 bit ('tmp_819', src/generic/fp_generic.cpp:355) to 'is_digit_lessthan_ct' [694]  (1.436 ns)
	'or' operation 1 bit ('carry_993', src/generic/fp_generic.cpp:355) [695]  (0.122 ns)
	'add' operation 64 bit ('tempReg_889', src/generic/fp_generic.cpp:356) [697]  (1.147 ns)
	'call' operation 1 bit ('tmp_820', src/generic/fp_generic.cpp:356) to 'is_digit_lessthan_ct' [699]  (1.436 ns)

 <State 25>: 7.293ns
The critical path consists of the following:
	'add' operation 64 bit ('u_433', src/generic/fp_generic.cpp:356) [717]  (1.147 ns)
	'add' operation 64 bit ('tempReg_892', src/generic/fp_generic.cpp:361) [722]  (1.147 ns)
	'add' operation 64 bit ('v_573', src/generic/fp_generic.cpp:355) [731]  (1.147 ns)
	'add' operation 64 bit ('v_574', src/generic/fp_generic.cpp:355) [751]  (1.147 ns)
	'call' operation 1 bit ('tmp_835', src/generic/fp_generic.cpp:355) to 'is_digit_lessthan_ct' [753]  (1.436 ns)
	'or' operation 1 bit ('carry_1001', src/generic/fp_generic.cpp:355) [754]  (0.122 ns)
	'add' operation 64 bit ('tempReg_896', src/generic/fp_generic.cpp:356) [756]  (1.147 ns)

 <State 26>: 6.724ns
The critical path consists of the following:
	'call' operation 128 bit ('call_ret203', src/generic/fp_generic.cpp:354) to 'digit_x_digit' [762]  (1.436 ns)
	'add' operation 64 bit ('v_575', src/generic/fp_generic.cpp:355) [765]  (1.147 ns)
	'call' operation 1 bit ('tmp_839', src/generic/fp_generic.cpp:355) to 'is_digit_lessthan_ct' [767]  (1.436 ns)
	'or' operation 1 bit ('carry_1003', src/generic/fp_generic.cpp:355) [768]  (0.122 ns)
	'add' operation 64 bit ('tempReg_898', src/generic/fp_generic.cpp:356) [775]  (1.147 ns)
	'call' operation 1 bit ('tmp_842', src/generic/fp_generic.cpp:356) to 'is_digit_lessthan_ct' [777]  (1.436 ns)

 <State 27>: 6.724ns
The critical path consists of the following:
	'call' operation 128 bit ('call_ret204', src/generic/fp_generic.cpp:354) to 'digit_x_digit' [786]  (1.436 ns)
	'add' operation 64 bit ('v_577', src/generic/fp_generic.cpp:355) [790]  (1.147 ns)
	'call' operation 1 bit ('tmp_847', src/generic/fp_generic.cpp:355) to 'is_digit_lessthan_ct' [792]  (1.436 ns)
	'or' operation 1 bit ('carry_1007', src/generic/fp_generic.cpp:355) [793]  (0.122 ns)
	'add' operation 64 bit ('tempReg_901', src/generic/fp_generic.cpp:356) [795]  (1.147 ns)
	'call' operation 1 bit ('tmp_848', src/generic/fp_generic.cpp:356) to 'is_digit_lessthan_ct' [801]  (1.436 ns)

 <State 28>: 6.867ns
The critical path consists of the following:
	'add' operation 64 bit ('add_ln356_433', src/generic/fp_generic.cpp:356) [796]  (0.000 ns)
	'add' operation 64 bit ('u_437', src/generic/fp_generic.cpp:356) [800]  (0.843 ns)
	'add' operation 64 bit ('u_438', src/generic/fp_generic.cpp:356) [819]  (1.147 ns)
	'add' operation 64 bit ('tempReg_904', src/generic/fp_generic.cpp:361) [824]  (1.147 ns)
	'add' operation 64 bit ('v_580', src/generic/fp_generic.cpp:355) [832]  (1.147 ns)
	'add' operation 64 bit ('v_581', src/generic/fp_generic.cpp:360) [837]  (1.147 ns)
	'call' operation 1 bit ('tmp_861', src/generic/fp_generic.cpp:360) to 'is_digit_lessthan_ct' [839]  (1.436 ns)

 <State 29>: 2.429ns
The critical path consists of the following:
	'or' operation 1 bit ('carry_1013', src/generic/fp_generic.cpp:355) [835]  (0.000 ns)
	'add' operation 2 bit ('add_ln368_28', src/generic/fp_generic.cpp:368) [846]  (0.436 ns)
	'add' operation 3 bit ('add_ln368_29', src/generic/fp_generic.cpp:368) [848]  (0.436 ns)
	'add' operation 64 bit ('v_582', src/generic/fp_generic.cpp:368) [850]  (0.843 ns)
	'store' operation 0 bit ('store_ln369', src/generic/fp_generic.cpp:369) of variable 'v_582', src/generic/fp_generic.cpp:368 on array 'mc' [853]  (0.714 ns)


============================================================
+ Verbose Summary: Binding
============================================================
N/A
* FSMD analyzer results:
  - Output states:
 - Input state : 
  - Chain level:
	State 1
	State 2
	State 3
	State 4
	State 5
	State 6
	State 7
	State 8
	State 9
	State 10
	State 11
	State 12
	State 13
	State 14
	State 15
	State 16
	State 17
	State 18
	State 19
	State 20
	State 21
	State 22
	State 23
	State 24
	State 25
	State 26
	State 27
	State 28
	State 29


============================================================
+ Verbose Summary: Datapath Resource usage 
============================================================
N/A
