

================================================================
== Vitis HLS Report for 'rdc_mont_14'
================================================================
* Date:           Thu Sep 10 17:47:09 2026

* Version:        2024.2.2 (Build 6049644 on Mar  5 2025)
* Project:        sikep503_hls_fixed
* Solution:       solution1 (Vivado IP Flow Target)
* Product family: virtexuplus58g
* Target device:  xcvu29p-fsga2577-2L-e


================================================================
== Performance Estimates
================================================================
+ Timing: 
    * Summary: 
    +--------+----------+----------+------------+
    |  Clock |  Target  | Estimated| Uncertainty|
    +--------+----------+----------+------------+
    |ap_clk  |  10.00 ns|  7.293 ns|     2.70 ns|
    +--------+----------+----------+------------+

+ Latency: 
    * Summary: 
    +---------+---------+----------+----------+-----+-----+---------+
    |  Latency (cycles) |  Latency (absolute) |  Interval | Pipeline|
    |   min   |   max   |    min   |    max   | min | max |   Type  |
    +---------+---------+----------+----------+-----+-----+---------+
    |      350|      350|  3.500 us|  3.500 us|  350|  350|       no|
    +---------+---------+----------+----------+-----+-----+---------+

    + Detail: 
        * Instance: 
        N/A

        * Loop: 
        N/A

============================================================
+ Verbose Summary: Synthesis Manager
============================================================
InlineROM: 1
ExposeGlobal: 0
============================================================
+ Verbose Summary: CDFG Model
============================================================
IsTopModel: 0
ResetActiveHigh: 1
IsCombinational: 0
IsDatapathOnly: 0
HasWiredReturn: 1
HasMFsm: 0
HasVarLatency: 1
IsPipeline: 0
IsRtlPipelined: 0
IsInstanceOverlapped: 0
IsDontTouch: 0
HasImplIP: 0
IsGatedGlobalClock: 0


============================================================
+ Verbose Summary: Schedule
============================================================
* Number of FSM states : 29
* Pipeline : 0
* Dataflow Pipeline: 0

* FSM state transitions: 
1 --> 2 
2 --> 3 
3 --> 4 
4 --> 5 
5 --> 6 
6 --> 7 
7 --> 8 
8 --> 9 
9 --> 10 
10 --> 11 
11 --> 12 
12 --> 13 
13 --> 14 
14 --> 15 
15 --> 16 
16 --> 17 
17 --> 18 
18 --> 19 
19 --> 20 
20 --> 21 
21 --> 22 
22 --> 23 
23 --> 24 
24 --> 25 
25 --> 26 
26 --> 27 
27 --> 28 
28 --> 29 
29 --> 

* FSM state operations: 

State 1 <SV = 0> <Delay = 0.71>
ST_1 : Operation 30 [1/1] (0.00ns)   --->   "%ma_0_addr = getelementptr i64 %ma_0, i64 0, i64 0"   --->   Operation 30 'getelementptr' 'ma_0_addr' <Predicate = true> <Delay = 0.00>
ST_1 : Operation 31 [2/2] (0.71ns)   --->   "%v = load i3 %ma_0_addr" [src/generic/fp_generic.cpp:331]   --->   Operation 31 'load' 'v' <Predicate = true> <Delay = 0.71> <CoreInst = "RAM_1P">   --->   Core 87 'RAM_1P' <Latency = 1> <II = 1> <Delay = 0.71> <Storage> <Opcode : 'load' 'store'> <Ports = 1> <Width = 64> <Depth = 8> <RAM>

State 2 <SV = 1> <Delay = 0.71>
ST_2 : Operation 32 [1/2] ( I:0.71ns O:0.71ns )   --->   "%v = load i3 %ma_0_addr" [src/generic/fp_generic.cpp:331]   --->   Operation 32 'load' 'v' <Predicate = true> <Delay = 0.71> <CoreInst = "RAM_1P">   --->   Core 87 'RAM_1P' <Latency = 1> <II = 1> <Delay = 0.71> <Storage> <Opcode : 'load' 'store'> <Ports = 1> <Width = 64> <Depth = 8> <RAM>

State 3 <SV = 2> <Delay = 6.71>
ST_3 : Operation 33 [2/2] (0.00ns)   --->   "%call_ln0 = call void @rdc_mont.14_Pipeline_VITIS_LOOP_306_1, i64 %mc_1, i64 %mc_0"   --->   Operation 33 'call' 'call_ln0' <Predicate = true> <Delay = 0.00> <CoreType = "Generic">   --->   Generic Core
ST_3 : Operation 34 [1/1] (1.43ns)   --->   "%carry_1293 = call i1 @is_digit_lessthan_ct, i64 %v, i64 0" [src/generic/fp_generic.cpp:331]   --->   Operation 34 'call' 'carry_1293' <Predicate = true> <Delay = 1.43> <CoreType = "Generic">   --->   Generic Core
ST_3 : Operation 35 [2/2] (6.71ns)   --->   "%call_ret123 = call i128 @digit_x_digit, i64 %v, i64 0" [src/generic/fp_generic.cpp:325]   --->   Operation 35 'call' 'call_ret123' <Predicate = true> <Delay = 6.71> <CoreType = "Generic">   --->   Generic Core
ST_3 : Operation 36 [1/1] (0.00ns)   --->   "%ma_1_addr = getelementptr i64 %ma_1, i64 0, i64 0" [src/generic/fp_generic.cpp:331]   --->   Operation 36 'getelementptr' 'ma_1_addr' <Predicate = true> <Delay = 0.00>
ST_3 : Operation 37 [2/2] (0.71ns)   --->   "%ma_1_load = load i3 %ma_1_addr" [src/generic/fp_generic.cpp:331]   --->   Operation 37 'load' 'ma_1_load' <Predicate = true> <Delay = 0.71> <CoreInst = "RAM_1P">   --->   Core 87 'RAM_1P' <Latency = 1> <II = 1> <Delay = 0.71> <Storage> <Opcode : 'load' 'store'> <Ports = 1> <Width = 64> <Depth = 8> <RAM>
ST_3 : Operation 38 [2/2] (6.71ns)   --->   "%call_ret126 = call i128 @digit_x_digit, i64 %v, i64 12393906174523604992" [src/generic/fp_generic.cpp:325]   --->   Operation 38 'call' 'call_ret126' <Predicate = true> <Delay = 6.71> <CoreType = "Generic">   --->   Generic Core
ST_3 : Operation 39 [2/2] (6.71ns)   --->   "%call_ret129 = call i128 @digit_x_digit, i64 %v, i64 1371447078966912928" [src/generic/fp_generic.cpp:325]   --->   Operation 39 'call' 'call_ret129' <Predicate = true> <Delay = 6.71> <CoreType = "Generic">   --->   Generic Core
ST_3 : Operation 40 [2/2] (6.71ns)   --->   "%call_ret135 = call i128 @digit_x_digit, i64 %v, i64 1989455001339985327" [src/generic/fp_generic.cpp:325]   --->   Operation 40 'call' 'call_ret135' <Predicate = true> <Delay = 6.71> <CoreType = "Generic">   --->   Generic Core
ST_3 : Operation 41 [2/2] (6.71ns)   --->   "%call_ret144 = call i128 @digit_x_digit, i64 %v, i64 6937169319750509776" [src/generic/fp_generic.cpp:325]   --->   Operation 41 'call' 'call_ret144' <Predicate = true> <Delay = 6.71> <CoreType = "Generic">   --->   Generic Core
ST_3 : Operation 42 [2/2] (6.71ns)   --->   "%call_ret156 = call i128 @digit_x_digit, i64 %v, i64 18127602061483550" [src/generic/fp_generic.cpp:325]   --->   Operation 42 'call' 'call_ret156' <Predicate = true> <Delay = 6.71> <CoreType = "Generic">   --->   Generic Core

State 4 <SV = 3> <Delay = 6.72>
ST_4 : Operation 43 [1/2] (1.48ns)   --->   "%call_ln0 = call void @rdc_mont.14_Pipeline_VITIS_LOOP_306_1, i64 %mc_1, i64 %mc_0"   --->   Operation 43 'call' 'call_ln0' <Predicate = true> <Delay = 1.48> <CoreType = "Generic">   --->   Generic Core
ST_4 : Operation 44 [1/1] (0.00ns)   --->   "%zext_ln332_33 = zext i1 %carry_1293" [src/generic/fp_generic.cpp:332]   --->   Operation 44 'zext' 'zext_ln332_33' <Predicate = true> <Delay = 0.00>
ST_4 : Operation 45 [1/1] (1.43ns)   --->   "%carry_1294 = call i1 @is_digit_lessthan_ct, i64 %zext_ln332_33, i64 %zext_ln332_33" [src/generic/fp_generic.cpp:332]   --->   Operation 45 'call' 'carry_1294' <Predicate = true> <Delay = 1.43> <CoreType = "Generic">   --->   Generic Core
ST_4 : Operation 46 [1/1] (0.00ns)   --->   "%zext_ln333 = zext i1 %carry_1294" [src/generic/fp_generic.cpp:333]   --->   Operation 46 'zext' 'zext_ln333' <Predicate = true> <Delay = 0.00>
ST_4 : Operation 47 [1/2] (1.43ns)   --->   "%call_ret123 = call i128 @digit_x_digit, i64 %v, i64 0" [src/generic/fp_generic.cpp:325]   --->   Operation 47 'call' 'call_ret123' <Predicate = true> <Delay = 1.43> <CoreType = "Generic">   --->   Generic Core
ST_4 : Operation 48 [1/1] (0.00ns)   --->   "%UV_627 = extractvalue i128 %call_ret123" [src/generic/fp_generic.cpp:325]   --->   Operation 48 'extractvalue' 'UV_627' <Predicate = true> <Delay = 0.00>
ST_4 : Operation 49 [1/1] (0.00ns) (grouped into LUT with out node tempReg_1052)   --->   "%UV_568 = extractvalue i128 %call_ret123" [src/generic/fp_generic.cpp:325]   --->   Operation 49 'extractvalue' 'UV_568' <Predicate = true> <Delay = 0.00>
ST_4 : Operation 50 [1/1] (1.14ns)   --->   "%v_681 = add i64 %UV_627, i64 %zext_ln332_33" [src/generic/fp_generic.cpp:326]   --->   Operation 50 'add' 'v_681' <Predicate = true> <Delay = 1.14> <CoreInst = "Adder">   --->   Core 1 'Adder' <Latency = 0> <II = 1> <Delay = 1.14> <FuncUnit> <Opcode : 'add' 'sub'> <InPorts = 2> <OutPorts = 1>
ST_4 : Operation 51 [1/1] (1.43ns)   --->   "%tmp_433 = call i1 @is_digit_lessthan_ct, i64 %UV_627, i64 0" [src/generic/fp_generic.cpp:326]   --->   Operation 51 'call' 'tmp_433' <Predicate = true> <Delay = 1.43> <CoreType = "Generic">   --->   Generic Core
ST_4 : Operation 52 [1/1] (1.43ns)   --->   "%tmp_434 = call i1 @is_digit_lessthan_ct, i64 %v_681, i64 %UV_627" [src/generic/fp_generic.cpp:326]   --->   Operation 52 'call' 'tmp_434' <Predicate = true> <Delay = 1.43> <CoreType = "Generic">   --->   Generic Core
ST_4 : Operation 53 [1/1] (0.12ns)   --->   "%carry = or i1 %tmp_434, i1 %tmp_433" [src/generic/fp_generic.cpp:326]   --->   Operation 53 'or' 'carry' <Predicate = true> <Delay = 0.12> <CoreInst = "LogicGate">   --->   Core 74 'LogicGate' <Latency = 0> <II = 1> <Delay = 0.12> <FuncUnit> <Opcode : 'and' 'or' 'xor'> <InPorts = 2> <OutPorts = 1>
ST_4 : Operation 54 [1/1] (0.00ns)   --->   "%zext_ln327 = zext i1 %carry" [src/generic/fp_generic.cpp:327]   --->   Operation 54 'zext' 'zext_ln327' <Predicate = true> <Delay = 0.00>
ST_4 : Operation 55 [1/1] (1.14ns) (out node of the LUT)   --->   "%tempReg_1052 = add i64 %UV_568, i64 %zext_ln327" [src/generic/fp_generic.cpp:327]   --->   Operation 55 'add' 'tempReg_1052' <Predicate = true> <Delay = 1.14> <CoreInst = "Adder">   --->   Core 1 'Adder' <Latency = 0> <II = 1> <Delay = 1.14> <FuncUnit> <Opcode : 'add' 'sub'> <InPorts = 2> <OutPorts = 1>
ST_4 : Operation 56 [1/1] (1.14ns)   --->   "%u_514 = add i64 %tempReg_1052, i64 %zext_ln333" [src/generic/fp_generic.cpp:327]   --->   Operation 56 'add' 'u_514' <Predicate = true> <Delay = 1.14> <CoreInst = "Adder">   --->   Core 1 'Adder' <Latency = 0> <II = 1> <Delay = 1.14> <FuncUnit> <Opcode : 'add' 'sub'> <InPorts = 2> <OutPorts = 1>
ST_4 : Operation 57 [1/1] (1.43ns)   --->   "%tmp_435 = call i1 @is_digit_lessthan_ct, i64 %tempReg_1052, i64 %zext_ln327" [src/generic/fp_generic.cpp:327]   --->   Operation 57 'call' 'tmp_435' <Predicate = true> <Delay = 1.43> <CoreType = "Generic">   --->   Generic Core
ST_4 : Operation 58 [1/2] ( I:0.71ns O:0.71ns )   --->   "%ma_1_load = load i3 %ma_1_addr" [src/generic/fp_generic.cpp:331]   --->   Operation 58 'load' 'ma_1_load' <Predicate = true> <Delay = 0.71> <CoreInst = "RAM_1P">   --->   Core 87 'RAM_1P' <Latency = 1> <II = 1> <Delay = 0.71> <Storage> <Opcode : 'load' 'store'> <Ports = 1> <Width = 64> <Depth = 8> <RAM>
ST_4 : Operation 59 [1/1] (1.14ns)   --->   "%v_682 = add i64 %ma_1_load, i64 %v_681" [src/generic/fp_generic.cpp:331]   --->   Operation 59 'add' 'v_682' <Predicate = true> <Delay = 1.14> <CoreInst = "Adder">   --->   Core 1 'Adder' <Latency = 0> <II = 1> <Delay = 1.14> <FuncUnit> <Opcode : 'add' 'sub'> <InPorts = 2> <OutPorts = 1>
ST_4 : Operation 60 [1/1] (1.43ns)   --->   "%tmp_437 = call i1 @is_digit_lessthan_ct, i64 %v_681, i64 0" [src/generic/fp_generic.cpp:331]   --->   Operation 60 'call' 'tmp_437' <Predicate = true> <Delay = 1.43> <CoreType = "Generic">   --->   Generic Core
ST_4 : Operation 61 [1/1] (1.43ns)   --->   "%tmp_438 = call i1 @is_digit_lessthan_ct, i64 %v_682, i64 %v_681" [src/generic/fp_generic.cpp:331]   --->   Operation 61 'call' 'tmp_438' <Predicate = true> <Delay = 1.43> <CoreType = "Generic">   --->   Generic Core
ST_4 : Operation 62 [1/1] (0.12ns)   --->   "%carry_1187 = or i1 %tmp_438, i1 %tmp_437" [src/generic/fp_generic.cpp:331]   --->   Operation 62 'or' 'carry_1187' <Predicate = true> <Delay = 0.12> <CoreInst = "LogicGate">   --->   Core 74 'LogicGate' <Latency = 0> <II = 1> <Delay = 0.12> <FuncUnit> <Opcode : 'and' 'or' 'xor'> <InPorts = 2> <OutPorts = 1>
ST_4 : Operation 63 [1/1] (0.00ns)   --->   "%ma_0_addr_15 = getelementptr i64 %ma_0, i64 0, i64 1" [src/generic/fp_generic.cpp:331]   --->   Operation 63 'getelementptr' 'ma_0_addr_15' <Predicate = true> <Delay = 0.00>
ST_4 : Operation 64 [2/2] (0.71ns)   --->   "%ma_0_load = load i3 %ma_0_addr_15" [src/generic/fp_generic.cpp:331]   --->   Operation 64 'load' 'ma_0_load' <Predicate = true> <Delay = 0.71> <CoreInst = "RAM_1P">   --->   Core 87 'RAM_1P' <Latency = 1> <II = 1> <Delay = 0.71> <Storage> <Opcode : 'load' 'store'> <Ports = 1> <Width = 64> <Depth = 8> <RAM>
ST_4 : Operation 65 [1/2] (1.43ns)   --->   "%call_ret126 = call i128 @digit_x_digit, i64 %v, i64 12393906174523604992" [src/generic/fp_generic.cpp:325]   --->   Operation 65 'call' 'call_ret126' <Predicate = true> <Delay = 1.43> <CoreType = "Generic">   --->   Generic Core
ST_4 : Operation 66 [1/1] (0.00ns)   --->   "%UV_628 = extractvalue i128 %call_ret126" [src/generic/fp_generic.cpp:325]   --->   Operation 66 'extractvalue' 'UV_628' <Predicate = true> <Delay = 0.00>
ST_4 : Operation 67 [1/2] (1.43ns)   --->   "%call_ret129 = call i128 @digit_x_digit, i64 %v, i64 1371447078966912928" [src/generic/fp_generic.cpp:325]   --->   Operation 67 'call' 'call_ret129' <Predicate = true> <Delay = 1.43> <CoreType = "Generic">   --->   Generic Core
ST_4 : Operation 68 [1/1] (0.00ns)   --->   "%UV_629 = extractvalue i128 %call_ret129" [src/generic/fp_generic.cpp:325]   --->   Operation 68 'extractvalue' 'UV_629' <Predicate = true> <Delay = 0.00>
ST_4 : Operation 69 [1/2] (1.43ns)   --->   "%call_ret135 = call i128 @digit_x_digit, i64 %v, i64 1989455001339985327" [src/generic/fp_generic.cpp:325]   --->   Operation 69 'call' 'call_ret135' <Predicate = true> <Delay = 1.43> <CoreType = "Generic">   --->   Generic Core
ST_4 : Operation 70 [1/1] (0.00ns)   --->   "%UV_631 = extractvalue i128 %call_ret135" [src/generic/fp_generic.cpp:325]   --->   Operation 70 'extractvalue' 'UV_631' <Predicate = true> <Delay = 0.00>
ST_4 : Operation 71 [1/2] (1.43ns)   --->   "%call_ret144 = call i128 @digit_x_digit, i64 %v, i64 6937169319750509776" [src/generic/fp_generic.cpp:325]   --->   Operation 71 'call' 'call_ret144' <Predicate = true> <Delay = 1.43> <CoreType = "Generic">   --->   Generic Core
ST_4 : Operation 72 [1/1] (0.00ns)   --->   "%UV_634 = extractvalue i128 %call_ret144" [src/generic/fp_generic.cpp:325]   --->   Operation 72 'extractvalue' 'UV_634' <Predicate = true> <Delay = 0.00>
ST_4 : Operation 73 [1/2] (1.43ns)   --->   "%call_ret156 = call i128 @digit_x_digit, i64 %v, i64 18127602061483550" [src/generic/fp_generic.cpp:325]   --->   Operation 73 'call' 'call_ret156' <Predicate = true> <Delay = 1.43> <CoreType = "Generic">   --->   Generic Core
ST_4 : Operation 74 [1/1] (0.00ns)   --->   "%UV_638 = extractvalue i128 %call_ret156" [src/generic/fp_generic.cpp:325]   --->   Operation 74 'extractvalue' 'UV_638' <Predicate = true> <Delay = 0.00>

State 5 <SV = 4> <Delay = 6.70>
ST_5 : Operation 75 [1/1] (1.43ns)   --->   "%tmp_436 = call i1 @is_digit_lessthan_ct, i64 %u_514, i64 %tempReg_1052" [src/generic/fp_generic.cpp:327]   --->   Operation 75 'call' 'tmp_436' <Predicate = true> <Delay = 1.43> <CoreType = "Generic">   --->   Generic Core
ST_5 : Operation 76 [1/1] (0.12ns)   --->   "%carry_1295 = or i1 %tmp_436, i1 %tmp_435" [src/generic/fp_generic.cpp:327]   --->   Operation 76 'or' 'carry_1295' <Predicate = true> <Delay = 0.12> <CoreInst = "LogicGate">   --->   Core 74 'LogicGate' <Latency = 0> <II = 1> <Delay = 0.12> <FuncUnit> <Opcode : 'and' 'or' 'xor'> <InPorts = 2> <OutPorts = 1>
ST_5 : Operation 77 [1/1] (0.00ns)   --->   "%zext_ln303 = zext i1 %carry_1295" [src/generic/fp_generic.cpp:303]   --->   Operation 77 'zext' 'zext_ln303' <Predicate = true> <Delay = 0.00>
ST_5 : Operation 78 [1/1] (0.00ns)   --->   "%zext_ln332 = zext i1 %carry_1187" [src/generic/fp_generic.cpp:332]   --->   Operation 78 'zext' 'zext_ln332' <Predicate = true> <Delay = 0.00>
ST_5 : Operation 79 [1/1] (1.14ns)   --->   "%tempReg_1143 = add i64 %u_514, i64 %zext_ln332" [src/generic/fp_generic.cpp:332]   --->   Operation 79 'add' 'tempReg_1143' <Predicate = true> <Delay = 1.14> <CoreInst = "Adder">   --->   Core 1 'Adder' <Latency = 0> <II = 1> <Delay = 1.14> <FuncUnit> <Opcode : 'add' 'sub'> <InPorts = 2> <OutPorts = 1>
ST_5 : Operation 80 [1/1] (1.43ns)   --->   "%tmp_439 = call i1 @is_digit_lessthan_ct, i64 %tempReg_1143, i64 %zext_ln332" [src/generic/fp_generic.cpp:332]   --->   Operation 80 'call' 'tmp_439' <Predicate = true> <Delay = 1.43> <CoreType = "Generic">   --->   Generic Core
ST_5 : Operation 81 [1/1] (1.43ns)   --->   "%tmp_440 = call i1 @is_digit_lessthan_ct, i64 %tempReg_1143, i64 %tempReg_1143" [src/generic/fp_generic.cpp:332]   --->   Operation 81 'call' 'tmp_440' <Predicate = true> <Delay = 1.43> <CoreType = "Generic">   --->   Generic Core
ST_5 : Operation 82 [1/1] (0.12ns)   --->   "%carry_1188 = or i1 %tmp_440, i1 %tmp_439" [src/generic/fp_generic.cpp:332]   --->   Operation 82 'or' 'carry_1188' <Predicate = true> <Delay = 0.12> <CoreInst = "LogicGate">   --->   Core 74 'LogicGate' <Latency = 0> <II = 1> <Delay = 0.12> <FuncUnit> <Opcode : 'and' 'or' 'xor'> <InPorts = 2> <OutPorts = 1>
ST_5 : Operation 83 [1/1] (0.00ns)   --->   "%zext_ln334 = zext i1 %carry_1188" [src/generic/fp_generic.cpp:334]   --->   Operation 83 'zext' 'zext_ln334' <Predicate = true> <Delay = 0.00>
ST_5 : Operation 84 [1/2] ( I:0.71ns O:0.71ns )   --->   "%ma_0_load = load i3 %ma_0_addr_15" [src/generic/fp_generic.cpp:331]   --->   Operation 84 'load' 'ma_0_load' <Predicate = true> <Delay = 0.71> <CoreInst = "RAM_1P">   --->   Core 87 'RAM_1P' <Latency = 1> <II = 1> <Delay = 0.71> <Storage> <Opcode : 'load' 'store'> <Ports = 1> <Width = 64> <Depth = 8> <RAM>
ST_5 : Operation 85 [1/1] (1.14ns)   --->   "%v_684 = add i64 %ma_0_load, i64 %tempReg_1143" [src/generic/fp_generic.cpp:331]   --->   Operation 85 'add' 'v_684' <Predicate = true> <Delay = 1.14> <CoreInst = "Adder">   --->   Core 1 'Adder' <Latency = 0> <II = 1> <Delay = 1.14> <FuncUnit> <Opcode : 'add' 'sub'> <InPorts = 2> <OutPorts = 1>
ST_5 : Operation 86 [1/1] (1.43ns)   --->   "%tmp_441 = call i1 @is_digit_lessthan_ct, i64 %tempReg_1143, i64 0" [src/generic/fp_generic.cpp:331]   --->   Operation 86 'call' 'tmp_441' <Predicate = true> <Delay = 1.43> <CoreType = "Generic">   --->   Generic Core
ST_5 : Operation 87 [1/1] (1.43ns)   --->   "%tmp_442 = call i1 @is_digit_lessthan_ct, i64 %v_684, i64 %tempReg_1143" [src/generic/fp_generic.cpp:331]   --->   Operation 87 'call' 'tmp_442' <Predicate = true> <Delay = 1.43> <CoreType = "Generic">   --->   Generic Core
ST_5 : Operation 88 [1/1] (0.12ns)   --->   "%carry_1189 = or i1 %tmp_442, i1 %tmp_441" [src/generic/fp_generic.cpp:331]   --->   Operation 88 'or' 'carry_1189' <Predicate = true> <Delay = 0.12> <CoreInst = "LogicGate">   --->   Core 74 'LogicGate' <Latency = 0> <II = 1> <Delay = 0.12> <FuncUnit> <Opcode : 'and' 'or' 'xor'> <InPorts = 2> <OutPorts = 1>
ST_5 : Operation 89 [1/1] (0.00ns)   --->   "%zext_ln332_13 = zext i1 %carry_1189" [src/generic/fp_generic.cpp:332]   --->   Operation 89 'zext' 'zext_ln332_13' <Predicate = true> <Delay = 0.00>
ST_5 : Operation 90 [1/1] (0.00ns)   --->   "%zext_ln332_34 = zext i1 %carry_1189" [src/generic/fp_generic.cpp:332]   --->   Operation 90 'zext' 'zext_ln332_34' <Predicate = true> <Delay = 0.00>
ST_5 : Operation 91 [1/1] (0.00ns) (grouped into TernaryAdder)   --->   "%add_ln332 = add i2 %zext_ln303, i2 %zext_ln332_34" [src/generic/fp_generic.cpp:332]   --->   Operation 91 'add' 'add_ln332' <Predicate = true> <Delay = 0.00> <CoreInst = "TAddSub">   --->   Core 10 'TAddSub' <Latency = 0> <II = 1> <Delay = 0.42> <IPBlock> <Opcode : '' 'add' 'sub'> <InPorts = 3> <OutPorts = 1> <Sync> <CReg>
ST_5 : Operation 92 [1/1] (0.14ns) (root node of TernaryAdder)   --->   "%tempReg_1144 = add i2 %add_ln332, i2 %zext_ln334" [src/generic/fp_generic.cpp:332]   --->   Operation 92 'add' 'tempReg_1144' <Predicate = true> <Delay = 0.14> <CoreInst = "TAddSub">   --->   Core 10 'TAddSub' <Latency = 0> <II = 1> <Delay = 0.42> <IPBlock> <Opcode : '' 'add' 'sub'> <InPorts = 3> <OutPorts = 1> <Sync> <CReg>
ST_5 : Operation 93 [1/1] (0.00ns)   --->   "%zext_ln332_35 = zext i2 %tempReg_1144" [src/generic/fp_generic.cpp:332]   --->   Operation 93 'zext' 'zext_ln332_35' <Predicate = true> <Delay = 0.00>
ST_5 : Operation 94 [1/1] (1.43ns)   --->   "%tmp_443 = call i1 @is_digit_lessthan_ct, i64 %zext_ln332_35, i64 %zext_ln332_13" [src/generic/fp_generic.cpp:332]   --->   Operation 94 'call' 'tmp_443' <Predicate = true> <Delay = 1.43> <CoreType = "Generic">   --->   Generic Core
ST_5 : Operation 95 [1/1] (1.43ns)   --->   "%tmp_444 = call i1 @is_digit_lessthan_ct, i64 %zext_ln332_35, i64 %zext_ln332_35" [src/generic/fp_generic.cpp:332]   --->   Operation 95 'call' 'tmp_444' <Predicate = true> <Delay = 1.43> <CoreType = "Generic">   --->   Generic Core
ST_5 : Operation 96 [1/1] (1.14ns)   --->   "%v_686 = add i64 %UV_628, i64 %zext_ln332_35" [src/generic/fp_generic.cpp:326]   --->   Operation 96 'add' 'v_686' <Predicate = true> <Delay = 1.14> <CoreInst = "Adder">   --->   Core 1 'Adder' <Latency = 0> <II = 1> <Delay = 1.14> <FuncUnit> <Opcode : 'add' 'sub'> <InPorts = 2> <OutPorts = 1>
ST_5 : Operation 97 [1/1] (1.43ns)   --->   "%tmp_445 = call i1 @is_digit_lessthan_ct, i64 %UV_628, i64 0" [src/generic/fp_generic.cpp:326]   --->   Operation 97 'call' 'tmp_445' <Predicate = true> <Delay = 1.43> <CoreType = "Generic">   --->   Generic Core
ST_5 : Operation 98 [1/1] (1.43ns)   --->   "%tmp_446 = call i1 @is_digit_lessthan_ct, i64 %v_686, i64 %UV_628" [src/generic/fp_generic.cpp:326]   --->   Operation 98 'call' 'tmp_446' <Predicate = true> <Delay = 1.43> <CoreType = "Generic">   --->   Generic Core
ST_5 : Operation 99 [1/1] (0.12ns)   --->   "%carry_1191 = or i1 %tmp_446, i1 %tmp_445" [src/generic/fp_generic.cpp:326]   --->   Operation 99 'or' 'carry_1191' <Predicate = true> <Delay = 0.12> <CoreInst = "LogicGate">   --->   Core 74 'LogicGate' <Latency = 0> <II = 1> <Delay = 0.12> <FuncUnit> <Opcode : 'and' 'or' 'xor'> <InPorts = 2> <OutPorts = 1>
ST_5 : Operation 100 [1/1] (0.00ns)   --->   "%ma_1_addr_15 = getelementptr i64 %ma_1, i64 0, i64 1" [src/generic/fp_generic.cpp:331]   --->   Operation 100 'getelementptr' 'ma_1_addr_15' <Predicate = true> <Delay = 0.00>
ST_5 : Operation 101 [2/2] (0.71ns)   --->   "%ma_1_load_15 = load i3 %ma_1_addr_15" [src/generic/fp_generic.cpp:331]   --->   Operation 101 'load' 'ma_1_load_15' <Predicate = true> <Delay = 0.71> <CoreInst = "RAM_1P">   --->   Core 87 'RAM_1P' <Latency = 1> <II = 1> <Delay = 0.71> <Storage> <Opcode : 'load' 'store'> <Ports = 1> <Width = 64> <Depth = 8> <RAM>

State 6 <SV = 5> <Delay = 7.27>
ST_6 : Operation 102 [1/1] (0.00ns) (grouped into LUT with out node u_518)   --->   "%carry_1296 = or i1 %tmp_444, i1 %tmp_443" [src/generic/fp_generic.cpp:332]   --->   Operation 102 'or' 'carry_1296' <Predicate = true> <Delay = 0.00> <CoreInst = "LogicGate">   --->   Core 74 'LogicGate' <Latency = 0> <II = 1> <Delay = 0.12> <FuncUnit> <Opcode : 'and' 'or' 'xor'> <InPorts = 2> <OutPorts = 1>
ST_6 : Operation 103 [1/1] (0.00ns) (grouped into LUT with out node u_518)   --->   "%zext_ln333_8 = zext i1 %carry_1296" [src/generic/fp_generic.cpp:333]   --->   Operation 103 'zext' 'zext_ln333_8' <Predicate = true> <Delay = 0.00>
ST_6 : Operation 104 [1/1] (0.00ns) (grouped into LUT with out node tempReg_1056)   --->   "%UV_569 = extractvalue i128 %call_ret126" [src/generic/fp_generic.cpp:325]   --->   Operation 104 'extractvalue' 'UV_569' <Predicate = true> <Delay = 0.00>
ST_6 : Operation 105 [1/1] (0.00ns)   --->   "%zext_ln327_31 = zext i1 %carry_1191" [src/generic/fp_generic.cpp:327]   --->   Operation 105 'zext' 'zext_ln327_31' <Predicate = true> <Delay = 0.00>
ST_6 : Operation 106 [1/1] (1.14ns) (out node of the LUT)   --->   "%tempReg_1056 = add i64 %UV_569, i64 %zext_ln327_31" [src/generic/fp_generic.cpp:327]   --->   Operation 106 'add' 'tempReg_1056' <Predicate = true> <Delay = 1.14> <CoreInst = "Adder">   --->   Core 1 'Adder' <Latency = 0> <II = 1> <Delay = 1.14> <FuncUnit> <Opcode : 'add' 'sub'> <InPorts = 2> <OutPorts = 1>
ST_6 : Operation 107 [1/1] (1.14ns) (out node of the LUT)   --->   "%u_518 = add i64 %tempReg_1056, i64 %zext_ln333_8" [src/generic/fp_generic.cpp:327]   --->   Operation 107 'add' 'u_518' <Predicate = true> <Delay = 1.14> <CoreInst = "Adder">   --->   Core 1 'Adder' <Latency = 0> <II = 1> <Delay = 1.14> <FuncUnit> <Opcode : 'add' 'sub'> <InPorts = 2> <OutPorts = 1>
ST_6 : Operation 108 [1/1] (1.43ns)   --->   "%tmp_447 = call i1 @is_digit_lessthan_ct, i64 %tempReg_1056, i64 %zext_ln327_31" [src/generic/fp_generic.cpp:327]   --->   Operation 108 'call' 'tmp_447' <Predicate = true> <Delay = 1.43> <CoreType = "Generic">   --->   Generic Core
ST_6 : Operation 109 [1/1] (1.43ns)   --->   "%tmp_448 = call i1 @is_digit_lessthan_ct, i64 %u_518, i64 %tempReg_1056" [src/generic/fp_generic.cpp:327]   --->   Operation 109 'call' 'tmp_448' <Predicate = true> <Delay = 1.43> <CoreType = "Generic">   --->   Generic Core
ST_6 : Operation 110 [1/1] (0.00ns) (grouped into LUT with out node add_ln327)   --->   "%carry_1297 = or i1 %tmp_448, i1 %tmp_447" [src/generic/fp_generic.cpp:327]   --->   Operation 110 'or' 'carry_1297' <Predicate = true> <Delay = 0.00> <CoreInst = "LogicGate">   --->   Core 74 'LogicGate' <Latency = 0> <II = 1> <Delay = 0.12> <FuncUnit> <Opcode : 'and' 'or' 'xor'> <InPorts = 2> <OutPorts = 1>
ST_6 : Operation 111 [1/1] (0.00ns) (grouped into LUT with out node add_ln327)   --->   "%zext_ln303_55 = zext i1 %carry_1297" [src/generic/fp_generic.cpp:303]   --->   Operation 111 'zext' 'zext_ln303_55' <Predicate = true> <Delay = 0.00>
ST_6 : Operation 112 [1/2] ( I:0.71ns O:0.71ns )   --->   "%ma_1_load_15 = load i3 %ma_1_addr_15" [src/generic/fp_generic.cpp:331]   --->   Operation 112 'load' 'ma_1_load_15' <Predicate = true> <Delay = 0.71> <CoreInst = "RAM_1P">   --->   Core 87 'RAM_1P' <Latency = 1> <II = 1> <Delay = 0.71> <Storage> <Opcode : 'load' 'store'> <Ports = 1> <Width = 64> <Depth = 8> <RAM>
ST_6 : Operation 113 [1/1] (1.14ns)   --->   "%v_687 = add i64 %ma_1_load_15, i64 %v_686" [src/generic/fp_generic.cpp:331]   --->   Operation 113 'add' 'v_687' <Predicate = true> <Delay = 1.14> <CoreInst = "Adder">   --->   Core 1 'Adder' <Latency = 0> <II = 1> <Delay = 1.14> <FuncUnit> <Opcode : 'add' 'sub'> <InPorts = 2> <OutPorts = 1>
ST_6 : Operation 114 [1/1] (1.43ns)   --->   "%tmp_449 = call i1 @is_digit_lessthan_ct, i64 %v_686, i64 0" [src/generic/fp_generic.cpp:331]   --->   Operation 114 'call' 'tmp_449' <Predicate = true> <Delay = 1.43> <CoreType = "Generic">   --->   Generic Core
ST_6 : Operation 115 [1/1] (1.43ns)   --->   "%tmp_450 = call i1 @is_digit_lessthan_ct, i64 %v_687, i64 %v_686" [src/generic/fp_generic.cpp:331]   --->   Operation 115 'call' 'tmp_450' <Predicate = true> <Delay = 1.43> <CoreType = "Generic">   --->   Generic Core
ST_6 : Operation 116 [1/1] (0.12ns)   --->   "%carry_1193 = or i1 %tmp_450, i1 %tmp_449" [src/generic/fp_generic.cpp:331]   --->   Operation 116 'or' 'carry_1193' <Predicate = true> <Delay = 0.12> <CoreInst = "LogicGate">   --->   Core 74 'LogicGate' <Latency = 0> <II = 1> <Delay = 0.12> <FuncUnit> <Opcode : 'and' 'or' 'xor'> <InPorts = 2> <OutPorts = 1>
ST_6 : Operation 117 [1/1] (0.00ns)   --->   "%zext_ln332_14 = zext i1 %carry_1193" [src/generic/fp_generic.cpp:332]   --->   Operation 117 'zext' 'zext_ln332_14' <Predicate = true> <Delay = 0.00>
ST_6 : Operation 118 [1/1] (1.14ns)   --->   "%tempReg_1145 = add i64 %u_518, i64 %zext_ln332_14" [src/generic/fp_generic.cpp:332]   --->   Operation 118 'add' 'tempReg_1145' <Predicate = true> <Delay = 1.14> <CoreInst = "Adder">   --->   Core 1 'Adder' <Latency = 0> <II = 1> <Delay = 1.14> <FuncUnit> <Opcode : 'add' 'sub'> <InPorts = 2> <OutPorts = 1>
ST_6 : Operation 119 [1/1] (1.43ns)   --->   "%tmp_451 = call i1 @is_digit_lessthan_ct, i64 %tempReg_1145, i64 %zext_ln332_14" [src/generic/fp_generic.cpp:332]   --->   Operation 119 'call' 'tmp_451' <Predicate = true> <Delay = 1.43> <CoreType = "Generic">   --->   Generic Core
ST_6 : Operation 120 [1/1] (1.43ns)   --->   "%tmp_452 = call i1 @is_digit_lessthan_ct, i64 %tempReg_1145, i64 %tempReg_1145" [src/generic/fp_generic.cpp:332]   --->   Operation 120 'call' 'tmp_452' <Predicate = true> <Delay = 1.43> <CoreType = "Generic">   --->   Generic Core
ST_6 : Operation 121 [1/1] (0.00ns) (grouped into LUT with out node add_ln327)   --->   "%carry_1194 = or i1 %tmp_452, i1 %tmp_451" [src/generic/fp_generic.cpp:332]   --->   Operation 121 'or' 'carry_1194' <Predicate = true> <Delay = 0.00> <CoreInst = "LogicGate">   --->   Core 74 'LogicGate' <Latency = 0> <II = 1> <Delay = 0.12> <FuncUnit> <Opcode : 'and' 'or' 'xor'> <InPorts = 2> <OutPorts = 1>
ST_6 : Operation 122 [1/1] (0.00ns) (grouped into LUT with out node add_ln327)   --->   "%zext_ln334_26 = zext i1 %carry_1194" [src/generic/fp_generic.cpp:334]   --->   Operation 122 'zext' 'zext_ln334_26' <Predicate = true> <Delay = 0.00>
ST_6 : Operation 123 [1/1] (1.14ns)   --->   "%v_689 = add i64 %UV_629, i64 %tempReg_1145" [src/generic/fp_generic.cpp:326]   --->   Operation 123 'add' 'v_689' <Predicate = true> <Delay = 1.14> <CoreInst = "Adder">   --->   Core 1 'Adder' <Latency = 0> <II = 1> <Delay = 1.14> <FuncUnit> <Opcode : 'add' 'sub'> <InPorts = 2> <OutPorts = 1>
ST_6 : Operation 124 [1/1] (1.43ns)   --->   "%tmp_453 = call i1 @is_digit_lessthan_ct, i64 %UV_629, i64 0" [src/generic/fp_generic.cpp:326]   --->   Operation 124 'call' 'tmp_453' <Predicate = true> <Delay = 1.43> <CoreType = "Generic">   --->   Generic Core
ST_6 : Operation 125 [1/1] (1.43ns)   --->   "%tmp_454 = call i1 @is_digit_lessthan_ct, i64 %v_689, i64 %UV_629" [src/generic/fp_generic.cpp:326]   --->   Operation 125 'call' 'tmp_454' <Predicate = true> <Delay = 1.43> <CoreType = "Generic">   --->   Generic Core
ST_6 : Operation 126 [1/1] (0.12ns)   --->   "%carry_1195 = or i1 %tmp_454, i1 %tmp_453" [src/generic/fp_generic.cpp:326]   --->   Operation 126 'or' 'carry_1195' <Predicate = true> <Delay = 0.12> <CoreInst = "LogicGate">   --->   Core 74 'LogicGate' <Latency = 0> <II = 1> <Delay = 0.12> <FuncUnit> <Opcode : 'and' 'or' 'xor'> <InPorts = 2> <OutPorts = 1>
ST_6 : Operation 127 [1/1] (0.43ns) (out node of the LUT)   --->   "%add_ln327 = add i2 %zext_ln334_26, i2 %zext_ln303_55" [src/generic/fp_generic.cpp:327]   --->   Operation 127 'add' 'add_ln327' <Predicate = true> <Delay = 0.43> <CoreInst = "Adder">   --->   Core 1 'Adder' <Latency = 0> <II = 1> <Delay = 0.43> <FuncUnit> <Opcode : 'add' 'sub'> <InPorts = 2> <OutPorts = 1>
ST_6 : Operation 128 [2/2] (6.71ns)   --->   "%call_ret132 = call i128 @digit_x_digit, i64 %v_682, i64 12393906174523604992" [src/generic/fp_generic.cpp:325]   --->   Operation 128 'call' 'call_ret132' <Predicate = true> <Delay = 6.71> <CoreType = "Generic">   --->   Generic Core
ST_6 : Operation 129 [1/1] (0.00ns)   --->   "%ma_0_addr_16 = getelementptr i64 %ma_0, i64 0, i64 2" [src/generic/fp_generic.cpp:331]   --->   Operation 129 'getelementptr' 'ma_0_addr_16' <Predicate = true> <Delay = 0.00>
ST_6 : Operation 130 [2/2] (0.71ns)   --->   "%ma_0_load_13 = load i3 %ma_0_addr_16" [src/generic/fp_generic.cpp:331]   --->   Operation 130 'load' 'ma_0_load_13' <Predicate = true> <Delay = 0.71> <CoreInst = "RAM_1P">   --->   Core 87 'RAM_1P' <Latency = 1> <II = 1> <Delay = 0.71> <Storage> <Opcode : 'load' 'store'> <Ports = 1> <Width = 64> <Depth = 8> <RAM>

State 7 <SV = 6> <Delay = 6.72>
ST_7 : Operation 131 [1/1] (0.00ns) (grouped into LUT with out node tempReg_1059)   --->   "%UV_570 = extractvalue i128 %call_ret129" [src/generic/fp_generic.cpp:325]   --->   Operation 131 'extractvalue' 'UV_570' <Predicate = true> <Delay = 0.00>
ST_7 : Operation 132 [1/1] (0.00ns)   --->   "%zext_ln327_32 = zext i1 %carry_1195" [src/generic/fp_generic.cpp:327]   --->   Operation 132 'zext' 'zext_ln327_32' <Predicate = true> <Delay = 0.00>
ST_7 : Operation 133 [1/1] (1.14ns) (out node of the LUT)   --->   "%tempReg_1059 = add i64 %UV_570, i64 %zext_ln327_32" [src/generic/fp_generic.cpp:327]   --->   Operation 133 'add' 'tempReg_1059' <Predicate = true> <Delay = 1.14> <CoreInst = "Adder">   --->   Core 1 'Adder' <Latency = 0> <II = 1> <Delay = 1.14> <FuncUnit> <Opcode : 'add' 'sub'> <InPorts = 2> <OutPorts = 1>
ST_7 : Operation 134 [1/1] (0.00ns)   --->   "%zext_ln327_71 = zext i2 %add_ln327" [src/generic/fp_generic.cpp:327]   --->   Operation 134 'zext' 'zext_ln327_71' <Predicate = true> <Delay = 0.00>
ST_7 : Operation 135 [1/1] (1.14ns)   --->   "%u_520 = add i64 %zext_ln327_71, i64 %tempReg_1059" [src/generic/fp_generic.cpp:327]   --->   Operation 135 'add' 'u_520' <Predicate = true> <Delay = 1.14> <CoreInst = "Adder">   --->   Core 1 'Adder' <Latency = 0> <II = 1> <Delay = 1.14> <FuncUnit> <Opcode : 'add' 'sub'> <InPorts = 2> <OutPorts = 1>
ST_7 : Operation 136 [1/1] (1.43ns)   --->   "%tmp_455 = call i1 @is_digit_lessthan_ct, i64 %tempReg_1059, i64 %zext_ln327_32" [src/generic/fp_generic.cpp:327]   --->   Operation 136 'call' 'tmp_455' <Predicate = true> <Delay = 1.43> <CoreType = "Generic">   --->   Generic Core
ST_7 : Operation 137 [1/1] (1.43ns)   --->   "%tmp_456 = call i1 @is_digit_lessthan_ct, i64 %u_520, i64 %tempReg_1059" [src/generic/fp_generic.cpp:327]   --->   Operation 137 'call' 'tmp_456' <Predicate = true> <Delay = 1.43> <CoreType = "Generic">   --->   Generic Core
ST_7 : Operation 138 [1/1] (0.12ns)   --->   "%carry_1298 = or i1 %tmp_456, i1 %tmp_455" [src/generic/fp_generic.cpp:327]   --->   Operation 138 'or' 'carry_1298' <Predicate = true> <Delay = 0.12> <CoreInst = "LogicGate">   --->   Core 74 'LogicGate' <Latency = 0> <II = 1> <Delay = 0.12> <FuncUnit> <Opcode : 'and' 'or' 'xor'> <InPorts = 2> <OutPorts = 1>
ST_7 : Operation 139 [1/2] (1.43ns)   --->   "%call_ret132 = call i128 @digit_x_digit, i64 %v_682, i64 12393906174523604992" [src/generic/fp_generic.cpp:325]   --->   Operation 139 'call' 'call_ret132' <Predicate = true> <Delay = 1.43> <CoreType = "Generic">   --->   Generic Core
ST_7 : Operation 140 [1/1] (0.00ns)   --->   "%UV_630 = extractvalue i128 %call_ret132" [src/generic/fp_generic.cpp:325]   --->   Operation 140 'extractvalue' 'UV_630' <Predicate = true> <Delay = 0.00>
ST_7 : Operation 141 [1/1] (0.00ns) (grouped into LUT with out node tempReg_1061)   --->   "%UV_571 = extractvalue i128 %call_ret132" [src/generic/fp_generic.cpp:325]   --->   Operation 141 'extractvalue' 'UV_571' <Predicate = true> <Delay = 0.00>
ST_7 : Operation 142 [1/1] (1.14ns)   --->   "%v_690 = add i64 %UV_630, i64 %v_689" [src/generic/fp_generic.cpp:326]   --->   Operation 142 'add' 'v_690' <Predicate = true> <Delay = 1.14> <CoreInst = "Adder">   --->   Core 1 'Adder' <Latency = 0> <II = 1> <Delay = 1.14> <FuncUnit> <Opcode : 'add' 'sub'> <InPorts = 2> <OutPorts = 1>
ST_7 : Operation 143 [1/1] (1.43ns)   --->   "%tmp_457 = call i1 @is_digit_lessthan_ct, i64 %UV_630, i64 0" [src/generic/fp_generic.cpp:326]   --->   Operation 143 'call' 'tmp_457' <Predicate = true> <Delay = 1.43> <CoreType = "Generic">   --->   Generic Core
ST_7 : Operation 144 [1/1] (1.43ns)   --->   "%tmp_458 = call i1 @is_digit_lessthan_ct, i64 %v_690, i64 %UV_630" [src/generic/fp_generic.cpp:326]   --->   Operation 144 'call' 'tmp_458' <Predicate = true> <Delay = 1.43> <CoreType = "Generic">   --->   Generic Core
ST_7 : Operation 145 [1/1] (0.12ns)   --->   "%carry_1197 = or i1 %tmp_458, i1 %tmp_457" [src/generic/fp_generic.cpp:326]   --->   Operation 145 'or' 'carry_1197' <Predicate = true> <Delay = 0.12> <CoreInst = "LogicGate">   --->   Core 74 'LogicGate' <Latency = 0> <II = 1> <Delay = 0.12> <FuncUnit> <Opcode : 'and' 'or' 'xor'> <InPorts = 2> <OutPorts = 1>
ST_7 : Operation 146 [1/1] (0.00ns)   --->   "%zext_ln327_33 = zext i1 %carry_1197" [src/generic/fp_generic.cpp:327]   --->   Operation 146 'zext' 'zext_ln327_33' <Predicate = true> <Delay = 0.00>
ST_7 : Operation 147 [1/1] (1.14ns) (out node of the LUT)   --->   "%tempReg_1061 = add i64 %UV_571, i64 %zext_ln327_33" [src/generic/fp_generic.cpp:327]   --->   Operation 147 'add' 'tempReg_1061' <Predicate = true> <Delay = 1.14> <CoreInst = "Adder">   --->   Core 1 'Adder' <Latency = 0> <II = 1> <Delay = 1.14> <FuncUnit> <Opcode : 'add' 'sub'> <InPorts = 2> <OutPorts = 1>
ST_7 : Operation 148 [1/1] (1.14ns)   --->   "%u_521 = add i64 %tempReg_1061, i64 %u_520" [src/generic/fp_generic.cpp:327]   --->   Operation 148 'add' 'u_521' <Predicate = true> <Delay = 1.14> <CoreInst = "Adder">   --->   Core 1 'Adder' <Latency = 0> <II = 1> <Delay = 1.14> <FuncUnit> <Opcode : 'add' 'sub'> <InPorts = 2> <OutPorts = 1>
ST_7 : Operation 149 [1/1] (1.43ns)   --->   "%tmp_459 = call i1 @is_digit_lessthan_ct, i64 %tempReg_1061, i64 %zext_ln327_33" [src/generic/fp_generic.cpp:327]   --->   Operation 149 'call' 'tmp_459' <Predicate = true> <Delay = 1.43> <CoreType = "Generic">   --->   Generic Core
ST_7 : Operation 150 [1/2] ( I:0.71ns O:0.71ns )   --->   "%ma_0_load_13 = load i3 %ma_0_addr_16" [src/generic/fp_generic.cpp:331]   --->   Operation 150 'load' 'ma_0_load_13' <Predicate = true> <Delay = 0.71> <CoreInst = "RAM_1P">   --->   Core 87 'RAM_1P' <Latency = 1> <II = 1> <Delay = 0.71> <Storage> <Opcode : 'load' 'store'> <Ports = 1> <Width = 64> <Depth = 8> <RAM>
ST_7 : Operation 151 [1/1] (1.14ns)   --->   "%v_691 = add i64 %ma_0_load_13, i64 %v_690" [src/generic/fp_generic.cpp:331]   --->   Operation 151 'add' 'v_691' <Predicate = true> <Delay = 1.14> <CoreInst = "Adder">   --->   Core 1 'Adder' <Latency = 0> <II = 1> <Delay = 1.14> <FuncUnit> <Opcode : 'add' 'sub'> <InPorts = 2> <OutPorts = 1>
ST_7 : Operation 152 [1/1] (1.43ns)   --->   "%tmp_461 = call i1 @is_digit_lessthan_ct, i64 %v_690, i64 0" [src/generic/fp_generic.cpp:331]   --->   Operation 152 'call' 'tmp_461' <Predicate = true> <Delay = 1.43> <CoreType = "Generic">   --->   Generic Core
ST_7 : Operation 153 [1/1] (1.43ns)   --->   "%tmp_462 = call i1 @is_digit_lessthan_ct, i64 %v_691, i64 %v_690" [src/generic/fp_generic.cpp:331]   --->   Operation 153 'call' 'tmp_462' <Predicate = true> <Delay = 1.43> <CoreType = "Generic">   --->   Generic Core
ST_7 : Operation 154 [1/1] (0.12ns)   --->   "%carry_1199 = or i1 %tmp_462, i1 %tmp_461" [src/generic/fp_generic.cpp:331]   --->   Operation 154 'or' 'carry_1199' <Predicate = true> <Delay = 0.12> <CoreInst = "LogicGate">   --->   Core 74 'LogicGate' <Latency = 0> <II = 1> <Delay = 0.12> <FuncUnit> <Opcode : 'and' 'or' 'xor'> <InPorts = 2> <OutPorts = 1>
ST_7 : Operation 155 [2/2] (6.71ns)   --->   "%call_ret138 = call i128 @digit_x_digit, i64 %v_682, i64 1371447078966912928" [src/generic/fp_generic.cpp:325]   --->   Operation 155 'call' 'call_ret138' <Predicate = true> <Delay = 6.71> <CoreType = "Generic">   --->   Generic Core
ST_7 : Operation 156 [2/2] (6.71ns)   --->   "%call_ret141 = call i128 @digit_x_digit, i64 %v_684, i64 12393906174523604992" [src/generic/fp_generic.cpp:325]   --->   Operation 156 'call' 'call_ret141' <Predicate = true> <Delay = 6.71> <CoreType = "Generic">   --->   Generic Core
ST_7 : Operation 157 [1/1] (0.00ns)   --->   "%ma_1_addr_16 = getelementptr i64 %ma_1, i64 0, i64 2" [src/generic/fp_generic.cpp:331]   --->   Operation 157 'getelementptr' 'ma_1_addr_16' <Predicate = true> <Delay = 0.00>
ST_7 : Operation 158 [2/2] (0.71ns)   --->   "%ma_1_load_16 = load i3 %ma_1_addr_16" [src/generic/fp_generic.cpp:331]   --->   Operation 158 'load' 'ma_1_load_16' <Predicate = true> <Delay = 0.71> <CoreInst = "RAM_1P">   --->   Core 87 'RAM_1P' <Latency = 1> <II = 1> <Delay = 0.71> <Storage> <Opcode : 'load' 'store'> <Ports = 1> <Width = 64> <Depth = 8> <RAM>

State 8 <SV = 7> <Delay = 7.29>
ST_8 : Operation 159 [1/1] (0.00ns)   --->   "%zext_ln328 = zext i1 %carry_1298" [src/generic/fp_generic.cpp:328]   --->   Operation 159 'zext' 'zext_ln328' <Predicate = true> <Delay = 0.00>
ST_8 : Operation 160 [1/1] (1.43ns)   --->   "%tmp_460 = call i1 @is_digit_lessthan_ct, i64 %u_521, i64 %tempReg_1061" [src/generic/fp_generic.cpp:327]   --->   Operation 160 'call' 'tmp_460' <Predicate = true> <Delay = 1.43> <CoreType = "Generic">   --->   Generic Core
ST_8 : Operation 161 [1/1] (0.00ns) (grouped into LUT with out node add_ln327_258)   --->   "%carry_1198 = or i1 %tmp_460, i1 %tmp_459" [src/generic/fp_generic.cpp:327]   --->   Operation 161 'or' 'carry_1198' <Predicate = true> <Delay = 0.00> <CoreInst = "LogicGate">   --->   Core 74 'LogicGate' <Latency = 0> <II = 1> <Delay = 0.12> <FuncUnit> <Opcode : 'and' 'or' 'xor'> <InPorts = 2> <OutPorts = 1>
ST_8 : Operation 162 [1/1] (0.00ns) (grouped into LUT with out node add_ln327_258)   --->   "%zext_ln331 = zext i1 %carry_1198" [src/generic/fp_generic.cpp:331]   --->   Operation 162 'zext' 'zext_ln331' <Predicate = true> <Delay = 0.00>
ST_8 : Operation 163 [1/1] (0.00ns)   --->   "%zext_ln332_15 = zext i1 %carry_1199" [src/generic/fp_generic.cpp:332]   --->   Operation 163 'zext' 'zext_ln332_15' <Predicate = true> <Delay = 0.00>
ST_8 : Operation 164 [1/1] (1.14ns)   --->   "%tempReg_1146 = add i64 %u_521, i64 %zext_ln332_15" [src/generic/fp_generic.cpp:332]   --->   Operation 164 'add' 'tempReg_1146' <Predicate = true> <Delay = 1.14> <CoreInst = "Adder">   --->   Core 1 'Adder' <Latency = 0> <II = 1> <Delay = 1.14> <FuncUnit> <Opcode : 'add' 'sub'> <InPorts = 2> <OutPorts = 1>
ST_8 : Operation 165 [1/1] (1.43ns)   --->   "%tmp_463 = call i1 @is_digit_lessthan_ct, i64 %tempReg_1146, i64 %zext_ln332_15" [src/generic/fp_generic.cpp:332]   --->   Operation 165 'call' 'tmp_463' <Predicate = true> <Delay = 1.43> <CoreType = "Generic">   --->   Generic Core
ST_8 : Operation 166 [1/1] (1.43ns)   --->   "%tmp_464 = call i1 @is_digit_lessthan_ct, i64 %tempReg_1146, i64 %tempReg_1146" [src/generic/fp_generic.cpp:332]   --->   Operation 166 'call' 'tmp_464' <Predicate = true> <Delay = 1.43> <CoreType = "Generic">   --->   Generic Core
ST_8 : Operation 167 [1/1] (0.00ns) (grouped into LUT with out node add_ln327_258)   --->   "%carry_1200 = or i1 %tmp_464, i1 %tmp_463" [src/generic/fp_generic.cpp:332]   --->   Operation 167 'or' 'carry_1200' <Predicate = true> <Delay = 0.00> <CoreInst = "LogicGate">   --->   Core 74 'LogicGate' <Latency = 0> <II = 1> <Delay = 0.12> <FuncUnit> <Opcode : 'and' 'or' 'xor'> <InPorts = 2> <OutPorts = 1>
ST_8 : Operation 168 [1/1] (0.00ns) (grouped into LUT with out node add_ln327_258)   --->   "%zext_ln334_27 = zext i1 %carry_1200" [src/generic/fp_generic.cpp:334]   --->   Operation 168 'zext' 'zext_ln334_27' <Predicate = true> <Delay = 0.00>
ST_8 : Operation 169 [1/1] (0.00ns) (grouped into LUT with out node tempReg_1064)   --->   "%UV_572 = extractvalue i128 %call_ret135" [src/generic/fp_generic.cpp:325]   --->   Operation 169 'extractvalue' 'UV_572' <Predicate = true> <Delay = 0.00>
ST_8 : Operation 170 [1/1] (1.14ns)   --->   "%v_693 = add i64 %UV_631, i64 %tempReg_1146" [src/generic/fp_generic.cpp:326]   --->   Operation 170 'add' 'v_693' <Predicate = true> <Delay = 1.14> <CoreInst = "Adder">   --->   Core 1 'Adder' <Latency = 0> <II = 1> <Delay = 1.14> <FuncUnit> <Opcode : 'add' 'sub'> <InPorts = 2> <OutPorts = 1>
ST_8 : Operation 171 [1/1] (1.43ns)   --->   "%tmp_465 = call i1 @is_digit_lessthan_ct, i64 %UV_631, i64 0" [src/generic/fp_generic.cpp:326]   --->   Operation 171 'call' 'tmp_465' <Predicate = true> <Delay = 1.43> <CoreType = "Generic">   --->   Generic Core
ST_8 : Operation 172 [1/1] (1.43ns)   --->   "%tmp_466 = call i1 @is_digit_lessthan_ct, i64 %v_693, i64 %UV_631" [src/generic/fp_generic.cpp:326]   --->   Operation 172 'call' 'tmp_466' <Predicate = true> <Delay = 1.43> <CoreType = "Generic">   --->   Generic Core
ST_8 : Operation 173 [1/1] (0.12ns)   --->   "%carry_1201 = or i1 %tmp_466, i1 %tmp_465" [src/generic/fp_generic.cpp:326]   --->   Operation 173 'or' 'carry_1201' <Predicate = true> <Delay = 0.12> <CoreInst = "LogicGate">   --->   Core 74 'LogicGate' <Latency = 0> <II = 1> <Delay = 0.12> <FuncUnit> <Opcode : 'and' 'or' 'xor'> <InPorts = 2> <OutPorts = 1>
ST_8 : Operation 174 [1/1] (0.00ns)   --->   "%zext_ln327_34 = zext i1 %carry_1201" [src/generic/fp_generic.cpp:327]   --->   Operation 174 'zext' 'zext_ln327_34' <Predicate = true> <Delay = 0.00>
ST_8 : Operation 175 [1/1] (1.14ns) (out node of the LUT)   --->   "%tempReg_1064 = add i64 %UV_572, i64 %zext_ln327_34" [src/generic/fp_generic.cpp:327]   --->   Operation 175 'add' 'tempReg_1064' <Predicate = true> <Delay = 1.14> <CoreInst = "Adder">   --->   Core 1 'Adder' <Latency = 0> <II = 1> <Delay = 1.14> <FuncUnit> <Opcode : 'add' 'sub'> <InPorts = 2> <OutPorts = 1>
ST_8 : Operation 176 [1/1] (0.00ns) (grouped into TernaryAdder)   --->   "%add_ln327_257 = add i64 %tempReg_1064, i64 %zext_ln328" [src/generic/fp_generic.cpp:327]   --->   Operation 176 'add' 'add_ln327_257' <Predicate = true> <Delay = 0.00> <CoreInst = "TAddSub">   --->   Core 10 'TAddSub' <Latency = 0> <II = 1> <Delay = 0.42> <IPBlock> <Opcode : '' 'add' 'sub'> <InPorts = 3> <OutPorts = 1> <Sync> <CReg>
ST_8 : Operation 177 [1/1] (0.43ns) (out node of the LUT)   --->   "%add_ln327_258 = add i2 %zext_ln334_27, i2 %zext_ln331" [src/generic/fp_generic.cpp:327]   --->   Operation 177 'add' 'add_ln327_258' <Predicate = true> <Delay = 0.43> <CoreInst = "Adder">   --->   Core 1 'Adder' <Latency = 0> <II = 1> <Delay = 0.43> <FuncUnit> <Opcode : 'add' 'sub'> <InPorts = 2> <OutPorts = 1>
ST_8 : Operation 178 [1/1] (0.00ns)   --->   "%zext_ln327_72 = zext i2 %add_ln327_258" [src/generic/fp_generic.cpp:327]   --->   Operation 178 'zext' 'zext_ln327_72' <Predicate = true> <Delay = 0.00>
ST_8 : Operation 179 [1/1] (0.84ns) (root node of TernaryAdder)   --->   "%u_523 = add i64 %zext_ln327_72, i64 %add_ln327_257" [src/generic/fp_generic.cpp:327]   --->   Operation 179 'add' 'u_523' <Predicate = true> <Delay = 0.84> <CoreInst = "TAddSub">   --->   Core 10 'TAddSub' <Latency = 0> <II = 1> <Delay = 0.42> <IPBlock> <Opcode : '' 'add' 'sub'> <InPorts = 3> <OutPorts = 1> <Sync> <CReg>
ST_8 : Operation 180 [1/1] (1.43ns)   --->   "%tmp_467 = call i1 @is_digit_lessthan_ct, i64 %tempReg_1064, i64 %zext_ln327_34" [src/generic/fp_generic.cpp:327]   --->   Operation 180 'call' 'tmp_467' <Predicate = true> <Delay = 1.43> <CoreType = "Generic">   --->   Generic Core
ST_8 : Operation 181 [1/1] (1.43ns)   --->   "%tmp_468 = call i1 @is_digit_lessthan_ct, i64 %u_523, i64 %tempReg_1064" [src/generic/fp_generic.cpp:327]   --->   Operation 181 'call' 'tmp_468' <Predicate = true> <Delay = 1.43> <CoreType = "Generic">   --->   Generic Core
ST_8 : Operation 182 [1/2] (1.43ns)   --->   "%call_ret138 = call i128 @digit_x_digit, i64 %v_682, i64 1371447078966912928" [src/generic/fp_generic.cpp:325]   --->   Operation 182 'call' 'call_ret138' <Predicate = true> <Delay = 1.43> <CoreType = "Generic">   --->   Generic Core
ST_8 : Operation 183 [1/1] (0.00ns)   --->   "%UV_632 = extractvalue i128 %call_ret138" [src/generic/fp_generic.cpp:325]   --->   Operation 183 'extractvalue' 'UV_632' <Predicate = true> <Delay = 0.00>
ST_8 : Operation 184 [1/1] (0.00ns) (grouped into LUT with out node tempReg_1066)   --->   "%UV_573 = extractvalue i128 %call_ret138" [src/generic/fp_generic.cpp:325]   --->   Operation 184 'extractvalue' 'UV_573' <Predicate = true> <Delay = 0.00>
ST_8 : Operation 185 [1/1] (1.14ns)   --->   "%v_694 = add i64 %UV_632, i64 %v_693" [src/generic/fp_generic.cpp:326]   --->   Operation 185 'add' 'v_694' <Predicate = true> <Delay = 1.14> <CoreInst = "Adder">   --->   Core 1 'Adder' <Latency = 0> <II = 1> <Delay = 1.14> <FuncUnit> <Opcode : 'add' 'sub'> <InPorts = 2> <OutPorts = 1>
ST_8 : Operation 186 [1/1] (1.43ns)   --->   "%tmp_469 = call i1 @is_digit_lessthan_ct, i64 %UV_632, i64 0" [src/generic/fp_generic.cpp:326]   --->   Operation 186 'call' 'tmp_469' <Predicate = true> <Delay = 1.43> <CoreType = "Generic">   --->   Generic Core
ST_8 : Operation 187 [1/1] (1.43ns)   --->   "%tmp_470 = call i1 @is_digit_lessthan_ct, i64 %v_694, i64 %UV_632" [src/generic/fp_generic.cpp:326]   --->   Operation 187 'call' 'tmp_470' <Predicate = true> <Delay = 1.43> <CoreType = "Generic">   --->   Generic Core
ST_8 : Operation 188 [1/1] (0.12ns)   --->   "%carry_1203 = or i1 %tmp_470, i1 %tmp_469" [src/generic/fp_generic.cpp:326]   --->   Operation 188 'or' 'carry_1203' <Predicate = true> <Delay = 0.12> <CoreInst = "LogicGate">   --->   Core 74 'LogicGate' <Latency = 0> <II = 1> <Delay = 0.12> <FuncUnit> <Opcode : 'and' 'or' 'xor'> <InPorts = 2> <OutPorts = 1>
ST_8 : Operation 189 [1/1] (0.00ns)   --->   "%zext_ln327_35 = zext i1 %carry_1203" [src/generic/fp_generic.cpp:327]   --->   Operation 189 'zext' 'zext_ln327_35' <Predicate = true> <Delay = 0.00>
ST_8 : Operation 190 [1/1] (1.14ns) (out node of the LUT)   --->   "%tempReg_1066 = add i64 %UV_573, i64 %zext_ln327_35" [src/generic/fp_generic.cpp:327]   --->   Operation 190 'add' 'tempReg_1066' <Predicate = true> <Delay = 1.14> <CoreInst = "Adder">   --->   Core 1 'Adder' <Latency = 0> <II = 1> <Delay = 1.14> <FuncUnit> <Opcode : 'add' 'sub'> <InPorts = 2> <OutPorts = 1>
ST_8 : Operation 191 [1/1] (1.14ns)   --->   "%u_524 = add i64 %tempReg_1066, i64 %u_523" [src/generic/fp_generic.cpp:327]   --->   Operation 191 'add' 'u_524' <Predicate = true> <Delay = 1.14> <CoreInst = "Adder">   --->   Core 1 'Adder' <Latency = 0> <II = 1> <Delay = 1.14> <FuncUnit> <Opcode : 'add' 'sub'> <InPorts = 2> <OutPorts = 1>
ST_8 : Operation 192 [1/2] (1.43ns)   --->   "%call_ret141 = call i128 @digit_x_digit, i64 %v_684, i64 12393906174523604992" [src/generic/fp_generic.cpp:325]   --->   Operation 192 'call' 'call_ret141' <Predicate = true> <Delay = 1.43> <CoreType = "Generic">   --->   Generic Core
ST_8 : Operation 193 [1/1] (0.00ns)   --->   "%UV_633 = extractvalue i128 %call_ret141" [src/generic/fp_generic.cpp:325]   --->   Operation 193 'extractvalue' 'UV_633' <Predicate = true> <Delay = 0.00>
ST_8 : Operation 194 [1/1] (0.00ns) (grouped into LUT with out node tempReg_1068)   --->   "%UV_574 = extractvalue i128 %call_ret141" [src/generic/fp_generic.cpp:325]   --->   Operation 194 'extractvalue' 'UV_574' <Predicate = true> <Delay = 0.00>
ST_8 : Operation 195 [1/1] (1.14ns)   --->   "%v_695 = add i64 %UV_633, i64 %v_694" [src/generic/fp_generic.cpp:326]   --->   Operation 195 'add' 'v_695' <Predicate = true> <Delay = 1.14> <CoreInst = "Adder">   --->   Core 1 'Adder' <Latency = 0> <II = 1> <Delay = 1.14> <FuncUnit> <Opcode : 'add' 'sub'> <InPorts = 2> <OutPorts = 1>
ST_8 : Operation 196 [1/1] (1.43ns)   --->   "%tmp_473 = call i1 @is_digit_lessthan_ct, i64 %UV_633, i64 0" [src/generic/fp_generic.cpp:326]   --->   Operation 196 'call' 'tmp_473' <Predicate = true> <Delay = 1.43> <CoreType = "Generic">   --->   Generic Core
ST_8 : Operation 197 [1/1] (1.43ns)   --->   "%tmp_474 = call i1 @is_digit_lessthan_ct, i64 %v_695, i64 %UV_633" [src/generic/fp_generic.cpp:326]   --->   Operation 197 'call' 'tmp_474' <Predicate = true> <Delay = 1.43> <CoreType = "Generic">   --->   Generic Core
ST_8 : Operation 198 [1/1] (0.12ns)   --->   "%carry_1205 = or i1 %tmp_474, i1 %tmp_473" [src/generic/fp_generic.cpp:326]   --->   Operation 198 'or' 'carry_1205' <Predicate = true> <Delay = 0.12> <CoreInst = "LogicGate">   --->   Core 74 'LogicGate' <Latency = 0> <II = 1> <Delay = 0.12> <FuncUnit> <Opcode : 'and' 'or' 'xor'> <InPorts = 2> <OutPorts = 1>
ST_8 : Operation 199 [1/1] (0.00ns)   --->   "%zext_ln327_36 = zext i1 %carry_1205" [src/generic/fp_generic.cpp:327]   --->   Operation 199 'zext' 'zext_ln327_36' <Predicate = true> <Delay = 0.00>
ST_8 : Operation 200 [1/1] (1.14ns) (out node of the LUT)   --->   "%tempReg_1068 = add i64 %UV_574, i64 %zext_ln327_36" [src/generic/fp_generic.cpp:327]   --->   Operation 200 'add' 'tempReg_1068' <Predicate = true> <Delay = 1.14> <CoreInst = "Adder">   --->   Core 1 'Adder' <Latency = 0> <II = 1> <Delay = 1.14> <FuncUnit> <Opcode : 'add' 'sub'> <InPorts = 2> <OutPorts = 1>
ST_8 : Operation 201 [1/2] ( I:0.71ns O:0.71ns )   --->   "%ma_1_load_16 = load i3 %ma_1_addr_16" [src/generic/fp_generic.cpp:331]   --->   Operation 201 'load' 'ma_1_load_16' <Predicate = true> <Delay = 0.71> <CoreInst = "RAM_1P">   --->   Core 87 'RAM_1P' <Latency = 1> <II = 1> <Delay = 0.71> <Storage> <Opcode : 'load' 'store'> <Ports = 1> <Width = 64> <Depth = 8> <RAM>
ST_8 : Operation 202 [1/1] (1.14ns)   --->   "%v_696 = add i64 %ma_1_load_16, i64 %v_695" [src/generic/fp_generic.cpp:331]   --->   Operation 202 'add' 'v_696' <Predicate = true> <Delay = 1.14> <CoreInst = "Adder">   --->   Core 1 'Adder' <Latency = 0> <II = 1> <Delay = 1.14> <FuncUnit> <Opcode : 'add' 'sub'> <InPorts = 2> <OutPorts = 1>
ST_8 : Operation 203 [1/1] (1.43ns)   --->   "%tmp_477 = call i1 @is_digit_lessthan_ct, i64 %v_695, i64 0" [src/generic/fp_generic.cpp:331]   --->   Operation 203 'call' 'tmp_477' <Predicate = true> <Delay = 1.43> <CoreType = "Generic">   --->   Generic Core
ST_8 : Operation 204 [1/1] (1.43ns)   --->   "%tmp_478 = call i1 @is_digit_lessthan_ct, i64 %v_696, i64 %v_695" [src/generic/fp_generic.cpp:331]   --->   Operation 204 'call' 'tmp_478' <Predicate = true> <Delay = 1.43> <CoreType = "Generic">   --->   Generic Core
ST_8 : Operation 205 [1/1] (0.12ns)   --->   "%carry_1207 = or i1 %tmp_478, i1 %tmp_477" [src/generic/fp_generic.cpp:331]   --->   Operation 205 'or' 'carry_1207' <Predicate = true> <Delay = 0.12> <CoreInst = "LogicGate">   --->   Core 74 'LogicGate' <Latency = 0> <II = 1> <Delay = 0.12> <FuncUnit> <Opcode : 'and' 'or' 'xor'> <InPorts = 2> <OutPorts = 1>
ST_8 : Operation 206 [2/2] (6.71ns)   --->   "%call_ret147 = call i128 @digit_x_digit, i64 %v_682, i64 1989455001339985327" [src/generic/fp_generic.cpp:325]   --->   Operation 206 'call' 'call_ret147' <Predicate = true> <Delay = 6.71> <CoreType = "Generic">   --->   Generic Core

State 9 <SV = 8> <Delay = 7.29>
ST_9 : Operation 207 [1/1] (0.12ns)   --->   "%carry_1299 = or i1 %tmp_468, i1 %tmp_467" [src/generic/fp_generic.cpp:327]   --->   Operation 207 'or' 'carry_1299' <Predicate = true> <Delay = 0.12> <CoreInst = "LogicGate">   --->   Core 74 'LogicGate' <Latency = 0> <II = 1> <Delay = 0.12> <FuncUnit> <Opcode : 'and' 'or' 'xor'> <InPorts = 2> <OutPorts = 1>
ST_9 : Operation 208 [1/1] (0.00ns)   --->   "%zext_ln303_56 = zext i1 %carry_1299" [src/generic/fp_generic.cpp:303]   --->   Operation 208 'zext' 'zext_ln303_56' <Predicate = true> <Delay = 0.00>
ST_9 : Operation 209 [1/1] (1.43ns)   --->   "%tmp_471 = call i1 @is_digit_lessthan_ct, i64 %tempReg_1066, i64 %zext_ln327_35" [src/generic/fp_generic.cpp:327]   --->   Operation 209 'call' 'tmp_471' <Predicate = true> <Delay = 1.43> <CoreType = "Generic">   --->   Generic Core
ST_9 : Operation 210 [1/1] (1.43ns)   --->   "%tmp_472 = call i1 @is_digit_lessthan_ct, i64 %u_524, i64 %tempReg_1066" [src/generic/fp_generic.cpp:327]   --->   Operation 210 'call' 'tmp_472' <Predicate = true> <Delay = 1.43> <CoreType = "Generic">   --->   Generic Core
ST_9 : Operation 211 [1/1] (0.12ns)   --->   "%carry_1204 = or i1 %tmp_472, i1 %tmp_471" [src/generic/fp_generic.cpp:327]   --->   Operation 211 'or' 'carry_1204' <Predicate = true> <Delay = 0.12> <CoreInst = "LogicGate">   --->   Core 74 'LogicGate' <Latency = 0> <II = 1> <Delay = 0.12> <FuncUnit> <Opcode : 'and' 'or' 'xor'> <InPorts = 2> <OutPorts = 1>
ST_9 : Operation 212 [1/1] (0.00ns)   --->   "%zext_ln325 = zext i1 %carry_1204" [src/generic/fp_generic.cpp:325]   --->   Operation 212 'zext' 'zext_ln325' <Predicate = true> <Delay = 0.00>
ST_9 : Operation 213 [1/1] (1.14ns)   --->   "%u_525 = add i64 %tempReg_1068, i64 %u_524" [src/generic/fp_generic.cpp:327]   --->   Operation 213 'add' 'u_525' <Predicate = true> <Delay = 1.14> <CoreInst = "Adder">   --->   Core 1 'Adder' <Latency = 0> <II = 1> <Delay = 1.14> <FuncUnit> <Opcode : 'add' 'sub'> <InPorts = 2> <OutPorts = 1>
ST_9 : Operation 214 [1/1] (1.43ns)   --->   "%tmp_475 = call i1 @is_digit_lessthan_ct, i64 %tempReg_1068, i64 %zext_ln327_36" [src/generic/fp_generic.cpp:327]   --->   Operation 214 'call' 'tmp_475' <Predicate = true> <Delay = 1.43> <CoreType = "Generic">   --->   Generic Core
ST_9 : Operation 215 [1/1] (1.43ns)   --->   "%tmp_476 = call i1 @is_digit_lessthan_ct, i64 %u_525, i64 %tempReg_1068" [src/generic/fp_generic.cpp:327]   --->   Operation 215 'call' 'tmp_476' <Predicate = true> <Delay = 1.43> <CoreType = "Generic">   --->   Generic Core
ST_9 : Operation 216 [1/1] (0.12ns)   --->   "%carry_1206 = or i1 %tmp_476, i1 %tmp_475" [src/generic/fp_generic.cpp:327]   --->   Operation 216 'or' 'carry_1206' <Predicate = true> <Delay = 0.12> <CoreInst = "LogicGate">   --->   Core 74 'LogicGate' <Latency = 0> <II = 1> <Delay = 0.12> <FuncUnit> <Opcode : 'and' 'or' 'xor'> <InPorts = 2> <OutPorts = 1>
ST_9 : Operation 217 [1/1] (0.00ns)   --->   "%zext_ln332_16 = zext i1 %carry_1207" [src/generic/fp_generic.cpp:332]   --->   Operation 217 'zext' 'zext_ln332_16' <Predicate = true> <Delay = 0.00>
ST_9 : Operation 218 [1/1] (1.14ns)   --->   "%tempReg_1147 = add i64 %u_525, i64 %zext_ln332_16" [src/generic/fp_generic.cpp:332]   --->   Operation 218 'add' 'tempReg_1147' <Predicate = true> <Delay = 1.14> <CoreInst = "Adder">   --->   Core 1 'Adder' <Latency = 0> <II = 1> <Delay = 1.14> <FuncUnit> <Opcode : 'add' 'sub'> <InPorts = 2> <OutPorts = 1>
ST_9 : Operation 219 [1/1] (1.43ns)   --->   "%tmp_479 = call i1 @is_digit_lessthan_ct, i64 %tempReg_1147, i64 %zext_ln332_16" [src/generic/fp_generic.cpp:332]   --->   Operation 219 'call' 'tmp_479' <Predicate = true> <Delay = 1.43> <CoreType = "Generic">   --->   Generic Core
ST_9 : Operation 220 [1/1] (1.43ns)   --->   "%tmp_480 = call i1 @is_digit_lessthan_ct, i64 %tempReg_1147, i64 %tempReg_1147" [src/generic/fp_generic.cpp:332]   --->   Operation 220 'call' 'tmp_480' <Predicate = true> <Delay = 1.43> <CoreType = "Generic">   --->   Generic Core
ST_9 : Operation 221 [1/1] (0.12ns)   --->   "%carry_1208 = or i1 %tmp_480, i1 %tmp_479" [src/generic/fp_generic.cpp:332]   --->   Operation 221 'or' 'carry_1208' <Predicate = true> <Delay = 0.12> <CoreInst = "LogicGate">   --->   Core 74 'LogicGate' <Latency = 0> <II = 1> <Delay = 0.12> <FuncUnit> <Opcode : 'and' 'or' 'xor'> <InPorts = 2> <OutPorts = 1>
ST_9 : Operation 222 [1/1] (0.00ns)   --->   "%zext_ln334_28 = zext i1 %carry_1208" [src/generic/fp_generic.cpp:334]   --->   Operation 222 'zext' 'zext_ln334_28' <Predicate = true> <Delay = 0.00>
ST_9 : Operation 223 [1/1] (0.00ns) (grouped into LUT with out node tempReg_1069)   --->   "%UV_575 = extractvalue i128 %call_ret144" [src/generic/fp_generic.cpp:325]   --->   Operation 223 'extractvalue' 'UV_575' <Predicate = true> <Delay = 0.00>
ST_9 : Operation 224 [1/1] (1.14ns)   --->   "%v_698 = add i64 %UV_634, i64 %tempReg_1147" [src/generic/fp_generic.cpp:326]   --->   Operation 224 'add' 'v_698' <Predicate = true> <Delay = 1.14> <CoreInst = "Adder">   --->   Core 1 'Adder' <Latency = 0> <II = 1> <Delay = 1.14> <FuncUnit> <Opcode : 'add' 'sub'> <InPorts = 2> <OutPorts = 1>
ST_9 : Operation 225 [1/1] (1.43ns)   --->   "%tmp_481 = call i1 @is_digit_lessthan_ct, i64 %UV_634, i64 0" [src/generic/fp_generic.cpp:326]   --->   Operation 225 'call' 'tmp_481' <Predicate = true> <Delay = 1.43> <CoreType = "Generic">   --->   Generic Core
ST_9 : Operation 226 [1/1] (1.43ns)   --->   "%tmp_482 = call i1 @is_digit_lessthan_ct, i64 %v_698, i64 %UV_634" [src/generic/fp_generic.cpp:326]   --->   Operation 226 'call' 'tmp_482' <Predicate = true> <Delay = 1.43> <CoreType = "Generic">   --->   Generic Core
ST_9 : Operation 227 [1/1] (0.12ns)   --->   "%carry_1209 = or i1 %tmp_482, i1 %tmp_481" [src/generic/fp_generic.cpp:326]   --->   Operation 227 'or' 'carry_1209' <Predicate = true> <Delay = 0.12> <CoreInst = "LogicGate">   --->   Core 74 'LogicGate' <Latency = 0> <II = 1> <Delay = 0.12> <FuncUnit> <Opcode : 'and' 'or' 'xor'> <InPorts = 2> <OutPorts = 1>
ST_9 : Operation 228 [1/1] (0.00ns)   --->   "%zext_ln327_37 = zext i1 %carry_1209" [src/generic/fp_generic.cpp:327]   --->   Operation 228 'zext' 'zext_ln327_37' <Predicate = true> <Delay = 0.00>
ST_9 : Operation 229 [1/1] (1.14ns) (out node of the LUT)   --->   "%tempReg_1069 = add i64 %UV_575, i64 %zext_ln327_37" [src/generic/fp_generic.cpp:327]   --->   Operation 229 'add' 'tempReg_1069' <Predicate = true> <Delay = 1.14> <CoreInst = "Adder">   --->   Core 1 'Adder' <Latency = 0> <II = 1> <Delay = 1.14> <FuncUnit> <Opcode : 'add' 'sub'> <InPorts = 2> <OutPorts = 1>
ST_9 : Operation 230 [1/1] (0.00ns) (grouped into TernaryAdder)   --->   "%add_ln327_266 = add i2 %zext_ln303_56, i2 %zext_ln325" [src/generic/fp_generic.cpp:327]   --->   Operation 230 'add' 'add_ln327_266' <Predicate = true> <Delay = 0.00> <CoreInst = "TAddSub">   --->   Core 10 'TAddSub' <Latency = 0> <II = 1> <Delay = 0.42> <IPBlock> <Opcode : '' 'add' 'sub'> <InPorts = 3> <OutPorts = 1> <Sync> <CReg>
ST_9 : Operation 231 [1/1] (0.14ns) (root node of TernaryAdder)   --->   "%add_ln327_267 = add i2 %add_ln327_266, i2 %zext_ln334_28" [src/generic/fp_generic.cpp:327]   --->   Operation 231 'add' 'add_ln327_267' <Predicate = true> <Delay = 0.14> <CoreInst = "TAddSub">   --->   Core 10 'TAddSub' <Latency = 0> <II = 1> <Delay = 0.42> <IPBlock> <Opcode : '' 'add' 'sub'> <InPorts = 3> <OutPorts = 1> <Sync> <CReg>
ST_9 : Operation 232 [1/2] (1.43ns)   --->   "%call_ret147 = call i128 @digit_x_digit, i64 %v_682, i64 1989455001339985327" [src/generic/fp_generic.cpp:325]   --->   Operation 232 'call' 'call_ret147' <Predicate = true> <Delay = 1.43> <CoreType = "Generic">   --->   Generic Core
ST_9 : Operation 233 [1/1] (0.00ns)   --->   "%UV_635 = extractvalue i128 %call_ret147" [src/generic/fp_generic.cpp:325]   --->   Operation 233 'extractvalue' 'UV_635' <Predicate = true> <Delay = 0.00>
ST_9 : Operation 234 [1/1] (0.00ns) (grouped into LUT with out node tempReg_1071)   --->   "%UV_576 = extractvalue i128 %call_ret147" [src/generic/fp_generic.cpp:325]   --->   Operation 234 'extractvalue' 'UV_576' <Predicate = true> <Delay = 0.00>
ST_9 : Operation 235 [1/1] (1.14ns)   --->   "%v_699 = add i64 %UV_635, i64 %v_698" [src/generic/fp_generic.cpp:326]   --->   Operation 235 'add' 'v_699' <Predicate = true> <Delay = 1.14> <CoreInst = "Adder">   --->   Core 1 'Adder' <Latency = 0> <II = 1> <Delay = 1.14> <FuncUnit> <Opcode : 'add' 'sub'> <InPorts = 2> <OutPorts = 1>
ST_9 : Operation 236 [1/1] (1.43ns)   --->   "%tmp_485 = call i1 @is_digit_lessthan_ct, i64 %UV_635, i64 0" [src/generic/fp_generic.cpp:326]   --->   Operation 236 'call' 'tmp_485' <Predicate = true> <Delay = 1.43> <CoreType = "Generic">   --->   Generic Core
ST_9 : Operation 237 [1/1] (1.43ns)   --->   "%tmp_486 = call i1 @is_digit_lessthan_ct, i64 %v_699, i64 %UV_635" [src/generic/fp_generic.cpp:326]   --->   Operation 237 'call' 'tmp_486' <Predicate = true> <Delay = 1.43> <CoreType = "Generic">   --->   Generic Core
ST_9 : Operation 238 [1/1] (0.12ns)   --->   "%carry_1211 = or i1 %tmp_486, i1 %tmp_485" [src/generic/fp_generic.cpp:326]   --->   Operation 238 'or' 'carry_1211' <Predicate = true> <Delay = 0.12> <CoreInst = "LogicGate">   --->   Core 74 'LogicGate' <Latency = 0> <II = 1> <Delay = 0.12> <FuncUnit> <Opcode : 'and' 'or' 'xor'> <InPorts = 2> <OutPorts = 1>
ST_9 : Operation 239 [1/1] (0.00ns)   --->   "%zext_ln327_38 = zext i1 %carry_1211" [src/generic/fp_generic.cpp:327]   --->   Operation 239 'zext' 'zext_ln327_38' <Predicate = true> <Delay = 0.00>
ST_9 : Operation 240 [1/1] (1.14ns) (out node of the LUT)   --->   "%tempReg_1071 = add i64 %UV_576, i64 %zext_ln327_38" [src/generic/fp_generic.cpp:327]   --->   Operation 240 'add' 'tempReg_1071' <Predicate = true> <Delay = 1.14> <CoreInst = "Adder">   --->   Core 1 'Adder' <Latency = 0> <II = 1> <Delay = 1.14> <FuncUnit> <Opcode : 'add' 'sub'> <InPorts = 2> <OutPorts = 1>
ST_9 : Operation 241 [2/2] (6.71ns)   --->   "%call_ret150 = call i128 @digit_x_digit, i64 %v_684, i64 1371447078966912928" [src/generic/fp_generic.cpp:325]   --->   Operation 241 'call' 'call_ret150' <Predicate = true> <Delay = 6.71> <CoreType = "Generic">   --->   Generic Core
ST_9 : Operation 242 [2/2] (6.71ns)   --->   "%call_ret153 = call i128 @digit_x_digit, i64 %v_687, i64 12393906174523604992" [src/generic/fp_generic.cpp:325]   --->   Operation 242 'call' 'call_ret153' <Predicate = true> <Delay = 6.71> <CoreType = "Generic">   --->   Generic Core
ST_9 : Operation 243 [1/1] (0.00ns)   --->   "%ma_0_addr_17 = getelementptr i64 %ma_0, i64 0, i64 3" [src/generic/fp_generic.cpp:331]   --->   Operation 243 'getelementptr' 'ma_0_addr_17' <Predicate = true> <Delay = 0.00>
ST_9 : Operation 244 [2/2] (0.71ns)   --->   "%ma_0_load_14 = load i3 %ma_0_addr_17" [src/generic/fp_generic.cpp:331]   --->   Operation 244 'load' 'ma_0_load_14' <Predicate = true> <Delay = 0.71> <CoreInst = "RAM_1P">   --->   Core 87 'RAM_1P' <Latency = 1> <II = 1> <Delay = 0.71> <Storage> <Opcode : 'load' 'store'> <Ports = 1> <Width = 64> <Depth = 8> <RAM>

State 10 <SV = 9> <Delay = 6.72>
ST_10 : Operation 245 [1/1] (0.00ns)   --->   "%zext_ln328_8 = zext i1 %carry_1206" [src/generic/fp_generic.cpp:328]   --->   Operation 245 'zext' 'zext_ln328_8' <Predicate = true> <Delay = 0.00>
ST_10 : Operation 246 [1/1] (0.00ns) (grouped into TernaryAdder)   --->   "%add_ln327_265 = add i64 %tempReg_1069, i64 %zext_ln328_8" [src/generic/fp_generic.cpp:327]   --->   Operation 246 'add' 'add_ln327_265' <Predicate = true> <Delay = 0.00> <CoreInst = "TAddSub">   --->   Core 10 'TAddSub' <Latency = 0> <II = 1> <Delay = 0.42> <IPBlock> <Opcode : '' 'add' 'sub'> <InPorts = 3> <OutPorts = 1> <Sync> <CReg>
ST_10 : Operation 247 [1/1] (0.00ns)   --->   "%zext_ln327_73 = zext i2 %add_ln327_267" [src/generic/fp_generic.cpp:327]   --->   Operation 247 'zext' 'zext_ln327_73' <Predicate = true> <Delay = 0.00>
ST_10 : Operation 248 [1/1] (0.84ns) (root node of TernaryAdder)   --->   "%u_527 = add i64 %zext_ln327_73, i64 %add_ln327_265" [src/generic/fp_generic.cpp:327]   --->   Operation 248 'add' 'u_527' <Predicate = true> <Delay = 0.84> <CoreInst = "TAddSub">   --->   Core 10 'TAddSub' <Latency = 0> <II = 1> <Delay = 0.42> <IPBlock> <Opcode : '' 'add' 'sub'> <InPorts = 3> <OutPorts = 1> <Sync> <CReg>
ST_10 : Operation 249 [1/1] (1.43ns)   --->   "%tmp_483 = call i1 @is_digit_lessthan_ct, i64 %tempReg_1069, i64 %zext_ln327_37" [src/generic/fp_generic.cpp:327]   --->   Operation 249 'call' 'tmp_483' <Predicate = true> <Delay = 1.43> <CoreType = "Generic">   --->   Generic Core
ST_10 : Operation 250 [1/1] (1.43ns)   --->   "%tmp_484 = call i1 @is_digit_lessthan_ct, i64 %u_527, i64 %tempReg_1069" [src/generic/fp_generic.cpp:327]   --->   Operation 250 'call' 'tmp_484' <Predicate = true> <Delay = 1.43> <CoreType = "Generic">   --->   Generic Core
ST_10 : Operation 251 [1/1] (0.12ns)   --->   "%carry_1300 = or i1 %tmp_484, i1 %tmp_483" [src/generic/fp_generic.cpp:327]   --->   Operation 251 'or' 'carry_1300' <Predicate = true> <Delay = 0.12> <CoreInst = "LogicGate">   --->   Core 74 'LogicGate' <Latency = 0> <II = 1> <Delay = 0.12> <FuncUnit> <Opcode : 'and' 'or' 'xor'> <InPorts = 2> <OutPorts = 1>
ST_10 : Operation 252 [1/1] (1.14ns)   --->   "%u_528 = add i64 %tempReg_1071, i64 %u_527" [src/generic/fp_generic.cpp:327]   --->   Operation 252 'add' 'u_528' <Predicate = true> <Delay = 1.14> <CoreInst = "Adder">   --->   Core 1 'Adder' <Latency = 0> <II = 1> <Delay = 1.14> <FuncUnit> <Opcode : 'add' 'sub'> <InPorts = 2> <OutPorts = 1>
ST_10 : Operation 253 [1/1] (1.43ns)   --->   "%tmp_487 = call i1 @is_digit_lessthan_ct, i64 %tempReg_1071, i64 %zext_ln327_38" [src/generic/fp_generic.cpp:327]   --->   Operation 253 'call' 'tmp_487' <Predicate = true> <Delay = 1.43> <CoreType = "Generic">   --->   Generic Core
ST_10 : Operation 254 [1/1] (1.43ns)   --->   "%tmp_488 = call i1 @is_digit_lessthan_ct, i64 %u_528, i64 %tempReg_1071" [src/generic/fp_generic.cpp:327]   --->   Operation 254 'call' 'tmp_488' <Predicate = true> <Delay = 1.43> <CoreType = "Generic">   --->   Generic Core
ST_10 : Operation 255 [1/1] (0.12ns)   --->   "%carry_1212 = or i1 %tmp_488, i1 %tmp_487" [src/generic/fp_generic.cpp:327]   --->   Operation 255 'or' 'carry_1212' <Predicate = true> <Delay = 0.12> <CoreInst = "LogicGate">   --->   Core 74 'LogicGate' <Latency = 0> <II = 1> <Delay = 0.12> <FuncUnit> <Opcode : 'and' 'or' 'xor'> <InPorts = 2> <OutPorts = 1>
ST_10 : Operation 256 [1/2] (1.43ns)   --->   "%call_ret150 = call i128 @digit_x_digit, i64 %v_684, i64 1371447078966912928" [src/generic/fp_generic.cpp:325]   --->   Operation 256 'call' 'call_ret150' <Predicate = true> <Delay = 1.43> <CoreType = "Generic">   --->   Generic Core
ST_10 : Operation 257 [1/1] (0.00ns)   --->   "%UV_636 = extractvalue i128 %call_ret150" [src/generic/fp_generic.cpp:325]   --->   Operation 257 'extractvalue' 'UV_636' <Predicate = true> <Delay = 0.00>
ST_10 : Operation 258 [1/1] (0.00ns) (grouped into LUT with out node tempReg_1073)   --->   "%UV_577 = extractvalue i128 %call_ret150" [src/generic/fp_generic.cpp:325]   --->   Operation 258 'extractvalue' 'UV_577' <Predicate = true> <Delay = 0.00>
ST_10 : Operation 259 [1/1] (1.14ns)   --->   "%v_700 = add i64 %UV_636, i64 %v_699" [src/generic/fp_generic.cpp:326]   --->   Operation 259 'add' 'v_700' <Predicate = true> <Delay = 1.14> <CoreInst = "Adder">   --->   Core 1 'Adder' <Latency = 0> <II = 1> <Delay = 1.14> <FuncUnit> <Opcode : 'add' 'sub'> <InPorts = 2> <OutPorts = 1>
ST_10 : Operation 260 [1/1] (1.43ns)   --->   "%tmp_489 = call i1 @is_digit_lessthan_ct, i64 %UV_636, i64 0" [src/generic/fp_generic.cpp:326]   --->   Operation 260 'call' 'tmp_489' <Predicate = true> <Delay = 1.43> <CoreType = "Generic">   --->   Generic Core
ST_10 : Operation 261 [1/1] (1.43ns)   --->   "%tmp_490 = call i1 @is_digit_lessthan_ct, i64 %v_700, i64 %UV_636" [src/generic/fp_generic.cpp:326]   --->   Operation 261 'call' 'tmp_490' <Predicate = true> <Delay = 1.43> <CoreType = "Generic">   --->   Generic Core
ST_10 : Operation 262 [1/1] (0.12ns)   --->   "%carry_1213 = or i1 %tmp_490, i1 %tmp_489" [src/generic/fp_generic.cpp:326]   --->   Operation 262 'or' 'carry_1213' <Predicate = true> <Delay = 0.12> <CoreInst = "LogicGate">   --->   Core 74 'LogicGate' <Latency = 0> <II = 1> <Delay = 0.12> <FuncUnit> <Opcode : 'and' 'or' 'xor'> <InPorts = 2> <OutPorts = 1>
ST_10 : Operation 263 [1/1] (0.00ns)   --->   "%zext_ln327_39 = zext i1 %carry_1213" [src/generic/fp_generic.cpp:327]   --->   Operation 263 'zext' 'zext_ln327_39' <Predicate = true> <Delay = 0.00>
ST_10 : Operation 264 [1/1] (1.14ns) (out node of the LUT)   --->   "%tempReg_1073 = add i64 %UV_577, i64 %zext_ln327_39" [src/generic/fp_generic.cpp:327]   --->   Operation 264 'add' 'tempReg_1073' <Predicate = true> <Delay = 1.14> <CoreInst = "Adder">   --->   Core 1 'Adder' <Latency = 0> <II = 1> <Delay = 1.14> <FuncUnit> <Opcode : 'add' 'sub'> <InPorts = 2> <OutPorts = 1>
ST_10 : Operation 265 [1/1] (1.14ns)   --->   "%u_529 = add i64 %tempReg_1073, i64 %u_528" [src/generic/fp_generic.cpp:327]   --->   Operation 265 'add' 'u_529' <Predicate = true> <Delay = 1.14> <CoreInst = "Adder">   --->   Core 1 'Adder' <Latency = 0> <II = 1> <Delay = 1.14> <FuncUnit> <Opcode : 'add' 'sub'> <InPorts = 2> <OutPorts = 1>
ST_10 : Operation 266 [1/1] (1.43ns)   --->   "%tmp_491 = call i1 @is_digit_lessthan_ct, i64 %tempReg_1073, i64 %zext_ln327_39" [src/generic/fp_generic.cpp:327]   --->   Operation 266 'call' 'tmp_491' <Predicate = true> <Delay = 1.43> <CoreType = "Generic">   --->   Generic Core
ST_10 : Operation 267 [1/2] (1.43ns)   --->   "%call_ret153 = call i128 @digit_x_digit, i64 %v_687, i64 12393906174523604992" [src/generic/fp_generic.cpp:325]   --->   Operation 267 'call' 'call_ret153' <Predicate = true> <Delay = 1.43> <CoreType = "Generic">   --->   Generic Core
ST_10 : Operation 268 [1/1] (0.00ns)   --->   "%UV_637 = extractvalue i128 %call_ret153" [src/generic/fp_generic.cpp:325]   --->   Operation 268 'extractvalue' 'UV_637' <Predicate = true> <Delay = 0.00>
ST_10 : Operation 269 [1/1] (0.00ns) (grouped into LUT with out node tempReg_1075)   --->   "%UV_578 = extractvalue i128 %call_ret153" [src/generic/fp_generic.cpp:325]   --->   Operation 269 'extractvalue' 'UV_578' <Predicate = true> <Delay = 0.00>
ST_10 : Operation 270 [1/1] (1.14ns)   --->   "%v_701 = add i64 %UV_637, i64 %v_700" [src/generic/fp_generic.cpp:326]   --->   Operation 270 'add' 'v_701' <Predicate = true> <Delay = 1.14> <CoreInst = "Adder">   --->   Core 1 'Adder' <Latency = 0> <II = 1> <Delay = 1.14> <FuncUnit> <Opcode : 'add' 'sub'> <InPorts = 2> <OutPorts = 1>
ST_10 : Operation 271 [1/1] (1.43ns)   --->   "%tmp_493 = call i1 @is_digit_lessthan_ct, i64 %UV_637, i64 0" [src/generic/fp_generic.cpp:326]   --->   Operation 271 'call' 'tmp_493' <Predicate = true> <Delay = 1.43> <CoreType = "Generic">   --->   Generic Core
ST_10 : Operation 272 [1/1] (1.43ns)   --->   "%tmp_494 = call i1 @is_digit_lessthan_ct, i64 %v_701, i64 %UV_637" [src/generic/fp_generic.cpp:326]   --->   Operation 272 'call' 'tmp_494' <Predicate = true> <Delay = 1.43> <CoreType = "Generic">   --->   Generic Core
ST_10 : Operation 273 [1/1] (0.12ns)   --->   "%carry_1215 = or i1 %tmp_494, i1 %tmp_493" [src/generic/fp_generic.cpp:326]   --->   Operation 273 'or' 'carry_1215' <Predicate = true> <Delay = 0.12> <CoreInst = "LogicGate">   --->   Core 74 'LogicGate' <Latency = 0> <II = 1> <Delay = 0.12> <FuncUnit> <Opcode : 'and' 'or' 'xor'> <InPorts = 2> <OutPorts = 1>
ST_10 : Operation 274 [1/1] (0.00ns)   --->   "%zext_ln327_40 = zext i1 %carry_1215" [src/generic/fp_generic.cpp:327]   --->   Operation 274 'zext' 'zext_ln327_40' <Predicate = true> <Delay = 0.00>
ST_10 : Operation 275 [1/1] (1.14ns) (out node of the LUT)   --->   "%tempReg_1075 = add i64 %UV_578, i64 %zext_ln327_40" [src/generic/fp_generic.cpp:327]   --->   Operation 275 'add' 'tempReg_1075' <Predicate = true> <Delay = 1.14> <CoreInst = "Adder">   --->   Core 1 'Adder' <Latency = 0> <II = 1> <Delay = 1.14> <FuncUnit> <Opcode : 'add' 'sub'> <InPorts = 2> <OutPorts = 1>
ST_10 : Operation 276 [1/2] ( I:0.71ns O:0.71ns )   --->   "%ma_0_load_14 = load i3 %ma_0_addr_17" [src/generic/fp_generic.cpp:331]   --->   Operation 276 'load' 'ma_0_load_14' <Predicate = true> <Delay = 0.71> <CoreInst = "RAM_1P">   --->   Core 87 'RAM_1P' <Latency = 1> <II = 1> <Delay = 0.71> <Storage> <Opcode : 'load' 'store'> <Ports = 1> <Width = 64> <Depth = 8> <RAM>
ST_10 : Operation 277 [1/1] (1.14ns)   --->   "%v_702 = add i64 %ma_0_load_14, i64 %v_701" [src/generic/fp_generic.cpp:331]   --->   Operation 277 'add' 'v_702' <Predicate = true> <Delay = 1.14> <CoreInst = "Adder">   --->   Core 1 'Adder' <Latency = 0> <II = 1> <Delay = 1.14> <FuncUnit> <Opcode : 'add' 'sub'> <InPorts = 2> <OutPorts = 1>
ST_10 : Operation 278 [1/1] (1.43ns)   --->   "%tmp_497 = call i1 @is_digit_lessthan_ct, i64 %v_701, i64 0" [src/generic/fp_generic.cpp:331]   --->   Operation 278 'call' 'tmp_497' <Predicate = true> <Delay = 1.43> <CoreType = "Generic">   --->   Generic Core
ST_10 : Operation 279 [1/1] (1.43ns)   --->   "%tmp_498 = call i1 @is_digit_lessthan_ct, i64 %v_702, i64 %v_701" [src/generic/fp_generic.cpp:331]   --->   Operation 279 'call' 'tmp_498' <Predicate = true> <Delay = 1.43> <CoreType = "Generic">   --->   Generic Core
ST_10 : Operation 280 [1/1] (0.12ns)   --->   "%carry_1217 = or i1 %tmp_498, i1 %tmp_497" [src/generic/fp_generic.cpp:331]   --->   Operation 280 'or' 'carry_1217' <Predicate = true> <Delay = 0.12> <CoreInst = "LogicGate">   --->   Core 74 'LogicGate' <Latency = 0> <II = 1> <Delay = 0.12> <FuncUnit> <Opcode : 'and' 'or' 'xor'> <InPorts = 2> <OutPorts = 1>
ST_10 : Operation 281 [2/2] (6.71ns)   --->   "%call_ret159 = call i128 @digit_x_digit, i64 %v_682, i64 6937169319750509776" [src/generic/fp_generic.cpp:325]   --->   Operation 281 'call' 'call_ret159' <Predicate = true> <Delay = 6.71> <CoreType = "Generic">   --->   Generic Core

State 11 <SV = 10> <Delay = 7.29>
ST_11 : Operation 282 [1/1] (0.00ns)   --->   "%zext_ln303_57 = zext i1 %carry_1300" [src/generic/fp_generic.cpp:303]   --->   Operation 282 'zext' 'zext_ln303_57' <Predicate = true> <Delay = 0.00>
ST_11 : Operation 283 [1/1] (0.00ns)   --->   "%zext_ln325_36 = zext i1 %carry_1212" [src/generic/fp_generic.cpp:325]   --->   Operation 283 'zext' 'zext_ln325_36' <Predicate = true> <Delay = 0.00>
ST_11 : Operation 284 [1/1] (1.43ns)   --->   "%tmp_492 = call i1 @is_digit_lessthan_ct, i64 %u_529, i64 %tempReg_1073" [src/generic/fp_generic.cpp:327]   --->   Operation 284 'call' 'tmp_492' <Predicate = true> <Delay = 1.43> <CoreType = "Generic">   --->   Generic Core
ST_11 : Operation 285 [1/1] (0.12ns)   --->   "%carry_1214 = or i1 %tmp_492, i1 %tmp_491" [src/generic/fp_generic.cpp:327]   --->   Operation 285 'or' 'carry_1214' <Predicate = true> <Delay = 0.12> <CoreInst = "LogicGate">   --->   Core 74 'LogicGate' <Latency = 0> <II = 1> <Delay = 0.12> <FuncUnit> <Opcode : 'and' 'or' 'xor'> <InPorts = 2> <OutPorts = 1>
ST_11 : Operation 286 [1/1] (0.00ns)   --->   "%zext_ln325_37 = zext i1 %carry_1214" [src/generic/fp_generic.cpp:325]   --->   Operation 286 'zext' 'zext_ln325_37' <Predicate = true> <Delay = 0.00>
ST_11 : Operation 287 [1/1] (1.14ns)   --->   "%u_530 = add i64 %tempReg_1075, i64 %u_529" [src/generic/fp_generic.cpp:327]   --->   Operation 287 'add' 'u_530' <Predicate = true> <Delay = 1.14> <CoreInst = "Adder">   --->   Core 1 'Adder' <Latency = 0> <II = 1> <Delay = 1.14> <FuncUnit> <Opcode : 'add' 'sub'> <InPorts = 2> <OutPorts = 1>
ST_11 : Operation 288 [1/1] (1.43ns)   --->   "%tmp_495 = call i1 @is_digit_lessthan_ct, i64 %tempReg_1075, i64 %zext_ln327_40" [src/generic/fp_generic.cpp:327]   --->   Operation 288 'call' 'tmp_495' <Predicate = true> <Delay = 1.43> <CoreType = "Generic">   --->   Generic Core
ST_11 : Operation 289 [1/1] (1.43ns)   --->   "%tmp_496 = call i1 @is_digit_lessthan_ct, i64 %u_530, i64 %tempReg_1075" [src/generic/fp_generic.cpp:327]   --->   Operation 289 'call' 'tmp_496' <Predicate = true> <Delay = 1.43> <CoreType = "Generic">   --->   Generic Core
ST_11 : Operation 290 [1/1] (0.00ns) (grouped into LUT with out node add_ln327_276)   --->   "%carry_1216 = or i1 %tmp_496, i1 %tmp_495" [src/generic/fp_generic.cpp:327]   --->   Operation 290 'or' 'carry_1216' <Predicate = true> <Delay = 0.00> <CoreInst = "LogicGate">   --->   Core 74 'LogicGate' <Latency = 0> <II = 1> <Delay = 0.12> <FuncUnit> <Opcode : 'and' 'or' 'xor'> <InPorts = 2> <OutPorts = 1>
ST_11 : Operation 291 [1/1] (0.00ns) (grouped into LUT with out node add_ln327_276)   --->   "%zext_ln331_15 = zext i1 %carry_1216" [src/generic/fp_generic.cpp:331]   --->   Operation 291 'zext' 'zext_ln331_15' <Predicate = true> <Delay = 0.00>
ST_11 : Operation 292 [1/1] (0.00ns)   --->   "%zext_ln332_17 = zext i1 %carry_1217" [src/generic/fp_generic.cpp:332]   --->   Operation 292 'zext' 'zext_ln332_17' <Predicate = true> <Delay = 0.00>
ST_11 : Operation 293 [1/1] (1.14ns)   --->   "%tempReg = add i64 %u_530, i64 %zext_ln332_17" [src/generic/fp_generic.cpp:332]   --->   Operation 293 'add' 'tempReg' <Predicate = true> <Delay = 1.14> <CoreInst = "Adder">   --->   Core 1 'Adder' <Latency = 0> <II = 1> <Delay = 1.14> <FuncUnit> <Opcode : 'add' 'sub'> <InPorts = 2> <OutPorts = 1>
ST_11 : Operation 294 [1/1] (1.43ns)   --->   "%tmp_499 = call i1 @is_digit_lessthan_ct, i64 %tempReg, i64 %zext_ln332_17" [src/generic/fp_generic.cpp:332]   --->   Operation 294 'call' 'tmp_499' <Predicate = true> <Delay = 1.43> <CoreType = "Generic">   --->   Generic Core
ST_11 : Operation 295 [1/1] (1.43ns)   --->   "%tmp_500 = call i1 @is_digit_lessthan_ct, i64 %tempReg, i64 %tempReg" [src/generic/fp_generic.cpp:332]   --->   Operation 295 'call' 'tmp_500' <Predicate = true> <Delay = 1.43> <CoreType = "Generic">   --->   Generic Core
ST_11 : Operation 296 [1/1] (0.00ns) (grouped into LUT with out node add_ln327_276)   --->   "%carry_1218 = or i1 %tmp_500, i1 %tmp_499" [src/generic/fp_generic.cpp:332]   --->   Operation 296 'or' 'carry_1218' <Predicate = true> <Delay = 0.00> <CoreInst = "LogicGate">   --->   Core 74 'LogicGate' <Latency = 0> <II = 1> <Delay = 0.12> <FuncUnit> <Opcode : 'and' 'or' 'xor'> <InPorts = 2> <OutPorts = 1>
ST_11 : Operation 297 [1/1] (0.00ns) (grouped into LUT with out node add_ln327_276)   --->   "%zext_ln334_29 = zext i1 %carry_1218" [src/generic/fp_generic.cpp:334]   --->   Operation 297 'zext' 'zext_ln334_29' <Predicate = true> <Delay = 0.00>
ST_11 : Operation 298 [1/1] (0.00ns) (grouped into LUT with out node tempReg_1078)   --->   "%UV_579 = extractvalue i128 %call_ret156" [src/generic/fp_generic.cpp:325]   --->   Operation 298 'extractvalue' 'UV_579' <Predicate = true> <Delay = 0.00>
ST_11 : Operation 299 [1/1] (1.14ns)   --->   "%v_704 = add i64 %UV_638, i64 %tempReg" [src/generic/fp_generic.cpp:326]   --->   Operation 299 'add' 'v_704' <Predicate = true> <Delay = 1.14> <CoreInst = "Adder">   --->   Core 1 'Adder' <Latency = 0> <II = 1> <Delay = 1.14> <FuncUnit> <Opcode : 'add' 'sub'> <InPorts = 2> <OutPorts = 1>
ST_11 : Operation 300 [1/1] (1.43ns)   --->   "%tmp_501 = call i1 @is_digit_lessthan_ct, i64 %UV_638, i64 0" [src/generic/fp_generic.cpp:326]   --->   Operation 300 'call' 'tmp_501' <Predicate = true> <Delay = 1.43> <CoreType = "Generic">   --->   Generic Core
ST_11 : Operation 301 [1/1] (1.43ns)   --->   "%tmp_502 = call i1 @is_digit_lessthan_ct, i64 %v_704, i64 %UV_638" [src/generic/fp_generic.cpp:326]   --->   Operation 301 'call' 'tmp_502' <Predicate = true> <Delay = 1.43> <CoreType = "Generic">   --->   Generic Core
ST_11 : Operation 302 [1/1] (0.12ns)   --->   "%carry_1219 = or i1 %tmp_502, i1 %tmp_501" [src/generic/fp_generic.cpp:326]   --->   Operation 302 'or' 'carry_1219' <Predicate = true> <Delay = 0.12> <CoreInst = "LogicGate">   --->   Core 74 'LogicGate' <Latency = 0> <II = 1> <Delay = 0.12> <FuncUnit> <Opcode : 'and' 'or' 'xor'> <InPorts = 2> <OutPorts = 1>
ST_11 : Operation 303 [1/1] (0.00ns)   --->   "%zext_ln327_41 = zext i1 %carry_1219" [src/generic/fp_generic.cpp:327]   --->   Operation 303 'zext' 'zext_ln327_41' <Predicate = true> <Delay = 0.00>
ST_11 : Operation 304 [1/1] (1.14ns) (out node of the LUT)   --->   "%tempReg_1078 = add i64 %UV_579, i64 %zext_ln327_41" [src/generic/fp_generic.cpp:327]   --->   Operation 304 'add' 'tempReg_1078' <Predicate = true> <Delay = 1.14> <CoreInst = "Adder">   --->   Core 1 'Adder' <Latency = 0> <II = 1> <Delay = 1.14> <FuncUnit> <Opcode : 'add' 'sub'> <InPorts = 2> <OutPorts = 1>
ST_11 : Operation 305 [1/1] (0.43ns) (out node of the LUT)   --->   "%add_ln327_276 = add i2 %zext_ln331_15, i2 %zext_ln334_29" [src/generic/fp_generic.cpp:327]   --->   Operation 305 'add' 'add_ln327_276' <Predicate = true> <Delay = 0.43> <CoreInst = "Adder">   --->   Core 1 'Adder' <Latency = 0> <II = 1> <Delay = 0.43> <FuncUnit> <Opcode : 'add' 'sub'> <InPorts = 2> <OutPorts = 1>
ST_11 : Operation 306 [1/1] (0.00ns) (grouped into TernaryAdder)   --->   "%add_ln327_278 = add i2 %zext_ln303_57, i2 %zext_ln325_36" [src/generic/fp_generic.cpp:327]   --->   Operation 306 'add' 'add_ln327_278' <Predicate = true> <Delay = 0.00> <CoreInst = "TAddSub">   --->   Core 10 'TAddSub' <Latency = 0> <II = 1> <Delay = 0.42> <IPBlock> <Opcode : '' 'add' 'sub'> <InPorts = 3> <OutPorts = 1> <Sync> <CReg>
ST_11 : Operation 307 [1/1] (0.14ns) (root node of TernaryAdder)   --->   "%add_ln327_279 = add i2 %add_ln327_278, i2 %zext_ln325_37" [src/generic/fp_generic.cpp:327]   --->   Operation 307 'add' 'add_ln327_279' <Predicate = true> <Delay = 0.14> <CoreInst = "TAddSub">   --->   Core 10 'TAddSub' <Latency = 0> <II = 1> <Delay = 0.42> <IPBlock> <Opcode : '' 'add' 'sub'> <InPorts = 3> <OutPorts = 1> <Sync> <CReg>
ST_11 : Operation 308 [1/2] (1.43ns)   --->   "%call_ret159 = call i128 @digit_x_digit, i64 %v_682, i64 6937169319750509776" [src/generic/fp_generic.cpp:325]   --->   Operation 308 'call' 'call_ret159' <Predicate = true> <Delay = 1.43> <CoreType = "Generic">   --->   Generic Core
ST_11 : Operation 309 [1/1] (0.00ns)   --->   "%UV_639 = extractvalue i128 %call_ret159" [src/generic/fp_generic.cpp:325]   --->   Operation 309 'extractvalue' 'UV_639' <Predicate = true> <Delay = 0.00>
ST_11 : Operation 310 [1/1] (0.00ns) (grouped into LUT with out node tempReg_1080)   --->   "%UV_580 = extractvalue i128 %call_ret159" [src/generic/fp_generic.cpp:325]   --->   Operation 310 'extractvalue' 'UV_580' <Predicate = true> <Delay = 0.00>
ST_11 : Operation 311 [1/1] (1.14ns)   --->   "%v_705 = add i64 %UV_639, i64 %v_704" [src/generic/fp_generic.cpp:326]   --->   Operation 311 'add' 'v_705' <Predicate = true> <Delay = 1.14> <CoreInst = "Adder">   --->   Core 1 'Adder' <Latency = 0> <II = 1> <Delay = 1.14> <FuncUnit> <Opcode : 'add' 'sub'> <InPorts = 2> <OutPorts = 1>
ST_11 : Operation 312 [1/1] (1.43ns)   --->   "%tmp_505 = call i1 @is_digit_lessthan_ct, i64 %UV_639, i64 0" [src/generic/fp_generic.cpp:326]   --->   Operation 312 'call' 'tmp_505' <Predicate = true> <Delay = 1.43> <CoreType = "Generic">   --->   Generic Core
ST_11 : Operation 313 [1/1] (1.43ns)   --->   "%tmp_506 = call i1 @is_digit_lessthan_ct, i64 %v_705, i64 %UV_639" [src/generic/fp_generic.cpp:326]   --->   Operation 313 'call' 'tmp_506' <Predicate = true> <Delay = 1.43> <CoreType = "Generic">   --->   Generic Core
ST_11 : Operation 314 [1/1] (0.12ns)   --->   "%carry_1221 = or i1 %tmp_506, i1 %tmp_505" [src/generic/fp_generic.cpp:326]   --->   Operation 314 'or' 'carry_1221' <Predicate = true> <Delay = 0.12> <CoreInst = "LogicGate">   --->   Core 74 'LogicGate' <Latency = 0> <II = 1> <Delay = 0.12> <FuncUnit> <Opcode : 'and' 'or' 'xor'> <InPorts = 2> <OutPorts = 1>
ST_11 : Operation 315 [1/1] (0.00ns)   --->   "%zext_ln327_42 = zext i1 %carry_1221" [src/generic/fp_generic.cpp:327]   --->   Operation 315 'zext' 'zext_ln327_42' <Predicate = true> <Delay = 0.00>
ST_11 : Operation 316 [1/1] (1.14ns) (out node of the LUT)   --->   "%tempReg_1080 = add i64 %UV_580, i64 %zext_ln327_42" [src/generic/fp_generic.cpp:327]   --->   Operation 316 'add' 'tempReg_1080' <Predicate = true> <Delay = 1.14> <CoreInst = "Adder">   --->   Core 1 'Adder' <Latency = 0> <II = 1> <Delay = 1.14> <FuncUnit> <Opcode : 'add' 'sub'> <InPorts = 2> <OutPorts = 1>
ST_11 : Operation 317 [2/2] (6.71ns)   --->   "%call_ret162 = call i128 @digit_x_digit, i64 %v_684, i64 1989455001339985327" [src/generic/fp_generic.cpp:325]   --->   Operation 317 'call' 'call_ret162' <Predicate = true> <Delay = 6.71> <CoreType = "Generic">   --->   Generic Core
ST_11 : Operation 318 [2/2] (6.71ns)   --->   "%call_ret165 = call i128 @digit_x_digit, i64 %v_687, i64 1371447078966912928" [src/generic/fp_generic.cpp:325]   --->   Operation 318 'call' 'call_ret165' <Predicate = true> <Delay = 6.71> <CoreType = "Generic">   --->   Generic Core

State 12 <SV = 11> <Delay = 6.72>
ST_12 : Operation 319 [1/1] (0.00ns)   --->   "%zext_ln327_74 = zext i2 %add_ln327_276" [src/generic/fp_generic.cpp:327]   --->   Operation 319 'zext' 'zext_ln327_74' <Predicate = true> <Delay = 0.00>
ST_12 : Operation 320 [1/1] (0.00ns) (grouped into TernaryAdder)   --->   "%add_ln327_277 = add i64 %zext_ln327_74, i64 %tempReg_1078" [src/generic/fp_generic.cpp:327]   --->   Operation 320 'add' 'add_ln327_277' <Predicate = true> <Delay = 0.00> <CoreInst = "TAddSub">   --->   Core 10 'TAddSub' <Latency = 0> <II = 1> <Delay = 0.42> <IPBlock> <Opcode : '' 'add' 'sub'> <InPorts = 3> <OutPorts = 1> <Sync> <CReg>
ST_12 : Operation 321 [1/1] (0.00ns)   --->   "%zext_ln327_75 = zext i2 %add_ln327_279" [src/generic/fp_generic.cpp:327]   --->   Operation 321 'zext' 'zext_ln327_75' <Predicate = true> <Delay = 0.00>
ST_12 : Operation 322 [1/1] (0.84ns) (root node of TernaryAdder)   --->   "%u_532 = add i64 %zext_ln327_75, i64 %add_ln327_277" [src/generic/fp_generic.cpp:327]   --->   Operation 322 'add' 'u_532' <Predicate = true> <Delay = 0.84> <CoreInst = "TAddSub">   --->   Core 10 'TAddSub' <Latency = 0> <II = 1> <Delay = 0.42> <IPBlock> <Opcode : '' 'add' 'sub'> <InPorts = 3> <OutPorts = 1> <Sync> <CReg>
ST_12 : Operation 323 [1/1] (1.43ns)   --->   "%tmp_503 = call i1 @is_digit_lessthan_ct, i64 %tempReg_1078, i64 %zext_ln327_41" [src/generic/fp_generic.cpp:327]   --->   Operation 323 'call' 'tmp_503' <Predicate = true> <Delay = 1.43> <CoreType = "Generic">   --->   Generic Core
ST_12 : Operation 324 [1/1] (1.43ns)   --->   "%tmp_504 = call i1 @is_digit_lessthan_ct, i64 %u_532, i64 %tempReg_1078" [src/generic/fp_generic.cpp:327]   --->   Operation 324 'call' 'tmp_504' <Predicate = true> <Delay = 1.43> <CoreType = "Generic">   --->   Generic Core
ST_12 : Operation 325 [1/1] (1.14ns)   --->   "%u_533 = add i64 %tempReg_1080, i64 %u_532" [src/generic/fp_generic.cpp:327]   --->   Operation 325 'add' 'u_533' <Predicate = true> <Delay = 1.14> <CoreInst = "Adder">   --->   Core 1 'Adder' <Latency = 0> <II = 1> <Delay = 1.14> <FuncUnit> <Opcode : 'add' 'sub'> <InPorts = 2> <OutPorts = 1>
ST_12 : Operation 326 [1/1] (1.43ns)   --->   "%tmp_507 = call i1 @is_digit_lessthan_ct, i64 %tempReg_1080, i64 %zext_ln327_42" [src/generic/fp_generic.cpp:327]   --->   Operation 326 'call' 'tmp_507' <Predicate = true> <Delay = 1.43> <CoreType = "Generic">   --->   Generic Core
ST_12 : Operation 327 [1/1] (1.43ns)   --->   "%tmp_508 = call i1 @is_digit_lessthan_ct, i64 %u_533, i64 %tempReg_1080" [src/generic/fp_generic.cpp:327]   --->   Operation 327 'call' 'tmp_508' <Predicate = true> <Delay = 1.43> <CoreType = "Generic">   --->   Generic Core
ST_12 : Operation 328 [1/2] (1.43ns)   --->   "%call_ret162 = call i128 @digit_x_digit, i64 %v_684, i64 1989455001339985327" [src/generic/fp_generic.cpp:325]   --->   Operation 328 'call' 'call_ret162' <Predicate = true> <Delay = 1.43> <CoreType = "Generic">   --->   Generic Core
ST_12 : Operation 329 [1/1] (0.00ns)   --->   "%UV_640 = extractvalue i128 %call_ret162" [src/generic/fp_generic.cpp:325]   --->   Operation 329 'extractvalue' 'UV_640' <Predicate = true> <Delay = 0.00>
ST_12 : Operation 330 [1/1] (0.00ns) (grouped into LUT with out node tempReg_1082)   --->   "%UV_581 = extractvalue i128 %call_ret162" [src/generic/fp_generic.cpp:325]   --->   Operation 330 'extractvalue' 'UV_581' <Predicate = true> <Delay = 0.00>
ST_12 : Operation 331 [1/1] (1.14ns)   --->   "%v_706 = add i64 %UV_640, i64 %v_705" [src/generic/fp_generic.cpp:326]   --->   Operation 331 'add' 'v_706' <Predicate = true> <Delay = 1.14> <CoreInst = "Adder">   --->   Core 1 'Adder' <Latency = 0> <II = 1> <Delay = 1.14> <FuncUnit> <Opcode : 'add' 'sub'> <InPorts = 2> <OutPorts = 1>
ST_12 : Operation 332 [1/1] (1.43ns)   --->   "%tmp_509 = call i1 @is_digit_lessthan_ct, i64 %UV_640, i64 0" [src/generic/fp_generic.cpp:326]   --->   Operation 332 'call' 'tmp_509' <Predicate = true> <Delay = 1.43> <CoreType = "Generic">   --->   Generic Core
ST_12 : Operation 333 [1/1] (1.43ns)   --->   "%tmp_510 = call i1 @is_digit_lessthan_ct, i64 %v_706, i64 %UV_640" [src/generic/fp_generic.cpp:326]   --->   Operation 333 'call' 'tmp_510' <Predicate = true> <Delay = 1.43> <CoreType = "Generic">   --->   Generic Core
ST_12 : Operation 334 [1/1] (0.12ns)   --->   "%carry_1223 = or i1 %tmp_510, i1 %tmp_509" [src/generic/fp_generic.cpp:326]   --->   Operation 334 'or' 'carry_1223' <Predicate = true> <Delay = 0.12> <CoreInst = "LogicGate">   --->   Core 74 'LogicGate' <Latency = 0> <II = 1> <Delay = 0.12> <FuncUnit> <Opcode : 'and' 'or' 'xor'> <InPorts = 2> <OutPorts = 1>
ST_12 : Operation 335 [1/1] (0.00ns)   --->   "%zext_ln327_43 = zext i1 %carry_1223" [src/generic/fp_generic.cpp:327]   --->   Operation 335 'zext' 'zext_ln327_43' <Predicate = true> <Delay = 0.00>
ST_12 : Operation 336 [1/1] (1.14ns) (out node of the LUT)   --->   "%tempReg_1082 = add i64 %UV_581, i64 %zext_ln327_43" [src/generic/fp_generic.cpp:327]   --->   Operation 336 'add' 'tempReg_1082' <Predicate = true> <Delay = 1.14> <CoreInst = "Adder">   --->   Core 1 'Adder' <Latency = 0> <II = 1> <Delay = 1.14> <FuncUnit> <Opcode : 'add' 'sub'> <InPorts = 2> <OutPorts = 1>
ST_12 : Operation 337 [1/1] (1.14ns)   --->   "%u_534 = add i64 %tempReg_1082, i64 %u_533" [src/generic/fp_generic.cpp:327]   --->   Operation 337 'add' 'u_534' <Predicate = true> <Delay = 1.14> <CoreInst = "Adder">   --->   Core 1 'Adder' <Latency = 0> <II = 1> <Delay = 1.14> <FuncUnit> <Opcode : 'add' 'sub'> <InPorts = 2> <OutPorts = 1>
ST_12 : Operation 338 [1/1] (1.43ns)   --->   "%tmp_511 = call i1 @is_digit_lessthan_ct, i64 %tempReg_1082, i64 %zext_ln327_43" [src/generic/fp_generic.cpp:327]   --->   Operation 338 'call' 'tmp_511' <Predicate = true> <Delay = 1.43> <CoreType = "Generic">   --->   Generic Core
ST_12 : Operation 339 [1/2] (1.43ns)   --->   "%call_ret165 = call i128 @digit_x_digit, i64 %v_687, i64 1371447078966912928" [src/generic/fp_generic.cpp:325]   --->   Operation 339 'call' 'call_ret165' <Predicate = true> <Delay = 1.43> <CoreType = "Generic">   --->   Generic Core
ST_12 : Operation 340 [1/1] (0.00ns)   --->   "%UV_641 = extractvalue i128 %call_ret165" [src/generic/fp_generic.cpp:325]   --->   Operation 340 'extractvalue' 'UV_641' <Predicate = true> <Delay = 0.00>
ST_12 : Operation 341 [1/1] (0.00ns) (grouped into LUT with out node tempReg_1084)   --->   "%UV_582 = extractvalue i128 %call_ret165" [src/generic/fp_generic.cpp:325]   --->   Operation 341 'extractvalue' 'UV_582' <Predicate = true> <Delay = 0.00>
ST_12 : Operation 342 [1/1] (1.14ns)   --->   "%v_707 = add i64 %UV_641, i64 %v_706" [src/generic/fp_generic.cpp:326]   --->   Operation 342 'add' 'v_707' <Predicate = true> <Delay = 1.14> <CoreInst = "Adder">   --->   Core 1 'Adder' <Latency = 0> <II = 1> <Delay = 1.14> <FuncUnit> <Opcode : 'add' 'sub'> <InPorts = 2> <OutPorts = 1>
ST_12 : Operation 343 [1/1] (1.43ns)   --->   "%tmp_513 = call i1 @is_digit_lessthan_ct, i64 %UV_641, i64 0" [src/generic/fp_generic.cpp:326]   --->   Operation 343 'call' 'tmp_513' <Predicate = true> <Delay = 1.43> <CoreType = "Generic">   --->   Generic Core
ST_12 : Operation 344 [1/1] (1.43ns)   --->   "%tmp_514 = call i1 @is_digit_lessthan_ct, i64 %v_707, i64 %UV_641" [src/generic/fp_generic.cpp:326]   --->   Operation 344 'call' 'tmp_514' <Predicate = true> <Delay = 1.43> <CoreType = "Generic">   --->   Generic Core
ST_12 : Operation 345 [1/1] (0.12ns)   --->   "%carry_1225 = or i1 %tmp_514, i1 %tmp_513" [src/generic/fp_generic.cpp:326]   --->   Operation 345 'or' 'carry_1225' <Predicate = true> <Delay = 0.12> <CoreInst = "LogicGate">   --->   Core 74 'LogicGate' <Latency = 0> <II = 1> <Delay = 0.12> <FuncUnit> <Opcode : 'and' 'or' 'xor'> <InPorts = 2> <OutPorts = 1>
ST_12 : Operation 346 [1/1] (0.00ns)   --->   "%zext_ln327_44 = zext i1 %carry_1225" [src/generic/fp_generic.cpp:327]   --->   Operation 346 'zext' 'zext_ln327_44' <Predicate = true> <Delay = 0.00>
ST_12 : Operation 347 [1/1] (1.14ns) (out node of the LUT)   --->   "%tempReg_1084 = add i64 %UV_582, i64 %zext_ln327_44" [src/generic/fp_generic.cpp:327]   --->   Operation 347 'add' 'tempReg_1084' <Predicate = true> <Delay = 1.14> <CoreInst = "Adder">   --->   Core 1 'Adder' <Latency = 0> <II = 1> <Delay = 1.14> <FuncUnit> <Opcode : 'add' 'sub'> <InPorts = 2> <OutPorts = 1>
ST_12 : Operation 348 [2/2] (6.71ns)   --->   "%call_ret168 = call i128 @digit_x_digit, i64 %v_691, i64 12393906174523604992" [src/generic/fp_generic.cpp:325]   --->   Operation 348 'call' 'call_ret168' <Predicate = true> <Delay = 6.71> <CoreType = "Generic">   --->   Generic Core
ST_12 : Operation 349 [1/1] (0.00ns)   --->   "%ma_1_addr_17 = getelementptr i64 %ma_1, i64 0, i64 3" [src/generic/fp_generic.cpp:331]   --->   Operation 349 'getelementptr' 'ma_1_addr_17' <Predicate = true> <Delay = 0.00>
ST_12 : Operation 350 [2/2] (0.71ns)   --->   "%ma_1_load_17 = load i3 %ma_1_addr_17" [src/generic/fp_generic.cpp:331]   --->   Operation 350 'load' 'ma_1_load_17' <Predicate = true> <Delay = 0.71> <CoreInst = "RAM_1P">   --->   Core 87 'RAM_1P' <Latency = 1> <II = 1> <Delay = 0.71> <Storage> <Opcode : 'load' 'store'> <Ports = 1> <Width = 64> <Depth = 8> <RAM>

State 13 <SV = 12> <Delay = 6.72>
ST_13 : Operation 351 [1/1] (0.00ns) (grouped into LUT with out node add_ln356_514)   --->   "%carry_1301 = or i1 %tmp_504, i1 %tmp_503" [src/generic/fp_generic.cpp:327]   --->   Operation 351 'or' 'carry_1301' <Predicate = true> <Delay = 0.00> <CoreInst = "LogicGate">   --->   Core 74 'LogicGate' <Latency = 0> <II = 1> <Delay = 0.12> <FuncUnit> <Opcode : 'and' 'or' 'xor'> <InPorts = 2> <OutPorts = 1>
ST_13 : Operation 352 [1/1] (0.00ns) (grouped into LUT with out node add_ln356_514)   --->   "%zext_ln303_58 = zext i1 %carry_1301" [src/generic/fp_generic.cpp:303]   --->   Operation 352 'zext' 'zext_ln303_58' <Predicate = true> <Delay = 0.00>
ST_13 : Operation 353 [1/1] (0.00ns) (grouped into LUT with out node add_ln356_513)   --->   "%carry_1222 = or i1 %tmp_508, i1 %tmp_507" [src/generic/fp_generic.cpp:327]   --->   Operation 353 'or' 'carry_1222' <Predicate = true> <Delay = 0.00> <CoreInst = "LogicGate">   --->   Core 74 'LogicGate' <Latency = 0> <II = 1> <Delay = 0.12> <FuncUnit> <Opcode : 'and' 'or' 'xor'> <InPorts = 2> <OutPorts = 1>
ST_13 : Operation 354 [1/1] (0.00ns) (grouped into LUT with out node add_ln356_513)   --->   "%zext_ln325_38 = zext i1 %carry_1222" [src/generic/fp_generic.cpp:325]   --->   Operation 354 'zext' 'zext_ln325_38' <Predicate = true> <Delay = 0.00>
ST_13 : Operation 355 [1/1] (1.43ns)   --->   "%tmp_512 = call i1 @is_digit_lessthan_ct, i64 %u_534, i64 %tempReg_1082" [src/generic/fp_generic.cpp:327]   --->   Operation 355 'call' 'tmp_512' <Predicate = true> <Delay = 1.43> <CoreType = "Generic">   --->   Generic Core
ST_13 : Operation 356 [1/1] (0.00ns) (grouped into LUT with out node add_ln356_514)   --->   "%carry_1224 = or i1 %tmp_512, i1 %tmp_511" [src/generic/fp_generic.cpp:327]   --->   Operation 356 'or' 'carry_1224' <Predicate = true> <Delay = 0.00> <CoreInst = "LogicGate">   --->   Core 74 'LogicGate' <Latency = 0> <II = 1> <Delay = 0.12> <FuncUnit> <Opcode : 'and' 'or' 'xor'> <InPorts = 2> <OutPorts = 1>
ST_13 : Operation 357 [1/1] (0.00ns) (grouped into LUT with out node add_ln356_514)   --->   "%zext_ln325_39 = zext i1 %carry_1224" [src/generic/fp_generic.cpp:325]   --->   Operation 357 'zext' 'zext_ln325_39' <Predicate = true> <Delay = 0.00>
ST_13 : Operation 358 [1/1] (1.14ns)   --->   "%u_535 = add i64 %tempReg_1084, i64 %u_534" [src/generic/fp_generic.cpp:327]   --->   Operation 358 'add' 'u_535' <Predicate = true> <Delay = 1.14> <CoreInst = "Adder">   --->   Core 1 'Adder' <Latency = 0> <II = 1> <Delay = 1.14> <FuncUnit> <Opcode : 'add' 'sub'> <InPorts = 2> <OutPorts = 1>
ST_13 : Operation 359 [1/1] (1.43ns)   --->   "%tmp_515 = call i1 @is_digit_lessthan_ct, i64 %tempReg_1084, i64 %zext_ln327_44" [src/generic/fp_generic.cpp:327]   --->   Operation 359 'call' 'tmp_515' <Predicate = true> <Delay = 1.43> <CoreType = "Generic">   --->   Generic Core
ST_13 : Operation 360 [1/1] (1.43ns)   --->   "%tmp_516 = call i1 @is_digit_lessthan_ct, i64 %u_535, i64 %tempReg_1084" [src/generic/fp_generic.cpp:327]   --->   Operation 360 'call' 'tmp_516' <Predicate = true> <Delay = 1.43> <CoreType = "Generic">   --->   Generic Core
ST_13 : Operation 361 [1/1] (0.00ns) (grouped into LUT with out node add_ln356_513)   --->   "%carry_1226 = or i1 %tmp_516, i1 %tmp_515" [src/generic/fp_generic.cpp:327]   --->   Operation 361 'or' 'carry_1226' <Predicate = true> <Delay = 0.00> <CoreInst = "LogicGate">   --->   Core 74 'LogicGate' <Latency = 0> <II = 1> <Delay = 0.12> <FuncUnit> <Opcode : 'and' 'or' 'xor'> <InPorts = 2> <OutPorts = 1>
ST_13 : Operation 362 [1/1] (0.00ns) (grouped into LUT with out node add_ln356_513)   --->   "%zext_ln325_40 = zext i1 %carry_1226" [src/generic/fp_generic.cpp:325]   --->   Operation 362 'zext' 'zext_ln325_40' <Predicate = true> <Delay = 0.00>
ST_13 : Operation 363 [1/2] (1.43ns)   --->   "%call_ret168 = call i128 @digit_x_digit, i64 %v_691, i64 12393906174523604992" [src/generic/fp_generic.cpp:325]   --->   Operation 363 'call' 'call_ret168' <Predicate = true> <Delay = 1.43> <CoreType = "Generic">   --->   Generic Core
ST_13 : Operation 364 [1/1] (0.00ns)   --->   "%UV_642 = extractvalue i128 %call_ret168" [src/generic/fp_generic.cpp:325]   --->   Operation 364 'extractvalue' 'UV_642' <Predicate = true> <Delay = 0.00>
ST_13 : Operation 365 [1/1] (0.00ns) (grouped into LUT with out node tempReg_1086)   --->   "%UV_583 = extractvalue i128 %call_ret168" [src/generic/fp_generic.cpp:325]   --->   Operation 365 'extractvalue' 'UV_583' <Predicate = true> <Delay = 0.00>
ST_13 : Operation 366 [1/1] (1.14ns)   --->   "%v_708 = add i64 %UV_642, i64 %v_707" [src/generic/fp_generic.cpp:326]   --->   Operation 366 'add' 'v_708' <Predicate = true> <Delay = 1.14> <CoreInst = "Adder">   --->   Core 1 'Adder' <Latency = 0> <II = 1> <Delay = 1.14> <FuncUnit> <Opcode : 'add' 'sub'> <InPorts = 2> <OutPorts = 1>
ST_13 : Operation 367 [1/1] (1.43ns)   --->   "%tmp_517 = call i1 @is_digit_lessthan_ct, i64 %UV_642, i64 0" [src/generic/fp_generic.cpp:326]   --->   Operation 367 'call' 'tmp_517' <Predicate = true> <Delay = 1.43> <CoreType = "Generic">   --->   Generic Core
ST_13 : Operation 368 [1/1] (1.43ns)   --->   "%tmp_518 = call i1 @is_digit_lessthan_ct, i64 %v_708, i64 %UV_642" [src/generic/fp_generic.cpp:326]   --->   Operation 368 'call' 'tmp_518' <Predicate = true> <Delay = 1.43> <CoreType = "Generic">   --->   Generic Core
ST_13 : Operation 369 [1/1] (0.12ns)   --->   "%carry_1227 = or i1 %tmp_518, i1 %tmp_517" [src/generic/fp_generic.cpp:326]   --->   Operation 369 'or' 'carry_1227' <Predicate = true> <Delay = 0.12> <CoreInst = "LogicGate">   --->   Core 74 'LogicGate' <Latency = 0> <II = 1> <Delay = 0.12> <FuncUnit> <Opcode : 'and' 'or' 'xor'> <InPorts = 2> <OutPorts = 1>
ST_13 : Operation 370 [1/1] (0.00ns)   --->   "%zext_ln327_45 = zext i1 %carry_1227" [src/generic/fp_generic.cpp:327]   --->   Operation 370 'zext' 'zext_ln327_45' <Predicate = true> <Delay = 0.00>
ST_13 : Operation 371 [1/1] (1.14ns) (out node of the LUT)   --->   "%tempReg_1086 = add i64 %UV_583, i64 %zext_ln327_45" [src/generic/fp_generic.cpp:327]   --->   Operation 371 'add' 'tempReg_1086' <Predicate = true> <Delay = 1.14> <CoreInst = "Adder">   --->   Core 1 'Adder' <Latency = 0> <II = 1> <Delay = 1.14> <FuncUnit> <Opcode : 'add' 'sub'> <InPorts = 2> <OutPorts = 1>
ST_13 : Operation 372 [1/1] (1.14ns)   --->   "%u_536 = add i64 %tempReg_1086, i64 %u_535" [src/generic/fp_generic.cpp:327]   --->   Operation 372 'add' 'u_536' <Predicate = true> <Delay = 1.14> <CoreInst = "Adder">   --->   Core 1 'Adder' <Latency = 0> <II = 1> <Delay = 1.14> <FuncUnit> <Opcode : 'add' 'sub'> <InPorts = 2> <OutPorts = 1>
ST_13 : Operation 373 [1/1] (1.43ns)   --->   "%tmp_519 = call i1 @is_digit_lessthan_ct, i64 %tempReg_1086, i64 %zext_ln327_45" [src/generic/fp_generic.cpp:327]   --->   Operation 373 'call' 'tmp_519' <Predicate = true> <Delay = 1.43> <CoreType = "Generic">   --->   Generic Core
ST_13 : Operation 374 [1/2] ( I:0.71ns O:0.71ns )   --->   "%ma_1_load_17 = load i3 %ma_1_addr_17" [src/generic/fp_generic.cpp:331]   --->   Operation 374 'load' 'ma_1_load_17' <Predicate = true> <Delay = 0.71> <CoreInst = "RAM_1P">   --->   Core 87 'RAM_1P' <Latency = 1> <II = 1> <Delay = 0.71> <Storage> <Opcode : 'load' 'store'> <Ports = 1> <Width = 64> <Depth = 8> <RAM>
ST_13 : Operation 375 [1/1] (1.14ns)   --->   "%v_709 = add i64 %ma_1_load_17, i64 %v_708" [src/generic/fp_generic.cpp:331]   --->   Operation 375 'add' 'v_709' <Predicate = true> <Delay = 1.14> <CoreInst = "Adder">   --->   Core 1 'Adder' <Latency = 0> <II = 1> <Delay = 1.14> <FuncUnit> <Opcode : 'add' 'sub'> <InPorts = 2> <OutPorts = 1>
ST_13 : Operation 376 [1/1] (1.43ns)   --->   "%tmp_521 = call i1 @is_digit_lessthan_ct, i64 %v_708, i64 0" [src/generic/fp_generic.cpp:331]   --->   Operation 376 'call' 'tmp_521' <Predicate = true> <Delay = 1.43> <CoreType = "Generic">   --->   Generic Core
ST_13 : Operation 377 [1/1] (1.43ns)   --->   "%tmp_522 = call i1 @is_digit_lessthan_ct, i64 %v_709, i64 %v_708" [src/generic/fp_generic.cpp:331]   --->   Operation 377 'call' 'tmp_522' <Predicate = true> <Delay = 1.43> <CoreType = "Generic">   --->   Generic Core
ST_13 : Operation 378 [1/1] (0.12ns)   --->   "%carry_1229 = or i1 %tmp_522, i1 %tmp_521" [src/generic/fp_generic.cpp:331]   --->   Operation 378 'or' 'carry_1229' <Predicate = true> <Delay = 0.12> <CoreInst = "LogicGate">   --->   Core 74 'LogicGate' <Latency = 0> <II = 1> <Delay = 0.12> <FuncUnit> <Opcode : 'and' 'or' 'xor'> <InPorts = 2> <OutPorts = 1>
ST_13 : Operation 379 [2/2] (6.71ns)   --->   "%call_ret171 = call i128 @digit_x_digit, i64 %v_682, i64 18127602061483550" [src/generic/fp_generic.cpp:354]   --->   Operation 379 'call' 'call_ret171' <Predicate = true> <Delay = 6.71> <CoreType = "Generic">   --->   Generic Core
ST_13 : Operation 380 [1/1] (0.43ns) (out node of the LUT)   --->   "%add_ln356_513 = add i2 %zext_ln325_40, i2 %zext_ln325_38" [src/generic/fp_generic.cpp:356]   --->   Operation 380 'add' 'add_ln356_513' <Predicate = true> <Delay = 0.43> <CoreInst = "Adder">   --->   Core 1 'Adder' <Latency = 0> <II = 1> <Delay = 0.43> <FuncUnit> <Opcode : 'add' 'sub'> <InPorts = 2> <OutPorts = 1>
ST_13 : Operation 381 [1/1] (0.00ns)   --->   "%zext_ln356_163 = zext i2 %add_ln356_513" [src/generic/fp_generic.cpp:356]   --->   Operation 381 'zext' 'zext_ln356_163' <Predicate = true> <Delay = 0.00>
ST_13 : Operation 382 [1/1] (0.43ns) (out node of the LUT)   --->   "%add_ln356_514 = add i2 %zext_ln325_39, i2 %zext_ln303_58" [src/generic/fp_generic.cpp:356]   --->   Operation 382 'add' 'add_ln356_514' <Predicate = true> <Delay = 0.43> <CoreInst = "Adder">   --->   Core 1 'Adder' <Latency = 0> <II = 1> <Delay = 0.43> <FuncUnit> <Opcode : 'add' 'sub'> <InPorts = 2> <OutPorts = 1>
ST_13 : Operation 383 [1/1] (0.00ns)   --->   "%zext_ln356_164 = zext i2 %add_ln356_514" [src/generic/fp_generic.cpp:356]   --->   Operation 383 'zext' 'zext_ln356_164' <Predicate = true> <Delay = 0.00>
ST_13 : Operation 384 [1/1] (0.43ns)   --->   "%add_ln356_515 = add i3 %zext_ln356_164, i3 %zext_ln356_163" [src/generic/fp_generic.cpp:356]   --->   Operation 384 'add' 'add_ln356_515' <Predicate = true> <Delay = 0.43> <CoreInst = "Adder">   --->   Core 1 'Adder' <Latency = 0> <II = 1> <Delay = 0.43> <FuncUnit> <Opcode : 'add' 'sub'> <InPorts = 2> <OutPorts = 1>
ST_13 : Operation 385 [2/2] (6.71ns)   --->   "%call_ret174 = call i128 @digit_x_digit, i64 %v_684, i64 6937169319750509776" [src/generic/fp_generic.cpp:354]   --->   Operation 385 'call' 'call_ret174' <Predicate = true> <Delay = 6.71> <CoreType = "Generic">   --->   Generic Core

State 14 <SV = 13> <Delay = 6.72>
ST_14 : Operation 386 [1/1] (1.43ns)   --->   "%tmp_520 = call i1 @is_digit_lessthan_ct, i64 %u_536, i64 %tempReg_1086" [src/generic/fp_generic.cpp:327]   --->   Operation 386 'call' 'tmp_520' <Predicate = true> <Delay = 1.43> <CoreType = "Generic">   --->   Generic Core
ST_14 : Operation 387 [1/1] (0.00ns) (grouped into LUT with out node add_ln356)   --->   "%carry_1228 = or i1 %tmp_520, i1 %tmp_519" [src/generic/fp_generic.cpp:327]   --->   Operation 387 'or' 'carry_1228' <Predicate = true> <Delay = 0.00> <CoreInst = "LogicGate">   --->   Core 74 'LogicGate' <Latency = 0> <II = 1> <Delay = 0.12> <FuncUnit> <Opcode : 'and' 'or' 'xor'> <InPorts = 2> <OutPorts = 1>
ST_14 : Operation 388 [1/1] (0.00ns) (grouped into LUT with out node add_ln356)   --->   "%zext_ln331_16 = zext i1 %carry_1228" [src/generic/fp_generic.cpp:331]   --->   Operation 388 'zext' 'zext_ln331_16' <Predicate = true> <Delay = 0.00>
ST_14 : Operation 389 [1/1] (0.00ns)   --->   "%zext_ln332_18 = zext i1 %carry_1229" [src/generic/fp_generic.cpp:332]   --->   Operation 389 'zext' 'zext_ln332_18' <Predicate = true> <Delay = 0.00>
ST_14 : Operation 390 [1/1] (1.14ns)   --->   "%tempReg_1148 = add i64 %u_536, i64 %zext_ln332_18" [src/generic/fp_generic.cpp:332]   --->   Operation 390 'add' 'tempReg_1148' <Predicate = true> <Delay = 1.14> <CoreInst = "Adder">   --->   Core 1 'Adder' <Latency = 0> <II = 1> <Delay = 1.14> <FuncUnit> <Opcode : 'add' 'sub'> <InPorts = 2> <OutPorts = 1>
ST_14 : Operation 391 [1/1] (1.43ns)   --->   "%tmp_523 = call i1 @is_digit_lessthan_ct, i64 %tempReg_1148, i64 %zext_ln332_18" [src/generic/fp_generic.cpp:332]   --->   Operation 391 'call' 'tmp_523' <Predicate = true> <Delay = 1.43> <CoreType = "Generic">   --->   Generic Core
ST_14 : Operation 392 [1/1] (1.43ns)   --->   "%tmp_524 = call i1 @is_digit_lessthan_ct, i64 %tempReg_1148, i64 %tempReg_1148" [src/generic/fp_generic.cpp:332]   --->   Operation 392 'call' 'tmp_524' <Predicate = true> <Delay = 1.43> <CoreType = "Generic">   --->   Generic Core
ST_14 : Operation 393 [1/1] (0.00ns) (grouped into LUT with out node add_ln356)   --->   "%carry_1230 = or i1 %tmp_524, i1 %tmp_523" [src/generic/fp_generic.cpp:332]   --->   Operation 393 'or' 'carry_1230' <Predicate = true> <Delay = 0.00> <CoreInst = "LogicGate">   --->   Core 74 'LogicGate' <Latency = 0> <II = 1> <Delay = 0.12> <FuncUnit> <Opcode : 'and' 'or' 'xor'> <InPorts = 2> <OutPorts = 1>
ST_14 : Operation 394 [1/1] (0.00ns) (grouped into LUT with out node add_ln356)   --->   "%zext_ln334_30 = zext i1 %carry_1230" [src/generic/fp_generic.cpp:334]   --->   Operation 394 'zext' 'zext_ln334_30' <Predicate = true> <Delay = 0.00>
ST_14 : Operation 395 [1/2] (1.43ns)   --->   "%call_ret171 = call i128 @digit_x_digit, i64 %v_682, i64 18127602061483550" [src/generic/fp_generic.cpp:354]   --->   Operation 395 'call' 'call_ret171' <Predicate = true> <Delay = 1.43> <CoreType = "Generic">   --->   Generic Core
ST_14 : Operation 396 [1/1] (0.00ns)   --->   "%UV_643 = extractvalue i128 %call_ret171" [src/generic/fp_generic.cpp:354]   --->   Operation 396 'extractvalue' 'UV_643' <Predicate = true> <Delay = 0.00>
ST_14 : Operation 397 [1/1] (0.00ns) (grouped into LUT with out node tempReg_1089)   --->   "%UV_584 = extractvalue i128 %call_ret171" [src/generic/fp_generic.cpp:354]   --->   Operation 397 'extractvalue' 'UV_584' <Predicate = true> <Delay = 0.00>
ST_14 : Operation 398 [1/1] (1.14ns)   --->   "%v_711 = add i64 %UV_643, i64 %tempReg_1148" [src/generic/fp_generic.cpp:355]   --->   Operation 398 'add' 'v_711' <Predicate = true> <Delay = 1.14> <CoreInst = "Adder">   --->   Core 1 'Adder' <Latency = 0> <II = 1> <Delay = 1.14> <FuncUnit> <Opcode : 'add' 'sub'> <InPorts = 2> <OutPorts = 1>
ST_14 : Operation 399 [1/1] (1.43ns)   --->   "%tmp_525 = call i1 @is_digit_lessthan_ct, i64 %UV_643, i64 0" [src/generic/fp_generic.cpp:355]   --->   Operation 399 'call' 'tmp_525' <Predicate = true> <Delay = 1.43> <CoreType = "Generic">   --->   Generic Core
ST_14 : Operation 400 [1/1] (1.43ns)   --->   "%tmp_526 = call i1 @is_digit_lessthan_ct, i64 %v_711, i64 %UV_643" [src/generic/fp_generic.cpp:355]   --->   Operation 400 'call' 'tmp_526' <Predicate = true> <Delay = 1.43> <CoreType = "Generic">   --->   Generic Core
ST_14 : Operation 401 [1/1] (0.12ns)   --->   "%carry_1231 = or i1 %tmp_526, i1 %tmp_525" [src/generic/fp_generic.cpp:355]   --->   Operation 401 'or' 'carry_1231' <Predicate = true> <Delay = 0.12> <CoreInst = "LogicGate">   --->   Core 74 'LogicGate' <Latency = 0> <II = 1> <Delay = 0.12> <FuncUnit> <Opcode : 'and' 'or' 'xor'> <InPorts = 2> <OutPorts = 1>
ST_14 : Operation 402 [1/1] (0.00ns)   --->   "%zext_ln356 = zext i1 %carry_1231" [src/generic/fp_generic.cpp:356]   --->   Operation 402 'zext' 'zext_ln356' <Predicate = true> <Delay = 0.00>
ST_14 : Operation 403 [1/1] (1.14ns) (out node of the LUT)   --->   "%tempReg_1089 = add i64 %UV_584, i64 %zext_ln356" [src/generic/fp_generic.cpp:356]   --->   Operation 403 'add' 'tempReg_1089' <Predicate = true> <Delay = 1.14> <CoreInst = "Adder">   --->   Core 1 'Adder' <Latency = 0> <II = 1> <Delay = 1.14> <FuncUnit> <Opcode : 'add' 'sub'> <InPorts = 2> <OutPorts = 1>
ST_14 : Operation 404 [1/1] (0.43ns) (out node of the LUT)   --->   "%add_ln356 = add i2 %zext_ln331_16, i2 %zext_ln334_30" [src/generic/fp_generic.cpp:356]   --->   Operation 404 'add' 'add_ln356' <Predicate = true> <Delay = 0.43> <CoreInst = "Adder">   --->   Core 1 'Adder' <Latency = 0> <II = 1> <Delay = 0.43> <FuncUnit> <Opcode : 'add' 'sub'> <InPorts = 2> <OutPorts = 1>
ST_14 : Operation 405 [1/1] (1.43ns)   --->   "%tmp_527 = call i1 @is_digit_lessthan_ct, i64 %tempReg_1089, i64 %zext_ln356" [src/generic/fp_generic.cpp:356]   --->   Operation 405 'call' 'tmp_527' <Predicate = true> <Delay = 1.43> <CoreType = "Generic">   --->   Generic Core
ST_14 : Operation 406 [1/2] (1.43ns)   --->   "%call_ret174 = call i128 @digit_x_digit, i64 %v_684, i64 6937169319750509776" [src/generic/fp_generic.cpp:354]   --->   Operation 406 'call' 'call_ret174' <Predicate = true> <Delay = 1.43> <CoreType = "Generic">   --->   Generic Core
ST_14 : Operation 407 [1/1] (0.00ns)   --->   "%UV_644 = extractvalue i128 %call_ret174" [src/generic/fp_generic.cpp:354]   --->   Operation 407 'extractvalue' 'UV_644' <Predicate = true> <Delay = 0.00>
ST_14 : Operation 408 [1/1] (0.00ns) (grouped into LUT with out node tempReg_1091)   --->   "%UV_585 = extractvalue i128 %call_ret174" [src/generic/fp_generic.cpp:354]   --->   Operation 408 'extractvalue' 'UV_585' <Predicate = true> <Delay = 0.00>
ST_14 : Operation 409 [1/1] (1.14ns)   --->   "%v_712 = add i64 %UV_644, i64 %v_711" [src/generic/fp_generic.cpp:355]   --->   Operation 409 'add' 'v_712' <Predicate = true> <Delay = 1.14> <CoreInst = "Adder">   --->   Core 1 'Adder' <Latency = 0> <II = 1> <Delay = 1.14> <FuncUnit> <Opcode : 'add' 'sub'> <InPorts = 2> <OutPorts = 1>
ST_14 : Operation 410 [1/1] (1.43ns)   --->   "%tmp_529 = call i1 @is_digit_lessthan_ct, i64 %UV_644, i64 0" [src/generic/fp_generic.cpp:355]   --->   Operation 410 'call' 'tmp_529' <Predicate = true> <Delay = 1.43> <CoreType = "Generic">   --->   Generic Core
ST_14 : Operation 411 [1/1] (1.43ns)   --->   "%tmp_530 = call i1 @is_digit_lessthan_ct, i64 %v_712, i64 %UV_644" [src/generic/fp_generic.cpp:355]   --->   Operation 411 'call' 'tmp_530' <Predicate = true> <Delay = 1.43> <CoreType = "Generic">   --->   Generic Core
ST_14 : Operation 412 [1/1] (0.12ns)   --->   "%carry_1233 = or i1 %tmp_530, i1 %tmp_529" [src/generic/fp_generic.cpp:355]   --->   Operation 412 'or' 'carry_1233' <Predicate = true> <Delay = 0.12> <CoreInst = "LogicGate">   --->   Core 74 'LogicGate' <Latency = 0> <II = 1> <Delay = 0.12> <FuncUnit> <Opcode : 'and' 'or' 'xor'> <InPorts = 2> <OutPorts = 1>
ST_14 : Operation 413 [1/1] (0.00ns)   --->   "%zext_ln356_49 = zext i1 %carry_1233" [src/generic/fp_generic.cpp:356]   --->   Operation 413 'zext' 'zext_ln356_49' <Predicate = true> <Delay = 0.00>
ST_14 : Operation 414 [1/1] (1.14ns) (out node of the LUT)   --->   "%tempReg_1091 = add i64 %UV_585, i64 %zext_ln356_49" [src/generic/fp_generic.cpp:356]   --->   Operation 414 'add' 'tempReg_1091' <Predicate = true> <Delay = 1.14> <CoreInst = "Adder">   --->   Core 1 'Adder' <Latency = 0> <II = 1> <Delay = 1.14> <FuncUnit> <Opcode : 'add' 'sub'> <InPorts = 2> <OutPorts = 1>
ST_14 : Operation 415 [2/2] (6.71ns)   --->   "%call_ret177 = call i128 @digit_x_digit, i64 %v_687, i64 1989455001339985327" [src/generic/fp_generic.cpp:354]   --->   Operation 415 'call' 'call_ret177' <Predicate = true> <Delay = 6.71> <CoreType = "Generic">   --->   Generic Core
ST_14 : Operation 416 [2/2] (6.71ns)   --->   "%call_ret180 = call i128 @digit_x_digit, i64 %v_691, i64 1371447078966912928" [src/generic/fp_generic.cpp:354]   --->   Operation 416 'call' 'call_ret180' <Predicate = true> <Delay = 6.71> <CoreType = "Generic">   --->   Generic Core

State 15 <SV = 14> <Delay = 6.72>
ST_15 : Operation 417 [1/1] (0.00ns)   --->   "%zext_ln356_162 = zext i2 %add_ln356" [src/generic/fp_generic.cpp:356]   --->   Operation 417 'zext' 'zext_ln356_162' <Predicate = true> <Delay = 0.00>
ST_15 : Operation 418 [1/1] (0.00ns) (grouped into TernaryAdder)   --->   "%add_ln356_512 = add i64 %zext_ln356_162, i64 %tempReg_1089" [src/generic/fp_generic.cpp:356]   --->   Operation 418 'add' 'add_ln356_512' <Predicate = true> <Delay = 0.00> <CoreInst = "TAddSub">   --->   Core 10 'TAddSub' <Latency = 0> <II = 1> <Delay = 0.42> <IPBlock> <Opcode : '' 'add' 'sub'> <InPorts = 3> <OutPorts = 1> <Sync> <CReg>
ST_15 : Operation 419 [1/1] (0.00ns)   --->   "%zext_ln356_165 = zext i3 %add_ln356_515" [src/generic/fp_generic.cpp:356]   --->   Operation 419 'zext' 'zext_ln356_165' <Predicate = true> <Delay = 0.00>
ST_15 : Operation 420 [1/1] (0.84ns) (root node of TernaryAdder)   --->   "%u_538 = add i64 %zext_ln356_165, i64 %add_ln356_512" [src/generic/fp_generic.cpp:356]   --->   Operation 420 'add' 'u_538' <Predicate = true> <Delay = 0.84> <CoreInst = "TAddSub">   --->   Core 10 'TAddSub' <Latency = 0> <II = 1> <Delay = 0.42> <IPBlock> <Opcode : '' 'add' 'sub'> <InPorts = 3> <OutPorts = 1> <Sync> <CReg>
ST_15 : Operation 421 [1/1] (1.43ns)   --->   "%tmp_528 = call i1 @is_digit_lessthan_ct, i64 %u_538, i64 %tempReg_1089" [src/generic/fp_generic.cpp:356]   --->   Operation 421 'call' 'tmp_528' <Predicate = true> <Delay = 1.43> <CoreType = "Generic">   --->   Generic Core
ST_15 : Operation 422 [1/1] (1.14ns)   --->   "%u_539 = add i64 %tempReg_1091, i64 %u_538" [src/generic/fp_generic.cpp:356]   --->   Operation 422 'add' 'u_539' <Predicate = true> <Delay = 1.14> <CoreInst = "Adder">   --->   Core 1 'Adder' <Latency = 0> <II = 1> <Delay = 1.14> <FuncUnit> <Opcode : 'add' 'sub'> <InPorts = 2> <OutPorts = 1>
ST_15 : Operation 423 [1/1] (1.43ns)   --->   "%tmp_531 = call i1 @is_digit_lessthan_ct, i64 %tempReg_1091, i64 %zext_ln356_49" [src/generic/fp_generic.cpp:356]   --->   Operation 423 'call' 'tmp_531' <Predicate = true> <Delay = 1.43> <CoreType = "Generic">   --->   Generic Core
ST_15 : Operation 424 [1/1] (1.43ns)   --->   "%tmp_532 = call i1 @is_digit_lessthan_ct, i64 %u_539, i64 %tempReg_1091" [src/generic/fp_generic.cpp:356]   --->   Operation 424 'call' 'tmp_532' <Predicate = true> <Delay = 1.43> <CoreType = "Generic">   --->   Generic Core
ST_15 : Operation 425 [1/2] (1.43ns)   --->   "%call_ret177 = call i128 @digit_x_digit, i64 %v_687, i64 1989455001339985327" [src/generic/fp_generic.cpp:354]   --->   Operation 425 'call' 'call_ret177' <Predicate = true> <Delay = 1.43> <CoreType = "Generic">   --->   Generic Core
ST_15 : Operation 426 [1/1] (0.00ns)   --->   "%UV_645 = extractvalue i128 %call_ret177" [src/generic/fp_generic.cpp:354]   --->   Operation 426 'extractvalue' 'UV_645' <Predicate = true> <Delay = 0.00>
ST_15 : Operation 427 [1/1] (0.00ns) (grouped into LUT with out node tempReg_1093)   --->   "%UV_586 = extractvalue i128 %call_ret177" [src/generic/fp_generic.cpp:354]   --->   Operation 427 'extractvalue' 'UV_586' <Predicate = true> <Delay = 0.00>
ST_15 : Operation 428 [1/1] (1.14ns)   --->   "%v_713 = add i64 %UV_645, i64 %v_712" [src/generic/fp_generic.cpp:355]   --->   Operation 428 'add' 'v_713' <Predicate = true> <Delay = 1.14> <CoreInst = "Adder">   --->   Core 1 'Adder' <Latency = 0> <II = 1> <Delay = 1.14> <FuncUnit> <Opcode : 'add' 'sub'> <InPorts = 2> <OutPorts = 1>
ST_15 : Operation 429 [1/1] (1.43ns)   --->   "%tmp_533 = call i1 @is_digit_lessthan_ct, i64 %UV_645, i64 0" [src/generic/fp_generic.cpp:355]   --->   Operation 429 'call' 'tmp_533' <Predicate = true> <Delay = 1.43> <CoreType = "Generic">   --->   Generic Core
ST_15 : Operation 430 [1/1] (1.43ns)   --->   "%tmp_534 = call i1 @is_digit_lessthan_ct, i64 %v_713, i64 %UV_645" [src/generic/fp_generic.cpp:355]   --->   Operation 430 'call' 'tmp_534' <Predicate = true> <Delay = 1.43> <CoreType = "Generic">   --->   Generic Core
ST_15 : Operation 431 [1/1] (0.12ns)   --->   "%carry_1235 = or i1 %tmp_534, i1 %tmp_533" [src/generic/fp_generic.cpp:355]   --->   Operation 431 'or' 'carry_1235' <Predicate = true> <Delay = 0.12> <CoreInst = "LogicGate">   --->   Core 74 'LogicGate' <Latency = 0> <II = 1> <Delay = 0.12> <FuncUnit> <Opcode : 'and' 'or' 'xor'> <InPorts = 2> <OutPorts = 1>
ST_15 : Operation 432 [1/1] (0.00ns)   --->   "%zext_ln356_50 = zext i1 %carry_1235" [src/generic/fp_generic.cpp:356]   --->   Operation 432 'zext' 'zext_ln356_50' <Predicate = true> <Delay = 0.00>
ST_15 : Operation 433 [1/1] (1.14ns) (out node of the LUT)   --->   "%tempReg_1093 = add i64 %UV_586, i64 %zext_ln356_50" [src/generic/fp_generic.cpp:356]   --->   Operation 433 'add' 'tempReg_1093' <Predicate = true> <Delay = 1.14> <CoreInst = "Adder">   --->   Core 1 'Adder' <Latency = 0> <II = 1> <Delay = 1.14> <FuncUnit> <Opcode : 'add' 'sub'> <InPorts = 2> <OutPorts = 1>
ST_15 : Operation 434 [1/1] (1.43ns)   --->   "%tmp_535 = call i1 @is_digit_lessthan_ct, i64 %tempReg_1093, i64 %zext_ln356_50" [src/generic/fp_generic.cpp:356]   --->   Operation 434 'call' 'tmp_535' <Predicate = true> <Delay = 1.43> <CoreType = "Generic">   --->   Generic Core
ST_15 : Operation 435 [1/2] (1.43ns)   --->   "%call_ret180 = call i128 @digit_x_digit, i64 %v_691, i64 1371447078966912928" [src/generic/fp_generic.cpp:354]   --->   Operation 435 'call' 'call_ret180' <Predicate = true> <Delay = 1.43> <CoreType = "Generic">   --->   Generic Core
ST_15 : Operation 436 [1/1] (0.00ns)   --->   "%UV_646 = extractvalue i128 %call_ret180" [src/generic/fp_generic.cpp:354]   --->   Operation 436 'extractvalue' 'UV_646' <Predicate = true> <Delay = 0.00>
ST_15 : Operation 437 [1/1] (0.00ns) (grouped into LUT with out node tempReg_1095)   --->   "%UV_587 = extractvalue i128 %call_ret180" [src/generic/fp_generic.cpp:354]   --->   Operation 437 'extractvalue' 'UV_587' <Predicate = true> <Delay = 0.00>
ST_15 : Operation 438 [1/1] (1.14ns)   --->   "%v_714 = add i64 %UV_646, i64 %v_713" [src/generic/fp_generic.cpp:355]   --->   Operation 438 'add' 'v_714' <Predicate = true> <Delay = 1.14> <CoreInst = "Adder">   --->   Core 1 'Adder' <Latency = 0> <II = 1> <Delay = 1.14> <FuncUnit> <Opcode : 'add' 'sub'> <InPorts = 2> <OutPorts = 1>
ST_15 : Operation 439 [1/1] (1.43ns)   --->   "%tmp_537 = call i1 @is_digit_lessthan_ct, i64 %UV_646, i64 0" [src/generic/fp_generic.cpp:355]   --->   Operation 439 'call' 'tmp_537' <Predicate = true> <Delay = 1.43> <CoreType = "Generic">   --->   Generic Core
ST_15 : Operation 440 [1/1] (1.43ns)   --->   "%tmp_538 = call i1 @is_digit_lessthan_ct, i64 %v_714, i64 %UV_646" [src/generic/fp_generic.cpp:355]   --->   Operation 440 'call' 'tmp_538' <Predicate = true> <Delay = 1.43> <CoreType = "Generic">   --->   Generic Core
ST_15 : Operation 441 [1/1] (0.12ns)   --->   "%carry_1237 = or i1 %tmp_538, i1 %tmp_537" [src/generic/fp_generic.cpp:355]   --->   Operation 441 'or' 'carry_1237' <Predicate = true> <Delay = 0.12> <CoreInst = "LogicGate">   --->   Core 74 'LogicGate' <Latency = 0> <II = 1> <Delay = 0.12> <FuncUnit> <Opcode : 'and' 'or' 'xor'> <InPorts = 2> <OutPorts = 1>
ST_15 : Operation 442 [1/1] (0.00ns)   --->   "%zext_ln356_51 = zext i1 %carry_1237" [src/generic/fp_generic.cpp:356]   --->   Operation 442 'zext' 'zext_ln356_51' <Predicate = true> <Delay = 0.00>
ST_15 : Operation 443 [1/1] (1.14ns) (out node of the LUT)   --->   "%tempReg_1095 = add i64 %UV_587, i64 %zext_ln356_51" [src/generic/fp_generic.cpp:356]   --->   Operation 443 'add' 'tempReg_1095' <Predicate = true> <Delay = 1.14> <CoreInst = "Adder">   --->   Core 1 'Adder' <Latency = 0> <II = 1> <Delay = 1.14> <FuncUnit> <Opcode : 'add' 'sub'> <InPorts = 2> <OutPorts = 1>
ST_15 : Operation 444 [2/2] (6.71ns)   --->   "%call_ret183 = call i128 @digit_x_digit, i64 %v_696, i64 12393906174523604992" [src/generic/fp_generic.cpp:354]   --->   Operation 444 'call' 'call_ret183' <Predicate = true> <Delay = 6.71> <CoreType = "Generic">   --->   Generic Core
ST_15 : Operation 445 [1/1] (0.00ns)   --->   "%ma_0_addr_18 = getelementptr i64 %ma_0, i64 0, i64 4" [src/generic/fp_generic.cpp:360]   --->   Operation 445 'getelementptr' 'ma_0_addr_18' <Predicate = true> <Delay = 0.00>
ST_15 : Operation 446 [2/2] (0.71ns)   --->   "%ma_0_load_15 = load i3 %ma_0_addr_18" [src/generic/fp_generic.cpp:360]   --->   Operation 446 'load' 'ma_0_load_15' <Predicate = true> <Delay = 0.71> <CoreInst = "RAM_1P">   --->   Core 87 'RAM_1P' <Latency = 1> <II = 1> <Delay = 0.71> <Storage> <Opcode : 'load' 'store'> <Ports = 1> <Width = 64> <Depth = 8> <RAM>

State 16 <SV = 15> <Delay = 6.72>
ST_16 : Operation 447 [1/1] (0.00ns)   --->   "%mc_0_addr = getelementptr i64 %mc_0, i64 0, i64 0"   --->   Operation 447 'getelementptr' 'mc_0_addr' <Predicate = true> <Delay = 0.00>
ST_16 : Operation 448 [1/1] (0.00ns) (grouped into LUT with out node add_ln356_529)   --->   "%carry_1302 = or i1 %tmp_528, i1 %tmp_527" [src/generic/fp_generic.cpp:356]   --->   Operation 448 'or' 'carry_1302' <Predicate = true> <Delay = 0.00> <CoreInst = "LogicGate">   --->   Core 74 'LogicGate' <Latency = 0> <II = 1> <Delay = 0.12> <FuncUnit> <Opcode : 'and' 'or' 'xor'> <InPorts = 2> <OutPorts = 1>
ST_16 : Operation 449 [1/1] (0.00ns) (grouped into LUT with out node add_ln356_529)   --->   "%zext_ln303_59 = zext i1 %carry_1302" [src/generic/fp_generic.cpp:303]   --->   Operation 449 'zext' 'zext_ln303_59' <Predicate = true> <Delay = 0.00>
ST_16 : Operation 450 [1/1] (0.00ns) (grouped into LUT with out node add_ln356_528)   --->   "%carry_1234 = or i1 %tmp_532, i1 %tmp_531" [src/generic/fp_generic.cpp:356]   --->   Operation 450 'or' 'carry_1234' <Predicate = true> <Delay = 0.00> <CoreInst = "LogicGate">   --->   Core 74 'LogicGate' <Latency = 0> <II = 1> <Delay = 0.12> <FuncUnit> <Opcode : 'and' 'or' 'xor'> <InPorts = 2> <OutPorts = 1>
ST_16 : Operation 451 [1/1] (0.00ns) (grouped into LUT with out node add_ln356_528)   --->   "%zext_ln354 = zext i1 %carry_1234" [src/generic/fp_generic.cpp:354]   --->   Operation 451 'zext' 'zext_ln354' <Predicate = true> <Delay = 0.00>
ST_16 : Operation 452 [1/1] (1.14ns)   --->   "%u_540 = add i64 %tempReg_1093, i64 %u_539" [src/generic/fp_generic.cpp:356]   --->   Operation 452 'add' 'u_540' <Predicate = true> <Delay = 1.14> <CoreInst = "Adder">   --->   Core 1 'Adder' <Latency = 0> <II = 1> <Delay = 1.14> <FuncUnit> <Opcode : 'add' 'sub'> <InPorts = 2> <OutPorts = 1>
ST_16 : Operation 453 [1/1] (1.43ns)   --->   "%tmp_536 = call i1 @is_digit_lessthan_ct, i64 %u_540, i64 %tempReg_1093" [src/generic/fp_generic.cpp:356]   --->   Operation 453 'call' 'tmp_536' <Predicate = true> <Delay = 1.43> <CoreType = "Generic">   --->   Generic Core
ST_16 : Operation 454 [1/1] (0.00ns) (grouped into LUT with out node add_ln356_529)   --->   "%carry_1236 = or i1 %tmp_536, i1 %tmp_535" [src/generic/fp_generic.cpp:356]   --->   Operation 454 'or' 'carry_1236' <Predicate = true> <Delay = 0.00> <CoreInst = "LogicGate">   --->   Core 74 'LogicGate' <Latency = 0> <II = 1> <Delay = 0.12> <FuncUnit> <Opcode : 'and' 'or' 'xor'> <InPorts = 2> <OutPorts = 1>
ST_16 : Operation 455 [1/1] (0.00ns) (grouped into LUT with out node add_ln356_529)   --->   "%zext_ln354_141 = zext i1 %carry_1236" [src/generic/fp_generic.cpp:354]   --->   Operation 455 'zext' 'zext_ln354_141' <Predicate = true> <Delay = 0.00>
ST_16 : Operation 456 [1/1] (1.14ns)   --->   "%u_541 = add i64 %tempReg_1095, i64 %u_540" [src/generic/fp_generic.cpp:356]   --->   Operation 456 'add' 'u_541' <Predicate = true> <Delay = 1.14> <CoreInst = "Adder">   --->   Core 1 'Adder' <Latency = 0> <II = 1> <Delay = 1.14> <FuncUnit> <Opcode : 'add' 'sub'> <InPorts = 2> <OutPorts = 1>
ST_16 : Operation 457 [1/1] (1.43ns)   --->   "%tmp_539 = call i1 @is_digit_lessthan_ct, i64 %tempReg_1095, i64 %zext_ln356_51" [src/generic/fp_generic.cpp:356]   --->   Operation 457 'call' 'tmp_539' <Predicate = true> <Delay = 1.43> <CoreType = "Generic">   --->   Generic Core
ST_16 : Operation 458 [1/1] (1.43ns)   --->   "%tmp_540 = call i1 @is_digit_lessthan_ct, i64 %u_541, i64 %tempReg_1095" [src/generic/fp_generic.cpp:356]   --->   Operation 458 'call' 'tmp_540' <Predicate = true> <Delay = 1.43> <CoreType = "Generic">   --->   Generic Core
ST_16 : Operation 459 [1/1] (0.00ns) (grouped into LUT with out node add_ln356_528)   --->   "%carry_1238 = or i1 %tmp_540, i1 %tmp_539" [src/generic/fp_generic.cpp:356]   --->   Operation 459 'or' 'carry_1238' <Predicate = true> <Delay = 0.00> <CoreInst = "LogicGate">   --->   Core 74 'LogicGate' <Latency = 0> <II = 1> <Delay = 0.12> <FuncUnit> <Opcode : 'and' 'or' 'xor'> <InPorts = 2> <OutPorts = 1>
ST_16 : Operation 460 [1/1] (0.00ns) (grouped into LUT with out node add_ln356_528)   --->   "%zext_ln354_142 = zext i1 %carry_1238" [src/generic/fp_generic.cpp:354]   --->   Operation 460 'zext' 'zext_ln354_142' <Predicate = true> <Delay = 0.00>
ST_16 : Operation 461 [1/2] (1.43ns)   --->   "%call_ret183 = call i128 @digit_x_digit, i64 %v_696, i64 12393906174523604992" [src/generic/fp_generic.cpp:354]   --->   Operation 461 'call' 'call_ret183' <Predicate = true> <Delay = 1.43> <CoreType = "Generic">   --->   Generic Core
ST_16 : Operation 462 [1/1] (0.00ns)   --->   "%UV_647 = extractvalue i128 %call_ret183" [src/generic/fp_generic.cpp:354]   --->   Operation 462 'extractvalue' 'UV_647' <Predicate = true> <Delay = 0.00>
ST_16 : Operation 463 [1/1] (0.00ns) (grouped into LUT with out node tempReg_1097)   --->   "%UV_588 = extractvalue i128 %call_ret183" [src/generic/fp_generic.cpp:354]   --->   Operation 463 'extractvalue' 'UV_588' <Predicate = true> <Delay = 0.00>
ST_16 : Operation 464 [1/1] (1.14ns)   --->   "%v_715 = add i64 %UV_647, i64 %v_714" [src/generic/fp_generic.cpp:355]   --->   Operation 464 'add' 'v_715' <Predicate = true> <Delay = 1.14> <CoreInst = "Adder">   --->   Core 1 'Adder' <Latency = 0> <II = 1> <Delay = 1.14> <FuncUnit> <Opcode : 'add' 'sub'> <InPorts = 2> <OutPorts = 1>
ST_16 : Operation 465 [1/1] (1.43ns)   --->   "%tmp_541 = call i1 @is_digit_lessthan_ct, i64 %UV_647, i64 0" [src/generic/fp_generic.cpp:355]   --->   Operation 465 'call' 'tmp_541' <Predicate = true> <Delay = 1.43> <CoreType = "Generic">   --->   Generic Core
ST_16 : Operation 466 [1/1] (1.43ns)   --->   "%tmp_542 = call i1 @is_digit_lessthan_ct, i64 %v_715, i64 %UV_647" [src/generic/fp_generic.cpp:355]   --->   Operation 466 'call' 'tmp_542' <Predicate = true> <Delay = 1.43> <CoreType = "Generic">   --->   Generic Core
ST_16 : Operation 467 [1/1] (0.12ns)   --->   "%carry_1239 = or i1 %tmp_542, i1 %tmp_541" [src/generic/fp_generic.cpp:355]   --->   Operation 467 'or' 'carry_1239' <Predicate = true> <Delay = 0.12> <CoreInst = "LogicGate">   --->   Core 74 'LogicGate' <Latency = 0> <II = 1> <Delay = 0.12> <FuncUnit> <Opcode : 'and' 'or' 'xor'> <InPorts = 2> <OutPorts = 1>
ST_16 : Operation 468 [1/1] (0.00ns)   --->   "%zext_ln356_52 = zext i1 %carry_1239" [src/generic/fp_generic.cpp:356]   --->   Operation 468 'zext' 'zext_ln356_52' <Predicate = true> <Delay = 0.00>
ST_16 : Operation 469 [1/1] (1.14ns) (out node of the LUT)   --->   "%tempReg_1097 = add i64 %UV_588, i64 %zext_ln356_52" [src/generic/fp_generic.cpp:356]   --->   Operation 469 'add' 'tempReg_1097' <Predicate = true> <Delay = 1.14> <CoreInst = "Adder">   --->   Core 1 'Adder' <Latency = 0> <II = 1> <Delay = 1.14> <FuncUnit> <Opcode : 'add' 'sub'> <InPorts = 2> <OutPorts = 1>
ST_16 : Operation 470 [1/1] (1.14ns)   --->   "%u_542 = add i64 %tempReg_1097, i64 %u_541" [src/generic/fp_generic.cpp:356]   --->   Operation 470 'add' 'u_542' <Predicate = true> <Delay = 1.14> <CoreInst = "Adder">   --->   Core 1 'Adder' <Latency = 0> <II = 1> <Delay = 1.14> <FuncUnit> <Opcode : 'add' 'sub'> <InPorts = 2> <OutPorts = 1>
ST_16 : Operation 471 [1/1] (1.43ns)   --->   "%tmp_543 = call i1 @is_digit_lessthan_ct, i64 %tempReg_1097, i64 %zext_ln356_52" [src/generic/fp_generic.cpp:356]   --->   Operation 471 'call' 'tmp_543' <Predicate = true> <Delay = 1.43> <CoreType = "Generic">   --->   Generic Core
ST_16 : Operation 472 [1/2] ( I:0.71ns O:0.71ns )   --->   "%ma_0_load_15 = load i3 %ma_0_addr_18" [src/generic/fp_generic.cpp:360]   --->   Operation 472 'load' 'ma_0_load_15' <Predicate = true> <Delay = 0.71> <CoreInst = "RAM_1P">   --->   Core 87 'RAM_1P' <Latency = 1> <II = 1> <Delay = 0.71> <Storage> <Opcode : 'load' 'store'> <Ports = 1> <Width = 64> <Depth = 8> <RAM>
ST_16 : Operation 473 [1/1] (1.14ns)   --->   "%v_716 = add i64 %ma_0_load_15, i64 %v_715" [src/generic/fp_generic.cpp:360]   --->   Operation 473 'add' 'v_716' <Predicate = true> <Delay = 1.14> <CoreInst = "Adder">   --->   Core 1 'Adder' <Latency = 0> <II = 1> <Delay = 1.14> <FuncUnit> <Opcode : 'add' 'sub'> <InPorts = 2> <OutPorts = 1>
ST_16 : Operation 474 [1/1] (1.43ns)   --->   "%tmp_545 = call i1 @is_digit_lessthan_ct, i64 %v_715, i64 0" [src/generic/fp_generic.cpp:360]   --->   Operation 474 'call' 'tmp_545' <Predicate = true> <Delay = 1.43> <CoreType = "Generic">   --->   Generic Core
ST_16 : Operation 475 [1/1] (1.43ns)   --->   "%tmp_546 = call i1 @is_digit_lessthan_ct, i64 %v_716, i64 %v_715" [src/generic/fp_generic.cpp:360]   --->   Operation 475 'call' 'tmp_546' <Predicate = true> <Delay = 1.43> <CoreType = "Generic">   --->   Generic Core
ST_16 : Operation 476 [1/1] (0.12ns)   --->   "%carry_1241 = or i1 %tmp_546, i1 %tmp_545" [src/generic/fp_generic.cpp:360]   --->   Operation 476 'or' 'carry_1241' <Predicate = true> <Delay = 0.12> <CoreInst = "LogicGate">   --->   Core 74 'LogicGate' <Latency = 0> <II = 1> <Delay = 0.12> <FuncUnit> <Opcode : 'and' 'or' 'xor'> <InPorts = 2> <OutPorts = 1>
ST_16 : Operation 477 [2/2] (6.71ns)   --->   "%call_ret186 = call i128 @digit_x_digit, i64 %v_684, i64 18127602061483550" [src/generic/fp_generic.cpp:354]   --->   Operation 477 'call' 'call_ret186' <Predicate = true> <Delay = 6.71> <CoreType = "Generic">   --->   Generic Core
ST_16 : Operation 478 [1/1] ( I:0.71ns O:0.71ns )   --->   "%store_ln363 = store i64 %v_716, i2 %mc_0_addr" [src/generic/fp_generic.cpp:363]   --->   Operation 478 'store' 'store_ln363' <Predicate = true> <Delay = 0.71> <CoreInst = "RAM_1P">   --->   Core 87 'RAM_1P' <Latency = 1> <II = 1> <Delay = 0.71> <Storage> <Opcode : 'load' 'store'> <Ports = 1> <Width = 64> <Depth = 4> <RAM>
ST_16 : Operation 479 [1/1] (0.43ns) (out node of the LUT)   --->   "%add_ln356_528 = add i2 %zext_ln354_142, i2 %zext_ln354" [src/generic/fp_generic.cpp:356]   --->   Operation 479 'add' 'add_ln356_528' <Predicate = true> <Delay = 0.43> <CoreInst = "Adder">   --->   Core 1 'Adder' <Latency = 0> <II = 1> <Delay = 0.43> <FuncUnit> <Opcode : 'add' 'sub'> <InPorts = 2> <OutPorts = 1>
ST_16 : Operation 480 [1/1] (0.00ns)   --->   "%zext_ln356_167 = zext i2 %add_ln356_528" [src/generic/fp_generic.cpp:356]   --->   Operation 480 'zext' 'zext_ln356_167' <Predicate = true> <Delay = 0.00>
ST_16 : Operation 481 [1/1] (0.43ns) (out node of the LUT)   --->   "%add_ln356_529 = add i2 %zext_ln354_141, i2 %zext_ln303_59" [src/generic/fp_generic.cpp:356]   --->   Operation 481 'add' 'add_ln356_529' <Predicate = true> <Delay = 0.43> <CoreInst = "Adder">   --->   Core 1 'Adder' <Latency = 0> <II = 1> <Delay = 0.43> <FuncUnit> <Opcode : 'add' 'sub'> <InPorts = 2> <OutPorts = 1>
ST_16 : Operation 482 [1/1] (0.00ns)   --->   "%zext_ln356_168 = zext i2 %add_ln356_529" [src/generic/fp_generic.cpp:356]   --->   Operation 482 'zext' 'zext_ln356_168' <Predicate = true> <Delay = 0.00>
ST_16 : Operation 483 [1/1] (0.43ns)   --->   "%add_ln356_530 = add i3 %zext_ln356_168, i3 %zext_ln356_167" [src/generic/fp_generic.cpp:356]   --->   Operation 483 'add' 'add_ln356_530' <Predicate = true> <Delay = 0.43> <CoreInst = "Adder">   --->   Core 1 'Adder' <Latency = 0> <II = 1> <Delay = 0.43> <FuncUnit> <Opcode : 'add' 'sub'> <InPorts = 2> <OutPorts = 1>
ST_16 : Operation 484 [2/2] (6.71ns)   --->   "%call_ret189 = call i128 @digit_x_digit, i64 %v_687, i64 6937169319750509776" [src/generic/fp_generic.cpp:354]   --->   Operation 484 'call' 'call_ret189' <Predicate = true> <Delay = 6.71> <CoreType = "Generic">   --->   Generic Core

State 17 <SV = 16> <Delay = 6.72>
ST_17 : Operation 485 [1/1] (1.43ns)   --->   "%tmp_544 = call i1 @is_digit_lessthan_ct, i64 %u_542, i64 %tempReg_1097" [src/generic/fp_generic.cpp:356]   --->   Operation 485 'call' 'tmp_544' <Predicate = true> <Delay = 1.43> <CoreType = "Generic">   --->   Generic Core
ST_17 : Operation 486 [1/1] (0.00ns) (grouped into LUT with out node add_ln356_526)   --->   "%carry_1240 = or i1 %tmp_544, i1 %tmp_543" [src/generic/fp_generic.cpp:356]   --->   Operation 486 'or' 'carry_1240' <Predicate = true> <Delay = 0.00> <CoreInst = "LogicGate">   --->   Core 74 'LogicGate' <Latency = 0> <II = 1> <Delay = 0.12> <FuncUnit> <Opcode : 'and' 'or' 'xor'> <InPorts = 2> <OutPorts = 1>
ST_17 : Operation 487 [1/1] (0.00ns) (grouped into LUT with out node add_ln356_526)   --->   "%zext_ln360 = zext i1 %carry_1240" [src/generic/fp_generic.cpp:360]   --->   Operation 487 'zext' 'zext_ln360' <Predicate = true> <Delay = 0.00>
ST_17 : Operation 488 [1/1] (0.00ns)   --->   "%zext_ln361 = zext i1 %carry_1241" [src/generic/fp_generic.cpp:361]   --->   Operation 488 'zext' 'zext_ln361' <Predicate = true> <Delay = 0.00>
ST_17 : Operation 489 [1/1] (1.14ns)   --->   "%tempReg_1149 = add i64 %u_542, i64 %zext_ln361" [src/generic/fp_generic.cpp:361]   --->   Operation 489 'add' 'tempReg_1149' <Predicate = true> <Delay = 1.14> <CoreInst = "Adder">   --->   Core 1 'Adder' <Latency = 0> <II = 1> <Delay = 1.14> <FuncUnit> <Opcode : 'add' 'sub'> <InPorts = 2> <OutPorts = 1>
ST_17 : Operation 490 [1/1] (1.43ns)   --->   "%tmp_547 = call i1 @is_digit_lessthan_ct, i64 %tempReg_1149, i64 %zext_ln361" [src/generic/fp_generic.cpp:361]   --->   Operation 490 'call' 'tmp_547' <Predicate = true> <Delay = 1.43> <CoreType = "Generic">   --->   Generic Core
ST_17 : Operation 491 [1/1] (1.43ns)   --->   "%tmp_548 = call i1 @is_digit_lessthan_ct, i64 %tempReg_1149, i64 %tempReg_1149" [src/generic/fp_generic.cpp:361]   --->   Operation 491 'call' 'tmp_548' <Predicate = true> <Delay = 1.43> <CoreType = "Generic">   --->   Generic Core
ST_17 : Operation 492 [1/1] (0.00ns) (grouped into LUT with out node add_ln356_526)   --->   "%carry_1242 = or i1 %tmp_548, i1 %tmp_547" [src/generic/fp_generic.cpp:361]   --->   Operation 492 'or' 'carry_1242' <Predicate = true> <Delay = 0.00> <CoreInst = "LogicGate">   --->   Core 74 'LogicGate' <Latency = 0> <II = 1> <Delay = 0.12> <FuncUnit> <Opcode : 'and' 'or' 'xor'> <InPorts = 2> <OutPorts = 1>
ST_17 : Operation 493 [1/1] (0.00ns) (grouped into LUT with out node add_ln356_526)   --->   "%zext_ln303_60 = zext i1 %carry_1242" [src/generic/fp_generic.cpp:303]   --->   Operation 493 'zext' 'zext_ln303_60' <Predicate = true> <Delay = 0.00>
ST_17 : Operation 494 [1/2] (1.43ns)   --->   "%call_ret186 = call i128 @digit_x_digit, i64 %v_684, i64 18127602061483550" [src/generic/fp_generic.cpp:354]   --->   Operation 494 'call' 'call_ret186' <Predicate = true> <Delay = 1.43> <CoreType = "Generic">   --->   Generic Core
ST_17 : Operation 495 [1/1] (0.00ns)   --->   "%UV_648 = extractvalue i128 %call_ret186" [src/generic/fp_generic.cpp:354]   --->   Operation 495 'extractvalue' 'UV_648' <Predicate = true> <Delay = 0.00>
ST_17 : Operation 496 [1/1] (0.00ns) (grouped into LUT with out node tempReg_1150)   --->   "%UV_589 = extractvalue i128 %call_ret186" [src/generic/fp_generic.cpp:354]   --->   Operation 496 'extractvalue' 'UV_589' <Predicate = true> <Delay = 0.00>
ST_17 : Operation 497 [1/1] (1.14ns)   --->   "%v_750 = add i64 %UV_648, i64 %tempReg_1149" [src/generic/fp_generic.cpp:355]   --->   Operation 497 'add' 'v_750' <Predicate = true> <Delay = 1.14> <CoreInst = "Adder">   --->   Core 1 'Adder' <Latency = 0> <II = 1> <Delay = 1.14> <FuncUnit> <Opcode : 'add' 'sub'> <InPorts = 2> <OutPorts = 1>
ST_17 : Operation 498 [1/1] (1.43ns)   --->   "%tmp_549 = call i1 @is_digit_lessthan_ct, i64 %UV_648, i64 0" [src/generic/fp_generic.cpp:355]   --->   Operation 498 'call' 'tmp_549' <Predicate = true> <Delay = 1.43> <CoreType = "Generic">   --->   Generic Core
ST_17 : Operation 499 [1/1] (1.43ns)   --->   "%tmp_550 = call i1 @is_digit_lessthan_ct, i64 %v_750, i64 %UV_648" [src/generic/fp_generic.cpp:355]   --->   Operation 499 'call' 'tmp_550' <Predicate = true> <Delay = 1.43> <CoreType = "Generic">   --->   Generic Core
ST_17 : Operation 500 [1/1] (0.12ns)   --->   "%carry_1303 = or i1 %tmp_550, i1 %tmp_549" [src/generic/fp_generic.cpp:355]   --->   Operation 500 'or' 'carry_1303' <Predicate = true> <Delay = 0.12> <CoreInst = "LogicGate">   --->   Core 74 'LogicGate' <Latency = 0> <II = 1> <Delay = 0.12> <FuncUnit> <Opcode : 'and' 'or' 'xor'> <InPorts = 2> <OutPorts = 1>
ST_17 : Operation 501 [1/1] (0.00ns)   --->   "%zext_ln356_53 = zext i1 %carry_1303" [src/generic/fp_generic.cpp:356]   --->   Operation 501 'zext' 'zext_ln356_53' <Predicate = true> <Delay = 0.00>
ST_17 : Operation 502 [1/1] (1.14ns) (out node of the LUT)   --->   "%tempReg_1150 = add i64 %UV_589, i64 %zext_ln356_53" [src/generic/fp_generic.cpp:356]   --->   Operation 502 'add' 'tempReg_1150' <Predicate = true> <Delay = 1.14> <CoreInst = "Adder">   --->   Core 1 'Adder' <Latency = 0> <II = 1> <Delay = 1.14> <FuncUnit> <Opcode : 'add' 'sub'> <InPorts = 2> <OutPorts = 1>
ST_17 : Operation 503 [1/1] (0.43ns) (out node of the LUT)   --->   "%add_ln356_526 = add i2 %zext_ln360, i2 %zext_ln303_60" [src/generic/fp_generic.cpp:356]   --->   Operation 503 'add' 'add_ln356_526' <Predicate = true> <Delay = 0.43> <CoreInst = "Adder">   --->   Core 1 'Adder' <Latency = 0> <II = 1> <Delay = 0.43> <FuncUnit> <Opcode : 'add' 'sub'> <InPorts = 2> <OutPorts = 1>
ST_17 : Operation 504 [1/1] (1.43ns)   --->   "%tmp_551 = call i1 @is_digit_lessthan_ct, i64 %tempReg_1150, i64 %zext_ln356_53" [src/generic/fp_generic.cpp:356]   --->   Operation 504 'call' 'tmp_551' <Predicate = true> <Delay = 1.43> <CoreType = "Generic">   --->   Generic Core
ST_17 : Operation 505 [1/2] (1.43ns)   --->   "%call_ret189 = call i128 @digit_x_digit, i64 %v_687, i64 6937169319750509776" [src/generic/fp_generic.cpp:354]   --->   Operation 505 'call' 'call_ret189' <Predicate = true> <Delay = 1.43> <CoreType = "Generic">   --->   Generic Core
ST_17 : Operation 506 [1/1] (0.00ns)   --->   "%tempReg_1151 = extractvalue i128 %call_ret189" [src/generic/fp_generic.cpp:354]   --->   Operation 506 'extractvalue' 'tempReg_1151' <Predicate = true> <Delay = 0.00>
ST_17 : Operation 507 [1/1] (0.00ns) (grouped into LUT with out node tempReg_1152)   --->   "%UV_590 = extractvalue i128 %call_ret189" [src/generic/fp_generic.cpp:354]   --->   Operation 507 'extractvalue' 'UV_590' <Predicate = true> <Delay = 0.00>
ST_17 : Operation 508 [1/1] (1.14ns)   --->   "%v_751 = add i64 %tempReg_1151, i64 %v_750" [src/generic/fp_generic.cpp:355]   --->   Operation 508 'add' 'v_751' <Predicate = true> <Delay = 1.14> <CoreInst = "Adder">   --->   Core 1 'Adder' <Latency = 0> <II = 1> <Delay = 1.14> <FuncUnit> <Opcode : 'add' 'sub'> <InPorts = 2> <OutPorts = 1>
ST_17 : Operation 509 [1/1] (1.43ns)   --->   "%tmp_553 = call i1 @is_digit_lessthan_ct, i64 %tempReg_1151, i64 0" [src/generic/fp_generic.cpp:355]   --->   Operation 509 'call' 'tmp_553' <Predicate = true> <Delay = 1.43> <CoreType = "Generic">   --->   Generic Core
ST_17 : Operation 510 [1/1] (1.43ns)   --->   "%tmp_554 = call i1 @is_digit_lessthan_ct, i64 %v_751, i64 %tempReg_1151" [src/generic/fp_generic.cpp:355]   --->   Operation 510 'call' 'tmp_554' <Predicate = true> <Delay = 1.43> <CoreType = "Generic">   --->   Generic Core
ST_17 : Operation 511 [1/1] (0.12ns)   --->   "%carry_1305 = or i1 %tmp_554, i1 %tmp_553" [src/generic/fp_generic.cpp:355]   --->   Operation 511 'or' 'carry_1305' <Predicate = true> <Delay = 0.12> <CoreInst = "LogicGate">   --->   Core 74 'LogicGate' <Latency = 0> <II = 1> <Delay = 0.12> <FuncUnit> <Opcode : 'and' 'or' 'xor'> <InPorts = 2> <OutPorts = 1>
ST_17 : Operation 512 [1/1] (0.00ns)   --->   "%zext_ln356_54 = zext i1 %carry_1305" [src/generic/fp_generic.cpp:356]   --->   Operation 512 'zext' 'zext_ln356_54' <Predicate = true> <Delay = 0.00>
ST_17 : Operation 513 [1/1] (1.14ns) (out node of the LUT)   --->   "%tempReg_1152 = add i64 %UV_590, i64 %zext_ln356_54" [src/generic/fp_generic.cpp:356]   --->   Operation 513 'add' 'tempReg_1152' <Predicate = true> <Delay = 1.14> <CoreInst = "Adder">   --->   Core 1 'Adder' <Latency = 0> <II = 1> <Delay = 1.14> <FuncUnit> <Opcode : 'add' 'sub'> <InPorts = 2> <OutPorts = 1>
ST_17 : Operation 514 [2/2] (6.71ns)   --->   "%call_ret192 = call i128 @digit_x_digit, i64 %v_691, i64 1989455001339985327" [src/generic/fp_generic.cpp:354]   --->   Operation 514 'call' 'call_ret192' <Predicate = true> <Delay = 6.71> <CoreType = "Generic">   --->   Generic Core
ST_17 : Operation 515 [2/2] (6.71ns)   --->   "%call_ret195 = call i128 @digit_x_digit, i64 %v_696, i64 1371447078966912928" [src/generic/fp_generic.cpp:354]   --->   Operation 515 'call' 'call_ret195' <Predicate = true> <Delay = 6.71> <CoreType = "Generic">   --->   Generic Core

State 18 <SV = 17> <Delay = 6.72>
ST_18 : Operation 516 [1/1] (0.00ns)   --->   "%ma_1_addr_18 = getelementptr i64 %ma_1, i64 0, i64 4" [src/generic/fp_generic.cpp:360]   --->   Operation 516 'getelementptr' 'ma_1_addr_18' <Predicate = true> <Delay = 0.00>
ST_18 : Operation 517 [2/2] (0.71ns)   --->   "%ma_1_load_18 = load i3 %ma_1_addr_18" [src/generic/fp_generic.cpp:360]   --->   Operation 517 'load' 'ma_1_load_18' <Predicate = true> <Delay = 0.71> <CoreInst = "RAM_1P">   --->   Core 87 'RAM_1P' <Latency = 1> <II = 1> <Delay = 0.71> <Storage> <Opcode : 'load' 'store'> <Ports = 1> <Width = 64> <Depth = 8> <RAM>
ST_18 : Operation 518 [1/1] (0.00ns)   --->   "%zext_ln356_166 = zext i2 %add_ln356_526" [src/generic/fp_generic.cpp:356]   --->   Operation 518 'zext' 'zext_ln356_166' <Predicate = true> <Delay = 0.00>
ST_18 : Operation 519 [1/1] (0.00ns) (grouped into TernaryAdder)   --->   "%add_ln356_527 = add i64 %zext_ln356_166, i64 %tempReg_1150" [src/generic/fp_generic.cpp:356]   --->   Operation 519 'add' 'add_ln356_527' <Predicate = true> <Delay = 0.00> <CoreInst = "TAddSub">   --->   Core 10 'TAddSub' <Latency = 0> <II = 1> <Delay = 0.42> <IPBlock> <Opcode : '' 'add' 'sub'> <InPorts = 3> <OutPorts = 1> <Sync> <CReg>
ST_18 : Operation 520 [1/1] (0.00ns)   --->   "%zext_ln356_169 = zext i3 %add_ln356_530" [src/generic/fp_generic.cpp:356]   --->   Operation 520 'zext' 'zext_ln356_169' <Predicate = true> <Delay = 0.00>
ST_18 : Operation 521 [1/1] (0.84ns) (root node of TernaryAdder)   --->   "%u = add i64 %zext_ln356_169, i64 %add_ln356_527" [src/generic/fp_generic.cpp:356]   --->   Operation 521 'add' 'u' <Predicate = true> <Delay = 0.84> <CoreInst = "TAddSub">   --->   Core 10 'TAddSub' <Latency = 0> <II = 1> <Delay = 0.42> <IPBlock> <Opcode : '' 'add' 'sub'> <InPorts = 3> <OutPorts = 1> <Sync> <CReg>
ST_18 : Operation 522 [1/1] (1.43ns)   --->   "%tmp_552 = call i1 @is_digit_lessthan_ct, i64 %u, i64 %tempReg_1150" [src/generic/fp_generic.cpp:356]   --->   Operation 522 'call' 'tmp_552' <Predicate = true> <Delay = 1.43> <CoreType = "Generic">   --->   Generic Core
ST_18 : Operation 523 [1/1] (1.14ns)   --->   "%u_567 = add i64 %tempReg_1152, i64 %u" [src/generic/fp_generic.cpp:356]   --->   Operation 523 'add' 'u_567' <Predicate = true> <Delay = 1.14> <CoreInst = "Adder">   --->   Core 1 'Adder' <Latency = 0> <II = 1> <Delay = 1.14> <FuncUnit> <Opcode : 'add' 'sub'> <InPorts = 2> <OutPorts = 1>
ST_18 : Operation 524 [1/1] (1.43ns)   --->   "%tmp_555 = call i1 @is_digit_lessthan_ct, i64 %tempReg_1152, i64 %zext_ln356_54" [src/generic/fp_generic.cpp:356]   --->   Operation 524 'call' 'tmp_555' <Predicate = true> <Delay = 1.43> <CoreType = "Generic">   --->   Generic Core
ST_18 : Operation 525 [1/1] (1.43ns)   --->   "%tmp_556 = call i1 @is_digit_lessthan_ct, i64 %u_567, i64 %tempReg_1152" [src/generic/fp_generic.cpp:356]   --->   Operation 525 'call' 'tmp_556' <Predicate = true> <Delay = 1.43> <CoreType = "Generic">   --->   Generic Core
ST_18 : Operation 526 [1/2] (1.43ns)   --->   "%call_ret192 = call i128 @digit_x_digit, i64 %v_691, i64 1989455001339985327" [src/generic/fp_generic.cpp:354]   --->   Operation 526 'call' 'call_ret192' <Predicate = true> <Delay = 1.43> <CoreType = "Generic">   --->   Generic Core
ST_18 : Operation 527 [1/1] (0.00ns)   --->   "%tempReg_1153 = extractvalue i128 %call_ret192" [src/generic/fp_generic.cpp:354]   --->   Operation 527 'extractvalue' 'tempReg_1153' <Predicate = true> <Delay = 0.00>
ST_18 : Operation 528 [1/1] (0.00ns) (grouped into LUT with out node tempReg_1154)   --->   "%UV_592 = extractvalue i128 %call_ret192" [src/generic/fp_generic.cpp:354]   --->   Operation 528 'extractvalue' 'UV_592' <Predicate = true> <Delay = 0.00>
ST_18 : Operation 529 [1/1] (1.14ns)   --->   "%v_752 = add i64 %tempReg_1153, i64 %v_751" [src/generic/fp_generic.cpp:355]   --->   Operation 529 'add' 'v_752' <Predicate = true> <Delay = 1.14> <CoreInst = "Adder">   --->   Core 1 'Adder' <Latency = 0> <II = 1> <Delay = 1.14> <FuncUnit> <Opcode : 'add' 'sub'> <InPorts = 2> <OutPorts = 1>
ST_18 : Operation 530 [1/1] (1.43ns)   --->   "%tmp_557 = call i1 @is_digit_lessthan_ct, i64 %tempReg_1153, i64 0" [src/generic/fp_generic.cpp:355]   --->   Operation 530 'call' 'tmp_557' <Predicate = true> <Delay = 1.43> <CoreType = "Generic">   --->   Generic Core
ST_18 : Operation 531 [1/1] (1.43ns)   --->   "%tmp_558 = call i1 @is_digit_lessthan_ct, i64 %v_752, i64 %tempReg_1153" [src/generic/fp_generic.cpp:355]   --->   Operation 531 'call' 'tmp_558' <Predicate = true> <Delay = 1.43> <CoreType = "Generic">   --->   Generic Core
ST_18 : Operation 532 [1/1] (0.12ns)   --->   "%carry_1307 = or i1 %tmp_558, i1 %tmp_557" [src/generic/fp_generic.cpp:355]   --->   Operation 532 'or' 'carry_1307' <Predicate = true> <Delay = 0.12> <CoreInst = "LogicGate">   --->   Core 74 'LogicGate' <Latency = 0> <II = 1> <Delay = 0.12> <FuncUnit> <Opcode : 'and' 'or' 'xor'> <InPorts = 2> <OutPorts = 1>
ST_18 : Operation 533 [1/1] (0.00ns)   --->   "%zext_ln356_55 = zext i1 %carry_1307" [src/generic/fp_generic.cpp:356]   --->   Operation 533 'zext' 'zext_ln356_55' <Predicate = true> <Delay = 0.00>
ST_18 : Operation 534 [1/1] (1.14ns) (out node of the LUT)   --->   "%tempReg_1154 = add i64 %UV_592, i64 %zext_ln356_55" [src/generic/fp_generic.cpp:356]   --->   Operation 534 'add' 'tempReg_1154' <Predicate = true> <Delay = 1.14> <CoreInst = "Adder">   --->   Core 1 'Adder' <Latency = 0> <II = 1> <Delay = 1.14> <FuncUnit> <Opcode : 'add' 'sub'> <InPorts = 2> <OutPorts = 1>
ST_18 : Operation 535 [1/1] (1.14ns)   --->   "%u_568 = add i64 %tempReg_1154, i64 %u_567" [src/generic/fp_generic.cpp:356]   --->   Operation 535 'add' 'u_568' <Predicate = true> <Delay = 1.14> <CoreInst = "Adder">   --->   Core 1 'Adder' <Latency = 0> <II = 1> <Delay = 1.14> <FuncUnit> <Opcode : 'add' 'sub'> <InPorts = 2> <OutPorts = 1>
ST_18 : Operation 536 [1/1] (1.43ns)   --->   "%tmp_559 = call i1 @is_digit_lessthan_ct, i64 %tempReg_1154, i64 %zext_ln356_55" [src/generic/fp_generic.cpp:356]   --->   Operation 536 'call' 'tmp_559' <Predicate = true> <Delay = 1.43> <CoreType = "Generic">   --->   Generic Core
ST_18 : Operation 537 [1/2] (1.43ns)   --->   "%call_ret195 = call i128 @digit_x_digit, i64 %v_696, i64 1371447078966912928" [src/generic/fp_generic.cpp:354]   --->   Operation 537 'call' 'call_ret195' <Predicate = true> <Delay = 1.43> <CoreType = "Generic">   --->   Generic Core
ST_18 : Operation 538 [1/1] (0.00ns)   --->   "%tempReg_1155 = extractvalue i128 %call_ret195" [src/generic/fp_generic.cpp:354]   --->   Operation 538 'extractvalue' 'tempReg_1155' <Predicate = true> <Delay = 0.00>
ST_18 : Operation 539 [1/1] (0.00ns) (grouped into LUT with out node tempReg_1156)   --->   "%UV_594 = extractvalue i128 %call_ret195" [src/generic/fp_generic.cpp:354]   --->   Operation 539 'extractvalue' 'UV_594' <Predicate = true> <Delay = 0.00>
ST_18 : Operation 540 [1/1] (1.14ns)   --->   "%v_753 = add i64 %tempReg_1155, i64 %v_752" [src/generic/fp_generic.cpp:355]   --->   Operation 540 'add' 'v_753' <Predicate = true> <Delay = 1.14> <CoreInst = "Adder">   --->   Core 1 'Adder' <Latency = 0> <II = 1> <Delay = 1.14> <FuncUnit> <Opcode : 'add' 'sub'> <InPorts = 2> <OutPorts = 1>
ST_18 : Operation 541 [1/1] (1.43ns)   --->   "%tmp_561 = call i1 @is_digit_lessthan_ct, i64 %tempReg_1155, i64 0" [src/generic/fp_generic.cpp:355]   --->   Operation 541 'call' 'tmp_561' <Predicate = true> <Delay = 1.43> <CoreType = "Generic">   --->   Generic Core
ST_18 : Operation 542 [1/1] (1.43ns)   --->   "%tmp_562 = call i1 @is_digit_lessthan_ct, i64 %v_753, i64 %tempReg_1155" [src/generic/fp_generic.cpp:355]   --->   Operation 542 'call' 'tmp_562' <Predicate = true> <Delay = 1.43> <CoreType = "Generic">   --->   Generic Core
ST_18 : Operation 543 [1/1] (0.12ns)   --->   "%carry_1309 = or i1 %tmp_562, i1 %tmp_561" [src/generic/fp_generic.cpp:355]   --->   Operation 543 'or' 'carry_1309' <Predicate = true> <Delay = 0.12> <CoreInst = "LogicGate">   --->   Core 74 'LogicGate' <Latency = 0> <II = 1> <Delay = 0.12> <FuncUnit> <Opcode : 'and' 'or' 'xor'> <InPorts = 2> <OutPorts = 1>
ST_18 : Operation 544 [1/1] (0.00ns)   --->   "%zext_ln356_56 = zext i1 %carry_1309" [src/generic/fp_generic.cpp:356]   --->   Operation 544 'zext' 'zext_ln356_56' <Predicate = true> <Delay = 0.00>
ST_18 : Operation 545 [1/1] (1.14ns) (out node of the LUT)   --->   "%tempReg_1156 = add i64 %UV_594, i64 %zext_ln356_56" [src/generic/fp_generic.cpp:356]   --->   Operation 545 'add' 'tempReg_1156' <Predicate = true> <Delay = 1.14> <CoreInst = "Adder">   --->   Core 1 'Adder' <Latency = 0> <II = 1> <Delay = 1.14> <FuncUnit> <Opcode : 'add' 'sub'> <InPorts = 2> <OutPorts = 1>
ST_18 : Operation 546 [2/2] (6.71ns)   --->   "%call_ret198 = call i128 @digit_x_digit, i64 %v_702, i64 12393906174523604992" [src/generic/fp_generic.cpp:354]   --->   Operation 546 'call' 'call_ret198' <Predicate = true> <Delay = 6.71> <CoreType = "Generic">   --->   Generic Core

State 19 <SV = 18> <Delay = 6.72>
ST_19 : Operation 547 [1/1] (0.00ns)   --->   "%mc_1_addr = getelementptr i64 %mc_1, i64 0, i64 0" [src/generic/fp_generic.cpp:334]   --->   Operation 547 'getelementptr' 'mc_1_addr' <Predicate = true> <Delay = 0.00>
ST_19 : Operation 548 [1/2] ( I:0.71ns O:0.71ns )   --->   "%ma_1_load_18 = load i3 %ma_1_addr_18" [src/generic/fp_generic.cpp:360]   --->   Operation 548 'load' 'ma_1_load_18' <Predicate = true> <Delay = 0.71> <CoreInst = "RAM_1P">   --->   Core 87 'RAM_1P' <Latency = 1> <II = 1> <Delay = 0.71> <Storage> <Opcode : 'load' 'store'> <Ports = 1> <Width = 64> <Depth = 8> <RAM>
ST_19 : Operation 549 [1/1] (0.00ns) (grouped into LUT with out node add_ln356_544)   --->   "%carry_1304 = or i1 %tmp_552, i1 %tmp_551" [src/generic/fp_generic.cpp:356]   --->   Operation 549 'or' 'carry_1304' <Predicate = true> <Delay = 0.00> <CoreInst = "LogicGate">   --->   Core 74 'LogicGate' <Latency = 0> <II = 1> <Delay = 0.12> <FuncUnit> <Opcode : 'and' 'or' 'xor'> <InPorts = 2> <OutPorts = 1>
ST_19 : Operation 550 [1/1] (0.00ns) (grouped into LUT with out node add_ln356_544)   --->   "%zext_ln354_143 = zext i1 %carry_1304" [src/generic/fp_generic.cpp:354]   --->   Operation 550 'zext' 'zext_ln354_143' <Predicate = true> <Delay = 0.00>
ST_19 : Operation 551 [1/1] (0.00ns) (grouped into LUT with out node add_ln356_543)   --->   "%carry_1306 = or i1 %tmp_556, i1 %tmp_555" [src/generic/fp_generic.cpp:356]   --->   Operation 551 'or' 'carry_1306' <Predicate = true> <Delay = 0.00> <CoreInst = "LogicGate">   --->   Core 74 'LogicGate' <Latency = 0> <II = 1> <Delay = 0.12> <FuncUnit> <Opcode : 'and' 'or' 'xor'> <InPorts = 2> <OutPorts = 1>
ST_19 : Operation 552 [1/1] (0.00ns) (grouped into LUT with out node add_ln356_543)   --->   "%zext_ln354_144 = zext i1 %carry_1306" [src/generic/fp_generic.cpp:354]   --->   Operation 552 'zext' 'zext_ln354_144' <Predicate = true> <Delay = 0.00>
ST_19 : Operation 553 [1/1] (1.43ns)   --->   "%tmp_560 = call i1 @is_digit_lessthan_ct, i64 %u_568, i64 %tempReg_1154" [src/generic/fp_generic.cpp:356]   --->   Operation 553 'call' 'tmp_560' <Predicate = true> <Delay = 1.43> <CoreType = "Generic">   --->   Generic Core
ST_19 : Operation 554 [1/1] (0.00ns) (grouped into LUT with out node add_ln356_544)   --->   "%carry_1308 = or i1 %tmp_560, i1 %tmp_559" [src/generic/fp_generic.cpp:356]   --->   Operation 554 'or' 'carry_1308' <Predicate = true> <Delay = 0.00> <CoreInst = "LogicGate">   --->   Core 74 'LogicGate' <Latency = 0> <II = 1> <Delay = 0.12> <FuncUnit> <Opcode : 'and' 'or' 'xor'> <InPorts = 2> <OutPorts = 1>
ST_19 : Operation 555 [1/1] (0.00ns) (grouped into LUT with out node add_ln356_544)   --->   "%zext_ln354_145 = zext i1 %carry_1308" [src/generic/fp_generic.cpp:354]   --->   Operation 555 'zext' 'zext_ln354_145' <Predicate = true> <Delay = 0.00>
ST_19 : Operation 556 [1/1] (1.14ns)   --->   "%u_569 = add i64 %tempReg_1156, i64 %u_568" [src/generic/fp_generic.cpp:356]   --->   Operation 556 'add' 'u_569' <Predicate = true> <Delay = 1.14> <CoreInst = "Adder">   --->   Core 1 'Adder' <Latency = 0> <II = 1> <Delay = 1.14> <FuncUnit> <Opcode : 'add' 'sub'> <InPorts = 2> <OutPorts = 1>
ST_19 : Operation 557 [1/1] (1.43ns)   --->   "%tmp_563 = call i1 @is_digit_lessthan_ct, i64 %tempReg_1156, i64 %zext_ln356_56" [src/generic/fp_generic.cpp:356]   --->   Operation 557 'call' 'tmp_563' <Predicate = true> <Delay = 1.43> <CoreType = "Generic">   --->   Generic Core
ST_19 : Operation 558 [1/1] (1.43ns)   --->   "%tmp_564 = call i1 @is_digit_lessthan_ct, i64 %u_569, i64 %tempReg_1156" [src/generic/fp_generic.cpp:356]   --->   Operation 558 'call' 'tmp_564' <Predicate = true> <Delay = 1.43> <CoreType = "Generic">   --->   Generic Core
ST_19 : Operation 559 [1/1] (0.00ns) (grouped into LUT with out node add_ln356_543)   --->   "%carry_1310 = or i1 %tmp_564, i1 %tmp_563" [src/generic/fp_generic.cpp:356]   --->   Operation 559 'or' 'carry_1310' <Predicate = true> <Delay = 0.00> <CoreInst = "LogicGate">   --->   Core 74 'LogicGate' <Latency = 0> <II = 1> <Delay = 0.12> <FuncUnit> <Opcode : 'and' 'or' 'xor'> <InPorts = 2> <OutPorts = 1>
ST_19 : Operation 560 [1/1] (0.00ns) (grouped into LUT with out node add_ln356_543)   --->   "%zext_ln354_146 = zext i1 %carry_1310" [src/generic/fp_generic.cpp:354]   --->   Operation 560 'zext' 'zext_ln354_146' <Predicate = true> <Delay = 0.00>
ST_19 : Operation 561 [1/2] (1.43ns)   --->   "%call_ret198 = call i128 @digit_x_digit, i64 %v_702, i64 12393906174523604992" [src/generic/fp_generic.cpp:354]   --->   Operation 561 'call' 'call_ret198' <Predicate = true> <Delay = 1.43> <CoreType = "Generic">   --->   Generic Core
ST_19 : Operation 562 [1/1] (0.00ns)   --->   "%tempReg_1157 = extractvalue i128 %call_ret198" [src/generic/fp_generic.cpp:354]   --->   Operation 562 'extractvalue' 'tempReg_1157' <Predicate = true> <Delay = 0.00>
ST_19 : Operation 563 [1/1] (0.00ns) (grouped into LUT with out node tempReg_1158)   --->   "%UV_596 = extractvalue i128 %call_ret198" [src/generic/fp_generic.cpp:354]   --->   Operation 563 'extractvalue' 'UV_596' <Predicate = true> <Delay = 0.00>
ST_19 : Operation 564 [1/1] (1.14ns)   --->   "%v_754 = add i64 %tempReg_1157, i64 %v_753" [src/generic/fp_generic.cpp:355]   --->   Operation 564 'add' 'v_754' <Predicate = true> <Delay = 1.14> <CoreInst = "Adder">   --->   Core 1 'Adder' <Latency = 0> <II = 1> <Delay = 1.14> <FuncUnit> <Opcode : 'add' 'sub'> <InPorts = 2> <OutPorts = 1>
ST_19 : Operation 565 [1/1] (1.43ns)   --->   "%tmp_565 = call i1 @is_digit_lessthan_ct, i64 %tempReg_1157, i64 0" [src/generic/fp_generic.cpp:355]   --->   Operation 565 'call' 'tmp_565' <Predicate = true> <Delay = 1.43> <CoreType = "Generic">   --->   Generic Core
ST_19 : Operation 566 [1/1] (1.43ns)   --->   "%tmp_566 = call i1 @is_digit_lessthan_ct, i64 %v_754, i64 %tempReg_1157" [src/generic/fp_generic.cpp:355]   --->   Operation 566 'call' 'tmp_566' <Predicate = true> <Delay = 1.43> <CoreType = "Generic">   --->   Generic Core
ST_19 : Operation 567 [1/1] (0.12ns)   --->   "%carry_1311 = or i1 %tmp_566, i1 %tmp_565" [src/generic/fp_generic.cpp:355]   --->   Operation 567 'or' 'carry_1311' <Predicate = true> <Delay = 0.12> <CoreInst = "LogicGate">   --->   Core 74 'LogicGate' <Latency = 0> <II = 1> <Delay = 0.12> <FuncUnit> <Opcode : 'and' 'or' 'xor'> <InPorts = 2> <OutPorts = 1>
ST_19 : Operation 568 [1/1] (0.00ns)   --->   "%zext_ln356_57 = zext i1 %carry_1311" [src/generic/fp_generic.cpp:356]   --->   Operation 568 'zext' 'zext_ln356_57' <Predicate = true> <Delay = 0.00>
ST_19 : Operation 569 [1/1] (1.14ns)   --->   "%v_755 = add i64 %ma_1_load_18, i64 %v_754" [src/generic/fp_generic.cpp:360]   --->   Operation 569 'add' 'v_755' <Predicate = true> <Delay = 1.14> <CoreInst = "Adder">   --->   Core 1 'Adder' <Latency = 0> <II = 1> <Delay = 1.14> <FuncUnit> <Opcode : 'add' 'sub'> <InPorts = 2> <OutPorts = 1>
ST_19 : Operation 570 [1/1] (1.43ns)   --->   "%tmp_567 = call i1 @is_digit_lessthan_ct, i64 %v_754, i64 0" [src/generic/fp_generic.cpp:360]   --->   Operation 570 'call' 'tmp_567' <Predicate = true> <Delay = 1.43> <CoreType = "Generic">   --->   Generic Core
ST_19 : Operation 571 [1/1] (1.43ns)   --->   "%tmp_568 = call i1 @is_digit_lessthan_ct, i64 %v_755, i64 %v_754" [src/generic/fp_generic.cpp:360]   --->   Operation 571 'call' 'tmp_568' <Predicate = true> <Delay = 1.43> <CoreType = "Generic">   --->   Generic Core
ST_19 : Operation 572 [1/1] (0.12ns)   --->   "%carry_1313 = or i1 %tmp_568, i1 %tmp_567" [src/generic/fp_generic.cpp:360]   --->   Operation 572 'or' 'carry_1313' <Predicate = true> <Delay = 0.12> <CoreInst = "LogicGate">   --->   Core 74 'LogicGate' <Latency = 0> <II = 1> <Delay = 0.12> <FuncUnit> <Opcode : 'and' 'or' 'xor'> <InPorts = 2> <OutPorts = 1>
ST_19 : Operation 573 [1/1] (1.14ns) (out node of the LUT)   --->   "%tempReg_1158 = add i64 %UV_596, i64 %zext_ln356_57" [src/generic/fp_generic.cpp:356]   --->   Operation 573 'add' 'tempReg_1158' <Predicate = true> <Delay = 1.14> <CoreInst = "Adder">   --->   Core 1 'Adder' <Latency = 0> <II = 1> <Delay = 1.14> <FuncUnit> <Opcode : 'add' 'sub'> <InPorts = 2> <OutPorts = 1>
ST_19 : Operation 574 [1/1] (1.14ns)   --->   "%u_570 = add i64 %tempReg_1158, i64 %u_569" [src/generic/fp_generic.cpp:356]   --->   Operation 574 'add' 'u_570' <Predicate = true> <Delay = 1.14> <CoreInst = "Adder">   --->   Core 1 'Adder' <Latency = 0> <II = 1> <Delay = 1.14> <FuncUnit> <Opcode : 'add' 'sub'> <InPorts = 2> <OutPorts = 1>
ST_19 : Operation 575 [1/1] (1.43ns)   --->   "%tmp_569 = call i1 @is_digit_lessthan_ct, i64 %tempReg_1158, i64 %zext_ln356_57" [src/generic/fp_generic.cpp:356]   --->   Operation 575 'call' 'tmp_569' <Predicate = true> <Delay = 1.43> <CoreType = "Generic">   --->   Generic Core
ST_19 : Operation 576 [2/2] (6.71ns)   --->   "%call_ret201 = call i128 @digit_x_digit, i64 %v_687, i64 18127602061483550" [src/generic/fp_generic.cpp:354]   --->   Operation 576 'call' 'call_ret201' <Predicate = true> <Delay = 6.71> <CoreType = "Generic">   --->   Generic Core
ST_19 : Operation 577 [1/1] ( I:0.71ns O:0.71ns )   --->   "%store_ln363 = store i64 %v_755, i2 %mc_1_addr" [src/generic/fp_generic.cpp:363]   --->   Operation 577 'store' 'store_ln363' <Predicate = true> <Delay = 0.71> <CoreInst = "RAM_1P">   --->   Core 87 'RAM_1P' <Latency = 1> <II = 1> <Delay = 0.71> <Storage> <Opcode : 'load' 'store'> <Ports = 1> <Width = 64> <Depth = 4> <RAM>
ST_19 : Operation 578 [1/1] (0.43ns) (out node of the LUT)   --->   "%add_ln356_543 = add i2 %zext_ln354_146, i2 %zext_ln354_144" [src/generic/fp_generic.cpp:356]   --->   Operation 578 'add' 'add_ln356_543' <Predicate = true> <Delay = 0.43> <CoreInst = "Adder">   --->   Core 1 'Adder' <Latency = 0> <II = 1> <Delay = 0.43> <FuncUnit> <Opcode : 'add' 'sub'> <InPorts = 2> <OutPorts = 1>
ST_19 : Operation 579 [1/1] (0.00ns)   --->   "%zext_ln356_171 = zext i2 %add_ln356_543" [src/generic/fp_generic.cpp:356]   --->   Operation 579 'zext' 'zext_ln356_171' <Predicate = true> <Delay = 0.00>
ST_19 : Operation 580 [1/1] (0.43ns) (out node of the LUT)   --->   "%add_ln356_544 = add i2 %zext_ln354_145, i2 %zext_ln354_143" [src/generic/fp_generic.cpp:356]   --->   Operation 580 'add' 'add_ln356_544' <Predicate = true> <Delay = 0.43> <CoreInst = "Adder">   --->   Core 1 'Adder' <Latency = 0> <II = 1> <Delay = 0.43> <FuncUnit> <Opcode : 'add' 'sub'> <InPorts = 2> <OutPorts = 1>
ST_19 : Operation 581 [1/1] (0.00ns)   --->   "%zext_ln356_172 = zext i2 %add_ln356_544" [src/generic/fp_generic.cpp:356]   --->   Operation 581 'zext' 'zext_ln356_172' <Predicate = true> <Delay = 0.00>
ST_19 : Operation 582 [1/1] (0.43ns)   --->   "%add_ln356_545 = add i3 %zext_ln356_172, i3 %zext_ln356_171" [src/generic/fp_generic.cpp:356]   --->   Operation 582 'add' 'add_ln356_545' <Predicate = true> <Delay = 0.43> <CoreInst = "Adder">   --->   Core 1 'Adder' <Latency = 0> <II = 1> <Delay = 0.43> <FuncUnit> <Opcode : 'add' 'sub'> <InPorts = 2> <OutPorts = 1>
ST_19 : Operation 583 [2/2] (6.71ns)   --->   "%call_ret204 = call i128 @digit_x_digit, i64 %v_691, i64 6937169319750509776" [src/generic/fp_generic.cpp:354]   --->   Operation 583 'call' 'call_ret204' <Predicate = true> <Delay = 6.71> <CoreType = "Generic">   --->   Generic Core

State 20 <SV = 19> <Delay = 6.72>
ST_20 : Operation 584 [1/1] (0.00ns)   --->   "%zext_ln361_13 = zext i1 %carry_1313" [src/generic/fp_generic.cpp:361]   --->   Operation 584 'zext' 'zext_ln361_13' <Predicate = true> <Delay = 0.00>
ST_20 : Operation 585 [1/1] (1.43ns)   --->   "%tmp_570 = call i1 @is_digit_lessthan_ct, i64 %u_570, i64 %tempReg_1158" [src/generic/fp_generic.cpp:356]   --->   Operation 585 'call' 'tmp_570' <Predicate = true> <Delay = 1.43> <CoreType = "Generic">   --->   Generic Core
ST_20 : Operation 586 [1/1] (0.00ns) (grouped into LUT with out node add_ln356_541)   --->   "%carry_1312 = or i1 %tmp_570, i1 %tmp_569" [src/generic/fp_generic.cpp:356]   --->   Operation 586 'or' 'carry_1312' <Predicate = true> <Delay = 0.00> <CoreInst = "LogicGate">   --->   Core 74 'LogicGate' <Latency = 0> <II = 1> <Delay = 0.12> <FuncUnit> <Opcode : 'and' 'or' 'xor'> <InPorts = 2> <OutPorts = 1>
ST_20 : Operation 587 [1/1] (0.00ns) (grouped into LUT with out node add_ln356_541)   --->   "%zext_ln361_36 = zext i1 %carry_1312" [src/generic/fp_generic.cpp:361]   --->   Operation 587 'zext' 'zext_ln361_36' <Predicate = true> <Delay = 0.00>
ST_20 : Operation 588 [1/1] (1.14ns)   --->   "%tempReg_1159 = add i64 %u_570, i64 %zext_ln361_13" [src/generic/fp_generic.cpp:361]   --->   Operation 588 'add' 'tempReg_1159' <Predicate = true> <Delay = 1.14> <CoreInst = "Adder">   --->   Core 1 'Adder' <Latency = 0> <II = 1> <Delay = 1.14> <FuncUnit> <Opcode : 'add' 'sub'> <InPorts = 2> <OutPorts = 1>
ST_20 : Operation 589 [1/1] (1.43ns)   --->   "%tmp_571 = call i1 @is_digit_lessthan_ct, i64 %tempReg_1159, i64 %zext_ln361_13" [src/generic/fp_generic.cpp:361]   --->   Operation 589 'call' 'tmp_571' <Predicate = true> <Delay = 1.43> <CoreType = "Generic">   --->   Generic Core
ST_20 : Operation 590 [1/1] (1.43ns)   --->   "%tmp_572 = call i1 @is_digit_lessthan_ct, i64 %tempReg_1159, i64 %tempReg_1159" [src/generic/fp_generic.cpp:361]   --->   Operation 590 'call' 'tmp_572' <Predicate = true> <Delay = 1.43> <CoreType = "Generic">   --->   Generic Core
ST_20 : Operation 591 [1/1] (0.00ns) (grouped into LUT with out node add_ln356_541)   --->   "%carry_1314 = or i1 %tmp_572, i1 %tmp_571" [src/generic/fp_generic.cpp:361]   --->   Operation 591 'or' 'carry_1314' <Predicate = true> <Delay = 0.00> <CoreInst = "LogicGate">   --->   Core 74 'LogicGate' <Latency = 0> <II = 1> <Delay = 0.12> <FuncUnit> <Opcode : 'and' 'or' 'xor'> <InPorts = 2> <OutPorts = 1>
ST_20 : Operation 592 [1/1] (0.00ns) (grouped into LUT with out node add_ln356_541)   --->   "%zext_ln354_147 = zext i1 %carry_1314" [src/generic/fp_generic.cpp:354]   --->   Operation 592 'zext' 'zext_ln354_147' <Predicate = true> <Delay = 0.00>
ST_20 : Operation 593 [1/2] (1.43ns)   --->   "%call_ret201 = call i128 @digit_x_digit, i64 %v_687, i64 18127602061483550" [src/generic/fp_generic.cpp:354]   --->   Operation 593 'call' 'call_ret201' <Predicate = true> <Delay = 1.43> <CoreType = "Generic">   --->   Generic Core
ST_20 : Operation 594 [1/1] (0.00ns)   --->   "%tempReg_1160 = extractvalue i128 %call_ret201" [src/generic/fp_generic.cpp:354]   --->   Operation 594 'extractvalue' 'tempReg_1160' <Predicate = true> <Delay = 0.00>
ST_20 : Operation 595 [1/1] (0.00ns) (grouped into LUT with out node tempReg_1161)   --->   "%UV_598 = extractvalue i128 %call_ret201" [src/generic/fp_generic.cpp:354]   --->   Operation 595 'extractvalue' 'UV_598' <Predicate = true> <Delay = 0.00>
ST_20 : Operation 596 [1/1] (1.14ns)   --->   "%v_756 = add i64 %tempReg_1160, i64 %tempReg_1159" [src/generic/fp_generic.cpp:355]   --->   Operation 596 'add' 'v_756' <Predicate = true> <Delay = 1.14> <CoreInst = "Adder">   --->   Core 1 'Adder' <Latency = 0> <II = 1> <Delay = 1.14> <FuncUnit> <Opcode : 'add' 'sub'> <InPorts = 2> <OutPorts = 1>
ST_20 : Operation 597 [1/1] (1.43ns)   --->   "%tmp_573 = call i1 @is_digit_lessthan_ct, i64 %tempReg_1160, i64 0" [src/generic/fp_generic.cpp:355]   --->   Operation 597 'call' 'tmp_573' <Predicate = true> <Delay = 1.43> <CoreType = "Generic">   --->   Generic Core
ST_20 : Operation 598 [1/1] (1.43ns)   --->   "%tmp_574 = call i1 @is_digit_lessthan_ct, i64 %v_756, i64 %tempReg_1160" [src/generic/fp_generic.cpp:355]   --->   Operation 598 'call' 'tmp_574' <Predicate = true> <Delay = 1.43> <CoreType = "Generic">   --->   Generic Core
ST_20 : Operation 599 [1/1] (0.12ns)   --->   "%carry_1315 = or i1 %tmp_574, i1 %tmp_573" [src/generic/fp_generic.cpp:355]   --->   Operation 599 'or' 'carry_1315' <Predicate = true> <Delay = 0.12> <CoreInst = "LogicGate">   --->   Core 74 'LogicGate' <Latency = 0> <II = 1> <Delay = 0.12> <FuncUnit> <Opcode : 'and' 'or' 'xor'> <InPorts = 2> <OutPorts = 1>
ST_20 : Operation 600 [1/1] (0.00ns)   --->   "%zext_ln356_58 = zext i1 %carry_1315" [src/generic/fp_generic.cpp:356]   --->   Operation 600 'zext' 'zext_ln356_58' <Predicate = true> <Delay = 0.00>
ST_20 : Operation 601 [1/1] (1.14ns) (out node of the LUT)   --->   "%tempReg_1161 = add i64 %UV_598, i64 %zext_ln356_58" [src/generic/fp_generic.cpp:356]   --->   Operation 601 'add' 'tempReg_1161' <Predicate = true> <Delay = 1.14> <CoreInst = "Adder">   --->   Core 1 'Adder' <Latency = 0> <II = 1> <Delay = 1.14> <FuncUnit> <Opcode : 'add' 'sub'> <InPorts = 2> <OutPorts = 1>
ST_20 : Operation 602 [1/1] (0.43ns) (out node of the LUT)   --->   "%add_ln356_541 = add i2 %zext_ln361_36, i2 %zext_ln354_147" [src/generic/fp_generic.cpp:356]   --->   Operation 602 'add' 'add_ln356_541' <Predicate = true> <Delay = 0.43> <CoreInst = "Adder">   --->   Core 1 'Adder' <Latency = 0> <II = 1> <Delay = 0.43> <FuncUnit> <Opcode : 'add' 'sub'> <InPorts = 2> <OutPorts = 1>
ST_20 : Operation 603 [1/1] (1.43ns)   --->   "%tmp_575 = call i1 @is_digit_lessthan_ct, i64 %tempReg_1161, i64 %zext_ln356_58" [src/generic/fp_generic.cpp:356]   --->   Operation 603 'call' 'tmp_575' <Predicate = true> <Delay = 1.43> <CoreType = "Generic">   --->   Generic Core
ST_20 : Operation 604 [1/2] (1.43ns)   --->   "%call_ret204 = call i128 @digit_x_digit, i64 %v_691, i64 6937169319750509776" [src/generic/fp_generic.cpp:354]   --->   Operation 604 'call' 'call_ret204' <Predicate = true> <Delay = 1.43> <CoreType = "Generic">   --->   Generic Core
ST_20 : Operation 605 [1/1] (0.00ns)   --->   "%tempReg_1162 = extractvalue i128 %call_ret204" [src/generic/fp_generic.cpp:354]   --->   Operation 605 'extractvalue' 'tempReg_1162' <Predicate = true> <Delay = 0.00>
ST_20 : Operation 606 [1/1] (0.00ns) (grouped into LUT with out node tempReg_1163)   --->   "%UV_600 = extractvalue i128 %call_ret204" [src/generic/fp_generic.cpp:354]   --->   Operation 606 'extractvalue' 'UV_600' <Predicate = true> <Delay = 0.00>
ST_20 : Operation 607 [1/1] (1.14ns)   --->   "%v_757 = add i64 %tempReg_1162, i64 %v_756" [src/generic/fp_generic.cpp:355]   --->   Operation 607 'add' 'v_757' <Predicate = true> <Delay = 1.14> <CoreInst = "Adder">   --->   Core 1 'Adder' <Latency = 0> <II = 1> <Delay = 1.14> <FuncUnit> <Opcode : 'add' 'sub'> <InPorts = 2> <OutPorts = 1>
ST_20 : Operation 608 [1/1] (1.43ns)   --->   "%tmp_577 = call i1 @is_digit_lessthan_ct, i64 %tempReg_1162, i64 0" [src/generic/fp_generic.cpp:355]   --->   Operation 608 'call' 'tmp_577' <Predicate = true> <Delay = 1.43> <CoreType = "Generic">   --->   Generic Core
ST_20 : Operation 609 [1/1] (1.43ns)   --->   "%tmp_578 = call i1 @is_digit_lessthan_ct, i64 %v_757, i64 %tempReg_1162" [src/generic/fp_generic.cpp:355]   --->   Operation 609 'call' 'tmp_578' <Predicate = true> <Delay = 1.43> <CoreType = "Generic">   --->   Generic Core
ST_20 : Operation 610 [1/1] (0.12ns)   --->   "%carry_1317 = or i1 %tmp_578, i1 %tmp_577" [src/generic/fp_generic.cpp:355]   --->   Operation 610 'or' 'carry_1317' <Predicate = true> <Delay = 0.12> <CoreInst = "LogicGate">   --->   Core 74 'LogicGate' <Latency = 0> <II = 1> <Delay = 0.12> <FuncUnit> <Opcode : 'and' 'or' 'xor'> <InPorts = 2> <OutPorts = 1>
ST_20 : Operation 611 [1/1] (0.00ns)   --->   "%zext_ln356_59 = zext i1 %carry_1317" [src/generic/fp_generic.cpp:356]   --->   Operation 611 'zext' 'zext_ln356_59' <Predicate = true> <Delay = 0.00>
ST_20 : Operation 612 [1/1] (1.14ns) (out node of the LUT)   --->   "%tempReg_1163 = add i64 %UV_600, i64 %zext_ln356_59" [src/generic/fp_generic.cpp:356]   --->   Operation 612 'add' 'tempReg_1163' <Predicate = true> <Delay = 1.14> <CoreInst = "Adder">   --->   Core 1 'Adder' <Latency = 0> <II = 1> <Delay = 1.14> <FuncUnit> <Opcode : 'add' 'sub'> <InPorts = 2> <OutPorts = 1>
ST_20 : Operation 613 [2/2] (6.71ns)   --->   "%call_ret207 = call i128 @digit_x_digit, i64 %v_696, i64 1989455001339985327" [src/generic/fp_generic.cpp:354]   --->   Operation 613 'call' 'call_ret207' <Predicate = true> <Delay = 6.71> <CoreType = "Generic">   --->   Generic Core
ST_20 : Operation 614 [2/2] (6.71ns)   --->   "%call_ret210 = call i128 @digit_x_digit, i64 %v_702, i64 1371447078966912928" [src/generic/fp_generic.cpp:354]   --->   Operation 614 'call' 'call_ret210' <Predicate = true> <Delay = 6.71> <CoreType = "Generic">   --->   Generic Core

State 21 <SV = 20> <Delay = 6.72>
ST_21 : Operation 615 [1/1] (0.00ns)   --->   "%ma_0_addr_19 = getelementptr i64 %ma_0, i64 0, i64 5" [src/generic/fp_generic.cpp:360]   --->   Operation 615 'getelementptr' 'ma_0_addr_19' <Predicate = true> <Delay = 0.00>
ST_21 : Operation 616 [2/2] (0.71ns)   --->   "%ma_0_load_16 = load i3 %ma_0_addr_19" [src/generic/fp_generic.cpp:360]   --->   Operation 616 'load' 'ma_0_load_16' <Predicate = true> <Delay = 0.71> <CoreInst = "RAM_1P">   --->   Core 87 'RAM_1P' <Latency = 1> <II = 1> <Delay = 0.71> <Storage> <Opcode : 'load' 'store'> <Ports = 1> <Width = 64> <Depth = 8> <RAM>
ST_21 : Operation 617 [1/1] (0.00ns)   --->   "%zext_ln356_170 = zext i2 %add_ln356_541" [src/generic/fp_generic.cpp:356]   --->   Operation 617 'zext' 'zext_ln356_170' <Predicate = true> <Delay = 0.00>
ST_21 : Operation 618 [1/1] (0.00ns) (grouped into TernaryAdder)   --->   "%add_ln356_542 = add i64 %zext_ln356_170, i64 %tempReg_1161" [src/generic/fp_generic.cpp:356]   --->   Operation 618 'add' 'add_ln356_542' <Predicate = true> <Delay = 0.00> <CoreInst = "TAddSub">   --->   Core 10 'TAddSub' <Latency = 0> <II = 1> <Delay = 0.42> <IPBlock> <Opcode : '' 'add' 'sub'> <InPorts = 3> <OutPorts = 1> <Sync> <CReg>
ST_21 : Operation 619 [1/1] (0.00ns)   --->   "%zext_ln356_173 = zext i3 %add_ln356_545" [src/generic/fp_generic.cpp:356]   --->   Operation 619 'zext' 'zext_ln356_173' <Predicate = true> <Delay = 0.00>
ST_21 : Operation 620 [1/1] (0.84ns) (root node of TernaryAdder)   --->   "%u_571 = add i64 %zext_ln356_173, i64 %add_ln356_542" [src/generic/fp_generic.cpp:356]   --->   Operation 620 'add' 'u_571' <Predicate = true> <Delay = 0.84> <CoreInst = "TAddSub">   --->   Core 10 'TAddSub' <Latency = 0> <II = 1> <Delay = 0.42> <IPBlock> <Opcode : '' 'add' 'sub'> <InPorts = 3> <OutPorts = 1> <Sync> <CReg>
ST_21 : Operation 621 [1/1] (1.43ns)   --->   "%tmp_576 = call i1 @is_digit_lessthan_ct, i64 %u_571, i64 %tempReg_1161" [src/generic/fp_generic.cpp:356]   --->   Operation 621 'call' 'tmp_576' <Predicate = true> <Delay = 1.43> <CoreType = "Generic">   --->   Generic Core
ST_21 : Operation 622 [1/1] (1.14ns)   --->   "%u_572 = add i64 %tempReg_1163, i64 %u_571" [src/generic/fp_generic.cpp:356]   --->   Operation 622 'add' 'u_572' <Predicate = true> <Delay = 1.14> <CoreInst = "Adder">   --->   Core 1 'Adder' <Latency = 0> <II = 1> <Delay = 1.14> <FuncUnit> <Opcode : 'add' 'sub'> <InPorts = 2> <OutPorts = 1>
ST_21 : Operation 623 [1/1] (1.43ns)   --->   "%tmp_579 = call i1 @is_digit_lessthan_ct, i64 %tempReg_1163, i64 %zext_ln356_59" [src/generic/fp_generic.cpp:356]   --->   Operation 623 'call' 'tmp_579' <Predicate = true> <Delay = 1.43> <CoreType = "Generic">   --->   Generic Core
ST_21 : Operation 624 [1/1] (1.43ns)   --->   "%tmp_580 = call i1 @is_digit_lessthan_ct, i64 %u_572, i64 %tempReg_1163" [src/generic/fp_generic.cpp:356]   --->   Operation 624 'call' 'tmp_580' <Predicate = true> <Delay = 1.43> <CoreType = "Generic">   --->   Generic Core
ST_21 : Operation 625 [1/2] (1.43ns)   --->   "%call_ret207 = call i128 @digit_x_digit, i64 %v_696, i64 1989455001339985327" [src/generic/fp_generic.cpp:354]   --->   Operation 625 'call' 'call_ret207' <Predicate = true> <Delay = 1.43> <CoreType = "Generic">   --->   Generic Core
ST_21 : Operation 626 [1/1] (0.00ns)   --->   "%tempReg_1164 = extractvalue i128 %call_ret207" [src/generic/fp_generic.cpp:354]   --->   Operation 626 'extractvalue' 'tempReg_1164' <Predicate = true> <Delay = 0.00>
ST_21 : Operation 627 [1/1] (0.00ns) (grouped into LUT with out node tempReg_1165)   --->   "%UV_602 = extractvalue i128 %call_ret207" [src/generic/fp_generic.cpp:354]   --->   Operation 627 'extractvalue' 'UV_602' <Predicate = true> <Delay = 0.00>
ST_21 : Operation 628 [1/1] (1.14ns)   --->   "%v_758 = add i64 %tempReg_1164, i64 %v_757" [src/generic/fp_generic.cpp:355]   --->   Operation 628 'add' 'v_758' <Predicate = true> <Delay = 1.14> <CoreInst = "Adder">   --->   Core 1 'Adder' <Latency = 0> <II = 1> <Delay = 1.14> <FuncUnit> <Opcode : 'add' 'sub'> <InPorts = 2> <OutPorts = 1>
ST_21 : Operation 629 [1/1] (1.43ns)   --->   "%tmp_581 = call i1 @is_digit_lessthan_ct, i64 %tempReg_1164, i64 0" [src/generic/fp_generic.cpp:355]   --->   Operation 629 'call' 'tmp_581' <Predicate = true> <Delay = 1.43> <CoreType = "Generic">   --->   Generic Core
ST_21 : Operation 630 [1/1] (1.43ns)   --->   "%tmp_582 = call i1 @is_digit_lessthan_ct, i64 %v_758, i64 %tempReg_1164" [src/generic/fp_generic.cpp:355]   --->   Operation 630 'call' 'tmp_582' <Predicate = true> <Delay = 1.43> <CoreType = "Generic">   --->   Generic Core
ST_21 : Operation 631 [1/1] (0.12ns)   --->   "%carry_1319 = or i1 %tmp_582, i1 %tmp_581" [src/generic/fp_generic.cpp:355]   --->   Operation 631 'or' 'carry_1319' <Predicate = true> <Delay = 0.12> <CoreInst = "LogicGate">   --->   Core 74 'LogicGate' <Latency = 0> <II = 1> <Delay = 0.12> <FuncUnit> <Opcode : 'and' 'or' 'xor'> <InPorts = 2> <OutPorts = 1>
ST_21 : Operation 632 [1/1] (0.00ns)   --->   "%zext_ln356_60 = zext i1 %carry_1319" [src/generic/fp_generic.cpp:356]   --->   Operation 632 'zext' 'zext_ln356_60' <Predicate = true> <Delay = 0.00>
ST_21 : Operation 633 [1/1] (1.14ns) (out node of the LUT)   --->   "%tempReg_1165 = add i64 %UV_602, i64 %zext_ln356_60" [src/generic/fp_generic.cpp:356]   --->   Operation 633 'add' 'tempReg_1165' <Predicate = true> <Delay = 1.14> <CoreInst = "Adder">   --->   Core 1 'Adder' <Latency = 0> <II = 1> <Delay = 1.14> <FuncUnit> <Opcode : 'add' 'sub'> <InPorts = 2> <OutPorts = 1>
ST_21 : Operation 634 [1/1] (1.43ns)   --->   "%tmp_583 = call i1 @is_digit_lessthan_ct, i64 %tempReg_1165, i64 %zext_ln356_60" [src/generic/fp_generic.cpp:356]   --->   Operation 634 'call' 'tmp_583' <Predicate = true> <Delay = 1.43> <CoreType = "Generic">   --->   Generic Core
ST_21 : Operation 635 [1/2] (1.43ns)   --->   "%call_ret210 = call i128 @digit_x_digit, i64 %v_702, i64 1371447078966912928" [src/generic/fp_generic.cpp:354]   --->   Operation 635 'call' 'call_ret210' <Predicate = true> <Delay = 1.43> <CoreType = "Generic">   --->   Generic Core
ST_21 : Operation 636 [1/1] (0.00ns)   --->   "%tempReg_1166 = extractvalue i128 %call_ret210" [src/generic/fp_generic.cpp:354]   --->   Operation 636 'extractvalue' 'tempReg_1166' <Predicate = true> <Delay = 0.00>
ST_21 : Operation 637 [1/1] (0.00ns) (grouped into LUT with out node tempReg_1167)   --->   "%UV_604 = extractvalue i128 %call_ret210" [src/generic/fp_generic.cpp:354]   --->   Operation 637 'extractvalue' 'UV_604' <Predicate = true> <Delay = 0.00>
ST_21 : Operation 638 [1/1] (1.14ns)   --->   "%v_759 = add i64 %tempReg_1166, i64 %v_758" [src/generic/fp_generic.cpp:355]   --->   Operation 638 'add' 'v_759' <Predicate = true> <Delay = 1.14> <CoreInst = "Adder">   --->   Core 1 'Adder' <Latency = 0> <II = 1> <Delay = 1.14> <FuncUnit> <Opcode : 'add' 'sub'> <InPorts = 2> <OutPorts = 1>
ST_21 : Operation 639 [1/1] (1.43ns)   --->   "%tmp_585 = call i1 @is_digit_lessthan_ct, i64 %tempReg_1166, i64 0" [src/generic/fp_generic.cpp:355]   --->   Operation 639 'call' 'tmp_585' <Predicate = true> <Delay = 1.43> <CoreType = "Generic">   --->   Generic Core
ST_21 : Operation 640 [1/1] (1.43ns)   --->   "%tmp_586 = call i1 @is_digit_lessthan_ct, i64 %v_759, i64 %tempReg_1166" [src/generic/fp_generic.cpp:355]   --->   Operation 640 'call' 'tmp_586' <Predicate = true> <Delay = 1.43> <CoreType = "Generic">   --->   Generic Core
ST_21 : Operation 641 [1/1] (0.12ns)   --->   "%carry_1321 = or i1 %tmp_586, i1 %tmp_585" [src/generic/fp_generic.cpp:355]   --->   Operation 641 'or' 'carry_1321' <Predicate = true> <Delay = 0.12> <CoreInst = "LogicGate">   --->   Core 74 'LogicGate' <Latency = 0> <II = 1> <Delay = 0.12> <FuncUnit> <Opcode : 'and' 'or' 'xor'> <InPorts = 2> <OutPorts = 1>
ST_21 : Operation 642 [1/1] (0.00ns)   --->   "%zext_ln356_61 = zext i1 %carry_1321" [src/generic/fp_generic.cpp:356]   --->   Operation 642 'zext' 'zext_ln356_61' <Predicate = true> <Delay = 0.00>
ST_21 : Operation 643 [1/1] (1.14ns) (out node of the LUT)   --->   "%tempReg_1167 = add i64 %UV_604, i64 %zext_ln356_61" [src/generic/fp_generic.cpp:356]   --->   Operation 643 'add' 'tempReg_1167' <Predicate = true> <Delay = 1.14> <CoreInst = "Adder">   --->   Core 1 'Adder' <Latency = 0> <II = 1> <Delay = 1.14> <FuncUnit> <Opcode : 'add' 'sub'> <InPorts = 2> <OutPorts = 1>
ST_21 : Operation 644 [2/2] (6.71ns)   --->   "%call_ret213 = call i128 @digit_x_digit, i64 %v_709, i64 12393906174523604992" [src/generic/fp_generic.cpp:354]   --->   Operation 644 'call' 'call_ret213' <Predicate = true> <Delay = 6.71> <CoreType = "Generic">   --->   Generic Core

State 22 <SV = 21> <Delay = 6.72>
ST_22 : Operation 645 [1/1] (0.00ns)   --->   "%mc_0_addr_1 = getelementptr i64 %mc_0, i64 0, i64 1" [src/generic/fp_generic.cpp:334]   --->   Operation 645 'getelementptr' 'mc_0_addr_1' <Predicate = true> <Delay = 0.00>
ST_22 : Operation 646 [1/2] ( I:0.71ns O:0.71ns )   --->   "%ma_0_load_16 = load i3 %ma_0_addr_19" [src/generic/fp_generic.cpp:360]   --->   Operation 646 'load' 'ma_0_load_16' <Predicate = true> <Delay = 0.71> <CoreInst = "RAM_1P">   --->   Core 87 'RAM_1P' <Latency = 1> <II = 1> <Delay = 0.71> <Storage> <Opcode : 'load' 'store'> <Ports = 1> <Width = 64> <Depth = 8> <RAM>
ST_22 : Operation 647 [1/1] (0.00ns) (grouped into LUT with out node add_ln356_559)   --->   "%carry_1316 = or i1 %tmp_576, i1 %tmp_575" [src/generic/fp_generic.cpp:356]   --->   Operation 647 'or' 'carry_1316' <Predicate = true> <Delay = 0.00> <CoreInst = "LogicGate">   --->   Core 74 'LogicGate' <Latency = 0> <II = 1> <Delay = 0.12> <FuncUnit> <Opcode : 'and' 'or' 'xor'> <InPorts = 2> <OutPorts = 1>
ST_22 : Operation 648 [1/1] (0.00ns) (grouped into LUT with out node add_ln356_559)   --->   "%zext_ln354_148 = zext i1 %carry_1316" [src/generic/fp_generic.cpp:354]   --->   Operation 648 'zext' 'zext_ln354_148' <Predicate = true> <Delay = 0.00>
ST_22 : Operation 649 [1/1] (0.00ns) (grouped into LUT with out node add_ln356_558)   --->   "%carry_1318 = or i1 %tmp_580, i1 %tmp_579" [src/generic/fp_generic.cpp:356]   --->   Operation 649 'or' 'carry_1318' <Predicate = true> <Delay = 0.00> <CoreInst = "LogicGate">   --->   Core 74 'LogicGate' <Latency = 0> <II = 1> <Delay = 0.12> <FuncUnit> <Opcode : 'and' 'or' 'xor'> <InPorts = 2> <OutPorts = 1>
ST_22 : Operation 650 [1/1] (0.00ns) (grouped into LUT with out node add_ln356_558)   --->   "%zext_ln354_149 = zext i1 %carry_1318" [src/generic/fp_generic.cpp:354]   --->   Operation 650 'zext' 'zext_ln354_149' <Predicate = true> <Delay = 0.00>
ST_22 : Operation 651 [1/1] (1.14ns)   --->   "%u_573 = add i64 %tempReg_1165, i64 %u_572" [src/generic/fp_generic.cpp:356]   --->   Operation 651 'add' 'u_573' <Predicate = true> <Delay = 1.14> <CoreInst = "Adder">   --->   Core 1 'Adder' <Latency = 0> <II = 1> <Delay = 1.14> <FuncUnit> <Opcode : 'add' 'sub'> <InPorts = 2> <OutPorts = 1>
ST_22 : Operation 652 [1/1] (1.43ns)   --->   "%tmp_584 = call i1 @is_digit_lessthan_ct, i64 %u_573, i64 %tempReg_1165" [src/generic/fp_generic.cpp:356]   --->   Operation 652 'call' 'tmp_584' <Predicate = true> <Delay = 1.43> <CoreType = "Generic">   --->   Generic Core
ST_22 : Operation 653 [1/1] (0.00ns) (grouped into LUT with out node add_ln356_559)   --->   "%carry_1320 = or i1 %tmp_584, i1 %tmp_583" [src/generic/fp_generic.cpp:356]   --->   Operation 653 'or' 'carry_1320' <Predicate = true> <Delay = 0.00> <CoreInst = "LogicGate">   --->   Core 74 'LogicGate' <Latency = 0> <II = 1> <Delay = 0.12> <FuncUnit> <Opcode : 'and' 'or' 'xor'> <InPorts = 2> <OutPorts = 1>
ST_22 : Operation 654 [1/1] (0.00ns) (grouped into LUT with out node add_ln356_559)   --->   "%zext_ln354_150 = zext i1 %carry_1320" [src/generic/fp_generic.cpp:354]   --->   Operation 654 'zext' 'zext_ln354_150' <Predicate = true> <Delay = 0.00>
ST_22 : Operation 655 [1/1] (1.14ns)   --->   "%u_574 = add i64 %tempReg_1167, i64 %u_573" [src/generic/fp_generic.cpp:356]   --->   Operation 655 'add' 'u_574' <Predicate = true> <Delay = 1.14> <CoreInst = "Adder">   --->   Core 1 'Adder' <Latency = 0> <II = 1> <Delay = 1.14> <FuncUnit> <Opcode : 'add' 'sub'> <InPorts = 2> <OutPorts = 1>
ST_22 : Operation 656 [1/1] (1.43ns)   --->   "%tmp_587 = call i1 @is_digit_lessthan_ct, i64 %tempReg_1167, i64 %zext_ln356_61" [src/generic/fp_generic.cpp:356]   --->   Operation 656 'call' 'tmp_587' <Predicate = true> <Delay = 1.43> <CoreType = "Generic">   --->   Generic Core
ST_22 : Operation 657 [1/1] (1.43ns)   --->   "%tmp_588 = call i1 @is_digit_lessthan_ct, i64 %u_574, i64 %tempReg_1167" [src/generic/fp_generic.cpp:356]   --->   Operation 657 'call' 'tmp_588' <Predicate = true> <Delay = 1.43> <CoreType = "Generic">   --->   Generic Core
ST_22 : Operation 658 [1/1] (0.00ns) (grouped into LUT with out node add_ln356_558)   --->   "%carry_1322 = or i1 %tmp_588, i1 %tmp_587" [src/generic/fp_generic.cpp:356]   --->   Operation 658 'or' 'carry_1322' <Predicate = true> <Delay = 0.00> <CoreInst = "LogicGate">   --->   Core 74 'LogicGate' <Latency = 0> <II = 1> <Delay = 0.12> <FuncUnit> <Opcode : 'and' 'or' 'xor'> <InPorts = 2> <OutPorts = 1>
ST_22 : Operation 659 [1/1] (0.00ns) (grouped into LUT with out node add_ln356_558)   --->   "%zext_ln354_151 = zext i1 %carry_1322" [src/generic/fp_generic.cpp:354]   --->   Operation 659 'zext' 'zext_ln354_151' <Predicate = true> <Delay = 0.00>
ST_22 : Operation 660 [1/2] (1.43ns)   --->   "%call_ret213 = call i128 @digit_x_digit, i64 %v_709, i64 12393906174523604992" [src/generic/fp_generic.cpp:354]   --->   Operation 660 'call' 'call_ret213' <Predicate = true> <Delay = 1.43> <CoreType = "Generic">   --->   Generic Core
ST_22 : Operation 661 [1/1] (0.00ns)   --->   "%tempReg_1168 = extractvalue i128 %call_ret213" [src/generic/fp_generic.cpp:354]   --->   Operation 661 'extractvalue' 'tempReg_1168' <Predicate = true> <Delay = 0.00>
ST_22 : Operation 662 [1/1] (0.00ns) (grouped into LUT with out node tempReg_1169)   --->   "%UV_606 = extractvalue i128 %call_ret213" [src/generic/fp_generic.cpp:354]   --->   Operation 662 'extractvalue' 'UV_606' <Predicate = true> <Delay = 0.00>
ST_22 : Operation 663 [1/1] (1.14ns)   --->   "%v_760 = add i64 %tempReg_1168, i64 %v_759" [src/generic/fp_generic.cpp:355]   --->   Operation 663 'add' 'v_760' <Predicate = true> <Delay = 1.14> <CoreInst = "Adder">   --->   Core 1 'Adder' <Latency = 0> <II = 1> <Delay = 1.14> <FuncUnit> <Opcode : 'add' 'sub'> <InPorts = 2> <OutPorts = 1>
ST_22 : Operation 664 [1/1] (1.43ns)   --->   "%tmp_589 = call i1 @is_digit_lessthan_ct, i64 %tempReg_1168, i64 0" [src/generic/fp_generic.cpp:355]   --->   Operation 664 'call' 'tmp_589' <Predicate = true> <Delay = 1.43> <CoreType = "Generic">   --->   Generic Core
ST_22 : Operation 665 [1/1] (1.43ns)   --->   "%tmp_590 = call i1 @is_digit_lessthan_ct, i64 %v_760, i64 %tempReg_1168" [src/generic/fp_generic.cpp:355]   --->   Operation 665 'call' 'tmp_590' <Predicate = true> <Delay = 1.43> <CoreType = "Generic">   --->   Generic Core
ST_22 : Operation 666 [1/1] (0.12ns)   --->   "%carry_1323 = or i1 %tmp_590, i1 %tmp_589" [src/generic/fp_generic.cpp:355]   --->   Operation 666 'or' 'carry_1323' <Predicate = true> <Delay = 0.12> <CoreInst = "LogicGate">   --->   Core 74 'LogicGate' <Latency = 0> <II = 1> <Delay = 0.12> <FuncUnit> <Opcode : 'and' 'or' 'xor'> <InPorts = 2> <OutPorts = 1>
ST_22 : Operation 667 [1/1] (0.00ns)   --->   "%zext_ln356_62 = zext i1 %carry_1323" [src/generic/fp_generic.cpp:356]   --->   Operation 667 'zext' 'zext_ln356_62' <Predicate = true> <Delay = 0.00>
ST_22 : Operation 668 [1/1] (1.14ns)   --->   "%v_761 = add i64 %ma_0_load_16, i64 %v_760" [src/generic/fp_generic.cpp:360]   --->   Operation 668 'add' 'v_761' <Predicate = true> <Delay = 1.14> <CoreInst = "Adder">   --->   Core 1 'Adder' <Latency = 0> <II = 1> <Delay = 1.14> <FuncUnit> <Opcode : 'add' 'sub'> <InPorts = 2> <OutPorts = 1>
ST_22 : Operation 669 [1/1] (1.43ns)   --->   "%tmp_591 = call i1 @is_digit_lessthan_ct, i64 %v_760, i64 0" [src/generic/fp_generic.cpp:360]   --->   Operation 669 'call' 'tmp_591' <Predicate = true> <Delay = 1.43> <CoreType = "Generic">   --->   Generic Core
ST_22 : Operation 670 [1/1] (1.43ns)   --->   "%tmp_592 = call i1 @is_digit_lessthan_ct, i64 %v_761, i64 %v_760" [src/generic/fp_generic.cpp:360]   --->   Operation 670 'call' 'tmp_592' <Predicate = true> <Delay = 1.43> <CoreType = "Generic">   --->   Generic Core
ST_22 : Operation 671 [1/1] (0.12ns)   --->   "%carry_1325 = or i1 %tmp_592, i1 %tmp_591" [src/generic/fp_generic.cpp:360]   --->   Operation 671 'or' 'carry_1325' <Predicate = true> <Delay = 0.12> <CoreInst = "LogicGate">   --->   Core 74 'LogicGate' <Latency = 0> <II = 1> <Delay = 0.12> <FuncUnit> <Opcode : 'and' 'or' 'xor'> <InPorts = 2> <OutPorts = 1>
ST_22 : Operation 672 [1/1] (1.14ns) (out node of the LUT)   --->   "%tempReg_1169 = add i64 %UV_606, i64 %zext_ln356_62" [src/generic/fp_generic.cpp:356]   --->   Operation 672 'add' 'tempReg_1169' <Predicate = true> <Delay = 1.14> <CoreInst = "Adder">   --->   Core 1 'Adder' <Latency = 0> <II = 1> <Delay = 1.14> <FuncUnit> <Opcode : 'add' 'sub'> <InPorts = 2> <OutPorts = 1>
ST_22 : Operation 673 [1/1] (1.14ns)   --->   "%u_575 = add i64 %tempReg_1169, i64 %u_574" [src/generic/fp_generic.cpp:356]   --->   Operation 673 'add' 'u_575' <Predicate = true> <Delay = 1.14> <CoreInst = "Adder">   --->   Core 1 'Adder' <Latency = 0> <II = 1> <Delay = 1.14> <FuncUnit> <Opcode : 'add' 'sub'> <InPorts = 2> <OutPorts = 1>
ST_22 : Operation 674 [1/1] (1.43ns)   --->   "%tmp_593 = call i1 @is_digit_lessthan_ct, i64 %tempReg_1169, i64 %zext_ln356_62" [src/generic/fp_generic.cpp:356]   --->   Operation 674 'call' 'tmp_593' <Predicate = true> <Delay = 1.43> <CoreType = "Generic">   --->   Generic Core
ST_22 : Operation 675 [2/2] (6.71ns)   --->   "%call_ret216 = call i128 @digit_x_digit, i64 %v_691, i64 18127602061483550" [src/generic/fp_generic.cpp:354]   --->   Operation 675 'call' 'call_ret216' <Predicate = true> <Delay = 6.71> <CoreType = "Generic">   --->   Generic Core
ST_22 : Operation 676 [1/1] ( I:0.71ns O:0.71ns )   --->   "%store_ln363 = store i64 %v_761, i2 %mc_0_addr_1" [src/generic/fp_generic.cpp:363]   --->   Operation 676 'store' 'store_ln363' <Predicate = true> <Delay = 0.71> <CoreInst = "RAM_1P">   --->   Core 87 'RAM_1P' <Latency = 1> <II = 1> <Delay = 0.71> <Storage> <Opcode : 'load' 'store'> <Ports = 1> <Width = 64> <Depth = 4> <RAM>
ST_22 : Operation 677 [1/1] (0.43ns) (out node of the LUT)   --->   "%add_ln356_558 = add i2 %zext_ln354_151, i2 %zext_ln354_149" [src/generic/fp_generic.cpp:356]   --->   Operation 677 'add' 'add_ln356_558' <Predicate = true> <Delay = 0.43> <CoreInst = "Adder">   --->   Core 1 'Adder' <Latency = 0> <II = 1> <Delay = 0.43> <FuncUnit> <Opcode : 'add' 'sub'> <InPorts = 2> <OutPorts = 1>
ST_22 : Operation 678 [1/1] (0.00ns)   --->   "%zext_ln356_175 = zext i2 %add_ln356_558" [src/generic/fp_generic.cpp:356]   --->   Operation 678 'zext' 'zext_ln356_175' <Predicate = true> <Delay = 0.00>
ST_22 : Operation 679 [1/1] (0.43ns) (out node of the LUT)   --->   "%add_ln356_559 = add i2 %zext_ln354_150, i2 %zext_ln354_148" [src/generic/fp_generic.cpp:356]   --->   Operation 679 'add' 'add_ln356_559' <Predicate = true> <Delay = 0.43> <CoreInst = "Adder">   --->   Core 1 'Adder' <Latency = 0> <II = 1> <Delay = 0.43> <FuncUnit> <Opcode : 'add' 'sub'> <InPorts = 2> <OutPorts = 1>
ST_22 : Operation 680 [1/1] (0.00ns)   --->   "%zext_ln356_176 = zext i2 %add_ln356_559" [src/generic/fp_generic.cpp:356]   --->   Operation 680 'zext' 'zext_ln356_176' <Predicate = true> <Delay = 0.00>
ST_22 : Operation 681 [1/1] (0.43ns)   --->   "%add_ln356_560 = add i3 %zext_ln356_176, i3 %zext_ln356_175" [src/generic/fp_generic.cpp:356]   --->   Operation 681 'add' 'add_ln356_560' <Predicate = true> <Delay = 0.43> <CoreInst = "Adder">   --->   Core 1 'Adder' <Latency = 0> <II = 1> <Delay = 0.43> <FuncUnit> <Opcode : 'add' 'sub'> <InPorts = 2> <OutPorts = 1>
ST_22 : Operation 682 [2/2] (6.71ns)   --->   "%call_ret218 = call i128 @digit_x_digit, i64 %v_696, i64 6937169319750509776" [src/generic/fp_generic.cpp:354]   --->   Operation 682 'call' 'call_ret218' <Predicate = true> <Delay = 6.71> <CoreType = "Generic">   --->   Generic Core

State 23 <SV = 22> <Delay = 6.72>
ST_23 : Operation 683 [1/1] (0.00ns)   --->   "%ma_1_addr_19 = getelementptr i64 %ma_1, i64 0, i64 5" [src/generic/fp_generic.cpp:360]   --->   Operation 683 'getelementptr' 'ma_1_addr_19' <Predicate = true> <Delay = 0.00>
ST_23 : Operation 684 [2/2] (0.71ns)   --->   "%ma_1_load_19 = load i3 %ma_1_addr_19" [src/generic/fp_generic.cpp:360]   --->   Operation 684 'load' 'ma_1_load_19' <Predicate = true> <Delay = 0.71> <CoreInst = "RAM_1P">   --->   Core 87 'RAM_1P' <Latency = 1> <II = 1> <Delay = 0.71> <Storage> <Opcode : 'load' 'store'> <Ports = 1> <Width = 64> <Depth = 8> <RAM>
ST_23 : Operation 685 [1/1] (0.00ns)   --->   "%zext_ln361_14 = zext i1 %carry_1325" [src/generic/fp_generic.cpp:361]   --->   Operation 685 'zext' 'zext_ln361_14' <Predicate = true> <Delay = 0.00>
ST_23 : Operation 686 [1/1] (1.43ns)   --->   "%tmp_594 = call i1 @is_digit_lessthan_ct, i64 %u_575, i64 %tempReg_1169" [src/generic/fp_generic.cpp:356]   --->   Operation 686 'call' 'tmp_594' <Predicate = true> <Delay = 1.43> <CoreType = "Generic">   --->   Generic Core
ST_23 : Operation 687 [1/1] (0.00ns) (grouped into LUT with out node add_ln356_556)   --->   "%carry_1324 = or i1 %tmp_594, i1 %tmp_593" [src/generic/fp_generic.cpp:356]   --->   Operation 687 'or' 'carry_1324' <Predicate = true> <Delay = 0.00> <CoreInst = "LogicGate">   --->   Core 74 'LogicGate' <Latency = 0> <II = 1> <Delay = 0.12> <FuncUnit> <Opcode : 'and' 'or' 'xor'> <InPorts = 2> <OutPorts = 1>
ST_23 : Operation 688 [1/1] (0.00ns) (grouped into LUT with out node add_ln356_556)   --->   "%zext_ln361_37 = zext i1 %carry_1324" [src/generic/fp_generic.cpp:361]   --->   Operation 688 'zext' 'zext_ln361_37' <Predicate = true> <Delay = 0.00>
ST_23 : Operation 689 [1/1] (1.14ns)   --->   "%tempReg_1170 = add i64 %u_575, i64 %zext_ln361_14" [src/generic/fp_generic.cpp:361]   --->   Operation 689 'add' 'tempReg_1170' <Predicate = true> <Delay = 1.14> <CoreInst = "Adder">   --->   Core 1 'Adder' <Latency = 0> <II = 1> <Delay = 1.14> <FuncUnit> <Opcode : 'add' 'sub'> <InPorts = 2> <OutPorts = 1>
ST_23 : Operation 690 [1/1] (1.43ns)   --->   "%tmp_595 = call i1 @is_digit_lessthan_ct, i64 %tempReg_1170, i64 %zext_ln361_14" [src/generic/fp_generic.cpp:361]   --->   Operation 690 'call' 'tmp_595' <Predicate = true> <Delay = 1.43> <CoreType = "Generic">   --->   Generic Core
ST_23 : Operation 691 [1/1] (1.43ns)   --->   "%tmp_596 = call i1 @is_digit_lessthan_ct, i64 %tempReg_1170, i64 %tempReg_1170" [src/generic/fp_generic.cpp:361]   --->   Operation 691 'call' 'tmp_596' <Predicate = true> <Delay = 1.43> <CoreType = "Generic">   --->   Generic Core
ST_23 : Operation 692 [1/1] (0.00ns) (grouped into LUT with out node add_ln356_556)   --->   "%carry_1326 = or i1 %tmp_596, i1 %tmp_595" [src/generic/fp_generic.cpp:361]   --->   Operation 692 'or' 'carry_1326' <Predicate = true> <Delay = 0.00> <CoreInst = "LogicGate">   --->   Core 74 'LogicGate' <Latency = 0> <II = 1> <Delay = 0.12> <FuncUnit> <Opcode : 'and' 'or' 'xor'> <InPorts = 2> <OutPorts = 1>
ST_23 : Operation 693 [1/1] (0.00ns) (grouped into LUT with out node add_ln356_556)   --->   "%zext_ln354_152 = zext i1 %carry_1326" [src/generic/fp_generic.cpp:354]   --->   Operation 693 'zext' 'zext_ln354_152' <Predicate = true> <Delay = 0.00>
ST_23 : Operation 694 [1/2] (1.43ns)   --->   "%call_ret216 = call i128 @digit_x_digit, i64 %v_691, i64 18127602061483550" [src/generic/fp_generic.cpp:354]   --->   Operation 694 'call' 'call_ret216' <Predicate = true> <Delay = 1.43> <CoreType = "Generic">   --->   Generic Core
ST_23 : Operation 695 [1/1] (0.00ns)   --->   "%tempReg_1171 = extractvalue i128 %call_ret216" [src/generic/fp_generic.cpp:354]   --->   Operation 695 'extractvalue' 'tempReg_1171' <Predicate = true> <Delay = 0.00>
ST_23 : Operation 696 [1/1] (0.00ns) (grouped into LUT with out node tempReg_1172)   --->   "%UV_608 = extractvalue i128 %call_ret216" [src/generic/fp_generic.cpp:354]   --->   Operation 696 'extractvalue' 'UV_608' <Predicate = true> <Delay = 0.00>
ST_23 : Operation 697 [1/1] (1.14ns)   --->   "%v_762 = add i64 %tempReg_1171, i64 %tempReg_1170" [src/generic/fp_generic.cpp:355]   --->   Operation 697 'add' 'v_762' <Predicate = true> <Delay = 1.14> <CoreInst = "Adder">   --->   Core 1 'Adder' <Latency = 0> <II = 1> <Delay = 1.14> <FuncUnit> <Opcode : 'add' 'sub'> <InPorts = 2> <OutPorts = 1>
ST_23 : Operation 698 [1/1] (1.43ns)   --->   "%tmp_597 = call i1 @is_digit_lessthan_ct, i64 %tempReg_1171, i64 0" [src/generic/fp_generic.cpp:355]   --->   Operation 698 'call' 'tmp_597' <Predicate = true> <Delay = 1.43> <CoreType = "Generic">   --->   Generic Core
ST_23 : Operation 699 [1/1] (1.43ns)   --->   "%tmp_598 = call i1 @is_digit_lessthan_ct, i64 %v_762, i64 %tempReg_1171" [src/generic/fp_generic.cpp:355]   --->   Operation 699 'call' 'tmp_598' <Predicate = true> <Delay = 1.43> <CoreType = "Generic">   --->   Generic Core
ST_23 : Operation 700 [1/1] (0.12ns)   --->   "%carry_1327 = or i1 %tmp_598, i1 %tmp_597" [src/generic/fp_generic.cpp:355]   --->   Operation 700 'or' 'carry_1327' <Predicate = true> <Delay = 0.12> <CoreInst = "LogicGate">   --->   Core 74 'LogicGate' <Latency = 0> <II = 1> <Delay = 0.12> <FuncUnit> <Opcode : 'and' 'or' 'xor'> <InPorts = 2> <OutPorts = 1>
ST_23 : Operation 701 [1/1] (0.00ns)   --->   "%zext_ln356_63 = zext i1 %carry_1327" [src/generic/fp_generic.cpp:356]   --->   Operation 701 'zext' 'zext_ln356_63' <Predicate = true> <Delay = 0.00>
ST_23 : Operation 702 [1/1] (1.14ns) (out node of the LUT)   --->   "%tempReg_1172 = add i64 %UV_608, i64 %zext_ln356_63" [src/generic/fp_generic.cpp:356]   --->   Operation 702 'add' 'tempReg_1172' <Predicate = true> <Delay = 1.14> <CoreInst = "Adder">   --->   Core 1 'Adder' <Latency = 0> <II = 1> <Delay = 1.14> <FuncUnit> <Opcode : 'add' 'sub'> <InPorts = 2> <OutPorts = 1>
ST_23 : Operation 703 [1/1] (0.43ns) (out node of the LUT)   --->   "%add_ln356_556 = add i2 %zext_ln361_37, i2 %zext_ln354_152" [src/generic/fp_generic.cpp:356]   --->   Operation 703 'add' 'add_ln356_556' <Predicate = true> <Delay = 0.43> <CoreInst = "Adder">   --->   Core 1 'Adder' <Latency = 0> <II = 1> <Delay = 0.43> <FuncUnit> <Opcode : 'add' 'sub'> <InPorts = 2> <OutPorts = 1>
ST_23 : Operation 704 [1/1] (1.43ns)   --->   "%tmp_599 = call i1 @is_digit_lessthan_ct, i64 %tempReg_1172, i64 %zext_ln356_63" [src/generic/fp_generic.cpp:356]   --->   Operation 704 'call' 'tmp_599' <Predicate = true> <Delay = 1.43> <CoreType = "Generic">   --->   Generic Core
ST_23 : Operation 705 [1/2] (1.43ns)   --->   "%call_ret218 = call i128 @digit_x_digit, i64 %v_696, i64 6937169319750509776" [src/generic/fp_generic.cpp:354]   --->   Operation 705 'call' 'call_ret218' <Predicate = true> <Delay = 1.43> <CoreType = "Generic">   --->   Generic Core
ST_23 : Operation 706 [1/1] (0.00ns)   --->   "%tempReg_1173 = extractvalue i128 %call_ret218" [src/generic/fp_generic.cpp:354]   --->   Operation 706 'extractvalue' 'tempReg_1173' <Predicate = true> <Delay = 0.00>
ST_23 : Operation 707 [1/1] (0.00ns) (grouped into LUT with out node tempReg_1174)   --->   "%UV_610 = extractvalue i128 %call_ret218" [src/generic/fp_generic.cpp:354]   --->   Operation 707 'extractvalue' 'UV_610' <Predicate = true> <Delay = 0.00>
ST_23 : Operation 708 [1/1] (1.14ns)   --->   "%v_763 = add i64 %tempReg_1173, i64 %v_762" [src/generic/fp_generic.cpp:355]   --->   Operation 708 'add' 'v_763' <Predicate = true> <Delay = 1.14> <CoreInst = "Adder">   --->   Core 1 'Adder' <Latency = 0> <II = 1> <Delay = 1.14> <FuncUnit> <Opcode : 'add' 'sub'> <InPorts = 2> <OutPorts = 1>
ST_23 : Operation 709 [1/1] (1.43ns)   --->   "%tmp_601 = call i1 @is_digit_lessthan_ct, i64 %tempReg_1173, i64 0" [src/generic/fp_generic.cpp:355]   --->   Operation 709 'call' 'tmp_601' <Predicate = true> <Delay = 1.43> <CoreType = "Generic">   --->   Generic Core
ST_23 : Operation 710 [1/1] (1.43ns)   --->   "%tmp_602 = call i1 @is_digit_lessthan_ct, i64 %v_763, i64 %tempReg_1173" [src/generic/fp_generic.cpp:355]   --->   Operation 710 'call' 'tmp_602' <Predicate = true> <Delay = 1.43> <CoreType = "Generic">   --->   Generic Core
ST_23 : Operation 711 [1/1] (0.12ns)   --->   "%carry_1329 = or i1 %tmp_602, i1 %tmp_601" [src/generic/fp_generic.cpp:355]   --->   Operation 711 'or' 'carry_1329' <Predicate = true> <Delay = 0.12> <CoreInst = "LogicGate">   --->   Core 74 'LogicGate' <Latency = 0> <II = 1> <Delay = 0.12> <FuncUnit> <Opcode : 'and' 'or' 'xor'> <InPorts = 2> <OutPorts = 1>
ST_23 : Operation 712 [1/1] (0.00ns)   --->   "%zext_ln356_64 = zext i1 %carry_1329" [src/generic/fp_generic.cpp:356]   --->   Operation 712 'zext' 'zext_ln356_64' <Predicate = true> <Delay = 0.00>
ST_23 : Operation 713 [1/1] (1.14ns) (out node of the LUT)   --->   "%tempReg_1174 = add i64 %UV_610, i64 %zext_ln356_64" [src/generic/fp_generic.cpp:356]   --->   Operation 713 'add' 'tempReg_1174' <Predicate = true> <Delay = 1.14> <CoreInst = "Adder">   --->   Core 1 'Adder' <Latency = 0> <II = 1> <Delay = 1.14> <FuncUnit> <Opcode : 'add' 'sub'> <InPorts = 2> <OutPorts = 1>
ST_23 : Operation 714 [2/2] (6.71ns)   --->   "%call_ret219 = call i128 @digit_x_digit, i64 %v_702, i64 1989455001339985327" [src/generic/fp_generic.cpp:354]   --->   Operation 714 'call' 'call_ret219' <Predicate = true> <Delay = 6.71> <CoreType = "Generic">   --->   Generic Core
ST_23 : Operation 715 [2/2] (6.71ns)   --->   "%call_ret220 = call i128 @digit_x_digit, i64 %v_709, i64 1371447078966912928" [src/generic/fp_generic.cpp:354]   --->   Operation 715 'call' 'call_ret220' <Predicate = true> <Delay = 6.71> <CoreType = "Generic">   --->   Generic Core

State 24 <SV = 23> <Delay = 6.72>
ST_24 : Operation 716 [1/1] (0.00ns)   --->   "%mc_1_addr_1 = getelementptr i64 %mc_1, i64 0, i64 1" [src/generic/fp_generic.cpp:334]   --->   Operation 716 'getelementptr' 'mc_1_addr_1' <Predicate = true> <Delay = 0.00>
ST_24 : Operation 717 [1/2] ( I:0.71ns O:0.71ns )   --->   "%ma_1_load_19 = load i3 %ma_1_addr_19" [src/generic/fp_generic.cpp:360]   --->   Operation 717 'load' 'ma_1_load_19' <Predicate = true> <Delay = 0.71> <CoreInst = "RAM_1P">   --->   Core 87 'RAM_1P' <Latency = 1> <II = 1> <Delay = 0.71> <Storage> <Opcode : 'load' 'store'> <Ports = 1> <Width = 64> <Depth = 8> <RAM>
ST_24 : Operation 718 [1/1] (0.00ns)   --->   "%zext_ln356_174 = zext i2 %add_ln356_556" [src/generic/fp_generic.cpp:356]   --->   Operation 718 'zext' 'zext_ln356_174' <Predicate = true> <Delay = 0.00>
ST_24 : Operation 719 [1/1] (0.00ns) (grouped into TernaryAdder)   --->   "%add_ln356_557 = add i64 %zext_ln356_174, i64 %tempReg_1172" [src/generic/fp_generic.cpp:356]   --->   Operation 719 'add' 'add_ln356_557' <Predicate = true> <Delay = 0.00> <CoreInst = "TAddSub">   --->   Core 10 'TAddSub' <Latency = 0> <II = 1> <Delay = 0.42> <IPBlock> <Opcode : '' 'add' 'sub'> <InPorts = 3> <OutPorts = 1> <Sync> <CReg>
ST_24 : Operation 720 [1/1] (0.00ns)   --->   "%zext_ln356_177 = zext i3 %add_ln356_560" [src/generic/fp_generic.cpp:356]   --->   Operation 720 'zext' 'zext_ln356_177' <Predicate = true> <Delay = 0.00>
ST_24 : Operation 721 [1/1] (0.84ns) (root node of TernaryAdder)   --->   "%u_576 = add i64 %zext_ln356_177, i64 %add_ln356_557" [src/generic/fp_generic.cpp:356]   --->   Operation 721 'add' 'u_576' <Predicate = true> <Delay = 0.84> <CoreInst = "TAddSub">   --->   Core 10 'TAddSub' <Latency = 0> <II = 1> <Delay = 0.42> <IPBlock> <Opcode : '' 'add' 'sub'> <InPorts = 3> <OutPorts = 1> <Sync> <CReg>
ST_24 : Operation 722 [1/1] (1.43ns)   --->   "%tmp_600 = call i1 @is_digit_lessthan_ct, i64 %u_576, i64 %tempReg_1172" [src/generic/fp_generic.cpp:356]   --->   Operation 722 'call' 'tmp_600' <Predicate = true> <Delay = 1.43> <CoreType = "Generic">   --->   Generic Core
ST_24 : Operation 723 [1/1] (0.12ns)   --->   "%carry_1328 = or i1 %tmp_600, i1 %tmp_599" [src/generic/fp_generic.cpp:356]   --->   Operation 723 'or' 'carry_1328' <Predicate = true> <Delay = 0.12> <CoreInst = "LogicGate">   --->   Core 74 'LogicGate' <Latency = 0> <II = 1> <Delay = 0.12> <FuncUnit> <Opcode : 'and' 'or' 'xor'> <InPorts = 2> <OutPorts = 1>
ST_24 : Operation 724 [1/1] (1.14ns)   --->   "%u_577 = add i64 %tempReg_1174, i64 %u_576" [src/generic/fp_generic.cpp:356]   --->   Operation 724 'add' 'u_577' <Predicate = true> <Delay = 1.14> <CoreInst = "Adder">   --->   Core 1 'Adder' <Latency = 0> <II = 1> <Delay = 1.14> <FuncUnit> <Opcode : 'add' 'sub'> <InPorts = 2> <OutPorts = 1>
ST_24 : Operation 725 [1/1] (1.43ns)   --->   "%tmp_603 = call i1 @is_digit_lessthan_ct, i64 %tempReg_1174, i64 %zext_ln356_64" [src/generic/fp_generic.cpp:356]   --->   Operation 725 'call' 'tmp_603' <Predicate = true> <Delay = 1.43> <CoreType = "Generic">   --->   Generic Core
ST_24 : Operation 726 [1/1] (1.43ns)   --->   "%tmp_604 = call i1 @is_digit_lessthan_ct, i64 %u_577, i64 %tempReg_1174" [src/generic/fp_generic.cpp:356]   --->   Operation 726 'call' 'tmp_604' <Predicate = true> <Delay = 1.43> <CoreType = "Generic">   --->   Generic Core
ST_24 : Operation 727 [1/1] (0.12ns)   --->   "%carry_1330 = or i1 %tmp_604, i1 %tmp_603" [src/generic/fp_generic.cpp:356]   --->   Operation 727 'or' 'carry_1330' <Predicate = true> <Delay = 0.12> <CoreInst = "LogicGate">   --->   Core 74 'LogicGate' <Latency = 0> <II = 1> <Delay = 0.12> <FuncUnit> <Opcode : 'and' 'or' 'xor'> <InPorts = 2> <OutPorts = 1>
ST_24 : Operation 728 [1/2] (1.43ns)   --->   "%call_ret219 = call i128 @digit_x_digit, i64 %v_702, i64 1989455001339985327" [src/generic/fp_generic.cpp:354]   --->   Operation 728 'call' 'call_ret219' <Predicate = true> <Delay = 1.43> <CoreType = "Generic">   --->   Generic Core
ST_24 : Operation 729 [1/1] (0.00ns)   --->   "%tempReg_1175 = extractvalue i128 %call_ret219" [src/generic/fp_generic.cpp:354]   --->   Operation 729 'extractvalue' 'tempReg_1175' <Predicate = true> <Delay = 0.00>
ST_24 : Operation 730 [1/1] (0.00ns) (grouped into LUT with out node tempReg_1176)   --->   "%UV_612 = extractvalue i128 %call_ret219" [src/generic/fp_generic.cpp:354]   --->   Operation 730 'extractvalue' 'UV_612' <Predicate = true> <Delay = 0.00>
ST_24 : Operation 731 [1/1] (1.14ns)   --->   "%v_764 = add i64 %tempReg_1175, i64 %v_763" [src/generic/fp_generic.cpp:355]   --->   Operation 731 'add' 'v_764' <Predicate = true> <Delay = 1.14> <CoreInst = "Adder">   --->   Core 1 'Adder' <Latency = 0> <II = 1> <Delay = 1.14> <FuncUnit> <Opcode : 'add' 'sub'> <InPorts = 2> <OutPorts = 1>
ST_24 : Operation 732 [1/1] (1.43ns)   --->   "%tmp_605 = call i1 @is_digit_lessthan_ct, i64 %tempReg_1175, i64 0" [src/generic/fp_generic.cpp:355]   --->   Operation 732 'call' 'tmp_605' <Predicate = true> <Delay = 1.43> <CoreType = "Generic">   --->   Generic Core
ST_24 : Operation 733 [1/1] (1.43ns)   --->   "%tmp_606 = call i1 @is_digit_lessthan_ct, i64 %v_764, i64 %tempReg_1175" [src/generic/fp_generic.cpp:355]   --->   Operation 733 'call' 'tmp_606' <Predicate = true> <Delay = 1.43> <CoreType = "Generic">   --->   Generic Core
ST_24 : Operation 734 [1/1] (0.12ns)   --->   "%carry_1331 = or i1 %tmp_606, i1 %tmp_605" [src/generic/fp_generic.cpp:355]   --->   Operation 734 'or' 'carry_1331' <Predicate = true> <Delay = 0.12> <CoreInst = "LogicGate">   --->   Core 74 'LogicGate' <Latency = 0> <II = 1> <Delay = 0.12> <FuncUnit> <Opcode : 'and' 'or' 'xor'> <InPorts = 2> <OutPorts = 1>
ST_24 : Operation 735 [1/1] (0.00ns)   --->   "%zext_ln356_65 = zext i1 %carry_1331" [src/generic/fp_generic.cpp:356]   --->   Operation 735 'zext' 'zext_ln356_65' <Predicate = true> <Delay = 0.00>
ST_24 : Operation 736 [1/1] (1.14ns) (out node of the LUT)   --->   "%tempReg_1176 = add i64 %UV_612, i64 %zext_ln356_65" [src/generic/fp_generic.cpp:356]   --->   Operation 736 'add' 'tempReg_1176' <Predicate = true> <Delay = 1.14> <CoreInst = "Adder">   --->   Core 1 'Adder' <Latency = 0> <II = 1> <Delay = 1.14> <FuncUnit> <Opcode : 'add' 'sub'> <InPorts = 2> <OutPorts = 1>
ST_24 : Operation 737 [1/1] (1.14ns)   --->   "%u_578 = add i64 %tempReg_1176, i64 %u_577" [src/generic/fp_generic.cpp:356]   --->   Operation 737 'add' 'u_578' <Predicate = true> <Delay = 1.14> <CoreInst = "Adder">   --->   Core 1 'Adder' <Latency = 0> <II = 1> <Delay = 1.14> <FuncUnit> <Opcode : 'add' 'sub'> <InPorts = 2> <OutPorts = 1>
ST_24 : Operation 738 [1/1] (1.43ns)   --->   "%tmp_607 = call i1 @is_digit_lessthan_ct, i64 %tempReg_1176, i64 %zext_ln356_65" [src/generic/fp_generic.cpp:356]   --->   Operation 738 'call' 'tmp_607' <Predicate = true> <Delay = 1.43> <CoreType = "Generic">   --->   Generic Core
ST_24 : Operation 739 [1/2] (1.43ns)   --->   "%call_ret220 = call i128 @digit_x_digit, i64 %v_709, i64 1371447078966912928" [src/generic/fp_generic.cpp:354]   --->   Operation 739 'call' 'call_ret220' <Predicate = true> <Delay = 1.43> <CoreType = "Generic">   --->   Generic Core
ST_24 : Operation 740 [1/1] (0.00ns)   --->   "%tempReg_1177 = extractvalue i128 %call_ret220" [src/generic/fp_generic.cpp:354]   --->   Operation 740 'extractvalue' 'tempReg_1177' <Predicate = true> <Delay = 0.00>
ST_24 : Operation 741 [1/1] (0.00ns) (grouped into LUT with out node tempReg_1178)   --->   "%UV_614 = extractvalue i128 %call_ret220" [src/generic/fp_generic.cpp:354]   --->   Operation 741 'extractvalue' 'UV_614' <Predicate = true> <Delay = 0.00>
ST_24 : Operation 742 [1/1] (1.14ns)   --->   "%v_765 = add i64 %tempReg_1177, i64 %v_764" [src/generic/fp_generic.cpp:355]   --->   Operation 742 'add' 'v_765' <Predicate = true> <Delay = 1.14> <CoreInst = "Adder">   --->   Core 1 'Adder' <Latency = 0> <II = 1> <Delay = 1.14> <FuncUnit> <Opcode : 'add' 'sub'> <InPorts = 2> <OutPorts = 1>
ST_24 : Operation 743 [1/1] (1.43ns)   --->   "%tmp_609 = call i1 @is_digit_lessthan_ct, i64 %tempReg_1177, i64 0" [src/generic/fp_generic.cpp:355]   --->   Operation 743 'call' 'tmp_609' <Predicate = true> <Delay = 1.43> <CoreType = "Generic">   --->   Generic Core
ST_24 : Operation 744 [1/1] (1.43ns)   --->   "%tmp_610 = call i1 @is_digit_lessthan_ct, i64 %v_765, i64 %tempReg_1177" [src/generic/fp_generic.cpp:355]   --->   Operation 744 'call' 'tmp_610' <Predicate = true> <Delay = 1.43> <CoreType = "Generic">   --->   Generic Core
ST_24 : Operation 745 [1/1] (0.12ns)   --->   "%carry_1333 = or i1 %tmp_610, i1 %tmp_609" [src/generic/fp_generic.cpp:355]   --->   Operation 745 'or' 'carry_1333' <Predicate = true> <Delay = 0.12> <CoreInst = "LogicGate">   --->   Core 74 'LogicGate' <Latency = 0> <II = 1> <Delay = 0.12> <FuncUnit> <Opcode : 'and' 'or' 'xor'> <InPorts = 2> <OutPorts = 1>
ST_24 : Operation 746 [1/1] (0.00ns)   --->   "%zext_ln356_66 = zext i1 %carry_1333" [src/generic/fp_generic.cpp:356]   --->   Operation 746 'zext' 'zext_ln356_66' <Predicate = true> <Delay = 0.00>
ST_24 : Operation 747 [1/1] (1.14ns)   --->   "%v_766 = add i64 %ma_1_load_19, i64 %v_765" [src/generic/fp_generic.cpp:360]   --->   Operation 747 'add' 'v_766' <Predicate = true> <Delay = 1.14> <CoreInst = "Adder">   --->   Core 1 'Adder' <Latency = 0> <II = 1> <Delay = 1.14> <FuncUnit> <Opcode : 'add' 'sub'> <InPorts = 2> <OutPorts = 1>
ST_24 : Operation 748 [1/1] (1.43ns)   --->   "%tmp_611 = call i1 @is_digit_lessthan_ct, i64 %v_765, i64 0" [src/generic/fp_generic.cpp:360]   --->   Operation 748 'call' 'tmp_611' <Predicate = true> <Delay = 1.43> <CoreType = "Generic">   --->   Generic Core
ST_24 : Operation 749 [1/1] (1.43ns)   --->   "%tmp_612 = call i1 @is_digit_lessthan_ct, i64 %v_766, i64 %v_765" [src/generic/fp_generic.cpp:360]   --->   Operation 749 'call' 'tmp_612' <Predicate = true> <Delay = 1.43> <CoreType = "Generic">   --->   Generic Core
ST_24 : Operation 750 [1/1] (0.12ns)   --->   "%carry_1335 = or i1 %tmp_612, i1 %tmp_611" [src/generic/fp_generic.cpp:360]   --->   Operation 750 'or' 'carry_1335' <Predicate = true> <Delay = 0.12> <CoreInst = "LogicGate">   --->   Core 74 'LogicGate' <Latency = 0> <II = 1> <Delay = 0.12> <FuncUnit> <Opcode : 'and' 'or' 'xor'> <InPorts = 2> <OutPorts = 1>
ST_24 : Operation 751 [1/1] (1.14ns) (out node of the LUT)   --->   "%tempReg_1178 = add i64 %UV_614, i64 %zext_ln356_66" [src/generic/fp_generic.cpp:356]   --->   Operation 751 'add' 'tempReg_1178' <Predicate = true> <Delay = 1.14> <CoreInst = "Adder">   --->   Core 1 'Adder' <Latency = 0> <II = 1> <Delay = 1.14> <FuncUnit> <Opcode : 'add' 'sub'> <InPorts = 2> <OutPorts = 1>
ST_24 : Operation 752 [2/2] (6.71ns)   --->   "%call_ret221 = call i128 @digit_x_digit, i64 %v_696, i64 18127602061483550" [src/generic/fp_generic.cpp:354]   --->   Operation 752 'call' 'call_ret221' <Predicate = true> <Delay = 6.71> <CoreType = "Generic">   --->   Generic Core
ST_24 : Operation 753 [1/1] ( I:0.71ns O:0.71ns )   --->   "%store_ln363 = store i64 %v_766, i2 %mc_1_addr_1" [src/generic/fp_generic.cpp:363]   --->   Operation 753 'store' 'store_ln363' <Predicate = true> <Delay = 0.71> <CoreInst = "RAM_1P">   --->   Core 87 'RAM_1P' <Latency = 1> <II = 1> <Delay = 0.71> <Storage> <Opcode : 'load' 'store'> <Ports = 1> <Width = 64> <Depth = 4> <RAM>
ST_24 : Operation 754 [2/2] (6.71ns)   --->   "%call_ret222 = call i128 @digit_x_digit, i64 %v_702, i64 6937169319750509776" [src/generic/fp_generic.cpp:354]   --->   Operation 754 'call' 'call_ret222' <Predicate = true> <Delay = 6.71> <CoreType = "Generic">   --->   Generic Core

State 25 <SV = 24> <Delay = 7.29>
ST_25 : Operation 755 [1/1] (0.00ns)   --->   "%ma_0_addr_20 = getelementptr i64 %ma_0, i64 0, i64 6" [src/generic/fp_generic.cpp:360]   --->   Operation 755 'getelementptr' 'ma_0_addr_20' <Predicate = true> <Delay = 0.00>
ST_25 : Operation 756 [2/2] (0.71ns)   --->   "%ma_0_load_17 = load i3 %ma_0_addr_20" [src/generic/fp_generic.cpp:360]   --->   Operation 756 'load' 'ma_0_load_17' <Predicate = true> <Delay = 0.71> <CoreInst = "RAM_1P">   --->   Core 87 'RAM_1P' <Latency = 1> <II = 1> <Delay = 0.71> <Storage> <Opcode : 'load' 'store'> <Ports = 1> <Width = 64> <Depth = 8> <RAM>
ST_25 : Operation 757 [1/1] (0.00ns)   --->   "%zext_ln354_153 = zext i1 %carry_1328" [src/generic/fp_generic.cpp:354]   --->   Operation 757 'zext' 'zext_ln354_153' <Predicate = true> <Delay = 0.00>
ST_25 : Operation 758 [1/1] (0.00ns)   --->   "%zext_ln354_154 = zext i1 %carry_1330" [src/generic/fp_generic.cpp:354]   --->   Operation 758 'zext' 'zext_ln354_154' <Predicate = true> <Delay = 0.00>
ST_25 : Operation 759 [1/1] (1.43ns)   --->   "%tmp_608 = call i1 @is_digit_lessthan_ct, i64 %u_578, i64 %tempReg_1176" [src/generic/fp_generic.cpp:356]   --->   Operation 759 'call' 'tmp_608' <Predicate = true> <Delay = 1.43> <CoreType = "Generic">   --->   Generic Core
ST_25 : Operation 760 [1/1] (0.12ns)   --->   "%carry_1332 = or i1 %tmp_608, i1 %tmp_607" [src/generic/fp_generic.cpp:356]   --->   Operation 760 'or' 'carry_1332' <Predicate = true> <Delay = 0.12> <CoreInst = "LogicGate">   --->   Core 74 'LogicGate' <Latency = 0> <II = 1> <Delay = 0.12> <FuncUnit> <Opcode : 'and' 'or' 'xor'> <InPorts = 2> <OutPorts = 1>
ST_25 : Operation 761 [1/1] (0.00ns)   --->   "%zext_ln354_155 = zext i1 %carry_1332" [src/generic/fp_generic.cpp:354]   --->   Operation 761 'zext' 'zext_ln354_155' <Predicate = true> <Delay = 0.00>
ST_25 : Operation 762 [1/1] (0.00ns)   --->   "%zext_ln361_15 = zext i1 %carry_1335" [src/generic/fp_generic.cpp:361]   --->   Operation 762 'zext' 'zext_ln361_15' <Predicate = true> <Delay = 0.00>
ST_25 : Operation 763 [1/1] (1.14ns)   --->   "%u_579 = add i64 %tempReg_1178, i64 %u_578" [src/generic/fp_generic.cpp:356]   --->   Operation 763 'add' 'u_579' <Predicate = true> <Delay = 1.14> <CoreInst = "Adder">   --->   Core 1 'Adder' <Latency = 0> <II = 1> <Delay = 1.14> <FuncUnit> <Opcode : 'add' 'sub'> <InPorts = 2> <OutPorts = 1>
ST_25 : Operation 764 [1/1] (1.43ns)   --->   "%tmp_613 = call i1 @is_digit_lessthan_ct, i64 %tempReg_1178, i64 %zext_ln356_66" [src/generic/fp_generic.cpp:356]   --->   Operation 764 'call' 'tmp_613' <Predicate = true> <Delay = 1.43> <CoreType = "Generic">   --->   Generic Core
ST_25 : Operation 765 [1/1] (1.43ns)   --->   "%tmp_614 = call i1 @is_digit_lessthan_ct, i64 %u_579, i64 %tempReg_1178" [src/generic/fp_generic.cpp:356]   --->   Operation 765 'call' 'tmp_614' <Predicate = true> <Delay = 1.43> <CoreType = "Generic">   --->   Generic Core
ST_25 : Operation 766 [1/1] (0.00ns) (grouped into LUT with out node add_ln356_569)   --->   "%carry_1334 = or i1 %tmp_614, i1 %tmp_613" [src/generic/fp_generic.cpp:356]   --->   Operation 766 'or' 'carry_1334' <Predicate = true> <Delay = 0.00> <CoreInst = "LogicGate">   --->   Core 74 'LogicGate' <Latency = 0> <II = 1> <Delay = 0.12> <FuncUnit> <Opcode : 'and' 'or' 'xor'> <InPorts = 2> <OutPorts = 1>
ST_25 : Operation 767 [1/1] (0.00ns) (grouped into LUT with out node add_ln356_569)   --->   "%zext_ln361_38 = zext i1 %carry_1334" [src/generic/fp_generic.cpp:361]   --->   Operation 767 'zext' 'zext_ln361_38' <Predicate = true> <Delay = 0.00>
ST_25 : Operation 768 [1/1] (1.14ns)   --->   "%tempReg_1179 = add i64 %u_579, i64 %zext_ln361_15" [src/generic/fp_generic.cpp:361]   --->   Operation 768 'add' 'tempReg_1179' <Predicate = true> <Delay = 1.14> <CoreInst = "Adder">   --->   Core 1 'Adder' <Latency = 0> <II = 1> <Delay = 1.14> <FuncUnit> <Opcode : 'add' 'sub'> <InPorts = 2> <OutPorts = 1>
ST_25 : Operation 769 [1/1] (1.43ns)   --->   "%tmp_615 = call i1 @is_digit_lessthan_ct, i64 %tempReg_1179, i64 %zext_ln361_15" [src/generic/fp_generic.cpp:361]   --->   Operation 769 'call' 'tmp_615' <Predicate = true> <Delay = 1.43> <CoreType = "Generic">   --->   Generic Core
ST_25 : Operation 770 [1/1] (1.43ns)   --->   "%tmp_616 = call i1 @is_digit_lessthan_ct, i64 %tempReg_1179, i64 %tempReg_1179" [src/generic/fp_generic.cpp:361]   --->   Operation 770 'call' 'tmp_616' <Predicate = true> <Delay = 1.43> <CoreType = "Generic">   --->   Generic Core
ST_25 : Operation 771 [1/1] (0.00ns) (grouped into LUT with out node add_ln356_569)   --->   "%carry_1336 = or i1 %tmp_616, i1 %tmp_615" [src/generic/fp_generic.cpp:361]   --->   Operation 771 'or' 'carry_1336' <Predicate = true> <Delay = 0.00> <CoreInst = "LogicGate">   --->   Core 74 'LogicGate' <Latency = 0> <II = 1> <Delay = 0.12> <FuncUnit> <Opcode : 'and' 'or' 'xor'> <InPorts = 2> <OutPorts = 1>
ST_25 : Operation 772 [1/1] (0.00ns) (grouped into LUT with out node add_ln356_569)   --->   "%zext_ln354_156 = zext i1 %carry_1336" [src/generic/fp_generic.cpp:354]   --->   Operation 772 'zext' 'zext_ln354_156' <Predicate = true> <Delay = 0.00>
ST_25 : Operation 773 [1/2] (1.43ns)   --->   "%call_ret221 = call i128 @digit_x_digit, i64 %v_696, i64 18127602061483550" [src/generic/fp_generic.cpp:354]   --->   Operation 773 'call' 'call_ret221' <Predicate = true> <Delay = 1.43> <CoreType = "Generic">   --->   Generic Core
ST_25 : Operation 774 [1/1] (0.00ns)   --->   "%tempReg_1180 = extractvalue i128 %call_ret221" [src/generic/fp_generic.cpp:354]   --->   Operation 774 'extractvalue' 'tempReg_1180' <Predicate = true> <Delay = 0.00>
ST_25 : Operation 775 [1/1] (0.00ns) (grouped into LUT with out node tempReg_1181)   --->   "%UV_616 = extractvalue i128 %call_ret221" [src/generic/fp_generic.cpp:354]   --->   Operation 775 'extractvalue' 'UV_616' <Predicate = true> <Delay = 0.00>
ST_25 : Operation 776 [1/1] (1.14ns)   --->   "%v_767 = add i64 %tempReg_1180, i64 %tempReg_1179" [src/generic/fp_generic.cpp:355]   --->   Operation 776 'add' 'v_767' <Predicate = true> <Delay = 1.14> <CoreInst = "Adder">   --->   Core 1 'Adder' <Latency = 0> <II = 1> <Delay = 1.14> <FuncUnit> <Opcode : 'add' 'sub'> <InPorts = 2> <OutPorts = 1>
ST_25 : Operation 777 [1/1] (1.43ns)   --->   "%tmp_617 = call i1 @is_digit_lessthan_ct, i64 %tempReg_1180, i64 0" [src/generic/fp_generic.cpp:355]   --->   Operation 777 'call' 'tmp_617' <Predicate = true> <Delay = 1.43> <CoreType = "Generic">   --->   Generic Core
ST_25 : Operation 778 [1/1] (1.43ns)   --->   "%tmp_618 = call i1 @is_digit_lessthan_ct, i64 %v_767, i64 %tempReg_1180" [src/generic/fp_generic.cpp:355]   --->   Operation 778 'call' 'tmp_618' <Predicate = true> <Delay = 1.43> <CoreType = "Generic">   --->   Generic Core
ST_25 : Operation 779 [1/1] (0.12ns)   --->   "%carry_1337 = or i1 %tmp_618, i1 %tmp_617" [src/generic/fp_generic.cpp:355]   --->   Operation 779 'or' 'carry_1337' <Predicate = true> <Delay = 0.12> <CoreInst = "LogicGate">   --->   Core 74 'LogicGate' <Latency = 0> <II = 1> <Delay = 0.12> <FuncUnit> <Opcode : 'and' 'or' 'xor'> <InPorts = 2> <OutPorts = 1>
ST_25 : Operation 780 [1/1] (0.00ns)   --->   "%zext_ln356_67 = zext i1 %carry_1337" [src/generic/fp_generic.cpp:356]   --->   Operation 780 'zext' 'zext_ln356_67' <Predicate = true> <Delay = 0.00>
ST_25 : Operation 781 [1/1] (1.14ns) (out node of the LUT)   --->   "%tempReg_1181 = add i64 %UV_616, i64 %zext_ln356_67" [src/generic/fp_generic.cpp:356]   --->   Operation 781 'add' 'tempReg_1181' <Predicate = true> <Delay = 1.14> <CoreInst = "Adder">   --->   Core 1 'Adder' <Latency = 0> <II = 1> <Delay = 1.14> <FuncUnit> <Opcode : 'add' 'sub'> <InPorts = 2> <OutPorts = 1>
ST_25 : Operation 782 [1/1] (0.43ns) (out node of the LUT)   --->   "%add_ln356_569 = add i2 %zext_ln361_38, i2 %zext_ln354_156" [src/generic/fp_generic.cpp:356]   --->   Operation 782 'add' 'add_ln356_569' <Predicate = true> <Delay = 0.43> <CoreInst = "Adder">   --->   Core 1 'Adder' <Latency = 0> <II = 1> <Delay = 0.43> <FuncUnit> <Opcode : 'add' 'sub'> <InPorts = 2> <OutPorts = 1>
ST_25 : Operation 783 [1/1] (0.00ns) (grouped into TernaryAdder)   --->   "%add_ln356_571 = add i2 %zext_ln354_153, i2 %zext_ln354_154" [src/generic/fp_generic.cpp:356]   --->   Operation 783 'add' 'add_ln356_571' <Predicate = true> <Delay = 0.00> <CoreInst = "TAddSub">   --->   Core 10 'TAddSub' <Latency = 0> <II = 1> <Delay = 0.42> <IPBlock> <Opcode : '' 'add' 'sub'> <InPorts = 3> <OutPorts = 1> <Sync> <CReg>
ST_25 : Operation 784 [1/1] (0.14ns) (root node of TernaryAdder)   --->   "%add_ln356_572 = add i2 %add_ln356_571, i2 %zext_ln354_155" [src/generic/fp_generic.cpp:356]   --->   Operation 784 'add' 'add_ln356_572' <Predicate = true> <Delay = 0.14> <CoreInst = "TAddSub">   --->   Core 10 'TAddSub' <Latency = 0> <II = 1> <Delay = 0.42> <IPBlock> <Opcode : '' 'add' 'sub'> <InPorts = 3> <OutPorts = 1> <Sync> <CReg>
ST_25 : Operation 785 [1/2] (1.43ns)   --->   "%call_ret222 = call i128 @digit_x_digit, i64 %v_702, i64 6937169319750509776" [src/generic/fp_generic.cpp:354]   --->   Operation 785 'call' 'call_ret222' <Predicate = true> <Delay = 1.43> <CoreType = "Generic">   --->   Generic Core
ST_25 : Operation 786 [1/1] (0.00ns)   --->   "%tempReg_1182 = extractvalue i128 %call_ret222" [src/generic/fp_generic.cpp:354]   --->   Operation 786 'extractvalue' 'tempReg_1182' <Predicate = true> <Delay = 0.00>
ST_25 : Operation 787 [1/1] (0.00ns) (grouped into LUT with out node tempReg_1183)   --->   "%UV_618 = extractvalue i128 %call_ret222" [src/generic/fp_generic.cpp:354]   --->   Operation 787 'extractvalue' 'UV_618' <Predicate = true> <Delay = 0.00>
ST_25 : Operation 788 [1/1] (1.14ns)   --->   "%v_768 = add i64 %tempReg_1182, i64 %v_767" [src/generic/fp_generic.cpp:355]   --->   Operation 788 'add' 'v_768' <Predicate = true> <Delay = 1.14> <CoreInst = "Adder">   --->   Core 1 'Adder' <Latency = 0> <II = 1> <Delay = 1.14> <FuncUnit> <Opcode : 'add' 'sub'> <InPorts = 2> <OutPorts = 1>
ST_25 : Operation 789 [1/1] (1.43ns)   --->   "%tmp_621 = call i1 @is_digit_lessthan_ct, i64 %tempReg_1182, i64 0" [src/generic/fp_generic.cpp:355]   --->   Operation 789 'call' 'tmp_621' <Predicate = true> <Delay = 1.43> <CoreType = "Generic">   --->   Generic Core
ST_25 : Operation 790 [1/1] (1.43ns)   --->   "%tmp_622 = call i1 @is_digit_lessthan_ct, i64 %v_768, i64 %tempReg_1182" [src/generic/fp_generic.cpp:355]   --->   Operation 790 'call' 'tmp_622' <Predicate = true> <Delay = 1.43> <CoreType = "Generic">   --->   Generic Core
ST_25 : Operation 791 [1/1] (0.12ns)   --->   "%carry_1339 = or i1 %tmp_622, i1 %tmp_621" [src/generic/fp_generic.cpp:355]   --->   Operation 791 'or' 'carry_1339' <Predicate = true> <Delay = 0.12> <CoreInst = "LogicGate">   --->   Core 74 'LogicGate' <Latency = 0> <II = 1> <Delay = 0.12> <FuncUnit> <Opcode : 'and' 'or' 'xor'> <InPorts = 2> <OutPorts = 1>
ST_25 : Operation 792 [1/1] (0.00ns)   --->   "%zext_ln356_68 = zext i1 %carry_1339" [src/generic/fp_generic.cpp:356]   --->   Operation 792 'zext' 'zext_ln356_68' <Predicate = true> <Delay = 0.00>
ST_25 : Operation 793 [1/1] (1.14ns) (out node of the LUT)   --->   "%tempReg_1183 = add i64 %UV_618, i64 %zext_ln356_68" [src/generic/fp_generic.cpp:356]   --->   Operation 793 'add' 'tempReg_1183' <Predicate = true> <Delay = 1.14> <CoreInst = "Adder">   --->   Core 1 'Adder' <Latency = 0> <II = 1> <Delay = 1.14> <FuncUnit> <Opcode : 'add' 'sub'> <InPorts = 2> <OutPorts = 1>
ST_25 : Operation 794 [2/2] (6.71ns)   --->   "%call_ret223 = call i128 @digit_x_digit, i64 %v_709, i64 1989455001339985327" [src/generic/fp_generic.cpp:354]   --->   Operation 794 'call' 'call_ret223' <Predicate = true> <Delay = 6.71> <CoreType = "Generic">   --->   Generic Core

State 26 <SV = 25> <Delay = 6.72>
ST_26 : Operation 795 [1/1] (0.00ns)   --->   "%mc_0_addr_2 = getelementptr i64 %mc_0, i64 0, i64 2" [src/generic/fp_generic.cpp:334]   --->   Operation 795 'getelementptr' 'mc_0_addr_2' <Predicate = true> <Delay = 0.00>
ST_26 : Operation 796 [1/1] (0.00ns)   --->   "%ma_1_addr_20 = getelementptr i64 %ma_1, i64 0, i64 6" [src/generic/fp_generic.cpp:360]   --->   Operation 796 'getelementptr' 'ma_1_addr_20' <Predicate = true> <Delay = 0.00>
ST_26 : Operation 797 [1/2] ( I:0.71ns O:0.71ns )   --->   "%ma_0_load_17 = load i3 %ma_0_addr_20" [src/generic/fp_generic.cpp:360]   --->   Operation 797 'load' 'ma_0_load_17' <Predicate = true> <Delay = 0.71> <CoreInst = "RAM_1P">   --->   Core 87 'RAM_1P' <Latency = 1> <II = 1> <Delay = 0.71> <Storage> <Opcode : 'load' 'store'> <Ports = 1> <Width = 64> <Depth = 8> <RAM>
ST_26 : Operation 798 [2/2] (0.71ns)   --->   "%ma_1_load_20 = load i3 %ma_1_addr_20" [src/generic/fp_generic.cpp:360]   --->   Operation 798 'load' 'ma_1_load_20' <Predicate = true> <Delay = 0.71> <CoreInst = "RAM_1P">   --->   Core 87 'RAM_1P' <Latency = 1> <II = 1> <Delay = 0.71> <Storage> <Opcode : 'load' 'store'> <Ports = 1> <Width = 64> <Depth = 8> <RAM>
ST_26 : Operation 799 [1/1] (0.00ns)   --->   "%zext_ln356_178 = zext i2 %add_ln356_569" [src/generic/fp_generic.cpp:356]   --->   Operation 799 'zext' 'zext_ln356_178' <Predicate = true> <Delay = 0.00>
ST_26 : Operation 800 [1/1] (0.00ns) (grouped into TernaryAdder)   --->   "%add_ln356_570 = add i64 %zext_ln356_178, i64 %tempReg_1181" [src/generic/fp_generic.cpp:356]   --->   Operation 800 'add' 'add_ln356_570' <Predicate = true> <Delay = 0.00> <CoreInst = "TAddSub">   --->   Core 10 'TAddSub' <Latency = 0> <II = 1> <Delay = 0.42> <IPBlock> <Opcode : '' 'add' 'sub'> <InPorts = 3> <OutPorts = 1> <Sync> <CReg>
ST_26 : Operation 801 [1/1] (0.00ns)   --->   "%zext_ln356_179 = zext i2 %add_ln356_572" [src/generic/fp_generic.cpp:356]   --->   Operation 801 'zext' 'zext_ln356_179' <Predicate = true> <Delay = 0.00>
ST_26 : Operation 802 [1/1] (0.84ns) (root node of TernaryAdder)   --->   "%u_580 = add i64 %zext_ln356_179, i64 %add_ln356_570" [src/generic/fp_generic.cpp:356]   --->   Operation 802 'add' 'u_580' <Predicate = true> <Delay = 0.84> <CoreInst = "TAddSub">   --->   Core 10 'TAddSub' <Latency = 0> <II = 1> <Delay = 0.42> <IPBlock> <Opcode : '' 'add' 'sub'> <InPorts = 3> <OutPorts = 1> <Sync> <CReg>
ST_26 : Operation 803 [1/1] (1.43ns)   --->   "%tmp_619 = call i1 @is_digit_lessthan_ct, i64 %tempReg_1181, i64 %zext_ln356_67" [src/generic/fp_generic.cpp:356]   --->   Operation 803 'call' 'tmp_619' <Predicate = true> <Delay = 1.43> <CoreType = "Generic">   --->   Generic Core
ST_26 : Operation 804 [1/1] (1.43ns)   --->   "%tmp_620 = call i1 @is_digit_lessthan_ct, i64 %u_580, i64 %tempReg_1181" [src/generic/fp_generic.cpp:356]   --->   Operation 804 'call' 'tmp_620' <Predicate = true> <Delay = 1.43> <CoreType = "Generic">   --->   Generic Core
ST_26 : Operation 805 [1/1] (0.12ns)   --->   "%carry_1338 = or i1 %tmp_620, i1 %tmp_619" [src/generic/fp_generic.cpp:356]   --->   Operation 805 'or' 'carry_1338' <Predicate = true> <Delay = 0.12> <CoreInst = "LogicGate">   --->   Core 74 'LogicGate' <Latency = 0> <II = 1> <Delay = 0.12> <FuncUnit> <Opcode : 'and' 'or' 'xor'> <InPorts = 2> <OutPorts = 1>
ST_26 : Operation 806 [1/1] (1.14ns)   --->   "%u_581 = add i64 %tempReg_1183, i64 %u_580" [src/generic/fp_generic.cpp:356]   --->   Operation 806 'add' 'u_581' <Predicate = true> <Delay = 1.14> <CoreInst = "Adder">   --->   Core 1 'Adder' <Latency = 0> <II = 1> <Delay = 1.14> <FuncUnit> <Opcode : 'add' 'sub'> <InPorts = 2> <OutPorts = 1>
ST_26 : Operation 807 [1/1] (1.43ns)   --->   "%tmp_623 = call i1 @is_digit_lessthan_ct, i64 %tempReg_1183, i64 %zext_ln356_68" [src/generic/fp_generic.cpp:356]   --->   Operation 807 'call' 'tmp_623' <Predicate = true> <Delay = 1.43> <CoreType = "Generic">   --->   Generic Core
ST_26 : Operation 808 [1/1] (1.43ns)   --->   "%tmp_624 = call i1 @is_digit_lessthan_ct, i64 %u_581, i64 %tempReg_1183" [src/generic/fp_generic.cpp:356]   --->   Operation 808 'call' 'tmp_624' <Predicate = true> <Delay = 1.43> <CoreType = "Generic">   --->   Generic Core
ST_26 : Operation 809 [1/1] (0.12ns)   --->   "%carry_1340 = or i1 %tmp_624, i1 %tmp_623" [src/generic/fp_generic.cpp:356]   --->   Operation 809 'or' 'carry_1340' <Predicate = true> <Delay = 0.12> <CoreInst = "LogicGate">   --->   Core 74 'LogicGate' <Latency = 0> <II = 1> <Delay = 0.12> <FuncUnit> <Opcode : 'and' 'or' 'xor'> <InPorts = 2> <OutPorts = 1>
ST_26 : Operation 810 [1/2] (1.43ns)   --->   "%call_ret223 = call i128 @digit_x_digit, i64 %v_709, i64 1989455001339985327" [src/generic/fp_generic.cpp:354]   --->   Operation 810 'call' 'call_ret223' <Predicate = true> <Delay = 1.43> <CoreType = "Generic">   --->   Generic Core
ST_26 : Operation 811 [1/1] (0.00ns)   --->   "%tempReg_1184 = extractvalue i128 %call_ret223" [src/generic/fp_generic.cpp:354]   --->   Operation 811 'extractvalue' 'tempReg_1184' <Predicate = true> <Delay = 0.00>
ST_26 : Operation 812 [1/1] (0.00ns) (grouped into LUT with out node tempReg_1185)   --->   "%UV_620 = extractvalue i128 %call_ret223" [src/generic/fp_generic.cpp:354]   --->   Operation 812 'extractvalue' 'UV_620' <Predicate = true> <Delay = 0.00>
ST_26 : Operation 813 [1/1] (1.14ns)   --->   "%v_769 = add i64 %tempReg_1184, i64 %v_768" [src/generic/fp_generic.cpp:355]   --->   Operation 813 'add' 'v_769' <Predicate = true> <Delay = 1.14> <CoreInst = "Adder">   --->   Core 1 'Adder' <Latency = 0> <II = 1> <Delay = 1.14> <FuncUnit> <Opcode : 'add' 'sub'> <InPorts = 2> <OutPorts = 1>
ST_26 : Operation 814 [1/1] (1.43ns)   --->   "%tmp_625 = call i1 @is_digit_lessthan_ct, i64 %tempReg_1184, i64 0" [src/generic/fp_generic.cpp:355]   --->   Operation 814 'call' 'tmp_625' <Predicate = true> <Delay = 1.43> <CoreType = "Generic">   --->   Generic Core
ST_26 : Operation 815 [1/1] (1.43ns)   --->   "%tmp_626 = call i1 @is_digit_lessthan_ct, i64 %v_769, i64 %tempReg_1184" [src/generic/fp_generic.cpp:355]   --->   Operation 815 'call' 'tmp_626' <Predicate = true> <Delay = 1.43> <CoreType = "Generic">   --->   Generic Core
ST_26 : Operation 816 [1/1] (0.12ns)   --->   "%carry_1341 = or i1 %tmp_626, i1 %tmp_625" [src/generic/fp_generic.cpp:355]   --->   Operation 816 'or' 'carry_1341' <Predicate = true> <Delay = 0.12> <CoreInst = "LogicGate">   --->   Core 74 'LogicGate' <Latency = 0> <II = 1> <Delay = 0.12> <FuncUnit> <Opcode : 'and' 'or' 'xor'> <InPorts = 2> <OutPorts = 1>
ST_26 : Operation 817 [1/1] (0.00ns)   --->   "%zext_ln356_69 = zext i1 %carry_1341" [src/generic/fp_generic.cpp:356]   --->   Operation 817 'zext' 'zext_ln356_69' <Predicate = true> <Delay = 0.00>
ST_26 : Operation 818 [1/1] (1.14ns)   --->   "%v_770 = add i64 %ma_0_load_17, i64 %v_769" [src/generic/fp_generic.cpp:360]   --->   Operation 818 'add' 'v_770' <Predicate = true> <Delay = 1.14> <CoreInst = "Adder">   --->   Core 1 'Adder' <Latency = 0> <II = 1> <Delay = 1.14> <FuncUnit> <Opcode : 'add' 'sub'> <InPorts = 2> <OutPorts = 1>
ST_26 : Operation 819 [1/1] (1.43ns)   --->   "%tmp_627 = call i1 @is_digit_lessthan_ct, i64 %v_769, i64 0" [src/generic/fp_generic.cpp:360]   --->   Operation 819 'call' 'tmp_627' <Predicate = true> <Delay = 1.43> <CoreType = "Generic">   --->   Generic Core
ST_26 : Operation 820 [1/1] (1.43ns)   --->   "%tmp_628 = call i1 @is_digit_lessthan_ct, i64 %v_770, i64 %v_769" [src/generic/fp_generic.cpp:360]   --->   Operation 820 'call' 'tmp_628' <Predicate = true> <Delay = 1.43> <CoreType = "Generic">   --->   Generic Core
ST_26 : Operation 821 [1/1] (0.12ns)   --->   "%carry_1343 = or i1 %tmp_628, i1 %tmp_627" [src/generic/fp_generic.cpp:360]   --->   Operation 821 'or' 'carry_1343' <Predicate = true> <Delay = 0.12> <CoreInst = "LogicGate">   --->   Core 74 'LogicGate' <Latency = 0> <II = 1> <Delay = 0.12> <FuncUnit> <Opcode : 'and' 'or' 'xor'> <InPorts = 2> <OutPorts = 1>
ST_26 : Operation 822 [1/1] (1.14ns) (out node of the LUT)   --->   "%tempReg_1185 = add i64 %UV_620, i64 %zext_ln356_69" [src/generic/fp_generic.cpp:356]   --->   Operation 822 'add' 'tempReg_1185' <Predicate = true> <Delay = 1.14> <CoreInst = "Adder">   --->   Core 1 'Adder' <Latency = 0> <II = 1> <Delay = 1.14> <FuncUnit> <Opcode : 'add' 'sub'> <InPorts = 2> <OutPorts = 1>
ST_26 : Operation 823 [1/1] (1.14ns)   --->   "%u_582 = add i64 %tempReg_1185, i64 %u_581" [src/generic/fp_generic.cpp:356]   --->   Operation 823 'add' 'u_582' <Predicate = true> <Delay = 1.14> <CoreInst = "Adder">   --->   Core 1 'Adder' <Latency = 0> <II = 1> <Delay = 1.14> <FuncUnit> <Opcode : 'add' 'sub'> <InPorts = 2> <OutPorts = 1>
ST_26 : Operation 824 [1/1] (1.43ns)   --->   "%tmp_629 = call i1 @is_digit_lessthan_ct, i64 %tempReg_1185, i64 %zext_ln356_69" [src/generic/fp_generic.cpp:356]   --->   Operation 824 'call' 'tmp_629' <Predicate = true> <Delay = 1.43> <CoreType = "Generic">   --->   Generic Core
ST_26 : Operation 825 [2/2] (6.71ns)   --->   "%call_ret224 = call i128 @digit_x_digit, i64 %v_702, i64 18127602061483550" [src/generic/fp_generic.cpp:354]   --->   Operation 825 'call' 'call_ret224' <Predicate = true> <Delay = 6.71> <CoreType = "Generic">   --->   Generic Core
ST_26 : Operation 826 [1/1] ( I:0.71ns O:0.71ns )   --->   "%store_ln363 = store i64 %v_770, i2 %mc_0_addr_2" [src/generic/fp_generic.cpp:363]   --->   Operation 826 'store' 'store_ln363' <Predicate = true> <Delay = 0.71> <CoreInst = "RAM_1P">   --->   Core 87 'RAM_1P' <Latency = 1> <II = 1> <Delay = 0.71> <Storage> <Opcode : 'load' 'store'> <Ports = 1> <Width = 64> <Depth = 4> <RAM>
ST_26 : Operation 827 [2/2] (6.71ns)   --->   "%call_ret225 = call i128 @digit_x_digit, i64 %v_709, i64 6937169319750509776" [src/generic/fp_generic.cpp:354]   --->   Operation 827 'call' 'call_ret225' <Predicate = true> <Delay = 6.71> <CoreType = "Generic">   --->   Generic Core

State 27 <SV = 26> <Delay = 6.72>
ST_27 : Operation 828 [1/1] (0.00ns)   --->   "%mc_1_addr_2 = getelementptr i64 %mc_1, i64 0, i64 2" [src/generic/fp_generic.cpp:334]   --->   Operation 828 'getelementptr' 'mc_1_addr_2' <Predicate = true> <Delay = 0.00>
ST_27 : Operation 829 [1/1] (0.00ns)   --->   "%ma_0_addr_21 = getelementptr i64 %ma_0, i64 0, i64 7" [src/generic/fp_generic.cpp:360]   --->   Operation 829 'getelementptr' 'ma_0_addr_21' <Predicate = true> <Delay = 0.00>
ST_27 : Operation 830 [1/2] ( I:0.71ns O:0.71ns )   --->   "%ma_1_load_20 = load i3 %ma_1_addr_20" [src/generic/fp_generic.cpp:360]   --->   Operation 830 'load' 'ma_1_load_20' <Predicate = true> <Delay = 0.71> <CoreInst = "RAM_1P">   --->   Core 87 'RAM_1P' <Latency = 1> <II = 1> <Delay = 0.71> <Storage> <Opcode : 'load' 'store'> <Ports = 1> <Width = 64> <Depth = 8> <RAM>
ST_27 : Operation 831 [2/2] (0.71ns)   --->   "%ma_0_load_18 = load i3 %ma_0_addr_21" [src/generic/fp_generic.cpp:360]   --->   Operation 831 'load' 'ma_0_load_18' <Predicate = true> <Delay = 0.71> <CoreInst = "RAM_1P">   --->   Core 87 'RAM_1P' <Latency = 1> <II = 1> <Delay = 0.71> <Storage> <Opcode : 'load' 'store'> <Ports = 1> <Width = 64> <Depth = 8> <RAM>
ST_27 : Operation 832 [1/1] (0.00ns)   --->   "%zext_ln354_157 = zext i1 %carry_1338" [src/generic/fp_generic.cpp:354]   --->   Operation 832 'zext' 'zext_ln354_157' <Predicate = true> <Delay = 0.00>
ST_27 : Operation 833 [1/1] (0.00ns)   --->   "%zext_ln354_158 = zext i1 %carry_1340" [src/generic/fp_generic.cpp:354]   --->   Operation 833 'zext' 'zext_ln354_158' <Predicate = true> <Delay = 0.00>
ST_27 : Operation 834 [1/1] (0.00ns)   --->   "%zext_ln361_16 = zext i1 %carry_1343" [src/generic/fp_generic.cpp:361]   --->   Operation 834 'zext' 'zext_ln361_16' <Predicate = true> <Delay = 0.00>
ST_27 : Operation 835 [1/1] (1.43ns)   --->   "%tmp_630 = call i1 @is_digit_lessthan_ct, i64 %u_582, i64 %tempReg_1185" [src/generic/fp_generic.cpp:356]   --->   Operation 835 'call' 'tmp_630' <Predicate = true> <Delay = 1.43> <CoreType = "Generic">   --->   Generic Core
ST_27 : Operation 836 [1/1] (0.12ns)   --->   "%carry_1342 = or i1 %tmp_630, i1 %tmp_629" [src/generic/fp_generic.cpp:356]   --->   Operation 836 'or' 'carry_1342' <Predicate = true> <Delay = 0.12> <CoreInst = "LogicGate">   --->   Core 74 'LogicGate' <Latency = 0> <II = 1> <Delay = 0.12> <FuncUnit> <Opcode : 'and' 'or' 'xor'> <InPorts = 2> <OutPorts = 1>
ST_27 : Operation 837 [1/1] (1.14ns)   --->   "%tempReg_1186 = add i64 %u_582, i64 %zext_ln361_16" [src/generic/fp_generic.cpp:361]   --->   Operation 837 'add' 'tempReg_1186' <Predicate = true> <Delay = 1.14> <CoreInst = "Adder">   --->   Core 1 'Adder' <Latency = 0> <II = 1> <Delay = 1.14> <FuncUnit> <Opcode : 'add' 'sub'> <InPorts = 2> <OutPorts = 1>
ST_27 : Operation 838 [1/1] (1.43ns)   --->   "%tmp_631 = call i1 @is_digit_lessthan_ct, i64 %tempReg_1186, i64 %zext_ln361_16" [src/generic/fp_generic.cpp:361]   --->   Operation 838 'call' 'tmp_631' <Predicate = true> <Delay = 1.43> <CoreType = "Generic">   --->   Generic Core
ST_27 : Operation 839 [1/1] (1.43ns)   --->   "%tmp_632 = call i1 @is_digit_lessthan_ct, i64 %tempReg_1186, i64 %tempReg_1186" [src/generic/fp_generic.cpp:361]   --->   Operation 839 'call' 'tmp_632' <Predicate = true> <Delay = 1.43> <CoreType = "Generic">   --->   Generic Core
ST_27 : Operation 840 [1/1] (0.12ns)   --->   "%carry_1344 = or i1 %tmp_632, i1 %tmp_631" [src/generic/fp_generic.cpp:361]   --->   Operation 840 'or' 'carry_1344' <Predicate = true> <Delay = 0.12> <CoreInst = "LogicGate">   --->   Core 74 'LogicGate' <Latency = 0> <II = 1> <Delay = 0.12> <FuncUnit> <Opcode : 'and' 'or' 'xor'> <InPorts = 2> <OutPorts = 1>
ST_27 : Operation 841 [1/1] (0.00ns)   --->   "%zext_ln354_159 = zext i1 %carry_1344" [src/generic/fp_generic.cpp:354]   --->   Operation 841 'zext' 'zext_ln354_159' <Predicate = true> <Delay = 0.00>
ST_27 : Operation 842 [1/2] (1.43ns)   --->   "%call_ret224 = call i128 @digit_x_digit, i64 %v_702, i64 18127602061483550" [src/generic/fp_generic.cpp:354]   --->   Operation 842 'call' 'call_ret224' <Predicate = true> <Delay = 1.43> <CoreType = "Generic">   --->   Generic Core
ST_27 : Operation 843 [1/1] (0.00ns)   --->   "%tempReg_1187 = extractvalue i128 %call_ret224" [src/generic/fp_generic.cpp:354]   --->   Operation 843 'extractvalue' 'tempReg_1187' <Predicate = true> <Delay = 0.00>
ST_27 : Operation 844 [1/1] (0.00ns) (grouped into LUT with out node tempReg_1188)   --->   "%UV_622 = extractvalue i128 %call_ret224" [src/generic/fp_generic.cpp:354]   --->   Operation 844 'extractvalue' 'UV_622' <Predicate = true> <Delay = 0.00>
ST_27 : Operation 845 [1/1] (1.14ns)   --->   "%v_771 = add i64 %tempReg_1187, i64 %tempReg_1186" [src/generic/fp_generic.cpp:355]   --->   Operation 845 'add' 'v_771' <Predicate = true> <Delay = 1.14> <CoreInst = "Adder">   --->   Core 1 'Adder' <Latency = 0> <II = 1> <Delay = 1.14> <FuncUnit> <Opcode : 'add' 'sub'> <InPorts = 2> <OutPorts = 1>
ST_27 : Operation 846 [1/1] (1.43ns)   --->   "%tmp_633 = call i1 @is_digit_lessthan_ct, i64 %tempReg_1187, i64 0" [src/generic/fp_generic.cpp:355]   --->   Operation 846 'call' 'tmp_633' <Predicate = true> <Delay = 1.43> <CoreType = "Generic">   --->   Generic Core
ST_27 : Operation 847 [1/1] (1.43ns)   --->   "%tmp_634 = call i1 @is_digit_lessthan_ct, i64 %v_771, i64 %tempReg_1187" [src/generic/fp_generic.cpp:355]   --->   Operation 847 'call' 'tmp_634' <Predicate = true> <Delay = 1.43> <CoreType = "Generic">   --->   Generic Core
ST_27 : Operation 848 [1/1] (0.12ns)   --->   "%carry_1345 = or i1 %tmp_634, i1 %tmp_633" [src/generic/fp_generic.cpp:355]   --->   Operation 848 'or' 'carry_1345' <Predicate = true> <Delay = 0.12> <CoreInst = "LogicGate">   --->   Core 74 'LogicGate' <Latency = 0> <II = 1> <Delay = 0.12> <FuncUnit> <Opcode : 'and' 'or' 'xor'> <InPorts = 2> <OutPorts = 1>
ST_27 : Operation 849 [1/1] (0.00ns)   --->   "%zext_ln356_70 = zext i1 %carry_1345" [src/generic/fp_generic.cpp:356]   --->   Operation 849 'zext' 'zext_ln356_70' <Predicate = true> <Delay = 0.00>
ST_27 : Operation 850 [1/1] (1.14ns) (out node of the LUT)   --->   "%tempReg_1188 = add i64 %UV_622, i64 %zext_ln356_70" [src/generic/fp_generic.cpp:356]   --->   Operation 850 'add' 'tempReg_1188' <Predicate = true> <Delay = 1.14> <CoreInst = "Adder">   --->   Core 1 'Adder' <Latency = 0> <II = 1> <Delay = 1.14> <FuncUnit> <Opcode : 'add' 'sub'> <InPorts = 2> <OutPorts = 1>
ST_27 : Operation 851 [1/1] (0.00ns) (grouped into TernaryAdder)   --->   "%add_ln356_580 = add i2 %zext_ln354_157, i2 %zext_ln354_158" [src/generic/fp_generic.cpp:356]   --->   Operation 851 'add' 'add_ln356_580' <Predicate = true> <Delay = 0.00> <CoreInst = "TAddSub">   --->   Core 10 'TAddSub' <Latency = 0> <II = 1> <Delay = 0.42> <IPBlock> <Opcode : '' 'add' 'sub'> <InPorts = 3> <OutPorts = 1> <Sync> <CReg>
ST_27 : Operation 852 [1/1] (0.14ns) (root node of TernaryAdder)   --->   "%add_ln356_581 = add i2 %add_ln356_580, i2 %zext_ln354_159" [src/generic/fp_generic.cpp:356]   --->   Operation 852 'add' 'add_ln356_581' <Predicate = true> <Delay = 0.14> <CoreInst = "TAddSub">   --->   Core 10 'TAddSub' <Latency = 0> <II = 1> <Delay = 0.42> <IPBlock> <Opcode : '' 'add' 'sub'> <InPorts = 3> <OutPorts = 1> <Sync> <CReg>
ST_27 : Operation 853 [1/1] (1.43ns)   --->   "%tmp_635 = call i1 @is_digit_lessthan_ct, i64 %tempReg_1188, i64 %zext_ln356_70" [src/generic/fp_generic.cpp:356]   --->   Operation 853 'call' 'tmp_635' <Predicate = true> <Delay = 1.43> <CoreType = "Generic">   --->   Generic Core
ST_27 : Operation 854 [1/2] (1.43ns)   --->   "%call_ret225 = call i128 @digit_x_digit, i64 %v_709, i64 6937169319750509776" [src/generic/fp_generic.cpp:354]   --->   Operation 854 'call' 'call_ret225' <Predicate = true> <Delay = 1.43> <CoreType = "Generic">   --->   Generic Core
ST_27 : Operation 855 [1/1] (0.00ns)   --->   "%tempReg_1189 = extractvalue i128 %call_ret225" [src/generic/fp_generic.cpp:354]   --->   Operation 855 'extractvalue' 'tempReg_1189' <Predicate = true> <Delay = 0.00>
ST_27 : Operation 856 [1/1] (0.00ns) (grouped into LUT with out node tempReg_1190)   --->   "%UV_624 = extractvalue i128 %call_ret225" [src/generic/fp_generic.cpp:354]   --->   Operation 856 'extractvalue' 'UV_624' <Predicate = true> <Delay = 0.00>
ST_27 : Operation 857 [1/1] (1.14ns)   --->   "%v_772 = add i64 %tempReg_1189, i64 %v_771" [src/generic/fp_generic.cpp:355]   --->   Operation 857 'add' 'v_772' <Predicate = true> <Delay = 1.14> <CoreInst = "Adder">   --->   Core 1 'Adder' <Latency = 0> <II = 1> <Delay = 1.14> <FuncUnit> <Opcode : 'add' 'sub'> <InPorts = 2> <OutPorts = 1>
ST_27 : Operation 858 [1/1] (1.43ns)   --->   "%tmp_637 = call i1 @is_digit_lessthan_ct, i64 %tempReg_1189, i64 0" [src/generic/fp_generic.cpp:355]   --->   Operation 858 'call' 'tmp_637' <Predicate = true> <Delay = 1.43> <CoreType = "Generic">   --->   Generic Core
ST_27 : Operation 859 [1/1] (1.43ns)   --->   "%tmp_638 = call i1 @is_digit_lessthan_ct, i64 %v_772, i64 %tempReg_1189" [src/generic/fp_generic.cpp:355]   --->   Operation 859 'call' 'tmp_638' <Predicate = true> <Delay = 1.43> <CoreType = "Generic">   --->   Generic Core
ST_27 : Operation 860 [1/1] (0.12ns)   --->   "%carry_1347 = or i1 %tmp_638, i1 %tmp_637" [src/generic/fp_generic.cpp:355]   --->   Operation 860 'or' 'carry_1347' <Predicate = true> <Delay = 0.12> <CoreInst = "LogicGate">   --->   Core 74 'LogicGate' <Latency = 0> <II = 1> <Delay = 0.12> <FuncUnit> <Opcode : 'and' 'or' 'xor'> <InPorts = 2> <OutPorts = 1>
ST_27 : Operation 861 [1/1] (0.00ns)   --->   "%zext_ln356_71 = zext i1 %carry_1347" [src/generic/fp_generic.cpp:356]   --->   Operation 861 'zext' 'zext_ln356_71' <Predicate = true> <Delay = 0.00>
ST_27 : Operation 862 [1/1] (1.14ns)   --->   "%v_773 = add i64 %ma_1_load_20, i64 %v_772" [src/generic/fp_generic.cpp:360]   --->   Operation 862 'add' 'v_773' <Predicate = true> <Delay = 1.14> <CoreInst = "Adder">   --->   Core 1 'Adder' <Latency = 0> <II = 1> <Delay = 1.14> <FuncUnit> <Opcode : 'add' 'sub'> <InPorts = 2> <OutPorts = 1>
ST_27 : Operation 863 [1/1] (1.43ns)   --->   "%tmp_639 = call i1 @is_digit_lessthan_ct, i64 %v_772, i64 0" [src/generic/fp_generic.cpp:360]   --->   Operation 863 'call' 'tmp_639' <Predicate = true> <Delay = 1.43> <CoreType = "Generic">   --->   Generic Core
ST_27 : Operation 864 [1/1] (1.43ns)   --->   "%tmp_640 = call i1 @is_digit_lessthan_ct, i64 %v_773, i64 %v_772" [src/generic/fp_generic.cpp:360]   --->   Operation 864 'call' 'tmp_640' <Predicate = true> <Delay = 1.43> <CoreType = "Generic">   --->   Generic Core
ST_27 : Operation 865 [1/1] (0.12ns)   --->   "%carry_1349 = or i1 %tmp_640, i1 %tmp_639" [src/generic/fp_generic.cpp:360]   --->   Operation 865 'or' 'carry_1349' <Predicate = true> <Delay = 0.12> <CoreInst = "LogicGate">   --->   Core 74 'LogicGate' <Latency = 0> <II = 1> <Delay = 0.12> <FuncUnit> <Opcode : 'and' 'or' 'xor'> <InPorts = 2> <OutPorts = 1>
ST_27 : Operation 866 [1/1] (1.14ns) (out node of the LUT)   --->   "%tempReg_1190 = add i64 %UV_624, i64 %zext_ln356_71" [src/generic/fp_generic.cpp:356]   --->   Operation 866 'add' 'tempReg_1190' <Predicate = true> <Delay = 1.14> <CoreInst = "Adder">   --->   Core 1 'Adder' <Latency = 0> <II = 1> <Delay = 1.14> <FuncUnit> <Opcode : 'add' 'sub'> <InPorts = 2> <OutPorts = 1>
ST_27 : Operation 867 [2/2] (6.71ns)   --->   "%call_ret = call i128 @digit_x_digit, i64 %v_709, i64 18127602061483550" [src/generic/fp_generic.cpp:354]   --->   Operation 867 'call' 'call_ret' <Predicate = true> <Delay = 6.71> <CoreType = "Generic">   --->   Generic Core
ST_27 : Operation 868 [1/1] ( I:0.71ns O:0.71ns )   --->   "%store_ln363 = store i64 %v_773, i2 %mc_1_addr_2" [src/generic/fp_generic.cpp:363]   --->   Operation 868 'store' 'store_ln363' <Predicate = true> <Delay = 0.71> <CoreInst = "RAM_1P">   --->   Core 87 'RAM_1P' <Latency = 1> <II = 1> <Delay = 0.71> <Storage> <Opcode : 'load' 'store'> <Ports = 1> <Width = 64> <Depth = 4> <RAM>

State 28 <SV = 27> <Delay = 6.86>
ST_28 : Operation 869 [1/1] (0.00ns)   --->   "%mc_0_addr_3 = getelementptr i64 %mc_0, i64 0, i64 3" [src/generic/fp_generic.cpp:334]   --->   Operation 869 'getelementptr' 'mc_0_addr_3' <Predicate = true> <Delay = 0.00>
ST_28 : Operation 870 [1/1] (0.00ns)   --->   "%ma_1_addr_21 = getelementptr i64 %ma_1, i64 0, i64 7" [src/generic/fp_generic.cpp:368]   --->   Operation 870 'getelementptr' 'ma_1_addr_21' <Predicate = true> <Delay = 0.00>
ST_28 : Operation 871 [1/2] ( I:0.71ns O:0.71ns )   --->   "%ma_0_load_18 = load i3 %ma_0_addr_21" [src/generic/fp_generic.cpp:360]   --->   Operation 871 'load' 'ma_0_load_18' <Predicate = true> <Delay = 0.71> <CoreInst = "RAM_1P">   --->   Core 87 'RAM_1P' <Latency = 1> <II = 1> <Delay = 0.71> <Storage> <Opcode : 'load' 'store'> <Ports = 1> <Width = 64> <Depth = 8> <RAM>
ST_28 : Operation 872 [2/2] (0.71ns)   --->   "%ma_1_load_21 = load i3 %ma_1_addr_21" [src/generic/fp_generic.cpp:368]   --->   Operation 872 'load' 'ma_1_load_21' <Predicate = true> <Delay = 0.71> <CoreInst = "RAM_1P">   --->   Core 87 'RAM_1P' <Latency = 1> <II = 1> <Delay = 0.71> <Storage> <Opcode : 'load' 'store'> <Ports = 1> <Width = 64> <Depth = 8> <RAM>
ST_28 : Operation 873 [1/1] (0.00ns)   --->   "%zext_ln357 = zext i1 %carry_1342" [src/generic/fp_generic.cpp:357]   --->   Operation 873 'zext' 'zext_ln357' <Predicate = true> <Delay = 0.00>
ST_28 : Operation 874 [1/1] (0.00ns) (grouped into TernaryAdder)   --->   "%add_ln356_579 = add i64 %tempReg_1188, i64 %zext_ln357" [src/generic/fp_generic.cpp:356]   --->   Operation 874 'add' 'add_ln356_579' <Predicate = true> <Delay = 0.00> <CoreInst = "TAddSub">   --->   Core 10 'TAddSub' <Latency = 0> <II = 1> <Delay = 0.42> <IPBlock> <Opcode : '' 'add' 'sub'> <InPorts = 3> <OutPorts = 1> <Sync> <CReg>
ST_28 : Operation 875 [1/1] (0.00ns)   --->   "%zext_ln356_180 = zext i2 %add_ln356_581" [src/generic/fp_generic.cpp:356]   --->   Operation 875 'zext' 'zext_ln356_180' <Predicate = true> <Delay = 0.00>
ST_28 : Operation 876 [1/1] (0.84ns) (root node of TernaryAdder)   --->   "%u_583 = add i64 %zext_ln356_180, i64 %add_ln356_579" [src/generic/fp_generic.cpp:356]   --->   Operation 876 'add' 'u_583' <Predicate = true> <Delay = 0.84> <CoreInst = "TAddSub">   --->   Core 10 'TAddSub' <Latency = 0> <II = 1> <Delay = 0.42> <IPBlock> <Opcode : '' 'add' 'sub'> <InPorts = 3> <OutPorts = 1> <Sync> <CReg>
ST_28 : Operation 877 [1/1] (1.43ns)   --->   "%tmp_636 = call i1 @is_digit_lessthan_ct, i64 %u_583, i64 %tempReg_1188" [src/generic/fp_generic.cpp:356]   --->   Operation 877 'call' 'tmp_636' <Predicate = true> <Delay = 1.43> <CoreType = "Generic">   --->   Generic Core
ST_28 : Operation 878 [1/1] (0.00ns) (grouped into LUT with out node add_ln368)   --->   "%carry_1346 = or i1 %tmp_636, i1 %tmp_635" [src/generic/fp_generic.cpp:356]   --->   Operation 878 'or' 'carry_1346' <Predicate = true> <Delay = 0.00> <CoreInst = "LogicGate">   --->   Core 74 'LogicGate' <Latency = 0> <II = 1> <Delay = 0.12> <FuncUnit> <Opcode : 'and' 'or' 'xor'> <InPorts = 2> <OutPorts = 1>
ST_28 : Operation 879 [1/1] (0.00ns) (grouped into LUT with out node add_ln368)   --->   "%zext_ln357_8 = zext i1 %carry_1346" [src/generic/fp_generic.cpp:357]   --->   Operation 879 'zext' 'zext_ln357_8' <Predicate = true> <Delay = 0.00>
ST_28 : Operation 880 [1/1] (0.00ns)   --->   "%zext_ln361_17 = zext i1 %carry_1349" [src/generic/fp_generic.cpp:361]   --->   Operation 880 'zext' 'zext_ln361_17' <Predicate = true> <Delay = 0.00>
ST_28 : Operation 881 [1/1] (1.14ns)   --->   "%u_584 = add i64 %tempReg_1190, i64 %u_583" [src/generic/fp_generic.cpp:356]   --->   Operation 881 'add' 'u_584' <Predicate = true> <Delay = 1.14> <CoreInst = "Adder">   --->   Core 1 'Adder' <Latency = 0> <II = 1> <Delay = 1.14> <FuncUnit> <Opcode : 'add' 'sub'> <InPorts = 2> <OutPorts = 1>
ST_28 : Operation 882 [1/1] (1.43ns)   --->   "%tmp_641 = call i1 @is_digit_lessthan_ct, i64 %tempReg_1190, i64 %zext_ln356_71" [src/generic/fp_generic.cpp:356]   --->   Operation 882 'call' 'tmp_641' <Predicate = true> <Delay = 1.43> <CoreType = "Generic">   --->   Generic Core
ST_28 : Operation 883 [1/1] (1.43ns)   --->   "%tmp_642 = call i1 @is_digit_lessthan_ct, i64 %u_584, i64 %tempReg_1190" [src/generic/fp_generic.cpp:356]   --->   Operation 883 'call' 'tmp_642' <Predicate = true> <Delay = 1.43> <CoreType = "Generic">   --->   Generic Core
ST_28 : Operation 884 [1/1] (0.00ns) (grouped into LUT with out node add_ln368_37)   --->   "%carry_1348 = or i1 %tmp_642, i1 %tmp_641" [src/generic/fp_generic.cpp:356]   --->   Operation 884 'or' 'carry_1348' <Predicate = true> <Delay = 0.00> <CoreInst = "LogicGate">   --->   Core 74 'LogicGate' <Latency = 0> <II = 1> <Delay = 0.12> <FuncUnit> <Opcode : 'and' 'or' 'xor'> <InPorts = 2> <OutPorts = 1>
ST_28 : Operation 885 [1/1] (0.00ns) (grouped into LUT with out node add_ln368_37)   --->   "%zext_ln361_39 = zext i1 %carry_1348" [src/generic/fp_generic.cpp:361]   --->   Operation 885 'zext' 'zext_ln361_39' <Predicate = true> <Delay = 0.00>
ST_28 : Operation 886 [1/1] (1.14ns)   --->   "%tempReg_1191 = add i64 %u_584, i64 %zext_ln361_17" [src/generic/fp_generic.cpp:361]   --->   Operation 886 'add' 'tempReg_1191' <Predicate = true> <Delay = 1.14> <CoreInst = "Adder">   --->   Core 1 'Adder' <Latency = 0> <II = 1> <Delay = 1.14> <FuncUnit> <Opcode : 'add' 'sub'> <InPorts = 2> <OutPorts = 1>
ST_28 : Operation 887 [1/1] (1.43ns)   --->   "%tmp_643 = call i1 @is_digit_lessthan_ct, i64 %tempReg_1191, i64 %zext_ln361_17" [src/generic/fp_generic.cpp:361]   --->   Operation 887 'call' 'tmp_643' <Predicate = true> <Delay = 1.43> <CoreType = "Generic">   --->   Generic Core
ST_28 : Operation 888 [1/1] (1.43ns)   --->   "%tmp_644 = call i1 @is_digit_lessthan_ct, i64 %tempReg_1191, i64 %tempReg_1191" [src/generic/fp_generic.cpp:361]   --->   Operation 888 'call' 'tmp_644' <Predicate = true> <Delay = 1.43> <CoreType = "Generic">   --->   Generic Core
ST_28 : Operation 889 [1/1] (0.00ns) (grouped into LUT with out node add_ln368_37)   --->   "%carry_1350 = or i1 %tmp_644, i1 %tmp_643" [src/generic/fp_generic.cpp:361]   --->   Operation 889 'or' 'carry_1350' <Predicate = true> <Delay = 0.00> <CoreInst = "LogicGate">   --->   Core 74 'LogicGate' <Latency = 0> <II = 1> <Delay = 0.12> <FuncUnit> <Opcode : 'and' 'or' 'xor'> <InPorts = 2> <OutPorts = 1>
ST_28 : Operation 890 [1/1] (0.00ns) (grouped into LUT with out node add_ln368_37)   --->   "%zext_ln354_160 = zext i1 %carry_1350" [src/generic/fp_generic.cpp:354]   --->   Operation 890 'zext' 'zext_ln354_160' <Predicate = true> <Delay = 0.00>
ST_28 : Operation 891 [1/2] (1.43ns)   --->   "%call_ret = call i128 @digit_x_digit, i64 %v_709, i64 18127602061483550" [src/generic/fp_generic.cpp:354]   --->   Operation 891 'call' 'call_ret' <Predicate = true> <Delay = 1.43> <CoreType = "Generic">   --->   Generic Core
ST_28 : Operation 892 [1/1] (0.00ns)   --->   "%tempReg_1192 = extractvalue i128 %call_ret" [src/generic/fp_generic.cpp:354]   --->   Operation 892 'extractvalue' 'tempReg_1192' <Predicate = true> <Delay = 0.00>
ST_28 : Operation 893 [1/1] (0.00ns) (grouped into LUT with out node add_ln368)   --->   "%UV_626 = extractvalue i128 %call_ret" [src/generic/fp_generic.cpp:354]   --->   Operation 893 'extractvalue' 'UV_626' <Predicate = true> <Delay = 0.00>
ST_28 : Operation 894 [1/1] (1.14ns)   --->   "%v_774 = add i64 %tempReg_1192, i64 %tempReg_1191" [src/generic/fp_generic.cpp:355]   --->   Operation 894 'add' 'v_774' <Predicate = true> <Delay = 1.14> <CoreInst = "Adder">   --->   Core 1 'Adder' <Latency = 0> <II = 1> <Delay = 1.14> <FuncUnit> <Opcode : 'add' 'sub'> <InPorts = 2> <OutPorts = 1>
ST_28 : Operation 895 [1/1] (1.43ns)   --->   "%tmp_645 = call i1 @is_digit_lessthan_ct, i64 %tempReg_1192, i64 0" [src/generic/fp_generic.cpp:355]   --->   Operation 895 'call' 'tmp_645' <Predicate = true> <Delay = 1.43> <CoreType = "Generic">   --->   Generic Core
ST_28 : Operation 896 [1/1] (1.43ns)   --->   "%tmp_646 = call i1 @is_digit_lessthan_ct, i64 %v_774, i64 %tempReg_1192" [src/generic/fp_generic.cpp:355]   --->   Operation 896 'call' 'tmp_646' <Predicate = true> <Delay = 1.43> <CoreType = "Generic">   --->   Generic Core
ST_28 : Operation 897 [1/1] (1.14ns)   --->   "%v_775 = add i64 %ma_0_load_18, i64 %v_774" [src/generic/fp_generic.cpp:360]   --->   Operation 897 'add' 'v_775' <Predicate = true> <Delay = 1.14> <CoreInst = "Adder">   --->   Core 1 'Adder' <Latency = 0> <II = 1> <Delay = 1.14> <FuncUnit> <Opcode : 'add' 'sub'> <InPorts = 2> <OutPorts = 1>
ST_28 : Operation 898 [1/1] (1.43ns)   --->   "%tmp_647 = call i1 @is_digit_lessthan_ct, i64 %v_774, i64 0" [src/generic/fp_generic.cpp:360]   --->   Operation 898 'call' 'tmp_647' <Predicate = true> <Delay = 1.43> <CoreType = "Generic">   --->   Generic Core
ST_28 : Operation 899 [1/1] (1.43ns)   --->   "%tmp_648 = call i1 @is_digit_lessthan_ct, i64 %v_775, i64 %v_774" [src/generic/fp_generic.cpp:360]   --->   Operation 899 'call' 'tmp_648' <Predicate = true> <Delay = 1.43> <CoreType = "Generic">   --->   Generic Core
ST_28 : Operation 900 [1/1] (1.14ns) (out node of the LUT)   --->   "%add_ln368 = add i64 %UV_626, i64 %zext_ln357_8" [src/generic/fp_generic.cpp:368]   --->   Operation 900 'add' 'add_ln368' <Predicate = true> <Delay = 1.14> <CoreInst = "Adder">   --->   Core 1 'Adder' <Latency = 0> <II = 1> <Delay = 1.14> <FuncUnit> <Opcode : 'add' 'sub'> <InPorts = 2> <OutPorts = 1>
ST_28 : Operation 901 [1/1] (0.43ns) (out node of the LUT)   --->   "%add_ln368_37 = add i2 %zext_ln361_39, i2 %zext_ln354_160" [src/generic/fp_generic.cpp:368]   --->   Operation 901 'add' 'add_ln368_37' <Predicate = true> <Delay = 0.43> <CoreInst = "Adder">   --->   Core 1 'Adder' <Latency = 0> <II = 1> <Delay = 0.43> <FuncUnit> <Opcode : 'add' 'sub'> <InPorts = 2> <OutPorts = 1>
ST_28 : Operation 902 [1/1] ( I:0.71ns O:0.71ns )   --->   "%store_ln363 = store i64 %v_775, i2 %mc_0_addr_3" [src/generic/fp_generic.cpp:363]   --->   Operation 902 'store' 'store_ln363' <Predicate = true> <Delay = 0.71> <CoreInst = "RAM_1P">   --->   Core 87 'RAM_1P' <Latency = 1> <II = 1> <Delay = 0.71> <Storage> <Opcode : 'load' 'store'> <Ports = 1> <Width = 64> <Depth = 4> <RAM>

State 29 <SV = 28> <Delay = 2.42>
ST_29 : Operation 903 [1/1] (0.00ns)   --->   "%specmemcore_ln0 = specmemcore void @_ssdm_op_SpecMemCore, i64 %ma_0, i64 666, i64 207, i64 18446744073709551615"   --->   Operation 903 'specmemcore' 'specmemcore_ln0' <Predicate = true> <Delay = 0.00>
ST_29 : Operation 904 [1/1] (0.00ns)   --->   "%specmemcore_ln0 = specmemcore void @_ssdm_op_SpecMemCore, i64 %ma_1, i64 666, i64 207, i64 18446744073709551615"   --->   Operation 904 'specmemcore' 'specmemcore_ln0' <Predicate = true> <Delay = 0.00>
ST_29 : Operation 905 [1/1] (0.00ns)   --->   "%specmemcore_ln0 = specmemcore void @_ssdm_op_SpecMemCore, i64 %mc_0, i64 666, i64 17, i64 18446744073709551615"   --->   Operation 905 'specmemcore' 'specmemcore_ln0' <Predicate = true> <Delay = 0.00>
ST_29 : Operation 906 [1/1] (0.00ns)   --->   "%specmemcore_ln0 = specmemcore void @_ssdm_op_SpecMemCore, i64 %mc_1, i64 666, i64 17, i64 18446744073709551615"   --->   Operation 906 'specmemcore' 'specmemcore_ln0' <Predicate = true> <Delay = 0.00>
ST_29 : Operation 907 [1/1] (0.00ns)   --->   "%mc_1_addr_3 = getelementptr i64 %mc_1, i64 0, i64 3" [src/generic/fp_generic.cpp:334]   --->   Operation 907 'getelementptr' 'mc_1_addr_3' <Predicate = true> <Delay = 0.00>
ST_29 : Operation 908 [1/2] ( I:0.71ns O:0.71ns )   --->   "%ma_1_load_21 = load i3 %ma_1_addr_21" [src/generic/fp_generic.cpp:368]   --->   Operation 908 'load' 'ma_1_load_21' <Predicate = true> <Delay = 0.71> <CoreInst = "RAM_1P">   --->   Core 87 'RAM_1P' <Latency = 1> <II = 1> <Delay = 0.71> <Storage> <Opcode : 'load' 'store'> <Ports = 1> <Width = 64> <Depth = 8> <RAM>
ST_29 : Operation 909 [1/1] (0.00ns) (grouped into LUT with out node add_ln368_38)   --->   "%carry_1351 = or i1 %tmp_646, i1 %tmp_645" [src/generic/fp_generic.cpp:355]   --->   Operation 909 'or' 'carry_1351' <Predicate = true> <Delay = 0.00> <CoreInst = "LogicGate">   --->   Core 74 'LogicGate' <Latency = 0> <II = 1> <Delay = 0.12> <FuncUnit> <Opcode : 'and' 'or' 'xor'> <InPorts = 2> <OutPorts = 1>
ST_29 : Operation 910 [1/1] (0.00ns) (grouped into LUT with out node add_ln368_38)   --->   "%zext_ln360_8 = zext i1 %carry_1351" [src/generic/fp_generic.cpp:360]   --->   Operation 910 'zext' 'zext_ln360_8' <Predicate = true> <Delay = 0.00>
ST_29 : Operation 911 [1/1] (0.00ns) (grouped into LUT with out node add_ln368_38)   --->   "%carry_1352 = or i1 %tmp_648, i1 %tmp_647" [src/generic/fp_generic.cpp:360]   --->   Operation 911 'or' 'carry_1352' <Predicate = true> <Delay = 0.00> <CoreInst = "LogicGate">   --->   Core 74 'LogicGate' <Latency = 0> <II = 1> <Delay = 0.12> <FuncUnit> <Opcode : 'and' 'or' 'xor'> <InPorts = 2> <OutPorts = 1>
ST_29 : Operation 912 [1/1] (0.00ns) (grouped into LUT with out node add_ln368_38)   --->   "%zext_ln368 = zext i1 %carry_1352" [src/generic/fp_generic.cpp:368]   --->   Operation 912 'zext' 'zext_ln368' <Predicate = true> <Delay = 0.00>
ST_29 : Operation 913 [1/1] (0.00ns) (grouped into TernaryAdder)   --->   "%add_ln368_36 = add i64 %add_ln368, i64 %ma_1_load_21" [src/generic/fp_generic.cpp:368]   --->   Operation 913 'add' 'add_ln368_36' <Predicate = true> <Delay = 0.00> <CoreInst = "TAddSub">   --->   Core 10 'TAddSub' <Latency = 0> <II = 1> <Delay = 0.42> <IPBlock> <Opcode : '' 'add' 'sub'> <InPorts = 3> <OutPorts = 1> <Sync> <CReg>
ST_29 : Operation 914 [1/1] (0.00ns)   --->   "%zext_ln368_22 = zext i2 %add_ln368_37" [src/generic/fp_generic.cpp:368]   --->   Operation 914 'zext' 'zext_ln368_22' <Predicate = true> <Delay = 0.00>
ST_29 : Operation 915 [1/1] (0.43ns) (out node of the LUT)   --->   "%add_ln368_38 = add i2 %zext_ln360_8, i2 %zext_ln368" [src/generic/fp_generic.cpp:368]   --->   Operation 915 'add' 'add_ln368_38' <Predicate = true> <Delay = 0.43> <CoreInst = "Adder">   --->   Core 1 'Adder' <Latency = 0> <II = 1> <Delay = 0.43> <FuncUnit> <Opcode : 'add' 'sub'> <InPorts = 2> <OutPorts = 1>
ST_29 : Operation 916 [1/1] (0.00ns)   --->   "%zext_ln368_23 = zext i2 %add_ln368_38" [src/generic/fp_generic.cpp:368]   --->   Operation 916 'zext' 'zext_ln368_23' <Predicate = true> <Delay = 0.00>
ST_29 : Operation 917 [1/1] (0.43ns)   --->   "%add_ln368_39 = add i3 %zext_ln368_23, i3 %zext_ln368_22" [src/generic/fp_generic.cpp:368]   --->   Operation 917 'add' 'add_ln368_39' <Predicate = true> <Delay = 0.43> <CoreInst = "Adder">   --->   Core 1 'Adder' <Latency = 0> <II = 1> <Delay = 0.43> <FuncUnit> <Opcode : 'add' 'sub'> <InPorts = 2> <OutPorts = 1>
ST_29 : Operation 918 [1/1] (0.00ns)   --->   "%zext_ln368_24 = zext i3 %add_ln368_39" [src/generic/fp_generic.cpp:368]   --->   Operation 918 'zext' 'zext_ln368_24' <Predicate = true> <Delay = 0.00>
ST_29 : Operation 919 [1/1] (0.84ns) (root node of TernaryAdder)   --->   "%v_776 = add i64 %zext_ln368_24, i64 %add_ln368_36" [src/generic/fp_generic.cpp:368]   --->   Operation 919 'add' 'v_776' <Predicate = true> <Delay = 0.84> <CoreInst = "TAddSub">   --->   Core 10 'TAddSub' <Latency = 0> <II = 1> <Delay = 0.42> <IPBlock> <Opcode : '' 'add' 'sub'> <InPorts = 3> <OutPorts = 1> <Sync> <CReg>
ST_29 : Operation 920 [1/1] ( I:0.71ns O:0.71ns )   --->   "%store_ln369 = store i64 %v_776, i2 %mc_1_addr_3" [src/generic/fp_generic.cpp:369]   --->   Operation 920 'store' 'store_ln369' <Predicate = true> <Delay = 0.71> <CoreInst = "RAM_1P">   --->   Core 87 'RAM_1P' <Latency = 1> <II = 1> <Delay = 0.71> <Storage> <Opcode : 'load' 'store'> <Ports = 1> <Width = 64> <Depth = 4> <RAM>
ST_29 : Operation 921 [1/1] (0.00ns)   --->   "%ret_ln370 = ret" [src/generic/fp_generic.cpp:370]   --->   Operation 921 'ret' 'ret_ln370' <Predicate = true> <Delay = 0.00>


============================================================
+ Verbose Summary: Timing violations
============================================================
Target clock period: 10.000ns, clock uncertainty: 2.700ns.

 <State 1>: 0.714ns
The critical path consists of the following:
	'getelementptr' operation 3 bit ('ma_0_addr') [11]  (0.000 ns)
	'load' operation 64 bit ('v', src/generic/fp_generic.cpp:331) on array 'ma_0' [12]  (0.714 ns)

 <State 2>: 0.714ns
The critical path consists of the following:
	'load' operation 64 bit ('v', src/generic/fp_generic.cpp:331) on array 'ma_0' [12]  (0.714 ns)

 <State 3>: 6.710ns
The critical path consists of the following:
	'call' operation 128 bit ('call_ret123', src/generic/fp_generic.cpp:325) to 'digit_x_digit' [17]  (6.710 ns)

 <State 4>: 6.724ns
The critical path consists of the following:
	'call' operation 128 bit ('call_ret123', src/generic/fp_generic.cpp:325) to 'digit_x_digit' [17]  (1.436 ns)
	'add' operation 64 bit ('v', src/generic/fp_generic.cpp:326) [20]  (1.147 ns)
	'call' operation 1 bit ('tmp_434', src/generic/fp_generic.cpp:326) to 'is_digit_lessthan_ct' [22]  (1.436 ns)
	'or' operation 1 bit ('carry', src/generic/fp_generic.cpp:326) [23]  (0.122 ns)
	'add' operation 64 bit ('tempReg', src/generic/fp_generic.cpp:327) [25]  (1.147 ns)
	'call' operation 1 bit ('tmp_435', src/generic/fp_generic.cpp:327) to 'is_digit_lessthan_ct' [27]  (1.436 ns)

 <State 5>: 6.702ns
The critical path consists of the following:
	'add' operation 64 bit ('tempReg', src/generic/fp_generic.cpp:332) [38]  (1.147 ns)
	'add' operation 64 bit ('v', src/generic/fp_generic.cpp:331) [46]  (1.147 ns)
	'call' operation 1 bit ('tmp_442', src/generic/fp_generic.cpp:331) to 'is_digit_lessthan_ct' [48]  (1.436 ns)
	'or' operation 1 bit ('carry', src/generic/fp_generic.cpp:331) [49]  (0.122 ns)
	'add' operation 2 bit ('add_ln332', src/generic/fp_generic.cpp:332) [52]  (0.000 ns)
	'add' operation 2 bit ('tempReg', src/generic/fp_generic.cpp:332) [53]  (0.145 ns)
	'add' operation 64 bit ('v', src/generic/fp_generic.cpp:326) [63]  (1.147 ns)
	'call' operation 1 bit ('tmp_446', src/generic/fp_generic.cpp:326) to 'is_digit_lessthan_ct' [65]  (1.436 ns)
	'or' operation 1 bit ('carry', src/generic/fp_generic.cpp:326) [66]  (0.122 ns)

 <State 6>: 7.271ns
The critical path consists of the following:
	'load' operation 64 bit ('ma_1_load_15', src/generic/fp_generic.cpp:331) on array 'ma_1' [75]  (0.714 ns)
	'add' operation 64 bit ('v', src/generic/fp_generic.cpp:331) [76]  (1.147 ns)
	'call' operation 1 bit ('tmp_450', src/generic/fp_generic.cpp:331) to 'is_digit_lessthan_ct' [78]  (1.436 ns)
	'or' operation 1 bit ('carry', src/generic/fp_generic.cpp:331) [79]  (0.122 ns)
	'add' operation 64 bit ('tempReg', src/generic/fp_generic.cpp:332) [81]  (1.147 ns)
	'add' operation 64 bit ('v', src/generic/fp_generic.cpp:326) [90]  (1.147 ns)
	'call' operation 1 bit ('tmp_454', src/generic/fp_generic.cpp:326) to 'is_digit_lessthan_ct' [92]  (1.436 ns)
	'or' operation 1 bit ('carry', src/generic/fp_generic.cpp:326) [93]  (0.122 ns)

 <State 7>: 6.724ns
The critical path consists of the following:
	'call' operation 128 bit ('call_ret132', src/generic/fp_generic.cpp:325) to 'digit_x_digit' [103]  (1.436 ns)
	'add' operation 64 bit ('v', src/generic/fp_generic.cpp:326) [106]  (1.147 ns)
	'call' operation 1 bit ('tmp_458', src/generic/fp_generic.cpp:326) to 'is_digit_lessthan_ct' [108]  (1.436 ns)
	'or' operation 1 bit ('carry', src/generic/fp_generic.cpp:326) [109]  (0.122 ns)
	'add' operation 64 bit ('tempReg', src/generic/fp_generic.cpp:327) [111]  (1.147 ns)
	'call' operation 1 bit ('tmp_459', src/generic/fp_generic.cpp:327) to 'is_digit_lessthan_ct' [113]  (1.436 ns)

 <State 8>: 7.293ns
The critical path consists of the following:
	'add' operation 64 bit ('tempReg', src/generic/fp_generic.cpp:332) [124]  (1.147 ns)
	'add' operation 64 bit ('v', src/generic/fp_generic.cpp:326) [133]  (1.147 ns)
	'add' operation 64 bit ('v', src/generic/fp_generic.cpp:326) [150]  (1.147 ns)
	'call' operation 1 bit ('tmp_470', src/generic/fp_generic.cpp:326) to 'is_digit_lessthan_ct' [152]  (1.436 ns)
	'or' operation 1 bit ('carry', src/generic/fp_generic.cpp:326) [153]  (0.122 ns)
	'add' operation 64 bit ('tempReg', src/generic/fp_generic.cpp:327) [155]  (1.147 ns)
	'add' operation 64 bit ('u', src/generic/fp_generic.cpp:327) [156]  (1.147 ns)

 <State 9>: 7.293ns
The critical path consists of the following:
	'add' operation 64 bit ('u', src/generic/fp_generic.cpp:327) [170]  (1.147 ns)
	'add' operation 64 bit ('tempReg', src/generic/fp_generic.cpp:332) [182]  (1.147 ns)
	'add' operation 64 bit ('v', src/generic/fp_generic.cpp:326) [191]  (1.147 ns)
	'add' operation 64 bit ('v', src/generic/fp_generic.cpp:326) [209]  (1.147 ns)
	'call' operation 1 bit ('tmp_486', src/generic/fp_generic.cpp:326) to 'is_digit_lessthan_ct' [211]  (1.436 ns)
	'or' operation 1 bit ('carry', src/generic/fp_generic.cpp:326) [212]  (0.122 ns)
	'add' operation 64 bit ('tempReg', src/generic/fp_generic.cpp:327) [214]  (1.147 ns)

 <State 10>: 6.724ns
The critical path consists of the following:
	'call' operation 128 bit ('call_ret150', src/generic/fp_generic.cpp:325) to 'digit_x_digit' [220]  (1.436 ns)
	'add' operation 64 bit ('v', src/generic/fp_generic.cpp:326) [223]  (1.147 ns)
	'call' operation 1 bit ('tmp_490', src/generic/fp_generic.cpp:326) to 'is_digit_lessthan_ct' [225]  (1.436 ns)
	'or' operation 1 bit ('carry', src/generic/fp_generic.cpp:326) [226]  (0.122 ns)
	'add' operation 64 bit ('tempReg', src/generic/fp_generic.cpp:327) [228]  (1.147 ns)
	'call' operation 1 bit ('tmp_491', src/generic/fp_generic.cpp:327) to 'is_digit_lessthan_ct' [230]  (1.436 ns)

 <State 11>: 7.293ns
The critical path consists of the following:
	'add' operation 64 bit ('u', src/generic/fp_generic.cpp:327) [243]  (1.147 ns)
	'add' operation 64 bit ('tempReg', src/generic/fp_generic.cpp:332) [255]  (1.147 ns)
	'add' operation 64 bit ('v', src/generic/fp_generic.cpp:326) [264]  (1.147 ns)
	'add' operation 64 bit ('v', src/generic/fp_generic.cpp:326) [284]  (1.147 ns)
	'call' operation 1 bit ('tmp_506', src/generic/fp_generic.cpp:326) to 'is_digit_lessthan_ct' [286]  (1.436 ns)
	'or' operation 1 bit ('carry', src/generic/fp_generic.cpp:326) [287]  (0.122 ns)
	'add' operation 64 bit ('tempReg', src/generic/fp_generic.cpp:327) [289]  (1.147 ns)

 <State 12>: 6.724ns
The critical path consists of the following:
	'call' operation 128 bit ('call_ret162', src/generic/fp_generic.cpp:325) to 'digit_x_digit' [295]  (1.436 ns)
	'add' operation 64 bit ('v', src/generic/fp_generic.cpp:326) [298]  (1.147 ns)
	'call' operation 1 bit ('tmp_510', src/generic/fp_generic.cpp:326) to 'is_digit_lessthan_ct' [300]  (1.436 ns)
	'or' operation 1 bit ('carry', src/generic/fp_generic.cpp:326) [301]  (0.122 ns)
	'add' operation 64 bit ('tempReg', src/generic/fp_generic.cpp:327) [303]  (1.147 ns)
	'call' operation 1 bit ('tmp_511', src/generic/fp_generic.cpp:327) to 'is_digit_lessthan_ct' [305]  (1.436 ns)

 <State 13>: 6.724ns
The critical path consists of the following:
	'call' operation 128 bit ('call_ret168', src/generic/fp_generic.cpp:325) to 'digit_x_digit' [323]  (1.436 ns)
	'add' operation 64 bit ('v', src/generic/fp_generic.cpp:326) [326]  (1.147 ns)
	'call' operation 1 bit ('tmp_518', src/generic/fp_generic.cpp:326) to 'is_digit_lessthan_ct' [328]  (1.436 ns)
	'or' operation 1 bit ('carry', src/generic/fp_generic.cpp:326) [329]  (0.122 ns)
	'add' operation 64 bit ('tempReg', src/generic/fp_generic.cpp:327) [331]  (1.147 ns)
	'call' operation 1 bit ('tmp_519', src/generic/fp_generic.cpp:327) to 'is_digit_lessthan_ct' [333]  (1.436 ns)

 <State 14>: 6.724ns
The critical path consists of the following:
	'call' operation 128 bit ('call_ret171', src/generic/fp_generic.cpp:354) to 'digit_x_digit' [350]  (1.436 ns)
	'add' operation 64 bit ('v', src/generic/fp_generic.cpp:355) [353]  (1.147 ns)
	'call' operation 1 bit ('tmp_526', src/generic/fp_generic.cpp:355) to 'is_digit_lessthan_ct' [355]  (1.436 ns)
	'or' operation 1 bit ('carry', src/generic/fp_generic.cpp:355) [356]  (0.122 ns)
	'add' operation 64 bit ('tempReg', src/generic/fp_generic.cpp:356) [358]  (1.147 ns)
	'call' operation 1 bit ('tmp_527', src/generic/fp_generic.cpp:356) to 'is_digit_lessthan_ct' [369]  (1.436 ns)

 <State 15>: 6.724ns
The critical path consists of the following:
	'call' operation 128 bit ('call_ret177', src/generic/fp_generic.cpp:354) to 'digit_x_digit' [387]  (1.436 ns)
	'add' operation 64 bit ('v', src/generic/fp_generic.cpp:355) [390]  (1.147 ns)
	'call' operation 1 bit ('tmp_534', src/generic/fp_generic.cpp:355) to 'is_digit_lessthan_ct' [392]  (1.436 ns)
	'or' operation 1 bit ('carry', src/generic/fp_generic.cpp:355) [393]  (0.122 ns)
	'add' operation 64 bit ('tempReg', src/generic/fp_generic.cpp:356) [395]  (1.147 ns)
	'call' operation 1 bit ('tmp_535', src/generic/fp_generic.cpp:356) to 'is_digit_lessthan_ct' [397]  (1.436 ns)

 <State 16>: 6.724ns
The critical path consists of the following:
	'call' operation 128 bit ('call_ret183', src/generic/fp_generic.cpp:354) to 'digit_x_digit' [415]  (1.436 ns)
	'add' operation 64 bit ('v', src/generic/fp_generic.cpp:355) [418]  (1.147 ns)
	'call' operation 1 bit ('tmp_542', src/generic/fp_generic.cpp:355) to 'is_digit_lessthan_ct' [420]  (1.436 ns)
	'or' operation 1 bit ('carry', src/generic/fp_generic.cpp:355) [421]  (0.122 ns)
	'add' operation 64 bit ('tempReg', src/generic/fp_generic.cpp:356) [423]  (1.147 ns)
	'call' operation 1 bit ('tmp_543', src/generic/fp_generic.cpp:356) to 'is_digit_lessthan_ct' [425]  (1.436 ns)

 <State 17>: 6.724ns
The critical path consists of the following:
	'call' operation 128 bit ('call_ret186', src/generic/fp_generic.cpp:354) to 'digit_x_digit' [441]  (1.436 ns)
	'add' operation 64 bit ('v_750', src/generic/fp_generic.cpp:355) [459]  (1.147 ns)
	'call' operation 1 bit ('tmp_550', src/generic/fp_generic.cpp:355) to 'is_digit_lessthan_ct' [461]  (1.436 ns)
	'or' operation 1 bit ('carry_1303', src/generic/fp_generic.cpp:355) [462]  (0.122 ns)
	'add' operation 64 bit ('tempReg_1150', src/generic/fp_generic.cpp:356) [464]  (1.147 ns)
	'call' operation 1 bit ('tmp_551', src/generic/fp_generic.cpp:356) to 'is_digit_lessthan_ct' [475]  (1.436 ns)

 <State 18>: 6.724ns
The critical path consists of the following:
	'call' operation 128 bit ('call_ret192', src/generic/fp_generic.cpp:354) to 'digit_x_digit' [493]  (1.436 ns)
	'add' operation 64 bit ('v_752', src/generic/fp_generic.cpp:355) [496]  (1.147 ns)
	'call' operation 1 bit ('tmp_558', src/generic/fp_generic.cpp:355) to 'is_digit_lessthan_ct' [498]  (1.436 ns)
	'or' operation 1 bit ('carry_1307', src/generic/fp_generic.cpp:355) [499]  (0.122 ns)
	'add' operation 64 bit ('tempReg_1154', src/generic/fp_generic.cpp:356) [501]  (1.147 ns)
	'call' operation 1 bit ('tmp_559', src/generic/fp_generic.cpp:356) to 'is_digit_lessthan_ct' [503]  (1.436 ns)

 <State 19>: 6.724ns
The critical path consists of the following:
	'call' operation 128 bit ('call_ret198', src/generic/fp_generic.cpp:354) to 'digit_x_digit' [521]  (1.436 ns)
	'add' operation 64 bit ('v_754', src/generic/fp_generic.cpp:355) [524]  (1.147 ns)
	'call' operation 1 bit ('tmp_566', src/generic/fp_generic.cpp:355) to 'is_digit_lessthan_ct' [526]  (1.436 ns)
	'or' operation 1 bit ('carry_1311', src/generic/fp_generic.cpp:355) [527]  (0.122 ns)
	'add' operation 64 bit ('tempReg_1158', src/generic/fp_generic.cpp:356) [534]  (1.147 ns)
	'call' operation 1 bit ('tmp_569', src/generic/fp_generic.cpp:356) to 'is_digit_lessthan_ct' [536]  (1.436 ns)

 <State 20>: 6.724ns
The critical path consists of the following:
	'call' operation 128 bit ('call_ret201', src/generic/fp_generic.cpp:354) to 'digit_x_digit' [545]  (1.436 ns)
	'add' operation 64 bit ('v_756', src/generic/fp_generic.cpp:355) [549]  (1.147 ns)
	'call' operation 1 bit ('tmp_574', src/generic/fp_generic.cpp:355) to 'is_digit_lessthan_ct' [551]  (1.436 ns)
	'or' operation 1 bit ('carry_1315', src/generic/fp_generic.cpp:355) [552]  (0.122 ns)
	'add' operation 64 bit ('tempReg_1161', src/generic/fp_generic.cpp:356) [554]  (1.147 ns)
	'call' operation 1 bit ('tmp_575', src/generic/fp_generic.cpp:356) to 'is_digit_lessthan_ct' [565]  (1.436 ns)

 <State 21>: 6.724ns
The critical path consists of the following:
	'call' operation 128 bit ('call_ret207', src/generic/fp_generic.cpp:354) to 'digit_x_digit' [583]  (1.436 ns)
	'add' operation 64 bit ('v_758', src/generic/fp_generic.cpp:355) [586]  (1.147 ns)
	'call' operation 1 bit ('tmp_582', src/generic/fp_generic.cpp:355) to 'is_digit_lessthan_ct' [588]  (1.436 ns)
	'or' operation 1 bit ('carry_1319', src/generic/fp_generic.cpp:355) [589]  (0.122 ns)
	'add' operation 64 bit ('tempReg_1165', src/generic/fp_generic.cpp:356) [591]  (1.147 ns)
	'call' operation 1 bit ('tmp_583', src/generic/fp_generic.cpp:356) to 'is_digit_lessthan_ct' [593]  (1.436 ns)

 <State 22>: 6.724ns
The critical path consists of the following:
	'call' operation 128 bit ('call_ret213', src/generic/fp_generic.cpp:354) to 'digit_x_digit' [611]  (1.436 ns)
	'add' operation 64 bit ('v_760', src/generic/fp_generic.cpp:355) [614]  (1.147 ns)
	'call' operation 1 bit ('tmp_590', src/generic/fp_generic.cpp:355) to 'is_digit_lessthan_ct' [616]  (1.436 ns)
	'or' operation 1 bit ('carry_1323', src/generic/fp_generic.cpp:355) [617]  (0.122 ns)
	'add' operation 64 bit ('tempReg_1169', src/generic/fp_generic.cpp:356) [624]  (1.147 ns)
	'call' operation 1 bit ('tmp_593', src/generic/fp_generic.cpp:356) to 'is_digit_lessthan_ct' [626]  (1.436 ns)

 <State 23>: 6.724ns
The critical path consists of the following:
	'call' operation 128 bit ('call_ret216', src/generic/fp_generic.cpp:354) to 'digit_x_digit' [635]  (1.436 ns)
	'add' operation 64 bit ('v_762', src/generic/fp_generic.cpp:355) [639]  (1.147 ns)
	'call' operation 1 bit ('tmp_598', src/generic/fp_generic.cpp:355) to 'is_digit_lessthan_ct' [641]  (1.436 ns)
	'or' operation 1 bit ('carry_1327', src/generic/fp_generic.cpp:355) [642]  (0.122 ns)
	'add' operation 64 bit ('tempReg_1172', src/generic/fp_generic.cpp:356) [644]  (1.147 ns)
	'call' operation 1 bit ('tmp_599', src/generic/fp_generic.cpp:356) to 'is_digit_lessthan_ct' [655]  (1.436 ns)

 <State 24>: 6.724ns
The critical path consists of the following:
	'call' operation 128 bit ('call_ret219', src/generic/fp_generic.cpp:354) to 'digit_x_digit' [673]  (1.436 ns)
	'add' operation 64 bit ('v_764', src/generic/fp_generic.cpp:355) [676]  (1.147 ns)
	'call' operation 1 bit ('tmp_606', src/generic/fp_generic.cpp:355) to 'is_digit_lessthan_ct' [678]  (1.436 ns)
	'or' operation 1 bit ('carry_1331', src/generic/fp_generic.cpp:355) [679]  (0.122 ns)
	'add' operation 64 bit ('tempReg_1176', src/generic/fp_generic.cpp:356) [681]  (1.147 ns)
	'call' operation 1 bit ('tmp_607', src/generic/fp_generic.cpp:356) to 'is_digit_lessthan_ct' [683]  (1.436 ns)

 <State 25>: 7.293ns
The critical path consists of the following:
	'add' operation 64 bit ('u_579', src/generic/fp_generic.cpp:356) [701]  (1.147 ns)
	'add' operation 64 bit ('tempReg_1179', src/generic/fp_generic.cpp:361) [706]  (1.147 ns)
	'add' operation 64 bit ('v_767', src/generic/fp_generic.cpp:355) [715]  (1.147 ns)
	'add' operation 64 bit ('v_768', src/generic/fp_generic.cpp:355) [735]  (1.147 ns)
	'call' operation 1 bit ('tmp_622', src/generic/fp_generic.cpp:355) to 'is_digit_lessthan_ct' [737]  (1.436 ns)
	'or' operation 1 bit ('carry_1339', src/generic/fp_generic.cpp:355) [738]  (0.122 ns)
	'add' operation 64 bit ('tempReg_1183', src/generic/fp_generic.cpp:356) [740]  (1.147 ns)

 <State 26>: 6.724ns
The critical path consists of the following:
	'call' operation 128 bit ('call_ret223', src/generic/fp_generic.cpp:354) to 'digit_x_digit' [746]  (1.436 ns)
	'add' operation 64 bit ('v_769', src/generic/fp_generic.cpp:355) [749]  (1.147 ns)
	'call' operation 1 bit ('tmp_626', src/generic/fp_generic.cpp:355) to 'is_digit_lessthan_ct' [751]  (1.436 ns)
	'or' operation 1 bit ('carry_1341', src/generic/fp_generic.cpp:355) [752]  (0.122 ns)
	'add' operation 64 bit ('tempReg_1185', src/generic/fp_generic.cpp:356) [759]  (1.147 ns)
	'call' operation 1 bit ('tmp_629', src/generic/fp_generic.cpp:356) to 'is_digit_lessthan_ct' [761]  (1.436 ns)

 <State 27>: 6.724ns
The critical path consists of the following:
	'call' operation 128 bit ('call_ret224', src/generic/fp_generic.cpp:354) to 'digit_x_digit' [770]  (1.436 ns)
	'add' operation 64 bit ('v_771', src/generic/fp_generic.cpp:355) [774]  (1.147 ns)
	'call' operation 1 bit ('tmp_634', src/generic/fp_generic.cpp:355) to 'is_digit_lessthan_ct' [776]  (1.436 ns)
	'or' operation 1 bit ('carry_1345', src/generic/fp_generic.cpp:355) [777]  (0.122 ns)
	'add' operation 64 bit ('tempReg_1188', src/generic/fp_generic.cpp:356) [779]  (1.147 ns)
	'call' operation 1 bit ('tmp_635', src/generic/fp_generic.cpp:356) to 'is_digit_lessthan_ct' [785]  (1.436 ns)

 <State 28>: 6.867ns
The critical path consists of the following:
	'add' operation 64 bit ('add_ln356_579', src/generic/fp_generic.cpp:356) [780]  (0.000 ns)
	'add' operation 64 bit ('u_583', src/generic/fp_generic.cpp:356) [784]  (0.843 ns)
	'add' operation 64 bit ('u_584', src/generic/fp_generic.cpp:356) [803]  (1.147 ns)
	'add' operation 64 bit ('tempReg_1191', src/generic/fp_generic.cpp:361) [808]  (1.147 ns)
	'add' operation 64 bit ('v_774', src/generic/fp_generic.cpp:355) [816]  (1.147 ns)
	'add' operation 64 bit ('v_775', src/generic/fp_generic.cpp:360) [821]  (1.147 ns)
	'call' operation 1 bit ('tmp_648', src/generic/fp_generic.cpp:360) to 'is_digit_lessthan_ct' [823]  (1.436 ns)

 <State 29>: 2.429ns
The critical path consists of the following:
	'or' operation 1 bit ('carry_1351', src/generic/fp_generic.cpp:355) [819]  (0.000 ns)
	'add' operation 2 bit ('add_ln368_38', src/generic/fp_generic.cpp:368) [830]  (0.436 ns)
	'add' operation 3 bit ('add_ln368_39', src/generic/fp_generic.cpp:368) [832]  (0.436 ns)
	'add' operation 64 bit ('v_776', src/generic/fp_generic.cpp:368) [834]  (0.843 ns)
	'store' operation 0 bit ('store_ln369', src/generic/fp_generic.cpp:369) of variable 'v_776', src/generic/fp_generic.cpp:368 on array 'mc_1' [837]  (0.714 ns)


============================================================
+ Verbose Summary: Binding
============================================================
N/A
* FSMD analyzer results:
  - Output states:
 - Input state : 
  - Chain level:
	State 1
	State 2
	State 3
	State 4
	State 5
	State 6
	State 7
	State 8
	State 9
	State 10
	State 11
	State 12
	State 13
	State 14
	State 15
	State 16
	State 17
	State 18
	State 19
	State 20
	State 21
	State 22
	State 23
	State 24
	State 25
	State 26
	State 27
	State 28
	State 29


============================================================
+ Verbose Summary: Datapath Resource usage 
============================================================
N/A
