

================================================================
== Vitis HLS Report for 'sikep503_kem_enc_hw'
================================================================
* Date:           Thu Sep 10 18:17:08 2026

* Version:        2024.2.2 (Build 6049644 on Mar  5 2025)
* Project:        sikep503_hls_montcsa
* Solution:       solution1 (Vivado IP Flow Target)
* Product family: virtexuplus58g
* Target device:  xcvu29p-fsga2577-2L-e


================================================================
== Performance Estimates
================================================================
+ Timing: 
    * Summary: 
    +--------+----------+----------+------------+
    |  Clock |  Target  | Estimated| Uncertainty|
    +--------+----------+----------+------------+
    |ap_clk  |  10.00 ns|  7.300 ns|     2.70 ns|
    +--------+----------+----------+------------+

+ Latency: 
    * Summary: 
    +-----------+-------------+-----------+-------------+-----------+-------------+---------+
    |     Latency (cycles)    |    Latency (absolute)   |         Interval        | Pipeline|
    |    min    |     max     |    min    |     max     |    min    |     max     |   Type  |
    +-----------+-------------+-----------+-------------+-----------+-------------+---------+
    |  428568046|  51386994742|  4.286 sec|  513.870 sec|  428568047|  51386994743|       no|
    +-----------+-------------+-----------+-------------+-----------+-------------+---------+

    + Detail: 
        * Instance: 
        +---------------------------------------------------------+----------------------------------------------+-----------+-------------+-----------+-------------+-----------+-------------+------------------------------------------------+
        |                                                         |                                              |     Latency (cycles)    |    Latency (absolute)   |         Interval        |                    Pipeline                    |
        |                         Instance                        |                    Module                    |    min    |     max     |    min    |     max     |    min    |     max     |                      Type                      |
        +---------------------------------------------------------+----------------------------------------------+-----------+-------------+-----------+-------------+-----------+-------------+------------------------------------------------+
        |grp_sikep503_kem_enc_hw_Pipeline_1_fu_211                |sikep503_kem_enc_hw_Pipeline_1                |        428|          428|   4.280 us|     4.280 us|        427|          427|  loop auto-rewind stp (delay=0 clock cycles(s))|
        |grp_sikep503_kem_enc_hw_Pipeline_VITIS_LOOP_26_1_fu_223  |sikep503_kem_enc_hw_Pipeline_VITIS_LOOP_26_1  |         26|           26|   0.260 us|     0.260 us|         25|           25|  loop auto-rewind stp (delay=0 clock cycles(s))|
        |grp_sikep503_kem_enc_hw_Pipeline_3_fu_233                |sikep503_kem_enc_hw_Pipeline_3                |        381|          381|   3.810 us|     3.810 us|        379|          379|  loop auto-rewind stp (delay=0 clock cycles(s))|
        |grp_cshake256_simple_fu_244                              |cshake256_simple                              |        321|          321|   3.210 us|     3.210 us|        321|          321|                                              no|
        |grp_EphemeralKeyGeneration_A_1_fu_255                    |EphemeralKeyGeneration_A_1                    |  215305841|  25694519189|  2.153 sec|  256.945 sec|  215305841|  25694519189|                                              no|
        |grp_EphemeralSecretAgreement_A_1_fu_285                  |EphemeralSecretAgreement_A_1                  |  213260014|  25692473362|  2.133 sec|  256.925 sec|  213260014|  25692473362|                                              no|
        |grp_cshake256_simple_34_fu_307                           |cshake256_simple_34                           |        185|          185|   1.850 us|     1.850 us|        185|          185|                                              no|
        |grp_sikep503_kem_enc_hw_Pipeline_VITIS_LOOP_98_1_fu_318  |sikep503_kem_enc_hw_Pipeline_VITIS_LOOP_98_1  |         27|           27|   0.270 us|     0.270 us|         25|           25|  loop auto-rewind stp (delay=0 clock cycles(s))|
        |grp_sikep503_kem_enc_hw_Pipeline_5_fu_330                |sikep503_kem_enc_hw_Pipeline_5                |        405|          405|   4.050 us|     4.050 us|        403|          403|  loop auto-rewind stp (delay=0 clock cycles(s))|
        |grp_cshake256_simple_35_fu_341                           |cshake256_simple_35                           |        376|          376|   3.760 us|     3.760 us|        376|          376|                                              no|
        +---------------------------------------------------------+----------------------------------------------+-----------+-------------+-----------+-------------+-----------+-------------+------------------------------------------------+

        * Loop: 
        N/A



================================================================
== Utilization Estimates
================================================================
* Summary: 
+---------------------+---------+-------+---------+----------+------+
|         Name        | BRAM_18K|  DSP  |    FF   |    LUT   | URAM |
+---------------------+---------+-------+---------+----------+------+
|DSP                  |        -|      -|        -|         -|     -|
|Expression           |        -|      -|        0|        73|     -|
|FIFO                 |        -|      -|        -|         -|     -|
|Instance             |      454|  48798|  3612708|  15893146|     0|
|Memory               |        0|      -|       88|       139|     0|
|Multiplexer          |        -|      -|        0|      1505|     -|
|Register             |        -|      -|      309|         -|     -|
+---------------------+---------+-------+---------+----------+------+
|Total                |      454|  48798|  3613105|  15894863|     0|
+---------------------+---------+-------+---------+----------+------+
|Available SLR        |     1344|   3072|   864000|    432000|   320|
+---------------------+---------+-------+---------+----------+------+
|Utilization SLR (%)  |       33|   1588|      418|      3679|     0|
+---------------------+---------+-------+---------+----------+------+
|Available            |     5376|  12288|  3456000|   1728000|  1280|
+---------------------+---------+-------+---------+----------+------+
|Utilization (%)      |        8|    397|      104|       919|     0|
+---------------------+---------+-------+---------+----------+------+

+ Detail: 
    * Instance: 
    +---------------------------------------------------------+----------------------------------------------+---------+-------+---------+---------+-----+
    |                         Instance                        |                    Module                    | BRAM_18K|  DSP  |    FF   |   LUT   | URAM|
    +---------------------------------------------------------+----------------------------------------------+---------+-------+---------+---------+-----+
    |grp_EphemeralKeyGeneration_A_1_fu_255                    |EphemeralKeyGeneration_A_1                    |      256|  24689|  1837850|  8041983|    0|
    |grp_EphemeralSecretAgreement_A_1_fu_285                  |EphemeralSecretAgreement_A_1                  |      196|  24109|  1763229|  7793611|    0|
    |control_r_s_axi_U                                        |control_r_s_axi                               |        0|      0|       36|       40|    0|
    |control_s_axi_U                                          |control_s_axi                                 |        0|      0|      240|      424|    0|
    |grp_cshake256_simple_fu_244                              |cshake256_simple                              |        0|      0|     3509|    18585|    0|
    |grp_cshake256_simple_34_fu_307                           |cshake256_simple_34                           |        0|      0|     3466|    18102|    0|
    |grp_cshake256_simple_35_fu_341                           |cshake256_simple_35                           |        0|      0|     3521|    18819|    0|
    |gmem_m_axi_U                                             |gmem_m_axi                                    |        2|      0|      681|      810|    0|
    |grp_sikep503_kem_enc_hw_Pipeline_1_fu_211                |sikep503_kem_enc_hw_Pipeline_1                |        0|      0|       11|       59|    0|
    |grp_sikep503_kem_enc_hw_Pipeline_3_fu_233                |sikep503_kem_enc_hw_Pipeline_3                |        0|      0|       41|       95|    0|
    |grp_sikep503_kem_enc_hw_Pipeline_5_fu_330                |sikep503_kem_enc_hw_Pipeline_5                |        0|      0|       41|       95|    0|
    |grp_sikep503_kem_enc_hw_Pipeline_VITIS_LOOP_26_1_fu_223  |sikep503_kem_enc_hw_Pipeline_VITIS_LOOP_26_1  |        0|      0|       63|      422|    0|
    |grp_sikep503_kem_enc_hw_Pipeline_VITIS_LOOP_98_1_fu_318  |sikep503_kem_enc_hw_Pipeline_VITIS_LOOP_98_1  |        0|      0|       20|      101|    0|
    +---------------------------------------------------------+----------------------------------------------+---------+-------+---------+---------+-----+
    |Total                                                    |                                              |      454|  48798|  3612708| 15893146|    0|
    +---------------------------------------------------------+----------------------------------------------+---------+-------+---------+---------+-----+

    * DSP: 
    N/A

    * Memory: 
    +-----------------+-----------------------------+---------+---+----+-----+------+-----+------+-------------+
    |      Memory     |            Module           | BRAM_18K| FF| LUT| URAM| Words| Bits| Banks| W*Bits*Banks|
    +-----------------+-----------------------------+---------+---+----+-----+------+-----+------+-------------+
    |ephemeralsk_i_U  |ephemeralsk_i_RAM_AUTO_1R1W  |        0|  8|   9|    0|    32|    8|     1|          256|
    |jinvariant_U     |ephemeralsk_i_RAM_AUTO_1R1W  |        0|  8|   9|    0|    32|    8|     1|          256|
    |jinvariant_1_U   |ephemeralsk_i_RAM_AUTO_1R1W  |        0|  8|   9|    0|    32|    8|     1|          256|
    |jinvariant_2_U   |ephemeralsk_i_RAM_AUTO_1R1W  |        0|  8|   9|    0|    32|    8|     1|          256|
    |jinvariant_3_U   |ephemeralsk_i_RAM_AUTO_1R1W  |        0|  8|   9|    0|    32|    8|     1|          256|
    |h_U              |h_RAM_AUTO_1R1W              |        0|  8|   9|    0|    24|    8|     1|          192|
    |strat_Alice_1_U  |strat_Alice_1_ROM_AUTO_1R    |        0|  8|  17|    0|   124|    6|     1|          744|
    |temp_U           |temp_RAM_AUTO_1R1W           |        0|  8|  17|    0|   107|    8|     1|          856|
    |temp_1_U         |temp_RAM_AUTO_1R1W           |        0|  8|  17|    0|   107|    8|     1|          856|
    |temp_2_U         |temp_RAM_AUTO_1R1W           |        0|  8|  17|    0|   107|    8|     1|          856|
    |temp_3_U         |temp_RAM_AUTO_1R1W           |        0|  8|  17|    0|   107|    8|     1|          856|
    +-----------------+-----------------------------+---------+---+----+-----+------+-----+------+-------------+
    |Total            |                             |        0| 88| 139|    0|   736|   86|    11|         5640|
    +-----------------+-----------------------------+---------+---+----+-----+------+-----+------+-------------+

    * FIFO: 
    N/A

    * Expression: 
    +--------------------+----------+----+---+----+------------+------------+
    |    Variable Name   | Operation| DSP| FF| LUT| Bitwidth P0| Bitwidth P1|
    +--------------------+----------+----+---+----+------------+------------+
    |add_ln98_fu_369_p2  |         +|   0|  0|  71|          64|           9|
    |ephemeralsk_i_we0   |        or|   0|  0|   2|           1|           1|
    +--------------------+----------+----+---+----+------------+------------+
    |Total               |          |   0|  0|  73|          65|          10|
    +--------------------+----------+----+---+----+------------+------------+

    * Multiplexer: 
    +------------------------------+-----+-----------+-----+-----------+
    |             Name             | LUT | Input Size| Bits| Total Bits|
    +------------------------------+-----+-----------+-----+-----------+
    |ap_NS_fsm                     |  193|         44|    1|         44|
    |ephemeralsk_i_address0        |   20|          4|    5|         20|
    |ephemeralsk_i_address0_local  |   14|          3|    5|         15|
    |ephemeralsk_i_address1        |   14|          3|    5|         15|
    |ephemeralsk_i_ce0             |   20|          4|    1|          4|
    |ephemeralsk_i_ce1             |   14|          3|    1|          3|
    |ephemeralsk_i_d0              |    9|          2|    8|         16|
    |ephemeralsk_i_we0             |    9|          2|    1|          2|
    |gmem_0_ARADDR                 |   31|          6|   64|        384|
    |gmem_0_ARLEN                  |   31|          6|   32|        192|
    |gmem_0_ARVALID                |   26|          5|    1|          5|
    |gmem_0_AWADDR                 |   26|          5|   64|        320|
    |gmem_0_AWLEN                  |   26|          5|   32|        160|
    |gmem_0_AWVALID                |   26|          5|    1|          5|
    |gmem_0_BREADY                 |   26|          5|    1|          5|
    |gmem_0_RREADY                 |   20|          4|    1|          4|
    |gmem_0_WDATA                  |   20|          4|    8|         32|
    |gmem_0_WSTRB                  |   20|          4|    1|          4|
    |gmem_0_WVALID                 |   20|          4|    1|          4|
    |gmem_blk_n_AR                 |    9|          2|    1|          2|
    |gmem_blk_n_AW                 |    9|          2|    1|          2|
    |gmem_blk_n_B                  |    9|          2|    1|          2|
    |h_address0                    |   14|          3|    5|         15|
    |h_ce0                         |   14|          3|    1|          3|
    |h_we0                         |    9|          2|    1|          2|
    |jinvariant_1_address0         |   14|          3|    5|         15|
    |jinvariant_1_ce0              |   14|          3|    1|          3|
    |jinvariant_1_ce1              |    9|          2|    1|          2|
    |jinvariant_1_we0              |    9|          2|    1|          2|
    |jinvariant_2_address0         |   14|          3|    5|         15|
    |jinvariant_2_ce0              |   14|          3|    1|          3|
    |jinvariant_2_ce1              |    9|          2|    1|          2|
    |jinvariant_2_we0              |    9|          2|    1|          2|
    |jinvariant_3_address0         |   14|          3|    5|         15|
    |jinvariant_3_ce0              |   14|          3|    1|          3|
    |jinvariant_3_ce1              |    9|          2|    1|          2|
    |jinvariant_3_we0              |    9|          2|    1|          2|
    |jinvariant_address0           |   14|          3|    5|         15|
    |jinvariant_ce0                |   14|          3|    1|          3|
    |jinvariant_ce1                |    9|          2|    1|          2|
    |jinvariant_we0                |    9|          2|    1|          2|
    |strat_Alice_1_address0        |   14|          3|    7|         21|
    |strat_Alice_1_ce0             |   14|          3|    1|          3|
    |temp_1_address0               |   43|          8|    7|         56|
    |temp_1_address1               |   14|          3|    7|         21|
    |temp_1_ce0                    |   43|          8|    1|          8|
    |temp_1_ce1                    |   14|          3|    1|          3|
    |temp_1_d0                     |   26|          5|    8|         40|
    |temp_1_we0                    |   26|          5|    1|          5|
    |temp_2_address0               |   43|          8|    7|         56|
    |temp_2_address1               |   14|          3|    7|         21|
    |temp_2_ce0                    |   43|          8|    1|          8|
    |temp_2_ce1                    |   14|          3|    1|          3|
    |temp_2_d0                     |   26|          5|    8|         40|
    |temp_2_we0                    |   26|          5|    1|          5|
    |temp_3_address0               |   43|          8|    7|         56|
    |temp_3_address1               |   14|          3|    7|         21|
    |temp_3_ce0                    |   43|          8|    1|          8|
    |temp_3_ce1                    |   14|          3|    1|          3|
    |temp_3_d0                     |   26|          5|    8|         40|
    |temp_3_we0                    |   26|          5|    1|          5|
    |temp_address0                 |   43|          8|    7|         56|
    |temp_address1                 |   14|          3|    7|         21|
    |temp_ce0                      |   43|          8|    1|          8|
    |temp_ce1                      |   14|          3|    1|          3|
    |temp_d0                       |   26|          5|    8|         40|
    |temp_we0                      |   26|          5|    1|          5|
    +------------------------------+-----+-----------+-----+-----------+
    |Total                         | 1505|        306|  383|       1904|
    +------------------------------+-----+-----------+-----+-----------+

    * Register: 
    +----------------------------------------------------------------------+----+----+-----+-----------+
    |                                 Name                                 | FF | LUT| Bits| Const Bits|
    +----------------------------------------------------------------------+----+----+-----+-----------+
    |add_ln98_reg_416                                                      |  64|   0|   64|          0|
    |ap_CS_fsm                                                             |  43|   0|   43|          0|
    |ct_read_reg_398                                                       |  64|   0|   64|          0|
    |grp_EphemeralKeyGeneration_A_1_fu_255_ap_start_reg                    |   1|   0|    1|          0|
    |grp_EphemeralSecretAgreement_A_1_fu_285_ap_start_reg                  |   1|   0|    1|          0|
    |grp_cshake256_simple_34_fu_307_ap_start_reg                           |   1|   0|    1|          0|
    |grp_cshake256_simple_35_fu_341_ap_start_reg                           |   1|   0|    1|          0|
    |grp_cshake256_simple_fu_244_ap_start_reg                              |   1|   0|    1|          0|
    |grp_sikep503_kem_enc_hw_Pipeline_1_fu_211_ap_start_reg                |   1|   0|    1|          0|
    |grp_sikep503_kem_enc_hw_Pipeline_3_fu_233_ap_start_reg                |   1|   0|    1|          0|
    |grp_sikep503_kem_enc_hw_Pipeline_5_fu_330_ap_start_reg                |   1|   0|    1|          0|
    |grp_sikep503_kem_enc_hw_Pipeline_VITIS_LOOP_26_1_fu_223_ap_start_reg  |   1|   0|    1|          0|
    |grp_sikep503_kem_enc_hw_Pipeline_VITIS_LOOP_98_1_fu_318_ap_start_reg  |   1|   0|    1|          0|
    |pk_read_reg_391                                                       |  64|   0|   64|          0|
    |ss_read_reg_386                                                       |  64|   0|   64|          0|
    +----------------------------------------------------------------------+----+----+-----+-----------+
    |Total                                                                 | 309|   0|  309|          0|
    +----------------------------------------------------------------------+----+----+-----+-----------+



================================================================
== Interface
================================================================
* Summary: 
+-------------------------+-----+-----+------------+---------------------+--------------+
|        RTL Ports        | Dir | Bits|  Protocol  |    Source Object    |    C Type    |
+-------------------------+-----+-----+------------+---------------------+--------------+
|s_axi_control_AWVALID    |   in|    1|       s_axi|              control|        scalar|
|s_axi_control_AWREADY    |  out|    1|       s_axi|              control|        scalar|
|s_axi_control_AWADDR     |   in|    6|       s_axi|              control|        scalar|
|s_axi_control_WVALID     |   in|    1|       s_axi|              control|        scalar|
|s_axi_control_WREADY     |  out|    1|       s_axi|              control|        scalar|
|s_axi_control_WDATA      |   in|   32|       s_axi|              control|        scalar|
|s_axi_control_WSTRB      |   in|    4|       s_axi|              control|        scalar|
|s_axi_control_ARVALID    |   in|    1|       s_axi|              control|        scalar|
|s_axi_control_ARREADY    |  out|    1|       s_axi|              control|        scalar|
|s_axi_control_ARADDR     |   in|    6|       s_axi|              control|        scalar|
|s_axi_control_RVALID     |  out|    1|       s_axi|              control|        scalar|
|s_axi_control_RREADY     |   in|    1|       s_axi|              control|        scalar|
|s_axi_control_RDATA      |  out|   32|       s_axi|              control|        scalar|
|s_axi_control_RRESP      |  out|    2|       s_axi|              control|        scalar|
|s_axi_control_BVALID     |  out|    1|       s_axi|              control|        scalar|
|s_axi_control_BREADY     |   in|    1|       s_axi|              control|        scalar|
|s_axi_control_BRESP      |  out|    2|       s_axi|              control|        scalar|
|s_axi_control_r_AWVALID  |   in|    1|       s_axi|            control_r|   return void|
|s_axi_control_r_AWREADY  |  out|    1|       s_axi|            control_r|   return void|
|s_axi_control_r_AWADDR   |   in|    4|       s_axi|            control_r|   return void|
|s_axi_control_r_WVALID   |   in|    1|       s_axi|            control_r|   return void|
|s_axi_control_r_WREADY   |  out|    1|       s_axi|            control_r|   return void|
|s_axi_control_r_WDATA    |   in|   32|       s_axi|            control_r|   return void|
|s_axi_control_r_WSTRB    |   in|    4|       s_axi|            control_r|   return void|
|s_axi_control_r_ARVALID  |   in|    1|       s_axi|            control_r|   return void|
|s_axi_control_r_ARREADY  |  out|    1|       s_axi|            control_r|   return void|
|s_axi_control_r_ARADDR   |   in|    4|       s_axi|            control_r|   return void|
|s_axi_control_r_RVALID   |  out|    1|       s_axi|            control_r|   return void|
|s_axi_control_r_RREADY   |   in|    1|       s_axi|            control_r|   return void|
|s_axi_control_r_RDATA    |  out|   32|       s_axi|            control_r|   return void|
|s_axi_control_r_RRESP    |  out|    2|       s_axi|            control_r|   return void|
|s_axi_control_r_BVALID   |  out|    1|       s_axi|            control_r|   return void|
|s_axi_control_r_BREADY   |   in|    1|       s_axi|            control_r|   return void|
|s_axi_control_r_BRESP    |  out|    2|       s_axi|            control_r|   return void|
|ap_clk                   |   in|    1|  ap_ctrl_hs|  sikep503_kem_enc_hw|  return value|
|ap_rst_n                 |   in|    1|  ap_ctrl_hs|  sikep503_kem_enc_hw|  return value|
|interrupt                |  out|    1|  ap_ctrl_hs|  sikep503_kem_enc_hw|  return value|
|m_axi_gmem_AWVALID       |  out|    1|       m_axi|                 gmem|       pointer|
|m_axi_gmem_AWREADY       |   in|    1|       m_axi|                 gmem|       pointer|
|m_axi_gmem_AWADDR        |  out|   64|       m_axi|                 gmem|       pointer|
|m_axi_gmem_AWID          |  out|    1|       m_axi|                 gmem|       pointer|
|m_axi_gmem_AWLEN         |  out|    8|       m_axi|                 gmem|       pointer|
|m_axi_gmem_AWSIZE        |  out|    3|       m_axi|                 gmem|       pointer|
|m_axi_gmem_AWBURST       |  out|    2|       m_axi|                 gmem|       pointer|
|m_axi_gmem_AWLOCK        |  out|    2|       m_axi|                 gmem|       pointer|
|m_axi_gmem_AWCACHE       |  out|    4|       m_axi|                 gmem|       pointer|
|m_axi_gmem_AWPROT        |  out|    3|       m_axi|                 gmem|       pointer|
|m_axi_gmem_AWQOS         |  out|    4|       m_axi|                 gmem|       pointer|
|m_axi_gmem_AWREGION      |  out|    4|       m_axi|                 gmem|       pointer|
|m_axi_gmem_AWUSER        |  out|    1|       m_axi|                 gmem|       pointer|
|m_axi_gmem_WVALID        |  out|    1|       m_axi|                 gmem|       pointer|
|m_axi_gmem_WREADY        |   in|    1|       m_axi|                 gmem|       pointer|
|m_axi_gmem_WDATA         |  out|   32|       m_axi|                 gmem|       pointer|
|m_axi_gmem_WSTRB         |  out|    4|       m_axi|                 gmem|       pointer|
|m_axi_gmem_WLAST         |  out|    1|       m_axi|                 gmem|       pointer|
|m_axi_gmem_WID           |  out|    1|       m_axi|                 gmem|       pointer|
|m_axi_gmem_WUSER         |  out|    1|       m_axi|                 gmem|       pointer|
|m_axi_gmem_ARVALID       |  out|    1|       m_axi|                 gmem|       pointer|
|m_axi_gmem_ARREADY       |   in|    1|       m_axi|                 gmem|       pointer|
|m_axi_gmem_ARADDR        |  out|   64|       m_axi|                 gmem|       pointer|
|m_axi_gmem_ARID          |  out|    1|       m_axi|                 gmem|       pointer|
|m_axi_gmem_ARLEN         |  out|    8|       m_axi|                 gmem|       pointer|
|m_axi_gmem_ARSIZE        |  out|    3|       m_axi|                 gmem|       pointer|
|m_axi_gmem_ARBURST       |  out|    2|       m_axi|                 gmem|       pointer|
|m_axi_gmem_ARLOCK        |  out|    2|       m_axi|                 gmem|       pointer|
|m_axi_gmem_ARCACHE       |  out|    4|       m_axi|                 gmem|       pointer|
|m_axi_gmem_ARPROT        |  out|    3|       m_axi|                 gmem|       pointer|
|m_axi_gmem_ARQOS         |  out|    4|       m_axi|                 gmem|       pointer|
|m_axi_gmem_ARREGION      |  out|    4|       m_axi|                 gmem|       pointer|
|m_axi_gmem_ARUSER        |  out|    1|       m_axi|                 gmem|       pointer|
|m_axi_gmem_RVALID        |   in|    1|       m_axi|                 gmem|       pointer|
|m_axi_gmem_RREADY        |  out|    1|       m_axi|                 gmem|       pointer|
|m_axi_gmem_RDATA         |   in|   32|       m_axi|                 gmem|       pointer|
|m_axi_gmem_RLAST         |   in|    1|       m_axi|                 gmem|       pointer|
|m_axi_gmem_RID           |   in|    1|       m_axi|                 gmem|       pointer|
|m_axi_gmem_RUSER         |   in|    1|       m_axi|                 gmem|       pointer|
|m_axi_gmem_RRESP         |   in|    2|       m_axi|                 gmem|       pointer|
|m_axi_gmem_BVALID        |   in|    1|       m_axi|                 gmem|       pointer|
|m_axi_gmem_BREADY        |  out|    1|       m_axi|                 gmem|       pointer|
|m_axi_gmem_BRESP         |   in|    2|       m_axi|                 gmem|       pointer|
|m_axi_gmem_BID           |   in|    1|       m_axi|                 gmem|       pointer|
|m_axi_gmem_BUSER         |   in|    1|       m_axi|                 gmem|       pointer|
+-------------------------+-----+-----+------------+---------------------+--------------+

============================================================
+ Verbose Summary: Synthesis Manager
============================================================
InlineROM: 1
ExposeGlobal: 0
============================================================
+ Verbose Summary: CDFG Model
============================================================
IsTopModel: 1
ResetActiveHigh: 1
IsCombinational: 2
IsDatapathOnly: 2
HasWiredReturn: 1
HasMFsm: 0
HasVarLatency: 1
IsPipeline: 0
IsRtlPipelined: 0
IsInstanceOverlapped: 0
IsDontTouch: 0
HasImplIP: 0
IsGatedGlobalClock: 0


============================================================
+ Verbose Summary: Schedule
============================================================
* Number of FSM states : 43
* Pipeline : 0
* Dataflow Pipeline: 0

* FSM state transitions: 
1 --> 2 
2 --> 3 
3 --> 4 
4 --> 5 
5 --> 6 
6 --> 7 
7 --> 8 
8 --> 9 
9 --> 10 
10 --> 11 
11 --> 12 
12 --> 13 
13 --> 14 
14 --> 15 
15 --> 16 
16 --> 17 
17 --> 18 
18 --> 19 
19 --> 20 
20 --> 21 
21 --> 22 
22 --> 23 
23 --> 24 
24 --> 25 
25 --> 26 
26 --> 27 
27 --> 28 
28 --> 29 
29 --> 30 
30 --> 31 
31 --> 32 
32 --> 33 
33 --> 34 
34 --> 35 
35 --> 36 
36 --> 37 
37 --> 38 
38 --> 39 
39 --> 40 
40 --> 41 
41 --> 42 
42 --> 43 
43 --> 

* FSM state operations: 

State 1 <SV = 0> <Delay = 0.66>
ST_1 : Operation 44 [1/1] (0.66ns)   --->   "%ephemeralsk_i = alloca i64 1"   --->   Operation 44 'alloca' 'ephemeralsk_i' <Predicate = true> <Delay = 0.66> <CoreInst = "RAM">   --->   Core 82 'RAM' <Latency = 1> <II = 1> <Delay = 0.66> <Storage> <Opcode : 'load' 'store'> <Ports = 2> <Width = 8> <Depth = 32> <RAM>
ST_1 : Operation 45 [1/1] (0.66ns)   --->   "%jinvariant = alloca i64 1" [src_montcsa/sike.cpp:41->src_montcsa/sikep503_kem_enc_hw.cpp:46]   --->   Operation 45 'alloca' 'jinvariant' <Predicate = true> <Delay = 0.66>
ST_1 : Operation 46 [1/1] (0.66ns)   --->   "%jinvariant_1 = alloca i64 1" [src_montcsa/sike.cpp:41->src_montcsa/sikep503_kem_enc_hw.cpp:46]   --->   Operation 46 'alloca' 'jinvariant_1' <Predicate = true> <Delay = 0.66>
ST_1 : Operation 47 [1/1] (0.66ns)   --->   "%jinvariant_2 = alloca i64 1" [src_montcsa/sike.cpp:41->src_montcsa/sikep503_kem_enc_hw.cpp:46]   --->   Operation 47 'alloca' 'jinvariant_2' <Predicate = true> <Delay = 0.66>
ST_1 : Operation 48 [1/1] (0.66ns)   --->   "%jinvariant_3 = alloca i64 1" [src_montcsa/sike.cpp:41->src_montcsa/sikep503_kem_enc_hw.cpp:46]   --->   Operation 48 'alloca' 'jinvariant_3' <Predicate = true> <Delay = 0.66>
ST_1 : Operation 49 [1/1] (0.66ns)   --->   "%h = alloca i64 1" [src_montcsa/sike.cpp:42->src_montcsa/sikep503_kem_enc_hw.cpp:46]   --->   Operation 49 'alloca' 'h' <Predicate = true> <Delay = 0.66>
ST_1 : Operation 50 [1/1] (0.56ns)   --->   "%temp = alloca i64 1" [src_montcsa/sike.cpp:43->src_montcsa/sikep503_kem_enc_hw.cpp:46]   --->   Operation 50 'alloca' 'temp' <Predicate = true> <Delay = 0.56>
ST_1 : Operation 51 [1/1] (0.56ns)   --->   "%temp_1 = alloca i64 1" [src_montcsa/sike.cpp:43->src_montcsa/sikep503_kem_enc_hw.cpp:46]   --->   Operation 51 'alloca' 'temp_1' <Predicate = true> <Delay = 0.56>
ST_1 : Operation 52 [1/1] (0.56ns)   --->   "%temp_2 = alloca i64 1" [src_montcsa/sike.cpp:43->src_montcsa/sikep503_kem_enc_hw.cpp:46]   --->   Operation 52 'alloca' 'temp_2' <Predicate = true> <Delay = 0.56>
ST_1 : Operation 53 [1/1] (0.56ns)   --->   "%temp_3 = alloca i64 1" [src_montcsa/sike.cpp:43->src_montcsa/sikep503_kem_enc_hw.cpp:46]   --->   Operation 53 'alloca' 'temp_3' <Predicate = true> <Delay = 0.56>
ST_1 : Operation 54 [2/2] (0.00ns)   --->   "%call_ln0 = call void @sikep503_kem_enc_hw_Pipeline_1, i8 %temp_3, i8 %temp_2, i8 %temp_1, i8 %temp"   --->   Operation 54 'call' 'call_ln0' <Predicate = true> <Delay = 0.00> <CoreType = "Generic">   --->   Generic Core

State 2 <SV = 1> <Delay = 1.48>
ST_2 : Operation 55 [1/2] (1.48ns)   --->   "%call_ln0 = call void @sikep503_kem_enc_hw_Pipeline_1, i8 %temp_3, i8 %temp_2, i8 %temp_1, i8 %temp"   --->   Operation 55 'call' 'call_ln0' <Predicate = true> <Delay = 1.48> <CoreType = "Generic">   --->   Generic Core

State 3 <SV = 2> <Delay = 0.00>
ST_3 : Operation 56 [2/2] (0.00ns)   --->   "%call_ln0 = call void @sikep503_kem_enc_hw_Pipeline_VITIS_LOOP_26_1, i8 %temp, i8 %temp_1, i8 %temp_2, i8 %temp_3, i32 %lcg_state"   --->   Operation 56 'call' 'call_ln0' <Predicate = true> <Delay = 0.00> <CoreType = "Generic">   --->   Generic Core

State 4 <SV = 3> <Delay = 1.48>
ST_4 : Operation 57 [1/1] (1.00ns)   --->   "%ss_read = read i64 @_ssdm_op_Read.s_axilite.i64, i64 %ss"   --->   Operation 57 'read' 'ss_read' <Predicate = true> <Delay = 1.00> <CoreInst = "s_axilite">   --->   Core 120 's_axilite' <Latency = 0> <II = 1> <Delay = 1.00> <Adapter> <Opcode : 'read' 'write'>
ST_4 : Operation 58 [1/1] (1.00ns)   --->   "%pk_read = read i64 @_ssdm_op_Read.s_axilite.i64, i64 %pk"   --->   Operation 58 'read' 'pk_read' <Predicate = true> <Delay = 1.00> <CoreInst = "s_axilite">   --->   Core 120 's_axilite' <Latency = 0> <II = 1> <Delay = 1.00> <Adapter> <Opcode : 'read' 'write'>
ST_4 : Operation 59 [1/1] (1.00ns)   --->   "%ct_read = read i64 @_ssdm_op_Read.s_axilite.i64, i64 %ct"   --->   Operation 59 'read' 'ct_read' <Predicate = true> <Delay = 1.00> <CoreInst = "s_axilite">   --->   Core 120 's_axilite' <Latency = 0> <II = 1> <Delay = 1.00> <Adapter> <Opcode : 'read' 'write'>
ST_4 : Operation 60 [1/2] (1.48ns)   --->   "%call_ln0 = call void @sikep503_kem_enc_hw_Pipeline_VITIS_LOOP_26_1, i8 %temp, i8 %temp_1, i8 %temp_2, i8 %temp_3, i32 %lcg_state"   --->   Operation 60 'call' 'call_ln0' <Predicate = true> <Delay = 1.48> <CoreType = "Generic">   --->   Generic Core

State 5 <SV = 4> <Delay = 7.30>
ST_5 : Operation 61 [1/1] (0.00ns)   --->   "%gmem_addr = getelementptr i8 %gmem, i64 %pk_read" [src_montcsa/sike.cpp:57->src_montcsa/sikep503_kem_enc_hw.cpp:46]   --->   Operation 61 'getelementptr' 'gmem_addr' <Predicate = true> <Delay = 0.00>
ST_5 : Operation 62 [8/8] (7.30ns)   --->   "%empty = readreq i1 @_ssdm_op_ReadReq.m_axi.p1i8, i64 %gmem_addr, i64 378" [src_montcsa/sike.cpp:57->src_montcsa/sikep503_kem_enc_hw.cpp:46]   --->   Operation 62 'readreq' 'empty' <Predicate = true> <Delay = 7.30> <CoreInst = "m_axi">   --->   Core 119 'm_axi' <Latency = 6> <II = 1> <Delay = 1.00> <Adapter> <Opcode : 'read' 'write' 'readreq' 'writereq' 'writeresp'>

State 6 <SV = 5> <Delay = 7.30>
ST_6 : Operation 63 [7/8] (7.30ns)   --->   "%empty = readreq i1 @_ssdm_op_ReadReq.m_axi.p1i8, i64 %gmem_addr, i64 378" [src_montcsa/sike.cpp:57->src_montcsa/sikep503_kem_enc_hw.cpp:46]   --->   Operation 63 'readreq' 'empty' <Predicate = true> <Delay = 7.30> <CoreInst = "m_axi">   --->   Core 119 'm_axi' <Latency = 6> <II = 1> <Delay = 1.00> <Adapter> <Opcode : 'read' 'write' 'readreq' 'writereq' 'writeresp'>

State 7 <SV = 6> <Delay = 7.30>
ST_7 : Operation 64 [6/8] (7.30ns)   --->   "%empty = readreq i1 @_ssdm_op_ReadReq.m_axi.p1i8, i64 %gmem_addr, i64 378" [src_montcsa/sike.cpp:57->src_montcsa/sikep503_kem_enc_hw.cpp:46]   --->   Operation 64 'readreq' 'empty' <Predicate = true> <Delay = 7.30> <CoreInst = "m_axi">   --->   Core 119 'm_axi' <Latency = 6> <II = 1> <Delay = 1.00> <Adapter> <Opcode : 'read' 'write' 'readreq' 'writereq' 'writeresp'>

State 8 <SV = 7> <Delay = 7.30>
ST_8 : Operation 65 [5/8] (7.30ns)   --->   "%empty = readreq i1 @_ssdm_op_ReadReq.m_axi.p1i8, i64 %gmem_addr, i64 378" [src_montcsa/sike.cpp:57->src_montcsa/sikep503_kem_enc_hw.cpp:46]   --->   Operation 65 'readreq' 'empty' <Predicate = true> <Delay = 7.30> <CoreInst = "m_axi">   --->   Core 119 'm_axi' <Latency = 6> <II = 1> <Delay = 1.00> <Adapter> <Opcode : 'read' 'write' 'readreq' 'writereq' 'writeresp'>

State 9 <SV = 8> <Delay = 7.30>
ST_9 : Operation 66 [4/8] (7.30ns)   --->   "%empty = readreq i1 @_ssdm_op_ReadReq.m_axi.p1i8, i64 %gmem_addr, i64 378" [src_montcsa/sike.cpp:57->src_montcsa/sikep503_kem_enc_hw.cpp:46]   --->   Operation 66 'readreq' 'empty' <Predicate = true> <Delay = 7.30> <CoreInst = "m_axi">   --->   Core 119 'm_axi' <Latency = 6> <II = 1> <Delay = 1.00> <Adapter> <Opcode : 'read' 'write' 'readreq' 'writereq' 'writeresp'>

State 10 <SV = 9> <Delay = 7.30>
ST_10 : Operation 67 [3/8] (7.30ns)   --->   "%empty = readreq i1 @_ssdm_op_ReadReq.m_axi.p1i8, i64 %gmem_addr, i64 378" [src_montcsa/sike.cpp:57->src_montcsa/sikep503_kem_enc_hw.cpp:46]   --->   Operation 67 'readreq' 'empty' <Predicate = true> <Delay = 7.30> <CoreInst = "m_axi">   --->   Core 119 'm_axi' <Latency = 6> <II = 1> <Delay = 1.00> <Adapter> <Opcode : 'read' 'write' 'readreq' 'writereq' 'writeresp'>

State 11 <SV = 10> <Delay = 7.30>
ST_11 : Operation 68 [2/8] (7.30ns)   --->   "%empty = readreq i1 @_ssdm_op_ReadReq.m_axi.p1i8, i64 %gmem_addr, i64 378" [src_montcsa/sike.cpp:57->src_montcsa/sikep503_kem_enc_hw.cpp:46]   --->   Operation 68 'readreq' 'empty' <Predicate = true> <Delay = 7.30> <CoreInst = "m_axi">   --->   Core 119 'm_axi' <Latency = 6> <II = 1> <Delay = 1.00> <Adapter> <Opcode : 'read' 'write' 'readreq' 'writereq' 'writeresp'>

State 12 <SV = 11> <Delay = 7.30>
ST_12 : Operation 69 [1/8] (7.30ns)   --->   "%empty = readreq i1 @_ssdm_op_ReadReq.m_axi.p1i8, i64 %gmem_addr, i64 378" [src_montcsa/sike.cpp:57->src_montcsa/sikep503_kem_enc_hw.cpp:46]   --->   Operation 69 'readreq' 'empty' <Predicate = true> <Delay = 7.30> <CoreInst = "m_axi">   --->   Core 119 'm_axi' <Latency = 6> <II = 1> <Delay = 1.00> <Adapter> <Opcode : 'read' 'write' 'readreq' 'writereq' 'writeresp'>

State 13 <SV = 12> <Delay = 0.00>
ST_13 : Operation 70 [2/2] (0.00ns)   --->   "%call_ln0 = call void @sikep503_kem_enc_hw_Pipeline_3, i8 %gmem, i64 %pk_read, i8 %temp_3, i8 %temp_2, i8 %temp_1, i8 %temp"   --->   Operation 70 'call' 'call_ln0' <Predicate = true> <Delay = 0.00> <CoreType = "Generic">   --->   Generic Core

State 14 <SV = 13> <Delay = 0.00>
ST_14 : Operation 71 [1/2] (0.00ns)   --->   "%call_ln0 = call void @sikep503_kem_enc_hw_Pipeline_3, i8 %gmem, i64 %pk_read, i8 %temp_3, i8 %temp_2, i8 %temp_1, i8 %temp"   --->   Operation 71 'call' 'call_ln0' <Predicate = true> <Delay = 0.00> <CoreType = "Generic">   --->   Generic Core

State 15 <SV = 14> <Delay = 0.00>
ST_15 : Operation 72 [2/2] (0.00ns)   --->   "%call_ln65 = call void @cshake256_simple, i8 %ephemeralsk_i, i8 %temp, i8 %temp_1, i8 %temp_2, i8 %temp_3, i64 %KeccakF_RoundConstants" [src_montcsa/sike.cpp:65->src_montcsa/sikep503_kem_enc_hw.cpp:46]   --->   Operation 72 'call' 'call_ln65' <Predicate = true> <Delay = 0.00> <CoreType = "Generic">   --->   Generic Core

State 16 <SV = 15> <Delay = 0.00>
ST_16 : Operation 73 [1/2] (0.00ns)   --->   "%call_ln65 = call void @cshake256_simple, i8 %ephemeralsk_i, i8 %temp, i8 %temp_1, i8 %temp_2, i8 %temp_3, i64 %KeccakF_RoundConstants" [src_montcsa/sike.cpp:65->src_montcsa/sikep503_kem_enc_hw.cpp:46]   --->   Operation 73 'call' 'call_ln65' <Predicate = true> <Delay = 0.00> <CoreType = "Generic">   --->   Generic Core

State 17 <SV = 16> <Delay = 0.66>
ST_17 : Operation 74 [1/1] (0.00ns)   --->   "%ephemeralsk_i_addr = getelementptr i8 %ephemeralsk_i, i64 0, i64 31" [src_montcsa/sike.cpp:72->src_montcsa/sikep503_kem_enc_hw.cpp:46]   --->   Operation 74 'getelementptr' 'ephemeralsk_i_addr' <Predicate = true> <Delay = 0.00>
ST_17 : Operation 75 [2/2] (0.66ns)   --->   "%ephemeralsk_i_load = load i5 %ephemeralsk_i_addr" [src_montcsa/sike.cpp:72->src_montcsa/sikep503_kem_enc_hw.cpp:46]   --->   Operation 75 'load' 'ephemeralsk_i_load' <Predicate = true> <Delay = 0.66> <CoreInst = "RAM">   --->   Core 82 'RAM' <Latency = 1> <II = 1> <Delay = 0.66> <Storage> <Opcode : 'load' 'store'> <Ports = 2> <Width = 8> <Depth = 32> <RAM>

State 18 <SV = 17> <Delay = 1.33>
ST_18 : Operation 76 [1/2] ( I:0.66ns O:0.66ns )   --->   "%ephemeralsk_i_load = load i5 %ephemeralsk_i_addr" [src_montcsa/sike.cpp:72->src_montcsa/sikep503_kem_enc_hw.cpp:46]   --->   Operation 76 'load' 'ephemeralsk_i_load' <Predicate = true> <Delay = 0.66> <CoreInst = "RAM">   --->   Core 82 'RAM' <Latency = 1> <II = 1> <Delay = 0.66> <Storage> <Opcode : 'load' 'store'> <Ports = 2> <Width = 8> <Depth = 32> <RAM>
ST_18 : Operation 77 [1/1] (0.00ns)   --->   "%trunc_ln72 = trunc i8 %ephemeralsk_i_load" [src_montcsa/sike.cpp:72->src_montcsa/sikep503_kem_enc_hw.cpp:46]   --->   Operation 77 'trunc' 'trunc_ln72' <Predicate = true> <Delay = 0.00>
ST_18 : Operation 78 [1/1] (0.00ns)   --->   "%zext_ln72 = zext i2 %trunc_ln72" [src_montcsa/sike.cpp:72->src_montcsa/sikep503_kem_enc_hw.cpp:46]   --->   Operation 78 'zext' 'zext_ln72' <Predicate = true> <Delay = 0.00>
ST_18 : Operation 79 [1/1] ( I:0.66ns O:0.66ns )   --->   "%store_ln72 = store i8 %zext_ln72, i5 %ephemeralsk_i_addr" [src_montcsa/sike.cpp:72->src_montcsa/sikep503_kem_enc_hw.cpp:46]   --->   Operation 79 'store' 'store_ln72' <Predicate = true> <Delay = 0.66> <CoreInst = "RAM">   --->   Core 82 'RAM' <Latency = 1> <II = 1> <Delay = 0.66> <Storage> <Opcode : 'load' 'store'> <Ports = 2> <Width = 8> <Depth = 32> <RAM>

State 19 <SV = 18> <Delay = 0.00>
ST_19 : Operation 80 [2/2] (0.00ns)   --->   "%call_ln75 = call void @EphemeralKeyGeneration_A.1, i8 %ephemeralsk_i, i8 %gmem, i64 %ct_read, i64 %B_gen_1, i64 %Montgomery_one_1, i64 %p503x2_1, i1 %A, i64 %p503_1, i64 %XQA_0, i64 %XRA_0, i64 %XRA_1, i64 %XPA_0, i64 %XPA_1, i6 %strat_Alice_1" [src_montcsa/sike.cpp:75->src_montcsa/sikep503_kem_enc_hw.cpp:46]   --->   Operation 80 'call' 'call_ln75' <Predicate = true> <Delay = 0.00> <CoreType = "Generic">   --->   Generic Core

State 20 <SV = 19> <Delay = 0.00>
ST_20 : Operation 81 [1/2] (0.00ns)   --->   "%call_ln75 = call void @EphemeralKeyGeneration_A.1, i8 %ephemeralsk_i, i8 %gmem, i64 %ct_read, i64 %B_gen_1, i64 %Montgomery_one_1, i64 %p503x2_1, i1 %A, i64 %p503_1, i64 %XQA_0, i64 %XRA_0, i64 %XRA_1, i64 %XPA_0, i64 %XPA_1, i6 %strat_Alice_1" [src_montcsa/sike.cpp:75->src_montcsa/sikep503_kem_enc_hw.cpp:46]   --->   Operation 81 'call' 'call_ln75' <Predicate = true> <Delay = 0.00> <CoreType = "Generic">   --->   Generic Core

State 21 <SV = 20> <Delay = 1.42>
ST_21 : Operation 82 [2/2] (1.42ns)   --->   "%call_ln82 = call void @EphemeralSecretAgreement_A.1, i8 %ephemeralsk_i, i8 %gmem, i64 %pk_read, i8 %jinvariant, i8 %jinvariant_1, i8 %jinvariant_2, i8 %jinvariant_3, i64 %p503x2_1, i64 %p503_1, i64 %one_1, i64 %Montgomery_one_1, i6 %strat_Alice_1" [src_montcsa/sike.cpp:82->src_montcsa/sikep503_kem_enc_hw.cpp:46]   --->   Operation 82 'call' 'call_ln82' <Predicate = true> <Delay = 1.42> <CoreType = "Generic">   --->   Generic Core

State 22 <SV = 21> <Delay = 0.00>
ST_22 : Operation 83 [1/2] (0.00ns)   --->   "%call_ln82 = call void @EphemeralSecretAgreement_A.1, i8 %ephemeralsk_i, i8 %gmem, i64 %pk_read, i8 %jinvariant, i8 %jinvariant_1, i8 %jinvariant_2, i8 %jinvariant_3, i64 %p503x2_1, i64 %p503_1, i64 %one_1, i64 %Montgomery_one_1, i6 %strat_Alice_1" [src_montcsa/sike.cpp:82->src_montcsa/sikep503_kem_enc_hw.cpp:46]   --->   Operation 83 'call' 'call_ln82' <Predicate = true> <Delay = 0.00> <CoreType = "Generic">   --->   Generic Core

State 23 <SV = 22> <Delay = 1.14>
ST_23 : Operation 84 [2/2] (0.00ns)   --->   "%call_ln89 = call void @cshake256_simple.34, i8 %h, i8 %jinvariant, i8 %jinvariant_1, i8 %jinvariant_2, i8 %jinvariant_3, i64 %KeccakF_RoundConstants" [src_montcsa/sike.cpp:89->src_montcsa/sikep503_kem_enc_hw.cpp:46]   --->   Operation 84 'call' 'call_ln89' <Predicate = true> <Delay = 0.00> <CoreType = "Generic">   --->   Generic Core
ST_23 : Operation 85 [1/1] (1.14ns)   --->   "%add_ln98 = add i64 %ct_read, i64 378" [src_montcsa/sike.cpp:98->src_montcsa/sikep503_kem_enc_hw.cpp:46]   --->   Operation 85 'add' 'add_ln98' <Predicate = true> <Delay = 1.14> <CoreInst = "Adder">   --->   Core 1 'Adder' <Latency = 0> <II = 1> <Delay = 1.14> <FuncUnit> <Opcode : 'add' 'sub'> <InPorts = 2> <OutPorts = 1>

State 24 <SV = 23> <Delay = 7.30>
ST_24 : Operation 86 [1/2] (0.00ns)   --->   "%call_ln89 = call void @cshake256_simple.34, i8 %h, i8 %jinvariant, i8 %jinvariant_1, i8 %jinvariant_2, i8 %jinvariant_3, i64 %KeccakF_RoundConstants" [src_montcsa/sike.cpp:89->src_montcsa/sikep503_kem_enc_hw.cpp:46]   --->   Operation 86 'call' 'call_ln89' <Predicate = true> <Delay = 0.00> <CoreType = "Generic">   --->   Generic Core
ST_24 : Operation 87 [1/1] (0.00ns)   --->   "%gmem_addr_1 = getelementptr i8 %gmem, i64 %add_ln98" [src_montcsa/sike.cpp:98->src_montcsa/sikep503_kem_enc_hw.cpp:46]   --->   Operation 87 'getelementptr' 'gmem_addr_1' <Predicate = true> <Delay = 0.00>
ST_24 : Operation 88 [1/1] (7.30ns)   --->   "%empty_185 = writereq i1 @_ssdm_op_WriteReq.m_axi.p1i8, i64 %gmem_addr_1, i64 24" [src_montcsa/sike.cpp:98->src_montcsa/sikep503_kem_enc_hw.cpp:46]   --->   Operation 88 'writereq' 'empty_185' <Predicate = true> <Delay = 7.30> <CoreInst = "m_axi">   --->   Core 119 'm_axi' <Latency = 9> <II = 1> <Delay = 1.00> <Adapter> <Opcode : 'read' 'write' 'readreq' 'writereq' 'writeresp'>

State 25 <SV = 24> <Delay = 0.00>
ST_25 : Operation 89 [2/2] (0.00ns)   --->   "%call_ln98 = call void @sikep503_kem_enc_hw_Pipeline_VITIS_LOOP_98_1, i8 %gmem, i64 %add_ln98, i8 %temp, i8 %temp_1, i8 %temp_2, i8 %temp_3, i8 %h" [src_montcsa/sike.cpp:98->src_montcsa/sikep503_kem_enc_hw.cpp:46]   --->   Operation 89 'call' 'call_ln98' <Predicate = true> <Delay = 0.00> <CoreType = "Generic">   --->   Generic Core

State 26 <SV = 25> <Delay = 0.00>
ST_26 : Operation 90 [1/2] (0.00ns)   --->   "%call_ln98 = call void @sikep503_kem_enc_hw_Pipeline_VITIS_LOOP_98_1, i8 %gmem, i64 %add_ln98, i8 %temp, i8 %temp_1, i8 %temp_2, i8 %temp_3, i8 %h" [src_montcsa/sike.cpp:98->src_montcsa/sikep503_kem_enc_hw.cpp:46]   --->   Operation 90 'call' 'call_ln98' <Predicate = true> <Delay = 0.00> <CoreType = "Generic">   --->   Generic Core

State 27 <SV = 26> <Delay = 7.30>
ST_27 : Operation 91 [5/5] (7.30ns)   --->   "%empty_186 = writeresp i1 @_ssdm_op_WriteResp.m_axi.p1i8, i64 %gmem_addr_1" [src_montcsa/sike.cpp:111->src_montcsa/sikep503_kem_enc_hw.cpp:46]   --->   Operation 91 'writeresp' 'empty_186' <Predicate = true> <Delay = 7.30> <CoreInst = "m_axi">   --->   Core 119 'm_axi' <Latency = 3> <II = 1> <Delay = 1.00> <Adapter> <Opcode : 'read' 'write' 'readreq' 'writereq' 'writeresp'>

State 28 <SV = 27> <Delay = 7.30>
ST_28 : Operation 92 [4/5] (7.30ns)   --->   "%empty_186 = writeresp i1 @_ssdm_op_WriteResp.m_axi.p1i8, i64 %gmem_addr_1" [src_montcsa/sike.cpp:111->src_montcsa/sikep503_kem_enc_hw.cpp:46]   --->   Operation 92 'writeresp' 'empty_186' <Predicate = true> <Delay = 7.30> <CoreInst = "m_axi">   --->   Core 119 'm_axi' <Latency = 3> <II = 1> <Delay = 1.00> <Adapter> <Opcode : 'read' 'write' 'readreq' 'writereq' 'writeresp'>

State 29 <SV = 28> <Delay = 7.30>
ST_29 : Operation 93 [3/5] (7.30ns)   --->   "%empty_186 = writeresp i1 @_ssdm_op_WriteResp.m_axi.p1i8, i64 %gmem_addr_1" [src_montcsa/sike.cpp:111->src_montcsa/sikep503_kem_enc_hw.cpp:46]   --->   Operation 93 'writeresp' 'empty_186' <Predicate = true> <Delay = 7.30> <CoreInst = "m_axi">   --->   Core 119 'm_axi' <Latency = 3> <II = 1> <Delay = 1.00> <Adapter> <Opcode : 'read' 'write' 'readreq' 'writereq' 'writeresp'>

State 30 <SV = 29> <Delay = 7.30>
ST_30 : Operation 94 [2/5] (7.30ns)   --->   "%empty_186 = writeresp i1 @_ssdm_op_WriteResp.m_axi.p1i8, i64 %gmem_addr_1" [src_montcsa/sike.cpp:111->src_montcsa/sikep503_kem_enc_hw.cpp:46]   --->   Operation 94 'writeresp' 'empty_186' <Predicate = true> <Delay = 7.30> <CoreInst = "m_axi">   --->   Core 119 'm_axi' <Latency = 3> <II = 1> <Delay = 1.00> <Adapter> <Opcode : 'read' 'write' 'readreq' 'writereq' 'writeresp'>

State 31 <SV = 30> <Delay = 7.30>
ST_31 : Operation 95 [1/5] (7.30ns)   --->   "%empty_186 = writeresp i1 @_ssdm_op_WriteResp.m_axi.p1i8, i64 %gmem_addr_1" [src_montcsa/sike.cpp:111->src_montcsa/sikep503_kem_enc_hw.cpp:46]   --->   Operation 95 'writeresp' 'empty_186' <Predicate = true> <Delay = 7.30> <CoreInst = "m_axi">   --->   Core 119 'm_axi' <Latency = 3> <II = 1> <Delay = 1.00> <Adapter> <Opcode : 'read' 'write' 'readreq' 'writereq' 'writeresp'>

State 32 <SV = 31> <Delay = 7.30>
ST_32 : Operation 96 [1/1] (0.00ns)   --->   "%gmem_addr_2 = getelementptr i8 %gmem, i64 %ct_read" [src_montcsa/sike.cpp:111->src_montcsa/sikep503_kem_enc_hw.cpp:46]   --->   Operation 96 'getelementptr' 'gmem_addr_2' <Predicate = true> <Delay = 0.00>
ST_32 : Operation 97 [8/8] (7.30ns)   --->   "%empty_187 = readreq i1 @_ssdm_op_ReadReq.m_axi.p1i8, i64 %gmem_addr_2, i64 402" [src_montcsa/sike.cpp:111->src_montcsa/sikep503_kem_enc_hw.cpp:46]   --->   Operation 97 'readreq' 'empty_187' <Predicate = true> <Delay = 7.30> <CoreInst = "m_axi">   --->   Core 119 'm_axi' <Latency = 6> <II = 1> <Delay = 1.00> <Adapter> <Opcode : 'read' 'write' 'readreq' 'writereq' 'writeresp'>

State 33 <SV = 32> <Delay = 7.30>
ST_33 : Operation 98 [7/8] (7.30ns)   --->   "%empty_187 = readreq i1 @_ssdm_op_ReadReq.m_axi.p1i8, i64 %gmem_addr_2, i64 402" [src_montcsa/sike.cpp:111->src_montcsa/sikep503_kem_enc_hw.cpp:46]   --->   Operation 98 'readreq' 'empty_187' <Predicate = true> <Delay = 7.30> <CoreInst = "m_axi">   --->   Core 119 'm_axi' <Latency = 6> <II = 1> <Delay = 1.00> <Adapter> <Opcode : 'read' 'write' 'readreq' 'writereq' 'writeresp'>

State 34 <SV = 33> <Delay = 7.30>
ST_34 : Operation 99 [6/8] (7.30ns)   --->   "%empty_187 = readreq i1 @_ssdm_op_ReadReq.m_axi.p1i8, i64 %gmem_addr_2, i64 402" [src_montcsa/sike.cpp:111->src_montcsa/sikep503_kem_enc_hw.cpp:46]   --->   Operation 99 'readreq' 'empty_187' <Predicate = true> <Delay = 7.30> <CoreInst = "m_axi">   --->   Core 119 'm_axi' <Latency = 6> <II = 1> <Delay = 1.00> <Adapter> <Opcode : 'read' 'write' 'readreq' 'writereq' 'writeresp'>

State 35 <SV = 34> <Delay = 7.30>
ST_35 : Operation 100 [5/8] (7.30ns)   --->   "%empty_187 = readreq i1 @_ssdm_op_ReadReq.m_axi.p1i8, i64 %gmem_addr_2, i64 402" [src_montcsa/sike.cpp:111->src_montcsa/sikep503_kem_enc_hw.cpp:46]   --->   Operation 100 'readreq' 'empty_187' <Predicate = true> <Delay = 7.30> <CoreInst = "m_axi">   --->   Core 119 'm_axi' <Latency = 6> <II = 1> <Delay = 1.00> <Adapter> <Opcode : 'read' 'write' 'readreq' 'writereq' 'writeresp'>

State 36 <SV = 35> <Delay = 7.30>
ST_36 : Operation 101 [4/8] (7.30ns)   --->   "%empty_187 = readreq i1 @_ssdm_op_ReadReq.m_axi.p1i8, i64 %gmem_addr_2, i64 402" [src_montcsa/sike.cpp:111->src_montcsa/sikep503_kem_enc_hw.cpp:46]   --->   Operation 101 'readreq' 'empty_187' <Predicate = true> <Delay = 7.30> <CoreInst = "m_axi">   --->   Core 119 'm_axi' <Latency = 6> <II = 1> <Delay = 1.00> <Adapter> <Opcode : 'read' 'write' 'readreq' 'writereq' 'writeresp'>

State 37 <SV = 36> <Delay = 7.30>
ST_37 : Operation 102 [3/8] (7.30ns)   --->   "%empty_187 = readreq i1 @_ssdm_op_ReadReq.m_axi.p1i8, i64 %gmem_addr_2, i64 402" [src_montcsa/sike.cpp:111->src_montcsa/sikep503_kem_enc_hw.cpp:46]   --->   Operation 102 'readreq' 'empty_187' <Predicate = true> <Delay = 7.30> <CoreInst = "m_axi">   --->   Core 119 'm_axi' <Latency = 6> <II = 1> <Delay = 1.00> <Adapter> <Opcode : 'read' 'write' 'readreq' 'writereq' 'writeresp'>

State 38 <SV = 37> <Delay = 7.30>
ST_38 : Operation 103 [2/8] (7.30ns)   --->   "%empty_187 = readreq i1 @_ssdm_op_ReadReq.m_axi.p1i8, i64 %gmem_addr_2, i64 402" [src_montcsa/sike.cpp:111->src_montcsa/sikep503_kem_enc_hw.cpp:46]   --->   Operation 103 'readreq' 'empty_187' <Predicate = true> <Delay = 7.30> <CoreInst = "m_axi">   --->   Core 119 'm_axi' <Latency = 6> <II = 1> <Delay = 1.00> <Adapter> <Opcode : 'read' 'write' 'readreq' 'writereq' 'writeresp'>

State 39 <SV = 38> <Delay = 7.30>
ST_39 : Operation 104 [1/8] (7.30ns)   --->   "%empty_187 = readreq i1 @_ssdm_op_ReadReq.m_axi.p1i8, i64 %gmem_addr_2, i64 402" [src_montcsa/sike.cpp:111->src_montcsa/sikep503_kem_enc_hw.cpp:46]   --->   Operation 104 'readreq' 'empty_187' <Predicate = true> <Delay = 7.30> <CoreInst = "m_axi">   --->   Core 119 'm_axi' <Latency = 6> <II = 1> <Delay = 1.00> <Adapter> <Opcode : 'read' 'write' 'readreq' 'writereq' 'writeresp'>

State 40 <SV = 39> <Delay = 0.00>
ST_40 : Operation 105 [2/2] (0.00ns)   --->   "%call_ln0 = call void @sikep503_kem_enc_hw_Pipeline_5, i8 %gmem, i64 %ct_read, i8 %temp_3, i8 %temp_2, i8 %temp_1, i8 %temp"   --->   Operation 105 'call' 'call_ln0' <Predicate = true> <Delay = 0.00> <CoreType = "Generic">   --->   Generic Core

State 41 <SV = 40> <Delay = 0.00>
ST_41 : Operation 106 [1/2] (0.00ns)   --->   "%call_ln0 = call void @sikep503_kem_enc_hw_Pipeline_5, i8 %gmem, i64 %ct_read, i8 %temp_3, i8 %temp_2, i8 %temp_1, i8 %temp"   --->   Operation 106 'call' 'call_ln0' <Predicate = true> <Delay = 0.00> <CoreType = "Generic">   --->   Generic Core

State 42 <SV = 41> <Delay = 0.00>
ST_42 : Operation 107 [2/2] (0.00ns)   --->   "%call_ln118 = call void @cshake256_simple.35, i8 %gmem, i64 %ss_read, i8 %temp, i8 %temp_1, i8 %temp_2, i8 %temp_3, i64 %KeccakF_RoundConstants" [src_montcsa/sike.cpp:118->src_montcsa/sikep503_kem_enc_hw.cpp:46]   --->   Operation 107 'call' 'call_ln118' <Predicate = true> <Delay = 0.00> <CoreType = "Generic">   --->   Generic Core

State 43 <SV = 42> <Delay = 0.00>
ST_43 : Operation 108 [1/1] (0.00ns)   --->   "%spectopmodule_ln28 = spectopmodule void @_ssdm_op_SpecTopModule, void @empty_15" [src_montcsa/sikep503_kem_enc_hw.cpp:28]   --->   Operation 108 'spectopmodule' 'spectopmodule_ln28' <Predicate = true> <Delay = 0.00>
ST_43 : Operation 109 [1/1] (0.00ns)   --->   "%specinterface_ln28 = specinterface void @_ssdm_op_SpecInterface, i32 0, void @empty_61, i32 0, i32 0, void @empty_52, i32 0, i32 0, void @empty_52, void @empty_52, void @empty_52, i32 0, i32 0, i32 0, i32 0, void @empty_52, void @empty_52, i32 4294967295, i32 0, i32 0" [src_montcsa/sikep503_kem_enc_hw.cpp:28]   --->   Operation 109 'specinterface' 'specinterface_ln28' <Predicate = true> <Delay = 0.00>
ST_43 : Operation 110 [1/1] (0.00ns)   --->   "%specinterface_ln0 = specinterface void @_ssdm_op_SpecInterface, i8 %gmem, void @empty_44, i32 0, i32 0, void @empty_52, i32 0, i32 0, void @empty_20, void @empty_46, void @empty_52, i32 16, i32 16, i32 16, i32 16, void @empty_52, void @empty_52, i32 4294967295, i32 0, i32 0"   --->   Operation 110 'specinterface' 'specinterface_ln0' <Predicate = true> <Delay = 0.00>
ST_43 : Operation 111 [1/1] (0.00ns)   --->   "%specbitsmap_ln0 = specbitsmap void @_ssdm_op_SpecBitsMap, i8 %gmem"   --->   Operation 111 'specbitsmap' 'specbitsmap_ln0' <Predicate = true> <Delay = 0.00>
ST_43 : Operation 112 [1/1] (0.00ns)   --->   "%specinterface_ln0 = specinterface void @_ssdm_op_SpecInterface, i64 %ct, void @empty_21, i32 4294967295, i32 4294967295, void @empty_22, i32 0, i32 0, void @empty_53, void @empty_24, void @empty_52, i32 0, i32 0, i32 0, i32 0, void @empty_52, void @empty_54, i32 4294967295, i32 0, i32 0"   --->   Operation 112 'specinterface' 'specinterface_ln0' <Predicate = true> <Delay = 0.00>
ST_43 : Operation 113 [1/1] (0.00ns)   --->   "%specinterface_ln0 = specinterface void @_ssdm_op_SpecInterface, i64 %ct, void @empty_19, i32 4294967295, i32 4294967295, void @empty_52, i32 0, i32 0, void @empty_52, void @empty_52, void @empty_52, i32 0, i32 0, i32 0, i32 0, void @empty_52, void @empty_54, i32 4294967295, i32 0, i32 0"   --->   Operation 113 'specinterface' 'specinterface_ln0' <Predicate = true> <Delay = 0.00>
ST_43 : Operation 114 [1/1] (0.00ns)   --->   "%specinterface_ln0 = specinterface void @_ssdm_op_SpecInterface, i64 %pk, void @empty_21, i32 4294967295, i32 4294967295, void @empty_22, i32 0, i32 0, void @empty_53, void @empty_71, void @empty_52, i32 0, i32 0, i32 0, i32 0, void @empty_52, void @empty_54, i32 4294967295, i32 0, i32 0"   --->   Operation 114 'specinterface' 'specinterface_ln0' <Predicate = true> <Delay = 0.00>
ST_43 : Operation 115 [1/1] (0.00ns)   --->   "%specinterface_ln0 = specinterface void @_ssdm_op_SpecInterface, i64 %pk, void @empty_19, i32 4294967295, i32 4294967295, void @empty_52, i32 0, i32 0, void @empty_52, void @empty_52, void @empty_52, i32 0, i32 0, i32 0, i32 0, void @empty_52, void @empty_54, i32 4294967295, i32 0, i32 0"   --->   Operation 115 'specinterface' 'specinterface_ln0' <Predicate = true> <Delay = 0.00>
ST_43 : Operation 116 [1/1] (0.00ns)   --->   "%specinterface_ln0 = specinterface void @_ssdm_op_SpecInterface, i64 %ss, void @empty_21, i32 4294967295, i32 4294967295, void @empty_22, i32 0, i32 0, void @empty_53, void @empty_45, void @empty_52, i32 0, i32 0, i32 0, i32 0, void @empty_52, void @empty_54, i32 4294967295, i32 0, i32 0"   --->   Operation 116 'specinterface' 'specinterface_ln0' <Predicate = true> <Delay = 0.00>
ST_43 : Operation 117 [1/1] (0.00ns)   --->   "%specinterface_ln0 = specinterface void @_ssdm_op_SpecInterface, i64 %ss, void @empty_19, i32 4294967295, i32 4294967295, void @empty_52, i32 0, i32 0, void @empty_52, void @empty_52, void @empty_52, i32 0, i32 0, i32 0, i32 0, void @empty_52, void @empty_54, i32 4294967295, i32 0, i32 0"   --->   Operation 117 'specinterface' 'specinterface_ln0' <Predicate = true> <Delay = 0.00>
ST_43 : Operation 118 [1/1] (0.00ns)   --->   "%specinterface_ln0 = specinterface void @_ssdm_op_SpecInterface, i32 0, void @empty_21, i32 0, i32 0, void @empty_52, i32 0, i32 0, void @empty_29, void @empty_52, void @empty_52, i32 0, i32 0, i32 0, i32 0, void @empty_52, void @empty_52, i32 4294967295, i32 0, i32 0"   --->   Operation 118 'specinterface' 'specinterface_ln0' <Predicate = true> <Delay = 0.00>
ST_43 : Operation 119 [1/2] (0.00ns)   --->   "%call_ln118 = call void @cshake256_simple.35, i8 %gmem, i64 %ss_read, i8 %temp, i8 %temp_1, i8 %temp_2, i8 %temp_3, i64 %KeccakF_RoundConstants" [src_montcsa/sike.cpp:118->src_montcsa/sikep503_kem_enc_hw.cpp:46]   --->   Operation 119 'call' 'call_ln118' <Predicate = true> <Delay = 0.00> <CoreType = "Generic">   --->   Generic Core
ST_43 : Operation 120 [1/1] (0.00ns)   --->   "%ret_ln54 = ret" [src_montcsa/sikep503_kem_enc_hw.cpp:54]   --->   Operation 120 'ret' 'ret_ln54' <Predicate = true> <Delay = 0.00>


============================================================
+ Verbose Summary: Binding
============================================================
STG Binding: 
---------------- STG Properties BEGIN ----------------
- Is combinational: 0
- Is one-state seq: 0
- Is datapath-only: 0
- Is pipelined: 0
- Is top level: 1
Port [ Return ] is wired: 1; IO mode=ap_ctrl_hs:ce=0
Port [ gmem]:  wired=1; compound=1; hidden=0; nouse=0; global=0; static=0; extern=0; dir=2; type=4; pingpong=0; private_global=0; IO mode=m_axi:ce=0
Port [ ct]:  wired=1; compound=0; hidden=0; nouse=0; global=0; static=0; extern=0; dir=0; type=0; pingpong=0; private_global=0; IO mode=ap_none:ce=0
Port [ pk]:  wired=1; compound=0; hidden=0; nouse=0; global=0; static=0; extern=0; dir=0; type=0; pingpong=0; private_global=0; IO mode=ap_none:ce=0
Port [ ss]:  wired=1; compound=0; hidden=0; nouse=0; global=0; static=0; extern=0; dir=0; type=0; pingpong=0; private_global=0; IO mode=ap_none:ce=0
Port [ lcg_state]:  wired=0; compound=0; hidden=1; nouse=1; global=1; static=1; extern=0; dir=2; type=0; pingpong=0; private_global=0; IO mode=ap_ovld:ce=0
Port [ KeccakF_RoundConstants]:  wired=0; compound=1; hidden=1; nouse=1; global=1; static=1; extern=0; dir=0; type=1; pingpong=0; private_global=1; MemPort=[11]; IO mode=ap_memory:ce=0
Port [ B_gen_1]:  wired=0; compound=1; hidden=1; nouse=1; global=1; static=1; extern=0; dir=0; type=1; pingpong=0; private_global=0; MemPort=[1]; IO mode=ap_memory:ce=0
Port [ Montgomery_one_1]:  wired=0; compound=1; hidden=1; nouse=1; global=1; static=1; extern=0; dir=0; type=1; pingpong=0; private_global=1; MemPort=[1]; IO mode=ap_memory:ce=0
Port [ p503x2_1]:  wired=0; compound=1; hidden=1; nouse=1; global=1; static=1; extern=0; dir=0; type=1; pingpong=0; private_global=1; MemPort=[1]; IO mode=ap_memory:ce=0
Port [ A]:  wired=0; compound=1; hidden=1; nouse=1; global=1; static=1; extern=0; dir=0; type=1; pingpong=0; private_global=0; MemPort=[1]; IO mode=ap_memory:ce=0
Port [ p503_1]:  wired=0; compound=1; hidden=1; nouse=1; global=1; static=1; extern=0; dir=0; type=1; pingpong=0; private_global=1; MemPort=[1]; IO mode=ap_memory:ce=0
Port [ XQA_0]:  wired=0; compound=1; hidden=1; nouse=1; global=1; static=1; extern=0; dir=0; type=1; pingpong=0; private_global=0; MemPort=[1]; IO mode=ap_memory:ce=0
Port [ XRA_0]:  wired=0; compound=1; hidden=1; nouse=1; global=1; static=1; extern=0; dir=0; type=1; pingpong=0; private_global=0; MemPort=[1]; IO mode=ap_memory:ce=0
Port [ XRA_1]:  wired=0; compound=1; hidden=1; nouse=1; global=1; static=1; extern=0; dir=0; type=1; pingpong=0; private_global=0; MemPort=[1]; IO mode=ap_memory:ce=0
Port [ XPA_0]:  wired=0; compound=1; hidden=1; nouse=1; global=1; static=1; extern=0; dir=0; type=1; pingpong=0; private_global=0; MemPort=[1]; IO mode=ap_memory:ce=0
Port [ XPA_1]:  wired=0; compound=1; hidden=1; nouse=1; global=1; static=1; extern=0; dir=0; type=1; pingpong=0; private_global=0; MemPort=[1]; IO mode=ap_memory:ce=0
Port [ strat_Alice_1]:  wired=0; compound=1; hidden=1; nouse=0; global=1; static=1; extern=0; dir=0; type=1; pingpong=0; private_global=1; MemPort=[1]; IO mode=ap_memory:ce=0
Port [ one_1]:  wired=0; compound=1; hidden=1; nouse=1; global=1; static=1; extern=0; dir=0; type=1; pingpong=0; private_global=0; MemPort=[1]; IO mode=ap_memory:ce=0
---------------- STG Properties END ------------------

---------------- Datapath Model BEGIN ----------------

<LifeTime>
<method=bitvector/>
ephemeralsk_i      (alloca       ) [ 00111111111111111111111000000000000000000000]
jinvariant         (alloca       ) [ 00111111111111111111111110000000000000000000]
jinvariant_1       (alloca       ) [ 00111111111111111111111110000000000000000000]
jinvariant_2       (alloca       ) [ 00111111111111111111111110000000000000000000]
jinvariant_3       (alloca       ) [ 00111111111111111111111110000000000000000000]
h                  (alloca       ) [ 00111111111111111111111111100000000000000000]
temp               (alloca       ) [ 00111111111111111111111111111111111111111111]
temp_1             (alloca       ) [ 00111111111111111111111111111111111111111111]
temp_2             (alloca       ) [ 00111111111111111111111111111111111111111111]
temp_3             (alloca       ) [ 00111111111111111111111111111111111111111111]
call_ln0           (call         ) [ 00000000000000000000000000000000000000000000]
ss_read            (read         ) [ 00000111111111111111111111111111111111111111]
pk_read            (read         ) [ 00000111111111111111111000000000000000000000]
ct_read            (read         ) [ 00000111111111111111111111111111111111111100]
call_ln0           (call         ) [ 00000000000000000000000000000000000000000000]
gmem_addr          (getelementptr) [ 00000011111110000000000000000000000000000000]
empty              (readreq      ) [ 00000000000000000000000000000000000000000000]
call_ln0           (call         ) [ 00000000000000000000000000000000000000000000]
call_ln65          (call         ) [ 00000000000000000000000000000000000000000000]
ephemeralsk_i_addr (getelementptr) [ 00000000000000000010000000000000000000000000]
ephemeralsk_i_load (load         ) [ 00000000000000000000000000000000000000000000]
trunc_ln72         (trunc        ) [ 00000000000000000000000000000000000000000000]
zext_ln72          (zext         ) [ 00000000000000000000000000000000000000000000]
store_ln72         (store        ) [ 00000000000000000000000000000000000000000000]
call_ln75          (call         ) [ 00000000000000000000000000000000000000000000]
call_ln82          (call         ) [ 00000000000000000000000000000000000000000000]
add_ln98           (add          ) [ 00000000000000000000000011100000000000000000]
call_ln89          (call         ) [ 00000000000000000000000000000000000000000000]
gmem_addr_1        (getelementptr) [ 00000000000000000000000001111111000000000000]
empty_185          (writereq     ) [ 00000000000000000000000000000000000000000000]
call_ln98          (call         ) [ 00000000000000000000000000000000000000000000]
empty_186          (writeresp    ) [ 00000000000000000000000000000000000000000000]
gmem_addr_2        (getelementptr) [ 00000000000000000000000000000000011111110000]
empty_187          (readreq      ) [ 00000000000000000000000000000000000000000000]
call_ln0           (call         ) [ 00000000000000000000000000000000000000000000]
spectopmodule_ln28 (spectopmodule) [ 00000000000000000000000000000000000000000000]
specinterface_ln28 (specinterface) [ 00000000000000000000000000000000000000000000]
specinterface_ln0  (specinterface) [ 00000000000000000000000000000000000000000000]
specbitsmap_ln0    (specbitsmap  ) [ 00000000000000000000000000000000000000000000]
specinterface_ln0  (specinterface) [ 00000000000000000000000000000000000000000000]
specinterface_ln0  (specinterface) [ 00000000000000000000000000000000000000000000]
specinterface_ln0  (specinterface) [ 00000000000000000000000000000000000000000000]
specinterface_ln0  (specinterface) [ 00000000000000000000000000000000000000000000]
specinterface_ln0  (specinterface) [ 00000000000000000000000000000000000000000000]
specinterface_ln0  (specinterface) [ 00000000000000000000000000000000000000000000]
specinterface_ln0  (specinterface) [ 00000000000000000000000000000000000000000000]
call_ln118         (call         ) [ 00000000000000000000000000000000000000000000]
ret_ln54           (ret          ) [ 00000000000000000000000000000000000000000000]
</LifeTime>

<model>

<comp_list>
<comp id="0" class="1000" name="gmem">
<pin_list>
<pin id="1" dir="1" index="0" bw="1" slack="0"/>
</pin_list>
<bind>
<StgValue><ssdm name="gmem"/><MemPortTyVec>2 </MemPortTyVec>
</StgValue>
</bind>
</comp>

<comp id="2" class="1000" name="ct">
<pin_list>
<pin id="3" dir="1" index="0" bw="1" slack="0"/>
</pin_list>
<bind>
<StgValue><ssdm name="ct"/></StgValue>
</bind>
</comp>

<comp id="4" class="1000" name="pk">
<pin_list>
<pin id="5" dir="1" index="0" bw="1" slack="0"/>
</pin_list>
<bind>
<StgValue><ssdm name="pk"/></StgValue>
</bind>
</comp>

<comp id="6" class="1000" name="ss">
<pin_list>
<pin id="7" dir="1" index="0" bw="1" slack="0"/>
</pin_list>
<bind>
<StgValue><ssdm name="ss"/></StgValue>
</bind>
</comp>

<comp id="8" class="1000" name="lcg_state">
<pin_list>
<pin id="9" dir="1" index="0" bw="1" slack="0"/>
</pin_list>
<bind>
<StgValue><ssdm name="lcg_state"/></StgValue>
</bind>
</comp>

<comp id="10" class="1000" name="KeccakF_RoundConstants">
<pin_list>
<pin id="11" dir="1" index="0" bw="1" slack="0"/>
</pin_list>
<bind>
<StgValue><ssdm name="KeccakF_RoundConstants"/><MemPortTyVec>1 1 </MemPortTyVec>
</StgValue>
</bind>
</comp>

<comp id="12" class="1000" name="B_gen_1">
<pin_list>
<pin id="13" dir="1" index="0" bw="1" slack="0"/>
</pin_list>
<bind>
<StgValue><ssdm name="B_gen_1"/><MemPortTyVec>1 </MemPortTyVec>
</StgValue>
</bind>
</comp>

<comp id="14" class="1000" name="Montgomery_one_1">
<pin_list>
<pin id="15" dir="1" index="0" bw="1" slack="0"/>
</pin_list>
<bind>
<StgValue><ssdm name="Montgomery_one_1"/><MemPortTyVec>1 </MemPortTyVec>
</StgValue>
</bind>
</comp>

<comp id="16" class="1000" name="p503x2_1">
<pin_list>
<pin id="17" dir="1" index="0" bw="1" slack="0"/>
</pin_list>
<bind>
<StgValue><ssdm name="p503x2_1"/><MemPortTyVec>1 </MemPortTyVec>
</StgValue>
</bind>
</comp>

<comp id="18" class="1000" name="A">
<pin_list>
<pin id="19" dir="1" index="0" bw="1" slack="0"/>
</pin_list>
<bind>
<StgValue><ssdm name="A"/><MemPortTyVec>1 </MemPortTyVec>
</StgValue>
</bind>
</comp>

<comp id="20" class="1000" name="p503_1">
<pin_list>
<pin id="21" dir="1" index="0" bw="1" slack="0"/>
</pin_list>
<bind>
<StgValue><ssdm name="p503_1"/><MemPortTyVec>1 </MemPortTyVec>
</StgValue>
</bind>
</comp>

<comp id="22" class="1000" name="XQA_0">
<pin_list>
<pin id="23" dir="1" index="0" bw="1" slack="0"/>
</pin_list>
<bind>
<StgValue><ssdm name="XQA_0"/><MemPortTyVec>1 </MemPortTyVec>
</StgValue>
</bind>
</comp>

<comp id="24" class="1000" name="XRA_0">
<pin_list>
<pin id="25" dir="1" index="0" bw="1" slack="0"/>
</pin_list>
<bind>
<StgValue><ssdm name="XRA_0"/><MemPortTyVec>1 </MemPortTyVec>
</StgValue>
</bind>
</comp>

<comp id="26" class="1000" name="XRA_1">
<pin_list>
<pin id="27" dir="1" index="0" bw="1" slack="0"/>
</pin_list>
<bind>
<StgValue><ssdm name="XRA_1"/><MemPortTyVec>1 </MemPortTyVec>
</StgValue>
</bind>
</comp>

<comp id="28" class="1000" name="XPA_0">
<pin_list>
<pin id="29" dir="1" index="0" bw="1" slack="0"/>
</pin_list>
<bind>
<StgValue><ssdm name="XPA_0"/><MemPortTyVec>1 </MemPortTyVec>
</StgValue>
</bind>
</comp>

<comp id="30" class="1000" name="XPA_1">
<pin_list>
<pin id="31" dir="1" index="0" bw="1" slack="0"/>
</pin_list>
<bind>
<StgValue><ssdm name="XPA_1"/><MemPortTyVec>1 </MemPortTyVec>
</StgValue>
</bind>
</comp>

<comp id="32" class="1000" name="strat_Alice_1">
<pin_list>
<pin id="33" dir="1" index="0" bw="1" slack="0"/>
</pin_list>
<bind>
<StgValue><ssdm name="strat_Alice_1"/><MemPortTyVec>1 </MemPortTyVec>
</StgValue>
</bind>
</comp>

<comp id="34" class="1000" name="one_1">
<pin_list>
<pin id="35" dir="1" index="0" bw="1" slack="0"/>
</pin_list>
<bind>
<StgValue><ssdm name="one_1"/><MemPortTyVec>1 </MemPortTyVec>
</StgValue>
</bind>
</comp>

<comp id="36" class="1001" name="const_36">
<pin_list>
<pin id="37" dir="1" index="0" bw="1" slack="0"/>
</pin_list>
<bind>
<StgValue><ssdm name=""/></StgValue>
</bind>
</comp>

<comp id="38" class="1001" name="const_38">
<pin_list>
<pin id="39" dir="1" index="0" bw="1" slack="0"/>
</pin_list>
<bind>
<StgValue><ssdm name="sikep503_kem_enc_hw_Pipeline_1"/></StgValue>
</bind>
</comp>

<comp id="40" class="1001" name="const_40">
<pin_list>
<pin id="41" dir="1" index="0" bw="1" slack="0"/>
</pin_list>
<bind>
<StgValue><ssdm name="sikep503_kem_enc_hw_Pipeline_VITIS_LOOP_26_1"/></StgValue>
</bind>
</comp>

<comp id="42" class="1001" name="const_42">
<pin_list>
<pin id="43" dir="1" index="0" bw="1" slack="0"/>
</pin_list>
<bind>
<StgValue><ssdm name="_ssdm_op_Read.s_axilite.i64"/></StgValue>
</bind>
</comp>

<comp id="44" class="1001" name="const_44">
<pin_list>
<pin id="45" dir="1" index="0" bw="1" slack="0"/>
</pin_list>
<bind>
<StgValue><ssdm name="_ssdm_op_ReadReq.m_axi.p1i8"/></StgValue>
</bind>
</comp>

<comp id="46" class="1001" name="const_46">
<pin_list>
<pin id="47" dir="1" index="0" bw="1" slack="0"/>
</pin_list>
<bind>
<StgValue><ssdm name=""/></StgValue>
</bind>
</comp>

<comp id="48" class="1001" name="const_48">
<pin_list>
<pin id="49" dir="1" index="0" bw="1" slack="0"/>
</pin_list>
<bind>
<StgValue><ssdm name="sikep503_kem_enc_hw_Pipeline_3"/></StgValue>
</bind>
</comp>

<comp id="50" class="1001" name="const_50">
<pin_list>
<pin id="51" dir="1" index="0" bw="1" slack="0"/>
</pin_list>
<bind>
<StgValue><ssdm name="cshake256_simple"/></StgValue>
</bind>
</comp>

<comp id="52" class="1001" name="const_52">
<pin_list>
<pin id="53" dir="1" index="0" bw="1" slack="0"/>
</pin_list>
<bind>
<StgValue><ssdm name=""/></StgValue>
</bind>
</comp>

<comp id="54" class="1001" name="const_54">
<pin_list>
<pin id="55" dir="1" index="0" bw="1" slack="0"/>
</pin_list>
<bind>
<StgValue><ssdm name=""/></StgValue>
</bind>
</comp>

<comp id="56" class="1001" name="const_56">
<pin_list>
<pin id="57" dir="1" index="0" bw="1" slack="0"/>
</pin_list>
<bind>
<StgValue><ssdm name="EphemeralKeyGeneration_A.1"/></StgValue>
</bind>
</comp>

<comp id="58" class="1001" name="const_58">
<pin_list>
<pin id="59" dir="1" index="0" bw="1" slack="0"/>
</pin_list>
<bind>
<StgValue><ssdm name="EphemeralSecretAgreement_A.1"/></StgValue>
</bind>
</comp>

<comp id="60" class="1001" name="const_60">
<pin_list>
<pin id="61" dir="1" index="0" bw="1" slack="0"/>
</pin_list>
<bind>
<StgValue><ssdm name="cshake256_simple.34"/></StgValue>
</bind>
</comp>

<comp id="62" class="1001" name="const_62">
<pin_list>
<pin id="63" dir="1" index="0" bw="1" slack="0"/>
</pin_list>
<bind>
<StgValue><ssdm name="_ssdm_op_WriteReq.m_axi.p1i8"/></StgValue>
</bind>
</comp>

<comp id="64" class="1001" name="const_64">
<pin_list>
<pin id="65" dir="1" index="0" bw="1" slack="0"/>
</pin_list>
<bind>
<StgValue><ssdm name=""/></StgValue>
</bind>
</comp>

<comp id="66" class="1001" name="const_66">
<pin_list>
<pin id="67" dir="1" index="0" bw="1" slack="0"/>
</pin_list>
<bind>
<StgValue><ssdm name="sikep503_kem_enc_hw_Pipeline_VITIS_LOOP_98_1"/></StgValue>
</bind>
</comp>

<comp id="68" class="1001" name="const_68">
<pin_list>
<pin id="69" dir="1" index="0" bw="1" slack="0"/>
</pin_list>
<bind>
<StgValue><ssdm name="_ssdm_op_WriteResp.m_axi.p1i8"/></StgValue>
</bind>
</comp>

<comp id="70" class="1001" name="const_70">
<pin_list>
<pin id="71" dir="1" index="0" bw="1" slack="0"/>
</pin_list>
<bind>
<StgValue><ssdm name=""/></StgValue>
</bind>
</comp>

<comp id="72" class="1001" name="const_72">
<pin_list>
<pin id="73" dir="1" index="0" bw="1" slack="0"/>
</pin_list>
<bind>
<StgValue><ssdm name="sikep503_kem_enc_hw_Pipeline_5"/></StgValue>
</bind>
</comp>

<comp id="74" class="1001" name="const_74">
<pin_list>
<pin id="75" dir="1" index="0" bw="1" slack="0"/>
</pin_list>
<bind>
<StgValue><ssdm name="cshake256_simple.35"/></StgValue>
</bind>
</comp>

<comp id="76" class="1001" name="const_76">
<pin_list>
<pin id="77" dir="1" index="0" bw="1" slack="2147483647"/>
</pin_list>
<bind>
<StgValue><ssdm name="_ssdm_op_SpecTopModule"/></StgValue>
</bind>
</comp>

<comp id="78" class="1001" name="const_78">
<pin_list>
<pin id="79" dir="1" index="0" bw="1" slack="2147483647"/>
</pin_list>
<bind>
<StgValue><ssdm name="empty_15"/></StgValue>
</bind>
</comp>

<comp id="80" class="1001" name="const_80">
<pin_list>
<pin id="81" dir="1" index="0" bw="1" slack="2147483647"/>
</pin_list>
<bind>
<StgValue><ssdm name="_ssdm_op_SpecInterface"/></StgValue>
</bind>
</comp>

<comp id="82" class="1001" name="const_82">
<pin_list>
<pin id="83" dir="1" index="0" bw="1" slack="2147483647"/>
</pin_list>
<bind>
<StgValue><ssdm name=""/></StgValue>
</bind>
</comp>

<comp id="84" class="1001" name="const_84">
<pin_list>
<pin id="85" dir="1" index="0" bw="1" slack="2147483647"/>
</pin_list>
<bind>
<StgValue><ssdm name="empty_61"/></StgValue>
</bind>
</comp>

<comp id="86" class="1001" name="const_86">
<pin_list>
<pin id="87" dir="1" index="0" bw="1" slack="2147483647"/>
</pin_list>
<bind>
<StgValue><ssdm name="empty_52"/></StgValue>
</bind>
</comp>

<comp id="88" class="1001" name="const_88">
<pin_list>
<pin id="89" dir="1" index="0" bw="1" slack="2147483647"/>
</pin_list>
<bind>
<StgValue><ssdm name=""/></StgValue>
</bind>
</comp>

<comp id="90" class="1001" name="const_90">
<pin_list>
<pin id="91" dir="1" index="0" bw="1" slack="2147483647"/>
</pin_list>
<bind>
<StgValue><ssdm name="empty_44"/></StgValue>
</bind>
</comp>

<comp id="92" class="1001" name="const_92">
<pin_list>
<pin id="93" dir="1" index="0" bw="1" slack="2147483647"/>
</pin_list>
<bind>
<StgValue><ssdm name="empty_20"/></StgValue>
</bind>
</comp>

<comp id="94" class="1001" name="const_94">
<pin_list>
<pin id="95" dir="1" index="0" bw="1" slack="2147483647"/>
</pin_list>
<bind>
<StgValue><ssdm name="empty_46"/></StgValue>
</bind>
</comp>

<comp id="96" class="1001" name="const_96">
<pin_list>
<pin id="97" dir="1" index="0" bw="1" slack="2147483647"/>
</pin_list>
<bind>
<StgValue><ssdm name=""/></StgValue>
</bind>
</comp>

<comp id="98" class="1001" name="const_98">
<pin_list>
<pin id="99" dir="1" index="0" bw="1" slack="2147483647"/>
</pin_list>
<bind>
<StgValue><ssdm name="_ssdm_op_SpecBitsMap"/></StgValue>
</bind>
</comp>

<comp id="100" class="1001" name="const_100">
<pin_list>
<pin id="101" dir="1" index="0" bw="1" slack="2147483647"/>
</pin_list>
<bind>
<StgValue><ssdm name="empty_21"/></StgValue>
</bind>
</comp>

<comp id="102" class="1001" name="const_102">
<pin_list>
<pin id="103" dir="1" index="0" bw="1" slack="2147483647"/>
</pin_list>
<bind>
<StgValue><ssdm name="empty_22"/></StgValue>
</bind>
</comp>

<comp id="104" class="1001" name="const_104">
<pin_list>
<pin id="105" dir="1" index="0" bw="1" slack="2147483647"/>
</pin_list>
<bind>
<StgValue><ssdm name="empty_53"/></StgValue>
</bind>
</comp>

<comp id="106" class="1001" name="const_106">
<pin_list>
<pin id="107" dir="1" index="0" bw="1" slack="2147483647"/>
</pin_list>
<bind>
<StgValue><ssdm name="empty_24"/></StgValue>
</bind>
</comp>

<comp id="108" class="1001" name="const_108">
<pin_list>
<pin id="109" dir="1" index="0" bw="1" slack="2147483647"/>
</pin_list>
<bind>
<StgValue><ssdm name="empty_54"/></StgValue>
</bind>
</comp>

<comp id="110" class="1001" name="const_110">
<pin_list>
<pin id="111" dir="1" index="0" bw="1" slack="2147483647"/>
</pin_list>
<bind>
<StgValue><ssdm name="empty_19"/></StgValue>
</bind>
</comp>

<comp id="112" class="1001" name="const_112">
<pin_list>
<pin id="113" dir="1" index="0" bw="1" slack="2147483647"/>
</pin_list>
<bind>
<StgValue><ssdm name="empty_71"/></StgValue>
</bind>
</comp>

<comp id="114" class="1001" name="const_114">
<pin_list>
<pin id="115" dir="1" index="0" bw="1" slack="2147483647"/>
</pin_list>
<bind>
<StgValue><ssdm name="empty_45"/></StgValue>
</bind>
</comp>

<comp id="116" class="1001" name="const_116">
<pin_list>
<pin id="117" dir="1" index="0" bw="1" slack="2147483647"/>
</pin_list>
<bind>
<StgValue><ssdm name="empty_29"/></StgValue>
</bind>
</comp>

<comp id="118" class="1004" name="ephemeralsk_i_alloca_fu_118">
<pin_list>
<pin id="119" dir="0" index="0" bw="1" slack="0"/>
<pin id="120" dir="1" index="1" bw="8" slack="2147483647"/>
</pin_list>
<bind>
<opcode="alloca(26) " fcode="alloca"/>
<opset="ephemeralsk_i/1 "/>
</bind>
</comp>

<comp id="122" class="1004" name="jinvariant_alloca_fu_122">
<pin_list>
<pin id="123" dir="0" index="0" bw="1" slack="0"/>
<pin id="124" dir="1" index="1" bw="8" slack="2147483647"/>
</pin_list>
<bind>
<opcode="alloca(26) " fcode="alloca"/>
<opset="jinvariant/1 "/>
</bind>
</comp>

<comp id="126" class="1004" name="jinvariant_1_alloca_fu_126">
<pin_list>
<pin id="127" dir="0" index="0" bw="1" slack="0"/>
<pin id="128" dir="1" index="1" bw="8" slack="2147483647"/>
</pin_list>
<bind>
<opcode="alloca(26) " fcode="alloca"/>
<opset="jinvariant_1/1 "/>
</bind>
</comp>

<comp id="130" class="1004" name="jinvariant_2_alloca_fu_130">
<pin_list>
<pin id="131" dir="0" index="0" bw="1" slack="0"/>
<pin id="132" dir="1" index="1" bw="8" slack="2147483647"/>
</pin_list>
<bind>
<opcode="alloca(26) " fcode="alloca"/>
<opset="jinvariant_2/1 "/>
</bind>
</comp>

<comp id="134" class="1004" name="jinvariant_3_alloca_fu_134">
<pin_list>
<pin id="135" dir="0" index="0" bw="1" slack="0"/>
<pin id="136" dir="1" index="1" bw="8" slack="2147483647"/>
</pin_list>
<bind>
<opcode="alloca(26) " fcode="alloca"/>
<opset="jinvariant_3/1 "/>
</bind>
</comp>

<comp id="138" class="1004" name="h_alloca_fu_138">
<pin_list>
<pin id="139" dir="0" index="0" bw="1" slack="0"/>
<pin id="140" dir="1" index="1" bw="8" slack="2147483647"/>
</pin_list>
<bind>
<opcode="alloca(26) " fcode="alloca"/>
<opset="h/1 "/>
</bind>
</comp>

<comp id="142" class="1004" name="temp_alloca_fu_142">
<pin_list>
<pin id="143" dir="0" index="0" bw="1" slack="0"/>
<pin id="144" dir="1" index="1" bw="8" slack="0"/>
</pin_list>
<bind>
<opcode="alloca(26) " fcode="alloca"/>
<opset="temp/1 "/>
</bind>
</comp>

<comp id="146" class="1004" name="temp_1_alloca_fu_146">
<pin_list>
<pin id="147" dir="0" index="0" bw="1" slack="0"/>
<pin id="148" dir="1" index="1" bw="8" slack="0"/>
</pin_list>
<bind>
<opcode="alloca(26) " fcode="alloca"/>
<opset="temp_1/1 "/>
</bind>
</comp>

<comp id="150" class="1004" name="temp_2_alloca_fu_150">
<pin_list>
<pin id="151" dir="0" index="0" bw="1" slack="0"/>
<pin id="152" dir="1" index="1" bw="8" slack="0"/>
</pin_list>
<bind>
<opcode="alloca(26) " fcode="alloca"/>
<opset="temp_2/1 "/>
</bind>
</comp>

<comp id="154" class="1004" name="temp_3_alloca_fu_154">
<pin_list>
<pin id="155" dir="0" index="0" bw="1" slack="0"/>
<pin id="156" dir="1" index="1" bw="8" slack="0"/>
</pin_list>
<bind>
<opcode="alloca(26) " fcode="alloca"/>
<opset="temp_3/1 "/>
</bind>
</comp>

<comp id="158" class="1004" name="ss_read_read_fu_158">
<pin_list>
<pin id="159" dir="0" index="0" bw="64" slack="0"/>
<pin id="160" dir="0" index="1" bw="64" slack="0"/>
<pin id="161" dir="1" index="2" bw="64" slack="38"/>
</pin_list>
<bind>
<opcode="read(1150) " fcode="read"/>
<opset="ss_read/4 "/>
</bind>
</comp>

<comp id="164" class="1004" name="pk_read_read_fu_164">
<pin_list>
<pin id="165" dir="0" index="0" bw="64" slack="0"/>
<pin id="166" dir="0" index="1" bw="64" slack="0"/>
<pin id="167" dir="1" index="2" bw="64" slack="1"/>
</pin_list>
<bind>
<opcode="read(1150) " fcode="read"/>
<opset="pk_read/4 "/>
</bind>
</comp>

<comp id="170" class="1004" name="ct_read_read_fu_170">
<pin_list>
<pin id="171" dir="0" index="0" bw="64" slack="0"/>
<pin id="172" dir="0" index="1" bw="64" slack="0"/>
<pin id="173" dir="1" index="2" bw="64" slack="15"/>
</pin_list>
<bind>
<opcode="read(1150) " fcode="read"/>
<opset="ct_read/4 "/>
</bind>
</comp>

<comp id="176" class="1004" name="grp_readreq_fu_176">
<pin_list>
<pin id="177" dir="0" index="0" bw="1" slack="0"/>
<pin id="178" dir="0" index="1" bw="8" slack="0"/>
<pin id="179" dir="0" index="2" bw="10" slack="0"/>
<pin id="180" dir="1" index="3" bw="1" slack="2147483647"/>
</pin_list>
<bind>
<opcode="readreq(1154) " fcode="readreq"/>
<opset="empty/5 "/>
</bind>
</comp>

<comp id="183" class="1004" name="grp_writeresp_fu_183">
<pin_list>
<pin id="184" dir="0" index="0" bw="1" slack="0"/>
<pin id="185" dir="0" index="1" bw="8" slack="0"/>
<pin id="186" dir="0" index="2" bw="6" slack="0"/>
<pin id="187" dir="1" index="3" bw="1" slack="2147483647"/>
</pin_list>
<bind>
<opcode="writereq(1155) writeresp(1158) " fcode="writeresp"/>
<opset="empty_185/24 empty_186/27 "/>
</bind>
</comp>

<comp id="191" class="1004" name="grp_readreq_fu_191">
<pin_list>
<pin id="192" dir="0" index="0" bw="1" slack="0"/>
<pin id="193" dir="0" index="1" bw="8" slack="0"/>
<pin id="194" dir="0" index="2" bw="10" slack="0"/>
<pin id="195" dir="1" index="3" bw="1" slack="2147483647"/>
</pin_list>
<bind>
<opcode="readreq(1154) " fcode="readreq"/>
<opset="empty_187/32 "/>
</bind>
</comp>

<comp id="198" class="1004" name="ephemeralsk_i_addr_gep_fu_198">
<pin_list>
<pin id="199" dir="0" index="0" bw="8" slack="2147483647"/>
<pin id="200" dir="0" index="1" bw="1" slack="0"/>
<pin id="201" dir="0" index="2" bw="6" slack="0"/>
<pin id="202" dir="1" index="3" bw="5" slack="0"/>
</pin_list>
<bind>
<opcode="getelementptr(29) " fcode="getelementptr"/>
<opset="ephemeralsk_i_addr/17 "/>
</bind>
</comp>

<comp id="205" class="1004" name="grp_access_fu_205">
<pin_list>
<pin id="206" dir="0" index="0" bw="5" slack="0"/>
<pin id="207" dir="0" index="1" bw="8" slack="0"/>
<pin id="208" dir="0" index="2" bw="0" slack="2147483647"/>
<pin id="209" dir="1" index="3" bw="8" slack="0"/>
</pin_list>
<bind>
<opcode="load(27) store(28) " fcode="store"/>
<opset="ephemeralsk_i_load/17 store_ln72/18 "/>
</bind>
</comp>

<comp id="211" class="1004" name="grp_sikep503_kem_enc_hw_Pipeline_1_fu_211">
<pin_list>
<pin id="212" dir="0" index="0" bw="0" slack="0"/>
<pin id="213" dir="0" index="1" bw="8" slack="0"/>
<pin id="214" dir="0" index="2" bw="8" slack="0"/>
<pin id="215" dir="0" index="3" bw="8" slack="0"/>
<pin id="216" dir="0" index="4" bw="8" slack="0"/>
<pin id="217" dir="1" index="5" bw="0" slack="2147483647"/>
</pin_list>
<bind>
<opcode="call(48) " fcode="call"/>
<opset="call_ln0/1 "/>
</bind>
</comp>

<comp id="223" class="1004" name="grp_sikep503_kem_enc_hw_Pipeline_VITIS_LOOP_26_1_fu_223">
<pin_list>
<pin id="224" dir="0" index="0" bw="0" slack="0"/>
<pin id="225" dir="0" index="1" bw="8" slack="2147483647"/>
<pin id="226" dir="0" index="2" bw="8" slack="2147483647"/>
<pin id="227" dir="0" index="3" bw="8" slack="2147483647"/>
<pin id="228" dir="0" index="4" bw="8" slack="2147483647"/>
<pin id="229" dir="0" index="5" bw="32" slack="0"/>
<pin id="230" dir="1" index="6" bw="0" slack="2147483647"/>
</pin_list>
<bind>
<opcode="call(48) " fcode="call"/>
<opset="call_ln0/3 "/>
</bind>
</comp>

<comp id="233" class="1004" name="grp_sikep503_kem_enc_hw_Pipeline_3_fu_233">
<pin_list>
<pin id="234" dir="0" index="0" bw="0" slack="0"/>
<pin id="235" dir="0" index="1" bw="8" slack="0"/>
<pin id="236" dir="0" index="2" bw="64" slack="9"/>
<pin id="237" dir="0" index="3" bw="8" slack="2147483647"/>
<pin id="238" dir="0" index="4" bw="8" slack="2147483647"/>
<pin id="239" dir="0" index="5" bw="8" slack="2147483647"/>
<pin id="240" dir="0" index="6" bw="8" slack="2147483647"/>
<pin id="241" dir="1" index="7" bw="0" slack="2147483647"/>
</pin_list>
<bind>
<opcode="call(48) " fcode="call"/>
<opset="call_ln0/13 "/>
</bind>
</comp>

<comp id="244" class="1004" name="grp_cshake256_simple_fu_244">
<pin_list>
<pin id="245" dir="0" index="0" bw="0" slack="0"/>
<pin id="246" dir="0" index="1" bw="8" slack="2147483647"/>
<pin id="247" dir="0" index="2" bw="8" slack="2147483647"/>
<pin id="248" dir="0" index="3" bw="8" slack="2147483647"/>
<pin id="249" dir="0" index="4" bw="8" slack="2147483647"/>
<pin id="250" dir="0" index="5" bw="8" slack="2147483647"/>
<pin id="251" dir="0" index="6" bw="64" slack="0"/>
<pin id="252" dir="1" index="7" bw="0" slack="2147483647"/>
</pin_list>
<bind>
<opcode="call(48) " fcode="call"/>
<opset="call_ln65/15 "/>
</bind>
</comp>

<comp id="255" class="1004" name="grp_EphemeralKeyGeneration_A_1_fu_255">
<pin_list>
<pin id="256" dir="0" index="0" bw="0" slack="0"/>
<pin id="257" dir="0" index="1" bw="8" slack="2147483647"/>
<pin id="258" dir="0" index="2" bw="8" slack="0"/>
<pin id="259" dir="0" index="3" bw="64" slack="15"/>
<pin id="260" dir="0" index="4" bw="64" slack="0"/>
<pin id="261" dir="0" index="5" bw="64" slack="0"/>
<pin id="262" dir="0" index="6" bw="64" slack="0"/>
<pin id="263" dir="0" index="7" bw="1" slack="0"/>
<pin id="264" dir="0" index="8" bw="64" slack="0"/>
<pin id="265" dir="0" index="9" bw="64" slack="0"/>
<pin id="266" dir="0" index="10" bw="64" slack="0"/>
<pin id="267" dir="0" index="11" bw="64" slack="0"/>
<pin id="268" dir="0" index="12" bw="64" slack="0"/>
<pin id="269" dir="0" index="13" bw="64" slack="0"/>
<pin id="270" dir="0" index="14" bw="6" slack="0"/>
<pin id="271" dir="1" index="15" bw="0" slack="2147483647"/>
</pin_list>
<bind>
<opcode="call(48) " fcode="call"/>
<opset="call_ln75/19 "/>
</bind>
</comp>

<comp id="285" class="1004" name="grp_EphemeralSecretAgreement_A_1_fu_285">
<pin_list>
<pin id="286" dir="0" index="0" bw="0" slack="0"/>
<pin id="287" dir="0" index="1" bw="8" slack="2147483647"/>
<pin id="288" dir="0" index="2" bw="8" slack="0"/>
<pin id="289" dir="0" index="3" bw="64" slack="17"/>
<pin id="290" dir="0" index="4" bw="8" slack="2147483647"/>
<pin id="291" dir="0" index="5" bw="8" slack="2147483647"/>
<pin id="292" dir="0" index="6" bw="8" slack="2147483647"/>
<pin id="293" dir="0" index="7" bw="8" slack="2147483647"/>
<pin id="294" dir="0" index="8" bw="64" slack="0"/>
<pin id="295" dir="0" index="9" bw="64" slack="0"/>
<pin id="296" dir="0" index="10" bw="64" slack="0"/>
<pin id="297" dir="0" index="11" bw="64" slack="0"/>
<pin id="298" dir="0" index="12" bw="6" slack="0"/>
<pin id="299" dir="1" index="13" bw="0" slack="2147483647"/>
</pin_list>
<bind>
<opcode="call(48) " fcode="call"/>
<opset="call_ln82/21 "/>
</bind>
</comp>

<comp id="307" class="1004" name="grp_cshake256_simple_34_fu_307">
<pin_list>
<pin id="308" dir="0" index="0" bw="0" slack="0"/>
<pin id="309" dir="0" index="1" bw="8" slack="2147483647"/>
<pin id="310" dir="0" index="2" bw="8" slack="2147483647"/>
<pin id="311" dir="0" index="3" bw="8" slack="2147483647"/>
<pin id="312" dir="0" index="4" bw="8" slack="2147483647"/>
<pin id="313" dir="0" index="5" bw="8" slack="2147483647"/>
<pin id="314" dir="0" index="6" bw="64" slack="0"/>
<pin id="315" dir="1" index="7" bw="0" slack="2147483647"/>
</pin_list>
<bind>
<opcode="call(48) " fcode="call"/>
<opset="call_ln89/23 "/>
</bind>
</comp>

<comp id="318" class="1004" name="grp_sikep503_kem_enc_hw_Pipeline_VITIS_LOOP_98_1_fu_318">
<pin_list>
<pin id="319" dir="0" index="0" bw="0" slack="0"/>
<pin id="320" dir="0" index="1" bw="8" slack="0"/>
<pin id="321" dir="0" index="2" bw="64" slack="2"/>
<pin id="322" dir="0" index="3" bw="8" slack="2147483647"/>
<pin id="323" dir="0" index="4" bw="8" slack="2147483647"/>
<pin id="324" dir="0" index="5" bw="8" slack="2147483647"/>
<pin id="325" dir="0" index="6" bw="8" slack="2147483647"/>
<pin id="326" dir="0" index="7" bw="8" slack="2147483647"/>
<pin id="327" dir="1" index="8" bw="0" slack="2147483647"/>
</pin_list>
<bind>
<opcode="call(48) " fcode="call"/>
<opset="call_ln98/25 "/>
</bind>
</comp>

<comp id="330" class="1004" name="grp_sikep503_kem_enc_hw_Pipeline_5_fu_330">
<pin_list>
<pin id="331" dir="0" index="0" bw="0" slack="0"/>
<pin id="332" dir="0" index="1" bw="8" slack="0"/>
<pin id="333" dir="0" index="2" bw="64" slack="36"/>
<pin id="334" dir="0" index="3" bw="8" slack="2147483647"/>
<pin id="335" dir="0" index="4" bw="8" slack="2147483647"/>
<pin id="336" dir="0" index="5" bw="8" slack="2147483647"/>
<pin id="337" dir="0" index="6" bw="8" slack="2147483647"/>
<pin id="338" dir="1" index="7" bw="0" slack="2147483647"/>
</pin_list>
<bind>
<opcode="call(48) " fcode="call"/>
<opset="call_ln0/40 "/>
</bind>
</comp>

<comp id="341" class="1004" name="grp_cshake256_simple_35_fu_341">
<pin_list>
<pin id="342" dir="0" index="0" bw="0" slack="0"/>
<pin id="343" dir="0" index="1" bw="8" slack="0"/>
<pin id="344" dir="0" index="2" bw="64" slack="38"/>
<pin id="345" dir="0" index="3" bw="8" slack="2147483647"/>
<pin id="346" dir="0" index="4" bw="8" slack="2147483647"/>
<pin id="347" dir="0" index="5" bw="8" slack="2147483647"/>
<pin id="348" dir="0" index="6" bw="8" slack="2147483647"/>
<pin id="349" dir="0" index="7" bw="64" slack="0"/>
<pin id="350" dir="1" index="8" bw="0" slack="2147483647"/>
</pin_list>
<bind>
<opcode="call(48) " fcode="call"/>
<opset="call_ln118/42 "/>
</bind>
</comp>

<comp id="354" class="1004" name="gmem_addr_fu_354">
<pin_list>
<pin id="355" dir="0" index="0" bw="64" slack="0"/>
<pin id="356" dir="0" index="1" bw="64" slack="1"/>
<pin id="357" dir="1" index="2" bw="64" slack="0"/>
</pin_list>
<bind>
<opcode="getelementptr(29) " fcode="getelementptr"/>
<opset="gmem_addr/5 "/>
</bind>
</comp>

<comp id="360" class="1004" name="trunc_ln72_fu_360">
<pin_list>
<pin id="361" dir="0" index="0" bw="8" slack="0"/>
<pin id="362" dir="1" index="1" bw="2" slack="0"/>
</pin_list>
<bind>
<opcode="trunc(33) " fcode="trunc"/>
<opset="trunc_ln72/18 "/>
</bind>
</comp>

<comp id="364" class="1004" name="zext_ln72_fu_364">
<pin_list>
<pin id="365" dir="0" index="0" bw="2" slack="0"/>
<pin id="366" dir="1" index="1" bw="8" slack="0"/>
</pin_list>
<bind>
<opcode="zext(34) " fcode="zext"/>
<opset="zext_ln72/18 "/>
</bind>
</comp>

<comp id="369" class="1004" name="add_ln98_fu_369">
<pin_list>
<pin id="370" dir="0" index="0" bw="64" slack="19"/>
<pin id="371" dir="0" index="1" bw="10" slack="0"/>
<pin id="372" dir="1" index="2" bw="64" slack="1"/>
</pin_list>
<bind>
<opcode="add(8) " fcode="add"/>
<opset="add_ln98/23 "/>
</bind>
</comp>

<comp id="374" class="1004" name="gmem_addr_1_fu_374">
<pin_list>
<pin id="375" dir="0" index="0" bw="64" slack="0"/>
<pin id="376" dir="0" index="1" bw="64" slack="1"/>
<pin id="377" dir="1" index="2" bw="64" slack="0"/>
</pin_list>
<bind>
<opcode="getelementptr(29) " fcode="getelementptr"/>
<opset="gmem_addr_1/24 "/>
</bind>
</comp>

<comp id="380" class="1004" name="gmem_addr_2_fu_380">
<pin_list>
<pin id="381" dir="0" index="0" bw="64" slack="0"/>
<pin id="382" dir="0" index="1" bw="64" slack="28"/>
<pin id="383" dir="1" index="2" bw="64" slack="0"/>
</pin_list>
<bind>
<opcode="getelementptr(29) " fcode="getelementptr"/>
<opset="gmem_addr_2/32 "/>
</bind>
</comp>

<comp id="386" class="1005" name="ss_read_reg_386">
<pin_list>
<pin id="387" dir="0" index="0" bw="64" slack="38"/>
<pin id="388" dir="1" index="1" bw="64" slack="38"/>
</pin_list>
<bind>
<opset="ss_read "/>
</bind>
</comp>

<comp id="391" class="1005" name="pk_read_reg_391">
<pin_list>
<pin id="392" dir="0" index="0" bw="64" slack="1"/>
<pin id="393" dir="1" index="1" bw="64" slack="1"/>
</pin_list>
<bind>
<opset="pk_read "/>
</bind>
</comp>

<comp id="398" class="1005" name="ct_read_reg_398">
<pin_list>
<pin id="399" dir="0" index="0" bw="64" slack="15"/>
<pin id="400" dir="1" index="1" bw="64" slack="15"/>
</pin_list>
<bind>
<opset="ct_read "/>
</bind>
</comp>

<comp id="406" class="1005" name="gmem_addr_reg_406">
<pin_list>
<pin id="407" dir="0" index="0" bw="8" slack="1"/>
<pin id="408" dir="1" index="1" bw="8" slack="1"/>
</pin_list>
<bind>
<opset="gmem_addr "/>
</bind>
</comp>

<comp id="411" class="1005" name="ephemeralsk_i_addr_reg_411">
<pin_list>
<pin id="412" dir="0" index="0" bw="5" slack="1"/>
<pin id="413" dir="1" index="1" bw="5" slack="1"/>
</pin_list>
<bind>
<opset="ephemeralsk_i_addr "/>
</bind>
</comp>

<comp id="416" class="1005" name="add_ln98_reg_416">
<pin_list>
<pin id="417" dir="0" index="0" bw="64" slack="1"/>
<pin id="418" dir="1" index="1" bw="64" slack="1"/>
</pin_list>
<bind>
<opset="add_ln98 "/>
</bind>
</comp>

<comp id="422" class="1005" name="gmem_addr_1_reg_422">
<pin_list>
<pin id="423" dir="0" index="0" bw="8" slack="3"/>
<pin id="424" dir="1" index="1" bw="8" slack="3"/>
</pin_list>
<bind>
<opset="gmem_addr_1 "/>
</bind>
</comp>

<comp id="427" class="1005" name="gmem_addr_2_reg_427">
<pin_list>
<pin id="428" dir="0" index="0" bw="8" slack="1"/>
<pin id="429" dir="1" index="1" bw="8" slack="1"/>
</pin_list>
<bind>
<opset="gmem_addr_2 "/>
</bind>
</comp>

</comp_list>

<net_list>
<net id="121"><net_src comp="36" pin="0"/><net_sink comp="118" pin=0"/></net>

<net id="125"><net_src comp="36" pin="0"/><net_sink comp="122" pin=0"/></net>

<net id="129"><net_src comp="36" pin="0"/><net_sink comp="126" pin=0"/></net>

<net id="133"><net_src comp="36" pin="0"/><net_sink comp="130" pin=0"/></net>

<net id="137"><net_src comp="36" pin="0"/><net_sink comp="134" pin=0"/></net>

<net id="141"><net_src comp="36" pin="0"/><net_sink comp="138" pin=0"/></net>

<net id="145"><net_src comp="36" pin="0"/><net_sink comp="142" pin=0"/></net>

<net id="149"><net_src comp="36" pin="0"/><net_sink comp="146" pin=0"/></net>

<net id="153"><net_src comp="36" pin="0"/><net_sink comp="150" pin=0"/></net>

<net id="157"><net_src comp="36" pin="0"/><net_sink comp="154" pin=0"/></net>

<net id="162"><net_src comp="42" pin="0"/><net_sink comp="158" pin=0"/></net>

<net id="163"><net_src comp="6" pin="0"/><net_sink comp="158" pin=1"/></net>

<net id="168"><net_src comp="42" pin="0"/><net_sink comp="164" pin=0"/></net>

<net id="169"><net_src comp="4" pin="0"/><net_sink comp="164" pin=1"/></net>

<net id="174"><net_src comp="42" pin="0"/><net_sink comp="170" pin=0"/></net>

<net id="175"><net_src comp="2" pin="0"/><net_sink comp="170" pin=1"/></net>

<net id="181"><net_src comp="44" pin="0"/><net_sink comp="176" pin=0"/></net>

<net id="182"><net_src comp="46" pin="0"/><net_sink comp="176" pin=2"/></net>

<net id="188"><net_src comp="62" pin="0"/><net_sink comp="183" pin=0"/></net>

<net id="189"><net_src comp="64" pin="0"/><net_sink comp="183" pin=2"/></net>

<net id="190"><net_src comp="68" pin="0"/><net_sink comp="183" pin=0"/></net>

<net id="196"><net_src comp="44" pin="0"/><net_sink comp="191" pin=0"/></net>

<net id="197"><net_src comp="70" pin="0"/><net_sink comp="191" pin=2"/></net>

<net id="203"><net_src comp="52" pin="0"/><net_sink comp="198" pin=1"/></net>

<net id="204"><net_src comp="54" pin="0"/><net_sink comp="198" pin=2"/></net>

<net id="210"><net_src comp="198" pin="3"/><net_sink comp="205" pin=0"/></net>

<net id="218"><net_src comp="38" pin="0"/><net_sink comp="211" pin=0"/></net>

<net id="219"><net_src comp="154" pin="1"/><net_sink comp="211" pin=1"/></net>

<net id="220"><net_src comp="150" pin="1"/><net_sink comp="211" pin=2"/></net>

<net id="221"><net_src comp="146" pin="1"/><net_sink comp="211" pin=3"/></net>

<net id="222"><net_src comp="142" pin="1"/><net_sink comp="211" pin=4"/></net>

<net id="231"><net_src comp="40" pin="0"/><net_sink comp="223" pin=0"/></net>

<net id="232"><net_src comp="8" pin="0"/><net_sink comp="223" pin=5"/></net>

<net id="242"><net_src comp="48" pin="0"/><net_sink comp="233" pin=0"/></net>

<net id="243"><net_src comp="0" pin="0"/><net_sink comp="233" pin=1"/></net>

<net id="253"><net_src comp="50" pin="0"/><net_sink comp="244" pin=0"/></net>

<net id="254"><net_src comp="10" pin="0"/><net_sink comp="244" pin=6"/></net>

<net id="272"><net_src comp="56" pin="0"/><net_sink comp="255" pin=0"/></net>

<net id="273"><net_src comp="0" pin="0"/><net_sink comp="255" pin=2"/></net>

<net id="274"><net_src comp="12" pin="0"/><net_sink comp="255" pin=4"/></net>

<net id="275"><net_src comp="14" pin="0"/><net_sink comp="255" pin=5"/></net>

<net id="276"><net_src comp="16" pin="0"/><net_sink comp="255" pin=6"/></net>

<net id="277"><net_src comp="18" pin="0"/><net_sink comp="255" pin=7"/></net>

<net id="278"><net_src comp="20" pin="0"/><net_sink comp="255" pin=8"/></net>

<net id="279"><net_src comp="22" pin="0"/><net_sink comp="255" pin=9"/></net>

<net id="280"><net_src comp="24" pin="0"/><net_sink comp="255" pin=10"/></net>

<net id="281"><net_src comp="26" pin="0"/><net_sink comp="255" pin=11"/></net>

<net id="282"><net_src comp="28" pin="0"/><net_sink comp="255" pin=12"/></net>

<net id="283"><net_src comp="30" pin="0"/><net_sink comp="255" pin=13"/></net>

<net id="284"><net_src comp="32" pin="0"/><net_sink comp="255" pin=14"/></net>

<net id="300"><net_src comp="58" pin="0"/><net_sink comp="285" pin=0"/></net>

<net id="301"><net_src comp="0" pin="0"/><net_sink comp="285" pin=2"/></net>

<net id="302"><net_src comp="16" pin="0"/><net_sink comp="285" pin=8"/></net>

<net id="303"><net_src comp="20" pin="0"/><net_sink comp="285" pin=9"/></net>

<net id="304"><net_src comp="34" pin="0"/><net_sink comp="285" pin=10"/></net>

<net id="305"><net_src comp="14" pin="0"/><net_sink comp="285" pin=11"/></net>

<net id="306"><net_src comp="32" pin="0"/><net_sink comp="285" pin=12"/></net>

<net id="316"><net_src comp="60" pin="0"/><net_sink comp="307" pin=0"/></net>

<net id="317"><net_src comp="10" pin="0"/><net_sink comp="307" pin=6"/></net>

<net id="328"><net_src comp="66" pin="0"/><net_sink comp="318" pin=0"/></net>

<net id="329"><net_src comp="0" pin="0"/><net_sink comp="318" pin=1"/></net>

<net id="339"><net_src comp="72" pin="0"/><net_sink comp="330" pin=0"/></net>

<net id="340"><net_src comp="0" pin="0"/><net_sink comp="330" pin=1"/></net>

<net id="351"><net_src comp="74" pin="0"/><net_sink comp="341" pin=0"/></net>

<net id="352"><net_src comp="0" pin="0"/><net_sink comp="341" pin=1"/></net>

<net id="353"><net_src comp="10" pin="0"/><net_sink comp="341" pin=7"/></net>

<net id="358"><net_src comp="0" pin="0"/><net_sink comp="354" pin=0"/></net>

<net id="359"><net_src comp="354" pin="2"/><net_sink comp="176" pin=1"/></net>

<net id="363"><net_src comp="205" pin="3"/><net_sink comp="360" pin=0"/></net>

<net id="367"><net_src comp="360" pin="1"/><net_sink comp="364" pin=0"/></net>

<net id="368"><net_src comp="364" pin="1"/><net_sink comp="205" pin=1"/></net>

<net id="373"><net_src comp="46" pin="0"/><net_sink comp="369" pin=1"/></net>

<net id="378"><net_src comp="0" pin="0"/><net_sink comp="374" pin=0"/></net>

<net id="379"><net_src comp="374" pin="2"/><net_sink comp="183" pin=1"/></net>

<net id="384"><net_src comp="0" pin="0"/><net_sink comp="380" pin=0"/></net>

<net id="385"><net_src comp="380" pin="2"/><net_sink comp="191" pin=1"/></net>

<net id="389"><net_src comp="158" pin="2"/><net_sink comp="386" pin=0"/></net>

<net id="390"><net_src comp="386" pin="1"/><net_sink comp="341" pin=2"/></net>

<net id="394"><net_src comp="164" pin="2"/><net_sink comp="391" pin=0"/></net>

<net id="395"><net_src comp="391" pin="1"/><net_sink comp="354" pin=1"/></net>

<net id="396"><net_src comp="391" pin="1"/><net_sink comp="233" pin=2"/></net>

<net id="397"><net_src comp="391" pin="1"/><net_sink comp="285" pin=3"/></net>

<net id="401"><net_src comp="170" pin="2"/><net_sink comp="398" pin=0"/></net>

<net id="402"><net_src comp="398" pin="1"/><net_sink comp="255" pin=3"/></net>

<net id="403"><net_src comp="398" pin="1"/><net_sink comp="369" pin=0"/></net>

<net id="404"><net_src comp="398" pin="1"/><net_sink comp="380" pin=1"/></net>

<net id="405"><net_src comp="398" pin="1"/><net_sink comp="330" pin=2"/></net>

<net id="409"><net_src comp="354" pin="2"/><net_sink comp="406" pin=0"/></net>

<net id="410"><net_src comp="406" pin="1"/><net_sink comp="176" pin=1"/></net>

<net id="414"><net_src comp="198" pin="3"/><net_sink comp="411" pin=0"/></net>

<net id="415"><net_src comp="411" pin="1"/><net_sink comp="205" pin=0"/></net>

<net id="419"><net_src comp="369" pin="2"/><net_sink comp="416" pin=0"/></net>

<net id="420"><net_src comp="416" pin="1"/><net_sink comp="374" pin=1"/></net>

<net id="421"><net_src comp="416" pin="1"/><net_sink comp="318" pin=2"/></net>

<net id="425"><net_src comp="374" pin="2"/><net_sink comp="422" pin=0"/></net>

<net id="426"><net_src comp="422" pin="1"/><net_sink comp="183" pin=1"/></net>

<net id="430"><net_src comp="380" pin="2"/><net_sink comp="427" pin=0"/></net>

<net id="431"><net_src comp="427" pin="1"/><net_sink comp="191" pin=1"/></net>

</net_list>

</model> 
---------------- Datapath Model END ------------------

* FSMD analyzer results:
  - Output states:
	Port: gmem | {19 20 24 25 26 27 28 29 30 31 42 43 }
	Port: lcg_state | {3 4 }
 - Input state : 
	Port: sikep503_kem_enc_hw : gmem | {5 6 7 8 9 10 11 12 13 14 21 22 32 33 34 35 36 37 38 39 40 41 }
	Port: sikep503_kem_enc_hw : ct | {4 }
	Port: sikep503_kem_enc_hw : pk | {4 }
	Port: sikep503_kem_enc_hw : ss | {4 }
	Port: sikep503_kem_enc_hw : lcg_state | {3 4 }
	Port: sikep503_kem_enc_hw : KeccakF_RoundConstants | {15 16 23 24 42 43 }
	Port: sikep503_kem_enc_hw : B_gen_1 | {19 20 }
	Port: sikep503_kem_enc_hw : Montgomery_one_1 | {19 20 21 22 }
	Port: sikep503_kem_enc_hw : p503x2_1 | {19 20 21 22 }
	Port: sikep503_kem_enc_hw : A | {19 20 }
	Port: sikep503_kem_enc_hw : p503_1 | {19 20 21 22 }
	Port: sikep503_kem_enc_hw : XQA_0 | {19 20 }
	Port: sikep503_kem_enc_hw : XRA_0 | {19 20 }
	Port: sikep503_kem_enc_hw : XRA_1 | {19 20 }
	Port: sikep503_kem_enc_hw : XPA_0 | {19 20 }
	Port: sikep503_kem_enc_hw : XPA_1 | {19 20 }
	Port: sikep503_kem_enc_hw : strat_Alice_1 | {19 20 21 22 }
	Port: sikep503_kem_enc_hw : one_1 | {21 22 }
  - Chain level:
	State 1
		call_ln0 : 1
	State 2
	State 3
	State 4
	State 5
		empty : 1
	State 6
	State 7
	State 8
	State 9
	State 10
	State 11
	State 12
	State 13
	State 14
	State 15
	State 16
	State 17
		ephemeralsk_i_load : 1
	State 18
		trunc_ln72 : 1
		zext_ln72 : 2
		store_ln72 : 3
	State 19
	State 20
	State 21
	State 22
	State 23
	State 24
		empty_185 : 1
	State 25
	State 26
	State 27
	State 28
	State 29
	State 30
	State 31
	State 32
		empty_187 : 1
	State 33
	State 34
	State 35
	State 36
	State 37
	State 38
	State 39
	State 40
	State 41
	State 42
	State 43


============================================================
+ Verbose Summary: Datapath Resource usage 
============================================================

* Functional unit list:
|----------|---------------------------------------------------------|---------|---------|---------|---------|---------|---------|
| Operation|                     Functional Unit                     |   BRAM  |   DSP   |  Delay  |    FF   |   LUT   |   URAM  |
|----------|---------------------------------------------------------|---------|---------|---------|---------|---------|---------|
|          |        grp_sikep503_kem_enc_hw_Pipeline_1_fu_211        |    0    |    0    |    0    |    9    |    32   |    0    |
|          | grp_sikep503_kem_enc_hw_Pipeline_VITIS_LOOP_26_1_fu_223 |    0    |    0    |    0    |    61   |   381   |    0    |
|          |        grp_sikep503_kem_enc_hw_Pipeline_3_fu_233        |    0    |    0    |    0    |    35   |    46   |    0    |
|          |               grp_cshake256_simple_fu_244               |    0    |    0    | 14.0648 |   5253  |  17506  |    0    |
|   call   |          grp_EphemeralKeyGeneration_A_1_fu_255          |   256   |  25073  | 2551.68 |2.02355e+06|7.58419e+06|    0    |
|          |         grp_EphemeralSecretAgreement_A_1_fu_285         |   196   |  24301  | 2271.65 |1.90626e+06|7.41218e+06|    0    |
|          |              grp_cshake256_simple_34_fu_307             |    0    |    0    | 10.1948 |   5145  |  17275  |    0    |
|          | grp_sikep503_kem_enc_hw_Pipeline_VITIS_LOOP_98_1_fu_318 |    0    |    0    |  1.935  |    57   |    97   |    0    |
|          |        grp_sikep503_kem_enc_hw_Pipeline_5_fu_330        |    0    |    0    |    0    |    35   |    46   |    0    |
|          |              grp_cshake256_simple_35_fu_341             |    0    |    0    | 14.8388 |   5338  |  17544  |    0    |
|----------|---------------------------------------------------------|---------|---------|---------|---------|---------|---------|
|    add   |                     add_ln98_fu_369                     |    0    |    0    |    0    |    0    |    71   |    0    |
|----------|---------------------------------------------------------|---------|---------|---------|---------|---------|---------|
|          |                   ss_read_read_fu_158                   |    0    |    0    |    0    |    0    |    0    |    0    |
|   read   |                   pk_read_read_fu_164                   |    0    |    0    |    0    |    0    |    0    |    0    |
|          |                   ct_read_read_fu_170                   |    0    |    0    |    0    |    0    |    0    |    0    |
|----------|---------------------------------------------------------|---------|---------|---------|---------|---------|---------|
|  readreq |                    grp_readreq_fu_176                   |    0    |    0    |    0    |    0    |    0    |    0    |
|          |                    grp_readreq_fu_191                   |    0    |    0    |    0    |    0    |    0    |    0    |
|----------|---------------------------------------------------------|---------|---------|---------|---------|---------|---------|
| writeresp|                   grp_writeresp_fu_183                  |    0    |    0    |    0    |    0    |    0    |    0    |
|----------|---------------------------------------------------------|---------|---------|---------|---------|---------|---------|
|   trunc  |                    trunc_ln72_fu_360                    |    0    |    0    |    0    |    0    |    0    |    0    |
|----------|---------------------------------------------------------|---------|---------|---------|---------|---------|---------|
|   zext   |                     zext_ln72_fu_364                    |    0    |    0    |    0    |    0    |    0    |    0    |
|----------|---------------------------------------------------------|---------|---------|---------|---------|---------|---------|
|   Total  |                                                         |   452   |  49374  | 4864.36 |3.94575e+06|1.50494e+07|    0    |
|----------|---------------------------------------------------------|---------|---------|---------|---------|---------|---------|

Memories:
+----------------------+--------+--------+--------+--------+
|                      |  BRAM  |   FF   |   LUT  |  URAM  |
+----------------------+--------+--------+--------+--------+
|           A          |    0   |    2   |    3   |    0   |
|        B_gen_1       |    0   |   64   |   65   |    -   |
|KeccakF_RoundConstants|    0   |   64   |   65   |    -   |
|   Montgomery_one_1   |    0   |   64   |   65   |    -   |
|         XPA_0        |    0   |   64   |   65   |    -   |
|         XPA_1        |    0   |   64   |   65   |    -   |
|         XQA_0        |    0   |   64   |   65   |    -   |
|         XRA_0        |    0   |   64   |   65   |    -   |
|         XRA_1        |    0   |   64   |   65   |    -   |
|     ephemeralsk_i    |    0   |    8   |    9   |    0   |
|           h          |    0   |    8   |    9   |    0   |
|      jinvariant      |    0   |    8   |    9   |    0   |
|     jinvariant_1     |    0   |    8   |    9   |    0   |
|     jinvariant_2     |    0   |    8   |    9   |    0   |
|     jinvariant_3     |    0   |    8   |    9   |    0   |
|         one_1        |    0   |   64   |   65   |    0   |
|        p503_1        |    0   |   64   |   65   |    -   |
|       p503x2_1       |    0   |   64   |   65   |    -   |
|     strat_Alice_1    |    0   |    8   |   17   |    -   |
|         temp         |    0   |    8   |   17   |    0   |
|        temp_1        |    0   |    8   |   17   |    0   |
|        temp_2        |    0   |    8   |   17   |    0   |
|        temp_3        |    0   |    8   |   17   |    0   |
+----------------------+--------+--------+--------+--------+
|         Total        |    0   |   794  |   857  |    0   |
+----------------------+--------+--------+--------+--------+

* Register list:
+--------------------------+--------+
|                          |   FF   |
+--------------------------+--------+
|     add_ln98_reg_416     |   64   |
|      ct_read_reg_398     |   64   |
|ephemeralsk_i_addr_reg_411|    5   |
|    gmem_addr_1_reg_422   |    8   |
|    gmem_addr_2_reg_427   |    8   |
|     gmem_addr_reg_406    |    8   |
|      pk_read_reg_391     |   64   |
|      ss_read_reg_386     |   64   |
+--------------------------+--------+
|           Total          |   285  |
+--------------------------+--------+

* Multiplexer (MUX) list: 
|----------------------|------|------|------|--------||---------||---------||---------|
|         Comp         |  Pin | Size |  BW  | S x BW ||  Delay  ||    FF   ||   LUT   |
|----------------------|------|------|------|--------||---------||---------||---------|
|  grp_readreq_fu_176  |  p1  |   2  |   8  |   16   ||    0    ||    9    |
| grp_writeresp_fu_183 |  p0  |   2  |   1  |    2   |
| grp_writeresp_fu_183 |  p1  |   2  |   8  |   16   ||    0    ||    9    |
|  grp_readreq_fu_191  |  p1  |   2  |   8  |   16   ||    0    ||    9    |
|   grp_access_fu_205  |  p0  |   2  |   5  |   10   ||    0    ||    9    |
|----------------------|------|------|------|--------||---------||---------||---------|
|         Total        |      |      |      |   60   ||  1.935  ||    0    ||    36   |
|----------------------|------|------|------|--------||---------||---------||---------|



* Summary:
+-----------+--------+--------+--------+--------+--------+--------+
|           |  BRAM  |   DSP  |  Delay |   FF   |   LUT  |  URAM  |
+-----------+--------+--------+--------+--------+--------+--------+
|  Function |   452  |  49374 |  4864  | 3945747|15049373|    0   |
|   Memory  |    0   |    -   |    -   |   794  |   857  |    0   |
|Multiplexer|    -   |    -   |    1   |    0   |   36   |    -   |
|  Register |    -   |    -   |    -   |   285  |    -   |    -   |
+-----------+--------+--------+--------+--------+--------+--------+
|   Total   |   452  |  49374 |  4866  | 3946826|15050266|    0   |
+-----------+--------+--------+--------+--------+--------+--------+
