

================================================================
== Vitis HLS Report for 'fp2mul503_mont_2015'
================================================================
* Date:           Wed Sep  3 14:31:02 2025

* Version:        2024.2.2 (Build 6049644 on Mar  5 2025)
* Project:        sikep503_hls
* Solution:       solution1 (Vivado IP Flow Target)
* Product family: virtexuplus58g
* Target device:  xcvu29p-fsga2577-2L-e


================================================================
== Performance Estimates
================================================================
+ Timing: 
    * Summary: 
    +--------+----------+----------+------------+
    |  Clock |  Target  | Estimated| Uncertainty|
    +--------+----------+----------+------------+
    |ap_clk  |  10.00 ns|  7.237 ns|     2.70 ns|
    +--------+----------+----------+------------+

+ Latency: 
    * Summary: 
    +---------+---------+----------+----------+-----+-----+---------+
    |  Latency (cycles) |  Latency (absolute) |  Interval | Pipeline|
    |   min   |   max   |    min   |    max   | min | max |   Type  |
    +---------+---------+----------+----------+-----+-----+---------+
    |      263|      475|  2.630 us|  4.750 us|  263|  475|       no|
    +---------+---------+----------+----------+-----+-----+---------+

    + Detail: 
        * Instance: 
        +-------------------------------------------------------------+--------------------------------------------------+---------+---------+-----------+-----------+-----+-----+------------------------------------------------+
        |                                                             |                                                  |  Latency (cycles) |   Latency (absolute)  |  Interval |                    Pipeline                    |
        |                           Instance                          |                      Module                      |   min   |   max   |    min    |    max    | min | max |                      Type                      |
        +-------------------------------------------------------------+--------------------------------------------------+---------+---------+-----------+-----------+-----+-----+------------------------------------------------+
        |grp_mp_mul_5362_fu_436                                       |mp_mul_5362                                       |        9|        9|  90.000 ns|  90.000 ns|    4|    4|                                             yes|
        |grp_fp2mul503_mont_2015_Pipeline_VITIS_LOOP_370_1_fu_461     |fp2mul503_mont_2015_Pipeline_VITIS_LOOP_370_1     |       10|       10|   0.100 us|   0.100 us|    9|    9|  loop auto-rewind stp (delay=0 clock cycles(s))|
        |grp_fp2mul503_mont_2015_Pipeline_VITIS_LOOP_370_1161_fu_489  |fp2mul503_mont_2015_Pipeline_VITIS_LOOP_370_1161  |       10|       10|   0.100 us|   0.100 us|    9|    9|  loop auto-rewind stp (delay=0 clock cycles(s))|
        |grp_fp2mul503_mont_2015_Pipeline_VITIS_LOOP_152_1_fu_503     |fp2mul503_mont_2015_Pipeline_VITIS_LOOP_152_1     |       18|       18|   0.180 us|   0.180 us|   17|   17|  loop auto-rewind stp (delay=0 clock cycles(s))|
        |grp_fp2mul503_mont_2015_Pipeline_VITIS_LOOP_370_1162_fu_541  |fp2mul503_mont_2015_Pipeline_VITIS_LOOP_370_1162  |       18|       18|   0.180 us|   0.180 us|   17|   17|  loop auto-rewind stp (delay=0 clock cycles(s))|
        |grp_mp_mul_1_fu_593                                          |mp_mul_1                                          |        3|        3|  30.000 ns|  30.000 ns|    2|    2|                                             yes|
        |grp_fp2mul503_mont_2015_Pipeline_VITIS_LOOP_179_1_fu_613     |fp2mul503_mont_2015_Pipeline_VITIS_LOOP_179_1     |       10|       10|   0.100 us|   0.100 us|    9|    9|  loop auto-rewind stp (delay=0 clock cycles(s))|
        |grp_rdc_mont_172334_fu_621                                   |rdc_mont_172334                                   |      103|      209|   1.030 us|   2.090 us|  103|  209|                                              no|
        |grp_fp2mul503_mont_2015_Pipeline_VITIS_LOOP_152_1163_fu_630  |fp2mul503_mont_2015_Pipeline_VITIS_LOOP_152_1163  |       18|       18|   0.180 us|   0.180 us|   17|   17|  loop auto-rewind stp (delay=0 clock cycles(s))|
        |grp_rdc_mont_3_fu_666                                        |rdc_mont_3                                        |      102|      208|   1.020 us|   2.080 us|  102|  208|                                              no|
        +-------------------------------------------------------------+--------------------------------------------------+---------+---------+-----------+-----------+-----+-----+------------------------------------------------+

        * Loop: 
        N/A



================================================================
== Utilization Estimates
================================================================
* Summary: 
+---------------------+---------+-------+---------+---------+------+
|         Name        | BRAM_18K|  DSP  |    FF   |   LUT   | URAM |
+---------------------+---------+-------+---------+---------+------+
|DSP                  |        -|      -|        -|        -|     -|
|Expression           |        -|      -|        0|        4|     -|
|FIFO                 |        -|      -|        -|        -|     -|
|Instance             |        0|    326|    13832|    27947|     -|
|Memory               |        0|      -|       64|       65|     0|
|Multiplexer          |        -|      -|        0|      687|     -|
|Register             |        -|      -|     4138|        -|     -|
+---------------------+---------+-------+---------+---------+------+
|Total                |        0|    326|    18034|    28703|     0|
+---------------------+---------+-------+---------+---------+------+
|Available SLR        |     1344|   3072|   864000|   432000|   320|
+---------------------+---------+-------+---------+---------+------+
|Utilization SLR (%)  |        0|     10|        2|        6|     0|
+---------------------+---------+-------+---------+---------+------+
|Available            |     5376|  12288|  3456000|  1728000|  1280|
+---------------------+---------+-------+---------+---------+------+
|Utilization (%)      |        0|      2|       ~0|        1|     0|
+---------------------+---------+-------+---------+---------+------+

+ Detail: 
    * Instance: 
    +-------------------------------------------------------------+--------------------------------------------------+---------+-----+------+-------+-----+
    |                           Instance                          |                      Module                      | BRAM_18K| DSP |  FF  |  LUT  | URAM|
    +-------------------------------------------------------------+--------------------------------------------------+---------+-----+------+-------+-----+
    |grp_fp2mul503_mont_2015_Pipeline_VITIS_LOOP_152_1_fu_503     |fp2mul503_mont_2015_Pipeline_VITIS_LOOP_152_1     |        0|    0|     8|    730|    0|
    |grp_fp2mul503_mont_2015_Pipeline_VITIS_LOOP_152_1163_fu_630  |fp2mul503_mont_2015_Pipeline_VITIS_LOOP_152_1163  |        0|    0|     8|    874|    0|
    |grp_fp2mul503_mont_2015_Pipeline_VITIS_LOOP_179_1_fu_613     |fp2mul503_mont_2015_Pipeline_VITIS_LOOP_179_1     |        0|    0|   140|    732|    0|
    |grp_fp2mul503_mont_2015_Pipeline_VITIS_LOOP_370_1_fu_461     |fp2mul503_mont_2015_Pipeline_VITIS_LOOP_370_1     |        0|    0|   519|    674|    0|
    |grp_fp2mul503_mont_2015_Pipeline_VITIS_LOOP_370_1161_fu_489  |fp2mul503_mont_2015_Pipeline_VITIS_LOOP_370_1161  |        0|    0|   524|    601|    0|
    |grp_fp2mul503_mont_2015_Pipeline_VITIS_LOOP_370_1162_fu_541  |fp2mul503_mont_2015_Pipeline_VITIS_LOOP_370_1162  |        0|    0|  1033|    899|    0|
    |grp_mp_mul_5362_fu_436                                       |mp_mul_5362                                       |        0|  262|  8890|  13436|    0|
    |grp_rdc_mont_172334_fu_621                                   |rdc_mont_172334                                   |        0|   32|  1296|   4972|    0|
    |grp_rdc_mont_3_fu_666                                        |rdc_mont_3                                        |        0|   32|  1414|   5029|    0|
    +-------------------------------------------------------------+--------------------------------------------------+---------+-----+------+-------+-----+
    |Total                                                        |                                                  |        0|  326| 13832|  27947|    0|
    +-------------------------------------------------------------+--------------------------------------------------+---------+-----+------+-------+-----+

    * DSP: 
    N/A

    * Memory: 
    +-------+---------------------------------------+---------+----+----+-----+------+-----+------+-------------+
    | Memory|                 Module                | BRAM_18K| FF | LUT| URAM| Words| Bits| Banks| W*Bits*Banks|
    +-------+---------------------------------------+---------+----+----+-----+------+-----+------+-------------+
    |tt3_U  |fp2mul503_mont_2015_tt3_RAM_AUTO_1R1W  |        0|  64|  65|    0|    16|   64|     1|         1024|
    +-------+---------------------------------------+---------+----+----+-----+------+-----+------+-------------+
    |Total  |                                       |        0|  64|  65|    0|    16|   64|     1|         1024|
    +-------+---------------------------------------+---------+----+----+-----+------+-----+------+-------------+

    * FIFO: 
    N/A

    * Expression: 
    +----------------------------------+----------+----+---+----+------------+------------+
    |           Variable Name          | Operation| DSP| FF| LUT| Bitwidth P0| Bitwidth P1|
    +----------------------------------+----------+----+---+----+------------+------------+
    |ap_block_state23_on_subcall_done  |        or|   0|  0|   2|           1|           1|
    |ap_block_state29_on_subcall_done  |        or|   0|  0|   2|           1|           1|
    +----------------------------------+----------+----+---+----+------------+------------+
    |Total                             |          |   0|  0|   4|           2|           2|
    +----------------------------------+----------+----+---+----+------------+------------+

    * Multiplexer: 
    +----------------------------------+-----+-----------+-----+-----------+
    |               Name               | LUT | Input Size| Bits| Total Bits|
    +----------------------------------+-----+-----------+-----+-----------+
    |a_0_address0_local                |   14|          3|    1|          3|
    |a_1_address0_local                |   14|          3|    1|          3|
    |a_2_address0_local                |   14|          3|    1|          3|
    |a_3_address0_local                |   14|          3|    1|          3|
    |a_4_address0_local                |   14|          3|    1|          3|
    |a_5_address0_local                |   14|          3|    1|          3|
    |a_6_address0_local                |   14|          3|    1|          3|
    |a_7_address0_local                |   14|          3|    1|          3|
    |ap_NS_fsm                         |  148|         32|    1|         32|
    |b_address0                        |   14|          3|    4|         12|
    |b_address1                        |   14|          3|    4|         12|
    |b_ce0                             |   14|          3|    1|          3|
    |b_ce1                             |   14|          3|    1|          3|
    |c_address0                        |   14|          3|    4|         12|
    |c_ce0                             |   14|          3|    1|          3|
    |c_d0                              |   14|          3|   64|        192|
    |c_we0                             |   14|          3|    1|          3|
    |grp_mp_mul_5362_fu_436_b_offset1  |   14|          3|    1|          3|
    |tt2_10_fu_224                     |   14|          3|   64|        192|
    |tt2_11_fu_228                     |   14|          3|   64|        192|
    |tt2_12_fu_232                     |   14|          3|   64|        192|
    |tt2_13_fu_236                     |   14|          3|   64|        192|
    |tt2_14_fu_240                     |   14|          3|   64|        192|
    |tt2_15_fu_244                     |   14|          3|   64|        192|
    |tt2_1_fu_188                      |   14|          3|   64|        192|
    |tt2_2_fu_192                      |   14|          3|   64|        192|
    |tt2_3_fu_196                      |   14|          3|   64|        192|
    |tt2_4_fu_200                      |   14|          3|   64|        192|
    |tt2_5_fu_204                      |   14|          3|   64|        192|
    |tt2_6_fu_208                      |   14|          3|   64|        192|
    |tt2_7_fu_212                      |   14|          3|   64|        192|
    |tt2_8_fu_216                      |   14|          3|   64|        192|
    |tt2_9_fu_220                      |   14|          3|   64|        192|
    |tt2_fu_184                        |   14|          3|   64|        192|
    |tt3_address0                      |   20|          4|    4|         16|
    |tt3_ce0                           |   20|          4|    1|          4|
    |tt3_ce1                           |    9|          2|    1|          2|
    |tt3_d0                            |   14|          3|   64|        192|
    |tt3_we0                           |   14|          3|    1|          3|
    +----------------------------------+-----+-----------+-----+-----------+
    |Total                             |  687|        147| 1185|       3588|
    +----------------------------------+-----+-----------+-----+-----------+

    * Register: 
    +--------------------------------------------------------------------------+----+----+-----+-----------+
    |                                   Name                                   | FF | LUT| Bits| Const Bits|
    +--------------------------------------------------------------------------+----+----+-----+-----------+
    |a_0_load_3_reg_1724                                                       |  64|   0|   64|          0|
    |a_0_load_reg_1540                                                         |  64|   0|   64|          0|
    |a_1_load_3_reg_1730                                                       |  64|   0|   64|          0|
    |a_1_load_reg_1546                                                         |  64|   0|   64|          0|
    |a_2_load_3_reg_1736                                                       |  64|   0|   64|          0|
    |a_2_load_reg_1552                                                         |  64|   0|   64|          0|
    |a_3_load_3_reg_1742                                                       |  64|   0|   64|          0|
    |a_3_load_reg_1558                                                         |  64|   0|   64|          0|
    |a_4_load_3_reg_1748                                                       |  64|   0|   64|          0|
    |a_4_load_reg_1564                                                         |  64|   0|   64|          0|
    |a_5_load_3_reg_1754                                                       |  64|   0|   64|          0|
    |a_5_load_reg_1570                                                         |  64|   0|   64|          0|
    |a_6_load_3_reg_1760                                                       |  64|   0|   64|          0|
    |a_6_load_reg_1576                                                         |  64|   0|   64|          0|
    |a_7_load_3_reg_1766                                                       |  64|   0|   64|          0|
    |a_7_load_reg_1582                                                         |  64|   0|   64|          0|
    |ap_CS_fsm                                                                 |  31|   0|   31|          0|
    |borrow_loc_fu_116                                                         |   1|   0|    1|          0|
    |grp_fp2mul503_mont_2015_Pipeline_VITIS_LOOP_152_1163_fu_630_ap_start_reg  |   1|   0|    1|          0|
    |grp_fp2mul503_mont_2015_Pipeline_VITIS_LOOP_152_1_fu_503_ap_start_reg     |   1|   0|    1|          0|
    |grp_fp2mul503_mont_2015_Pipeline_VITIS_LOOP_179_1_fu_613_ap_start_reg     |   1|   0|    1|          0|
    |grp_fp2mul503_mont_2015_Pipeline_VITIS_LOOP_370_1161_fu_489_ap_start_reg  |   1|   0|    1|          0|
    |grp_fp2mul503_mont_2015_Pipeline_VITIS_LOOP_370_1162_fu_541_ap_start_reg  |   1|   0|    1|          0|
    |grp_fp2mul503_mont_2015_Pipeline_VITIS_LOOP_370_1_fu_461_ap_start_reg     |   1|   0|    1|          0|
    |grp_mp_mul_1_fu_593_ap_start_reg                                          |   1|   0|    1|          0|
    |grp_mp_mul_5362_fu_436_ap_start_reg                                       |   1|   0|    1|          0|
    |grp_rdc_mont_172334_fu_621_ap_start_reg                                   |   1|   0|    1|          0|
    |grp_rdc_mont_3_fu_666_ap_start_reg                                        |   1|   0|    1|          0|
    |tt1_615_reg_1594                                                          |  64|   0|   64|          0|
    |tt1_616_reg_1600                                                          |  64|   0|   64|          0|
    |tt1_617_reg_1606                                                          |  64|   0|   64|          0|
    |tt1_618_reg_1612                                                          |  64|   0|   64|          0|
    |tt1_619_reg_1618                                                          |  64|   0|   64|          0|
    |tt1_620_reg_1624                                                          |  64|   0|   64|          0|
    |tt1_621_reg_1630                                                          |  64|   0|   64|          0|
    |tt1_622_reg_1636                                                          |  64|   0|   64|          0|
    |tt1_623_reg_1642                                                          |  64|   0|   64|          0|
    |tt1_624_reg_1648                                                          |  64|   0|   64|          0|
    |tt1_625_reg_1654                                                          |  64|   0|   64|          0|
    |tt1_626_reg_1660                                                          |  64|   0|   64|          0|
    |tt1_627_reg_1666                                                          |  64|   0|   64|          0|
    |tt1_628_reg_1672                                                          |  64|   0|   64|          0|
    |tt1_629_reg_1678                                                          |  64|   0|   64|          0|
    |tt1_reg_1588                                                              |  64|   0|   64|          0|
    |tt2_10_fu_224                                                             |  64|   0|   64|          0|
    |tt2_11_fu_228                                                             |  64|   0|   64|          0|
    |tt2_12_fu_232                                                             |  64|   0|   64|          0|
    |tt2_13_fu_236                                                             |  64|   0|   64|          0|
    |tt2_14_fu_240                                                             |  64|   0|   64|          0|
    |tt2_15_fu_244                                                             |  64|   0|   64|          0|
    |tt2_1_fu_188                                                              |  64|   0|   64|          0|
    |tt2_2_fu_192                                                              |  64|   0|   64|          0|
    |tt2_3_fu_196                                                              |  64|   0|   64|          0|
    |tt2_4_fu_200                                                              |  64|   0|   64|          0|
    |tt2_5_fu_204                                                              |  64|   0|   64|          0|
    |tt2_610_reg_1772                                                          |  64|   0|   64|          0|
    |tt2_611_reg_1778                                                          |  64|   0|   64|          0|
    |tt2_612_reg_1784                                                          |  64|   0|   64|          0|
    |tt2_613_reg_1790                                                          |  64|   0|   64|          0|
    |tt2_614_reg_1796                                                          |  64|   0|   64|          0|
    |tt2_615_reg_1802                                                          |  64|   0|   64|          0|
    |tt2_616_reg_1808                                                          |  64|   0|   64|          0|
    |tt2_617_reg_1814                                                          |  64|   0|   64|          0|
    |tt2_618_reg_1820                                                          |  64|   0|   64|          0|
    |tt2_619_reg_1826                                                          |  64|   0|   64|          0|
    |tt2_620_reg_1832                                                          |  64|   0|   64|          0|
    |tt2_621_reg_1838                                                          |  64|   0|   64|          0|
    |tt2_622_reg_1844                                                          |  64|   0|   64|          0|
    |tt2_623_reg_1850                                                          |  64|   0|   64|          0|
    |tt2_624_reg_1856                                                          |  64|   0|   64|          0|
    |tt2_625_reg_1862                                                          |  64|   0|   64|          0|
    |tt2_6_fu_208                                                              |  64|   0|   64|          0|
    |tt2_7_fu_212                                                              |  64|   0|   64|          0|
    |tt2_8_fu_216                                                              |  64|   0|   64|          0|
    |tt2_9_fu_220                                                              |  64|   0|   64|          0|
    |tt2_fu_184                                                                |  64|   0|   64|          0|
    +--------------------------------------------------------------------------+----+----+-----+-----------+
    |Total                                                                     |4138|   0| 4138|          0|
    +--------------------------------------------------------------------------+----+----+-----+-----------+



================================================================
== Interface
================================================================
* Summary: 
+---------------------------------+-----+-----+------------+---------------------+--------------+
|            RTL Ports            | Dir | Bits|  Protocol  |    Source Object    |    C Type    |
+---------------------------------+-----+-----+------------+---------------------+--------------+
|ap_clk                           |   in|    1|  ap_ctrl_hs|  fp2mul503_mont.2015|  return value|
|ap_rst                           |   in|    1|  ap_ctrl_hs|  fp2mul503_mont.2015|  return value|
|ap_start                         |   in|    1|  ap_ctrl_hs|  fp2mul503_mont.2015|  return value|
|ap_done                          |  out|    1|  ap_ctrl_hs|  fp2mul503_mont.2015|  return value|
|ap_idle                          |  out|    1|  ap_ctrl_hs|  fp2mul503_mont.2015|  return value|
|ap_ready                         |  out|    1|  ap_ctrl_hs|  fp2mul503_mont.2015|  return value|
|grp_mp_mul_1_fu_3327_p_din1      |  out|   64|  ap_ctrl_hs|  fp2mul503_mont.2015|  return value|
|grp_mp_mul_1_fu_3327_p_din2      |  out|   64|  ap_ctrl_hs|  fp2mul503_mont.2015|  return value|
|grp_mp_mul_1_fu_3327_p_din3      |  out|   64|  ap_ctrl_hs|  fp2mul503_mont.2015|  return value|
|grp_mp_mul_1_fu_3327_p_din4      |  out|   64|  ap_ctrl_hs|  fp2mul503_mont.2015|  return value|
|grp_mp_mul_1_fu_3327_p_din5      |  out|   64|  ap_ctrl_hs|  fp2mul503_mont.2015|  return value|
|grp_mp_mul_1_fu_3327_p_din6      |  out|   64|  ap_ctrl_hs|  fp2mul503_mont.2015|  return value|
|grp_mp_mul_1_fu_3327_p_din7      |  out|   64|  ap_ctrl_hs|  fp2mul503_mont.2015|  return value|
|grp_mp_mul_1_fu_3327_p_din8      |  out|   64|  ap_ctrl_hs|  fp2mul503_mont.2015|  return value|
|grp_mp_mul_1_fu_3327_p_din9      |  out|   64|  ap_ctrl_hs|  fp2mul503_mont.2015|  return value|
|grp_mp_mul_1_fu_3327_p_din10     |  out|   64|  ap_ctrl_hs|  fp2mul503_mont.2015|  return value|
|grp_mp_mul_1_fu_3327_p_din11     |  out|   64|  ap_ctrl_hs|  fp2mul503_mont.2015|  return value|
|grp_mp_mul_1_fu_3327_p_din12     |  out|   64|  ap_ctrl_hs|  fp2mul503_mont.2015|  return value|
|grp_mp_mul_1_fu_3327_p_din13     |  out|   64|  ap_ctrl_hs|  fp2mul503_mont.2015|  return value|
|grp_mp_mul_1_fu_3327_p_din14     |  out|   64|  ap_ctrl_hs|  fp2mul503_mont.2015|  return value|
|grp_mp_mul_1_fu_3327_p_din15     |  out|   64|  ap_ctrl_hs|  fp2mul503_mont.2015|  return value|
|grp_mp_mul_1_fu_3327_p_din16     |  out|   64|  ap_ctrl_hs|  fp2mul503_mont.2015|  return value|
|grp_mp_mul_1_fu_3327_p_dout0_0   |   in|   64|  ap_ctrl_hs|  fp2mul503_mont.2015|  return value|
|grp_mp_mul_1_fu_3327_p_dout0_1   |   in|   64|  ap_ctrl_hs|  fp2mul503_mont.2015|  return value|
|grp_mp_mul_1_fu_3327_p_dout0_2   |   in|   64|  ap_ctrl_hs|  fp2mul503_mont.2015|  return value|
|grp_mp_mul_1_fu_3327_p_dout0_3   |   in|   64|  ap_ctrl_hs|  fp2mul503_mont.2015|  return value|
|grp_mp_mul_1_fu_3327_p_dout0_4   |   in|   64|  ap_ctrl_hs|  fp2mul503_mont.2015|  return value|
|grp_mp_mul_1_fu_3327_p_dout0_5   |   in|   64|  ap_ctrl_hs|  fp2mul503_mont.2015|  return value|
|grp_mp_mul_1_fu_3327_p_dout0_6   |   in|   64|  ap_ctrl_hs|  fp2mul503_mont.2015|  return value|
|grp_mp_mul_1_fu_3327_p_dout0_7   |   in|   64|  ap_ctrl_hs|  fp2mul503_mont.2015|  return value|
|grp_mp_mul_1_fu_3327_p_dout0_8   |   in|   64|  ap_ctrl_hs|  fp2mul503_mont.2015|  return value|
|grp_mp_mul_1_fu_3327_p_dout0_9   |   in|   64|  ap_ctrl_hs|  fp2mul503_mont.2015|  return value|
|grp_mp_mul_1_fu_3327_p_dout0_10  |   in|   64|  ap_ctrl_hs|  fp2mul503_mont.2015|  return value|
|grp_mp_mul_1_fu_3327_p_dout0_11  |   in|   64|  ap_ctrl_hs|  fp2mul503_mont.2015|  return value|
|grp_mp_mul_1_fu_3327_p_dout0_12  |   in|   64|  ap_ctrl_hs|  fp2mul503_mont.2015|  return value|
|grp_mp_mul_1_fu_3327_p_dout0_13  |   in|   64|  ap_ctrl_hs|  fp2mul503_mont.2015|  return value|
|grp_mp_mul_1_fu_3327_p_dout0_14  |   in|   64|  ap_ctrl_hs|  fp2mul503_mont.2015|  return value|
|grp_mp_mul_1_fu_3327_p_dout0_15  |   in|   64|  ap_ctrl_hs|  fp2mul503_mont.2015|  return value|
|grp_mp_mul_1_fu_3327_p_ce        |  out|    1|  ap_ctrl_hs|  fp2mul503_mont.2015|  return value|
|grp_mp_mul_1_fu_3327_p_start     |  out|    1|  ap_ctrl_hs|  fp2mul503_mont.2015|  return value|
|grp_mp_mul_1_fu_3327_p_ready     |   in|    1|  ap_ctrl_hs|  fp2mul503_mont.2015|  return value|
|grp_mp_mul_1_fu_3327_p_done      |   in|    1|  ap_ctrl_hs|  fp2mul503_mont.2015|  return value|
|grp_mp_mul_1_fu_3327_p_idle      |   in|    1|  ap_ctrl_hs|  fp2mul503_mont.2015|  return value|
|a_0_address0                     |  out|    1|   ap_memory|                  a_0|         array|
|a_0_ce0                          |  out|    1|   ap_memory|                  a_0|         array|
|a_0_q0                           |   in|   64|   ap_memory|                  a_0|         array|
|a_1_address0                     |  out|    1|   ap_memory|                  a_1|         array|
|a_1_ce0                          |  out|    1|   ap_memory|                  a_1|         array|
|a_1_q0                           |   in|   64|   ap_memory|                  a_1|         array|
|a_2_address0                     |  out|    1|   ap_memory|                  a_2|         array|
|a_2_ce0                          |  out|    1|   ap_memory|                  a_2|         array|
|a_2_q0                           |   in|   64|   ap_memory|                  a_2|         array|
|a_3_address0                     |  out|    1|   ap_memory|                  a_3|         array|
|a_3_ce0                          |  out|    1|   ap_memory|                  a_3|         array|
|a_3_q0                           |   in|   64|   ap_memory|                  a_3|         array|
|a_4_address0                     |  out|    1|   ap_memory|                  a_4|         array|
|a_4_ce0                          |  out|    1|   ap_memory|                  a_4|         array|
|a_4_q0                           |   in|   64|   ap_memory|                  a_4|         array|
|a_5_address0                     |  out|    1|   ap_memory|                  a_5|         array|
|a_5_ce0                          |  out|    1|   ap_memory|                  a_5|         array|
|a_5_q0                           |   in|   64|   ap_memory|                  a_5|         array|
|a_6_address0                     |  out|    1|   ap_memory|                  a_6|         array|
|a_6_ce0                          |  out|    1|   ap_memory|                  a_6|         array|
|a_6_q0                           |   in|   64|   ap_memory|                  a_6|         array|
|a_7_address0                     |  out|    1|   ap_memory|                  a_7|         array|
|a_7_ce0                          |  out|    1|   ap_memory|                  a_7|         array|
|a_7_q0                           |   in|   64|   ap_memory|                  a_7|         array|
|b_address0                       |  out|    4|   ap_memory|                    b|         array|
|b_ce0                            |  out|    1|   ap_memory|                    b|         array|
|b_q0                             |   in|   64|   ap_memory|                    b|         array|
|b_address1                       |  out|    4|   ap_memory|                    b|         array|
|b_ce1                            |  out|    1|   ap_memory|                    b|         array|
|b_q1                             |   in|   64|   ap_memory|                    b|         array|
|c_address0                       |  out|    4|   ap_memory|                    c|         array|
|c_ce0                            |  out|    1|   ap_memory|                    c|         array|
|c_we0                            |  out|    1|   ap_memory|                    c|         array|
|c_d0                             |  out|   64|   ap_memory|                    c|         array|
|c_q0                             |   in|   64|   ap_memory|                    c|         array|
+---------------------------------+-----+-----+------------+---------------------+--------------+

============================================================
+ Verbose Summary: Synthesis Manager
============================================================
InlineROM: 1
ExposeGlobal: 0
============================================================
+ Verbose Summary: CDFG Model
============================================================
IsTopModel: 0
ResetActiveHigh: 1
IsCombinational: 2
IsDatapathOnly: 2
HasWiredReturn: 1
HasMFsm: 0
HasVarLatency: 1
IsPipeline: 0
IsRtlPipelined: 0
IsInstanceOverlapped: 0
IsDontTouch: 0
HasImplIP: 0
IsGatedGlobalClock: 0


============================================================
+ Verbose Summary: Schedule
============================================================
* Number of FSM states : 31
* Pipeline : 0
* Dataflow Pipeline: 0

* FSM state transitions: 
1 --> 2 
2 --> 3 
3 --> 4 
4 --> 5 
5 --> 6 
6 --> 7 
7 --> 8 
8 --> 9 
9 --> 10 
10 --> 11 
11 --> 12 
12 --> 13 
13 --> 14 
14 --> 15 
15 --> 16 
16 --> 17 
17 --> 18 
18 --> 19 
19 --> 20 
20 --> 21 
21 --> 22 
22 --> 23 
23 --> 24 
24 --> 25 
25 --> 26 
26 --> 27 
27 --> 28 
28 --> 29 
29 --> 30 
30 --> 31 
31 --> 

* FSM state operations: 

State 1 <SV = 0> <Delay = 0.71>
ST_1 : Operation 32 [1/1] (0.00ns)   --->   "%tt1_15_load_loc = alloca i64 1"   --->   Operation 32 'alloca' 'tt1_15_load_loc' <Predicate = true> <Delay = 0.00>
ST_1 : Operation 33 [1/1] (0.00ns)   --->   "%tt1_14_load_loc = alloca i64 1"   --->   Operation 33 'alloca' 'tt1_14_load_loc' <Predicate = true> <Delay = 0.00>
ST_1 : Operation 34 [1/1] (0.00ns)   --->   "%tt1_13_load_loc = alloca i64 1"   --->   Operation 34 'alloca' 'tt1_13_load_loc' <Predicate = true> <Delay = 0.00>
ST_1 : Operation 35 [1/1] (0.00ns)   --->   "%tt1_12_load_loc = alloca i64 1"   --->   Operation 35 'alloca' 'tt1_12_load_loc' <Predicate = true> <Delay = 0.00>
ST_1 : Operation 36 [1/1] (0.00ns)   --->   "%tt1_11_load_loc = alloca i64 1"   --->   Operation 36 'alloca' 'tt1_11_load_loc' <Predicate = true> <Delay = 0.00>
ST_1 : Operation 37 [1/1] (0.00ns)   --->   "%tt1_10_load_loc = alloca i64 1"   --->   Operation 37 'alloca' 'tt1_10_load_loc' <Predicate = true> <Delay = 0.00>
ST_1 : Operation 38 [1/1] (0.00ns)   --->   "%tt1_9_load_loc = alloca i64 1"   --->   Operation 38 'alloca' 'tt1_9_load_loc' <Predicate = true> <Delay = 0.00>
ST_1 : Operation 39 [1/1] (0.00ns)   --->   "%tt1_8_load_loc = alloca i64 1"   --->   Operation 39 'alloca' 'tt1_8_load_loc' <Predicate = true> <Delay = 0.00>
ST_1 : Operation 40 [1/1] (0.00ns)   --->   "%tt1_7_load_loc = alloca i64 1"   --->   Operation 40 'alloca' 'tt1_7_load_loc' <Predicate = true> <Delay = 0.00>
ST_1 : Operation 41 [1/1] (0.00ns)   --->   "%tt1_6_load_loc = alloca i64 1"   --->   Operation 41 'alloca' 'tt1_6_load_loc' <Predicate = true> <Delay = 0.00>
ST_1 : Operation 42 [1/1] (0.00ns)   --->   "%tt1_5_load_loc = alloca i64 1"   --->   Operation 42 'alloca' 'tt1_5_load_loc' <Predicate = true> <Delay = 0.00>
ST_1 : Operation 43 [1/1] (0.00ns)   --->   "%tt1_4_load_loc = alloca i64 1"   --->   Operation 43 'alloca' 'tt1_4_load_loc' <Predicate = true> <Delay = 0.00>
ST_1 : Operation 44 [1/1] (0.00ns)   --->   "%tt1_3_load_loc = alloca i64 1"   --->   Operation 44 'alloca' 'tt1_3_load_loc' <Predicate = true> <Delay = 0.00>
ST_1 : Operation 45 [1/1] (0.00ns)   --->   "%tt1_2_load_loc = alloca i64 1"   --->   Operation 45 'alloca' 'tt1_2_load_loc' <Predicate = true> <Delay = 0.00>
ST_1 : Operation 46 [1/1] (0.00ns)   --->   "%tt1_1_load_loc = alloca i64 1"   --->   Operation 46 'alloca' 'tt1_1_load_loc' <Predicate = true> <Delay = 0.00>
ST_1 : Operation 47 [1/1] (0.00ns)   --->   "%tt1_load_loc = alloca i64 1"   --->   Operation 47 'alloca' 'tt1_load_loc' <Predicate = true> <Delay = 0.00>
ST_1 : Operation 48 [1/1] (0.00ns)   --->   "%borrow_loc = alloca i64 1"   --->   Operation 48 'alloca' 'borrow_loc' <Predicate = true> <Delay = 0.00>
ST_1 : Operation 49 [1/1] (0.00ns)   --->   "%t2_213_loc = alloca i64 1"   --->   Operation 49 'alloca' 't2_213_loc' <Predicate = true> <Delay = 0.00>
ST_1 : Operation 50 [1/1] (0.00ns)   --->   "%t2_212_loc = alloca i64 1"   --->   Operation 50 'alloca' 't2_212_loc' <Predicate = true> <Delay = 0.00>
ST_1 : Operation 51 [1/1] (0.00ns)   --->   "%t2_211_loc = alloca i64 1"   --->   Operation 51 'alloca' 't2_211_loc' <Predicate = true> <Delay = 0.00>
ST_1 : Operation 52 [1/1] (0.00ns)   --->   "%t2_210_loc = alloca i64 1"   --->   Operation 52 'alloca' 't2_210_loc' <Predicate = true> <Delay = 0.00>
ST_1 : Operation 53 [1/1] (0.00ns)   --->   "%t2_209_loc = alloca i64 1"   --->   Operation 53 'alloca' 't2_209_loc' <Predicate = true> <Delay = 0.00>
ST_1 : Operation 54 [1/1] (0.00ns)   --->   "%t2_208_loc = alloca i64 1"   --->   Operation 54 'alloca' 't2_208_loc' <Predicate = true> <Delay = 0.00>
ST_1 : Operation 55 [1/1] (0.00ns)   --->   "%t2_207_loc = alloca i64 1"   --->   Operation 55 'alloca' 't2_207_loc' <Predicate = true> <Delay = 0.00>
ST_1 : Operation 56 [1/1] (0.00ns)   --->   "%t2_loc = alloca i64 1"   --->   Operation 56 'alloca' 't2_loc' <Predicate = true> <Delay = 0.00>
ST_1 : Operation 57 [1/1] (0.00ns)   --->   "%t1_196_loc = alloca i64 1"   --->   Operation 57 'alloca' 't1_196_loc' <Predicate = true> <Delay = 0.00>
ST_1 : Operation 58 [1/1] (0.00ns)   --->   "%t1_195_loc = alloca i64 1"   --->   Operation 58 'alloca' 't1_195_loc' <Predicate = true> <Delay = 0.00>
ST_1 : Operation 59 [1/1] (0.00ns)   --->   "%t1_194_loc = alloca i64 1"   --->   Operation 59 'alloca' 't1_194_loc' <Predicate = true> <Delay = 0.00>
ST_1 : Operation 60 [1/1] (0.00ns)   --->   "%t1_193_loc = alloca i64 1"   --->   Operation 60 'alloca' 't1_193_loc' <Predicate = true> <Delay = 0.00>
ST_1 : Operation 61 [1/1] (0.00ns)   --->   "%t1_192_loc = alloca i64 1"   --->   Operation 61 'alloca' 't1_192_loc' <Predicate = true> <Delay = 0.00>
ST_1 : Operation 62 [1/1] (0.00ns)   --->   "%t1_191_loc = alloca i64 1"   --->   Operation 62 'alloca' 't1_191_loc' <Predicate = true> <Delay = 0.00>
ST_1 : Operation 63 [1/1] (0.00ns)   --->   "%t1_190_loc = alloca i64 1"   --->   Operation 63 'alloca' 't1_190_loc' <Predicate = true> <Delay = 0.00>
ST_1 : Operation 64 [1/1] (0.00ns)   --->   "%t1_loc = alloca i64 1"   --->   Operation 64 'alloca' 't1_loc' <Predicate = true> <Delay = 0.00>
ST_1 : Operation 65 [1/1] (0.00ns)   --->   "%tt2 = alloca i64 1" [src/fpx.cpp:170]   --->   Operation 65 'alloca' 'tt2' <Predicate = true> <Delay = 0.00>
ST_1 : Operation 66 [1/1] (0.00ns)   --->   "%tt2_1 = alloca i64 1" [src/fpx.cpp:170]   --->   Operation 66 'alloca' 'tt2_1' <Predicate = true> <Delay = 0.00>
ST_1 : Operation 67 [1/1] (0.00ns)   --->   "%tt2_2 = alloca i64 1" [src/fpx.cpp:170]   --->   Operation 67 'alloca' 'tt2_2' <Predicate = true> <Delay = 0.00>
ST_1 : Operation 68 [1/1] (0.00ns)   --->   "%tt2_3 = alloca i64 1" [src/fpx.cpp:170]   --->   Operation 68 'alloca' 'tt2_3' <Predicate = true> <Delay = 0.00>
ST_1 : Operation 69 [1/1] (0.00ns)   --->   "%tt2_4 = alloca i64 1" [src/fpx.cpp:170]   --->   Operation 69 'alloca' 'tt2_4' <Predicate = true> <Delay = 0.00>
ST_1 : Operation 70 [1/1] (0.00ns)   --->   "%tt2_5 = alloca i64 1" [src/fpx.cpp:170]   --->   Operation 70 'alloca' 'tt2_5' <Predicate = true> <Delay = 0.00>
ST_1 : Operation 71 [1/1] (0.00ns)   --->   "%tt2_6 = alloca i64 1" [src/fpx.cpp:170]   --->   Operation 71 'alloca' 'tt2_6' <Predicate = true> <Delay = 0.00>
ST_1 : Operation 72 [1/1] (0.00ns)   --->   "%tt2_7 = alloca i64 1" [src/fpx.cpp:170]   --->   Operation 72 'alloca' 'tt2_7' <Predicate = true> <Delay = 0.00>
ST_1 : Operation 73 [1/1] (0.00ns)   --->   "%tt2_8 = alloca i64 1" [src/fpx.cpp:170]   --->   Operation 73 'alloca' 'tt2_8' <Predicate = true> <Delay = 0.00>
ST_1 : Operation 74 [1/1] (0.00ns)   --->   "%tt2_9 = alloca i64 1" [src/fpx.cpp:170]   --->   Operation 74 'alloca' 'tt2_9' <Predicate = true> <Delay = 0.00>
ST_1 : Operation 75 [1/1] (0.00ns)   --->   "%tt2_10 = alloca i64 1" [src/fpx.cpp:170]   --->   Operation 75 'alloca' 'tt2_10' <Predicate = true> <Delay = 0.00>
ST_1 : Operation 76 [1/1] (0.00ns)   --->   "%tt2_11 = alloca i64 1" [src/fpx.cpp:170]   --->   Operation 76 'alloca' 'tt2_11' <Predicate = true> <Delay = 0.00>
ST_1 : Operation 77 [1/1] (0.00ns)   --->   "%tt2_12 = alloca i64 1" [src/fpx.cpp:170]   --->   Operation 77 'alloca' 'tt2_12' <Predicate = true> <Delay = 0.00>
ST_1 : Operation 78 [1/1] (0.00ns)   --->   "%tt2_13 = alloca i64 1" [src/fpx.cpp:170]   --->   Operation 78 'alloca' 'tt2_13' <Predicate = true> <Delay = 0.00>
ST_1 : Operation 79 [1/1] (0.00ns)   --->   "%tt2_14 = alloca i64 1" [src/fpx.cpp:170]   --->   Operation 79 'alloca' 'tt2_14' <Predicate = true> <Delay = 0.00>
ST_1 : Operation 80 [1/1] (0.00ns)   --->   "%tt2_15 = alloca i64 1" [src/fpx.cpp:170]   --->   Operation 80 'alloca' 'tt2_15' <Predicate = true> <Delay = 0.00>
ST_1 : Operation 81 [1/1] (0.71ns)   --->   "%tt3 = alloca i64 1" [src/fpx.cpp:170]   --->   Operation 81 'alloca' 'tt3' <Predicate = true> <Delay = 0.71>
ST_1 : Operation 82 [1/1] (0.00ns)   --->   "%a_0_addr = getelementptr i64 %a_0, i64 0, i64 0" [src/fpx.cpp:174]   --->   Operation 82 'getelementptr' 'a_0_addr' <Predicate = true> <Delay = 0.00>
ST_1 : Operation 83 [1/1] (0.00ns)   --->   "%a_1_addr = getelementptr i64 %a_1, i64 0, i64 0" [src/fpx.cpp:174]   --->   Operation 83 'getelementptr' 'a_1_addr' <Predicate = true> <Delay = 0.00>
ST_1 : Operation 84 [1/1] (0.00ns)   --->   "%a_2_addr = getelementptr i64 %a_2, i64 0, i64 0" [src/fpx.cpp:174]   --->   Operation 84 'getelementptr' 'a_2_addr' <Predicate = true> <Delay = 0.00>
ST_1 : Operation 85 [1/1] (0.00ns)   --->   "%a_3_addr = getelementptr i64 %a_3, i64 0, i64 0" [src/fpx.cpp:174]   --->   Operation 85 'getelementptr' 'a_3_addr' <Predicate = true> <Delay = 0.00>
ST_1 : Operation 86 [1/1] (0.00ns)   --->   "%a_4_addr = getelementptr i64 %a_4, i64 0, i64 0" [src/fpx.cpp:174]   --->   Operation 86 'getelementptr' 'a_4_addr' <Predicate = true> <Delay = 0.00>
ST_1 : Operation 87 [1/1] (0.00ns)   --->   "%a_5_addr = getelementptr i64 %a_5, i64 0, i64 0" [src/fpx.cpp:174]   --->   Operation 87 'getelementptr' 'a_5_addr' <Predicate = true> <Delay = 0.00>
ST_1 : Operation 88 [1/1] (0.00ns)   --->   "%a_6_addr = getelementptr i64 %a_6, i64 0, i64 0" [src/fpx.cpp:174]   --->   Operation 88 'getelementptr' 'a_6_addr' <Predicate = true> <Delay = 0.00>
ST_1 : Operation 89 [1/1] (0.00ns)   --->   "%a_7_addr = getelementptr i64 %a_7, i64 0, i64 0" [src/fpx.cpp:174]   --->   Operation 89 'getelementptr' 'a_7_addr' <Predicate = true> <Delay = 0.00>
ST_1 : Operation 90 [2/2] (0.71ns)   --->   "%a_0_load = load i1 %a_0_addr" [src/fpx.cpp:174]   --->   Operation 90 'load' 'a_0_load' <Predicate = true> <Delay = 0.71> <CoreInst = "RAM">   --->   Core 82 'RAM' <Latency = 1> <II = 1> <Delay = 0.71> <Storage> <Opcode : 'load' 'store'> <Ports = 2> <Width = 64> <Depth = 2> <RAM>
ST_1 : Operation 91 [2/2] (0.71ns)   --->   "%a_1_load = load i1 %a_1_addr" [src/fpx.cpp:174]   --->   Operation 91 'load' 'a_1_load' <Predicate = true> <Delay = 0.71> <CoreInst = "RAM">   --->   Core 82 'RAM' <Latency = 1> <II = 1> <Delay = 0.71> <Storage> <Opcode : 'load' 'store'> <Ports = 2> <Width = 64> <Depth = 2> <RAM>
ST_1 : Operation 92 [2/2] (0.71ns)   --->   "%a_2_load = load i1 %a_2_addr" [src/fpx.cpp:174]   --->   Operation 92 'load' 'a_2_load' <Predicate = true> <Delay = 0.71> <CoreInst = "RAM">   --->   Core 82 'RAM' <Latency = 1> <II = 1> <Delay = 0.71> <Storage> <Opcode : 'load' 'store'> <Ports = 2> <Width = 64> <Depth = 2> <RAM>
ST_1 : Operation 93 [2/2] (0.71ns)   --->   "%a_3_load = load i1 %a_3_addr" [src/fpx.cpp:174]   --->   Operation 93 'load' 'a_3_load' <Predicate = true> <Delay = 0.71> <CoreInst = "RAM">   --->   Core 82 'RAM' <Latency = 1> <II = 1> <Delay = 0.71> <Storage> <Opcode : 'load' 'store'> <Ports = 2> <Width = 64> <Depth = 2> <RAM>
ST_1 : Operation 94 [2/2] (0.71ns)   --->   "%a_4_load = load i1 %a_4_addr" [src/fpx.cpp:174]   --->   Operation 94 'load' 'a_4_load' <Predicate = true> <Delay = 0.71> <CoreInst = "RAM">   --->   Core 82 'RAM' <Latency = 1> <II = 1> <Delay = 0.71> <Storage> <Opcode : 'load' 'store'> <Ports = 2> <Width = 64> <Depth = 2> <RAM>
ST_1 : Operation 95 [2/2] (0.71ns)   --->   "%a_5_load = load i1 %a_5_addr" [src/fpx.cpp:174]   --->   Operation 95 'load' 'a_5_load' <Predicate = true> <Delay = 0.71> <CoreInst = "RAM">   --->   Core 82 'RAM' <Latency = 1> <II = 1> <Delay = 0.71> <Storage> <Opcode : 'load' 'store'> <Ports = 2> <Width = 64> <Depth = 2> <RAM>
ST_1 : Operation 96 [2/2] (0.71ns)   --->   "%a_6_load = load i1 %a_6_addr" [src/fpx.cpp:174]   --->   Operation 96 'load' 'a_6_load' <Predicate = true> <Delay = 0.71> <CoreInst = "RAM">   --->   Core 82 'RAM' <Latency = 1> <II = 1> <Delay = 0.71> <Storage> <Opcode : 'load' 'store'> <Ports = 2> <Width = 64> <Depth = 2> <RAM>
ST_1 : Operation 97 [2/2] (0.71ns)   --->   "%a_7_load = load i1 %a_7_addr" [src/fpx.cpp:174]   --->   Operation 97 'load' 'a_7_load' <Predicate = true> <Delay = 0.71> <CoreInst = "RAM">   --->   Core 82 'RAM' <Latency = 1> <II = 1> <Delay = 0.71> <Storage> <Opcode : 'load' 'store'> <Ports = 2> <Width = 64> <Depth = 2> <RAM>

State 2 <SV = 1> <Delay = 6.78>
ST_2 : Operation 98 [1/2] ( I:0.71ns O:0.71ns )   --->   "%a_0_load = load i1 %a_0_addr" [src/fpx.cpp:174]   --->   Operation 98 'load' 'a_0_load' <Predicate = true> <Delay = 0.71> <CoreInst = "RAM">   --->   Core 82 'RAM' <Latency = 1> <II = 1> <Delay = 0.71> <Storage> <Opcode : 'load' 'store'> <Ports = 2> <Width = 64> <Depth = 2> <RAM>
ST_2 : Operation 99 [1/2] ( I:0.71ns O:0.71ns )   --->   "%a_1_load = load i1 %a_1_addr" [src/fpx.cpp:174]   --->   Operation 99 'load' 'a_1_load' <Predicate = true> <Delay = 0.71> <CoreInst = "RAM">   --->   Core 82 'RAM' <Latency = 1> <II = 1> <Delay = 0.71> <Storage> <Opcode : 'load' 'store'> <Ports = 2> <Width = 64> <Depth = 2> <RAM>
ST_2 : Operation 100 [1/2] ( I:0.71ns O:0.71ns )   --->   "%a_2_load = load i1 %a_2_addr" [src/fpx.cpp:174]   --->   Operation 100 'load' 'a_2_load' <Predicate = true> <Delay = 0.71> <CoreInst = "RAM">   --->   Core 82 'RAM' <Latency = 1> <II = 1> <Delay = 0.71> <Storage> <Opcode : 'load' 'store'> <Ports = 2> <Width = 64> <Depth = 2> <RAM>
ST_2 : Operation 101 [1/2] ( I:0.71ns O:0.71ns )   --->   "%a_3_load = load i1 %a_3_addr" [src/fpx.cpp:174]   --->   Operation 101 'load' 'a_3_load' <Predicate = true> <Delay = 0.71> <CoreInst = "RAM">   --->   Core 82 'RAM' <Latency = 1> <II = 1> <Delay = 0.71> <Storage> <Opcode : 'load' 'store'> <Ports = 2> <Width = 64> <Depth = 2> <RAM>
ST_2 : Operation 102 [1/2] ( I:0.71ns O:0.71ns )   --->   "%a_4_load = load i1 %a_4_addr" [src/fpx.cpp:174]   --->   Operation 102 'load' 'a_4_load' <Predicate = true> <Delay = 0.71> <CoreInst = "RAM">   --->   Core 82 'RAM' <Latency = 1> <II = 1> <Delay = 0.71> <Storage> <Opcode : 'load' 'store'> <Ports = 2> <Width = 64> <Depth = 2> <RAM>
ST_2 : Operation 103 [1/2] ( I:0.71ns O:0.71ns )   --->   "%a_5_load = load i1 %a_5_addr" [src/fpx.cpp:174]   --->   Operation 103 'load' 'a_5_load' <Predicate = true> <Delay = 0.71> <CoreInst = "RAM">   --->   Core 82 'RAM' <Latency = 1> <II = 1> <Delay = 0.71> <Storage> <Opcode : 'load' 'store'> <Ports = 2> <Width = 64> <Depth = 2> <RAM>
ST_2 : Operation 104 [1/2] ( I:0.71ns O:0.71ns )   --->   "%a_6_load = load i1 %a_6_addr" [src/fpx.cpp:174]   --->   Operation 104 'load' 'a_6_load' <Predicate = true> <Delay = 0.71> <CoreInst = "RAM">   --->   Core 82 'RAM' <Latency = 1> <II = 1> <Delay = 0.71> <Storage> <Opcode : 'load' 'store'> <Ports = 2> <Width = 64> <Depth = 2> <RAM>
ST_2 : Operation 105 [1/2] ( I:0.71ns O:0.71ns )   --->   "%a_7_load = load i1 %a_7_addr" [src/fpx.cpp:174]   --->   Operation 105 'load' 'a_7_load' <Predicate = true> <Delay = 0.71> <CoreInst = "RAM">   --->   Core 82 'RAM' <Latency = 1> <II = 1> <Delay = 0.71> <Storage> <Opcode : 'load' 'store'> <Ports = 2> <Width = 64> <Depth = 2> <RAM>
ST_2 : Operation 106 [10/10] (6.07ns)   --->   "%tmp_378 = call i1024 @mp_mul.5362, i64 %a_0_load, i64 %a_1_load, i64 %a_2_load, i64 %a_3_load, i64 %a_4_load, i64 %a_5_load, i64 %a_6_load, i64 %a_7_load, i64 %b, i1 0" [src/fpx.cpp:174]   --->   Operation 106 'call' 'tmp_378' <Predicate = true> <Delay = 6.07> <CoreType = "Generic">   --->   Generic Core

State 3 <SV = 2> <Delay = 7.23>
ST_3 : Operation 107 [9/10] (7.23ns)   --->   "%tmp_378 = call i1024 @mp_mul.5362, i64 %a_0_load, i64 %a_1_load, i64 %a_2_load, i64 %a_3_load, i64 %a_4_load, i64 %a_5_load, i64 %a_6_load, i64 %a_7_load, i64 %b, i1 0" [src/fpx.cpp:174]   --->   Operation 107 'call' 'tmp_378' <Predicate = true> <Delay = 7.23> <CoreType = "Generic">   --->   Generic Core

State 4 <SV = 3> <Delay = 7.23>
ST_4 : Operation 108 [8/10] (7.23ns)   --->   "%tmp_378 = call i1024 @mp_mul.5362, i64 %a_0_load, i64 %a_1_load, i64 %a_2_load, i64 %a_3_load, i64 %a_4_load, i64 %a_5_load, i64 %a_6_load, i64 %a_7_load, i64 %b, i1 0" [src/fpx.cpp:174]   --->   Operation 108 'call' 'tmp_378' <Predicate = true> <Delay = 7.23> <CoreType = "Generic">   --->   Generic Core

State 5 <SV = 4> <Delay = 7.23>
ST_5 : Operation 109 [7/10] (7.23ns)   --->   "%tmp_378 = call i1024 @mp_mul.5362, i64 %a_0_load, i64 %a_1_load, i64 %a_2_load, i64 %a_3_load, i64 %a_4_load, i64 %a_5_load, i64 %a_6_load, i64 %a_7_load, i64 %b, i1 0" [src/fpx.cpp:174]   --->   Operation 109 'call' 'tmp_378' <Predicate = true> <Delay = 7.23> <CoreType = "Generic">   --->   Generic Core

State 6 <SV = 5> <Delay = 7.23>
ST_6 : Operation 110 [6/10] (7.23ns)   --->   "%tmp_378 = call i1024 @mp_mul.5362, i64 %a_0_load, i64 %a_1_load, i64 %a_2_load, i64 %a_3_load, i64 %a_4_load, i64 %a_5_load, i64 %a_6_load, i64 %a_7_load, i64 %b, i1 0" [src/fpx.cpp:174]   --->   Operation 110 'call' 'tmp_378' <Predicate = true> <Delay = 7.23> <CoreType = "Generic">   --->   Generic Core

State 7 <SV = 6> <Delay = 7.23>
ST_7 : Operation 111 [5/10] (7.23ns)   --->   "%tmp_378 = call i1024 @mp_mul.5362, i64 %a_0_load, i64 %a_1_load, i64 %a_2_load, i64 %a_3_load, i64 %a_4_load, i64 %a_5_load, i64 %a_6_load, i64 %a_7_load, i64 %b, i1 0" [src/fpx.cpp:174]   --->   Operation 111 'call' 'tmp_378' <Predicate = true> <Delay = 7.23> <CoreType = "Generic">   --->   Generic Core

State 8 <SV = 7> <Delay = 7.23>
ST_8 : Operation 112 [4/10] (7.23ns)   --->   "%tmp_378 = call i1024 @mp_mul.5362, i64 %a_0_load, i64 %a_1_load, i64 %a_2_load, i64 %a_3_load, i64 %a_4_load, i64 %a_5_load, i64 %a_6_load, i64 %a_7_load, i64 %b, i1 0" [src/fpx.cpp:174]   --->   Operation 112 'call' 'tmp_378' <Predicate = true> <Delay = 7.23> <CoreType = "Generic">   --->   Generic Core

State 9 <SV = 8> <Delay = 7.23>
ST_9 : Operation 113 [3/10] (7.23ns)   --->   "%tmp_378 = call i1024 @mp_mul.5362, i64 %a_0_load, i64 %a_1_load, i64 %a_2_load, i64 %a_3_load, i64 %a_4_load, i64 %a_5_load, i64 %a_6_load, i64 %a_7_load, i64 %b, i1 0" [src/fpx.cpp:174]   --->   Operation 113 'call' 'tmp_378' <Predicate = true> <Delay = 7.23> <CoreType = "Generic">   --->   Generic Core

State 10 <SV = 9> <Delay = 7.23>
ST_10 : Operation 114 [2/10] (7.23ns)   --->   "%tmp_378 = call i1024 @mp_mul.5362, i64 %a_0_load, i64 %a_1_load, i64 %a_2_load, i64 %a_3_load, i64 %a_4_load, i64 %a_5_load, i64 %a_6_load, i64 %a_7_load, i64 %b, i1 0" [src/fpx.cpp:174]   --->   Operation 114 'call' 'tmp_378' <Predicate = true> <Delay = 7.23> <CoreType = "Generic">   --->   Generic Core

State 11 <SV = 10> <Delay = 4.34>
ST_11 : Operation 115 [1/10] (4.34ns)   --->   "%tmp_378 = call i1024 @mp_mul.5362, i64 %a_0_load, i64 %a_1_load, i64 %a_2_load, i64 %a_3_load, i64 %a_4_load, i64 %a_5_load, i64 %a_6_load, i64 %a_7_load, i64 %b, i1 0" [src/fpx.cpp:174]   --->   Operation 115 'call' 'tmp_378' <Predicate = true> <Delay = 4.34> <CoreType = "Generic">   --->   Generic Core
ST_11 : Operation 116 [1/1] (0.00ns)   --->   "%tt1 = extractvalue i1024 %tmp_378" [src/fpx.cpp:174]   --->   Operation 116 'extractvalue' 'tt1' <Predicate = true> <Delay = 0.00>
ST_11 : Operation 117 [1/1] (0.00ns)   --->   "%tt1_615 = extractvalue i1024 %tmp_378" [src/fpx.cpp:174]   --->   Operation 117 'extractvalue' 'tt1_615' <Predicate = true> <Delay = 0.00>
ST_11 : Operation 118 [1/1] (0.00ns)   --->   "%tt1_616 = extractvalue i1024 %tmp_378" [src/fpx.cpp:174]   --->   Operation 118 'extractvalue' 'tt1_616' <Predicate = true> <Delay = 0.00>
ST_11 : Operation 119 [1/1] (0.00ns)   --->   "%tt1_617 = extractvalue i1024 %tmp_378" [src/fpx.cpp:174]   --->   Operation 119 'extractvalue' 'tt1_617' <Predicate = true> <Delay = 0.00>
ST_11 : Operation 120 [1/1] (0.00ns)   --->   "%tt1_618 = extractvalue i1024 %tmp_378" [src/fpx.cpp:174]   --->   Operation 120 'extractvalue' 'tt1_618' <Predicate = true> <Delay = 0.00>
ST_11 : Operation 121 [1/1] (0.00ns)   --->   "%tt1_619 = extractvalue i1024 %tmp_378" [src/fpx.cpp:174]   --->   Operation 121 'extractvalue' 'tt1_619' <Predicate = true> <Delay = 0.00>
ST_11 : Operation 122 [1/1] (0.00ns)   --->   "%tt1_620 = extractvalue i1024 %tmp_378" [src/fpx.cpp:174]   --->   Operation 122 'extractvalue' 'tt1_620' <Predicate = true> <Delay = 0.00>
ST_11 : Operation 123 [1/1] (0.00ns)   --->   "%tt1_621 = extractvalue i1024 %tmp_378" [src/fpx.cpp:174]   --->   Operation 123 'extractvalue' 'tt1_621' <Predicate = true> <Delay = 0.00>
ST_11 : Operation 124 [1/1] (0.00ns)   --->   "%tt1_622 = extractvalue i1024 %tmp_378" [src/fpx.cpp:174]   --->   Operation 124 'extractvalue' 'tt1_622' <Predicate = true> <Delay = 0.00>
ST_11 : Operation 125 [1/1] (0.00ns)   --->   "%tt1_623 = extractvalue i1024 %tmp_378" [src/fpx.cpp:174]   --->   Operation 125 'extractvalue' 'tt1_623' <Predicate = true> <Delay = 0.00>
ST_11 : Operation 126 [1/1] (0.00ns)   --->   "%tt1_624 = extractvalue i1024 %tmp_378" [src/fpx.cpp:174]   --->   Operation 126 'extractvalue' 'tt1_624' <Predicate = true> <Delay = 0.00>
ST_11 : Operation 127 [1/1] (0.00ns)   --->   "%tt1_625 = extractvalue i1024 %tmp_378" [src/fpx.cpp:174]   --->   Operation 127 'extractvalue' 'tt1_625' <Predicate = true> <Delay = 0.00>
ST_11 : Operation 128 [1/1] (0.00ns)   --->   "%tt1_626 = extractvalue i1024 %tmp_378" [src/fpx.cpp:174]   --->   Operation 128 'extractvalue' 'tt1_626' <Predicate = true> <Delay = 0.00>
ST_11 : Operation 129 [1/1] (0.00ns)   --->   "%tt1_627 = extractvalue i1024 %tmp_378" [src/fpx.cpp:174]   --->   Operation 129 'extractvalue' 'tt1_627' <Predicate = true> <Delay = 0.00>
ST_11 : Operation 130 [1/1] (0.00ns)   --->   "%tt1_628 = extractvalue i1024 %tmp_378" [src/fpx.cpp:174]   --->   Operation 130 'extractvalue' 'tt1_628' <Predicate = true> <Delay = 0.00>
ST_11 : Operation 131 [1/1] (0.00ns)   --->   "%tt1_629 = extractvalue i1024 %tmp_378" [src/fpx.cpp:174]   --->   Operation 131 'extractvalue' 'tt1_629' <Predicate = true> <Delay = 0.00>
ST_11 : Operation 132 [1/1] (0.00ns)   --->   "%a_0_addr_3 = getelementptr i64 %a_0, i64 0, i64 1" [src/fpx.cpp:175]   --->   Operation 132 'getelementptr' 'a_0_addr_3' <Predicate = true> <Delay = 0.00>
ST_11 : Operation 133 [1/1] (0.00ns)   --->   "%a_1_addr_3 = getelementptr i64 %a_1, i64 0, i64 1" [src/fpx.cpp:175]   --->   Operation 133 'getelementptr' 'a_1_addr_3' <Predicate = true> <Delay = 0.00>
ST_11 : Operation 134 [1/1] (0.00ns)   --->   "%a_2_addr_3 = getelementptr i64 %a_2, i64 0, i64 1" [src/fpx.cpp:175]   --->   Operation 134 'getelementptr' 'a_2_addr_3' <Predicate = true> <Delay = 0.00>
ST_11 : Operation 135 [1/1] (0.00ns)   --->   "%a_3_addr_3 = getelementptr i64 %a_3, i64 0, i64 1" [src/fpx.cpp:175]   --->   Operation 135 'getelementptr' 'a_3_addr_3' <Predicate = true> <Delay = 0.00>
ST_11 : Operation 136 [1/1] (0.00ns)   --->   "%a_4_addr_3 = getelementptr i64 %a_4, i64 0, i64 1" [src/fpx.cpp:175]   --->   Operation 136 'getelementptr' 'a_4_addr_3' <Predicate = true> <Delay = 0.00>
ST_11 : Operation 137 [1/1] (0.00ns)   --->   "%a_5_addr_3 = getelementptr i64 %a_5, i64 0, i64 1" [src/fpx.cpp:175]   --->   Operation 137 'getelementptr' 'a_5_addr_3' <Predicate = true> <Delay = 0.00>
ST_11 : Operation 138 [1/1] (0.00ns)   --->   "%a_6_addr_3 = getelementptr i64 %a_6, i64 0, i64 1" [src/fpx.cpp:175]   --->   Operation 138 'getelementptr' 'a_6_addr_3' <Predicate = true> <Delay = 0.00>
ST_11 : Operation 139 [1/1] (0.00ns)   --->   "%a_7_addr_3 = getelementptr i64 %a_7, i64 0, i64 1" [src/fpx.cpp:175]   --->   Operation 139 'getelementptr' 'a_7_addr_3' <Predicate = true> <Delay = 0.00>
ST_11 : Operation 140 [2/2] (0.71ns)   --->   "%a_0_load_3 = load i1 %a_0_addr_3" [src/fpx.cpp:175]   --->   Operation 140 'load' 'a_0_load_3' <Predicate = true> <Delay = 0.71> <CoreInst = "RAM">   --->   Core 82 'RAM' <Latency = 1> <II = 1> <Delay = 0.71> <Storage> <Opcode : 'load' 'store'> <Ports = 2> <Width = 64> <Depth = 2> <RAM>
ST_11 : Operation 141 [2/2] (0.71ns)   --->   "%a_1_load_3 = load i1 %a_1_addr_3" [src/fpx.cpp:175]   --->   Operation 141 'load' 'a_1_load_3' <Predicate = true> <Delay = 0.71> <CoreInst = "RAM">   --->   Core 82 'RAM' <Latency = 1> <II = 1> <Delay = 0.71> <Storage> <Opcode : 'load' 'store'> <Ports = 2> <Width = 64> <Depth = 2> <RAM>
ST_11 : Operation 142 [2/2] (0.71ns)   --->   "%a_2_load_3 = load i1 %a_2_addr_3" [src/fpx.cpp:175]   --->   Operation 142 'load' 'a_2_load_3' <Predicate = true> <Delay = 0.71> <CoreInst = "RAM">   --->   Core 82 'RAM' <Latency = 1> <II = 1> <Delay = 0.71> <Storage> <Opcode : 'load' 'store'> <Ports = 2> <Width = 64> <Depth = 2> <RAM>
ST_11 : Operation 143 [2/2] (0.71ns)   --->   "%a_3_load_3 = load i1 %a_3_addr_3" [src/fpx.cpp:175]   --->   Operation 143 'load' 'a_3_load_3' <Predicate = true> <Delay = 0.71> <CoreInst = "RAM">   --->   Core 82 'RAM' <Latency = 1> <II = 1> <Delay = 0.71> <Storage> <Opcode : 'load' 'store'> <Ports = 2> <Width = 64> <Depth = 2> <RAM>
ST_11 : Operation 144 [2/2] (0.71ns)   --->   "%a_4_load_3 = load i1 %a_4_addr_3" [src/fpx.cpp:175]   --->   Operation 144 'load' 'a_4_load_3' <Predicate = true> <Delay = 0.71> <CoreInst = "RAM">   --->   Core 82 'RAM' <Latency = 1> <II = 1> <Delay = 0.71> <Storage> <Opcode : 'load' 'store'> <Ports = 2> <Width = 64> <Depth = 2> <RAM>
ST_11 : Operation 145 [2/2] (0.71ns)   --->   "%a_5_load_3 = load i1 %a_5_addr_3" [src/fpx.cpp:175]   --->   Operation 145 'load' 'a_5_load_3' <Predicate = true> <Delay = 0.71> <CoreInst = "RAM">   --->   Core 82 'RAM' <Latency = 1> <II = 1> <Delay = 0.71> <Storage> <Opcode : 'load' 'store'> <Ports = 2> <Width = 64> <Depth = 2> <RAM>
ST_11 : Operation 146 [2/2] (0.71ns)   --->   "%a_6_load_3 = load i1 %a_6_addr_3" [src/fpx.cpp:175]   --->   Operation 146 'load' 'a_6_load_3' <Predicate = true> <Delay = 0.71> <CoreInst = "RAM">   --->   Core 82 'RAM' <Latency = 1> <II = 1> <Delay = 0.71> <Storage> <Opcode : 'load' 'store'> <Ports = 2> <Width = 64> <Depth = 2> <RAM>
ST_11 : Operation 147 [2/2] (0.71ns)   --->   "%a_7_load_3 = load i1 %a_7_addr_3" [src/fpx.cpp:175]   --->   Operation 147 'load' 'a_7_load_3' <Predicate = true> <Delay = 0.71> <CoreInst = "RAM">   --->   Core 82 'RAM' <Latency = 1> <II = 1> <Delay = 0.71> <Storage> <Opcode : 'load' 'store'> <Ports = 2> <Width = 64> <Depth = 2> <RAM>

State 12 <SV = 11> <Delay = 6.78>
ST_12 : Operation 148 [1/2] ( I:0.71ns O:0.71ns )   --->   "%a_0_load_3 = load i1 %a_0_addr_3" [src/fpx.cpp:175]   --->   Operation 148 'load' 'a_0_load_3' <Predicate = true> <Delay = 0.71> <CoreInst = "RAM">   --->   Core 82 'RAM' <Latency = 1> <II = 1> <Delay = 0.71> <Storage> <Opcode : 'load' 'store'> <Ports = 2> <Width = 64> <Depth = 2> <RAM>
ST_12 : Operation 149 [1/2] ( I:0.71ns O:0.71ns )   --->   "%a_1_load_3 = load i1 %a_1_addr_3" [src/fpx.cpp:175]   --->   Operation 149 'load' 'a_1_load_3' <Predicate = true> <Delay = 0.71> <CoreInst = "RAM">   --->   Core 82 'RAM' <Latency = 1> <II = 1> <Delay = 0.71> <Storage> <Opcode : 'load' 'store'> <Ports = 2> <Width = 64> <Depth = 2> <RAM>
ST_12 : Operation 150 [1/2] ( I:0.71ns O:0.71ns )   --->   "%a_2_load_3 = load i1 %a_2_addr_3" [src/fpx.cpp:175]   --->   Operation 150 'load' 'a_2_load_3' <Predicate = true> <Delay = 0.71> <CoreInst = "RAM">   --->   Core 82 'RAM' <Latency = 1> <II = 1> <Delay = 0.71> <Storage> <Opcode : 'load' 'store'> <Ports = 2> <Width = 64> <Depth = 2> <RAM>
ST_12 : Operation 151 [1/2] ( I:0.71ns O:0.71ns )   --->   "%a_3_load_3 = load i1 %a_3_addr_3" [src/fpx.cpp:175]   --->   Operation 151 'load' 'a_3_load_3' <Predicate = true> <Delay = 0.71> <CoreInst = "RAM">   --->   Core 82 'RAM' <Latency = 1> <II = 1> <Delay = 0.71> <Storage> <Opcode : 'load' 'store'> <Ports = 2> <Width = 64> <Depth = 2> <RAM>
ST_12 : Operation 152 [1/2] ( I:0.71ns O:0.71ns )   --->   "%a_4_load_3 = load i1 %a_4_addr_3" [src/fpx.cpp:175]   --->   Operation 152 'load' 'a_4_load_3' <Predicate = true> <Delay = 0.71> <CoreInst = "RAM">   --->   Core 82 'RAM' <Latency = 1> <II = 1> <Delay = 0.71> <Storage> <Opcode : 'load' 'store'> <Ports = 2> <Width = 64> <Depth = 2> <RAM>
ST_12 : Operation 153 [1/2] ( I:0.71ns O:0.71ns )   --->   "%a_5_load_3 = load i1 %a_5_addr_3" [src/fpx.cpp:175]   --->   Operation 153 'load' 'a_5_load_3' <Predicate = true> <Delay = 0.71> <CoreInst = "RAM">   --->   Core 82 'RAM' <Latency = 1> <II = 1> <Delay = 0.71> <Storage> <Opcode : 'load' 'store'> <Ports = 2> <Width = 64> <Depth = 2> <RAM>
ST_12 : Operation 154 [1/2] ( I:0.71ns O:0.71ns )   --->   "%a_6_load_3 = load i1 %a_6_addr_3" [src/fpx.cpp:175]   --->   Operation 154 'load' 'a_6_load_3' <Predicate = true> <Delay = 0.71> <CoreInst = "RAM">   --->   Core 82 'RAM' <Latency = 1> <II = 1> <Delay = 0.71> <Storage> <Opcode : 'load' 'store'> <Ports = 2> <Width = 64> <Depth = 2> <RAM>
ST_12 : Operation 155 [1/2] ( I:0.71ns O:0.71ns )   --->   "%a_7_load_3 = load i1 %a_7_addr_3" [src/fpx.cpp:175]   --->   Operation 155 'load' 'a_7_load_3' <Predicate = true> <Delay = 0.71> <CoreInst = "RAM">   --->   Core 82 'RAM' <Latency = 1> <II = 1> <Delay = 0.71> <Storage> <Opcode : 'load' 'store'> <Ports = 2> <Width = 64> <Depth = 2> <RAM>
ST_12 : Operation 156 [10/10] (6.07ns)   --->   "%tmp_379 = call i1024 @mp_mul.5362, i64 %a_0_load_3, i64 %a_1_load_3, i64 %a_2_load_3, i64 %a_3_load_3, i64 %a_4_load_3, i64 %a_5_load_3, i64 %a_6_load_3, i64 %a_7_load_3, i64 %b, i1 1" [src/fpx.cpp:175]   --->   Operation 156 'call' 'tmp_379' <Predicate = true> <Delay = 6.07> <CoreType = "Generic">   --->   Generic Core

State 13 <SV = 12> <Delay = 7.23>
ST_13 : Operation 157 [9/10] (7.23ns)   --->   "%tmp_379 = call i1024 @mp_mul.5362, i64 %a_0_load_3, i64 %a_1_load_3, i64 %a_2_load_3, i64 %a_3_load_3, i64 %a_4_load_3, i64 %a_5_load_3, i64 %a_6_load_3, i64 %a_7_load_3, i64 %b, i1 1" [src/fpx.cpp:175]   --->   Operation 157 'call' 'tmp_379' <Predicate = true> <Delay = 7.23> <CoreType = "Generic">   --->   Generic Core

State 14 <SV = 13> <Delay = 7.23>
ST_14 : Operation 158 [8/10] (7.23ns)   --->   "%tmp_379 = call i1024 @mp_mul.5362, i64 %a_0_load_3, i64 %a_1_load_3, i64 %a_2_load_3, i64 %a_3_load_3, i64 %a_4_load_3, i64 %a_5_load_3, i64 %a_6_load_3, i64 %a_7_load_3, i64 %b, i1 1" [src/fpx.cpp:175]   --->   Operation 158 'call' 'tmp_379' <Predicate = true> <Delay = 7.23> <CoreType = "Generic">   --->   Generic Core

State 15 <SV = 14> <Delay = 7.23>
ST_15 : Operation 159 [7/10] (7.23ns)   --->   "%tmp_379 = call i1024 @mp_mul.5362, i64 %a_0_load_3, i64 %a_1_load_3, i64 %a_2_load_3, i64 %a_3_load_3, i64 %a_4_load_3, i64 %a_5_load_3, i64 %a_6_load_3, i64 %a_7_load_3, i64 %b, i1 1" [src/fpx.cpp:175]   --->   Operation 159 'call' 'tmp_379' <Predicate = true> <Delay = 7.23> <CoreType = "Generic">   --->   Generic Core

State 16 <SV = 15> <Delay = 7.23>
ST_16 : Operation 160 [6/10] (7.23ns)   --->   "%tmp_379 = call i1024 @mp_mul.5362, i64 %a_0_load_3, i64 %a_1_load_3, i64 %a_2_load_3, i64 %a_3_load_3, i64 %a_4_load_3, i64 %a_5_load_3, i64 %a_6_load_3, i64 %a_7_load_3, i64 %b, i1 1" [src/fpx.cpp:175]   --->   Operation 160 'call' 'tmp_379' <Predicate = true> <Delay = 7.23> <CoreType = "Generic">   --->   Generic Core

State 17 <SV = 16> <Delay = 7.23>
ST_17 : Operation 161 [5/10] (7.23ns)   --->   "%tmp_379 = call i1024 @mp_mul.5362, i64 %a_0_load_3, i64 %a_1_load_3, i64 %a_2_load_3, i64 %a_3_load_3, i64 %a_4_load_3, i64 %a_5_load_3, i64 %a_6_load_3, i64 %a_7_load_3, i64 %b, i1 1" [src/fpx.cpp:175]   --->   Operation 161 'call' 'tmp_379' <Predicate = true> <Delay = 7.23> <CoreType = "Generic">   --->   Generic Core

State 18 <SV = 17> <Delay = 7.23>
ST_18 : Operation 162 [4/10] (7.23ns)   --->   "%tmp_379 = call i1024 @mp_mul.5362, i64 %a_0_load_3, i64 %a_1_load_3, i64 %a_2_load_3, i64 %a_3_load_3, i64 %a_4_load_3, i64 %a_5_load_3, i64 %a_6_load_3, i64 %a_7_load_3, i64 %b, i1 1" [src/fpx.cpp:175]   --->   Operation 162 'call' 'tmp_379' <Predicate = true> <Delay = 7.23> <CoreType = "Generic">   --->   Generic Core

State 19 <SV = 18> <Delay = 7.23>
ST_19 : Operation 163 [3/10] (7.23ns)   --->   "%tmp_379 = call i1024 @mp_mul.5362, i64 %a_0_load_3, i64 %a_1_load_3, i64 %a_2_load_3, i64 %a_3_load_3, i64 %a_4_load_3, i64 %a_5_load_3, i64 %a_6_load_3, i64 %a_7_load_3, i64 %b, i1 1" [src/fpx.cpp:175]   --->   Operation 163 'call' 'tmp_379' <Predicate = true> <Delay = 7.23> <CoreType = "Generic">   --->   Generic Core

State 20 <SV = 19> <Delay = 7.23>
ST_20 : Operation 164 [2/10] (7.23ns)   --->   "%tmp_379 = call i1024 @mp_mul.5362, i64 %a_0_load_3, i64 %a_1_load_3, i64 %a_2_load_3, i64 %a_3_load_3, i64 %a_4_load_3, i64 %a_5_load_3, i64 %a_6_load_3, i64 %a_7_load_3, i64 %b, i1 1" [src/fpx.cpp:175]   --->   Operation 164 'call' 'tmp_379' <Predicate = true> <Delay = 7.23> <CoreType = "Generic">   --->   Generic Core

State 21 <SV = 20> <Delay = 4.73>
ST_21 : Operation 165 [1/10] (4.34ns)   --->   "%tmp_379 = call i1024 @mp_mul.5362, i64 %a_0_load_3, i64 %a_1_load_3, i64 %a_2_load_3, i64 %a_3_load_3, i64 %a_4_load_3, i64 %a_5_load_3, i64 %a_6_load_3, i64 %a_7_load_3, i64 %b, i1 1" [src/fpx.cpp:175]   --->   Operation 165 'call' 'tmp_379' <Predicate = true> <Delay = 4.34> <CoreType = "Generic">   --->   Generic Core
ST_21 : Operation 166 [1/1] (0.00ns)   --->   "%tt2_610 = extractvalue i1024 %tmp_379" [src/fpx.cpp:175]   --->   Operation 166 'extractvalue' 'tt2_610' <Predicate = true> <Delay = 0.00>
ST_21 : Operation 167 [1/1] (0.38ns)   --->   "%store_ln175 = store i64 %tt2_610, i64 %tt2" [src/fpx.cpp:175]   --->   Operation 167 'store' 'store_ln175' <Predicate = true> <Delay = 0.38>
ST_21 : Operation 168 [1/1] (0.00ns)   --->   "%tt2_611 = extractvalue i1024 %tmp_379" [src/fpx.cpp:175]   --->   Operation 168 'extractvalue' 'tt2_611' <Predicate = true> <Delay = 0.00>
ST_21 : Operation 169 [1/1] (0.38ns)   --->   "%store_ln175 = store i64 %tt2_611, i64 %tt2_1" [src/fpx.cpp:175]   --->   Operation 169 'store' 'store_ln175' <Predicate = true> <Delay = 0.38>
ST_21 : Operation 170 [1/1] (0.00ns)   --->   "%tt2_612 = extractvalue i1024 %tmp_379" [src/fpx.cpp:175]   --->   Operation 170 'extractvalue' 'tt2_612' <Predicate = true> <Delay = 0.00>
ST_21 : Operation 171 [1/1] (0.38ns)   --->   "%store_ln175 = store i64 %tt2_612, i64 %tt2_2" [src/fpx.cpp:175]   --->   Operation 171 'store' 'store_ln175' <Predicate = true> <Delay = 0.38>
ST_21 : Operation 172 [1/1] (0.00ns)   --->   "%tt2_613 = extractvalue i1024 %tmp_379" [src/fpx.cpp:175]   --->   Operation 172 'extractvalue' 'tt2_613' <Predicate = true> <Delay = 0.00>
ST_21 : Operation 173 [1/1] (0.38ns)   --->   "%store_ln175 = store i64 %tt2_613, i64 %tt2_3" [src/fpx.cpp:175]   --->   Operation 173 'store' 'store_ln175' <Predicate = true> <Delay = 0.38>
ST_21 : Operation 174 [1/1] (0.00ns)   --->   "%tt2_614 = extractvalue i1024 %tmp_379" [src/fpx.cpp:175]   --->   Operation 174 'extractvalue' 'tt2_614' <Predicate = true> <Delay = 0.00>
ST_21 : Operation 175 [1/1] (0.38ns)   --->   "%store_ln175 = store i64 %tt2_614, i64 %tt2_4" [src/fpx.cpp:175]   --->   Operation 175 'store' 'store_ln175' <Predicate = true> <Delay = 0.38>
ST_21 : Operation 176 [1/1] (0.00ns)   --->   "%tt2_615 = extractvalue i1024 %tmp_379" [src/fpx.cpp:175]   --->   Operation 176 'extractvalue' 'tt2_615' <Predicate = true> <Delay = 0.00>
ST_21 : Operation 177 [1/1] (0.38ns)   --->   "%store_ln175 = store i64 %tt2_615, i64 %tt2_5" [src/fpx.cpp:175]   --->   Operation 177 'store' 'store_ln175' <Predicate = true> <Delay = 0.38>
ST_21 : Operation 178 [1/1] (0.00ns)   --->   "%tt2_616 = extractvalue i1024 %tmp_379" [src/fpx.cpp:175]   --->   Operation 178 'extractvalue' 'tt2_616' <Predicate = true> <Delay = 0.00>
ST_21 : Operation 179 [1/1] (0.38ns)   --->   "%store_ln175 = store i64 %tt2_616, i64 %tt2_6" [src/fpx.cpp:175]   --->   Operation 179 'store' 'store_ln175' <Predicate = true> <Delay = 0.38>
ST_21 : Operation 180 [1/1] (0.00ns)   --->   "%tt2_617 = extractvalue i1024 %tmp_379" [src/fpx.cpp:175]   --->   Operation 180 'extractvalue' 'tt2_617' <Predicate = true> <Delay = 0.00>
ST_21 : Operation 181 [1/1] (0.38ns)   --->   "%store_ln175 = store i64 %tt2_617, i64 %tt2_7" [src/fpx.cpp:175]   --->   Operation 181 'store' 'store_ln175' <Predicate = true> <Delay = 0.38>
ST_21 : Operation 182 [1/1] (0.00ns)   --->   "%tt2_618 = extractvalue i1024 %tmp_379" [src/fpx.cpp:175]   --->   Operation 182 'extractvalue' 'tt2_618' <Predicate = true> <Delay = 0.00>
ST_21 : Operation 183 [1/1] (0.38ns)   --->   "%store_ln175 = store i64 %tt2_618, i64 %tt2_8" [src/fpx.cpp:175]   --->   Operation 183 'store' 'store_ln175' <Predicate = true> <Delay = 0.38>
ST_21 : Operation 184 [1/1] (0.00ns)   --->   "%tt2_619 = extractvalue i1024 %tmp_379" [src/fpx.cpp:175]   --->   Operation 184 'extractvalue' 'tt2_619' <Predicate = true> <Delay = 0.00>
ST_21 : Operation 185 [1/1] (0.38ns)   --->   "%store_ln175 = store i64 %tt2_619, i64 %tt2_9" [src/fpx.cpp:175]   --->   Operation 185 'store' 'store_ln175' <Predicate = true> <Delay = 0.38>
ST_21 : Operation 186 [1/1] (0.00ns)   --->   "%tt2_620 = extractvalue i1024 %tmp_379" [src/fpx.cpp:175]   --->   Operation 186 'extractvalue' 'tt2_620' <Predicate = true> <Delay = 0.00>
ST_21 : Operation 187 [1/1] (0.38ns)   --->   "%store_ln175 = store i64 %tt2_620, i64 %tt2_10" [src/fpx.cpp:175]   --->   Operation 187 'store' 'store_ln175' <Predicate = true> <Delay = 0.38>
ST_21 : Operation 188 [1/1] (0.00ns)   --->   "%tt2_621 = extractvalue i1024 %tmp_379" [src/fpx.cpp:175]   --->   Operation 188 'extractvalue' 'tt2_621' <Predicate = true> <Delay = 0.00>
ST_21 : Operation 189 [1/1] (0.38ns)   --->   "%store_ln175 = store i64 %tt2_621, i64 %tt2_11" [src/fpx.cpp:175]   --->   Operation 189 'store' 'store_ln175' <Predicate = true> <Delay = 0.38>
ST_21 : Operation 190 [1/1] (0.00ns)   --->   "%tt2_622 = extractvalue i1024 %tmp_379" [src/fpx.cpp:175]   --->   Operation 190 'extractvalue' 'tt2_622' <Predicate = true> <Delay = 0.00>
ST_21 : Operation 191 [1/1] (0.38ns)   --->   "%store_ln175 = store i64 %tt2_622, i64 %tt2_12" [src/fpx.cpp:175]   --->   Operation 191 'store' 'store_ln175' <Predicate = true> <Delay = 0.38>
ST_21 : Operation 192 [1/1] (0.00ns)   --->   "%tt2_623 = extractvalue i1024 %tmp_379" [src/fpx.cpp:175]   --->   Operation 192 'extractvalue' 'tt2_623' <Predicate = true> <Delay = 0.00>
ST_21 : Operation 193 [1/1] (0.38ns)   --->   "%store_ln175 = store i64 %tt2_623, i64 %tt2_13" [src/fpx.cpp:175]   --->   Operation 193 'store' 'store_ln175' <Predicate = true> <Delay = 0.38>
ST_21 : Operation 194 [1/1] (0.00ns)   --->   "%tt2_624 = extractvalue i1024 %tmp_379" [src/fpx.cpp:175]   --->   Operation 194 'extractvalue' 'tt2_624' <Predicate = true> <Delay = 0.00>
ST_21 : Operation 195 [1/1] (0.38ns)   --->   "%store_ln175 = store i64 %tt2_624, i64 %tt2_14" [src/fpx.cpp:175]   --->   Operation 195 'store' 'store_ln175' <Predicate = true> <Delay = 0.38>
ST_21 : Operation 196 [1/1] (0.00ns)   --->   "%tt2_625 = extractvalue i1024 %tmp_379" [src/fpx.cpp:175]   --->   Operation 196 'extractvalue' 'tt2_625' <Predicate = true> <Delay = 0.00>
ST_21 : Operation 197 [1/1] (0.38ns)   --->   "%store_ln175 = store i64 %tt2_625, i64 %tt2_15" [src/fpx.cpp:175]   --->   Operation 197 'store' 'store_ln175' <Predicate = true> <Delay = 0.38>

State 22 <SV = 21> <Delay = 3.50>
ST_22 : Operation 198 [2/2] (3.45ns)   --->   "%call_ln174 = call void @fp2mul503_mont.2015_Pipeline_VITIS_LOOP_370_1, i64 %a_0_load, i64 %a_1_load, i64 %a_2_load, i64 %a_3_load, i64 %a_4_load, i64 %a_5_load, i64 %a_6_load, i64 %a_7_load, i64 %a_0_load_3, i64 %a_1_load_3, i64 %a_2_load_3, i64 %a_3_load_3, i64 %a_4_load_3, i64 %a_5_load_3, i64 %a_6_load_3, i64 %a_7_load_3, i64 %t1_loc, i64 %t1_190_loc, i64 %t1_191_loc, i64 %t1_192_loc, i64 %t1_193_loc, i64 %t1_194_loc, i64 %t1_195_loc, i64 %t1_196_loc" [src/fpx.cpp:174]   --->   Operation 198 'call' 'call_ln174' <Predicate = true> <Delay = 3.45> <CoreType = "Generic">   --->   Generic Core
ST_22 : Operation 199 [2/2] (0.00ns)   --->   "%call_ln0 = call void @fp2mul503_mont.2015_Pipeline_VITIS_LOOP_370_1161, i64 %b, i64 %t2_loc, i64 %t2_207_loc, i64 %t2_208_loc, i64 %t2_209_loc, i64 %t2_210_loc, i64 %t2_211_loc, i64 %t2_212_loc, i64 %t2_213_loc"   --->   Operation 199 'call' 'call_ln0' <Predicate = true> <Delay = 0.00> <CoreType = "Generic">   --->   Generic Core
ST_22 : Operation 200 [2/2] (3.50ns)   --->   "%call_ln174 = call void @fp2mul503_mont.2015_Pipeline_VITIS_LOOP_152_1, i64 %tt1, i64 %tt1_615, i64 %tt1_616, i64 %tt1_617, i64 %tt1_618, i64 %tt1_619, i64 %tt1_620, i64 %tt1_621, i64 %tt1_622, i64 %tt1_623, i64 %tt1_624, i64 %tt1_625, i64 %tt1_626, i64 %tt1_627, i64 %tt1_628, i64 %tt1_629, i64 %tt2_610, i64 %tt2_611, i64 %tt2_612, i64 %tt2_613, i64 %tt2_614, i64 %tt2_615, i64 %tt2_616, i64 %tt2_617, i64 %tt2_618, i64 %tt2_619, i64 %tt2_620, i64 %tt2_621, i64 %tt2_622, i64 %tt2_623, i64 %tt2_624, i64 %tt2_625, i64 %tt3, i1 %borrow_loc" [src/fpx.cpp:174]   --->   Operation 200 'call' 'call_ln174' <Predicate = true> <Delay = 3.50> <CoreType = "Generic">   --->   Generic Core
ST_22 : Operation 201 [2/2] (0.38ns)   --->   "%call_ln175 = call void @fp2mul503_mont.2015_Pipeline_VITIS_LOOP_370_1162, i64 %tt2_610, i64 %tt2_611, i64 %tt2_612, i64 %tt2_613, i64 %tt2_614, i64 %tt2_615, i64 %tt2_616, i64 %tt2_617, i64 %tt2_618, i64 %tt2_619, i64 %tt2_620, i64 %tt2_621, i64 %tt2_622, i64 %tt2_623, i64 %tt2_624, i64 %tt2_625, i64 %tt1, i64 %tt1_615, i64 %tt1_616, i64 %tt1_617, i64 %tt1_618, i64 %tt1_619, i64 %tt1_620, i64 %tt1_621, i64 %tt1_622, i64 %tt1_623, i64 %tt1_624, i64 %tt1_625, i64 %tt1_626, i64 %tt1_627, i64 %tt1_628, i64 %tt1_629, i64 %tt1_load_loc, i64 %tt1_1_load_loc, i64 %tt1_2_load_loc, i64 %tt1_3_load_loc, i64 %tt1_4_load_loc, i64 %tt1_5_load_loc, i64 %tt1_6_load_loc, i64 %tt1_7_load_loc, i64 %tt1_8_load_loc, i64 %tt1_9_load_loc, i64 %tt1_10_load_loc, i64 %tt1_11_load_loc, i64 %tt1_12_load_loc, i64 %tt1_13_load_loc, i64 %tt1_14_load_loc, i64 %tt1_15_load_loc" [src/fpx.cpp:175]   --->   Operation 201 'call' 'call_ln175' <Predicate = true> <Delay = 0.38> <CoreType = "Generic">   --->   Generic Core

State 23 <SV = 22> <Delay = 1.48>
ST_23 : Operation 202 [1/2] (1.48ns)   --->   "%call_ln174 = call void @fp2mul503_mont.2015_Pipeline_VITIS_LOOP_370_1, i64 %a_0_load, i64 %a_1_load, i64 %a_2_load, i64 %a_3_load, i64 %a_4_load, i64 %a_5_load, i64 %a_6_load, i64 %a_7_load, i64 %a_0_load_3, i64 %a_1_load_3, i64 %a_2_load_3, i64 %a_3_load_3, i64 %a_4_load_3, i64 %a_5_load_3, i64 %a_6_load_3, i64 %a_7_load_3, i64 %t1_loc, i64 %t1_190_loc, i64 %t1_191_loc, i64 %t1_192_loc, i64 %t1_193_loc, i64 %t1_194_loc, i64 %t1_195_loc, i64 %t1_196_loc" [src/fpx.cpp:174]   --->   Operation 202 'call' 'call_ln174' <Predicate = true> <Delay = 1.48> <CoreType = "Generic">   --->   Generic Core
ST_23 : Operation 203 [1/2] (1.48ns)   --->   "%call_ln0 = call void @fp2mul503_mont.2015_Pipeline_VITIS_LOOP_370_1161, i64 %b, i64 %t2_loc, i64 %t2_207_loc, i64 %t2_208_loc, i64 %t2_209_loc, i64 %t2_210_loc, i64 %t2_211_loc, i64 %t2_212_loc, i64 %t2_213_loc"   --->   Operation 203 'call' 'call_ln0' <Predicate = true> <Delay = 1.48> <CoreType = "Generic">   --->   Generic Core
ST_23 : Operation 204 [1/2] (1.48ns)   --->   "%call_ln174 = call void @fp2mul503_mont.2015_Pipeline_VITIS_LOOP_152_1, i64 %tt1, i64 %tt1_615, i64 %tt1_616, i64 %tt1_617, i64 %tt1_618, i64 %tt1_619, i64 %tt1_620, i64 %tt1_621, i64 %tt1_622, i64 %tt1_623, i64 %tt1_624, i64 %tt1_625, i64 %tt1_626, i64 %tt1_627, i64 %tt1_628, i64 %tt1_629, i64 %tt2_610, i64 %tt2_611, i64 %tt2_612, i64 %tt2_613, i64 %tt2_614, i64 %tt2_615, i64 %tt2_616, i64 %tt2_617, i64 %tt2_618, i64 %tt2_619, i64 %tt2_620, i64 %tt2_621, i64 %tt2_622, i64 %tt2_623, i64 %tt2_624, i64 %tt2_625, i64 %tt3, i1 %borrow_loc" [src/fpx.cpp:174]   --->   Operation 204 'call' 'call_ln174' <Predicate = true> <Delay = 1.48> <CoreType = "Generic">   --->   Generic Core
ST_23 : Operation 205 [1/2] (1.09ns)   --->   "%call_ln175 = call void @fp2mul503_mont.2015_Pipeline_VITIS_LOOP_370_1162, i64 %tt2_610, i64 %tt2_611, i64 %tt2_612, i64 %tt2_613, i64 %tt2_614, i64 %tt2_615, i64 %tt2_616, i64 %tt2_617, i64 %tt2_618, i64 %tt2_619, i64 %tt2_620, i64 %tt2_621, i64 %tt2_622, i64 %tt2_623, i64 %tt2_624, i64 %tt2_625, i64 %tt1, i64 %tt1_615, i64 %tt1_616, i64 %tt1_617, i64 %tt1_618, i64 %tt1_619, i64 %tt1_620, i64 %tt1_621, i64 %tt1_622, i64 %tt1_623, i64 %tt1_624, i64 %tt1_625, i64 %tt1_626, i64 %tt1_627, i64 %tt1_628, i64 %tt1_629, i64 %tt1_load_loc, i64 %tt1_1_load_loc, i64 %tt1_2_load_loc, i64 %tt1_3_load_loc, i64 %tt1_4_load_loc, i64 %tt1_5_load_loc, i64 %tt1_6_load_loc, i64 %tt1_7_load_loc, i64 %tt1_8_load_loc, i64 %tt1_9_load_loc, i64 %tt1_10_load_loc, i64 %tt1_11_load_loc, i64 %tt1_12_load_loc, i64 %tt1_13_load_loc, i64 %tt1_14_load_loc, i64 %tt1_15_load_loc" [src/fpx.cpp:175]   --->   Operation 205 'call' 'call_ln175' <Predicate = true> <Delay = 1.09> <CoreType = "Generic">   --->   Generic Core

State 24 <SV = 23> <Delay = 7.16>
ST_24 : Operation 206 [1/1] (0.00ns)   --->   "%t1_loc_load = load i64 %t1_loc"   --->   Operation 206 'load' 't1_loc_load' <Predicate = true> <Delay = 0.00>
ST_24 : Operation 207 [1/1] (0.00ns)   --->   "%t1_190_loc_load = load i64 %t1_190_loc"   --->   Operation 207 'load' 't1_190_loc_load' <Predicate = true> <Delay = 0.00>
ST_24 : Operation 208 [1/1] (0.00ns)   --->   "%t1_191_loc_load = load i64 %t1_191_loc"   --->   Operation 208 'load' 't1_191_loc_load' <Predicate = true> <Delay = 0.00>
ST_24 : Operation 209 [1/1] (0.00ns)   --->   "%t1_192_loc_load = load i64 %t1_192_loc"   --->   Operation 209 'load' 't1_192_loc_load' <Predicate = true> <Delay = 0.00>
ST_24 : Operation 210 [1/1] (0.00ns)   --->   "%t1_193_loc_load = load i64 %t1_193_loc"   --->   Operation 210 'load' 't1_193_loc_load' <Predicate = true> <Delay = 0.00>
ST_24 : Operation 211 [1/1] (0.00ns)   --->   "%t1_194_loc_load = load i64 %t1_194_loc"   --->   Operation 211 'load' 't1_194_loc_load' <Predicate = true> <Delay = 0.00>
ST_24 : Operation 212 [1/1] (0.00ns)   --->   "%t1_195_loc_load = load i64 %t1_195_loc"   --->   Operation 212 'load' 't1_195_loc_load' <Predicate = true> <Delay = 0.00>
ST_24 : Operation 213 [1/1] (0.00ns)   --->   "%t1_196_loc_load = load i64 %t1_196_loc"   --->   Operation 213 'load' 't1_196_loc_load' <Predicate = true> <Delay = 0.00>
ST_24 : Operation 214 [1/1] (0.00ns)   --->   "%t2_loc_load = load i64 %t2_loc"   --->   Operation 214 'load' 't2_loc_load' <Predicate = true> <Delay = 0.00>
ST_24 : Operation 215 [1/1] (0.00ns)   --->   "%t2_207_loc_load = load i64 %t2_207_loc"   --->   Operation 215 'load' 't2_207_loc_load' <Predicate = true> <Delay = 0.00>
ST_24 : Operation 216 [1/1] (0.00ns)   --->   "%t2_208_loc_load = load i64 %t2_208_loc"   --->   Operation 216 'load' 't2_208_loc_load' <Predicate = true> <Delay = 0.00>
ST_24 : Operation 217 [1/1] (0.00ns)   --->   "%t2_209_loc_load = load i64 %t2_209_loc"   --->   Operation 217 'load' 't2_209_loc_load' <Predicate = true> <Delay = 0.00>
ST_24 : Operation 218 [1/1] (0.00ns)   --->   "%t2_210_loc_load = load i64 %t2_210_loc"   --->   Operation 218 'load' 't2_210_loc_load' <Predicate = true> <Delay = 0.00>
ST_24 : Operation 219 [1/1] (0.00ns)   --->   "%t2_211_loc_load = load i64 %t2_211_loc"   --->   Operation 219 'load' 't2_211_loc_load' <Predicate = true> <Delay = 0.00>
ST_24 : Operation 220 [1/1] (0.00ns)   --->   "%t2_212_loc_load = load i64 %t2_212_loc"   --->   Operation 220 'load' 't2_212_loc_load' <Predicate = true> <Delay = 0.00>
ST_24 : Operation 221 [1/1] (0.00ns)   --->   "%t2_213_loc_load = load i64 %t2_213_loc"   --->   Operation 221 'load' 't2_213_loc_load' <Predicate = true> <Delay = 0.00>
ST_24 : Operation 222 [4/4] (7.16ns)   --->   "%call_ret = call i1024 @mp_mul.1, i64 %t1_190_loc_load, i64 %t1_191_loc_load, i64 %t1_192_loc_load, i64 %t1_193_loc_load, i64 %t1_194_loc_load, i64 %t1_195_loc_load, i64 %t1_196_loc_load, i64 %t1_loc_load, i64 %t2_207_loc_load, i64 %t2_208_loc_load, i64 %t2_209_loc_load, i64 %t2_210_loc_load, i64 %t2_211_loc_load, i64 %t2_212_loc_load, i64 %t2_213_loc_load, i64 %t2_loc_load" [src/fpx.cpp:185]   --->   Operation 222 'call' 'call_ret' <Predicate = true> <Delay = 7.16> <CoreType = "Generic">   --->   Generic Core

State 25 <SV = 24> <Delay = 7.16>
ST_25 : Operation 223 [3/4] (7.16ns)   --->   "%call_ret = call i1024 @mp_mul.1, i64 %t1_190_loc_load, i64 %t1_191_loc_load, i64 %t1_192_loc_load, i64 %t1_193_loc_load, i64 %t1_194_loc_load, i64 %t1_195_loc_load, i64 %t1_196_loc_load, i64 %t1_loc_load, i64 %t2_207_loc_load, i64 %t2_208_loc_load, i64 %t2_209_loc_load, i64 %t2_210_loc_load, i64 %t2_211_loc_load, i64 %t2_212_loc_load, i64 %t2_213_loc_load, i64 %t2_loc_load" [src/fpx.cpp:185]   --->   Operation 223 'call' 'call_ret' <Predicate = true> <Delay = 7.16> <CoreType = "Generic">   --->   Generic Core

State 26 <SV = 25> <Delay = 7.16>
ST_26 : Operation 224 [1/1] (0.00ns)   --->   "%borrow_loc_load = load i1 %borrow_loc"   --->   Operation 224 'load' 'borrow_loc_load' <Predicate = true> <Delay = 0.00>
ST_26 : Operation 225 [2/2] (0.27ns)   --->   "%call_ln0 = call void @fp2mul503_mont.2015_Pipeline_VITIS_LOOP_179_1, i64 %tt3, i1 %borrow_loc_load, i64 %p503_1"   --->   Operation 225 'call' 'call_ln0' <Predicate = true> <Delay = 0.27> <CoreType = "Generic">   --->   Generic Core
ST_26 : Operation 226 [2/4] (7.16ns)   --->   "%call_ret = call i1024 @mp_mul.1, i64 %t1_190_loc_load, i64 %t1_191_loc_load, i64 %t1_192_loc_load, i64 %t1_193_loc_load, i64 %t1_194_loc_load, i64 %t1_195_loc_load, i64 %t1_196_loc_load, i64 %t1_loc_load, i64 %t2_207_loc_load, i64 %t2_208_loc_load, i64 %t2_209_loc_load, i64 %t2_210_loc_load, i64 %t2_211_loc_load, i64 %t2_212_loc_load, i64 %t2_213_loc_load, i64 %t2_loc_load" [src/fpx.cpp:185]   --->   Operation 226 'call' 'call_ret' <Predicate = true> <Delay = 7.16> <CoreType = "Generic">   --->   Generic Core

State 27 <SV = 26> <Delay = 4.73>
ST_27 : Operation 227 [1/2] (1.48ns)   --->   "%call_ln0 = call void @fp2mul503_mont.2015_Pipeline_VITIS_LOOP_179_1, i64 %tt3, i1 %borrow_loc_load, i64 %p503_1"   --->   Operation 227 'call' 'call_ln0' <Predicate = true> <Delay = 1.48> <CoreType = "Generic">   --->   Generic Core
ST_27 : Operation 228 [1/4] (4.34ns)   --->   "%call_ret = call i1024 @mp_mul.1, i64 %t1_190_loc_load, i64 %t1_191_loc_load, i64 %t1_192_loc_load, i64 %t1_193_loc_load, i64 %t1_194_loc_load, i64 %t1_195_loc_load, i64 %t1_196_loc_load, i64 %t1_loc_load, i64 %t2_207_loc_load, i64 %t2_208_loc_load, i64 %t2_209_loc_load, i64 %t2_210_loc_load, i64 %t2_211_loc_load, i64 %t2_212_loc_load, i64 %t2_213_loc_load, i64 %t2_loc_load" [src/fpx.cpp:185]   --->   Operation 228 'call' 'call_ret' <Predicate = true> <Delay = 4.34> <CoreType = "Generic">   --->   Generic Core
ST_27 : Operation 229 [1/1] (0.00ns)   --->   "%tt2_626 = extractvalue i1024 %call_ret" [src/fpx.cpp:185]   --->   Operation 229 'extractvalue' 'tt2_626' <Predicate = true> <Delay = 0.00>
ST_27 : Operation 230 [1/1] (0.38ns)   --->   "%store_ln185 = store i64 %tt2_626, i64 %tt2" [src/fpx.cpp:185]   --->   Operation 230 'store' 'store_ln185' <Predicate = true> <Delay = 0.38>
ST_27 : Operation 231 [1/1] (0.00ns)   --->   "%tt2_627 = extractvalue i1024 %call_ret" [src/fpx.cpp:185]   --->   Operation 231 'extractvalue' 'tt2_627' <Predicate = true> <Delay = 0.00>
ST_27 : Operation 232 [1/1] (0.38ns)   --->   "%store_ln185 = store i64 %tt2_627, i64 %tt2_1" [src/fpx.cpp:185]   --->   Operation 232 'store' 'store_ln185' <Predicate = true> <Delay = 0.38>
ST_27 : Operation 233 [1/1] (0.00ns)   --->   "%tt2_628 = extractvalue i1024 %call_ret" [src/fpx.cpp:185]   --->   Operation 233 'extractvalue' 'tt2_628' <Predicate = true> <Delay = 0.00>
ST_27 : Operation 234 [1/1] (0.38ns)   --->   "%store_ln185 = store i64 %tt2_628, i64 %tt2_2" [src/fpx.cpp:185]   --->   Operation 234 'store' 'store_ln185' <Predicate = true> <Delay = 0.38>
ST_27 : Operation 235 [1/1] (0.00ns)   --->   "%tt2_629 = extractvalue i1024 %call_ret" [src/fpx.cpp:185]   --->   Operation 235 'extractvalue' 'tt2_629' <Predicate = true> <Delay = 0.00>
ST_27 : Operation 236 [1/1] (0.38ns)   --->   "%store_ln185 = store i64 %tt2_629, i64 %tt2_3" [src/fpx.cpp:185]   --->   Operation 236 'store' 'store_ln185' <Predicate = true> <Delay = 0.38>
ST_27 : Operation 237 [1/1] (0.00ns)   --->   "%tt2_630 = extractvalue i1024 %call_ret" [src/fpx.cpp:185]   --->   Operation 237 'extractvalue' 'tt2_630' <Predicate = true> <Delay = 0.00>
ST_27 : Operation 238 [1/1] (0.38ns)   --->   "%store_ln185 = store i64 %tt2_630, i64 %tt2_4" [src/fpx.cpp:185]   --->   Operation 238 'store' 'store_ln185' <Predicate = true> <Delay = 0.38>
ST_27 : Operation 239 [1/1] (0.00ns)   --->   "%tt2_631 = extractvalue i1024 %call_ret" [src/fpx.cpp:185]   --->   Operation 239 'extractvalue' 'tt2_631' <Predicate = true> <Delay = 0.00>
ST_27 : Operation 240 [1/1] (0.38ns)   --->   "%store_ln185 = store i64 %tt2_631, i64 %tt2_5" [src/fpx.cpp:185]   --->   Operation 240 'store' 'store_ln185' <Predicate = true> <Delay = 0.38>
ST_27 : Operation 241 [1/1] (0.00ns)   --->   "%tt2_632 = extractvalue i1024 %call_ret" [src/fpx.cpp:185]   --->   Operation 241 'extractvalue' 'tt2_632' <Predicate = true> <Delay = 0.00>
ST_27 : Operation 242 [1/1] (0.38ns)   --->   "%store_ln185 = store i64 %tt2_632, i64 %tt2_6" [src/fpx.cpp:185]   --->   Operation 242 'store' 'store_ln185' <Predicate = true> <Delay = 0.38>
ST_27 : Operation 243 [1/1] (0.00ns)   --->   "%tt2_633 = extractvalue i1024 %call_ret" [src/fpx.cpp:185]   --->   Operation 243 'extractvalue' 'tt2_633' <Predicate = true> <Delay = 0.00>
ST_27 : Operation 244 [1/1] (0.38ns)   --->   "%store_ln185 = store i64 %tt2_633, i64 %tt2_7" [src/fpx.cpp:185]   --->   Operation 244 'store' 'store_ln185' <Predicate = true> <Delay = 0.38>
ST_27 : Operation 245 [1/1] (0.00ns)   --->   "%tt2_634 = extractvalue i1024 %call_ret" [src/fpx.cpp:185]   --->   Operation 245 'extractvalue' 'tt2_634' <Predicate = true> <Delay = 0.00>
ST_27 : Operation 246 [1/1] (0.38ns)   --->   "%store_ln185 = store i64 %tt2_634, i64 %tt2_8" [src/fpx.cpp:185]   --->   Operation 246 'store' 'store_ln185' <Predicate = true> <Delay = 0.38>
ST_27 : Operation 247 [1/1] (0.00ns)   --->   "%tt2_635 = extractvalue i1024 %call_ret" [src/fpx.cpp:185]   --->   Operation 247 'extractvalue' 'tt2_635' <Predicate = true> <Delay = 0.00>
ST_27 : Operation 248 [1/1] (0.38ns)   --->   "%store_ln185 = store i64 %tt2_635, i64 %tt2_9" [src/fpx.cpp:185]   --->   Operation 248 'store' 'store_ln185' <Predicate = true> <Delay = 0.38>
ST_27 : Operation 249 [1/1] (0.00ns)   --->   "%tt2_636 = extractvalue i1024 %call_ret" [src/fpx.cpp:185]   --->   Operation 249 'extractvalue' 'tt2_636' <Predicate = true> <Delay = 0.00>
ST_27 : Operation 250 [1/1] (0.38ns)   --->   "%store_ln185 = store i64 %tt2_636, i64 %tt2_10" [src/fpx.cpp:185]   --->   Operation 250 'store' 'store_ln185' <Predicate = true> <Delay = 0.38>
ST_27 : Operation 251 [1/1] (0.00ns)   --->   "%tt2_637 = extractvalue i1024 %call_ret" [src/fpx.cpp:185]   --->   Operation 251 'extractvalue' 'tt2_637' <Predicate = true> <Delay = 0.00>
ST_27 : Operation 252 [1/1] (0.38ns)   --->   "%store_ln185 = store i64 %tt2_637, i64 %tt2_11" [src/fpx.cpp:185]   --->   Operation 252 'store' 'store_ln185' <Predicate = true> <Delay = 0.38>
ST_27 : Operation 253 [1/1] (0.00ns)   --->   "%tt2_638 = extractvalue i1024 %call_ret" [src/fpx.cpp:185]   --->   Operation 253 'extractvalue' 'tt2_638' <Predicate = true> <Delay = 0.00>
ST_27 : Operation 254 [1/1] (0.38ns)   --->   "%store_ln185 = store i64 %tt2_638, i64 %tt2_12" [src/fpx.cpp:185]   --->   Operation 254 'store' 'store_ln185' <Predicate = true> <Delay = 0.38>
ST_27 : Operation 255 [1/1] (0.00ns)   --->   "%tt2_639 = extractvalue i1024 %call_ret" [src/fpx.cpp:185]   --->   Operation 255 'extractvalue' 'tt2_639' <Predicate = true> <Delay = 0.00>
ST_27 : Operation 256 [1/1] (0.38ns)   --->   "%store_ln185 = store i64 %tt2_639, i64 %tt2_13" [src/fpx.cpp:185]   --->   Operation 256 'store' 'store_ln185' <Predicate = true> <Delay = 0.38>
ST_27 : Operation 257 [1/1] (0.00ns)   --->   "%tt2_640 = extractvalue i1024 %call_ret" [src/fpx.cpp:185]   --->   Operation 257 'extractvalue' 'tt2_640' <Predicate = true> <Delay = 0.00>
ST_27 : Operation 258 [1/1] (0.38ns)   --->   "%store_ln185 = store i64 %tt2_640, i64 %tt2_14" [src/fpx.cpp:185]   --->   Operation 258 'store' 'store_ln185' <Predicate = true> <Delay = 0.38>
ST_27 : Operation 259 [1/1] (0.00ns)   --->   "%tt2_641 = extractvalue i1024 %call_ret" [src/fpx.cpp:185]   --->   Operation 259 'extractvalue' 'tt2_641' <Predicate = true> <Delay = 0.00>
ST_27 : Operation 260 [1/1] (0.38ns)   --->   "%store_ln185 = store i64 %tt2_641, i64 %tt2_15" [src/fpx.cpp:185]   --->   Operation 260 'store' 'store_ln185' <Predicate = true> <Delay = 0.38>

State 28 <SV = 27> <Delay = 3.07>
ST_28 : Operation 261 [2/2] (0.00ns)   --->   "%call_ln183 = call void @rdc_mont.172334, i64 %tt3, i64 %c, i64 %p503p1_1" [src/fpx.cpp:183]   --->   Operation 261 'call' 'call_ln183' <Predicate = true> <Delay = 0.00> <CoreType = "Generic">   --->   Generic Core
ST_28 : Operation 262 [1/1] (0.00ns)   --->   "%tt1_load = load i64 %tt1_load_loc"   --->   Operation 262 'load' 'tt1_load' <Predicate = true> <Delay = 0.00>
ST_28 : Operation 263 [1/1] (0.00ns)   --->   "%tt1_1_load = load i64 %tt1_1_load_loc"   --->   Operation 263 'load' 'tt1_1_load' <Predicate = true> <Delay = 0.00>
ST_28 : Operation 264 [1/1] (0.00ns)   --->   "%tt1_2_load = load i64 %tt1_2_load_loc"   --->   Operation 264 'load' 'tt1_2_load' <Predicate = true> <Delay = 0.00>
ST_28 : Operation 265 [1/1] (0.00ns)   --->   "%tt1_3_load = load i64 %tt1_3_load_loc"   --->   Operation 265 'load' 'tt1_3_load' <Predicate = true> <Delay = 0.00>
ST_28 : Operation 266 [1/1] (0.00ns)   --->   "%tt1_4_load = load i64 %tt1_4_load_loc"   --->   Operation 266 'load' 'tt1_4_load' <Predicate = true> <Delay = 0.00>
ST_28 : Operation 267 [1/1] (0.00ns)   --->   "%tt1_5_load = load i64 %tt1_5_load_loc"   --->   Operation 267 'load' 'tt1_5_load' <Predicate = true> <Delay = 0.00>
ST_28 : Operation 268 [1/1] (0.00ns)   --->   "%tt1_6_load = load i64 %tt1_6_load_loc"   --->   Operation 268 'load' 'tt1_6_load' <Predicate = true> <Delay = 0.00>
ST_28 : Operation 269 [1/1] (0.00ns)   --->   "%tt1_7_load = load i64 %tt1_7_load_loc"   --->   Operation 269 'load' 'tt1_7_load' <Predicate = true> <Delay = 0.00>
ST_28 : Operation 270 [1/1] (0.00ns)   --->   "%tt1_8_load = load i64 %tt1_8_load_loc"   --->   Operation 270 'load' 'tt1_8_load' <Predicate = true> <Delay = 0.00>
ST_28 : Operation 271 [1/1] (0.00ns)   --->   "%tt1_9_load = load i64 %tt1_9_load_loc"   --->   Operation 271 'load' 'tt1_9_load' <Predicate = true> <Delay = 0.00>
ST_28 : Operation 272 [1/1] (0.00ns)   --->   "%tt1_10_load = load i64 %tt1_10_load_loc"   --->   Operation 272 'load' 'tt1_10_load' <Predicate = true> <Delay = 0.00>
ST_28 : Operation 273 [1/1] (0.00ns)   --->   "%tt1_11_load = load i64 %tt1_11_load_loc"   --->   Operation 273 'load' 'tt1_11_load' <Predicate = true> <Delay = 0.00>
ST_28 : Operation 274 [1/1] (0.00ns)   --->   "%tt1_12_load = load i64 %tt1_12_load_loc"   --->   Operation 274 'load' 'tt1_12_load' <Predicate = true> <Delay = 0.00>
ST_28 : Operation 275 [1/1] (0.00ns)   --->   "%tt1_13_load = load i64 %tt1_13_load_loc"   --->   Operation 275 'load' 'tt1_13_load' <Predicate = true> <Delay = 0.00>
ST_28 : Operation 276 [1/1] (0.00ns)   --->   "%tt1_14_load = load i64 %tt1_14_load_loc"   --->   Operation 276 'load' 'tt1_14_load' <Predicate = true> <Delay = 0.00>
ST_28 : Operation 277 [1/1] (0.00ns)   --->   "%tt1_15_load = load i64 %tt1_15_load_loc"   --->   Operation 277 'load' 'tt1_15_load' <Predicate = true> <Delay = 0.00>
ST_28 : Operation 278 [2/2] (3.07ns)   --->   "%call_ln0 = call void @fp2mul503_mont.2015_Pipeline_VITIS_LOOP_152_1163, i64 %tt2, i64 %tt2_15, i64 %tt2_14, i64 %tt2_13, i64 %tt2_12, i64 %tt2_11, i64 %tt2_10, i64 %tt2_9, i64 %tt2_8, i64 %tt2_7, i64 %tt2_6, i64 %tt2_5, i64 %tt2_4, i64 %tt2_3, i64 %tt2_2, i64 %tt2_1, i64 %tt1_load, i64 %tt1_1_load, i64 %tt1_2_load, i64 %tt1_3_load, i64 %tt1_4_load, i64 %tt1_5_load, i64 %tt1_6_load, i64 %tt1_7_load, i64 %tt1_8_load, i64 %tt1_9_load, i64 %tt1_10_load, i64 %tt1_11_load, i64 %tt1_12_load, i64 %tt1_13_load, i64 %tt1_14_load, i64 %tt1_15_load"   --->   Operation 278 'call' 'call_ln0' <Predicate = true> <Delay = 3.07> <CoreType = "Generic">   --->   Generic Core

State 29 <SV = 28> <Delay = 3.88>
ST_29 : Operation 279 [1/2] (0.00ns)   --->   "%call_ln183 = call void @rdc_mont.172334, i64 %tt3, i64 %c, i64 %p503p1_1" [src/fpx.cpp:183]   --->   Operation 279 'call' 'call_ln183' <Predicate = true> <Delay = 0.00> <CoreType = "Generic">   --->   Generic Core
ST_29 : Operation 280 [1/2] (3.88ns)   --->   "%call_ln0 = call void @fp2mul503_mont.2015_Pipeline_VITIS_LOOP_152_1163, i64 %tt2, i64 %tt2_15, i64 %tt2_14, i64 %tt2_13, i64 %tt2_12, i64 %tt2_11, i64 %tt2_10, i64 %tt2_9, i64 %tt2_8, i64 %tt2_7, i64 %tt2_6, i64 %tt2_5, i64 %tt2_4, i64 %tt2_3, i64 %tt2_2, i64 %tt2_1, i64 %tt1_load, i64 %tt1_1_load, i64 %tt1_2_load, i64 %tt1_3_load, i64 %tt1_4_load, i64 %tt1_5_load, i64 %tt1_6_load, i64 %tt1_7_load, i64 %tt1_8_load, i64 %tt1_9_load, i64 %tt1_10_load, i64 %tt1_11_load, i64 %tt1_12_load, i64 %tt1_13_load, i64 %tt1_14_load, i64 %tt1_15_load"   --->   Operation 280 'call' 'call_ln0' <Predicate = true> <Delay = 3.88> <CoreType = "Generic">   --->   Generic Core

State 30 <SV = 29> <Delay = 0.00>
ST_30 : Operation 281 [1/1] (0.00ns)   --->   "%tt2_load = load i64 %tt2" [src/fpx.cpp:187]   --->   Operation 281 'load' 'tt2_load' <Predicate = true> <Delay = 0.00>
ST_30 : Operation 282 [1/1] (0.00ns)   --->   "%tt2_1_load = load i64 %tt2_1" [src/fpx.cpp:187]   --->   Operation 282 'load' 'tt2_1_load' <Predicate = true> <Delay = 0.00>
ST_30 : Operation 283 [1/1] (0.00ns)   --->   "%tt2_2_load = load i64 %tt2_2" [src/fpx.cpp:187]   --->   Operation 283 'load' 'tt2_2_load' <Predicate = true> <Delay = 0.00>
ST_30 : Operation 284 [1/1] (0.00ns)   --->   "%tt2_3_load = load i64 %tt2_3" [src/fpx.cpp:187]   --->   Operation 284 'load' 'tt2_3_load' <Predicate = true> <Delay = 0.00>
ST_30 : Operation 285 [1/1] (0.00ns)   --->   "%tt2_4_load = load i64 %tt2_4" [src/fpx.cpp:187]   --->   Operation 285 'load' 'tt2_4_load' <Predicate = true> <Delay = 0.00>
ST_30 : Operation 286 [1/1] (0.00ns)   --->   "%tt2_5_load = load i64 %tt2_5" [src/fpx.cpp:187]   --->   Operation 286 'load' 'tt2_5_load' <Predicate = true> <Delay = 0.00>
ST_30 : Operation 287 [1/1] (0.00ns)   --->   "%tt2_6_load = load i64 %tt2_6" [src/fpx.cpp:187]   --->   Operation 287 'load' 'tt2_6_load' <Predicate = true> <Delay = 0.00>
ST_30 : Operation 288 [1/1] (0.00ns)   --->   "%tt2_7_load = load i64 %tt2_7" [src/fpx.cpp:187]   --->   Operation 288 'load' 'tt2_7_load' <Predicate = true> <Delay = 0.00>
ST_30 : Operation 289 [1/1] (0.00ns)   --->   "%tt2_8_load = load i64 %tt2_8" [src/fpx.cpp:187]   --->   Operation 289 'load' 'tt2_8_load' <Predicate = true> <Delay = 0.00>
ST_30 : Operation 290 [1/1] (0.00ns)   --->   "%tt2_9_load = load i64 %tt2_9" [src/fpx.cpp:187]   --->   Operation 290 'load' 'tt2_9_load' <Predicate = true> <Delay = 0.00>
ST_30 : Operation 291 [1/1] (0.00ns)   --->   "%tt2_10_load = load i64 %tt2_10" [src/fpx.cpp:187]   --->   Operation 291 'load' 'tt2_10_load' <Predicate = true> <Delay = 0.00>
ST_30 : Operation 292 [1/1] (0.00ns)   --->   "%tt2_11_load = load i64 %tt2_11" [src/fpx.cpp:187]   --->   Operation 292 'load' 'tt2_11_load' <Predicate = true> <Delay = 0.00>
ST_30 : Operation 293 [1/1] (0.00ns)   --->   "%tt2_12_load = load i64 %tt2_12" [src/fpx.cpp:187]   --->   Operation 293 'load' 'tt2_12_load' <Predicate = true> <Delay = 0.00>
ST_30 : Operation 294 [1/1] (0.00ns)   --->   "%tt2_13_load = load i64 %tt2_13" [src/fpx.cpp:187]   --->   Operation 294 'load' 'tt2_13_load' <Predicate = true> <Delay = 0.00>
ST_30 : Operation 295 [1/1] (0.00ns)   --->   "%tt2_14_load = load i64 %tt2_14" [src/fpx.cpp:187]   --->   Operation 295 'load' 'tt2_14_load' <Predicate = true> <Delay = 0.00>
ST_30 : Operation 296 [1/1] (0.00ns)   --->   "%tt2_15_load = load i64 %tt2_15" [src/fpx.cpp:187]   --->   Operation 296 'load' 'tt2_15_load' <Predicate = true> <Delay = 0.00>
ST_30 : Operation 297 [2/2] (0.00ns)   --->   "%call_ln187 = call void @rdc_mont.3, i64 %tt2_load, i64 %tt2_1_load, i64 %tt2_2_load, i64 %tt2_3_load, i64 %tt2_4_load, i64 %tt2_5_load, i64 %tt2_6_load, i64 %tt2_7_load, i64 %tt2_8_load, i64 %tt2_9_load, i64 %tt2_10_load, i64 %tt2_11_load, i64 %tt2_12_load, i64 %tt2_13_load, i64 %tt2_14_load, i64 %tt2_15_load, i64 %c, i64 %p503p1_1" [src/fpx.cpp:187]   --->   Operation 297 'call' 'call_ln187' <Predicate = true> <Delay = 0.00> <CoreType = "Generic">   --->   Generic Core

State 31 <SV = 30> <Delay = 0.70>
ST_31 : Operation 298 [1/2] (0.70ns)   --->   "%call_ln187 = call void @rdc_mont.3, i64 %tt2_load, i64 %tt2_1_load, i64 %tt2_2_load, i64 %tt2_3_load, i64 %tt2_4_load, i64 %tt2_5_load, i64 %tt2_6_load, i64 %tt2_7_load, i64 %tt2_8_load, i64 %tt2_9_load, i64 %tt2_10_load, i64 %tt2_11_load, i64 %tt2_12_load, i64 %tt2_13_load, i64 %tt2_14_load, i64 %tt2_15_load, i64 %c, i64 %p503p1_1" [src/fpx.cpp:187]   --->   Operation 298 'call' 'call_ln187' <Predicate = true> <Delay = 0.70> <CoreType = "Generic">   --->   Generic Core
ST_31 : Operation 299 [1/1] (0.00ns)   --->   "%ret_ln188 = ret" [src/fpx.cpp:188]   --->   Operation 299 'ret' 'ret_ln188' <Predicate = true> <Delay = 0.00>


============================================================
+ Verbose Summary: Binding
============================================================
STG Binding: 
---------------- STG Properties BEGIN ----------------
- Is combinational: 0
- Is one-state seq: 0
- Is datapath-only: 0
- Is pipelined: 0
- Is top level: 0
Port [ Return ] is wired: 1; IO mode=ap_ctrl_hs:ce=0
Port [ a_0]:  wired=1; compound=1; hidden=0; nouse=0; global=0; static=0; extern=0; dir=0; type=1; pingpong=0; private_global=0; MemPort=[13]; IO mode=ap_memory:ce=0
Port [ a_1]:  wired=1; compound=1; hidden=0; nouse=0; global=0; static=0; extern=0; dir=0; type=1; pingpong=0; private_global=0; MemPort=[13]; IO mode=ap_memory:ce=0
Port [ a_2]:  wired=1; compound=1; hidden=0; nouse=0; global=0; static=0; extern=0; dir=0; type=1; pingpong=0; private_global=0; MemPort=[13]; IO mode=ap_memory:ce=0
Port [ a_3]:  wired=1; compound=1; hidden=0; nouse=0; global=0; static=0; extern=0; dir=0; type=1; pingpong=0; private_global=0; MemPort=[13]; IO mode=ap_memory:ce=0
Port [ a_4]:  wired=1; compound=1; hidden=0; nouse=0; global=0; static=0; extern=0; dir=0; type=1; pingpong=0; private_global=0; MemPort=[13]; IO mode=ap_memory:ce=0
Port [ a_5]:  wired=1; compound=1; hidden=0; nouse=0; global=0; static=0; extern=0; dir=0; type=1; pingpong=0; private_global=0; MemPort=[13]; IO mode=ap_memory:ce=0
Port [ a_6]:  wired=1; compound=1; hidden=0; nouse=0; global=0; static=0; extern=0; dir=0; type=1; pingpong=0; private_global=0; MemPort=[13]; IO mode=ap_memory:ce=0
Port [ a_7]:  wired=1; compound=1; hidden=0; nouse=0; global=0; static=0; extern=0; dir=0; type=1; pingpong=0; private_global=0; MemPort=[13]; IO mode=ap_memory:ce=0
Port [ b]:  wired=1; compound=1; hidden=0; nouse=0; global=0; static=0; extern=0; dir=0; type=1; pingpong=0; private_global=0; MemPort=[11]; IO mode=ap_memory:ce=0
Port [ c]:  wired=1; compound=1; hidden=0; nouse=0; global=0; static=0; extern=0; dir=2; type=1; pingpong=0; private_global=0; MemPort=[23]; IO mode=ap_memory:ce=0
Port [ p503_1]:  wired=0; compound=1; hidden=1; nouse=1; global=1; static=1; extern=0; dir=0; type=1; pingpong=0; private_global=0; MemPort=[1]; IO mode=ap_memory:ce=0
Port [ p503p1_1]:  wired=0; compound=1; hidden=1; nouse=1; global=1; static=1; extern=0; dir=0; type=1; pingpong=0; private_global=0; MemPort=[1]; IO mode=ap_memory:ce=0
---------------- STG Properties END ------------------

---------------- Datapath Model BEGIN ----------------

<LifeTime>
<method=bitvector/>
tt1_15_load_loc (alloca       ) [ 00111111111111111111111111111000]
tt1_14_load_loc (alloca       ) [ 00111111111111111111111111111000]
tt1_13_load_loc (alloca       ) [ 00111111111111111111111111111000]
tt1_12_load_loc (alloca       ) [ 00111111111111111111111111111000]
tt1_11_load_loc (alloca       ) [ 00111111111111111111111111111000]
tt1_10_load_loc (alloca       ) [ 00111111111111111111111111111000]
tt1_9_load_loc  (alloca       ) [ 00111111111111111111111111111000]
tt1_8_load_loc  (alloca       ) [ 00111111111111111111111111111000]
tt1_7_load_loc  (alloca       ) [ 00111111111111111111111111111000]
tt1_6_load_loc  (alloca       ) [ 00111111111111111111111111111000]
tt1_5_load_loc  (alloca       ) [ 00111111111111111111111111111000]
tt1_4_load_loc  (alloca       ) [ 00111111111111111111111111111000]
tt1_3_load_loc  (alloca       ) [ 00111111111111111111111111111000]
tt1_2_load_loc  (alloca       ) [ 00111111111111111111111111111000]
tt1_1_load_loc  (alloca       ) [ 00111111111111111111111111111000]
tt1_load_loc    (alloca       ) [ 00111111111111111111111111111000]
borrow_loc      (alloca       ) [ 00111111111111111111111111100000]
t2_213_loc      (alloca       ) [ 00111111111111111111111110000000]
t2_212_loc      (alloca       ) [ 00111111111111111111111110000000]
t2_211_loc      (alloca       ) [ 00111111111111111111111110000000]
t2_210_loc      (alloca       ) [ 00111111111111111111111110000000]
t2_209_loc      (alloca       ) [ 00111111111111111111111110000000]
t2_208_loc      (alloca       ) [ 00111111111111111111111110000000]
t2_207_loc      (alloca       ) [ 00111111111111111111111110000000]
t2_loc          (alloca       ) [ 00111111111111111111111110000000]
t1_196_loc      (alloca       ) [ 00111111111111111111111110000000]
t1_195_loc      (alloca       ) [ 00111111111111111111111110000000]
t1_194_loc      (alloca       ) [ 00111111111111111111111110000000]
t1_193_loc      (alloca       ) [ 00111111111111111111111110000000]
t1_192_loc      (alloca       ) [ 00111111111111111111111110000000]
t1_191_loc      (alloca       ) [ 00111111111111111111111110000000]
t1_190_loc      (alloca       ) [ 00111111111111111111111110000000]
t1_loc          (alloca       ) [ 00111111111111111111111110000000]
tt2             (alloca       ) [ 00111111111111111111111111111110]
tt2_1           (alloca       ) [ 00111111111111111111111111111110]
tt2_2           (alloca       ) [ 00111111111111111111111111111110]
tt2_3           (alloca       ) [ 00111111111111111111111111111110]
tt2_4           (alloca       ) [ 00111111111111111111111111111110]
tt2_5           (alloca       ) [ 00111111111111111111111111111110]
tt2_6           (alloca       ) [ 00111111111111111111111111111110]
tt2_7           (alloca       ) [ 00111111111111111111111111111110]
tt2_8           (alloca       ) [ 00111111111111111111111111111110]
tt2_9           (alloca       ) [ 00111111111111111111111111111110]
tt2_10          (alloca       ) [ 00111111111111111111111111111110]
tt2_11          (alloca       ) [ 00111111111111111111111111111110]
tt2_12          (alloca       ) [ 00111111111111111111111111111110]
tt2_13          (alloca       ) [ 00111111111111111111111111111110]
tt2_14          (alloca       ) [ 00111111111111111111111111111110]
tt2_15          (alloca       ) [ 00111111111111111111111111111110]
tt3             (alloca       ) [ 00111111111111111111111111111100]
a_0_addr        (getelementptr) [ 00100000000000000000000000000000]
a_1_addr        (getelementptr) [ 00100000000000000000000000000000]
a_2_addr        (getelementptr) [ 00100000000000000000000000000000]
a_3_addr        (getelementptr) [ 00100000000000000000000000000000]
a_4_addr        (getelementptr) [ 00100000000000000000000000000000]
a_5_addr        (getelementptr) [ 00100000000000000000000000000000]
a_6_addr        (getelementptr) [ 00100000000000000000000000000000]
a_7_addr        (getelementptr) [ 00100000000000000000000000000000]
a_0_load        (load         ) [ 00011111111111111111111100000000]
a_1_load        (load         ) [ 00011111111111111111111100000000]
a_2_load        (load         ) [ 00011111111111111111111100000000]
a_3_load        (load         ) [ 00011111111111111111111100000000]
a_4_load        (load         ) [ 00011111111111111111111100000000]
a_5_load        (load         ) [ 00011111111111111111111100000000]
a_6_load        (load         ) [ 00011111111111111111111100000000]
a_7_load        (load         ) [ 00011111111111111111111100000000]
tmp_378         (call         ) [ 00000000000000000000000000000000]
tt1             (extractvalue ) [ 00000000000011111111111100000000]
tt1_615         (extractvalue ) [ 00000000000011111111111100000000]
tt1_616         (extractvalue ) [ 00000000000011111111111100000000]
tt1_617         (extractvalue ) [ 00000000000011111111111100000000]
tt1_618         (extractvalue ) [ 00000000000011111111111100000000]
tt1_619         (extractvalue ) [ 00000000000011111111111100000000]
tt1_620         (extractvalue ) [ 00000000000011111111111100000000]
tt1_621         (extractvalue ) [ 00000000000011111111111100000000]
tt1_622         (extractvalue ) [ 00000000000011111111111100000000]
tt1_623         (extractvalue ) [ 00000000000011111111111100000000]
tt1_624         (extractvalue ) [ 00000000000011111111111100000000]
tt1_625         (extractvalue ) [ 00000000000011111111111100000000]
tt1_626         (extractvalue ) [ 00000000000011111111111100000000]
tt1_627         (extractvalue ) [ 00000000000011111111111100000000]
tt1_628         (extractvalue ) [ 00000000000011111111111100000000]
tt1_629         (extractvalue ) [ 00000000000011111111111100000000]
a_0_addr_3      (getelementptr) [ 00000000000010000000000000000000]
a_1_addr_3      (getelementptr) [ 00000000000010000000000000000000]
a_2_addr_3      (getelementptr) [ 00000000000010000000000000000000]
a_3_addr_3      (getelementptr) [ 00000000000010000000000000000000]
a_4_addr_3      (getelementptr) [ 00000000000010000000000000000000]
a_5_addr_3      (getelementptr) [ 00000000000010000000000000000000]
a_6_addr_3      (getelementptr) [ 00000000000010000000000000000000]
a_7_addr_3      (getelementptr) [ 00000000000010000000000000000000]
a_0_load_3      (load         ) [ 00000000000001111111111100000000]
a_1_load_3      (load         ) [ 00000000000001111111111100000000]
a_2_load_3      (load         ) [ 00000000000001111111111100000000]
a_3_load_3      (load         ) [ 00000000000001111111111100000000]
a_4_load_3      (load         ) [ 00000000000001111111111100000000]
a_5_load_3      (load         ) [ 00000000000001111111111100000000]
a_6_load_3      (load         ) [ 00000000000001111111111100000000]
a_7_load_3      (load         ) [ 00000000000001111111111100000000]
tmp_379         (call         ) [ 00000000000000000000000000000000]
tt2_610         (extractvalue ) [ 00000000000000000000001100000000]
store_ln175     (store        ) [ 00000000000000000000000000000000]
tt2_611         (extractvalue ) [ 00000000000000000000001100000000]
store_ln175     (store        ) [ 00000000000000000000000000000000]
tt2_612         (extractvalue ) [ 00000000000000000000001100000000]
store_ln175     (store        ) [ 00000000000000000000000000000000]
tt2_613         (extractvalue ) [ 00000000000000000000001100000000]
store_ln175     (store        ) [ 00000000000000000000000000000000]
tt2_614         (extractvalue ) [ 00000000000000000000001100000000]
store_ln175     (store        ) [ 00000000000000000000000000000000]
tt2_615         (extractvalue ) [ 00000000000000000000001100000000]
store_ln175     (store        ) [ 00000000000000000000000000000000]
tt2_616         (extractvalue ) [ 00000000000000000000001100000000]
store_ln175     (store        ) [ 00000000000000000000000000000000]
tt2_617         (extractvalue ) [ 00000000000000000000001100000000]
store_ln175     (store        ) [ 00000000000000000000000000000000]
tt2_618         (extractvalue ) [ 00000000000000000000001100000000]
store_ln175     (store        ) [ 00000000000000000000000000000000]
tt2_619         (extractvalue ) [ 00000000000000000000001100000000]
store_ln175     (store        ) [ 00000000000000000000000000000000]
tt2_620         (extractvalue ) [ 00000000000000000000001100000000]
store_ln175     (store        ) [ 00000000000000000000000000000000]
tt2_621         (extractvalue ) [ 00000000000000000000001100000000]
store_ln175     (store        ) [ 00000000000000000000000000000000]
tt2_622         (extractvalue ) [ 00000000000000000000001100000000]
store_ln175     (store        ) [ 00000000000000000000000000000000]
tt2_623         (extractvalue ) [ 00000000000000000000001100000000]
store_ln175     (store        ) [ 00000000000000000000000000000000]
tt2_624         (extractvalue ) [ 00000000000000000000001100000000]
store_ln175     (store        ) [ 00000000000000000000000000000000]
tt2_625         (extractvalue ) [ 00000000000000000000001100000000]
store_ln175     (store        ) [ 00000000000000000000000000000000]
call_ln174      (call         ) [ 00000000000000000000000000000000]
call_ln0        (call         ) [ 00000000000000000000000000000000]
call_ln174      (call         ) [ 00000000000000000000000000000000]
call_ln175      (call         ) [ 00000000000000000000000000000000]
t1_loc_load     (load         ) [ 00000000000000000000000000000000]
t1_190_loc_load (load         ) [ 00000000000000000000000000000000]
t1_191_loc_load (load         ) [ 00000000000000000000000000000000]
t1_192_loc_load (load         ) [ 00000000000000000000000000000000]
t1_193_loc_load (load         ) [ 00000000000000000000000000000000]
t1_194_loc_load (load         ) [ 00000000000000000000000000000000]
t1_195_loc_load (load         ) [ 00000000000000000000000000000000]
t1_196_loc_load (load         ) [ 00000000000000000000000000000000]
t2_loc_load     (load         ) [ 00000000000000000000000000000000]
t2_207_loc_load (load         ) [ 00000000000000000000000000000000]
t2_208_loc_load (load         ) [ 00000000000000000000000000000000]
t2_209_loc_load (load         ) [ 00000000000000000000000000000000]
t2_210_loc_load (load         ) [ 00000000000000000000000000000000]
t2_211_loc_load (load         ) [ 00000000000000000000000000000000]
t2_212_loc_load (load         ) [ 00000000000000000000000000000000]
t2_213_loc_load (load         ) [ 00000000000000000000000000000000]
borrow_loc_load (load         ) [ 00000000000000000000000000010000]
call_ln0        (call         ) [ 00000000000000000000000000000000]
call_ret        (call         ) [ 00000000000000000000000000000000]
tt2_626         (extractvalue ) [ 00000000000000000000000000000000]
store_ln185     (store        ) [ 00000000000000000000000000000000]
tt2_627         (extractvalue ) [ 00000000000000000000000000000000]
store_ln185     (store        ) [ 00000000000000000000000000000000]
tt2_628         (extractvalue ) [ 00000000000000000000000000000000]
store_ln185     (store        ) [ 00000000000000000000000000000000]
tt2_629         (extractvalue ) [ 00000000000000000000000000000000]
store_ln185     (store        ) [ 00000000000000000000000000000000]
tt2_630         (extractvalue ) [ 00000000000000000000000000000000]
store_ln185     (store        ) [ 00000000000000000000000000000000]
tt2_631         (extractvalue ) [ 00000000000000000000000000000000]
store_ln185     (store        ) [ 00000000000000000000000000000000]
tt2_632         (extractvalue ) [ 00000000000000000000000000000000]
store_ln185     (store        ) [ 00000000000000000000000000000000]
tt2_633         (extractvalue ) [ 00000000000000000000000000000000]
store_ln185     (store        ) [ 00000000000000000000000000000000]
tt2_634         (extractvalue ) [ 00000000000000000000000000000000]
store_ln185     (store        ) [ 00000000000000000000000000000000]
tt2_635         (extractvalue ) [ 00000000000000000000000000000000]
store_ln185     (store        ) [ 00000000000000000000000000000000]
tt2_636         (extractvalue ) [ 00000000000000000000000000000000]
store_ln185     (store        ) [ 00000000000000000000000000000000]
tt2_637         (extractvalue ) [ 00000000000000000000000000000000]
store_ln185     (store        ) [ 00000000000000000000000000000000]
tt2_638         (extractvalue ) [ 00000000000000000000000000000000]
store_ln185     (store        ) [ 00000000000000000000000000000000]
tt2_639         (extractvalue ) [ 00000000000000000000000000000000]
store_ln185     (store        ) [ 00000000000000000000000000000000]
tt2_640         (extractvalue ) [ 00000000000000000000000000000000]
store_ln185     (store        ) [ 00000000000000000000000000000000]
tt2_641         (extractvalue ) [ 00000000000000000000000000000000]
store_ln185     (store        ) [ 00000000000000000000000000000000]
tt1_load        (load         ) [ 00000000000000000000000000000100]
tt1_1_load      (load         ) [ 00000000000000000000000000000100]
tt1_2_load      (load         ) [ 00000000000000000000000000000100]
tt1_3_load      (load         ) [ 00000000000000000000000000000100]
tt1_4_load      (load         ) [ 00000000000000000000000000000100]
tt1_5_load      (load         ) [ 00000000000000000000000000000100]
tt1_6_load      (load         ) [ 00000000000000000000000000000100]
tt1_7_load      (load         ) [ 00000000000000000000000000000100]
tt1_8_load      (load         ) [ 00000000000000000000000000000100]
tt1_9_load      (load         ) [ 00000000000000000000000000000100]
tt1_10_load     (load         ) [ 00000000000000000000000000000100]
tt1_11_load     (load         ) [ 00000000000000000000000000000100]
tt1_12_load     (load         ) [ 00000000000000000000000000000100]
tt1_13_load     (load         ) [ 00000000000000000000000000000100]
tt1_14_load     (load         ) [ 00000000000000000000000000000100]
tt1_15_load     (load         ) [ 00000000000000000000000000000100]
call_ln183      (call         ) [ 00000000000000000000000000000000]
call_ln0        (call         ) [ 00000000000000000000000000000000]
tt2_load        (load         ) [ 00000000000000000000000000000001]
tt2_1_load      (load         ) [ 00000000000000000000000000000001]
tt2_2_load      (load         ) [ 00000000000000000000000000000001]
tt2_3_load      (load         ) [ 00000000000000000000000000000001]
tt2_4_load      (load         ) [ 00000000000000000000000000000001]
tt2_5_load      (load         ) [ 00000000000000000000000000000001]
tt2_6_load      (load         ) [ 00000000000000000000000000000001]
tt2_7_load      (load         ) [ 00000000000000000000000000000001]
tt2_8_load      (load         ) [ 00000000000000000000000000000001]
tt2_9_load      (load         ) [ 00000000000000000000000000000001]
tt2_10_load     (load         ) [ 00000000000000000000000000000001]
tt2_11_load     (load         ) [ 00000000000000000000000000000001]
tt2_12_load     (load         ) [ 00000000000000000000000000000001]
tt2_13_load     (load         ) [ 00000000000000000000000000000001]
tt2_14_load     (load         ) [ 00000000000000000000000000000001]
tt2_15_load     (load         ) [ 00000000000000000000000000000001]
call_ln187      (call         ) [ 00000000000000000000000000000000]
ret_ln188       (ret          ) [ 00000000000000000000000000000000]
</LifeTime>

<model>

<comp_list>
<comp id="0" class="1000" name="a_0">
<pin_list>
<pin id="1" dir="1" index="0" bw="1" slack="0"/>
</pin_list>
<bind>
<StgValue><ssdm name="a_0"/><MemPortTyVec>1 3 </MemPortTyVec>
</StgValue>
</bind>
</comp>

<comp id="2" class="1000" name="a_1">
<pin_list>
<pin id="3" dir="1" index="0" bw="1" slack="0"/>
</pin_list>
<bind>
<StgValue><ssdm name="a_1"/><MemPortTyVec>1 3 </MemPortTyVec>
</StgValue>
</bind>
</comp>

<comp id="4" class="1000" name="a_2">
<pin_list>
<pin id="5" dir="1" index="0" bw="1" slack="0"/>
</pin_list>
<bind>
<StgValue><ssdm name="a_2"/><MemPortTyVec>1 3 </MemPortTyVec>
</StgValue>
</bind>
</comp>

<comp id="6" class="1000" name="a_3">
<pin_list>
<pin id="7" dir="1" index="0" bw="1" slack="0"/>
</pin_list>
<bind>
<StgValue><ssdm name="a_3"/><MemPortTyVec>1 3 </MemPortTyVec>
</StgValue>
</bind>
</comp>

<comp id="8" class="1000" name="a_4">
<pin_list>
<pin id="9" dir="1" index="0" bw="1" slack="0"/>
</pin_list>
<bind>
<StgValue><ssdm name="a_4"/><MemPortTyVec>1 3 </MemPortTyVec>
</StgValue>
</bind>
</comp>

<comp id="10" class="1000" name="a_5">
<pin_list>
<pin id="11" dir="1" index="0" bw="1" slack="0"/>
</pin_list>
<bind>
<StgValue><ssdm name="a_5"/><MemPortTyVec>1 3 </MemPortTyVec>
</StgValue>
</bind>
</comp>

<comp id="12" class="1000" name="a_6">
<pin_list>
<pin id="13" dir="1" index="0" bw="1" slack="0"/>
</pin_list>
<bind>
<StgValue><ssdm name="a_6"/><MemPortTyVec>1 3 </MemPortTyVec>
</StgValue>
</bind>
</comp>

<comp id="14" class="1000" name="a_7">
<pin_list>
<pin id="15" dir="1" index="0" bw="1" slack="0"/>
</pin_list>
<bind>
<StgValue><ssdm name="a_7"/><MemPortTyVec>1 3 </MemPortTyVec>
</StgValue>
</bind>
</comp>

<comp id="16" class="1000" name="b">
<pin_list>
<pin id="17" dir="1" index="0" bw="1" slack="0"/>
</pin_list>
<bind>
<StgValue><ssdm name="b"/><MemPortTyVec>1 1 </MemPortTyVec>
</StgValue>
</bind>
</comp>

<comp id="18" class="1000" name="c">
<pin_list>
<pin id="19" dir="1" index="0" bw="1" slack="0"/>
</pin_list>
<bind>
<StgValue><ssdm name="c"/><MemPortTyVec>2 3 </MemPortTyVec>
</StgValue>
</bind>
</comp>

<comp id="20" class="1000" name="p503_1">
<pin_list>
<pin id="21" dir="1" index="0" bw="1" slack="0"/>
</pin_list>
<bind>
<StgValue><ssdm name="p503_1"/><MemPortTyVec>1 </MemPortTyVec>
</StgValue>
</bind>
</comp>

<comp id="22" class="1000" name="p503p1_1">
<pin_list>
<pin id="23" dir="1" index="0" bw="1" slack="0"/>
</pin_list>
<bind>
<StgValue><ssdm name="p503p1_1"/><MemPortTyVec>1 </MemPortTyVec>
</StgValue>
</bind>
</comp>

<comp id="24" class="1001" name="const_24">
<pin_list>
<pin id="25" dir="1" index="0" bw="1" slack="0"/>
</pin_list>
<bind>
<StgValue><ssdm name=""/></StgValue>
</bind>
</comp>

<comp id="26" class="1001" name="const_26">
<pin_list>
<pin id="27" dir="1" index="0" bw="1" slack="0"/>
</pin_list>
<bind>
<StgValue><ssdm name=""/></StgValue>
</bind>
</comp>

<comp id="28" class="1001" name="const_28">
<pin_list>
<pin id="29" dir="1" index="0" bw="1" slack="0"/>
</pin_list>
<bind>
<StgValue><ssdm name="mp_mul.5362"/></StgValue>
</bind>
</comp>

<comp id="30" class="1001" name="const_30">
<pin_list>
<pin id="31" dir="1" index="0" bw="1" slack="0"/>
</pin_list>
<bind>
<StgValue><ssdm name=""/></StgValue>
</bind>
</comp>

<comp id="32" class="1001" name="const_32">
<pin_list>
<pin id="33" dir="1" index="0" bw="1" slack="0"/>
</pin_list>
<bind>
<StgValue><ssdm name=""/></StgValue>
</bind>
</comp>

<comp id="34" class="1001" name="const_34">
<pin_list>
<pin id="35" dir="1" index="0" bw="1" slack="0"/>
</pin_list>
<bind>
<StgValue><ssdm name="fp2mul503_mont.2015_Pipeline_VITIS_LOOP_370_1"/></StgValue>
</bind>
</comp>

<comp id="36" class="1001" name="const_36">
<pin_list>
<pin id="37" dir="1" index="0" bw="1" slack="0"/>
</pin_list>
<bind>
<StgValue><ssdm name="fp2mul503_mont.2015_Pipeline_VITIS_LOOP_370_1161"/></StgValue>
</bind>
</comp>

<comp id="38" class="1001" name="const_38">
<pin_list>
<pin id="39" dir="1" index="0" bw="1" slack="0"/>
</pin_list>
<bind>
<StgValue><ssdm name="fp2mul503_mont.2015_Pipeline_VITIS_LOOP_152_1"/></StgValue>
</bind>
</comp>

<comp id="40" class="1001" name="const_40">
<pin_list>
<pin id="41" dir="1" index="0" bw="1" slack="0"/>
</pin_list>
<bind>
<StgValue><ssdm name="fp2mul503_mont.2015_Pipeline_VITIS_LOOP_370_1162"/></StgValue>
</bind>
</comp>

<comp id="42" class="1001" name="const_42">
<pin_list>
<pin id="43" dir="1" index="0" bw="1" slack="0"/>
</pin_list>
<bind>
<StgValue><ssdm name="mp_mul.1"/></StgValue>
</bind>
</comp>

<comp id="44" class="1001" name="const_44">
<pin_list>
<pin id="45" dir="1" index="0" bw="1" slack="0"/>
</pin_list>
<bind>
<StgValue><ssdm name="fp2mul503_mont.2015_Pipeline_VITIS_LOOP_179_1"/></StgValue>
</bind>
</comp>

<comp id="46" class="1001" name="const_46">
<pin_list>
<pin id="47" dir="1" index="0" bw="1" slack="0"/>
</pin_list>
<bind>
<StgValue><ssdm name="rdc_mont.172334"/></StgValue>
</bind>
</comp>

<comp id="48" class="1001" name="const_48">
<pin_list>
<pin id="49" dir="1" index="0" bw="1" slack="0"/>
</pin_list>
<bind>
<StgValue><ssdm name="fp2mul503_mont.2015_Pipeline_VITIS_LOOP_152_1163"/></StgValue>
</bind>
</comp>

<comp id="50" class="1001" name="const_50">
<pin_list>
<pin id="51" dir="1" index="0" bw="1" slack="0"/>
</pin_list>
<bind>
<StgValue><ssdm name="rdc_mont.3"/></StgValue>
</bind>
</comp>

<comp id="52" class="1004" name="tt1_15_load_loc_fu_52">
<pin_list>
<pin id="53" dir="0" index="0" bw="1" slack="0"/>
<pin id="54" dir="1" index="1" bw="64" slack="21"/>
</pin_list>
<bind>
<opcode="alloca(26) " fcode="alloca"/>
<opset="tt1_15_load_loc/1 "/>
</bind>
</comp>

<comp id="56" class="1004" name="tt1_14_load_loc_fu_56">
<pin_list>
<pin id="57" dir="0" index="0" bw="1" slack="0"/>
<pin id="58" dir="1" index="1" bw="64" slack="21"/>
</pin_list>
<bind>
<opcode="alloca(26) " fcode="alloca"/>
<opset="tt1_14_load_loc/1 "/>
</bind>
</comp>

<comp id="60" class="1004" name="tt1_13_load_loc_fu_60">
<pin_list>
<pin id="61" dir="0" index="0" bw="1" slack="0"/>
<pin id="62" dir="1" index="1" bw="64" slack="21"/>
</pin_list>
<bind>
<opcode="alloca(26) " fcode="alloca"/>
<opset="tt1_13_load_loc/1 "/>
</bind>
</comp>

<comp id="64" class="1004" name="tt1_12_load_loc_fu_64">
<pin_list>
<pin id="65" dir="0" index="0" bw="1" slack="0"/>
<pin id="66" dir="1" index="1" bw="64" slack="21"/>
</pin_list>
<bind>
<opcode="alloca(26) " fcode="alloca"/>
<opset="tt1_12_load_loc/1 "/>
</bind>
</comp>

<comp id="68" class="1004" name="tt1_11_load_loc_fu_68">
<pin_list>
<pin id="69" dir="0" index="0" bw="1" slack="0"/>
<pin id="70" dir="1" index="1" bw="64" slack="21"/>
</pin_list>
<bind>
<opcode="alloca(26) " fcode="alloca"/>
<opset="tt1_11_load_loc/1 "/>
</bind>
</comp>

<comp id="72" class="1004" name="tt1_10_load_loc_fu_72">
<pin_list>
<pin id="73" dir="0" index="0" bw="1" slack="0"/>
<pin id="74" dir="1" index="1" bw="64" slack="21"/>
</pin_list>
<bind>
<opcode="alloca(26) " fcode="alloca"/>
<opset="tt1_10_load_loc/1 "/>
</bind>
</comp>

<comp id="76" class="1004" name="tt1_9_load_loc_fu_76">
<pin_list>
<pin id="77" dir="0" index="0" bw="1" slack="0"/>
<pin id="78" dir="1" index="1" bw="64" slack="21"/>
</pin_list>
<bind>
<opcode="alloca(26) " fcode="alloca"/>
<opset="tt1_9_load_loc/1 "/>
</bind>
</comp>

<comp id="80" class="1004" name="tt1_8_load_loc_fu_80">
<pin_list>
<pin id="81" dir="0" index="0" bw="1" slack="0"/>
<pin id="82" dir="1" index="1" bw="64" slack="21"/>
</pin_list>
<bind>
<opcode="alloca(26) " fcode="alloca"/>
<opset="tt1_8_load_loc/1 "/>
</bind>
</comp>

<comp id="84" class="1004" name="tt1_7_load_loc_fu_84">
<pin_list>
<pin id="85" dir="0" index="0" bw="1" slack="0"/>
<pin id="86" dir="1" index="1" bw="64" slack="21"/>
</pin_list>
<bind>
<opcode="alloca(26) " fcode="alloca"/>
<opset="tt1_7_load_loc/1 "/>
</bind>
</comp>

<comp id="88" class="1004" name="tt1_6_load_loc_fu_88">
<pin_list>
<pin id="89" dir="0" index="0" bw="1" slack="0"/>
<pin id="90" dir="1" index="1" bw="64" slack="21"/>
</pin_list>
<bind>
<opcode="alloca(26) " fcode="alloca"/>
<opset="tt1_6_load_loc/1 "/>
</bind>
</comp>

<comp id="92" class="1004" name="tt1_5_load_loc_fu_92">
<pin_list>
<pin id="93" dir="0" index="0" bw="1" slack="0"/>
<pin id="94" dir="1" index="1" bw="64" slack="21"/>
</pin_list>
<bind>
<opcode="alloca(26) " fcode="alloca"/>
<opset="tt1_5_load_loc/1 "/>
</bind>
</comp>

<comp id="96" class="1004" name="tt1_4_load_loc_fu_96">
<pin_list>
<pin id="97" dir="0" index="0" bw="1" slack="0"/>
<pin id="98" dir="1" index="1" bw="64" slack="21"/>
</pin_list>
<bind>
<opcode="alloca(26) " fcode="alloca"/>
<opset="tt1_4_load_loc/1 "/>
</bind>
</comp>

<comp id="100" class="1004" name="tt1_3_load_loc_fu_100">
<pin_list>
<pin id="101" dir="0" index="0" bw="1" slack="0"/>
<pin id="102" dir="1" index="1" bw="64" slack="21"/>
</pin_list>
<bind>
<opcode="alloca(26) " fcode="alloca"/>
<opset="tt1_3_load_loc/1 "/>
</bind>
</comp>

<comp id="104" class="1004" name="tt1_2_load_loc_fu_104">
<pin_list>
<pin id="105" dir="0" index="0" bw="1" slack="0"/>
<pin id="106" dir="1" index="1" bw="64" slack="21"/>
</pin_list>
<bind>
<opcode="alloca(26) " fcode="alloca"/>
<opset="tt1_2_load_loc/1 "/>
</bind>
</comp>

<comp id="108" class="1004" name="tt1_1_load_loc_fu_108">
<pin_list>
<pin id="109" dir="0" index="0" bw="1" slack="0"/>
<pin id="110" dir="1" index="1" bw="64" slack="21"/>
</pin_list>
<bind>
<opcode="alloca(26) " fcode="alloca"/>
<opset="tt1_1_load_loc/1 "/>
</bind>
</comp>

<comp id="112" class="1004" name="tt1_load_loc_fu_112">
<pin_list>
<pin id="113" dir="0" index="0" bw="1" slack="0"/>
<pin id="114" dir="1" index="1" bw="64" slack="21"/>
</pin_list>
<bind>
<opcode="alloca(26) " fcode="alloca"/>
<opset="tt1_load_loc/1 "/>
</bind>
</comp>

<comp id="116" class="1004" name="borrow_loc_fu_116">
<pin_list>
<pin id="117" dir="0" index="0" bw="1" slack="0"/>
<pin id="118" dir="1" index="1" bw="1" slack="21"/>
</pin_list>
<bind>
<opcode="alloca(26) " fcode="alloca"/>
<opset="borrow_loc/1 "/>
</bind>
</comp>

<comp id="120" class="1004" name="t2_213_loc_fu_120">
<pin_list>
<pin id="121" dir="0" index="0" bw="1" slack="0"/>
<pin id="122" dir="1" index="1" bw="64" slack="21"/>
</pin_list>
<bind>
<opcode="alloca(26) " fcode="alloca"/>
<opset="t2_213_loc/1 "/>
</bind>
</comp>

<comp id="124" class="1004" name="t2_212_loc_fu_124">
<pin_list>
<pin id="125" dir="0" index="0" bw="1" slack="0"/>
<pin id="126" dir="1" index="1" bw="64" slack="21"/>
</pin_list>
<bind>
<opcode="alloca(26) " fcode="alloca"/>
<opset="t2_212_loc/1 "/>
</bind>
</comp>

<comp id="128" class="1004" name="t2_211_loc_fu_128">
<pin_list>
<pin id="129" dir="0" index="0" bw="1" slack="0"/>
<pin id="130" dir="1" index="1" bw="64" slack="21"/>
</pin_list>
<bind>
<opcode="alloca(26) " fcode="alloca"/>
<opset="t2_211_loc/1 "/>
</bind>
</comp>

<comp id="132" class="1004" name="t2_210_loc_fu_132">
<pin_list>
<pin id="133" dir="0" index="0" bw="1" slack="0"/>
<pin id="134" dir="1" index="1" bw="64" slack="21"/>
</pin_list>
<bind>
<opcode="alloca(26) " fcode="alloca"/>
<opset="t2_210_loc/1 "/>
</bind>
</comp>

<comp id="136" class="1004" name="t2_209_loc_fu_136">
<pin_list>
<pin id="137" dir="0" index="0" bw="1" slack="0"/>
<pin id="138" dir="1" index="1" bw="64" slack="21"/>
</pin_list>
<bind>
<opcode="alloca(26) " fcode="alloca"/>
<opset="t2_209_loc/1 "/>
</bind>
</comp>

<comp id="140" class="1004" name="t2_208_loc_fu_140">
<pin_list>
<pin id="141" dir="0" index="0" bw="1" slack="0"/>
<pin id="142" dir="1" index="1" bw="64" slack="21"/>
</pin_list>
<bind>
<opcode="alloca(26) " fcode="alloca"/>
<opset="t2_208_loc/1 "/>
</bind>
</comp>

<comp id="144" class="1004" name="t2_207_loc_fu_144">
<pin_list>
<pin id="145" dir="0" index="0" bw="1" slack="0"/>
<pin id="146" dir="1" index="1" bw="64" slack="21"/>
</pin_list>
<bind>
<opcode="alloca(26) " fcode="alloca"/>
<opset="t2_207_loc/1 "/>
</bind>
</comp>

<comp id="148" class="1004" name="t2_loc_fu_148">
<pin_list>
<pin id="149" dir="0" index="0" bw="1" slack="0"/>
<pin id="150" dir="1" index="1" bw="64" slack="21"/>
</pin_list>
<bind>
<opcode="alloca(26) " fcode="alloca"/>
<opset="t2_loc/1 "/>
</bind>
</comp>

<comp id="152" class="1004" name="t1_196_loc_fu_152">
<pin_list>
<pin id="153" dir="0" index="0" bw="1" slack="0"/>
<pin id="154" dir="1" index="1" bw="64" slack="21"/>
</pin_list>
<bind>
<opcode="alloca(26) " fcode="alloca"/>
<opset="t1_196_loc/1 "/>
</bind>
</comp>

<comp id="156" class="1004" name="t1_195_loc_fu_156">
<pin_list>
<pin id="157" dir="0" index="0" bw="1" slack="0"/>
<pin id="158" dir="1" index="1" bw="64" slack="21"/>
</pin_list>
<bind>
<opcode="alloca(26) " fcode="alloca"/>
<opset="t1_195_loc/1 "/>
</bind>
</comp>

<comp id="160" class="1004" name="t1_194_loc_fu_160">
<pin_list>
<pin id="161" dir="0" index="0" bw="1" slack="0"/>
<pin id="162" dir="1" index="1" bw="64" slack="21"/>
</pin_list>
<bind>
<opcode="alloca(26) " fcode="alloca"/>
<opset="t1_194_loc/1 "/>
</bind>
</comp>

<comp id="164" class="1004" name="t1_193_loc_fu_164">
<pin_list>
<pin id="165" dir="0" index="0" bw="1" slack="0"/>
<pin id="166" dir="1" index="1" bw="64" slack="21"/>
</pin_list>
<bind>
<opcode="alloca(26) " fcode="alloca"/>
<opset="t1_193_loc/1 "/>
</bind>
</comp>

<comp id="168" class="1004" name="t1_192_loc_fu_168">
<pin_list>
<pin id="169" dir="0" index="0" bw="1" slack="0"/>
<pin id="170" dir="1" index="1" bw="64" slack="21"/>
</pin_list>
<bind>
<opcode="alloca(26) " fcode="alloca"/>
<opset="t1_192_loc/1 "/>
</bind>
</comp>

<comp id="172" class="1004" name="t1_191_loc_fu_172">
<pin_list>
<pin id="173" dir="0" index="0" bw="1" slack="0"/>
<pin id="174" dir="1" index="1" bw="64" slack="21"/>
</pin_list>
<bind>
<opcode="alloca(26) " fcode="alloca"/>
<opset="t1_191_loc/1 "/>
</bind>
</comp>

<comp id="176" class="1004" name="t1_190_loc_fu_176">
<pin_list>
<pin id="177" dir="0" index="0" bw="1" slack="0"/>
<pin id="178" dir="1" index="1" bw="64" slack="21"/>
</pin_list>
<bind>
<opcode="alloca(26) " fcode="alloca"/>
<opset="t1_190_loc/1 "/>
</bind>
</comp>

<comp id="180" class="1004" name="t1_loc_fu_180">
<pin_list>
<pin id="181" dir="0" index="0" bw="1" slack="0"/>
<pin id="182" dir="1" index="1" bw="64" slack="21"/>
</pin_list>
<bind>
<opcode="alloca(26) " fcode="alloca"/>
<opset="t1_loc/1 "/>
</bind>
</comp>

<comp id="184" class="1004" name="tt2_fu_184">
<pin_list>
<pin id="185" dir="0" index="0" bw="1" slack="0"/>
<pin id="186" dir="1" index="1" bw="64" slack="20"/>
</pin_list>
<bind>
<opcode="alloca(26) " fcode="alloca"/>
<opset="tt2/1 "/>
</bind>
</comp>

<comp id="188" class="1004" name="tt2_1_fu_188">
<pin_list>
<pin id="189" dir="0" index="0" bw="1" slack="0"/>
<pin id="190" dir="1" index="1" bw="64" slack="20"/>
</pin_list>
<bind>
<opcode="alloca(26) " fcode="alloca"/>
<opset="tt2_1/1 "/>
</bind>
</comp>

<comp id="192" class="1004" name="tt2_2_fu_192">
<pin_list>
<pin id="193" dir="0" index="0" bw="1" slack="0"/>
<pin id="194" dir="1" index="1" bw="64" slack="20"/>
</pin_list>
<bind>
<opcode="alloca(26) " fcode="alloca"/>
<opset="tt2_2/1 "/>
</bind>
</comp>

<comp id="196" class="1004" name="tt2_3_fu_196">
<pin_list>
<pin id="197" dir="0" index="0" bw="1" slack="0"/>
<pin id="198" dir="1" index="1" bw="64" slack="20"/>
</pin_list>
<bind>
<opcode="alloca(26) " fcode="alloca"/>
<opset="tt2_3/1 "/>
</bind>
</comp>

<comp id="200" class="1004" name="tt2_4_fu_200">
<pin_list>
<pin id="201" dir="0" index="0" bw="1" slack="0"/>
<pin id="202" dir="1" index="1" bw="64" slack="20"/>
</pin_list>
<bind>
<opcode="alloca(26) " fcode="alloca"/>
<opset="tt2_4/1 "/>
</bind>
</comp>

<comp id="204" class="1004" name="tt2_5_fu_204">
<pin_list>
<pin id="205" dir="0" index="0" bw="1" slack="0"/>
<pin id="206" dir="1" index="1" bw="64" slack="20"/>
</pin_list>
<bind>
<opcode="alloca(26) " fcode="alloca"/>
<opset="tt2_5/1 "/>
</bind>
</comp>

<comp id="208" class="1004" name="tt2_6_fu_208">
<pin_list>
<pin id="209" dir="0" index="0" bw="1" slack="0"/>
<pin id="210" dir="1" index="1" bw="64" slack="20"/>
</pin_list>
<bind>
<opcode="alloca(26) " fcode="alloca"/>
<opset="tt2_6/1 "/>
</bind>
</comp>

<comp id="212" class="1004" name="tt2_7_fu_212">
<pin_list>
<pin id="213" dir="0" index="0" bw="1" slack="0"/>
<pin id="214" dir="1" index="1" bw="64" slack="20"/>
</pin_list>
<bind>
<opcode="alloca(26) " fcode="alloca"/>
<opset="tt2_7/1 "/>
</bind>
</comp>

<comp id="216" class="1004" name="tt2_8_fu_216">
<pin_list>
<pin id="217" dir="0" index="0" bw="1" slack="0"/>
<pin id="218" dir="1" index="1" bw="64" slack="20"/>
</pin_list>
<bind>
<opcode="alloca(26) " fcode="alloca"/>
<opset="tt2_8/1 "/>
</bind>
</comp>

<comp id="220" class="1004" name="tt2_9_fu_220">
<pin_list>
<pin id="221" dir="0" index="0" bw="1" slack="0"/>
<pin id="222" dir="1" index="1" bw="64" slack="20"/>
</pin_list>
<bind>
<opcode="alloca(26) " fcode="alloca"/>
<opset="tt2_9/1 "/>
</bind>
</comp>

<comp id="224" class="1004" name="tt2_10_fu_224">
<pin_list>
<pin id="225" dir="0" index="0" bw="1" slack="0"/>
<pin id="226" dir="1" index="1" bw="64" slack="20"/>
</pin_list>
<bind>
<opcode="alloca(26) " fcode="alloca"/>
<opset="tt2_10/1 "/>
</bind>
</comp>

<comp id="228" class="1004" name="tt2_11_fu_228">
<pin_list>
<pin id="229" dir="0" index="0" bw="1" slack="0"/>
<pin id="230" dir="1" index="1" bw="64" slack="20"/>
</pin_list>
<bind>
<opcode="alloca(26) " fcode="alloca"/>
<opset="tt2_11/1 "/>
</bind>
</comp>

<comp id="232" class="1004" name="tt2_12_fu_232">
<pin_list>
<pin id="233" dir="0" index="0" bw="1" slack="0"/>
<pin id="234" dir="1" index="1" bw="64" slack="20"/>
</pin_list>
<bind>
<opcode="alloca(26) " fcode="alloca"/>
<opset="tt2_12/1 "/>
</bind>
</comp>

<comp id="236" class="1004" name="tt2_13_fu_236">
<pin_list>
<pin id="237" dir="0" index="0" bw="1" slack="0"/>
<pin id="238" dir="1" index="1" bw="64" slack="20"/>
</pin_list>
<bind>
<opcode="alloca(26) " fcode="alloca"/>
<opset="tt2_13/1 "/>
</bind>
</comp>

<comp id="240" class="1004" name="tt2_14_fu_240">
<pin_list>
<pin id="241" dir="0" index="0" bw="1" slack="0"/>
<pin id="242" dir="1" index="1" bw="64" slack="20"/>
</pin_list>
<bind>
<opcode="alloca(26) " fcode="alloca"/>
<opset="tt2_14/1 "/>
</bind>
</comp>

<comp id="244" class="1004" name="tt2_15_fu_244">
<pin_list>
<pin id="245" dir="0" index="0" bw="1" slack="0"/>
<pin id="246" dir="1" index="1" bw="64" slack="20"/>
</pin_list>
<bind>
<opcode="alloca(26) " fcode="alloca"/>
<opset="tt2_15/1 "/>
</bind>
</comp>

<comp id="248" class="1004" name="tt3_alloca_fu_248">
<pin_list>
<pin id="249" dir="0" index="0" bw="1" slack="0"/>
<pin id="250" dir="1" index="1" bw="64" slack="2147483647"/>
</pin_list>
<bind>
<opcode="alloca(26) " fcode="alloca"/>
<opset="tt3/1 "/>
</bind>
</comp>

<comp id="252" class="1004" name="a_0_addr_gep_fu_252">
<pin_list>
<pin id="253" dir="0" index="0" bw="64" slack="0"/>
<pin id="254" dir="0" index="1" bw="1" slack="0"/>
<pin id="255" dir="0" index="2" bw="1" slack="0"/>
<pin id="256" dir="1" index="3" bw="1" slack="0"/>
</pin_list>
<bind>
<opcode="getelementptr(29) " fcode="getelementptr"/>
<opset="a_0_addr/1 "/>
</bind>
</comp>

<comp id="260" class="1004" name="a_1_addr_gep_fu_260">
<pin_list>
<pin id="261" dir="0" index="0" bw="64" slack="0"/>
<pin id="262" dir="0" index="1" bw="1" slack="0"/>
<pin id="263" dir="0" index="2" bw="1" slack="0"/>
<pin id="264" dir="1" index="3" bw="1" slack="0"/>
</pin_list>
<bind>
<opcode="getelementptr(29) " fcode="getelementptr"/>
<opset="a_1_addr/1 "/>
</bind>
</comp>

<comp id="268" class="1004" name="a_2_addr_gep_fu_268">
<pin_list>
<pin id="269" dir="0" index="0" bw="64" slack="0"/>
<pin id="270" dir="0" index="1" bw="1" slack="0"/>
<pin id="271" dir="0" index="2" bw="1" slack="0"/>
<pin id="272" dir="1" index="3" bw="1" slack="0"/>
</pin_list>
<bind>
<opcode="getelementptr(29) " fcode="getelementptr"/>
<opset="a_2_addr/1 "/>
</bind>
</comp>

<comp id="276" class="1004" name="a_3_addr_gep_fu_276">
<pin_list>
<pin id="277" dir="0" index="0" bw="64" slack="0"/>
<pin id="278" dir="0" index="1" bw="1" slack="0"/>
<pin id="279" dir="0" index="2" bw="1" slack="0"/>
<pin id="280" dir="1" index="3" bw="1" slack="0"/>
</pin_list>
<bind>
<opcode="getelementptr(29) " fcode="getelementptr"/>
<opset="a_3_addr/1 "/>
</bind>
</comp>

<comp id="284" class="1004" name="a_4_addr_gep_fu_284">
<pin_list>
<pin id="285" dir="0" index="0" bw="64" slack="0"/>
<pin id="286" dir="0" index="1" bw="1" slack="0"/>
<pin id="287" dir="0" index="2" bw="1" slack="0"/>
<pin id="288" dir="1" index="3" bw="1" slack="0"/>
</pin_list>
<bind>
<opcode="getelementptr(29) " fcode="getelementptr"/>
<opset="a_4_addr/1 "/>
</bind>
</comp>

<comp id="292" class="1004" name="a_5_addr_gep_fu_292">
<pin_list>
<pin id="293" dir="0" index="0" bw="64" slack="0"/>
<pin id="294" dir="0" index="1" bw="1" slack="0"/>
<pin id="295" dir="0" index="2" bw="1" slack="0"/>
<pin id="296" dir="1" index="3" bw="1" slack="0"/>
</pin_list>
<bind>
<opcode="getelementptr(29) " fcode="getelementptr"/>
<opset="a_5_addr/1 "/>
</bind>
</comp>

<comp id="300" class="1004" name="a_6_addr_gep_fu_300">
<pin_list>
<pin id="301" dir="0" index="0" bw="64" slack="0"/>
<pin id="302" dir="0" index="1" bw="1" slack="0"/>
<pin id="303" dir="0" index="2" bw="1" slack="0"/>
<pin id="304" dir="1" index="3" bw="1" slack="0"/>
</pin_list>
<bind>
<opcode="getelementptr(29) " fcode="getelementptr"/>
<opset="a_6_addr/1 "/>
</bind>
</comp>

<comp id="308" class="1004" name="a_7_addr_gep_fu_308">
<pin_list>
<pin id="309" dir="0" index="0" bw="64" slack="0"/>
<pin id="310" dir="0" index="1" bw="1" slack="0"/>
<pin id="311" dir="0" index="2" bw="1" slack="0"/>
<pin id="312" dir="1" index="3" bw="1" slack="0"/>
</pin_list>
<bind>
<opcode="getelementptr(29) " fcode="getelementptr"/>
<opset="a_7_addr/1 "/>
</bind>
</comp>

<comp id="316" class="1004" name="grp_access_fu_316">
<pin_list>
<pin id="317" dir="0" index="0" bw="1" slack="0"/>
<pin id="318" dir="0" index="1" bw="64" slack="2147483647"/>
<pin id="319" dir="0" index="2" bw="0" slack="2147483647"/>
<pin id="320" dir="1" index="3" bw="64" slack="0"/>
</pin_list>
<bind>
<opcode="load(27) " fcode="load"/>
<opset="a_0_load/1 a_0_load_3/11 "/>
</bind>
</comp>

<comp id="322" class="1004" name="grp_access_fu_322">
<pin_list>
<pin id="323" dir="0" index="0" bw="1" slack="0"/>
<pin id="324" dir="0" index="1" bw="64" slack="2147483647"/>
<pin id="325" dir="0" index="2" bw="0" slack="2147483647"/>
<pin id="326" dir="1" index="3" bw="64" slack="0"/>
</pin_list>
<bind>
<opcode="load(27) " fcode="load"/>
<opset="a_1_load/1 a_1_load_3/11 "/>
</bind>
</comp>

<comp id="328" class="1004" name="grp_access_fu_328">
<pin_list>
<pin id="329" dir="0" index="0" bw="1" slack="0"/>
<pin id="330" dir="0" index="1" bw="64" slack="2147483647"/>
<pin id="331" dir="0" index="2" bw="0" slack="2147483647"/>
<pin id="332" dir="1" index="3" bw="64" slack="0"/>
</pin_list>
<bind>
<opcode="load(27) " fcode="load"/>
<opset="a_2_load/1 a_2_load_3/11 "/>
</bind>
</comp>

<comp id="334" class="1004" name="grp_access_fu_334">
<pin_list>
<pin id="335" dir="0" index="0" bw="1" slack="0"/>
<pin id="336" dir="0" index="1" bw="64" slack="2147483647"/>
<pin id="337" dir="0" index="2" bw="0" slack="2147483647"/>
<pin id="338" dir="1" index="3" bw="64" slack="0"/>
</pin_list>
<bind>
<opcode="load(27) " fcode="load"/>
<opset="a_3_load/1 a_3_load_3/11 "/>
</bind>
</comp>

<comp id="340" class="1004" name="grp_access_fu_340">
<pin_list>
<pin id="341" dir="0" index="0" bw="1" slack="0"/>
<pin id="342" dir="0" index="1" bw="64" slack="2147483647"/>
<pin id="343" dir="0" index="2" bw="0" slack="2147483647"/>
<pin id="344" dir="1" index="3" bw="64" slack="0"/>
</pin_list>
<bind>
<opcode="load(27) " fcode="load"/>
<opset="a_4_load/1 a_4_load_3/11 "/>
</bind>
</comp>

<comp id="346" class="1004" name="grp_access_fu_346">
<pin_list>
<pin id="347" dir="0" index="0" bw="1" slack="0"/>
<pin id="348" dir="0" index="1" bw="64" slack="2147483647"/>
<pin id="349" dir="0" index="2" bw="0" slack="2147483647"/>
<pin id="350" dir="1" index="3" bw="64" slack="0"/>
</pin_list>
<bind>
<opcode="load(27) " fcode="load"/>
<opset="a_5_load/1 a_5_load_3/11 "/>
</bind>
</comp>

<comp id="352" class="1004" name="grp_access_fu_352">
<pin_list>
<pin id="353" dir="0" index="0" bw="1" slack="0"/>
<pin id="354" dir="0" index="1" bw="64" slack="2147483647"/>
<pin id="355" dir="0" index="2" bw="0" slack="2147483647"/>
<pin id="356" dir="1" index="3" bw="64" slack="0"/>
</pin_list>
<bind>
<opcode="load(27) " fcode="load"/>
<opset="a_6_load/1 a_6_load_3/11 "/>
</bind>
</comp>

<comp id="358" class="1004" name="grp_access_fu_358">
<pin_list>
<pin id="359" dir="0" index="0" bw="1" slack="0"/>
<pin id="360" dir="0" index="1" bw="64" slack="2147483647"/>
<pin id="361" dir="0" index="2" bw="0" slack="2147483647"/>
<pin id="362" dir="1" index="3" bw="64" slack="0"/>
</pin_list>
<bind>
<opcode="load(27) " fcode="load"/>
<opset="a_7_load/1 a_7_load_3/11 "/>
</bind>
</comp>

<comp id="364" class="1004" name="a_0_addr_3_gep_fu_364">
<pin_list>
<pin id="365" dir="0" index="0" bw="64" slack="0"/>
<pin id="366" dir="0" index="1" bw="1" slack="0"/>
<pin id="367" dir="0" index="2" bw="1" slack="0"/>
<pin id="368" dir="1" index="3" bw="1" slack="0"/>
</pin_list>
<bind>
<opcode="getelementptr(29) " fcode="getelementptr"/>
<opset="a_0_addr_3/11 "/>
</bind>
</comp>

<comp id="372" class="1004" name="a_1_addr_3_gep_fu_372">
<pin_list>
<pin id="373" dir="0" index="0" bw="64" slack="0"/>
<pin id="374" dir="0" index="1" bw="1" slack="0"/>
<pin id="375" dir="0" index="2" bw="1" slack="0"/>
<pin id="376" dir="1" index="3" bw="1" slack="0"/>
</pin_list>
<bind>
<opcode="getelementptr(29) " fcode="getelementptr"/>
<opset="a_1_addr_3/11 "/>
</bind>
</comp>

<comp id="380" class="1004" name="a_2_addr_3_gep_fu_380">
<pin_list>
<pin id="381" dir="0" index="0" bw="64" slack="0"/>
<pin id="382" dir="0" index="1" bw="1" slack="0"/>
<pin id="383" dir="0" index="2" bw="1" slack="0"/>
<pin id="384" dir="1" index="3" bw="1" slack="0"/>
</pin_list>
<bind>
<opcode="getelementptr(29) " fcode="getelementptr"/>
<opset="a_2_addr_3/11 "/>
</bind>
</comp>

<comp id="388" class="1004" name="a_3_addr_3_gep_fu_388">
<pin_list>
<pin id="389" dir="0" index="0" bw="64" slack="0"/>
<pin id="390" dir="0" index="1" bw="1" slack="0"/>
<pin id="391" dir="0" index="2" bw="1" slack="0"/>
<pin id="392" dir="1" index="3" bw="1" slack="0"/>
</pin_list>
<bind>
<opcode="getelementptr(29) " fcode="getelementptr"/>
<opset="a_3_addr_3/11 "/>
</bind>
</comp>

<comp id="396" class="1004" name="a_4_addr_3_gep_fu_396">
<pin_list>
<pin id="397" dir="0" index="0" bw="64" slack="0"/>
<pin id="398" dir="0" index="1" bw="1" slack="0"/>
<pin id="399" dir="0" index="2" bw="1" slack="0"/>
<pin id="400" dir="1" index="3" bw="1" slack="0"/>
</pin_list>
<bind>
<opcode="getelementptr(29) " fcode="getelementptr"/>
<opset="a_4_addr_3/11 "/>
</bind>
</comp>

<comp id="404" class="1004" name="a_5_addr_3_gep_fu_404">
<pin_list>
<pin id="405" dir="0" index="0" bw="64" slack="0"/>
<pin id="406" dir="0" index="1" bw="1" slack="0"/>
<pin id="407" dir="0" index="2" bw="1" slack="0"/>
<pin id="408" dir="1" index="3" bw="1" slack="0"/>
</pin_list>
<bind>
<opcode="getelementptr(29) " fcode="getelementptr"/>
<opset="a_5_addr_3/11 "/>
</bind>
</comp>

<comp id="412" class="1004" name="a_6_addr_3_gep_fu_412">
<pin_list>
<pin id="413" dir="0" index="0" bw="64" slack="0"/>
<pin id="414" dir="0" index="1" bw="1" slack="0"/>
<pin id="415" dir="0" index="2" bw="1" slack="0"/>
<pin id="416" dir="1" index="3" bw="1" slack="0"/>
</pin_list>
<bind>
<opcode="getelementptr(29) " fcode="getelementptr"/>
<opset="a_6_addr_3/11 "/>
</bind>
</comp>

<comp id="420" class="1004" name="a_7_addr_3_gep_fu_420">
<pin_list>
<pin id="421" dir="0" index="0" bw="64" slack="0"/>
<pin id="422" dir="0" index="1" bw="1" slack="0"/>
<pin id="423" dir="0" index="2" bw="1" slack="0"/>
<pin id="424" dir="1" index="3" bw="1" slack="0"/>
</pin_list>
<bind>
<opcode="getelementptr(29) " fcode="getelementptr"/>
<opset="a_7_addr_3/11 "/>
</bind>
</comp>

<comp id="436" class="1004" name="grp_mp_mul_5362_fu_436">
<pin_list>
<pin id="437" dir="0" index="0" bw="1024" slack="0"/>
<pin id="438" dir="0" index="1" bw="64" slack="0"/>
<pin id="439" dir="0" index="2" bw="64" slack="0"/>
<pin id="440" dir="0" index="3" bw="64" slack="0"/>
<pin id="441" dir="0" index="4" bw="64" slack="0"/>
<pin id="442" dir="0" index="5" bw="64" slack="0"/>
<pin id="443" dir="0" index="6" bw="64" slack="0"/>
<pin id="444" dir="0" index="7" bw="64" slack="0"/>
<pin id="445" dir="0" index="8" bw="64" slack="0"/>
<pin id="446" dir="0" index="9" bw="64" slack="0"/>
<pin id="447" dir="0" index="10" bw="1" slack="0"/>
<pin id="448" dir="1" index="11" bw="1024" slack="0"/>
</pin_list>
<bind>
<opcode="call(48) " fcode="call"/>
<opset="tmp_378/2 tmp_379/12 "/>
</bind>
</comp>

<comp id="461" class="1004" name="grp_fp2mul503_mont_2015_Pipeline_VITIS_LOOP_370_1_fu_461">
<pin_list>
<pin id="462" dir="0" index="0" bw="0" slack="0"/>
<pin id="463" dir="0" index="1" bw="64" slack="20"/>
<pin id="464" dir="0" index="2" bw="64" slack="20"/>
<pin id="465" dir="0" index="3" bw="64" slack="20"/>
<pin id="466" dir="0" index="4" bw="64" slack="20"/>
<pin id="467" dir="0" index="5" bw="64" slack="20"/>
<pin id="468" dir="0" index="6" bw="64" slack="20"/>
<pin id="469" dir="0" index="7" bw="64" slack="20"/>
<pin id="470" dir="0" index="8" bw="64" slack="20"/>
<pin id="471" dir="0" index="9" bw="64" slack="10"/>
<pin id="472" dir="0" index="10" bw="64" slack="10"/>
<pin id="473" dir="0" index="11" bw="64" slack="10"/>
<pin id="474" dir="0" index="12" bw="64" slack="10"/>
<pin id="475" dir="0" index="13" bw="64" slack="10"/>
<pin id="476" dir="0" index="14" bw="64" slack="10"/>
<pin id="477" dir="0" index="15" bw="64" slack="10"/>
<pin id="478" dir="0" index="16" bw="64" slack="10"/>
<pin id="479" dir="0" index="17" bw="64" slack="21"/>
<pin id="480" dir="0" index="18" bw="64" slack="21"/>
<pin id="481" dir="0" index="19" bw="64" slack="21"/>
<pin id="482" dir="0" index="20" bw="64" slack="21"/>
<pin id="483" dir="0" index="21" bw="64" slack="21"/>
<pin id="484" dir="0" index="22" bw="64" slack="21"/>
<pin id="485" dir="0" index="23" bw="64" slack="21"/>
<pin id="486" dir="0" index="24" bw="64" slack="21"/>
<pin id="487" dir="1" index="25" bw="0" slack="2147483647"/>
</pin_list>
<bind>
<opcode="call(48) " fcode="call"/>
<opset="call_ln174/22 "/>
</bind>
</comp>

<comp id="489" class="1004" name="grp_fp2mul503_mont_2015_Pipeline_VITIS_LOOP_370_1161_fu_489">
<pin_list>
<pin id="490" dir="0" index="0" bw="0" slack="0"/>
<pin id="491" dir="0" index="1" bw="64" slack="0"/>
<pin id="492" dir="0" index="2" bw="64" slack="21"/>
<pin id="493" dir="0" index="3" bw="64" slack="21"/>
<pin id="494" dir="0" index="4" bw="64" slack="21"/>
<pin id="495" dir="0" index="5" bw="64" slack="21"/>
<pin id="496" dir="0" index="6" bw="64" slack="21"/>
<pin id="497" dir="0" index="7" bw="64" slack="21"/>
<pin id="498" dir="0" index="8" bw="64" slack="21"/>
<pin id="499" dir="0" index="9" bw="64" slack="21"/>
<pin id="500" dir="1" index="10" bw="0" slack="2147483647"/>
</pin_list>
<bind>
<opcode="call(48) " fcode="call"/>
<opset="call_ln0/22 "/>
</bind>
</comp>

<comp id="503" class="1004" name="grp_fp2mul503_mont_2015_Pipeline_VITIS_LOOP_152_1_fu_503">
<pin_list>
<pin id="504" dir="0" index="0" bw="0" slack="0"/>
<pin id="505" dir="0" index="1" bw="64" slack="11"/>
<pin id="506" dir="0" index="2" bw="64" slack="11"/>
<pin id="507" dir="0" index="3" bw="64" slack="11"/>
<pin id="508" dir="0" index="4" bw="64" slack="11"/>
<pin id="509" dir="0" index="5" bw="64" slack="11"/>
<pin id="510" dir="0" index="6" bw="64" slack="11"/>
<pin id="511" dir="0" index="7" bw="64" slack="11"/>
<pin id="512" dir="0" index="8" bw="64" slack="11"/>
<pin id="513" dir="0" index="9" bw="64" slack="11"/>
<pin id="514" dir="0" index="10" bw="64" slack="11"/>
<pin id="515" dir="0" index="11" bw="64" slack="11"/>
<pin id="516" dir="0" index="12" bw="64" slack="11"/>
<pin id="517" dir="0" index="13" bw="64" slack="11"/>
<pin id="518" dir="0" index="14" bw="64" slack="11"/>
<pin id="519" dir="0" index="15" bw="64" slack="11"/>
<pin id="520" dir="0" index="16" bw="64" slack="11"/>
<pin id="521" dir="0" index="17" bw="64" slack="1"/>
<pin id="522" dir="0" index="18" bw="64" slack="1"/>
<pin id="523" dir="0" index="19" bw="64" slack="1"/>
<pin id="524" dir="0" index="20" bw="64" slack="1"/>
<pin id="525" dir="0" index="21" bw="64" slack="1"/>
<pin id="526" dir="0" index="22" bw="64" slack="1"/>
<pin id="527" dir="0" index="23" bw="64" slack="1"/>
<pin id="528" dir="0" index="24" bw="64" slack="1"/>
<pin id="529" dir="0" index="25" bw="64" slack="1"/>
<pin id="530" dir="0" index="26" bw="64" slack="1"/>
<pin id="531" dir="0" index="27" bw="64" slack="1"/>
<pin id="532" dir="0" index="28" bw="64" slack="1"/>
<pin id="533" dir="0" index="29" bw="64" slack="1"/>
<pin id="534" dir="0" index="30" bw="64" slack="1"/>
<pin id="535" dir="0" index="31" bw="64" slack="1"/>
<pin id="536" dir="0" index="32" bw="64" slack="1"/>
<pin id="537" dir="0" index="33" bw="64" slack="2147483647"/>
<pin id="538" dir="0" index="34" bw="1" slack="21"/>
<pin id="539" dir="1" index="35" bw="0" slack="2147483647"/>
</pin_list>
<bind>
<opcode="call(48) " fcode="call"/>
<opset="call_ln174/22 "/>
</bind>
</comp>

<comp id="541" class="1004" name="grp_fp2mul503_mont_2015_Pipeline_VITIS_LOOP_370_1162_fu_541">
<pin_list>
<pin id="542" dir="0" index="0" bw="0" slack="0"/>
<pin id="543" dir="0" index="1" bw="64" slack="1"/>
<pin id="544" dir="0" index="2" bw="64" slack="1"/>
<pin id="545" dir="0" index="3" bw="64" slack="1"/>
<pin id="546" dir="0" index="4" bw="64" slack="1"/>
<pin id="547" dir="0" index="5" bw="64" slack="1"/>
<pin id="548" dir="0" index="6" bw="64" slack="1"/>
<pin id="549" dir="0" index="7" bw="64" slack="1"/>
<pin id="550" dir="0" index="8" bw="64" slack="1"/>
<pin id="551" dir="0" index="9" bw="64" slack="1"/>
<pin id="552" dir="0" index="10" bw="64" slack="1"/>
<pin id="553" dir="0" index="11" bw="64" slack="1"/>
<pin id="554" dir="0" index="12" bw="64" slack="1"/>
<pin id="555" dir="0" index="13" bw="64" slack="1"/>
<pin id="556" dir="0" index="14" bw="64" slack="1"/>
<pin id="557" dir="0" index="15" bw="64" slack="1"/>
<pin id="558" dir="0" index="16" bw="64" slack="1"/>
<pin id="559" dir="0" index="17" bw="64" slack="11"/>
<pin id="560" dir="0" index="18" bw="64" slack="11"/>
<pin id="561" dir="0" index="19" bw="64" slack="11"/>
<pin id="562" dir="0" index="20" bw="64" slack="11"/>
<pin id="563" dir="0" index="21" bw="64" slack="11"/>
<pin id="564" dir="0" index="22" bw="64" slack="11"/>
<pin id="565" dir="0" index="23" bw="64" slack="11"/>
<pin id="566" dir="0" index="24" bw="64" slack="11"/>
<pin id="567" dir="0" index="25" bw="64" slack="11"/>
<pin id="568" dir="0" index="26" bw="64" slack="11"/>
<pin id="569" dir="0" index="27" bw="64" slack="11"/>
<pin id="570" dir="0" index="28" bw="64" slack="11"/>
<pin id="571" dir="0" index="29" bw="64" slack="11"/>
<pin id="572" dir="0" index="30" bw="64" slack="11"/>
<pin id="573" dir="0" index="31" bw="64" slack="11"/>
<pin id="574" dir="0" index="32" bw="64" slack="11"/>
<pin id="575" dir="0" index="33" bw="64" slack="21"/>
<pin id="576" dir="0" index="34" bw="64" slack="21"/>
<pin id="577" dir="0" index="35" bw="64" slack="21"/>
<pin id="578" dir="0" index="36" bw="64" slack="21"/>
<pin id="579" dir="0" index="37" bw="64" slack="21"/>
<pin id="580" dir="0" index="38" bw="64" slack="21"/>
<pin id="581" dir="0" index="39" bw="64" slack="21"/>
<pin id="582" dir="0" index="40" bw="64" slack="21"/>
<pin id="583" dir="0" index="41" bw="64" slack="21"/>
<pin id="584" dir="0" index="42" bw="64" slack="21"/>
<pin id="585" dir="0" index="43" bw="64" slack="21"/>
<pin id="586" dir="0" index="44" bw="64" slack="21"/>
<pin id="587" dir="0" index="45" bw="64" slack="21"/>
<pin id="588" dir="0" index="46" bw="64" slack="21"/>
<pin id="589" dir="0" index="47" bw="64" slack="21"/>
<pin id="590" dir="0" index="48" bw="64" slack="21"/>
<pin id="591" dir="1" index="49" bw="0" slack="2147483647"/>
</pin_list>
<bind>
<opcode="call(48) " fcode="call"/>
<opset="call_ln175/22 "/>
</bind>
</comp>

<comp id="593" class="1004" name="grp_mp_mul_1_fu_593">
<pin_list>
<pin id="594" dir="0" index="0" bw="1024" slack="0"/>
<pin id="595" dir="0" index="1" bw="64" slack="0"/>
<pin id="596" dir="0" index="2" bw="64" slack="0"/>
<pin id="597" dir="0" index="3" bw="64" slack="0"/>
<pin id="598" dir="0" index="4" bw="64" slack="0"/>
<pin id="599" dir="0" index="5" bw="64" slack="0"/>
<pin id="600" dir="0" index="6" bw="64" slack="0"/>
<pin id="601" dir="0" index="7" bw="64" slack="0"/>
<pin id="602" dir="0" index="8" bw="64" slack="0"/>
<pin id="603" dir="0" index="9" bw="64" slack="0"/>
<pin id="604" dir="0" index="10" bw="64" slack="0"/>
<pin id="605" dir="0" index="11" bw="64" slack="0"/>
<pin id="606" dir="0" index="12" bw="64" slack="0"/>
<pin id="607" dir="0" index="13" bw="64" slack="0"/>
<pin id="608" dir="0" index="14" bw="64" slack="0"/>
<pin id="609" dir="0" index="15" bw="64" slack="0"/>
<pin id="610" dir="0" index="16" bw="64" slack="0"/>
<pin id="611" dir="1" index="17" bw="1024" slack="0"/>
</pin_list>
<bind>
<opcode="call(48) " fcode="call"/>
<opset="call_ret/24 "/>
</bind>
</comp>

<comp id="613" class="1004" name="grp_fp2mul503_mont_2015_Pipeline_VITIS_LOOP_179_1_fu_613">
<pin_list>
<pin id="614" dir="0" index="0" bw="0" slack="0"/>
<pin id="615" dir="0" index="1" bw="64" slack="2147483647"/>
<pin id="616" dir="0" index="2" bw="1" slack="0"/>
<pin id="617" dir="0" index="3" bw="64" slack="0"/>
<pin id="618" dir="1" index="4" bw="0" slack="2147483647"/>
</pin_list>
<bind>
<opcode="call(48) " fcode="call"/>
<opset="call_ln0/26 "/>
</bind>
</comp>

<comp id="621" class="1004" name="grp_rdc_mont_172334_fu_621">
<pin_list>
<pin id="622" dir="0" index="0" bw="0" slack="0"/>
<pin id="623" dir="0" index="1" bw="64" slack="2147483647"/>
<pin id="624" dir="0" index="2" bw="64" slack="0"/>
<pin id="625" dir="0" index="3" bw="64" slack="0"/>
<pin id="626" dir="1" index="4" bw="0" slack="2147483647"/>
</pin_list>
<bind>
<opcode="call(48) " fcode="call"/>
<opset="call_ln183/28 "/>
</bind>
</comp>

<comp id="630" class="1004" name="grp_fp2mul503_mont_2015_Pipeline_VITIS_LOOP_152_1163_fu_630">
<pin_list>
<pin id="631" dir="0" index="0" bw="0" slack="0"/>
<pin id="632" dir="0" index="1" bw="64" slack="27"/>
<pin id="633" dir="0" index="2" bw="64" slack="27"/>
<pin id="634" dir="0" index="3" bw="64" slack="27"/>
<pin id="635" dir="0" index="4" bw="64" slack="27"/>
<pin id="636" dir="0" index="5" bw="64" slack="27"/>
<pin id="637" dir="0" index="6" bw="64" slack="27"/>
<pin id="638" dir="0" index="7" bw="64" slack="27"/>
<pin id="639" dir="0" index="8" bw="64" slack="27"/>
<pin id="640" dir="0" index="9" bw="64" slack="27"/>
<pin id="641" dir="0" index="10" bw="64" slack="27"/>
<pin id="642" dir="0" index="11" bw="64" slack="27"/>
<pin id="643" dir="0" index="12" bw="64" slack="27"/>
<pin id="644" dir="0" index="13" bw="64" slack="27"/>
<pin id="645" dir="0" index="14" bw="64" slack="27"/>
<pin id="646" dir="0" index="15" bw="64" slack="27"/>
<pin id="647" dir="0" index="16" bw="64" slack="27"/>
<pin id="648" dir="0" index="17" bw="64" slack="0"/>
<pin id="649" dir="0" index="18" bw="64" slack="0"/>
<pin id="650" dir="0" index="19" bw="64" slack="0"/>
<pin id="651" dir="0" index="20" bw="64" slack="0"/>
<pin id="652" dir="0" index="21" bw="64" slack="0"/>
<pin id="653" dir="0" index="22" bw="64" slack="0"/>
<pin id="654" dir="0" index="23" bw="64" slack="0"/>
<pin id="655" dir="0" index="24" bw="64" slack="0"/>
<pin id="656" dir="0" index="25" bw="64" slack="0"/>
<pin id="657" dir="0" index="26" bw="64" slack="0"/>
<pin id="658" dir="0" index="27" bw="64" slack="0"/>
<pin id="659" dir="0" index="28" bw="64" slack="0"/>
<pin id="660" dir="0" index="29" bw="64" slack="0"/>
<pin id="661" dir="0" index="30" bw="64" slack="0"/>
<pin id="662" dir="0" index="31" bw="64" slack="0"/>
<pin id="663" dir="0" index="32" bw="64" slack="0"/>
<pin id="664" dir="1" index="33" bw="0" slack="2147483647"/>
</pin_list>
<bind>
<opcode="call(48) " fcode="call"/>
<opset="call_ln0/28 "/>
</bind>
</comp>

<comp id="666" class="1004" name="grp_rdc_mont_3_fu_666">
<pin_list>
<pin id="667" dir="0" index="0" bw="0" slack="0"/>
<pin id="668" dir="0" index="1" bw="64" slack="0"/>
<pin id="669" dir="0" index="2" bw="64" slack="0"/>
<pin id="670" dir="0" index="3" bw="64" slack="0"/>
<pin id="671" dir="0" index="4" bw="64" slack="0"/>
<pin id="672" dir="0" index="5" bw="64" slack="0"/>
<pin id="673" dir="0" index="6" bw="64" slack="0"/>
<pin id="674" dir="0" index="7" bw="64" slack="0"/>
<pin id="675" dir="0" index="8" bw="64" slack="0"/>
<pin id="676" dir="0" index="9" bw="64" slack="0"/>
<pin id="677" dir="0" index="10" bw="64" slack="0"/>
<pin id="678" dir="0" index="11" bw="64" slack="0"/>
<pin id="679" dir="0" index="12" bw="64" slack="0"/>
<pin id="680" dir="0" index="13" bw="64" slack="0"/>
<pin id="681" dir="0" index="14" bw="64" slack="0"/>
<pin id="682" dir="0" index="15" bw="64" slack="0"/>
<pin id="683" dir="0" index="16" bw="64" slack="0"/>
<pin id="684" dir="0" index="17" bw="64" slack="0"/>
<pin id="685" dir="0" index="18" bw="64" slack="0"/>
<pin id="686" dir="1" index="19" bw="0" slack="2147483647"/>
</pin_list>
<bind>
<opcode="call(48) " fcode="call"/>
<opset="call_ln187/30 "/>
</bind>
</comp>

<comp id="690" class="1004" name="grp_fu_690">
<pin_list>
<pin id="691" dir="0" index="0" bw="1024" slack="0"/>
<pin id="692" dir="1" index="1" bw="64" slack="0"/>
</pin_list>
<bind>
<opcode="extractvalue(56) " fcode="extractvalue"/>
<opset="tt1/11 tt2_610/21 "/>
</bind>
</comp>

<comp id="694" class="1004" name="grp_fu_694">
<pin_list>
<pin id="695" dir="0" index="0" bw="1024" slack="0"/>
<pin id="696" dir="1" index="1" bw="64" slack="0"/>
</pin_list>
<bind>
<opcode="extractvalue(56) " fcode="extractvalue"/>
<opset="tt1_615/11 tt2_611/21 "/>
</bind>
</comp>

<comp id="698" class="1004" name="grp_fu_698">
<pin_list>
<pin id="699" dir="0" index="0" bw="1024" slack="0"/>
<pin id="700" dir="1" index="1" bw="64" slack="0"/>
</pin_list>
<bind>
<opcode="extractvalue(56) " fcode="extractvalue"/>
<opset="tt1_616/11 tt2_612/21 "/>
</bind>
</comp>

<comp id="702" class="1004" name="grp_fu_702">
<pin_list>
<pin id="703" dir="0" index="0" bw="1024" slack="0"/>
<pin id="704" dir="1" index="1" bw="64" slack="0"/>
</pin_list>
<bind>
<opcode="extractvalue(56) " fcode="extractvalue"/>
<opset="tt1_617/11 tt2_613/21 "/>
</bind>
</comp>

<comp id="706" class="1004" name="grp_fu_706">
<pin_list>
<pin id="707" dir="0" index="0" bw="1024" slack="0"/>
<pin id="708" dir="1" index="1" bw="64" slack="0"/>
</pin_list>
<bind>
<opcode="extractvalue(56) " fcode="extractvalue"/>
<opset="tt1_618/11 tt2_614/21 "/>
</bind>
</comp>

<comp id="710" class="1004" name="grp_fu_710">
<pin_list>
<pin id="711" dir="0" index="0" bw="1024" slack="0"/>
<pin id="712" dir="1" index="1" bw="64" slack="0"/>
</pin_list>
<bind>
<opcode="extractvalue(56) " fcode="extractvalue"/>
<opset="tt1_619/11 tt2_615/21 "/>
</bind>
</comp>

<comp id="714" class="1004" name="grp_fu_714">
<pin_list>
<pin id="715" dir="0" index="0" bw="1024" slack="0"/>
<pin id="716" dir="1" index="1" bw="64" slack="0"/>
</pin_list>
<bind>
<opcode="extractvalue(56) " fcode="extractvalue"/>
<opset="tt1_620/11 tt2_616/21 "/>
</bind>
</comp>

<comp id="718" class="1004" name="grp_fu_718">
<pin_list>
<pin id="719" dir="0" index="0" bw="1024" slack="0"/>
<pin id="720" dir="1" index="1" bw="64" slack="0"/>
</pin_list>
<bind>
<opcode="extractvalue(56) " fcode="extractvalue"/>
<opset="tt1_621/11 tt2_617/21 "/>
</bind>
</comp>

<comp id="722" class="1004" name="grp_fu_722">
<pin_list>
<pin id="723" dir="0" index="0" bw="1024" slack="0"/>
<pin id="724" dir="1" index="1" bw="64" slack="0"/>
</pin_list>
<bind>
<opcode="extractvalue(56) " fcode="extractvalue"/>
<opset="tt1_622/11 tt2_618/21 "/>
</bind>
</comp>

<comp id="726" class="1004" name="grp_fu_726">
<pin_list>
<pin id="727" dir="0" index="0" bw="1024" slack="0"/>
<pin id="728" dir="1" index="1" bw="64" slack="0"/>
</pin_list>
<bind>
<opcode="extractvalue(56) " fcode="extractvalue"/>
<opset="tt1_623/11 tt2_619/21 "/>
</bind>
</comp>

<comp id="730" class="1004" name="grp_fu_730">
<pin_list>
<pin id="731" dir="0" index="0" bw="1024" slack="0"/>
<pin id="732" dir="1" index="1" bw="64" slack="0"/>
</pin_list>
<bind>
<opcode="extractvalue(56) " fcode="extractvalue"/>
<opset="tt1_624/11 tt2_620/21 "/>
</bind>
</comp>

<comp id="734" class="1004" name="grp_fu_734">
<pin_list>
<pin id="735" dir="0" index="0" bw="1024" slack="0"/>
<pin id="736" dir="1" index="1" bw="64" slack="0"/>
</pin_list>
<bind>
<opcode="extractvalue(56) " fcode="extractvalue"/>
<opset="tt1_625/11 tt2_621/21 "/>
</bind>
</comp>

<comp id="738" class="1004" name="grp_fu_738">
<pin_list>
<pin id="739" dir="0" index="0" bw="1024" slack="0"/>
<pin id="740" dir="1" index="1" bw="64" slack="0"/>
</pin_list>
<bind>
<opcode="extractvalue(56) " fcode="extractvalue"/>
<opset="tt1_626/11 tt2_622/21 "/>
</bind>
</comp>

<comp id="742" class="1004" name="grp_fu_742">
<pin_list>
<pin id="743" dir="0" index="0" bw="1024" slack="0"/>
<pin id="744" dir="1" index="1" bw="64" slack="0"/>
</pin_list>
<bind>
<opcode="extractvalue(56) " fcode="extractvalue"/>
<opset="tt1_627/11 tt2_623/21 "/>
</bind>
</comp>

<comp id="746" class="1004" name="grp_fu_746">
<pin_list>
<pin id="747" dir="0" index="0" bw="1024" slack="0"/>
<pin id="748" dir="1" index="1" bw="64" slack="0"/>
</pin_list>
<bind>
<opcode="extractvalue(56) " fcode="extractvalue"/>
<opset="tt1_628/11 tt2_624/21 "/>
</bind>
</comp>

<comp id="750" class="1004" name="grp_fu_750">
<pin_list>
<pin id="751" dir="0" index="0" bw="1024" slack="0"/>
<pin id="752" dir="1" index="1" bw="64" slack="0"/>
</pin_list>
<bind>
<opcode="extractvalue(56) " fcode="extractvalue"/>
<opset="tt1_629/11 tt2_625/21 "/>
</bind>
</comp>

<comp id="754" class="1004" name="store_ln175_store_fu_754">
<pin_list>
<pin id="755" dir="0" index="0" bw="64" slack="0"/>
<pin id="756" dir="0" index="1" bw="64" slack="20"/>
<pin id="757" dir="1" index="2" bw="0" slack="2147483647"/>
</pin_list>
<bind>
<opcode="store(28) " fcode="store"/>
<opset="store_ln175/21 "/>
</bind>
</comp>

<comp id="759" class="1004" name="store_ln175_store_fu_759">
<pin_list>
<pin id="760" dir="0" index="0" bw="64" slack="0"/>
<pin id="761" dir="0" index="1" bw="64" slack="20"/>
<pin id="762" dir="1" index="2" bw="0" slack="2147483647"/>
</pin_list>
<bind>
<opcode="store(28) " fcode="store"/>
<opset="store_ln175/21 "/>
</bind>
</comp>

<comp id="764" class="1004" name="store_ln175_store_fu_764">
<pin_list>
<pin id="765" dir="0" index="0" bw="64" slack="0"/>
<pin id="766" dir="0" index="1" bw="64" slack="20"/>
<pin id="767" dir="1" index="2" bw="0" slack="2147483647"/>
</pin_list>
<bind>
<opcode="store(28) " fcode="store"/>
<opset="store_ln175/21 "/>
</bind>
</comp>

<comp id="769" class="1004" name="store_ln175_store_fu_769">
<pin_list>
<pin id="770" dir="0" index="0" bw="64" slack="0"/>
<pin id="771" dir="0" index="1" bw="64" slack="20"/>
<pin id="772" dir="1" index="2" bw="0" slack="2147483647"/>
</pin_list>
<bind>
<opcode="store(28) " fcode="store"/>
<opset="store_ln175/21 "/>
</bind>
</comp>

<comp id="774" class="1004" name="store_ln175_store_fu_774">
<pin_list>
<pin id="775" dir="0" index="0" bw="64" slack="0"/>
<pin id="776" dir="0" index="1" bw="64" slack="20"/>
<pin id="777" dir="1" index="2" bw="0" slack="2147483647"/>
</pin_list>
<bind>
<opcode="store(28) " fcode="store"/>
<opset="store_ln175/21 "/>
</bind>
</comp>

<comp id="779" class="1004" name="store_ln175_store_fu_779">
<pin_list>
<pin id="780" dir="0" index="0" bw="64" slack="0"/>
<pin id="781" dir="0" index="1" bw="64" slack="20"/>
<pin id="782" dir="1" index="2" bw="0" slack="2147483647"/>
</pin_list>
<bind>
<opcode="store(28) " fcode="store"/>
<opset="store_ln175/21 "/>
</bind>
</comp>

<comp id="784" class="1004" name="store_ln175_store_fu_784">
<pin_list>
<pin id="785" dir="0" index="0" bw="64" slack="0"/>
<pin id="786" dir="0" index="1" bw="64" slack="20"/>
<pin id="787" dir="1" index="2" bw="0" slack="2147483647"/>
</pin_list>
<bind>
<opcode="store(28) " fcode="store"/>
<opset="store_ln175/21 "/>
</bind>
</comp>

<comp id="789" class="1004" name="store_ln175_store_fu_789">
<pin_list>
<pin id="790" dir="0" index="0" bw="64" slack="0"/>
<pin id="791" dir="0" index="1" bw="64" slack="20"/>
<pin id="792" dir="1" index="2" bw="0" slack="2147483647"/>
</pin_list>
<bind>
<opcode="store(28) " fcode="store"/>
<opset="store_ln175/21 "/>
</bind>
</comp>

<comp id="794" class="1004" name="store_ln175_store_fu_794">
<pin_list>
<pin id="795" dir="0" index="0" bw="64" slack="0"/>
<pin id="796" dir="0" index="1" bw="64" slack="20"/>
<pin id="797" dir="1" index="2" bw="0" slack="2147483647"/>
</pin_list>
<bind>
<opcode="store(28) " fcode="store"/>
<opset="store_ln175/21 "/>
</bind>
</comp>

<comp id="799" class="1004" name="store_ln175_store_fu_799">
<pin_list>
<pin id="800" dir="0" index="0" bw="64" slack="0"/>
<pin id="801" dir="0" index="1" bw="64" slack="20"/>
<pin id="802" dir="1" index="2" bw="0" slack="2147483647"/>
</pin_list>
<bind>
<opcode="store(28) " fcode="store"/>
<opset="store_ln175/21 "/>
</bind>
</comp>

<comp id="804" class="1004" name="store_ln175_store_fu_804">
<pin_list>
<pin id="805" dir="0" index="0" bw="64" slack="0"/>
<pin id="806" dir="0" index="1" bw="64" slack="20"/>
<pin id="807" dir="1" index="2" bw="0" slack="2147483647"/>
</pin_list>
<bind>
<opcode="store(28) " fcode="store"/>
<opset="store_ln175/21 "/>
</bind>
</comp>

<comp id="809" class="1004" name="store_ln175_store_fu_809">
<pin_list>
<pin id="810" dir="0" index="0" bw="64" slack="0"/>
<pin id="811" dir="0" index="1" bw="64" slack="20"/>
<pin id="812" dir="1" index="2" bw="0" slack="2147483647"/>
</pin_list>
<bind>
<opcode="store(28) " fcode="store"/>
<opset="store_ln175/21 "/>
</bind>
</comp>

<comp id="814" class="1004" name="store_ln175_store_fu_814">
<pin_list>
<pin id="815" dir="0" index="0" bw="64" slack="0"/>
<pin id="816" dir="0" index="1" bw="64" slack="20"/>
<pin id="817" dir="1" index="2" bw="0" slack="2147483647"/>
</pin_list>
<bind>
<opcode="store(28) " fcode="store"/>
<opset="store_ln175/21 "/>
</bind>
</comp>

<comp id="819" class="1004" name="store_ln175_store_fu_819">
<pin_list>
<pin id="820" dir="0" index="0" bw="64" slack="0"/>
<pin id="821" dir="0" index="1" bw="64" slack="20"/>
<pin id="822" dir="1" index="2" bw="0" slack="2147483647"/>
</pin_list>
<bind>
<opcode="store(28) " fcode="store"/>
<opset="store_ln175/21 "/>
</bind>
</comp>

<comp id="824" class="1004" name="store_ln175_store_fu_824">
<pin_list>
<pin id="825" dir="0" index="0" bw="64" slack="0"/>
<pin id="826" dir="0" index="1" bw="64" slack="20"/>
<pin id="827" dir="1" index="2" bw="0" slack="2147483647"/>
</pin_list>
<bind>
<opcode="store(28) " fcode="store"/>
<opset="store_ln175/21 "/>
</bind>
</comp>

<comp id="829" class="1004" name="store_ln175_store_fu_829">
<pin_list>
<pin id="830" dir="0" index="0" bw="64" slack="0"/>
<pin id="831" dir="0" index="1" bw="64" slack="20"/>
<pin id="832" dir="1" index="2" bw="0" slack="2147483647"/>
</pin_list>
<bind>
<opcode="store(28) " fcode="store"/>
<opset="store_ln175/21 "/>
</bind>
</comp>

<comp id="834" class="1004" name="t1_loc_load_load_fu_834">
<pin_list>
<pin id="835" dir="0" index="0" bw="64" slack="23"/>
<pin id="836" dir="1" index="1" bw="64" slack="0"/>
</pin_list>
<bind>
<opcode="load(27) " fcode="load"/>
<opset="t1_loc_load/24 "/>
</bind>
</comp>

<comp id="838" class="1004" name="t1_190_loc_load_load_fu_838">
<pin_list>
<pin id="839" dir="0" index="0" bw="64" slack="23"/>
<pin id="840" dir="1" index="1" bw="64" slack="0"/>
</pin_list>
<bind>
<opcode="load(27) " fcode="load"/>
<opset="t1_190_loc_load/24 "/>
</bind>
</comp>

<comp id="842" class="1004" name="t1_191_loc_load_load_fu_842">
<pin_list>
<pin id="843" dir="0" index="0" bw="64" slack="23"/>
<pin id="844" dir="1" index="1" bw="64" slack="0"/>
</pin_list>
<bind>
<opcode="load(27) " fcode="load"/>
<opset="t1_191_loc_load/24 "/>
</bind>
</comp>

<comp id="846" class="1004" name="t1_192_loc_load_load_fu_846">
<pin_list>
<pin id="847" dir="0" index="0" bw="64" slack="23"/>
<pin id="848" dir="1" index="1" bw="64" slack="0"/>
</pin_list>
<bind>
<opcode="load(27) " fcode="load"/>
<opset="t1_192_loc_load/24 "/>
</bind>
</comp>

<comp id="850" class="1004" name="t1_193_loc_load_load_fu_850">
<pin_list>
<pin id="851" dir="0" index="0" bw="64" slack="23"/>
<pin id="852" dir="1" index="1" bw="64" slack="0"/>
</pin_list>
<bind>
<opcode="load(27) " fcode="load"/>
<opset="t1_193_loc_load/24 "/>
</bind>
</comp>

<comp id="854" class="1004" name="t1_194_loc_load_load_fu_854">
<pin_list>
<pin id="855" dir="0" index="0" bw="64" slack="23"/>
<pin id="856" dir="1" index="1" bw="64" slack="0"/>
</pin_list>
<bind>
<opcode="load(27) " fcode="load"/>
<opset="t1_194_loc_load/24 "/>
</bind>
</comp>

<comp id="858" class="1004" name="t1_195_loc_load_load_fu_858">
<pin_list>
<pin id="859" dir="0" index="0" bw="64" slack="23"/>
<pin id="860" dir="1" index="1" bw="64" slack="0"/>
</pin_list>
<bind>
<opcode="load(27) " fcode="load"/>
<opset="t1_195_loc_load/24 "/>
</bind>
</comp>

<comp id="862" class="1004" name="t1_196_loc_load_load_fu_862">
<pin_list>
<pin id="863" dir="0" index="0" bw="64" slack="23"/>
<pin id="864" dir="1" index="1" bw="64" slack="0"/>
</pin_list>
<bind>
<opcode="load(27) " fcode="load"/>
<opset="t1_196_loc_load/24 "/>
</bind>
</comp>

<comp id="866" class="1004" name="t2_loc_load_load_fu_866">
<pin_list>
<pin id="867" dir="0" index="0" bw="64" slack="23"/>
<pin id="868" dir="1" index="1" bw="64" slack="0"/>
</pin_list>
<bind>
<opcode="load(27) " fcode="load"/>
<opset="t2_loc_load/24 "/>
</bind>
</comp>

<comp id="870" class="1004" name="t2_207_loc_load_load_fu_870">
<pin_list>
<pin id="871" dir="0" index="0" bw="64" slack="23"/>
<pin id="872" dir="1" index="1" bw="64" slack="0"/>
</pin_list>
<bind>
<opcode="load(27) " fcode="load"/>
<opset="t2_207_loc_load/24 "/>
</bind>
</comp>

<comp id="874" class="1004" name="t2_208_loc_load_load_fu_874">
<pin_list>
<pin id="875" dir="0" index="0" bw="64" slack="23"/>
<pin id="876" dir="1" index="1" bw="64" slack="0"/>
</pin_list>
<bind>
<opcode="load(27) " fcode="load"/>
<opset="t2_208_loc_load/24 "/>
</bind>
</comp>

<comp id="878" class="1004" name="t2_209_loc_load_load_fu_878">
<pin_list>
<pin id="879" dir="0" index="0" bw="64" slack="23"/>
<pin id="880" dir="1" index="1" bw="64" slack="0"/>
</pin_list>
<bind>
<opcode="load(27) " fcode="load"/>
<opset="t2_209_loc_load/24 "/>
</bind>
</comp>

<comp id="882" class="1004" name="t2_210_loc_load_load_fu_882">
<pin_list>
<pin id="883" dir="0" index="0" bw="64" slack="23"/>
<pin id="884" dir="1" index="1" bw="64" slack="0"/>
</pin_list>
<bind>
<opcode="load(27) " fcode="load"/>
<opset="t2_210_loc_load/24 "/>
</bind>
</comp>

<comp id="886" class="1004" name="t2_211_loc_load_load_fu_886">
<pin_list>
<pin id="887" dir="0" index="0" bw="64" slack="23"/>
<pin id="888" dir="1" index="1" bw="64" slack="0"/>
</pin_list>
<bind>
<opcode="load(27) " fcode="load"/>
<opset="t2_211_loc_load/24 "/>
</bind>
</comp>

<comp id="890" class="1004" name="t2_212_loc_load_load_fu_890">
<pin_list>
<pin id="891" dir="0" index="0" bw="64" slack="23"/>
<pin id="892" dir="1" index="1" bw="64" slack="0"/>
</pin_list>
<bind>
<opcode="load(27) " fcode="load"/>
<opset="t2_212_loc_load/24 "/>
</bind>
</comp>

<comp id="894" class="1004" name="t2_213_loc_load_load_fu_894">
<pin_list>
<pin id="895" dir="0" index="0" bw="64" slack="23"/>
<pin id="896" dir="1" index="1" bw="64" slack="0"/>
</pin_list>
<bind>
<opcode="load(27) " fcode="load"/>
<opset="t2_213_loc_load/24 "/>
</bind>
</comp>

<comp id="898" class="1004" name="borrow_loc_load_load_fu_898">
<pin_list>
<pin id="899" dir="0" index="0" bw="1" slack="25"/>
<pin id="900" dir="1" index="1" bw="1" slack="0"/>
</pin_list>
<bind>
<opcode="load(27) " fcode="load"/>
<opset="borrow_loc_load/26 "/>
</bind>
</comp>

<comp id="902" class="1004" name="tt2_626_fu_902">
<pin_list>
<pin id="903" dir="0" index="0" bw="1024" slack="0"/>
<pin id="904" dir="1" index="1" bw="64" slack="0"/>
</pin_list>
<bind>
<opcode="extractvalue(56) " fcode="extractvalue"/>
<opset="tt2_626/27 "/>
</bind>
</comp>

<comp id="906" class="1004" name="store_ln185_store_fu_906">
<pin_list>
<pin id="907" dir="0" index="0" bw="64" slack="0"/>
<pin id="908" dir="0" index="1" bw="64" slack="26"/>
<pin id="909" dir="1" index="2" bw="0" slack="2147483647"/>
</pin_list>
<bind>
<opcode="store(28) " fcode="store"/>
<opset="store_ln185/27 "/>
</bind>
</comp>

<comp id="911" class="1004" name="tt2_627_fu_911">
<pin_list>
<pin id="912" dir="0" index="0" bw="1024" slack="0"/>
<pin id="913" dir="1" index="1" bw="64" slack="0"/>
</pin_list>
<bind>
<opcode="extractvalue(56) " fcode="extractvalue"/>
<opset="tt2_627/27 "/>
</bind>
</comp>

<comp id="915" class="1004" name="store_ln185_store_fu_915">
<pin_list>
<pin id="916" dir="0" index="0" bw="64" slack="0"/>
<pin id="917" dir="0" index="1" bw="64" slack="26"/>
<pin id="918" dir="1" index="2" bw="0" slack="2147483647"/>
</pin_list>
<bind>
<opcode="store(28) " fcode="store"/>
<opset="store_ln185/27 "/>
</bind>
</comp>

<comp id="920" class="1004" name="tt2_628_fu_920">
<pin_list>
<pin id="921" dir="0" index="0" bw="1024" slack="0"/>
<pin id="922" dir="1" index="1" bw="64" slack="0"/>
</pin_list>
<bind>
<opcode="extractvalue(56) " fcode="extractvalue"/>
<opset="tt2_628/27 "/>
</bind>
</comp>

<comp id="924" class="1004" name="store_ln185_store_fu_924">
<pin_list>
<pin id="925" dir="0" index="0" bw="64" slack="0"/>
<pin id="926" dir="0" index="1" bw="64" slack="26"/>
<pin id="927" dir="1" index="2" bw="0" slack="2147483647"/>
</pin_list>
<bind>
<opcode="store(28) " fcode="store"/>
<opset="store_ln185/27 "/>
</bind>
</comp>

<comp id="929" class="1004" name="tt2_629_fu_929">
<pin_list>
<pin id="930" dir="0" index="0" bw="1024" slack="0"/>
<pin id="931" dir="1" index="1" bw="64" slack="0"/>
</pin_list>
<bind>
<opcode="extractvalue(56) " fcode="extractvalue"/>
<opset="tt2_629/27 "/>
</bind>
</comp>

<comp id="933" class="1004" name="store_ln185_store_fu_933">
<pin_list>
<pin id="934" dir="0" index="0" bw="64" slack="0"/>
<pin id="935" dir="0" index="1" bw="64" slack="26"/>
<pin id="936" dir="1" index="2" bw="0" slack="2147483647"/>
</pin_list>
<bind>
<opcode="store(28) " fcode="store"/>
<opset="store_ln185/27 "/>
</bind>
</comp>

<comp id="938" class="1004" name="tt2_630_fu_938">
<pin_list>
<pin id="939" dir="0" index="0" bw="1024" slack="0"/>
<pin id="940" dir="1" index="1" bw="64" slack="0"/>
</pin_list>
<bind>
<opcode="extractvalue(56) " fcode="extractvalue"/>
<opset="tt2_630/27 "/>
</bind>
</comp>

<comp id="942" class="1004" name="store_ln185_store_fu_942">
<pin_list>
<pin id="943" dir="0" index="0" bw="64" slack="0"/>
<pin id="944" dir="0" index="1" bw="64" slack="26"/>
<pin id="945" dir="1" index="2" bw="0" slack="2147483647"/>
</pin_list>
<bind>
<opcode="store(28) " fcode="store"/>
<opset="store_ln185/27 "/>
</bind>
</comp>

<comp id="947" class="1004" name="tt2_631_fu_947">
<pin_list>
<pin id="948" dir="0" index="0" bw="1024" slack="0"/>
<pin id="949" dir="1" index="1" bw="64" slack="0"/>
</pin_list>
<bind>
<opcode="extractvalue(56) " fcode="extractvalue"/>
<opset="tt2_631/27 "/>
</bind>
</comp>

<comp id="951" class="1004" name="store_ln185_store_fu_951">
<pin_list>
<pin id="952" dir="0" index="0" bw="64" slack="0"/>
<pin id="953" dir="0" index="1" bw="64" slack="26"/>
<pin id="954" dir="1" index="2" bw="0" slack="2147483647"/>
</pin_list>
<bind>
<opcode="store(28) " fcode="store"/>
<opset="store_ln185/27 "/>
</bind>
</comp>

<comp id="956" class="1004" name="tt2_632_fu_956">
<pin_list>
<pin id="957" dir="0" index="0" bw="1024" slack="0"/>
<pin id="958" dir="1" index="1" bw="64" slack="0"/>
</pin_list>
<bind>
<opcode="extractvalue(56) " fcode="extractvalue"/>
<opset="tt2_632/27 "/>
</bind>
</comp>

<comp id="960" class="1004" name="store_ln185_store_fu_960">
<pin_list>
<pin id="961" dir="0" index="0" bw="64" slack="0"/>
<pin id="962" dir="0" index="1" bw="64" slack="26"/>
<pin id="963" dir="1" index="2" bw="0" slack="2147483647"/>
</pin_list>
<bind>
<opcode="store(28) " fcode="store"/>
<opset="store_ln185/27 "/>
</bind>
</comp>

<comp id="965" class="1004" name="tt2_633_fu_965">
<pin_list>
<pin id="966" dir="0" index="0" bw="1024" slack="0"/>
<pin id="967" dir="1" index="1" bw="64" slack="0"/>
</pin_list>
<bind>
<opcode="extractvalue(56) " fcode="extractvalue"/>
<opset="tt2_633/27 "/>
</bind>
</comp>

<comp id="969" class="1004" name="store_ln185_store_fu_969">
<pin_list>
<pin id="970" dir="0" index="0" bw="64" slack="0"/>
<pin id="971" dir="0" index="1" bw="64" slack="26"/>
<pin id="972" dir="1" index="2" bw="0" slack="2147483647"/>
</pin_list>
<bind>
<opcode="store(28) " fcode="store"/>
<opset="store_ln185/27 "/>
</bind>
</comp>

<comp id="974" class="1004" name="tt2_634_fu_974">
<pin_list>
<pin id="975" dir="0" index="0" bw="1024" slack="0"/>
<pin id="976" dir="1" index="1" bw="64" slack="0"/>
</pin_list>
<bind>
<opcode="extractvalue(56) " fcode="extractvalue"/>
<opset="tt2_634/27 "/>
</bind>
</comp>

<comp id="978" class="1004" name="store_ln185_store_fu_978">
<pin_list>
<pin id="979" dir="0" index="0" bw="64" slack="0"/>
<pin id="980" dir="0" index="1" bw="64" slack="26"/>
<pin id="981" dir="1" index="2" bw="0" slack="2147483647"/>
</pin_list>
<bind>
<opcode="store(28) " fcode="store"/>
<opset="store_ln185/27 "/>
</bind>
</comp>

<comp id="983" class="1004" name="tt2_635_fu_983">
<pin_list>
<pin id="984" dir="0" index="0" bw="1024" slack="0"/>
<pin id="985" dir="1" index="1" bw="64" slack="0"/>
</pin_list>
<bind>
<opcode="extractvalue(56) " fcode="extractvalue"/>
<opset="tt2_635/27 "/>
</bind>
</comp>

<comp id="987" class="1004" name="store_ln185_store_fu_987">
<pin_list>
<pin id="988" dir="0" index="0" bw="64" slack="0"/>
<pin id="989" dir="0" index="1" bw="64" slack="26"/>
<pin id="990" dir="1" index="2" bw="0" slack="2147483647"/>
</pin_list>
<bind>
<opcode="store(28) " fcode="store"/>
<opset="store_ln185/27 "/>
</bind>
</comp>

<comp id="992" class="1004" name="tt2_636_fu_992">
<pin_list>
<pin id="993" dir="0" index="0" bw="1024" slack="0"/>
<pin id="994" dir="1" index="1" bw="64" slack="0"/>
</pin_list>
<bind>
<opcode="extractvalue(56) " fcode="extractvalue"/>
<opset="tt2_636/27 "/>
</bind>
</comp>

<comp id="996" class="1004" name="store_ln185_store_fu_996">
<pin_list>
<pin id="997" dir="0" index="0" bw="64" slack="0"/>
<pin id="998" dir="0" index="1" bw="64" slack="26"/>
<pin id="999" dir="1" index="2" bw="0" slack="2147483647"/>
</pin_list>
<bind>
<opcode="store(28) " fcode="store"/>
<opset="store_ln185/27 "/>
</bind>
</comp>

<comp id="1001" class="1004" name="tt2_637_fu_1001">
<pin_list>
<pin id="1002" dir="0" index="0" bw="1024" slack="0"/>
<pin id="1003" dir="1" index="1" bw="64" slack="0"/>
</pin_list>
<bind>
<opcode="extractvalue(56) " fcode="extractvalue"/>
<opset="tt2_637/27 "/>
</bind>
</comp>

<comp id="1005" class="1004" name="store_ln185_store_fu_1005">
<pin_list>
<pin id="1006" dir="0" index="0" bw="64" slack="0"/>
<pin id="1007" dir="0" index="1" bw="64" slack="26"/>
<pin id="1008" dir="1" index="2" bw="0" slack="2147483647"/>
</pin_list>
<bind>
<opcode="store(28) " fcode="store"/>
<opset="store_ln185/27 "/>
</bind>
</comp>

<comp id="1010" class="1004" name="tt2_638_fu_1010">
<pin_list>
<pin id="1011" dir="0" index="0" bw="1024" slack="0"/>
<pin id="1012" dir="1" index="1" bw="64" slack="0"/>
</pin_list>
<bind>
<opcode="extractvalue(56) " fcode="extractvalue"/>
<opset="tt2_638/27 "/>
</bind>
</comp>

<comp id="1014" class="1004" name="store_ln185_store_fu_1014">
<pin_list>
<pin id="1015" dir="0" index="0" bw="64" slack="0"/>
<pin id="1016" dir="0" index="1" bw="64" slack="26"/>
<pin id="1017" dir="1" index="2" bw="0" slack="2147483647"/>
</pin_list>
<bind>
<opcode="store(28) " fcode="store"/>
<opset="store_ln185/27 "/>
</bind>
</comp>

<comp id="1019" class="1004" name="tt2_639_fu_1019">
<pin_list>
<pin id="1020" dir="0" index="0" bw="1024" slack="0"/>
<pin id="1021" dir="1" index="1" bw="64" slack="0"/>
</pin_list>
<bind>
<opcode="extractvalue(56) " fcode="extractvalue"/>
<opset="tt2_639/27 "/>
</bind>
</comp>

<comp id="1023" class="1004" name="store_ln185_store_fu_1023">
<pin_list>
<pin id="1024" dir="0" index="0" bw="64" slack="0"/>
<pin id="1025" dir="0" index="1" bw="64" slack="26"/>
<pin id="1026" dir="1" index="2" bw="0" slack="2147483647"/>
</pin_list>
<bind>
<opcode="store(28) " fcode="store"/>
<opset="store_ln185/27 "/>
</bind>
</comp>

<comp id="1028" class="1004" name="tt2_640_fu_1028">
<pin_list>
<pin id="1029" dir="0" index="0" bw="1024" slack="0"/>
<pin id="1030" dir="1" index="1" bw="64" slack="0"/>
</pin_list>
<bind>
<opcode="extractvalue(56) " fcode="extractvalue"/>
<opset="tt2_640/27 "/>
</bind>
</comp>

<comp id="1032" class="1004" name="store_ln185_store_fu_1032">
<pin_list>
<pin id="1033" dir="0" index="0" bw="64" slack="0"/>
<pin id="1034" dir="0" index="1" bw="64" slack="26"/>
<pin id="1035" dir="1" index="2" bw="0" slack="2147483647"/>
</pin_list>
<bind>
<opcode="store(28) " fcode="store"/>
<opset="store_ln185/27 "/>
</bind>
</comp>

<comp id="1037" class="1004" name="tt2_641_fu_1037">
<pin_list>
<pin id="1038" dir="0" index="0" bw="1024" slack="0"/>
<pin id="1039" dir="1" index="1" bw="64" slack="0"/>
</pin_list>
<bind>
<opcode="extractvalue(56) " fcode="extractvalue"/>
<opset="tt2_641/27 "/>
</bind>
</comp>

<comp id="1041" class="1004" name="store_ln185_store_fu_1041">
<pin_list>
<pin id="1042" dir="0" index="0" bw="64" slack="0"/>
<pin id="1043" dir="0" index="1" bw="64" slack="26"/>
<pin id="1044" dir="1" index="2" bw="0" slack="2147483647"/>
</pin_list>
<bind>
<opcode="store(28) " fcode="store"/>
<opset="store_ln185/27 "/>
</bind>
</comp>

<comp id="1046" class="1004" name="tt1_load_load_fu_1046">
<pin_list>
<pin id="1047" dir="0" index="0" bw="64" slack="27"/>
<pin id="1048" dir="1" index="1" bw="64" slack="0"/>
</pin_list>
<bind>
<opcode="load(27) " fcode="load"/>
<opset="tt1_load/28 "/>
</bind>
</comp>

<comp id="1050" class="1004" name="tt1_1_load_load_fu_1050">
<pin_list>
<pin id="1051" dir="0" index="0" bw="64" slack="27"/>
<pin id="1052" dir="1" index="1" bw="64" slack="0"/>
</pin_list>
<bind>
<opcode="load(27) " fcode="load"/>
<opset="tt1_1_load/28 "/>
</bind>
</comp>

<comp id="1054" class="1004" name="tt1_2_load_load_fu_1054">
<pin_list>
<pin id="1055" dir="0" index="0" bw="64" slack="27"/>
<pin id="1056" dir="1" index="1" bw="64" slack="0"/>
</pin_list>
<bind>
<opcode="load(27) " fcode="load"/>
<opset="tt1_2_load/28 "/>
</bind>
</comp>

<comp id="1058" class="1004" name="tt1_3_load_load_fu_1058">
<pin_list>
<pin id="1059" dir="0" index="0" bw="64" slack="27"/>
<pin id="1060" dir="1" index="1" bw="64" slack="0"/>
</pin_list>
<bind>
<opcode="load(27) " fcode="load"/>
<opset="tt1_3_load/28 "/>
</bind>
</comp>

<comp id="1062" class="1004" name="tt1_4_load_load_fu_1062">
<pin_list>
<pin id="1063" dir="0" index="0" bw="64" slack="27"/>
<pin id="1064" dir="1" index="1" bw="64" slack="0"/>
</pin_list>
<bind>
<opcode="load(27) " fcode="load"/>
<opset="tt1_4_load/28 "/>
</bind>
</comp>

<comp id="1066" class="1004" name="tt1_5_load_load_fu_1066">
<pin_list>
<pin id="1067" dir="0" index="0" bw="64" slack="27"/>
<pin id="1068" dir="1" index="1" bw="64" slack="0"/>
</pin_list>
<bind>
<opcode="load(27) " fcode="load"/>
<opset="tt1_5_load/28 "/>
</bind>
</comp>

<comp id="1070" class="1004" name="tt1_6_load_load_fu_1070">
<pin_list>
<pin id="1071" dir="0" index="0" bw="64" slack="27"/>
<pin id="1072" dir="1" index="1" bw="64" slack="0"/>
</pin_list>
<bind>
<opcode="load(27) " fcode="load"/>
<opset="tt1_6_load/28 "/>
</bind>
</comp>

<comp id="1074" class="1004" name="tt1_7_load_load_fu_1074">
<pin_list>
<pin id="1075" dir="0" index="0" bw="64" slack="27"/>
<pin id="1076" dir="1" index="1" bw="64" slack="0"/>
</pin_list>
<bind>
<opcode="load(27) " fcode="load"/>
<opset="tt1_7_load/28 "/>
</bind>
</comp>

<comp id="1078" class="1004" name="tt1_8_load_load_fu_1078">
<pin_list>
<pin id="1079" dir="0" index="0" bw="64" slack="27"/>
<pin id="1080" dir="1" index="1" bw="64" slack="0"/>
</pin_list>
<bind>
<opcode="load(27) " fcode="load"/>
<opset="tt1_8_load/28 "/>
</bind>
</comp>

<comp id="1082" class="1004" name="tt1_9_load_load_fu_1082">
<pin_list>
<pin id="1083" dir="0" index="0" bw="64" slack="27"/>
<pin id="1084" dir="1" index="1" bw="64" slack="0"/>
</pin_list>
<bind>
<opcode="load(27) " fcode="load"/>
<opset="tt1_9_load/28 "/>
</bind>
</comp>

<comp id="1086" class="1004" name="tt1_10_load_load_fu_1086">
<pin_list>
<pin id="1087" dir="0" index="0" bw="64" slack="27"/>
<pin id="1088" dir="1" index="1" bw="64" slack="0"/>
</pin_list>
<bind>
<opcode="load(27) " fcode="load"/>
<opset="tt1_10_load/28 "/>
</bind>
</comp>

<comp id="1090" class="1004" name="tt1_11_load_load_fu_1090">
<pin_list>
<pin id="1091" dir="0" index="0" bw="64" slack="27"/>
<pin id="1092" dir="1" index="1" bw="64" slack="0"/>
</pin_list>
<bind>
<opcode="load(27) " fcode="load"/>
<opset="tt1_11_load/28 "/>
</bind>
</comp>

<comp id="1094" class="1004" name="tt1_12_load_load_fu_1094">
<pin_list>
<pin id="1095" dir="0" index="0" bw="64" slack="27"/>
<pin id="1096" dir="1" index="1" bw="64" slack="0"/>
</pin_list>
<bind>
<opcode="load(27) " fcode="load"/>
<opset="tt1_12_load/28 "/>
</bind>
</comp>

<comp id="1098" class="1004" name="tt1_13_load_load_fu_1098">
<pin_list>
<pin id="1099" dir="0" index="0" bw="64" slack="27"/>
<pin id="1100" dir="1" index="1" bw="64" slack="0"/>
</pin_list>
<bind>
<opcode="load(27) " fcode="load"/>
<opset="tt1_13_load/28 "/>
</bind>
</comp>

<comp id="1102" class="1004" name="tt1_14_load_load_fu_1102">
<pin_list>
<pin id="1103" dir="0" index="0" bw="64" slack="27"/>
<pin id="1104" dir="1" index="1" bw="64" slack="0"/>
</pin_list>
<bind>
<opcode="load(27) " fcode="load"/>
<opset="tt1_14_load/28 "/>
</bind>
</comp>

<comp id="1106" class="1004" name="tt1_15_load_load_fu_1106">
<pin_list>
<pin id="1107" dir="0" index="0" bw="64" slack="27"/>
<pin id="1108" dir="1" index="1" bw="64" slack="0"/>
</pin_list>
<bind>
<opcode="load(27) " fcode="load"/>
<opset="tt1_15_load/28 "/>
</bind>
</comp>

<comp id="1110" class="1004" name="tt2_load_load_fu_1110">
<pin_list>
<pin id="1111" dir="0" index="0" bw="64" slack="29"/>
<pin id="1112" dir="1" index="1" bw="64" slack="0"/>
</pin_list>
<bind>
<opcode="load(27) " fcode="load"/>
<opset="tt2_load/30 "/>
</bind>
</comp>

<comp id="1114" class="1004" name="tt2_1_load_load_fu_1114">
<pin_list>
<pin id="1115" dir="0" index="0" bw="64" slack="29"/>
<pin id="1116" dir="1" index="1" bw="64" slack="0"/>
</pin_list>
<bind>
<opcode="load(27) " fcode="load"/>
<opset="tt2_1_load/30 "/>
</bind>
</comp>

<comp id="1118" class="1004" name="tt2_2_load_load_fu_1118">
<pin_list>
<pin id="1119" dir="0" index="0" bw="64" slack="29"/>
<pin id="1120" dir="1" index="1" bw="64" slack="0"/>
</pin_list>
<bind>
<opcode="load(27) " fcode="load"/>
<opset="tt2_2_load/30 "/>
</bind>
</comp>

<comp id="1122" class="1004" name="tt2_3_load_load_fu_1122">
<pin_list>
<pin id="1123" dir="0" index="0" bw="64" slack="29"/>
<pin id="1124" dir="1" index="1" bw="64" slack="0"/>
</pin_list>
<bind>
<opcode="load(27) " fcode="load"/>
<opset="tt2_3_load/30 "/>
</bind>
</comp>

<comp id="1126" class="1004" name="tt2_4_load_load_fu_1126">
<pin_list>
<pin id="1127" dir="0" index="0" bw="64" slack="29"/>
<pin id="1128" dir="1" index="1" bw="64" slack="0"/>
</pin_list>
<bind>
<opcode="load(27) " fcode="load"/>
<opset="tt2_4_load/30 "/>
</bind>
</comp>

<comp id="1130" class="1004" name="tt2_5_load_load_fu_1130">
<pin_list>
<pin id="1131" dir="0" index="0" bw="64" slack="29"/>
<pin id="1132" dir="1" index="1" bw="64" slack="0"/>
</pin_list>
<bind>
<opcode="load(27) " fcode="load"/>
<opset="tt2_5_load/30 "/>
</bind>
</comp>

<comp id="1134" class="1004" name="tt2_6_load_load_fu_1134">
<pin_list>
<pin id="1135" dir="0" index="0" bw="64" slack="29"/>
<pin id="1136" dir="1" index="1" bw="64" slack="0"/>
</pin_list>
<bind>
<opcode="load(27) " fcode="load"/>
<opset="tt2_6_load/30 "/>
</bind>
</comp>

<comp id="1138" class="1004" name="tt2_7_load_load_fu_1138">
<pin_list>
<pin id="1139" dir="0" index="0" bw="64" slack="29"/>
<pin id="1140" dir="1" index="1" bw="64" slack="0"/>
</pin_list>
<bind>
<opcode="load(27) " fcode="load"/>
<opset="tt2_7_load/30 "/>
</bind>
</comp>

<comp id="1142" class="1004" name="tt2_8_load_load_fu_1142">
<pin_list>
<pin id="1143" dir="0" index="0" bw="64" slack="29"/>
<pin id="1144" dir="1" index="1" bw="64" slack="0"/>
</pin_list>
<bind>
<opcode="load(27) " fcode="load"/>
<opset="tt2_8_load/30 "/>
</bind>
</comp>

<comp id="1146" class="1004" name="tt2_9_load_load_fu_1146">
<pin_list>
<pin id="1147" dir="0" index="0" bw="64" slack="29"/>
<pin id="1148" dir="1" index="1" bw="64" slack="0"/>
</pin_list>
<bind>
<opcode="load(27) " fcode="load"/>
<opset="tt2_9_load/30 "/>
</bind>
</comp>

<comp id="1150" class="1004" name="tt2_10_load_load_fu_1150">
<pin_list>
<pin id="1151" dir="0" index="0" bw="64" slack="29"/>
<pin id="1152" dir="1" index="1" bw="64" slack="0"/>
</pin_list>
<bind>
<opcode="load(27) " fcode="load"/>
<opset="tt2_10_load/30 "/>
</bind>
</comp>

<comp id="1154" class="1004" name="tt2_11_load_load_fu_1154">
<pin_list>
<pin id="1155" dir="0" index="0" bw="64" slack="29"/>
<pin id="1156" dir="1" index="1" bw="64" slack="0"/>
</pin_list>
<bind>
<opcode="load(27) " fcode="load"/>
<opset="tt2_11_load/30 "/>
</bind>
</comp>

<comp id="1158" class="1004" name="tt2_12_load_load_fu_1158">
<pin_list>
<pin id="1159" dir="0" index="0" bw="64" slack="29"/>
<pin id="1160" dir="1" index="1" bw="64" slack="0"/>
</pin_list>
<bind>
<opcode="load(27) " fcode="load"/>
<opset="tt2_12_load/30 "/>
</bind>
</comp>

<comp id="1162" class="1004" name="tt2_13_load_load_fu_1162">
<pin_list>
<pin id="1163" dir="0" index="0" bw="64" slack="29"/>
<pin id="1164" dir="1" index="1" bw="64" slack="0"/>
</pin_list>
<bind>
<opcode="load(27) " fcode="load"/>
<opset="tt2_13_load/30 "/>
</bind>
</comp>

<comp id="1166" class="1004" name="tt2_14_load_load_fu_1166">
<pin_list>
<pin id="1167" dir="0" index="0" bw="64" slack="29"/>
<pin id="1168" dir="1" index="1" bw="64" slack="0"/>
</pin_list>
<bind>
<opcode="load(27) " fcode="load"/>
<opset="tt2_14_load/30 "/>
</bind>
</comp>

<comp id="1170" class="1004" name="tt2_15_load_load_fu_1170">
<pin_list>
<pin id="1171" dir="0" index="0" bw="64" slack="29"/>
<pin id="1172" dir="1" index="1" bw="64" slack="0"/>
</pin_list>
<bind>
<opcode="load(27) " fcode="load"/>
<opset="tt2_15_load/30 "/>
</bind>
</comp>

<comp id="1174" class="1005" name="tt1_15_load_loc_reg_1174">
<pin_list>
<pin id="1175" dir="0" index="0" bw="64" slack="21"/>
<pin id="1176" dir="1" index="1" bw="64" slack="21"/>
</pin_list>
<bind>
<opset="tt1_15_load_loc "/>
</bind>
</comp>

<comp id="1180" class="1005" name="tt1_14_load_loc_reg_1180">
<pin_list>
<pin id="1181" dir="0" index="0" bw="64" slack="21"/>
<pin id="1182" dir="1" index="1" bw="64" slack="21"/>
</pin_list>
<bind>
<opset="tt1_14_load_loc "/>
</bind>
</comp>

<comp id="1186" class="1005" name="tt1_13_load_loc_reg_1186">
<pin_list>
<pin id="1187" dir="0" index="0" bw="64" slack="21"/>
<pin id="1188" dir="1" index="1" bw="64" slack="21"/>
</pin_list>
<bind>
<opset="tt1_13_load_loc "/>
</bind>
</comp>

<comp id="1192" class="1005" name="tt1_12_load_loc_reg_1192">
<pin_list>
<pin id="1193" dir="0" index="0" bw="64" slack="21"/>
<pin id="1194" dir="1" index="1" bw="64" slack="21"/>
</pin_list>
<bind>
<opset="tt1_12_load_loc "/>
</bind>
</comp>

<comp id="1198" class="1005" name="tt1_11_load_loc_reg_1198">
<pin_list>
<pin id="1199" dir="0" index="0" bw="64" slack="21"/>
<pin id="1200" dir="1" index="1" bw="64" slack="21"/>
</pin_list>
<bind>
<opset="tt1_11_load_loc "/>
</bind>
</comp>

<comp id="1204" class="1005" name="tt1_10_load_loc_reg_1204">
<pin_list>
<pin id="1205" dir="0" index="0" bw="64" slack="21"/>
<pin id="1206" dir="1" index="1" bw="64" slack="21"/>
</pin_list>
<bind>
<opset="tt1_10_load_loc "/>
</bind>
</comp>

<comp id="1210" class="1005" name="tt1_9_load_loc_reg_1210">
<pin_list>
<pin id="1211" dir="0" index="0" bw="64" slack="21"/>
<pin id="1212" dir="1" index="1" bw="64" slack="21"/>
</pin_list>
<bind>
<opset="tt1_9_load_loc "/>
</bind>
</comp>

<comp id="1216" class="1005" name="tt1_8_load_loc_reg_1216">
<pin_list>
<pin id="1217" dir="0" index="0" bw="64" slack="21"/>
<pin id="1218" dir="1" index="1" bw="64" slack="21"/>
</pin_list>
<bind>
<opset="tt1_8_load_loc "/>
</bind>
</comp>

<comp id="1222" class="1005" name="tt1_7_load_loc_reg_1222">
<pin_list>
<pin id="1223" dir="0" index="0" bw="64" slack="21"/>
<pin id="1224" dir="1" index="1" bw="64" slack="21"/>
</pin_list>
<bind>
<opset="tt1_7_load_loc "/>
</bind>
</comp>

<comp id="1228" class="1005" name="tt1_6_load_loc_reg_1228">
<pin_list>
<pin id="1229" dir="0" index="0" bw="64" slack="21"/>
<pin id="1230" dir="1" index="1" bw="64" slack="21"/>
</pin_list>
<bind>
<opset="tt1_6_load_loc "/>
</bind>
</comp>

<comp id="1234" class="1005" name="tt1_5_load_loc_reg_1234">
<pin_list>
<pin id="1235" dir="0" index="0" bw="64" slack="21"/>
<pin id="1236" dir="1" index="1" bw="64" slack="21"/>
</pin_list>
<bind>
<opset="tt1_5_load_loc "/>
</bind>
</comp>

<comp id="1240" class="1005" name="tt1_4_load_loc_reg_1240">
<pin_list>
<pin id="1241" dir="0" index="0" bw="64" slack="21"/>
<pin id="1242" dir="1" index="1" bw="64" slack="21"/>
</pin_list>
<bind>
<opset="tt1_4_load_loc "/>
</bind>
</comp>

<comp id="1246" class="1005" name="tt1_3_load_loc_reg_1246">
<pin_list>
<pin id="1247" dir="0" index="0" bw="64" slack="21"/>
<pin id="1248" dir="1" index="1" bw="64" slack="21"/>
</pin_list>
<bind>
<opset="tt1_3_load_loc "/>
</bind>
</comp>

<comp id="1252" class="1005" name="tt1_2_load_loc_reg_1252">
<pin_list>
<pin id="1253" dir="0" index="0" bw="64" slack="21"/>
<pin id="1254" dir="1" index="1" bw="64" slack="21"/>
</pin_list>
<bind>
<opset="tt1_2_load_loc "/>
</bind>
</comp>

<comp id="1258" class="1005" name="tt1_1_load_loc_reg_1258">
<pin_list>
<pin id="1259" dir="0" index="0" bw="64" slack="21"/>
<pin id="1260" dir="1" index="1" bw="64" slack="21"/>
</pin_list>
<bind>
<opset="tt1_1_load_loc "/>
</bind>
</comp>

<comp id="1264" class="1005" name="tt1_load_loc_reg_1264">
<pin_list>
<pin id="1265" dir="0" index="0" bw="64" slack="21"/>
<pin id="1266" dir="1" index="1" bw="64" slack="21"/>
</pin_list>
<bind>
<opset="tt1_load_loc "/>
</bind>
</comp>

<comp id="1270" class="1005" name="borrow_loc_reg_1270">
<pin_list>
<pin id="1271" dir="0" index="0" bw="1" slack="21"/>
<pin id="1272" dir="1" index="1" bw="1" slack="21"/>
</pin_list>
<bind>
<opset="borrow_loc "/>
</bind>
</comp>

<comp id="1276" class="1005" name="t2_213_loc_reg_1276">
<pin_list>
<pin id="1277" dir="0" index="0" bw="64" slack="21"/>
<pin id="1278" dir="1" index="1" bw="64" slack="21"/>
</pin_list>
<bind>
<opset="t2_213_loc "/>
</bind>
</comp>

<comp id="1282" class="1005" name="t2_212_loc_reg_1282">
<pin_list>
<pin id="1283" dir="0" index="0" bw="64" slack="21"/>
<pin id="1284" dir="1" index="1" bw="64" slack="21"/>
</pin_list>
<bind>
<opset="t2_212_loc "/>
</bind>
</comp>

<comp id="1288" class="1005" name="t2_211_loc_reg_1288">
<pin_list>
<pin id="1289" dir="0" index="0" bw="64" slack="21"/>
<pin id="1290" dir="1" index="1" bw="64" slack="21"/>
</pin_list>
<bind>
<opset="t2_211_loc "/>
</bind>
</comp>

<comp id="1294" class="1005" name="t2_210_loc_reg_1294">
<pin_list>
<pin id="1295" dir="0" index="0" bw="64" slack="21"/>
<pin id="1296" dir="1" index="1" bw="64" slack="21"/>
</pin_list>
<bind>
<opset="t2_210_loc "/>
</bind>
</comp>

<comp id="1300" class="1005" name="t2_209_loc_reg_1300">
<pin_list>
<pin id="1301" dir="0" index="0" bw="64" slack="21"/>
<pin id="1302" dir="1" index="1" bw="64" slack="21"/>
</pin_list>
<bind>
<opset="t2_209_loc "/>
</bind>
</comp>

<comp id="1306" class="1005" name="t2_208_loc_reg_1306">
<pin_list>
<pin id="1307" dir="0" index="0" bw="64" slack="21"/>
<pin id="1308" dir="1" index="1" bw="64" slack="21"/>
</pin_list>
<bind>
<opset="t2_208_loc "/>
</bind>
</comp>

<comp id="1312" class="1005" name="t2_207_loc_reg_1312">
<pin_list>
<pin id="1313" dir="0" index="0" bw="64" slack="21"/>
<pin id="1314" dir="1" index="1" bw="64" slack="21"/>
</pin_list>
<bind>
<opset="t2_207_loc "/>
</bind>
</comp>

<comp id="1318" class="1005" name="t2_loc_reg_1318">
<pin_list>
<pin id="1319" dir="0" index="0" bw="64" slack="21"/>
<pin id="1320" dir="1" index="1" bw="64" slack="21"/>
</pin_list>
<bind>
<opset="t2_loc "/>
</bind>
</comp>

<comp id="1324" class="1005" name="t1_196_loc_reg_1324">
<pin_list>
<pin id="1325" dir="0" index="0" bw="64" slack="21"/>
<pin id="1326" dir="1" index="1" bw="64" slack="21"/>
</pin_list>
<bind>
<opset="t1_196_loc "/>
</bind>
</comp>

<comp id="1330" class="1005" name="t1_195_loc_reg_1330">
<pin_list>
<pin id="1331" dir="0" index="0" bw="64" slack="21"/>
<pin id="1332" dir="1" index="1" bw="64" slack="21"/>
</pin_list>
<bind>
<opset="t1_195_loc "/>
</bind>
</comp>

<comp id="1336" class="1005" name="t1_194_loc_reg_1336">
<pin_list>
<pin id="1337" dir="0" index="0" bw="64" slack="21"/>
<pin id="1338" dir="1" index="1" bw="64" slack="21"/>
</pin_list>
<bind>
<opset="t1_194_loc "/>
</bind>
</comp>

<comp id="1342" class="1005" name="t1_193_loc_reg_1342">
<pin_list>
<pin id="1343" dir="0" index="0" bw="64" slack="21"/>
<pin id="1344" dir="1" index="1" bw="64" slack="21"/>
</pin_list>
<bind>
<opset="t1_193_loc "/>
</bind>
</comp>

<comp id="1348" class="1005" name="t1_192_loc_reg_1348">
<pin_list>
<pin id="1349" dir="0" index="0" bw="64" slack="21"/>
<pin id="1350" dir="1" index="1" bw="64" slack="21"/>
</pin_list>
<bind>
<opset="t1_192_loc "/>
</bind>
</comp>

<comp id="1354" class="1005" name="t1_191_loc_reg_1354">
<pin_list>
<pin id="1355" dir="0" index="0" bw="64" slack="21"/>
<pin id="1356" dir="1" index="1" bw="64" slack="21"/>
</pin_list>
<bind>
<opset="t1_191_loc "/>
</bind>
</comp>

<comp id="1360" class="1005" name="t1_190_loc_reg_1360">
<pin_list>
<pin id="1361" dir="0" index="0" bw="64" slack="21"/>
<pin id="1362" dir="1" index="1" bw="64" slack="21"/>
</pin_list>
<bind>
<opset="t1_190_loc "/>
</bind>
</comp>

<comp id="1366" class="1005" name="t1_loc_reg_1366">
<pin_list>
<pin id="1367" dir="0" index="0" bw="64" slack="21"/>
<pin id="1368" dir="1" index="1" bw="64" slack="21"/>
</pin_list>
<bind>
<opset="t1_loc "/>
</bind>
</comp>

<comp id="1372" class="1005" name="tt2_reg_1372">
<pin_list>
<pin id="1373" dir="0" index="0" bw="64" slack="20"/>
<pin id="1374" dir="1" index="1" bw="64" slack="20"/>
</pin_list>
<bind>
<opset="tt2 "/>
</bind>
</comp>

<comp id="1380" class="1005" name="tt2_1_reg_1380">
<pin_list>
<pin id="1381" dir="0" index="0" bw="64" slack="20"/>
<pin id="1382" dir="1" index="1" bw="64" slack="20"/>
</pin_list>
<bind>
<opset="tt2_1 "/>
</bind>
</comp>

<comp id="1388" class="1005" name="tt2_2_reg_1388">
<pin_list>
<pin id="1389" dir="0" index="0" bw="64" slack="20"/>
<pin id="1390" dir="1" index="1" bw="64" slack="20"/>
</pin_list>
<bind>
<opset="tt2_2 "/>
</bind>
</comp>

<comp id="1396" class="1005" name="tt2_3_reg_1396">
<pin_list>
<pin id="1397" dir="0" index="0" bw="64" slack="20"/>
<pin id="1398" dir="1" index="1" bw="64" slack="20"/>
</pin_list>
<bind>
<opset="tt2_3 "/>
</bind>
</comp>

<comp id="1404" class="1005" name="tt2_4_reg_1404">
<pin_list>
<pin id="1405" dir="0" index="0" bw="64" slack="20"/>
<pin id="1406" dir="1" index="1" bw="64" slack="20"/>
</pin_list>
<bind>
<opset="tt2_4 "/>
</bind>
</comp>

<comp id="1412" class="1005" name="tt2_5_reg_1412">
<pin_list>
<pin id="1413" dir="0" index="0" bw="64" slack="20"/>
<pin id="1414" dir="1" index="1" bw="64" slack="20"/>
</pin_list>
<bind>
<opset="tt2_5 "/>
</bind>
</comp>

<comp id="1420" class="1005" name="tt2_6_reg_1420">
<pin_list>
<pin id="1421" dir="0" index="0" bw="64" slack="20"/>
<pin id="1422" dir="1" index="1" bw="64" slack="20"/>
</pin_list>
<bind>
<opset="tt2_6 "/>
</bind>
</comp>

<comp id="1428" class="1005" name="tt2_7_reg_1428">
<pin_list>
<pin id="1429" dir="0" index="0" bw="64" slack="20"/>
<pin id="1430" dir="1" index="1" bw="64" slack="20"/>
</pin_list>
<bind>
<opset="tt2_7 "/>
</bind>
</comp>

<comp id="1436" class="1005" name="tt2_8_reg_1436">
<pin_list>
<pin id="1437" dir="0" index="0" bw="64" slack="20"/>
<pin id="1438" dir="1" index="1" bw="64" slack="20"/>
</pin_list>
<bind>
<opset="tt2_8 "/>
</bind>
</comp>

<comp id="1444" class="1005" name="tt2_9_reg_1444">
<pin_list>
<pin id="1445" dir="0" index="0" bw="64" slack="20"/>
<pin id="1446" dir="1" index="1" bw="64" slack="20"/>
</pin_list>
<bind>
<opset="tt2_9 "/>
</bind>
</comp>

<comp id="1452" class="1005" name="tt2_10_reg_1452">
<pin_list>
<pin id="1453" dir="0" index="0" bw="64" slack="20"/>
<pin id="1454" dir="1" index="1" bw="64" slack="20"/>
</pin_list>
<bind>
<opset="tt2_10 "/>
</bind>
</comp>

<comp id="1460" class="1005" name="tt2_11_reg_1460">
<pin_list>
<pin id="1461" dir="0" index="0" bw="64" slack="20"/>
<pin id="1462" dir="1" index="1" bw="64" slack="20"/>
</pin_list>
<bind>
<opset="tt2_11 "/>
</bind>
</comp>

<comp id="1468" class="1005" name="tt2_12_reg_1468">
<pin_list>
<pin id="1469" dir="0" index="0" bw="64" slack="20"/>
<pin id="1470" dir="1" index="1" bw="64" slack="20"/>
</pin_list>
<bind>
<opset="tt2_12 "/>
</bind>
</comp>

<comp id="1476" class="1005" name="tt2_13_reg_1476">
<pin_list>
<pin id="1477" dir="0" index="0" bw="64" slack="20"/>
<pin id="1478" dir="1" index="1" bw="64" slack="20"/>
</pin_list>
<bind>
<opset="tt2_13 "/>
</bind>
</comp>

<comp id="1484" class="1005" name="tt2_14_reg_1484">
<pin_list>
<pin id="1485" dir="0" index="0" bw="64" slack="20"/>
<pin id="1486" dir="1" index="1" bw="64" slack="20"/>
</pin_list>
<bind>
<opset="tt2_14 "/>
</bind>
</comp>

<comp id="1492" class="1005" name="tt2_15_reg_1492">
<pin_list>
<pin id="1493" dir="0" index="0" bw="64" slack="20"/>
<pin id="1494" dir="1" index="1" bw="64" slack="20"/>
</pin_list>
<bind>
<opset="tt2_15 "/>
</bind>
</comp>

<comp id="1500" class="1005" name="a_0_addr_reg_1500">
<pin_list>
<pin id="1501" dir="0" index="0" bw="1" slack="1"/>
<pin id="1502" dir="1" index="1" bw="1" slack="1"/>
</pin_list>
<bind>
<opset="a_0_addr "/>
</bind>
</comp>

<comp id="1505" class="1005" name="a_1_addr_reg_1505">
<pin_list>
<pin id="1506" dir="0" index="0" bw="1" slack="1"/>
<pin id="1507" dir="1" index="1" bw="1" slack="1"/>
</pin_list>
<bind>
<opset="a_1_addr "/>
</bind>
</comp>

<comp id="1510" class="1005" name="a_2_addr_reg_1510">
<pin_list>
<pin id="1511" dir="0" index="0" bw="1" slack="1"/>
<pin id="1512" dir="1" index="1" bw="1" slack="1"/>
</pin_list>
<bind>
<opset="a_2_addr "/>
</bind>
</comp>

<comp id="1515" class="1005" name="a_3_addr_reg_1515">
<pin_list>
<pin id="1516" dir="0" index="0" bw="1" slack="1"/>
<pin id="1517" dir="1" index="1" bw="1" slack="1"/>
</pin_list>
<bind>
<opset="a_3_addr "/>
</bind>
</comp>

<comp id="1520" class="1005" name="a_4_addr_reg_1520">
<pin_list>
<pin id="1521" dir="0" index="0" bw="1" slack="1"/>
<pin id="1522" dir="1" index="1" bw="1" slack="1"/>
</pin_list>
<bind>
<opset="a_4_addr "/>
</bind>
</comp>

<comp id="1525" class="1005" name="a_5_addr_reg_1525">
<pin_list>
<pin id="1526" dir="0" index="0" bw="1" slack="1"/>
<pin id="1527" dir="1" index="1" bw="1" slack="1"/>
</pin_list>
<bind>
<opset="a_5_addr "/>
</bind>
</comp>

<comp id="1530" class="1005" name="a_6_addr_reg_1530">
<pin_list>
<pin id="1531" dir="0" index="0" bw="1" slack="1"/>
<pin id="1532" dir="1" index="1" bw="1" slack="1"/>
</pin_list>
<bind>
<opset="a_6_addr "/>
</bind>
</comp>

<comp id="1535" class="1005" name="a_7_addr_reg_1535">
<pin_list>
<pin id="1536" dir="0" index="0" bw="1" slack="1"/>
<pin id="1537" dir="1" index="1" bw="1" slack="1"/>
</pin_list>
<bind>
<opset="a_7_addr "/>
</bind>
</comp>

<comp id="1540" class="1005" name="a_0_load_reg_1540">
<pin_list>
<pin id="1541" dir="0" index="0" bw="64" slack="1"/>
<pin id="1542" dir="1" index="1" bw="64" slack="1"/>
</pin_list>
<bind>
<opset="a_0_load "/>
</bind>
</comp>

<comp id="1546" class="1005" name="a_1_load_reg_1546">
<pin_list>
<pin id="1547" dir="0" index="0" bw="64" slack="1"/>
<pin id="1548" dir="1" index="1" bw="64" slack="1"/>
</pin_list>
<bind>
<opset="a_1_load "/>
</bind>
</comp>

<comp id="1552" class="1005" name="a_2_load_reg_1552">
<pin_list>
<pin id="1553" dir="0" index="0" bw="64" slack="1"/>
<pin id="1554" dir="1" index="1" bw="64" slack="1"/>
</pin_list>
<bind>
<opset="a_2_load "/>
</bind>
</comp>

<comp id="1558" class="1005" name="a_3_load_reg_1558">
<pin_list>
<pin id="1559" dir="0" index="0" bw="64" slack="1"/>
<pin id="1560" dir="1" index="1" bw="64" slack="1"/>
</pin_list>
<bind>
<opset="a_3_load "/>
</bind>
</comp>

<comp id="1564" class="1005" name="a_4_load_reg_1564">
<pin_list>
<pin id="1565" dir="0" index="0" bw="64" slack="1"/>
<pin id="1566" dir="1" index="1" bw="64" slack="1"/>
</pin_list>
<bind>
<opset="a_4_load "/>
</bind>
</comp>

<comp id="1570" class="1005" name="a_5_load_reg_1570">
<pin_list>
<pin id="1571" dir="0" index="0" bw="64" slack="1"/>
<pin id="1572" dir="1" index="1" bw="64" slack="1"/>
</pin_list>
<bind>
<opset="a_5_load "/>
</bind>
</comp>

<comp id="1576" class="1005" name="a_6_load_reg_1576">
<pin_list>
<pin id="1577" dir="0" index="0" bw="64" slack="1"/>
<pin id="1578" dir="1" index="1" bw="64" slack="1"/>
</pin_list>
<bind>
<opset="a_6_load "/>
</bind>
</comp>

<comp id="1582" class="1005" name="a_7_load_reg_1582">
<pin_list>
<pin id="1583" dir="0" index="0" bw="64" slack="1"/>
<pin id="1584" dir="1" index="1" bw="64" slack="1"/>
</pin_list>
<bind>
<opset="a_7_load "/>
</bind>
</comp>

<comp id="1588" class="1005" name="tt1_reg_1588">
<pin_list>
<pin id="1589" dir="0" index="0" bw="64" slack="11"/>
<pin id="1590" dir="1" index="1" bw="64" slack="11"/>
</pin_list>
<bind>
<opset="tt1 "/>
</bind>
</comp>

<comp id="1594" class="1005" name="tt1_615_reg_1594">
<pin_list>
<pin id="1595" dir="0" index="0" bw="64" slack="11"/>
<pin id="1596" dir="1" index="1" bw="64" slack="11"/>
</pin_list>
<bind>
<opset="tt1_615 "/>
</bind>
</comp>

<comp id="1600" class="1005" name="tt1_616_reg_1600">
<pin_list>
<pin id="1601" dir="0" index="0" bw="64" slack="11"/>
<pin id="1602" dir="1" index="1" bw="64" slack="11"/>
</pin_list>
<bind>
<opset="tt1_616 "/>
</bind>
</comp>

<comp id="1606" class="1005" name="tt1_617_reg_1606">
<pin_list>
<pin id="1607" dir="0" index="0" bw="64" slack="11"/>
<pin id="1608" dir="1" index="1" bw="64" slack="11"/>
</pin_list>
<bind>
<opset="tt1_617 "/>
</bind>
</comp>

<comp id="1612" class="1005" name="tt1_618_reg_1612">
<pin_list>
<pin id="1613" dir="0" index="0" bw="64" slack="11"/>
<pin id="1614" dir="1" index="1" bw="64" slack="11"/>
</pin_list>
<bind>
<opset="tt1_618 "/>
</bind>
</comp>

<comp id="1618" class="1005" name="tt1_619_reg_1618">
<pin_list>
<pin id="1619" dir="0" index="0" bw="64" slack="11"/>
<pin id="1620" dir="1" index="1" bw="64" slack="11"/>
</pin_list>
<bind>
<opset="tt1_619 "/>
</bind>
</comp>

<comp id="1624" class="1005" name="tt1_620_reg_1624">
<pin_list>
<pin id="1625" dir="0" index="0" bw="64" slack="11"/>
<pin id="1626" dir="1" index="1" bw="64" slack="11"/>
</pin_list>
<bind>
<opset="tt1_620 "/>
</bind>
</comp>

<comp id="1630" class="1005" name="tt1_621_reg_1630">
<pin_list>
<pin id="1631" dir="0" index="0" bw="64" slack="11"/>
<pin id="1632" dir="1" index="1" bw="64" slack="11"/>
</pin_list>
<bind>
<opset="tt1_621 "/>
</bind>
</comp>

<comp id="1636" class="1005" name="tt1_622_reg_1636">
<pin_list>
<pin id="1637" dir="0" index="0" bw="64" slack="11"/>
<pin id="1638" dir="1" index="1" bw="64" slack="11"/>
</pin_list>
<bind>
<opset="tt1_622 "/>
</bind>
</comp>

<comp id="1642" class="1005" name="tt1_623_reg_1642">
<pin_list>
<pin id="1643" dir="0" index="0" bw="64" slack="11"/>
<pin id="1644" dir="1" index="1" bw="64" slack="11"/>
</pin_list>
<bind>
<opset="tt1_623 "/>
</bind>
</comp>

<comp id="1648" class="1005" name="tt1_624_reg_1648">
<pin_list>
<pin id="1649" dir="0" index="0" bw="64" slack="11"/>
<pin id="1650" dir="1" index="1" bw="64" slack="11"/>
</pin_list>
<bind>
<opset="tt1_624 "/>
</bind>
</comp>

<comp id="1654" class="1005" name="tt1_625_reg_1654">
<pin_list>
<pin id="1655" dir="0" index="0" bw="64" slack="11"/>
<pin id="1656" dir="1" index="1" bw="64" slack="11"/>
</pin_list>
<bind>
<opset="tt1_625 "/>
</bind>
</comp>

<comp id="1660" class="1005" name="tt1_626_reg_1660">
<pin_list>
<pin id="1661" dir="0" index="0" bw="64" slack="11"/>
<pin id="1662" dir="1" index="1" bw="64" slack="11"/>
</pin_list>
<bind>
<opset="tt1_626 "/>
</bind>
</comp>

<comp id="1666" class="1005" name="tt1_627_reg_1666">
<pin_list>
<pin id="1667" dir="0" index="0" bw="64" slack="11"/>
<pin id="1668" dir="1" index="1" bw="64" slack="11"/>
</pin_list>
<bind>
<opset="tt1_627 "/>
</bind>
</comp>

<comp id="1672" class="1005" name="tt1_628_reg_1672">
<pin_list>
<pin id="1673" dir="0" index="0" bw="64" slack="11"/>
<pin id="1674" dir="1" index="1" bw="64" slack="11"/>
</pin_list>
<bind>
<opset="tt1_628 "/>
</bind>
</comp>

<comp id="1678" class="1005" name="tt1_629_reg_1678">
<pin_list>
<pin id="1679" dir="0" index="0" bw="64" slack="11"/>
<pin id="1680" dir="1" index="1" bw="64" slack="11"/>
</pin_list>
<bind>
<opset="tt1_629 "/>
</bind>
</comp>

<comp id="1684" class="1005" name="a_0_addr_3_reg_1684">
<pin_list>
<pin id="1685" dir="0" index="0" bw="1" slack="1"/>
<pin id="1686" dir="1" index="1" bw="1" slack="1"/>
</pin_list>
<bind>
<opset="a_0_addr_3 "/>
</bind>
</comp>

<comp id="1689" class="1005" name="a_1_addr_3_reg_1689">
<pin_list>
<pin id="1690" dir="0" index="0" bw="1" slack="1"/>
<pin id="1691" dir="1" index="1" bw="1" slack="1"/>
</pin_list>
<bind>
<opset="a_1_addr_3 "/>
</bind>
</comp>

<comp id="1694" class="1005" name="a_2_addr_3_reg_1694">
<pin_list>
<pin id="1695" dir="0" index="0" bw="1" slack="1"/>
<pin id="1696" dir="1" index="1" bw="1" slack="1"/>
</pin_list>
<bind>
<opset="a_2_addr_3 "/>
</bind>
</comp>

<comp id="1699" class="1005" name="a_3_addr_3_reg_1699">
<pin_list>
<pin id="1700" dir="0" index="0" bw="1" slack="1"/>
<pin id="1701" dir="1" index="1" bw="1" slack="1"/>
</pin_list>
<bind>
<opset="a_3_addr_3 "/>
</bind>
</comp>

<comp id="1704" class="1005" name="a_4_addr_3_reg_1704">
<pin_list>
<pin id="1705" dir="0" index="0" bw="1" slack="1"/>
<pin id="1706" dir="1" index="1" bw="1" slack="1"/>
</pin_list>
<bind>
<opset="a_4_addr_3 "/>
</bind>
</comp>

<comp id="1709" class="1005" name="a_5_addr_3_reg_1709">
<pin_list>
<pin id="1710" dir="0" index="0" bw="1" slack="1"/>
<pin id="1711" dir="1" index="1" bw="1" slack="1"/>
</pin_list>
<bind>
<opset="a_5_addr_3 "/>
</bind>
</comp>

<comp id="1714" class="1005" name="a_6_addr_3_reg_1714">
<pin_list>
<pin id="1715" dir="0" index="0" bw="1" slack="1"/>
<pin id="1716" dir="1" index="1" bw="1" slack="1"/>
</pin_list>
<bind>
<opset="a_6_addr_3 "/>
</bind>
</comp>

<comp id="1719" class="1005" name="a_7_addr_3_reg_1719">
<pin_list>
<pin id="1720" dir="0" index="0" bw="1" slack="1"/>
<pin id="1721" dir="1" index="1" bw="1" slack="1"/>
</pin_list>
<bind>
<opset="a_7_addr_3 "/>
</bind>
</comp>

<comp id="1724" class="1005" name="a_0_load_3_reg_1724">
<pin_list>
<pin id="1725" dir="0" index="0" bw="64" slack="1"/>
<pin id="1726" dir="1" index="1" bw="64" slack="1"/>
</pin_list>
<bind>
<opset="a_0_load_3 "/>
</bind>
</comp>

<comp id="1730" class="1005" name="a_1_load_3_reg_1730">
<pin_list>
<pin id="1731" dir="0" index="0" bw="64" slack="1"/>
<pin id="1732" dir="1" index="1" bw="64" slack="1"/>
</pin_list>
<bind>
<opset="a_1_load_3 "/>
</bind>
</comp>

<comp id="1736" class="1005" name="a_2_load_3_reg_1736">
<pin_list>
<pin id="1737" dir="0" index="0" bw="64" slack="1"/>
<pin id="1738" dir="1" index="1" bw="64" slack="1"/>
</pin_list>
<bind>
<opset="a_2_load_3 "/>
</bind>
</comp>

<comp id="1742" class="1005" name="a_3_load_3_reg_1742">
<pin_list>
<pin id="1743" dir="0" index="0" bw="64" slack="1"/>
<pin id="1744" dir="1" index="1" bw="64" slack="1"/>
</pin_list>
<bind>
<opset="a_3_load_3 "/>
</bind>
</comp>

<comp id="1748" class="1005" name="a_4_load_3_reg_1748">
<pin_list>
<pin id="1749" dir="0" index="0" bw="64" slack="1"/>
<pin id="1750" dir="1" index="1" bw="64" slack="1"/>
</pin_list>
<bind>
<opset="a_4_load_3 "/>
</bind>
</comp>

<comp id="1754" class="1005" name="a_5_load_3_reg_1754">
<pin_list>
<pin id="1755" dir="0" index="0" bw="64" slack="1"/>
<pin id="1756" dir="1" index="1" bw="64" slack="1"/>
</pin_list>
<bind>
<opset="a_5_load_3 "/>
</bind>
</comp>

<comp id="1760" class="1005" name="a_6_load_3_reg_1760">
<pin_list>
<pin id="1761" dir="0" index="0" bw="64" slack="1"/>
<pin id="1762" dir="1" index="1" bw="64" slack="1"/>
</pin_list>
<bind>
<opset="a_6_load_3 "/>
</bind>
</comp>

<comp id="1766" class="1005" name="a_7_load_3_reg_1766">
<pin_list>
<pin id="1767" dir="0" index="0" bw="64" slack="1"/>
<pin id="1768" dir="1" index="1" bw="64" slack="1"/>
</pin_list>
<bind>
<opset="a_7_load_3 "/>
</bind>
</comp>

<comp id="1772" class="1005" name="tt2_610_reg_1772">
<pin_list>
<pin id="1773" dir="0" index="0" bw="64" slack="1"/>
<pin id="1774" dir="1" index="1" bw="64" slack="1"/>
</pin_list>
<bind>
<opset="tt2_610 "/>
</bind>
</comp>

<comp id="1778" class="1005" name="tt2_611_reg_1778">
<pin_list>
<pin id="1779" dir="0" index="0" bw="64" slack="1"/>
<pin id="1780" dir="1" index="1" bw="64" slack="1"/>
</pin_list>
<bind>
<opset="tt2_611 "/>
</bind>
</comp>

<comp id="1784" class="1005" name="tt2_612_reg_1784">
<pin_list>
<pin id="1785" dir="0" index="0" bw="64" slack="1"/>
<pin id="1786" dir="1" index="1" bw="64" slack="1"/>
</pin_list>
<bind>
<opset="tt2_612 "/>
</bind>
</comp>

<comp id="1790" class="1005" name="tt2_613_reg_1790">
<pin_list>
<pin id="1791" dir="0" index="0" bw="64" slack="1"/>
<pin id="1792" dir="1" index="1" bw="64" slack="1"/>
</pin_list>
<bind>
<opset="tt2_613 "/>
</bind>
</comp>

<comp id="1796" class="1005" name="tt2_614_reg_1796">
<pin_list>
<pin id="1797" dir="0" index="0" bw="64" slack="1"/>
<pin id="1798" dir="1" index="1" bw="64" slack="1"/>
</pin_list>
<bind>
<opset="tt2_614 "/>
</bind>
</comp>

<comp id="1802" class="1005" name="tt2_615_reg_1802">
<pin_list>
<pin id="1803" dir="0" index="0" bw="64" slack="1"/>
<pin id="1804" dir="1" index="1" bw="64" slack="1"/>
</pin_list>
<bind>
<opset="tt2_615 "/>
</bind>
</comp>

<comp id="1808" class="1005" name="tt2_616_reg_1808">
<pin_list>
<pin id="1809" dir="0" index="0" bw="64" slack="1"/>
<pin id="1810" dir="1" index="1" bw="64" slack="1"/>
</pin_list>
<bind>
<opset="tt2_616 "/>
</bind>
</comp>

<comp id="1814" class="1005" name="tt2_617_reg_1814">
<pin_list>
<pin id="1815" dir="0" index="0" bw="64" slack="1"/>
<pin id="1816" dir="1" index="1" bw="64" slack="1"/>
</pin_list>
<bind>
<opset="tt2_617 "/>
</bind>
</comp>

<comp id="1820" class="1005" name="tt2_618_reg_1820">
<pin_list>
<pin id="1821" dir="0" index="0" bw="64" slack="1"/>
<pin id="1822" dir="1" index="1" bw="64" slack="1"/>
</pin_list>
<bind>
<opset="tt2_618 "/>
</bind>
</comp>

<comp id="1826" class="1005" name="tt2_619_reg_1826">
<pin_list>
<pin id="1827" dir="0" index="0" bw="64" slack="1"/>
<pin id="1828" dir="1" index="1" bw="64" slack="1"/>
</pin_list>
<bind>
<opset="tt2_619 "/>
</bind>
</comp>

<comp id="1832" class="1005" name="tt2_620_reg_1832">
<pin_list>
<pin id="1833" dir="0" index="0" bw="64" slack="1"/>
<pin id="1834" dir="1" index="1" bw="64" slack="1"/>
</pin_list>
<bind>
<opset="tt2_620 "/>
</bind>
</comp>

<comp id="1838" class="1005" name="tt2_621_reg_1838">
<pin_list>
<pin id="1839" dir="0" index="0" bw="64" slack="1"/>
<pin id="1840" dir="1" index="1" bw="64" slack="1"/>
</pin_list>
<bind>
<opset="tt2_621 "/>
</bind>
</comp>

<comp id="1844" class="1005" name="tt2_622_reg_1844">
<pin_list>
<pin id="1845" dir="0" index="0" bw="64" slack="1"/>
<pin id="1846" dir="1" index="1" bw="64" slack="1"/>
</pin_list>
<bind>
<opset="tt2_622 "/>
</bind>
</comp>

<comp id="1850" class="1005" name="tt2_623_reg_1850">
<pin_list>
<pin id="1851" dir="0" index="0" bw="64" slack="1"/>
<pin id="1852" dir="1" index="1" bw="64" slack="1"/>
</pin_list>
<bind>
<opset="tt2_623 "/>
</bind>
</comp>

<comp id="1856" class="1005" name="tt2_624_reg_1856">
<pin_list>
<pin id="1857" dir="0" index="0" bw="64" slack="1"/>
<pin id="1858" dir="1" index="1" bw="64" slack="1"/>
</pin_list>
<bind>
<opset="tt2_624 "/>
</bind>
</comp>

<comp id="1862" class="1005" name="tt2_625_reg_1862">
<pin_list>
<pin id="1863" dir="0" index="0" bw="64" slack="1"/>
<pin id="1864" dir="1" index="1" bw="64" slack="1"/>
</pin_list>
<bind>
<opset="tt2_625 "/>
</bind>
</comp>

</comp_list>

<net_list>
<net id="55"><net_src comp="24" pin="0"/><net_sink comp="52" pin=0"/></net>

<net id="59"><net_src comp="24" pin="0"/><net_sink comp="56" pin=0"/></net>

<net id="63"><net_src comp="24" pin="0"/><net_sink comp="60" pin=0"/></net>

<net id="67"><net_src comp="24" pin="0"/><net_sink comp="64" pin=0"/></net>

<net id="71"><net_src comp="24" pin="0"/><net_sink comp="68" pin=0"/></net>

<net id="75"><net_src comp="24" pin="0"/><net_sink comp="72" pin=0"/></net>

<net id="79"><net_src comp="24" pin="0"/><net_sink comp="76" pin=0"/></net>

<net id="83"><net_src comp="24" pin="0"/><net_sink comp="80" pin=0"/></net>

<net id="87"><net_src comp="24" pin="0"/><net_sink comp="84" pin=0"/></net>

<net id="91"><net_src comp="24" pin="0"/><net_sink comp="88" pin=0"/></net>

<net id="95"><net_src comp="24" pin="0"/><net_sink comp="92" pin=0"/></net>

<net id="99"><net_src comp="24" pin="0"/><net_sink comp="96" pin=0"/></net>

<net id="103"><net_src comp="24" pin="0"/><net_sink comp="100" pin=0"/></net>

<net id="107"><net_src comp="24" pin="0"/><net_sink comp="104" pin=0"/></net>

<net id="111"><net_src comp="24" pin="0"/><net_sink comp="108" pin=0"/></net>

<net id="115"><net_src comp="24" pin="0"/><net_sink comp="112" pin=0"/></net>

<net id="119"><net_src comp="24" pin="0"/><net_sink comp="116" pin=0"/></net>

<net id="123"><net_src comp="24" pin="0"/><net_sink comp="120" pin=0"/></net>

<net id="127"><net_src comp="24" pin="0"/><net_sink comp="124" pin=0"/></net>

<net id="131"><net_src comp="24" pin="0"/><net_sink comp="128" pin=0"/></net>

<net id="135"><net_src comp="24" pin="0"/><net_sink comp="132" pin=0"/></net>

<net id="139"><net_src comp="24" pin="0"/><net_sink comp="136" pin=0"/></net>

<net id="143"><net_src comp="24" pin="0"/><net_sink comp="140" pin=0"/></net>

<net id="147"><net_src comp="24" pin="0"/><net_sink comp="144" pin=0"/></net>

<net id="151"><net_src comp="24" pin="0"/><net_sink comp="148" pin=0"/></net>

<net id="155"><net_src comp="24" pin="0"/><net_sink comp="152" pin=0"/></net>

<net id="159"><net_src comp="24" pin="0"/><net_sink comp="156" pin=0"/></net>

<net id="163"><net_src comp="24" pin="0"/><net_sink comp="160" pin=0"/></net>

<net id="167"><net_src comp="24" pin="0"/><net_sink comp="164" pin=0"/></net>

<net id="171"><net_src comp="24" pin="0"/><net_sink comp="168" pin=0"/></net>

<net id="175"><net_src comp="24" pin="0"/><net_sink comp="172" pin=0"/></net>

<net id="179"><net_src comp="24" pin="0"/><net_sink comp="176" pin=0"/></net>

<net id="183"><net_src comp="24" pin="0"/><net_sink comp="180" pin=0"/></net>

<net id="187"><net_src comp="24" pin="0"/><net_sink comp="184" pin=0"/></net>

<net id="191"><net_src comp="24" pin="0"/><net_sink comp="188" pin=0"/></net>

<net id="195"><net_src comp="24" pin="0"/><net_sink comp="192" pin=0"/></net>

<net id="199"><net_src comp="24" pin="0"/><net_sink comp="196" pin=0"/></net>

<net id="203"><net_src comp="24" pin="0"/><net_sink comp="200" pin=0"/></net>

<net id="207"><net_src comp="24" pin="0"/><net_sink comp="204" pin=0"/></net>

<net id="211"><net_src comp="24" pin="0"/><net_sink comp="208" pin=0"/></net>

<net id="215"><net_src comp="24" pin="0"/><net_sink comp="212" pin=0"/></net>

<net id="219"><net_src comp="24" pin="0"/><net_sink comp="216" pin=0"/></net>

<net id="223"><net_src comp="24" pin="0"/><net_sink comp="220" pin=0"/></net>

<net id="227"><net_src comp="24" pin="0"/><net_sink comp="224" pin=0"/></net>

<net id="231"><net_src comp="24" pin="0"/><net_sink comp="228" pin=0"/></net>

<net id="235"><net_src comp="24" pin="0"/><net_sink comp="232" pin=0"/></net>

<net id="239"><net_src comp="24" pin="0"/><net_sink comp="236" pin=0"/></net>

<net id="243"><net_src comp="24" pin="0"/><net_sink comp="240" pin=0"/></net>

<net id="247"><net_src comp="24" pin="0"/><net_sink comp="244" pin=0"/></net>

<net id="251"><net_src comp="24" pin="0"/><net_sink comp="248" pin=0"/></net>

<net id="257"><net_src comp="0" pin="0"/><net_sink comp="252" pin=0"/></net>

<net id="258"><net_src comp="26" pin="0"/><net_sink comp="252" pin=1"/></net>

<net id="259"><net_src comp="26" pin="0"/><net_sink comp="252" pin=2"/></net>

<net id="265"><net_src comp="2" pin="0"/><net_sink comp="260" pin=0"/></net>

<net id="266"><net_src comp="26" pin="0"/><net_sink comp="260" pin=1"/></net>

<net id="267"><net_src comp="26" pin="0"/><net_sink comp="260" pin=2"/></net>

<net id="273"><net_src comp="4" pin="0"/><net_sink comp="268" pin=0"/></net>

<net id="274"><net_src comp="26" pin="0"/><net_sink comp="268" pin=1"/></net>

<net id="275"><net_src comp="26" pin="0"/><net_sink comp="268" pin=2"/></net>

<net id="281"><net_src comp="6" pin="0"/><net_sink comp="276" pin=0"/></net>

<net id="282"><net_src comp="26" pin="0"/><net_sink comp="276" pin=1"/></net>

<net id="283"><net_src comp="26" pin="0"/><net_sink comp="276" pin=2"/></net>

<net id="289"><net_src comp="8" pin="0"/><net_sink comp="284" pin=0"/></net>

<net id="290"><net_src comp="26" pin="0"/><net_sink comp="284" pin=1"/></net>

<net id="291"><net_src comp="26" pin="0"/><net_sink comp="284" pin=2"/></net>

<net id="297"><net_src comp="10" pin="0"/><net_sink comp="292" pin=0"/></net>

<net id="298"><net_src comp="26" pin="0"/><net_sink comp="292" pin=1"/></net>

<net id="299"><net_src comp="26" pin="0"/><net_sink comp="292" pin=2"/></net>

<net id="305"><net_src comp="12" pin="0"/><net_sink comp="300" pin=0"/></net>

<net id="306"><net_src comp="26" pin="0"/><net_sink comp="300" pin=1"/></net>

<net id="307"><net_src comp="26" pin="0"/><net_sink comp="300" pin=2"/></net>

<net id="313"><net_src comp="14" pin="0"/><net_sink comp="308" pin=0"/></net>

<net id="314"><net_src comp="26" pin="0"/><net_sink comp="308" pin=1"/></net>

<net id="315"><net_src comp="26" pin="0"/><net_sink comp="308" pin=2"/></net>

<net id="321"><net_src comp="252" pin="3"/><net_sink comp="316" pin=0"/></net>

<net id="327"><net_src comp="260" pin="3"/><net_sink comp="322" pin=0"/></net>

<net id="333"><net_src comp="268" pin="3"/><net_sink comp="328" pin=0"/></net>

<net id="339"><net_src comp="276" pin="3"/><net_sink comp="334" pin=0"/></net>

<net id="345"><net_src comp="284" pin="3"/><net_sink comp="340" pin=0"/></net>

<net id="351"><net_src comp="292" pin="3"/><net_sink comp="346" pin=0"/></net>

<net id="357"><net_src comp="300" pin="3"/><net_sink comp="352" pin=0"/></net>

<net id="363"><net_src comp="308" pin="3"/><net_sink comp="358" pin=0"/></net>

<net id="369"><net_src comp="0" pin="0"/><net_sink comp="364" pin=0"/></net>

<net id="370"><net_src comp="26" pin="0"/><net_sink comp="364" pin=1"/></net>

<net id="371"><net_src comp="24" pin="0"/><net_sink comp="364" pin=2"/></net>

<net id="377"><net_src comp="2" pin="0"/><net_sink comp="372" pin=0"/></net>

<net id="378"><net_src comp="26" pin="0"/><net_sink comp="372" pin=1"/></net>

<net id="379"><net_src comp="24" pin="0"/><net_sink comp="372" pin=2"/></net>

<net id="385"><net_src comp="4" pin="0"/><net_sink comp="380" pin=0"/></net>

<net id="386"><net_src comp="26" pin="0"/><net_sink comp="380" pin=1"/></net>

<net id="387"><net_src comp="24" pin="0"/><net_sink comp="380" pin=2"/></net>

<net id="393"><net_src comp="6" pin="0"/><net_sink comp="388" pin=0"/></net>

<net id="394"><net_src comp="26" pin="0"/><net_sink comp="388" pin=1"/></net>

<net id="395"><net_src comp="24" pin="0"/><net_sink comp="388" pin=2"/></net>

<net id="401"><net_src comp="8" pin="0"/><net_sink comp="396" pin=0"/></net>

<net id="402"><net_src comp="26" pin="0"/><net_sink comp="396" pin=1"/></net>

<net id="403"><net_src comp="24" pin="0"/><net_sink comp="396" pin=2"/></net>

<net id="409"><net_src comp="10" pin="0"/><net_sink comp="404" pin=0"/></net>

<net id="410"><net_src comp="26" pin="0"/><net_sink comp="404" pin=1"/></net>

<net id="411"><net_src comp="24" pin="0"/><net_sink comp="404" pin=2"/></net>

<net id="417"><net_src comp="12" pin="0"/><net_sink comp="412" pin=0"/></net>

<net id="418"><net_src comp="26" pin="0"/><net_sink comp="412" pin=1"/></net>

<net id="419"><net_src comp="24" pin="0"/><net_sink comp="412" pin=2"/></net>

<net id="425"><net_src comp="14" pin="0"/><net_sink comp="420" pin=0"/></net>

<net id="426"><net_src comp="26" pin="0"/><net_sink comp="420" pin=1"/></net>

<net id="427"><net_src comp="24" pin="0"/><net_sink comp="420" pin=2"/></net>

<net id="428"><net_src comp="364" pin="3"/><net_sink comp="316" pin=0"/></net>

<net id="429"><net_src comp="372" pin="3"/><net_sink comp="322" pin=0"/></net>

<net id="430"><net_src comp="380" pin="3"/><net_sink comp="328" pin=0"/></net>

<net id="431"><net_src comp="388" pin="3"/><net_sink comp="334" pin=0"/></net>

<net id="432"><net_src comp="396" pin="3"/><net_sink comp="340" pin=0"/></net>

<net id="433"><net_src comp="404" pin="3"/><net_sink comp="346" pin=0"/></net>

<net id="434"><net_src comp="412" pin="3"/><net_sink comp="352" pin=0"/></net>

<net id="435"><net_src comp="420" pin="3"/><net_sink comp="358" pin=0"/></net>

<net id="449"><net_src comp="28" pin="0"/><net_sink comp="436" pin=0"/></net>

<net id="450"><net_src comp="316" pin="3"/><net_sink comp="436" pin=1"/></net>

<net id="451"><net_src comp="322" pin="3"/><net_sink comp="436" pin=2"/></net>

<net id="452"><net_src comp="328" pin="3"/><net_sink comp="436" pin=3"/></net>

<net id="453"><net_src comp="334" pin="3"/><net_sink comp="436" pin=4"/></net>

<net id="454"><net_src comp="340" pin="3"/><net_sink comp="436" pin=5"/></net>

<net id="455"><net_src comp="346" pin="3"/><net_sink comp="436" pin=6"/></net>

<net id="456"><net_src comp="352" pin="3"/><net_sink comp="436" pin=7"/></net>

<net id="457"><net_src comp="358" pin="3"/><net_sink comp="436" pin=8"/></net>

<net id="458"><net_src comp="16" pin="0"/><net_sink comp="436" pin=9"/></net>

<net id="459"><net_src comp="30" pin="0"/><net_sink comp="436" pin=10"/></net>

<net id="460"><net_src comp="32" pin="0"/><net_sink comp="436" pin=10"/></net>

<net id="488"><net_src comp="34" pin="0"/><net_sink comp="461" pin=0"/></net>

<net id="501"><net_src comp="36" pin="0"/><net_sink comp="489" pin=0"/></net>

<net id="502"><net_src comp="16" pin="0"/><net_sink comp="489" pin=1"/></net>

<net id="540"><net_src comp="38" pin="0"/><net_sink comp="503" pin=0"/></net>

<net id="592"><net_src comp="40" pin="0"/><net_sink comp="541" pin=0"/></net>

<net id="612"><net_src comp="42" pin="0"/><net_sink comp="593" pin=0"/></net>

<net id="619"><net_src comp="44" pin="0"/><net_sink comp="613" pin=0"/></net>

<net id="620"><net_src comp="20" pin="0"/><net_sink comp="613" pin=3"/></net>

<net id="627"><net_src comp="46" pin="0"/><net_sink comp="621" pin=0"/></net>

<net id="628"><net_src comp="18" pin="0"/><net_sink comp="621" pin=2"/></net>

<net id="629"><net_src comp="22" pin="0"/><net_sink comp="621" pin=3"/></net>

<net id="665"><net_src comp="48" pin="0"/><net_sink comp="630" pin=0"/></net>

<net id="687"><net_src comp="50" pin="0"/><net_sink comp="666" pin=0"/></net>

<net id="688"><net_src comp="18" pin="0"/><net_sink comp="666" pin=17"/></net>

<net id="689"><net_src comp="22" pin="0"/><net_sink comp="666" pin=18"/></net>

<net id="693"><net_src comp="436" pin="11"/><net_sink comp="690" pin=0"/></net>

<net id="697"><net_src comp="436" pin="11"/><net_sink comp="694" pin=0"/></net>

<net id="701"><net_src comp="436" pin="11"/><net_sink comp="698" pin=0"/></net>

<net id="705"><net_src comp="436" pin="11"/><net_sink comp="702" pin=0"/></net>

<net id="709"><net_src comp="436" pin="11"/><net_sink comp="706" pin=0"/></net>

<net id="713"><net_src comp="436" pin="11"/><net_sink comp="710" pin=0"/></net>

<net id="717"><net_src comp="436" pin="11"/><net_sink comp="714" pin=0"/></net>

<net id="721"><net_src comp="436" pin="11"/><net_sink comp="718" pin=0"/></net>

<net id="725"><net_src comp="436" pin="11"/><net_sink comp="722" pin=0"/></net>

<net id="729"><net_src comp="436" pin="11"/><net_sink comp="726" pin=0"/></net>

<net id="733"><net_src comp="436" pin="11"/><net_sink comp="730" pin=0"/></net>

<net id="737"><net_src comp="436" pin="11"/><net_sink comp="734" pin=0"/></net>

<net id="741"><net_src comp="436" pin="11"/><net_sink comp="738" pin=0"/></net>

<net id="745"><net_src comp="436" pin="11"/><net_sink comp="742" pin=0"/></net>

<net id="749"><net_src comp="436" pin="11"/><net_sink comp="746" pin=0"/></net>

<net id="753"><net_src comp="436" pin="11"/><net_sink comp="750" pin=0"/></net>

<net id="758"><net_src comp="690" pin="1"/><net_sink comp="754" pin=0"/></net>

<net id="763"><net_src comp="694" pin="1"/><net_sink comp="759" pin=0"/></net>

<net id="768"><net_src comp="698" pin="1"/><net_sink comp="764" pin=0"/></net>

<net id="773"><net_src comp="702" pin="1"/><net_sink comp="769" pin=0"/></net>

<net id="778"><net_src comp="706" pin="1"/><net_sink comp="774" pin=0"/></net>

<net id="783"><net_src comp="710" pin="1"/><net_sink comp="779" pin=0"/></net>

<net id="788"><net_src comp="714" pin="1"/><net_sink comp="784" pin=0"/></net>

<net id="793"><net_src comp="718" pin="1"/><net_sink comp="789" pin=0"/></net>

<net id="798"><net_src comp="722" pin="1"/><net_sink comp="794" pin=0"/></net>

<net id="803"><net_src comp="726" pin="1"/><net_sink comp="799" pin=0"/></net>

<net id="808"><net_src comp="730" pin="1"/><net_sink comp="804" pin=0"/></net>

<net id="813"><net_src comp="734" pin="1"/><net_sink comp="809" pin=0"/></net>

<net id="818"><net_src comp="738" pin="1"/><net_sink comp="814" pin=0"/></net>

<net id="823"><net_src comp="742" pin="1"/><net_sink comp="819" pin=0"/></net>

<net id="828"><net_src comp="746" pin="1"/><net_sink comp="824" pin=0"/></net>

<net id="833"><net_src comp="750" pin="1"/><net_sink comp="829" pin=0"/></net>

<net id="837"><net_src comp="834" pin="1"/><net_sink comp="593" pin=8"/></net>

<net id="841"><net_src comp="838" pin="1"/><net_sink comp="593" pin=1"/></net>

<net id="845"><net_src comp="842" pin="1"/><net_sink comp="593" pin=2"/></net>

<net id="849"><net_src comp="846" pin="1"/><net_sink comp="593" pin=3"/></net>

<net id="853"><net_src comp="850" pin="1"/><net_sink comp="593" pin=4"/></net>

<net id="857"><net_src comp="854" pin="1"/><net_sink comp="593" pin=5"/></net>

<net id="861"><net_src comp="858" pin="1"/><net_sink comp="593" pin=6"/></net>

<net id="865"><net_src comp="862" pin="1"/><net_sink comp="593" pin=7"/></net>

<net id="869"><net_src comp="866" pin="1"/><net_sink comp="593" pin=16"/></net>

<net id="873"><net_src comp="870" pin="1"/><net_sink comp="593" pin=9"/></net>

<net id="877"><net_src comp="874" pin="1"/><net_sink comp="593" pin=10"/></net>

<net id="881"><net_src comp="878" pin="1"/><net_sink comp="593" pin=11"/></net>

<net id="885"><net_src comp="882" pin="1"/><net_sink comp="593" pin=12"/></net>

<net id="889"><net_src comp="886" pin="1"/><net_sink comp="593" pin=13"/></net>

<net id="893"><net_src comp="890" pin="1"/><net_sink comp="593" pin=14"/></net>

<net id="897"><net_src comp="894" pin="1"/><net_sink comp="593" pin=15"/></net>

<net id="901"><net_src comp="898" pin="1"/><net_sink comp="613" pin=2"/></net>

<net id="905"><net_src comp="593" pin="17"/><net_sink comp="902" pin=0"/></net>

<net id="910"><net_src comp="902" pin="1"/><net_sink comp="906" pin=0"/></net>

<net id="914"><net_src comp="593" pin="17"/><net_sink comp="911" pin=0"/></net>

<net id="919"><net_src comp="911" pin="1"/><net_sink comp="915" pin=0"/></net>

<net id="923"><net_src comp="593" pin="17"/><net_sink comp="920" pin=0"/></net>

<net id="928"><net_src comp="920" pin="1"/><net_sink comp="924" pin=0"/></net>

<net id="932"><net_src comp="593" pin="17"/><net_sink comp="929" pin=0"/></net>

<net id="937"><net_src comp="929" pin="1"/><net_sink comp="933" pin=0"/></net>

<net id="941"><net_src comp="593" pin="17"/><net_sink comp="938" pin=0"/></net>

<net id="946"><net_src comp="938" pin="1"/><net_sink comp="942" pin=0"/></net>

<net id="950"><net_src comp="593" pin="17"/><net_sink comp="947" pin=0"/></net>

<net id="955"><net_src comp="947" pin="1"/><net_sink comp="951" pin=0"/></net>

<net id="959"><net_src comp="593" pin="17"/><net_sink comp="956" pin=0"/></net>

<net id="964"><net_src comp="956" pin="1"/><net_sink comp="960" pin=0"/></net>

<net id="968"><net_src comp="593" pin="17"/><net_sink comp="965" pin=0"/></net>

<net id="973"><net_src comp="965" pin="1"/><net_sink comp="969" pin=0"/></net>

<net id="977"><net_src comp="593" pin="17"/><net_sink comp="974" pin=0"/></net>

<net id="982"><net_src comp="974" pin="1"/><net_sink comp="978" pin=0"/></net>

<net id="986"><net_src comp="593" pin="17"/><net_sink comp="983" pin=0"/></net>

<net id="991"><net_src comp="983" pin="1"/><net_sink comp="987" pin=0"/></net>

<net id="995"><net_src comp="593" pin="17"/><net_sink comp="992" pin=0"/></net>

<net id="1000"><net_src comp="992" pin="1"/><net_sink comp="996" pin=0"/></net>

<net id="1004"><net_src comp="593" pin="17"/><net_sink comp="1001" pin=0"/></net>

<net id="1009"><net_src comp="1001" pin="1"/><net_sink comp="1005" pin=0"/></net>

<net id="1013"><net_src comp="593" pin="17"/><net_sink comp="1010" pin=0"/></net>

<net id="1018"><net_src comp="1010" pin="1"/><net_sink comp="1014" pin=0"/></net>

<net id="1022"><net_src comp="593" pin="17"/><net_sink comp="1019" pin=0"/></net>

<net id="1027"><net_src comp="1019" pin="1"/><net_sink comp="1023" pin=0"/></net>

<net id="1031"><net_src comp="593" pin="17"/><net_sink comp="1028" pin=0"/></net>

<net id="1036"><net_src comp="1028" pin="1"/><net_sink comp="1032" pin=0"/></net>

<net id="1040"><net_src comp="593" pin="17"/><net_sink comp="1037" pin=0"/></net>

<net id="1045"><net_src comp="1037" pin="1"/><net_sink comp="1041" pin=0"/></net>

<net id="1049"><net_src comp="1046" pin="1"/><net_sink comp="630" pin=17"/></net>

<net id="1053"><net_src comp="1050" pin="1"/><net_sink comp="630" pin=18"/></net>

<net id="1057"><net_src comp="1054" pin="1"/><net_sink comp="630" pin=19"/></net>

<net id="1061"><net_src comp="1058" pin="1"/><net_sink comp="630" pin=20"/></net>

<net id="1065"><net_src comp="1062" pin="1"/><net_sink comp="630" pin=21"/></net>

<net id="1069"><net_src comp="1066" pin="1"/><net_sink comp="630" pin=22"/></net>

<net id="1073"><net_src comp="1070" pin="1"/><net_sink comp="630" pin=23"/></net>

<net id="1077"><net_src comp="1074" pin="1"/><net_sink comp="630" pin=24"/></net>

<net id="1081"><net_src comp="1078" pin="1"/><net_sink comp="630" pin=25"/></net>

<net id="1085"><net_src comp="1082" pin="1"/><net_sink comp="630" pin=26"/></net>

<net id="1089"><net_src comp="1086" pin="1"/><net_sink comp="630" pin=27"/></net>

<net id="1093"><net_src comp="1090" pin="1"/><net_sink comp="630" pin=28"/></net>

<net id="1097"><net_src comp="1094" pin="1"/><net_sink comp="630" pin=29"/></net>

<net id="1101"><net_src comp="1098" pin="1"/><net_sink comp="630" pin=30"/></net>

<net id="1105"><net_src comp="1102" pin="1"/><net_sink comp="630" pin=31"/></net>

<net id="1109"><net_src comp="1106" pin="1"/><net_sink comp="630" pin=32"/></net>

<net id="1113"><net_src comp="1110" pin="1"/><net_sink comp="666" pin=1"/></net>

<net id="1117"><net_src comp="1114" pin="1"/><net_sink comp="666" pin=2"/></net>

<net id="1121"><net_src comp="1118" pin="1"/><net_sink comp="666" pin=3"/></net>

<net id="1125"><net_src comp="1122" pin="1"/><net_sink comp="666" pin=4"/></net>

<net id="1129"><net_src comp="1126" pin="1"/><net_sink comp="666" pin=5"/></net>

<net id="1133"><net_src comp="1130" pin="1"/><net_sink comp="666" pin=6"/></net>

<net id="1137"><net_src comp="1134" pin="1"/><net_sink comp="666" pin=7"/></net>

<net id="1141"><net_src comp="1138" pin="1"/><net_sink comp="666" pin=8"/></net>

<net id="1145"><net_src comp="1142" pin="1"/><net_sink comp="666" pin=9"/></net>

<net id="1149"><net_src comp="1146" pin="1"/><net_sink comp="666" pin=10"/></net>

<net id="1153"><net_src comp="1150" pin="1"/><net_sink comp="666" pin=11"/></net>

<net id="1157"><net_src comp="1154" pin="1"/><net_sink comp="666" pin=12"/></net>

<net id="1161"><net_src comp="1158" pin="1"/><net_sink comp="666" pin=13"/></net>

<net id="1165"><net_src comp="1162" pin="1"/><net_sink comp="666" pin=14"/></net>

<net id="1169"><net_src comp="1166" pin="1"/><net_sink comp="666" pin=15"/></net>

<net id="1173"><net_src comp="1170" pin="1"/><net_sink comp="666" pin=16"/></net>

<net id="1177"><net_src comp="52" pin="1"/><net_sink comp="1174" pin=0"/></net>

<net id="1178"><net_src comp="1174" pin="1"/><net_sink comp="541" pin=48"/></net>

<net id="1179"><net_src comp="1174" pin="1"/><net_sink comp="1106" pin=0"/></net>

<net id="1183"><net_src comp="56" pin="1"/><net_sink comp="1180" pin=0"/></net>

<net id="1184"><net_src comp="1180" pin="1"/><net_sink comp="541" pin=47"/></net>

<net id="1185"><net_src comp="1180" pin="1"/><net_sink comp="1102" pin=0"/></net>

<net id="1189"><net_src comp="60" pin="1"/><net_sink comp="1186" pin=0"/></net>

<net id="1190"><net_src comp="1186" pin="1"/><net_sink comp="541" pin=46"/></net>

<net id="1191"><net_src comp="1186" pin="1"/><net_sink comp="1098" pin=0"/></net>

<net id="1195"><net_src comp="64" pin="1"/><net_sink comp="1192" pin=0"/></net>

<net id="1196"><net_src comp="1192" pin="1"/><net_sink comp="541" pin=45"/></net>

<net id="1197"><net_src comp="1192" pin="1"/><net_sink comp="1094" pin=0"/></net>

<net id="1201"><net_src comp="68" pin="1"/><net_sink comp="1198" pin=0"/></net>

<net id="1202"><net_src comp="1198" pin="1"/><net_sink comp="541" pin=44"/></net>

<net id="1203"><net_src comp="1198" pin="1"/><net_sink comp="1090" pin=0"/></net>

<net id="1207"><net_src comp="72" pin="1"/><net_sink comp="1204" pin=0"/></net>

<net id="1208"><net_src comp="1204" pin="1"/><net_sink comp="541" pin=43"/></net>

<net id="1209"><net_src comp="1204" pin="1"/><net_sink comp="1086" pin=0"/></net>

<net id="1213"><net_src comp="76" pin="1"/><net_sink comp="1210" pin=0"/></net>

<net id="1214"><net_src comp="1210" pin="1"/><net_sink comp="541" pin=42"/></net>

<net id="1215"><net_src comp="1210" pin="1"/><net_sink comp="1082" pin=0"/></net>

<net id="1219"><net_src comp="80" pin="1"/><net_sink comp="1216" pin=0"/></net>

<net id="1220"><net_src comp="1216" pin="1"/><net_sink comp="541" pin=41"/></net>

<net id="1221"><net_src comp="1216" pin="1"/><net_sink comp="1078" pin=0"/></net>

<net id="1225"><net_src comp="84" pin="1"/><net_sink comp="1222" pin=0"/></net>

<net id="1226"><net_src comp="1222" pin="1"/><net_sink comp="541" pin=40"/></net>

<net id="1227"><net_src comp="1222" pin="1"/><net_sink comp="1074" pin=0"/></net>

<net id="1231"><net_src comp="88" pin="1"/><net_sink comp="1228" pin=0"/></net>

<net id="1232"><net_src comp="1228" pin="1"/><net_sink comp="541" pin=39"/></net>

<net id="1233"><net_src comp="1228" pin="1"/><net_sink comp="1070" pin=0"/></net>

<net id="1237"><net_src comp="92" pin="1"/><net_sink comp="1234" pin=0"/></net>

<net id="1238"><net_src comp="1234" pin="1"/><net_sink comp="541" pin=38"/></net>

<net id="1239"><net_src comp="1234" pin="1"/><net_sink comp="1066" pin=0"/></net>

<net id="1243"><net_src comp="96" pin="1"/><net_sink comp="1240" pin=0"/></net>

<net id="1244"><net_src comp="1240" pin="1"/><net_sink comp="541" pin=37"/></net>

<net id="1245"><net_src comp="1240" pin="1"/><net_sink comp="1062" pin=0"/></net>

<net id="1249"><net_src comp="100" pin="1"/><net_sink comp="1246" pin=0"/></net>

<net id="1250"><net_src comp="1246" pin="1"/><net_sink comp="541" pin=36"/></net>

<net id="1251"><net_src comp="1246" pin="1"/><net_sink comp="1058" pin=0"/></net>

<net id="1255"><net_src comp="104" pin="1"/><net_sink comp="1252" pin=0"/></net>

<net id="1256"><net_src comp="1252" pin="1"/><net_sink comp="541" pin=35"/></net>

<net id="1257"><net_src comp="1252" pin="1"/><net_sink comp="1054" pin=0"/></net>

<net id="1261"><net_src comp="108" pin="1"/><net_sink comp="1258" pin=0"/></net>

<net id="1262"><net_src comp="1258" pin="1"/><net_sink comp="541" pin=34"/></net>

<net id="1263"><net_src comp="1258" pin="1"/><net_sink comp="1050" pin=0"/></net>

<net id="1267"><net_src comp="112" pin="1"/><net_sink comp="1264" pin=0"/></net>

<net id="1268"><net_src comp="1264" pin="1"/><net_sink comp="541" pin=33"/></net>

<net id="1269"><net_src comp="1264" pin="1"/><net_sink comp="1046" pin=0"/></net>

<net id="1273"><net_src comp="116" pin="1"/><net_sink comp="1270" pin=0"/></net>

<net id="1274"><net_src comp="1270" pin="1"/><net_sink comp="503" pin=34"/></net>

<net id="1275"><net_src comp="1270" pin="1"/><net_sink comp="898" pin=0"/></net>

<net id="1279"><net_src comp="120" pin="1"/><net_sink comp="1276" pin=0"/></net>

<net id="1280"><net_src comp="1276" pin="1"/><net_sink comp="489" pin=9"/></net>

<net id="1281"><net_src comp="1276" pin="1"/><net_sink comp="894" pin=0"/></net>

<net id="1285"><net_src comp="124" pin="1"/><net_sink comp="1282" pin=0"/></net>

<net id="1286"><net_src comp="1282" pin="1"/><net_sink comp="489" pin=8"/></net>

<net id="1287"><net_src comp="1282" pin="1"/><net_sink comp="890" pin=0"/></net>

<net id="1291"><net_src comp="128" pin="1"/><net_sink comp="1288" pin=0"/></net>

<net id="1292"><net_src comp="1288" pin="1"/><net_sink comp="489" pin=7"/></net>

<net id="1293"><net_src comp="1288" pin="1"/><net_sink comp="886" pin=0"/></net>

<net id="1297"><net_src comp="132" pin="1"/><net_sink comp="1294" pin=0"/></net>

<net id="1298"><net_src comp="1294" pin="1"/><net_sink comp="489" pin=6"/></net>

<net id="1299"><net_src comp="1294" pin="1"/><net_sink comp="882" pin=0"/></net>

<net id="1303"><net_src comp="136" pin="1"/><net_sink comp="1300" pin=0"/></net>

<net id="1304"><net_src comp="1300" pin="1"/><net_sink comp="489" pin=5"/></net>

<net id="1305"><net_src comp="1300" pin="1"/><net_sink comp="878" pin=0"/></net>

<net id="1309"><net_src comp="140" pin="1"/><net_sink comp="1306" pin=0"/></net>

<net id="1310"><net_src comp="1306" pin="1"/><net_sink comp="489" pin=4"/></net>

<net id="1311"><net_src comp="1306" pin="1"/><net_sink comp="874" pin=0"/></net>

<net id="1315"><net_src comp="144" pin="1"/><net_sink comp="1312" pin=0"/></net>

<net id="1316"><net_src comp="1312" pin="1"/><net_sink comp="489" pin=3"/></net>

<net id="1317"><net_src comp="1312" pin="1"/><net_sink comp="870" pin=0"/></net>

<net id="1321"><net_src comp="148" pin="1"/><net_sink comp="1318" pin=0"/></net>

<net id="1322"><net_src comp="1318" pin="1"/><net_sink comp="489" pin=2"/></net>

<net id="1323"><net_src comp="1318" pin="1"/><net_sink comp="866" pin=0"/></net>

<net id="1327"><net_src comp="152" pin="1"/><net_sink comp="1324" pin=0"/></net>

<net id="1328"><net_src comp="1324" pin="1"/><net_sink comp="461" pin=24"/></net>

<net id="1329"><net_src comp="1324" pin="1"/><net_sink comp="862" pin=0"/></net>

<net id="1333"><net_src comp="156" pin="1"/><net_sink comp="1330" pin=0"/></net>

<net id="1334"><net_src comp="1330" pin="1"/><net_sink comp="461" pin=23"/></net>

<net id="1335"><net_src comp="1330" pin="1"/><net_sink comp="858" pin=0"/></net>

<net id="1339"><net_src comp="160" pin="1"/><net_sink comp="1336" pin=0"/></net>

<net id="1340"><net_src comp="1336" pin="1"/><net_sink comp="461" pin=22"/></net>

<net id="1341"><net_src comp="1336" pin="1"/><net_sink comp="854" pin=0"/></net>

<net id="1345"><net_src comp="164" pin="1"/><net_sink comp="1342" pin=0"/></net>

<net id="1346"><net_src comp="1342" pin="1"/><net_sink comp="461" pin=21"/></net>

<net id="1347"><net_src comp="1342" pin="1"/><net_sink comp="850" pin=0"/></net>

<net id="1351"><net_src comp="168" pin="1"/><net_sink comp="1348" pin=0"/></net>

<net id="1352"><net_src comp="1348" pin="1"/><net_sink comp="461" pin=20"/></net>

<net id="1353"><net_src comp="1348" pin="1"/><net_sink comp="846" pin=0"/></net>

<net id="1357"><net_src comp="172" pin="1"/><net_sink comp="1354" pin=0"/></net>

<net id="1358"><net_src comp="1354" pin="1"/><net_sink comp="461" pin=19"/></net>

<net id="1359"><net_src comp="1354" pin="1"/><net_sink comp="842" pin=0"/></net>

<net id="1363"><net_src comp="176" pin="1"/><net_sink comp="1360" pin=0"/></net>

<net id="1364"><net_src comp="1360" pin="1"/><net_sink comp="461" pin=18"/></net>

<net id="1365"><net_src comp="1360" pin="1"/><net_sink comp="838" pin=0"/></net>

<net id="1369"><net_src comp="180" pin="1"/><net_sink comp="1366" pin=0"/></net>

<net id="1370"><net_src comp="1366" pin="1"/><net_sink comp="461" pin=17"/></net>

<net id="1371"><net_src comp="1366" pin="1"/><net_sink comp="834" pin=0"/></net>

<net id="1375"><net_src comp="184" pin="1"/><net_sink comp="1372" pin=0"/></net>

<net id="1376"><net_src comp="1372" pin="1"/><net_sink comp="754" pin=1"/></net>

<net id="1377"><net_src comp="1372" pin="1"/><net_sink comp="906" pin=1"/></net>

<net id="1378"><net_src comp="1372" pin="1"/><net_sink comp="630" pin=1"/></net>

<net id="1379"><net_src comp="1372" pin="1"/><net_sink comp="1110" pin=0"/></net>

<net id="1383"><net_src comp="188" pin="1"/><net_sink comp="1380" pin=0"/></net>

<net id="1384"><net_src comp="1380" pin="1"/><net_sink comp="759" pin=1"/></net>

<net id="1385"><net_src comp="1380" pin="1"/><net_sink comp="915" pin=1"/></net>

<net id="1386"><net_src comp="1380" pin="1"/><net_sink comp="630" pin=16"/></net>

<net id="1387"><net_src comp="1380" pin="1"/><net_sink comp="1114" pin=0"/></net>

<net id="1391"><net_src comp="192" pin="1"/><net_sink comp="1388" pin=0"/></net>

<net id="1392"><net_src comp="1388" pin="1"/><net_sink comp="764" pin=1"/></net>

<net id="1393"><net_src comp="1388" pin="1"/><net_sink comp="924" pin=1"/></net>

<net id="1394"><net_src comp="1388" pin="1"/><net_sink comp="630" pin=15"/></net>

<net id="1395"><net_src comp="1388" pin="1"/><net_sink comp="1118" pin=0"/></net>

<net id="1399"><net_src comp="196" pin="1"/><net_sink comp="1396" pin=0"/></net>

<net id="1400"><net_src comp="1396" pin="1"/><net_sink comp="769" pin=1"/></net>

<net id="1401"><net_src comp="1396" pin="1"/><net_sink comp="933" pin=1"/></net>

<net id="1402"><net_src comp="1396" pin="1"/><net_sink comp="630" pin=14"/></net>

<net id="1403"><net_src comp="1396" pin="1"/><net_sink comp="1122" pin=0"/></net>

<net id="1407"><net_src comp="200" pin="1"/><net_sink comp="1404" pin=0"/></net>

<net id="1408"><net_src comp="1404" pin="1"/><net_sink comp="774" pin=1"/></net>

<net id="1409"><net_src comp="1404" pin="1"/><net_sink comp="942" pin=1"/></net>

<net id="1410"><net_src comp="1404" pin="1"/><net_sink comp="630" pin=13"/></net>

<net id="1411"><net_src comp="1404" pin="1"/><net_sink comp="1126" pin=0"/></net>

<net id="1415"><net_src comp="204" pin="1"/><net_sink comp="1412" pin=0"/></net>

<net id="1416"><net_src comp="1412" pin="1"/><net_sink comp="779" pin=1"/></net>

<net id="1417"><net_src comp="1412" pin="1"/><net_sink comp="951" pin=1"/></net>

<net id="1418"><net_src comp="1412" pin="1"/><net_sink comp="630" pin=12"/></net>

<net id="1419"><net_src comp="1412" pin="1"/><net_sink comp="1130" pin=0"/></net>

<net id="1423"><net_src comp="208" pin="1"/><net_sink comp="1420" pin=0"/></net>

<net id="1424"><net_src comp="1420" pin="1"/><net_sink comp="784" pin=1"/></net>

<net id="1425"><net_src comp="1420" pin="1"/><net_sink comp="960" pin=1"/></net>

<net id="1426"><net_src comp="1420" pin="1"/><net_sink comp="630" pin=11"/></net>

<net id="1427"><net_src comp="1420" pin="1"/><net_sink comp="1134" pin=0"/></net>

<net id="1431"><net_src comp="212" pin="1"/><net_sink comp="1428" pin=0"/></net>

<net id="1432"><net_src comp="1428" pin="1"/><net_sink comp="789" pin=1"/></net>

<net id="1433"><net_src comp="1428" pin="1"/><net_sink comp="969" pin=1"/></net>

<net id="1434"><net_src comp="1428" pin="1"/><net_sink comp="630" pin=10"/></net>

<net id="1435"><net_src comp="1428" pin="1"/><net_sink comp="1138" pin=0"/></net>

<net id="1439"><net_src comp="216" pin="1"/><net_sink comp="1436" pin=0"/></net>

<net id="1440"><net_src comp="1436" pin="1"/><net_sink comp="794" pin=1"/></net>

<net id="1441"><net_src comp="1436" pin="1"/><net_sink comp="978" pin=1"/></net>

<net id="1442"><net_src comp="1436" pin="1"/><net_sink comp="630" pin=9"/></net>

<net id="1443"><net_src comp="1436" pin="1"/><net_sink comp="1142" pin=0"/></net>

<net id="1447"><net_src comp="220" pin="1"/><net_sink comp="1444" pin=0"/></net>

<net id="1448"><net_src comp="1444" pin="1"/><net_sink comp="799" pin=1"/></net>

<net id="1449"><net_src comp="1444" pin="1"/><net_sink comp="987" pin=1"/></net>

<net id="1450"><net_src comp="1444" pin="1"/><net_sink comp="630" pin=8"/></net>

<net id="1451"><net_src comp="1444" pin="1"/><net_sink comp="1146" pin=0"/></net>

<net id="1455"><net_src comp="224" pin="1"/><net_sink comp="1452" pin=0"/></net>

<net id="1456"><net_src comp="1452" pin="1"/><net_sink comp="804" pin=1"/></net>

<net id="1457"><net_src comp="1452" pin="1"/><net_sink comp="996" pin=1"/></net>

<net id="1458"><net_src comp="1452" pin="1"/><net_sink comp="630" pin=7"/></net>

<net id="1459"><net_src comp="1452" pin="1"/><net_sink comp="1150" pin=0"/></net>

<net id="1463"><net_src comp="228" pin="1"/><net_sink comp="1460" pin=0"/></net>

<net id="1464"><net_src comp="1460" pin="1"/><net_sink comp="809" pin=1"/></net>

<net id="1465"><net_src comp="1460" pin="1"/><net_sink comp="1005" pin=1"/></net>

<net id="1466"><net_src comp="1460" pin="1"/><net_sink comp="630" pin=6"/></net>

<net id="1467"><net_src comp="1460" pin="1"/><net_sink comp="1154" pin=0"/></net>

<net id="1471"><net_src comp="232" pin="1"/><net_sink comp="1468" pin=0"/></net>

<net id="1472"><net_src comp="1468" pin="1"/><net_sink comp="814" pin=1"/></net>

<net id="1473"><net_src comp="1468" pin="1"/><net_sink comp="1014" pin=1"/></net>

<net id="1474"><net_src comp="1468" pin="1"/><net_sink comp="630" pin=5"/></net>

<net id="1475"><net_src comp="1468" pin="1"/><net_sink comp="1158" pin=0"/></net>

<net id="1479"><net_src comp="236" pin="1"/><net_sink comp="1476" pin=0"/></net>

<net id="1480"><net_src comp="1476" pin="1"/><net_sink comp="819" pin=1"/></net>

<net id="1481"><net_src comp="1476" pin="1"/><net_sink comp="1023" pin=1"/></net>

<net id="1482"><net_src comp="1476" pin="1"/><net_sink comp="630" pin=4"/></net>

<net id="1483"><net_src comp="1476" pin="1"/><net_sink comp="1162" pin=0"/></net>

<net id="1487"><net_src comp="240" pin="1"/><net_sink comp="1484" pin=0"/></net>

<net id="1488"><net_src comp="1484" pin="1"/><net_sink comp="824" pin=1"/></net>

<net id="1489"><net_src comp="1484" pin="1"/><net_sink comp="1032" pin=1"/></net>

<net id="1490"><net_src comp="1484" pin="1"/><net_sink comp="630" pin=3"/></net>

<net id="1491"><net_src comp="1484" pin="1"/><net_sink comp="1166" pin=0"/></net>

<net id="1495"><net_src comp="244" pin="1"/><net_sink comp="1492" pin=0"/></net>

<net id="1496"><net_src comp="1492" pin="1"/><net_sink comp="829" pin=1"/></net>

<net id="1497"><net_src comp="1492" pin="1"/><net_sink comp="1041" pin=1"/></net>

<net id="1498"><net_src comp="1492" pin="1"/><net_sink comp="630" pin=2"/></net>

<net id="1499"><net_src comp="1492" pin="1"/><net_sink comp="1170" pin=0"/></net>

<net id="1503"><net_src comp="252" pin="3"/><net_sink comp="1500" pin=0"/></net>

<net id="1504"><net_src comp="1500" pin="1"/><net_sink comp="316" pin=0"/></net>

<net id="1508"><net_src comp="260" pin="3"/><net_sink comp="1505" pin=0"/></net>

<net id="1509"><net_src comp="1505" pin="1"/><net_sink comp="322" pin=0"/></net>

<net id="1513"><net_src comp="268" pin="3"/><net_sink comp="1510" pin=0"/></net>

<net id="1514"><net_src comp="1510" pin="1"/><net_sink comp="328" pin=0"/></net>

<net id="1518"><net_src comp="276" pin="3"/><net_sink comp="1515" pin=0"/></net>

<net id="1519"><net_src comp="1515" pin="1"/><net_sink comp="334" pin=0"/></net>

<net id="1523"><net_src comp="284" pin="3"/><net_sink comp="1520" pin=0"/></net>

<net id="1524"><net_src comp="1520" pin="1"/><net_sink comp="340" pin=0"/></net>

<net id="1528"><net_src comp="292" pin="3"/><net_sink comp="1525" pin=0"/></net>

<net id="1529"><net_src comp="1525" pin="1"/><net_sink comp="346" pin=0"/></net>

<net id="1533"><net_src comp="300" pin="3"/><net_sink comp="1530" pin=0"/></net>

<net id="1534"><net_src comp="1530" pin="1"/><net_sink comp="352" pin=0"/></net>

<net id="1538"><net_src comp="308" pin="3"/><net_sink comp="1535" pin=0"/></net>

<net id="1539"><net_src comp="1535" pin="1"/><net_sink comp="358" pin=0"/></net>

<net id="1543"><net_src comp="316" pin="3"/><net_sink comp="1540" pin=0"/></net>

<net id="1544"><net_src comp="1540" pin="1"/><net_sink comp="436" pin=1"/></net>

<net id="1545"><net_src comp="1540" pin="1"/><net_sink comp="461" pin=1"/></net>

<net id="1549"><net_src comp="322" pin="3"/><net_sink comp="1546" pin=0"/></net>

<net id="1550"><net_src comp="1546" pin="1"/><net_sink comp="436" pin=2"/></net>

<net id="1551"><net_src comp="1546" pin="1"/><net_sink comp="461" pin=2"/></net>

<net id="1555"><net_src comp="328" pin="3"/><net_sink comp="1552" pin=0"/></net>

<net id="1556"><net_src comp="1552" pin="1"/><net_sink comp="436" pin=3"/></net>

<net id="1557"><net_src comp="1552" pin="1"/><net_sink comp="461" pin=3"/></net>

<net id="1561"><net_src comp="334" pin="3"/><net_sink comp="1558" pin=0"/></net>

<net id="1562"><net_src comp="1558" pin="1"/><net_sink comp="436" pin=4"/></net>

<net id="1563"><net_src comp="1558" pin="1"/><net_sink comp="461" pin=4"/></net>

<net id="1567"><net_src comp="340" pin="3"/><net_sink comp="1564" pin=0"/></net>

<net id="1568"><net_src comp="1564" pin="1"/><net_sink comp="436" pin=5"/></net>

<net id="1569"><net_src comp="1564" pin="1"/><net_sink comp="461" pin=5"/></net>

<net id="1573"><net_src comp="346" pin="3"/><net_sink comp="1570" pin=0"/></net>

<net id="1574"><net_src comp="1570" pin="1"/><net_sink comp="436" pin=6"/></net>

<net id="1575"><net_src comp="1570" pin="1"/><net_sink comp="461" pin=6"/></net>

<net id="1579"><net_src comp="352" pin="3"/><net_sink comp="1576" pin=0"/></net>

<net id="1580"><net_src comp="1576" pin="1"/><net_sink comp="436" pin=7"/></net>

<net id="1581"><net_src comp="1576" pin="1"/><net_sink comp="461" pin=7"/></net>

<net id="1585"><net_src comp="358" pin="3"/><net_sink comp="1582" pin=0"/></net>

<net id="1586"><net_src comp="1582" pin="1"/><net_sink comp="436" pin=8"/></net>

<net id="1587"><net_src comp="1582" pin="1"/><net_sink comp="461" pin=8"/></net>

<net id="1591"><net_src comp="690" pin="1"/><net_sink comp="1588" pin=0"/></net>

<net id="1592"><net_src comp="1588" pin="1"/><net_sink comp="503" pin=1"/></net>

<net id="1593"><net_src comp="1588" pin="1"/><net_sink comp="541" pin=17"/></net>

<net id="1597"><net_src comp="694" pin="1"/><net_sink comp="1594" pin=0"/></net>

<net id="1598"><net_src comp="1594" pin="1"/><net_sink comp="503" pin=2"/></net>

<net id="1599"><net_src comp="1594" pin="1"/><net_sink comp="541" pin=18"/></net>

<net id="1603"><net_src comp="698" pin="1"/><net_sink comp="1600" pin=0"/></net>

<net id="1604"><net_src comp="1600" pin="1"/><net_sink comp="503" pin=3"/></net>

<net id="1605"><net_src comp="1600" pin="1"/><net_sink comp="541" pin=19"/></net>

<net id="1609"><net_src comp="702" pin="1"/><net_sink comp="1606" pin=0"/></net>

<net id="1610"><net_src comp="1606" pin="1"/><net_sink comp="503" pin=4"/></net>

<net id="1611"><net_src comp="1606" pin="1"/><net_sink comp="541" pin=20"/></net>

<net id="1615"><net_src comp="706" pin="1"/><net_sink comp="1612" pin=0"/></net>

<net id="1616"><net_src comp="1612" pin="1"/><net_sink comp="503" pin=5"/></net>

<net id="1617"><net_src comp="1612" pin="1"/><net_sink comp="541" pin=21"/></net>

<net id="1621"><net_src comp="710" pin="1"/><net_sink comp="1618" pin=0"/></net>

<net id="1622"><net_src comp="1618" pin="1"/><net_sink comp="503" pin=6"/></net>

<net id="1623"><net_src comp="1618" pin="1"/><net_sink comp="541" pin=22"/></net>

<net id="1627"><net_src comp="714" pin="1"/><net_sink comp="1624" pin=0"/></net>

<net id="1628"><net_src comp="1624" pin="1"/><net_sink comp="503" pin=7"/></net>

<net id="1629"><net_src comp="1624" pin="1"/><net_sink comp="541" pin=23"/></net>

<net id="1633"><net_src comp="718" pin="1"/><net_sink comp="1630" pin=0"/></net>

<net id="1634"><net_src comp="1630" pin="1"/><net_sink comp="503" pin=8"/></net>

<net id="1635"><net_src comp="1630" pin="1"/><net_sink comp="541" pin=24"/></net>

<net id="1639"><net_src comp="722" pin="1"/><net_sink comp="1636" pin=0"/></net>

<net id="1640"><net_src comp="1636" pin="1"/><net_sink comp="503" pin=9"/></net>

<net id="1641"><net_src comp="1636" pin="1"/><net_sink comp="541" pin=25"/></net>

<net id="1645"><net_src comp="726" pin="1"/><net_sink comp="1642" pin=0"/></net>

<net id="1646"><net_src comp="1642" pin="1"/><net_sink comp="503" pin=10"/></net>

<net id="1647"><net_src comp="1642" pin="1"/><net_sink comp="541" pin=26"/></net>

<net id="1651"><net_src comp="730" pin="1"/><net_sink comp="1648" pin=0"/></net>

<net id="1652"><net_src comp="1648" pin="1"/><net_sink comp="503" pin=11"/></net>

<net id="1653"><net_src comp="1648" pin="1"/><net_sink comp="541" pin=27"/></net>

<net id="1657"><net_src comp="734" pin="1"/><net_sink comp="1654" pin=0"/></net>

<net id="1658"><net_src comp="1654" pin="1"/><net_sink comp="503" pin=12"/></net>

<net id="1659"><net_src comp="1654" pin="1"/><net_sink comp="541" pin=28"/></net>

<net id="1663"><net_src comp="738" pin="1"/><net_sink comp="1660" pin=0"/></net>

<net id="1664"><net_src comp="1660" pin="1"/><net_sink comp="503" pin=13"/></net>

<net id="1665"><net_src comp="1660" pin="1"/><net_sink comp="541" pin=29"/></net>

<net id="1669"><net_src comp="742" pin="1"/><net_sink comp="1666" pin=0"/></net>

<net id="1670"><net_src comp="1666" pin="1"/><net_sink comp="503" pin=14"/></net>

<net id="1671"><net_src comp="1666" pin="1"/><net_sink comp="541" pin=30"/></net>

<net id="1675"><net_src comp="746" pin="1"/><net_sink comp="1672" pin=0"/></net>

<net id="1676"><net_src comp="1672" pin="1"/><net_sink comp="503" pin=15"/></net>

<net id="1677"><net_src comp="1672" pin="1"/><net_sink comp="541" pin=31"/></net>

<net id="1681"><net_src comp="750" pin="1"/><net_sink comp="1678" pin=0"/></net>

<net id="1682"><net_src comp="1678" pin="1"/><net_sink comp="503" pin=16"/></net>

<net id="1683"><net_src comp="1678" pin="1"/><net_sink comp="541" pin=32"/></net>

<net id="1687"><net_src comp="364" pin="3"/><net_sink comp="1684" pin=0"/></net>

<net id="1688"><net_src comp="1684" pin="1"/><net_sink comp="316" pin=0"/></net>

<net id="1692"><net_src comp="372" pin="3"/><net_sink comp="1689" pin=0"/></net>

<net id="1693"><net_src comp="1689" pin="1"/><net_sink comp="322" pin=0"/></net>

<net id="1697"><net_src comp="380" pin="3"/><net_sink comp="1694" pin=0"/></net>

<net id="1698"><net_src comp="1694" pin="1"/><net_sink comp="328" pin=0"/></net>

<net id="1702"><net_src comp="388" pin="3"/><net_sink comp="1699" pin=0"/></net>

<net id="1703"><net_src comp="1699" pin="1"/><net_sink comp="334" pin=0"/></net>

<net id="1707"><net_src comp="396" pin="3"/><net_sink comp="1704" pin=0"/></net>

<net id="1708"><net_src comp="1704" pin="1"/><net_sink comp="340" pin=0"/></net>

<net id="1712"><net_src comp="404" pin="3"/><net_sink comp="1709" pin=0"/></net>

<net id="1713"><net_src comp="1709" pin="1"/><net_sink comp="346" pin=0"/></net>

<net id="1717"><net_src comp="412" pin="3"/><net_sink comp="1714" pin=0"/></net>

<net id="1718"><net_src comp="1714" pin="1"/><net_sink comp="352" pin=0"/></net>

<net id="1722"><net_src comp="420" pin="3"/><net_sink comp="1719" pin=0"/></net>

<net id="1723"><net_src comp="1719" pin="1"/><net_sink comp="358" pin=0"/></net>

<net id="1727"><net_src comp="316" pin="3"/><net_sink comp="1724" pin=0"/></net>

<net id="1728"><net_src comp="1724" pin="1"/><net_sink comp="436" pin=1"/></net>

<net id="1729"><net_src comp="1724" pin="1"/><net_sink comp="461" pin=9"/></net>

<net id="1733"><net_src comp="322" pin="3"/><net_sink comp="1730" pin=0"/></net>

<net id="1734"><net_src comp="1730" pin="1"/><net_sink comp="436" pin=2"/></net>

<net id="1735"><net_src comp="1730" pin="1"/><net_sink comp="461" pin=10"/></net>

<net id="1739"><net_src comp="328" pin="3"/><net_sink comp="1736" pin=0"/></net>

<net id="1740"><net_src comp="1736" pin="1"/><net_sink comp="436" pin=3"/></net>

<net id="1741"><net_src comp="1736" pin="1"/><net_sink comp="461" pin=11"/></net>

<net id="1745"><net_src comp="334" pin="3"/><net_sink comp="1742" pin=0"/></net>

<net id="1746"><net_src comp="1742" pin="1"/><net_sink comp="436" pin=4"/></net>

<net id="1747"><net_src comp="1742" pin="1"/><net_sink comp="461" pin=12"/></net>

<net id="1751"><net_src comp="340" pin="3"/><net_sink comp="1748" pin=0"/></net>

<net id="1752"><net_src comp="1748" pin="1"/><net_sink comp="436" pin=5"/></net>

<net id="1753"><net_src comp="1748" pin="1"/><net_sink comp="461" pin=13"/></net>

<net id="1757"><net_src comp="346" pin="3"/><net_sink comp="1754" pin=0"/></net>

<net id="1758"><net_src comp="1754" pin="1"/><net_sink comp="436" pin=6"/></net>

<net id="1759"><net_src comp="1754" pin="1"/><net_sink comp="461" pin=14"/></net>

<net id="1763"><net_src comp="352" pin="3"/><net_sink comp="1760" pin=0"/></net>

<net id="1764"><net_src comp="1760" pin="1"/><net_sink comp="436" pin=7"/></net>

<net id="1765"><net_src comp="1760" pin="1"/><net_sink comp="461" pin=15"/></net>

<net id="1769"><net_src comp="358" pin="3"/><net_sink comp="1766" pin=0"/></net>

<net id="1770"><net_src comp="1766" pin="1"/><net_sink comp="436" pin=8"/></net>

<net id="1771"><net_src comp="1766" pin="1"/><net_sink comp="461" pin=16"/></net>

<net id="1775"><net_src comp="690" pin="1"/><net_sink comp="1772" pin=0"/></net>

<net id="1776"><net_src comp="1772" pin="1"/><net_sink comp="503" pin=17"/></net>

<net id="1777"><net_src comp="1772" pin="1"/><net_sink comp="541" pin=1"/></net>

<net id="1781"><net_src comp="694" pin="1"/><net_sink comp="1778" pin=0"/></net>

<net id="1782"><net_src comp="1778" pin="1"/><net_sink comp="503" pin=18"/></net>

<net id="1783"><net_src comp="1778" pin="1"/><net_sink comp="541" pin=2"/></net>

<net id="1787"><net_src comp="698" pin="1"/><net_sink comp="1784" pin=0"/></net>

<net id="1788"><net_src comp="1784" pin="1"/><net_sink comp="503" pin=19"/></net>

<net id="1789"><net_src comp="1784" pin="1"/><net_sink comp="541" pin=3"/></net>

<net id="1793"><net_src comp="702" pin="1"/><net_sink comp="1790" pin=0"/></net>

<net id="1794"><net_src comp="1790" pin="1"/><net_sink comp="503" pin=20"/></net>

<net id="1795"><net_src comp="1790" pin="1"/><net_sink comp="541" pin=4"/></net>

<net id="1799"><net_src comp="706" pin="1"/><net_sink comp="1796" pin=0"/></net>

<net id="1800"><net_src comp="1796" pin="1"/><net_sink comp="503" pin=21"/></net>

<net id="1801"><net_src comp="1796" pin="1"/><net_sink comp="541" pin=5"/></net>

<net id="1805"><net_src comp="710" pin="1"/><net_sink comp="1802" pin=0"/></net>

<net id="1806"><net_src comp="1802" pin="1"/><net_sink comp="503" pin=22"/></net>

<net id="1807"><net_src comp="1802" pin="1"/><net_sink comp="541" pin=6"/></net>

<net id="1811"><net_src comp="714" pin="1"/><net_sink comp="1808" pin=0"/></net>

<net id="1812"><net_src comp="1808" pin="1"/><net_sink comp="503" pin=23"/></net>

<net id="1813"><net_src comp="1808" pin="1"/><net_sink comp="541" pin=7"/></net>

<net id="1817"><net_src comp="718" pin="1"/><net_sink comp="1814" pin=0"/></net>

<net id="1818"><net_src comp="1814" pin="1"/><net_sink comp="503" pin=24"/></net>

<net id="1819"><net_src comp="1814" pin="1"/><net_sink comp="541" pin=8"/></net>

<net id="1823"><net_src comp="722" pin="1"/><net_sink comp="1820" pin=0"/></net>

<net id="1824"><net_src comp="1820" pin="1"/><net_sink comp="503" pin=25"/></net>

<net id="1825"><net_src comp="1820" pin="1"/><net_sink comp="541" pin=9"/></net>

<net id="1829"><net_src comp="726" pin="1"/><net_sink comp="1826" pin=0"/></net>

<net id="1830"><net_src comp="1826" pin="1"/><net_sink comp="503" pin=26"/></net>

<net id="1831"><net_src comp="1826" pin="1"/><net_sink comp="541" pin=10"/></net>

<net id="1835"><net_src comp="730" pin="1"/><net_sink comp="1832" pin=0"/></net>

<net id="1836"><net_src comp="1832" pin="1"/><net_sink comp="503" pin=27"/></net>

<net id="1837"><net_src comp="1832" pin="1"/><net_sink comp="541" pin=11"/></net>

<net id="1841"><net_src comp="734" pin="1"/><net_sink comp="1838" pin=0"/></net>

<net id="1842"><net_src comp="1838" pin="1"/><net_sink comp="503" pin=28"/></net>

<net id="1843"><net_src comp="1838" pin="1"/><net_sink comp="541" pin=12"/></net>

<net id="1847"><net_src comp="738" pin="1"/><net_sink comp="1844" pin=0"/></net>

<net id="1848"><net_src comp="1844" pin="1"/><net_sink comp="503" pin=29"/></net>

<net id="1849"><net_src comp="1844" pin="1"/><net_sink comp="541" pin=13"/></net>

<net id="1853"><net_src comp="742" pin="1"/><net_sink comp="1850" pin=0"/></net>

<net id="1854"><net_src comp="1850" pin="1"/><net_sink comp="503" pin=30"/></net>

<net id="1855"><net_src comp="1850" pin="1"/><net_sink comp="541" pin=14"/></net>

<net id="1859"><net_src comp="746" pin="1"/><net_sink comp="1856" pin=0"/></net>

<net id="1860"><net_src comp="1856" pin="1"/><net_sink comp="503" pin=31"/></net>

<net id="1861"><net_src comp="1856" pin="1"/><net_sink comp="541" pin=15"/></net>

<net id="1865"><net_src comp="750" pin="1"/><net_sink comp="1862" pin=0"/></net>

<net id="1866"><net_src comp="1862" pin="1"/><net_sink comp="503" pin=32"/></net>

<net id="1867"><net_src comp="1862" pin="1"/><net_sink comp="541" pin=16"/></net>

</net_list>

</model> 
---------------- Datapath Model END ------------------

* FSMD analyzer results:
  - Output states:
	Port: c | {28 29 30 31 }
	Port: p503_1 | {}
	Port: p503p1_1 | {}
 - Input state : 
	Port: fp2mul503_mont.2015 : a_0 | {1 2 11 12 }
	Port: fp2mul503_mont.2015 : a_1 | {1 2 11 12 }
	Port: fp2mul503_mont.2015 : a_2 | {1 2 11 12 }
	Port: fp2mul503_mont.2015 : a_3 | {1 2 11 12 }
	Port: fp2mul503_mont.2015 : a_4 | {1 2 11 12 }
	Port: fp2mul503_mont.2015 : a_5 | {1 2 11 12 }
	Port: fp2mul503_mont.2015 : a_6 | {1 2 11 12 }
	Port: fp2mul503_mont.2015 : a_7 | {1 2 11 12 }
	Port: fp2mul503_mont.2015 : b | {2 3 4 5 6 12 13 14 15 16 22 23 }
	Port: fp2mul503_mont.2015 : c | {28 29 30 31 }
	Port: fp2mul503_mont.2015 : p503_1 | {26 27 }
	Port: fp2mul503_mont.2015 : p503p1_1 | {28 29 30 31 }
  - Chain level:
	State 1
		a_0_load : 1
		a_1_load : 1
		a_2_load : 1
		a_3_load : 1
		a_4_load : 1
		a_5_load : 1
		a_6_load : 1
		a_7_load : 1
	State 2
		tmp_378 : 1
	State 3
	State 4
	State 5
	State 6
	State 7
	State 8
	State 9
	State 10
	State 11
		tt1 : 1
		tt1_615 : 1
		tt1_616 : 1
		tt1_617 : 1
		tt1_618 : 1
		tt1_619 : 1
		tt1_620 : 1
		tt1_621 : 1
		tt1_622 : 1
		tt1_623 : 1
		tt1_624 : 1
		tt1_625 : 1
		tt1_626 : 1
		tt1_627 : 1
		tt1_628 : 1
		tt1_629 : 1
		a_0_load_3 : 1
		a_1_load_3 : 1
		a_2_load_3 : 1
		a_3_load_3 : 1
		a_4_load_3 : 1
		a_5_load_3 : 1
		a_6_load_3 : 1
		a_7_load_3 : 1
	State 12
		tmp_379 : 1
	State 13
	State 14
	State 15
	State 16
	State 17
	State 18
	State 19
	State 20
	State 21
		tt2_610 : 1
		store_ln175 : 2
		tt2_611 : 1
		store_ln175 : 2
		tt2_612 : 1
		store_ln175 : 2
		tt2_613 : 1
		store_ln175 : 2
		tt2_614 : 1
		store_ln175 : 2
		tt2_615 : 1
		store_ln175 : 2
		tt2_616 : 1
		store_ln175 : 2
		tt2_617 : 1
		store_ln175 : 2
		tt2_618 : 1
		store_ln175 : 2
		tt2_619 : 1
		store_ln175 : 2
		tt2_620 : 1
		store_ln175 : 2
		tt2_621 : 1
		store_ln175 : 2
		tt2_622 : 1
		store_ln175 : 2
		tt2_623 : 1
		store_ln175 : 2
		tt2_624 : 1
		store_ln175 : 2
		tt2_625 : 1
		store_ln175 : 2
	State 22
	State 23
	State 24
		call_ret : 1
	State 25
	State 26
		call_ln0 : 1
	State 27
		tt2_626 : 1
		store_ln185 : 2
		tt2_627 : 1
		store_ln185 : 2
		tt2_628 : 1
		store_ln185 : 2
		tt2_629 : 1
		store_ln185 : 2
		tt2_630 : 1
		store_ln185 : 2
		tt2_631 : 1
		store_ln185 : 2
		tt2_632 : 1
		store_ln185 : 2
		tt2_633 : 1
		store_ln185 : 2
		tt2_634 : 1
		store_ln185 : 2
		tt2_635 : 1
		store_ln185 : 2
		tt2_636 : 1
		store_ln185 : 2
		tt2_637 : 1
		store_ln185 : 2
		tt2_638 : 1
		store_ln185 : 2
		tt2_639 : 1
		store_ln185 : 2
		tt2_640 : 1
		store_ln185 : 2
		tt2_641 : 1
		store_ln185 : 2
	State 28
		call_ln0 : 1
	State 29
	State 30
		call_ln187 : 1
	State 31


============================================================
+ Verbose Summary: Datapath Resource usage 
============================================================

* Functional unit list:
|----------|-------------------------------------------------------------|---------|---------|---------|---------|
| Operation|                       Functional Unit                       |   DSP   |  Delay  |    FF   |   LUT   |
|----------|-------------------------------------------------------------|---------|---------|---------|---------|
|          |                    grp_mp_mul_5362_fu_436                   |   262   | 8.33143 |   7819  |  13243  |
|          |   grp_fp2mul503_mont_2015_Pipeline_VITIS_LOOP_370_1_fu_461  |    0    |    0    |   518   |   638   |
|          | grp_fp2mul503_mont_2015_Pipeline_VITIS_LOOP_370_1161_fu_489 |    0    |  0.774  |   530   |   570   |
|          |   grp_fp2mul503_mont_2015_Pipeline_VITIS_LOOP_152_1_fu_503  |    0    |    0    |    7    |   693   |
|   call   | grp_fp2mul503_mont_2015_Pipeline_VITIS_LOOP_370_1162_fu_541 |    0    |    0    |   2055  |   682   |
|          |                     grp_mp_mul_1_fu_593                     |   312   |  5.418  |   5733  |  13396  |
|          |   grp_fp2mul503_mont_2015_Pipeline_VITIS_LOOP_179_1_fu_613  |    0    |  0.774  |    78   |   697   |
|          |                  grp_rdc_mont_172334_fu_621                 |    32   | 5.61514 |   1616  |   4587  |
|          | grp_fp2mul503_mont_2015_Pipeline_VITIS_LOOP_152_1163_fu_630 |    0    |    0    |    7    |   693   |
|          |                    grp_rdc_mont_3_fu_666                    |    32   | 5.09671 |   2687  |   4638  |
|----------|-------------------------------------------------------------|---------|---------|---------|---------|
|          |                          grp_fu_690                         |    0    |    0    |    0    |    0    |
|          |                          grp_fu_694                         |    0    |    0    |    0    |    0    |
|          |                          grp_fu_698                         |    0    |    0    |    0    |    0    |
|          |                          grp_fu_702                         |    0    |    0    |    0    |    0    |
|          |                          grp_fu_706                         |    0    |    0    |    0    |    0    |
|          |                          grp_fu_710                         |    0    |    0    |    0    |    0    |
|          |                          grp_fu_714                         |    0    |    0    |    0    |    0    |
|          |                          grp_fu_718                         |    0    |    0    |    0    |    0    |
|          |                          grp_fu_722                         |    0    |    0    |    0    |    0    |
|          |                          grp_fu_726                         |    0    |    0    |    0    |    0    |
|          |                          grp_fu_730                         |    0    |    0    |    0    |    0    |
|          |                          grp_fu_734                         |    0    |    0    |    0    |    0    |
|          |                          grp_fu_738                         |    0    |    0    |    0    |    0    |
|          |                          grp_fu_742                         |    0    |    0    |    0    |    0    |
|          |                          grp_fu_746                         |    0    |    0    |    0    |    0    |
|extractvalue|                          grp_fu_750                         |    0    |    0    |    0    |    0    |
|          |                        tt2_626_fu_902                       |    0    |    0    |    0    |    0    |
|          |                        tt2_627_fu_911                       |    0    |    0    |    0    |    0    |
|          |                        tt2_628_fu_920                       |    0    |    0    |    0    |    0    |
|          |                        tt2_629_fu_929                       |    0    |    0    |    0    |    0    |
|          |                        tt2_630_fu_938                       |    0    |    0    |    0    |    0    |
|          |                        tt2_631_fu_947                       |    0    |    0    |    0    |    0    |
|          |                        tt2_632_fu_956                       |    0    |    0    |    0    |    0    |
|          |                        tt2_633_fu_965                       |    0    |    0    |    0    |    0    |
|          |                        tt2_634_fu_974                       |    0    |    0    |    0    |    0    |
|          |                        tt2_635_fu_983                       |    0    |    0    |    0    |    0    |
|          |                        tt2_636_fu_992                       |    0    |    0    |    0    |    0    |
|          |                       tt2_637_fu_1001                       |    0    |    0    |    0    |    0    |
|          |                       tt2_638_fu_1010                       |    0    |    0    |    0    |    0    |
|          |                       tt2_639_fu_1019                       |    0    |    0    |    0    |    0    |
|          |                       tt2_640_fu_1028                       |    0    |    0    |    0    |    0    |
|          |                       tt2_641_fu_1037                       |    0    |    0    |    0    |    0    |
|----------|-------------------------------------------------------------|---------|---------|---------|---------|
|   Total  |                                                             |   638   | 26.0093 |  21050  |  39837  |
|----------|-------------------------------------------------------------|---------|---------|---------|---------|

Memories:
+----+--------+--------+--------+--------+
|    |  BRAM  |   FF   |   LUT  |  URAM  |
+----+--------+--------+--------+--------+
| tt3|    0   |   64   |   65   |    0   |
+----+--------+--------+--------+--------+
|Total|    0   |   64   |   65   |    0   |
+----+--------+--------+--------+--------+

* Register list:
+------------------------+--------+
|                        |   FF   |
+------------------------+--------+
|   a_0_addr_3_reg_1684  |    1   |
|    a_0_addr_reg_1500   |    1   |
|   a_0_load_3_reg_1724  |   64   |
|    a_0_load_reg_1540   |   64   |
|   a_1_addr_3_reg_1689  |    1   |
|    a_1_addr_reg_1505   |    1   |
|   a_1_load_3_reg_1730  |   64   |
|    a_1_load_reg_1546   |   64   |
|   a_2_addr_3_reg_1694  |    1   |
|    a_2_addr_reg_1510   |    1   |
|   a_2_load_3_reg_1736  |   64   |
|    a_2_load_reg_1552   |   64   |
|   a_3_addr_3_reg_1699  |    1   |
|    a_3_addr_reg_1515   |    1   |
|   a_3_load_3_reg_1742  |   64   |
|    a_3_load_reg_1558   |   64   |
|   a_4_addr_3_reg_1704  |    1   |
|    a_4_addr_reg_1520   |    1   |
|   a_4_load_3_reg_1748  |   64   |
|    a_4_load_reg_1564   |   64   |
|   a_5_addr_3_reg_1709  |    1   |
|    a_5_addr_reg_1525   |    1   |
|   a_5_load_3_reg_1754  |   64   |
|    a_5_load_reg_1570   |   64   |
|   a_6_addr_3_reg_1714  |    1   |
|    a_6_addr_reg_1530   |    1   |
|   a_6_load_3_reg_1760  |   64   |
|    a_6_load_reg_1576   |   64   |
|   a_7_addr_3_reg_1719  |    1   |
|    a_7_addr_reg_1535   |    1   |
|   a_7_load_3_reg_1766  |   64   |
|    a_7_load_reg_1582   |   64   |
|   borrow_loc_reg_1270  |    1   |
|   t1_190_loc_reg_1360  |   64   |
|   t1_191_loc_reg_1354  |   64   |
|   t1_192_loc_reg_1348  |   64   |
|   t1_193_loc_reg_1342  |   64   |
|   t1_194_loc_reg_1336  |   64   |
|   t1_195_loc_reg_1330  |   64   |
|   t1_196_loc_reg_1324  |   64   |
|     t1_loc_reg_1366    |   64   |
|   t2_207_loc_reg_1312  |   64   |
|   t2_208_loc_reg_1306  |   64   |
|   t2_209_loc_reg_1300  |   64   |
|   t2_210_loc_reg_1294  |   64   |
|   t2_211_loc_reg_1288  |   64   |
|   t2_212_loc_reg_1282  |   64   |
|   t2_213_loc_reg_1276  |   64   |
|     t2_loc_reg_1318    |   64   |
|tt1_10_load_loc_reg_1204|   64   |
|tt1_11_load_loc_reg_1198|   64   |
|tt1_12_load_loc_reg_1192|   64   |
|tt1_13_load_loc_reg_1186|   64   |
|tt1_14_load_loc_reg_1180|   64   |
|tt1_15_load_loc_reg_1174|   64   |
| tt1_1_load_loc_reg_1258|   64   |
| tt1_2_load_loc_reg_1252|   64   |
| tt1_3_load_loc_reg_1246|   64   |
| tt1_4_load_loc_reg_1240|   64   |
| tt1_5_load_loc_reg_1234|   64   |
|    tt1_615_reg_1594    |   64   |
|    tt1_616_reg_1600    |   64   |
|    tt1_617_reg_1606    |   64   |
|    tt1_618_reg_1612    |   64   |
|    tt1_619_reg_1618    |   64   |
|    tt1_620_reg_1624    |   64   |
|    tt1_621_reg_1630    |   64   |
|    tt1_622_reg_1636    |   64   |
|    tt1_623_reg_1642    |   64   |
|    tt1_624_reg_1648    |   64   |
|    tt1_625_reg_1654    |   64   |
|    tt1_626_reg_1660    |   64   |
|    tt1_627_reg_1666    |   64   |
|    tt1_628_reg_1672    |   64   |
|    tt1_629_reg_1678    |   64   |
| tt1_6_load_loc_reg_1228|   64   |
| tt1_7_load_loc_reg_1222|   64   |
| tt1_8_load_loc_reg_1216|   64   |
| tt1_9_load_loc_reg_1210|   64   |
|  tt1_load_loc_reg_1264 |   64   |
|      tt1_reg_1588      |   64   |
|     tt2_10_reg_1452    |   64   |
|     tt2_11_reg_1460    |   64   |
|     tt2_12_reg_1468    |   64   |
|     tt2_13_reg_1476    |   64   |
|     tt2_14_reg_1484    |   64   |
|     tt2_15_reg_1492    |   64   |
|     tt2_1_reg_1380     |   64   |
|     tt2_2_reg_1388     |   64   |
|     tt2_3_reg_1396     |   64   |
|     tt2_4_reg_1404     |   64   |
|     tt2_5_reg_1412     |   64   |
|    tt2_610_reg_1772    |   64   |
|    tt2_611_reg_1778    |   64   |
|    tt2_612_reg_1784    |   64   |
|    tt2_613_reg_1790    |   64   |
|    tt2_614_reg_1796    |   64   |
|    tt2_615_reg_1802    |   64   |
|    tt2_616_reg_1808    |   64   |
|    tt2_617_reg_1814    |   64   |
|    tt2_618_reg_1820    |   64   |
|    tt2_619_reg_1826    |   64   |
|    tt2_620_reg_1832    |   64   |
|    tt2_621_reg_1838    |   64   |
|    tt2_622_reg_1844    |   64   |
|    tt2_623_reg_1850    |   64   |
|    tt2_624_reg_1856    |   64   |
|    tt2_625_reg_1862    |   64   |
|     tt2_6_reg_1420     |   64   |
|     tt2_7_reg_1428     |   64   |
|     tt2_8_reg_1436     |   64   |
|     tt2_9_reg_1444     |   64   |
|      tt2_reg_1372      |   64   |
+------------------------+--------+
|          Total         |  6161  |
+------------------------+--------+

* Multiplexer (MUX) list: 
|------------------------|------|------|------|--------||---------||---------||---------|
|          Comp          |  Pin | Size |  BW  | S x BW ||  Delay  ||    FF   ||   LUT   |
|------------------------|------|------|------|--------||---------||---------||---------|
|    grp_access_fu_316   |  p0  |   4  |   1  |    4   ||    0    ||    20   |
|    grp_access_fu_322   |  p0  |   4  |   1  |    4   ||    0    ||    20   |
|    grp_access_fu_328   |  p0  |   4  |   1  |    4   ||    0    ||    20   |
|    grp_access_fu_334   |  p0  |   4  |   1  |    4   ||    0    ||    20   |
|    grp_access_fu_340   |  p0  |   4  |   1  |    4   ||    0    ||    20   |
|    grp_access_fu_346   |  p0  |   4  |   1  |    4   ||    0    ||    20   |
|    grp_access_fu_352   |  p0  |   4  |   1  |    4   ||    0    ||    20   |
|    grp_access_fu_358   |  p0  |   4  |   1  |    4   ||    0    ||    20   |
| grp_mp_mul_5362_fu_436 |  p1  |   3  |  64  |   192  ||    0    ||    14   |
| grp_mp_mul_5362_fu_436 |  p2  |   3  |  64  |   192  ||    0    ||    14   |
| grp_mp_mul_5362_fu_436 |  p3  |   3  |  64  |   192  ||    0    ||    14   |
| grp_mp_mul_5362_fu_436 |  p4  |   3  |  64  |   192  ||    0    ||    14   |
| grp_mp_mul_5362_fu_436 |  p5  |   3  |  64  |   192  ||    0    ||    14   |
| grp_mp_mul_5362_fu_436 |  p6  |   3  |  64  |   192  ||    0    ||    14   |
| grp_mp_mul_5362_fu_436 |  p7  |   3  |  64  |   192  ||    0    ||    14   |
| grp_mp_mul_5362_fu_436 |  p8  |   3  |  64  |   192  ||    0    ||    14   |
| grp_mp_mul_5362_fu_436 |  p10 |   2  |   1  |    2   |
|------------------------|------|------|------|--------||---------||---------||---------|
|          Total         |      |      |      |  1570  || 7.36757 ||    0    ||   272   |
|------------------------|------|------|------|--------||---------||---------||---------|



* Summary:
+-----------+--------+--------+--------+--------+--------+--------+
|           |  BRAM  |   DSP  |  Delay |   FF   |   LUT  |  URAM  |
+-----------+--------+--------+--------+--------+--------+--------+
|  Function |    -   |   638  |   26   |  21050 |  39837 |    -   |
|   Memory  |    0   |    -   |    -   |   64   |   65   |    0   |
|Multiplexer|    -   |    -   |    7   |    0   |   272  |    -   |
|  Register |    -   |    -   |    -   |  6161  |    -   |    -   |
+-----------+--------+--------+--------+--------+--------+--------+
|   Total   |    0   |   638  |   33   |  27275 |  40174 |    0   |
+-----------+--------+--------+--------+--------+--------+--------+
