

================================================================
== Vitis HLS Report for 'fp2sqr503_mont_3_1'
================================================================
* Date:           Fri Sep 12 16:10:50 2025

* Version:        2024.2.2 (Build 6049644 on Mar  5 2025)
* Project:        sikep503_hls
* Solution:       solution1 (Vivado IP Flow Target)
* Product family: virtexuplus58g
* Target device:  xcvu29p-fsga2577-2L-e


================================================================
== Performance Estimates
================================================================
+ Timing: 
    * Summary: 
    +--------+----------+----------+------------+
    |  Clock |  Target  | Estimated| Uncertainty|
    +--------+----------+----------+------------+
    |ap_clk  |  10.00 ns|  6.710 ns|     2.70 ns|
    +--------+----------+----------+------------+

+ Latency: 
    * Summary: 
    +---------+---------+----------+----------+-----+-----+---------+
    |  Latency (cycles) |  Latency (absolute) |  Interval | Pipeline|
    |   min   |   max   |    min   |    max   | min | max |   Type  |
    +---------+---------+----------+----------+-----+-----+---------+
    |      345|      573|  3.450 us|  5.730 us|  345|  573|       no|
    +---------+---------+----------+----------+-----+-----+---------+

    + Detail: 
        * Instance: 
        +-----------------------------------------------------------+------------------------------------------------+---------+---------+----------+----------+-----+-----+------------------------------------------------+
        |                                                           |                                                |  Latency (cycles) |  Latency (absolute) |  Interval |                    Pipeline                    |
        |                          Instance                         |                     Module                     |   min   |   max   |    min   |    max   | min | max |                      Type                      |
        +-----------------------------------------------------------+------------------------------------------------+---------+---------+----------+----------+-----+-----+------------------------------------------------+
        |grp_fp2sqr503_mont_3_1_Pipeline_VITIS_LOOP_376_1_fu_330    |fp2sqr503_mont_3_1_Pipeline_VITIS_LOOP_376_1    |       10|       10|  0.100 us|  0.100 us|    9|    9|  loop auto-rewind stp (delay=0 clock cycles(s))|
        |grp_fp2sqr503_mont_3_1_Pipeline_VITIS_LOOP_61_1_fu_366     |fp2sqr503_mont_3_1_Pipeline_VITIS_LOOP_61_1     |       10|       10|  0.100 us|  0.100 us|    9|    9|  loop auto-rewind stp (delay=0 clock cycles(s))|
        |grp_fp2sqr503_mont_3_1_Pipeline_VITIS_LOOP_376_148_fu_403  |fp2sqr503_mont_3_1_Pipeline_VITIS_LOOP_376_148  |       10|       10|  0.100 us|  0.100 us|    9|    9|  loop auto-rewind stp (delay=0 clock cycles(s))|
        |grp_fp2sqr503_mont_3_1_Pipeline_VITIS_LOOP_68_2_fu_423     |fp2sqr503_mont_3_1_Pipeline_VITIS_LOOP_68_2     |       10|       10|  0.100 us|  0.100 us|    9|    9|  loop auto-rewind stp (delay=0 clock cycles(s))|
        |grp_fpmul503_mont_8_fu_438                                 |fpmul503_mont_8                                 |      157|      271|  1.570 us|  2.710 us|  157|  271|                                              no|
        +-----------------------------------------------------------+------------------------------------------------+---------+---------+----------+----------+-----+-----+------------------------------------------------+

        * Loop: 
        N/A



================================================================
== Utilization Estimates
================================================================
* Summary: 
+---------------------+---------+-------+---------+---------+------+
|         Name        | BRAM_18K|  DSP  |    FF   |   LUT   | URAM |
+---------------------+---------+-------+---------+---------+------+
|DSP                  |        -|      -|        -|        -|     -|
|Expression           |        -|      -|        0|        2|     -|
|FIFO                 |        -|      -|        -|        -|     -|
|Instance             |        0|    916|     6168|     8276|     -|
|Memory               |        -|      -|        -|        -|     -|
|Multiplexer          |        -|      -|        0|      849|     -|
|Register             |        -|      -|     2578|        -|     -|
+---------------------+---------+-------+---------+---------+------+
|Total                |        0|    916|     8746|     9127|     0|
+---------------------+---------+-------+---------+---------+------+
|Available SLR        |     1344|   3072|   864000|   432000|   320|
+---------------------+---------+-------+---------+---------+------+
|Utilization SLR (%)  |        0|     29|        1|        2|     0|
+---------------------+---------+-------+---------+---------+------+
|Available            |     5376|  12288|  3456000|  1728000|  1280|
+---------------------+---------+-------+---------+---------+------+
|Utilization (%)      |        0|      7|       ~0|       ~0|     0|
+---------------------+---------+-------+---------+---------+------+

+ Detail: 
    * Instance: 
    +-----------------------------------------------------------+------------------------------------------------+---------+-----+------+------+-----+
    |                          Instance                         |                     Module                     | BRAM_18K| DSP |  FF  |  LUT | URAM|
    +-----------------------------------------------------------+------------------------------------------------+---------+-----+------+------+-----+
    |grp_fp2sqr503_mont_3_1_Pipeline_VITIS_LOOP_376_1_fu_330    |fp2sqr503_mont_3_1_Pipeline_VITIS_LOOP_376_1    |        0|    0|     7|   674|    0|
    |grp_fp2sqr503_mont_3_1_Pipeline_VITIS_LOOP_376_148_fu_403  |fp2sqr503_mont_3_1_Pipeline_VITIS_LOOP_376_148  |        0|    0|     7|   631|    0|
    |grp_fp2sqr503_mont_3_1_Pipeline_VITIS_LOOP_61_1_fu_366     |fp2sqr503_mont_3_1_Pipeline_VITIS_LOOP_61_1     |        0|    0|     7|   685|    0|
    |grp_fp2sqr503_mont_3_1_Pipeline_VITIS_LOOP_68_2_fu_423     |fp2sqr503_mont_3_1_Pipeline_VITIS_LOOP_68_2     |        0|    0|   140|   847|    0|
    |grp_fpmul503_mont_8_fu_438                                 |fpmul503_mont_8                                 |        0|  916|  6007|  5439|    0|
    +-----------------------------------------------------------+------------------------------------------------+---------+-----+------+------+-----+
    |Total                                                      |                                                |        0|  916|  6168|  8276|    0|
    +-----------------------------------------------------------+------------------------------------------------+---------+-----+------+------+-----+

    * DSP: 
    N/A

    * Memory: 
    N/A

    * FIFO: 
    N/A

    * Expression: 
    +---------------------------------+----------+----+---+----+------------+------------+
    |          Variable Name          | Operation| DSP| FF| LUT| Bitwidth P0| Bitwidth P1|
    +---------------------------------+----------+----+---+----+------------+------------+
    |ap_block_state4_on_subcall_done  |        or|   0|  0|   2|           1|           1|
    +---------------------------------+----------+----+---+----+------------+------------+
    |Total                            |          |   0|  0|   2|           1|           1|
    +---------------------------------+----------+----+---+----+------------+------------+

    * Multiplexer: 
    +----------------------------------------+----+-----------+-----+-----------+
    |                  Name                  | LUT| Input Size| Bits| Total Bits|
    +----------------------------------------+----+-----------+-----+-----------+
    |ap_NS_fsm                               |  65|         13|    1|         13|
    |c_0_address0                            |   9|          2|    1|          2|
    |c_0_address0_local                      |  20|          4|    1|          4|
    |c_0_ce0                                 |   9|          2|    1|          2|
    |c_0_we0                                 |   9|          2|    1|          2|
    |c_1_address0                            |   9|          2|    1|          2|
    |c_1_address0_local                      |  20|          4|    1|          4|
    |c_1_ce0                                 |   9|          2|    1|          2|
    |c_1_we0                                 |   9|          2|    1|          2|
    |c_2_address0                            |   9|          2|    1|          2|
    |c_2_address0_local                      |  20|          4|    1|          4|
    |c_2_ce0                                 |   9|          2|    1|          2|
    |c_2_we0                                 |   9|          2|    1|          2|
    |c_3_address0                            |   9|          2|    1|          2|
    |c_3_address0_local                      |  20|          4|    1|          4|
    |c_3_ce0                                 |   9|          2|    1|          2|
    |c_3_we0                                 |   9|          2|    1|          2|
    |c_4_address0                            |   9|          2|    1|          2|
    |c_4_address0_local                      |  20|          4|    1|          4|
    |c_4_ce0                                 |   9|          2|    1|          2|
    |c_4_we0                                 |   9|          2|    1|          2|
    |c_5_address0                            |   9|          2|    1|          2|
    |c_5_address0_local                      |  20|          4|    1|          4|
    |c_5_ce0                                 |   9|          2|    1|          2|
    |c_5_we0                                 |   9|          2|    1|          2|
    |c_6_address0                            |   9|          2|    1|          2|
    |c_6_address0_local                      |  20|          4|    1|          4|
    |c_6_ce0                                 |   9|          2|    1|          2|
    |c_6_we0                                 |   9|          2|    1|          2|
    |c_7_address0                            |   9|          2|    1|          2|
    |c_7_address0_local                      |  20|          4|    1|          4|
    |c_7_ce0                                 |   9|          2|    1|          2|
    |c_7_we0                                 |   9|          2|    1|          2|
    |grp_fpmul503_mont_8_fu_438_ma_0         |  14|          3|   64|        192|
    |grp_fpmul503_mont_8_fu_438_ma_1         |  14|          3|   64|        192|
    |grp_fpmul503_mont_8_fu_438_ma_2         |  14|          3|   64|        192|
    |grp_fpmul503_mont_8_fu_438_ma_3         |  14|          3|   64|        192|
    |grp_fpmul503_mont_8_fu_438_ma_4         |  14|          3|   64|        192|
    |grp_fpmul503_mont_8_fu_438_ma_5         |  14|          3|   64|        192|
    |grp_fpmul503_mont_8_fu_438_ma_6         |  14|          3|   64|        192|
    |grp_fpmul503_mont_8_fu_438_ma_7         |  14|          3|   64|        192|
    |grp_fpmul503_mont_8_fu_438_mb_0_val1    |  14|          3|   64|        192|
    |grp_fpmul503_mont_8_fu_438_mb_1_val2    |  14|          3|   64|        192|
    |grp_fpmul503_mont_8_fu_438_mb_2_val3    |  14|          3|   64|        192|
    |grp_fpmul503_mont_8_fu_438_mb_3_val4    |  14|          3|   64|        192|
    |grp_fpmul503_mont_8_fu_438_mb_4_val5    |  14|          3|   64|        192|
    |grp_fpmul503_mont_8_fu_438_mb_5_val6    |  14|          3|   64|        192|
    |grp_fpmul503_mont_8_fu_438_mb_6_val7    |  14|          3|   64|        192|
    |grp_fpmul503_mont_8_fu_438_mb_7_val8    |  14|          3|   64|        192|
    |grp_fpmul503_mont_8_fu_438_mc_0_offset  |  14|          3|    1|          3|
    |grp_fpmul503_mont_8_fu_438_mc_1_offset  |  14|          3|    1|          3|
    |grp_fpmul503_mont_8_fu_438_mc_2_offset  |  14|          3|    1|          3|
    |grp_fpmul503_mont_8_fu_438_mc_3_offset  |  14|          3|    1|          3|
    |grp_fpmul503_mont_8_fu_438_mc_4_offset  |  14|          3|    1|          3|
    |grp_fpmul503_mont_8_fu_438_mc_5_offset  |  14|          3|    1|          3|
    |grp_fpmul503_mont_8_fu_438_mc_6_offset  |  14|          3|    1|          3|
    |grp_fpmul503_mont_8_fu_438_mc_7_offset  |  14|          3|    1|          3|
    |t2_1_fu_86                              |   9|          2|   64|        128|
    |t2_2_fu_90                              |   9|          2|   64|        128|
    |t2_3_fu_94                              |   9|          2|   64|        128|
    |t2_4_fu_98                              |   9|          2|   64|        128|
    |t2_5_fu_102                             |   9|          2|   64|        128|
    |t2_6_fu_106                             |   9|          2|   64|        128|
    |t2_7_fu_110                             |   9|          2|   64|        128|
    |t2_fu_82                                |   9|          2|   64|        128|
    +----------------------------------------+----+-----------+-----+-----------+
    |Total                                   | 849|        181| 1577|       4213|
    +----------------------------------------+----+-----------+-----+-----------+

    * Register: 
    +------------------------------------------------------------------------+----+----+-----+-----------+
    |                                  Name                                  | FF | LUT| Bits| Const Bits|
    +------------------------------------------------------------------------+----+----+-----+-----------+
    |ap_CS_fsm                                                               |  12|   0|   12|          0|
    |borrow_loc_fu_46                                                        |   1|   0|    1|          0|
    |c_0_load_1_reg_838                                                      |  64|   0|   64|          0|
    |c_1_load_1_reg_844                                                      |  64|   0|   64|          0|
    |c_2_load_1_reg_850                                                      |  64|   0|   64|          0|
    |c_3_load_1_reg_856                                                      |  64|   0|   64|          0|
    |c_4_load_1_reg_862                                                      |  64|   0|   64|          0|
    |c_5_load_1_reg_868                                                      |  64|   0|   64|          0|
    |c_6_load_1_reg_874                                                      |  64|   0|   64|          0|
    |c_7_load_1_reg_880                                                      |  64|   0|   64|          0|
    |grp_fp2sqr503_mont_3_1_Pipeline_VITIS_LOOP_376_148_fu_403_ap_start_reg  |   1|   0|    1|          0|
    |grp_fp2sqr503_mont_3_1_Pipeline_VITIS_LOOP_376_1_fu_330_ap_start_reg    |   1|   0|    1|          0|
    |grp_fp2sqr503_mont_3_1_Pipeline_VITIS_LOOP_61_1_fu_366_ap_start_reg     |   1|   0|    1|          0|
    |grp_fp2sqr503_mont_3_1_Pipeline_VITIS_LOOP_68_2_fu_423_ap_start_reg     |   1|   0|    1|          0|
    |grp_fpmul503_mont_8_fu_438_ap_start_reg                                 |   1|   0|    1|          0|
    |reg_500                                                                 |  64|   0|   64|          0|
    |reg_508                                                                 |  64|   0|   64|          0|
    |reg_516                                                                 |  64|   0|   64|          0|
    |reg_524                                                                 |  64|   0|   64|          0|
    |reg_532                                                                 |  64|   0|   64|          0|
    |reg_540                                                                 |  64|   0|   64|          0|
    |reg_548                                                                 |  64|   0|   64|          0|
    |reg_556                                                                 |  64|   0|   64|          0|
    |t1_1_fu_54                                                              |  64|   0|   64|          0|
    |t1_2_fu_58                                                              |  64|   0|   64|          0|
    |t1_3_fu_62                                                              |  64|   0|   64|          0|
    |t1_4_fu_66                                                              |  64|   0|   64|          0|
    |t1_5_fu_70                                                              |  64|   0|   64|          0|
    |t1_6_fu_74                                                              |  64|   0|   64|          0|
    |t1_7_fu_78                                                              |  64|   0|   64|          0|
    |t1_fu_50                                                                |  64|   0|   64|          0|
    |t2_1_fu_86                                                              |  64|   0|   64|          0|
    |t2_2_fu_90                                                              |  64|   0|   64|          0|
    |t2_3_fu_94                                                              |  64|   0|   64|          0|
    |t2_4_fu_98                                                              |  64|   0|   64|          0|
    |t2_5_fu_102                                                             |  64|   0|   64|          0|
    |t2_6_fu_106                                                             |  64|   0|   64|          0|
    |t2_7_fu_110                                                             |  64|   0|   64|          0|
    |t2_fu_82                                                                |  64|   0|   64|          0|
    |t3_1_fu_118                                                             |  64|   0|   64|          0|
    |t3_2_fu_122                                                             |  64|   0|   64|          0|
    |t3_3_fu_126                                                             |  64|   0|   64|          0|
    |t3_4_fu_130                                                             |  64|   0|   64|          0|
    |t3_5_fu_134                                                             |  64|   0|   64|          0|
    |t3_6_fu_138                                                             |  64|   0|   64|          0|
    |t3_7_fu_142                                                             |  64|   0|   64|          0|
    |t3_fu_114                                                               |  64|   0|   64|          0|
    +------------------------------------------------------------------------+----+----+-----+-----------+
    |Total                                                                   |2578|   0| 2578|          0|
    +------------------------------------------------------------------------+----+----+-----+-----------+



================================================================
== Interface
================================================================
* Summary: 
+--------------+-----+-----+------------+--------------------+--------------+
|   RTL Ports  | Dir | Bits|  Protocol  |    Source Object   |    C Type    |
+--------------+-----+-----+------------+--------------------+--------------+
|ap_clk        |   in|    1|  ap_ctrl_hs|  fp2sqr503_mont.3.1|  return value|
|ap_rst        |   in|    1|  ap_ctrl_hs|  fp2sqr503_mont.3.1|  return value|
|ap_start      |   in|    1|  ap_ctrl_hs|  fp2sqr503_mont.3.1|  return value|
|ap_done       |  out|    1|  ap_ctrl_hs|  fp2sqr503_mont.3.1|  return value|
|ap_idle       |  out|    1|  ap_ctrl_hs|  fp2sqr503_mont.3.1|  return value|
|ap_ready      |  out|    1|  ap_ctrl_hs|  fp2sqr503_mont.3.1|  return value|
|c_0_address0  |  out|    1|   ap_memory|                 c_0|         array|
|c_0_ce0       |  out|    1|   ap_memory|                 c_0|         array|
|c_0_we0       |  out|    1|   ap_memory|                 c_0|         array|
|c_0_d0        |  out|   64|   ap_memory|                 c_0|         array|
|c_0_q0        |   in|   64|   ap_memory|                 c_0|         array|
|c_1_address0  |  out|    1|   ap_memory|                 c_1|         array|
|c_1_ce0       |  out|    1|   ap_memory|                 c_1|         array|
|c_1_we0       |  out|    1|   ap_memory|                 c_1|         array|
|c_1_d0        |  out|   64|   ap_memory|                 c_1|         array|
|c_1_q0        |   in|   64|   ap_memory|                 c_1|         array|
|c_2_address0  |  out|    1|   ap_memory|                 c_2|         array|
|c_2_ce0       |  out|    1|   ap_memory|                 c_2|         array|
|c_2_we0       |  out|    1|   ap_memory|                 c_2|         array|
|c_2_d0        |  out|   64|   ap_memory|                 c_2|         array|
|c_2_q0        |   in|   64|   ap_memory|                 c_2|         array|
|c_3_address0  |  out|    1|   ap_memory|                 c_3|         array|
|c_3_ce0       |  out|    1|   ap_memory|                 c_3|         array|
|c_3_we0       |  out|    1|   ap_memory|                 c_3|         array|
|c_3_d0        |  out|   64|   ap_memory|                 c_3|         array|
|c_3_q0        |   in|   64|   ap_memory|                 c_3|         array|
|c_4_address0  |  out|    1|   ap_memory|                 c_4|         array|
|c_4_ce0       |  out|    1|   ap_memory|                 c_4|         array|
|c_4_we0       |  out|    1|   ap_memory|                 c_4|         array|
|c_4_d0        |  out|   64|   ap_memory|                 c_4|         array|
|c_4_q0        |   in|   64|   ap_memory|                 c_4|         array|
|c_5_address0  |  out|    1|   ap_memory|                 c_5|         array|
|c_5_ce0       |  out|    1|   ap_memory|                 c_5|         array|
|c_5_we0       |  out|    1|   ap_memory|                 c_5|         array|
|c_5_d0        |  out|   64|   ap_memory|                 c_5|         array|
|c_5_q0        |   in|   64|   ap_memory|                 c_5|         array|
|c_6_address0  |  out|    1|   ap_memory|                 c_6|         array|
|c_6_ce0       |  out|    1|   ap_memory|                 c_6|         array|
|c_6_we0       |  out|    1|   ap_memory|                 c_6|         array|
|c_6_d0        |  out|   64|   ap_memory|                 c_6|         array|
|c_6_q0        |   in|   64|   ap_memory|                 c_6|         array|
|c_7_address0  |  out|    1|   ap_memory|                 c_7|         array|
|c_7_ce0       |  out|    1|   ap_memory|                 c_7|         array|
|c_7_we0       |  out|    1|   ap_memory|                 c_7|         array|
|c_7_d0        |  out|   64|   ap_memory|                 c_7|         array|
|c_7_q0        |   in|   64|   ap_memory|                 c_7|         array|
+--------------+-----+-----+------------+--------------------+--------------+

============================================================
+ Verbose Summary: Synthesis Manager
============================================================
InlineROM: 1
ExposeGlobal: 0
============================================================
+ Verbose Summary: CDFG Model
============================================================
IsTopModel: 0
ResetActiveHigh: 1
IsCombinational: 2
IsDatapathOnly: 2
HasWiredReturn: 1
HasMFsm: 0
HasVarLatency: 1
IsPipeline: 0
IsRtlPipelined: 0
IsInstanceOverlapped: 0
IsDontTouch: 0
HasImplIP: 0
IsGatedGlobalClock: 0


============================================================
+ Verbose Summary: Schedule
============================================================
* Number of FSM states : 12
* Pipeline : 0
* Dataflow Pipeline: 0

* FSM state transitions: 
1 --> 2 
2 --> 3 
3 --> 4 
4 --> 5 
5 --> 6 
6 --> 7 
7 --> 8 
8 --> 9 
9 --> 10 
10 --> 11 
11 --> 12 
12 --> 

* FSM state operations: 

State 1 <SV = 0> <Delay = 0.71>
ST_1 : Operation 13 [1/1] (0.00ns)   --->   "%borrow_loc = alloca i64 1"   --->   Operation 13 'alloca' 'borrow_loc' <Predicate = true> <Delay = 0.00>
ST_1 : Operation 14 [1/1] (0.00ns)   --->   "%t1 = alloca i64 1" [src/fpx.cpp:145]   --->   Operation 14 'alloca' 't1' <Predicate = true> <Delay = 0.00>
ST_1 : Operation 15 [1/1] (0.00ns)   --->   "%t1_1 = alloca i64 1" [src/fpx.cpp:145]   --->   Operation 15 'alloca' 't1_1' <Predicate = true> <Delay = 0.00>
ST_1 : Operation 16 [1/1] (0.00ns)   --->   "%t1_2 = alloca i64 1" [src/fpx.cpp:145]   --->   Operation 16 'alloca' 't1_2' <Predicate = true> <Delay = 0.00>
ST_1 : Operation 17 [1/1] (0.00ns)   --->   "%t1_3 = alloca i64 1" [src/fpx.cpp:145]   --->   Operation 17 'alloca' 't1_3' <Predicate = true> <Delay = 0.00>
ST_1 : Operation 18 [1/1] (0.00ns)   --->   "%t1_4 = alloca i64 1" [src/fpx.cpp:145]   --->   Operation 18 'alloca' 't1_4' <Predicate = true> <Delay = 0.00>
ST_1 : Operation 19 [1/1] (0.00ns)   --->   "%t1_5 = alloca i64 1" [src/fpx.cpp:145]   --->   Operation 19 'alloca' 't1_5' <Predicate = true> <Delay = 0.00>
ST_1 : Operation 20 [1/1] (0.00ns)   --->   "%t1_6 = alloca i64 1" [src/fpx.cpp:145]   --->   Operation 20 'alloca' 't1_6' <Predicate = true> <Delay = 0.00>
ST_1 : Operation 21 [1/1] (0.00ns)   --->   "%t1_7 = alloca i64 1" [src/fpx.cpp:145]   --->   Operation 21 'alloca' 't1_7' <Predicate = true> <Delay = 0.00>
ST_1 : Operation 22 [1/1] (0.00ns)   --->   "%t2 = alloca i64 1" [src/fpx.cpp:145]   --->   Operation 22 'alloca' 't2' <Predicate = true> <Delay = 0.00>
ST_1 : Operation 23 [1/1] (0.00ns)   --->   "%t2_1 = alloca i64 1" [src/fpx.cpp:145]   --->   Operation 23 'alloca' 't2_1' <Predicate = true> <Delay = 0.00>
ST_1 : Operation 24 [1/1] (0.00ns)   --->   "%t2_2 = alloca i64 1" [src/fpx.cpp:145]   --->   Operation 24 'alloca' 't2_2' <Predicate = true> <Delay = 0.00>
ST_1 : Operation 25 [1/1] (0.00ns)   --->   "%t2_3 = alloca i64 1" [src/fpx.cpp:145]   --->   Operation 25 'alloca' 't2_3' <Predicate = true> <Delay = 0.00>
ST_1 : Operation 26 [1/1] (0.00ns)   --->   "%t2_4 = alloca i64 1" [src/fpx.cpp:145]   --->   Operation 26 'alloca' 't2_4' <Predicate = true> <Delay = 0.00>
ST_1 : Operation 27 [1/1] (0.00ns)   --->   "%t2_5 = alloca i64 1" [src/fpx.cpp:145]   --->   Operation 27 'alloca' 't2_5' <Predicate = true> <Delay = 0.00>
ST_1 : Operation 28 [1/1] (0.00ns)   --->   "%t2_6 = alloca i64 1" [src/fpx.cpp:145]   --->   Operation 28 'alloca' 't2_6' <Predicate = true> <Delay = 0.00>
ST_1 : Operation 29 [1/1] (0.00ns)   --->   "%t2_7 = alloca i64 1" [src/fpx.cpp:145]   --->   Operation 29 'alloca' 't2_7' <Predicate = true> <Delay = 0.00>
ST_1 : Operation 30 [1/1] (0.00ns)   --->   "%t3 = alloca i64 1" [src/fpx.cpp:145]   --->   Operation 30 'alloca' 't3' <Predicate = true> <Delay = 0.00>
ST_1 : Operation 31 [1/1] (0.00ns)   --->   "%t3_1 = alloca i64 1" [src/fpx.cpp:145]   --->   Operation 31 'alloca' 't3_1' <Predicate = true> <Delay = 0.00>
ST_1 : Operation 32 [1/1] (0.00ns)   --->   "%t3_2 = alloca i64 1" [src/fpx.cpp:145]   --->   Operation 32 'alloca' 't3_2' <Predicate = true> <Delay = 0.00>
ST_1 : Operation 33 [1/1] (0.00ns)   --->   "%t3_3 = alloca i64 1" [src/fpx.cpp:145]   --->   Operation 33 'alloca' 't3_3' <Predicate = true> <Delay = 0.00>
ST_1 : Operation 34 [1/1] (0.00ns)   --->   "%t3_4 = alloca i64 1" [src/fpx.cpp:145]   --->   Operation 34 'alloca' 't3_4' <Predicate = true> <Delay = 0.00>
ST_1 : Operation 35 [1/1] (0.00ns)   --->   "%t3_5 = alloca i64 1" [src/fpx.cpp:145]   --->   Operation 35 'alloca' 't3_5' <Predicate = true> <Delay = 0.00>
ST_1 : Operation 36 [1/1] (0.00ns)   --->   "%t3_6 = alloca i64 1" [src/fpx.cpp:145]   --->   Operation 36 'alloca' 't3_6' <Predicate = true> <Delay = 0.00>
ST_1 : Operation 37 [1/1] (0.00ns)   --->   "%t3_7 = alloca i64 1" [src/fpx.cpp:145]   --->   Operation 37 'alloca' 't3_7' <Predicate = true> <Delay = 0.00>
ST_1 : Operation 38 [1/1] (0.00ns)   --->   "%c_0_addr = getelementptr i64 %c_0, i64 0, i64 0" [src/fpx.cpp:379->src/fpx.cpp:132->src/fpx.cpp:147]   --->   Operation 38 'getelementptr' 'c_0_addr' <Predicate = true> <Delay = 0.00>
ST_1 : Operation 39 [1/1] (0.00ns)   --->   "%c_1_addr = getelementptr i64 %c_1, i64 0, i64 0" [src/fpx.cpp:379->src/fpx.cpp:132->src/fpx.cpp:147]   --->   Operation 39 'getelementptr' 'c_1_addr' <Predicate = true> <Delay = 0.00>
ST_1 : Operation 40 [1/1] (0.00ns)   --->   "%c_2_addr = getelementptr i64 %c_2, i64 0, i64 0" [src/fpx.cpp:379->src/fpx.cpp:132->src/fpx.cpp:147]   --->   Operation 40 'getelementptr' 'c_2_addr' <Predicate = true> <Delay = 0.00>
ST_1 : Operation 41 [1/1] (0.00ns)   --->   "%c_3_addr = getelementptr i64 %c_3, i64 0, i64 0" [src/fpx.cpp:379->src/fpx.cpp:132->src/fpx.cpp:147]   --->   Operation 41 'getelementptr' 'c_3_addr' <Predicate = true> <Delay = 0.00>
ST_1 : Operation 42 [1/1] (0.00ns)   --->   "%c_4_addr = getelementptr i64 %c_4, i64 0, i64 0" [src/fpx.cpp:379->src/fpx.cpp:132->src/fpx.cpp:147]   --->   Operation 42 'getelementptr' 'c_4_addr' <Predicate = true> <Delay = 0.00>
ST_1 : Operation 43 [1/1] (0.00ns)   --->   "%c_5_addr = getelementptr i64 %c_5, i64 0, i64 0" [src/fpx.cpp:379->src/fpx.cpp:132->src/fpx.cpp:147]   --->   Operation 43 'getelementptr' 'c_5_addr' <Predicate = true> <Delay = 0.00>
ST_1 : Operation 44 [1/1] (0.00ns)   --->   "%c_6_addr = getelementptr i64 %c_6, i64 0, i64 0" [src/fpx.cpp:379->src/fpx.cpp:132->src/fpx.cpp:147]   --->   Operation 44 'getelementptr' 'c_6_addr' <Predicate = true> <Delay = 0.00>
ST_1 : Operation 45 [1/1] (0.00ns)   --->   "%c_7_addr = getelementptr i64 %c_7, i64 0, i64 0" [src/fpx.cpp:379->src/fpx.cpp:132->src/fpx.cpp:147]   --->   Operation 45 'getelementptr' 'c_7_addr' <Predicate = true> <Delay = 0.00>
ST_1 : Operation 46 [2/2] (0.71ns)   --->   "%c_0_load = load i1 %c_0_addr" [src/fpx.cpp:379->src/fpx.cpp:132->src/fpx.cpp:147]   --->   Operation 46 'load' 'c_0_load' <Predicate = true> <Delay = 0.71> <CoreInst = "RAM_1P">   --->   Core 87 'RAM_1P' <Latency = 1> <II = 1> <Delay = 0.71> <Storage> <Opcode : 'load' 'store'> <Ports = 1> <Width = 64> <Depth = 2> <RAM>
ST_1 : Operation 47 [2/2] (0.71ns)   --->   "%c_1_load = load i1 %c_1_addr" [src/fpx.cpp:379->src/fpx.cpp:132->src/fpx.cpp:147]   --->   Operation 47 'load' 'c_1_load' <Predicate = true> <Delay = 0.71> <CoreInst = "RAM_1P">   --->   Core 87 'RAM_1P' <Latency = 1> <II = 1> <Delay = 0.71> <Storage> <Opcode : 'load' 'store'> <Ports = 1> <Width = 64> <Depth = 2> <RAM>
ST_1 : Operation 48 [2/2] (0.71ns)   --->   "%c_2_load = load i1 %c_2_addr" [src/fpx.cpp:379->src/fpx.cpp:132->src/fpx.cpp:147]   --->   Operation 48 'load' 'c_2_load' <Predicate = true> <Delay = 0.71> <CoreInst = "RAM_1P">   --->   Core 87 'RAM_1P' <Latency = 1> <II = 1> <Delay = 0.71> <Storage> <Opcode : 'load' 'store'> <Ports = 1> <Width = 64> <Depth = 2> <RAM>
ST_1 : Operation 49 [2/2] (0.71ns)   --->   "%c_3_load = load i1 %c_3_addr" [src/fpx.cpp:379->src/fpx.cpp:132->src/fpx.cpp:147]   --->   Operation 49 'load' 'c_3_load' <Predicate = true> <Delay = 0.71> <CoreInst = "RAM_1P">   --->   Core 87 'RAM_1P' <Latency = 1> <II = 1> <Delay = 0.71> <Storage> <Opcode : 'load' 'store'> <Ports = 1> <Width = 64> <Depth = 2> <RAM>
ST_1 : Operation 50 [2/2] (0.71ns)   --->   "%c_4_load = load i1 %c_4_addr" [src/fpx.cpp:379->src/fpx.cpp:132->src/fpx.cpp:147]   --->   Operation 50 'load' 'c_4_load' <Predicate = true> <Delay = 0.71> <CoreInst = "RAM_1P">   --->   Core 87 'RAM_1P' <Latency = 1> <II = 1> <Delay = 0.71> <Storage> <Opcode : 'load' 'store'> <Ports = 1> <Width = 64> <Depth = 2> <RAM>
ST_1 : Operation 51 [2/2] (0.71ns)   --->   "%c_5_load = load i1 %c_5_addr" [src/fpx.cpp:379->src/fpx.cpp:132->src/fpx.cpp:147]   --->   Operation 51 'load' 'c_5_load' <Predicate = true> <Delay = 0.71> <CoreInst = "RAM_1P">   --->   Core 87 'RAM_1P' <Latency = 1> <II = 1> <Delay = 0.71> <Storage> <Opcode : 'load' 'store'> <Ports = 1> <Width = 64> <Depth = 2> <RAM>
ST_1 : Operation 52 [2/2] (0.71ns)   --->   "%c_6_load = load i1 %c_6_addr" [src/fpx.cpp:379->src/fpx.cpp:132->src/fpx.cpp:147]   --->   Operation 52 'load' 'c_6_load' <Predicate = true> <Delay = 0.71> <CoreInst = "RAM_1P">   --->   Core 87 'RAM_1P' <Latency = 1> <II = 1> <Delay = 0.71> <Storage> <Opcode : 'load' 'store'> <Ports = 1> <Width = 64> <Depth = 2> <RAM>
ST_1 : Operation 53 [2/2] (0.71ns)   --->   "%c_7_load = load i1 %c_7_addr" [src/fpx.cpp:379->src/fpx.cpp:132->src/fpx.cpp:147]   --->   Operation 53 'load' 'c_7_load' <Predicate = true> <Delay = 0.71> <CoreInst = "RAM_1P">   --->   Core 87 'RAM_1P' <Latency = 1> <II = 1> <Delay = 0.71> <Storage> <Opcode : 'load' 'store'> <Ports = 1> <Width = 64> <Depth = 2> <RAM>
ST_1 : Operation 54 [1/1] (0.00ns)   --->   "%specmemcore_ln379 = specmemcore void @_ssdm_op_SpecMemCore, i1 %c_0_addr, i64 666, i64 17, i64 18446744073709551615" [src/fpx.cpp:379->src/fpx.cpp:132->src/fpx.cpp:147]   --->   Operation 54 'specmemcore' 'specmemcore_ln379' <Predicate = true> <Delay = 0.00>
ST_1 : Operation 55 [1/1] (0.00ns)   --->   "%specmemcore_ln379 = specmemcore void @_ssdm_op_SpecMemCore, i1 %c_1_addr, i64 666, i64 17, i64 18446744073709551615" [src/fpx.cpp:379->src/fpx.cpp:132->src/fpx.cpp:147]   --->   Operation 55 'specmemcore' 'specmemcore_ln379' <Predicate = true> <Delay = 0.00>
ST_1 : Operation 56 [1/1] (0.00ns)   --->   "%specmemcore_ln379 = specmemcore void @_ssdm_op_SpecMemCore, i1 %c_2_addr, i64 666, i64 17, i64 18446744073709551615" [src/fpx.cpp:379->src/fpx.cpp:132->src/fpx.cpp:147]   --->   Operation 56 'specmemcore' 'specmemcore_ln379' <Predicate = true> <Delay = 0.00>
ST_1 : Operation 57 [1/1] (0.00ns)   --->   "%specmemcore_ln379 = specmemcore void @_ssdm_op_SpecMemCore, i1 %c_3_addr, i64 666, i64 17, i64 18446744073709551615" [src/fpx.cpp:379->src/fpx.cpp:132->src/fpx.cpp:147]   --->   Operation 57 'specmemcore' 'specmemcore_ln379' <Predicate = true> <Delay = 0.00>
ST_1 : Operation 58 [1/1] (0.00ns)   --->   "%specmemcore_ln379 = specmemcore void @_ssdm_op_SpecMemCore, i1 %c_4_addr, i64 666, i64 17, i64 18446744073709551615" [src/fpx.cpp:379->src/fpx.cpp:132->src/fpx.cpp:147]   --->   Operation 58 'specmemcore' 'specmemcore_ln379' <Predicate = true> <Delay = 0.00>
ST_1 : Operation 59 [1/1] (0.00ns)   --->   "%specmemcore_ln379 = specmemcore void @_ssdm_op_SpecMemCore, i1 %c_5_addr, i64 666, i64 17, i64 18446744073709551615" [src/fpx.cpp:379->src/fpx.cpp:132->src/fpx.cpp:147]   --->   Operation 59 'specmemcore' 'specmemcore_ln379' <Predicate = true> <Delay = 0.00>
ST_1 : Operation 60 [1/1] (0.00ns)   --->   "%specmemcore_ln379 = specmemcore void @_ssdm_op_SpecMemCore, i1 %c_6_addr, i64 666, i64 17, i64 18446744073709551615" [src/fpx.cpp:379->src/fpx.cpp:132->src/fpx.cpp:147]   --->   Operation 60 'specmemcore' 'specmemcore_ln379' <Predicate = true> <Delay = 0.00>
ST_1 : Operation 61 [1/1] (0.00ns)   --->   "%specmemcore_ln379 = specmemcore void @_ssdm_op_SpecMemCore, i1 %c_7_addr, i64 666, i64 17, i64 18446744073709551615" [src/fpx.cpp:379->src/fpx.cpp:132->src/fpx.cpp:147]   --->   Operation 61 'specmemcore' 'specmemcore_ln379' <Predicate = true> <Delay = 0.00>

State 2 <SV = 1> <Delay = 0.71>
ST_2 : Operation 62 [1/1] (0.00ns)   --->   "%c_0_addr_1 = getelementptr i64 %c_0, i64 0, i64 1" [src/fpx.cpp:379->src/fpx.cpp:132->src/fpx.cpp:147]   --->   Operation 62 'getelementptr' 'c_0_addr_1' <Predicate = true> <Delay = 0.00>
ST_2 : Operation 63 [1/1] (0.00ns)   --->   "%c_1_addr_1 = getelementptr i64 %c_1, i64 0, i64 1" [src/fpx.cpp:379->src/fpx.cpp:132->src/fpx.cpp:147]   --->   Operation 63 'getelementptr' 'c_1_addr_1' <Predicate = true> <Delay = 0.00>
ST_2 : Operation 64 [1/1] (0.00ns)   --->   "%c_2_addr_1 = getelementptr i64 %c_2, i64 0, i64 1" [src/fpx.cpp:379->src/fpx.cpp:132->src/fpx.cpp:147]   --->   Operation 64 'getelementptr' 'c_2_addr_1' <Predicate = true> <Delay = 0.00>
ST_2 : Operation 65 [1/1] (0.00ns)   --->   "%c_3_addr_1 = getelementptr i64 %c_3, i64 0, i64 1" [src/fpx.cpp:379->src/fpx.cpp:132->src/fpx.cpp:147]   --->   Operation 65 'getelementptr' 'c_3_addr_1' <Predicate = true> <Delay = 0.00>
ST_2 : Operation 66 [1/1] (0.00ns)   --->   "%c_4_addr_1 = getelementptr i64 %c_4, i64 0, i64 1" [src/fpx.cpp:379->src/fpx.cpp:132->src/fpx.cpp:147]   --->   Operation 66 'getelementptr' 'c_4_addr_1' <Predicate = true> <Delay = 0.00>
ST_2 : Operation 67 [1/1] (0.00ns)   --->   "%c_5_addr_1 = getelementptr i64 %c_5, i64 0, i64 1" [src/fpx.cpp:379->src/fpx.cpp:132->src/fpx.cpp:147]   --->   Operation 67 'getelementptr' 'c_5_addr_1' <Predicate = true> <Delay = 0.00>
ST_2 : Operation 68 [1/1] (0.00ns)   --->   "%c_6_addr_1 = getelementptr i64 %c_6, i64 0, i64 1" [src/fpx.cpp:379->src/fpx.cpp:132->src/fpx.cpp:147]   --->   Operation 68 'getelementptr' 'c_6_addr_1' <Predicate = true> <Delay = 0.00>
ST_2 : Operation 69 [1/1] (0.00ns)   --->   "%c_7_addr_1 = getelementptr i64 %c_7, i64 0, i64 1" [src/fpx.cpp:379->src/fpx.cpp:132->src/fpx.cpp:147]   --->   Operation 69 'getelementptr' 'c_7_addr_1' <Predicate = true> <Delay = 0.00>
ST_2 : Operation 70 [1/2] ( I:0.71ns O:0.71ns )   --->   "%c_0_load = load i1 %c_0_addr" [src/fpx.cpp:379->src/fpx.cpp:132->src/fpx.cpp:147]   --->   Operation 70 'load' 'c_0_load' <Predicate = true> <Delay = 0.71> <CoreInst = "RAM_1P">   --->   Core 87 'RAM_1P' <Latency = 1> <II = 1> <Delay = 0.71> <Storage> <Opcode : 'load' 'store'> <Ports = 1> <Width = 64> <Depth = 2> <RAM>
ST_2 : Operation 71 [1/2] ( I:0.71ns O:0.71ns )   --->   "%c_1_load = load i1 %c_1_addr" [src/fpx.cpp:379->src/fpx.cpp:132->src/fpx.cpp:147]   --->   Operation 71 'load' 'c_1_load' <Predicate = true> <Delay = 0.71> <CoreInst = "RAM_1P">   --->   Core 87 'RAM_1P' <Latency = 1> <II = 1> <Delay = 0.71> <Storage> <Opcode : 'load' 'store'> <Ports = 1> <Width = 64> <Depth = 2> <RAM>
ST_2 : Operation 72 [1/2] ( I:0.71ns O:0.71ns )   --->   "%c_2_load = load i1 %c_2_addr" [src/fpx.cpp:379->src/fpx.cpp:132->src/fpx.cpp:147]   --->   Operation 72 'load' 'c_2_load' <Predicate = true> <Delay = 0.71> <CoreInst = "RAM_1P">   --->   Core 87 'RAM_1P' <Latency = 1> <II = 1> <Delay = 0.71> <Storage> <Opcode : 'load' 'store'> <Ports = 1> <Width = 64> <Depth = 2> <RAM>
ST_2 : Operation 73 [1/2] ( I:0.71ns O:0.71ns )   --->   "%c_3_load = load i1 %c_3_addr" [src/fpx.cpp:379->src/fpx.cpp:132->src/fpx.cpp:147]   --->   Operation 73 'load' 'c_3_load' <Predicate = true> <Delay = 0.71> <CoreInst = "RAM_1P">   --->   Core 87 'RAM_1P' <Latency = 1> <II = 1> <Delay = 0.71> <Storage> <Opcode : 'load' 'store'> <Ports = 1> <Width = 64> <Depth = 2> <RAM>
ST_2 : Operation 74 [1/2] ( I:0.71ns O:0.71ns )   --->   "%c_4_load = load i1 %c_4_addr" [src/fpx.cpp:379->src/fpx.cpp:132->src/fpx.cpp:147]   --->   Operation 74 'load' 'c_4_load' <Predicate = true> <Delay = 0.71> <CoreInst = "RAM_1P">   --->   Core 87 'RAM_1P' <Latency = 1> <II = 1> <Delay = 0.71> <Storage> <Opcode : 'load' 'store'> <Ports = 1> <Width = 64> <Depth = 2> <RAM>
ST_2 : Operation 75 [1/2] ( I:0.71ns O:0.71ns )   --->   "%c_5_load = load i1 %c_5_addr" [src/fpx.cpp:379->src/fpx.cpp:132->src/fpx.cpp:147]   --->   Operation 75 'load' 'c_5_load' <Predicate = true> <Delay = 0.71> <CoreInst = "RAM_1P">   --->   Core 87 'RAM_1P' <Latency = 1> <II = 1> <Delay = 0.71> <Storage> <Opcode : 'load' 'store'> <Ports = 1> <Width = 64> <Depth = 2> <RAM>
ST_2 : Operation 76 [1/2] ( I:0.71ns O:0.71ns )   --->   "%c_6_load = load i1 %c_6_addr" [src/fpx.cpp:379->src/fpx.cpp:132->src/fpx.cpp:147]   --->   Operation 76 'load' 'c_6_load' <Predicate = true> <Delay = 0.71> <CoreInst = "RAM_1P">   --->   Core 87 'RAM_1P' <Latency = 1> <II = 1> <Delay = 0.71> <Storage> <Opcode : 'load' 'store'> <Ports = 1> <Width = 64> <Depth = 2> <RAM>
ST_2 : Operation 77 [1/2] ( I:0.71ns O:0.71ns )   --->   "%c_7_load = load i1 %c_7_addr" [src/fpx.cpp:379->src/fpx.cpp:132->src/fpx.cpp:147]   --->   Operation 77 'load' 'c_7_load' <Predicate = true> <Delay = 0.71> <CoreInst = "RAM_1P">   --->   Core 87 'RAM_1P' <Latency = 1> <II = 1> <Delay = 0.71> <Storage> <Opcode : 'load' 'store'> <Ports = 1> <Width = 64> <Depth = 2> <RAM>
ST_2 : Operation 78 [2/2] (0.71ns)   --->   "%c_0_load_1 = load i1 %c_0_addr_1" [src/fpx.cpp:379->src/fpx.cpp:132->src/fpx.cpp:147]   --->   Operation 78 'load' 'c_0_load_1' <Predicate = true> <Delay = 0.71> <CoreInst = "RAM_1P">   --->   Core 87 'RAM_1P' <Latency = 1> <II = 1> <Delay = 0.71> <Storage> <Opcode : 'load' 'store'> <Ports = 1> <Width = 64> <Depth = 2> <RAM>
ST_2 : Operation 79 [2/2] (0.71ns)   --->   "%c_1_load_1 = load i1 %c_1_addr_1" [src/fpx.cpp:379->src/fpx.cpp:132->src/fpx.cpp:147]   --->   Operation 79 'load' 'c_1_load_1' <Predicate = true> <Delay = 0.71> <CoreInst = "RAM_1P">   --->   Core 87 'RAM_1P' <Latency = 1> <II = 1> <Delay = 0.71> <Storage> <Opcode : 'load' 'store'> <Ports = 1> <Width = 64> <Depth = 2> <RAM>
ST_2 : Operation 80 [2/2] (0.71ns)   --->   "%c_2_load_1 = load i1 %c_2_addr_1" [src/fpx.cpp:379->src/fpx.cpp:132->src/fpx.cpp:147]   --->   Operation 80 'load' 'c_2_load_1' <Predicate = true> <Delay = 0.71> <CoreInst = "RAM_1P">   --->   Core 87 'RAM_1P' <Latency = 1> <II = 1> <Delay = 0.71> <Storage> <Opcode : 'load' 'store'> <Ports = 1> <Width = 64> <Depth = 2> <RAM>
ST_2 : Operation 81 [2/2] (0.71ns)   --->   "%c_3_load_1 = load i1 %c_3_addr_1" [src/fpx.cpp:379->src/fpx.cpp:132->src/fpx.cpp:147]   --->   Operation 81 'load' 'c_3_load_1' <Predicate = true> <Delay = 0.71> <CoreInst = "RAM_1P">   --->   Core 87 'RAM_1P' <Latency = 1> <II = 1> <Delay = 0.71> <Storage> <Opcode : 'load' 'store'> <Ports = 1> <Width = 64> <Depth = 2> <RAM>
ST_2 : Operation 82 [2/2] (0.71ns)   --->   "%c_4_load_1 = load i1 %c_4_addr_1" [src/fpx.cpp:379->src/fpx.cpp:132->src/fpx.cpp:147]   --->   Operation 82 'load' 'c_4_load_1' <Predicate = true> <Delay = 0.71> <CoreInst = "RAM_1P">   --->   Core 87 'RAM_1P' <Latency = 1> <II = 1> <Delay = 0.71> <Storage> <Opcode : 'load' 'store'> <Ports = 1> <Width = 64> <Depth = 2> <RAM>
ST_2 : Operation 83 [2/2] (0.71ns)   --->   "%c_5_load_1 = load i1 %c_5_addr_1" [src/fpx.cpp:379->src/fpx.cpp:132->src/fpx.cpp:147]   --->   Operation 83 'load' 'c_5_load_1' <Predicate = true> <Delay = 0.71> <CoreInst = "RAM_1P">   --->   Core 87 'RAM_1P' <Latency = 1> <II = 1> <Delay = 0.71> <Storage> <Opcode : 'load' 'store'> <Ports = 1> <Width = 64> <Depth = 2> <RAM>
ST_2 : Operation 84 [2/2] (0.71ns)   --->   "%c_6_load_1 = load i1 %c_6_addr_1" [src/fpx.cpp:379->src/fpx.cpp:132->src/fpx.cpp:147]   --->   Operation 84 'load' 'c_6_load_1' <Predicate = true> <Delay = 0.71> <CoreInst = "RAM_1P">   --->   Core 87 'RAM_1P' <Latency = 1> <II = 1> <Delay = 0.71> <Storage> <Opcode : 'load' 'store'> <Ports = 1> <Width = 64> <Depth = 2> <RAM>
ST_2 : Operation 85 [2/2] (0.71ns)   --->   "%c_7_load_1 = load i1 %c_7_addr_1" [src/fpx.cpp:379->src/fpx.cpp:132->src/fpx.cpp:147]   --->   Operation 85 'load' 'c_7_load_1' <Predicate = true> <Delay = 0.71> <CoreInst = "RAM_1P">   --->   Core 87 'RAM_1P' <Latency = 1> <II = 1> <Delay = 0.71> <Storage> <Opcode : 'load' 'store'> <Ports = 1> <Width = 64> <Depth = 2> <RAM>
ST_2 : Operation 86 [1/1] (0.00ns)   --->   "%specmemcore_ln379 = specmemcore void @_ssdm_op_SpecMemCore, i1 %c_0_addr_1, i64 666, i64 17, i64 18446744073709551615" [src/fpx.cpp:379->src/fpx.cpp:132->src/fpx.cpp:147]   --->   Operation 86 'specmemcore' 'specmemcore_ln379' <Predicate = true> <Delay = 0.00>
ST_2 : Operation 87 [1/1] (0.00ns)   --->   "%specmemcore_ln379 = specmemcore void @_ssdm_op_SpecMemCore, i1 %c_1_addr_1, i64 666, i64 17, i64 18446744073709551615" [src/fpx.cpp:379->src/fpx.cpp:132->src/fpx.cpp:147]   --->   Operation 87 'specmemcore' 'specmemcore_ln379' <Predicate = true> <Delay = 0.00>
ST_2 : Operation 88 [1/1] (0.00ns)   --->   "%specmemcore_ln379 = specmemcore void @_ssdm_op_SpecMemCore, i1 %c_2_addr_1, i64 666, i64 17, i64 18446744073709551615" [src/fpx.cpp:379->src/fpx.cpp:132->src/fpx.cpp:147]   --->   Operation 88 'specmemcore' 'specmemcore_ln379' <Predicate = true> <Delay = 0.00>
ST_2 : Operation 89 [1/1] (0.00ns)   --->   "%specmemcore_ln379 = specmemcore void @_ssdm_op_SpecMemCore, i1 %c_3_addr_1, i64 666, i64 17, i64 18446744073709551615" [src/fpx.cpp:379->src/fpx.cpp:132->src/fpx.cpp:147]   --->   Operation 89 'specmemcore' 'specmemcore_ln379' <Predicate = true> <Delay = 0.00>
ST_2 : Operation 90 [1/1] (0.00ns)   --->   "%specmemcore_ln379 = specmemcore void @_ssdm_op_SpecMemCore, i1 %c_4_addr_1, i64 666, i64 17, i64 18446744073709551615" [src/fpx.cpp:379->src/fpx.cpp:132->src/fpx.cpp:147]   --->   Operation 90 'specmemcore' 'specmemcore_ln379' <Predicate = true> <Delay = 0.00>
ST_2 : Operation 91 [1/1] (0.00ns)   --->   "%specmemcore_ln379 = specmemcore void @_ssdm_op_SpecMemCore, i1 %c_5_addr_1, i64 666, i64 17, i64 18446744073709551615" [src/fpx.cpp:379->src/fpx.cpp:132->src/fpx.cpp:147]   --->   Operation 91 'specmemcore' 'specmemcore_ln379' <Predicate = true> <Delay = 0.00>
ST_2 : Operation 92 [1/1] (0.00ns)   --->   "%specmemcore_ln379 = specmemcore void @_ssdm_op_SpecMemCore, i1 %c_6_addr_1, i64 666, i64 17, i64 18446744073709551615" [src/fpx.cpp:379->src/fpx.cpp:132->src/fpx.cpp:147]   --->   Operation 92 'specmemcore' 'specmemcore_ln379' <Predicate = true> <Delay = 0.00>
ST_2 : Operation 93 [1/1] (0.00ns)   --->   "%specmemcore_ln379 = specmemcore void @_ssdm_op_SpecMemCore, i1 %c_7_addr_1, i64 666, i64 17, i64 18446744073709551615" [src/fpx.cpp:379->src/fpx.cpp:132->src/fpx.cpp:147]   --->   Operation 93 'specmemcore' 'specmemcore_ln379' <Predicate = true> <Delay = 0.00>

State 3 <SV = 2> <Delay = 4.17>
ST_3 : Operation 94 [1/2] ( I:0.71ns O:0.71ns )   --->   "%c_0_load_1 = load i1 %c_0_addr_1" [src/fpx.cpp:379->src/fpx.cpp:132->src/fpx.cpp:147]   --->   Operation 94 'load' 'c_0_load_1' <Predicate = true> <Delay = 0.71> <CoreInst = "RAM_1P">   --->   Core 87 'RAM_1P' <Latency = 1> <II = 1> <Delay = 0.71> <Storage> <Opcode : 'load' 'store'> <Ports = 1> <Width = 64> <Depth = 2> <RAM>
ST_3 : Operation 95 [1/2] ( I:0.71ns O:0.71ns )   --->   "%c_1_load_1 = load i1 %c_1_addr_1" [src/fpx.cpp:379->src/fpx.cpp:132->src/fpx.cpp:147]   --->   Operation 95 'load' 'c_1_load_1' <Predicate = true> <Delay = 0.71> <CoreInst = "RAM_1P">   --->   Core 87 'RAM_1P' <Latency = 1> <II = 1> <Delay = 0.71> <Storage> <Opcode : 'load' 'store'> <Ports = 1> <Width = 64> <Depth = 2> <RAM>
ST_3 : Operation 96 [1/2] ( I:0.71ns O:0.71ns )   --->   "%c_2_load_1 = load i1 %c_2_addr_1" [src/fpx.cpp:379->src/fpx.cpp:132->src/fpx.cpp:147]   --->   Operation 96 'load' 'c_2_load_1' <Predicate = true> <Delay = 0.71> <CoreInst = "RAM_1P">   --->   Core 87 'RAM_1P' <Latency = 1> <II = 1> <Delay = 0.71> <Storage> <Opcode : 'load' 'store'> <Ports = 1> <Width = 64> <Depth = 2> <RAM>
ST_3 : Operation 97 [1/2] ( I:0.71ns O:0.71ns )   --->   "%c_3_load_1 = load i1 %c_3_addr_1" [src/fpx.cpp:379->src/fpx.cpp:132->src/fpx.cpp:147]   --->   Operation 97 'load' 'c_3_load_1' <Predicate = true> <Delay = 0.71> <CoreInst = "RAM_1P">   --->   Core 87 'RAM_1P' <Latency = 1> <II = 1> <Delay = 0.71> <Storage> <Opcode : 'load' 'store'> <Ports = 1> <Width = 64> <Depth = 2> <RAM>
ST_3 : Operation 98 [1/2] ( I:0.71ns O:0.71ns )   --->   "%c_4_load_1 = load i1 %c_4_addr_1" [src/fpx.cpp:379->src/fpx.cpp:132->src/fpx.cpp:147]   --->   Operation 98 'load' 'c_4_load_1' <Predicate = true> <Delay = 0.71> <CoreInst = "RAM_1P">   --->   Core 87 'RAM_1P' <Latency = 1> <II = 1> <Delay = 0.71> <Storage> <Opcode : 'load' 'store'> <Ports = 1> <Width = 64> <Depth = 2> <RAM>
ST_3 : Operation 99 [1/2] ( I:0.71ns O:0.71ns )   --->   "%c_5_load_1 = load i1 %c_5_addr_1" [src/fpx.cpp:379->src/fpx.cpp:132->src/fpx.cpp:147]   --->   Operation 99 'load' 'c_5_load_1' <Predicate = true> <Delay = 0.71> <CoreInst = "RAM_1P">   --->   Core 87 'RAM_1P' <Latency = 1> <II = 1> <Delay = 0.71> <Storage> <Opcode : 'load' 'store'> <Ports = 1> <Width = 64> <Depth = 2> <RAM>
ST_3 : Operation 100 [1/2] ( I:0.71ns O:0.71ns )   --->   "%c_6_load_1 = load i1 %c_6_addr_1" [src/fpx.cpp:379->src/fpx.cpp:132->src/fpx.cpp:147]   --->   Operation 100 'load' 'c_6_load_1' <Predicate = true> <Delay = 0.71> <CoreInst = "RAM_1P">   --->   Core 87 'RAM_1P' <Latency = 1> <II = 1> <Delay = 0.71> <Storage> <Opcode : 'load' 'store'> <Ports = 1> <Width = 64> <Depth = 2> <RAM>
ST_3 : Operation 101 [1/2] ( I:0.71ns O:0.71ns )   --->   "%c_7_load_1 = load i1 %c_7_addr_1" [src/fpx.cpp:379->src/fpx.cpp:132->src/fpx.cpp:147]   --->   Operation 101 'load' 'c_7_load_1' <Predicate = true> <Delay = 0.71> <CoreInst = "RAM_1P">   --->   Core 87 'RAM_1P' <Latency = 1> <II = 1> <Delay = 0.71> <Storage> <Opcode : 'load' 'store'> <Ports = 1> <Width = 64> <Depth = 2> <RAM>
ST_3 : Operation 102 [2/2] (3.45ns)   --->   "%call_ln379 = call void @fp2sqr503_mont.3.1_Pipeline_VITIS_LOOP_376_1, i64 %t1, i64 %t1_7, i64 %t1_6, i64 %t1_5, i64 %t1_4, i64 %t1_3, i64 %t1_2, i64 %t1_1, i64 %c_0_load, i64 %c_1_load, i64 %c_2_load, i64 %c_3_load, i64 %c_4_load, i64 %c_5_load, i64 %c_6_load, i64 %c_7_load, i64 %c_0_load_1, i64 %c_1_load_1, i64 %c_2_load_1, i64 %c_3_load_1, i64 %c_4_load_1, i64 %c_5_load_1, i64 %c_6_load_1, i64 %c_7_load_1" [src/fpx.cpp:379->src/fpx.cpp:132->src/fpx.cpp:147]   --->   Operation 102 'call' 'call_ln379' <Predicate = true> <Delay = 3.45> <CoreType = "Generic">   --->   Generic Core
ST_3 : Operation 103 [2/2] (3.16ns)   --->   "%call_ln379 = call void @fp2sqr503_mont.3.1_Pipeline_VITIS_LOOP_61_1, i64 %t2, i64 %t2_7, i64 %t2_6, i64 %t2_5, i64 %t2_4, i64 %t2_3, i64 %t2_2, i64 %t2_1, i64 %c_0_load, i64 %c_1_load, i64 %c_2_load, i64 %c_3_load, i64 %c_4_load, i64 %c_5_load, i64 %c_6_load, i64 %c_7_load, i64 %c_0_load_1, i64 %c_1_load_1, i64 %c_2_load_1, i64 %c_3_load_1, i64 %c_4_load_1, i64 %c_5_load_1, i64 %c_6_load_1, i64 %c_7_load_1, i1 %borrow_loc" [src/fpx.cpp:379->src/fpx.cpp:132->src/fpx.cpp:147]   --->   Operation 103 'call' 'call_ln379' <Predicate = true> <Delay = 3.16> <CoreType = "Generic">   --->   Generic Core
ST_3 : Operation 104 [2/2] (3.45ns)   --->   "%call_ln379 = call void @fp2sqr503_mont.3.1_Pipeline_VITIS_LOOP_376_148, i64 %t3, i64 %t3_7, i64 %t3_6, i64 %t3_5, i64 %t3_4, i64 %t3_3, i64 %t3_2, i64 %t3_1, i64 %c_0_load, i64 %c_1_load, i64 %c_2_load, i64 %c_3_load, i64 %c_4_load, i64 %c_5_load, i64 %c_6_load, i64 %c_7_load" [src/fpx.cpp:379->src/fpx.cpp:132->src/fpx.cpp:147]   --->   Operation 104 'call' 'call_ln379' <Predicate = true> <Delay = 3.45> <CoreType = "Generic">   --->   Generic Core

State 4 <SV = 3> <Delay = 3.26>
ST_4 : Operation 105 [1/2] (3.26ns)   --->   "%call_ln379 = call void @fp2sqr503_mont.3.1_Pipeline_VITIS_LOOP_376_1, i64 %t1, i64 %t1_7, i64 %t1_6, i64 %t1_5, i64 %t1_4, i64 %t1_3, i64 %t1_2, i64 %t1_1, i64 %c_0_load, i64 %c_1_load, i64 %c_2_load, i64 %c_3_load, i64 %c_4_load, i64 %c_5_load, i64 %c_6_load, i64 %c_7_load, i64 %c_0_load_1, i64 %c_1_load_1, i64 %c_2_load_1, i64 %c_3_load_1, i64 %c_4_load_1, i64 %c_5_load_1, i64 %c_6_load_1, i64 %c_7_load_1" [src/fpx.cpp:379->src/fpx.cpp:132->src/fpx.cpp:147]   --->   Operation 105 'call' 'call_ln379' <Predicate = true> <Delay = 3.26> <CoreType = "Generic">   --->   Generic Core
ST_4 : Operation 106 [1/2] (3.26ns)   --->   "%call_ln379 = call void @fp2sqr503_mont.3.1_Pipeline_VITIS_LOOP_61_1, i64 %t2, i64 %t2_7, i64 %t2_6, i64 %t2_5, i64 %t2_4, i64 %t2_3, i64 %t2_2, i64 %t2_1, i64 %c_0_load, i64 %c_1_load, i64 %c_2_load, i64 %c_3_load, i64 %c_4_load, i64 %c_5_load, i64 %c_6_load, i64 %c_7_load, i64 %c_0_load_1, i64 %c_1_load_1, i64 %c_2_load_1, i64 %c_3_load_1, i64 %c_4_load_1, i64 %c_5_load_1, i64 %c_6_load_1, i64 %c_7_load_1, i1 %borrow_loc" [src/fpx.cpp:379->src/fpx.cpp:132->src/fpx.cpp:147]   --->   Operation 106 'call' 'call_ln379' <Predicate = true> <Delay = 3.26> <CoreType = "Generic">   --->   Generic Core
ST_4 : Operation 107 [1/2] (3.26ns)   --->   "%call_ln379 = call void @fp2sqr503_mont.3.1_Pipeline_VITIS_LOOP_376_148, i64 %t3, i64 %t3_7, i64 %t3_6, i64 %t3_5, i64 %t3_4, i64 %t3_3, i64 %t3_2, i64 %t3_1, i64 %c_0_load, i64 %c_1_load, i64 %c_2_load, i64 %c_3_load, i64 %c_4_load, i64 %c_5_load, i64 %c_6_load, i64 %c_7_load" [src/fpx.cpp:379->src/fpx.cpp:132->src/fpx.cpp:147]   --->   Operation 107 'call' 'call_ln379' <Predicate = true> <Delay = 3.26> <CoreType = "Generic">   --->   Generic Core

State 5 <SV = 4> <Delay = 3.45>
ST_5 : Operation 108 [1/1] (0.00ns)   --->   "%borrow_loc_load = load i1 %borrow_loc"   --->   Operation 108 'load' 'borrow_loc_load' <Predicate = true> <Delay = 0.00>
ST_5 : Operation 109 [2/2] (3.45ns)   --->   "%call_ln0 = call void @fp2sqr503_mont.3.1_Pipeline_VITIS_LOOP_68_2, i64 %t2, i64 %t2_7, i64 %t2_6, i64 %t2_5, i64 %t2_4, i64 %t2_3, i64 %t2_2, i64 %t2_1, i1 %borrow_loc_load, i64 %p503x2_1"   --->   Operation 109 'call' 'call_ln0' <Predicate = true> <Delay = 3.45> <CoreType = "Generic">   --->   Generic Core

State 6 <SV = 5> <Delay = 2.87>
ST_6 : Operation 110 [1/2] (2.87ns)   --->   "%call_ln0 = call void @fp2sqr503_mont.3.1_Pipeline_VITIS_LOOP_68_2, i64 %t2, i64 %t2_7, i64 %t2_6, i64 %t2_5, i64 %t2_4, i64 %t2_3, i64 %t2_2, i64 %t2_1, i1 %borrow_loc_load, i64 %p503x2_1"   --->   Operation 110 'call' 'call_ln0' <Predicate = true> <Delay = 2.87> <CoreType = "Generic">   --->   Generic Core

State 7 <SV = 6> <Delay = 3.61>
ST_7 : Operation 111 [1/1] (0.00ns)   --->   "%t2_load = load i64 %t2"   --->   Operation 111 'load' 't2_load' <Predicate = true> <Delay = 0.00>
ST_7 : Operation 112 [1/1] (0.00ns)   --->   "%t2_1_load = load i64 %t2_1"   --->   Operation 112 'load' 't2_1_load' <Predicate = true> <Delay = 0.00>
ST_7 : Operation 113 [1/1] (0.00ns)   --->   "%t2_2_load = load i64 %t2_2"   --->   Operation 113 'load' 't2_2_load' <Predicate = true> <Delay = 0.00>
ST_7 : Operation 114 [1/1] (0.00ns)   --->   "%t2_3_load = load i64 %t2_3"   --->   Operation 114 'load' 't2_3_load' <Predicate = true> <Delay = 0.00>
ST_7 : Operation 115 [1/1] (0.00ns)   --->   "%t2_4_load = load i64 %t2_4"   --->   Operation 115 'load' 't2_4_load' <Predicate = true> <Delay = 0.00>
ST_7 : Operation 116 [1/1] (0.00ns)   --->   "%t2_5_load = load i64 %t2_5"   --->   Operation 116 'load' 't2_5_load' <Predicate = true> <Delay = 0.00>
ST_7 : Operation 117 [1/1] (0.00ns)   --->   "%t2_6_load = load i64 %t2_6"   --->   Operation 117 'load' 't2_6_load' <Predicate = true> <Delay = 0.00>
ST_7 : Operation 118 [1/1] (0.00ns)   --->   "%t2_7_load = load i64 %t2_7"   --->   Operation 118 'load' 't2_7_load' <Predicate = true> <Delay = 0.00>
ST_7 : Operation 119 [2/2] (3.61ns)   --->   "%call_ln150 = call void @fpmul503_mont.8, i64 %t1, i64 %t1_1, i64 %t1_2, i64 %t1_3, i64 %t1_4, i64 %t1_5, i64 %t1_6, i64 %t1_7, i64 %t2_load, i64 %t2_1_load, i64 %t2_2_load, i64 %t2_3_load, i64 %t2_4_load, i64 %t2_5_load, i64 %t2_6_load, i64 %t2_7_load, i64 %c_0, i1 0, i64 %c_1, i1 0, i64 %c_2, i1 0, i64 %c_3, i1 0, i64 %c_4, i1 0, i64 %c_5, i1 0, i64 %c_6, i1 0, i64 %c_7, i1 0, i64 %p503p1_1" [src/fpx.cpp:150]   --->   Operation 119 'call' 'call_ln150' <Predicate = true> <Delay = 3.61> <CoreType = "Generic">   --->   Generic Core

State 8 <SV = 7> <Delay = 0.00>
ST_8 : Operation 120 [1/2] (0.00ns)   --->   "%call_ln150 = call void @fpmul503_mont.8, i64 %t1, i64 %t1_1, i64 %t1_2, i64 %t1_3, i64 %t1_4, i64 %t1_5, i64 %t1_6, i64 %t1_7, i64 %t2_load, i64 %t2_1_load, i64 %t2_2_load, i64 %t2_3_load, i64 %t2_4_load, i64 %t2_5_load, i64 %t2_6_load, i64 %t2_7_load, i64 %c_0, i1 0, i64 %c_1, i1 0, i64 %c_2, i1 0, i64 %c_3, i1 0, i64 %c_4, i1 0, i64 %c_5, i1 0, i64 %c_6, i1 0, i64 %c_7, i1 0, i64 %p503p1_1" [src/fpx.cpp:150]   --->   Operation 120 'call' 'call_ln150' <Predicate = true> <Delay = 0.00> <CoreType = "Generic">   --->   Generic Core

State 9 <SV = 8> <Delay = 0.00>
ST_9 : Operation 121 [2/2] (0.71ns)   --->   "%c_0_load_2 = load i1 %c_0_addr_1" [src/fpx.cpp:379->src/fpx.cpp:132->src/fpx.cpp:147]   --->   Operation 121 'load' 'c_0_load_2' <Predicate = true> <Delay = 0.71> <CoreInst = "RAM_1P">   --->   Core 87 'RAM_1P' <Latency = 1> <II = 1> <Delay = 0.71> <Storage> <Opcode : 'load' 'store'> <Ports = 1> <Width = 64> <Depth = 2> <RAM>
ST_9 : Operation 122 [2/2] (0.71ns)   --->   "%c_1_load_2 = load i1 %c_1_addr_1" [src/fpx.cpp:379->src/fpx.cpp:132->src/fpx.cpp:147]   --->   Operation 122 'load' 'c_1_load_2' <Predicate = true> <Delay = 0.71> <CoreInst = "RAM_1P">   --->   Core 87 'RAM_1P' <Latency = 1> <II = 1> <Delay = 0.71> <Storage> <Opcode : 'load' 'store'> <Ports = 1> <Width = 64> <Depth = 2> <RAM>
ST_9 : Operation 123 [2/2] (0.71ns)   --->   "%c_2_load_2 = load i1 %c_2_addr_1" [src/fpx.cpp:379->src/fpx.cpp:132->src/fpx.cpp:147]   --->   Operation 123 'load' 'c_2_load_2' <Predicate = true> <Delay = 0.71> <CoreInst = "RAM_1P">   --->   Core 87 'RAM_1P' <Latency = 1> <II = 1> <Delay = 0.71> <Storage> <Opcode : 'load' 'store'> <Ports = 1> <Width = 64> <Depth = 2> <RAM>
ST_9 : Operation 124 [2/2] (0.71ns)   --->   "%c_3_load_2 = load i1 %c_3_addr_1" [src/fpx.cpp:379->src/fpx.cpp:132->src/fpx.cpp:147]   --->   Operation 124 'load' 'c_3_load_2' <Predicate = true> <Delay = 0.71> <CoreInst = "RAM_1P">   --->   Core 87 'RAM_1P' <Latency = 1> <II = 1> <Delay = 0.71> <Storage> <Opcode : 'load' 'store'> <Ports = 1> <Width = 64> <Depth = 2> <RAM>
ST_9 : Operation 125 [2/2] (0.71ns)   --->   "%c_4_load_2 = load i1 %c_4_addr_1" [src/fpx.cpp:379->src/fpx.cpp:132->src/fpx.cpp:147]   --->   Operation 125 'load' 'c_4_load_2' <Predicate = true> <Delay = 0.71> <CoreInst = "RAM_1P">   --->   Core 87 'RAM_1P' <Latency = 1> <II = 1> <Delay = 0.71> <Storage> <Opcode : 'load' 'store'> <Ports = 1> <Width = 64> <Depth = 2> <RAM>
ST_9 : Operation 126 [2/2] (0.71ns)   --->   "%c_5_load_2 = load i1 %c_5_addr_1" [src/fpx.cpp:379->src/fpx.cpp:132->src/fpx.cpp:147]   --->   Operation 126 'load' 'c_5_load_2' <Predicate = true> <Delay = 0.71> <CoreInst = "RAM_1P">   --->   Core 87 'RAM_1P' <Latency = 1> <II = 1> <Delay = 0.71> <Storage> <Opcode : 'load' 'store'> <Ports = 1> <Width = 64> <Depth = 2> <RAM>
ST_9 : Operation 127 [2/2] (0.71ns)   --->   "%c_6_load_2 = load i1 %c_6_addr_1" [src/fpx.cpp:379->src/fpx.cpp:132->src/fpx.cpp:147]   --->   Operation 127 'load' 'c_6_load_2' <Predicate = true> <Delay = 0.71> <CoreInst = "RAM_1P">   --->   Core 87 'RAM_1P' <Latency = 1> <II = 1> <Delay = 0.71> <Storage> <Opcode : 'load' 'store'> <Ports = 1> <Width = 64> <Depth = 2> <RAM>
ST_9 : Operation 128 [2/2] (0.71ns)   --->   "%c_7_load_2 = load i1 %c_7_addr_1" [src/fpx.cpp:379->src/fpx.cpp:132->src/fpx.cpp:147]   --->   Operation 128 'load' 'c_7_load_2' <Predicate = true> <Delay = 0.71> <CoreInst = "RAM_1P">   --->   Core 87 'RAM_1P' <Latency = 1> <II = 1> <Delay = 0.71> <Storage> <Opcode : 'load' 'store'> <Ports = 1> <Width = 64> <Depth = 2> <RAM>

State 10 <SV = 9> <Delay = 0.71>
ST_10 : Operation 129 [1/2] ( I:0.71ns O:0.71ns )   --->   "%c_0_load_2 = load i1 %c_0_addr_1" [src/fpx.cpp:379->src/fpx.cpp:132->src/fpx.cpp:147]   --->   Operation 129 'load' 'c_0_load_2' <Predicate = true> <Delay = 0.71> <CoreInst = "RAM_1P">   --->   Core 87 'RAM_1P' <Latency = 1> <II = 1> <Delay = 0.71> <Storage> <Opcode : 'load' 'store'> <Ports = 1> <Width = 64> <Depth = 2> <RAM>
ST_10 : Operation 130 [1/2] ( I:0.71ns O:0.71ns )   --->   "%c_1_load_2 = load i1 %c_1_addr_1" [src/fpx.cpp:379->src/fpx.cpp:132->src/fpx.cpp:147]   --->   Operation 130 'load' 'c_1_load_2' <Predicate = true> <Delay = 0.71> <CoreInst = "RAM_1P">   --->   Core 87 'RAM_1P' <Latency = 1> <II = 1> <Delay = 0.71> <Storage> <Opcode : 'load' 'store'> <Ports = 1> <Width = 64> <Depth = 2> <RAM>
ST_10 : Operation 131 [1/2] ( I:0.71ns O:0.71ns )   --->   "%c_2_load_2 = load i1 %c_2_addr_1" [src/fpx.cpp:379->src/fpx.cpp:132->src/fpx.cpp:147]   --->   Operation 131 'load' 'c_2_load_2' <Predicate = true> <Delay = 0.71> <CoreInst = "RAM_1P">   --->   Core 87 'RAM_1P' <Latency = 1> <II = 1> <Delay = 0.71> <Storage> <Opcode : 'load' 'store'> <Ports = 1> <Width = 64> <Depth = 2> <RAM>
ST_10 : Operation 132 [1/2] ( I:0.71ns O:0.71ns )   --->   "%c_3_load_2 = load i1 %c_3_addr_1" [src/fpx.cpp:379->src/fpx.cpp:132->src/fpx.cpp:147]   --->   Operation 132 'load' 'c_3_load_2' <Predicate = true> <Delay = 0.71> <CoreInst = "RAM_1P">   --->   Core 87 'RAM_1P' <Latency = 1> <II = 1> <Delay = 0.71> <Storage> <Opcode : 'load' 'store'> <Ports = 1> <Width = 64> <Depth = 2> <RAM>
ST_10 : Operation 133 [1/2] ( I:0.71ns O:0.71ns )   --->   "%c_4_load_2 = load i1 %c_4_addr_1" [src/fpx.cpp:379->src/fpx.cpp:132->src/fpx.cpp:147]   --->   Operation 133 'load' 'c_4_load_2' <Predicate = true> <Delay = 0.71> <CoreInst = "RAM_1P">   --->   Core 87 'RAM_1P' <Latency = 1> <II = 1> <Delay = 0.71> <Storage> <Opcode : 'load' 'store'> <Ports = 1> <Width = 64> <Depth = 2> <RAM>
ST_10 : Operation 134 [1/2] ( I:0.71ns O:0.71ns )   --->   "%c_5_load_2 = load i1 %c_5_addr_1" [src/fpx.cpp:379->src/fpx.cpp:132->src/fpx.cpp:147]   --->   Operation 134 'load' 'c_5_load_2' <Predicate = true> <Delay = 0.71> <CoreInst = "RAM_1P">   --->   Core 87 'RAM_1P' <Latency = 1> <II = 1> <Delay = 0.71> <Storage> <Opcode : 'load' 'store'> <Ports = 1> <Width = 64> <Depth = 2> <RAM>
ST_10 : Operation 135 [1/2] ( I:0.71ns O:0.71ns )   --->   "%c_6_load_2 = load i1 %c_6_addr_1" [src/fpx.cpp:379->src/fpx.cpp:132->src/fpx.cpp:147]   --->   Operation 135 'load' 'c_6_load_2' <Predicate = true> <Delay = 0.71> <CoreInst = "RAM_1P">   --->   Core 87 'RAM_1P' <Latency = 1> <II = 1> <Delay = 0.71> <Storage> <Opcode : 'load' 'store'> <Ports = 1> <Width = 64> <Depth = 2> <RAM>
ST_10 : Operation 136 [1/2] ( I:0.71ns O:0.71ns )   --->   "%c_7_load_2 = load i1 %c_7_addr_1" [src/fpx.cpp:379->src/fpx.cpp:132->src/fpx.cpp:147]   --->   Operation 136 'load' 'c_7_load_2' <Predicate = true> <Delay = 0.71> <CoreInst = "RAM_1P">   --->   Core 87 'RAM_1P' <Latency = 1> <II = 1> <Delay = 0.71> <Storage> <Opcode : 'load' 'store'> <Ports = 1> <Width = 64> <Depth = 2> <RAM>

State 11 <SV = 10> <Delay = 3.61>
ST_11 : Operation 137 [2/2] (3.61ns)   --->   "%call_ln151 = call void @fpmul503_mont.8, i64 %t3, i64 %t3_1, i64 %t3_2, i64 %t3_3, i64 %t3_4, i64 %t3_5, i64 %t3_6, i64 %t3_7, i64 %c_0_load_2, i64 %c_1_load_2, i64 %c_2_load_2, i64 %c_3_load_2, i64 %c_4_load_2, i64 %c_5_load_2, i64 %c_6_load_2, i64 %c_7_load_2, i64 %c_0, i1 1, i64 %c_1, i1 1, i64 %c_2, i1 1, i64 %c_3, i1 1, i64 %c_4, i1 1, i64 %c_5, i1 1, i64 %c_6, i1 1, i64 %c_7, i1 1, i64 %p503p1_1" [src/fpx.cpp:151]   --->   Operation 137 'call' 'call_ln151' <Predicate = true> <Delay = 3.61> <CoreType = "Generic">   --->   Generic Core

State 12 <SV = 11> <Delay = 0.00>
ST_12 : Operation 138 [1/1] (0.00ns)   --->   "%specmemcore_ln0 = specmemcore void @_ssdm_op_SpecMemCore, i64 %c_0, i64 666, i64 17, i64 18446744073709551615"   --->   Operation 138 'specmemcore' 'specmemcore_ln0' <Predicate = true> <Delay = 0.00>
ST_12 : Operation 139 [1/1] (0.00ns)   --->   "%specmemcore_ln0 = specmemcore void @_ssdm_op_SpecMemCore, i64 %c_0, i64 666, i64 17, i64 18446744073709551615"   --->   Operation 139 'specmemcore' 'specmemcore_ln0' <Predicate = true> <Delay = 0.00>
ST_12 : Operation 140 [1/1] (0.00ns)   --->   "%specmemcore_ln0 = specmemcore void @_ssdm_op_SpecMemCore, i64 %c_1, i64 666, i64 17, i64 18446744073709551615"   --->   Operation 140 'specmemcore' 'specmemcore_ln0' <Predicate = true> <Delay = 0.00>
ST_12 : Operation 141 [1/1] (0.00ns)   --->   "%specmemcore_ln0 = specmemcore void @_ssdm_op_SpecMemCore, i64 %c_1, i64 666, i64 17, i64 18446744073709551615"   --->   Operation 141 'specmemcore' 'specmemcore_ln0' <Predicate = true> <Delay = 0.00>
ST_12 : Operation 142 [1/1] (0.00ns)   --->   "%specmemcore_ln0 = specmemcore void @_ssdm_op_SpecMemCore, i64 %c_2, i64 666, i64 17, i64 18446744073709551615"   --->   Operation 142 'specmemcore' 'specmemcore_ln0' <Predicate = true> <Delay = 0.00>
ST_12 : Operation 143 [1/1] (0.00ns)   --->   "%specmemcore_ln0 = specmemcore void @_ssdm_op_SpecMemCore, i64 %c_2, i64 666, i64 17, i64 18446744073709551615"   --->   Operation 143 'specmemcore' 'specmemcore_ln0' <Predicate = true> <Delay = 0.00>
ST_12 : Operation 144 [1/1] (0.00ns)   --->   "%specmemcore_ln0 = specmemcore void @_ssdm_op_SpecMemCore, i64 %c_3, i64 666, i64 17, i64 18446744073709551615"   --->   Operation 144 'specmemcore' 'specmemcore_ln0' <Predicate = true> <Delay = 0.00>
ST_12 : Operation 145 [1/1] (0.00ns)   --->   "%specmemcore_ln0 = specmemcore void @_ssdm_op_SpecMemCore, i64 %c_3, i64 666, i64 17, i64 18446744073709551615"   --->   Operation 145 'specmemcore' 'specmemcore_ln0' <Predicate = true> <Delay = 0.00>
ST_12 : Operation 146 [1/1] (0.00ns)   --->   "%specmemcore_ln0 = specmemcore void @_ssdm_op_SpecMemCore, i64 %c_4, i64 666, i64 17, i64 18446744073709551615"   --->   Operation 146 'specmemcore' 'specmemcore_ln0' <Predicate = true> <Delay = 0.00>
ST_12 : Operation 147 [1/1] (0.00ns)   --->   "%specmemcore_ln0 = specmemcore void @_ssdm_op_SpecMemCore, i64 %c_4, i64 666, i64 17, i64 18446744073709551615"   --->   Operation 147 'specmemcore' 'specmemcore_ln0' <Predicate = true> <Delay = 0.00>
ST_12 : Operation 148 [1/1] (0.00ns)   --->   "%specmemcore_ln0 = specmemcore void @_ssdm_op_SpecMemCore, i64 %c_5, i64 666, i64 17, i64 18446744073709551615"   --->   Operation 148 'specmemcore' 'specmemcore_ln0' <Predicate = true> <Delay = 0.00>
ST_12 : Operation 149 [1/1] (0.00ns)   --->   "%specmemcore_ln0 = specmemcore void @_ssdm_op_SpecMemCore, i64 %c_5, i64 666, i64 17, i64 18446744073709551615"   --->   Operation 149 'specmemcore' 'specmemcore_ln0' <Predicate = true> <Delay = 0.00>
ST_12 : Operation 150 [1/1] (0.00ns)   --->   "%specmemcore_ln0 = specmemcore void @_ssdm_op_SpecMemCore, i64 %c_6, i64 666, i64 17, i64 18446744073709551615"   --->   Operation 150 'specmemcore' 'specmemcore_ln0' <Predicate = true> <Delay = 0.00>
ST_12 : Operation 151 [1/1] (0.00ns)   --->   "%specmemcore_ln0 = specmemcore void @_ssdm_op_SpecMemCore, i64 %c_6, i64 666, i64 17, i64 18446744073709551615"   --->   Operation 151 'specmemcore' 'specmemcore_ln0' <Predicate = true> <Delay = 0.00>
ST_12 : Operation 152 [1/1] (0.00ns)   --->   "%specmemcore_ln0 = specmemcore void @_ssdm_op_SpecMemCore, i64 %c_7, i64 666, i64 17, i64 18446744073709551615"   --->   Operation 152 'specmemcore' 'specmemcore_ln0' <Predicate = true> <Delay = 0.00>
ST_12 : Operation 153 [1/1] (0.00ns)   --->   "%specmemcore_ln0 = specmemcore void @_ssdm_op_SpecMemCore, i64 %c_7, i64 666, i64 17, i64 18446744073709551615"   --->   Operation 153 'specmemcore' 'specmemcore_ln0' <Predicate = true> <Delay = 0.00>
ST_12 : Operation 154 [1/1] (0.00ns)   --->   "%specmemcore_ln0 = specmemcore void @_ssdm_op_SpecMemCore, i64 %t3, i64 666, i64 17, i64 18446744073709551615"   --->   Operation 154 'specmemcore' 'specmemcore_ln0' <Predicate = true> <Delay = 0.00>
ST_12 : Operation 155 [1/1] (0.00ns)   --->   "%specmemcore_ln0 = specmemcore void @_ssdm_op_SpecMemCore, i64 %t3_1, i64 666, i64 17, i64 18446744073709551615"   --->   Operation 155 'specmemcore' 'specmemcore_ln0' <Predicate = true> <Delay = 0.00>
ST_12 : Operation 156 [1/1] (0.00ns)   --->   "%specmemcore_ln0 = specmemcore void @_ssdm_op_SpecMemCore, i64 %t3_2, i64 666, i64 17, i64 18446744073709551615"   --->   Operation 156 'specmemcore' 'specmemcore_ln0' <Predicate = true> <Delay = 0.00>
ST_12 : Operation 157 [1/1] (0.00ns)   --->   "%specmemcore_ln0 = specmemcore void @_ssdm_op_SpecMemCore, i64 %t3_3, i64 666, i64 17, i64 18446744073709551615"   --->   Operation 157 'specmemcore' 'specmemcore_ln0' <Predicate = true> <Delay = 0.00>
ST_12 : Operation 158 [1/1] (0.00ns)   --->   "%specmemcore_ln0 = specmemcore void @_ssdm_op_SpecMemCore, i64 %t3_4, i64 666, i64 17, i64 18446744073709551615"   --->   Operation 158 'specmemcore' 'specmemcore_ln0' <Predicate = true> <Delay = 0.00>
ST_12 : Operation 159 [1/1] (0.00ns)   --->   "%specmemcore_ln0 = specmemcore void @_ssdm_op_SpecMemCore, i64 %t3_5, i64 666, i64 17, i64 18446744073709551615"   --->   Operation 159 'specmemcore' 'specmemcore_ln0' <Predicate = true> <Delay = 0.00>
ST_12 : Operation 160 [1/1] (0.00ns)   --->   "%specmemcore_ln0 = specmemcore void @_ssdm_op_SpecMemCore, i64 %t3_6, i64 666, i64 17, i64 18446744073709551615"   --->   Operation 160 'specmemcore' 'specmemcore_ln0' <Predicate = true> <Delay = 0.00>
ST_12 : Operation 161 [1/1] (0.00ns)   --->   "%specmemcore_ln0 = specmemcore void @_ssdm_op_SpecMemCore, i64 %t3_7, i64 666, i64 17, i64 18446744073709551615"   --->   Operation 161 'specmemcore' 'specmemcore_ln0' <Predicate = true> <Delay = 0.00>
ST_12 : Operation 162 [1/1] (0.00ns)   --->   "%specmemcore_ln0 = specmemcore void @_ssdm_op_SpecMemCore, i64 %t1, i64 666, i64 17, i64 18446744073709551615"   --->   Operation 162 'specmemcore' 'specmemcore_ln0' <Predicate = true> <Delay = 0.00>
ST_12 : Operation 163 [1/1] (0.00ns)   --->   "%specmemcore_ln0 = specmemcore void @_ssdm_op_SpecMemCore, i64 %t1_1, i64 666, i64 17, i64 18446744073709551615"   --->   Operation 163 'specmemcore' 'specmemcore_ln0' <Predicate = true> <Delay = 0.00>
ST_12 : Operation 164 [1/1] (0.00ns)   --->   "%specmemcore_ln0 = specmemcore void @_ssdm_op_SpecMemCore, i64 %t1_2, i64 666, i64 17, i64 18446744073709551615"   --->   Operation 164 'specmemcore' 'specmemcore_ln0' <Predicate = true> <Delay = 0.00>
ST_12 : Operation 165 [1/1] (0.00ns)   --->   "%specmemcore_ln0 = specmemcore void @_ssdm_op_SpecMemCore, i64 %t1_3, i64 666, i64 17, i64 18446744073709551615"   --->   Operation 165 'specmemcore' 'specmemcore_ln0' <Predicate = true> <Delay = 0.00>
ST_12 : Operation 166 [1/1] (0.00ns)   --->   "%specmemcore_ln0 = specmemcore void @_ssdm_op_SpecMemCore, i64 %t1_4, i64 666, i64 17, i64 18446744073709551615"   --->   Operation 166 'specmemcore' 'specmemcore_ln0' <Predicate = true> <Delay = 0.00>
ST_12 : Operation 167 [1/1] (0.00ns)   --->   "%specmemcore_ln0 = specmemcore void @_ssdm_op_SpecMemCore, i64 %t1_5, i64 666, i64 17, i64 18446744073709551615"   --->   Operation 167 'specmemcore' 'specmemcore_ln0' <Predicate = true> <Delay = 0.00>
ST_12 : Operation 168 [1/1] (0.00ns)   --->   "%specmemcore_ln0 = specmemcore void @_ssdm_op_SpecMemCore, i64 %t1_6, i64 666, i64 17, i64 18446744073709551615"   --->   Operation 168 'specmemcore' 'specmemcore_ln0' <Predicate = true> <Delay = 0.00>
ST_12 : Operation 169 [1/1] (0.00ns)   --->   "%specmemcore_ln0 = specmemcore void @_ssdm_op_SpecMemCore, i64 %t1_7, i64 666, i64 17, i64 18446744073709551615"   --->   Operation 169 'specmemcore' 'specmemcore_ln0' <Predicate = true> <Delay = 0.00>
ST_12 : Operation 170 [1/2] (0.00ns)   --->   "%call_ln151 = call void @fpmul503_mont.8, i64 %t3, i64 %t3_1, i64 %t3_2, i64 %t3_3, i64 %t3_4, i64 %t3_5, i64 %t3_6, i64 %t3_7, i64 %c_0_load_2, i64 %c_1_load_2, i64 %c_2_load_2, i64 %c_3_load_2, i64 %c_4_load_2, i64 %c_5_load_2, i64 %c_6_load_2, i64 %c_7_load_2, i64 %c_0, i1 1, i64 %c_1, i1 1, i64 %c_2, i1 1, i64 %c_3, i1 1, i64 %c_4, i1 1, i64 %c_5, i1 1, i64 %c_6, i1 1, i64 %c_7, i1 1, i64 %p503p1_1" [src/fpx.cpp:151]   --->   Operation 170 'call' 'call_ln151' <Predicate = true> <Delay = 0.00> <CoreType = "Generic">   --->   Generic Core
ST_12 : Operation 171 [1/1] (0.00ns)   --->   "%ret_ln152 = ret" [src/fpx.cpp:152]   --->   Operation 171 'ret' 'ret_ln152' <Predicate = true> <Delay = 0.00>


============================================================
+ Verbose Summary: Binding
============================================================
STG Binding: 
---------------- STG Properties BEGIN ----------------
- Is combinational: 0
- Is one-state seq: 0
- Is datapath-only: 0
- Is pipelined: 0
- Is top level: 0
Port [ Return ] is wired: 1; IO mode=ap_ctrl_hs:ce=0
Port [ c_0]:  wired=1; compound=1; hidden=0; nouse=0; global=0; static=0; extern=0; dir=2; type=1; pingpong=0; private_global=0; MemPort=[2]; IO mode=ap_memory:ce=0
Port [ c_1]:  wired=1; compound=1; hidden=0; nouse=0; global=0; static=0; extern=0; dir=2; type=1; pingpong=0; private_global=0; MemPort=[2]; IO mode=ap_memory:ce=0
Port [ c_2]:  wired=1; compound=1; hidden=0; nouse=0; global=0; static=0; extern=0; dir=2; type=1; pingpong=0; private_global=0; MemPort=[2]; IO mode=ap_memory:ce=0
Port [ c_3]:  wired=1; compound=1; hidden=0; nouse=0; global=0; static=0; extern=0; dir=2; type=1; pingpong=0; private_global=0; MemPort=[2]; IO mode=ap_memory:ce=0
Port [ c_4]:  wired=1; compound=1; hidden=0; nouse=0; global=0; static=0; extern=0; dir=2; type=1; pingpong=0; private_global=0; MemPort=[2]; IO mode=ap_memory:ce=0
Port [ c_5]:  wired=1; compound=1; hidden=0; nouse=0; global=0; static=0; extern=0; dir=2; type=1; pingpong=0; private_global=0; MemPort=[2]; IO mode=ap_memory:ce=0
Port [ c_6]:  wired=1; compound=1; hidden=0; nouse=0; global=0; static=0; extern=0; dir=2; type=1; pingpong=0; private_global=0; MemPort=[2]; IO mode=ap_memory:ce=0
Port [ c_7]:  wired=1; compound=1; hidden=0; nouse=0; global=0; static=0; extern=0; dir=2; type=1; pingpong=0; private_global=0; MemPort=[2]; IO mode=ap_memory:ce=0
Port [ p503x2_1]:  wired=0; compound=1; hidden=1; nouse=1; global=1; static=1; extern=0; dir=0; type=1; pingpong=0; private_global=0; MemPort=[1]; IO mode=ap_memory:ce=0
Port [ p503p1_1]:  wired=0; compound=1; hidden=1; nouse=1; global=1; static=1; extern=0; dir=0; type=1; pingpong=0; private_global=0; MemPort=[1]; IO mode=ap_memory:ce=0
---------------- STG Properties END ------------------

---------------- Datapath Model BEGIN ----------------

<LifeTime>
<method=bitvector/>
borrow_loc        (alloca       ) [ 0011110000000]
t1                (alloca       ) [ 0011111111111]
t1_1              (alloca       ) [ 0011111111111]
t1_2              (alloca       ) [ 0011111111111]
t1_3              (alloca       ) [ 0011111111111]
t1_4              (alloca       ) [ 0011111111111]
t1_5              (alloca       ) [ 0011111111111]
t1_6              (alloca       ) [ 0011111111111]
t1_7              (alloca       ) [ 0011111111111]
t2                (alloca       ) [ 0011111100000]
t2_1              (alloca       ) [ 0011111100000]
t2_2              (alloca       ) [ 0011111100000]
t2_3              (alloca       ) [ 0011111100000]
t2_4              (alloca       ) [ 0011111100000]
t2_5              (alloca       ) [ 0011111100000]
t2_6              (alloca       ) [ 0011111100000]
t2_7              (alloca       ) [ 0011111100000]
t3                (alloca       ) [ 0011111111111]
t3_1              (alloca       ) [ 0011111111111]
t3_2              (alloca       ) [ 0011111111111]
t3_3              (alloca       ) [ 0011111111111]
t3_4              (alloca       ) [ 0011111111111]
t3_5              (alloca       ) [ 0011111111111]
t3_6              (alloca       ) [ 0011111111111]
t3_7              (alloca       ) [ 0011111111111]
c_0_addr          (getelementptr) [ 0010000000000]
c_1_addr          (getelementptr) [ 0010000000000]
c_2_addr          (getelementptr) [ 0010000000000]
c_3_addr          (getelementptr) [ 0010000000000]
c_4_addr          (getelementptr) [ 0010000000000]
c_5_addr          (getelementptr) [ 0010000000000]
c_6_addr          (getelementptr) [ 0010000000000]
c_7_addr          (getelementptr) [ 0010000000000]
specmemcore_ln379 (specmemcore  ) [ 0000000000000]
specmemcore_ln379 (specmemcore  ) [ 0000000000000]
specmemcore_ln379 (specmemcore  ) [ 0000000000000]
specmemcore_ln379 (specmemcore  ) [ 0000000000000]
specmemcore_ln379 (specmemcore  ) [ 0000000000000]
specmemcore_ln379 (specmemcore  ) [ 0000000000000]
specmemcore_ln379 (specmemcore  ) [ 0000000000000]
specmemcore_ln379 (specmemcore  ) [ 0000000000000]
c_0_addr_1        (getelementptr) [ 0001111111100]
c_1_addr_1        (getelementptr) [ 0001111111100]
c_2_addr_1        (getelementptr) [ 0001111111100]
c_3_addr_1        (getelementptr) [ 0001111111100]
c_4_addr_1        (getelementptr) [ 0001111111100]
c_5_addr_1        (getelementptr) [ 0001111111100]
c_6_addr_1        (getelementptr) [ 0001111111100]
c_7_addr_1        (getelementptr) [ 0001111111100]
c_0_load          (load         ) [ 0001100000000]
c_1_load          (load         ) [ 0001100000000]
c_2_load          (load         ) [ 0001100000000]
c_3_load          (load         ) [ 0001100000000]
c_4_load          (load         ) [ 0001100000000]
c_5_load          (load         ) [ 0001100000000]
c_6_load          (load         ) [ 0001100000000]
c_7_load          (load         ) [ 0001100000000]
specmemcore_ln379 (specmemcore  ) [ 0000000000000]
specmemcore_ln379 (specmemcore  ) [ 0000000000000]
specmemcore_ln379 (specmemcore  ) [ 0000000000000]
specmemcore_ln379 (specmemcore  ) [ 0000000000000]
specmemcore_ln379 (specmemcore  ) [ 0000000000000]
specmemcore_ln379 (specmemcore  ) [ 0000000000000]
specmemcore_ln379 (specmemcore  ) [ 0000000000000]
specmemcore_ln379 (specmemcore  ) [ 0000000000000]
c_0_load_1        (load         ) [ 0000100000000]
c_1_load_1        (load         ) [ 0000100000000]
c_2_load_1        (load         ) [ 0000100000000]
c_3_load_1        (load         ) [ 0000100000000]
c_4_load_1        (load         ) [ 0000100000000]
c_5_load_1        (load         ) [ 0000100000000]
c_6_load_1        (load         ) [ 0000100000000]
c_7_load_1        (load         ) [ 0000100000000]
call_ln379        (call         ) [ 0000000000000]
call_ln379        (call         ) [ 0000000000000]
call_ln379        (call         ) [ 0000000000000]
borrow_loc_load   (load         ) [ 0000001000000]
call_ln0          (call         ) [ 0000000000000]
t2_load           (load         ) [ 0000000010000]
t2_1_load         (load         ) [ 0000000010000]
t2_2_load         (load         ) [ 0000000010000]
t2_3_load         (load         ) [ 0000000010000]
t2_4_load         (load         ) [ 0000000010000]
t2_5_load         (load         ) [ 0000000010000]
t2_6_load         (load         ) [ 0000000010000]
t2_7_load         (load         ) [ 0000000010000]
call_ln150        (call         ) [ 0000000000000]
c_0_load_2        (load         ) [ 0000000000011]
c_1_load_2        (load         ) [ 0000000000011]
c_2_load_2        (load         ) [ 0000000000011]
c_3_load_2        (load         ) [ 0000000000011]
c_4_load_2        (load         ) [ 0000000000011]
c_5_load_2        (load         ) [ 0000000000011]
c_6_load_2        (load         ) [ 0000000000011]
c_7_load_2        (load         ) [ 0000000000011]
specmemcore_ln0   (specmemcore  ) [ 0000000000000]
specmemcore_ln0   (specmemcore  ) [ 0000000000000]
specmemcore_ln0   (specmemcore  ) [ 0000000000000]
specmemcore_ln0   (specmemcore  ) [ 0000000000000]
specmemcore_ln0   (specmemcore  ) [ 0000000000000]
specmemcore_ln0   (specmemcore  ) [ 0000000000000]
specmemcore_ln0   (specmemcore  ) [ 0000000000000]
specmemcore_ln0   (specmemcore  ) [ 0000000000000]
specmemcore_ln0   (specmemcore  ) [ 0000000000000]
specmemcore_ln0   (specmemcore  ) [ 0000000000000]
specmemcore_ln0   (specmemcore  ) [ 0000000000000]
specmemcore_ln0   (specmemcore  ) [ 0000000000000]
specmemcore_ln0   (specmemcore  ) [ 0000000000000]
specmemcore_ln0   (specmemcore  ) [ 0000000000000]
specmemcore_ln0   (specmemcore  ) [ 0000000000000]
specmemcore_ln0   (specmemcore  ) [ 0000000000000]
specmemcore_ln0   (specmemcore  ) [ 0000000000000]
specmemcore_ln0   (specmemcore  ) [ 0000000000000]
specmemcore_ln0   (specmemcore  ) [ 0000000000000]
specmemcore_ln0   (specmemcore  ) [ 0000000000000]
specmemcore_ln0   (specmemcore  ) [ 0000000000000]
specmemcore_ln0   (specmemcore  ) [ 0000000000000]
specmemcore_ln0   (specmemcore  ) [ 0000000000000]
specmemcore_ln0   (specmemcore  ) [ 0000000000000]
specmemcore_ln0   (specmemcore  ) [ 0000000000000]
specmemcore_ln0   (specmemcore  ) [ 0000000000000]
specmemcore_ln0   (specmemcore  ) [ 0000000000000]
specmemcore_ln0   (specmemcore  ) [ 0000000000000]
specmemcore_ln0   (specmemcore  ) [ 0000000000000]
specmemcore_ln0   (specmemcore  ) [ 0000000000000]
specmemcore_ln0   (specmemcore  ) [ 0000000000000]
specmemcore_ln0   (specmemcore  ) [ 0000000000000]
call_ln151        (call         ) [ 0000000000000]
ret_ln152         (ret          ) [ 0000000000000]
</LifeTime>

<model>

<comp_list>
<comp id="0" class="1000" name="c_0">
<pin_list>
<pin id="1" dir="1" index="0" bw="1" slack="0"/>
</pin_list>
<bind>
<StgValue><ssdm name="c_0"/><MemPortTyVec>2 </MemPortTyVec>
</StgValue>
</bind>
</comp>

<comp id="2" class="1000" name="c_1">
<pin_list>
<pin id="3" dir="1" index="0" bw="1" slack="0"/>
</pin_list>
<bind>
<StgValue><ssdm name="c_1"/><MemPortTyVec>2 </MemPortTyVec>
</StgValue>
</bind>
</comp>

<comp id="4" class="1000" name="c_2">
<pin_list>
<pin id="5" dir="1" index="0" bw="1" slack="0"/>
</pin_list>
<bind>
<StgValue><ssdm name="c_2"/><MemPortTyVec>2 </MemPortTyVec>
</StgValue>
</bind>
</comp>

<comp id="6" class="1000" name="c_3">
<pin_list>
<pin id="7" dir="1" index="0" bw="1" slack="0"/>
</pin_list>
<bind>
<StgValue><ssdm name="c_3"/><MemPortTyVec>2 </MemPortTyVec>
</StgValue>
</bind>
</comp>

<comp id="8" class="1000" name="c_4">
<pin_list>
<pin id="9" dir="1" index="0" bw="1" slack="0"/>
</pin_list>
<bind>
<StgValue><ssdm name="c_4"/><MemPortTyVec>2 </MemPortTyVec>
</StgValue>
</bind>
</comp>

<comp id="10" class="1000" name="c_5">
<pin_list>
<pin id="11" dir="1" index="0" bw="1" slack="0"/>
</pin_list>
<bind>
<StgValue><ssdm name="c_5"/><MemPortTyVec>2 </MemPortTyVec>
</StgValue>
</bind>
</comp>

<comp id="12" class="1000" name="c_6">
<pin_list>
<pin id="13" dir="1" index="0" bw="1" slack="0"/>
</pin_list>
<bind>
<StgValue><ssdm name="c_6"/><MemPortTyVec>2 </MemPortTyVec>
</StgValue>
</bind>
</comp>

<comp id="14" class="1000" name="c_7">
<pin_list>
<pin id="15" dir="1" index="0" bw="1" slack="0"/>
</pin_list>
<bind>
<StgValue><ssdm name="c_7"/><MemPortTyVec>2 </MemPortTyVec>
</StgValue>
</bind>
</comp>

<comp id="16" class="1000" name="p503x2_1">
<pin_list>
<pin id="17" dir="1" index="0" bw="1" slack="0"/>
</pin_list>
<bind>
<StgValue><ssdm name="p503x2_1"/><MemPortTyVec>1 </MemPortTyVec>
</StgValue>
</bind>
</comp>

<comp id="18" class="1000" name="p503p1_1">
<pin_list>
<pin id="19" dir="1" index="0" bw="1" slack="0"/>
</pin_list>
<bind>
<StgValue><ssdm name="p503p1_1"/><MemPortTyVec>1 </MemPortTyVec>
</StgValue>
</bind>
</comp>

<comp id="20" class="1001" name="const_20">
<pin_list>
<pin id="21" dir="1" index="0" bw="1" slack="0"/>
</pin_list>
<bind>
<StgValue><ssdm name=""/></StgValue>
</bind>
</comp>

<comp id="22" class="1001" name="const_22">
<pin_list>
<pin id="23" dir="1" index="0" bw="1" slack="0"/>
</pin_list>
<bind>
<StgValue><ssdm name=""/></StgValue>
</bind>
</comp>

<comp id="24" class="1001" name="const_24">
<pin_list>
<pin id="25" dir="1" index="0" bw="1" slack="2147483647"/>
</pin_list>
<bind>
<StgValue><ssdm name="_ssdm_op_SpecMemCore"/></StgValue>
</bind>
</comp>

<comp id="26" class="1001" name="const_26">
<pin_list>
<pin id="27" dir="1" index="0" bw="1" slack="2147483647"/>
</pin_list>
<bind>
<StgValue><ssdm name=""/></StgValue>
</bind>
</comp>

<comp id="28" class="1001" name="const_28">
<pin_list>
<pin id="29" dir="1" index="0" bw="1" slack="2147483647"/>
</pin_list>
<bind>
<StgValue><ssdm name=""/></StgValue>
</bind>
</comp>

<comp id="30" class="1001" name="const_30">
<pin_list>
<pin id="31" dir="1" index="0" bw="1" slack="2147483647"/>
</pin_list>
<bind>
<StgValue><ssdm name=""/></StgValue>
</bind>
</comp>

<comp id="32" class="1001" name="const_32">
<pin_list>
<pin id="33" dir="1" index="0" bw="1" slack="0"/>
</pin_list>
<bind>
<StgValue><ssdm name="fp2sqr503_mont.3.1_Pipeline_VITIS_LOOP_376_1"/></StgValue>
</bind>
</comp>

<comp id="34" class="1001" name="const_34">
<pin_list>
<pin id="35" dir="1" index="0" bw="1" slack="0"/>
</pin_list>
<bind>
<StgValue><ssdm name="fp2sqr503_mont.3.1_Pipeline_VITIS_LOOP_61_1"/></StgValue>
</bind>
</comp>

<comp id="36" class="1001" name="const_36">
<pin_list>
<pin id="37" dir="1" index="0" bw="1" slack="0"/>
</pin_list>
<bind>
<StgValue><ssdm name="fp2sqr503_mont.3.1_Pipeline_VITIS_LOOP_376_148"/></StgValue>
</bind>
</comp>

<comp id="38" class="1001" name="const_38">
<pin_list>
<pin id="39" dir="1" index="0" bw="1" slack="0"/>
</pin_list>
<bind>
<StgValue><ssdm name="fp2sqr503_mont.3.1_Pipeline_VITIS_LOOP_68_2"/></StgValue>
</bind>
</comp>

<comp id="40" class="1001" name="const_40">
<pin_list>
<pin id="41" dir="1" index="0" bw="1" slack="0"/>
</pin_list>
<bind>
<StgValue><ssdm name="fpmul503_mont.8"/></StgValue>
</bind>
</comp>

<comp id="42" class="1001" name="const_42">
<pin_list>
<pin id="43" dir="1" index="0" bw="1" slack="0"/>
</pin_list>
<bind>
<StgValue><ssdm name=""/></StgValue>
</bind>
</comp>

<comp id="44" class="1001" name="const_44">
<pin_list>
<pin id="45" dir="1" index="0" bw="1" slack="0"/>
</pin_list>
<bind>
<StgValue><ssdm name=""/></StgValue>
</bind>
</comp>

<comp id="46" class="1004" name="borrow_loc_fu_46">
<pin_list>
<pin id="47" dir="0" index="0" bw="1" slack="0"/>
<pin id="48" dir="1" index="1" bw="1" slack="2"/>
</pin_list>
<bind>
<opcode="alloca(26) " fcode="alloca"/>
<opset="borrow_loc/1 "/>
</bind>
</comp>

<comp id="50" class="1004" name="t1_fu_50">
<pin_list>
<pin id="51" dir="0" index="0" bw="1" slack="0"/>
<pin id="52" dir="1" index="1" bw="64" slack="2"/>
</pin_list>
<bind>
<opcode="alloca(26) " fcode="alloca"/>
<opset="t1/1 "/>
</bind>
</comp>

<comp id="54" class="1004" name="t1_1_fu_54">
<pin_list>
<pin id="55" dir="0" index="0" bw="1" slack="0"/>
<pin id="56" dir="1" index="1" bw="64" slack="2"/>
</pin_list>
<bind>
<opcode="alloca(26) " fcode="alloca"/>
<opset="t1_1/1 "/>
</bind>
</comp>

<comp id="58" class="1004" name="t1_2_fu_58">
<pin_list>
<pin id="59" dir="0" index="0" bw="1" slack="0"/>
<pin id="60" dir="1" index="1" bw="64" slack="2"/>
</pin_list>
<bind>
<opcode="alloca(26) " fcode="alloca"/>
<opset="t1_2/1 "/>
</bind>
</comp>

<comp id="62" class="1004" name="t1_3_fu_62">
<pin_list>
<pin id="63" dir="0" index="0" bw="1" slack="0"/>
<pin id="64" dir="1" index="1" bw="64" slack="2"/>
</pin_list>
<bind>
<opcode="alloca(26) " fcode="alloca"/>
<opset="t1_3/1 "/>
</bind>
</comp>

<comp id="66" class="1004" name="t1_4_fu_66">
<pin_list>
<pin id="67" dir="0" index="0" bw="1" slack="0"/>
<pin id="68" dir="1" index="1" bw="64" slack="2"/>
</pin_list>
<bind>
<opcode="alloca(26) " fcode="alloca"/>
<opset="t1_4/1 "/>
</bind>
</comp>

<comp id="70" class="1004" name="t1_5_fu_70">
<pin_list>
<pin id="71" dir="0" index="0" bw="1" slack="0"/>
<pin id="72" dir="1" index="1" bw="64" slack="2"/>
</pin_list>
<bind>
<opcode="alloca(26) " fcode="alloca"/>
<opset="t1_5/1 "/>
</bind>
</comp>

<comp id="74" class="1004" name="t1_6_fu_74">
<pin_list>
<pin id="75" dir="0" index="0" bw="1" slack="0"/>
<pin id="76" dir="1" index="1" bw="64" slack="2"/>
</pin_list>
<bind>
<opcode="alloca(26) " fcode="alloca"/>
<opset="t1_6/1 "/>
</bind>
</comp>

<comp id="78" class="1004" name="t1_7_fu_78">
<pin_list>
<pin id="79" dir="0" index="0" bw="1" slack="0"/>
<pin id="80" dir="1" index="1" bw="64" slack="2"/>
</pin_list>
<bind>
<opcode="alloca(26) " fcode="alloca"/>
<opset="t1_7/1 "/>
</bind>
</comp>

<comp id="82" class="1004" name="t2_fu_82">
<pin_list>
<pin id="83" dir="0" index="0" bw="1" slack="0"/>
<pin id="84" dir="1" index="1" bw="64" slack="2"/>
</pin_list>
<bind>
<opcode="alloca(26) " fcode="alloca"/>
<opset="t2/1 "/>
</bind>
</comp>

<comp id="86" class="1004" name="t2_1_fu_86">
<pin_list>
<pin id="87" dir="0" index="0" bw="1" slack="0"/>
<pin id="88" dir="1" index="1" bw="64" slack="2"/>
</pin_list>
<bind>
<opcode="alloca(26) " fcode="alloca"/>
<opset="t2_1/1 "/>
</bind>
</comp>

<comp id="90" class="1004" name="t2_2_fu_90">
<pin_list>
<pin id="91" dir="0" index="0" bw="1" slack="0"/>
<pin id="92" dir="1" index="1" bw="64" slack="2"/>
</pin_list>
<bind>
<opcode="alloca(26) " fcode="alloca"/>
<opset="t2_2/1 "/>
</bind>
</comp>

<comp id="94" class="1004" name="t2_3_fu_94">
<pin_list>
<pin id="95" dir="0" index="0" bw="1" slack="0"/>
<pin id="96" dir="1" index="1" bw="64" slack="2"/>
</pin_list>
<bind>
<opcode="alloca(26) " fcode="alloca"/>
<opset="t2_3/1 "/>
</bind>
</comp>

<comp id="98" class="1004" name="t2_4_fu_98">
<pin_list>
<pin id="99" dir="0" index="0" bw="1" slack="0"/>
<pin id="100" dir="1" index="1" bw="64" slack="2"/>
</pin_list>
<bind>
<opcode="alloca(26) " fcode="alloca"/>
<opset="t2_4/1 "/>
</bind>
</comp>

<comp id="102" class="1004" name="t2_5_fu_102">
<pin_list>
<pin id="103" dir="0" index="0" bw="1" slack="0"/>
<pin id="104" dir="1" index="1" bw="64" slack="2"/>
</pin_list>
<bind>
<opcode="alloca(26) " fcode="alloca"/>
<opset="t2_5/1 "/>
</bind>
</comp>

<comp id="106" class="1004" name="t2_6_fu_106">
<pin_list>
<pin id="107" dir="0" index="0" bw="1" slack="0"/>
<pin id="108" dir="1" index="1" bw="64" slack="2"/>
</pin_list>
<bind>
<opcode="alloca(26) " fcode="alloca"/>
<opset="t2_6/1 "/>
</bind>
</comp>

<comp id="110" class="1004" name="t2_7_fu_110">
<pin_list>
<pin id="111" dir="0" index="0" bw="1" slack="0"/>
<pin id="112" dir="1" index="1" bw="64" slack="2"/>
</pin_list>
<bind>
<opcode="alloca(26) " fcode="alloca"/>
<opset="t2_7/1 "/>
</bind>
</comp>

<comp id="114" class="1004" name="t3_fu_114">
<pin_list>
<pin id="115" dir="0" index="0" bw="1" slack="0"/>
<pin id="116" dir="1" index="1" bw="64" slack="2"/>
</pin_list>
<bind>
<opcode="alloca(26) " fcode="alloca"/>
<opset="t3/1 "/>
</bind>
</comp>

<comp id="118" class="1004" name="t3_1_fu_118">
<pin_list>
<pin id="119" dir="0" index="0" bw="1" slack="0"/>
<pin id="120" dir="1" index="1" bw="64" slack="2"/>
</pin_list>
<bind>
<opcode="alloca(26) " fcode="alloca"/>
<opset="t3_1/1 "/>
</bind>
</comp>

<comp id="122" class="1004" name="t3_2_fu_122">
<pin_list>
<pin id="123" dir="0" index="0" bw="1" slack="0"/>
<pin id="124" dir="1" index="1" bw="64" slack="2"/>
</pin_list>
<bind>
<opcode="alloca(26) " fcode="alloca"/>
<opset="t3_2/1 "/>
</bind>
</comp>

<comp id="126" class="1004" name="t3_3_fu_126">
<pin_list>
<pin id="127" dir="0" index="0" bw="1" slack="0"/>
<pin id="128" dir="1" index="1" bw="64" slack="2"/>
</pin_list>
<bind>
<opcode="alloca(26) " fcode="alloca"/>
<opset="t3_3/1 "/>
</bind>
</comp>

<comp id="130" class="1004" name="t3_4_fu_130">
<pin_list>
<pin id="131" dir="0" index="0" bw="1" slack="0"/>
<pin id="132" dir="1" index="1" bw="64" slack="2"/>
</pin_list>
<bind>
<opcode="alloca(26) " fcode="alloca"/>
<opset="t3_4/1 "/>
</bind>
</comp>

<comp id="134" class="1004" name="t3_5_fu_134">
<pin_list>
<pin id="135" dir="0" index="0" bw="1" slack="0"/>
<pin id="136" dir="1" index="1" bw="64" slack="2"/>
</pin_list>
<bind>
<opcode="alloca(26) " fcode="alloca"/>
<opset="t3_5/1 "/>
</bind>
</comp>

<comp id="138" class="1004" name="t3_6_fu_138">
<pin_list>
<pin id="139" dir="0" index="0" bw="1" slack="0"/>
<pin id="140" dir="1" index="1" bw="64" slack="2"/>
</pin_list>
<bind>
<opcode="alloca(26) " fcode="alloca"/>
<opset="t3_6/1 "/>
</bind>
</comp>

<comp id="142" class="1004" name="t3_7_fu_142">
<pin_list>
<pin id="143" dir="0" index="0" bw="1" slack="0"/>
<pin id="144" dir="1" index="1" bw="64" slack="2"/>
</pin_list>
<bind>
<opcode="alloca(26) " fcode="alloca"/>
<opset="t3_7/1 "/>
</bind>
</comp>

<comp id="146" class="1004" name="c_0_addr_gep_fu_146">
<pin_list>
<pin id="147" dir="0" index="0" bw="64" slack="0"/>
<pin id="148" dir="0" index="1" bw="1" slack="0"/>
<pin id="149" dir="0" index="2" bw="1" slack="0"/>
<pin id="150" dir="1" index="3" bw="1" slack="0"/>
</pin_list>
<bind>
<opcode="getelementptr(29) " fcode="getelementptr"/>
<opset="c_0_addr/1 "/>
</bind>
</comp>

<comp id="154" class="1004" name="c_1_addr_gep_fu_154">
<pin_list>
<pin id="155" dir="0" index="0" bw="64" slack="0"/>
<pin id="156" dir="0" index="1" bw="1" slack="0"/>
<pin id="157" dir="0" index="2" bw="1" slack="0"/>
<pin id="158" dir="1" index="3" bw="1" slack="0"/>
</pin_list>
<bind>
<opcode="getelementptr(29) " fcode="getelementptr"/>
<opset="c_1_addr/1 "/>
</bind>
</comp>

<comp id="162" class="1004" name="c_2_addr_gep_fu_162">
<pin_list>
<pin id="163" dir="0" index="0" bw="64" slack="0"/>
<pin id="164" dir="0" index="1" bw="1" slack="0"/>
<pin id="165" dir="0" index="2" bw="1" slack="0"/>
<pin id="166" dir="1" index="3" bw="1" slack="0"/>
</pin_list>
<bind>
<opcode="getelementptr(29) " fcode="getelementptr"/>
<opset="c_2_addr/1 "/>
</bind>
</comp>

<comp id="170" class="1004" name="c_3_addr_gep_fu_170">
<pin_list>
<pin id="171" dir="0" index="0" bw="64" slack="0"/>
<pin id="172" dir="0" index="1" bw="1" slack="0"/>
<pin id="173" dir="0" index="2" bw="1" slack="0"/>
<pin id="174" dir="1" index="3" bw="1" slack="0"/>
</pin_list>
<bind>
<opcode="getelementptr(29) " fcode="getelementptr"/>
<opset="c_3_addr/1 "/>
</bind>
</comp>

<comp id="178" class="1004" name="c_4_addr_gep_fu_178">
<pin_list>
<pin id="179" dir="0" index="0" bw="64" slack="0"/>
<pin id="180" dir="0" index="1" bw="1" slack="0"/>
<pin id="181" dir="0" index="2" bw="1" slack="0"/>
<pin id="182" dir="1" index="3" bw="1" slack="0"/>
</pin_list>
<bind>
<opcode="getelementptr(29) " fcode="getelementptr"/>
<opset="c_4_addr/1 "/>
</bind>
</comp>

<comp id="186" class="1004" name="c_5_addr_gep_fu_186">
<pin_list>
<pin id="187" dir="0" index="0" bw="64" slack="0"/>
<pin id="188" dir="0" index="1" bw="1" slack="0"/>
<pin id="189" dir="0" index="2" bw="1" slack="0"/>
<pin id="190" dir="1" index="3" bw="1" slack="0"/>
</pin_list>
<bind>
<opcode="getelementptr(29) " fcode="getelementptr"/>
<opset="c_5_addr/1 "/>
</bind>
</comp>

<comp id="194" class="1004" name="c_6_addr_gep_fu_194">
<pin_list>
<pin id="195" dir="0" index="0" bw="64" slack="0"/>
<pin id="196" dir="0" index="1" bw="1" slack="0"/>
<pin id="197" dir="0" index="2" bw="1" slack="0"/>
<pin id="198" dir="1" index="3" bw="1" slack="0"/>
</pin_list>
<bind>
<opcode="getelementptr(29) " fcode="getelementptr"/>
<opset="c_6_addr/1 "/>
</bind>
</comp>

<comp id="202" class="1004" name="c_7_addr_gep_fu_202">
<pin_list>
<pin id="203" dir="0" index="0" bw="64" slack="0"/>
<pin id="204" dir="0" index="1" bw="1" slack="0"/>
<pin id="205" dir="0" index="2" bw="1" slack="0"/>
<pin id="206" dir="1" index="3" bw="1" slack="0"/>
</pin_list>
<bind>
<opcode="getelementptr(29) " fcode="getelementptr"/>
<opset="c_7_addr/1 "/>
</bind>
</comp>

<comp id="210" class="1004" name="grp_access_fu_210">
<pin_list>
<pin id="211" dir="0" index="0" bw="1" slack="0"/>
<pin id="212" dir="0" index="1" bw="64" slack="2147483647"/>
<pin id="213" dir="0" index="2" bw="0" slack="2147483647"/>
<pin id="214" dir="1" index="3" bw="64" slack="0"/>
</pin_list>
<bind>
<opcode="load(27) " fcode="load"/>
<opset="c_0_load/1 c_0_load_1/2 c_0_load_2/9 "/>
</bind>
</comp>

<comp id="216" class="1004" name="grp_access_fu_216">
<pin_list>
<pin id="217" dir="0" index="0" bw="1" slack="0"/>
<pin id="218" dir="0" index="1" bw="64" slack="2147483647"/>
<pin id="219" dir="0" index="2" bw="0" slack="2147483647"/>
<pin id="220" dir="1" index="3" bw="64" slack="0"/>
</pin_list>
<bind>
<opcode="load(27) " fcode="load"/>
<opset="c_1_load/1 c_1_load_1/2 c_1_load_2/9 "/>
</bind>
</comp>

<comp id="222" class="1004" name="grp_access_fu_222">
<pin_list>
<pin id="223" dir="0" index="0" bw="1" slack="0"/>
<pin id="224" dir="0" index="1" bw="64" slack="2147483647"/>
<pin id="225" dir="0" index="2" bw="0" slack="2147483647"/>
<pin id="226" dir="1" index="3" bw="64" slack="0"/>
</pin_list>
<bind>
<opcode="load(27) " fcode="load"/>
<opset="c_2_load/1 c_2_load_1/2 c_2_load_2/9 "/>
</bind>
</comp>

<comp id="228" class="1004" name="grp_access_fu_228">
<pin_list>
<pin id="229" dir="0" index="0" bw="1" slack="0"/>
<pin id="230" dir="0" index="1" bw="64" slack="2147483647"/>
<pin id="231" dir="0" index="2" bw="0" slack="2147483647"/>
<pin id="232" dir="1" index="3" bw="64" slack="0"/>
</pin_list>
<bind>
<opcode="load(27) " fcode="load"/>
<opset="c_3_load/1 c_3_load_1/2 c_3_load_2/9 "/>
</bind>
</comp>

<comp id="234" class="1004" name="grp_access_fu_234">
<pin_list>
<pin id="235" dir="0" index="0" bw="1" slack="0"/>
<pin id="236" dir="0" index="1" bw="64" slack="2147483647"/>
<pin id="237" dir="0" index="2" bw="0" slack="2147483647"/>
<pin id="238" dir="1" index="3" bw="64" slack="0"/>
</pin_list>
<bind>
<opcode="load(27) " fcode="load"/>
<opset="c_4_load/1 c_4_load_1/2 c_4_load_2/9 "/>
</bind>
</comp>

<comp id="240" class="1004" name="grp_access_fu_240">
<pin_list>
<pin id="241" dir="0" index="0" bw="1" slack="0"/>
<pin id="242" dir="0" index="1" bw="64" slack="2147483647"/>
<pin id="243" dir="0" index="2" bw="0" slack="2147483647"/>
<pin id="244" dir="1" index="3" bw="64" slack="0"/>
</pin_list>
<bind>
<opcode="load(27) " fcode="load"/>
<opset="c_5_load/1 c_5_load_1/2 c_5_load_2/9 "/>
</bind>
</comp>

<comp id="246" class="1004" name="grp_access_fu_246">
<pin_list>
<pin id="247" dir="0" index="0" bw="1" slack="0"/>
<pin id="248" dir="0" index="1" bw="64" slack="2147483647"/>
<pin id="249" dir="0" index="2" bw="0" slack="2147483647"/>
<pin id="250" dir="1" index="3" bw="64" slack="0"/>
</pin_list>
<bind>
<opcode="load(27) " fcode="load"/>
<opset="c_6_load/1 c_6_load_1/2 c_6_load_2/9 "/>
</bind>
</comp>

<comp id="252" class="1004" name="grp_access_fu_252">
<pin_list>
<pin id="253" dir="0" index="0" bw="1" slack="0"/>
<pin id="254" dir="0" index="1" bw="64" slack="2147483647"/>
<pin id="255" dir="0" index="2" bw="0" slack="2147483647"/>
<pin id="256" dir="1" index="3" bw="64" slack="0"/>
</pin_list>
<bind>
<opcode="load(27) " fcode="load"/>
<opset="c_7_load/1 c_7_load_1/2 c_7_load_2/9 "/>
</bind>
</comp>

<comp id="258" class="1004" name="c_0_addr_1_gep_fu_258">
<pin_list>
<pin id="259" dir="0" index="0" bw="64" slack="0"/>
<pin id="260" dir="0" index="1" bw="1" slack="0"/>
<pin id="261" dir="0" index="2" bw="1" slack="0"/>
<pin id="262" dir="1" index="3" bw="1" slack="0"/>
</pin_list>
<bind>
<opcode="getelementptr(29) " fcode="getelementptr"/>
<opset="c_0_addr_1/2 "/>
</bind>
</comp>

<comp id="266" class="1004" name="c_1_addr_1_gep_fu_266">
<pin_list>
<pin id="267" dir="0" index="0" bw="64" slack="0"/>
<pin id="268" dir="0" index="1" bw="1" slack="0"/>
<pin id="269" dir="0" index="2" bw="1" slack="0"/>
<pin id="270" dir="1" index="3" bw="1" slack="0"/>
</pin_list>
<bind>
<opcode="getelementptr(29) " fcode="getelementptr"/>
<opset="c_1_addr_1/2 "/>
</bind>
</comp>

<comp id="274" class="1004" name="c_2_addr_1_gep_fu_274">
<pin_list>
<pin id="275" dir="0" index="0" bw="64" slack="0"/>
<pin id="276" dir="0" index="1" bw="1" slack="0"/>
<pin id="277" dir="0" index="2" bw="1" slack="0"/>
<pin id="278" dir="1" index="3" bw="1" slack="0"/>
</pin_list>
<bind>
<opcode="getelementptr(29) " fcode="getelementptr"/>
<opset="c_2_addr_1/2 "/>
</bind>
</comp>

<comp id="282" class="1004" name="c_3_addr_1_gep_fu_282">
<pin_list>
<pin id="283" dir="0" index="0" bw="64" slack="0"/>
<pin id="284" dir="0" index="1" bw="1" slack="0"/>
<pin id="285" dir="0" index="2" bw="1" slack="0"/>
<pin id="286" dir="1" index="3" bw="1" slack="0"/>
</pin_list>
<bind>
<opcode="getelementptr(29) " fcode="getelementptr"/>
<opset="c_3_addr_1/2 "/>
</bind>
</comp>

<comp id="290" class="1004" name="c_4_addr_1_gep_fu_290">
<pin_list>
<pin id="291" dir="0" index="0" bw="64" slack="0"/>
<pin id="292" dir="0" index="1" bw="1" slack="0"/>
<pin id="293" dir="0" index="2" bw="1" slack="0"/>
<pin id="294" dir="1" index="3" bw="1" slack="0"/>
</pin_list>
<bind>
<opcode="getelementptr(29) " fcode="getelementptr"/>
<opset="c_4_addr_1/2 "/>
</bind>
</comp>

<comp id="298" class="1004" name="c_5_addr_1_gep_fu_298">
<pin_list>
<pin id="299" dir="0" index="0" bw="64" slack="0"/>
<pin id="300" dir="0" index="1" bw="1" slack="0"/>
<pin id="301" dir="0" index="2" bw="1" slack="0"/>
<pin id="302" dir="1" index="3" bw="1" slack="0"/>
</pin_list>
<bind>
<opcode="getelementptr(29) " fcode="getelementptr"/>
<opset="c_5_addr_1/2 "/>
</bind>
</comp>

<comp id="306" class="1004" name="c_6_addr_1_gep_fu_306">
<pin_list>
<pin id="307" dir="0" index="0" bw="64" slack="0"/>
<pin id="308" dir="0" index="1" bw="1" slack="0"/>
<pin id="309" dir="0" index="2" bw="1" slack="0"/>
<pin id="310" dir="1" index="3" bw="1" slack="0"/>
</pin_list>
<bind>
<opcode="getelementptr(29) " fcode="getelementptr"/>
<opset="c_6_addr_1/2 "/>
</bind>
</comp>

<comp id="314" class="1004" name="c_7_addr_1_gep_fu_314">
<pin_list>
<pin id="315" dir="0" index="0" bw="64" slack="0"/>
<pin id="316" dir="0" index="1" bw="1" slack="0"/>
<pin id="317" dir="0" index="2" bw="1" slack="0"/>
<pin id="318" dir="1" index="3" bw="1" slack="0"/>
</pin_list>
<bind>
<opcode="getelementptr(29) " fcode="getelementptr"/>
<opset="c_7_addr_1/2 "/>
</bind>
</comp>

<comp id="330" class="1004" name="grp_fp2sqr503_mont_3_1_Pipeline_VITIS_LOOP_376_1_fu_330">
<pin_list>
<pin id="331" dir="0" index="0" bw="0" slack="0"/>
<pin id="332" dir="0" index="1" bw="64" slack="2"/>
<pin id="333" dir="0" index="2" bw="64" slack="2"/>
<pin id="334" dir="0" index="3" bw="64" slack="2"/>
<pin id="335" dir="0" index="4" bw="64" slack="2"/>
<pin id="336" dir="0" index="5" bw="64" slack="2"/>
<pin id="337" dir="0" index="6" bw="64" slack="2"/>
<pin id="338" dir="0" index="7" bw="64" slack="2"/>
<pin id="339" dir="0" index="8" bw="64" slack="2"/>
<pin id="340" dir="0" index="9" bw="64" slack="1"/>
<pin id="341" dir="0" index="10" bw="64" slack="1"/>
<pin id="342" dir="0" index="11" bw="64" slack="1"/>
<pin id="343" dir="0" index="12" bw="64" slack="1"/>
<pin id="344" dir="0" index="13" bw="64" slack="1"/>
<pin id="345" dir="0" index="14" bw="64" slack="1"/>
<pin id="346" dir="0" index="15" bw="64" slack="1"/>
<pin id="347" dir="0" index="16" bw="64" slack="1"/>
<pin id="348" dir="0" index="17" bw="64" slack="0"/>
<pin id="349" dir="0" index="18" bw="64" slack="0"/>
<pin id="350" dir="0" index="19" bw="64" slack="0"/>
<pin id="351" dir="0" index="20" bw="64" slack="0"/>
<pin id="352" dir="0" index="21" bw="64" slack="0"/>
<pin id="353" dir="0" index="22" bw="64" slack="0"/>
<pin id="354" dir="0" index="23" bw="64" slack="0"/>
<pin id="355" dir="0" index="24" bw="64" slack="0"/>
<pin id="356" dir="1" index="25" bw="0" slack="2147483647"/>
</pin_list>
<bind>
<opcode="call(48) " fcode="call"/>
<opset="call_ln379/3 "/>
</bind>
</comp>

<comp id="366" class="1004" name="grp_fp2sqr503_mont_3_1_Pipeline_VITIS_LOOP_61_1_fu_366">
<pin_list>
<pin id="367" dir="0" index="0" bw="0" slack="0"/>
<pin id="368" dir="0" index="1" bw="64" slack="2"/>
<pin id="369" dir="0" index="2" bw="64" slack="2"/>
<pin id="370" dir="0" index="3" bw="64" slack="2"/>
<pin id="371" dir="0" index="4" bw="64" slack="2"/>
<pin id="372" dir="0" index="5" bw="64" slack="2"/>
<pin id="373" dir="0" index="6" bw="64" slack="2"/>
<pin id="374" dir="0" index="7" bw="64" slack="2"/>
<pin id="375" dir="0" index="8" bw="64" slack="2"/>
<pin id="376" dir="0" index="9" bw="64" slack="1"/>
<pin id="377" dir="0" index="10" bw="64" slack="1"/>
<pin id="378" dir="0" index="11" bw="64" slack="1"/>
<pin id="379" dir="0" index="12" bw="64" slack="1"/>
<pin id="380" dir="0" index="13" bw="64" slack="1"/>
<pin id="381" dir="0" index="14" bw="64" slack="1"/>
<pin id="382" dir="0" index="15" bw="64" slack="1"/>
<pin id="383" dir="0" index="16" bw="64" slack="1"/>
<pin id="384" dir="0" index="17" bw="64" slack="0"/>
<pin id="385" dir="0" index="18" bw="64" slack="0"/>
<pin id="386" dir="0" index="19" bw="64" slack="0"/>
<pin id="387" dir="0" index="20" bw="64" slack="0"/>
<pin id="388" dir="0" index="21" bw="64" slack="0"/>
<pin id="389" dir="0" index="22" bw="64" slack="0"/>
<pin id="390" dir="0" index="23" bw="64" slack="0"/>
<pin id="391" dir="0" index="24" bw="64" slack="0"/>
<pin id="392" dir="0" index="25" bw="1" slack="2"/>
<pin id="393" dir="1" index="26" bw="0" slack="2147483647"/>
</pin_list>
<bind>
<opcode="call(48) " fcode="call"/>
<opset="call_ln379/3 "/>
</bind>
</comp>

<comp id="403" class="1004" name="grp_fp2sqr503_mont_3_1_Pipeline_VITIS_LOOP_376_148_fu_403">
<pin_list>
<pin id="404" dir="0" index="0" bw="0" slack="0"/>
<pin id="405" dir="0" index="1" bw="64" slack="2"/>
<pin id="406" dir="0" index="2" bw="64" slack="2"/>
<pin id="407" dir="0" index="3" bw="64" slack="2"/>
<pin id="408" dir="0" index="4" bw="64" slack="2"/>
<pin id="409" dir="0" index="5" bw="64" slack="2"/>
<pin id="410" dir="0" index="6" bw="64" slack="2"/>
<pin id="411" dir="0" index="7" bw="64" slack="2"/>
<pin id="412" dir="0" index="8" bw="64" slack="2"/>
<pin id="413" dir="0" index="9" bw="64" slack="1"/>
<pin id="414" dir="0" index="10" bw="64" slack="1"/>
<pin id="415" dir="0" index="11" bw="64" slack="1"/>
<pin id="416" dir="0" index="12" bw="64" slack="1"/>
<pin id="417" dir="0" index="13" bw="64" slack="1"/>
<pin id="418" dir="0" index="14" bw="64" slack="1"/>
<pin id="419" dir="0" index="15" bw="64" slack="1"/>
<pin id="420" dir="0" index="16" bw="64" slack="1"/>
<pin id="421" dir="1" index="17" bw="0" slack="2147483647"/>
</pin_list>
<bind>
<opcode="call(48) " fcode="call"/>
<opset="call_ln379/3 "/>
</bind>
</comp>

<comp id="423" class="1004" name="grp_fp2sqr503_mont_3_1_Pipeline_VITIS_LOOP_68_2_fu_423">
<pin_list>
<pin id="424" dir="0" index="0" bw="0" slack="0"/>
<pin id="425" dir="0" index="1" bw="64" slack="4"/>
<pin id="426" dir="0" index="2" bw="64" slack="4"/>
<pin id="427" dir="0" index="3" bw="64" slack="4"/>
<pin id="428" dir="0" index="4" bw="64" slack="4"/>
<pin id="429" dir="0" index="5" bw="64" slack="4"/>
<pin id="430" dir="0" index="6" bw="64" slack="4"/>
<pin id="431" dir="0" index="7" bw="64" slack="4"/>
<pin id="432" dir="0" index="8" bw="64" slack="4"/>
<pin id="433" dir="0" index="9" bw="1" slack="0"/>
<pin id="434" dir="0" index="10" bw="64" slack="0"/>
<pin id="435" dir="1" index="11" bw="0" slack="2147483647"/>
</pin_list>
<bind>
<opcode="call(48) " fcode="call"/>
<opset="call_ln0/5 "/>
</bind>
</comp>

<comp id="438" class="1004" name="grp_fpmul503_mont_8_fu_438">
<pin_list>
<pin id="439" dir="0" index="0" bw="0" slack="0"/>
<pin id="440" dir="0" index="1" bw="64" slack="6"/>
<pin id="441" dir="0" index="2" bw="64" slack="6"/>
<pin id="442" dir="0" index="3" bw="64" slack="6"/>
<pin id="443" dir="0" index="4" bw="64" slack="6"/>
<pin id="444" dir="0" index="5" bw="64" slack="6"/>
<pin id="445" dir="0" index="6" bw="64" slack="6"/>
<pin id="446" dir="0" index="7" bw="64" slack="6"/>
<pin id="447" dir="0" index="8" bw="64" slack="6"/>
<pin id="448" dir="0" index="9" bw="64" slack="0"/>
<pin id="449" dir="0" index="10" bw="64" slack="0"/>
<pin id="450" dir="0" index="11" bw="64" slack="0"/>
<pin id="451" dir="0" index="12" bw="64" slack="0"/>
<pin id="452" dir="0" index="13" bw="64" slack="0"/>
<pin id="453" dir="0" index="14" bw="64" slack="0"/>
<pin id="454" dir="0" index="15" bw="64" slack="0"/>
<pin id="455" dir="0" index="16" bw="64" slack="0"/>
<pin id="456" dir="0" index="17" bw="64" slack="0"/>
<pin id="457" dir="0" index="18" bw="1" slack="0"/>
<pin id="458" dir="0" index="19" bw="64" slack="0"/>
<pin id="459" dir="0" index="20" bw="1" slack="0"/>
<pin id="460" dir="0" index="21" bw="64" slack="0"/>
<pin id="461" dir="0" index="22" bw="1" slack="0"/>
<pin id="462" dir="0" index="23" bw="64" slack="0"/>
<pin id="463" dir="0" index="24" bw="1" slack="0"/>
<pin id="464" dir="0" index="25" bw="64" slack="0"/>
<pin id="465" dir="0" index="26" bw="1" slack="0"/>
<pin id="466" dir="0" index="27" bw="64" slack="0"/>
<pin id="467" dir="0" index="28" bw="1" slack="0"/>
<pin id="468" dir="0" index="29" bw="64" slack="0"/>
<pin id="469" dir="0" index="30" bw="1" slack="0"/>
<pin id="470" dir="0" index="31" bw="64" slack="0"/>
<pin id="471" dir="0" index="32" bw="1" slack="0"/>
<pin id="472" dir="0" index="33" bw="64" slack="0"/>
<pin id="473" dir="1" index="34" bw="0" slack="2147483647"/>
</pin_list>
<bind>
<opcode="call(48) " fcode="call"/>
<opset="call_ln150/7 call_ln151/11 "/>
</bind>
</comp>

<comp id="500" class="1005" name="reg_500">
<pin_list>
<pin id="501" dir="0" index="0" bw="64" slack="1"/>
<pin id="502" dir="1" index="1" bw="64" slack="1"/>
</pin_list>
<bind>
<opset="c_0_load c_0_load_2 "/>
</bind>
</comp>

<comp id="508" class="1005" name="reg_508">
<pin_list>
<pin id="509" dir="0" index="0" bw="64" slack="1"/>
<pin id="510" dir="1" index="1" bw="64" slack="1"/>
</pin_list>
<bind>
<opset="c_1_load c_1_load_2 "/>
</bind>
</comp>

<comp id="516" class="1005" name="reg_516">
<pin_list>
<pin id="517" dir="0" index="0" bw="64" slack="1"/>
<pin id="518" dir="1" index="1" bw="64" slack="1"/>
</pin_list>
<bind>
<opset="c_2_load c_2_load_2 "/>
</bind>
</comp>

<comp id="524" class="1005" name="reg_524">
<pin_list>
<pin id="525" dir="0" index="0" bw="64" slack="1"/>
<pin id="526" dir="1" index="1" bw="64" slack="1"/>
</pin_list>
<bind>
<opset="c_3_load c_3_load_2 "/>
</bind>
</comp>

<comp id="532" class="1005" name="reg_532">
<pin_list>
<pin id="533" dir="0" index="0" bw="64" slack="1"/>
<pin id="534" dir="1" index="1" bw="64" slack="1"/>
</pin_list>
<bind>
<opset="c_4_load c_4_load_2 "/>
</bind>
</comp>

<comp id="540" class="1005" name="reg_540">
<pin_list>
<pin id="541" dir="0" index="0" bw="64" slack="1"/>
<pin id="542" dir="1" index="1" bw="64" slack="1"/>
</pin_list>
<bind>
<opset="c_5_load c_5_load_2 "/>
</bind>
</comp>

<comp id="548" class="1005" name="reg_548">
<pin_list>
<pin id="549" dir="0" index="0" bw="64" slack="1"/>
<pin id="550" dir="1" index="1" bw="64" slack="1"/>
</pin_list>
<bind>
<opset="c_6_load c_6_load_2 "/>
</bind>
</comp>

<comp id="556" class="1005" name="reg_556">
<pin_list>
<pin id="557" dir="0" index="0" bw="64" slack="1"/>
<pin id="558" dir="1" index="1" bw="64" slack="1"/>
</pin_list>
<bind>
<opset="c_7_load c_7_load_2 "/>
</bind>
</comp>

<comp id="564" class="1004" name="borrow_loc_load_load_fu_564">
<pin_list>
<pin id="565" dir="0" index="0" bw="1" slack="4"/>
<pin id="566" dir="1" index="1" bw="1" slack="0"/>
</pin_list>
<bind>
<opcode="load(27) " fcode="load"/>
<opset="borrow_loc_load/5 "/>
</bind>
</comp>

<comp id="568" class="1004" name="t2_load_load_fu_568">
<pin_list>
<pin id="569" dir="0" index="0" bw="64" slack="6"/>
<pin id="570" dir="1" index="1" bw="64" slack="0"/>
</pin_list>
<bind>
<opcode="load(27) " fcode="load"/>
<opset="t2_load/7 "/>
</bind>
</comp>

<comp id="572" class="1004" name="t2_1_load_load_fu_572">
<pin_list>
<pin id="573" dir="0" index="0" bw="64" slack="6"/>
<pin id="574" dir="1" index="1" bw="64" slack="0"/>
</pin_list>
<bind>
<opcode="load(27) " fcode="load"/>
<opset="t2_1_load/7 "/>
</bind>
</comp>

<comp id="576" class="1004" name="t2_2_load_load_fu_576">
<pin_list>
<pin id="577" dir="0" index="0" bw="64" slack="6"/>
<pin id="578" dir="1" index="1" bw="64" slack="0"/>
</pin_list>
<bind>
<opcode="load(27) " fcode="load"/>
<opset="t2_2_load/7 "/>
</bind>
</comp>

<comp id="580" class="1004" name="t2_3_load_load_fu_580">
<pin_list>
<pin id="581" dir="0" index="0" bw="64" slack="6"/>
<pin id="582" dir="1" index="1" bw="64" slack="0"/>
</pin_list>
<bind>
<opcode="load(27) " fcode="load"/>
<opset="t2_3_load/7 "/>
</bind>
</comp>

<comp id="584" class="1004" name="t2_4_load_load_fu_584">
<pin_list>
<pin id="585" dir="0" index="0" bw="64" slack="6"/>
<pin id="586" dir="1" index="1" bw="64" slack="0"/>
</pin_list>
<bind>
<opcode="load(27) " fcode="load"/>
<opset="t2_4_load/7 "/>
</bind>
</comp>

<comp id="588" class="1004" name="t2_5_load_load_fu_588">
<pin_list>
<pin id="589" dir="0" index="0" bw="64" slack="6"/>
<pin id="590" dir="1" index="1" bw="64" slack="0"/>
</pin_list>
<bind>
<opcode="load(27) " fcode="load"/>
<opset="t2_5_load/7 "/>
</bind>
</comp>

<comp id="592" class="1004" name="t2_6_load_load_fu_592">
<pin_list>
<pin id="593" dir="0" index="0" bw="64" slack="6"/>
<pin id="594" dir="1" index="1" bw="64" slack="0"/>
</pin_list>
<bind>
<opcode="load(27) " fcode="load"/>
<opset="t2_6_load/7 "/>
</bind>
</comp>

<comp id="596" class="1004" name="t2_7_load_load_fu_596">
<pin_list>
<pin id="597" dir="0" index="0" bw="64" slack="6"/>
<pin id="598" dir="1" index="1" bw="64" slack="0"/>
</pin_list>
<bind>
<opcode="load(27) " fcode="load"/>
<opset="t2_7_load/7 "/>
</bind>
</comp>

<comp id="600" class="1005" name="borrow_loc_reg_600">
<pin_list>
<pin id="601" dir="0" index="0" bw="1" slack="2"/>
<pin id="602" dir="1" index="1" bw="1" slack="2"/>
</pin_list>
<bind>
<opset="borrow_loc "/>
</bind>
</comp>

<comp id="606" class="1005" name="t1_reg_606">
<pin_list>
<pin id="607" dir="0" index="0" bw="64" slack="2"/>
<pin id="608" dir="1" index="1" bw="64" slack="2"/>
</pin_list>
<bind>
<opset="t1 "/>
</bind>
</comp>

<comp id="612" class="1005" name="t1_1_reg_612">
<pin_list>
<pin id="613" dir="0" index="0" bw="64" slack="2"/>
<pin id="614" dir="1" index="1" bw="64" slack="2"/>
</pin_list>
<bind>
<opset="t1_1 "/>
</bind>
</comp>

<comp id="618" class="1005" name="t1_2_reg_618">
<pin_list>
<pin id="619" dir="0" index="0" bw="64" slack="2"/>
<pin id="620" dir="1" index="1" bw="64" slack="2"/>
</pin_list>
<bind>
<opset="t1_2 "/>
</bind>
</comp>

<comp id="624" class="1005" name="t1_3_reg_624">
<pin_list>
<pin id="625" dir="0" index="0" bw="64" slack="2"/>
<pin id="626" dir="1" index="1" bw="64" slack="2"/>
</pin_list>
<bind>
<opset="t1_3 "/>
</bind>
</comp>

<comp id="630" class="1005" name="t1_4_reg_630">
<pin_list>
<pin id="631" dir="0" index="0" bw="64" slack="2"/>
<pin id="632" dir="1" index="1" bw="64" slack="2"/>
</pin_list>
<bind>
<opset="t1_4 "/>
</bind>
</comp>

<comp id="636" class="1005" name="t1_5_reg_636">
<pin_list>
<pin id="637" dir="0" index="0" bw="64" slack="2"/>
<pin id="638" dir="1" index="1" bw="64" slack="2"/>
</pin_list>
<bind>
<opset="t1_5 "/>
</bind>
</comp>

<comp id="642" class="1005" name="t1_6_reg_642">
<pin_list>
<pin id="643" dir="0" index="0" bw="64" slack="2"/>
<pin id="644" dir="1" index="1" bw="64" slack="2"/>
</pin_list>
<bind>
<opset="t1_6 "/>
</bind>
</comp>

<comp id="648" class="1005" name="t1_7_reg_648">
<pin_list>
<pin id="649" dir="0" index="0" bw="64" slack="2"/>
<pin id="650" dir="1" index="1" bw="64" slack="2"/>
</pin_list>
<bind>
<opset="t1_7 "/>
</bind>
</comp>

<comp id="654" class="1005" name="t2_reg_654">
<pin_list>
<pin id="655" dir="0" index="0" bw="64" slack="2"/>
<pin id="656" dir="1" index="1" bw="64" slack="2"/>
</pin_list>
<bind>
<opset="t2 "/>
</bind>
</comp>

<comp id="661" class="1005" name="t2_1_reg_661">
<pin_list>
<pin id="662" dir="0" index="0" bw="64" slack="2"/>
<pin id="663" dir="1" index="1" bw="64" slack="2"/>
</pin_list>
<bind>
<opset="t2_1 "/>
</bind>
</comp>

<comp id="668" class="1005" name="t2_2_reg_668">
<pin_list>
<pin id="669" dir="0" index="0" bw="64" slack="2"/>
<pin id="670" dir="1" index="1" bw="64" slack="2"/>
</pin_list>
<bind>
<opset="t2_2 "/>
</bind>
</comp>

<comp id="675" class="1005" name="t2_3_reg_675">
<pin_list>
<pin id="676" dir="0" index="0" bw="64" slack="2"/>
<pin id="677" dir="1" index="1" bw="64" slack="2"/>
</pin_list>
<bind>
<opset="t2_3 "/>
</bind>
</comp>

<comp id="682" class="1005" name="t2_4_reg_682">
<pin_list>
<pin id="683" dir="0" index="0" bw="64" slack="2"/>
<pin id="684" dir="1" index="1" bw="64" slack="2"/>
</pin_list>
<bind>
<opset="t2_4 "/>
</bind>
</comp>

<comp id="689" class="1005" name="t2_5_reg_689">
<pin_list>
<pin id="690" dir="0" index="0" bw="64" slack="2"/>
<pin id="691" dir="1" index="1" bw="64" slack="2"/>
</pin_list>
<bind>
<opset="t2_5 "/>
</bind>
</comp>

<comp id="696" class="1005" name="t2_6_reg_696">
<pin_list>
<pin id="697" dir="0" index="0" bw="64" slack="2"/>
<pin id="698" dir="1" index="1" bw="64" slack="2"/>
</pin_list>
<bind>
<opset="t2_6 "/>
</bind>
</comp>

<comp id="703" class="1005" name="t2_7_reg_703">
<pin_list>
<pin id="704" dir="0" index="0" bw="64" slack="2"/>
<pin id="705" dir="1" index="1" bw="64" slack="2"/>
</pin_list>
<bind>
<opset="t2_7 "/>
</bind>
</comp>

<comp id="710" class="1005" name="t3_reg_710">
<pin_list>
<pin id="711" dir="0" index="0" bw="64" slack="2"/>
<pin id="712" dir="1" index="1" bw="64" slack="2"/>
</pin_list>
<bind>
<opset="t3 "/>
</bind>
</comp>

<comp id="716" class="1005" name="t3_1_reg_716">
<pin_list>
<pin id="717" dir="0" index="0" bw="64" slack="2"/>
<pin id="718" dir="1" index="1" bw="64" slack="2"/>
</pin_list>
<bind>
<opset="t3_1 "/>
</bind>
</comp>

<comp id="722" class="1005" name="t3_2_reg_722">
<pin_list>
<pin id="723" dir="0" index="0" bw="64" slack="2"/>
<pin id="724" dir="1" index="1" bw="64" slack="2"/>
</pin_list>
<bind>
<opset="t3_2 "/>
</bind>
</comp>

<comp id="728" class="1005" name="t3_3_reg_728">
<pin_list>
<pin id="729" dir="0" index="0" bw="64" slack="2"/>
<pin id="730" dir="1" index="1" bw="64" slack="2"/>
</pin_list>
<bind>
<opset="t3_3 "/>
</bind>
</comp>

<comp id="734" class="1005" name="t3_4_reg_734">
<pin_list>
<pin id="735" dir="0" index="0" bw="64" slack="2"/>
<pin id="736" dir="1" index="1" bw="64" slack="2"/>
</pin_list>
<bind>
<opset="t3_4 "/>
</bind>
</comp>

<comp id="740" class="1005" name="t3_5_reg_740">
<pin_list>
<pin id="741" dir="0" index="0" bw="64" slack="2"/>
<pin id="742" dir="1" index="1" bw="64" slack="2"/>
</pin_list>
<bind>
<opset="t3_5 "/>
</bind>
</comp>

<comp id="746" class="1005" name="t3_6_reg_746">
<pin_list>
<pin id="747" dir="0" index="0" bw="64" slack="2"/>
<pin id="748" dir="1" index="1" bw="64" slack="2"/>
</pin_list>
<bind>
<opset="t3_6 "/>
</bind>
</comp>

<comp id="752" class="1005" name="t3_7_reg_752">
<pin_list>
<pin id="753" dir="0" index="0" bw="64" slack="2"/>
<pin id="754" dir="1" index="1" bw="64" slack="2"/>
</pin_list>
<bind>
<opset="t3_7 "/>
</bind>
</comp>

<comp id="758" class="1005" name="c_0_addr_reg_758">
<pin_list>
<pin id="759" dir="0" index="0" bw="1" slack="1"/>
<pin id="760" dir="1" index="1" bw="1" slack="1"/>
</pin_list>
<bind>
<opset="c_0_addr "/>
</bind>
</comp>

<comp id="763" class="1005" name="c_1_addr_reg_763">
<pin_list>
<pin id="764" dir="0" index="0" bw="1" slack="1"/>
<pin id="765" dir="1" index="1" bw="1" slack="1"/>
</pin_list>
<bind>
<opset="c_1_addr "/>
</bind>
</comp>

<comp id="768" class="1005" name="c_2_addr_reg_768">
<pin_list>
<pin id="769" dir="0" index="0" bw="1" slack="1"/>
<pin id="770" dir="1" index="1" bw="1" slack="1"/>
</pin_list>
<bind>
<opset="c_2_addr "/>
</bind>
</comp>

<comp id="773" class="1005" name="c_3_addr_reg_773">
<pin_list>
<pin id="774" dir="0" index="0" bw="1" slack="1"/>
<pin id="775" dir="1" index="1" bw="1" slack="1"/>
</pin_list>
<bind>
<opset="c_3_addr "/>
</bind>
</comp>

<comp id="778" class="1005" name="c_4_addr_reg_778">
<pin_list>
<pin id="779" dir="0" index="0" bw="1" slack="1"/>
<pin id="780" dir="1" index="1" bw="1" slack="1"/>
</pin_list>
<bind>
<opset="c_4_addr "/>
</bind>
</comp>

<comp id="783" class="1005" name="c_5_addr_reg_783">
<pin_list>
<pin id="784" dir="0" index="0" bw="1" slack="1"/>
<pin id="785" dir="1" index="1" bw="1" slack="1"/>
</pin_list>
<bind>
<opset="c_5_addr "/>
</bind>
</comp>

<comp id="788" class="1005" name="c_6_addr_reg_788">
<pin_list>
<pin id="789" dir="0" index="0" bw="1" slack="1"/>
<pin id="790" dir="1" index="1" bw="1" slack="1"/>
</pin_list>
<bind>
<opset="c_6_addr "/>
</bind>
</comp>

<comp id="793" class="1005" name="c_7_addr_reg_793">
<pin_list>
<pin id="794" dir="0" index="0" bw="1" slack="1"/>
<pin id="795" dir="1" index="1" bw="1" slack="1"/>
</pin_list>
<bind>
<opset="c_7_addr "/>
</bind>
</comp>

<comp id="798" class="1005" name="c_0_addr_1_reg_798">
<pin_list>
<pin id="799" dir="0" index="0" bw="1" slack="1"/>
<pin id="800" dir="1" index="1" bw="1" slack="1"/>
</pin_list>
<bind>
<opset="c_0_addr_1 "/>
</bind>
</comp>

<comp id="803" class="1005" name="c_1_addr_1_reg_803">
<pin_list>
<pin id="804" dir="0" index="0" bw="1" slack="1"/>
<pin id="805" dir="1" index="1" bw="1" slack="1"/>
</pin_list>
<bind>
<opset="c_1_addr_1 "/>
</bind>
</comp>

<comp id="808" class="1005" name="c_2_addr_1_reg_808">
<pin_list>
<pin id="809" dir="0" index="0" bw="1" slack="1"/>
<pin id="810" dir="1" index="1" bw="1" slack="1"/>
</pin_list>
<bind>
<opset="c_2_addr_1 "/>
</bind>
</comp>

<comp id="813" class="1005" name="c_3_addr_1_reg_813">
<pin_list>
<pin id="814" dir="0" index="0" bw="1" slack="1"/>
<pin id="815" dir="1" index="1" bw="1" slack="1"/>
</pin_list>
<bind>
<opset="c_3_addr_1 "/>
</bind>
</comp>

<comp id="818" class="1005" name="c_4_addr_1_reg_818">
<pin_list>
<pin id="819" dir="0" index="0" bw="1" slack="1"/>
<pin id="820" dir="1" index="1" bw="1" slack="1"/>
</pin_list>
<bind>
<opset="c_4_addr_1 "/>
</bind>
</comp>

<comp id="823" class="1005" name="c_5_addr_1_reg_823">
<pin_list>
<pin id="824" dir="0" index="0" bw="1" slack="1"/>
<pin id="825" dir="1" index="1" bw="1" slack="1"/>
</pin_list>
<bind>
<opset="c_5_addr_1 "/>
</bind>
</comp>

<comp id="828" class="1005" name="c_6_addr_1_reg_828">
<pin_list>
<pin id="829" dir="0" index="0" bw="1" slack="1"/>
<pin id="830" dir="1" index="1" bw="1" slack="1"/>
</pin_list>
<bind>
<opset="c_6_addr_1 "/>
</bind>
</comp>

<comp id="833" class="1005" name="c_7_addr_1_reg_833">
<pin_list>
<pin id="834" dir="0" index="0" bw="1" slack="1"/>
<pin id="835" dir="1" index="1" bw="1" slack="1"/>
</pin_list>
<bind>
<opset="c_7_addr_1 "/>
</bind>
</comp>

<comp id="838" class="1005" name="c_0_load_1_reg_838">
<pin_list>
<pin id="839" dir="0" index="0" bw="64" slack="1"/>
<pin id="840" dir="1" index="1" bw="64" slack="1"/>
</pin_list>
<bind>
<opset="c_0_load_1 "/>
</bind>
</comp>

<comp id="844" class="1005" name="c_1_load_1_reg_844">
<pin_list>
<pin id="845" dir="0" index="0" bw="64" slack="1"/>
<pin id="846" dir="1" index="1" bw="64" slack="1"/>
</pin_list>
<bind>
<opset="c_1_load_1 "/>
</bind>
</comp>

<comp id="850" class="1005" name="c_2_load_1_reg_850">
<pin_list>
<pin id="851" dir="0" index="0" bw="64" slack="1"/>
<pin id="852" dir="1" index="1" bw="64" slack="1"/>
</pin_list>
<bind>
<opset="c_2_load_1 "/>
</bind>
</comp>

<comp id="856" class="1005" name="c_3_load_1_reg_856">
<pin_list>
<pin id="857" dir="0" index="0" bw="64" slack="1"/>
<pin id="858" dir="1" index="1" bw="64" slack="1"/>
</pin_list>
<bind>
<opset="c_3_load_1 "/>
</bind>
</comp>

<comp id="862" class="1005" name="c_4_load_1_reg_862">
<pin_list>
<pin id="863" dir="0" index="0" bw="64" slack="1"/>
<pin id="864" dir="1" index="1" bw="64" slack="1"/>
</pin_list>
<bind>
<opset="c_4_load_1 "/>
</bind>
</comp>

<comp id="868" class="1005" name="c_5_load_1_reg_868">
<pin_list>
<pin id="869" dir="0" index="0" bw="64" slack="1"/>
<pin id="870" dir="1" index="1" bw="64" slack="1"/>
</pin_list>
<bind>
<opset="c_5_load_1 "/>
</bind>
</comp>

<comp id="874" class="1005" name="c_6_load_1_reg_874">
<pin_list>
<pin id="875" dir="0" index="0" bw="64" slack="1"/>
<pin id="876" dir="1" index="1" bw="64" slack="1"/>
</pin_list>
<bind>
<opset="c_6_load_1 "/>
</bind>
</comp>

<comp id="880" class="1005" name="c_7_load_1_reg_880">
<pin_list>
<pin id="881" dir="0" index="0" bw="64" slack="1"/>
<pin id="882" dir="1" index="1" bw="64" slack="1"/>
</pin_list>
<bind>
<opset="c_7_load_1 "/>
</bind>
</comp>

</comp_list>

<net_list>
<net id="49"><net_src comp="20" pin="0"/><net_sink comp="46" pin=0"/></net>

<net id="53"><net_src comp="20" pin="0"/><net_sink comp="50" pin=0"/></net>

<net id="57"><net_src comp="20" pin="0"/><net_sink comp="54" pin=0"/></net>

<net id="61"><net_src comp="20" pin="0"/><net_sink comp="58" pin=0"/></net>

<net id="65"><net_src comp="20" pin="0"/><net_sink comp="62" pin=0"/></net>

<net id="69"><net_src comp="20" pin="0"/><net_sink comp="66" pin=0"/></net>

<net id="73"><net_src comp="20" pin="0"/><net_sink comp="70" pin=0"/></net>

<net id="77"><net_src comp="20" pin="0"/><net_sink comp="74" pin=0"/></net>

<net id="81"><net_src comp="20" pin="0"/><net_sink comp="78" pin=0"/></net>

<net id="85"><net_src comp="20" pin="0"/><net_sink comp="82" pin=0"/></net>

<net id="89"><net_src comp="20" pin="0"/><net_sink comp="86" pin=0"/></net>

<net id="93"><net_src comp="20" pin="0"/><net_sink comp="90" pin=0"/></net>

<net id="97"><net_src comp="20" pin="0"/><net_sink comp="94" pin=0"/></net>

<net id="101"><net_src comp="20" pin="0"/><net_sink comp="98" pin=0"/></net>

<net id="105"><net_src comp="20" pin="0"/><net_sink comp="102" pin=0"/></net>

<net id="109"><net_src comp="20" pin="0"/><net_sink comp="106" pin=0"/></net>

<net id="113"><net_src comp="20" pin="0"/><net_sink comp="110" pin=0"/></net>

<net id="117"><net_src comp="20" pin="0"/><net_sink comp="114" pin=0"/></net>

<net id="121"><net_src comp="20" pin="0"/><net_sink comp="118" pin=0"/></net>

<net id="125"><net_src comp="20" pin="0"/><net_sink comp="122" pin=0"/></net>

<net id="129"><net_src comp="20" pin="0"/><net_sink comp="126" pin=0"/></net>

<net id="133"><net_src comp="20" pin="0"/><net_sink comp="130" pin=0"/></net>

<net id="137"><net_src comp="20" pin="0"/><net_sink comp="134" pin=0"/></net>

<net id="141"><net_src comp="20" pin="0"/><net_sink comp="138" pin=0"/></net>

<net id="145"><net_src comp="20" pin="0"/><net_sink comp="142" pin=0"/></net>

<net id="151"><net_src comp="0" pin="0"/><net_sink comp="146" pin=0"/></net>

<net id="152"><net_src comp="22" pin="0"/><net_sink comp="146" pin=1"/></net>

<net id="153"><net_src comp="22" pin="0"/><net_sink comp="146" pin=2"/></net>

<net id="159"><net_src comp="2" pin="0"/><net_sink comp="154" pin=0"/></net>

<net id="160"><net_src comp="22" pin="0"/><net_sink comp="154" pin=1"/></net>

<net id="161"><net_src comp="22" pin="0"/><net_sink comp="154" pin=2"/></net>

<net id="167"><net_src comp="4" pin="0"/><net_sink comp="162" pin=0"/></net>

<net id="168"><net_src comp="22" pin="0"/><net_sink comp="162" pin=1"/></net>

<net id="169"><net_src comp="22" pin="0"/><net_sink comp="162" pin=2"/></net>

<net id="175"><net_src comp="6" pin="0"/><net_sink comp="170" pin=0"/></net>

<net id="176"><net_src comp="22" pin="0"/><net_sink comp="170" pin=1"/></net>

<net id="177"><net_src comp="22" pin="0"/><net_sink comp="170" pin=2"/></net>

<net id="183"><net_src comp="8" pin="0"/><net_sink comp="178" pin=0"/></net>

<net id="184"><net_src comp="22" pin="0"/><net_sink comp="178" pin=1"/></net>

<net id="185"><net_src comp="22" pin="0"/><net_sink comp="178" pin=2"/></net>

<net id="191"><net_src comp="10" pin="0"/><net_sink comp="186" pin=0"/></net>

<net id="192"><net_src comp="22" pin="0"/><net_sink comp="186" pin=1"/></net>

<net id="193"><net_src comp="22" pin="0"/><net_sink comp="186" pin=2"/></net>

<net id="199"><net_src comp="12" pin="0"/><net_sink comp="194" pin=0"/></net>

<net id="200"><net_src comp="22" pin="0"/><net_sink comp="194" pin=1"/></net>

<net id="201"><net_src comp="22" pin="0"/><net_sink comp="194" pin=2"/></net>

<net id="207"><net_src comp="14" pin="0"/><net_sink comp="202" pin=0"/></net>

<net id="208"><net_src comp="22" pin="0"/><net_sink comp="202" pin=1"/></net>

<net id="209"><net_src comp="22" pin="0"/><net_sink comp="202" pin=2"/></net>

<net id="215"><net_src comp="146" pin="3"/><net_sink comp="210" pin=0"/></net>

<net id="221"><net_src comp="154" pin="3"/><net_sink comp="216" pin=0"/></net>

<net id="227"><net_src comp="162" pin="3"/><net_sink comp="222" pin=0"/></net>

<net id="233"><net_src comp="170" pin="3"/><net_sink comp="228" pin=0"/></net>

<net id="239"><net_src comp="178" pin="3"/><net_sink comp="234" pin=0"/></net>

<net id="245"><net_src comp="186" pin="3"/><net_sink comp="240" pin=0"/></net>

<net id="251"><net_src comp="194" pin="3"/><net_sink comp="246" pin=0"/></net>

<net id="257"><net_src comp="202" pin="3"/><net_sink comp="252" pin=0"/></net>

<net id="263"><net_src comp="0" pin="0"/><net_sink comp="258" pin=0"/></net>

<net id="264"><net_src comp="22" pin="0"/><net_sink comp="258" pin=1"/></net>

<net id="265"><net_src comp="20" pin="0"/><net_sink comp="258" pin=2"/></net>

<net id="271"><net_src comp="2" pin="0"/><net_sink comp="266" pin=0"/></net>

<net id="272"><net_src comp="22" pin="0"/><net_sink comp="266" pin=1"/></net>

<net id="273"><net_src comp="20" pin="0"/><net_sink comp="266" pin=2"/></net>

<net id="279"><net_src comp="4" pin="0"/><net_sink comp="274" pin=0"/></net>

<net id="280"><net_src comp="22" pin="0"/><net_sink comp="274" pin=1"/></net>

<net id="281"><net_src comp="20" pin="0"/><net_sink comp="274" pin=2"/></net>

<net id="287"><net_src comp="6" pin="0"/><net_sink comp="282" pin=0"/></net>

<net id="288"><net_src comp="22" pin="0"/><net_sink comp="282" pin=1"/></net>

<net id="289"><net_src comp="20" pin="0"/><net_sink comp="282" pin=2"/></net>

<net id="295"><net_src comp="8" pin="0"/><net_sink comp="290" pin=0"/></net>

<net id="296"><net_src comp="22" pin="0"/><net_sink comp="290" pin=1"/></net>

<net id="297"><net_src comp="20" pin="0"/><net_sink comp="290" pin=2"/></net>

<net id="303"><net_src comp="10" pin="0"/><net_sink comp="298" pin=0"/></net>

<net id="304"><net_src comp="22" pin="0"/><net_sink comp="298" pin=1"/></net>

<net id="305"><net_src comp="20" pin="0"/><net_sink comp="298" pin=2"/></net>

<net id="311"><net_src comp="12" pin="0"/><net_sink comp="306" pin=0"/></net>

<net id="312"><net_src comp="22" pin="0"/><net_sink comp="306" pin=1"/></net>

<net id="313"><net_src comp="20" pin="0"/><net_sink comp="306" pin=2"/></net>

<net id="319"><net_src comp="14" pin="0"/><net_sink comp="314" pin=0"/></net>

<net id="320"><net_src comp="22" pin="0"/><net_sink comp="314" pin=1"/></net>

<net id="321"><net_src comp="20" pin="0"/><net_sink comp="314" pin=2"/></net>

<net id="322"><net_src comp="258" pin="3"/><net_sink comp="210" pin=0"/></net>

<net id="323"><net_src comp="266" pin="3"/><net_sink comp="216" pin=0"/></net>

<net id="324"><net_src comp="274" pin="3"/><net_sink comp="222" pin=0"/></net>

<net id="325"><net_src comp="282" pin="3"/><net_sink comp="228" pin=0"/></net>

<net id="326"><net_src comp="290" pin="3"/><net_sink comp="234" pin=0"/></net>

<net id="327"><net_src comp="298" pin="3"/><net_sink comp="240" pin=0"/></net>

<net id="328"><net_src comp="306" pin="3"/><net_sink comp="246" pin=0"/></net>

<net id="329"><net_src comp="314" pin="3"/><net_sink comp="252" pin=0"/></net>

<net id="357"><net_src comp="32" pin="0"/><net_sink comp="330" pin=0"/></net>

<net id="358"><net_src comp="210" pin="3"/><net_sink comp="330" pin=17"/></net>

<net id="359"><net_src comp="216" pin="3"/><net_sink comp="330" pin=18"/></net>

<net id="360"><net_src comp="222" pin="3"/><net_sink comp="330" pin=19"/></net>

<net id="361"><net_src comp="228" pin="3"/><net_sink comp="330" pin=20"/></net>

<net id="362"><net_src comp="234" pin="3"/><net_sink comp="330" pin=21"/></net>

<net id="363"><net_src comp="240" pin="3"/><net_sink comp="330" pin=22"/></net>

<net id="364"><net_src comp="246" pin="3"/><net_sink comp="330" pin=23"/></net>

<net id="365"><net_src comp="252" pin="3"/><net_sink comp="330" pin=24"/></net>

<net id="394"><net_src comp="34" pin="0"/><net_sink comp="366" pin=0"/></net>

<net id="395"><net_src comp="210" pin="3"/><net_sink comp="366" pin=17"/></net>

<net id="396"><net_src comp="216" pin="3"/><net_sink comp="366" pin=18"/></net>

<net id="397"><net_src comp="222" pin="3"/><net_sink comp="366" pin=19"/></net>

<net id="398"><net_src comp="228" pin="3"/><net_sink comp="366" pin=20"/></net>

<net id="399"><net_src comp="234" pin="3"/><net_sink comp="366" pin=21"/></net>

<net id="400"><net_src comp="240" pin="3"/><net_sink comp="366" pin=22"/></net>

<net id="401"><net_src comp="246" pin="3"/><net_sink comp="366" pin=23"/></net>

<net id="402"><net_src comp="252" pin="3"/><net_sink comp="366" pin=24"/></net>

<net id="422"><net_src comp="36" pin="0"/><net_sink comp="403" pin=0"/></net>

<net id="436"><net_src comp="38" pin="0"/><net_sink comp="423" pin=0"/></net>

<net id="437"><net_src comp="16" pin="0"/><net_sink comp="423" pin=10"/></net>

<net id="474"><net_src comp="40" pin="0"/><net_sink comp="438" pin=0"/></net>

<net id="475"><net_src comp="0" pin="0"/><net_sink comp="438" pin=17"/></net>

<net id="476"><net_src comp="42" pin="0"/><net_sink comp="438" pin=18"/></net>

<net id="477"><net_src comp="2" pin="0"/><net_sink comp="438" pin=19"/></net>

<net id="478"><net_src comp="42" pin="0"/><net_sink comp="438" pin=20"/></net>

<net id="479"><net_src comp="4" pin="0"/><net_sink comp="438" pin=21"/></net>

<net id="480"><net_src comp="42" pin="0"/><net_sink comp="438" pin=22"/></net>

<net id="481"><net_src comp="6" pin="0"/><net_sink comp="438" pin=23"/></net>

<net id="482"><net_src comp="42" pin="0"/><net_sink comp="438" pin=24"/></net>

<net id="483"><net_src comp="8" pin="0"/><net_sink comp="438" pin=25"/></net>

<net id="484"><net_src comp="42" pin="0"/><net_sink comp="438" pin=26"/></net>

<net id="485"><net_src comp="10" pin="0"/><net_sink comp="438" pin=27"/></net>

<net id="486"><net_src comp="42" pin="0"/><net_sink comp="438" pin=28"/></net>

<net id="487"><net_src comp="12" pin="0"/><net_sink comp="438" pin=29"/></net>

<net id="488"><net_src comp="42" pin="0"/><net_sink comp="438" pin=30"/></net>

<net id="489"><net_src comp="14" pin="0"/><net_sink comp="438" pin=31"/></net>

<net id="490"><net_src comp="42" pin="0"/><net_sink comp="438" pin=32"/></net>

<net id="491"><net_src comp="18" pin="0"/><net_sink comp="438" pin=33"/></net>

<net id="492"><net_src comp="44" pin="0"/><net_sink comp="438" pin=18"/></net>

<net id="493"><net_src comp="44" pin="0"/><net_sink comp="438" pin=20"/></net>

<net id="494"><net_src comp="44" pin="0"/><net_sink comp="438" pin=22"/></net>

<net id="495"><net_src comp="44" pin="0"/><net_sink comp="438" pin=24"/></net>

<net id="496"><net_src comp="44" pin="0"/><net_sink comp="438" pin=26"/></net>

<net id="497"><net_src comp="44" pin="0"/><net_sink comp="438" pin=28"/></net>

<net id="498"><net_src comp="44" pin="0"/><net_sink comp="438" pin=30"/></net>

<net id="499"><net_src comp="44" pin="0"/><net_sink comp="438" pin=32"/></net>

<net id="503"><net_src comp="210" pin="3"/><net_sink comp="500" pin=0"/></net>

<net id="504"><net_src comp="500" pin="1"/><net_sink comp="330" pin=9"/></net>

<net id="505"><net_src comp="500" pin="1"/><net_sink comp="366" pin=9"/></net>

<net id="506"><net_src comp="500" pin="1"/><net_sink comp="403" pin=9"/></net>

<net id="507"><net_src comp="500" pin="1"/><net_sink comp="438" pin=9"/></net>

<net id="511"><net_src comp="216" pin="3"/><net_sink comp="508" pin=0"/></net>

<net id="512"><net_src comp="508" pin="1"/><net_sink comp="330" pin=10"/></net>

<net id="513"><net_src comp="508" pin="1"/><net_sink comp="366" pin=10"/></net>

<net id="514"><net_src comp="508" pin="1"/><net_sink comp="403" pin=10"/></net>

<net id="515"><net_src comp="508" pin="1"/><net_sink comp="438" pin=10"/></net>

<net id="519"><net_src comp="222" pin="3"/><net_sink comp="516" pin=0"/></net>

<net id="520"><net_src comp="516" pin="1"/><net_sink comp="330" pin=11"/></net>

<net id="521"><net_src comp="516" pin="1"/><net_sink comp="366" pin=11"/></net>

<net id="522"><net_src comp="516" pin="1"/><net_sink comp="403" pin=11"/></net>

<net id="523"><net_src comp="516" pin="1"/><net_sink comp="438" pin=11"/></net>

<net id="527"><net_src comp="228" pin="3"/><net_sink comp="524" pin=0"/></net>

<net id="528"><net_src comp="524" pin="1"/><net_sink comp="330" pin=12"/></net>

<net id="529"><net_src comp="524" pin="1"/><net_sink comp="366" pin=12"/></net>

<net id="530"><net_src comp="524" pin="1"/><net_sink comp="403" pin=12"/></net>

<net id="531"><net_src comp="524" pin="1"/><net_sink comp="438" pin=12"/></net>

<net id="535"><net_src comp="234" pin="3"/><net_sink comp="532" pin=0"/></net>

<net id="536"><net_src comp="532" pin="1"/><net_sink comp="330" pin=13"/></net>

<net id="537"><net_src comp="532" pin="1"/><net_sink comp="366" pin=13"/></net>

<net id="538"><net_src comp="532" pin="1"/><net_sink comp="403" pin=13"/></net>

<net id="539"><net_src comp="532" pin="1"/><net_sink comp="438" pin=13"/></net>

<net id="543"><net_src comp="240" pin="3"/><net_sink comp="540" pin=0"/></net>

<net id="544"><net_src comp="540" pin="1"/><net_sink comp="330" pin=14"/></net>

<net id="545"><net_src comp="540" pin="1"/><net_sink comp="366" pin=14"/></net>

<net id="546"><net_src comp="540" pin="1"/><net_sink comp="403" pin=14"/></net>

<net id="547"><net_src comp="540" pin="1"/><net_sink comp="438" pin=14"/></net>

<net id="551"><net_src comp="246" pin="3"/><net_sink comp="548" pin=0"/></net>

<net id="552"><net_src comp="548" pin="1"/><net_sink comp="330" pin=15"/></net>

<net id="553"><net_src comp="548" pin="1"/><net_sink comp="366" pin=15"/></net>

<net id="554"><net_src comp="548" pin="1"/><net_sink comp="403" pin=15"/></net>

<net id="555"><net_src comp="548" pin="1"/><net_sink comp="438" pin=15"/></net>

<net id="559"><net_src comp="252" pin="3"/><net_sink comp="556" pin=0"/></net>

<net id="560"><net_src comp="556" pin="1"/><net_sink comp="330" pin=16"/></net>

<net id="561"><net_src comp="556" pin="1"/><net_sink comp="366" pin=16"/></net>

<net id="562"><net_src comp="556" pin="1"/><net_sink comp="403" pin=16"/></net>

<net id="563"><net_src comp="556" pin="1"/><net_sink comp="438" pin=16"/></net>

<net id="567"><net_src comp="564" pin="1"/><net_sink comp="423" pin=9"/></net>

<net id="571"><net_src comp="568" pin="1"/><net_sink comp="438" pin=9"/></net>

<net id="575"><net_src comp="572" pin="1"/><net_sink comp="438" pin=10"/></net>

<net id="579"><net_src comp="576" pin="1"/><net_sink comp="438" pin=11"/></net>

<net id="583"><net_src comp="580" pin="1"/><net_sink comp="438" pin=12"/></net>

<net id="587"><net_src comp="584" pin="1"/><net_sink comp="438" pin=13"/></net>

<net id="591"><net_src comp="588" pin="1"/><net_sink comp="438" pin=14"/></net>

<net id="595"><net_src comp="592" pin="1"/><net_sink comp="438" pin=15"/></net>

<net id="599"><net_src comp="596" pin="1"/><net_sink comp="438" pin=16"/></net>

<net id="603"><net_src comp="46" pin="1"/><net_sink comp="600" pin=0"/></net>

<net id="604"><net_src comp="600" pin="1"/><net_sink comp="366" pin=25"/></net>

<net id="605"><net_src comp="600" pin="1"/><net_sink comp="564" pin=0"/></net>

<net id="609"><net_src comp="50" pin="1"/><net_sink comp="606" pin=0"/></net>

<net id="610"><net_src comp="606" pin="1"/><net_sink comp="330" pin=1"/></net>

<net id="611"><net_src comp="606" pin="1"/><net_sink comp="438" pin=1"/></net>

<net id="615"><net_src comp="54" pin="1"/><net_sink comp="612" pin=0"/></net>

<net id="616"><net_src comp="612" pin="1"/><net_sink comp="330" pin=8"/></net>

<net id="617"><net_src comp="612" pin="1"/><net_sink comp="438" pin=2"/></net>

<net id="621"><net_src comp="58" pin="1"/><net_sink comp="618" pin=0"/></net>

<net id="622"><net_src comp="618" pin="1"/><net_sink comp="330" pin=7"/></net>

<net id="623"><net_src comp="618" pin="1"/><net_sink comp="438" pin=3"/></net>

<net id="627"><net_src comp="62" pin="1"/><net_sink comp="624" pin=0"/></net>

<net id="628"><net_src comp="624" pin="1"/><net_sink comp="330" pin=6"/></net>

<net id="629"><net_src comp="624" pin="1"/><net_sink comp="438" pin=4"/></net>

<net id="633"><net_src comp="66" pin="1"/><net_sink comp="630" pin=0"/></net>

<net id="634"><net_src comp="630" pin="1"/><net_sink comp="330" pin=5"/></net>

<net id="635"><net_src comp="630" pin="1"/><net_sink comp="438" pin=5"/></net>

<net id="639"><net_src comp="70" pin="1"/><net_sink comp="636" pin=0"/></net>

<net id="640"><net_src comp="636" pin="1"/><net_sink comp="330" pin=4"/></net>

<net id="641"><net_src comp="636" pin="1"/><net_sink comp="438" pin=6"/></net>

<net id="645"><net_src comp="74" pin="1"/><net_sink comp="642" pin=0"/></net>

<net id="646"><net_src comp="642" pin="1"/><net_sink comp="330" pin=3"/></net>

<net id="647"><net_src comp="642" pin="1"/><net_sink comp="438" pin=7"/></net>

<net id="651"><net_src comp="78" pin="1"/><net_sink comp="648" pin=0"/></net>

<net id="652"><net_src comp="648" pin="1"/><net_sink comp="330" pin=2"/></net>

<net id="653"><net_src comp="648" pin="1"/><net_sink comp="438" pin=8"/></net>

<net id="657"><net_src comp="82" pin="1"/><net_sink comp="654" pin=0"/></net>

<net id="658"><net_src comp="654" pin="1"/><net_sink comp="366" pin=1"/></net>

<net id="659"><net_src comp="654" pin="1"/><net_sink comp="423" pin=1"/></net>

<net id="660"><net_src comp="654" pin="1"/><net_sink comp="568" pin=0"/></net>

<net id="664"><net_src comp="86" pin="1"/><net_sink comp="661" pin=0"/></net>

<net id="665"><net_src comp="661" pin="1"/><net_sink comp="366" pin=8"/></net>

<net id="666"><net_src comp="661" pin="1"/><net_sink comp="423" pin=8"/></net>

<net id="667"><net_src comp="661" pin="1"/><net_sink comp="572" pin=0"/></net>

<net id="671"><net_src comp="90" pin="1"/><net_sink comp="668" pin=0"/></net>

<net id="672"><net_src comp="668" pin="1"/><net_sink comp="366" pin=7"/></net>

<net id="673"><net_src comp="668" pin="1"/><net_sink comp="423" pin=7"/></net>

<net id="674"><net_src comp="668" pin="1"/><net_sink comp="576" pin=0"/></net>

<net id="678"><net_src comp="94" pin="1"/><net_sink comp="675" pin=0"/></net>

<net id="679"><net_src comp="675" pin="1"/><net_sink comp="366" pin=6"/></net>

<net id="680"><net_src comp="675" pin="1"/><net_sink comp="423" pin=6"/></net>

<net id="681"><net_src comp="675" pin="1"/><net_sink comp="580" pin=0"/></net>

<net id="685"><net_src comp="98" pin="1"/><net_sink comp="682" pin=0"/></net>

<net id="686"><net_src comp="682" pin="1"/><net_sink comp="366" pin=5"/></net>

<net id="687"><net_src comp="682" pin="1"/><net_sink comp="423" pin=5"/></net>

<net id="688"><net_src comp="682" pin="1"/><net_sink comp="584" pin=0"/></net>

<net id="692"><net_src comp="102" pin="1"/><net_sink comp="689" pin=0"/></net>

<net id="693"><net_src comp="689" pin="1"/><net_sink comp="366" pin=4"/></net>

<net id="694"><net_src comp="689" pin="1"/><net_sink comp="423" pin=4"/></net>

<net id="695"><net_src comp="689" pin="1"/><net_sink comp="588" pin=0"/></net>

<net id="699"><net_src comp="106" pin="1"/><net_sink comp="696" pin=0"/></net>

<net id="700"><net_src comp="696" pin="1"/><net_sink comp="366" pin=3"/></net>

<net id="701"><net_src comp="696" pin="1"/><net_sink comp="423" pin=3"/></net>

<net id="702"><net_src comp="696" pin="1"/><net_sink comp="592" pin=0"/></net>

<net id="706"><net_src comp="110" pin="1"/><net_sink comp="703" pin=0"/></net>

<net id="707"><net_src comp="703" pin="1"/><net_sink comp="366" pin=2"/></net>

<net id="708"><net_src comp="703" pin="1"/><net_sink comp="423" pin=2"/></net>

<net id="709"><net_src comp="703" pin="1"/><net_sink comp="596" pin=0"/></net>

<net id="713"><net_src comp="114" pin="1"/><net_sink comp="710" pin=0"/></net>

<net id="714"><net_src comp="710" pin="1"/><net_sink comp="403" pin=1"/></net>

<net id="715"><net_src comp="710" pin="1"/><net_sink comp="438" pin=1"/></net>

<net id="719"><net_src comp="118" pin="1"/><net_sink comp="716" pin=0"/></net>

<net id="720"><net_src comp="716" pin="1"/><net_sink comp="403" pin=8"/></net>

<net id="721"><net_src comp="716" pin="1"/><net_sink comp="438" pin=2"/></net>

<net id="725"><net_src comp="122" pin="1"/><net_sink comp="722" pin=0"/></net>

<net id="726"><net_src comp="722" pin="1"/><net_sink comp="403" pin=7"/></net>

<net id="727"><net_src comp="722" pin="1"/><net_sink comp="438" pin=3"/></net>

<net id="731"><net_src comp="126" pin="1"/><net_sink comp="728" pin=0"/></net>

<net id="732"><net_src comp="728" pin="1"/><net_sink comp="403" pin=6"/></net>

<net id="733"><net_src comp="728" pin="1"/><net_sink comp="438" pin=4"/></net>

<net id="737"><net_src comp="130" pin="1"/><net_sink comp="734" pin=0"/></net>

<net id="738"><net_src comp="734" pin="1"/><net_sink comp="403" pin=5"/></net>

<net id="739"><net_src comp="734" pin="1"/><net_sink comp="438" pin=5"/></net>

<net id="743"><net_src comp="134" pin="1"/><net_sink comp="740" pin=0"/></net>

<net id="744"><net_src comp="740" pin="1"/><net_sink comp="403" pin=4"/></net>

<net id="745"><net_src comp="740" pin="1"/><net_sink comp="438" pin=6"/></net>

<net id="749"><net_src comp="138" pin="1"/><net_sink comp="746" pin=0"/></net>

<net id="750"><net_src comp="746" pin="1"/><net_sink comp="403" pin=3"/></net>

<net id="751"><net_src comp="746" pin="1"/><net_sink comp="438" pin=7"/></net>

<net id="755"><net_src comp="142" pin="1"/><net_sink comp="752" pin=0"/></net>

<net id="756"><net_src comp="752" pin="1"/><net_sink comp="403" pin=2"/></net>

<net id="757"><net_src comp="752" pin="1"/><net_sink comp="438" pin=8"/></net>

<net id="761"><net_src comp="146" pin="3"/><net_sink comp="758" pin=0"/></net>

<net id="762"><net_src comp="758" pin="1"/><net_sink comp="210" pin=0"/></net>

<net id="766"><net_src comp="154" pin="3"/><net_sink comp="763" pin=0"/></net>

<net id="767"><net_src comp="763" pin="1"/><net_sink comp="216" pin=0"/></net>

<net id="771"><net_src comp="162" pin="3"/><net_sink comp="768" pin=0"/></net>

<net id="772"><net_src comp="768" pin="1"/><net_sink comp="222" pin=0"/></net>

<net id="776"><net_src comp="170" pin="3"/><net_sink comp="773" pin=0"/></net>

<net id="777"><net_src comp="773" pin="1"/><net_sink comp="228" pin=0"/></net>

<net id="781"><net_src comp="178" pin="3"/><net_sink comp="778" pin=0"/></net>

<net id="782"><net_src comp="778" pin="1"/><net_sink comp="234" pin=0"/></net>

<net id="786"><net_src comp="186" pin="3"/><net_sink comp="783" pin=0"/></net>

<net id="787"><net_src comp="783" pin="1"/><net_sink comp="240" pin=0"/></net>

<net id="791"><net_src comp="194" pin="3"/><net_sink comp="788" pin=0"/></net>

<net id="792"><net_src comp="788" pin="1"/><net_sink comp="246" pin=0"/></net>

<net id="796"><net_src comp="202" pin="3"/><net_sink comp="793" pin=0"/></net>

<net id="797"><net_src comp="793" pin="1"/><net_sink comp="252" pin=0"/></net>

<net id="801"><net_src comp="258" pin="3"/><net_sink comp="798" pin=0"/></net>

<net id="802"><net_src comp="798" pin="1"/><net_sink comp="210" pin=0"/></net>

<net id="806"><net_src comp="266" pin="3"/><net_sink comp="803" pin=0"/></net>

<net id="807"><net_src comp="803" pin="1"/><net_sink comp="216" pin=0"/></net>

<net id="811"><net_src comp="274" pin="3"/><net_sink comp="808" pin=0"/></net>

<net id="812"><net_src comp="808" pin="1"/><net_sink comp="222" pin=0"/></net>

<net id="816"><net_src comp="282" pin="3"/><net_sink comp="813" pin=0"/></net>

<net id="817"><net_src comp="813" pin="1"/><net_sink comp="228" pin=0"/></net>

<net id="821"><net_src comp="290" pin="3"/><net_sink comp="818" pin=0"/></net>

<net id="822"><net_src comp="818" pin="1"/><net_sink comp="234" pin=0"/></net>

<net id="826"><net_src comp="298" pin="3"/><net_sink comp="823" pin=0"/></net>

<net id="827"><net_src comp="823" pin="1"/><net_sink comp="240" pin=0"/></net>

<net id="831"><net_src comp="306" pin="3"/><net_sink comp="828" pin=0"/></net>

<net id="832"><net_src comp="828" pin="1"/><net_sink comp="246" pin=0"/></net>

<net id="836"><net_src comp="314" pin="3"/><net_sink comp="833" pin=0"/></net>

<net id="837"><net_src comp="833" pin="1"/><net_sink comp="252" pin=0"/></net>

<net id="841"><net_src comp="210" pin="3"/><net_sink comp="838" pin=0"/></net>

<net id="842"><net_src comp="838" pin="1"/><net_sink comp="330" pin=17"/></net>

<net id="843"><net_src comp="838" pin="1"/><net_sink comp="366" pin=17"/></net>

<net id="847"><net_src comp="216" pin="3"/><net_sink comp="844" pin=0"/></net>

<net id="848"><net_src comp="844" pin="1"/><net_sink comp="330" pin=18"/></net>

<net id="849"><net_src comp="844" pin="1"/><net_sink comp="366" pin=18"/></net>

<net id="853"><net_src comp="222" pin="3"/><net_sink comp="850" pin=0"/></net>

<net id="854"><net_src comp="850" pin="1"/><net_sink comp="330" pin=19"/></net>

<net id="855"><net_src comp="850" pin="1"/><net_sink comp="366" pin=19"/></net>

<net id="859"><net_src comp="228" pin="3"/><net_sink comp="856" pin=0"/></net>

<net id="860"><net_src comp="856" pin="1"/><net_sink comp="330" pin=20"/></net>

<net id="861"><net_src comp="856" pin="1"/><net_sink comp="366" pin=20"/></net>

<net id="865"><net_src comp="234" pin="3"/><net_sink comp="862" pin=0"/></net>

<net id="866"><net_src comp="862" pin="1"/><net_sink comp="330" pin=21"/></net>

<net id="867"><net_src comp="862" pin="1"/><net_sink comp="366" pin=21"/></net>

<net id="871"><net_src comp="240" pin="3"/><net_sink comp="868" pin=0"/></net>

<net id="872"><net_src comp="868" pin="1"/><net_sink comp="330" pin=22"/></net>

<net id="873"><net_src comp="868" pin="1"/><net_sink comp="366" pin=22"/></net>

<net id="877"><net_src comp="246" pin="3"/><net_sink comp="874" pin=0"/></net>

<net id="878"><net_src comp="874" pin="1"/><net_sink comp="330" pin=23"/></net>

<net id="879"><net_src comp="874" pin="1"/><net_sink comp="366" pin=23"/></net>

<net id="883"><net_src comp="252" pin="3"/><net_sink comp="880" pin=0"/></net>

<net id="884"><net_src comp="880" pin="1"/><net_sink comp="330" pin=24"/></net>

<net id="885"><net_src comp="880" pin="1"/><net_sink comp="366" pin=24"/></net>

</net_list>

</model> 
---------------- Datapath Model END ------------------

* FSMD analyzer results:
  - Output states:
	Port: c_0 | {7 8 11 12 }
	Port: c_1 | {7 8 11 12 }
	Port: c_2 | {7 8 11 12 }
	Port: c_3 | {7 8 11 12 }
	Port: c_4 | {7 8 11 12 }
	Port: c_5 | {7 8 11 12 }
	Port: c_6 | {7 8 11 12 }
	Port: c_7 | {7 8 11 12 }
	Port: p503x2_1 | {}
	Port: p503p1_1 | {}
 - Input state : 
	Port: fp2sqr503_mont.3.1 : c_0 | {1 2 3 7 8 9 10 11 12 }
	Port: fp2sqr503_mont.3.1 : c_1 | {1 2 3 7 8 9 10 11 12 }
	Port: fp2sqr503_mont.3.1 : c_2 | {1 2 3 7 8 9 10 11 12 }
	Port: fp2sqr503_mont.3.1 : c_3 | {1 2 3 7 8 9 10 11 12 }
	Port: fp2sqr503_mont.3.1 : c_4 | {1 2 3 7 8 9 10 11 12 }
	Port: fp2sqr503_mont.3.1 : c_5 | {1 2 3 7 8 9 10 11 12 }
	Port: fp2sqr503_mont.3.1 : c_6 | {1 2 3 7 8 9 10 11 12 }
	Port: fp2sqr503_mont.3.1 : c_7 | {1 2 3 7 8 9 10 11 12 }
	Port: fp2sqr503_mont.3.1 : p503x2_1 | {5 6 }
	Port: fp2sqr503_mont.3.1 : p503p1_1 | {7 8 11 12 }
  - Chain level:
	State 1
		c_0_load : 1
		c_1_load : 1
		c_2_load : 1
		c_3_load : 1
		c_4_load : 1
		c_5_load : 1
		c_6_load : 1
		c_7_load : 1
		specmemcore_ln379 : 1
		specmemcore_ln379 : 1
		specmemcore_ln379 : 1
		specmemcore_ln379 : 1
		specmemcore_ln379 : 1
		specmemcore_ln379 : 1
		specmemcore_ln379 : 1
		specmemcore_ln379 : 1
	State 2
		c_0_load_1 : 1
		c_1_load_1 : 1
		c_2_load_1 : 1
		c_3_load_1 : 1
		c_4_load_1 : 1
		c_5_load_1 : 1
		c_6_load_1 : 1
		c_7_load_1 : 1
		specmemcore_ln379 : 1
		specmemcore_ln379 : 1
		specmemcore_ln379 : 1
		specmemcore_ln379 : 1
		specmemcore_ln379 : 1
		specmemcore_ln379 : 1
		specmemcore_ln379 : 1
		specmemcore_ln379 : 1
	State 3
		call_ln379 : 1
		call_ln379 : 1
	State 4
	State 5
		call_ln0 : 1
	State 6
	State 7
		call_ln150 : 1
	State 8
	State 9
	State 10
	State 11
	State 12


============================================================
+ Verbose Summary: Datapath Resource usage 
============================================================

* Functional unit list:
|----------|-----------------------------------------------------------|---------|---------|---------|---------|
| Operation|                      Functional Unit                      |   DSP   |  Delay  |    FF   |   LUT   |
|----------|-----------------------------------------------------------|---------|---------|---------|---------|
|          |  grp_fp2sqr503_mont_3_1_Pipeline_VITIS_LOOP_376_1_fu_330  |    0    |    0    |    6    |   638   |
|          |   grp_fp2sqr503_mont_3_1_Pipeline_VITIS_LOOP_61_1_fu_366  |    0    |    0    |    6    |   649   |
|   call   | grp_fp2sqr503_mont_3_1_Pipeline_VITIS_LOOP_376_148_fu_403 |    0    |    0    |    6    |   595   |
|          |   grp_fp2sqr503_mont_3_1_Pipeline_VITIS_LOOP_68_2_fu_423  |    0    |  0.387  |    77   |   731   |
|          |                 grp_fpmul503_mont_8_fu_438                |   948   |  30.186 |  10210  |   5713  |
|----------|-----------------------------------------------------------|---------|---------|---------|---------|
|   Total  |                                                           |   948   |  30.573 |  10305  |   8326  |
|----------|-----------------------------------------------------------|---------|---------|---------|---------|

Memories:
N/A

* Register list:
+------------------+--------+
|                  |   FF   |
+------------------+--------+
|borrow_loc_reg_600|    1   |
|c_0_addr_1_reg_798|    1   |
| c_0_addr_reg_758 |    1   |
|c_0_load_1_reg_838|   64   |
|c_1_addr_1_reg_803|    1   |
| c_1_addr_reg_763 |    1   |
|c_1_load_1_reg_844|   64   |
|c_2_addr_1_reg_808|    1   |
| c_2_addr_reg_768 |    1   |
|c_2_load_1_reg_850|   64   |
|c_3_addr_1_reg_813|    1   |
| c_3_addr_reg_773 |    1   |
|c_3_load_1_reg_856|   64   |
|c_4_addr_1_reg_818|    1   |
| c_4_addr_reg_778 |    1   |
|c_4_load_1_reg_862|   64   |
|c_5_addr_1_reg_823|    1   |
| c_5_addr_reg_783 |    1   |
|c_5_load_1_reg_868|   64   |
|c_6_addr_1_reg_828|    1   |
| c_6_addr_reg_788 |    1   |
|c_6_load_1_reg_874|   64   |
|c_7_addr_1_reg_833|    1   |
| c_7_addr_reg_793 |    1   |
|c_7_load_1_reg_880|   64   |
|      reg_500     |   64   |
|      reg_508     |   64   |
|      reg_516     |   64   |
|      reg_524     |   64   |
|      reg_532     |   64   |
|      reg_540     |   64   |
|      reg_548     |   64   |
|      reg_556     |   64   |
|   t1_1_reg_612   |   64   |
|   t1_2_reg_618   |   64   |
|   t1_3_reg_624   |   64   |
|   t1_4_reg_630   |   64   |
|   t1_5_reg_636   |   64   |
|   t1_6_reg_642   |   64   |
|   t1_7_reg_648   |   64   |
|    t1_reg_606    |   64   |
|   t2_1_reg_661   |   64   |
|   t2_2_reg_668   |   64   |
|   t2_3_reg_675   |   64   |
|   t2_4_reg_682   |   64   |
|   t2_5_reg_689   |   64   |
|   t2_6_reg_696   |   64   |
|   t2_7_reg_703   |   64   |
|    t2_reg_654    |   64   |
|   t3_1_reg_716   |   64   |
|   t3_2_reg_722   |   64   |
|   t3_3_reg_728   |   64   |
|   t3_4_reg_734   |   64   |
|   t3_5_reg_740   |   64   |
|   t3_6_reg_746   |   64   |
|   t3_7_reg_752   |   64   |
|    t3_reg_710    |   64   |
+------------------+--------+
|       Total      |  2577  |
+------------------+--------+

* Multiplexer (MUX) list: 
|---------------------------------------------------------|------|------|------|--------||---------||---------||---------|
|                           Comp                          |  Pin | Size |  BW  | S x BW ||  Delay  ||    FF   ||   LUT   |
|---------------------------------------------------------|------|------|------|--------||---------||---------||---------|
|                    grp_access_fu_210                    |  p0  |   4  |   1  |    4   ||    0    ||    20   |
|                    grp_access_fu_216                    |  p0  |   4  |   1  |    4   ||    0    ||    20   |
|                    grp_access_fu_222                    |  p0  |   4  |   1  |    4   ||    0    ||    20   |
|                    grp_access_fu_228                    |  p0  |   4  |   1  |    4   ||    0    ||    20   |
|                    grp_access_fu_234                    |  p0  |   4  |   1  |    4   ||    0    ||    20   |
|                    grp_access_fu_240                    |  p0  |   4  |   1  |    4   ||    0    ||    20   |
|                    grp_access_fu_246                    |  p0  |   4  |   1  |    4   ||    0    ||    20   |
|                    grp_access_fu_252                    |  p0  |   4  |   1  |    4   ||    0    ||    20   |
| grp_fp2sqr503_mont_3_1_Pipeline_VITIS_LOOP_376_1_fu_330 |  p17 |   2  |  64  |   128  ||    0    ||    9    |
| grp_fp2sqr503_mont_3_1_Pipeline_VITIS_LOOP_376_1_fu_330 |  p18 |   2  |  64  |   128  ||    0    ||    9    |
| grp_fp2sqr503_mont_3_1_Pipeline_VITIS_LOOP_376_1_fu_330 |  p19 |   2  |  64  |   128  ||    0    ||    9    |
| grp_fp2sqr503_mont_3_1_Pipeline_VITIS_LOOP_376_1_fu_330 |  p20 |   2  |  64  |   128  ||    0    ||    9    |
| grp_fp2sqr503_mont_3_1_Pipeline_VITIS_LOOP_376_1_fu_330 |  p21 |   2  |  64  |   128  ||    0    ||    9    |
| grp_fp2sqr503_mont_3_1_Pipeline_VITIS_LOOP_376_1_fu_330 |  p22 |   2  |  64  |   128  ||    0    ||    9    |
| grp_fp2sqr503_mont_3_1_Pipeline_VITIS_LOOP_376_1_fu_330 |  p23 |   2  |  64  |   128  ||    0    ||    9    |
| grp_fp2sqr503_mont_3_1_Pipeline_VITIS_LOOP_376_1_fu_330 |  p24 |   2  |  64  |   128  ||    0    ||    9    |
|  grp_fp2sqr503_mont_3_1_Pipeline_VITIS_LOOP_61_1_fu_366 |  p17 |   2  |  64  |   128  ||    0    ||    9    |
|  grp_fp2sqr503_mont_3_1_Pipeline_VITIS_LOOP_61_1_fu_366 |  p18 |   2  |  64  |   128  ||    0    ||    9    |
|  grp_fp2sqr503_mont_3_1_Pipeline_VITIS_LOOP_61_1_fu_366 |  p19 |   2  |  64  |   128  ||    0    ||    9    |
|  grp_fp2sqr503_mont_3_1_Pipeline_VITIS_LOOP_61_1_fu_366 |  p20 |   2  |  64  |   128  ||    0    ||    9    |
|  grp_fp2sqr503_mont_3_1_Pipeline_VITIS_LOOP_61_1_fu_366 |  p21 |   2  |  64  |   128  ||    0    ||    9    |
|  grp_fp2sqr503_mont_3_1_Pipeline_VITIS_LOOP_61_1_fu_366 |  p22 |   2  |  64  |   128  ||    0    ||    9    |
|  grp_fp2sqr503_mont_3_1_Pipeline_VITIS_LOOP_61_1_fu_366 |  p23 |   2  |  64  |   128  ||    0    ||    9    |
|  grp_fp2sqr503_mont_3_1_Pipeline_VITIS_LOOP_61_1_fu_366 |  p24 |   2  |  64  |   128  ||    0    ||    9    |
|                grp_fpmul503_mont_8_fu_438               |  p1  |   2  |  64  |   128  ||    0    ||    9    |
|                grp_fpmul503_mont_8_fu_438               |  p2  |   2  |  64  |   128  ||    0    ||    9    |
|                grp_fpmul503_mont_8_fu_438               |  p3  |   2  |  64  |   128  ||    0    ||    9    |
|                grp_fpmul503_mont_8_fu_438               |  p4  |   2  |  64  |   128  ||    0    ||    9    |
|                grp_fpmul503_mont_8_fu_438               |  p5  |   2  |  64  |   128  ||    0    ||    9    |
|                grp_fpmul503_mont_8_fu_438               |  p6  |   2  |  64  |   128  ||    0    ||    9    |
|                grp_fpmul503_mont_8_fu_438               |  p7  |   2  |  64  |   128  ||    0    ||    9    |
|                grp_fpmul503_mont_8_fu_438               |  p8  |   2  |  64  |   128  ||    0    ||    9    |
|                grp_fpmul503_mont_8_fu_438               |  p9  |   2  |  64  |   128  ||    0    ||    9    |
|                grp_fpmul503_mont_8_fu_438               |  p10 |   2  |  64  |   128  ||    0    ||    9    |
|                grp_fpmul503_mont_8_fu_438               |  p11 |   2  |  64  |   128  ||    0    ||    9    |
|                grp_fpmul503_mont_8_fu_438               |  p12 |   2  |  64  |   128  ||    0    ||    9    |
|                grp_fpmul503_mont_8_fu_438               |  p13 |   2  |  64  |   128  ||    0    ||    9    |
|                grp_fpmul503_mont_8_fu_438               |  p14 |   2  |  64  |   128  ||    0    ||    9    |
|                grp_fpmul503_mont_8_fu_438               |  p15 |   2  |  64  |   128  ||    0    ||    9    |
|                grp_fpmul503_mont_8_fu_438               |  p16 |   2  |  64  |   128  ||    0    ||    9    |
|                grp_fpmul503_mont_8_fu_438               |  p18 |   2  |   1  |    2   |
|                grp_fpmul503_mont_8_fu_438               |  p20 |   2  |   1  |    2   |
|                grp_fpmul503_mont_8_fu_438               |  p22 |   2  |   1  |    2   |
|                grp_fpmul503_mont_8_fu_438               |  p24 |   2  |   1  |    2   |
|                grp_fpmul503_mont_8_fu_438               |  p26 |   2  |   1  |    2   |
|                grp_fpmul503_mont_8_fu_438               |  p28 |   2  |   1  |    2   |
|                grp_fpmul503_mont_8_fu_438               |  p30 |   2  |   1  |    2   |
|                grp_fpmul503_mont_8_fu_438               |  p32 |   2  |   1  |    2   |
|---------------------------------------------------------|------|------|------|--------||---------||---------||---------|
|                          Total                          |      |      |      |  4144  || 19.1017 ||    0    ||   448   |
|---------------------------------------------------------|------|------|------|--------||---------||---------||---------|



* Summary:
+-----------+--------+--------+--------+--------+
|           |   DSP  |  Delay |   FF   |   LUT  |
+-----------+--------+--------+--------+--------+
|  Function |   948  |   30   |  10305 |  8326  |
|   Memory  |    -   |    -   |    -   |    -   |
|Multiplexer|    -   |   19   |    0   |   448  |
|  Register |    -   |    -   |  2577  |    -   |
+-----------+--------+--------+--------+--------+
|   Total   |   948  |   49   |  12882 |  8774  |
+-----------+--------+--------+--------+--------+
