

================================================================
== Vitis HLS Report for 'fpadd503_56'
================================================================
* Date:           Wed Jul 30 15:28:35 2025

* Version:        2024.2.2 (Build 6049644 on Mar  5 2025)
* Project:        sikep503_hls
* Solution:       solution1 (Vivado IP Flow Target)
* Product family: virtexuplus58g
* Target device:  xcvu29p-fsga2577-2L-e


================================================================
== Performance Estimates
================================================================
+ Timing: 
    * Summary: 
    +--------+----------+----------+------------+
    |  Clock |  Target  | Estimated| Uncertainty|
    +--------+----------+----------+------------+
    |ap_clk  |  10.00 ns|  7.287 ns|     2.70 ns|
    +--------+----------+----------+------------+

+ Latency: 
    * Summary: 
    +---------+---------+-----------+-----------+-----+-----+---------+
    |  Latency (cycles) |   Latency (absolute)  |  Interval | Pipeline|
    |   min   |   max   |    min    |    max    | min | max |   Type  |
    +---------+---------+-----------+-----------+-----+-----+---------+
    |        8|        8|  80.000 ns|  80.000 ns|    1|    1|      yes|
    +---------+---------+-----------+-----------+-----+-----+---------+

    + Detail: 
        * Instance: 
        +---------------------------------------+----------------------+---------+---------+----------+----------+-----+-----+---------+
        |                                       |                      |  Latency (cycles) |  Latency (absolute) |  Interval | Pipeline|
        |                Instance               |        Module        |   min   |   max   |    min   |    max   | min | max |   Type  |
        +---------------------------------------+----------------------+---------+---------+----------+----------+-----+-----+---------+
        |tmp_is_digit_lessthan_ct_fu_388        |is_digit_lessthan_ct  |        0|        0|      0 ns|      0 ns|    1|    1|      yes|
        |tmp_s_is_digit_lessthan_ct_fu_395      |is_digit_lessthan_ct  |        0|        0|      0 ns|      0 ns|    1|    1|      yes|
        |tmp_981_is_digit_lessthan_ct_fu_401    |is_digit_lessthan_ct  |        0|        0|      0 ns|      0 ns|    1|    1|      yes|
        |tmp_982_is_digit_lessthan_ct_fu_407    |is_digit_lessthan_ct  |        0|        0|      0 ns|      0 ns|    1|    1|      yes|
        |borrowReg_is_digit_lessthan_ct_fu_413  |is_digit_lessthan_ct  |        0|        0|      0 ns|      0 ns|    1|    1|      yes|
        |tmp_983_is_digit_lessthan_ct_fu_420    |is_digit_lessthan_ct  |        0|        0|      0 ns|      0 ns|    1|    1|      yes|
        |tmp_984_is_digit_lessthan_ct_fu_427    |is_digit_lessthan_ct  |        0|        0|      0 ns|      0 ns|    1|    1|      yes|
        |tmp_985_is_digit_lessthan_ct_fu_433    |is_digit_lessthan_ct  |        0|        0|      0 ns|      0 ns|    1|    1|      yes|
        |tmp_986_is_digit_lessthan_ct_fu_439    |is_digit_lessthan_ct  |        0|        0|      0 ns|      0 ns|    1|    1|      yes|
        |tmp_987_is_digit_lessthan_ct_fu_446    |is_digit_lessthan_ct  |        0|        0|      0 ns|      0 ns|    1|    1|      yes|
        |tmp_988_is_digit_lessthan_ct_fu_452    |is_digit_lessthan_ct  |        0|        0|      0 ns|      0 ns|    1|    1|      yes|
        |tmp_990_is_digit_lessthan_ct_fu_458    |is_digit_lessthan_ct  |        0|        0|      0 ns|      0 ns|    1|    1|      yes|
        |tmp_991_is_digit_lessthan_ct_fu_464    |is_digit_lessthan_ct  |        0|        0|      0 ns|      0 ns|    1|    1|      yes|
        |tmp_989_is_digit_lessthan_ct_fu_470    |is_digit_lessthan_ct  |        0|        0|      0 ns|      0 ns|    1|    1|      yes|
        |tmp_993_is_digit_lessthan_ct_fu_477    |is_digit_lessthan_ct  |        0|        0|      0 ns|      0 ns|    1|    1|      yes|
        |tmp_994_is_digit_lessthan_ct_fu_483    |is_digit_lessthan_ct  |        0|        0|      0 ns|      0 ns|    1|    1|      yes|
        |tmp_996_is_digit_lessthan_ct_fu_489    |is_digit_lessthan_ct  |        0|        0|      0 ns|      0 ns|    1|    1|      yes|
        |tmp_997_is_digit_lessthan_ct_fu_495    |is_digit_lessthan_ct  |        0|        0|      0 ns|      0 ns|    1|    1|      yes|
        |tmp_980_is_digit_lessthan_ct_fu_501    |is_digit_lessthan_ct  |        0|        0|      0 ns|      0 ns|    1|    1|      yes|
        |tmp_992_is_digit_lessthan_ct_fu_508    |is_digit_lessthan_ct  |        0|        0|      0 ns|      0 ns|    1|    1|      yes|
        |tmp_995_is_digit_lessthan_ct_fu_515    |is_digit_lessthan_ct  |        0|        0|      0 ns|      0 ns|    1|    1|      yes|
        |tmp_998_is_digit_lessthan_ct_fu_522    |is_digit_lessthan_ct  |        0|        0|      0 ns|      0 ns|    1|    1|      yes|
        |tmp_999_is_digit_lessthan_ct_fu_529    |is_digit_lessthan_ct  |        0|        0|      0 ns|      0 ns|    1|    1|      yes|
        |tmp_1000_is_digit_lessthan_ct_fu_536   |is_digit_lessthan_ct  |        0|        0|      0 ns|      0 ns|    1|    1|      yes|
        |tmp_1001_is_digit_lessthan_ct_fu_542   |is_digit_lessthan_ct  |        0|        0|      0 ns|      0 ns|    1|    1|      yes|
        |tmp_1002_is_digit_lessthan_ct_fu_548   |is_digit_lessthan_ct  |        0|        0|      0 ns|      0 ns|    1|    1|      yes|
        |tmp_1003_is_digit_lessthan_ct_fu_554   |is_digit_lessthan_ct  |        0|        0|      0 ns|      0 ns|    1|    1|      yes|
        |tmp_1004_is_digit_lessthan_ct_fu_560   |is_digit_lessthan_ct  |        0|        0|      0 ns|      0 ns|    1|    1|      yes|
        |tmp_1005_is_digit_lessthan_ct_fu_566   |is_digit_lessthan_ct  |        0|        0|      0 ns|      0 ns|    1|    1|      yes|
        |tmp_1006_is_digit_lessthan_ct_fu_572   |is_digit_lessthan_ct  |        0|        0|      0 ns|      0 ns|    1|    1|      yes|
        |tmp_1007_is_digit_lessthan_ct_fu_578   |is_digit_lessthan_ct  |        0|        0|      0 ns|      0 ns|    1|    1|      yes|
        |tmp_1008_is_digit_lessthan_ct_fu_584   |is_digit_lessthan_ct  |        0|        0|      0 ns|      0 ns|    1|    1|      yes|
        |tmp_1009_is_digit_lessthan_ct_fu_590   |is_digit_lessthan_ct  |        0|        0|      0 ns|      0 ns|    1|    1|      yes|
        |tmp_1010_is_digit_lessthan_ct_fu_596   |is_digit_lessthan_ct  |        0|        0|      0 ns|      0 ns|    1|    1|      yes|
        |tmp_1011_is_digit_lessthan_ct_fu_602   |is_digit_lessthan_ct  |        0|        0|      0 ns|      0 ns|    1|    1|      yes|
        |tmp_1012_is_digit_lessthan_ct_fu_608   |is_digit_lessthan_ct  |        0|        0|      0 ns|      0 ns|    1|    1|      yes|
        +---------------------------------------+----------------------+---------+---------+----------+----------+-----+-----+---------+

        * Loop: 
        N/A



================================================================
== Utilization Estimates
================================================================
* Summary: 
+---------------------+---------+-------+---------+---------+------+
|         Name        | BRAM_18K|  DSP  |    FF   |   LUT   | URAM |
+---------------------+---------+-------+---------+---------+------+
|DSP                  |        -|      -|        -|        -|     -|
|Expression           |        -|      -|        0|     4195|     -|
|FIFO                 |        -|      -|        -|        -|     -|
|Instance             |        -|      -|        -|        -|     -|
|Memory               |        -|      -|        -|        -|     -|
|Multiplexer          |        -|      -|        -|        -|     -|
|Register             |        -|      -|     3808|      608|     -|
+---------------------+---------+-------+---------+---------+------+
|Total                |        0|      0|     3808|     4803|     0|
+---------------------+---------+-------+---------+---------+------+
|Available SLR        |     1344|   3072|   864000|   432000|   320|
+---------------------+---------+-------+---------+---------+------+
|Utilization SLR (%)  |        0|      0|       ~0|        1|     0|
+---------------------+---------+-------+---------+---------+------+
|Available            |     5376|  12288|  3456000|  1728000|  1280|
+---------------------+---------+-------+---------+---------+------+
|Utilization (%)      |        0|      0|       ~0|       ~0|     0|
+---------------------+---------+-------+---------+---------+------+

+ Detail: 
    * Instance: 
    N/A

    * DSP: 
    N/A

    * Memory: 
    N/A

    * FIFO: 
    N/A

    * Expression: 
    +---------------------------+----------+----+---+----+------------+------------+
    |       Variable Name       | Operation| DSP| FF| LUT| Bitwidth P0| Bitwidth P1|
    +---------------------------+----------+----+---+----+------------+------------+
    |add_ln33_100_fu_851_p2     |         +|   0|  0|  71|          64|          64|
    |add_ln33_102_fu_873_p2     |         +|   0|  0|  71|          64|          64|
    |add_ln33_104_fu_897_p2     |         +|   0|  0|  71|          64|          64|
    |add_ln33_105_fu_1094_p2    |         +|   0|  0|  64|          64|          64|
    |add_ln33_106_fu_1099_p2    |         +|   0|  0|  64|          64|          64|
    |add_ln33_94_fu_654_p2      |         +|   0|  0|  71|          64|          64|
    |add_ln33_96_fu_739_p2      |         +|   0|  0|  71|          64|          64|
    |add_ln33_98_fu_828_p2      |         +|   0|  0|  71|          64|          64|
    |add_ln33_fu_630_p2         |         +|   0|  0|  71|          64|          64|
    |add_ln46_81_fu_1254_p2     |         +|   0|  0|  71|          64|          64|
    |add_ln46_83_fu_1302_p2     |         +|   0|  0|  71|          64|          64|
    |add_ln46_85_fu_1332_p2     |         +|   0|  0|  71|          64|          64|
    |add_ln46_87_fu_1380_p2     |         +|   0|  0|  71|          64|          64|
    |add_ln46_88_fu_1413_p2     |         +|   0|  0|  64|          64|          64|
    |add_ln46_fu_1161_p2        |         +|   0|  0|  71|          64|          64|
    |tempReg_1398_fu_910_p2     |         +|   0|  0|  71|          64|           2|
    |tempReg_1412_fu_732_p2     |         +|   0|  0|  71|          64|          64|
    |tempReg_1413_fu_822_p2     |         +|   0|  0|  71|          64|          64|
    |tempReg_1414_fu_844_p2     |         +|   0|  0|  71|          64|          64|
    |tempReg_1415_fu_868_p2     |         +|   0|  0|  71|          64|          64|
    |tempReg_1416_fu_890_p2     |         +|   0|  0|  71|          64|          64|
    |tempReg_1417_fu_671_p2     |         +|   0|  0|  71|          64|           1|
    |tempReg_1418_fu_758_p2     |         +|   0|  0|  71|          64|           1|
    |tempReg_1419_fu_925_p2     |         +|   0|  0|  71|          64|          64|
    |tempReg_1420_fu_965_p2     |         +|   0|  0|  71|          64|          63|
    |tempReg_1421_fu_1007_p2    |         +|   0|  0|  71|          64|          63|
    |tempReg_1422_fu_1052_p2    |         +|   0|  0|  71|          64|          62|
    |tempReg_1423_fu_1105_p2    |         +|   0|  0|  71|          64|          57|
    |tempReg_1424_fu_1178_p2    |         +|   0|  0|  64|          64|          64|
    |tempReg_1425_fu_1217_p2    |         +|   0|  0|  64|          64|          64|
    |tempReg_1426_fu_1241_p2    |         +|   0|  0|  64|          64|          64|
    |tempReg_1427_fu_1287_p2    |         +|   0|  0|  64|          64|          64|
    |tempReg_1428_fu_1319_p2    |         +|   0|  0|  64|          64|          64|
    |tempReg_1429_fu_1365_p2    |         +|   0|  0|  64|          64|          64|
    |tempReg_fu_647_p2          |         +|   0|  0|  71|          64|          64|
    |sub_ln39_36_fu_1193_p2     |         -|   0|  0|  64|          64|          64|
    |sub_ln39_37_fu_1201_p2     |         -|   0|  0|  64|          64|          64|
    |sub_ln39_38_fu_1263_p2     |         -|   0|  0|  64|          64|          64|
    |sub_ln39_39_fu_1271_p2     |         -|   0|  0|  64|          64|          64|
    |sub_ln39_40_fu_1341_p2     |         -|   0|  0|  64|          64|          64|
    |sub_ln39_41_fu_1349_p2     |         -|   0|  0|  64|          64|          64|
    |sub_ln39_fu_920_p2         |         -|   0|  0|  64|          64|          64|
    |sub_ln46_8_fu_1225_p2      |         -|   0|  0|  71|          64|          64|
    |sub_ln46_fu_1184_p2        |         -|   0|  0|  71|          64|          64|
    |sub_ln95_224_fu_970_p2     |         -|   0|  0|  71|          62|          64|
    |sub_ln95_225_fu_1012_p2    |         -|   0|  0|  71|          62|          64|
    |sub_ln95_226_fu_1057_p2    |         -|   0|  0|  71|          63|          64|
    |sub_ln95_227_fu_1111_p2    |         -|   0|  0|  71|          56|          64|
    |sub_ln95_fu_930_p2         |         -|   0|  0|  71|          63|          64|
    |and_ln39_43_fu_810_p2      |       and|   0|  0|   2|           1|           1|
    |and_ln39_44_fu_955_p2      |       and|   0|  0|   2|           1|           1|
    |and_ln39_45_fu_995_p2      |       and|   0|  0|   2|           1|           1|
    |and_ln39_46_fu_1037_p2     |       and|   0|  0|   2|           1|           1|
    |and_ln39_47_fu_1082_p2     |       and|   0|  0|   2|           1|           1|
    |and_ln39_48_fu_1137_p2     |       and|   0|  0|   2|           1|           1|
    |and_ln39_fu_720_p2         |       and|   0|  0|   2|           1|           1|
    |borrowReg_322_fu_726_p2    |        or|   0|  0|   2|           1|           1|
    |borrowReg_323_fu_816_p2    |        or|   0|  0|   2|           1|           1|
    |borrowReg_324_fu_960_p2    |        or|   0|  0|   2|           1|           1|
    |borrowReg_325_fu_1001_p2   |        or|   0|  0|   2|           1|           1|
    |borrowReg_326_fu_1043_p2   |        or|   0|  0|   2|           1|           1|
    |borrowReg_327_fu_1088_p2   |        or|   0|  0|   2|           1|           1|
    |borrowReg_328_fu_1143_p2   |        or|   0|  0|   2|           1|           1|
    |carry_370_fu_661_p2        |        or|   0|  0|   2|           1|           1|
    |carry_371_fu_747_p2        |        or|   0|  0|   2|           1|           1|
    |carry_372_fu_834_p2        |        or|   0|  0|   2|           1|           1|
    |carry_373_fu_858_p2        |        or|   0|  0|   2|           1|           1|
    |carry_374_fu_879_p2        |        or|   0|  0|   2|           1|           1|
    |carry_375_fu_904_p2        |        or|   0|  0|   2|           1|           1|
    |carry_376_fu_1168_p2       |        or|   0|  0|   2|           1|           1|
    |carry_377_fu_1206_p2       |        or|   0|  0|   2|           1|           1|
    |carry_378_fu_1231_p2       |        or|   0|  0|   2|           1|           1|
    |carry_379_fu_1276_p2       |        or|   0|  0|   2|           1|           1|
    |carry_380_fu_1309_p2       |        or|   0|  0|   2|           1|           1|
    |carry_381_fu_1354_p2       |        or|   0|  0|   2|           1|           1|
    |carry_382_fu_1388_p2       |        or|   0|  0|   2|           1|           1|
    |carry_fu_636_p2            |        or|   0|  0|   2|           1|           1|
    |or_ln95_246_fu_790_p2      |        or|   0|  0|  64|          64|          64|
    |or_ln95_247_fu_935_p2      |        or|   0|  0|  64|          64|          64|
    |or_ln95_248_fu_975_p2      |        or|   0|  0|  64|          64|          64|
    |or_ln95_249_fu_1017_p2     |        or|   0|  0|  64|          64|          64|
    |or_ln95_250_fu_1062_p2     |        or|   0|  0|  64|          64|          64|
    |or_ln95_251_fu_1117_p2     |        or|   0|  0|  64|          64|          64|
    |or_ln95_fu_700_p2          |        or|   0|  0|  64|          64|          64|
    |select_ln46_36_fu_1247_p3  |    select|   0|  0|  62|           1|          63|
    |select_ln46_37_fu_1295_p3  |    select|   0|  0|  61|           1|          62|
    |select_ln46_38_fu_1325_p3  |    select|   0|  0|  61|           1|          62|
    |select_ln46_39_fu_1373_p3  |    select|   0|  0|  62|           1|          63|
    |select_ln46_40_fu_1394_p3  |    select|   0|  0|  55|           1|          55|
    |select_ln46_fu_1153_p3     |    select|   0|  0|   3|           1|           3|
    |ap_enable_pp0              |       xor|   0|  0|   2|           1|           2|
    |xor_ln100_246_fu_804_p2    |       xor|   0|  0|   2|           1|           2|
    |xor_ln100_247_fu_949_p2    |       xor|   0|  0|   2|           1|           2|
    |xor_ln100_248_fu_989_p2    |       xor|   0|  0|   2|           1|           2|
    |xor_ln100_249_fu_1031_p2   |       xor|   0|  0|   2|           1|           2|
    |xor_ln100_250_fu_1076_p2   |       xor|   0|  0|   2|           1|           2|
    |xor_ln100_251_fu_1131_p2   |       xor|   0|  0|   2|           1|           2|
    |xor_ln100_fu_714_p2        |       xor|   0|  0|   2|           1|           2|
    |xor_ln95_12_fu_683_p2      |       xor|   0|  0|   2|           1|           2|
    |xor_ln95_fu_772_p2         |       xor|   0|  0|   2|           1|           2|
    +---------------------------+----------+----+---+----+------------+------------+
    |Total                      |          |   0|  0|4195|        3614|        3741|
    +---------------------------+----------+----+---+----+------------+------------+

    * Multiplexer: 
    N/A

    * Register: 
    +--------------------------------------+----+----+-----+-----------+
    |                 Name                 | FF | LUT| Bits| Const Bits|
    +--------------------------------------+----+----+-----+-----------+
    |a_read103_reg_1455                    |  64|   0|   64|          0|
    |a_read_484_reg_1420                   |  64|   0|   64|          0|
    |a_read_485_reg_1425                   |  64|   0|   64|          0|
    |a_read_486_reg_1430                   |  64|   0|   64|          0|
    |a_read_487_reg_1435                   |  64|   0|   64|          0|
    |a_read_488_reg_1440                   |  64|   0|   64|          0|
    |a_read_488_reg_1440_pp0_iter1_reg     |  64|   0|   64|          0|
    |a_read_489_reg_1445                   |  64|   0|   64|          0|
    |a_read_489_reg_1445_pp0_iter1_reg     |  64|   0|   64|          0|
    |a_read_490_reg_1450                   |  64|   0|   64|          0|
    |add_ln33_100_reg_1560                 |  64|   0|   64|          0|
    |add_ln33_100_reg_1560_pp0_iter4_reg   |  64|   0|   64|          0|
    |add_ln33_102_reg_1599                 |  64|   0|   64|          0|
    |add_ln33_104_reg_1606                 |  64|   0|   64|          0|
    |add_ln33_94_reg_1488                  |  64|   0|   64|          0|
    |add_ln33_98_reg_1547                  |  64|   0|   64|          0|
    |add_ln33_reg_1482                     |  64|   0|   64|          0|
    |add_ln46_81_reg_1720                  |  64|   0|   64|          0|
    |add_ln46_81_reg_1720_pp0_iter7_reg    |  64|   0|   64|          0|
    |add_ln46_83_reg_1726                  |  64|   0|   64|          0|
    |add_ln46_85_reg_1742                  |  64|   0|   64|          0|
    |add_ln46_reg_1682                     |  64|   0|   64|          0|
    |ap_CS_fsm                             |   1|   0|    1|          0|
    |ap_enable_reg_pp0_iter1               |   1|   0|    1|          0|
    |ap_enable_reg_pp0_iter2               |   1|   0|    1|          0|
    |ap_enable_reg_pp0_iter3               |   1|   0|    1|          0|
    |ap_enable_reg_pp0_iter4               |   1|   0|    1|          0|
    |ap_enable_reg_pp0_iter5               |   1|   0|    1|          0|
    |ap_enable_reg_pp0_iter6               |   1|   0|    1|          0|
    |ap_enable_reg_pp0_iter7               |   1|   0|    1|          0|
    |ap_enable_reg_pp0_iter8               |   1|   0|    1|          0|
    |borrowReg_322_reg_1521                |   1|   0|    1|          0|
    |borrowReg_323_reg_1531                |   1|   0|    1|          0|
    |borrowReg_324_reg_1628                |   1|   0|    1|          0|
    |borrowReg_324_reg_1628_pp0_iter6_reg  |   1|   0|    1|          0|
    |borrowReg_325_reg_1638                |   1|   0|    1|          0|
    |borrowReg_325_reg_1638_pp0_iter6_reg  |   1|   0|    1|          0|
    |borrowReg_326_reg_1648                |   1|   0|    1|          0|
    |borrowReg_327_reg_1658                |   1|   0|    1|          0|
    |borrowReg_328_reg_1668                |   1|   0|    1|          0|
    |borrowReg_reg_1511                    |   1|   0|    1|          0|
    |carry_370_reg_1496                    |   1|   0|    1|          0|
    |carry_375_reg_1613                    |   1|   0|    1|          0|
    |pts_Z_7_load_reg_1618                 |  64|   0|   64|          0|
    |sub_ln46_8_reg_1704                   |  64|   0|   64|          0|
    |sub_ln46_8_reg_1704_pp0_iter7_reg     |  64|   0|   64|          0|
    |sub_ln46_reg_1698                     |  64|   0|   64|          0|
    |tempReg_1413_reg_1537                 |  64|   0|   64|          0|
    |tempReg_1415_reg_1572                 |  64|   0|   64|          0|
    |tempReg_1417_reg_1516                 |  64|   0|   64|          0|
    |tempReg_1418_reg_1526                 |  64|   0|   64|          0|
    |tempReg_1419_reg_1623                 |  64|   0|   64|          0|
    |tempReg_1420_reg_1633                 |  64|   0|   64|          0|
    |tempReg_1420_reg_1633_pp0_iter6_reg   |  64|   0|   64|          0|
    |tempReg_1421_reg_1643                 |  64|   0|   64|          0|
    |tempReg_1421_reg_1643_pp0_iter6_reg   |  64|   0|   64|          0|
    |tempReg_1422_reg_1653                 |  64|   0|   64|          0|
    |tempReg_1423_reg_1663                 |  64|   0|   64|          0|
    |tempReg_1424_reg_1692                 |  64|   0|   64|          0|
    |tempReg_1426_reg_1714                 |  64|   0|   64|          0|
    |tempReg_1428_reg_1736                 |  64|   0|   64|          0|
    |tmp_987_reg_1542                      |   1|   0|    1|          0|
    |tmp_989_reg_1594                      |   1|   0|    1|          0|
    |zext_ln33_41_reg_1462                 |   4|   0|   64|         60|
    |zext_ln33_45_reg_1567                 |   1|   0|   64|         63|
    |zext_ln41_reg_1677                    |   1|   0|   64|         63|
    |zext_ln46_44_reg_1709                 |   1|   0|   64|         63|
    |zext_ln46_46_reg_1731                 |   1|   0|   64|         63|
    |zext_ln46_reg_1687                    |   1|   0|   64|         63|
    |a_read_484_reg_1420                   |  64|  32|   64|          0|
    |a_read_485_reg_1425                   |  64|  32|   64|          0|
    |a_read_486_reg_1430                   |  64|  32|   64|          0|
    |a_read_487_reg_1435                   |  64|  32|   64|          0|
    |add_ln33_98_reg_1547                  |  64|  32|   64|          0|
    |add_ln33_reg_1482                     |  64|  32|   64|          0|
    |add_ln46_reg_1682                     |  64|  32|   64|          0|
    |borrowReg_322_reg_1521                |  64|  32|    1|          0|
    |borrowReg_323_reg_1531                |  64|  32|    1|          0|
    |borrowReg_326_reg_1648                |  64|  32|    1|          0|
    |borrowReg_327_reg_1658                |  64|  32|    1|          0|
    |borrowReg_328_reg_1668                |  64|  32|    1|          0|
    |borrowReg_reg_1511                    |  64|  32|    1|          0|
    |sub_ln46_reg_1698                     |  64|  32|   64|          0|
    |tempReg_1417_reg_1516                 |  64|  32|   64|          0|
    |tempReg_1418_reg_1526                 |  64|  32|   64|          0|
    |tempReg_1422_reg_1653                 |  64|  32|   64|          0|
    |tempReg_1423_reg_1663                 |  64|  32|   64|          0|
    |zext_ln33_41_reg_1462                 |  64|  32|   64|         60|
    +--------------------------------------+----+----+-----+-----------+
    |Total                                 |3808| 608| 3805|        435|
    +--------------------------------------+----+----+-----+-----------+



================================================================
== Interface
================================================================
* Summary: 
+------------------------------------------------+-----+-----+------------+--------------+--------------+
|                    RTL Ports                   | Dir | Bits|  Protocol  | Source Object|    C Type    |
+------------------------------------------------+-----+-----+------------+--------------+--------------+
|ap_clk                                          |   in|    1|  ap_ctrl_hs|   fpadd503.56|  return value|
|ap_rst                                          |   in|    1|  ap_ctrl_hs|   fpadd503.56|  return value|
|ap_start                                        |   in|    1|  ap_ctrl_hs|   fpadd503.56|  return value|
|ap_done                                         |  out|    1|  ap_ctrl_hs|   fpadd503.56|  return value|
|ap_idle                                         |  out|    1|  ap_ctrl_hs|   fpadd503.56|  return value|
|ap_ready                                        |  out|    1|  ap_ctrl_hs|   fpadd503.56|  return value|
|borrowReg_is_digit_lessthan_ct_fu_1875_p_din1   |  out|   64|  ap_ctrl_hs|   fpadd503.56|  return value|
|borrowReg_is_digit_lessthan_ct_fu_1875_p_din2   |  out|   64|  ap_ctrl_hs|   fpadd503.56|  return value|
|borrowReg_is_digit_lessthan_ct_fu_1875_p_dout0  |   in|    1|  ap_ctrl_hs|   fpadd503.56|  return value|
|borrowReg_is_digit_lessthan_ct_fu_1875_p_ready  |   in|    1|  ap_ctrl_hs|   fpadd503.56|  return value|
|tmp_312_is_digit_lessthan_ct_fu_1880_p_din1     |  out|   64|  ap_ctrl_hs|   fpadd503.56|  return value|
|tmp_312_is_digit_lessthan_ct_fu_1880_p_din2     |  out|   64|  ap_ctrl_hs|   fpadd503.56|  return value|
|tmp_312_is_digit_lessthan_ct_fu_1880_p_dout0    |   in|    1|  ap_ctrl_hs|   fpadd503.56|  return value|
|tmp_312_is_digit_lessthan_ct_fu_1880_p_ready    |   in|    1|  ap_ctrl_hs|   fpadd503.56|  return value|
|tmp_313_is_digit_lessthan_ct_fu_1885_p_din1     |  out|   64|  ap_ctrl_hs|   fpadd503.56|  return value|
|tmp_313_is_digit_lessthan_ct_fu_1885_p_din2     |  out|   64|  ap_ctrl_hs|   fpadd503.56|  return value|
|tmp_313_is_digit_lessthan_ct_fu_1885_p_dout0    |   in|    1|  ap_ctrl_hs|   fpadd503.56|  return value|
|tmp_313_is_digit_lessthan_ct_fu_1885_p_ready    |   in|    1|  ap_ctrl_hs|   fpadd503.56|  return value|
|tmp_314_is_digit_lessthan_ct_fu_1890_p_din1     |  out|   64|  ap_ctrl_hs|   fpadd503.56|  return value|
|tmp_314_is_digit_lessthan_ct_fu_1890_p_din2     |  out|   64|  ap_ctrl_hs|   fpadd503.56|  return value|
|tmp_314_is_digit_lessthan_ct_fu_1890_p_dout0    |   in|    1|  ap_ctrl_hs|   fpadd503.56|  return value|
|tmp_314_is_digit_lessthan_ct_fu_1890_p_ready    |   in|    1|  ap_ctrl_hs|   fpadd503.56|  return value|
|tmp_315_is_digit_lessthan_ct_fu_1895_p_din1     |  out|   64|  ap_ctrl_hs|   fpadd503.56|  return value|
|tmp_315_is_digit_lessthan_ct_fu_1895_p_din2     |  out|   64|  ap_ctrl_hs|   fpadd503.56|  return value|
|tmp_315_is_digit_lessthan_ct_fu_1895_p_dout0    |   in|    1|  ap_ctrl_hs|   fpadd503.56|  return value|
|tmp_315_is_digit_lessthan_ct_fu_1895_p_ready    |   in|    1|  ap_ctrl_hs|   fpadd503.56|  return value|
|tmp_316_is_digit_lessthan_ct_fu_1900_p_din1     |  out|   64|  ap_ctrl_hs|   fpadd503.56|  return value|
|tmp_316_is_digit_lessthan_ct_fu_1900_p_din2     |  out|   64|  ap_ctrl_hs|   fpadd503.56|  return value|
|tmp_316_is_digit_lessthan_ct_fu_1900_p_dout0    |   in|    1|  ap_ctrl_hs|   fpadd503.56|  return value|
|tmp_316_is_digit_lessthan_ct_fu_1900_p_ready    |   in|    1|  ap_ctrl_hs|   fpadd503.56|  return value|
|tmp_317_is_digit_lessthan_ct_fu_1905_p_din1     |  out|   64|  ap_ctrl_hs|   fpadd503.56|  return value|
|tmp_317_is_digit_lessthan_ct_fu_1905_p_din2     |  out|   64|  ap_ctrl_hs|   fpadd503.56|  return value|
|tmp_317_is_digit_lessthan_ct_fu_1905_p_dout0    |   in|    1|  ap_ctrl_hs|   fpadd503.56|  return value|
|tmp_317_is_digit_lessthan_ct_fu_1905_p_ready    |   in|    1|  ap_ctrl_hs|   fpadd503.56|  return value|
|tmp_318_is_digit_lessthan_ct_fu_1910_p_din1     |  out|   64|  ap_ctrl_hs|   fpadd503.56|  return value|
|tmp_318_is_digit_lessthan_ct_fu_1910_p_din2     |  out|   64|  ap_ctrl_hs|   fpadd503.56|  return value|
|tmp_318_is_digit_lessthan_ct_fu_1910_p_dout0    |   in|    1|  ap_ctrl_hs|   fpadd503.56|  return value|
|tmp_318_is_digit_lessthan_ct_fu_1910_p_ready    |   in|    1|  ap_ctrl_hs|   fpadd503.56|  return value|
|tmp_319_is_digit_lessthan_ct_fu_1915_p_din1     |  out|   64|  ap_ctrl_hs|   fpadd503.56|  return value|
|tmp_319_is_digit_lessthan_ct_fu_1915_p_din2     |  out|   64|  ap_ctrl_hs|   fpadd503.56|  return value|
|tmp_319_is_digit_lessthan_ct_fu_1915_p_dout0    |   in|    1|  ap_ctrl_hs|   fpadd503.56|  return value|
|tmp_319_is_digit_lessthan_ct_fu_1915_p_ready    |   in|    1|  ap_ctrl_hs|   fpadd503.56|  return value|
|tmp_320_is_digit_lessthan_ct_fu_1920_p_din1     |  out|   64|  ap_ctrl_hs|   fpadd503.56|  return value|
|tmp_320_is_digit_lessthan_ct_fu_1920_p_din2     |  out|   64|  ap_ctrl_hs|   fpadd503.56|  return value|
|tmp_320_is_digit_lessthan_ct_fu_1920_p_dout0    |   in|    1|  ap_ctrl_hs|   fpadd503.56|  return value|
|tmp_320_is_digit_lessthan_ct_fu_1920_p_ready    |   in|    1|  ap_ctrl_hs|   fpadd503.56|  return value|
|tmp_321_is_digit_lessthan_ct_fu_1925_p_din1     |  out|   64|  ap_ctrl_hs|   fpadd503.56|  return value|
|tmp_321_is_digit_lessthan_ct_fu_1925_p_din2     |  out|   64|  ap_ctrl_hs|   fpadd503.56|  return value|
|tmp_321_is_digit_lessthan_ct_fu_1925_p_dout0    |   in|    1|  ap_ctrl_hs|   fpadd503.56|  return value|
|tmp_321_is_digit_lessthan_ct_fu_1925_p_ready    |   in|    1|  ap_ctrl_hs|   fpadd503.56|  return value|
|tmp_322_is_digit_lessthan_ct_fu_1930_p_din1     |  out|   64|  ap_ctrl_hs|   fpadd503.56|  return value|
|tmp_322_is_digit_lessthan_ct_fu_1930_p_din2     |  out|   64|  ap_ctrl_hs|   fpadd503.56|  return value|
|tmp_322_is_digit_lessthan_ct_fu_1930_p_dout0    |   in|    1|  ap_ctrl_hs|   fpadd503.56|  return value|
|tmp_322_is_digit_lessthan_ct_fu_1930_p_ready    |   in|    1|  ap_ctrl_hs|   fpadd503.56|  return value|
|tmp_323_is_digit_lessthan_ct_fu_1935_p_din1     |  out|   64|  ap_ctrl_hs|   fpadd503.56|  return value|
|tmp_323_is_digit_lessthan_ct_fu_1935_p_din2     |  out|   64|  ap_ctrl_hs|   fpadd503.56|  return value|
|tmp_323_is_digit_lessthan_ct_fu_1935_p_dout0    |   in|    1|  ap_ctrl_hs|   fpadd503.56|  return value|
|tmp_323_is_digit_lessthan_ct_fu_1935_p_ready    |   in|    1|  ap_ctrl_hs|   fpadd503.56|  return value|
|tmp_324_is_digit_lessthan_ct_fu_1940_p_din1     |  out|   64|  ap_ctrl_hs|   fpadd503.56|  return value|
|tmp_324_is_digit_lessthan_ct_fu_1940_p_din2     |  out|   64|  ap_ctrl_hs|   fpadd503.56|  return value|
|tmp_324_is_digit_lessthan_ct_fu_1940_p_dout0    |   in|    1|  ap_ctrl_hs|   fpadd503.56|  return value|
|tmp_324_is_digit_lessthan_ct_fu_1940_p_ready    |   in|    1|  ap_ctrl_hs|   fpadd503.56|  return value|
|tmp_325_is_digit_lessthan_ct_fu_1945_p_din1     |  out|   64|  ap_ctrl_hs|   fpadd503.56|  return value|
|tmp_325_is_digit_lessthan_ct_fu_1945_p_din2     |  out|   64|  ap_ctrl_hs|   fpadd503.56|  return value|
|tmp_325_is_digit_lessthan_ct_fu_1945_p_dout0    |   in|    1|  ap_ctrl_hs|   fpadd503.56|  return value|
|tmp_325_is_digit_lessthan_ct_fu_1945_p_ready    |   in|    1|  ap_ctrl_hs|   fpadd503.56|  return value|
|tmp_326_is_digit_lessthan_ct_fu_1950_p_din1     |  out|   64|  ap_ctrl_hs|   fpadd503.56|  return value|
|tmp_326_is_digit_lessthan_ct_fu_1950_p_din2     |  out|   64|  ap_ctrl_hs|   fpadd503.56|  return value|
|tmp_326_is_digit_lessthan_ct_fu_1950_p_dout0    |   in|    1|  ap_ctrl_hs|   fpadd503.56|  return value|
|tmp_326_is_digit_lessthan_ct_fu_1950_p_ready    |   in|    1|  ap_ctrl_hs|   fpadd503.56|  return value|
|tmp_327_is_digit_lessthan_ct_fu_1955_p_din1     |  out|   64|  ap_ctrl_hs|   fpadd503.56|  return value|
|tmp_327_is_digit_lessthan_ct_fu_1955_p_din2     |  out|   64|  ap_ctrl_hs|   fpadd503.56|  return value|
|tmp_327_is_digit_lessthan_ct_fu_1955_p_dout0    |   in|    1|  ap_ctrl_hs|   fpadd503.56|  return value|
|tmp_327_is_digit_lessthan_ct_fu_1955_p_ready    |   in|    1|  ap_ctrl_hs|   fpadd503.56|  return value|
|tmp_328_is_digit_lessthan_ct_fu_1960_p_din1     |  out|   64|  ap_ctrl_hs|   fpadd503.56|  return value|
|tmp_328_is_digit_lessthan_ct_fu_1960_p_din2     |  out|   64|  ap_ctrl_hs|   fpadd503.56|  return value|
|tmp_328_is_digit_lessthan_ct_fu_1960_p_dout0    |   in|    1|  ap_ctrl_hs|   fpadd503.56|  return value|
|tmp_328_is_digit_lessthan_ct_fu_1960_p_ready    |   in|    1|  ap_ctrl_hs|   fpadd503.56|  return value|
|tmp_329_is_digit_lessthan_ct_fu_1965_p_din1     |  out|   64|  ap_ctrl_hs|   fpadd503.56|  return value|
|tmp_329_is_digit_lessthan_ct_fu_1965_p_din2     |  out|   64|  ap_ctrl_hs|   fpadd503.56|  return value|
|tmp_329_is_digit_lessthan_ct_fu_1965_p_dout0    |   in|    1|  ap_ctrl_hs|   fpadd503.56|  return value|
|tmp_329_is_digit_lessthan_ct_fu_1965_p_ready    |   in|    1|  ap_ctrl_hs|   fpadd503.56|  return value|
|tmp_330_is_digit_lessthan_ct_fu_1970_p_din1     |  out|   64|  ap_ctrl_hs|   fpadd503.56|  return value|
|tmp_330_is_digit_lessthan_ct_fu_1970_p_din2     |  out|   64|  ap_ctrl_hs|   fpadd503.56|  return value|
|tmp_330_is_digit_lessthan_ct_fu_1970_p_dout0    |   in|    1|  ap_ctrl_hs|   fpadd503.56|  return value|
|tmp_330_is_digit_lessthan_ct_fu_1970_p_ready    |   in|    1|  ap_ctrl_hs|   fpadd503.56|  return value|
|tmp_is_digit_lessthan_ct_fu_1975_p_din1         |  out|   64|  ap_ctrl_hs|   fpadd503.56|  return value|
|tmp_is_digit_lessthan_ct_fu_1975_p_din2         |  out|   64|  ap_ctrl_hs|   fpadd503.56|  return value|
|tmp_is_digit_lessthan_ct_fu_1975_p_dout0        |   in|    1|  ap_ctrl_hs|   fpadd503.56|  return value|
|tmp_is_digit_lessthan_ct_fu_1975_p_ready        |   in|    1|  ap_ctrl_hs|   fpadd503.56|  return value|
|tmp_s_is_digit_lessthan_ct_fu_1980_p_din1       |  out|   64|  ap_ctrl_hs|   fpadd503.56|  return value|
|tmp_s_is_digit_lessthan_ct_fu_1980_p_din2       |  out|   64|  ap_ctrl_hs|   fpadd503.56|  return value|
|tmp_s_is_digit_lessthan_ct_fu_1980_p_dout0      |   in|    1|  ap_ctrl_hs|   fpadd503.56|  return value|
|tmp_s_is_digit_lessthan_ct_fu_1980_p_ready      |   in|    1|  ap_ctrl_hs|   fpadd503.56|  return value|
|tmp_1034_is_digit_lessthan_ct_fu_1990_p_din1    |  out|   64|  ap_ctrl_hs|   fpadd503.56|  return value|
|tmp_1034_is_digit_lessthan_ct_fu_1990_p_din2    |  out|   64|  ap_ctrl_hs|   fpadd503.56|  return value|
|tmp_1034_is_digit_lessthan_ct_fu_1990_p_dout0   |   in|    1|  ap_ctrl_hs|   fpadd503.56|  return value|
|tmp_1034_is_digit_lessthan_ct_fu_1990_p_ready   |   in|    1|  ap_ctrl_hs|   fpadd503.56|  return value|
|tmp_1035_is_digit_lessthan_ct_fu_1995_p_din1    |  out|   64|  ap_ctrl_hs|   fpadd503.56|  return value|
|tmp_1035_is_digit_lessthan_ct_fu_1995_p_din2    |  out|   64|  ap_ctrl_hs|   fpadd503.56|  return value|
|tmp_1035_is_digit_lessthan_ct_fu_1995_p_dout0   |   in|    1|  ap_ctrl_hs|   fpadd503.56|  return value|
|tmp_1035_is_digit_lessthan_ct_fu_1995_p_ready   |   in|    1|  ap_ctrl_hs|   fpadd503.56|  return value|
|tmp_1036_is_digit_lessthan_ct_fu_2000_p_din1    |  out|   64|  ap_ctrl_hs|   fpadd503.56|  return value|
|tmp_1036_is_digit_lessthan_ct_fu_2000_p_din2    |  out|   64|  ap_ctrl_hs|   fpadd503.56|  return value|
|tmp_1036_is_digit_lessthan_ct_fu_2000_p_dout0   |   in|    1|  ap_ctrl_hs|   fpadd503.56|  return value|
|tmp_1036_is_digit_lessthan_ct_fu_2000_p_ready   |   in|    1|  ap_ctrl_hs|   fpadd503.56|  return value|
|tmp_1037_is_digit_lessthan_ct_fu_2005_p_din1    |  out|   64|  ap_ctrl_hs|   fpadd503.56|  return value|
|tmp_1037_is_digit_lessthan_ct_fu_2005_p_din2    |  out|   64|  ap_ctrl_hs|   fpadd503.56|  return value|
|tmp_1037_is_digit_lessthan_ct_fu_2005_p_dout0   |   in|    1|  ap_ctrl_hs|   fpadd503.56|  return value|
|tmp_1037_is_digit_lessthan_ct_fu_2005_p_ready   |   in|    1|  ap_ctrl_hs|   fpadd503.56|  return value|
|tmp_1038_is_digit_lessthan_ct_fu_2010_p_din1    |  out|   64|  ap_ctrl_hs|   fpadd503.56|  return value|
|tmp_1038_is_digit_lessthan_ct_fu_2010_p_din2    |  out|   64|  ap_ctrl_hs|   fpadd503.56|  return value|
|tmp_1038_is_digit_lessthan_ct_fu_2010_p_dout0   |   in|    1|  ap_ctrl_hs|   fpadd503.56|  return value|
|tmp_1038_is_digit_lessthan_ct_fu_2010_p_ready   |   in|    1|  ap_ctrl_hs|   fpadd503.56|  return value|
|tmp_1039_is_digit_lessthan_ct_fu_2015_p_din1    |  out|   64|  ap_ctrl_hs|   fpadd503.56|  return value|
|tmp_1039_is_digit_lessthan_ct_fu_2015_p_din2    |  out|   64|  ap_ctrl_hs|   fpadd503.56|  return value|
|tmp_1039_is_digit_lessthan_ct_fu_2015_p_dout0   |   in|    1|  ap_ctrl_hs|   fpadd503.56|  return value|
|tmp_1039_is_digit_lessthan_ct_fu_2015_p_ready   |   in|    1|  ap_ctrl_hs|   fpadd503.56|  return value|
|tmp_1040_is_digit_lessthan_ct_fu_2020_p_din1    |  out|   64|  ap_ctrl_hs|   fpadd503.56|  return value|
|tmp_1040_is_digit_lessthan_ct_fu_2020_p_din2    |  out|   64|  ap_ctrl_hs|   fpadd503.56|  return value|
|tmp_1040_is_digit_lessthan_ct_fu_2020_p_dout0   |   in|    1|  ap_ctrl_hs|   fpadd503.56|  return value|
|tmp_1040_is_digit_lessthan_ct_fu_2020_p_ready   |   in|    1|  ap_ctrl_hs|   fpadd503.56|  return value|
|tmp_1041_is_digit_lessthan_ct_fu_2025_p_din1    |  out|   64|  ap_ctrl_hs|   fpadd503.56|  return value|
|tmp_1041_is_digit_lessthan_ct_fu_2025_p_din2    |  out|   64|  ap_ctrl_hs|   fpadd503.56|  return value|
|tmp_1041_is_digit_lessthan_ct_fu_2025_p_dout0   |   in|    1|  ap_ctrl_hs|   fpadd503.56|  return value|
|tmp_1041_is_digit_lessthan_ct_fu_2025_p_ready   |   in|    1|  ap_ctrl_hs|   fpadd503.56|  return value|
|tmp_1042_is_digit_lessthan_ct_fu_2030_p_din1    |  out|   64|  ap_ctrl_hs|   fpadd503.56|  return value|
|tmp_1042_is_digit_lessthan_ct_fu_2030_p_din2    |  out|   64|  ap_ctrl_hs|   fpadd503.56|  return value|
|tmp_1042_is_digit_lessthan_ct_fu_2030_p_dout0   |   in|    1|  ap_ctrl_hs|   fpadd503.56|  return value|
|tmp_1042_is_digit_lessthan_ct_fu_2030_p_ready   |   in|    1|  ap_ctrl_hs|   fpadd503.56|  return value|
|tmp_1043_is_digit_lessthan_ct_fu_2035_p_din1    |  out|   64|  ap_ctrl_hs|   fpadd503.56|  return value|
|tmp_1043_is_digit_lessthan_ct_fu_2035_p_din2    |  out|   64|  ap_ctrl_hs|   fpadd503.56|  return value|
|tmp_1043_is_digit_lessthan_ct_fu_2035_p_dout0   |   in|    1|  ap_ctrl_hs|   fpadd503.56|  return value|
|tmp_1043_is_digit_lessthan_ct_fu_2035_p_ready   |   in|    1|  ap_ctrl_hs|   fpadd503.56|  return value|
|tmp_1044_is_digit_lessthan_ct_fu_2040_p_din1    |  out|   64|  ap_ctrl_hs|   fpadd503.56|  return value|
|tmp_1044_is_digit_lessthan_ct_fu_2040_p_din2    |  out|   64|  ap_ctrl_hs|   fpadd503.56|  return value|
|tmp_1044_is_digit_lessthan_ct_fu_2040_p_dout0   |   in|    1|  ap_ctrl_hs|   fpadd503.56|  return value|
|tmp_1044_is_digit_lessthan_ct_fu_2040_p_ready   |   in|    1|  ap_ctrl_hs|   fpadd503.56|  return value|
|tmp_1045_is_digit_lessthan_ct_fu_2045_p_din1    |  out|   64|  ap_ctrl_hs|   fpadd503.56|  return value|
|tmp_1045_is_digit_lessthan_ct_fu_2045_p_din2    |  out|   64|  ap_ctrl_hs|   fpadd503.56|  return value|
|tmp_1045_is_digit_lessthan_ct_fu_2045_p_dout0   |   in|    1|  ap_ctrl_hs|   fpadd503.56|  return value|
|tmp_1045_is_digit_lessthan_ct_fu_2045_p_ready   |   in|    1|  ap_ctrl_hs|   fpadd503.56|  return value|
|tmp_is_digit_lessthan_ct_fu_2050_p_din1         |  out|   64|  ap_ctrl_hs|   fpadd503.56|  return value|
|tmp_is_digit_lessthan_ct_fu_2050_p_din2         |  out|   64|  ap_ctrl_hs|   fpadd503.56|  return value|
|tmp_is_digit_lessthan_ct_fu_2050_p_dout0        |   in|    1|  ap_ctrl_hs|   fpadd503.56|  return value|
|tmp_is_digit_lessthan_ct_fu_2050_p_ready        |   in|    1|  ap_ctrl_hs|   fpadd503.56|  return value|
|tmp_s_is_digit_lessthan_ct_fu_2055_p_din1       |  out|   64|  ap_ctrl_hs|   fpadd503.56|  return value|
|tmp_s_is_digit_lessthan_ct_fu_2055_p_din2       |  out|   64|  ap_ctrl_hs|   fpadd503.56|  return value|
|tmp_s_is_digit_lessthan_ct_fu_2055_p_dout0      |   in|    1|  ap_ctrl_hs|   fpadd503.56|  return value|
|tmp_s_is_digit_lessthan_ct_fu_2055_p_ready      |   in|    1|  ap_ctrl_hs|   fpadd503.56|  return value|
|a_read                                          |   in|   64|     ap_none|        a_read|        scalar|
|a_read_498                                      |   in|   64|     ap_none|    a_read_498|        scalar|
|a_read_499                                      |   in|   64|     ap_none|    a_read_499|        scalar|
|a_read_500                                      |   in|   64|     ap_none|    a_read_500|        scalar|
|a_read_501                                      |   in|   64|     ap_none|    a_read_501|        scalar|
|a_read_502                                      |   in|   64|     ap_none|    a_read_502|        scalar|
|a_read_503                                      |   in|   64|     ap_none|    a_read_503|        scalar|
|a_read_504                                      |   in|   64|     ap_none|    a_read_504|        scalar|
|pts_Z_0_address0                                |  out|    4|   ap_memory|       pts_Z_0|         array|
|pts_Z_0_ce0                                     |  out|    1|   ap_memory|       pts_Z_0|         array|
|pts_Z_0_q0                                      |   in|   64|   ap_memory|       pts_Z_0|         array|
|b_0                                             |   in|    8|     ap_none|           b_0|        scalar|
|pts_Z_1_address0                                |  out|    4|   ap_memory|       pts_Z_1|         array|
|pts_Z_1_ce0                                     |  out|    1|   ap_memory|       pts_Z_1|         array|
|pts_Z_1_q0                                      |   in|   64|   ap_memory|       pts_Z_1|         array|
|pts_Z_2_address0                                |  out|    4|   ap_memory|       pts_Z_2|         array|
|pts_Z_2_ce0                                     |  out|    1|   ap_memory|       pts_Z_2|         array|
|pts_Z_2_q0                                      |   in|   64|   ap_memory|       pts_Z_2|         array|
|pts_Z_3_address0                                |  out|    4|   ap_memory|       pts_Z_3|         array|
|pts_Z_3_ce0                                     |  out|    1|   ap_memory|       pts_Z_3|         array|
|pts_Z_3_q0                                      |   in|   64|   ap_memory|       pts_Z_3|         array|
|pts_Z_4_address0                                |  out|    4|   ap_memory|       pts_Z_4|         array|
|pts_Z_4_ce0                                     |  out|    1|   ap_memory|       pts_Z_4|         array|
|pts_Z_4_q0                                      |   in|   64|   ap_memory|       pts_Z_4|         array|
|pts_Z_5_address0                                |  out|    4|   ap_memory|       pts_Z_5|         array|
|pts_Z_5_ce0                                     |  out|    1|   ap_memory|       pts_Z_5|         array|
|pts_Z_5_q0                                      |   in|   64|   ap_memory|       pts_Z_5|         array|
|pts_Z_6_address0                                |  out|    4|   ap_memory|       pts_Z_6|         array|
|pts_Z_6_ce0                                     |  out|    1|   ap_memory|       pts_Z_6|         array|
|pts_Z_6_q0                                      |   in|   64|   ap_memory|       pts_Z_6|         array|
|pts_Z_7_address0                                |  out|    4|   ap_memory|       pts_Z_7|         array|
|pts_Z_7_ce0                                     |  out|    1|   ap_memory|       pts_Z_7|         array|
|pts_Z_7_q0                                      |   in|   64|   ap_memory|       pts_Z_7|         array|
|t1_i_0_address0                                 |  out|    1|   ap_memory|        t1_i_0|         array|
|t1_i_0_ce0                                      |  out|    1|   ap_memory|        t1_i_0|         array|
|t1_i_0_we0                                      |  out|    1|   ap_memory|        t1_i_0|         array|
|t1_i_0_d0                                       |  out|   64|   ap_memory|        t1_i_0|         array|
|t1_i_1_address0                                 |  out|    1|   ap_memory|        t1_i_1|         array|
|t1_i_1_ce0                                      |  out|    1|   ap_memory|        t1_i_1|         array|
|t1_i_1_we0                                      |  out|    1|   ap_memory|        t1_i_1|         array|
|t1_i_1_d0                                       |  out|   64|   ap_memory|        t1_i_1|         array|
|t1_i_2_address0                                 |  out|    1|   ap_memory|        t1_i_2|         array|
|t1_i_2_ce0                                      |  out|    1|   ap_memory|        t1_i_2|         array|
|t1_i_2_we0                                      |  out|    1|   ap_memory|        t1_i_2|         array|
|t1_i_2_d0                                       |  out|   64|   ap_memory|        t1_i_2|         array|
|t1_i_3_address0                                 |  out|    1|   ap_memory|        t1_i_3|         array|
|t1_i_3_ce0                                      |  out|    1|   ap_memory|        t1_i_3|         array|
|t1_i_3_we0                                      |  out|    1|   ap_memory|        t1_i_3|         array|
|t1_i_3_d0                                       |  out|   64|   ap_memory|        t1_i_3|         array|
|t1_i_4_address0                                 |  out|    1|   ap_memory|        t1_i_4|         array|
|t1_i_4_ce0                                      |  out|    1|   ap_memory|        t1_i_4|         array|
|t1_i_4_we0                                      |  out|    1|   ap_memory|        t1_i_4|         array|
|t1_i_4_d0                                       |  out|   64|   ap_memory|        t1_i_4|         array|
|t1_i_5_address0                                 |  out|    1|   ap_memory|        t1_i_5|         array|
|t1_i_5_ce0                                      |  out|    1|   ap_memory|        t1_i_5|         array|
|t1_i_5_we0                                      |  out|    1|   ap_memory|        t1_i_5|         array|
|t1_i_5_d0                                       |  out|   64|   ap_memory|        t1_i_5|         array|
|t1_i_6_address0                                 |  out|    1|   ap_memory|        t1_i_6|         array|
|t1_i_6_ce0                                      |  out|    1|   ap_memory|        t1_i_6|         array|
|t1_i_6_we0                                      |  out|    1|   ap_memory|        t1_i_6|         array|
|t1_i_6_d0                                       |  out|   64|   ap_memory|        t1_i_6|         array|
|t1_i_7_address0                                 |  out|    1|   ap_memory|        t1_i_7|         array|
|t1_i_7_ce0                                      |  out|    1|   ap_memory|        t1_i_7|         array|
|t1_i_7_we0                                      |  out|    1|   ap_memory|        t1_i_7|         array|
|t1_i_7_d0                                       |  out|   64|   ap_memory|        t1_i_7|         array|
+------------------------------------------------+-----+-----+------------+--------------+--------------+

============================================================
+ Verbose Summary: Synthesis Manager
============================================================
InlineROM: 1
ExposeGlobal: 0
============================================================
+ Verbose Summary: CDFG Model
============================================================
IsTopModel: 0
ResetActiveHigh: 1
IsCombinational: 2
IsDatapathOnly: 2
HasWiredReturn: 1
HasMFsm: 2
HasVarLatency: 0
IsPipeline: 1
IsRtlPipelined: 1
IsInstanceOverlapped: 0
IsDontTouch: 0
HasImplIP: 0
IsGatedGlobalClock: 0

+ Individual pipeline summary: 
  * Pipeline-0: initiation interval (II) = 1, depth = 9


============================================================
+ Verbose Summary: Schedule
============================================================
* Number of FSM states : 9
* Pipeline : 1
  Pipeline-0 : II = 1, D = 9, States = { 1 2 3 4 5 6 7 8 9 }
* Dataflow Pipeline: 0

* FSM state transitions: 
1 --> 2 
2 --> 3 
3 --> 4 
4 --> 5 
5 --> 6 
6 --> 7 
7 --> 8 
8 --> 9 
9 --> 

* FSM state operations: 

State 1 <SV = 0> <Delay = 0.71>
ST_1 : Operation 10 [1/1] (0.00ns)   --->   "%b_0_read = read i8 @_ssdm_op_Read.ap_auto.i8, i8 %b_0" [src/generic/fp_generic.cpp:22]   --->   Operation 10 'read' 'b_0_read' <Predicate = true> <Delay = 0.00>
ST_1 : Operation 11 [1/1] (0.00ns)   --->   "%a_read_484 = read i64 @_ssdm_op_Read.ap_auto.i64, i64 %a_read_504" [src/generic/fp_generic.cpp:22]   --->   Operation 11 'read' 'a_read_484' <Predicate = true> <Delay = 0.00>
ST_1 : Operation 12 [1/1] (0.00ns)   --->   "%a_read_485 = read i64 @_ssdm_op_Read.ap_auto.i64, i64 %a_read_503" [src/generic/fp_generic.cpp:22]   --->   Operation 12 'read' 'a_read_485' <Predicate = true> <Delay = 0.00>
ST_1 : Operation 13 [1/1] (0.00ns)   --->   "%a_read_486 = read i64 @_ssdm_op_Read.ap_auto.i64, i64 %a_read_502" [src/generic/fp_generic.cpp:22]   --->   Operation 13 'read' 'a_read_486' <Predicate = true> <Delay = 0.00>
ST_1 : Operation 14 [1/1] (0.00ns)   --->   "%a_read_487 = read i64 @_ssdm_op_Read.ap_auto.i64, i64 %a_read_501" [src/generic/fp_generic.cpp:22]   --->   Operation 14 'read' 'a_read_487' <Predicate = true> <Delay = 0.00>
ST_1 : Operation 15 [1/1] (0.00ns)   --->   "%a_read_488 = read i64 @_ssdm_op_Read.ap_auto.i64, i64 %a_read_500" [src/generic/fp_generic.cpp:22]   --->   Operation 15 'read' 'a_read_488' <Predicate = true> <Delay = 0.00>
ST_1 : Operation 16 [1/1] (0.00ns)   --->   "%a_read_489 = read i64 @_ssdm_op_Read.ap_auto.i64, i64 %a_read_499" [src/generic/fp_generic.cpp:22]   --->   Operation 16 'read' 'a_read_489' <Predicate = true> <Delay = 0.00>
ST_1 : Operation 17 [1/1] (0.00ns)   --->   "%a_read_490 = read i64 @_ssdm_op_Read.ap_auto.i64, i64 %a_read_498" [src/generic/fp_generic.cpp:22]   --->   Operation 17 'read' 'a_read_490' <Predicate = true> <Delay = 0.00>
ST_1 : Operation 18 [1/1] (0.00ns)   --->   "%a_read103 = read i64 @_ssdm_op_Read.ap_auto.i64, i64 %a_read" [src/generic/fp_generic.cpp:22]   --->   Operation 18 'read' 'a_read103' <Predicate = true> <Delay = 0.00>
ST_1 : Operation 19 [1/1] (0.00ns)   --->   "%lshr_ln = partselect i4 @_ssdm_op_PartSelect.i4.i8.i32.i32, i8 %b_0_read, i32 3, i32 6" [src/generic/fp_generic.cpp:33]   --->   Operation 19 'partselect' 'lshr_ln' <Predicate = true> <Delay = 0.00>
ST_1 : Operation 20 [1/1] (0.00ns)   --->   "%zext_ln33_41 = zext i4 %lshr_ln" [src/generic/fp_generic.cpp:33]   --->   Operation 20 'zext' 'zext_ln33_41' <Predicate = true> <Delay = 0.00>
ST_1 : Operation 21 [1/1] (0.00ns)   --->   "%pts_Z_0_addr = getelementptr i64 %pts_Z_0, i64 0, i64 %zext_ln33_41" [src/generic/fp_generic.cpp:33]   --->   Operation 21 'getelementptr' 'pts_Z_0_addr' <Predicate = true> <Delay = 0.00>
ST_1 : Operation 22 [2/2] (0.71ns)   --->   "%pts_Z_0_load = load i4 %pts_Z_0_addr" [src/generic/fp_generic.cpp:33]   --->   Operation 22 'load' 'pts_Z_0_load' <Predicate = true> <Delay = 0.71> <CoreInst = "RAM">   --->   Core 82 'RAM' <Latency = 1> <II = 1> <Delay = 0.71> <Storage> <Opcode : 'load' 'store'> <Ports = 2> <Width = 64> <Depth = 14> <RAM>
ST_1 : Operation 23 [1/1] (0.00ns)   --->   "%pts_Z_1_addr = getelementptr i64 %pts_Z_1, i64 0, i64 %zext_ln33_41" [src/generic/fp_generic.cpp:33]   --->   Operation 23 'getelementptr' 'pts_Z_1_addr' <Predicate = true> <Delay = 0.00>
ST_1 : Operation 24 [2/2] (0.71ns)   --->   "%pts_Z_1_load = load i4 %pts_Z_1_addr" [src/generic/fp_generic.cpp:33]   --->   Operation 24 'load' 'pts_Z_1_load' <Predicate = true> <Delay = 0.71> <CoreInst = "RAM">   --->   Core 82 'RAM' <Latency = 1> <II = 1> <Delay = 0.71> <Storage> <Opcode : 'load' 'store'> <Ports = 2> <Width = 64> <Depth = 14> <RAM>

State 2 <SV = 1> <Delay = 7.27>
ST_2 : Operation 25 [1/2] ( I:0.71ns O:0.71ns )   --->   "%pts_Z_0_load = load i4 %pts_Z_0_addr" [src/generic/fp_generic.cpp:33]   --->   Operation 25 'load' 'pts_Z_0_load' <Predicate = true> <Delay = 0.71> <CoreInst = "RAM">   --->   Core 82 'RAM' <Latency = 1> <II = 1> <Delay = 0.71> <Storage> <Opcode : 'load' 'store'> <Ports = 2> <Width = 64> <Depth = 14> <RAM>
ST_2 : Operation 26 [1/1] (1.14ns)   --->   "%add_ln33 = add i64 %pts_Z_0_load, i64 %a_read103" [src/generic/fp_generic.cpp:33]   --->   Operation 26 'add' 'add_ln33' <Predicate = true> <Delay = 1.14> <CoreInst = "Adder">   --->   Core 1 'Adder' <Latency = 0> <II = 1> <Delay = 1.14> <FuncUnit> <Opcode : 'add' 'sub'> <InPorts = 2> <OutPorts = 1>
ST_2 : Operation 27 [1/1] (1.43ns)   --->   "%tmp = call i1 @is_digit_lessthan_ct, i64 %a_read103, i64 0" [src/generic/fp_generic.cpp:33]   --->   Operation 27 'call' 'tmp' <Predicate = true> <Delay = 1.43> <CoreType = "Generic">   --->   Generic Core
ST_2 : Operation 28 [1/1] (1.43ns)   --->   "%tmp_s = call i1 @is_digit_lessthan_ct, i64 %add_ln33, i64 %a_read103" [src/generic/fp_generic.cpp:33]   --->   Operation 28 'call' 'tmp_s' <Predicate = true> <Delay = 1.43> <CoreType = "Generic">   --->   Generic Core
ST_2 : Operation 29 [1/1] (0.12ns)   --->   "%carry = or i1 %tmp_s, i1 %tmp" [src/generic/fp_generic.cpp:33]   --->   Operation 29 'or' 'carry' <Predicate = true> <Delay = 0.12> <CoreInst = "LogicGate">   --->   Core 74 'LogicGate' <Latency = 0> <II = 1> <Delay = 0.12> <FuncUnit> <Opcode : 'and' 'or' 'xor'> <InPorts = 2> <OutPorts = 1>
ST_2 : Operation 30 [1/1] (0.00ns)   --->   "%zext_ln33 = zext i1 %carry" [src/generic/fp_generic.cpp:33]   --->   Operation 30 'zext' 'zext_ln33' <Predicate = true> <Delay = 0.00>
ST_2 : Operation 31 [1/1] (1.14ns)   --->   "%tempReg = add i64 %zext_ln33, i64 %a_read_490" [src/generic/fp_generic.cpp:33]   --->   Operation 31 'add' 'tempReg' <Predicate = true> <Delay = 1.14> <CoreInst = "Adder">   --->   Core 1 'Adder' <Latency = 0> <II = 1> <Delay = 1.14> <FuncUnit> <Opcode : 'add' 'sub'> <InPorts = 2> <OutPorts = 1>
ST_2 : Operation 32 [1/1] (1.43ns)   --->   "%tmp_981 = call i1 @is_digit_lessthan_ct, i64 %tempReg, i64 %zext_ln33" [src/generic/fp_generic.cpp:33]   --->   Operation 32 'call' 'tmp_981' <Predicate = true> <Delay = 1.43> <CoreType = "Generic">   --->   Generic Core
ST_2 : Operation 33 [1/2] ( I:0.71ns O:0.71ns )   --->   "%pts_Z_1_load = load i4 %pts_Z_1_addr" [src/generic/fp_generic.cpp:33]   --->   Operation 33 'load' 'pts_Z_1_load' <Predicate = true> <Delay = 0.71> <CoreInst = "RAM">   --->   Core 82 'RAM' <Latency = 1> <II = 1> <Delay = 0.71> <Storage> <Opcode : 'load' 'store'> <Ports = 2> <Width = 64> <Depth = 14> <RAM>
ST_2 : Operation 34 [1/1] (1.14ns)   --->   "%add_ln33_94 = add i64 %pts_Z_1_load, i64 %tempReg" [src/generic/fp_generic.cpp:33]   --->   Operation 34 'add' 'add_ln33_94' <Predicate = true> <Delay = 1.14> <CoreInst = "Adder">   --->   Core 1 'Adder' <Latency = 0> <II = 1> <Delay = 1.14> <FuncUnit> <Opcode : 'add' 'sub'> <InPorts = 2> <OutPorts = 1>
ST_2 : Operation 35 [1/1] (1.43ns)   --->   "%tmp_982 = call i1 @is_digit_lessthan_ct, i64 %add_ln33_94, i64 %tempReg" [src/generic/fp_generic.cpp:33]   --->   Operation 35 'call' 'tmp_982' <Predicate = true> <Delay = 1.43> <CoreType = "Generic">   --->   Generic Core
ST_2 : Operation 36 [1/1] (0.12ns)   --->   "%carry_370 = or i1 %tmp_982, i1 %tmp_981" [src/generic/fp_generic.cpp:33]   --->   Operation 36 'or' 'carry_370' <Predicate = true> <Delay = 0.12> <CoreInst = "LogicGate">   --->   Core 74 'LogicGate' <Latency = 0> <II = 1> <Delay = 0.12> <FuncUnit> <Opcode : 'and' 'or' 'xor'> <InPorts = 2> <OutPorts = 1>
ST_2 : Operation 37 [1/1] (0.00ns)   --->   "%pts_Z_2_addr = getelementptr i64 %pts_Z_2, i64 0, i64 %zext_ln33_41" [src/generic/fp_generic.cpp:33]   --->   Operation 37 'getelementptr' 'pts_Z_2_addr' <Predicate = true> <Delay = 0.00>
ST_2 : Operation 38 [2/2] (0.71ns)   --->   "%pts_Z_2_load = load i4 %pts_Z_2_addr" [src/generic/fp_generic.cpp:33]   --->   Operation 38 'load' 'pts_Z_2_load' <Predicate = true> <Delay = 0.71> <CoreInst = "RAM">   --->   Core 82 'RAM' <Latency = 1> <II = 1> <Delay = 0.71> <Storage> <Opcode : 'load' 'store'> <Ports = 2> <Width = 64> <Depth = 14> <RAM>
ST_2 : Operation 39 [1/1] (0.00ns)   --->   "%pts_Z_3_addr = getelementptr i64 %pts_Z_3, i64 0, i64 %zext_ln33_41" [src/generic/fp_generic.cpp:33]   --->   Operation 39 'getelementptr' 'pts_Z_3_addr' <Predicate = true> <Delay = 0.00>
ST_2 : Operation 40 [2/2] (0.71ns)   --->   "%pts_Z_3_load = load i4 %pts_Z_3_addr" [src/generic/fp_generic.cpp:33]   --->   Operation 40 'load' 'pts_Z_3_load' <Predicate = true> <Delay = 0.71> <CoreInst = "RAM">   --->   Core 82 'RAM' <Latency = 1> <II = 1> <Delay = 0.71> <Storage> <Opcode : 'load' 'store'> <Ports = 2> <Width = 64> <Depth = 14> <RAM>

State 3 <SV = 2> <Delay = 6.43>
ST_3 : Operation 41 [1/1] (1.43ns)   --->   "%borrowReg = call i1 @is_digit_lessthan_ct, i64 %add_ln33, i64 18446744073709551614" [src/generic/fp_generic.cpp:39]   --->   Operation 41 'call' 'borrowReg' <Predicate = true> <Delay = 1.43> <CoreType = "Generic">   --->   Generic Core
ST_3 : Operation 42 [1/1] (0.00ns)   --->   "%zext_ln33_42 = zext i1 %carry_370" [src/generic/fp_generic.cpp:33]   --->   Operation 42 'zext' 'zext_ln33_42' <Predicate = true> <Delay = 0.00>
ST_3 : Operation 43 [1/1] (1.14ns)   --->   "%tempReg_1417 = add i64 %add_ln33_94, i64 1" [src/generic/fp_generic.cpp:39]   --->   Operation 43 'add' 'tempReg_1417' <Predicate = true> <Delay = 1.14> <CoreInst = "Adder">   --->   Core 1 'Adder' <Latency = 0> <II = 1> <Delay = 1.14> <FuncUnit> <Opcode : 'add' 'sub'> <InPorts = 2> <OutPorts = 1>
ST_3 : Operation 44 [1/1] (1.43ns)   --->   "%tmp_983 = call i1 @is_digit_lessthan_ct, i64 %add_ln33_94, i64 18446744073709551615" [src/generic/fp_generic.cpp:39]   --->   Operation 44 'call' 'tmp_983' <Predicate = true> <Delay = 1.43> <CoreType = "Generic">   --->   Generic Core
ST_3 : Operation 45 [1/1] (0.00ns) (grouped into LUT with out node borrowReg_322)   --->   "%bit_sel1 = bitselect i1 @_ssdm_op_BitSelect.i1.i64.i64, i64 %add_ln33_94, i64 63" [src/config.h:95->src/config.h:100->src/generic/fp_generic.cpp:39]   --->   Operation 45 'bitselect' 'bit_sel1' <Predicate = true> <Delay = 0.00>
ST_3 : Operation 46 [1/1] (0.00ns) (grouped into LUT with out node borrowReg_322)   --->   "%xor_ln95_12 = xor i1 %bit_sel1, i1 1" [src/config.h:95->src/config.h:100->src/generic/fp_generic.cpp:39]   --->   Operation 46 'xor' 'xor_ln95_12' <Predicate = true> <Delay = 0.00> <CoreInst = "LogicGate">   --->   Core 74 'LogicGate' <Latency = 0> <II = 1> <Delay = 0.12> <FuncUnit> <Opcode : 'and' 'or' 'xor'> <InPorts = 2> <OutPorts = 1>
ST_3 : Operation 47 [1/1] (0.00ns) (grouped into LUT with out node borrowReg_322)   --->   "%trunc_ln95 = trunc i64 %add_ln33_94" [src/config.h:95->src/config.h:100->src/generic/fp_generic.cpp:39]   --->   Operation 47 'trunc' 'trunc_ln95' <Predicate = true> <Delay = 0.00>
ST_3 : Operation 48 [1/1] (0.00ns) (grouped into LUT with out node borrowReg_322)   --->   "%xor_ln = bitconcatenate i64 @_ssdm_op_BitConcatenate.i64.i1.i63, i1 %xor_ln95_12, i63 %trunc_ln95" [src/config.h:95->src/config.h:100->src/generic/fp_generic.cpp:39]   --->   Operation 48 'bitconcatenate' 'xor_ln' <Predicate = true> <Delay = 0.00>
ST_3 : Operation 49 [1/1] (0.00ns) (grouped into LUT with out node borrowReg_322)   --->   "%or_ln95 = or i64 %tempReg_1417, i64 %xor_ln" [src/config.h:95->src/config.h:100->src/generic/fp_generic.cpp:39]   --->   Operation 49 'or' 'or_ln95' <Predicate = true> <Delay = 0.00> <CoreInst = "LogicGate">   --->   Core 74 'LogicGate' <Latency = 0> <II = 1> <Delay = 0.28> <FuncUnit> <Opcode : 'and' 'or' 'xor'> <InPorts = 2> <OutPorts = 1>
ST_3 : Operation 50 [1/1] (0.00ns) (grouped into LUT with out node borrowReg_322)   --->   "%tmp_1014 = bitselect i1 @_ssdm_op_BitSelect.i1.i64.i32, i64 %or_ln95, i32 63" [src/config.h:100->src/generic/fp_generic.cpp:39]   --->   Operation 50 'bitselect' 'tmp_1014' <Predicate = true> <Delay = 0.00>
ST_3 : Operation 51 [1/1] (0.00ns) (grouped into LUT with out node borrowReg_322)   --->   "%xor_ln100 = xor i1 %tmp_1014, i1 1" [src/config.h:100->src/generic/fp_generic.cpp:39]   --->   Operation 51 'xor' 'xor_ln100' <Predicate = true> <Delay = 0.00> <CoreInst = "LogicGate">   --->   Core 74 'LogicGate' <Latency = 0> <II = 1> <Delay = 0.12> <FuncUnit> <Opcode : 'and' 'or' 'xor'> <InPorts = 2> <OutPorts = 1>
ST_3 : Operation 52 [1/1] (0.00ns) (grouped into LUT with out node borrowReg_322)   --->   "%and_ln39 = and i1 %borrowReg, i1 %xor_ln100" [src/generic/fp_generic.cpp:39]   --->   Operation 52 'and' 'and_ln39' <Predicate = true> <Delay = 0.00> <CoreInst = "LogicGate">   --->   Core 74 'LogicGate' <Latency = 0> <II = 1> <Delay = 0.12> <FuncUnit> <Opcode : 'and' 'or' 'xor'> <InPorts = 2> <OutPorts = 1>
ST_3 : Operation 53 [1/1] (0.28ns) (out node of the LUT)   --->   "%borrowReg_322 = or i1 %and_ln39, i1 %tmp_983" [src/generic/fp_generic.cpp:39]   --->   Operation 53 'or' 'borrowReg_322' <Predicate = true> <Delay = 0.28> <CoreInst = "LogicGate">   --->   Core 74 'LogicGate' <Latency = 0> <II = 1> <Delay = 0.12> <FuncUnit> <Opcode : 'and' 'or' 'xor'> <InPorts = 2> <OutPorts = 1>
ST_3 : Operation 54 [1/1] (1.14ns)   --->   "%tempReg_1412 = add i64 %zext_ln33_42, i64 %a_read_489" [src/generic/fp_generic.cpp:33]   --->   Operation 54 'add' 'tempReg_1412' <Predicate = true> <Delay = 1.14> <CoreInst = "Adder">   --->   Core 1 'Adder' <Latency = 0> <II = 1> <Delay = 1.14> <FuncUnit> <Opcode : 'add' 'sub'> <InPorts = 2> <OutPorts = 1>
ST_3 : Operation 55 [1/1] (1.43ns)   --->   "%tmp_984 = call i1 @is_digit_lessthan_ct, i64 %tempReg_1412, i64 %zext_ln33_42" [src/generic/fp_generic.cpp:33]   --->   Operation 55 'call' 'tmp_984' <Predicate = true> <Delay = 1.43> <CoreType = "Generic">   --->   Generic Core
ST_3 : Operation 56 [1/2] ( I:0.71ns O:0.71ns )   --->   "%pts_Z_2_load = load i4 %pts_Z_2_addr" [src/generic/fp_generic.cpp:33]   --->   Operation 56 'load' 'pts_Z_2_load' <Predicate = true> <Delay = 0.71> <CoreInst = "RAM">   --->   Core 82 'RAM' <Latency = 1> <II = 1> <Delay = 0.71> <Storage> <Opcode : 'load' 'store'> <Ports = 2> <Width = 64> <Depth = 14> <RAM>
ST_3 : Operation 57 [1/1] (1.14ns)   --->   "%add_ln33_96 = add i64 %pts_Z_2_load, i64 %tempReg_1412" [src/generic/fp_generic.cpp:33]   --->   Operation 57 'add' 'add_ln33_96' <Predicate = true> <Delay = 1.14> <CoreInst = "Adder">   --->   Core 1 'Adder' <Latency = 0> <II = 1> <Delay = 1.14> <FuncUnit> <Opcode : 'add' 'sub'> <InPorts = 2> <OutPorts = 1>
ST_3 : Operation 58 [1/1] (1.43ns)   --->   "%tmp_985 = call i1 @is_digit_lessthan_ct, i64 %add_ln33_96, i64 %tempReg_1412" [src/generic/fp_generic.cpp:33]   --->   Operation 58 'call' 'tmp_985' <Predicate = true> <Delay = 1.43> <CoreType = "Generic">   --->   Generic Core
ST_3 : Operation 59 [1/1] (0.12ns)   --->   "%carry_371 = or i1 %tmp_985, i1 %tmp_984" [src/generic/fp_generic.cpp:33]   --->   Operation 59 'or' 'carry_371' <Predicate = true> <Delay = 0.12> <CoreInst = "LogicGate">   --->   Core 74 'LogicGate' <Latency = 0> <II = 1> <Delay = 0.12> <FuncUnit> <Opcode : 'and' 'or' 'xor'> <InPorts = 2> <OutPorts = 1>
ST_3 : Operation 60 [1/1] (0.00ns)   --->   "%zext_ln33_43 = zext i1 %carry_371" [src/generic/fp_generic.cpp:33]   --->   Operation 60 'zext' 'zext_ln33_43' <Predicate = true> <Delay = 0.00>
ST_3 : Operation 61 [1/1] (1.14ns)   --->   "%tempReg_1418 = add i64 %add_ln33_96, i64 1" [src/generic/fp_generic.cpp:39]   --->   Operation 61 'add' 'tempReg_1418' <Predicate = true> <Delay = 1.14> <CoreInst = "Adder">   --->   Core 1 'Adder' <Latency = 0> <II = 1> <Delay = 1.14> <FuncUnit> <Opcode : 'add' 'sub'> <InPorts = 2> <OutPorts = 1>
ST_3 : Operation 62 [1/1] (1.43ns)   --->   "%tmp_986 = call i1 @is_digit_lessthan_ct, i64 %add_ln33_96, i64 18446744073709551615" [src/generic/fp_generic.cpp:39]   --->   Operation 62 'call' 'tmp_986' <Predicate = true> <Delay = 1.43> <CoreType = "Generic">   --->   Generic Core
ST_3 : Operation 63 [1/1] (0.00ns) (grouped into LUT with out node borrowReg_323)   --->   "%bit_sel = bitselect i1 @_ssdm_op_BitSelect.i1.i64.i64, i64 %add_ln33_96, i64 63" [src/config.h:95->src/config.h:100->src/generic/fp_generic.cpp:39]   --->   Operation 63 'bitselect' 'bit_sel' <Predicate = true> <Delay = 0.00>
ST_3 : Operation 64 [1/1] (0.00ns) (grouped into LUT with out node borrowReg_323)   --->   "%xor_ln95 = xor i1 %bit_sel, i1 1" [src/config.h:95->src/config.h:100->src/generic/fp_generic.cpp:39]   --->   Operation 64 'xor' 'xor_ln95' <Predicate = true> <Delay = 0.00> <CoreInst = "LogicGate">   --->   Core 74 'LogicGate' <Latency = 0> <II = 1> <Delay = 0.12> <FuncUnit> <Opcode : 'and' 'or' 'xor'> <InPorts = 2> <OutPorts = 1>
ST_3 : Operation 65 [1/1] (0.00ns) (grouped into LUT with out node borrowReg_323)   --->   "%trunc_ln95_11 = trunc i64 %add_ln33_96" [src/config.h:95->src/config.h:100->src/generic/fp_generic.cpp:39]   --->   Operation 65 'trunc' 'trunc_ln95_11' <Predicate = true> <Delay = 0.00>
ST_3 : Operation 66 [1/1] (0.00ns) (grouped into LUT with out node borrowReg_323)   --->   "%xor_ln95_s = bitconcatenate i64 @_ssdm_op_BitConcatenate.i64.i1.i63, i1 %xor_ln95, i63 %trunc_ln95_11" [src/config.h:95->src/config.h:100->src/generic/fp_generic.cpp:39]   --->   Operation 66 'bitconcatenate' 'xor_ln95_s' <Predicate = true> <Delay = 0.00>
ST_3 : Operation 67 [1/1] (0.00ns) (grouped into LUT with out node borrowReg_323)   --->   "%or_ln95_246 = or i64 %tempReg_1418, i64 %xor_ln95_s" [src/config.h:95->src/config.h:100->src/generic/fp_generic.cpp:39]   --->   Operation 67 'or' 'or_ln95_246' <Predicate = true> <Delay = 0.00> <CoreInst = "LogicGate">   --->   Core 74 'LogicGate' <Latency = 0> <II = 1> <Delay = 0.28> <FuncUnit> <Opcode : 'and' 'or' 'xor'> <InPorts = 2> <OutPorts = 1>
ST_3 : Operation 68 [1/1] (0.00ns) (grouped into LUT with out node borrowReg_323)   --->   "%tmp_1015 = bitselect i1 @_ssdm_op_BitSelect.i1.i64.i32, i64 %or_ln95_246, i32 63" [src/config.h:100->src/generic/fp_generic.cpp:39]   --->   Operation 68 'bitselect' 'tmp_1015' <Predicate = true> <Delay = 0.00>
ST_3 : Operation 69 [1/1] (0.00ns) (grouped into LUT with out node borrowReg_323)   --->   "%xor_ln100_246 = xor i1 %tmp_1015, i1 1" [src/config.h:100->src/generic/fp_generic.cpp:39]   --->   Operation 69 'xor' 'xor_ln100_246' <Predicate = true> <Delay = 0.00> <CoreInst = "LogicGate">   --->   Core 74 'LogicGate' <Latency = 0> <II = 1> <Delay = 0.12> <FuncUnit> <Opcode : 'and' 'or' 'xor'> <InPorts = 2> <OutPorts = 1>
ST_3 : Operation 70 [1/1] (0.00ns) (grouped into LUT with out node borrowReg_323)   --->   "%and_ln39_43 = and i1 %borrowReg_322, i1 %xor_ln100_246" [src/generic/fp_generic.cpp:39]   --->   Operation 70 'and' 'and_ln39_43' <Predicate = true> <Delay = 0.00> <CoreInst = "LogicGate">   --->   Core 74 'LogicGate' <Latency = 0> <II = 1> <Delay = 0.12> <FuncUnit> <Opcode : 'and' 'or' 'xor'> <InPorts = 2> <OutPorts = 1>
ST_3 : Operation 71 [1/1] (0.28ns) (out node of the LUT)   --->   "%borrowReg_323 = or i1 %and_ln39_43, i1 %tmp_986" [src/generic/fp_generic.cpp:39]   --->   Operation 71 'or' 'borrowReg_323' <Predicate = true> <Delay = 0.28> <CoreInst = "LogicGate">   --->   Core 74 'LogicGate' <Latency = 0> <II = 1> <Delay = 0.12> <FuncUnit> <Opcode : 'and' 'or' 'xor'> <InPorts = 2> <OutPorts = 1>
ST_3 : Operation 72 [1/1] (1.14ns)   --->   "%tempReg_1413 = add i64 %zext_ln33_43, i64 %a_read_488" [src/generic/fp_generic.cpp:33]   --->   Operation 72 'add' 'tempReg_1413' <Predicate = true> <Delay = 1.14> <CoreInst = "Adder">   --->   Core 1 'Adder' <Latency = 0> <II = 1> <Delay = 1.14> <FuncUnit> <Opcode : 'add' 'sub'> <InPorts = 2> <OutPorts = 1>
ST_3 : Operation 73 [1/1] (1.43ns)   --->   "%tmp_987 = call i1 @is_digit_lessthan_ct, i64 %tempReg_1413, i64 %zext_ln33_43" [src/generic/fp_generic.cpp:33]   --->   Operation 73 'call' 'tmp_987' <Predicate = true> <Delay = 1.43> <CoreType = "Generic">   --->   Generic Core
ST_3 : Operation 74 [1/2] ( I:0.71ns O:0.71ns )   --->   "%pts_Z_3_load = load i4 %pts_Z_3_addr" [src/generic/fp_generic.cpp:33]   --->   Operation 74 'load' 'pts_Z_3_load' <Predicate = true> <Delay = 0.71> <CoreInst = "RAM">   --->   Core 82 'RAM' <Latency = 1> <II = 1> <Delay = 0.71> <Storage> <Opcode : 'load' 'store'> <Ports = 2> <Width = 64> <Depth = 14> <RAM>
ST_3 : Operation 75 [1/1] (1.14ns)   --->   "%add_ln33_98 = add i64 %pts_Z_3_load, i64 %tempReg_1413" [src/generic/fp_generic.cpp:33]   --->   Operation 75 'add' 'add_ln33_98' <Predicate = true> <Delay = 1.14> <CoreInst = "Adder">   --->   Core 1 'Adder' <Latency = 0> <II = 1> <Delay = 1.14> <FuncUnit> <Opcode : 'add' 'sub'> <InPorts = 2> <OutPorts = 1>
ST_3 : Operation 76 [1/1] (0.00ns)   --->   "%pts_Z_4_addr = getelementptr i64 %pts_Z_4, i64 0, i64 %zext_ln33_41" [src/generic/fp_generic.cpp:33]   --->   Operation 76 'getelementptr' 'pts_Z_4_addr' <Predicate = true> <Delay = 0.00>
ST_3 : Operation 77 [2/2] (0.71ns)   --->   "%pts_Z_4_load = load i4 %pts_Z_4_addr" [src/generic/fp_generic.cpp:33]   --->   Operation 77 'load' 'pts_Z_4_load' <Predicate = true> <Delay = 0.71> <CoreInst = "RAM">   --->   Core 82 'RAM' <Latency = 1> <II = 1> <Delay = 0.71> <Storage> <Opcode : 'load' 'store'> <Ports = 2> <Width = 64> <Depth = 14> <RAM>

State 4 <SV = 3> <Delay = 6.55>
ST_4 : Operation 78 [1/1] (1.43ns)   --->   "%tmp_988 = call i1 @is_digit_lessthan_ct, i64 %add_ln33_98, i64 %tempReg_1413" [src/generic/fp_generic.cpp:33]   --->   Operation 78 'call' 'tmp_988' <Predicate = true> <Delay = 1.43> <CoreType = "Generic">   --->   Generic Core
ST_4 : Operation 79 [1/1] (0.12ns)   --->   "%carry_372 = or i1 %tmp_988, i1 %tmp_987" [src/generic/fp_generic.cpp:33]   --->   Operation 79 'or' 'carry_372' <Predicate = true> <Delay = 0.12> <CoreInst = "LogicGate">   --->   Core 74 'LogicGate' <Latency = 0> <II = 1> <Delay = 0.12> <FuncUnit> <Opcode : 'and' 'or' 'xor'> <InPorts = 2> <OutPorts = 1>
ST_4 : Operation 80 [1/1] (0.00ns)   --->   "%zext_ln33_44 = zext i1 %carry_372" [src/generic/fp_generic.cpp:33]   --->   Operation 80 'zext' 'zext_ln33_44' <Predicate = true> <Delay = 0.00>
ST_4 : Operation 81 [1/1] (1.14ns)   --->   "%tempReg_1414 = add i64 %zext_ln33_44, i64 %a_read_487" [src/generic/fp_generic.cpp:33]   --->   Operation 81 'add' 'tempReg_1414' <Predicate = true> <Delay = 1.14> <CoreInst = "Adder">   --->   Core 1 'Adder' <Latency = 0> <II = 1> <Delay = 1.14> <FuncUnit> <Opcode : 'add' 'sub'> <InPorts = 2> <OutPorts = 1>
ST_4 : Operation 82 [1/1] (1.43ns)   --->   "%tmp_990 = call i1 @is_digit_lessthan_ct, i64 %tempReg_1414, i64 %zext_ln33_44" [src/generic/fp_generic.cpp:33]   --->   Operation 82 'call' 'tmp_990' <Predicate = true> <Delay = 1.43> <CoreType = "Generic">   --->   Generic Core
ST_4 : Operation 83 [1/2] ( I:0.71ns O:0.71ns )   --->   "%pts_Z_4_load = load i4 %pts_Z_4_addr" [src/generic/fp_generic.cpp:33]   --->   Operation 83 'load' 'pts_Z_4_load' <Predicate = true> <Delay = 0.71> <CoreInst = "RAM">   --->   Core 82 'RAM' <Latency = 1> <II = 1> <Delay = 0.71> <Storage> <Opcode : 'load' 'store'> <Ports = 2> <Width = 64> <Depth = 14> <RAM>
ST_4 : Operation 84 [1/1] (1.14ns)   --->   "%add_ln33_100 = add i64 %pts_Z_4_load, i64 %tempReg_1414" [src/generic/fp_generic.cpp:33]   --->   Operation 84 'add' 'add_ln33_100' <Predicate = true> <Delay = 1.14> <CoreInst = "Adder">   --->   Core 1 'Adder' <Latency = 0> <II = 1> <Delay = 1.14> <FuncUnit> <Opcode : 'add' 'sub'> <InPorts = 2> <OutPorts = 1>
ST_4 : Operation 85 [1/1] (1.43ns)   --->   "%tmp_991 = call i1 @is_digit_lessthan_ct, i64 %add_ln33_100, i64 %tempReg_1414" [src/generic/fp_generic.cpp:33]   --->   Operation 85 'call' 'tmp_991' <Predicate = true> <Delay = 1.43> <CoreType = "Generic">   --->   Generic Core
ST_4 : Operation 86 [1/1] (0.12ns)   --->   "%carry_373 = or i1 %tmp_991, i1 %tmp_990" [src/generic/fp_generic.cpp:33]   --->   Operation 86 'or' 'carry_373' <Predicate = true> <Delay = 0.12> <CoreInst = "LogicGate">   --->   Core 74 'LogicGate' <Latency = 0> <II = 1> <Delay = 0.12> <FuncUnit> <Opcode : 'and' 'or' 'xor'> <InPorts = 2> <OutPorts = 1>
ST_4 : Operation 87 [1/1] (0.00ns)   --->   "%zext_ln33_45 = zext i1 %carry_373" [src/generic/fp_generic.cpp:33]   --->   Operation 87 'zext' 'zext_ln33_45' <Predicate = true> <Delay = 0.00>
ST_4 : Operation 88 [1/1] (1.14ns)   --->   "%tempReg_1415 = add i64 %zext_ln33_45, i64 %a_read_486" [src/generic/fp_generic.cpp:33]   --->   Operation 88 'add' 'tempReg_1415' <Predicate = true> <Delay = 1.14> <CoreInst = "Adder">   --->   Core 1 'Adder' <Latency = 0> <II = 1> <Delay = 1.14> <FuncUnit> <Opcode : 'add' 'sub'> <InPorts = 2> <OutPorts = 1>
ST_4 : Operation 89 [1/1] (0.00ns)   --->   "%pts_Z_5_addr = getelementptr i64 %pts_Z_5, i64 0, i64 %zext_ln33_41" [src/generic/fp_generic.cpp:33]   --->   Operation 89 'getelementptr' 'pts_Z_5_addr' <Predicate = true> <Delay = 0.00>
ST_4 : Operation 90 [2/2] (0.71ns)   --->   "%pts_Z_5_load = load i4 %pts_Z_5_addr" [src/generic/fp_generic.cpp:33]   --->   Operation 90 'load' 'pts_Z_5_load' <Predicate = true> <Delay = 0.71> <CoreInst = "RAM">   --->   Core 82 'RAM' <Latency = 1> <II = 1> <Delay = 0.71> <Storage> <Opcode : 'load' 'store'> <Ports = 2> <Width = 64> <Depth = 14> <RAM>
ST_4 : Operation 91 [1/1] (0.00ns)   --->   "%pts_Z_6_addr = getelementptr i64 %pts_Z_6, i64 0, i64 %zext_ln33_41" [src/generic/fp_generic.cpp:33]   --->   Operation 91 'getelementptr' 'pts_Z_6_addr' <Predicate = true> <Delay = 0.00>
ST_4 : Operation 92 [2/2] (0.71ns)   --->   "%pts_Z_6_load = load i4 %pts_Z_6_addr" [src/generic/fp_generic.cpp:33]   --->   Operation 92 'load' 'pts_Z_6_load' <Predicate = true> <Delay = 0.71> <CoreInst = "RAM">   --->   Core 82 'RAM' <Latency = 1> <II = 1> <Delay = 0.71> <Storage> <Opcode : 'load' 'store'> <Ports = 2> <Width = 64> <Depth = 14> <RAM>
ST_4 : Operation 93 [1/1] (0.00ns)   --->   "%pts_Z_7_addr = getelementptr i64 %pts_Z_7, i64 0, i64 %zext_ln33_41" [src/generic/fp_generic.cpp:33]   --->   Operation 93 'getelementptr' 'pts_Z_7_addr' <Predicate = true> <Delay = 0.00>
ST_4 : Operation 94 [2/2] (0.71ns)   --->   "%pts_Z_7_load = load i4 %pts_Z_7_addr" [src/generic/fp_generic.cpp:33]   --->   Operation 94 'load' 'pts_Z_7_load' <Predicate = true> <Delay = 0.71> <CoreInst = "RAM">   --->   Core 82 'RAM' <Latency = 1> <II = 1> <Delay = 0.71> <Storage> <Opcode : 'load' 'store'> <Ports = 2> <Width = 64> <Depth = 14> <RAM>

State 5 <SV = 4> <Delay = 7.27>
ST_5 : Operation 95 [1/1] (1.43ns)   --->   "%tmp_989 = call i1 @is_digit_lessthan_ct, i64 %add_ln33_98, i64 6341068275337658367" [src/generic/fp_generic.cpp:39]   --->   Operation 95 'call' 'tmp_989' <Predicate = true> <Delay = 1.43> <CoreType = "Generic">   --->   Generic Core
ST_5 : Operation 96 [1/1] (1.43ns)   --->   "%tmp_993 = call i1 @is_digit_lessthan_ct, i64 %tempReg_1415, i64 %zext_ln33_45" [src/generic/fp_generic.cpp:33]   --->   Operation 96 'call' 'tmp_993' <Predicate = true> <Delay = 1.43> <CoreType = "Generic">   --->   Generic Core
ST_5 : Operation 97 [1/2] ( I:0.71ns O:0.71ns )   --->   "%pts_Z_5_load = load i4 %pts_Z_5_addr" [src/generic/fp_generic.cpp:33]   --->   Operation 97 'load' 'pts_Z_5_load' <Predicate = true> <Delay = 0.71> <CoreInst = "RAM">   --->   Core 82 'RAM' <Latency = 1> <II = 1> <Delay = 0.71> <Storage> <Opcode : 'load' 'store'> <Ports = 2> <Width = 64> <Depth = 14> <RAM>
ST_5 : Operation 98 [1/1] (1.14ns)   --->   "%add_ln33_102 = add i64 %pts_Z_5_load, i64 %tempReg_1415" [src/generic/fp_generic.cpp:33]   --->   Operation 98 'add' 'add_ln33_102' <Predicate = true> <Delay = 1.14> <CoreInst = "Adder">   --->   Core 1 'Adder' <Latency = 0> <II = 1> <Delay = 1.14> <FuncUnit> <Opcode : 'add' 'sub'> <InPorts = 2> <OutPorts = 1>
ST_5 : Operation 99 [1/1] (1.43ns)   --->   "%tmp_994 = call i1 @is_digit_lessthan_ct, i64 %add_ln33_102, i64 %tempReg_1415" [src/generic/fp_generic.cpp:33]   --->   Operation 99 'call' 'tmp_994' <Predicate = true> <Delay = 1.43> <CoreType = "Generic">   --->   Generic Core
ST_5 : Operation 100 [1/1] (0.12ns)   --->   "%carry_374 = or i1 %tmp_994, i1 %tmp_993" [src/generic/fp_generic.cpp:33]   --->   Operation 100 'or' 'carry_374' <Predicate = true> <Delay = 0.12> <CoreInst = "LogicGate">   --->   Core 74 'LogicGate' <Latency = 0> <II = 1> <Delay = 0.12> <FuncUnit> <Opcode : 'and' 'or' 'xor'> <InPorts = 2> <OutPorts = 1>
ST_5 : Operation 101 [1/1] (0.00ns)   --->   "%zext_ln33_46 = zext i1 %carry_374" [src/generic/fp_generic.cpp:33]   --->   Operation 101 'zext' 'zext_ln33_46' <Predicate = true> <Delay = 0.00>
ST_5 : Operation 102 [1/1] (1.14ns)   --->   "%tempReg_1416 = add i64 %zext_ln33_46, i64 %a_read_485" [src/generic/fp_generic.cpp:33]   --->   Operation 102 'add' 'tempReg_1416' <Predicate = true> <Delay = 1.14> <CoreInst = "Adder">   --->   Core 1 'Adder' <Latency = 0> <II = 1> <Delay = 1.14> <FuncUnit> <Opcode : 'add' 'sub'> <InPorts = 2> <OutPorts = 1>
ST_5 : Operation 103 [1/1] (1.43ns)   --->   "%tmp_996 = call i1 @is_digit_lessthan_ct, i64 %tempReg_1416, i64 %zext_ln33_46" [src/generic/fp_generic.cpp:33]   --->   Operation 103 'call' 'tmp_996' <Predicate = true> <Delay = 1.43> <CoreType = "Generic">   --->   Generic Core
ST_5 : Operation 104 [1/2] ( I:0.71ns O:0.71ns )   --->   "%pts_Z_6_load = load i4 %pts_Z_6_addr" [src/generic/fp_generic.cpp:33]   --->   Operation 104 'load' 'pts_Z_6_load' <Predicate = true> <Delay = 0.71> <CoreInst = "RAM">   --->   Core 82 'RAM' <Latency = 1> <II = 1> <Delay = 0.71> <Storage> <Opcode : 'load' 'store'> <Ports = 2> <Width = 64> <Depth = 14> <RAM>
ST_5 : Operation 105 [1/1] (1.14ns)   --->   "%add_ln33_104 = add i64 %pts_Z_6_load, i64 %tempReg_1416" [src/generic/fp_generic.cpp:33]   --->   Operation 105 'add' 'add_ln33_104' <Predicate = true> <Delay = 1.14> <CoreInst = "Adder">   --->   Core 1 'Adder' <Latency = 0> <II = 1> <Delay = 1.14> <FuncUnit> <Opcode : 'add' 'sub'> <InPorts = 2> <OutPorts = 1>
ST_5 : Operation 106 [1/1] (1.43ns)   --->   "%tmp_997 = call i1 @is_digit_lessthan_ct, i64 %add_ln33_104, i64 %tempReg_1416" [src/generic/fp_generic.cpp:33]   --->   Operation 106 'call' 'tmp_997' <Predicate = true> <Delay = 1.43> <CoreType = "Generic">   --->   Generic Core
ST_5 : Operation 107 [1/1] (0.12ns)   --->   "%carry_375 = or i1 %tmp_997, i1 %tmp_996" [src/generic/fp_generic.cpp:33]   --->   Operation 107 'or' 'carry_375' <Predicate = true> <Delay = 0.12> <CoreInst = "LogicGate">   --->   Core 74 'LogicGate' <Latency = 0> <II = 1> <Delay = 0.12> <FuncUnit> <Opcode : 'and' 'or' 'xor'> <InPorts = 2> <OutPorts = 1>
ST_5 : Operation 108 [1/2] ( I:0.71ns O:0.71ns )   --->   "%pts_Z_7_load = load i4 %pts_Z_7_addr" [src/generic/fp_generic.cpp:33]   --->   Operation 108 'load' 'pts_Z_7_load' <Predicate = true> <Delay = 0.71> <CoreInst = "RAM">   --->   Core 82 'RAM' <Latency = 1> <II = 1> <Delay = 0.71> <Storage> <Opcode : 'load' 'store'> <Ports = 2> <Width = 64> <Depth = 14> <RAM>

State 6 <SV = 5> <Delay = 7.28>
ST_6 : Operation 109 [1/1] (1.14ns)   --->   "%tempReg_1398 = add i64 %add_ln33, i64 2" [src/generic/fp_generic.cpp:39]   --->   Operation 109 'add' 'tempReg_1398' <Predicate = true> <Delay = 1.14> <CoreInst = "Adder">   --->   Core 1 'Adder' <Latency = 0> <II = 1> <Delay = 1.14> <FuncUnit> <Opcode : 'add' 'sub'> <InPorts = 2> <OutPorts = 1>
ST_6 : Operation 110 [1/1] (0.00ns)   --->   "%zext_ln39 = zext i1 %borrowReg" [src/generic/fp_generic.cpp:39]   --->   Operation 110 'zext' 'zext_ln39' <Predicate = true> <Delay = 0.00>
ST_6 : Operation 111 [1/1] (1.43ns)   --->   "%tmp_980 = call i1 @is_digit_lessthan_ct, i64 %tempReg_1398, i64 0" [src/generic/fp_generic.cpp:46]   --->   Operation 111 'call' 'tmp_980' <Predicate = true> <Delay = 1.43> <CoreType = "Generic">   --->   Generic Core
ST_6 : Operation 112 [1/1] (0.00ns) (grouped into TernaryAdder)   --->   "%sub_ln39 = sub i64 %tempReg_1417, i64 %zext_ln39" [src/generic/fp_generic.cpp:39]   --->   Operation 112 'sub' 'sub_ln39' <Predicate = true> <Delay = 0.00> <CoreInst = "TAddSub">   --->   Core 10 'TAddSub' <Latency = 0> <II = 1> <Delay = 0.42> <IPBlock> <Opcode : '' 'add' 'sub'> <InPorts = 3> <OutPorts = 1> <Sync> <CReg>
ST_6 : Operation 113 [1/1] (1.14ns)   --->   "%tempReg_1419 = add i64 %add_ln33_98, i64 12105675798371893249" [src/generic/fp_generic.cpp:39]   --->   Operation 113 'add' 'tempReg_1419' <Predicate = true> <Delay = 1.14> <CoreInst = "Adder">   --->   Core 1 'Adder' <Latency = 0> <II = 1> <Delay = 1.14> <FuncUnit> <Opcode : 'add' 'sub'> <InPorts = 2> <OutPorts = 1>
ST_6 : Operation 114 [1/1] (1.14ns)   --->   "%sub_ln95 = sub i64 6341068275337658367, i64 %add_ln33_98" [src/config.h:95->src/config.h:100->src/generic/fp_generic.cpp:39]   --->   Operation 114 'sub' 'sub_ln95' <Predicate = true> <Delay = 1.14> <CoreInst = "Adder">   --->   Core 1 'Adder' <Latency = 0> <II = 1> <Delay = 1.14> <FuncUnit> <Opcode : 'add' 'sub'> <InPorts = 2> <OutPorts = 1>
ST_6 : Operation 115 [1/1] (0.00ns) (grouped into LUT with out node borrowReg_324)   --->   "%or_ln95_247 = or i64 %sub_ln95, i64 %tempReg_1419" [src/config.h:95->src/config.h:100->src/generic/fp_generic.cpp:39]   --->   Operation 115 'or' 'or_ln95_247' <Predicate = true> <Delay = 0.00> <CoreInst = "LogicGate">   --->   Core 74 'LogicGate' <Latency = 0> <II = 1> <Delay = 0.28> <FuncUnit> <Opcode : 'and' 'or' 'xor'> <InPorts = 2> <OutPorts = 1>
ST_6 : Operation 116 [1/1] (0.00ns) (grouped into LUT with out node borrowReg_324)   --->   "%tmp_1016 = bitselect i1 @_ssdm_op_BitSelect.i1.i64.i32, i64 %or_ln95_247, i32 63" [src/config.h:100->src/generic/fp_generic.cpp:39]   --->   Operation 116 'bitselect' 'tmp_1016' <Predicate = true> <Delay = 0.00>
ST_6 : Operation 117 [1/1] (0.00ns) (grouped into LUT with out node borrowReg_324)   --->   "%xor_ln100_247 = xor i1 %tmp_1016, i1 1" [src/config.h:100->src/generic/fp_generic.cpp:39]   --->   Operation 117 'xor' 'xor_ln100_247' <Predicate = true> <Delay = 0.00> <CoreInst = "LogicGate">   --->   Core 74 'LogicGate' <Latency = 0> <II = 1> <Delay = 0.12> <FuncUnit> <Opcode : 'and' 'or' 'xor'> <InPorts = 2> <OutPorts = 1>
ST_6 : Operation 118 [1/1] (0.00ns) (grouped into LUT with out node borrowReg_324)   --->   "%and_ln39_44 = and i1 %borrowReg_323, i1 %xor_ln100_247" [src/generic/fp_generic.cpp:39]   --->   Operation 118 'and' 'and_ln39_44' <Predicate = true> <Delay = 0.00> <CoreInst = "LogicGate">   --->   Core 74 'LogicGate' <Latency = 0> <II = 1> <Delay = 0.12> <FuncUnit> <Opcode : 'and' 'or' 'xor'> <InPorts = 2> <OutPorts = 1>
ST_6 : Operation 119 [1/1] (0.28ns) (out node of the LUT)   --->   "%borrowReg_324 = or i1 %and_ln39_44, i1 %tmp_989" [src/generic/fp_generic.cpp:39]   --->   Operation 119 'or' 'borrowReg_324' <Predicate = true> <Delay = 0.28> <CoreInst = "LogicGate">   --->   Core 74 'LogicGate' <Latency = 0> <II = 1> <Delay = 0.12> <FuncUnit> <Opcode : 'and' 'or' 'xor'> <InPorts = 2> <OutPorts = 1>
ST_6 : Operation 120 [1/1] (1.14ns)   --->   "%tempReg_1420 = add i64 %add_ln33_100, i64 15703849915775725759" [src/generic/fp_generic.cpp:39]   --->   Operation 120 'add' 'tempReg_1420' <Predicate = true> <Delay = 1.14> <CoreInst = "Adder">   --->   Core 1 'Adder' <Latency = 0> <II = 1> <Delay = 1.14> <FuncUnit> <Opcode : 'add' 'sub'> <InPorts = 2> <OutPorts = 1>
ST_6 : Operation 121 [1/1] (1.43ns)   --->   "%tmp_992 = call i1 @is_digit_lessthan_ct, i64 %add_ln33_100, i64 2742894157933825857" [src/generic/fp_generic.cpp:39]   --->   Operation 121 'call' 'tmp_992' <Predicate = true> <Delay = 1.43> <CoreType = "Generic">   --->   Generic Core
ST_6 : Operation 122 [1/1] (1.14ns)   --->   "%sub_ln95_224 = sub i64 2742894157933825857, i64 %add_ln33_100" [src/config.h:95->src/config.h:100->src/generic/fp_generic.cpp:39]   --->   Operation 122 'sub' 'sub_ln95_224' <Predicate = true> <Delay = 1.14> <CoreInst = "Adder">   --->   Core 1 'Adder' <Latency = 0> <II = 1> <Delay = 1.14> <FuncUnit> <Opcode : 'add' 'sub'> <InPorts = 2> <OutPorts = 1>
ST_6 : Operation 123 [1/1] (0.00ns) (grouped into LUT with out node borrowReg_325)   --->   "%or_ln95_248 = or i64 %sub_ln95_224, i64 %tempReg_1420" [src/config.h:95->src/config.h:100->src/generic/fp_generic.cpp:39]   --->   Operation 123 'or' 'or_ln95_248' <Predicate = true> <Delay = 0.00> <CoreInst = "LogicGate">   --->   Core 74 'LogicGate' <Latency = 0> <II = 1> <Delay = 0.28> <FuncUnit> <Opcode : 'and' 'or' 'xor'> <InPorts = 2> <OutPorts = 1>
ST_6 : Operation 124 [1/1] (0.00ns) (grouped into LUT with out node borrowReg_325)   --->   "%tmp_1017 = bitselect i1 @_ssdm_op_BitSelect.i1.i64.i32, i64 %or_ln95_248, i32 63" [src/config.h:100->src/generic/fp_generic.cpp:39]   --->   Operation 124 'bitselect' 'tmp_1017' <Predicate = true> <Delay = 0.00>
ST_6 : Operation 125 [1/1] (0.00ns) (grouped into LUT with out node borrowReg_325)   --->   "%xor_ln100_248 = xor i1 %tmp_1017, i1 1" [src/config.h:100->src/generic/fp_generic.cpp:39]   --->   Operation 125 'xor' 'xor_ln100_248' <Predicate = true> <Delay = 0.00> <CoreInst = "LogicGate">   --->   Core 74 'LogicGate' <Latency = 0> <II = 1> <Delay = 0.12> <FuncUnit> <Opcode : 'and' 'or' 'xor'> <InPorts = 2> <OutPorts = 1>
ST_6 : Operation 126 [1/1] (0.00ns) (grouped into LUT with out node borrowReg_325)   --->   "%and_ln39_45 = and i1 %borrowReg_324, i1 %xor_ln100_248" [src/generic/fp_generic.cpp:39]   --->   Operation 126 'and' 'and_ln39_45' <Predicate = true> <Delay = 0.00> <CoreInst = "LogicGate">   --->   Core 74 'LogicGate' <Latency = 0> <II = 1> <Delay = 0.12> <FuncUnit> <Opcode : 'and' 'or' 'xor'> <InPorts = 2> <OutPorts = 1>
ST_6 : Operation 127 [1/1] (0.28ns) (out node of the LUT)   --->   "%borrowReg_325 = or i1 %and_ln39_45, i1 %tmp_992" [src/generic/fp_generic.cpp:39]   --->   Operation 127 'or' 'borrowReg_325' <Predicate = true> <Delay = 0.28> <CoreInst = "LogicGate">   --->   Core 74 'LogicGate' <Latency = 0> <II = 1> <Delay = 0.12> <FuncUnit> <Opcode : 'and' 'or' 'xor'> <InPorts = 2> <OutPorts = 1>
ST_6 : Operation 128 [1/1] (1.14ns)   --->   "%tempReg_1421 = add i64 %add_ln33_102, i64 14467834071029580962" [src/generic/fp_generic.cpp:39]   --->   Operation 128 'add' 'tempReg_1421' <Predicate = true> <Delay = 1.14> <CoreInst = "Adder">   --->   Core 1 'Adder' <Latency = 0> <II = 1> <Delay = 1.14> <FuncUnit> <Opcode : 'add' 'sub'> <InPorts = 2> <OutPorts = 1>
ST_6 : Operation 129 [1/1] (1.43ns)   --->   "%tmp_995 = call i1 @is_digit_lessthan_ct, i64 %add_ln33_102, i64 3978910002679970654" [src/generic/fp_generic.cpp:39]   --->   Operation 129 'call' 'tmp_995' <Predicate = true> <Delay = 1.43> <CoreType = "Generic">   --->   Generic Core
ST_6 : Operation 130 [1/1] (1.14ns)   --->   "%sub_ln95_225 = sub i64 3978910002679970654, i64 %add_ln33_102" [src/config.h:95->src/config.h:100->src/generic/fp_generic.cpp:39]   --->   Operation 130 'sub' 'sub_ln95_225' <Predicate = true> <Delay = 1.14> <CoreInst = "Adder">   --->   Core 1 'Adder' <Latency = 0> <II = 1> <Delay = 1.14> <FuncUnit> <Opcode : 'add' 'sub'> <InPorts = 2> <OutPorts = 1>
ST_6 : Operation 131 [1/1] (0.00ns) (grouped into LUT with out node borrowReg_326)   --->   "%or_ln95_249 = or i64 %sub_ln95_225, i64 %tempReg_1421" [src/config.h:95->src/config.h:100->src/generic/fp_generic.cpp:39]   --->   Operation 131 'or' 'or_ln95_249' <Predicate = true> <Delay = 0.00> <CoreInst = "LogicGate">   --->   Core 74 'LogicGate' <Latency = 0> <II = 1> <Delay = 0.28> <FuncUnit> <Opcode : 'and' 'or' 'xor'> <InPorts = 2> <OutPorts = 1>
ST_6 : Operation 132 [1/1] (0.00ns) (grouped into LUT with out node borrowReg_326)   --->   "%tmp_1018 = bitselect i1 @_ssdm_op_BitSelect.i1.i64.i32, i64 %or_ln95_249, i32 63" [src/config.h:100->src/generic/fp_generic.cpp:39]   --->   Operation 132 'bitselect' 'tmp_1018' <Predicate = true> <Delay = 0.00>
ST_6 : Operation 133 [1/1] (0.00ns) (grouped into LUT with out node borrowReg_326)   --->   "%xor_ln100_249 = xor i1 %tmp_1018, i1 1" [src/config.h:100->src/generic/fp_generic.cpp:39]   --->   Operation 133 'xor' 'xor_ln100_249' <Predicate = true> <Delay = 0.00> <CoreInst = "LogicGate">   --->   Core 74 'LogicGate' <Latency = 0> <II = 1> <Delay = 0.12> <FuncUnit> <Opcode : 'and' 'or' 'xor'> <InPorts = 2> <OutPorts = 1>
ST_6 : Operation 134 [1/1] (0.00ns) (grouped into LUT with out node borrowReg_326)   --->   "%and_ln39_46 = and i1 %borrowReg_325, i1 %xor_ln100_249" [src/generic/fp_generic.cpp:39]   --->   Operation 134 'and' 'and_ln39_46' <Predicate = true> <Delay = 0.00> <CoreInst = "LogicGate">   --->   Core 74 'LogicGate' <Latency = 0> <II = 1> <Delay = 0.12> <FuncUnit> <Opcode : 'and' 'or' 'xor'> <InPorts = 2> <OutPorts = 1>
ST_6 : Operation 135 [1/1] (0.28ns) (out node of the LUT)   --->   "%borrowReg_326 = or i1 %and_ln39_46, i1 %tmp_995" [src/generic/fp_generic.cpp:39]   --->   Operation 135 'or' 'borrowReg_326' <Predicate = true> <Delay = 0.28> <CoreInst = "LogicGate">   --->   Core 74 'LogicGate' <Latency = 0> <II = 1> <Delay = 0.12> <FuncUnit> <Opcode : 'and' 'or' 'xor'> <InPorts = 2> <OutPorts = 1>
ST_6 : Operation 136 [1/1] (0.00ns)   --->   "%zext_ln33_47 = zext i1 %carry_375" [src/generic/fp_generic.cpp:33]   --->   Operation 136 'zext' 'zext_ln33_47' <Predicate = true> <Delay = 0.00>
ST_6 : Operation 137 [1/1] (1.14ns)   --->   "%tempReg_1422 = add i64 %add_ln33_104, i64 4572405434208532064" [src/generic/fp_generic.cpp:39]   --->   Operation 137 'add' 'tempReg_1422' <Predicate = true> <Delay = 1.14> <CoreInst = "Adder">   --->   Core 1 'Adder' <Latency = 0> <II = 1> <Delay = 1.14> <FuncUnit> <Opcode : 'add' 'sub'> <InPorts = 2> <OutPorts = 1>
ST_6 : Operation 138 [1/1] (1.43ns)   --->   "%tmp_998 = call i1 @is_digit_lessthan_ct, i64 %add_ln33_104, i64 13874338639501019552" [src/generic/fp_generic.cpp:39]   --->   Operation 138 'call' 'tmp_998' <Predicate = true> <Delay = 1.43> <CoreType = "Generic">   --->   Generic Core
ST_6 : Operation 139 [1/1] (1.14ns)   --->   "%sub_ln95_226 = sub i64 13874338639501019552, i64 %add_ln33_104" [src/config.h:95->src/config.h:100->src/generic/fp_generic.cpp:39]   --->   Operation 139 'sub' 'sub_ln95_226' <Predicate = true> <Delay = 1.14> <CoreInst = "Adder">   --->   Core 1 'Adder' <Latency = 0> <II = 1> <Delay = 1.14> <FuncUnit> <Opcode : 'add' 'sub'> <InPorts = 2> <OutPorts = 1>
ST_6 : Operation 140 [1/1] (0.00ns) (grouped into LUT with out node borrowReg_327)   --->   "%or_ln95_250 = or i64 %sub_ln95_226, i64 %tempReg_1422" [src/config.h:95->src/config.h:100->src/generic/fp_generic.cpp:39]   --->   Operation 140 'or' 'or_ln95_250' <Predicate = true> <Delay = 0.00> <CoreInst = "LogicGate">   --->   Core 74 'LogicGate' <Latency = 0> <II = 1> <Delay = 0.28> <FuncUnit> <Opcode : 'and' 'or' 'xor'> <InPorts = 2> <OutPorts = 1>
ST_6 : Operation 141 [1/1] (0.00ns) (grouped into LUT with out node borrowReg_327)   --->   "%tmp_1019 = bitselect i1 @_ssdm_op_BitSelect.i1.i64.i32, i64 %or_ln95_250, i32 63" [src/config.h:100->src/generic/fp_generic.cpp:39]   --->   Operation 141 'bitselect' 'tmp_1019' <Predicate = true> <Delay = 0.00>
ST_6 : Operation 142 [1/1] (0.00ns) (grouped into LUT with out node borrowReg_327)   --->   "%xor_ln100_250 = xor i1 %tmp_1019, i1 1" [src/config.h:100->src/generic/fp_generic.cpp:39]   --->   Operation 142 'xor' 'xor_ln100_250' <Predicate = true> <Delay = 0.00> <CoreInst = "LogicGate">   --->   Core 74 'LogicGate' <Latency = 0> <II = 1> <Delay = 0.12> <FuncUnit> <Opcode : 'and' 'or' 'xor'> <InPorts = 2> <OutPorts = 1>
ST_6 : Operation 143 [1/1] (0.00ns) (grouped into LUT with out node borrowReg_327)   --->   "%and_ln39_47 = and i1 %borrowReg_326, i1 %xor_ln100_250" [src/generic/fp_generic.cpp:39]   --->   Operation 143 'and' 'and_ln39_47' <Predicate = true> <Delay = 0.00> <CoreInst = "LogicGate">   --->   Core 74 'LogicGate' <Latency = 0> <II = 1> <Delay = 0.12> <FuncUnit> <Opcode : 'and' 'or' 'xor'> <InPorts = 2> <OutPorts = 1>
ST_6 : Operation 144 [1/1] (0.28ns) (out node of the LUT)   --->   "%borrowReg_327 = or i1 %and_ln39_47, i1 %tmp_998" [src/generic/fp_generic.cpp:39]   --->   Operation 144 'or' 'borrowReg_327' <Predicate = true> <Delay = 0.28> <CoreInst = "LogicGate">   --->   Core 74 'LogicGate' <Latency = 0> <II = 1> <Delay = 0.12> <FuncUnit> <Opcode : 'and' 'or' 'xor'> <InPorts = 2> <OutPorts = 1>
ST_6 : Operation 145 [1/1] (0.00ns) (grouped into TernaryAdder)   --->   "%add_ln33_105 = add i64 %zext_ln33_47, i64 %a_read_484" [src/generic/fp_generic.cpp:33]   --->   Operation 145 'add' 'add_ln33_105' <Predicate = true> <Delay = 0.00> <CoreInst = "TAddSub">   --->   Core 10 'TAddSub' <Latency = 0> <II = 1> <Delay = 0.42> <IPBlock> <Opcode : '' 'add' 'sub'> <InPorts = 3> <OutPorts = 1> <Sync> <CReg>
ST_6 : Operation 146 [1/1] (0.84ns) (root node of TernaryAdder)   --->   "%add_ln33_106 = add i64 %add_ln33_105, i64 %pts_Z_7_load" [src/generic/fp_generic.cpp:33]   --->   Operation 146 'add' 'add_ln33_106' <Predicate = true> <Delay = 0.84> <CoreInst = "TAddSub">   --->   Core 10 'TAddSub' <Latency = 0> <II = 1> <Delay = 0.42> <IPBlock> <Opcode : '' 'add' 'sub'> <InPorts = 3> <OutPorts = 1> <Sync> <CReg>
ST_6 : Operation 147 [1/1] (1.14ns)   --->   "%tempReg_1423 = add i64 %add_ln33_106, i64 18410488869586584516" [src/generic/fp_generic.cpp:39]   --->   Operation 147 'add' 'tempReg_1423' <Predicate = true> <Delay = 1.14> <CoreInst = "Adder">   --->   Core 1 'Adder' <Latency = 0> <II = 1> <Delay = 1.14> <FuncUnit> <Opcode : 'add' 'sub'> <InPorts = 2> <OutPorts = 1>
ST_6 : Operation 148 [1/1] (1.43ns)   --->   "%tmp_999 = call i1 @is_digit_lessthan_ct, i64 %add_ln33_106, i64 36255204122967100" [src/generic/fp_generic.cpp:39]   --->   Operation 148 'call' 'tmp_999' <Predicate = true> <Delay = 1.43> <CoreType = "Generic">   --->   Generic Core
ST_6 : Operation 149 [1/1] (1.14ns)   --->   "%sub_ln95_227 = sub i64 36255204122967100, i64 %add_ln33_106" [src/config.h:95->src/config.h:100->src/generic/fp_generic.cpp:39]   --->   Operation 149 'sub' 'sub_ln95_227' <Predicate = true> <Delay = 1.14> <CoreInst = "Adder">   --->   Core 1 'Adder' <Latency = 0> <II = 1> <Delay = 1.14> <FuncUnit> <Opcode : 'add' 'sub'> <InPorts = 2> <OutPorts = 1>
ST_6 : Operation 150 [1/1] (0.00ns) (grouped into LUT with out node borrowReg_328)   --->   "%or_ln95_251 = or i64 %sub_ln95_227, i64 %tempReg_1423" [src/config.h:95->src/config.h:100->src/generic/fp_generic.cpp:39]   --->   Operation 150 'or' 'or_ln95_251' <Predicate = true> <Delay = 0.00> <CoreInst = "LogicGate">   --->   Core 74 'LogicGate' <Latency = 0> <II = 1> <Delay = 0.28> <FuncUnit> <Opcode : 'and' 'or' 'xor'> <InPorts = 2> <OutPorts = 1>
ST_6 : Operation 151 [1/1] (0.00ns) (grouped into LUT with out node borrowReg_328)   --->   "%tmp_1020 = bitselect i1 @_ssdm_op_BitSelect.i1.i64.i32, i64 %or_ln95_251, i32 63" [src/config.h:100->src/generic/fp_generic.cpp:39]   --->   Operation 151 'bitselect' 'tmp_1020' <Predicate = true> <Delay = 0.00>
ST_6 : Operation 152 [1/1] (0.00ns) (grouped into LUT with out node borrowReg_328)   --->   "%xor_ln100_251 = xor i1 %tmp_1020, i1 1" [src/config.h:100->src/generic/fp_generic.cpp:39]   --->   Operation 152 'xor' 'xor_ln100_251' <Predicate = true> <Delay = 0.00> <CoreInst = "LogicGate">   --->   Core 74 'LogicGate' <Latency = 0> <II = 1> <Delay = 0.12> <FuncUnit> <Opcode : 'and' 'or' 'xor'> <InPorts = 2> <OutPorts = 1>
ST_6 : Operation 153 [1/1] (0.00ns) (grouped into LUT with out node borrowReg_328)   --->   "%and_ln39_48 = and i1 %borrowReg_327, i1 %xor_ln100_251" [src/generic/fp_generic.cpp:39]   --->   Operation 153 'and' 'and_ln39_48' <Predicate = true> <Delay = 0.00> <CoreInst = "LogicGate">   --->   Core 74 'LogicGate' <Latency = 0> <II = 1> <Delay = 0.12> <FuncUnit> <Opcode : 'and' 'or' 'xor'> <InPorts = 2> <OutPorts = 1>
ST_6 : Operation 154 [1/1] (0.28ns) (out node of the LUT)   --->   "%borrowReg_328 = or i1 %and_ln39_48, i1 %tmp_999" [src/generic/fp_generic.cpp:39]   --->   Operation 154 'or' 'borrowReg_328' <Predicate = true> <Delay = 0.28> <CoreInst = "LogicGate">   --->   Core 74 'LogicGate' <Latency = 0> <II = 1> <Delay = 0.12> <FuncUnit> <Opcode : 'and' 'or' 'xor'> <InPorts = 2> <OutPorts = 1>
ST_6 : Operation 155 [1/1] (0.00ns)   --->   "%zext_ln41 = zext i1 %borrowReg_328" [src/generic/fp_generic.cpp:41]   --->   Operation 155 'zext' 'zext_ln41' <Predicate = true> <Delay = 0.00>
ST_6 : Operation 156 [1/1] (0.00ns) (grouped into LUT with out node add_ln46)   --->   "%select_ln46 = select i1 %borrowReg_328, i64 18446744073709551614, i64 0" [src/generic/fp_generic.cpp:46]   --->   Operation 156 'select' 'select_ln46' <Predicate = true> <Delay = 0.00> <CoreInst = "Sel">   --->   Core 73 'Sel' <Latency = 0> <II = 1> <Delay = 0.27> <FuncUnit> <Opcode : 'select'> <InPorts = 3> <OutPorts = 1>
ST_6 : Operation 157 [1/1] (1.14ns) (out node of the LUT)   --->   "%add_ln46 = add i64 %select_ln46, i64 %tempReg_1398" [src/generic/fp_generic.cpp:46]   --->   Operation 157 'add' 'add_ln46' <Predicate = true> <Delay = 1.14> <CoreInst = "Adder">   --->   Core 1 'Adder' <Latency = 0> <II = 1> <Delay = 1.14> <FuncUnit> <Opcode : 'add' 'sub'> <InPorts = 2> <OutPorts = 1>
ST_6 : Operation 158 [1/1] (1.43ns)   --->   "%tmp_1000 = call i1 @is_digit_lessthan_ct, i64 %add_ln46, i64 %tempReg_1398" [src/generic/fp_generic.cpp:46]   --->   Operation 158 'call' 'tmp_1000' <Predicate = true> <Delay = 1.43> <CoreType = "Generic">   --->   Generic Core
ST_6 : Operation 159 [1/1] (0.12ns)   --->   "%carry_376 = or i1 %tmp_1000, i1 %tmp_980" [src/generic/fp_generic.cpp:46]   --->   Operation 159 'or' 'carry_376' <Predicate = true> <Delay = 0.12> <CoreInst = "LogicGate">   --->   Core 74 'LogicGate' <Latency = 0> <II = 1> <Delay = 0.12> <FuncUnit> <Opcode : 'and' 'or' 'xor'> <InPorts = 2> <OutPorts = 1>
ST_6 : Operation 160 [1/1] (0.00ns)   --->   "%zext_ln46 = zext i1 %carry_376" [src/generic/fp_generic.cpp:46]   --->   Operation 160 'zext' 'zext_ln46' <Predicate = true> <Delay = 0.00>
ST_6 : Operation 161 [1/1] (0.84ns) (root node of TernaryAdder)   --->   "%tempReg_1424 = add i64 %sub_ln39, i64 %zext_ln46" [src/generic/fp_generic.cpp:46]   --->   Operation 161 'add' 'tempReg_1424' <Predicate = true> <Delay = 0.84> <CoreInst = "TAddSub">   --->   Core 10 'TAddSub' <Latency = 0> <II = 1> <Delay = 0.42> <IPBlock> <Opcode : '' 'add' 'sub'> <InPorts = 3> <OutPorts = 1> <Sync> <CReg>
ST_6 : Operation 162 [1/1] (1.14ns)   --->   "%sub_ln46 = sub i64 %tempReg_1424, i64 %zext_ln41" [src/generic/fp_generic.cpp:46]   --->   Operation 162 'sub' 'sub_ln46' <Predicate = true> <Delay = 1.14> <CoreInst = "Adder">   --->   Core 1 'Adder' <Latency = 0> <II = 1> <Delay = 1.14> <FuncUnit> <Opcode : 'add' 'sub'> <InPorts = 2> <OutPorts = 1>

State 7 <SV = 6> <Delay = 7.09>
ST_7 : Operation 163 [1/1] (0.00ns)   --->   "%zext_ln39_43 = zext i1 %borrowReg_322" [src/generic/fp_generic.cpp:39]   --->   Operation 163 'zext' 'zext_ln39_43' <Predicate = true> <Delay = 0.00>
ST_7 : Operation 164 [1/1] (0.00ns) (grouped into TernaryAdder)   --->   "%sub_ln39_36 = sub i64 %tempReg_1418, i64 %zext_ln39_43" [src/generic/fp_generic.cpp:39]   --->   Operation 164 'sub' 'sub_ln39_36' <Predicate = true> <Delay = 0.00> <CoreInst = "TAddSub">   --->   Core 10 'TAddSub' <Latency = 0> <II = 1> <Delay = 0.42> <IPBlock> <Opcode : '' 'add' 'sub'> <InPorts = 3> <OutPorts = 1> <Sync> <CReg>
ST_7 : Operation 165 [1/1] (0.00ns)   --->   "%zext_ln39_44 = zext i1 %borrowReg_323" [src/generic/fp_generic.cpp:39]   --->   Operation 165 'zext' 'zext_ln39_44' <Predicate = true> <Delay = 0.00>
ST_7 : Operation 166 [1/1] (0.00ns) (grouped into TernaryAdder)   --->   "%sub_ln39_37 = sub i64 %tempReg_1419, i64 %zext_ln39_44" [src/generic/fp_generic.cpp:39]   --->   Operation 166 'sub' 'sub_ln39_37' <Predicate = true> <Delay = 0.00> <CoreInst = "TAddSub">   --->   Core 10 'TAddSub' <Latency = 0> <II = 1> <Delay = 0.42> <IPBlock> <Opcode : '' 'add' 'sub'> <InPorts = 3> <OutPorts = 1> <Sync> <CReg>
ST_7 : Operation 167 [1/1] (1.43ns)   --->   "%tmp_1001 = call i1 @is_digit_lessthan_ct, i64 %tempReg_1424, i64 %zext_ln46" [src/generic/fp_generic.cpp:46]   --->   Operation 167 'call' 'tmp_1001' <Predicate = true> <Delay = 1.43> <CoreType = "Generic">   --->   Generic Core
ST_7 : Operation 168 [1/1] (1.43ns)   --->   "%tmp_1002 = call i1 @is_digit_lessthan_ct, i64 %sub_ln46, i64 %tempReg_1424" [src/generic/fp_generic.cpp:46]   --->   Operation 168 'call' 'tmp_1002' <Predicate = true> <Delay = 1.43> <CoreType = "Generic">   --->   Generic Core
ST_7 : Operation 169 [1/1] (0.12ns)   --->   "%carry_377 = or i1 %tmp_1002, i1 %tmp_1001" [src/generic/fp_generic.cpp:46]   --->   Operation 169 'or' 'carry_377' <Predicate = true> <Delay = 0.12> <CoreInst = "LogicGate">   --->   Core 74 'LogicGate' <Latency = 0> <II = 1> <Delay = 0.12> <FuncUnit> <Opcode : 'and' 'or' 'xor'> <InPorts = 2> <OutPorts = 1>
ST_7 : Operation 170 [1/1] (0.00ns)   --->   "%zext_ln46_43 = zext i1 %carry_377" [src/generic/fp_generic.cpp:46]   --->   Operation 170 'zext' 'zext_ln46_43' <Predicate = true> <Delay = 0.00>
ST_7 : Operation 171 [1/1] (0.84ns) (root node of TernaryAdder)   --->   "%tempReg_1425 = add i64 %sub_ln39_36, i64 %zext_ln46_43" [src/generic/fp_generic.cpp:46]   --->   Operation 171 'add' 'tempReg_1425' <Predicate = true> <Delay = 0.84> <CoreInst = "TAddSub">   --->   Core 10 'TAddSub' <Latency = 0> <II = 1> <Delay = 0.42> <IPBlock> <Opcode : '' 'add' 'sub'> <InPorts = 3> <OutPorts = 1> <Sync> <CReg>
ST_7 : Operation 172 [1/1] (1.14ns)   --->   "%sub_ln46_8 = sub i64 %tempReg_1425, i64 %zext_ln41" [src/generic/fp_generic.cpp:46]   --->   Operation 172 'sub' 'sub_ln46_8' <Predicate = true> <Delay = 1.14> <CoreInst = "Adder">   --->   Core 1 'Adder' <Latency = 0> <II = 1> <Delay = 1.14> <FuncUnit> <Opcode : 'add' 'sub'> <InPorts = 2> <OutPorts = 1>
ST_7 : Operation 173 [1/1] (1.43ns)   --->   "%tmp_1003 = call i1 @is_digit_lessthan_ct, i64 %tempReg_1425, i64 %zext_ln46_43" [src/generic/fp_generic.cpp:46]   --->   Operation 173 'call' 'tmp_1003' <Predicate = true> <Delay = 1.43> <CoreType = "Generic">   --->   Generic Core
ST_7 : Operation 174 [1/1] (1.43ns)   --->   "%tmp_1004 = call i1 @is_digit_lessthan_ct, i64 %sub_ln46_8, i64 %tempReg_1425" [src/generic/fp_generic.cpp:46]   --->   Operation 174 'call' 'tmp_1004' <Predicate = true> <Delay = 1.43> <CoreType = "Generic">   --->   Generic Core
ST_7 : Operation 175 [1/1] (0.12ns)   --->   "%carry_378 = or i1 %tmp_1004, i1 %tmp_1003" [src/generic/fp_generic.cpp:46]   --->   Operation 175 'or' 'carry_378' <Predicate = true> <Delay = 0.12> <CoreInst = "LogicGate">   --->   Core 74 'LogicGate' <Latency = 0> <II = 1> <Delay = 0.12> <FuncUnit> <Opcode : 'and' 'or' 'xor'> <InPorts = 2> <OutPorts = 1>
ST_7 : Operation 176 [1/1] (0.00ns)   --->   "%zext_ln46_44 = zext i1 %carry_378" [src/generic/fp_generic.cpp:46]   --->   Operation 176 'zext' 'zext_ln46_44' <Predicate = true> <Delay = 0.00>
ST_7 : Operation 177 [1/1] (0.84ns) (root node of TernaryAdder)   --->   "%tempReg_1426 = add i64 %sub_ln39_37, i64 %zext_ln46_44" [src/generic/fp_generic.cpp:46]   --->   Operation 177 'add' 'tempReg_1426' <Predicate = true> <Delay = 0.84> <CoreInst = "TAddSub">   --->   Core 10 'TAddSub' <Latency = 0> <II = 1> <Delay = 0.42> <IPBlock> <Opcode : '' 'add' 'sub'> <InPorts = 3> <OutPorts = 1> <Sync> <CReg>
ST_7 : Operation 178 [1/1] (0.00ns) (grouped into LUT with out node add_ln46_81)   --->   "%select_ln46_36 = select i1 %borrowReg_328, i64 6341068275337658367, i64 0" [src/generic/fp_generic.cpp:46]   --->   Operation 178 'select' 'select_ln46_36' <Predicate = true> <Delay = 0.00> <CoreInst = "Sel">   --->   Core 73 'Sel' <Latency = 0> <II = 1> <Delay = 0.39> <FuncUnit> <Opcode : 'select'> <InPorts = 3> <OutPorts = 1>
ST_7 : Operation 179 [1/1] (1.14ns) (out node of the LUT)   --->   "%add_ln46_81 = add i64 %select_ln46_36, i64 %tempReg_1426" [src/generic/fp_generic.cpp:46]   --->   Operation 179 'add' 'add_ln46_81' <Predicate = true> <Delay = 1.14> <CoreInst = "Adder">   --->   Core 1 'Adder' <Latency = 0> <II = 1> <Delay = 1.14> <FuncUnit> <Opcode : 'add' 'sub'> <InPorts = 2> <OutPorts = 1>

State 8 <SV = 7> <Delay = 7.09>
ST_8 : Operation 180 [1/1] (0.00ns)   --->   "%zext_ln39_45 = zext i1 %borrowReg_324" [src/generic/fp_generic.cpp:39]   --->   Operation 180 'zext' 'zext_ln39_45' <Predicate = true> <Delay = 0.00>
ST_8 : Operation 181 [1/1] (0.00ns) (grouped into TernaryAdder)   --->   "%sub_ln39_38 = sub i64 %tempReg_1420, i64 %zext_ln39_45" [src/generic/fp_generic.cpp:39]   --->   Operation 181 'sub' 'sub_ln39_38' <Predicate = true> <Delay = 0.00> <CoreInst = "TAddSub">   --->   Core 10 'TAddSub' <Latency = 0> <II = 1> <Delay = 0.42> <IPBlock> <Opcode : '' 'add' 'sub'> <InPorts = 3> <OutPorts = 1> <Sync> <CReg>
ST_8 : Operation 182 [1/1] (0.00ns)   --->   "%zext_ln39_46 = zext i1 %borrowReg_325" [src/generic/fp_generic.cpp:39]   --->   Operation 182 'zext' 'zext_ln39_46' <Predicate = true> <Delay = 0.00>
ST_8 : Operation 183 [1/1] (0.00ns) (grouped into TernaryAdder)   --->   "%sub_ln39_39 = sub i64 %tempReg_1421, i64 %zext_ln39_46" [src/generic/fp_generic.cpp:39]   --->   Operation 183 'sub' 'sub_ln39_39' <Predicate = true> <Delay = 0.00> <CoreInst = "TAddSub">   --->   Core 10 'TAddSub' <Latency = 0> <II = 1> <Delay = 0.42> <IPBlock> <Opcode : '' 'add' 'sub'> <InPorts = 3> <OutPorts = 1> <Sync> <CReg>
ST_8 : Operation 184 [1/1] (1.43ns)   --->   "%tmp_1005 = call i1 @is_digit_lessthan_ct, i64 %tempReg_1426, i64 %zext_ln46_44" [src/generic/fp_generic.cpp:46]   --->   Operation 184 'call' 'tmp_1005' <Predicate = true> <Delay = 1.43> <CoreType = "Generic">   --->   Generic Core
ST_8 : Operation 185 [1/1] (1.43ns)   --->   "%tmp_1006 = call i1 @is_digit_lessthan_ct, i64 %add_ln46_81, i64 %tempReg_1426" [src/generic/fp_generic.cpp:46]   --->   Operation 185 'call' 'tmp_1006' <Predicate = true> <Delay = 1.43> <CoreType = "Generic">   --->   Generic Core
ST_8 : Operation 186 [1/1] (0.12ns)   --->   "%carry_379 = or i1 %tmp_1006, i1 %tmp_1005" [src/generic/fp_generic.cpp:46]   --->   Operation 186 'or' 'carry_379' <Predicate = true> <Delay = 0.12> <CoreInst = "LogicGate">   --->   Core 74 'LogicGate' <Latency = 0> <II = 1> <Delay = 0.12> <FuncUnit> <Opcode : 'and' 'or' 'xor'> <InPorts = 2> <OutPorts = 1>
ST_8 : Operation 187 [1/1] (0.00ns)   --->   "%zext_ln46_45 = zext i1 %carry_379" [src/generic/fp_generic.cpp:46]   --->   Operation 187 'zext' 'zext_ln46_45' <Predicate = true> <Delay = 0.00>
ST_8 : Operation 188 [1/1] (0.84ns) (root node of TernaryAdder)   --->   "%tempReg_1427 = add i64 %sub_ln39_38, i64 %zext_ln46_45" [src/generic/fp_generic.cpp:46]   --->   Operation 188 'add' 'tempReg_1427' <Predicate = true> <Delay = 0.84> <CoreInst = "TAddSub">   --->   Core 10 'TAddSub' <Latency = 0> <II = 1> <Delay = 0.42> <IPBlock> <Opcode : '' 'add' 'sub'> <InPorts = 3> <OutPorts = 1> <Sync> <CReg>
ST_8 : Operation 189 [1/1] (0.00ns) (grouped into LUT with out node add_ln46_83)   --->   "%select_ln46_37 = select i1 %borrowReg_328, i64 2742894157933825857, i64 0" [src/generic/fp_generic.cpp:46]   --->   Operation 189 'select' 'select_ln46_37' <Predicate = true> <Delay = 0.00> <CoreInst = "Sel">   --->   Core 73 'Sel' <Latency = 0> <II = 1> <Delay = 0.37> <FuncUnit> <Opcode : 'select'> <InPorts = 3> <OutPorts = 1>
ST_8 : Operation 190 [1/1] (1.14ns) (out node of the LUT)   --->   "%add_ln46_83 = add i64 %tempReg_1427, i64 %select_ln46_37" [src/generic/fp_generic.cpp:46]   --->   Operation 190 'add' 'add_ln46_83' <Predicate = true> <Delay = 1.14> <CoreInst = "Adder">   --->   Core 1 'Adder' <Latency = 0> <II = 1> <Delay = 1.14> <FuncUnit> <Opcode : 'add' 'sub'> <InPorts = 2> <OutPorts = 1>
ST_8 : Operation 191 [1/1] (1.43ns)   --->   "%tmp_1007 = call i1 @is_digit_lessthan_ct, i64 %tempReg_1427, i64 %zext_ln46_45" [src/generic/fp_generic.cpp:46]   --->   Operation 191 'call' 'tmp_1007' <Predicate = true> <Delay = 1.43> <CoreType = "Generic">   --->   Generic Core
ST_8 : Operation 192 [1/1] (1.43ns)   --->   "%tmp_1008 = call i1 @is_digit_lessthan_ct, i64 %add_ln46_83, i64 %tempReg_1427" [src/generic/fp_generic.cpp:46]   --->   Operation 192 'call' 'tmp_1008' <Predicate = true> <Delay = 1.43> <CoreType = "Generic">   --->   Generic Core
ST_8 : Operation 193 [1/1] (0.12ns)   --->   "%carry_380 = or i1 %tmp_1008, i1 %tmp_1007" [src/generic/fp_generic.cpp:46]   --->   Operation 193 'or' 'carry_380' <Predicate = true> <Delay = 0.12> <CoreInst = "LogicGate">   --->   Core 74 'LogicGate' <Latency = 0> <II = 1> <Delay = 0.12> <FuncUnit> <Opcode : 'and' 'or' 'xor'> <InPorts = 2> <OutPorts = 1>
ST_8 : Operation 194 [1/1] (0.00ns)   --->   "%zext_ln46_46 = zext i1 %carry_380" [src/generic/fp_generic.cpp:46]   --->   Operation 194 'zext' 'zext_ln46_46' <Predicate = true> <Delay = 0.00>
ST_8 : Operation 195 [1/1] (0.84ns) (root node of TernaryAdder)   --->   "%tempReg_1428 = add i64 %sub_ln39_39, i64 %zext_ln46_46" [src/generic/fp_generic.cpp:46]   --->   Operation 195 'add' 'tempReg_1428' <Predicate = true> <Delay = 0.84> <CoreInst = "TAddSub">   --->   Core 10 'TAddSub' <Latency = 0> <II = 1> <Delay = 0.42> <IPBlock> <Opcode : '' 'add' 'sub'> <InPorts = 3> <OutPorts = 1> <Sync> <CReg>
ST_8 : Operation 196 [1/1] (0.00ns) (grouped into LUT with out node add_ln46_85)   --->   "%select_ln46_38 = select i1 %borrowReg_328, i64 3978910002679970654, i64 0" [src/generic/fp_generic.cpp:46]   --->   Operation 196 'select' 'select_ln46_38' <Predicate = true> <Delay = 0.00> <CoreInst = "Sel">   --->   Core 73 'Sel' <Latency = 0> <II = 1> <Delay = 0.37> <FuncUnit> <Opcode : 'select'> <InPorts = 3> <OutPorts = 1>
ST_8 : Operation 197 [1/1] (1.14ns) (out node of the LUT)   --->   "%add_ln46_85 = add i64 %tempReg_1428, i64 %select_ln46_38" [src/generic/fp_generic.cpp:46]   --->   Operation 197 'add' 'add_ln46_85' <Predicate = true> <Delay = 1.14> <CoreInst = "Adder">   --->   Core 1 'Adder' <Latency = 0> <II = 1> <Delay = 1.14> <FuncUnit> <Opcode : 'add' 'sub'> <InPorts = 2> <OutPorts = 1>

State 9 <SV = 8> <Delay = 6.66>
ST_9 : Operation 198 [1/1] (0.00ns)   --->   "%specpipeline_ln22 = specpipeline void @_ssdm_op_SpecPipeline, i32 1, i32 0, i32 0, i32 0, void @empty_34" [src/generic/fp_generic.cpp:22]   --->   Operation 198 'specpipeline' 'specpipeline_ln22' <Predicate = true> <Delay = 0.00>
ST_9 : Operation 199 [1/1] (0.00ns)   --->   "%t1_i_0_addr = getelementptr i64 %t1_i_0, i64 0, i64 1" [src/generic/fp_generic.cpp:33]   --->   Operation 199 'getelementptr' 't1_i_0_addr' <Predicate = true> <Delay = 0.00>
ST_9 : Operation 200 [1/1] (0.00ns)   --->   "%t1_i_1_addr = getelementptr i64 %t1_i_1, i64 0, i64 1" [src/generic/fp_generic.cpp:33]   --->   Operation 200 'getelementptr' 't1_i_1_addr' <Predicate = true> <Delay = 0.00>
ST_9 : Operation 201 [1/1] (0.00ns)   --->   "%t1_i_2_addr = getelementptr i64 %t1_i_2, i64 0, i64 1" [src/generic/fp_generic.cpp:33]   --->   Operation 201 'getelementptr' 't1_i_2_addr' <Predicate = true> <Delay = 0.00>
ST_9 : Operation 202 [1/1] (0.00ns)   --->   "%t1_i_3_addr = getelementptr i64 %t1_i_3, i64 0, i64 1" [src/generic/fp_generic.cpp:33]   --->   Operation 202 'getelementptr' 't1_i_3_addr' <Predicate = true> <Delay = 0.00>
ST_9 : Operation 203 [1/1] (0.00ns)   --->   "%t1_i_4_addr = getelementptr i64 %t1_i_4, i64 0, i64 1" [src/generic/fp_generic.cpp:33]   --->   Operation 203 'getelementptr' 't1_i_4_addr' <Predicate = true> <Delay = 0.00>
ST_9 : Operation 204 [1/1] (0.00ns)   --->   "%zext_ln39_47 = zext i1 %borrowReg_326" [src/generic/fp_generic.cpp:39]   --->   Operation 204 'zext' 'zext_ln39_47' <Predicate = true> <Delay = 0.00>
ST_9 : Operation 205 [1/1] (0.00ns)   --->   "%t1_i_5_addr = getelementptr i64 %t1_i_5, i64 0, i64 1" [src/generic/fp_generic.cpp:33]   --->   Operation 205 'getelementptr' 't1_i_5_addr' <Predicate = true> <Delay = 0.00>
ST_9 : Operation 206 [1/1] (0.00ns) (grouped into TernaryAdder)   --->   "%sub_ln39_40 = sub i64 %tempReg_1422, i64 %zext_ln39_47" [src/generic/fp_generic.cpp:39]   --->   Operation 206 'sub' 'sub_ln39_40' <Predicate = true> <Delay = 0.00> <CoreInst = "TAddSub">   --->   Core 10 'TAddSub' <Latency = 0> <II = 1> <Delay = 0.42> <IPBlock> <Opcode : '' 'add' 'sub'> <InPorts = 3> <OutPorts = 1> <Sync> <CReg>
ST_9 : Operation 207 [1/1] (0.00ns)   --->   "%zext_ln39_48 = zext i1 %borrowReg_327" [src/generic/fp_generic.cpp:39]   --->   Operation 207 'zext' 'zext_ln39_48' <Predicate = true> <Delay = 0.00>
ST_9 : Operation 208 [1/1] (0.00ns)   --->   "%t1_i_6_addr = getelementptr i64 %t1_i_6, i64 0, i64 1" [src/generic/fp_generic.cpp:33]   --->   Operation 208 'getelementptr' 't1_i_6_addr' <Predicate = true> <Delay = 0.00>
ST_9 : Operation 209 [1/1] (0.00ns) (grouped into TernaryAdder)   --->   "%sub_ln39_41 = sub i64 %tempReg_1423, i64 %zext_ln39_48" [src/generic/fp_generic.cpp:39]   --->   Operation 209 'sub' 'sub_ln39_41' <Predicate = true> <Delay = 0.00> <CoreInst = "TAddSub">   --->   Core 10 'TAddSub' <Latency = 0> <II = 1> <Delay = 0.42> <IPBlock> <Opcode : '' 'add' 'sub'> <InPorts = 3> <OutPorts = 1> <Sync> <CReg>
ST_9 : Operation 210 [1/1] (1.43ns)   --->   "%tmp_1009 = call i1 @is_digit_lessthan_ct, i64 %tempReg_1428, i64 %zext_ln46_46" [src/generic/fp_generic.cpp:46]   --->   Operation 210 'call' 'tmp_1009' <Predicate = true> <Delay = 1.43> <CoreType = "Generic">   --->   Generic Core
ST_9 : Operation 211 [1/1] (1.43ns)   --->   "%tmp_1010 = call i1 @is_digit_lessthan_ct, i64 %add_ln46_85, i64 %tempReg_1428" [src/generic/fp_generic.cpp:46]   --->   Operation 211 'call' 'tmp_1010' <Predicate = true> <Delay = 1.43> <CoreType = "Generic">   --->   Generic Core
ST_9 : Operation 212 [1/1] (0.12ns)   --->   "%carry_381 = or i1 %tmp_1010, i1 %tmp_1009" [src/generic/fp_generic.cpp:46]   --->   Operation 212 'or' 'carry_381' <Predicate = true> <Delay = 0.12> <CoreInst = "LogicGate">   --->   Core 74 'LogicGate' <Latency = 0> <II = 1> <Delay = 0.12> <FuncUnit> <Opcode : 'and' 'or' 'xor'> <InPorts = 2> <OutPorts = 1>
ST_9 : Operation 213 [1/1] (0.00ns)   --->   "%zext_ln46_47 = zext i1 %carry_381" [src/generic/fp_generic.cpp:46]   --->   Operation 213 'zext' 'zext_ln46_47' <Predicate = true> <Delay = 0.00>
ST_9 : Operation 214 [1/1] (0.84ns) (root node of TernaryAdder)   --->   "%tempReg_1429 = add i64 %sub_ln39_40, i64 %zext_ln46_47" [src/generic/fp_generic.cpp:46]   --->   Operation 214 'add' 'tempReg_1429' <Predicate = true> <Delay = 0.84> <CoreInst = "TAddSub">   --->   Core 10 'TAddSub' <Latency = 0> <II = 1> <Delay = 0.42> <IPBlock> <Opcode : '' 'add' 'sub'> <InPorts = 3> <OutPorts = 1> <Sync> <CReg>
ST_9 : Operation 215 [1/1] (0.00ns) (grouped into LUT with out node add_ln46_87)   --->   "%select_ln46_39 = select i1 %borrowReg_328, i64 13874338639501019552, i64 0" [src/generic/fp_generic.cpp:46]   --->   Operation 215 'select' 'select_ln46_39' <Predicate = true> <Delay = 0.00> <CoreInst = "Sel">   --->   Core 73 'Sel' <Latency = 0> <II = 1> <Delay = 0.39> <FuncUnit> <Opcode : 'select'> <InPorts = 3> <OutPorts = 1>
ST_9 : Operation 216 [1/1] (1.14ns) (out node of the LUT)   --->   "%add_ln46_87 = add i64 %tempReg_1429, i64 %select_ln46_39" [src/generic/fp_generic.cpp:46]   --->   Operation 216 'add' 'add_ln46_87' <Predicate = true> <Delay = 1.14> <CoreInst = "Adder">   --->   Core 1 'Adder' <Latency = 0> <II = 1> <Delay = 1.14> <FuncUnit> <Opcode : 'add' 'sub'> <InPorts = 2> <OutPorts = 1>
ST_9 : Operation 217 [1/1] (1.43ns)   --->   "%tmp_1011 = call i1 @is_digit_lessthan_ct, i64 %tempReg_1429, i64 %zext_ln46_47" [src/generic/fp_generic.cpp:46]   --->   Operation 217 'call' 'tmp_1011' <Predicate = true> <Delay = 1.43> <CoreType = "Generic">   --->   Generic Core
ST_9 : Operation 218 [1/1] (1.43ns)   --->   "%tmp_1012 = call i1 @is_digit_lessthan_ct, i64 %add_ln46_87, i64 %tempReg_1429" [src/generic/fp_generic.cpp:46]   --->   Operation 218 'call' 'tmp_1012' <Predicate = true> <Delay = 1.43> <CoreType = "Generic">   --->   Generic Core
ST_9 : Operation 219 [1/1] (0.12ns)   --->   "%carry_382 = or i1 %tmp_1012, i1 %tmp_1011" [src/generic/fp_generic.cpp:46]   --->   Operation 219 'or' 'carry_382' <Predicate = true> <Delay = 0.12> <CoreInst = "LogicGate">   --->   Core 74 'LogicGate' <Latency = 0> <II = 1> <Delay = 0.12> <FuncUnit> <Opcode : 'and' 'or' 'xor'> <InPorts = 2> <OutPorts = 1>
ST_9 : Operation 220 [1/1] (0.25ns)   --->   "%select_ln46_40 = select i1 %borrowReg_328, i55 18127602061483550, i55 0" [src/generic/fp_generic.cpp:46]   --->   Operation 220 'select' 'select_ln46_40' <Predicate = true> <Delay = 0.25> <CoreInst = "Sel">   --->   Core 73 'Sel' <Latency = 0> <II = 1> <Delay = 0.25> <FuncUnit> <Opcode : 'select'> <InPorts = 3> <OutPorts = 1>
ST_9 : Operation 221 [1/1] (0.00ns)   --->   "%tmp4 = bitconcatenate i56 @_ssdm_op_BitConcatenate.i56.i55.i1, i55 %select_ln46_40, i1 %carry_382" [src/generic/fp_generic.cpp:46]   --->   Operation 221 'bitconcatenate' 'tmp4' <Predicate = true> <Delay = 0.00>
ST_9 : Operation 222 [1/1] (0.00ns)   --->   "%zext_ln46_48 = zext i56 %tmp4" [src/generic/fp_generic.cpp:46]   --->   Operation 222 'zext' 'zext_ln46_48' <Predicate = true> <Delay = 0.00>
ST_9 : Operation 223 [1/1] (0.84ns) (root node of TernaryAdder)   --->   "%add_ln46_88 = add i64 %zext_ln46_48, i64 %sub_ln39_41" [src/generic/fp_generic.cpp:46]   --->   Operation 223 'add' 'add_ln46_88' <Predicate = true> <Delay = 0.84> <CoreInst = "TAddSub">   --->   Core 10 'TAddSub' <Latency = 0> <II = 1> <Delay = 0.42> <IPBlock> <Opcode : '' 'add' 'sub'> <InPorts = 3> <OutPorts = 1> <Sync> <CReg>
ST_9 : Operation 224 [1/1] ( I:0.71ns O:0.71ns )   --->   "%store_ln46 = store i64 %add_ln46, i1 %t1_i_0_addr" [src/generic/fp_generic.cpp:46]   --->   Operation 224 'store' 'store_ln46' <Predicate = true> <Delay = 0.71> <CoreInst = "RAM">   --->   Core 82 'RAM' <Latency = 1> <II = 1> <Delay = 0.71> <Storage> <Opcode : 'load' 'store'> <Ports = 2> <Width = 64> <Depth = 2> <RAM>
ST_9 : Operation 225 [1/1] ( I:0.71ns O:0.71ns )   --->   "%store_ln46 = store i64 %sub_ln46, i1 %t1_i_1_addr" [src/generic/fp_generic.cpp:46]   --->   Operation 225 'store' 'store_ln46' <Predicate = true> <Delay = 0.71> <CoreInst = "RAM">   --->   Core 82 'RAM' <Latency = 1> <II = 1> <Delay = 0.71> <Storage> <Opcode : 'load' 'store'> <Ports = 2> <Width = 64> <Depth = 2> <RAM>
ST_9 : Operation 226 [1/1] ( I:0.71ns O:0.71ns )   --->   "%store_ln46 = store i64 %sub_ln46_8, i1 %t1_i_2_addr" [src/generic/fp_generic.cpp:46]   --->   Operation 226 'store' 'store_ln46' <Predicate = true> <Delay = 0.71> <CoreInst = "RAM">   --->   Core 82 'RAM' <Latency = 1> <II = 1> <Delay = 0.71> <Storage> <Opcode : 'load' 'store'> <Ports = 2> <Width = 64> <Depth = 2> <RAM>
ST_9 : Operation 227 [1/1] ( I:0.71ns O:0.71ns )   --->   "%store_ln46 = store i64 %add_ln46_81, i1 %t1_i_3_addr" [src/generic/fp_generic.cpp:46]   --->   Operation 227 'store' 'store_ln46' <Predicate = true> <Delay = 0.71> <CoreInst = "RAM">   --->   Core 82 'RAM' <Latency = 1> <II = 1> <Delay = 0.71> <Storage> <Opcode : 'load' 'store'> <Ports = 2> <Width = 64> <Depth = 2> <RAM>
ST_9 : Operation 228 [1/1] ( I:0.71ns O:0.71ns )   --->   "%store_ln46 = store i64 %add_ln46_83, i1 %t1_i_4_addr" [src/generic/fp_generic.cpp:46]   --->   Operation 228 'store' 'store_ln46' <Predicate = true> <Delay = 0.71> <CoreInst = "RAM">   --->   Core 82 'RAM' <Latency = 1> <II = 1> <Delay = 0.71> <Storage> <Opcode : 'load' 'store'> <Ports = 2> <Width = 64> <Depth = 2> <RAM>
ST_9 : Operation 229 [1/1] ( I:0.71ns O:0.71ns )   --->   "%store_ln46 = store i64 %add_ln46_85, i1 %t1_i_5_addr" [src/generic/fp_generic.cpp:46]   --->   Operation 229 'store' 'store_ln46' <Predicate = true> <Delay = 0.71> <CoreInst = "RAM">   --->   Core 82 'RAM' <Latency = 1> <II = 1> <Delay = 0.71> <Storage> <Opcode : 'load' 'store'> <Ports = 2> <Width = 64> <Depth = 2> <RAM>
ST_9 : Operation 230 [1/1] ( I:0.71ns O:0.71ns )   --->   "%store_ln46 = store i64 %add_ln46_87, i1 %t1_i_6_addr" [src/generic/fp_generic.cpp:46]   --->   Operation 230 'store' 'store_ln46' <Predicate = true> <Delay = 0.71> <CoreInst = "RAM">   --->   Core 82 'RAM' <Latency = 1> <II = 1> <Delay = 0.71> <Storage> <Opcode : 'load' 'store'> <Ports = 2> <Width = 64> <Depth = 2> <RAM>
ST_9 : Operation 231 [1/1] (0.00ns)   --->   "%t1_i_7_addr = getelementptr i64 %t1_i_7, i64 0, i64 1" [src/generic/fp_generic.cpp:46]   --->   Operation 231 'getelementptr' 't1_i_7_addr' <Predicate = true> <Delay = 0.00>
ST_9 : Operation 232 [1/1] ( I:0.71ns O:0.71ns )   --->   "%store_ln46 = store i64 %add_ln46_88, i1 %t1_i_7_addr" [src/generic/fp_generic.cpp:46]   --->   Operation 232 'store' 'store_ln46' <Predicate = true> <Delay = 0.71> <CoreInst = "RAM">   --->   Core 82 'RAM' <Latency = 1> <II = 1> <Delay = 0.71> <Storage> <Opcode : 'load' 'store'> <Ports = 2> <Width = 64> <Depth = 2> <RAM>
ST_9 : Operation 233 [1/1] (0.00ns)   --->   "%ret_ln48 = ret" [src/generic/fp_generic.cpp:48]   --->   Operation 233 'ret' 'ret_ln48' <Predicate = true> <Delay = 0.00>


============================================================
+ Verbose Summary: Binding
============================================================
STG Binding: 
---------------- STG Properties BEGIN ----------------
- Is combinational: 0
- Is one-state seq: 0
- Is datapath-only: 0
- Is pipelined: 1
- Is top level: 0
Port [ Return ] is wired: 1; IO mode=ap_ctrl_hs:ce=0
Port [ a_read]:  wired=1; compound=0; hidden=0; nouse=0; global=0; static=0; extern=0; dir=0; type=0; pingpong=0; private_global=0; IO mode=ap_none:ce=0
Port [ a_read_498]:  wired=1; compound=0; hidden=0; nouse=0; global=0; static=0; extern=0; dir=0; type=0; pingpong=0; private_global=0; IO mode=ap_none:ce=0
Port [ a_read_499]:  wired=1; compound=0; hidden=0; nouse=0; global=0; static=0; extern=0; dir=0; type=0; pingpong=0; private_global=0; IO mode=ap_none:ce=0
Port [ a_read_500]:  wired=1; compound=0; hidden=0; nouse=0; global=0; static=0; extern=0; dir=0; type=0; pingpong=0; private_global=0; IO mode=ap_none:ce=0
Port [ a_read_501]:  wired=1; compound=0; hidden=0; nouse=0; global=0; static=0; extern=0; dir=0; type=0; pingpong=0; private_global=0; IO mode=ap_none:ce=0
Port [ a_read_502]:  wired=1; compound=0; hidden=0; nouse=0; global=0; static=0; extern=0; dir=0; type=0; pingpong=0; private_global=0; IO mode=ap_none:ce=0
Port [ a_read_503]:  wired=1; compound=0; hidden=0; nouse=0; global=0; static=0; extern=0; dir=0; type=0; pingpong=0; private_global=0; IO mode=ap_none:ce=0
Port [ a_read_504]:  wired=1; compound=0; hidden=0; nouse=0; global=0; static=0; extern=0; dir=0; type=0; pingpong=0; private_global=0; IO mode=ap_none:ce=0
Port [ pts_Z_0]:  wired=1; compound=1; hidden=0; nouse=0; global=0; static=0; extern=0; dir=0; type=1; pingpong=0; private_global=0; MemPort=[13]; IO mode=ap_memory:ce=0
Port [ b_0]:  wired=1; compound=0; hidden=0; nouse=0; global=0; static=0; extern=0; dir=0; type=0; pingpong=0; private_global=0; IO mode=ap_none:ce=0
Port [ pts_Z_1]:  wired=1; compound=1; hidden=0; nouse=0; global=0; static=0; extern=0; dir=0; type=1; pingpong=0; private_global=0; MemPort=[13]; IO mode=ap_memory:ce=0
Port [ pts_Z_2]:  wired=1; compound=1; hidden=0; nouse=0; global=0; static=0; extern=0; dir=0; type=1; pingpong=0; private_global=0; MemPort=[13]; IO mode=ap_memory:ce=0
Port [ pts_Z_3]:  wired=1; compound=1; hidden=0; nouse=0; global=0; static=0; extern=0; dir=0; type=1; pingpong=0; private_global=0; MemPort=[13]; IO mode=ap_memory:ce=0
Port [ pts_Z_4]:  wired=1; compound=1; hidden=0; nouse=0; global=0; static=0; extern=0; dir=0; type=1; pingpong=0; private_global=0; MemPort=[13]; IO mode=ap_memory:ce=0
Port [ pts_Z_5]:  wired=1; compound=1; hidden=0; nouse=0; global=0; static=0; extern=0; dir=0; type=1; pingpong=0; private_global=0; MemPort=[13]; IO mode=ap_memory:ce=0
Port [ pts_Z_6]:  wired=1; compound=1; hidden=0; nouse=0; global=0; static=0; extern=0; dir=0; type=1; pingpong=0; private_global=0; MemPort=[13]; IO mode=ap_memory:ce=0
Port [ pts_Z_7]:  wired=1; compound=1; hidden=0; nouse=0; global=0; static=0; extern=0; dir=0; type=1; pingpong=0; private_global=0; MemPort=[13]; IO mode=ap_memory:ce=0
Port [ t1_i_0]:  wired=1; compound=1; hidden=0; nouse=0; global=0; static=0; extern=0; dir=1; type=1; pingpong=0; private_global=0; MemPort=[03]; IO mode=ap_memory:ce=0
Port [ t1_i_1]:  wired=1; compound=1; hidden=0; nouse=0; global=0; static=0; extern=0; dir=1; type=1; pingpong=0; private_global=0; MemPort=[03]; IO mode=ap_memory:ce=0
Port [ t1_i_2]:  wired=1; compound=1; hidden=0; nouse=0; global=0; static=0; extern=0; dir=1; type=1; pingpong=0; private_global=0; MemPort=[03]; IO mode=ap_memory:ce=0
Port [ t1_i_3]:  wired=1; compound=1; hidden=0; nouse=0; global=0; static=0; extern=0; dir=1; type=1; pingpong=0; private_global=0; MemPort=[03]; IO mode=ap_memory:ce=0
Port [ t1_i_4]:  wired=1; compound=1; hidden=0; nouse=0; global=0; static=0; extern=0; dir=1; type=1; pingpong=0; private_global=0; MemPort=[03]; IO mode=ap_memory:ce=0
Port [ t1_i_5]:  wired=1; compound=1; hidden=0; nouse=0; global=0; static=0; extern=0; dir=1; type=1; pingpong=0; private_global=0; MemPort=[03]; IO mode=ap_memory:ce=0
Port [ t1_i_6]:  wired=1; compound=1; hidden=0; nouse=0; global=0; static=0; extern=0; dir=1; type=1; pingpong=0; private_global=0; MemPort=[03]; IO mode=ap_memory:ce=0
Port [ t1_i_7]:  wired=1; compound=1; hidden=0; nouse=0; global=0; static=0; extern=0; dir=1; type=1; pingpong=0; private_global=0; MemPort=[03]; IO mode=ap_memory:ce=0
---------------- STG Properties END ------------------

---------------- Datapath Model BEGIN ----------------

<LifeTime>
<method=bitvector/>
b_0_read          (read          ) [ 0000000000]
a_read_484        (read          ) [ 0111111000]
a_read_485        (read          ) [ 0111110000]
a_read_486        (read          ) [ 0111100000]
a_read_487        (read          ) [ 0111100000]
a_read_488        (read          ) [ 0111000000]
a_read_489        (read          ) [ 0111000000]
a_read_490        (read          ) [ 0110000000]
a_read103         (read          ) [ 0110000000]
lshr_ln           (partselect    ) [ 0000000000]
zext_ln33_41      (zext          ) [ 0111100000]
pts_Z_0_addr      (getelementptr ) [ 0110000000]
pts_Z_1_addr      (getelementptr ) [ 0110000000]
pts_Z_0_load      (load          ) [ 0000000000]
add_ln33          (add           ) [ 0101111000]
tmp               (call          ) [ 0000000000]
tmp_s             (call          ) [ 0000000000]
carry             (or            ) [ 0000000000]
zext_ln33         (zext          ) [ 0000000000]
tempReg           (add           ) [ 0000000000]
tmp_981           (call          ) [ 0000000000]
pts_Z_1_load      (load          ) [ 0000000000]
add_ln33_94       (add           ) [ 0101000000]
tmp_982           (call          ) [ 0000000000]
carry_370         (or            ) [ 0101000000]
pts_Z_2_addr      (getelementptr ) [ 0101000000]
pts_Z_3_addr      (getelementptr ) [ 0101000000]
borrowReg         (call          ) [ 0100111000]
zext_ln33_42      (zext          ) [ 0000000000]
tempReg_1417      (add           ) [ 0100111000]
tmp_983           (call          ) [ 0000000000]
bit_sel1          (bitselect     ) [ 0000000000]
xor_ln95_12       (xor           ) [ 0000000000]
trunc_ln95        (trunc         ) [ 0000000000]
xor_ln            (bitconcatenate) [ 0000000000]
or_ln95           (or            ) [ 0000000000]
tmp_1014          (bitselect     ) [ 0000000000]
xor_ln100         (xor           ) [ 0000000000]
and_ln39          (and           ) [ 0000000000]
borrowReg_322     (or            ) [ 0100111100]
tempReg_1412      (add           ) [ 0000000000]
tmp_984           (call          ) [ 0000000000]
pts_Z_2_load      (load          ) [ 0000000000]
add_ln33_96       (add           ) [ 0000000000]
tmp_985           (call          ) [ 0000000000]
carry_371         (or            ) [ 0000000000]
zext_ln33_43      (zext          ) [ 0000000000]
tempReg_1418      (add           ) [ 0100111100]
tmp_986           (call          ) [ 0000000000]
bit_sel           (bitselect     ) [ 0000000000]
xor_ln95          (xor           ) [ 0000000000]
trunc_ln95_11     (trunc         ) [ 0000000000]
xor_ln95_s        (bitconcatenate) [ 0000000000]
or_ln95_246       (or            ) [ 0000000000]
tmp_1015          (bitselect     ) [ 0000000000]
xor_ln100_246     (xor           ) [ 0000000000]
and_ln39_43       (and           ) [ 0000000000]
borrowReg_323     (or            ) [ 0100111100]
tempReg_1413      (add           ) [ 0100100000]
tmp_987           (call          ) [ 0100100000]
pts_Z_3_load      (load          ) [ 0000000000]
add_ln33_98       (add           ) [ 0100111000]
pts_Z_4_addr      (getelementptr ) [ 0100100000]
tmp_988           (call          ) [ 0000000000]
carry_372         (or            ) [ 0000000000]
zext_ln33_44      (zext          ) [ 0000000000]
tempReg_1414      (add           ) [ 0000000000]
tmp_990           (call          ) [ 0000000000]
pts_Z_4_load      (load          ) [ 0000000000]
add_ln33_100      (add           ) [ 0100011000]
tmp_991           (call          ) [ 0000000000]
carry_373         (or            ) [ 0000000000]
zext_ln33_45      (zext          ) [ 0100010000]
tempReg_1415      (add           ) [ 0100010000]
pts_Z_5_addr      (getelementptr ) [ 0100010000]
pts_Z_6_addr      (getelementptr ) [ 0100010000]
pts_Z_7_addr      (getelementptr ) [ 0100010000]
tmp_989           (call          ) [ 0100001000]
tmp_993           (call          ) [ 0000000000]
pts_Z_5_load      (load          ) [ 0000000000]
add_ln33_102      (add           ) [ 0100001000]
tmp_994           (call          ) [ 0000000000]
carry_374         (or            ) [ 0000000000]
zext_ln33_46      (zext          ) [ 0000000000]
tempReg_1416      (add           ) [ 0000000000]
tmp_996           (call          ) [ 0000000000]
pts_Z_6_load      (load          ) [ 0000000000]
add_ln33_104      (add           ) [ 0100001000]
tmp_997           (call          ) [ 0000000000]
carry_375         (or            ) [ 0100001000]
pts_Z_7_load      (load          ) [ 0100001000]
tempReg_1398      (add           ) [ 0000000000]
zext_ln39         (zext          ) [ 0000000000]
tmp_980           (call          ) [ 0000000000]
sub_ln39          (sub           ) [ 0000000000]
tempReg_1419      (add           ) [ 0100000100]
sub_ln95          (sub           ) [ 0000000000]
or_ln95_247       (or            ) [ 0000000000]
tmp_1016          (bitselect     ) [ 0000000000]
xor_ln100_247     (xor           ) [ 0000000000]
and_ln39_44       (and           ) [ 0000000000]
borrowReg_324     (or            ) [ 0100000110]
tempReg_1420      (add           ) [ 0100000110]
tmp_992           (call          ) [ 0000000000]
sub_ln95_224      (sub           ) [ 0000000000]
or_ln95_248       (or            ) [ 0000000000]
tmp_1017          (bitselect     ) [ 0000000000]
xor_ln100_248     (xor           ) [ 0000000000]
and_ln39_45       (and           ) [ 0000000000]
borrowReg_325     (or            ) [ 0100000110]
tempReg_1421      (add           ) [ 0100000110]
tmp_995           (call          ) [ 0000000000]
sub_ln95_225      (sub           ) [ 0000000000]
or_ln95_249       (or            ) [ 0000000000]
tmp_1018          (bitselect     ) [ 0000000000]
xor_ln100_249     (xor           ) [ 0000000000]
and_ln39_46       (and           ) [ 0000000000]
borrowReg_326     (or            ) [ 0100000111]
zext_ln33_47      (zext          ) [ 0000000000]
tempReg_1422      (add           ) [ 0100000111]
tmp_998           (call          ) [ 0000000000]
sub_ln95_226      (sub           ) [ 0000000000]
or_ln95_250       (or            ) [ 0000000000]
tmp_1019          (bitselect     ) [ 0000000000]
xor_ln100_250     (xor           ) [ 0000000000]
and_ln39_47       (and           ) [ 0000000000]
borrowReg_327     (or            ) [ 0100000111]
add_ln33_105      (add           ) [ 0000000000]
add_ln33_106      (add           ) [ 0000000000]
tempReg_1423      (add           ) [ 0100000111]
tmp_999           (call          ) [ 0000000000]
sub_ln95_227      (sub           ) [ 0000000000]
or_ln95_251       (or            ) [ 0000000000]
tmp_1020          (bitselect     ) [ 0000000000]
xor_ln100_251     (xor           ) [ 0000000000]
and_ln39_48       (and           ) [ 0000000000]
borrowReg_328     (or            ) [ 0100000111]
zext_ln41         (zext          ) [ 0100000100]
select_ln46       (select        ) [ 0000000000]
add_ln46          (add           ) [ 0100000111]
tmp_1000          (call          ) [ 0000000000]
carry_376         (or            ) [ 0000000000]
zext_ln46         (zext          ) [ 0100000100]
tempReg_1424      (add           ) [ 0100000100]
sub_ln46          (sub           ) [ 0100000111]
zext_ln39_43      (zext          ) [ 0000000000]
sub_ln39_36       (sub           ) [ 0000000000]
zext_ln39_44      (zext          ) [ 0000000000]
sub_ln39_37       (sub           ) [ 0000000000]
tmp_1001          (call          ) [ 0000000000]
tmp_1002          (call          ) [ 0000000000]
carry_377         (or            ) [ 0000000000]
zext_ln46_43      (zext          ) [ 0000000000]
tempReg_1425      (add           ) [ 0000000000]
sub_ln46_8        (sub           ) [ 0100000011]
tmp_1003          (call          ) [ 0000000000]
tmp_1004          (call          ) [ 0000000000]
carry_378         (or            ) [ 0000000000]
zext_ln46_44      (zext          ) [ 0100000010]
tempReg_1426      (add           ) [ 0100000010]
select_ln46_36    (select        ) [ 0000000000]
add_ln46_81       (add           ) [ 0100000011]
zext_ln39_45      (zext          ) [ 0000000000]
sub_ln39_38       (sub           ) [ 0000000000]
zext_ln39_46      (zext          ) [ 0000000000]
sub_ln39_39       (sub           ) [ 0000000000]
tmp_1005          (call          ) [ 0000000000]
tmp_1006          (call          ) [ 0000000000]
carry_379         (or            ) [ 0000000000]
zext_ln46_45      (zext          ) [ 0000000000]
tempReg_1427      (add           ) [ 0000000000]
select_ln46_37    (select        ) [ 0000000000]
add_ln46_83       (add           ) [ 0100000001]
tmp_1007          (call          ) [ 0000000000]
tmp_1008          (call          ) [ 0000000000]
carry_380         (or            ) [ 0000000000]
zext_ln46_46      (zext          ) [ 0100000001]
tempReg_1428      (add           ) [ 0100000001]
select_ln46_38    (select        ) [ 0000000000]
add_ln46_85       (add           ) [ 0100000001]
specpipeline_ln22 (specpipeline  ) [ 0000000000]
t1_i_0_addr       (getelementptr ) [ 0000000000]
t1_i_1_addr       (getelementptr ) [ 0000000000]
t1_i_2_addr       (getelementptr ) [ 0000000000]
t1_i_3_addr       (getelementptr ) [ 0000000000]
t1_i_4_addr       (getelementptr ) [ 0000000000]
zext_ln39_47      (zext          ) [ 0000000000]
t1_i_5_addr       (getelementptr ) [ 0000000000]
sub_ln39_40       (sub           ) [ 0000000000]
zext_ln39_48      (zext          ) [ 0000000000]
t1_i_6_addr       (getelementptr ) [ 0000000000]
sub_ln39_41       (sub           ) [ 0000000000]
tmp_1009          (call          ) [ 0000000000]
tmp_1010          (call          ) [ 0000000000]
carry_381         (or            ) [ 0000000000]
zext_ln46_47      (zext          ) [ 0000000000]
tempReg_1429      (add           ) [ 0000000000]
select_ln46_39    (select        ) [ 0000000000]
add_ln46_87       (add           ) [ 0000000000]
tmp_1011          (call          ) [ 0000000000]
tmp_1012          (call          ) [ 0000000000]
carry_382         (or            ) [ 0000000000]
select_ln46_40    (select        ) [ 0000000000]
tmp4              (bitconcatenate) [ 0000000000]
zext_ln46_48      (zext          ) [ 0000000000]
add_ln46_88       (add           ) [ 0000000000]
store_ln46        (store         ) [ 0000000000]
store_ln46        (store         ) [ 0000000000]
store_ln46        (store         ) [ 0000000000]
store_ln46        (store         ) [ 0000000000]
store_ln46        (store         ) [ 0000000000]
store_ln46        (store         ) [ 0000000000]
store_ln46        (store         ) [ 0000000000]
t1_i_7_addr       (getelementptr ) [ 0000000000]
store_ln46        (store         ) [ 0000000000]
ret_ln48          (ret           ) [ 0000000000]
</LifeTime>

<model>

<comp_list>
<comp id="0" class="1000" name="a_read">
<pin_list>
<pin id="1" dir="1" index="0" bw="1" slack="0"/>
</pin_list>
<bind>
<StgValue><ssdm name="a_read"/></StgValue>
</bind>
</comp>

<comp id="2" class="1000" name="a_read_498">
<pin_list>
<pin id="3" dir="1" index="0" bw="1" slack="0"/>
</pin_list>
<bind>
<StgValue><ssdm name="a_read_498"/></StgValue>
</bind>
</comp>

<comp id="4" class="1000" name="a_read_499">
<pin_list>
<pin id="5" dir="1" index="0" bw="1" slack="0"/>
</pin_list>
<bind>
<StgValue><ssdm name="a_read_499"/></StgValue>
</bind>
</comp>

<comp id="6" class="1000" name="a_read_500">
<pin_list>
<pin id="7" dir="1" index="0" bw="1" slack="0"/>
</pin_list>
<bind>
<StgValue><ssdm name="a_read_500"/></StgValue>
</bind>
</comp>

<comp id="8" class="1000" name="a_read_501">
<pin_list>
<pin id="9" dir="1" index="0" bw="1" slack="0"/>
</pin_list>
<bind>
<StgValue><ssdm name="a_read_501"/></StgValue>
</bind>
</comp>

<comp id="10" class="1000" name="a_read_502">
<pin_list>
<pin id="11" dir="1" index="0" bw="1" slack="0"/>
</pin_list>
<bind>
<StgValue><ssdm name="a_read_502"/></StgValue>
</bind>
</comp>

<comp id="12" class="1000" name="a_read_503">
<pin_list>
<pin id="13" dir="1" index="0" bw="1" slack="0"/>
</pin_list>
<bind>
<StgValue><ssdm name="a_read_503"/></StgValue>
</bind>
</comp>

<comp id="14" class="1000" name="a_read_504">
<pin_list>
<pin id="15" dir="1" index="0" bw="1" slack="0"/>
</pin_list>
<bind>
<StgValue><ssdm name="a_read_504"/></StgValue>
</bind>
</comp>

<comp id="16" class="1000" name="pts_Z_0">
<pin_list>
<pin id="17" dir="1" index="0" bw="1" slack="0"/>
</pin_list>
<bind>
<StgValue><ssdm name="pts_Z_0"/><MemPortTyVec>1 3 </MemPortTyVec>
</StgValue>
</bind>
</comp>

<comp id="18" class="1000" name="b_0">
<pin_list>
<pin id="19" dir="1" index="0" bw="1" slack="0"/>
</pin_list>
<bind>
<StgValue><ssdm name="b_0"/></StgValue>
</bind>
</comp>

<comp id="20" class="1000" name="pts_Z_1">
<pin_list>
<pin id="21" dir="1" index="0" bw="1" slack="0"/>
</pin_list>
<bind>
<StgValue><ssdm name="pts_Z_1"/><MemPortTyVec>1 3 </MemPortTyVec>
</StgValue>
</bind>
</comp>

<comp id="22" class="1000" name="pts_Z_2">
<pin_list>
<pin id="23" dir="1" index="0" bw="1" slack="0"/>
</pin_list>
<bind>
<StgValue><ssdm name="pts_Z_2"/><MemPortTyVec>1 3 </MemPortTyVec>
</StgValue>
</bind>
</comp>

<comp id="24" class="1000" name="pts_Z_3">
<pin_list>
<pin id="25" dir="1" index="0" bw="1" slack="0"/>
</pin_list>
<bind>
<StgValue><ssdm name="pts_Z_3"/><MemPortTyVec>1 3 </MemPortTyVec>
</StgValue>
</bind>
</comp>

<comp id="26" class="1000" name="pts_Z_4">
<pin_list>
<pin id="27" dir="1" index="0" bw="1" slack="0"/>
</pin_list>
<bind>
<StgValue><ssdm name="pts_Z_4"/><MemPortTyVec>1 3 </MemPortTyVec>
</StgValue>
</bind>
</comp>

<comp id="28" class="1000" name="pts_Z_5">
<pin_list>
<pin id="29" dir="1" index="0" bw="1" slack="0"/>
</pin_list>
<bind>
<StgValue><ssdm name="pts_Z_5"/><MemPortTyVec>1 3 </MemPortTyVec>
</StgValue>
</bind>
</comp>

<comp id="30" class="1000" name="pts_Z_6">
<pin_list>
<pin id="31" dir="1" index="0" bw="1" slack="0"/>
</pin_list>
<bind>
<StgValue><ssdm name="pts_Z_6"/><MemPortTyVec>1 3 </MemPortTyVec>
</StgValue>
</bind>
</comp>

<comp id="32" class="1000" name="pts_Z_7">
<pin_list>
<pin id="33" dir="1" index="0" bw="1" slack="0"/>
</pin_list>
<bind>
<StgValue><ssdm name="pts_Z_7"/><MemPortTyVec>1 3 </MemPortTyVec>
</StgValue>
</bind>
</comp>

<comp id="34" class="1000" name="t1_i_0">
<pin_list>
<pin id="35" dir="1" index="0" bw="1" slack="0"/>
</pin_list>
<bind>
<StgValue><ssdm name="t1_i_0"/><MemPortTyVec>0 3 </MemPortTyVec>
</StgValue>
</bind>
</comp>

<comp id="36" class="1000" name="t1_i_1">
<pin_list>
<pin id="37" dir="1" index="0" bw="1" slack="0"/>
</pin_list>
<bind>
<StgValue><ssdm name="t1_i_1"/><MemPortTyVec>0 3 </MemPortTyVec>
</StgValue>
</bind>
</comp>

<comp id="38" class="1000" name="t1_i_2">
<pin_list>
<pin id="39" dir="1" index="0" bw="1" slack="0"/>
</pin_list>
<bind>
<StgValue><ssdm name="t1_i_2"/><MemPortTyVec>0 3 </MemPortTyVec>
</StgValue>
</bind>
</comp>

<comp id="40" class="1000" name="t1_i_3">
<pin_list>
<pin id="41" dir="1" index="0" bw="1" slack="0"/>
</pin_list>
<bind>
<StgValue><ssdm name="t1_i_3"/><MemPortTyVec>0 3 </MemPortTyVec>
</StgValue>
</bind>
</comp>

<comp id="42" class="1000" name="t1_i_4">
<pin_list>
<pin id="43" dir="1" index="0" bw="1" slack="0"/>
</pin_list>
<bind>
<StgValue><ssdm name="t1_i_4"/><MemPortTyVec>0 3 </MemPortTyVec>
</StgValue>
</bind>
</comp>

<comp id="44" class="1000" name="t1_i_5">
<pin_list>
<pin id="45" dir="1" index="0" bw="1" slack="0"/>
</pin_list>
<bind>
<StgValue><ssdm name="t1_i_5"/><MemPortTyVec>0 3 </MemPortTyVec>
</StgValue>
</bind>
</comp>

<comp id="46" class="1000" name="t1_i_6">
<pin_list>
<pin id="47" dir="1" index="0" bw="1" slack="0"/>
</pin_list>
<bind>
<StgValue><ssdm name="t1_i_6"/><MemPortTyVec>0 3 </MemPortTyVec>
</StgValue>
</bind>
</comp>

<comp id="48" class="1000" name="t1_i_7">
<pin_list>
<pin id="49" dir="1" index="0" bw="1" slack="0"/>
</pin_list>
<bind>
<StgValue><ssdm name="t1_i_7"/><MemPortTyVec>0 3 </MemPortTyVec>
</StgValue>
</bind>
</comp>

<comp id="50" class="1001" name="const_50">
<pin_list>
<pin id="51" dir="1" index="0" bw="1" slack="0"/>
</pin_list>
<bind>
<StgValue><ssdm name="_ssdm_op_Read.ap_auto.i8"/></StgValue>
</bind>
</comp>

<comp id="52" class="1001" name="const_52">
<pin_list>
<pin id="53" dir="1" index="0" bw="1" slack="0"/>
</pin_list>
<bind>
<StgValue><ssdm name="_ssdm_op_Read.ap_auto.i64"/></StgValue>
</bind>
</comp>

<comp id="54" class="1001" name="const_54">
<pin_list>
<pin id="55" dir="1" index="0" bw="1" slack="0"/>
</pin_list>
<bind>
<StgValue><ssdm name="_ssdm_op_PartSelect.i4.i8.i32.i32"/></StgValue>
</bind>
</comp>

<comp id="56" class="1001" name="const_56">
<pin_list>
<pin id="57" dir="1" index="0" bw="1" slack="0"/>
</pin_list>
<bind>
<StgValue><ssdm name=""/></StgValue>
</bind>
</comp>

<comp id="58" class="1001" name="const_58">
<pin_list>
<pin id="59" dir="1" index="0" bw="1" slack="0"/>
</pin_list>
<bind>
<StgValue><ssdm name=""/></StgValue>
</bind>
</comp>

<comp id="60" class="1001" name="const_60">
<pin_list>
<pin id="61" dir="1" index="0" bw="1" slack="0"/>
</pin_list>
<bind>
<StgValue><ssdm name=""/></StgValue>
</bind>
</comp>

<comp id="62" class="1001" name="const_62">
<pin_list>
<pin id="63" dir="1" index="0" bw="1" slack="0"/>
</pin_list>
<bind>
<StgValue><ssdm name="is_digit_lessthan_ct"/></StgValue>
</bind>
</comp>

<comp id="64" class="1001" name="const_64">
<pin_list>
<pin id="65" dir="1" index="0" bw="1" slack="0"/>
</pin_list>
<bind>
<StgValue><ssdm name=""/></StgValue>
</bind>
</comp>

<comp id="66" class="1001" name="const_66">
<pin_list>
<pin id="67" dir="1" index="0" bw="1" slack="0"/>
</pin_list>
<bind>
<StgValue><ssdm name=""/></StgValue>
</bind>
</comp>

<comp id="68" class="1001" name="const_68">
<pin_list>
<pin id="69" dir="1" index="0" bw="1" slack="0"/>
</pin_list>
<bind>
<StgValue><ssdm name=""/></StgValue>
</bind>
</comp>

<comp id="70" class="1001" name="const_70">
<pin_list>
<pin id="71" dir="1" index="0" bw="1" slack="0"/>
</pin_list>
<bind>
<StgValue><ssdm name="_ssdm_op_BitSelect.i1.i64.i64"/></StgValue>
</bind>
</comp>

<comp id="72" class="1001" name="const_72">
<pin_list>
<pin id="73" dir="1" index="0" bw="1" slack="0"/>
</pin_list>
<bind>
<StgValue><ssdm name=""/></StgValue>
</bind>
</comp>

<comp id="74" class="1001" name="const_74">
<pin_list>
<pin id="75" dir="1" index="0" bw="1" slack="0"/>
</pin_list>
<bind>
<StgValue><ssdm name=""/></StgValue>
</bind>
</comp>

<comp id="76" class="1001" name="const_76">
<pin_list>
<pin id="77" dir="1" index="0" bw="1" slack="0"/>
</pin_list>
<bind>
<StgValue><ssdm name="_ssdm_op_BitConcatenate.i64.i1.i63"/></StgValue>
</bind>
</comp>

<comp id="78" class="1001" name="const_78">
<pin_list>
<pin id="79" dir="1" index="0" bw="1" slack="0"/>
</pin_list>
<bind>
<StgValue><ssdm name="_ssdm_op_BitSelect.i1.i64.i32"/></StgValue>
</bind>
</comp>

<comp id="80" class="1001" name="const_80">
<pin_list>
<pin id="81" dir="1" index="0" bw="1" slack="0"/>
</pin_list>
<bind>
<StgValue><ssdm name=""/></StgValue>
</bind>
</comp>

<comp id="82" class="1001" name="const_82">
<pin_list>
<pin id="83" dir="1" index="0" bw="1" slack="0"/>
</pin_list>
<bind>
<StgValue><ssdm name=""/></StgValue>
</bind>
</comp>

<comp id="84" class="1001" name="const_84">
<pin_list>
<pin id="85" dir="1" index="0" bw="1" slack="0"/>
</pin_list>
<bind>
<StgValue><ssdm name=""/></StgValue>
</bind>
</comp>

<comp id="86" class="1001" name="const_86">
<pin_list>
<pin id="87" dir="1" index="0" bw="1" slack="0"/>
</pin_list>
<bind>
<StgValue><ssdm name=""/></StgValue>
</bind>
</comp>

<comp id="88" class="1001" name="const_88">
<pin_list>
<pin id="89" dir="1" index="0" bw="1" slack="0"/>
</pin_list>
<bind>
<StgValue><ssdm name=""/></StgValue>
</bind>
</comp>

<comp id="90" class="1001" name="const_90">
<pin_list>
<pin id="91" dir="1" index="0" bw="1" slack="0"/>
</pin_list>
<bind>
<StgValue><ssdm name=""/></StgValue>
</bind>
</comp>

<comp id="92" class="1001" name="const_92">
<pin_list>
<pin id="93" dir="1" index="0" bw="1" slack="0"/>
</pin_list>
<bind>
<StgValue><ssdm name=""/></StgValue>
</bind>
</comp>

<comp id="94" class="1001" name="const_94">
<pin_list>
<pin id="95" dir="1" index="0" bw="1" slack="0"/>
</pin_list>
<bind>
<StgValue><ssdm name=""/></StgValue>
</bind>
</comp>

<comp id="96" class="1001" name="const_96">
<pin_list>
<pin id="97" dir="1" index="0" bw="1" slack="0"/>
</pin_list>
<bind>
<StgValue><ssdm name=""/></StgValue>
</bind>
</comp>

<comp id="98" class="1001" name="const_98">
<pin_list>
<pin id="99" dir="1" index="0" bw="1" slack="0"/>
</pin_list>
<bind>
<StgValue><ssdm name=""/></StgValue>
</bind>
</comp>

<comp id="100" class="1001" name="const_100">
<pin_list>
<pin id="101" dir="1" index="0" bw="1" slack="0"/>
</pin_list>
<bind>
<StgValue><ssdm name=""/></StgValue>
</bind>
</comp>

<comp id="102" class="1001" name="const_102">
<pin_list>
<pin id="103" dir="1" index="0" bw="1" slack="0"/>
</pin_list>
<bind>
<StgValue><ssdm name=""/></StgValue>
</bind>
</comp>

<comp id="104" class="1001" name="const_104">
<pin_list>
<pin id="105" dir="1" index="0" bw="1" slack="2147483647"/>
</pin_list>
<bind>
<StgValue><ssdm name="_ssdm_op_SpecPipeline"/></StgValue>
</bind>
</comp>

<comp id="106" class="1001" name="const_106">
<pin_list>
<pin id="107" dir="1" index="0" bw="1" slack="2147483647"/>
</pin_list>
<bind>
<StgValue><ssdm name=""/></StgValue>
</bind>
</comp>

<comp id="108" class="1001" name="const_108">
<pin_list>
<pin id="109" dir="1" index="0" bw="1" slack="2147483647"/>
</pin_list>
<bind>
<StgValue><ssdm name=""/></StgValue>
</bind>
</comp>

<comp id="110" class="1001" name="const_110">
<pin_list>
<pin id="111" dir="1" index="0" bw="1" slack="2147483647"/>
</pin_list>
<bind>
<StgValue><ssdm name="empty_34"/></StgValue>
</bind>
</comp>

<comp id="112" class="1001" name="const_112">
<pin_list>
<pin id="113" dir="1" index="0" bw="1" slack="0"/>
</pin_list>
<bind>
<StgValue><ssdm name=""/></StgValue>
</bind>
</comp>

<comp id="114" class="1001" name="const_114">
<pin_list>
<pin id="115" dir="1" index="0" bw="1" slack="0"/>
</pin_list>
<bind>
<StgValue><ssdm name=""/></StgValue>
</bind>
</comp>

<comp id="116" class="1001" name="const_116">
<pin_list>
<pin id="117" dir="1" index="0" bw="1" slack="0"/>
</pin_list>
<bind>
<StgValue><ssdm name="_ssdm_op_BitConcatenate.i56.i55.i1"/></StgValue>
</bind>
</comp>

<comp id="118" class="1004" name="b_0_read_read_fu_118">
<pin_list>
<pin id="119" dir="0" index="0" bw="8" slack="0"/>
<pin id="120" dir="0" index="1" bw="8" slack="0"/>
<pin id="121" dir="1" index="2" bw="8" slack="0"/>
</pin_list>
<bind>
<opcode="read(1150) " fcode="read"/>
<opset="b_0_read/1 "/>
</bind>
</comp>

<comp id="124" class="1004" name="a_read_484_read_fu_124">
<pin_list>
<pin id="125" dir="0" index="0" bw="64" slack="0"/>
<pin id="126" dir="0" index="1" bw="64" slack="0"/>
<pin id="127" dir="1" index="2" bw="64" slack="5"/>
</pin_list>
<bind>
<opcode="read(1150) " fcode="read"/>
<opset="a_read_484/1 "/>
</bind>
</comp>

<comp id="130" class="1004" name="a_read_485_read_fu_130">
<pin_list>
<pin id="131" dir="0" index="0" bw="64" slack="0"/>
<pin id="132" dir="0" index="1" bw="64" slack="0"/>
<pin id="133" dir="1" index="2" bw="64" slack="4"/>
</pin_list>
<bind>
<opcode="read(1150) " fcode="read"/>
<opset="a_read_485/1 "/>
</bind>
</comp>

<comp id="136" class="1004" name="a_read_486_read_fu_136">
<pin_list>
<pin id="137" dir="0" index="0" bw="64" slack="0"/>
<pin id="138" dir="0" index="1" bw="64" slack="0"/>
<pin id="139" dir="1" index="2" bw="64" slack="3"/>
</pin_list>
<bind>
<opcode="read(1150) " fcode="read"/>
<opset="a_read_486/1 "/>
</bind>
</comp>

<comp id="142" class="1004" name="a_read_487_read_fu_142">
<pin_list>
<pin id="143" dir="0" index="0" bw="64" slack="0"/>
<pin id="144" dir="0" index="1" bw="64" slack="0"/>
<pin id="145" dir="1" index="2" bw="64" slack="3"/>
</pin_list>
<bind>
<opcode="read(1150) " fcode="read"/>
<opset="a_read_487/1 "/>
</bind>
</comp>

<comp id="148" class="1004" name="a_read_488_read_fu_148">
<pin_list>
<pin id="149" dir="0" index="0" bw="64" slack="0"/>
<pin id="150" dir="0" index="1" bw="64" slack="0"/>
<pin id="151" dir="1" index="2" bw="64" slack="2"/>
</pin_list>
<bind>
<opcode="read(1150) " fcode="read"/>
<opset="a_read_488/1 "/>
</bind>
</comp>

<comp id="154" class="1004" name="a_read_489_read_fu_154">
<pin_list>
<pin id="155" dir="0" index="0" bw="64" slack="0"/>
<pin id="156" dir="0" index="1" bw="64" slack="0"/>
<pin id="157" dir="1" index="2" bw="64" slack="2"/>
</pin_list>
<bind>
<opcode="read(1150) " fcode="read"/>
<opset="a_read_489/1 "/>
</bind>
</comp>

<comp id="160" class="1004" name="a_read_490_read_fu_160">
<pin_list>
<pin id="161" dir="0" index="0" bw="64" slack="0"/>
<pin id="162" dir="0" index="1" bw="64" slack="0"/>
<pin id="163" dir="1" index="2" bw="64" slack="1"/>
</pin_list>
<bind>
<opcode="read(1150) " fcode="read"/>
<opset="a_read_490/1 "/>
</bind>
</comp>

<comp id="166" class="1004" name="a_read103_read_fu_166">
<pin_list>
<pin id="167" dir="0" index="0" bw="64" slack="0"/>
<pin id="168" dir="0" index="1" bw="64" slack="0"/>
<pin id="169" dir="1" index="2" bw="64" slack="1"/>
</pin_list>
<bind>
<opcode="read(1150) " fcode="read"/>
<opset="a_read103/1 "/>
</bind>
</comp>

<comp id="172" class="1004" name="pts_Z_0_addr_gep_fu_172">
<pin_list>
<pin id="173" dir="0" index="0" bw="64" slack="0"/>
<pin id="174" dir="0" index="1" bw="1" slack="0"/>
<pin id="175" dir="0" index="2" bw="4" slack="0"/>
<pin id="176" dir="1" index="3" bw="4" slack="0"/>
</pin_list>
<bind>
<opcode="getelementptr(29) " fcode="getelementptr"/>
<opset="pts_Z_0_addr/1 "/>
</bind>
</comp>

<comp id="179" class="1004" name="grp_access_fu_179">
<pin_list>
<pin id="180" dir="0" index="0" bw="4" slack="0"/>
<pin id="181" dir="0" index="1" bw="64" slack="2147483647"/>
<pin id="182" dir="0" index="2" bw="0" slack="2147483647"/>
<pin id="183" dir="1" index="3" bw="64" slack="0"/>
</pin_list>
<bind>
<opcode="load(27) " fcode="load"/>
<opset="pts_Z_0_load/1 "/>
</bind>
</comp>

<comp id="185" class="1004" name="pts_Z_1_addr_gep_fu_185">
<pin_list>
<pin id="186" dir="0" index="0" bw="64" slack="0"/>
<pin id="187" dir="0" index="1" bw="1" slack="0"/>
<pin id="188" dir="0" index="2" bw="4" slack="0"/>
<pin id="189" dir="1" index="3" bw="4" slack="0"/>
</pin_list>
<bind>
<opcode="getelementptr(29) " fcode="getelementptr"/>
<opset="pts_Z_1_addr/1 "/>
</bind>
</comp>

<comp id="192" class="1004" name="grp_access_fu_192">
<pin_list>
<pin id="193" dir="0" index="0" bw="4" slack="0"/>
<pin id="194" dir="0" index="1" bw="64" slack="2147483647"/>
<pin id="195" dir="0" index="2" bw="0" slack="2147483647"/>
<pin id="196" dir="1" index="3" bw="64" slack="0"/>
</pin_list>
<bind>
<opcode="load(27) " fcode="load"/>
<opset="pts_Z_1_load/1 "/>
</bind>
</comp>

<comp id="198" class="1004" name="pts_Z_2_addr_gep_fu_198">
<pin_list>
<pin id="199" dir="0" index="0" bw="64" slack="0"/>
<pin id="200" dir="0" index="1" bw="1" slack="0"/>
<pin id="201" dir="0" index="2" bw="4" slack="1"/>
<pin id="202" dir="1" index="3" bw="4" slack="0"/>
</pin_list>
<bind>
<opcode="getelementptr(29) " fcode="getelementptr"/>
<opset="pts_Z_2_addr/2 "/>
</bind>
</comp>

<comp id="205" class="1004" name="grp_access_fu_205">
<pin_list>
<pin id="206" dir="0" index="0" bw="4" slack="0"/>
<pin id="207" dir="0" index="1" bw="64" slack="2147483647"/>
<pin id="208" dir="0" index="2" bw="0" slack="2147483647"/>
<pin id="209" dir="1" index="3" bw="64" slack="0"/>
</pin_list>
<bind>
<opcode="load(27) " fcode="load"/>
<opset="pts_Z_2_load/2 "/>
</bind>
</comp>

<comp id="211" class="1004" name="pts_Z_3_addr_gep_fu_211">
<pin_list>
<pin id="212" dir="0" index="0" bw="64" slack="0"/>
<pin id="213" dir="0" index="1" bw="1" slack="0"/>
<pin id="214" dir="0" index="2" bw="4" slack="1"/>
<pin id="215" dir="1" index="3" bw="4" slack="0"/>
</pin_list>
<bind>
<opcode="getelementptr(29) " fcode="getelementptr"/>
<opset="pts_Z_3_addr/2 "/>
</bind>
</comp>

<comp id="218" class="1004" name="grp_access_fu_218">
<pin_list>
<pin id="219" dir="0" index="0" bw="4" slack="0"/>
<pin id="220" dir="0" index="1" bw="64" slack="2147483647"/>
<pin id="221" dir="0" index="2" bw="0" slack="2147483647"/>
<pin id="222" dir="1" index="3" bw="64" slack="0"/>
</pin_list>
<bind>
<opcode="load(27) " fcode="load"/>
<opset="pts_Z_3_load/2 "/>
</bind>
</comp>

<comp id="224" class="1004" name="pts_Z_4_addr_gep_fu_224">
<pin_list>
<pin id="225" dir="0" index="0" bw="64" slack="0"/>
<pin id="226" dir="0" index="1" bw="1" slack="0"/>
<pin id="227" dir="0" index="2" bw="4" slack="2"/>
<pin id="228" dir="1" index="3" bw="4" slack="0"/>
</pin_list>
<bind>
<opcode="getelementptr(29) " fcode="getelementptr"/>
<opset="pts_Z_4_addr/3 "/>
</bind>
</comp>

<comp id="231" class="1004" name="grp_access_fu_231">
<pin_list>
<pin id="232" dir="0" index="0" bw="4" slack="0"/>
<pin id="233" dir="0" index="1" bw="64" slack="2147483647"/>
<pin id="234" dir="0" index="2" bw="0" slack="2147483647"/>
<pin id="235" dir="1" index="3" bw="64" slack="0"/>
</pin_list>
<bind>
<opcode="load(27) " fcode="load"/>
<opset="pts_Z_4_load/3 "/>
</bind>
</comp>

<comp id="237" class="1004" name="pts_Z_5_addr_gep_fu_237">
<pin_list>
<pin id="238" dir="0" index="0" bw="64" slack="0"/>
<pin id="239" dir="0" index="1" bw="1" slack="0"/>
<pin id="240" dir="0" index="2" bw="4" slack="3"/>
<pin id="241" dir="1" index="3" bw="4" slack="0"/>
</pin_list>
<bind>
<opcode="getelementptr(29) " fcode="getelementptr"/>
<opset="pts_Z_5_addr/4 "/>
</bind>
</comp>

<comp id="244" class="1004" name="grp_access_fu_244">
<pin_list>
<pin id="245" dir="0" index="0" bw="4" slack="0"/>
<pin id="246" dir="0" index="1" bw="64" slack="2147483647"/>
<pin id="247" dir="0" index="2" bw="0" slack="2147483647"/>
<pin id="248" dir="1" index="3" bw="64" slack="0"/>
</pin_list>
<bind>
<opcode="load(27) " fcode="load"/>
<opset="pts_Z_5_load/4 "/>
</bind>
</comp>

<comp id="250" class="1004" name="pts_Z_6_addr_gep_fu_250">
<pin_list>
<pin id="251" dir="0" index="0" bw="64" slack="0"/>
<pin id="252" dir="0" index="1" bw="1" slack="0"/>
<pin id="253" dir="0" index="2" bw="4" slack="3"/>
<pin id="254" dir="1" index="3" bw="4" slack="0"/>
</pin_list>
<bind>
<opcode="getelementptr(29) " fcode="getelementptr"/>
<opset="pts_Z_6_addr/4 "/>
</bind>
</comp>

<comp id="257" class="1004" name="grp_access_fu_257">
<pin_list>
<pin id="258" dir="0" index="0" bw="4" slack="0"/>
<pin id="259" dir="0" index="1" bw="64" slack="2147483647"/>
<pin id="260" dir="0" index="2" bw="0" slack="2147483647"/>
<pin id="261" dir="1" index="3" bw="64" slack="0"/>
</pin_list>
<bind>
<opcode="load(27) " fcode="load"/>
<opset="pts_Z_6_load/4 "/>
</bind>
</comp>

<comp id="263" class="1004" name="pts_Z_7_addr_gep_fu_263">
<pin_list>
<pin id="264" dir="0" index="0" bw="64" slack="0"/>
<pin id="265" dir="0" index="1" bw="1" slack="0"/>
<pin id="266" dir="0" index="2" bw="4" slack="3"/>
<pin id="267" dir="1" index="3" bw="4" slack="0"/>
</pin_list>
<bind>
<opcode="getelementptr(29) " fcode="getelementptr"/>
<opset="pts_Z_7_addr/4 "/>
</bind>
</comp>

<comp id="270" class="1004" name="grp_access_fu_270">
<pin_list>
<pin id="271" dir="0" index="0" bw="4" slack="0"/>
<pin id="272" dir="0" index="1" bw="64" slack="2147483647"/>
<pin id="273" dir="0" index="2" bw="0" slack="2147483647"/>
<pin id="274" dir="1" index="3" bw="64" slack="1"/>
</pin_list>
<bind>
<opcode="load(27) " fcode="load"/>
<opset="pts_Z_7_load/4 "/>
</bind>
</comp>

<comp id="276" class="1004" name="t1_i_0_addr_gep_fu_276">
<pin_list>
<pin id="277" dir="0" index="0" bw="64" slack="0"/>
<pin id="278" dir="0" index="1" bw="1" slack="0"/>
<pin id="279" dir="0" index="2" bw="1" slack="0"/>
<pin id="280" dir="1" index="3" bw="1" slack="0"/>
</pin_list>
<bind>
<opcode="getelementptr(29) " fcode="getelementptr"/>
<opset="t1_i_0_addr/9 "/>
</bind>
</comp>

<comp id="284" class="1004" name="t1_i_1_addr_gep_fu_284">
<pin_list>
<pin id="285" dir="0" index="0" bw="64" slack="0"/>
<pin id="286" dir="0" index="1" bw="1" slack="0"/>
<pin id="287" dir="0" index="2" bw="1" slack="0"/>
<pin id="288" dir="1" index="3" bw="1" slack="0"/>
</pin_list>
<bind>
<opcode="getelementptr(29) " fcode="getelementptr"/>
<opset="t1_i_1_addr/9 "/>
</bind>
</comp>

<comp id="292" class="1004" name="t1_i_2_addr_gep_fu_292">
<pin_list>
<pin id="293" dir="0" index="0" bw="64" slack="0"/>
<pin id="294" dir="0" index="1" bw="1" slack="0"/>
<pin id="295" dir="0" index="2" bw="1" slack="0"/>
<pin id="296" dir="1" index="3" bw="1" slack="0"/>
</pin_list>
<bind>
<opcode="getelementptr(29) " fcode="getelementptr"/>
<opset="t1_i_2_addr/9 "/>
</bind>
</comp>

<comp id="300" class="1004" name="t1_i_3_addr_gep_fu_300">
<pin_list>
<pin id="301" dir="0" index="0" bw="64" slack="0"/>
<pin id="302" dir="0" index="1" bw="1" slack="0"/>
<pin id="303" dir="0" index="2" bw="1" slack="0"/>
<pin id="304" dir="1" index="3" bw="1" slack="0"/>
</pin_list>
<bind>
<opcode="getelementptr(29) " fcode="getelementptr"/>
<opset="t1_i_3_addr/9 "/>
</bind>
</comp>

<comp id="308" class="1004" name="t1_i_4_addr_gep_fu_308">
<pin_list>
<pin id="309" dir="0" index="0" bw="64" slack="0"/>
<pin id="310" dir="0" index="1" bw="1" slack="0"/>
<pin id="311" dir="0" index="2" bw="1" slack="0"/>
<pin id="312" dir="1" index="3" bw="1" slack="0"/>
</pin_list>
<bind>
<opcode="getelementptr(29) " fcode="getelementptr"/>
<opset="t1_i_4_addr/9 "/>
</bind>
</comp>

<comp id="316" class="1004" name="t1_i_5_addr_gep_fu_316">
<pin_list>
<pin id="317" dir="0" index="0" bw="64" slack="0"/>
<pin id="318" dir="0" index="1" bw="1" slack="0"/>
<pin id="319" dir="0" index="2" bw="1" slack="0"/>
<pin id="320" dir="1" index="3" bw="1" slack="0"/>
</pin_list>
<bind>
<opcode="getelementptr(29) " fcode="getelementptr"/>
<opset="t1_i_5_addr/9 "/>
</bind>
</comp>

<comp id="324" class="1004" name="t1_i_6_addr_gep_fu_324">
<pin_list>
<pin id="325" dir="0" index="0" bw="64" slack="0"/>
<pin id="326" dir="0" index="1" bw="1" slack="0"/>
<pin id="327" dir="0" index="2" bw="1" slack="0"/>
<pin id="328" dir="1" index="3" bw="1" slack="0"/>
</pin_list>
<bind>
<opcode="getelementptr(29) " fcode="getelementptr"/>
<opset="t1_i_6_addr/9 "/>
</bind>
</comp>

<comp id="332" class="1004" name="store_ln46_access_fu_332">
<pin_list>
<pin id="333" dir="0" index="0" bw="1" slack="0"/>
<pin id="334" dir="0" index="1" bw="64" slack="3"/>
<pin id="335" dir="0" index="2" bw="0" slack="2147483647"/>
<pin id="336" dir="1" index="3" bw="64" slack="2147483647"/>
</pin_list>
<bind>
<opcode="store(28) " fcode="store"/>
<opset="store_ln46/9 "/>
</bind>
</comp>

<comp id="338" class="1004" name="store_ln46_access_fu_338">
<pin_list>
<pin id="339" dir="0" index="0" bw="1" slack="0"/>
<pin id="340" dir="0" index="1" bw="64" slack="3"/>
<pin id="341" dir="0" index="2" bw="0" slack="2147483647"/>
<pin id="342" dir="1" index="3" bw="64" slack="2147483647"/>
</pin_list>
<bind>
<opcode="store(28) " fcode="store"/>
<opset="store_ln46/9 "/>
</bind>
</comp>

<comp id="344" class="1004" name="store_ln46_access_fu_344">
<pin_list>
<pin id="345" dir="0" index="0" bw="1" slack="0"/>
<pin id="346" dir="0" index="1" bw="64" slack="2"/>
<pin id="347" dir="0" index="2" bw="0" slack="2147483647"/>
<pin id="348" dir="1" index="3" bw="64" slack="2147483647"/>
</pin_list>
<bind>
<opcode="store(28) " fcode="store"/>
<opset="store_ln46/9 "/>
</bind>
</comp>

<comp id="350" class="1004" name="store_ln46_access_fu_350">
<pin_list>
<pin id="351" dir="0" index="0" bw="1" slack="0"/>
<pin id="352" dir="0" index="1" bw="64" slack="2"/>
<pin id="353" dir="0" index="2" bw="0" slack="2147483647"/>
<pin id="354" dir="1" index="3" bw="64" slack="2147483647"/>
</pin_list>
<bind>
<opcode="store(28) " fcode="store"/>
<opset="store_ln46/9 "/>
</bind>
</comp>

<comp id="356" class="1004" name="store_ln46_access_fu_356">
<pin_list>
<pin id="357" dir="0" index="0" bw="1" slack="0"/>
<pin id="358" dir="0" index="1" bw="64" slack="1"/>
<pin id="359" dir="0" index="2" bw="0" slack="2147483647"/>
<pin id="360" dir="1" index="3" bw="64" slack="2147483647"/>
</pin_list>
<bind>
<opcode="store(28) " fcode="store"/>
<opset="store_ln46/9 "/>
</bind>
</comp>

<comp id="362" class="1004" name="store_ln46_access_fu_362">
<pin_list>
<pin id="363" dir="0" index="0" bw="1" slack="0"/>
<pin id="364" dir="0" index="1" bw="64" slack="1"/>
<pin id="365" dir="0" index="2" bw="0" slack="2147483647"/>
<pin id="366" dir="1" index="3" bw="64" slack="2147483647"/>
</pin_list>
<bind>
<opcode="store(28) " fcode="store"/>
<opset="store_ln46/9 "/>
</bind>
</comp>

<comp id="368" class="1004" name="store_ln46_access_fu_368">
<pin_list>
<pin id="369" dir="0" index="0" bw="1" slack="0"/>
<pin id="370" dir="0" index="1" bw="64" slack="0"/>
<pin id="371" dir="0" index="2" bw="0" slack="2147483647"/>
<pin id="372" dir="1" index="3" bw="64" slack="2147483647"/>
</pin_list>
<bind>
<opcode="store(28) " fcode="store"/>
<opset="store_ln46/9 "/>
</bind>
</comp>

<comp id="374" class="1004" name="t1_i_7_addr_gep_fu_374">
<pin_list>
<pin id="375" dir="0" index="0" bw="64" slack="0"/>
<pin id="376" dir="0" index="1" bw="1" slack="0"/>
<pin id="377" dir="0" index="2" bw="1" slack="0"/>
<pin id="378" dir="1" index="3" bw="1" slack="0"/>
</pin_list>
<bind>
<opcode="getelementptr(29) " fcode="getelementptr"/>
<opset="t1_i_7_addr/9 "/>
</bind>
</comp>

<comp id="382" class="1004" name="store_ln46_access_fu_382">
<pin_list>
<pin id="383" dir="0" index="0" bw="1" slack="0"/>
<pin id="384" dir="0" index="1" bw="64" slack="0"/>
<pin id="385" dir="0" index="2" bw="0" slack="2147483647"/>
<pin id="386" dir="1" index="3" bw="64" slack="2147483647"/>
</pin_list>
<bind>
<opcode="store(28) " fcode="store"/>
<opset="store_ln46/9 "/>
</bind>
</comp>

<comp id="388" class="1004" name="tmp_is_digit_lessthan_ct_fu_388">
<pin_list>
<pin id="389" dir="0" index="0" bw="1" slack="0"/>
<pin id="390" dir="0" index="1" bw="64" slack="1"/>
<pin id="391" dir="0" index="2" bw="1" slack="0"/>
<pin id="392" dir="1" index="3" bw="1" slack="0"/>
</pin_list>
<bind>
<opcode="call(48) " fcode="call"/>
<opset="tmp/2 "/>
</bind>
</comp>

<comp id="395" class="1004" name="tmp_s_is_digit_lessthan_ct_fu_395">
<pin_list>
<pin id="396" dir="0" index="0" bw="1" slack="0"/>
<pin id="397" dir="0" index="1" bw="64" slack="0"/>
<pin id="398" dir="0" index="2" bw="64" slack="1"/>
<pin id="399" dir="1" index="3" bw="1" slack="0"/>
</pin_list>
<bind>
<opcode="call(48) " fcode="call"/>
<opset="tmp_s/2 "/>
</bind>
</comp>

<comp id="401" class="1004" name="tmp_981_is_digit_lessthan_ct_fu_401">
<pin_list>
<pin id="402" dir="0" index="0" bw="1" slack="0"/>
<pin id="403" dir="0" index="1" bw="64" slack="0"/>
<pin id="404" dir="0" index="2" bw="1" slack="0"/>
<pin id="405" dir="1" index="3" bw="1" slack="0"/>
</pin_list>
<bind>
<opcode="call(48) " fcode="call"/>
<opset="tmp_981/2 "/>
</bind>
</comp>

<comp id="407" class="1004" name="tmp_982_is_digit_lessthan_ct_fu_407">
<pin_list>
<pin id="408" dir="0" index="0" bw="1" slack="0"/>
<pin id="409" dir="0" index="1" bw="64" slack="0"/>
<pin id="410" dir="0" index="2" bw="64" slack="0"/>
<pin id="411" dir="1" index="3" bw="1" slack="0"/>
</pin_list>
<bind>
<opcode="call(48) " fcode="call"/>
<opset="tmp_982/2 "/>
</bind>
</comp>

<comp id="413" class="1004" name="borrowReg_is_digit_lessthan_ct_fu_413">
<pin_list>
<pin id="414" dir="0" index="0" bw="1" slack="0"/>
<pin id="415" dir="0" index="1" bw="64" slack="1"/>
<pin id="416" dir="0" index="2" bw="2" slack="0"/>
<pin id="417" dir="1" index="3" bw="1" slack="0"/>
</pin_list>
<bind>
<opcode="call(48) " fcode="call"/>
<opset="borrowReg/3 "/>
</bind>
</comp>

<comp id="420" class="1004" name="tmp_983_is_digit_lessthan_ct_fu_420">
<pin_list>
<pin id="421" dir="0" index="0" bw="1" slack="0"/>
<pin id="422" dir="0" index="1" bw="64" slack="1"/>
<pin id="423" dir="0" index="2" bw="1" slack="0"/>
<pin id="424" dir="1" index="3" bw="1" slack="0"/>
</pin_list>
<bind>
<opcode="call(48) " fcode="call"/>
<opset="tmp_983/3 "/>
</bind>
</comp>

<comp id="427" class="1004" name="tmp_984_is_digit_lessthan_ct_fu_427">
<pin_list>
<pin id="428" dir="0" index="0" bw="1" slack="0"/>
<pin id="429" dir="0" index="1" bw="64" slack="0"/>
<pin id="430" dir="0" index="2" bw="1" slack="0"/>
<pin id="431" dir="1" index="3" bw="1" slack="0"/>
</pin_list>
<bind>
<opcode="call(48) " fcode="call"/>
<opset="tmp_984/3 "/>
</bind>
</comp>

<comp id="433" class="1004" name="tmp_985_is_digit_lessthan_ct_fu_433">
<pin_list>
<pin id="434" dir="0" index="0" bw="1" slack="0"/>
<pin id="435" dir="0" index="1" bw="64" slack="0"/>
<pin id="436" dir="0" index="2" bw="64" slack="0"/>
<pin id="437" dir="1" index="3" bw="1" slack="0"/>
</pin_list>
<bind>
<opcode="call(48) " fcode="call"/>
<opset="tmp_985/3 "/>
</bind>
</comp>

<comp id="439" class="1004" name="tmp_986_is_digit_lessthan_ct_fu_439">
<pin_list>
<pin id="440" dir="0" index="0" bw="1" slack="0"/>
<pin id="441" dir="0" index="1" bw="64" slack="0"/>
<pin id="442" dir="0" index="2" bw="1" slack="0"/>
<pin id="443" dir="1" index="3" bw="1" slack="0"/>
</pin_list>
<bind>
<opcode="call(48) " fcode="call"/>
<opset="tmp_986/3 "/>
</bind>
</comp>

<comp id="446" class="1004" name="tmp_987_is_digit_lessthan_ct_fu_446">
<pin_list>
<pin id="447" dir="0" index="0" bw="1" slack="0"/>
<pin id="448" dir="0" index="1" bw="64" slack="0"/>
<pin id="449" dir="0" index="2" bw="1" slack="0"/>
<pin id="450" dir="1" index="3" bw="1" slack="1"/>
</pin_list>
<bind>
<opcode="call(48) " fcode="call"/>
<opset="tmp_987/3 "/>
</bind>
</comp>

<comp id="452" class="1004" name="tmp_988_is_digit_lessthan_ct_fu_452">
<pin_list>
<pin id="453" dir="0" index="0" bw="1" slack="0"/>
<pin id="454" dir="0" index="1" bw="64" slack="1"/>
<pin id="455" dir="0" index="2" bw="64" slack="1"/>
<pin id="456" dir="1" index="3" bw="1" slack="0"/>
</pin_list>
<bind>
<opcode="call(48) " fcode="call"/>
<opset="tmp_988/4 "/>
</bind>
</comp>

<comp id="458" class="1004" name="tmp_990_is_digit_lessthan_ct_fu_458">
<pin_list>
<pin id="459" dir="0" index="0" bw="1" slack="0"/>
<pin id="460" dir="0" index="1" bw="64" slack="0"/>
<pin id="461" dir="0" index="2" bw="1" slack="0"/>
<pin id="462" dir="1" index="3" bw="1" slack="0"/>
</pin_list>
<bind>
<opcode="call(48) " fcode="call"/>
<opset="tmp_990/4 "/>
</bind>
</comp>

<comp id="464" class="1004" name="tmp_991_is_digit_lessthan_ct_fu_464">
<pin_list>
<pin id="465" dir="0" index="0" bw="1" slack="0"/>
<pin id="466" dir="0" index="1" bw="64" slack="0"/>
<pin id="467" dir="0" index="2" bw="64" slack="0"/>
<pin id="468" dir="1" index="3" bw="1" slack="0"/>
</pin_list>
<bind>
<opcode="call(48) " fcode="call"/>
<opset="tmp_991/4 "/>
</bind>
</comp>

<comp id="470" class="1004" name="tmp_989_is_digit_lessthan_ct_fu_470">
<pin_list>
<pin id="471" dir="0" index="0" bw="1" slack="0"/>
<pin id="472" dir="0" index="1" bw="64" slack="2"/>
<pin id="473" dir="0" index="2" bw="64" slack="0"/>
<pin id="474" dir="1" index="3" bw="1" slack="1"/>
</pin_list>
<bind>
<opcode="call(48) " fcode="call"/>
<opset="tmp_989/5 "/>
</bind>
</comp>

<comp id="477" class="1004" name="tmp_993_is_digit_lessthan_ct_fu_477">
<pin_list>
<pin id="478" dir="0" index="0" bw="1" slack="0"/>
<pin id="479" dir="0" index="1" bw="64" slack="1"/>
<pin id="480" dir="0" index="2" bw="1" slack="1"/>
<pin id="481" dir="1" index="3" bw="1" slack="0"/>
</pin_list>
<bind>
<opcode="call(48) " fcode="call"/>
<opset="tmp_993/5 "/>
</bind>
</comp>

<comp id="483" class="1004" name="tmp_994_is_digit_lessthan_ct_fu_483">
<pin_list>
<pin id="484" dir="0" index="0" bw="1" slack="0"/>
<pin id="485" dir="0" index="1" bw="64" slack="0"/>
<pin id="486" dir="0" index="2" bw="64" slack="1"/>
<pin id="487" dir="1" index="3" bw="1" slack="0"/>
</pin_list>
<bind>
<opcode="call(48) " fcode="call"/>
<opset="tmp_994/5 "/>
</bind>
</comp>

<comp id="489" class="1004" name="tmp_996_is_digit_lessthan_ct_fu_489">
<pin_list>
<pin id="490" dir="0" index="0" bw="1" slack="0"/>
<pin id="491" dir="0" index="1" bw="64" slack="0"/>
<pin id="492" dir="0" index="2" bw="1" slack="0"/>
<pin id="493" dir="1" index="3" bw="1" slack="0"/>
</pin_list>
<bind>
<opcode="call(48) " fcode="call"/>
<opset="tmp_996/5 "/>
</bind>
</comp>

<comp id="495" class="1004" name="tmp_997_is_digit_lessthan_ct_fu_495">
<pin_list>
<pin id="496" dir="0" index="0" bw="1" slack="0"/>
<pin id="497" dir="0" index="1" bw="64" slack="0"/>
<pin id="498" dir="0" index="2" bw="64" slack="0"/>
<pin id="499" dir="1" index="3" bw="1" slack="0"/>
</pin_list>
<bind>
<opcode="call(48) " fcode="call"/>
<opset="tmp_997/5 "/>
</bind>
</comp>

<comp id="501" class="1004" name="tmp_980_is_digit_lessthan_ct_fu_501">
<pin_list>
<pin id="502" dir="0" index="0" bw="1" slack="0"/>
<pin id="503" dir="0" index="1" bw="64" slack="0"/>
<pin id="504" dir="0" index="2" bw="1" slack="0"/>
<pin id="505" dir="1" index="3" bw="1" slack="0"/>
</pin_list>
<bind>
<opcode="call(48) " fcode="call"/>
<opset="tmp_980/6 "/>
</bind>
</comp>

<comp id="508" class="1004" name="tmp_992_is_digit_lessthan_ct_fu_508">
<pin_list>
<pin id="509" dir="0" index="0" bw="1" slack="0"/>
<pin id="510" dir="0" index="1" bw="64" slack="2"/>
<pin id="511" dir="0" index="2" bw="63" slack="0"/>
<pin id="512" dir="1" index="3" bw="1" slack="0"/>
</pin_list>
<bind>
<opcode="call(48) " fcode="call"/>
<opset="tmp_992/6 "/>
</bind>
</comp>

<comp id="515" class="1004" name="tmp_995_is_digit_lessthan_ct_fu_515">
<pin_list>
<pin id="516" dir="0" index="0" bw="1" slack="0"/>
<pin id="517" dir="0" index="1" bw="64" slack="1"/>
<pin id="518" dir="0" index="2" bw="63" slack="0"/>
<pin id="519" dir="1" index="3" bw="1" slack="0"/>
</pin_list>
<bind>
<opcode="call(48) " fcode="call"/>
<opset="tmp_995/6 "/>
</bind>
</comp>

<comp id="522" class="1004" name="tmp_998_is_digit_lessthan_ct_fu_522">
<pin_list>
<pin id="523" dir="0" index="0" bw="1" slack="0"/>
<pin id="524" dir="0" index="1" bw="64" slack="1"/>
<pin id="525" dir="0" index="2" bw="63" slack="0"/>
<pin id="526" dir="1" index="3" bw="1" slack="0"/>
</pin_list>
<bind>
<opcode="call(48) " fcode="call"/>
<opset="tmp_998/6 "/>
</bind>
</comp>

<comp id="529" class="1004" name="tmp_999_is_digit_lessthan_ct_fu_529">
<pin_list>
<pin id="530" dir="0" index="0" bw="1" slack="0"/>
<pin id="531" dir="0" index="1" bw="64" slack="0"/>
<pin id="532" dir="0" index="2" bw="57" slack="0"/>
<pin id="533" dir="1" index="3" bw="1" slack="0"/>
</pin_list>
<bind>
<opcode="call(48) " fcode="call"/>
<opset="tmp_999/6 "/>
</bind>
</comp>

<comp id="536" class="1004" name="tmp_1000_is_digit_lessthan_ct_fu_536">
<pin_list>
<pin id="537" dir="0" index="0" bw="1" slack="0"/>
<pin id="538" dir="0" index="1" bw="64" slack="0"/>
<pin id="539" dir="0" index="2" bw="64" slack="0"/>
<pin id="540" dir="1" index="3" bw="1" slack="0"/>
</pin_list>
<bind>
<opcode="call(48) " fcode="call"/>
<opset="tmp_1000/6 "/>
</bind>
</comp>

<comp id="542" class="1004" name="tmp_1001_is_digit_lessthan_ct_fu_542">
<pin_list>
<pin id="543" dir="0" index="0" bw="1" slack="0"/>
<pin id="544" dir="0" index="1" bw="64" slack="1"/>
<pin id="545" dir="0" index="2" bw="1" slack="1"/>
<pin id="546" dir="1" index="3" bw="1" slack="0"/>
</pin_list>
<bind>
<opcode="call(48) " fcode="call"/>
<opset="tmp_1001/7 "/>
</bind>
</comp>

<comp id="548" class="1004" name="tmp_1002_is_digit_lessthan_ct_fu_548">
<pin_list>
<pin id="549" dir="0" index="0" bw="1" slack="0"/>
<pin id="550" dir="0" index="1" bw="64" slack="1"/>
<pin id="551" dir="0" index="2" bw="64" slack="1"/>
<pin id="552" dir="1" index="3" bw="1" slack="0"/>
</pin_list>
<bind>
<opcode="call(48) " fcode="call"/>
<opset="tmp_1002/7 "/>
</bind>
</comp>

<comp id="554" class="1004" name="tmp_1003_is_digit_lessthan_ct_fu_554">
<pin_list>
<pin id="555" dir="0" index="0" bw="1" slack="0"/>
<pin id="556" dir="0" index="1" bw="64" slack="0"/>
<pin id="557" dir="0" index="2" bw="1" slack="0"/>
<pin id="558" dir="1" index="3" bw="1" slack="0"/>
</pin_list>
<bind>
<opcode="call(48) " fcode="call"/>
<opset="tmp_1003/7 "/>
</bind>
</comp>

<comp id="560" class="1004" name="tmp_1004_is_digit_lessthan_ct_fu_560">
<pin_list>
<pin id="561" dir="0" index="0" bw="1" slack="0"/>
<pin id="562" dir="0" index="1" bw="64" slack="0"/>
<pin id="563" dir="0" index="2" bw="64" slack="0"/>
<pin id="564" dir="1" index="3" bw="1" slack="0"/>
</pin_list>
<bind>
<opcode="call(48) " fcode="call"/>
<opset="tmp_1004/7 "/>
</bind>
</comp>

<comp id="566" class="1004" name="tmp_1005_is_digit_lessthan_ct_fu_566">
<pin_list>
<pin id="567" dir="0" index="0" bw="1" slack="0"/>
<pin id="568" dir="0" index="1" bw="64" slack="1"/>
<pin id="569" dir="0" index="2" bw="1" slack="1"/>
<pin id="570" dir="1" index="3" bw="1" slack="0"/>
</pin_list>
<bind>
<opcode="call(48) " fcode="call"/>
<opset="tmp_1005/8 "/>
</bind>
</comp>

<comp id="572" class="1004" name="tmp_1006_is_digit_lessthan_ct_fu_572">
<pin_list>
<pin id="573" dir="0" index="0" bw="1" slack="0"/>
<pin id="574" dir="0" index="1" bw="64" slack="1"/>
<pin id="575" dir="0" index="2" bw="64" slack="1"/>
<pin id="576" dir="1" index="3" bw="1" slack="0"/>
</pin_list>
<bind>
<opcode="call(48) " fcode="call"/>
<opset="tmp_1006/8 "/>
</bind>
</comp>

<comp id="578" class="1004" name="tmp_1007_is_digit_lessthan_ct_fu_578">
<pin_list>
<pin id="579" dir="0" index="0" bw="1" slack="0"/>
<pin id="580" dir="0" index="1" bw="64" slack="0"/>
<pin id="581" dir="0" index="2" bw="1" slack="0"/>
<pin id="582" dir="1" index="3" bw="1" slack="0"/>
</pin_list>
<bind>
<opcode="call(48) " fcode="call"/>
<opset="tmp_1007/8 "/>
</bind>
</comp>

<comp id="584" class="1004" name="tmp_1008_is_digit_lessthan_ct_fu_584">
<pin_list>
<pin id="585" dir="0" index="0" bw="1" slack="0"/>
<pin id="586" dir="0" index="1" bw="64" slack="0"/>
<pin id="587" dir="0" index="2" bw="64" slack="0"/>
<pin id="588" dir="1" index="3" bw="1" slack="0"/>
</pin_list>
<bind>
<opcode="call(48) " fcode="call"/>
<opset="tmp_1008/8 "/>
</bind>
</comp>

<comp id="590" class="1004" name="tmp_1009_is_digit_lessthan_ct_fu_590">
<pin_list>
<pin id="591" dir="0" index="0" bw="1" slack="0"/>
<pin id="592" dir="0" index="1" bw="64" slack="1"/>
<pin id="593" dir="0" index="2" bw="1" slack="1"/>
<pin id="594" dir="1" index="3" bw="1" slack="0"/>
</pin_list>
<bind>
<opcode="call(48) " fcode="call"/>
<opset="tmp_1009/9 "/>
</bind>
</comp>

<comp id="596" class="1004" name="tmp_1010_is_digit_lessthan_ct_fu_596">
<pin_list>
<pin id="597" dir="0" index="0" bw="1" slack="0"/>
<pin id="598" dir="0" index="1" bw="64" slack="1"/>
<pin id="599" dir="0" index="2" bw="64" slack="1"/>
<pin id="600" dir="1" index="3" bw="1" slack="0"/>
</pin_list>
<bind>
<opcode="call(48) " fcode="call"/>
<opset="tmp_1010/9 "/>
</bind>
</comp>

<comp id="602" class="1004" name="tmp_1011_is_digit_lessthan_ct_fu_602">
<pin_list>
<pin id="603" dir="0" index="0" bw="1" slack="0"/>
<pin id="604" dir="0" index="1" bw="64" slack="0"/>
<pin id="605" dir="0" index="2" bw="1" slack="0"/>
<pin id="606" dir="1" index="3" bw="1" slack="0"/>
</pin_list>
<bind>
<opcode="call(48) " fcode="call"/>
<opset="tmp_1011/9 "/>
</bind>
</comp>

<comp id="608" class="1004" name="tmp_1012_is_digit_lessthan_ct_fu_608">
<pin_list>
<pin id="609" dir="0" index="0" bw="1" slack="0"/>
<pin id="610" dir="0" index="1" bw="64" slack="0"/>
<pin id="611" dir="0" index="2" bw="64" slack="0"/>
<pin id="612" dir="1" index="3" bw="1" slack="0"/>
</pin_list>
<bind>
<opcode="call(48) " fcode="call"/>
<opset="tmp_1012/9 "/>
</bind>
</comp>

<comp id="614" class="1004" name="lshr_ln_fu_614">
<pin_list>
<pin id="615" dir="0" index="0" bw="4" slack="0"/>
<pin id="616" dir="0" index="1" bw="8" slack="0"/>
<pin id="617" dir="0" index="2" bw="3" slack="0"/>
<pin id="618" dir="0" index="3" bw="4" slack="0"/>
<pin id="619" dir="1" index="4" bw="4" slack="0"/>
</pin_list>
<bind>
<opcode="partselect(1002) " fcode="partselect"/>
<opset="lshr_ln/1 "/>
</bind>
</comp>

<comp id="624" class="1004" name="zext_ln33_41_fu_624">
<pin_list>
<pin id="625" dir="0" index="0" bw="4" slack="0"/>
<pin id="626" dir="1" index="1" bw="64" slack="0"/>
</pin_list>
<bind>
<opcode="zext(34) " fcode="zext"/>
<opset="zext_ln33_41/1 "/>
</bind>
</comp>

<comp id="630" class="1004" name="add_ln33_fu_630">
<pin_list>
<pin id="631" dir="0" index="0" bw="64" slack="0"/>
<pin id="632" dir="0" index="1" bw="64" slack="1"/>
<pin id="633" dir="1" index="2" bw="64" slack="0"/>
</pin_list>
<bind>
<opcode="add(8) " fcode="add"/>
<opset="add_ln33/2 "/>
</bind>
</comp>

<comp id="636" class="1004" name="carry_fu_636">
<pin_list>
<pin id="637" dir="0" index="0" bw="1" slack="0"/>
<pin id="638" dir="0" index="1" bw="1" slack="0"/>
<pin id="639" dir="1" index="2" bw="1" slack="0"/>
</pin_list>
<bind>
<opcode="or(24) " fcode="or"/>
<opset="carry/2 "/>
</bind>
</comp>

<comp id="642" class="1004" name="zext_ln33_fu_642">
<pin_list>
<pin id="643" dir="0" index="0" bw="1" slack="0"/>
<pin id="644" dir="1" index="1" bw="64" slack="0"/>
</pin_list>
<bind>
<opcode="zext(34) " fcode="zext"/>
<opset="zext_ln33/2 "/>
</bind>
</comp>

<comp id="647" class="1004" name="tempReg_fu_647">
<pin_list>
<pin id="648" dir="0" index="0" bw="1" slack="0"/>
<pin id="649" dir="0" index="1" bw="64" slack="1"/>
<pin id="650" dir="1" index="2" bw="64" slack="0"/>
</pin_list>
<bind>
<opcode="add(8) " fcode="add"/>
<opset="tempReg/2 "/>
</bind>
</comp>

<comp id="654" class="1004" name="add_ln33_94_fu_654">
<pin_list>
<pin id="655" dir="0" index="0" bw="64" slack="0"/>
<pin id="656" dir="0" index="1" bw="64" slack="0"/>
<pin id="657" dir="1" index="2" bw="64" slack="0"/>
</pin_list>
<bind>
<opcode="add(8) " fcode="add"/>
<opset="add_ln33_94/2 "/>
</bind>
</comp>

<comp id="661" class="1004" name="carry_370_fu_661">
<pin_list>
<pin id="662" dir="0" index="0" bw="1" slack="0"/>
<pin id="663" dir="0" index="1" bw="1" slack="0"/>
<pin id="664" dir="1" index="2" bw="1" slack="1"/>
</pin_list>
<bind>
<opcode="or(24) " fcode="or"/>
<opset="carry_370/2 "/>
</bind>
</comp>

<comp id="667" class="1004" name="zext_ln33_42_fu_667">
<pin_list>
<pin id="668" dir="0" index="0" bw="1" slack="1"/>
<pin id="669" dir="1" index="1" bw="64" slack="0"/>
</pin_list>
<bind>
<opcode="zext(34) " fcode="zext"/>
<opset="zext_ln33_42/3 "/>
</bind>
</comp>

<comp id="671" class="1004" name="tempReg_1417_fu_671">
<pin_list>
<pin id="672" dir="0" index="0" bw="64" slack="1"/>
<pin id="673" dir="0" index="1" bw="1" slack="0"/>
<pin id="674" dir="1" index="2" bw="64" slack="0"/>
</pin_list>
<bind>
<opcode="add(8) " fcode="add"/>
<opset="tempReg_1417/3 "/>
</bind>
</comp>

<comp id="676" class="1004" name="bit_sel1_fu_676">
<pin_list>
<pin id="677" dir="0" index="0" bw="1" slack="0"/>
<pin id="678" dir="0" index="1" bw="64" slack="1"/>
<pin id="679" dir="0" index="2" bw="7" slack="0"/>
<pin id="680" dir="1" index="3" bw="1" slack="0"/>
</pin_list>
<bind>
<opcode="bitselect(1000) " fcode="bitselect"/>
<opset="bit_sel1/3 "/>
</bind>
</comp>

<comp id="683" class="1004" name="xor_ln95_12_fu_683">
<pin_list>
<pin id="684" dir="0" index="0" bw="1" slack="0"/>
<pin id="685" dir="0" index="1" bw="1" slack="0"/>
<pin id="686" dir="1" index="2" bw="1" slack="0"/>
</pin_list>
<bind>
<opcode="xor(25) " fcode="xor"/>
<opset="xor_ln95_12/3 "/>
</bind>
</comp>

<comp id="689" class="1004" name="trunc_ln95_fu_689">
<pin_list>
<pin id="690" dir="0" index="0" bw="64" slack="1"/>
<pin id="691" dir="1" index="1" bw="63" slack="0"/>
</pin_list>
<bind>
<opcode="trunc(33) " fcode="trunc"/>
<opset="trunc_ln95/3 "/>
</bind>
</comp>

<comp id="692" class="1004" name="xor_ln_fu_692">
<pin_list>
<pin id="693" dir="0" index="0" bw="64" slack="0"/>
<pin id="694" dir="0" index="1" bw="1" slack="0"/>
<pin id="695" dir="0" index="2" bw="63" slack="0"/>
<pin id="696" dir="1" index="3" bw="64" slack="0"/>
</pin_list>
<bind>
<opcode="bitconcatenate(1004) " fcode="bitconcatenate"/>
<opset="xor_ln/3 "/>
</bind>
</comp>

<comp id="700" class="1004" name="or_ln95_fu_700">
<pin_list>
<pin id="701" dir="0" index="0" bw="64" slack="0"/>
<pin id="702" dir="0" index="1" bw="64" slack="0"/>
<pin id="703" dir="1" index="2" bw="64" slack="0"/>
</pin_list>
<bind>
<opcode="or(24) " fcode="or"/>
<opset="or_ln95/3 "/>
</bind>
</comp>

<comp id="706" class="1004" name="tmp_1014_fu_706">
<pin_list>
<pin id="707" dir="0" index="0" bw="1" slack="0"/>
<pin id="708" dir="0" index="1" bw="64" slack="0"/>
<pin id="709" dir="0" index="2" bw="7" slack="0"/>
<pin id="710" dir="1" index="3" bw="1" slack="0"/>
</pin_list>
<bind>
<opcode="bitselect(1000) " fcode="bitselect"/>
<opset="tmp_1014/3 "/>
</bind>
</comp>

<comp id="714" class="1004" name="xor_ln100_fu_714">
<pin_list>
<pin id="715" dir="0" index="0" bw="1" slack="0"/>
<pin id="716" dir="0" index="1" bw="1" slack="0"/>
<pin id="717" dir="1" index="2" bw="1" slack="0"/>
</pin_list>
<bind>
<opcode="xor(25) " fcode="xor"/>
<opset="xor_ln100/3 "/>
</bind>
</comp>

<comp id="720" class="1004" name="and_ln39_fu_720">
<pin_list>
<pin id="721" dir="0" index="0" bw="1" slack="0"/>
<pin id="722" dir="0" index="1" bw="1" slack="0"/>
<pin id="723" dir="1" index="2" bw="1" slack="0"/>
</pin_list>
<bind>
<opcode="and(23) " fcode="and"/>
<opset="and_ln39/3 "/>
</bind>
</comp>

<comp id="726" class="1004" name="borrowReg_322_fu_726">
<pin_list>
<pin id="727" dir="0" index="0" bw="1" slack="0"/>
<pin id="728" dir="0" index="1" bw="1" slack="0"/>
<pin id="729" dir="1" index="2" bw="1" slack="0"/>
</pin_list>
<bind>
<opcode="or(24) " fcode="or"/>
<opset="borrowReg_322/3 "/>
</bind>
</comp>

<comp id="732" class="1004" name="tempReg_1412_fu_732">
<pin_list>
<pin id="733" dir="0" index="0" bw="1" slack="0"/>
<pin id="734" dir="0" index="1" bw="64" slack="2"/>
<pin id="735" dir="1" index="2" bw="64" slack="0"/>
</pin_list>
<bind>
<opcode="add(8) " fcode="add"/>
<opset="tempReg_1412/3 "/>
</bind>
</comp>

<comp id="739" class="1004" name="add_ln33_96_fu_739">
<pin_list>
<pin id="740" dir="0" index="0" bw="64" slack="0"/>
<pin id="741" dir="0" index="1" bw="64" slack="0"/>
<pin id="742" dir="1" index="2" bw="64" slack="0"/>
</pin_list>
<bind>
<opcode="add(8) " fcode="add"/>
<opset="add_ln33_96/3 "/>
</bind>
</comp>

<comp id="747" class="1004" name="carry_371_fu_747">
<pin_list>
<pin id="748" dir="0" index="0" bw="1" slack="0"/>
<pin id="749" dir="0" index="1" bw="1" slack="0"/>
<pin id="750" dir="1" index="2" bw="1" slack="0"/>
</pin_list>
<bind>
<opcode="or(24) " fcode="or"/>
<opset="carry_371/3 "/>
</bind>
</comp>

<comp id="753" class="1004" name="zext_ln33_43_fu_753">
<pin_list>
<pin id="754" dir="0" index="0" bw="1" slack="0"/>
<pin id="755" dir="1" index="1" bw="64" slack="0"/>
</pin_list>
<bind>
<opcode="zext(34) " fcode="zext"/>
<opset="zext_ln33_43/3 "/>
</bind>
</comp>

<comp id="758" class="1004" name="tempReg_1418_fu_758">
<pin_list>
<pin id="759" dir="0" index="0" bw="64" slack="0"/>
<pin id="760" dir="0" index="1" bw="1" slack="0"/>
<pin id="761" dir="1" index="2" bw="64" slack="0"/>
</pin_list>
<bind>
<opcode="add(8) " fcode="add"/>
<opset="tempReg_1418/3 "/>
</bind>
</comp>

<comp id="764" class="1004" name="bit_sel_fu_764">
<pin_list>
<pin id="765" dir="0" index="0" bw="1" slack="0"/>
<pin id="766" dir="0" index="1" bw="64" slack="0"/>
<pin id="767" dir="0" index="2" bw="7" slack="0"/>
<pin id="768" dir="1" index="3" bw="1" slack="0"/>
</pin_list>
<bind>
<opcode="bitselect(1000) " fcode="bitselect"/>
<opset="bit_sel/3 "/>
</bind>
</comp>

<comp id="772" class="1004" name="xor_ln95_fu_772">
<pin_list>
<pin id="773" dir="0" index="0" bw="1" slack="0"/>
<pin id="774" dir="0" index="1" bw="1" slack="0"/>
<pin id="775" dir="1" index="2" bw="1" slack="0"/>
</pin_list>
<bind>
<opcode="xor(25) " fcode="xor"/>
<opset="xor_ln95/3 "/>
</bind>
</comp>

<comp id="778" class="1004" name="trunc_ln95_11_fu_778">
<pin_list>
<pin id="779" dir="0" index="0" bw="64" slack="0"/>
<pin id="780" dir="1" index="1" bw="63" slack="0"/>
</pin_list>
<bind>
<opcode="trunc(33) " fcode="trunc"/>
<opset="trunc_ln95_11/3 "/>
</bind>
</comp>

<comp id="782" class="1004" name="xor_ln95_s_fu_782">
<pin_list>
<pin id="783" dir="0" index="0" bw="64" slack="0"/>
<pin id="784" dir="0" index="1" bw="1" slack="0"/>
<pin id="785" dir="0" index="2" bw="63" slack="0"/>
<pin id="786" dir="1" index="3" bw="64" slack="0"/>
</pin_list>
<bind>
<opcode="bitconcatenate(1004) " fcode="bitconcatenate"/>
<opset="xor_ln95_s/3 "/>
</bind>
</comp>

<comp id="790" class="1004" name="or_ln95_246_fu_790">
<pin_list>
<pin id="791" dir="0" index="0" bw="64" slack="0"/>
<pin id="792" dir="0" index="1" bw="64" slack="0"/>
<pin id="793" dir="1" index="2" bw="64" slack="0"/>
</pin_list>
<bind>
<opcode="or(24) " fcode="or"/>
<opset="or_ln95_246/3 "/>
</bind>
</comp>

<comp id="796" class="1004" name="tmp_1015_fu_796">
<pin_list>
<pin id="797" dir="0" index="0" bw="1" slack="0"/>
<pin id="798" dir="0" index="1" bw="64" slack="0"/>
<pin id="799" dir="0" index="2" bw="7" slack="0"/>
<pin id="800" dir="1" index="3" bw="1" slack="0"/>
</pin_list>
<bind>
<opcode="bitselect(1000) " fcode="bitselect"/>
<opset="tmp_1015/3 "/>
</bind>
</comp>

<comp id="804" class="1004" name="xor_ln100_246_fu_804">
<pin_list>
<pin id="805" dir="0" index="0" bw="1" slack="0"/>
<pin id="806" dir="0" index="1" bw="1" slack="0"/>
<pin id="807" dir="1" index="2" bw="1" slack="0"/>
</pin_list>
<bind>
<opcode="xor(25) " fcode="xor"/>
<opset="xor_ln100_246/3 "/>
</bind>
</comp>

<comp id="810" class="1004" name="and_ln39_43_fu_810">
<pin_list>
<pin id="811" dir="0" index="0" bw="1" slack="0"/>
<pin id="812" dir="0" index="1" bw="1" slack="0"/>
<pin id="813" dir="1" index="2" bw="1" slack="0"/>
</pin_list>
<bind>
<opcode="and(23) " fcode="and"/>
<opset="and_ln39_43/3 "/>
</bind>
</comp>

<comp id="816" class="1004" name="borrowReg_323_fu_816">
<pin_list>
<pin id="817" dir="0" index="0" bw="1" slack="0"/>
<pin id="818" dir="0" index="1" bw="1" slack="0"/>
<pin id="819" dir="1" index="2" bw="1" slack="3"/>
</pin_list>
<bind>
<opcode="or(24) " fcode="or"/>
<opset="borrowReg_323/3 "/>
</bind>
</comp>

<comp id="822" class="1004" name="tempReg_1413_fu_822">
<pin_list>
<pin id="823" dir="0" index="0" bw="1" slack="0"/>
<pin id="824" dir="0" index="1" bw="64" slack="2"/>
<pin id="825" dir="1" index="2" bw="64" slack="0"/>
</pin_list>
<bind>
<opcode="add(8) " fcode="add"/>
<opset="tempReg_1413/3 "/>
</bind>
</comp>

<comp id="828" class="1004" name="add_ln33_98_fu_828">
<pin_list>
<pin id="829" dir="0" index="0" bw="64" slack="0"/>
<pin id="830" dir="0" index="1" bw="64" slack="0"/>
<pin id="831" dir="1" index="2" bw="64" slack="1"/>
</pin_list>
<bind>
<opcode="add(8) " fcode="add"/>
<opset="add_ln33_98/3 "/>
</bind>
</comp>

<comp id="834" class="1004" name="carry_372_fu_834">
<pin_list>
<pin id="835" dir="0" index="0" bw="1" slack="0"/>
<pin id="836" dir="0" index="1" bw="1" slack="1"/>
<pin id="837" dir="1" index="2" bw="1" slack="0"/>
</pin_list>
<bind>
<opcode="or(24) " fcode="or"/>
<opset="carry_372/4 "/>
</bind>
</comp>

<comp id="839" class="1004" name="zext_ln33_44_fu_839">
<pin_list>
<pin id="840" dir="0" index="0" bw="1" slack="0"/>
<pin id="841" dir="1" index="1" bw="64" slack="0"/>
</pin_list>
<bind>
<opcode="zext(34) " fcode="zext"/>
<opset="zext_ln33_44/4 "/>
</bind>
</comp>

<comp id="844" class="1004" name="tempReg_1414_fu_844">
<pin_list>
<pin id="845" dir="0" index="0" bw="1" slack="0"/>
<pin id="846" dir="0" index="1" bw="64" slack="3"/>
<pin id="847" dir="1" index="2" bw="64" slack="0"/>
</pin_list>
<bind>
<opcode="add(8) " fcode="add"/>
<opset="tempReg_1414/4 "/>
</bind>
</comp>

<comp id="851" class="1004" name="add_ln33_100_fu_851">
<pin_list>
<pin id="852" dir="0" index="0" bw="64" slack="0"/>
<pin id="853" dir="0" index="1" bw="64" slack="0"/>
<pin id="854" dir="1" index="2" bw="64" slack="0"/>
</pin_list>
<bind>
<opcode="add(8) " fcode="add"/>
<opset="add_ln33_100/4 "/>
</bind>
</comp>

<comp id="858" class="1004" name="carry_373_fu_858">
<pin_list>
<pin id="859" dir="0" index="0" bw="1" slack="0"/>
<pin id="860" dir="0" index="1" bw="1" slack="0"/>
<pin id="861" dir="1" index="2" bw="1" slack="0"/>
</pin_list>
<bind>
<opcode="or(24) " fcode="or"/>
<opset="carry_373/4 "/>
</bind>
</comp>

<comp id="864" class="1004" name="zext_ln33_45_fu_864">
<pin_list>
<pin id="865" dir="0" index="0" bw="1" slack="0"/>
<pin id="866" dir="1" index="1" bw="64" slack="0"/>
</pin_list>
<bind>
<opcode="zext(34) " fcode="zext"/>
<opset="zext_ln33_45/4 "/>
</bind>
</comp>

<comp id="868" class="1004" name="tempReg_1415_fu_868">
<pin_list>
<pin id="869" dir="0" index="0" bw="1" slack="0"/>
<pin id="870" dir="0" index="1" bw="64" slack="3"/>
<pin id="871" dir="1" index="2" bw="64" slack="1"/>
</pin_list>
<bind>
<opcode="add(8) " fcode="add"/>
<opset="tempReg_1415/4 "/>
</bind>
</comp>

<comp id="873" class="1004" name="add_ln33_102_fu_873">
<pin_list>
<pin id="874" dir="0" index="0" bw="64" slack="0"/>
<pin id="875" dir="0" index="1" bw="64" slack="1"/>
<pin id="876" dir="1" index="2" bw="64" slack="0"/>
</pin_list>
<bind>
<opcode="add(8) " fcode="add"/>
<opset="add_ln33_102/5 "/>
</bind>
</comp>

<comp id="879" class="1004" name="carry_374_fu_879">
<pin_list>
<pin id="880" dir="0" index="0" bw="1" slack="0"/>
<pin id="881" dir="0" index="1" bw="1" slack="0"/>
<pin id="882" dir="1" index="2" bw="1" slack="0"/>
</pin_list>
<bind>
<opcode="or(24) " fcode="or"/>
<opset="carry_374/5 "/>
</bind>
</comp>

<comp id="885" class="1004" name="zext_ln33_46_fu_885">
<pin_list>
<pin id="886" dir="0" index="0" bw="1" slack="0"/>
<pin id="887" dir="1" index="1" bw="64" slack="0"/>
</pin_list>
<bind>
<opcode="zext(34) " fcode="zext"/>
<opset="zext_ln33_46/5 "/>
</bind>
</comp>

<comp id="890" class="1004" name="tempReg_1416_fu_890">
<pin_list>
<pin id="891" dir="0" index="0" bw="1" slack="0"/>
<pin id="892" dir="0" index="1" bw="64" slack="4"/>
<pin id="893" dir="1" index="2" bw="64" slack="0"/>
</pin_list>
<bind>
<opcode="add(8) " fcode="add"/>
<opset="tempReg_1416/5 "/>
</bind>
</comp>

<comp id="897" class="1004" name="add_ln33_104_fu_897">
<pin_list>
<pin id="898" dir="0" index="0" bw="64" slack="0"/>
<pin id="899" dir="0" index="1" bw="64" slack="0"/>
<pin id="900" dir="1" index="2" bw="64" slack="0"/>
</pin_list>
<bind>
<opcode="add(8) " fcode="add"/>
<opset="add_ln33_104/5 "/>
</bind>
</comp>

<comp id="904" class="1004" name="carry_375_fu_904">
<pin_list>
<pin id="905" dir="0" index="0" bw="1" slack="0"/>
<pin id="906" dir="0" index="1" bw="1" slack="0"/>
<pin id="907" dir="1" index="2" bw="1" slack="1"/>
</pin_list>
<bind>
<opcode="or(24) " fcode="or"/>
<opset="carry_375/5 "/>
</bind>
</comp>

<comp id="910" class="1004" name="tempReg_1398_fu_910">
<pin_list>
<pin id="911" dir="0" index="0" bw="64" slack="4"/>
<pin id="912" dir="0" index="1" bw="3" slack="0"/>
<pin id="913" dir="1" index="2" bw="64" slack="0"/>
</pin_list>
<bind>
<opcode="add(8) " fcode="add"/>
<opset="tempReg_1398/6 "/>
</bind>
</comp>

<comp id="917" class="1004" name="zext_ln39_fu_917">
<pin_list>
<pin id="918" dir="0" index="0" bw="1" slack="3"/>
<pin id="919" dir="1" index="1" bw="64" slack="0"/>
</pin_list>
<bind>
<opcode="zext(34) " fcode="zext"/>
<opset="zext_ln39/6 "/>
</bind>
</comp>

<comp id="920" class="1004" name="sub_ln39_fu_920">
<pin_list>
<pin id="921" dir="0" index="0" bw="64" slack="3"/>
<pin id="922" dir="0" index="1" bw="1" slack="0"/>
<pin id="923" dir="1" index="2" bw="64" slack="0"/>
</pin_list>
<bind>
<opcode="sub(10) " fcode="sub"/>
<opset="sub_ln39/6 "/>
</bind>
</comp>

<comp id="925" class="1004" name="tempReg_1419_fu_925">
<pin_list>
<pin id="926" dir="0" index="0" bw="64" slack="3"/>
<pin id="927" dir="0" index="1" bw="64" slack="0"/>
<pin id="928" dir="1" index="2" bw="64" slack="0"/>
</pin_list>
<bind>
<opcode="add(8) " fcode="add"/>
<opset="tempReg_1419/6 "/>
</bind>
</comp>

<comp id="930" class="1004" name="sub_ln95_fu_930">
<pin_list>
<pin id="931" dir="0" index="0" bw="64" slack="0"/>
<pin id="932" dir="0" index="1" bw="64" slack="3"/>
<pin id="933" dir="1" index="2" bw="64" slack="0"/>
</pin_list>
<bind>
<opcode="sub(10) " fcode="sub"/>
<opset="sub_ln95/6 "/>
</bind>
</comp>

<comp id="935" class="1004" name="or_ln95_247_fu_935">
<pin_list>
<pin id="936" dir="0" index="0" bw="64" slack="0"/>
<pin id="937" dir="0" index="1" bw="64" slack="0"/>
<pin id="938" dir="1" index="2" bw="64" slack="0"/>
</pin_list>
<bind>
<opcode="or(24) " fcode="or"/>
<opset="or_ln95_247/6 "/>
</bind>
</comp>

<comp id="941" class="1004" name="tmp_1016_fu_941">
<pin_list>
<pin id="942" dir="0" index="0" bw="1" slack="0"/>
<pin id="943" dir="0" index="1" bw="64" slack="0"/>
<pin id="944" dir="0" index="2" bw="7" slack="0"/>
<pin id="945" dir="1" index="3" bw="1" slack="0"/>
</pin_list>
<bind>
<opcode="bitselect(1000) " fcode="bitselect"/>
<opset="tmp_1016/6 "/>
</bind>
</comp>

<comp id="949" class="1004" name="xor_ln100_247_fu_949">
<pin_list>
<pin id="950" dir="0" index="0" bw="1" slack="0"/>
<pin id="951" dir="0" index="1" bw="1" slack="0"/>
<pin id="952" dir="1" index="2" bw="1" slack="0"/>
</pin_list>
<bind>
<opcode="xor(25) " fcode="xor"/>
<opset="xor_ln100_247/6 "/>
</bind>
</comp>

<comp id="955" class="1004" name="and_ln39_44_fu_955">
<pin_list>
<pin id="956" dir="0" index="0" bw="1" slack="3"/>
<pin id="957" dir="0" index="1" bw="1" slack="0"/>
<pin id="958" dir="1" index="2" bw="1" slack="0"/>
</pin_list>
<bind>
<opcode="and(23) " fcode="and"/>
<opset="and_ln39_44/6 "/>
</bind>
</comp>

<comp id="960" class="1004" name="borrowReg_324_fu_960">
<pin_list>
<pin id="961" dir="0" index="0" bw="1" slack="0"/>
<pin id="962" dir="0" index="1" bw="1" slack="1"/>
<pin id="963" dir="1" index="2" bw="1" slack="0"/>
</pin_list>
<bind>
<opcode="or(24) " fcode="or"/>
<opset="borrowReg_324/6 "/>
</bind>
</comp>

<comp id="965" class="1004" name="tempReg_1420_fu_965">
<pin_list>
<pin id="966" dir="0" index="0" bw="64" slack="2"/>
<pin id="967" dir="0" index="1" bw="63" slack="0"/>
<pin id="968" dir="1" index="2" bw="64" slack="0"/>
</pin_list>
<bind>
<opcode="add(8) " fcode="add"/>
<opset="tempReg_1420/6 "/>
</bind>
</comp>

<comp id="970" class="1004" name="sub_ln95_224_fu_970">
<pin_list>
<pin id="971" dir="0" index="0" bw="63" slack="0"/>
<pin id="972" dir="0" index="1" bw="64" slack="2"/>
<pin id="973" dir="1" index="2" bw="64" slack="0"/>
</pin_list>
<bind>
<opcode="sub(10) " fcode="sub"/>
<opset="sub_ln95_224/6 "/>
</bind>
</comp>

<comp id="975" class="1004" name="or_ln95_248_fu_975">
<pin_list>
<pin id="976" dir="0" index="0" bw="64" slack="0"/>
<pin id="977" dir="0" index="1" bw="64" slack="0"/>
<pin id="978" dir="1" index="2" bw="64" slack="0"/>
</pin_list>
<bind>
<opcode="or(24) " fcode="or"/>
<opset="or_ln95_248/6 "/>
</bind>
</comp>

<comp id="981" class="1004" name="tmp_1017_fu_981">
<pin_list>
<pin id="982" dir="0" index="0" bw="1" slack="0"/>
<pin id="983" dir="0" index="1" bw="64" slack="0"/>
<pin id="984" dir="0" index="2" bw="7" slack="0"/>
<pin id="985" dir="1" index="3" bw="1" slack="0"/>
</pin_list>
<bind>
<opcode="bitselect(1000) " fcode="bitselect"/>
<opset="tmp_1017/6 "/>
</bind>
</comp>

<comp id="989" class="1004" name="xor_ln100_248_fu_989">
<pin_list>
<pin id="990" dir="0" index="0" bw="1" slack="0"/>
<pin id="991" dir="0" index="1" bw="1" slack="0"/>
<pin id="992" dir="1" index="2" bw="1" slack="0"/>
</pin_list>
<bind>
<opcode="xor(25) " fcode="xor"/>
<opset="xor_ln100_248/6 "/>
</bind>
</comp>

<comp id="995" class="1004" name="and_ln39_45_fu_995">
<pin_list>
<pin id="996" dir="0" index="0" bw="1" slack="0"/>
<pin id="997" dir="0" index="1" bw="1" slack="0"/>
<pin id="998" dir="1" index="2" bw="1" slack="0"/>
</pin_list>
<bind>
<opcode="and(23) " fcode="and"/>
<opset="and_ln39_45/6 "/>
</bind>
</comp>

<comp id="1001" class="1004" name="borrowReg_325_fu_1001">
<pin_list>
<pin id="1002" dir="0" index="0" bw="1" slack="0"/>
<pin id="1003" dir="0" index="1" bw="1" slack="0"/>
<pin id="1004" dir="1" index="2" bw="1" slack="0"/>
</pin_list>
<bind>
<opcode="or(24) " fcode="or"/>
<opset="borrowReg_325/6 "/>
</bind>
</comp>

<comp id="1007" class="1004" name="tempReg_1421_fu_1007">
<pin_list>
<pin id="1008" dir="0" index="0" bw="64" slack="1"/>
<pin id="1009" dir="0" index="1" bw="63" slack="0"/>
<pin id="1010" dir="1" index="2" bw="64" slack="0"/>
</pin_list>
<bind>
<opcode="add(8) " fcode="add"/>
<opset="tempReg_1421/6 "/>
</bind>
</comp>

<comp id="1012" class="1004" name="sub_ln95_225_fu_1012">
<pin_list>
<pin id="1013" dir="0" index="0" bw="63" slack="0"/>
<pin id="1014" dir="0" index="1" bw="64" slack="1"/>
<pin id="1015" dir="1" index="2" bw="64" slack="0"/>
</pin_list>
<bind>
<opcode="sub(10) " fcode="sub"/>
<opset="sub_ln95_225/6 "/>
</bind>
</comp>

<comp id="1017" class="1004" name="or_ln95_249_fu_1017">
<pin_list>
<pin id="1018" dir="0" index="0" bw="64" slack="0"/>
<pin id="1019" dir="0" index="1" bw="64" slack="0"/>
<pin id="1020" dir="1" index="2" bw="64" slack="0"/>
</pin_list>
<bind>
<opcode="or(24) " fcode="or"/>
<opset="or_ln95_249/6 "/>
</bind>
</comp>

<comp id="1023" class="1004" name="tmp_1018_fu_1023">
<pin_list>
<pin id="1024" dir="0" index="0" bw="1" slack="0"/>
<pin id="1025" dir="0" index="1" bw="64" slack="0"/>
<pin id="1026" dir="0" index="2" bw="7" slack="0"/>
<pin id="1027" dir="1" index="3" bw="1" slack="0"/>
</pin_list>
<bind>
<opcode="bitselect(1000) " fcode="bitselect"/>
<opset="tmp_1018/6 "/>
</bind>
</comp>

<comp id="1031" class="1004" name="xor_ln100_249_fu_1031">
<pin_list>
<pin id="1032" dir="0" index="0" bw="1" slack="0"/>
<pin id="1033" dir="0" index="1" bw="1" slack="0"/>
<pin id="1034" dir="1" index="2" bw="1" slack="0"/>
</pin_list>
<bind>
<opcode="xor(25) " fcode="xor"/>
<opset="xor_ln100_249/6 "/>
</bind>
</comp>

<comp id="1037" class="1004" name="and_ln39_46_fu_1037">
<pin_list>
<pin id="1038" dir="0" index="0" bw="1" slack="0"/>
<pin id="1039" dir="0" index="1" bw="1" slack="0"/>
<pin id="1040" dir="1" index="2" bw="1" slack="0"/>
</pin_list>
<bind>
<opcode="and(23) " fcode="and"/>
<opset="and_ln39_46/6 "/>
</bind>
</comp>

<comp id="1043" class="1004" name="borrowReg_326_fu_1043">
<pin_list>
<pin id="1044" dir="0" index="0" bw="1" slack="0"/>
<pin id="1045" dir="0" index="1" bw="1" slack="0"/>
<pin id="1046" dir="1" index="2" bw="1" slack="0"/>
</pin_list>
<bind>
<opcode="or(24) " fcode="or"/>
<opset="borrowReg_326/6 "/>
</bind>
</comp>

<comp id="1049" class="1004" name="zext_ln33_47_fu_1049">
<pin_list>
<pin id="1050" dir="0" index="0" bw="1" slack="1"/>
<pin id="1051" dir="1" index="1" bw="64" slack="0"/>
</pin_list>
<bind>
<opcode="zext(34) " fcode="zext"/>
<opset="zext_ln33_47/6 "/>
</bind>
</comp>

<comp id="1052" class="1004" name="tempReg_1422_fu_1052">
<pin_list>
<pin id="1053" dir="0" index="0" bw="64" slack="1"/>
<pin id="1054" dir="0" index="1" bw="63" slack="0"/>
<pin id="1055" dir="1" index="2" bw="64" slack="0"/>
</pin_list>
<bind>
<opcode="add(8) " fcode="add"/>
<opset="tempReg_1422/6 "/>
</bind>
</comp>

<comp id="1057" class="1004" name="sub_ln95_226_fu_1057">
<pin_list>
<pin id="1058" dir="0" index="0" bw="63" slack="0"/>
<pin id="1059" dir="0" index="1" bw="64" slack="1"/>
<pin id="1060" dir="1" index="2" bw="64" slack="0"/>
</pin_list>
<bind>
<opcode="sub(10) " fcode="sub"/>
<opset="sub_ln95_226/6 "/>
</bind>
</comp>

<comp id="1062" class="1004" name="or_ln95_250_fu_1062">
<pin_list>
<pin id="1063" dir="0" index="0" bw="64" slack="0"/>
<pin id="1064" dir="0" index="1" bw="64" slack="0"/>
<pin id="1065" dir="1" index="2" bw="64" slack="0"/>
</pin_list>
<bind>
<opcode="or(24) " fcode="or"/>
<opset="or_ln95_250/6 "/>
</bind>
</comp>

<comp id="1068" class="1004" name="tmp_1019_fu_1068">
<pin_list>
<pin id="1069" dir="0" index="0" bw="1" slack="0"/>
<pin id="1070" dir="0" index="1" bw="64" slack="0"/>
<pin id="1071" dir="0" index="2" bw="7" slack="0"/>
<pin id="1072" dir="1" index="3" bw="1" slack="0"/>
</pin_list>
<bind>
<opcode="bitselect(1000) " fcode="bitselect"/>
<opset="tmp_1019/6 "/>
</bind>
</comp>

<comp id="1076" class="1004" name="xor_ln100_250_fu_1076">
<pin_list>
<pin id="1077" dir="0" index="0" bw="1" slack="0"/>
<pin id="1078" dir="0" index="1" bw="1" slack="0"/>
<pin id="1079" dir="1" index="2" bw="1" slack="0"/>
</pin_list>
<bind>
<opcode="xor(25) " fcode="xor"/>
<opset="xor_ln100_250/6 "/>
</bind>
</comp>

<comp id="1082" class="1004" name="and_ln39_47_fu_1082">
<pin_list>
<pin id="1083" dir="0" index="0" bw="1" slack="0"/>
<pin id="1084" dir="0" index="1" bw="1" slack="0"/>
<pin id="1085" dir="1" index="2" bw="1" slack="0"/>
</pin_list>
<bind>
<opcode="and(23) " fcode="and"/>
<opset="and_ln39_47/6 "/>
</bind>
</comp>

<comp id="1088" class="1004" name="borrowReg_327_fu_1088">
<pin_list>
<pin id="1089" dir="0" index="0" bw="1" slack="0"/>
<pin id="1090" dir="0" index="1" bw="1" slack="0"/>
<pin id="1091" dir="1" index="2" bw="1" slack="0"/>
</pin_list>
<bind>
<opcode="or(24) " fcode="or"/>
<opset="borrowReg_327/6 "/>
</bind>
</comp>

<comp id="1094" class="1004" name="add_ln33_105_fu_1094">
<pin_list>
<pin id="1095" dir="0" index="0" bw="1" slack="0"/>
<pin id="1096" dir="0" index="1" bw="64" slack="5"/>
<pin id="1097" dir="1" index="2" bw="64" slack="0"/>
</pin_list>
<bind>
<opcode="add(8) " fcode="add"/>
<opset="add_ln33_105/6 "/>
</bind>
</comp>

<comp id="1099" class="1004" name="add_ln33_106_fu_1099">
<pin_list>
<pin id="1100" dir="0" index="0" bw="64" slack="0"/>
<pin id="1101" dir="0" index="1" bw="64" slack="1"/>
<pin id="1102" dir="1" index="2" bw="64" slack="0"/>
</pin_list>
<bind>
<opcode="add(8) " fcode="add"/>
<opset="add_ln33_106/6 "/>
</bind>
</comp>

<comp id="1105" class="1004" name="tempReg_1423_fu_1105">
<pin_list>
<pin id="1106" dir="0" index="0" bw="64" slack="0"/>
<pin id="1107" dir="0" index="1" bw="57" slack="0"/>
<pin id="1108" dir="1" index="2" bw="64" slack="0"/>
</pin_list>
<bind>
<opcode="add(8) " fcode="add"/>
<opset="tempReg_1423/6 "/>
</bind>
</comp>

<comp id="1111" class="1004" name="sub_ln95_227_fu_1111">
<pin_list>
<pin id="1112" dir="0" index="0" bw="57" slack="0"/>
<pin id="1113" dir="0" index="1" bw="64" slack="0"/>
<pin id="1114" dir="1" index="2" bw="64" slack="0"/>
</pin_list>
<bind>
<opcode="sub(10) " fcode="sub"/>
<opset="sub_ln95_227/6 "/>
</bind>
</comp>

<comp id="1117" class="1004" name="or_ln95_251_fu_1117">
<pin_list>
<pin id="1118" dir="0" index="0" bw="64" slack="0"/>
<pin id="1119" dir="0" index="1" bw="64" slack="0"/>
<pin id="1120" dir="1" index="2" bw="64" slack="0"/>
</pin_list>
<bind>
<opcode="or(24) " fcode="or"/>
<opset="or_ln95_251/6 "/>
</bind>
</comp>

<comp id="1123" class="1004" name="tmp_1020_fu_1123">
<pin_list>
<pin id="1124" dir="0" index="0" bw="1" slack="0"/>
<pin id="1125" dir="0" index="1" bw="64" slack="0"/>
<pin id="1126" dir="0" index="2" bw="7" slack="0"/>
<pin id="1127" dir="1" index="3" bw="1" slack="0"/>
</pin_list>
<bind>
<opcode="bitselect(1000) " fcode="bitselect"/>
<opset="tmp_1020/6 "/>
</bind>
</comp>

<comp id="1131" class="1004" name="xor_ln100_251_fu_1131">
<pin_list>
<pin id="1132" dir="0" index="0" bw="1" slack="0"/>
<pin id="1133" dir="0" index="1" bw="1" slack="0"/>
<pin id="1134" dir="1" index="2" bw="1" slack="0"/>
</pin_list>
<bind>
<opcode="xor(25) " fcode="xor"/>
<opset="xor_ln100_251/6 "/>
</bind>
</comp>

<comp id="1137" class="1004" name="and_ln39_48_fu_1137">
<pin_list>
<pin id="1138" dir="0" index="0" bw="1" slack="0"/>
<pin id="1139" dir="0" index="1" bw="1" slack="0"/>
<pin id="1140" dir="1" index="2" bw="1" slack="0"/>
</pin_list>
<bind>
<opcode="and(23) " fcode="and"/>
<opset="and_ln39_48/6 "/>
</bind>
</comp>

<comp id="1143" class="1004" name="borrowReg_328_fu_1143">
<pin_list>
<pin id="1144" dir="0" index="0" bw="1" slack="0"/>
<pin id="1145" dir="0" index="1" bw="1" slack="0"/>
<pin id="1146" dir="1" index="2" bw="1" slack="0"/>
</pin_list>
<bind>
<opcode="or(24) " fcode="or"/>
<opset="borrowReg_328/6 "/>
</bind>
</comp>

<comp id="1149" class="1004" name="zext_ln41_fu_1149">
<pin_list>
<pin id="1150" dir="0" index="0" bw="1" slack="0"/>
<pin id="1151" dir="1" index="1" bw="64" slack="0"/>
</pin_list>
<bind>
<opcode="zext(34) " fcode="zext"/>
<opset="zext_ln41/6 "/>
</bind>
</comp>

<comp id="1153" class="1004" name="select_ln46_fu_1153">
<pin_list>
<pin id="1154" dir="0" index="0" bw="1" slack="0"/>
<pin id="1155" dir="0" index="1" bw="64" slack="0"/>
<pin id="1156" dir="0" index="2" bw="64" slack="0"/>
<pin id="1157" dir="1" index="3" bw="64" slack="0"/>
</pin_list>
<bind>
<opcode="select(49) " fcode="select"/>
<opset="select_ln46/6 "/>
</bind>
</comp>

<comp id="1161" class="1004" name="add_ln46_fu_1161">
<pin_list>
<pin id="1162" dir="0" index="0" bw="2" slack="0"/>
<pin id="1163" dir="0" index="1" bw="64" slack="0"/>
<pin id="1164" dir="1" index="2" bw="64" slack="0"/>
</pin_list>
<bind>
<opcode="add(8) " fcode="add"/>
<opset="add_ln46/6 "/>
</bind>
</comp>

<comp id="1168" class="1004" name="carry_376_fu_1168">
<pin_list>
<pin id="1169" dir="0" index="0" bw="1" slack="0"/>
<pin id="1170" dir="0" index="1" bw="1" slack="0"/>
<pin id="1171" dir="1" index="2" bw="1" slack="0"/>
</pin_list>
<bind>
<opcode="or(24) " fcode="or"/>
<opset="carry_376/6 "/>
</bind>
</comp>

<comp id="1174" class="1004" name="zext_ln46_fu_1174">
<pin_list>
<pin id="1175" dir="0" index="0" bw="1" slack="0"/>
<pin id="1176" dir="1" index="1" bw="64" slack="0"/>
</pin_list>
<bind>
<opcode="zext(34) " fcode="zext"/>
<opset="zext_ln46/6 "/>
</bind>
</comp>

<comp id="1178" class="1004" name="tempReg_1424_fu_1178">
<pin_list>
<pin id="1179" dir="0" index="0" bw="64" slack="0"/>
<pin id="1180" dir="0" index="1" bw="1" slack="0"/>
<pin id="1181" dir="1" index="2" bw="64" slack="0"/>
</pin_list>
<bind>
<opcode="add(8) " fcode="add"/>
<opset="tempReg_1424/6 "/>
</bind>
</comp>

<comp id="1184" class="1004" name="sub_ln46_fu_1184">
<pin_list>
<pin id="1185" dir="0" index="0" bw="64" slack="0"/>
<pin id="1186" dir="0" index="1" bw="1" slack="0"/>
<pin id="1187" dir="1" index="2" bw="64" slack="1"/>
</pin_list>
<bind>
<opcode="sub(10) " fcode="sub"/>
<opset="sub_ln46/6 "/>
</bind>
</comp>

<comp id="1190" class="1004" name="zext_ln39_43_fu_1190">
<pin_list>
<pin id="1191" dir="0" index="0" bw="1" slack="4"/>
<pin id="1192" dir="1" index="1" bw="64" slack="0"/>
</pin_list>
<bind>
<opcode="zext(34) " fcode="zext"/>
<opset="zext_ln39_43/7 "/>
</bind>
</comp>

<comp id="1193" class="1004" name="sub_ln39_36_fu_1193">
<pin_list>
<pin id="1194" dir="0" index="0" bw="64" slack="4"/>
<pin id="1195" dir="0" index="1" bw="1" slack="0"/>
<pin id="1196" dir="1" index="2" bw="64" slack="0"/>
</pin_list>
<bind>
<opcode="sub(10) " fcode="sub"/>
<opset="sub_ln39_36/7 "/>
</bind>
</comp>

<comp id="1198" class="1004" name="zext_ln39_44_fu_1198">
<pin_list>
<pin id="1199" dir="0" index="0" bw="1" slack="4"/>
<pin id="1200" dir="1" index="1" bw="64" slack="0"/>
</pin_list>
<bind>
<opcode="zext(34) " fcode="zext"/>
<opset="zext_ln39_44/7 "/>
</bind>
</comp>

<comp id="1201" class="1004" name="sub_ln39_37_fu_1201">
<pin_list>
<pin id="1202" dir="0" index="0" bw="64" slack="1"/>
<pin id="1203" dir="0" index="1" bw="1" slack="0"/>
<pin id="1204" dir="1" index="2" bw="64" slack="0"/>
</pin_list>
<bind>
<opcode="sub(10) " fcode="sub"/>
<opset="sub_ln39_37/7 "/>
</bind>
</comp>

<comp id="1206" class="1004" name="carry_377_fu_1206">
<pin_list>
<pin id="1207" dir="0" index="0" bw="1" slack="0"/>
<pin id="1208" dir="0" index="1" bw="1" slack="0"/>
<pin id="1209" dir="1" index="2" bw="1" slack="0"/>
</pin_list>
<bind>
<opcode="or(24) " fcode="or"/>
<opset="carry_377/7 "/>
</bind>
</comp>

<comp id="1212" class="1004" name="zext_ln46_43_fu_1212">
<pin_list>
<pin id="1213" dir="0" index="0" bw="1" slack="0"/>
<pin id="1214" dir="1" index="1" bw="64" slack="0"/>
</pin_list>
<bind>
<opcode="zext(34) " fcode="zext"/>
<opset="zext_ln46_43/7 "/>
</bind>
</comp>

<comp id="1217" class="1004" name="tempReg_1425_fu_1217">
<pin_list>
<pin id="1218" dir="0" index="0" bw="64" slack="0"/>
<pin id="1219" dir="0" index="1" bw="1" slack="0"/>
<pin id="1220" dir="1" index="2" bw="64" slack="0"/>
</pin_list>
<bind>
<opcode="add(8) " fcode="add"/>
<opset="tempReg_1425/7 "/>
</bind>
</comp>

<comp id="1225" class="1004" name="sub_ln46_8_fu_1225">
<pin_list>
<pin id="1226" dir="0" index="0" bw="64" slack="0"/>
<pin id="1227" dir="0" index="1" bw="1" slack="1"/>
<pin id="1228" dir="1" index="2" bw="64" slack="0"/>
</pin_list>
<bind>
<opcode="sub(10) " fcode="sub"/>
<opset="sub_ln46_8/7 "/>
</bind>
</comp>

<comp id="1231" class="1004" name="carry_378_fu_1231">
<pin_list>
<pin id="1232" dir="0" index="0" bw="1" slack="0"/>
<pin id="1233" dir="0" index="1" bw="1" slack="0"/>
<pin id="1234" dir="1" index="2" bw="1" slack="0"/>
</pin_list>
<bind>
<opcode="or(24) " fcode="or"/>
<opset="carry_378/7 "/>
</bind>
</comp>

<comp id="1237" class="1004" name="zext_ln46_44_fu_1237">
<pin_list>
<pin id="1238" dir="0" index="0" bw="1" slack="0"/>
<pin id="1239" dir="1" index="1" bw="64" slack="0"/>
</pin_list>
<bind>
<opcode="zext(34) " fcode="zext"/>
<opset="zext_ln46_44/7 "/>
</bind>
</comp>

<comp id="1241" class="1004" name="tempReg_1426_fu_1241">
<pin_list>
<pin id="1242" dir="0" index="0" bw="64" slack="0"/>
<pin id="1243" dir="0" index="1" bw="1" slack="0"/>
<pin id="1244" dir="1" index="2" bw="64" slack="0"/>
</pin_list>
<bind>
<opcode="add(8) " fcode="add"/>
<opset="tempReg_1426/7 "/>
</bind>
</comp>

<comp id="1247" class="1004" name="select_ln46_36_fu_1247">
<pin_list>
<pin id="1248" dir="0" index="0" bw="1" slack="1"/>
<pin id="1249" dir="0" index="1" bw="64" slack="0"/>
<pin id="1250" dir="0" index="2" bw="64" slack="0"/>
<pin id="1251" dir="1" index="3" bw="64" slack="0"/>
</pin_list>
<bind>
<opcode="select(49) " fcode="select"/>
<opset="select_ln46_36/7 "/>
</bind>
</comp>

<comp id="1254" class="1004" name="add_ln46_81_fu_1254">
<pin_list>
<pin id="1255" dir="0" index="0" bw="64" slack="0"/>
<pin id="1256" dir="0" index="1" bw="64" slack="0"/>
<pin id="1257" dir="1" index="2" bw="64" slack="1"/>
</pin_list>
<bind>
<opcode="add(8) " fcode="add"/>
<opset="add_ln46_81/7 "/>
</bind>
</comp>

<comp id="1260" class="1004" name="zext_ln39_45_fu_1260">
<pin_list>
<pin id="1261" dir="0" index="0" bw="1" slack="2"/>
<pin id="1262" dir="1" index="1" bw="64" slack="0"/>
</pin_list>
<bind>
<opcode="zext(34) " fcode="zext"/>
<opset="zext_ln39_45/8 "/>
</bind>
</comp>

<comp id="1263" class="1004" name="sub_ln39_38_fu_1263">
<pin_list>
<pin id="1264" dir="0" index="0" bw="64" slack="2"/>
<pin id="1265" dir="0" index="1" bw="1" slack="0"/>
<pin id="1266" dir="1" index="2" bw="64" slack="0"/>
</pin_list>
<bind>
<opcode="sub(10) " fcode="sub"/>
<opset="sub_ln39_38/8 "/>
</bind>
</comp>

<comp id="1268" class="1004" name="zext_ln39_46_fu_1268">
<pin_list>
<pin id="1269" dir="0" index="0" bw="1" slack="2"/>
<pin id="1270" dir="1" index="1" bw="64" slack="0"/>
</pin_list>
<bind>
<opcode="zext(34) " fcode="zext"/>
<opset="zext_ln39_46/8 "/>
</bind>
</comp>

<comp id="1271" class="1004" name="sub_ln39_39_fu_1271">
<pin_list>
<pin id="1272" dir="0" index="0" bw="64" slack="2"/>
<pin id="1273" dir="0" index="1" bw="1" slack="0"/>
<pin id="1274" dir="1" index="2" bw="64" slack="0"/>
</pin_list>
<bind>
<opcode="sub(10) " fcode="sub"/>
<opset="sub_ln39_39/8 "/>
</bind>
</comp>

<comp id="1276" class="1004" name="carry_379_fu_1276">
<pin_list>
<pin id="1277" dir="0" index="0" bw="1" slack="0"/>
<pin id="1278" dir="0" index="1" bw="1" slack="0"/>
<pin id="1279" dir="1" index="2" bw="1" slack="0"/>
</pin_list>
<bind>
<opcode="or(24) " fcode="or"/>
<opset="carry_379/8 "/>
</bind>
</comp>

<comp id="1282" class="1004" name="zext_ln46_45_fu_1282">
<pin_list>
<pin id="1283" dir="0" index="0" bw="1" slack="0"/>
<pin id="1284" dir="1" index="1" bw="64" slack="0"/>
</pin_list>
<bind>
<opcode="zext(34) " fcode="zext"/>
<opset="zext_ln46_45/8 "/>
</bind>
</comp>

<comp id="1287" class="1004" name="tempReg_1427_fu_1287">
<pin_list>
<pin id="1288" dir="0" index="0" bw="64" slack="0"/>
<pin id="1289" dir="0" index="1" bw="1" slack="0"/>
<pin id="1290" dir="1" index="2" bw="64" slack="0"/>
</pin_list>
<bind>
<opcode="add(8) " fcode="add"/>
<opset="tempReg_1427/8 "/>
</bind>
</comp>

<comp id="1295" class="1004" name="select_ln46_37_fu_1295">
<pin_list>
<pin id="1296" dir="0" index="0" bw="1" slack="2"/>
<pin id="1297" dir="0" index="1" bw="64" slack="0"/>
<pin id="1298" dir="0" index="2" bw="64" slack="0"/>
<pin id="1299" dir="1" index="3" bw="64" slack="0"/>
</pin_list>
<bind>
<opcode="select(49) " fcode="select"/>
<opset="select_ln46_37/8 "/>
</bind>
</comp>

<comp id="1302" class="1004" name="add_ln46_83_fu_1302">
<pin_list>
<pin id="1303" dir="0" index="0" bw="64" slack="0"/>
<pin id="1304" dir="0" index="1" bw="63" slack="0"/>
<pin id="1305" dir="1" index="2" bw="64" slack="0"/>
</pin_list>
<bind>
<opcode="add(8) " fcode="add"/>
<opset="add_ln46_83/8 "/>
</bind>
</comp>

<comp id="1309" class="1004" name="carry_380_fu_1309">
<pin_list>
<pin id="1310" dir="0" index="0" bw="1" slack="0"/>
<pin id="1311" dir="0" index="1" bw="1" slack="0"/>
<pin id="1312" dir="1" index="2" bw="1" slack="0"/>
</pin_list>
<bind>
<opcode="or(24) " fcode="or"/>
<opset="carry_380/8 "/>
</bind>
</comp>

<comp id="1315" class="1004" name="zext_ln46_46_fu_1315">
<pin_list>
<pin id="1316" dir="0" index="0" bw="1" slack="0"/>
<pin id="1317" dir="1" index="1" bw="64" slack="0"/>
</pin_list>
<bind>
<opcode="zext(34) " fcode="zext"/>
<opset="zext_ln46_46/8 "/>
</bind>
</comp>

<comp id="1319" class="1004" name="tempReg_1428_fu_1319">
<pin_list>
<pin id="1320" dir="0" index="0" bw="64" slack="0"/>
<pin id="1321" dir="0" index="1" bw="1" slack="0"/>
<pin id="1322" dir="1" index="2" bw="64" slack="0"/>
</pin_list>
<bind>
<opcode="add(8) " fcode="add"/>
<opset="tempReg_1428/8 "/>
</bind>
</comp>

<comp id="1325" class="1004" name="select_ln46_38_fu_1325">
<pin_list>
<pin id="1326" dir="0" index="0" bw="1" slack="2"/>
<pin id="1327" dir="0" index="1" bw="64" slack="0"/>
<pin id="1328" dir="0" index="2" bw="64" slack="0"/>
<pin id="1329" dir="1" index="3" bw="64" slack="0"/>
</pin_list>
<bind>
<opcode="select(49) " fcode="select"/>
<opset="select_ln46_38/8 "/>
</bind>
</comp>

<comp id="1332" class="1004" name="add_ln46_85_fu_1332">
<pin_list>
<pin id="1333" dir="0" index="0" bw="64" slack="0"/>
<pin id="1334" dir="0" index="1" bw="63" slack="0"/>
<pin id="1335" dir="1" index="2" bw="64" slack="1"/>
</pin_list>
<bind>
<opcode="add(8) " fcode="add"/>
<opset="add_ln46_85/8 "/>
</bind>
</comp>

<comp id="1338" class="1004" name="zext_ln39_47_fu_1338">
<pin_list>
<pin id="1339" dir="0" index="0" bw="1" slack="3"/>
<pin id="1340" dir="1" index="1" bw="64" slack="0"/>
</pin_list>
<bind>
<opcode="zext(34) " fcode="zext"/>
<opset="zext_ln39_47/9 "/>
</bind>
</comp>

<comp id="1341" class="1004" name="sub_ln39_40_fu_1341">
<pin_list>
<pin id="1342" dir="0" index="0" bw="64" slack="3"/>
<pin id="1343" dir="0" index="1" bw="1" slack="0"/>
<pin id="1344" dir="1" index="2" bw="64" slack="0"/>
</pin_list>
<bind>
<opcode="sub(10) " fcode="sub"/>
<opset="sub_ln39_40/9 "/>
</bind>
</comp>

<comp id="1346" class="1004" name="zext_ln39_48_fu_1346">
<pin_list>
<pin id="1347" dir="0" index="0" bw="1" slack="3"/>
<pin id="1348" dir="1" index="1" bw="64" slack="0"/>
</pin_list>
<bind>
<opcode="zext(34) " fcode="zext"/>
<opset="zext_ln39_48/9 "/>
</bind>
</comp>

<comp id="1349" class="1004" name="sub_ln39_41_fu_1349">
<pin_list>
<pin id="1350" dir="0" index="0" bw="64" slack="3"/>
<pin id="1351" dir="0" index="1" bw="1" slack="0"/>
<pin id="1352" dir="1" index="2" bw="64" slack="0"/>
</pin_list>
<bind>
<opcode="sub(10) " fcode="sub"/>
<opset="sub_ln39_41/9 "/>
</bind>
</comp>

<comp id="1354" class="1004" name="carry_381_fu_1354">
<pin_list>
<pin id="1355" dir="0" index="0" bw="1" slack="0"/>
<pin id="1356" dir="0" index="1" bw="1" slack="0"/>
<pin id="1357" dir="1" index="2" bw="1" slack="0"/>
</pin_list>
<bind>
<opcode="or(24) " fcode="or"/>
<opset="carry_381/9 "/>
</bind>
</comp>

<comp id="1360" class="1004" name="zext_ln46_47_fu_1360">
<pin_list>
<pin id="1361" dir="0" index="0" bw="1" slack="0"/>
<pin id="1362" dir="1" index="1" bw="64" slack="0"/>
</pin_list>
<bind>
<opcode="zext(34) " fcode="zext"/>
<opset="zext_ln46_47/9 "/>
</bind>
</comp>

<comp id="1365" class="1004" name="tempReg_1429_fu_1365">
<pin_list>
<pin id="1366" dir="0" index="0" bw="64" slack="0"/>
<pin id="1367" dir="0" index="1" bw="1" slack="0"/>
<pin id="1368" dir="1" index="2" bw="64" slack="0"/>
</pin_list>
<bind>
<opcode="add(8) " fcode="add"/>
<opset="tempReg_1429/9 "/>
</bind>
</comp>

<comp id="1373" class="1004" name="select_ln46_39_fu_1373">
<pin_list>
<pin id="1374" dir="0" index="0" bw="1" slack="3"/>
<pin id="1375" dir="0" index="1" bw="64" slack="0"/>
<pin id="1376" dir="0" index="2" bw="64" slack="0"/>
<pin id="1377" dir="1" index="3" bw="64" slack="0"/>
</pin_list>
<bind>
<opcode="select(49) " fcode="select"/>
<opset="select_ln46_39/9 "/>
</bind>
</comp>

<comp id="1380" class="1004" name="add_ln46_87_fu_1380">
<pin_list>
<pin id="1381" dir="0" index="0" bw="64" slack="0"/>
<pin id="1382" dir="0" index="1" bw="63" slack="0"/>
<pin id="1383" dir="1" index="2" bw="64" slack="0"/>
</pin_list>
<bind>
<opcode="add(8) " fcode="add"/>
<opset="add_ln46_87/9 "/>
</bind>
</comp>

<comp id="1388" class="1004" name="carry_382_fu_1388">
<pin_list>
<pin id="1389" dir="0" index="0" bw="1" slack="0"/>
<pin id="1390" dir="0" index="1" bw="1" slack="0"/>
<pin id="1391" dir="1" index="2" bw="1" slack="0"/>
</pin_list>
<bind>
<opcode="or(24) " fcode="or"/>
<opset="carry_382/9 "/>
</bind>
</comp>

<comp id="1394" class="1004" name="select_ln46_40_fu_1394">
<pin_list>
<pin id="1395" dir="0" index="0" bw="1" slack="3"/>
<pin id="1396" dir="0" index="1" bw="55" slack="0"/>
<pin id="1397" dir="0" index="2" bw="55" slack="0"/>
<pin id="1398" dir="1" index="3" bw="55" slack="0"/>
</pin_list>
<bind>
<opcode="select(49) " fcode="select"/>
<opset="select_ln46_40/9 "/>
</bind>
</comp>

<comp id="1401" class="1004" name="tmp4_fu_1401">
<pin_list>
<pin id="1402" dir="0" index="0" bw="56" slack="0"/>
<pin id="1403" dir="0" index="1" bw="55" slack="0"/>
<pin id="1404" dir="0" index="2" bw="1" slack="0"/>
<pin id="1405" dir="1" index="3" bw="56" slack="0"/>
</pin_list>
<bind>
<opcode="bitconcatenate(1004) " fcode="bitconcatenate"/>
<opset="tmp4/9 "/>
</bind>
</comp>

<comp id="1409" class="1004" name="zext_ln46_48_fu_1409">
<pin_list>
<pin id="1410" dir="0" index="0" bw="56" slack="0"/>
<pin id="1411" dir="1" index="1" bw="64" slack="0"/>
</pin_list>
<bind>
<opcode="zext(34) " fcode="zext"/>
<opset="zext_ln46_48/9 "/>
</bind>
</comp>

<comp id="1413" class="1004" name="add_ln46_88_fu_1413">
<pin_list>
<pin id="1414" dir="0" index="0" bw="56" slack="0"/>
<pin id="1415" dir="0" index="1" bw="64" slack="0"/>
<pin id="1416" dir="1" index="2" bw="64" slack="0"/>
</pin_list>
<bind>
<opcode="add(8) " fcode="add"/>
<opset="add_ln46_88/9 "/>
</bind>
</comp>

<comp id="1420" class="1005" name="a_read_484_reg_1420">
<pin_list>
<pin id="1421" dir="0" index="0" bw="64" slack="5"/>
<pin id="1422" dir="1" index="1" bw="64" slack="5"/>
</pin_list>
<bind>
<opset="a_read_484 "/>
</bind>
</comp>

<comp id="1425" class="1005" name="a_read_485_reg_1425">
<pin_list>
<pin id="1426" dir="0" index="0" bw="64" slack="4"/>
<pin id="1427" dir="1" index="1" bw="64" slack="4"/>
</pin_list>
<bind>
<opset="a_read_485 "/>
</bind>
</comp>

<comp id="1430" class="1005" name="a_read_486_reg_1430">
<pin_list>
<pin id="1431" dir="0" index="0" bw="64" slack="3"/>
<pin id="1432" dir="1" index="1" bw="64" slack="3"/>
</pin_list>
<bind>
<opset="a_read_486 "/>
</bind>
</comp>

<comp id="1435" class="1005" name="a_read_487_reg_1435">
<pin_list>
<pin id="1436" dir="0" index="0" bw="64" slack="3"/>
<pin id="1437" dir="1" index="1" bw="64" slack="3"/>
</pin_list>
<bind>
<opset="a_read_487 "/>
</bind>
</comp>

<comp id="1440" class="1005" name="a_read_488_reg_1440">
<pin_list>
<pin id="1441" dir="0" index="0" bw="64" slack="2"/>
<pin id="1442" dir="1" index="1" bw="64" slack="2"/>
</pin_list>
<bind>
<opset="a_read_488 "/>
</bind>
</comp>

<comp id="1445" class="1005" name="a_read_489_reg_1445">
<pin_list>
<pin id="1446" dir="0" index="0" bw="64" slack="2"/>
<pin id="1447" dir="1" index="1" bw="64" slack="2"/>
</pin_list>
<bind>
<opset="a_read_489 "/>
</bind>
</comp>

<comp id="1450" class="1005" name="a_read_490_reg_1450">
<pin_list>
<pin id="1451" dir="0" index="0" bw="64" slack="1"/>
<pin id="1452" dir="1" index="1" bw="64" slack="1"/>
</pin_list>
<bind>
<opset="a_read_490 "/>
</bind>
</comp>

<comp id="1455" class="1005" name="a_read103_reg_1455">
<pin_list>
<pin id="1456" dir="0" index="0" bw="64" slack="1"/>
<pin id="1457" dir="1" index="1" bw="64" slack="1"/>
</pin_list>
<bind>
<opset="a_read103 "/>
</bind>
</comp>

<comp id="1462" class="1005" name="zext_ln33_41_reg_1462">
<pin_list>
<pin id="1463" dir="0" index="0" bw="64" slack="1"/>
<pin id="1464" dir="1" index="1" bw="64" slack="1"/>
</pin_list>
<bind>
<opset="zext_ln33_41 "/>
</bind>
</comp>

<comp id="1472" class="1005" name="pts_Z_0_addr_reg_1472">
<pin_list>
<pin id="1473" dir="0" index="0" bw="4" slack="1"/>
<pin id="1474" dir="1" index="1" bw="4" slack="1"/>
</pin_list>
<bind>
<opset="pts_Z_0_addr "/>
</bind>
</comp>

<comp id="1477" class="1005" name="pts_Z_1_addr_reg_1477">
<pin_list>
<pin id="1478" dir="0" index="0" bw="4" slack="1"/>
<pin id="1479" dir="1" index="1" bw="4" slack="1"/>
</pin_list>
<bind>
<opset="pts_Z_1_addr "/>
</bind>
</comp>

<comp id="1482" class="1005" name="add_ln33_reg_1482">
<pin_list>
<pin id="1483" dir="0" index="0" bw="64" slack="1"/>
<pin id="1484" dir="1" index="1" bw="64" slack="1"/>
</pin_list>
<bind>
<opset="add_ln33 "/>
</bind>
</comp>

<comp id="1488" class="1005" name="add_ln33_94_reg_1488">
<pin_list>
<pin id="1489" dir="0" index="0" bw="64" slack="1"/>
<pin id="1490" dir="1" index="1" bw="64" slack="1"/>
</pin_list>
<bind>
<opset="add_ln33_94 "/>
</bind>
</comp>

<comp id="1496" class="1005" name="carry_370_reg_1496">
<pin_list>
<pin id="1497" dir="0" index="0" bw="1" slack="1"/>
<pin id="1498" dir="1" index="1" bw="1" slack="1"/>
</pin_list>
<bind>
<opset="carry_370 "/>
</bind>
</comp>

<comp id="1501" class="1005" name="pts_Z_2_addr_reg_1501">
<pin_list>
<pin id="1502" dir="0" index="0" bw="4" slack="1"/>
<pin id="1503" dir="1" index="1" bw="4" slack="1"/>
</pin_list>
<bind>
<opset="pts_Z_2_addr "/>
</bind>
</comp>

<comp id="1506" class="1005" name="pts_Z_3_addr_reg_1506">
<pin_list>
<pin id="1507" dir="0" index="0" bw="4" slack="1"/>
<pin id="1508" dir="1" index="1" bw="4" slack="1"/>
</pin_list>
<bind>
<opset="pts_Z_3_addr "/>
</bind>
</comp>

<comp id="1511" class="1005" name="borrowReg_reg_1511">
<pin_list>
<pin id="1512" dir="0" index="0" bw="1" slack="3"/>
<pin id="1513" dir="1" index="1" bw="1" slack="3"/>
</pin_list>
<bind>
<opset="borrowReg "/>
</bind>
</comp>

<comp id="1516" class="1005" name="tempReg_1417_reg_1516">
<pin_list>
<pin id="1517" dir="0" index="0" bw="64" slack="3"/>
<pin id="1518" dir="1" index="1" bw="64" slack="3"/>
</pin_list>
<bind>
<opset="tempReg_1417 "/>
</bind>
</comp>

<comp id="1521" class="1005" name="borrowReg_322_reg_1521">
<pin_list>
<pin id="1522" dir="0" index="0" bw="1" slack="4"/>
<pin id="1523" dir="1" index="1" bw="1" slack="4"/>
</pin_list>
<bind>
<opset="borrowReg_322 "/>
</bind>
</comp>

<comp id="1526" class="1005" name="tempReg_1418_reg_1526">
<pin_list>
<pin id="1527" dir="0" index="0" bw="64" slack="4"/>
<pin id="1528" dir="1" index="1" bw="64" slack="4"/>
</pin_list>
<bind>
<opset="tempReg_1418 "/>
</bind>
</comp>

<comp id="1531" class="1005" name="borrowReg_323_reg_1531">
<pin_list>
<pin id="1532" dir="0" index="0" bw="1" slack="3"/>
<pin id="1533" dir="1" index="1" bw="1" slack="3"/>
</pin_list>
<bind>
<opset="borrowReg_323 "/>
</bind>
</comp>

<comp id="1537" class="1005" name="tempReg_1413_reg_1537">
<pin_list>
<pin id="1538" dir="0" index="0" bw="64" slack="1"/>
<pin id="1539" dir="1" index="1" bw="64" slack="1"/>
</pin_list>
<bind>
<opset="tempReg_1413 "/>
</bind>
</comp>

<comp id="1542" class="1005" name="tmp_987_reg_1542">
<pin_list>
<pin id="1543" dir="0" index="0" bw="1" slack="1"/>
<pin id="1544" dir="1" index="1" bw="1" slack="1"/>
</pin_list>
<bind>
<opset="tmp_987 "/>
</bind>
</comp>

<comp id="1547" class="1005" name="add_ln33_98_reg_1547">
<pin_list>
<pin id="1548" dir="0" index="0" bw="64" slack="1"/>
<pin id="1549" dir="1" index="1" bw="64" slack="1"/>
</pin_list>
<bind>
<opset="add_ln33_98 "/>
</bind>
</comp>

<comp id="1555" class="1005" name="pts_Z_4_addr_reg_1555">
<pin_list>
<pin id="1556" dir="0" index="0" bw="4" slack="1"/>
<pin id="1557" dir="1" index="1" bw="4" slack="1"/>
</pin_list>
<bind>
<opset="pts_Z_4_addr "/>
</bind>
</comp>

<comp id="1560" class="1005" name="add_ln33_100_reg_1560">
<pin_list>
<pin id="1561" dir="0" index="0" bw="64" slack="2"/>
<pin id="1562" dir="1" index="1" bw="64" slack="2"/>
</pin_list>
<bind>
<opset="add_ln33_100 "/>
</bind>
</comp>

<comp id="1567" class="1005" name="zext_ln33_45_reg_1567">
<pin_list>
<pin id="1568" dir="0" index="0" bw="64" slack="1"/>
<pin id="1569" dir="1" index="1" bw="64" slack="1"/>
</pin_list>
<bind>
<opset="zext_ln33_45 "/>
</bind>
</comp>

<comp id="1572" class="1005" name="tempReg_1415_reg_1572">
<pin_list>
<pin id="1573" dir="0" index="0" bw="64" slack="1"/>
<pin id="1574" dir="1" index="1" bw="64" slack="1"/>
</pin_list>
<bind>
<opset="tempReg_1415 "/>
</bind>
</comp>

<comp id="1579" class="1005" name="pts_Z_5_addr_reg_1579">
<pin_list>
<pin id="1580" dir="0" index="0" bw="4" slack="1"/>
<pin id="1581" dir="1" index="1" bw="4" slack="1"/>
</pin_list>
<bind>
<opset="pts_Z_5_addr "/>
</bind>
</comp>

<comp id="1584" class="1005" name="pts_Z_6_addr_reg_1584">
<pin_list>
<pin id="1585" dir="0" index="0" bw="4" slack="1"/>
<pin id="1586" dir="1" index="1" bw="4" slack="1"/>
</pin_list>
<bind>
<opset="pts_Z_6_addr "/>
</bind>
</comp>

<comp id="1589" class="1005" name="pts_Z_7_addr_reg_1589">
<pin_list>
<pin id="1590" dir="0" index="0" bw="4" slack="1"/>
<pin id="1591" dir="1" index="1" bw="4" slack="1"/>
</pin_list>
<bind>
<opset="pts_Z_7_addr "/>
</bind>
</comp>

<comp id="1594" class="1005" name="tmp_989_reg_1594">
<pin_list>
<pin id="1595" dir="0" index="0" bw="1" slack="1"/>
<pin id="1596" dir="1" index="1" bw="1" slack="1"/>
</pin_list>
<bind>
<opset="tmp_989 "/>
</bind>
</comp>

<comp id="1599" class="1005" name="add_ln33_102_reg_1599">
<pin_list>
<pin id="1600" dir="0" index="0" bw="64" slack="1"/>
<pin id="1601" dir="1" index="1" bw="64" slack="1"/>
</pin_list>
<bind>
<opset="add_ln33_102 "/>
</bind>
</comp>

<comp id="1606" class="1005" name="add_ln33_104_reg_1606">
<pin_list>
<pin id="1607" dir="0" index="0" bw="64" slack="1"/>
<pin id="1608" dir="1" index="1" bw="64" slack="1"/>
</pin_list>
<bind>
<opset="add_ln33_104 "/>
</bind>
</comp>

<comp id="1613" class="1005" name="carry_375_reg_1613">
<pin_list>
<pin id="1614" dir="0" index="0" bw="1" slack="1"/>
<pin id="1615" dir="1" index="1" bw="1" slack="1"/>
</pin_list>
<bind>
<opset="carry_375 "/>
</bind>
</comp>

<comp id="1618" class="1005" name="pts_Z_7_load_reg_1618">
<pin_list>
<pin id="1619" dir="0" index="0" bw="64" slack="1"/>
<pin id="1620" dir="1" index="1" bw="64" slack="1"/>
</pin_list>
<bind>
<opset="pts_Z_7_load "/>
</bind>
</comp>

<comp id="1623" class="1005" name="tempReg_1419_reg_1623">
<pin_list>
<pin id="1624" dir="0" index="0" bw="64" slack="1"/>
<pin id="1625" dir="1" index="1" bw="64" slack="1"/>
</pin_list>
<bind>
<opset="tempReg_1419 "/>
</bind>
</comp>

<comp id="1628" class="1005" name="borrowReg_324_reg_1628">
<pin_list>
<pin id="1629" dir="0" index="0" bw="1" slack="2"/>
<pin id="1630" dir="1" index="1" bw="1" slack="2"/>
</pin_list>
<bind>
<opset="borrowReg_324 "/>
</bind>
</comp>

<comp id="1633" class="1005" name="tempReg_1420_reg_1633">
<pin_list>
<pin id="1634" dir="0" index="0" bw="64" slack="2"/>
<pin id="1635" dir="1" index="1" bw="64" slack="2"/>
</pin_list>
<bind>
<opset="tempReg_1420 "/>
</bind>
</comp>

<comp id="1638" class="1005" name="borrowReg_325_reg_1638">
<pin_list>
<pin id="1639" dir="0" index="0" bw="1" slack="2"/>
<pin id="1640" dir="1" index="1" bw="1" slack="2"/>
</pin_list>
<bind>
<opset="borrowReg_325 "/>
</bind>
</comp>

<comp id="1643" class="1005" name="tempReg_1421_reg_1643">
<pin_list>
<pin id="1644" dir="0" index="0" bw="64" slack="2"/>
<pin id="1645" dir="1" index="1" bw="64" slack="2"/>
</pin_list>
<bind>
<opset="tempReg_1421 "/>
</bind>
</comp>

<comp id="1648" class="1005" name="borrowReg_326_reg_1648">
<pin_list>
<pin id="1649" dir="0" index="0" bw="1" slack="3"/>
<pin id="1650" dir="1" index="1" bw="1" slack="3"/>
</pin_list>
<bind>
<opset="borrowReg_326 "/>
</bind>
</comp>

<comp id="1653" class="1005" name="tempReg_1422_reg_1653">
<pin_list>
<pin id="1654" dir="0" index="0" bw="64" slack="3"/>
<pin id="1655" dir="1" index="1" bw="64" slack="3"/>
</pin_list>
<bind>
<opset="tempReg_1422 "/>
</bind>
</comp>

<comp id="1658" class="1005" name="borrowReg_327_reg_1658">
<pin_list>
<pin id="1659" dir="0" index="0" bw="1" slack="3"/>
<pin id="1660" dir="1" index="1" bw="1" slack="3"/>
</pin_list>
<bind>
<opset="borrowReg_327 "/>
</bind>
</comp>

<comp id="1663" class="1005" name="tempReg_1423_reg_1663">
<pin_list>
<pin id="1664" dir="0" index="0" bw="64" slack="3"/>
<pin id="1665" dir="1" index="1" bw="64" slack="3"/>
</pin_list>
<bind>
<opset="tempReg_1423 "/>
</bind>
</comp>

<comp id="1668" class="1005" name="borrowReg_328_reg_1668">
<pin_list>
<pin id="1669" dir="0" index="0" bw="1" slack="1"/>
<pin id="1670" dir="1" index="1" bw="1" slack="1"/>
</pin_list>
<bind>
<opset="borrowReg_328 "/>
</bind>
</comp>

<comp id="1677" class="1005" name="zext_ln41_reg_1677">
<pin_list>
<pin id="1678" dir="0" index="0" bw="64" slack="1"/>
<pin id="1679" dir="1" index="1" bw="64" slack="1"/>
</pin_list>
<bind>
<opset="zext_ln41 "/>
</bind>
</comp>

<comp id="1682" class="1005" name="add_ln46_reg_1682">
<pin_list>
<pin id="1683" dir="0" index="0" bw="64" slack="3"/>
<pin id="1684" dir="1" index="1" bw="64" slack="3"/>
</pin_list>
<bind>
<opset="add_ln46 "/>
</bind>
</comp>

<comp id="1687" class="1005" name="zext_ln46_reg_1687">
<pin_list>
<pin id="1688" dir="0" index="0" bw="64" slack="1"/>
<pin id="1689" dir="1" index="1" bw="64" slack="1"/>
</pin_list>
<bind>
<opset="zext_ln46 "/>
</bind>
</comp>

<comp id="1692" class="1005" name="tempReg_1424_reg_1692">
<pin_list>
<pin id="1693" dir="0" index="0" bw="64" slack="1"/>
<pin id="1694" dir="1" index="1" bw="64" slack="1"/>
</pin_list>
<bind>
<opset="tempReg_1424 "/>
</bind>
</comp>

<comp id="1698" class="1005" name="sub_ln46_reg_1698">
<pin_list>
<pin id="1699" dir="0" index="0" bw="64" slack="1"/>
<pin id="1700" dir="1" index="1" bw="64" slack="1"/>
</pin_list>
<bind>
<opset="sub_ln46 "/>
</bind>
</comp>

<comp id="1704" class="1005" name="sub_ln46_8_reg_1704">
<pin_list>
<pin id="1705" dir="0" index="0" bw="64" slack="2"/>
<pin id="1706" dir="1" index="1" bw="64" slack="2"/>
</pin_list>
<bind>
<opset="sub_ln46_8 "/>
</bind>
</comp>

<comp id="1709" class="1005" name="zext_ln46_44_reg_1709">
<pin_list>
<pin id="1710" dir="0" index="0" bw="64" slack="1"/>
<pin id="1711" dir="1" index="1" bw="64" slack="1"/>
</pin_list>
<bind>
<opset="zext_ln46_44 "/>
</bind>
</comp>

<comp id="1714" class="1005" name="tempReg_1426_reg_1714">
<pin_list>
<pin id="1715" dir="0" index="0" bw="64" slack="1"/>
<pin id="1716" dir="1" index="1" bw="64" slack="1"/>
</pin_list>
<bind>
<opset="tempReg_1426 "/>
</bind>
</comp>

<comp id="1720" class="1005" name="add_ln46_81_reg_1720">
<pin_list>
<pin id="1721" dir="0" index="0" bw="64" slack="1"/>
<pin id="1722" dir="1" index="1" bw="64" slack="1"/>
</pin_list>
<bind>
<opset="add_ln46_81 "/>
</bind>
</comp>

<comp id="1726" class="1005" name="add_ln46_83_reg_1726">
<pin_list>
<pin id="1727" dir="0" index="0" bw="64" slack="1"/>
<pin id="1728" dir="1" index="1" bw="64" slack="1"/>
</pin_list>
<bind>
<opset="add_ln46_83 "/>
</bind>
</comp>

<comp id="1731" class="1005" name="zext_ln46_46_reg_1731">
<pin_list>
<pin id="1732" dir="0" index="0" bw="64" slack="1"/>
<pin id="1733" dir="1" index="1" bw="64" slack="1"/>
</pin_list>
<bind>
<opset="zext_ln46_46 "/>
</bind>
</comp>

<comp id="1736" class="1005" name="tempReg_1428_reg_1736">
<pin_list>
<pin id="1737" dir="0" index="0" bw="64" slack="1"/>
<pin id="1738" dir="1" index="1" bw="64" slack="1"/>
</pin_list>
<bind>
<opset="tempReg_1428 "/>
</bind>
</comp>

<comp id="1742" class="1005" name="add_ln46_85_reg_1742">
<pin_list>
<pin id="1743" dir="0" index="0" bw="64" slack="1"/>
<pin id="1744" dir="1" index="1" bw="64" slack="1"/>
</pin_list>
<bind>
<opset="add_ln46_85 "/>
</bind>
</comp>

</comp_list>

<net_list>
<net id="122"><net_src comp="50" pin="0"/><net_sink comp="118" pin=0"/></net>

<net id="123"><net_src comp="18" pin="0"/><net_sink comp="118" pin=1"/></net>

<net id="128"><net_src comp="52" pin="0"/><net_sink comp="124" pin=0"/></net>

<net id="129"><net_src comp="14" pin="0"/><net_sink comp="124" pin=1"/></net>

<net id="134"><net_src comp="52" pin="0"/><net_sink comp="130" pin=0"/></net>

<net id="135"><net_src comp="12" pin="0"/><net_sink comp="130" pin=1"/></net>

<net id="140"><net_src comp="52" pin="0"/><net_sink comp="136" pin=0"/></net>

<net id="141"><net_src comp="10" pin="0"/><net_sink comp="136" pin=1"/></net>

<net id="146"><net_src comp="52" pin="0"/><net_sink comp="142" pin=0"/></net>

<net id="147"><net_src comp="8" pin="0"/><net_sink comp="142" pin=1"/></net>

<net id="152"><net_src comp="52" pin="0"/><net_sink comp="148" pin=0"/></net>

<net id="153"><net_src comp="6" pin="0"/><net_sink comp="148" pin=1"/></net>

<net id="158"><net_src comp="52" pin="0"/><net_sink comp="154" pin=0"/></net>

<net id="159"><net_src comp="4" pin="0"/><net_sink comp="154" pin=1"/></net>

<net id="164"><net_src comp="52" pin="0"/><net_sink comp="160" pin=0"/></net>

<net id="165"><net_src comp="2" pin="0"/><net_sink comp="160" pin=1"/></net>

<net id="170"><net_src comp="52" pin="0"/><net_sink comp="166" pin=0"/></net>

<net id="171"><net_src comp="0" pin="0"/><net_sink comp="166" pin=1"/></net>

<net id="177"><net_src comp="16" pin="0"/><net_sink comp="172" pin=0"/></net>

<net id="178"><net_src comp="60" pin="0"/><net_sink comp="172" pin=1"/></net>

<net id="184"><net_src comp="172" pin="3"/><net_sink comp="179" pin=0"/></net>

<net id="190"><net_src comp="20" pin="0"/><net_sink comp="185" pin=0"/></net>

<net id="191"><net_src comp="60" pin="0"/><net_sink comp="185" pin=1"/></net>

<net id="197"><net_src comp="185" pin="3"/><net_sink comp="192" pin=0"/></net>

<net id="203"><net_src comp="22" pin="0"/><net_sink comp="198" pin=0"/></net>

<net id="204"><net_src comp="60" pin="0"/><net_sink comp="198" pin=1"/></net>

<net id="210"><net_src comp="198" pin="3"/><net_sink comp="205" pin=0"/></net>

<net id="216"><net_src comp="24" pin="0"/><net_sink comp="211" pin=0"/></net>

<net id="217"><net_src comp="60" pin="0"/><net_sink comp="211" pin=1"/></net>

<net id="223"><net_src comp="211" pin="3"/><net_sink comp="218" pin=0"/></net>

<net id="229"><net_src comp="26" pin="0"/><net_sink comp="224" pin=0"/></net>

<net id="230"><net_src comp="60" pin="0"/><net_sink comp="224" pin=1"/></net>

<net id="236"><net_src comp="224" pin="3"/><net_sink comp="231" pin=0"/></net>

<net id="242"><net_src comp="28" pin="0"/><net_sink comp="237" pin=0"/></net>

<net id="243"><net_src comp="60" pin="0"/><net_sink comp="237" pin=1"/></net>

<net id="249"><net_src comp="237" pin="3"/><net_sink comp="244" pin=0"/></net>

<net id="255"><net_src comp="30" pin="0"/><net_sink comp="250" pin=0"/></net>

<net id="256"><net_src comp="60" pin="0"/><net_sink comp="250" pin=1"/></net>

<net id="262"><net_src comp="250" pin="3"/><net_sink comp="257" pin=0"/></net>

<net id="268"><net_src comp="32" pin="0"/><net_sink comp="263" pin=0"/></net>

<net id="269"><net_src comp="60" pin="0"/><net_sink comp="263" pin=1"/></net>

<net id="275"><net_src comp="263" pin="3"/><net_sink comp="270" pin=0"/></net>

<net id="281"><net_src comp="34" pin="0"/><net_sink comp="276" pin=0"/></net>

<net id="282"><net_src comp="60" pin="0"/><net_sink comp="276" pin=1"/></net>

<net id="283"><net_src comp="66" pin="0"/><net_sink comp="276" pin=2"/></net>

<net id="289"><net_src comp="36" pin="0"/><net_sink comp="284" pin=0"/></net>

<net id="290"><net_src comp="60" pin="0"/><net_sink comp="284" pin=1"/></net>

<net id="291"><net_src comp="66" pin="0"/><net_sink comp="284" pin=2"/></net>

<net id="297"><net_src comp="38" pin="0"/><net_sink comp="292" pin=0"/></net>

<net id="298"><net_src comp="60" pin="0"/><net_sink comp="292" pin=1"/></net>

<net id="299"><net_src comp="66" pin="0"/><net_sink comp="292" pin=2"/></net>

<net id="305"><net_src comp="40" pin="0"/><net_sink comp="300" pin=0"/></net>

<net id="306"><net_src comp="60" pin="0"/><net_sink comp="300" pin=1"/></net>

<net id="307"><net_src comp="66" pin="0"/><net_sink comp="300" pin=2"/></net>

<net id="313"><net_src comp="42" pin="0"/><net_sink comp="308" pin=0"/></net>

<net id="314"><net_src comp="60" pin="0"/><net_sink comp="308" pin=1"/></net>

<net id="315"><net_src comp="66" pin="0"/><net_sink comp="308" pin=2"/></net>

<net id="321"><net_src comp="44" pin="0"/><net_sink comp="316" pin=0"/></net>

<net id="322"><net_src comp="60" pin="0"/><net_sink comp="316" pin=1"/></net>

<net id="323"><net_src comp="66" pin="0"/><net_sink comp="316" pin=2"/></net>

<net id="329"><net_src comp="46" pin="0"/><net_sink comp="324" pin=0"/></net>

<net id="330"><net_src comp="60" pin="0"/><net_sink comp="324" pin=1"/></net>

<net id="331"><net_src comp="66" pin="0"/><net_sink comp="324" pin=2"/></net>

<net id="337"><net_src comp="276" pin="3"/><net_sink comp="332" pin=0"/></net>

<net id="343"><net_src comp="284" pin="3"/><net_sink comp="338" pin=0"/></net>

<net id="349"><net_src comp="292" pin="3"/><net_sink comp="344" pin=0"/></net>

<net id="355"><net_src comp="300" pin="3"/><net_sink comp="350" pin=0"/></net>

<net id="361"><net_src comp="308" pin="3"/><net_sink comp="356" pin=0"/></net>

<net id="367"><net_src comp="316" pin="3"/><net_sink comp="362" pin=0"/></net>

<net id="373"><net_src comp="324" pin="3"/><net_sink comp="368" pin=0"/></net>

<net id="379"><net_src comp="48" pin="0"/><net_sink comp="374" pin=0"/></net>

<net id="380"><net_src comp="60" pin="0"/><net_sink comp="374" pin=1"/></net>

<net id="381"><net_src comp="66" pin="0"/><net_sink comp="374" pin=2"/></net>

<net id="387"><net_src comp="374" pin="3"/><net_sink comp="382" pin=0"/></net>

<net id="393"><net_src comp="62" pin="0"/><net_sink comp="388" pin=0"/></net>

<net id="394"><net_src comp="60" pin="0"/><net_sink comp="388" pin=2"/></net>

<net id="400"><net_src comp="62" pin="0"/><net_sink comp="395" pin=0"/></net>

<net id="406"><net_src comp="62" pin="0"/><net_sink comp="401" pin=0"/></net>

<net id="412"><net_src comp="62" pin="0"/><net_sink comp="407" pin=0"/></net>

<net id="418"><net_src comp="62" pin="0"/><net_sink comp="413" pin=0"/></net>

<net id="419"><net_src comp="64" pin="0"/><net_sink comp="413" pin=2"/></net>

<net id="425"><net_src comp="62" pin="0"/><net_sink comp="420" pin=0"/></net>

<net id="426"><net_src comp="68" pin="0"/><net_sink comp="420" pin=2"/></net>

<net id="432"><net_src comp="62" pin="0"/><net_sink comp="427" pin=0"/></net>

<net id="438"><net_src comp="62" pin="0"/><net_sink comp="433" pin=0"/></net>

<net id="444"><net_src comp="62" pin="0"/><net_sink comp="439" pin=0"/></net>

<net id="445"><net_src comp="68" pin="0"/><net_sink comp="439" pin=2"/></net>

<net id="451"><net_src comp="62" pin="0"/><net_sink comp="446" pin=0"/></net>

<net id="457"><net_src comp="62" pin="0"/><net_sink comp="452" pin=0"/></net>

<net id="463"><net_src comp="62" pin="0"/><net_sink comp="458" pin=0"/></net>

<net id="469"><net_src comp="62" pin="0"/><net_sink comp="464" pin=0"/></net>

<net id="475"><net_src comp="62" pin="0"/><net_sink comp="470" pin=0"/></net>

<net id="476"><net_src comp="82" pin="0"/><net_sink comp="470" pin=2"/></net>

<net id="482"><net_src comp="62" pin="0"/><net_sink comp="477" pin=0"/></net>

<net id="488"><net_src comp="62" pin="0"/><net_sink comp="483" pin=0"/></net>

<net id="494"><net_src comp="62" pin="0"/><net_sink comp="489" pin=0"/></net>

<net id="500"><net_src comp="62" pin="0"/><net_sink comp="495" pin=0"/></net>

<net id="506"><net_src comp="62" pin="0"/><net_sink comp="501" pin=0"/></net>

<net id="507"><net_src comp="60" pin="0"/><net_sink comp="501" pin=2"/></net>

<net id="513"><net_src comp="62" pin="0"/><net_sink comp="508" pin=0"/></net>

<net id="514"><net_src comp="90" pin="0"/><net_sink comp="508" pin=2"/></net>

<net id="520"><net_src comp="62" pin="0"/><net_sink comp="515" pin=0"/></net>

<net id="521"><net_src comp="94" pin="0"/><net_sink comp="515" pin=2"/></net>

<net id="527"><net_src comp="62" pin="0"/><net_sink comp="522" pin=0"/></net>

<net id="528"><net_src comp="98" pin="0"/><net_sink comp="522" pin=2"/></net>

<net id="534"><net_src comp="62" pin="0"/><net_sink comp="529" pin=0"/></net>

<net id="535"><net_src comp="102" pin="0"/><net_sink comp="529" pin=2"/></net>

<net id="541"><net_src comp="62" pin="0"/><net_sink comp="536" pin=0"/></net>

<net id="547"><net_src comp="62" pin="0"/><net_sink comp="542" pin=0"/></net>

<net id="553"><net_src comp="62" pin="0"/><net_sink comp="548" pin=0"/></net>

<net id="559"><net_src comp="62" pin="0"/><net_sink comp="554" pin=0"/></net>

<net id="565"><net_src comp="62" pin="0"/><net_sink comp="560" pin=0"/></net>

<net id="571"><net_src comp="62" pin="0"/><net_sink comp="566" pin=0"/></net>

<net id="577"><net_src comp="62" pin="0"/><net_sink comp="572" pin=0"/></net>

<net id="583"><net_src comp="62" pin="0"/><net_sink comp="578" pin=0"/></net>

<net id="589"><net_src comp="62" pin="0"/><net_sink comp="584" pin=0"/></net>

<net id="595"><net_src comp="62" pin="0"/><net_sink comp="590" pin=0"/></net>

<net id="601"><net_src comp="62" pin="0"/><net_sink comp="596" pin=0"/></net>

<net id="607"><net_src comp="62" pin="0"/><net_sink comp="602" pin=0"/></net>

<net id="613"><net_src comp="62" pin="0"/><net_sink comp="608" pin=0"/></net>

<net id="620"><net_src comp="54" pin="0"/><net_sink comp="614" pin=0"/></net>

<net id="621"><net_src comp="118" pin="2"/><net_sink comp="614" pin=1"/></net>

<net id="622"><net_src comp="56" pin="0"/><net_sink comp="614" pin=2"/></net>

<net id="623"><net_src comp="58" pin="0"/><net_sink comp="614" pin=3"/></net>

<net id="627"><net_src comp="614" pin="4"/><net_sink comp="624" pin=0"/></net>

<net id="628"><net_src comp="624" pin="1"/><net_sink comp="172" pin=2"/></net>

<net id="629"><net_src comp="624" pin="1"/><net_sink comp="185" pin=2"/></net>

<net id="634"><net_src comp="179" pin="3"/><net_sink comp="630" pin=0"/></net>

<net id="635"><net_src comp="630" pin="2"/><net_sink comp="395" pin=1"/></net>

<net id="640"><net_src comp="395" pin="3"/><net_sink comp="636" pin=0"/></net>

<net id="641"><net_src comp="388" pin="3"/><net_sink comp="636" pin=1"/></net>

<net id="645"><net_src comp="636" pin="2"/><net_sink comp="642" pin=0"/></net>

<net id="646"><net_src comp="642" pin="1"/><net_sink comp="401" pin=2"/></net>

<net id="651"><net_src comp="642" pin="1"/><net_sink comp="647" pin=0"/></net>

<net id="652"><net_src comp="647" pin="2"/><net_sink comp="401" pin=1"/></net>

<net id="653"><net_src comp="647" pin="2"/><net_sink comp="407" pin=2"/></net>

<net id="658"><net_src comp="192" pin="3"/><net_sink comp="654" pin=0"/></net>

<net id="659"><net_src comp="647" pin="2"/><net_sink comp="654" pin=1"/></net>

<net id="660"><net_src comp="654" pin="2"/><net_sink comp="407" pin=1"/></net>

<net id="665"><net_src comp="407" pin="3"/><net_sink comp="661" pin=0"/></net>

<net id="666"><net_src comp="401" pin="3"/><net_sink comp="661" pin=1"/></net>

<net id="670"><net_src comp="667" pin="1"/><net_sink comp="427" pin=2"/></net>

<net id="675"><net_src comp="66" pin="0"/><net_sink comp="671" pin=1"/></net>

<net id="681"><net_src comp="70" pin="0"/><net_sink comp="676" pin=0"/></net>

<net id="682"><net_src comp="72" pin="0"/><net_sink comp="676" pin=2"/></net>

<net id="687"><net_src comp="676" pin="3"/><net_sink comp="683" pin=0"/></net>

<net id="688"><net_src comp="74" pin="0"/><net_sink comp="683" pin=1"/></net>

<net id="697"><net_src comp="76" pin="0"/><net_sink comp="692" pin=0"/></net>

<net id="698"><net_src comp="683" pin="2"/><net_sink comp="692" pin=1"/></net>

<net id="699"><net_src comp="689" pin="1"/><net_sink comp="692" pin=2"/></net>

<net id="704"><net_src comp="671" pin="2"/><net_sink comp="700" pin=0"/></net>

<net id="705"><net_src comp="692" pin="3"/><net_sink comp="700" pin=1"/></net>

<net id="711"><net_src comp="78" pin="0"/><net_sink comp="706" pin=0"/></net>

<net id="712"><net_src comp="700" pin="2"/><net_sink comp="706" pin=1"/></net>

<net id="713"><net_src comp="80" pin="0"/><net_sink comp="706" pin=2"/></net>

<net id="718"><net_src comp="706" pin="3"/><net_sink comp="714" pin=0"/></net>

<net id="719"><net_src comp="74" pin="0"/><net_sink comp="714" pin=1"/></net>

<net id="724"><net_src comp="413" pin="3"/><net_sink comp="720" pin=0"/></net>

<net id="725"><net_src comp="714" pin="2"/><net_sink comp="720" pin=1"/></net>

<net id="730"><net_src comp="720" pin="2"/><net_sink comp="726" pin=0"/></net>

<net id="731"><net_src comp="420" pin="3"/><net_sink comp="726" pin=1"/></net>

<net id="736"><net_src comp="667" pin="1"/><net_sink comp="732" pin=0"/></net>

<net id="737"><net_src comp="732" pin="2"/><net_sink comp="427" pin=1"/></net>

<net id="738"><net_src comp="732" pin="2"/><net_sink comp="433" pin=2"/></net>

<net id="743"><net_src comp="205" pin="3"/><net_sink comp="739" pin=0"/></net>

<net id="744"><net_src comp="732" pin="2"/><net_sink comp="739" pin=1"/></net>

<net id="745"><net_src comp="739" pin="2"/><net_sink comp="433" pin=1"/></net>

<net id="746"><net_src comp="739" pin="2"/><net_sink comp="439" pin=1"/></net>

<net id="751"><net_src comp="433" pin="3"/><net_sink comp="747" pin=0"/></net>

<net id="752"><net_src comp="427" pin="3"/><net_sink comp="747" pin=1"/></net>

<net id="756"><net_src comp="747" pin="2"/><net_sink comp="753" pin=0"/></net>

<net id="757"><net_src comp="753" pin="1"/><net_sink comp="446" pin=2"/></net>

<net id="762"><net_src comp="739" pin="2"/><net_sink comp="758" pin=0"/></net>

<net id="763"><net_src comp="66" pin="0"/><net_sink comp="758" pin=1"/></net>

<net id="769"><net_src comp="70" pin="0"/><net_sink comp="764" pin=0"/></net>

<net id="770"><net_src comp="739" pin="2"/><net_sink comp="764" pin=1"/></net>

<net id="771"><net_src comp="72" pin="0"/><net_sink comp="764" pin=2"/></net>

<net id="776"><net_src comp="764" pin="3"/><net_sink comp="772" pin=0"/></net>

<net id="777"><net_src comp="74" pin="0"/><net_sink comp="772" pin=1"/></net>

<net id="781"><net_src comp="739" pin="2"/><net_sink comp="778" pin=0"/></net>

<net id="787"><net_src comp="76" pin="0"/><net_sink comp="782" pin=0"/></net>

<net id="788"><net_src comp="772" pin="2"/><net_sink comp="782" pin=1"/></net>

<net id="789"><net_src comp="778" pin="1"/><net_sink comp="782" pin=2"/></net>

<net id="794"><net_src comp="758" pin="2"/><net_sink comp="790" pin=0"/></net>

<net id="795"><net_src comp="782" pin="3"/><net_sink comp="790" pin=1"/></net>

<net id="801"><net_src comp="78" pin="0"/><net_sink comp="796" pin=0"/></net>

<net id="802"><net_src comp="790" pin="2"/><net_sink comp="796" pin=1"/></net>

<net id="803"><net_src comp="80" pin="0"/><net_sink comp="796" pin=2"/></net>

<net id="808"><net_src comp="796" pin="3"/><net_sink comp="804" pin=0"/></net>

<net id="809"><net_src comp="74" pin="0"/><net_sink comp="804" pin=1"/></net>

<net id="814"><net_src comp="726" pin="2"/><net_sink comp="810" pin=0"/></net>

<net id="815"><net_src comp="804" pin="2"/><net_sink comp="810" pin=1"/></net>

<net id="820"><net_src comp="810" pin="2"/><net_sink comp="816" pin=0"/></net>

<net id="821"><net_src comp="439" pin="3"/><net_sink comp="816" pin=1"/></net>

<net id="826"><net_src comp="753" pin="1"/><net_sink comp="822" pin=0"/></net>

<net id="827"><net_src comp="822" pin="2"/><net_sink comp="446" pin=1"/></net>

<net id="832"><net_src comp="218" pin="3"/><net_sink comp="828" pin=0"/></net>

<net id="833"><net_src comp="822" pin="2"/><net_sink comp="828" pin=1"/></net>

<net id="838"><net_src comp="452" pin="3"/><net_sink comp="834" pin=0"/></net>

<net id="842"><net_src comp="834" pin="2"/><net_sink comp="839" pin=0"/></net>

<net id="843"><net_src comp="839" pin="1"/><net_sink comp="458" pin=2"/></net>

<net id="848"><net_src comp="839" pin="1"/><net_sink comp="844" pin=0"/></net>

<net id="849"><net_src comp="844" pin="2"/><net_sink comp="458" pin=1"/></net>

<net id="850"><net_src comp="844" pin="2"/><net_sink comp="464" pin=2"/></net>

<net id="855"><net_src comp="231" pin="3"/><net_sink comp="851" pin=0"/></net>

<net id="856"><net_src comp="844" pin="2"/><net_sink comp="851" pin=1"/></net>

<net id="857"><net_src comp="851" pin="2"/><net_sink comp="464" pin=1"/></net>

<net id="862"><net_src comp="464" pin="3"/><net_sink comp="858" pin=0"/></net>

<net id="863"><net_src comp="458" pin="3"/><net_sink comp="858" pin=1"/></net>

<net id="867"><net_src comp="858" pin="2"/><net_sink comp="864" pin=0"/></net>

<net id="872"><net_src comp="864" pin="1"/><net_sink comp="868" pin=0"/></net>

<net id="877"><net_src comp="244" pin="3"/><net_sink comp="873" pin=0"/></net>

<net id="878"><net_src comp="873" pin="2"/><net_sink comp="483" pin=1"/></net>

<net id="883"><net_src comp="483" pin="3"/><net_sink comp="879" pin=0"/></net>

<net id="884"><net_src comp="477" pin="3"/><net_sink comp="879" pin=1"/></net>

<net id="888"><net_src comp="879" pin="2"/><net_sink comp="885" pin=0"/></net>

<net id="889"><net_src comp="885" pin="1"/><net_sink comp="489" pin=2"/></net>

<net id="894"><net_src comp="885" pin="1"/><net_sink comp="890" pin=0"/></net>

<net id="895"><net_src comp="890" pin="2"/><net_sink comp="489" pin=1"/></net>

<net id="896"><net_src comp="890" pin="2"/><net_sink comp="495" pin=2"/></net>

<net id="901"><net_src comp="257" pin="3"/><net_sink comp="897" pin=0"/></net>

<net id="902"><net_src comp="890" pin="2"/><net_sink comp="897" pin=1"/></net>

<net id="903"><net_src comp="897" pin="2"/><net_sink comp="495" pin=1"/></net>

<net id="908"><net_src comp="495" pin="3"/><net_sink comp="904" pin=0"/></net>

<net id="909"><net_src comp="489" pin="3"/><net_sink comp="904" pin=1"/></net>

<net id="914"><net_src comp="84" pin="0"/><net_sink comp="910" pin=1"/></net>

<net id="915"><net_src comp="910" pin="2"/><net_sink comp="501" pin=1"/></net>

<net id="916"><net_src comp="910" pin="2"/><net_sink comp="536" pin=2"/></net>

<net id="924"><net_src comp="917" pin="1"/><net_sink comp="920" pin=1"/></net>

<net id="929"><net_src comp="86" pin="0"/><net_sink comp="925" pin=1"/></net>

<net id="934"><net_src comp="82" pin="0"/><net_sink comp="930" pin=0"/></net>

<net id="939"><net_src comp="930" pin="2"/><net_sink comp="935" pin=0"/></net>

<net id="940"><net_src comp="925" pin="2"/><net_sink comp="935" pin=1"/></net>

<net id="946"><net_src comp="78" pin="0"/><net_sink comp="941" pin=0"/></net>

<net id="947"><net_src comp="935" pin="2"/><net_sink comp="941" pin=1"/></net>

<net id="948"><net_src comp="80" pin="0"/><net_sink comp="941" pin=2"/></net>

<net id="953"><net_src comp="941" pin="3"/><net_sink comp="949" pin=0"/></net>

<net id="954"><net_src comp="74" pin="0"/><net_sink comp="949" pin=1"/></net>

<net id="959"><net_src comp="949" pin="2"/><net_sink comp="955" pin=1"/></net>

<net id="964"><net_src comp="955" pin="2"/><net_sink comp="960" pin=0"/></net>

<net id="969"><net_src comp="88" pin="0"/><net_sink comp="965" pin=1"/></net>

<net id="974"><net_src comp="90" pin="0"/><net_sink comp="970" pin=0"/></net>

<net id="979"><net_src comp="970" pin="2"/><net_sink comp="975" pin=0"/></net>

<net id="980"><net_src comp="965" pin="2"/><net_sink comp="975" pin=1"/></net>

<net id="986"><net_src comp="78" pin="0"/><net_sink comp="981" pin=0"/></net>

<net id="987"><net_src comp="975" pin="2"/><net_sink comp="981" pin=1"/></net>

<net id="988"><net_src comp="80" pin="0"/><net_sink comp="981" pin=2"/></net>

<net id="993"><net_src comp="981" pin="3"/><net_sink comp="989" pin=0"/></net>

<net id="994"><net_src comp="74" pin="0"/><net_sink comp="989" pin=1"/></net>

<net id="999"><net_src comp="960" pin="2"/><net_sink comp="995" pin=0"/></net>

<net id="1000"><net_src comp="989" pin="2"/><net_sink comp="995" pin=1"/></net>

<net id="1005"><net_src comp="995" pin="2"/><net_sink comp="1001" pin=0"/></net>

<net id="1006"><net_src comp="508" pin="3"/><net_sink comp="1001" pin=1"/></net>

<net id="1011"><net_src comp="92" pin="0"/><net_sink comp="1007" pin=1"/></net>

<net id="1016"><net_src comp="94" pin="0"/><net_sink comp="1012" pin=0"/></net>

<net id="1021"><net_src comp="1012" pin="2"/><net_sink comp="1017" pin=0"/></net>

<net id="1022"><net_src comp="1007" pin="2"/><net_sink comp="1017" pin=1"/></net>

<net id="1028"><net_src comp="78" pin="0"/><net_sink comp="1023" pin=0"/></net>

<net id="1029"><net_src comp="1017" pin="2"/><net_sink comp="1023" pin=1"/></net>

<net id="1030"><net_src comp="80" pin="0"/><net_sink comp="1023" pin=2"/></net>

<net id="1035"><net_src comp="1023" pin="3"/><net_sink comp="1031" pin=0"/></net>

<net id="1036"><net_src comp="74" pin="0"/><net_sink comp="1031" pin=1"/></net>

<net id="1041"><net_src comp="1001" pin="2"/><net_sink comp="1037" pin=0"/></net>

<net id="1042"><net_src comp="1031" pin="2"/><net_sink comp="1037" pin=1"/></net>

<net id="1047"><net_src comp="1037" pin="2"/><net_sink comp="1043" pin=0"/></net>

<net id="1048"><net_src comp="515" pin="3"/><net_sink comp="1043" pin=1"/></net>

<net id="1056"><net_src comp="96" pin="0"/><net_sink comp="1052" pin=1"/></net>

<net id="1061"><net_src comp="98" pin="0"/><net_sink comp="1057" pin=0"/></net>

<net id="1066"><net_src comp="1057" pin="2"/><net_sink comp="1062" pin=0"/></net>

<net id="1067"><net_src comp="1052" pin="2"/><net_sink comp="1062" pin=1"/></net>

<net id="1073"><net_src comp="78" pin="0"/><net_sink comp="1068" pin=0"/></net>

<net id="1074"><net_src comp="1062" pin="2"/><net_sink comp="1068" pin=1"/></net>

<net id="1075"><net_src comp="80" pin="0"/><net_sink comp="1068" pin=2"/></net>

<net id="1080"><net_src comp="1068" pin="3"/><net_sink comp="1076" pin=0"/></net>

<net id="1081"><net_src comp="74" pin="0"/><net_sink comp="1076" pin=1"/></net>

<net id="1086"><net_src comp="1043" pin="2"/><net_sink comp="1082" pin=0"/></net>

<net id="1087"><net_src comp="1076" pin="2"/><net_sink comp="1082" pin=1"/></net>

<net id="1092"><net_src comp="1082" pin="2"/><net_sink comp="1088" pin=0"/></net>

<net id="1093"><net_src comp="522" pin="3"/><net_sink comp="1088" pin=1"/></net>

<net id="1098"><net_src comp="1049" pin="1"/><net_sink comp="1094" pin=0"/></net>

<net id="1103"><net_src comp="1094" pin="2"/><net_sink comp="1099" pin=0"/></net>

<net id="1104"><net_src comp="1099" pin="2"/><net_sink comp="529" pin=1"/></net>

<net id="1109"><net_src comp="1099" pin="2"/><net_sink comp="1105" pin=0"/></net>

<net id="1110"><net_src comp="100" pin="0"/><net_sink comp="1105" pin=1"/></net>

<net id="1115"><net_src comp="102" pin="0"/><net_sink comp="1111" pin=0"/></net>

<net id="1116"><net_src comp="1099" pin="2"/><net_sink comp="1111" pin=1"/></net>

<net id="1121"><net_src comp="1111" pin="2"/><net_sink comp="1117" pin=0"/></net>

<net id="1122"><net_src comp="1105" pin="2"/><net_sink comp="1117" pin=1"/></net>

<net id="1128"><net_src comp="78" pin="0"/><net_sink comp="1123" pin=0"/></net>

<net id="1129"><net_src comp="1117" pin="2"/><net_sink comp="1123" pin=1"/></net>

<net id="1130"><net_src comp="80" pin="0"/><net_sink comp="1123" pin=2"/></net>

<net id="1135"><net_src comp="1123" pin="3"/><net_sink comp="1131" pin=0"/></net>

<net id="1136"><net_src comp="74" pin="0"/><net_sink comp="1131" pin=1"/></net>

<net id="1141"><net_src comp="1088" pin="2"/><net_sink comp="1137" pin=0"/></net>

<net id="1142"><net_src comp="1131" pin="2"/><net_sink comp="1137" pin=1"/></net>

<net id="1147"><net_src comp="1137" pin="2"/><net_sink comp="1143" pin=0"/></net>

<net id="1148"><net_src comp="529" pin="3"/><net_sink comp="1143" pin=1"/></net>

<net id="1152"><net_src comp="1143" pin="2"/><net_sink comp="1149" pin=0"/></net>

<net id="1158"><net_src comp="1143" pin="2"/><net_sink comp="1153" pin=0"/></net>

<net id="1159"><net_src comp="64" pin="0"/><net_sink comp="1153" pin=1"/></net>

<net id="1160"><net_src comp="60" pin="0"/><net_sink comp="1153" pin=2"/></net>

<net id="1165"><net_src comp="1153" pin="3"/><net_sink comp="1161" pin=0"/></net>

<net id="1166"><net_src comp="910" pin="2"/><net_sink comp="1161" pin=1"/></net>

<net id="1167"><net_src comp="1161" pin="2"/><net_sink comp="536" pin=1"/></net>

<net id="1172"><net_src comp="536" pin="3"/><net_sink comp="1168" pin=0"/></net>

<net id="1173"><net_src comp="501" pin="3"/><net_sink comp="1168" pin=1"/></net>

<net id="1177"><net_src comp="1168" pin="2"/><net_sink comp="1174" pin=0"/></net>

<net id="1182"><net_src comp="920" pin="2"/><net_sink comp="1178" pin=0"/></net>

<net id="1183"><net_src comp="1174" pin="1"/><net_sink comp="1178" pin=1"/></net>

<net id="1188"><net_src comp="1178" pin="2"/><net_sink comp="1184" pin=0"/></net>

<net id="1189"><net_src comp="1149" pin="1"/><net_sink comp="1184" pin=1"/></net>

<net id="1197"><net_src comp="1190" pin="1"/><net_sink comp="1193" pin=1"/></net>

<net id="1205"><net_src comp="1198" pin="1"/><net_sink comp="1201" pin=1"/></net>

<net id="1210"><net_src comp="548" pin="3"/><net_sink comp="1206" pin=0"/></net>

<net id="1211"><net_src comp="542" pin="3"/><net_sink comp="1206" pin=1"/></net>

<net id="1215"><net_src comp="1206" pin="2"/><net_sink comp="1212" pin=0"/></net>

<net id="1216"><net_src comp="1212" pin="1"/><net_sink comp="554" pin=2"/></net>

<net id="1221"><net_src comp="1193" pin="2"/><net_sink comp="1217" pin=0"/></net>

<net id="1222"><net_src comp="1212" pin="1"/><net_sink comp="1217" pin=1"/></net>

<net id="1223"><net_src comp="1217" pin="2"/><net_sink comp="554" pin=1"/></net>

<net id="1224"><net_src comp="1217" pin="2"/><net_sink comp="560" pin=2"/></net>

<net id="1229"><net_src comp="1217" pin="2"/><net_sink comp="1225" pin=0"/></net>

<net id="1230"><net_src comp="1225" pin="2"/><net_sink comp="560" pin=1"/></net>

<net id="1235"><net_src comp="560" pin="3"/><net_sink comp="1231" pin=0"/></net>

<net id="1236"><net_src comp="554" pin="3"/><net_sink comp="1231" pin=1"/></net>

<net id="1240"><net_src comp="1231" pin="2"/><net_sink comp="1237" pin=0"/></net>

<net id="1245"><net_src comp="1201" pin="2"/><net_sink comp="1241" pin=0"/></net>

<net id="1246"><net_src comp="1237" pin="1"/><net_sink comp="1241" pin=1"/></net>

<net id="1252"><net_src comp="82" pin="0"/><net_sink comp="1247" pin=1"/></net>

<net id="1253"><net_src comp="60" pin="0"/><net_sink comp="1247" pin=2"/></net>

<net id="1258"><net_src comp="1247" pin="3"/><net_sink comp="1254" pin=0"/></net>

<net id="1259"><net_src comp="1241" pin="2"/><net_sink comp="1254" pin=1"/></net>

<net id="1267"><net_src comp="1260" pin="1"/><net_sink comp="1263" pin=1"/></net>

<net id="1275"><net_src comp="1268" pin="1"/><net_sink comp="1271" pin=1"/></net>

<net id="1280"><net_src comp="572" pin="3"/><net_sink comp="1276" pin=0"/></net>

<net id="1281"><net_src comp="566" pin="3"/><net_sink comp="1276" pin=1"/></net>

<net id="1285"><net_src comp="1276" pin="2"/><net_sink comp="1282" pin=0"/></net>

<net id="1286"><net_src comp="1282" pin="1"/><net_sink comp="578" pin=2"/></net>

<net id="1291"><net_src comp="1263" pin="2"/><net_sink comp="1287" pin=0"/></net>

<net id="1292"><net_src comp="1282" pin="1"/><net_sink comp="1287" pin=1"/></net>

<net id="1293"><net_src comp="1287" pin="2"/><net_sink comp="578" pin=1"/></net>

<net id="1294"><net_src comp="1287" pin="2"/><net_sink comp="584" pin=2"/></net>

<net id="1300"><net_src comp="90" pin="0"/><net_sink comp="1295" pin=1"/></net>

<net id="1301"><net_src comp="60" pin="0"/><net_sink comp="1295" pin=2"/></net>

<net id="1306"><net_src comp="1287" pin="2"/><net_sink comp="1302" pin=0"/></net>

<net id="1307"><net_src comp="1295" pin="3"/><net_sink comp="1302" pin=1"/></net>

<net id="1308"><net_src comp="1302" pin="2"/><net_sink comp="584" pin=1"/></net>

<net id="1313"><net_src comp="584" pin="3"/><net_sink comp="1309" pin=0"/></net>

<net id="1314"><net_src comp="578" pin="3"/><net_sink comp="1309" pin=1"/></net>

<net id="1318"><net_src comp="1309" pin="2"/><net_sink comp="1315" pin=0"/></net>

<net id="1323"><net_src comp="1271" pin="2"/><net_sink comp="1319" pin=0"/></net>

<net id="1324"><net_src comp="1315" pin="1"/><net_sink comp="1319" pin=1"/></net>

<net id="1330"><net_src comp="94" pin="0"/><net_sink comp="1325" pin=1"/></net>

<net id="1331"><net_src comp="60" pin="0"/><net_sink comp="1325" pin=2"/></net>

<net id="1336"><net_src comp="1319" pin="2"/><net_sink comp="1332" pin=0"/></net>

<net id="1337"><net_src comp="1325" pin="3"/><net_sink comp="1332" pin=1"/></net>

<net id="1345"><net_src comp="1338" pin="1"/><net_sink comp="1341" pin=1"/></net>

<net id="1353"><net_src comp="1346" pin="1"/><net_sink comp="1349" pin=1"/></net>

<net id="1358"><net_src comp="596" pin="3"/><net_sink comp="1354" pin=0"/></net>

<net id="1359"><net_src comp="590" pin="3"/><net_sink comp="1354" pin=1"/></net>

<net id="1363"><net_src comp="1354" pin="2"/><net_sink comp="1360" pin=0"/></net>

<net id="1364"><net_src comp="1360" pin="1"/><net_sink comp="602" pin=2"/></net>

<net id="1369"><net_src comp="1341" pin="2"/><net_sink comp="1365" pin=0"/></net>

<net id="1370"><net_src comp="1360" pin="1"/><net_sink comp="1365" pin=1"/></net>

<net id="1371"><net_src comp="1365" pin="2"/><net_sink comp="602" pin=1"/></net>

<net id="1372"><net_src comp="1365" pin="2"/><net_sink comp="608" pin=2"/></net>

<net id="1378"><net_src comp="98" pin="0"/><net_sink comp="1373" pin=1"/></net>

<net id="1379"><net_src comp="60" pin="0"/><net_sink comp="1373" pin=2"/></net>

<net id="1384"><net_src comp="1365" pin="2"/><net_sink comp="1380" pin=0"/></net>

<net id="1385"><net_src comp="1373" pin="3"/><net_sink comp="1380" pin=1"/></net>

<net id="1386"><net_src comp="1380" pin="2"/><net_sink comp="608" pin=1"/></net>

<net id="1387"><net_src comp="1380" pin="2"/><net_sink comp="368" pin=1"/></net>

<net id="1392"><net_src comp="608" pin="3"/><net_sink comp="1388" pin=0"/></net>

<net id="1393"><net_src comp="602" pin="3"/><net_sink comp="1388" pin=1"/></net>

<net id="1399"><net_src comp="112" pin="0"/><net_sink comp="1394" pin=1"/></net>

<net id="1400"><net_src comp="114" pin="0"/><net_sink comp="1394" pin=2"/></net>

<net id="1406"><net_src comp="116" pin="0"/><net_sink comp="1401" pin=0"/></net>

<net id="1407"><net_src comp="1394" pin="3"/><net_sink comp="1401" pin=1"/></net>

<net id="1408"><net_src comp="1388" pin="2"/><net_sink comp="1401" pin=2"/></net>

<net id="1412"><net_src comp="1401" pin="3"/><net_sink comp="1409" pin=0"/></net>

<net id="1417"><net_src comp="1409" pin="1"/><net_sink comp="1413" pin=0"/></net>

<net id="1418"><net_src comp="1349" pin="2"/><net_sink comp="1413" pin=1"/></net>

<net id="1419"><net_src comp="1413" pin="2"/><net_sink comp="382" pin=1"/></net>

<net id="1423"><net_src comp="124" pin="2"/><net_sink comp="1420" pin=0"/></net>

<net id="1424"><net_src comp="1420" pin="1"/><net_sink comp="1094" pin=1"/></net>

<net id="1428"><net_src comp="130" pin="2"/><net_sink comp="1425" pin=0"/></net>

<net id="1429"><net_src comp="1425" pin="1"/><net_sink comp="890" pin=1"/></net>

<net id="1433"><net_src comp="136" pin="2"/><net_sink comp="1430" pin=0"/></net>

<net id="1434"><net_src comp="1430" pin="1"/><net_sink comp="868" pin=1"/></net>

<net id="1438"><net_src comp="142" pin="2"/><net_sink comp="1435" pin=0"/></net>

<net id="1439"><net_src comp="1435" pin="1"/><net_sink comp="844" pin=1"/></net>

<net id="1443"><net_src comp="148" pin="2"/><net_sink comp="1440" pin=0"/></net>

<net id="1444"><net_src comp="1440" pin="1"/><net_sink comp="822" pin=1"/></net>

<net id="1448"><net_src comp="154" pin="2"/><net_sink comp="1445" pin=0"/></net>

<net id="1449"><net_src comp="1445" pin="1"/><net_sink comp="732" pin=1"/></net>

<net id="1453"><net_src comp="160" pin="2"/><net_sink comp="1450" pin=0"/></net>

<net id="1454"><net_src comp="1450" pin="1"/><net_sink comp="647" pin=1"/></net>

<net id="1458"><net_src comp="166" pin="2"/><net_sink comp="1455" pin=0"/></net>

<net id="1459"><net_src comp="1455" pin="1"/><net_sink comp="630" pin=1"/></net>

<net id="1460"><net_src comp="1455" pin="1"/><net_sink comp="388" pin=1"/></net>

<net id="1461"><net_src comp="1455" pin="1"/><net_sink comp="395" pin=2"/></net>

<net id="1465"><net_src comp="624" pin="1"/><net_sink comp="1462" pin=0"/></net>

<net id="1466"><net_src comp="1462" pin="1"/><net_sink comp="198" pin=2"/></net>

<net id="1467"><net_src comp="1462" pin="1"/><net_sink comp="211" pin=2"/></net>

<net id="1468"><net_src comp="1462" pin="1"/><net_sink comp="224" pin=2"/></net>

<net id="1469"><net_src comp="1462" pin="1"/><net_sink comp="237" pin=2"/></net>

<net id="1470"><net_src comp="1462" pin="1"/><net_sink comp="250" pin=2"/></net>

<net id="1471"><net_src comp="1462" pin="1"/><net_sink comp="263" pin=2"/></net>

<net id="1475"><net_src comp="172" pin="3"/><net_sink comp="1472" pin=0"/></net>

<net id="1476"><net_src comp="1472" pin="1"/><net_sink comp="179" pin=0"/></net>

<net id="1480"><net_src comp="185" pin="3"/><net_sink comp="1477" pin=0"/></net>

<net id="1481"><net_src comp="1477" pin="1"/><net_sink comp="192" pin=0"/></net>

<net id="1485"><net_src comp="630" pin="2"/><net_sink comp="1482" pin=0"/></net>

<net id="1486"><net_src comp="1482" pin="1"/><net_sink comp="413" pin=1"/></net>

<net id="1487"><net_src comp="1482" pin="1"/><net_sink comp="910" pin=0"/></net>

<net id="1491"><net_src comp="654" pin="2"/><net_sink comp="1488" pin=0"/></net>

<net id="1492"><net_src comp="1488" pin="1"/><net_sink comp="671" pin=0"/></net>

<net id="1493"><net_src comp="1488" pin="1"/><net_sink comp="420" pin=1"/></net>

<net id="1494"><net_src comp="1488" pin="1"/><net_sink comp="676" pin=1"/></net>

<net id="1495"><net_src comp="1488" pin="1"/><net_sink comp="689" pin=0"/></net>

<net id="1499"><net_src comp="661" pin="2"/><net_sink comp="1496" pin=0"/></net>

<net id="1500"><net_src comp="1496" pin="1"/><net_sink comp="667" pin=0"/></net>

<net id="1504"><net_src comp="198" pin="3"/><net_sink comp="1501" pin=0"/></net>

<net id="1505"><net_src comp="1501" pin="1"/><net_sink comp="205" pin=0"/></net>

<net id="1509"><net_src comp="211" pin="3"/><net_sink comp="1506" pin=0"/></net>

<net id="1510"><net_src comp="1506" pin="1"/><net_sink comp="218" pin=0"/></net>

<net id="1514"><net_src comp="413" pin="3"/><net_sink comp="1511" pin=0"/></net>

<net id="1515"><net_src comp="1511" pin="1"/><net_sink comp="917" pin=0"/></net>

<net id="1519"><net_src comp="671" pin="2"/><net_sink comp="1516" pin=0"/></net>

<net id="1520"><net_src comp="1516" pin="1"/><net_sink comp="920" pin=0"/></net>

<net id="1524"><net_src comp="726" pin="2"/><net_sink comp="1521" pin=0"/></net>

<net id="1525"><net_src comp="1521" pin="1"/><net_sink comp="1190" pin=0"/></net>

<net id="1529"><net_src comp="758" pin="2"/><net_sink comp="1526" pin=0"/></net>

<net id="1530"><net_src comp="1526" pin="1"/><net_sink comp="1193" pin=0"/></net>

<net id="1534"><net_src comp="816" pin="2"/><net_sink comp="1531" pin=0"/></net>

<net id="1535"><net_src comp="1531" pin="1"/><net_sink comp="955" pin=0"/></net>

<net id="1536"><net_src comp="1531" pin="1"/><net_sink comp="1198" pin=0"/></net>

<net id="1540"><net_src comp="822" pin="2"/><net_sink comp="1537" pin=0"/></net>

<net id="1541"><net_src comp="1537" pin="1"/><net_sink comp="452" pin=2"/></net>

<net id="1545"><net_src comp="446" pin="3"/><net_sink comp="1542" pin=0"/></net>

<net id="1546"><net_src comp="1542" pin="1"/><net_sink comp="834" pin=1"/></net>

<net id="1550"><net_src comp="828" pin="2"/><net_sink comp="1547" pin=0"/></net>

<net id="1551"><net_src comp="1547" pin="1"/><net_sink comp="452" pin=1"/></net>

<net id="1552"><net_src comp="1547" pin="1"/><net_sink comp="470" pin=1"/></net>

<net id="1553"><net_src comp="1547" pin="1"/><net_sink comp="925" pin=0"/></net>

<net id="1554"><net_src comp="1547" pin="1"/><net_sink comp="930" pin=1"/></net>

<net id="1558"><net_src comp="224" pin="3"/><net_sink comp="1555" pin=0"/></net>

<net id="1559"><net_src comp="1555" pin="1"/><net_sink comp="231" pin=0"/></net>

<net id="1563"><net_src comp="851" pin="2"/><net_sink comp="1560" pin=0"/></net>

<net id="1564"><net_src comp="1560" pin="1"/><net_sink comp="965" pin=0"/></net>

<net id="1565"><net_src comp="1560" pin="1"/><net_sink comp="508" pin=1"/></net>

<net id="1566"><net_src comp="1560" pin="1"/><net_sink comp="970" pin=1"/></net>

<net id="1570"><net_src comp="864" pin="1"/><net_sink comp="1567" pin=0"/></net>

<net id="1571"><net_src comp="1567" pin="1"/><net_sink comp="477" pin=2"/></net>

<net id="1575"><net_src comp="868" pin="2"/><net_sink comp="1572" pin=0"/></net>

<net id="1576"><net_src comp="1572" pin="1"/><net_sink comp="477" pin=1"/></net>

<net id="1577"><net_src comp="1572" pin="1"/><net_sink comp="873" pin=1"/></net>

<net id="1578"><net_src comp="1572" pin="1"/><net_sink comp="483" pin=2"/></net>

<net id="1582"><net_src comp="237" pin="3"/><net_sink comp="1579" pin=0"/></net>

<net id="1583"><net_src comp="1579" pin="1"/><net_sink comp="244" pin=0"/></net>

<net id="1587"><net_src comp="250" pin="3"/><net_sink comp="1584" pin=0"/></net>

<net id="1588"><net_src comp="1584" pin="1"/><net_sink comp="257" pin=0"/></net>

<net id="1592"><net_src comp="263" pin="3"/><net_sink comp="1589" pin=0"/></net>

<net id="1593"><net_src comp="1589" pin="1"/><net_sink comp="270" pin=0"/></net>

<net id="1597"><net_src comp="470" pin="3"/><net_sink comp="1594" pin=0"/></net>

<net id="1598"><net_src comp="1594" pin="1"/><net_sink comp="960" pin=1"/></net>

<net id="1602"><net_src comp="873" pin="2"/><net_sink comp="1599" pin=0"/></net>

<net id="1603"><net_src comp="1599" pin="1"/><net_sink comp="1007" pin=0"/></net>

<net id="1604"><net_src comp="1599" pin="1"/><net_sink comp="515" pin=1"/></net>

<net id="1605"><net_src comp="1599" pin="1"/><net_sink comp="1012" pin=1"/></net>

<net id="1609"><net_src comp="897" pin="2"/><net_sink comp="1606" pin=0"/></net>

<net id="1610"><net_src comp="1606" pin="1"/><net_sink comp="1052" pin=0"/></net>

<net id="1611"><net_src comp="1606" pin="1"/><net_sink comp="522" pin=1"/></net>

<net id="1612"><net_src comp="1606" pin="1"/><net_sink comp="1057" pin=1"/></net>

<net id="1616"><net_src comp="904" pin="2"/><net_sink comp="1613" pin=0"/></net>

<net id="1617"><net_src comp="1613" pin="1"/><net_sink comp="1049" pin=0"/></net>

<net id="1621"><net_src comp="270" pin="3"/><net_sink comp="1618" pin=0"/></net>

<net id="1622"><net_src comp="1618" pin="1"/><net_sink comp="1099" pin=1"/></net>

<net id="1626"><net_src comp="925" pin="2"/><net_sink comp="1623" pin=0"/></net>

<net id="1627"><net_src comp="1623" pin="1"/><net_sink comp="1201" pin=0"/></net>

<net id="1631"><net_src comp="960" pin="2"/><net_sink comp="1628" pin=0"/></net>

<net id="1632"><net_src comp="1628" pin="1"/><net_sink comp="1260" pin=0"/></net>

<net id="1636"><net_src comp="965" pin="2"/><net_sink comp="1633" pin=0"/></net>

<net id="1637"><net_src comp="1633" pin="1"/><net_sink comp="1263" pin=0"/></net>

<net id="1641"><net_src comp="1001" pin="2"/><net_sink comp="1638" pin=0"/></net>

<net id="1642"><net_src comp="1638" pin="1"/><net_sink comp="1268" pin=0"/></net>

<net id="1646"><net_src comp="1007" pin="2"/><net_sink comp="1643" pin=0"/></net>

<net id="1647"><net_src comp="1643" pin="1"/><net_sink comp="1271" pin=0"/></net>

<net id="1651"><net_src comp="1043" pin="2"/><net_sink comp="1648" pin=0"/></net>

<net id="1652"><net_src comp="1648" pin="1"/><net_sink comp="1338" pin=0"/></net>

<net id="1656"><net_src comp="1052" pin="2"/><net_sink comp="1653" pin=0"/></net>

<net id="1657"><net_src comp="1653" pin="1"/><net_sink comp="1341" pin=0"/></net>

<net id="1661"><net_src comp="1088" pin="2"/><net_sink comp="1658" pin=0"/></net>

<net id="1662"><net_src comp="1658" pin="1"/><net_sink comp="1346" pin=0"/></net>

<net id="1666"><net_src comp="1105" pin="2"/><net_sink comp="1663" pin=0"/></net>

<net id="1667"><net_src comp="1663" pin="1"/><net_sink comp="1349" pin=0"/></net>

<net id="1671"><net_src comp="1143" pin="2"/><net_sink comp="1668" pin=0"/></net>

<net id="1672"><net_src comp="1668" pin="1"/><net_sink comp="1247" pin=0"/></net>

<net id="1673"><net_src comp="1668" pin="1"/><net_sink comp="1295" pin=0"/></net>

<net id="1674"><net_src comp="1668" pin="1"/><net_sink comp="1325" pin=0"/></net>

<net id="1675"><net_src comp="1668" pin="1"/><net_sink comp="1373" pin=0"/></net>

<net id="1676"><net_src comp="1668" pin="1"/><net_sink comp="1394" pin=0"/></net>

<net id="1680"><net_src comp="1149" pin="1"/><net_sink comp="1677" pin=0"/></net>

<net id="1681"><net_src comp="1677" pin="1"/><net_sink comp="1225" pin=1"/></net>

<net id="1685"><net_src comp="1161" pin="2"/><net_sink comp="1682" pin=0"/></net>

<net id="1686"><net_src comp="1682" pin="1"/><net_sink comp="332" pin=1"/></net>

<net id="1690"><net_src comp="1174" pin="1"/><net_sink comp="1687" pin=0"/></net>

<net id="1691"><net_src comp="1687" pin="1"/><net_sink comp="542" pin=2"/></net>

<net id="1695"><net_src comp="1178" pin="2"/><net_sink comp="1692" pin=0"/></net>

<net id="1696"><net_src comp="1692" pin="1"/><net_sink comp="542" pin=1"/></net>

<net id="1697"><net_src comp="1692" pin="1"/><net_sink comp="548" pin=2"/></net>

<net id="1701"><net_src comp="1184" pin="2"/><net_sink comp="1698" pin=0"/></net>

<net id="1702"><net_src comp="1698" pin="1"/><net_sink comp="548" pin=1"/></net>

<net id="1703"><net_src comp="1698" pin="1"/><net_sink comp="338" pin=1"/></net>

<net id="1707"><net_src comp="1225" pin="2"/><net_sink comp="1704" pin=0"/></net>

<net id="1708"><net_src comp="1704" pin="1"/><net_sink comp="344" pin=1"/></net>

<net id="1712"><net_src comp="1237" pin="1"/><net_sink comp="1709" pin=0"/></net>

<net id="1713"><net_src comp="1709" pin="1"/><net_sink comp="566" pin=2"/></net>

<net id="1717"><net_src comp="1241" pin="2"/><net_sink comp="1714" pin=0"/></net>

<net id="1718"><net_src comp="1714" pin="1"/><net_sink comp="566" pin=1"/></net>

<net id="1719"><net_src comp="1714" pin="1"/><net_sink comp="572" pin=2"/></net>

<net id="1723"><net_src comp="1254" pin="2"/><net_sink comp="1720" pin=0"/></net>

<net id="1724"><net_src comp="1720" pin="1"/><net_sink comp="572" pin=1"/></net>

<net id="1725"><net_src comp="1720" pin="1"/><net_sink comp="350" pin=1"/></net>

<net id="1729"><net_src comp="1302" pin="2"/><net_sink comp="1726" pin=0"/></net>

<net id="1730"><net_src comp="1726" pin="1"/><net_sink comp="356" pin=1"/></net>

<net id="1734"><net_src comp="1315" pin="1"/><net_sink comp="1731" pin=0"/></net>

<net id="1735"><net_src comp="1731" pin="1"/><net_sink comp="590" pin=2"/></net>

<net id="1739"><net_src comp="1319" pin="2"/><net_sink comp="1736" pin=0"/></net>

<net id="1740"><net_src comp="1736" pin="1"/><net_sink comp="590" pin=1"/></net>

<net id="1741"><net_src comp="1736" pin="1"/><net_sink comp="596" pin=2"/></net>

<net id="1745"><net_src comp="1332" pin="2"/><net_sink comp="1742" pin=0"/></net>

<net id="1746"><net_src comp="1742" pin="1"/><net_sink comp="596" pin=1"/></net>

<net id="1747"><net_src comp="1742" pin="1"/><net_sink comp="362" pin=1"/></net>

</net_list>

</model> 
---------------- Datapath Model END ------------------

* FSMD analyzer results:
  - Output states:
	Port: a_read | {}
	Port: a_read_498 | {}
	Port: a_read_499 | {}
	Port: a_read_500 | {}
	Port: a_read_501 | {}
	Port: a_read_502 | {}
	Port: a_read_503 | {}
	Port: a_read_504 | {}
	Port: pts_Z_0 | {}
	Port: b_0 | {}
	Port: pts_Z_1 | {}
	Port: pts_Z_2 | {}
	Port: pts_Z_3 | {}
	Port: pts_Z_4 | {}
	Port: pts_Z_5 | {}
	Port: pts_Z_6 | {}
	Port: pts_Z_7 | {}
	Port: t1_i_0 | {9 }
	Port: t1_i_1 | {9 }
	Port: t1_i_2 | {9 }
	Port: t1_i_3 | {9 }
	Port: t1_i_4 | {9 }
	Port: t1_i_5 | {9 }
	Port: t1_i_6 | {9 }
	Port: t1_i_7 | {9 }
 - Input state : 
	Port: fpadd503.56 : a_read | {1 }
	Port: fpadd503.56 : a_read_498 | {1 }
	Port: fpadd503.56 : a_read_499 | {1 }
	Port: fpadd503.56 : a_read_500 | {1 }
	Port: fpadd503.56 : a_read_501 | {1 }
	Port: fpadd503.56 : a_read_502 | {1 }
	Port: fpadd503.56 : a_read_503 | {1 }
	Port: fpadd503.56 : a_read_504 | {1 }
	Port: fpadd503.56 : pts_Z_0 | {1 2 }
	Port: fpadd503.56 : b_0 | {1 }
	Port: fpadd503.56 : pts_Z_1 | {1 2 }
	Port: fpadd503.56 : pts_Z_2 | {2 3 }
	Port: fpadd503.56 : pts_Z_3 | {2 3 }
	Port: fpadd503.56 : pts_Z_4 | {3 4 }
	Port: fpadd503.56 : pts_Z_5 | {4 5 }
	Port: fpadd503.56 : pts_Z_6 | {4 5 }
	Port: fpadd503.56 : pts_Z_7 | {4 5 }
	Port: fpadd503.56 : t1_i_0 | {}
	Port: fpadd503.56 : t1_i_1 | {}
	Port: fpadd503.56 : t1_i_2 | {}
	Port: fpadd503.56 : t1_i_3 | {}
	Port: fpadd503.56 : t1_i_4 | {}
	Port: fpadd503.56 : t1_i_5 | {}
	Port: fpadd503.56 : t1_i_6 | {}
	Port: fpadd503.56 : t1_i_7 | {}
  - Chain level:
	State 1
		zext_ln33_41 : 1
		pts_Z_0_addr : 2
		pts_Z_0_load : 3
		pts_Z_1_addr : 2
		pts_Z_1_load : 3
	State 2
		add_ln33 : 1
		tmp_s : 2
		carry : 3
		zext_ln33 : 3
		tempReg : 4
		tmp_981 : 5
		add_ln33_94 : 5
		tmp_982 : 6
		carry_370 : 7
		pts_Z_2_load : 1
		pts_Z_3_load : 1
	State 3
		xor_ln95_12 : 1
		xor_ln : 1
		or_ln95 : 2
		tmp_1014 : 2
		xor_ln100 : 3
		and_ln39 : 3
		borrowReg_322 : 3
		tempReg_1412 : 1
		tmp_984 : 2
		add_ln33_96 : 2
		tmp_985 : 3
		carry_371 : 4
		zext_ln33_43 : 4
		tempReg_1418 : 3
		tmp_986 : 3
		bit_sel : 3
		xor_ln95 : 4
		trunc_ln95_11 : 3
		xor_ln95_s : 4
		or_ln95_246 : 5
		tmp_1015 : 5
		xor_ln100_246 : 6
		and_ln39_43 : 6
		borrowReg_323 : 6
		tempReg_1413 : 5
		tmp_987 : 6
		add_ln33_98 : 6
		pts_Z_4_load : 1
	State 4
		carry_372 : 1
		zext_ln33_44 : 1
		tempReg_1414 : 2
		tmp_990 : 3
		add_ln33_100 : 3
		tmp_991 : 4
		carry_373 : 5
		zext_ln33_45 : 5
		tempReg_1415 : 6
		pts_Z_5_load : 1
		pts_Z_6_load : 1
		pts_Z_7_load : 1
	State 5
		add_ln33_102 : 1
		tmp_994 : 2
		carry_374 : 3
		zext_ln33_46 : 3
		tempReg_1416 : 4
		tmp_996 : 5
		add_ln33_104 : 5
		tmp_997 : 6
		carry_375 : 7
	State 6
		tmp_980 : 1
		sub_ln39 : 1
		or_ln95_247 : 1
		tmp_1016 : 1
		xor_ln100_247 : 2
		and_ln39_44 : 2
		borrowReg_324 : 2
		or_ln95_248 : 1
		tmp_1017 : 1
		xor_ln100_248 : 2
		and_ln39_45 : 2
		borrowReg_325 : 2
		or_ln95_249 : 1
		tmp_1018 : 1
		xor_ln100_249 : 2
		and_ln39_46 : 2
		borrowReg_326 : 2
		or_ln95_250 : 1
		tmp_1019 : 1
		xor_ln100_250 : 2
		and_ln39_47 : 2
		borrowReg_327 : 2
		add_ln33_105 : 1
		add_ln33_106 : 2
		tempReg_1423 : 3
		tmp_999 : 3
		sub_ln95_227 : 3
		or_ln95_251 : 4
		tmp_1020 : 4
		xor_ln100_251 : 5
		and_ln39_48 : 2
		borrowReg_328 : 2
		zext_ln41 : 2
		select_ln46 : 2
		add_ln46 : 3
		tmp_1000 : 4
		carry_376 : 5
		zext_ln46 : 5
		tempReg_1424 : 6
		sub_ln46 : 7
	State 7
		sub_ln39_36 : 1
		sub_ln39_37 : 1
		carry_377 : 1
		zext_ln46_43 : 1
		tempReg_1425 : 2
		sub_ln46_8 : 3
		tmp_1003 : 3
		tmp_1004 : 4
		carry_378 : 5
		zext_ln46_44 : 5
		tempReg_1426 : 6
		add_ln46_81 : 7
	State 8
		sub_ln39_38 : 1
		sub_ln39_39 : 1
		carry_379 : 1
		zext_ln46_45 : 1
		tempReg_1427 : 2
		add_ln46_83 : 3
		tmp_1007 : 3
		tmp_1008 : 4
		carry_380 : 5
		zext_ln46_46 : 5
		tempReg_1428 : 6
		add_ln46_85 : 7
	State 9
		sub_ln39_40 : 1
		sub_ln39_41 : 1
		carry_381 : 1
		zext_ln46_47 : 1
		tempReg_1429 : 2
		add_ln46_87 : 3
		tmp_1011 : 3
		tmp_1012 : 4
		carry_382 : 5
		tmp4 : 5
		zext_ln46_48 : 6
		add_ln46_88 : 7
		store_ln46 : 1
		store_ln46 : 1
		store_ln46 : 1
		store_ln46 : 1
		store_ln46 : 1
		store_ln46 : 1
		store_ln46 : 4
		store_ln46 : 8


============================================================
+ Verbose Summary: Datapath Resource usage 
============================================================

* Functional unit list:
|----------|---------------------------------------|---------|---------|
| Operation|            Functional Unit            |    FF   |   LUT   |
|----------|---------------------------------------|---------|---------|
|          |    tmp_is_digit_lessthan_ct_fu_388    |    0    |   327   |
|          |   tmp_s_is_digit_lessthan_ct_fu_395   |    0    |   327   |
|          |  tmp_981_is_digit_lessthan_ct_fu_401  |    0    |   327   |
|          |  tmp_982_is_digit_lessthan_ct_fu_407  |    0    |   327   |
|          | borrowReg_is_digit_lessthan_ct_fu_413 |    0    |   327   |
|          |  tmp_983_is_digit_lessthan_ct_fu_420  |    0    |   327   |
|          |  tmp_984_is_digit_lessthan_ct_fu_427  |    0    |   327   |
|          |  tmp_985_is_digit_lessthan_ct_fu_433  |    0    |   327   |
|          |  tmp_986_is_digit_lessthan_ct_fu_439  |    0    |   327   |
|          |  tmp_987_is_digit_lessthan_ct_fu_446  |    0    |   327   |
|          |  tmp_988_is_digit_lessthan_ct_fu_452  |    0    |   327   |
|          |  tmp_990_is_digit_lessthan_ct_fu_458  |    0    |   327   |
|          |  tmp_991_is_digit_lessthan_ct_fu_464  |    0    |   327   |
|          |  tmp_989_is_digit_lessthan_ct_fu_470  |    0    |   327   |
|          |  tmp_993_is_digit_lessthan_ct_fu_477  |    0    |   327   |
|          |  tmp_994_is_digit_lessthan_ct_fu_483  |    0    |   327   |
|          |  tmp_996_is_digit_lessthan_ct_fu_489  |    0    |   327   |
|   call   |  tmp_997_is_digit_lessthan_ct_fu_495  |    0    |   327   |
|          |  tmp_980_is_digit_lessthan_ct_fu_501  |    0    |   327   |
|          |  tmp_992_is_digit_lessthan_ct_fu_508  |    0    |   327   |
|          |  tmp_995_is_digit_lessthan_ct_fu_515  |    0    |   327   |
|          |  tmp_998_is_digit_lessthan_ct_fu_522  |    0    |   327   |
|          |  tmp_999_is_digit_lessthan_ct_fu_529  |    0    |   327   |
|          |  tmp_1000_is_digit_lessthan_ct_fu_536 |    0    |   327   |
|          |  tmp_1001_is_digit_lessthan_ct_fu_542 |    0    |   327   |
|          |  tmp_1002_is_digit_lessthan_ct_fu_548 |    0    |   327   |
|          |  tmp_1003_is_digit_lessthan_ct_fu_554 |    0    |   327   |
|          |  tmp_1004_is_digit_lessthan_ct_fu_560 |    0    |   327   |
|          |  tmp_1005_is_digit_lessthan_ct_fu_566 |    0    |   327   |
|          |  tmp_1006_is_digit_lessthan_ct_fu_572 |    0    |   327   |
|          |  tmp_1007_is_digit_lessthan_ct_fu_578 |    0    |   327   |
|          |  tmp_1008_is_digit_lessthan_ct_fu_584 |    0    |   327   |
|          |  tmp_1009_is_digit_lessthan_ct_fu_590 |    0    |   327   |
|          |  tmp_1010_is_digit_lessthan_ct_fu_596 |    0    |   327   |
|          |  tmp_1011_is_digit_lessthan_ct_fu_602 |    0    |   327   |
|          |  tmp_1012_is_digit_lessthan_ct_fu_608 |    0    |   327   |
|----------|---------------------------------------|---------|---------|
|          |            add_ln33_fu_630            |    0    |    71   |
|          |             tempReg_fu_647            |    0    |    71   |
|          |           add_ln33_94_fu_654          |    0    |    71   |
|          |          tempReg_1417_fu_671          |    0    |    71   |
|          |          tempReg_1412_fu_732          |    0    |    71   |
|          |           add_ln33_96_fu_739          |    0    |    71   |
|          |          tempReg_1418_fu_758          |    0    |    71   |
|          |          tempReg_1413_fu_822          |    0    |    71   |
|          |           add_ln33_98_fu_828          |    0    |    71   |
|          |          tempReg_1414_fu_844          |    0    |    71   |
|          |          add_ln33_100_fu_851          |    0    |    71   |
|          |          tempReg_1415_fu_868          |    0    |    71   |
|          |          add_ln33_102_fu_873          |    0    |    71   |
|          |          tempReg_1416_fu_890          |    0    |    71   |
|          |          add_ln33_104_fu_897          |    0    |    71   |
|          |          tempReg_1398_fu_910          |    0    |    71   |
|          |          tempReg_1419_fu_925          |    0    |    71   |
|    add   |          tempReg_1420_fu_965          |    0    |    71   |
|          |          tempReg_1421_fu_1007         |    0    |    71   |
|          |          tempReg_1422_fu_1052         |    0    |    71   |
|          |          add_ln33_105_fu_1094         |    0    |    64   |
|          |          add_ln33_106_fu_1099         |    0    |    64   |
|          |          tempReg_1423_fu_1105         |    0    |    71   |
|          |            add_ln46_fu_1161           |    0    |    71   |
|          |          tempReg_1424_fu_1178         |    0    |    64   |
|          |          tempReg_1425_fu_1217         |    0    |    64   |
|          |          tempReg_1426_fu_1241         |    0    |    64   |
|          |          add_ln46_81_fu_1254          |    0    |    71   |
|          |          tempReg_1427_fu_1287         |    0    |    64   |
|          |          add_ln46_83_fu_1302          |    0    |    71   |
|          |          tempReg_1428_fu_1319         |    0    |    64   |
|          |          add_ln46_85_fu_1332          |    0    |    71   |
|          |          tempReg_1429_fu_1365         |    0    |    64   |
|          |          add_ln46_87_fu_1380          |    0    |    71   |
|          |          add_ln46_88_fu_1413          |    0    |    64   |
|----------|---------------------------------------|---------|---------|
|          |            sub_ln39_fu_920            |    0    |    64   |
|          |            sub_ln95_fu_930            |    0    |    71   |
|          |          sub_ln95_224_fu_970          |    0    |    71   |
|          |          sub_ln95_225_fu_1012         |    0    |    71   |
|          |          sub_ln95_226_fu_1057         |    0    |    71   |
|          |          sub_ln95_227_fu_1111         |    0    |    71   |
|    sub   |            sub_ln46_fu_1184           |    0    |    71   |
|          |          sub_ln39_36_fu_1193          |    0    |    64   |
|          |          sub_ln39_37_fu_1201          |    0    |    64   |
|          |           sub_ln46_8_fu_1225          |    0    |    71   |
|          |          sub_ln39_38_fu_1263          |    0    |    64   |
|          |          sub_ln39_39_fu_1271          |    0    |    64   |
|          |          sub_ln39_40_fu_1341          |    0    |    64   |
|          |          sub_ln39_41_fu_1349          |    0    |    64   |
|----------|---------------------------------------|---------|---------|
|          |              carry_fu_636             |    0    |    2    |
|          |            carry_370_fu_661           |    0    |    2    |
|          |             or_ln95_fu_700            |    0    |    64   |
|          |          borrowReg_322_fu_726         |    0    |    2    |
|          |            carry_371_fu_747           |    0    |    2    |
|          |           or_ln95_246_fu_790          |    0    |    64   |
|          |          borrowReg_323_fu_816         |    0    |    2    |
|          |            carry_372_fu_834           |    0    |    2    |
|          |            carry_373_fu_858           |    0    |    2    |
|          |            carry_374_fu_879           |    0    |    2    |
|          |            carry_375_fu_904           |    0    |    2    |
|          |           or_ln95_247_fu_935          |    0    |    64   |
|          |          borrowReg_324_fu_960         |    0    |    2    |
|    or    |           or_ln95_248_fu_975          |    0    |    64   |
|          |         borrowReg_325_fu_1001         |    0    |    2    |
|          |          or_ln95_249_fu_1017          |    0    |    64   |
|          |         borrowReg_326_fu_1043         |    0    |    2    |
|          |          or_ln95_250_fu_1062          |    0    |    64   |
|          |         borrowReg_327_fu_1088         |    0    |    2    |
|          |          or_ln95_251_fu_1117          |    0    |    64   |
|          |         borrowReg_328_fu_1143         |    0    |    2    |
|          |           carry_376_fu_1168           |    0    |    2    |
|          |           carry_377_fu_1206           |    0    |    2    |
|          |           carry_378_fu_1231           |    0    |    2    |
|          |           carry_379_fu_1276           |    0    |    2    |
|          |           carry_380_fu_1309           |    0    |    2    |
|          |           carry_381_fu_1354           |    0    |    2    |
|          |           carry_382_fu_1388           |    0    |    2    |
|----------|---------------------------------------|---------|---------|
|          |          select_ln46_fu_1153          |    0    |    63   |
|          |         select_ln46_36_fu_1247        |    0    |    63   |
|  select  |         select_ln46_37_fu_1295        |    0    |    63   |
|          |         select_ln46_38_fu_1325        |    0    |    63   |
|          |         select_ln46_39_fu_1373        |    0    |    63   |
|          |         select_ln46_40_fu_1394        |    0    |    55   |
|----------|---------------------------------------|---------|---------|
|          |           xor_ln95_12_fu_683          |    0    |    2    |
|          |            xor_ln100_fu_714           |    0    |    2    |
|          |            xor_ln95_fu_772            |    0    |    2    |
|          |          xor_ln100_246_fu_804         |    0    |    2    |
|    xor   |          xor_ln100_247_fu_949         |    0    |    2    |
|          |          xor_ln100_248_fu_989         |    0    |    2    |
|          |         xor_ln100_249_fu_1031         |    0    |    2    |
|          |         xor_ln100_250_fu_1076         |    0    |    2    |
|          |         xor_ln100_251_fu_1131         |    0    |    2    |
|----------|---------------------------------------|---------|---------|
|          |            and_ln39_fu_720            |    0    |    2    |
|          |           and_ln39_43_fu_810          |    0    |    2    |
|          |           and_ln39_44_fu_955          |    0    |    2    |
|    and   |           and_ln39_45_fu_995          |    0    |    2    |
|          |          and_ln39_46_fu_1037          |    0    |    2    |
|          |          and_ln39_47_fu_1082          |    0    |    2    |
|          |          and_ln39_48_fu_1137          |    0    |    2    |
|----------|---------------------------------------|---------|---------|
|          |          b_0_read_read_fu_118         |    0    |    0    |
|          |         a_read_484_read_fu_124        |    0    |    0    |
|          |         a_read_485_read_fu_130        |    0    |    0    |
|          |         a_read_486_read_fu_136        |    0    |    0    |
|   read   |         a_read_487_read_fu_142        |    0    |    0    |
|          |         a_read_488_read_fu_148        |    0    |    0    |
|          |         a_read_489_read_fu_154        |    0    |    0    |
|          |         a_read_490_read_fu_160        |    0    |    0    |
|          |         a_read103_read_fu_166         |    0    |    0    |
|----------|---------------------------------------|---------|---------|
|partselect|             lshr_ln_fu_614            |    0    |    0    |
|----------|---------------------------------------|---------|---------|
|          |          zext_ln33_41_fu_624          |    0    |    0    |
|          |            zext_ln33_fu_642           |    0    |    0    |
|          |          zext_ln33_42_fu_667          |    0    |    0    |
|          |          zext_ln33_43_fu_753          |    0    |    0    |
|          |          zext_ln33_44_fu_839          |    0    |    0    |
|          |          zext_ln33_45_fu_864          |    0    |    0    |
|          |          zext_ln33_46_fu_885          |    0    |    0    |
|          |            zext_ln39_fu_917           |    0    |    0    |
|          |          zext_ln33_47_fu_1049         |    0    |    0    |
|          |           zext_ln41_fu_1149           |    0    |    0    |
|          |           zext_ln46_fu_1174           |    0    |    0    |
|   zext   |          zext_ln39_43_fu_1190         |    0    |    0    |
|          |          zext_ln39_44_fu_1198         |    0    |    0    |
|          |          zext_ln46_43_fu_1212         |    0    |    0    |
|          |          zext_ln46_44_fu_1237         |    0    |    0    |
|          |          zext_ln39_45_fu_1260         |    0    |    0    |
|          |          zext_ln39_46_fu_1268         |    0    |    0    |
|          |          zext_ln46_45_fu_1282         |    0    |    0    |
|          |          zext_ln46_46_fu_1315         |    0    |    0    |
|          |          zext_ln39_47_fu_1338         |    0    |    0    |
|          |          zext_ln39_48_fu_1346         |    0    |    0    |
|          |          zext_ln46_47_fu_1360         |    0    |    0    |
|          |          zext_ln46_48_fu_1409         |    0    |    0    |
|----------|---------------------------------------|---------|---------|
|          |            bit_sel1_fu_676            |    0    |    0    |
|          |            tmp_1014_fu_706            |    0    |    0    |
|          |             bit_sel_fu_764            |    0    |    0    |
|          |            tmp_1015_fu_796            |    0    |    0    |
| bitselect|            tmp_1016_fu_941            |    0    |    0    |
|          |            tmp_1017_fu_981            |    0    |    0    |
|          |            tmp_1018_fu_1023           |    0    |    0    |
|          |            tmp_1019_fu_1068           |    0    |    0    |
|          |            tmp_1020_fu_1123           |    0    |    0    |
|----------|---------------------------------------|---------|---------|
|   trunc  |           trunc_ln95_fu_689           |    0    |    0    |
|          |          trunc_ln95_11_fu_778         |    0    |    0    |
|----------|---------------------------------------|---------|---------|
|          |             xor_ln_fu_692             |    0    |    0    |
|bitconcatenate|           xor_ln95_s_fu_782           |    0    |    0    |
|          |              tmp4_fu_1401             |    0    |    0    |
|----------|---------------------------------------|---------|---------|
|   Total  |                                       |    0    |  16031  |
|----------|---------------------------------------|---------|---------|

Memories:
N/A

* Register list:
+----------------------+--------+
|                      |   FF   |
+----------------------+--------+
|  a_read103_reg_1455  |   64   |
|  a_read_484_reg_1420 |   64   |
|  a_read_485_reg_1425 |   64   |
|  a_read_486_reg_1430 |   64   |
|  a_read_487_reg_1435 |   64   |
|  a_read_488_reg_1440 |   64   |
|  a_read_489_reg_1445 |   64   |
|  a_read_490_reg_1450 |   64   |
| add_ln33_100_reg_1560|   64   |
| add_ln33_102_reg_1599|   64   |
| add_ln33_104_reg_1606|   64   |
| add_ln33_94_reg_1488 |   64   |
| add_ln33_98_reg_1547 |   64   |
|   add_ln33_reg_1482  |   64   |
| add_ln46_81_reg_1720 |   64   |
| add_ln46_83_reg_1726 |   64   |
| add_ln46_85_reg_1742 |   64   |
|   add_ln46_reg_1682  |   64   |
|borrowReg_322_reg_1521|    1   |
|borrowReg_323_reg_1531|    1   |
|borrowReg_324_reg_1628|    1   |
|borrowReg_325_reg_1638|    1   |
|borrowReg_326_reg_1648|    1   |
|borrowReg_327_reg_1658|    1   |
|borrowReg_328_reg_1668|    1   |
|  borrowReg_reg_1511  |    1   |
|  carry_370_reg_1496  |    1   |
|  carry_375_reg_1613  |    1   |
| pts_Z_0_addr_reg_1472|    4   |
| pts_Z_1_addr_reg_1477|    4   |
| pts_Z_2_addr_reg_1501|    4   |
| pts_Z_3_addr_reg_1506|    4   |
| pts_Z_4_addr_reg_1555|    4   |
| pts_Z_5_addr_reg_1579|    4   |
| pts_Z_6_addr_reg_1584|    4   |
| pts_Z_7_addr_reg_1589|    4   |
| pts_Z_7_load_reg_1618|   64   |
|  sub_ln46_8_reg_1704 |   64   |
|   sub_ln46_reg_1698  |   64   |
| tempReg_1413_reg_1537|   64   |
| tempReg_1415_reg_1572|   64   |
| tempReg_1417_reg_1516|   64   |
| tempReg_1418_reg_1526|   64   |
| tempReg_1419_reg_1623|   64   |
| tempReg_1420_reg_1633|   64   |
| tempReg_1421_reg_1643|   64   |
| tempReg_1422_reg_1653|   64   |
| tempReg_1423_reg_1663|   64   |
| tempReg_1424_reg_1692|   64   |
| tempReg_1426_reg_1714|   64   |
| tempReg_1428_reg_1736|   64   |
|   tmp_987_reg_1542   |    1   |
|   tmp_989_reg_1594   |    1   |
| zext_ln33_41_reg_1462|   64   |
| zext_ln33_45_reg_1567|   64   |
|  zext_ln41_reg_1677  |   64   |
| zext_ln46_44_reg_1709|   64   |
| zext_ln46_46_reg_1731|   64   |
|  zext_ln46_reg_1687  |   64   |
+----------------------+--------+
|         Total        |  2540  |
+----------------------+--------+

* Multiplexer (MUX) list: 
|-------------------|------|------|------|--------||---------||---------||---------|
|        Comp       |  Pin | Size |  BW  | S x BW ||  Delay  ||    FF   ||   LUT   |
|-------------------|------|------|------|--------||---------||---------||---------|
| grp_access_fu_179 |  p0  |   2  |   4  |    8   ||    0    ||    9    |
| grp_access_fu_192 |  p0  |   2  |   4  |    8   ||    0    ||    9    |
| grp_access_fu_205 |  p0  |   2  |   4  |    8   ||    0    ||    9    |
| grp_access_fu_218 |  p0  |   2  |   4  |    8   ||    0    ||    9    |
| grp_access_fu_231 |  p0  |   2  |   4  |    8   ||    0    ||    9    |
| grp_access_fu_244 |  p0  |   2  |   4  |    8   ||    0    ||    9    |
| grp_access_fu_257 |  p0  |   2  |   4  |    8   ||    0    ||    9    |
| grp_access_fu_270 |  p0  |   2  |   4  |    8   ||    0    ||    9    |
|-------------------|------|------|------|--------||---------||---------||---------|
|       Total       |      |      |      |   64   ||  3.096  ||    0    ||    72   |
|-------------------|------|------|------|--------||---------||---------||---------|



* Summary:
+-----------+--------+--------+--------+
|           |  Delay |   FF   |   LUT  |
+-----------+--------+--------+--------+
|  Function |    -   |    0   |  16031 |
|   Memory  |    -   |    -   |    -   |
|Multiplexer|    3   |    0   |   72   |
|  Register |    -   |  2540  |    -   |
+-----------+--------+--------+--------+
|   Total   |    3   |  2540  |  16103 |
+-----------+--------+--------+--------+
