grp_sikep503_kem_enc_hw_Pipeline_VITIS_LOOP_27_1_fu_213,VITIS_LOOP_27_1,upc_loop_status1.csv
grp_sikep503_kem_enc_hw_Pipeline_2_fu_227,Loop 1,upc_loop_status2.csv
grp_cshake256_simple_32_fu_238,VITIS_LOOP_390_1,seq_loop_status1.csv
grp_cshake256_simple_32_fu_238.grp_cshake256_simple_32_Pipeline_VITIS_LOOP_612_1_fu_102,VITIS_LOOP_612_1,upc_loop_status3.csv
grp_cshake256_simple_32_fu_238.grp_KeccakF1600_StatePermute_fu_108.grp_KeccakF1600_StatePermute_Pipeline_VITIS_LOOP_122_1_fu_396,VITIS_LOOP_122_1,upc_loop_status4.csv
grp_cshake256_simple_32_fu_238.grp_cshake256_simple_32_Pipeline_VITIS_LOOP_393_2_fu_115,VITIS_LOOP_393_2,upc_loop_status5.csv
grp_cshake256_simple_32_fu_238.grp_cshake256_simple_32_Pipeline_VITIS_LOOP_402_3_fu_129,VITIS_LOOP_402_3,upc_loop_status6.csv
grp_cshake256_simple_32_fu_238.grp_cshake256_simple_32_Pipeline_VITIS_LOOP_438_2_fu_142,VITIS_LOOP_438_2,upc_loop_status7.csv
grp_cshake256_simple_32_fu_238.grp_cshake256_simple_32_Pipeline_VITIS_LOOP_670_1_fu_151,VITIS_LOOP_670_1,upc_loop_status8.csv
grp_EphemeralKeyGeneration_A_1_fu_249,VITIS_LOOP_36_1,seq_loop_status2.csv
grp_EphemeralKeyGeneration_A_1_fu_249,VITIS_LOOP_116_3,seq_loop_status3.csv
grp_EphemeralKeyGeneration_A_1_fu_249,VITIS_LOOP_114_2,seq_loop_status4.csv
grp_EphemeralKeyGeneration_A_1_fu_249.grp_EphemeralKeyGeneration_A_1_Pipeline_1_fu_1285,Loop 1,upc_loop_status9.csv
grp_EphemeralKeyGeneration_A_1_fu_249.grp_EphemeralKeyGeneration_A_1_Pipeline_2_fu_1290,Loop 1,upc_loop_status10.csv
grp_EphemeralKeyGeneration_A_1_fu_249.grp_EphemeralKeyGeneration_A_1_Pipeline_VITIS_LOOP_14_1_fu_1295,VITIS_LOOP_14_1,upc_loop_status11.csv
grp_EphemeralKeyGeneration_A_1_fu_249.grp_EphemeralKeyGeneration_A_1_Pipeline_VITIS_LOOP_14_1246_fu_1302,VITIS_LOOP_14_1,upc_loop_status12.csv
grp_EphemeralKeyGeneration_A_1_fu_249.grp_EphemeralKeyGeneration_A_1_Pipeline_VITIS_LOOP_14_1242_fu_1309,VITIS_LOOP_14_1,upc_loop_status13.csv
grp_EphemeralKeyGeneration_A_1_fu_249.grp_EphemeralKeyGeneration_A_1_Pipeline_VITIS_LOOP_14_1247_fu_1316,VITIS_LOOP_14_1,upc_loop_status14.csv
grp_EphemeralKeyGeneration_A_1_fu_249.grp_EphemeralKeyGeneration_A_1_Pipeline_VITIS_LOOP_14_1243_fu_1323,VITIS_LOOP_14_1,upc_loop_status15.csv
grp_EphemeralKeyGeneration_A_1_fu_249.grp_EphemeralKeyGeneration_A_1_Pipeline_VITIS_LOOP_14_1248_fu_1330,VITIS_LOOP_14_1,upc_loop_status16.csv
grp_EphemeralKeyGeneration_A_1_fu_249.grp_EphemeralKeyGeneration_A_1_Pipeline_VITIS_LOOP_23_1_fu_1337,VITIS_LOOP_23_1,upc_loop_status17.csv
grp_EphemeralKeyGeneration_A_1_fu_249.grp_EphemeralKeyGeneration_A_1_Pipeline_VITIS_LOOP_14_1244_fu_1342,VITIS_LOOP_14_1,upc_loop_status18.csv
grp_EphemeralKeyGeneration_A_1_fu_249.grp_EphemeralKeyGeneration_A_1_Pipeline_VITIS_LOOP_14_1249_fu_1349,VITIS_LOOP_14_1,upc_loop_status19.csv
grp_EphemeralKeyGeneration_A_1_fu_249.grp_EphemeralKeyGeneration_A_1_Pipeline_VITIS_LOOP_14_1245_fu_1356,VITIS_LOOP_14_1,upc_loop_status20.csv
grp_EphemeralKeyGeneration_A_1_fu_249.grp_fpadd503_149_3_fu_1363.grp_fpadd503_149_3_Pipeline_VITIS_LOOP_23_1_fu_40,VITIS_LOOP_23_1,upc_loop_status21.csv
grp_EphemeralKeyGeneration_A_1_fu_249.grp_fpadd503_149_3_fu_1363.grp_fpadd503_149_3_Pipeline_VITIS_LOOP_28_2_fu_50,VITIS_LOOP_28_2,upc_loop_status22.csv
grp_EphemeralKeyGeneration_A_1_fu_249.grp_fpadd503_149_3_fu_1363.grp_fpadd503_149_3_Pipeline_VITIS_LOOP_34_3_fu_60,VITIS_LOOP_34_3,upc_loop_status23.csv
grp_EphemeralKeyGeneration_A_1_fu_249.grp_LADDER3PT_75_76_1_fu_1377,VITIS_LOOP_319_1,seq_loop_status5.csv
grp_EphemeralKeyGeneration_A_1_fu_249.grp_LADDER3PT_75_76_1_fu_1377.grp_LADDER3PT_75_76_1_Pipeline_1_fu_889,Loop 1,upc_loop_status24.csv
grp_EphemeralKeyGeneration_A_1_fu_249.grp_LADDER3PT_75_76_1_fu_1377.grp_LADDER3PT_75_76_1_Pipeline_VITIS_LOOP_14_1223_fu_897,VITIS_LOOP_14_1,upc_loop_status25.csv
grp_EphemeralKeyGeneration_A_1_fu_249.grp_LADDER3PT_75_76_1_fu_1377.grp_LADDER3PT_75_76_1_Pipeline_VITIS_LOOP_14_1_fu_905,VITIS_LOOP_14_1,upc_loop_status26.csv
grp_EphemeralKeyGeneration_A_1_fu_249.grp_LADDER3PT_75_76_1_fu_1377.grp_LADDER3PT_75_76_1_Pipeline_VITIS_LOOP_14_1224_fu_913,VITIS_LOOP_14_1,upc_loop_status27.csv
grp_EphemeralKeyGeneration_A_1_fu_249.grp_LADDER3PT_75_76_1_fu_1377.grp_fpadd503_59_61_fu_921.grp_fpadd503_59_61_Pipeline_VITIS_LOOP_23_1_fu_36,VITIS_LOOP_23_1,upc_loop_status28.csv
grp_EphemeralKeyGeneration_A_1_fu_249.grp_LADDER3PT_75_76_1_fu_1377.grp_fpadd503_59_61_fu_921.grp_fpadd503_59_61_Pipeline_VITIS_LOOP_28_2_fu_48,VITIS_LOOP_28_2,upc_loop_status29.csv
grp_EphemeralKeyGeneration_A_1_fu_249.grp_LADDER3PT_75_76_1_fu_1377.grp_fpadd503_59_61_fu_921.grp_fpadd503_59_61_Pipeline_VITIS_LOOP_34_3_fu_61,VITIS_LOOP_34_3,upc_loop_status30.csv
grp_EphemeralKeyGeneration_A_1_fu_249.grp_LADDER3PT_75_76_1_fu_1377.grp_LADDER3PT_75_76_1_Pipeline_VITIS_LOOP_14_1220_fu_935,VITIS_LOOP_14_1,upc_loop_status31.csv
grp_EphemeralKeyGeneration_A_1_fu_249.grp_LADDER3PT_75_76_1_fu_1377.grp_LADDER3PT_75_76_1_Pipeline_VITIS_LOOP_14_1221_fu_942,VITIS_LOOP_14_1,upc_loop_status32.csv
grp_EphemeralKeyGeneration_A_1_fu_249.grp_LADDER3PT_75_76_1_fu_1377.grp_fpadd503_61_6270_fu_949.grp_fpadd503_61_6270_Pipeline_VITIS_LOOP_23_1_fu_50,VITIS_LOOP_23_1,upc_loop_status33.csv
grp_EphemeralKeyGeneration_A_1_fu_249.grp_LADDER3PT_75_76_1_fu_1377.grp_fpadd503_61_6270_fu_949.grp_fpadd503_61_6270_Pipeline_VITIS_LOOP_28_2_fu_65,VITIS_LOOP_28_2,upc_loop_status34.csv
grp_EphemeralKeyGeneration_A_1_fu_249.grp_LADDER3PT_75_76_1_fu_1377.grp_fpadd503_61_6270_fu_949.grp_fpadd503_61_6270_Pipeline_VITIS_LOOP_34_3_fu_78,VITIS_LOOP_34_3,upc_loop_status35.csv
grp_EphemeralKeyGeneration_A_1_fu_249.grp_LADDER3PT_75_76_1_fu_1377.grp_LADDER3PT_75_76_1_Pipeline_VITIS_LOOP_14_1217_fu_968,VITIS_LOOP_14_1,upc_loop_status36.csv
grp_EphemeralKeyGeneration_A_1_fu_249.grp_LADDER3PT_75_76_1_fu_1377.grp_LADDER3PT_75_76_1_Pipeline_VITIS_LOOP_14_1219_fu_975,VITIS_LOOP_14_1,upc_loop_status37.csv
grp_EphemeralKeyGeneration_A_1_fu_249.grp_LADDER3PT_75_76_1_fu_1377.grp_LADDER3PT_75_76_1_Pipeline_VITIS_LOOP_14_1218_fu_982,VITIS_LOOP_14_1,upc_loop_status38.csv
grp_EphemeralKeyGeneration_A_1_fu_249.grp_LADDER3PT_75_76_1_fu_1377.grp_LADDER3PT_75_76_1_Pipeline_VITIS_LOOP_14_1222_fu_987,VITIS_LOOP_14_1,upc_loop_status39.csv
grp_EphemeralKeyGeneration_A_1_fu_249.grp_LADDER3PT_75_76_1_fu_1377.grp_fp2div2_503_fu_994.grp_fp2div2_503_Pipeline_VITIS_LOOP_78_1_fu_74,VITIS_LOOP_78_1,upc_loop_status40.csv
grp_EphemeralKeyGeneration_A_1_fu_249.grp_LADDER3PT_75_76_1_fu_1377.grp_fp2div2_503_fu_994.grp_fp2div2_503_Pipeline_VITIS_LOOP_392_1_fu_85,VITIS_LOOP_392_1,upc_loop_status41.csv
grp_EphemeralKeyGeneration_A_1_fu_249.grp_LADDER3PT_75_76_1_fu_1377.grp_fp2div2_503_fu_994.grp_fp2div2_503_Pipeline_VITIS_LOOP_78_1215_fu_93,VITIS_LOOP_78_1,upc_loop_status42.csv
grp_EphemeralKeyGeneration_A_1_fu_249.grp_LADDER3PT_75_76_1_fu_1377.grp_fp2div2_503_fu_994.grp_fp2div2_503_Pipeline_VITIS_LOOP_392_1216_fu_104,VITIS_LOOP_392_1,upc_loop_status43.csv
grp_EphemeralKeyGeneration_A_1_fu_249.grp_LADDER3PT_75_76_1_fu_1377.grp_LADDER3PT_75_76_1_Pipeline_VITIS_LOOP_14_1225_fu_1002,VITIS_LOOP_14_1,upc_loop_status44.csv
grp_EphemeralKeyGeneration_A_1_fu_249.grp_LADDER3PT_75_76_1_fu_1377.grp_LADDER3PT_75_76_1_Pipeline_VITIS_LOOP_23_1_fu_1010,VITIS_LOOP_23_1,upc_loop_status45.csv
grp_EphemeralKeyGeneration_A_1_fu_249.grp_LADDER3PT_75_76_1_fu_1377.grp_LADDER3PT_75_76_1_Pipeline_VITIS_LOOP_269_1_fu_1016,VITIS_LOOP_269_1,upc_loop_status46.csv
grp_EphemeralKeyGeneration_A_1_fu_249.grp_LADDER3PT_75_76_1_fu_1377.grp_fpadd503_15184_fu_1029.grp_fpadd503_15184_Pipeline_VITIS_LOOP_23_1_fu_50,VITIS_LOOP_23_1,upc_loop_status47.csv
grp_EphemeralKeyGeneration_A_1_fu_249.grp_LADDER3PT_75_76_1_fu_1377.grp_fpadd503_15184_fu_1029.grp_fpadd503_15184_Pipeline_VITIS_LOOP_28_2_fu_63,VITIS_LOOP_28_2,upc_loop_status48.csv
grp_EphemeralKeyGeneration_A_1_fu_249.grp_LADDER3PT_75_76_1_fu_1377.grp_fpadd503_15184_fu_1029.grp_fpadd503_15184_Pipeline_VITIS_LOOP_34_3_fu_73,VITIS_LOOP_34_3,upc_loop_status49.csv
grp_EphemeralKeyGeneration_A_1_fu_249.grp_LADDER3PT_75_76_1_fu_1377.grp_fpsub503_143_fu_1047.grp_fpsub503_143_Pipeline_VITIS_LOOP_47_1_fu_32,VITIS_LOOP_47_1,upc_loop_status50.csv
grp_EphemeralKeyGeneration_A_1_fu_249.grp_LADDER3PT_75_76_1_fu_1377.grp_fpsub503_143_fu_1047.grp_fpsub503_143_Pipeline_VITIS_LOOP_53_2_fu_44,VITIS_LOOP_53_2,upc_loop_status51.csv
grp_EphemeralKeyGeneration_A_1_fu_249.grp_LADDER3PT_75_76_1_fu_1377.grp_fpsub503_14682_fu_1059.grp_fpsub503_14682_Pipeline_VITIS_LOOP_47_1_fu_48,VITIS_LOOP_47_1,upc_loop_status52.csv
grp_EphemeralKeyGeneration_A_1_fu_249.grp_LADDER3PT_75_76_1_fu_1377.grp_fpsub503_14682_fu_1059.grp_fpsub503_14682_Pipeline_VITIS_LOOP_53_2_fu_62,VITIS_LOOP_53_2,upc_loop_status53.csv
grp_EphemeralKeyGeneration_A_1_fu_249.grp_LADDER3PT_75_76_1_fu_1377.grp_fpadd503_148_fu_1077.grp_fpadd503_148_Pipeline_VITIS_LOOP_23_1_fu_18,VITIS_LOOP_23_1,upc_loop_status54.csv
grp_EphemeralKeyGeneration_A_1_fu_249.grp_LADDER3PT_75_76_1_fu_1377.grp_fpadd503_148_fu_1077.grp_fpadd503_148_Pipeline_VITIS_LOOP_28_2_fu_26,VITIS_LOOP_28_2,upc_loop_status55.csv
grp_EphemeralKeyGeneration_A_1_fu_249.grp_LADDER3PT_75_76_1_fu_1377.grp_fpadd503_148_fu_1077.grp_fpadd503_148_Pipeline_VITIS_LOOP_34_3_fu_35,VITIS_LOOP_34_3,upc_loop_status56.csv
grp_EphemeralKeyGeneration_A_1_fu_249.grp_LADDER3PT_75_76_1_fu_1377.grp_fpcorrection503_fu_1085.grp_fpcorrection503_Pipeline_VITIS_LOOP_91_1_fu_28,VITIS_LOOP_91_1,upc_loop_status57.csv
grp_EphemeralKeyGeneration_A_1_fu_249.grp_LADDER3PT_75_76_1_fu_1377.grp_fpcorrection503_fu_1085.grp_fpcorrection503_Pipeline_VITIS_LOOP_97_2_fu_38,VITIS_LOOP_97_2,upc_loop_status58.csv
grp_EphemeralKeyGeneration_A_1_fu_249.grp_LADDER3PT_75_76_1_fu_1377.grp_fp2sqr503_mont_fu_1095.grp_fp2sqr503_mont_Pipeline_VITIS_LOOP_350_1_fu_56,VITIS_LOOP_350_1,upc_loop_status59.csv
grp_EphemeralKeyGeneration_A_1_fu_249.grp_LADDER3PT_75_76_1_fu_1377.grp_fp2sqr503_mont_fu_1095.grp_fp2sqr503_mont_Pipeline_5_fu_64,Loop 1,upc_loop_status60.csv
grp_EphemeralKeyGeneration_A_1_fu_249.grp_LADDER3PT_75_76_1_fu_1377.grp_fp2sqr503_mont_fu_1095.grp_fp2sqr503_mont_Pipeline_6_fu_70,Loop 1,upc_loop_status61.csv
grp_EphemeralKeyGeneration_A_1_fu_249.grp_LADDER3PT_75_76_1_fu_1377.grp_fp2sqr503_mont_fu_1095.grp_fp2sqr503_mont_Pipeline_VITIS_LOOP_47_1_fu_76,VITIS_LOOP_47_1,upc_loop_status62.csv
grp_EphemeralKeyGeneration_A_1_fu_249.grp_LADDER3PT_75_76_1_fu_1377.grp_fp2sqr503_mont_fu_1095.grp_fp2sqr503_mont_Pipeline_VITIS_LOOP_53_2_fu_84,VITIS_LOOP_53_2,upc_loop_status63.csv
grp_EphemeralKeyGeneration_A_1_fu_249.grp_LADDER3PT_75_76_1_fu_1377.grp_fp2sqr503_mont_fu_1095.grp_fp2sqr503_mont_Pipeline_VITIS_LOOP_350_1139_fu_92,VITIS_LOOP_350_1,upc_loop_status64.csv
grp_EphemeralKeyGeneration_A_1_fu_249.grp_LADDER3PT_75_76_1_fu_1377.grp_fp2sqr503_mont_fu_1095.grp_mp_mul_152_fu_99,VITIS_LOOP_143_1,seq_loop_status6.csv
grp_EphemeralKeyGeneration_A_1_fu_249.grp_LADDER3PT_75_76_1_fu_1377.grp_fp2sqr503_mont_fu_1095.grp_mp_mul_152_fu_99,VITIS_LOOP_157_3,seq_loop_status7.csv
grp_EphemeralKeyGeneration_A_1_fu_249.grp_LADDER3PT_75_76_1_fu_1377.grp_fp2sqr503_mont_fu_1095.grp_mp_mul_152_fu_99.grp_mp_mul_152_Pipeline_VITIS_LOOP_145_2_fu_112,VITIS_LOOP_145_2,upc_loop_status65.csv
grp_EphemeralKeyGeneration_A_1_fu_249.grp_LADDER3PT_75_76_1_fu_1377.grp_fp2sqr503_mont_fu_1095.grp_mp_mul_152_fu_99.grp_mp_mul_152_Pipeline_VITIS_LOOP_159_4_fu_127,VITIS_LOOP_159_4,upc_loop_status66.csv
grp_EphemeralKeyGeneration_A_1_fu_249.grp_LADDER3PT_75_76_1_fu_1377.grp_fp2sqr503_mont_fu_1095.grp_mp_mul_150_fu_106,VITIS_LOOP_143_1,seq_loop_status8.csv
grp_EphemeralKeyGeneration_A_1_fu_249.grp_LADDER3PT_75_76_1_fu_1377.grp_fp2sqr503_mont_fu_1095.grp_mp_mul_150_fu_106,VITIS_LOOP_157_3,seq_loop_status9.csv
grp_EphemeralKeyGeneration_A_1_fu_249.grp_LADDER3PT_75_76_1_fu_1377.grp_fp2sqr503_mont_fu_1095.grp_mp_mul_150_fu_106.grp_mp_mul_150_Pipeline_VITIS_LOOP_145_2_fu_112,VITIS_LOOP_145_2,upc_loop_status67.csv
grp_EphemeralKeyGeneration_A_1_fu_249.grp_LADDER3PT_75_76_1_fu_1377.grp_fp2sqr503_mont_fu_1095.grp_mp_mul_150_fu_106.grp_mp_mul_150_Pipeline_VITIS_LOOP_159_4_fu_127,VITIS_LOOP_159_4,upc_loop_status68.csv
grp_EphemeralKeyGeneration_A_1_fu_249.grp_LADDER3PT_75_76_1_fu_1377.grp_fp2sqr503_mont_fu_1095.grp_rdc_mont_14186_fu_114,VITIS_LOOP_186_2,seq_loop_status10.csv
grp_EphemeralKeyGeneration_A_1_fu_249.grp_LADDER3PT_75_76_1_fu_1377.grp_fp2sqr503_mont_fu_1095.grp_rdc_mont_14186_fu_114,VITIS_LOOP_204_4,seq_loop_status11.csv
grp_EphemeralKeyGeneration_A_1_fu_249.grp_LADDER3PT_75_76_1_fu_1377.grp_fp2sqr503_mont_fu_1095.grp_rdc_mont_14186_fu_114.grp_rdc_mont_14186_Pipeline_VITIS_LOOP_182_1_fu_192,VITIS_LOOP_182_1,upc_loop_status69.csv
grp_EphemeralKeyGeneration_A_1_fu_249.grp_LADDER3PT_75_76_1_fu_1377.grp_fp2sqr503_mont_fu_1095.grp_rdc_mont_14186_fu_114.grp_rdc_mont_14186_Pipeline_VITIS_LOOP_187_3_fu_199,VITIS_LOOP_187_3,upc_loop_status70.csv
grp_EphemeralKeyGeneration_A_1_fu_249.grp_LADDER3PT_75_76_1_fu_1377.grp_fp2sqr503_mont_fu_1095.grp_rdc_mont_14186_fu_114.grp_rdc_mont_14186_Pipeline_VITIS_LOOP_208_5_fu_216,VITIS_LOOP_208_5,upc_loop_status71.csv
grp_EphemeralKeyGeneration_A_1_fu_249.grp_LADDER3PT_75_76_1_fu_1377.grp_fp2mul503_mont_133_2_fu_1105.grp_mp_mul_148_fu_56,VITIS_LOOP_143_1,seq_loop_status12.csv
grp_EphemeralKeyGeneration_A_1_fu_249.grp_LADDER3PT_75_76_1_fu_1377.grp_fp2mul503_mont_133_2_fu_1105.grp_mp_mul_148_fu_56,VITIS_LOOP_157_3,seq_loop_status13.csv
grp_EphemeralKeyGeneration_A_1_fu_249.grp_LADDER3PT_75_76_1_fu_1377.grp_fp2mul503_mont_133_2_fu_1105.grp_mp_mul_148_fu_56.grp_mp_mul_148_Pipeline_VITIS_LOOP_145_2_fu_134,VITIS_LOOP_145_2,upc_loop_status72.csv
grp_EphemeralKeyGeneration_A_1_fu_249.grp_LADDER3PT_75_76_1_fu_1377.grp_fp2mul503_mont_133_2_fu_1105.grp_mp_mul_148_fu_56.grp_mp_mul_148_Pipeline_VITIS_LOOP_159_4_fu_151,VITIS_LOOP_159_4,upc_loop_status73.csv
grp_EphemeralKeyGeneration_A_1_fu_249.grp_LADDER3PT_75_76_1_fu_1377.grp_fp2mul503_mont_133_2_fu_1105.grp_fp2mul503_mont_133_2_Pipeline_VITIS_LOOP_350_1_fu_72,VITIS_LOOP_350_1,upc_loop_status74.csv
grp_EphemeralKeyGeneration_A_1_fu_249.grp_LADDER3PT_75_76_1_fu_1377.grp_fp2mul503_mont_133_2_fu_1105.grp_fp2mul503_mont_133_2_Pipeline_VITIS_LOOP_350_1182_fu_79,VITIS_LOOP_350_1,upc_loop_status75.csv
grp_EphemeralKeyGeneration_A_1_fu_249.grp_LADDER3PT_75_76_1_fu_1377.grp_fp2mul503_mont_133_2_fu_1105.grp_fp2mul503_mont_133_2_Pipeline_VITIS_LOOP_170_1_fu_86,VITIS_LOOP_170_1,upc_loop_status76.csv
grp_EphemeralKeyGeneration_A_1_fu_249.grp_LADDER3PT_75_76_1_fu_1377.grp_fp2mul503_mont_133_2_fu_1105.grp_fp2mul503_mont_133_2_Pipeline_VITIS_LOOP_200_1_fu_94,VITIS_LOOP_200_1,upc_loop_status77.csv
grp_EphemeralKeyGeneration_A_1_fu_249.grp_LADDER3PT_75_76_1_fu_1377.grp_fp2mul503_mont_133_2_fu_1105.grp_fp2mul503_mont_133_2_Pipeline_VITIS_LOOP_350_1183_fu_102,VITIS_LOOP_350_1,upc_loop_status78.csv
grp_EphemeralKeyGeneration_A_1_fu_249.grp_LADDER3PT_75_76_1_fu_1377.grp_fp2mul503_mont_133_2_fu_1105.grp_rdc_mont_140_fu_108,VITIS_LOOP_186_2,seq_loop_status14.csv
grp_EphemeralKeyGeneration_A_1_fu_249.grp_LADDER3PT_75_76_1_fu_1377.grp_fp2mul503_mont_133_2_fu_1105.grp_rdc_mont_140_fu_108,VITIS_LOOP_204_4,seq_loop_status15.csv
grp_EphemeralKeyGeneration_A_1_fu_249.grp_LADDER3PT_75_76_1_fu_1377.grp_fp2mul503_mont_133_2_fu_1105.grp_rdc_mont_140_fu_108.grp_rdc_mont_140_Pipeline_VITIS_LOOP_182_1_fu_192,VITIS_LOOP_182_1,upc_loop_status79.csv
grp_EphemeralKeyGeneration_A_1_fu_249.grp_LADDER3PT_75_76_1_fu_1377.grp_fp2mul503_mont_133_2_fu_1105.grp_rdc_mont_140_fu_108.grp_rdc_mont_140_Pipeline_VITIS_LOOP_187_3_fu_199,VITIS_LOOP_187_3,upc_loop_status80.csv
grp_EphemeralKeyGeneration_A_1_fu_249.grp_LADDER3PT_75_76_1_fu_1377.grp_fp2mul503_mont_133_2_fu_1105.grp_rdc_mont_140_fu_108.grp_rdc_mont_140_Pipeline_VITIS_LOOP_208_5_fu_216,VITIS_LOOP_208_5,upc_loop_status81.csv
grp_EphemeralKeyGeneration_A_1_fu_249.grp_LADDER3PT_75_76_1_fu_1377.grp_fp2mul503_mont_133_2_fu_1105.grp_mp_mul_152_fu_120,VITIS_LOOP_143_1,seq_loop_status16.csv
grp_EphemeralKeyGeneration_A_1_fu_249.grp_LADDER3PT_75_76_1_fu_1377.grp_fp2mul503_mont_133_2_fu_1105.grp_mp_mul_152_fu_120,VITIS_LOOP_157_3,seq_loop_status17.csv
grp_EphemeralKeyGeneration_A_1_fu_249.grp_LADDER3PT_75_76_1_fu_1377.grp_fp2mul503_mont_133_2_fu_1105.grp_mp_mul_152_fu_120.grp_mp_mul_152_Pipeline_VITIS_LOOP_145_2_fu_112,VITIS_LOOP_145_2,upc_loop_status82.csv
grp_EphemeralKeyGeneration_A_1_fu_249.grp_LADDER3PT_75_76_1_fu_1377.grp_fp2mul503_mont_133_2_fu_1105.grp_mp_mul_152_fu_120.grp_mp_mul_152_Pipeline_VITIS_LOOP_159_4_fu_127,VITIS_LOOP_159_4,upc_loop_status83.csv
grp_EphemeralKeyGeneration_A_1_fu_249.grp_LADDER3PT_75_76_1_fu_1377.grp_fp2mul503_mont_133_2_fu_1105.grp_fp2mul503_mont_133_2_Pipeline_VITIS_LOOP_170_1184_fu_127,VITIS_LOOP_170_1,upc_loop_status84.csv
grp_EphemeralKeyGeneration_A_1_fu_249.grp_LADDER3PT_75_76_1_fu_1377.grp_fp2mul503_mont_65_66_fu_1115.grp_mp_mul_fu_58,VITIS_LOOP_143_1,seq_loop_status18.csv
grp_EphemeralKeyGeneration_A_1_fu_249.grp_LADDER3PT_75_76_1_fu_1377.grp_fp2mul503_mont_65_66_fu_1115.grp_mp_mul_fu_58,VITIS_LOOP_157_3,seq_loop_status19.csv
grp_EphemeralKeyGeneration_A_1_fu_249.grp_LADDER3PT_75_76_1_fu_1377.grp_fp2mul503_mont_65_66_fu_1115.grp_mp_mul_fu_58.grp_mp_mul_Pipeline_VITIS_LOOP_145_2_fu_126,VITIS_LOOP_145_2,upc_loop_status85.csv
grp_EphemeralKeyGeneration_A_1_fu_249.grp_LADDER3PT_75_76_1_fu_1377.grp_fp2mul503_mont_65_66_fu_1115.grp_mp_mul_fu_58.grp_mp_mul_Pipeline_VITIS_LOOP_159_4_fu_142,VITIS_LOOP_159_4,upc_loop_status86.csv
grp_EphemeralKeyGeneration_A_1_fu_249.grp_LADDER3PT_75_76_1_fu_1377.grp_fp2mul503_mont_65_66_fu_1115.grp_fp2mul503_mont_65_66_Pipeline_VITIS_LOOP_350_1_fu_72,VITIS_LOOP_350_1,upc_loop_status87.csv
grp_EphemeralKeyGeneration_A_1_fu_249.grp_LADDER3PT_75_76_1_fu_1377.grp_fp2mul503_mont_65_66_fu_1115.grp_fp2mul503_mont_65_66_Pipeline_VITIS_LOOP_350_1161_fu_79,VITIS_LOOP_350_1,upc_loop_status88.csv
grp_EphemeralKeyGeneration_A_1_fu_249.grp_LADDER3PT_75_76_1_fu_1377.grp_fp2mul503_mont_65_66_fu_1115.grp_fp2mul503_mont_65_66_Pipeline_VITIS_LOOP_170_1_fu_88,VITIS_LOOP_170_1,upc_loop_status89.csv
grp_EphemeralKeyGeneration_A_1_fu_249.grp_LADDER3PT_75_76_1_fu_1377.grp_fp2mul503_mont_65_66_fu_1115.grp_fp2mul503_mont_65_66_Pipeline_VITIS_LOOP_200_1_fu_96,VITIS_LOOP_200_1,upc_loop_status90.csv
grp_EphemeralKeyGeneration_A_1_fu_249.grp_LADDER3PT_75_76_1_fu_1377.grp_fp2mul503_mont_65_66_fu_1115.grp_fp2mul503_mont_65_66_Pipeline_VITIS_LOOP_350_1162_fu_104,VITIS_LOOP_350_1,upc_loop_status91.csv
grp_EphemeralKeyGeneration_A_1_fu_249.grp_LADDER3PT_75_76_1_fu_1377.grp_fp2mul503_mont_65_66_fu_1115.grp_rdc_mont_140_fu_110,VITIS_LOOP_186_2,seq_loop_status20.csv
grp_EphemeralKeyGeneration_A_1_fu_249.grp_LADDER3PT_75_76_1_fu_1377.grp_fp2mul503_mont_65_66_fu_1115.grp_rdc_mont_140_fu_110,VITIS_LOOP_204_4,seq_loop_status21.csv
grp_EphemeralKeyGeneration_A_1_fu_249.grp_LADDER3PT_75_76_1_fu_1377.grp_fp2mul503_mont_65_66_fu_1115.grp_rdc_mont_140_fu_110.grp_rdc_mont_140_Pipeline_VITIS_LOOP_182_1_fu_192,VITIS_LOOP_182_1,upc_loop_status92.csv
grp_EphemeralKeyGeneration_A_1_fu_249.grp_LADDER3PT_75_76_1_fu_1377.grp_fp2mul503_mont_65_66_fu_1115.grp_rdc_mont_140_fu_110.grp_rdc_mont_140_Pipeline_VITIS_LOOP_187_3_fu_199,VITIS_LOOP_187_3,upc_loop_status93.csv
grp_EphemeralKeyGeneration_A_1_fu_249.grp_LADDER3PT_75_76_1_fu_1377.grp_fp2mul503_mont_65_66_fu_1115.grp_rdc_mont_140_fu_110.grp_rdc_mont_140_Pipeline_VITIS_LOOP_208_5_fu_216,VITIS_LOOP_208_5,upc_loop_status94.csv
grp_EphemeralKeyGeneration_A_1_fu_249.grp_LADDER3PT_75_76_1_fu_1377.grp_fp2mul503_mont_65_66_fu_1115.grp_mp_mul_152_fu_122,VITIS_LOOP_143_1,seq_loop_status22.csv
grp_EphemeralKeyGeneration_A_1_fu_249.grp_LADDER3PT_75_76_1_fu_1377.grp_fp2mul503_mont_65_66_fu_1115.grp_mp_mul_152_fu_122,VITIS_LOOP_157_3,seq_loop_status23.csv
grp_EphemeralKeyGeneration_A_1_fu_249.grp_LADDER3PT_75_76_1_fu_1377.grp_fp2mul503_mont_65_66_fu_1115.grp_mp_mul_152_fu_122.grp_mp_mul_152_Pipeline_VITIS_LOOP_145_2_fu_112,VITIS_LOOP_145_2,upc_loop_status95.csv
grp_EphemeralKeyGeneration_A_1_fu_249.grp_LADDER3PT_75_76_1_fu_1377.grp_fp2mul503_mont_65_66_fu_1115.grp_mp_mul_152_fu_122.grp_mp_mul_152_Pipeline_VITIS_LOOP_159_4_fu_127,VITIS_LOOP_159_4,upc_loop_status96.csv
grp_EphemeralKeyGeneration_A_1_fu_249.grp_LADDER3PT_75_76_1_fu_1377.grp_fp2mul503_mont_65_66_fu_1115.grp_fp2mul503_mont_65_66_Pipeline_VITIS_LOOP_170_1163_fu_129,VITIS_LOOP_170_1,upc_loop_status97.csv
grp_EphemeralKeyGeneration_A_1_fu_249.grp_LADDER3PT_75_76_1_fu_1377.grp_fpsub503_fu_1126.grp_fpsub503_Pipeline_VITIS_LOOP_47_1_fu_40,VITIS_LOOP_47_1,upc_loop_status98.csv
grp_EphemeralKeyGeneration_A_1_fu_249.grp_LADDER3PT_75_76_1_fu_1377.grp_fpsub503_fu_1126.grp_fpsub503_Pipeline_VITIS_LOOP_53_2_fu_53,VITIS_LOOP_53_2,upc_loop_status99.csv
grp_EphemeralKeyGeneration_A_1_fu_249.grp_LADDER3PT_75_76_1_fu_1377.grp_fp2mul503_mont_fu_1141.grp_mp_mul_146_fu_56,VITIS_LOOP_143_1,seq_loop_status24.csv
grp_EphemeralKeyGeneration_A_1_fu_249.grp_LADDER3PT_75_76_1_fu_1377.grp_fp2mul503_mont_fu_1141.grp_mp_mul_146_fu_56,VITIS_LOOP_157_3,seq_loop_status25.csv
grp_EphemeralKeyGeneration_A_1_fu_249.grp_LADDER3PT_75_76_1_fu_1377.grp_fp2mul503_mont_fu_1141.grp_mp_mul_146_fu_56.grp_mp_mul_146_Pipeline_VITIS_LOOP_145_2_fu_134,VITIS_LOOP_145_2,upc_loop_status100.csv
grp_EphemeralKeyGeneration_A_1_fu_249.grp_LADDER3PT_75_76_1_fu_1377.grp_fp2mul503_mont_fu_1141.grp_mp_mul_146_fu_56.grp_mp_mul_146_Pipeline_VITIS_LOOP_159_4_fu_151,VITIS_LOOP_159_4,upc_loop_status101.csv
grp_EphemeralKeyGeneration_A_1_fu_249.grp_LADDER3PT_75_76_1_fu_1377.grp_fp2mul503_mont_fu_1141.grp_fp2mul503_mont_Pipeline_VITIS_LOOP_350_1_fu_72,VITIS_LOOP_350_1,upc_loop_status102.csv
grp_EphemeralKeyGeneration_A_1_fu_249.grp_LADDER3PT_75_76_1_fu_1377.grp_fp2mul503_mont_fu_1141.grp_fp2mul503_mont_Pipeline_VITIS_LOOP_350_1212_fu_79,VITIS_LOOP_350_1,upc_loop_status103.csv
grp_EphemeralKeyGeneration_A_1_fu_249.grp_LADDER3PT_75_76_1_fu_1377.grp_fp2mul503_mont_fu_1141.grp_fp2mul503_mont_Pipeline_VITIS_LOOP_170_1_fu_86,VITIS_LOOP_170_1,upc_loop_status104.csv
grp_EphemeralKeyGeneration_A_1_fu_249.grp_LADDER3PT_75_76_1_fu_1377.grp_fp2mul503_mont_fu_1141.grp_fp2mul503_mont_Pipeline_VITIS_LOOP_200_1_fu_94,VITIS_LOOP_200_1,upc_loop_status105.csv
grp_EphemeralKeyGeneration_A_1_fu_249.grp_LADDER3PT_75_76_1_fu_1377.grp_fp2mul503_mont_fu_1141.grp_fp2mul503_mont_Pipeline_VITIS_LOOP_350_1213_fu_102,VITIS_LOOP_350_1,upc_loop_status106.csv
grp_EphemeralKeyGeneration_A_1_fu_249.grp_LADDER3PT_75_76_1_fu_1377.grp_fp2mul503_mont_fu_1141.grp_rdc_mont_14186_fu_108,VITIS_LOOP_186_2,seq_loop_status26.csv
grp_EphemeralKeyGeneration_A_1_fu_249.grp_LADDER3PT_75_76_1_fu_1377.grp_fp2mul503_mont_fu_1141.grp_rdc_mont_14186_fu_108,VITIS_LOOP_204_4,seq_loop_status27.csv
grp_EphemeralKeyGeneration_A_1_fu_249.grp_LADDER3PT_75_76_1_fu_1377.grp_fp2mul503_mont_fu_1141.grp_rdc_mont_14186_fu_108.grp_rdc_mont_14186_Pipeline_VITIS_LOOP_182_1_fu_192,VITIS_LOOP_182_1,upc_loop_status107.csv
grp_EphemeralKeyGeneration_A_1_fu_249.grp_LADDER3PT_75_76_1_fu_1377.grp_fp2mul503_mont_fu_1141.grp_rdc_mont_14186_fu_108.grp_rdc_mont_14186_Pipeline_VITIS_LOOP_187_3_fu_199,VITIS_LOOP_187_3,upc_loop_status108.csv
grp_EphemeralKeyGeneration_A_1_fu_249.grp_LADDER3PT_75_76_1_fu_1377.grp_fp2mul503_mont_fu_1141.grp_rdc_mont_14186_fu_108.grp_rdc_mont_14186_Pipeline_VITIS_LOOP_208_5_fu_216,VITIS_LOOP_208_5,upc_loop_status109.csv
grp_EphemeralKeyGeneration_A_1_fu_249.grp_LADDER3PT_75_76_1_fu_1377.grp_fp2mul503_mont_fu_1141.grp_mp_mul_152_fu_120,VITIS_LOOP_143_1,seq_loop_status28.csv
grp_EphemeralKeyGeneration_A_1_fu_249.grp_LADDER3PT_75_76_1_fu_1377.grp_fp2mul503_mont_fu_1141.grp_mp_mul_152_fu_120,VITIS_LOOP_157_3,seq_loop_status29.csv
grp_EphemeralKeyGeneration_A_1_fu_249.grp_LADDER3PT_75_76_1_fu_1377.grp_fp2mul503_mont_fu_1141.grp_mp_mul_152_fu_120.grp_mp_mul_152_Pipeline_VITIS_LOOP_145_2_fu_112,VITIS_LOOP_145_2,upc_loop_status110.csv
grp_EphemeralKeyGeneration_A_1_fu_249.grp_LADDER3PT_75_76_1_fu_1377.grp_fp2mul503_mont_fu_1141.grp_mp_mul_152_fu_120.grp_mp_mul_152_Pipeline_VITIS_LOOP_159_4_fu_127,VITIS_LOOP_159_4,upc_loop_status111.csv
grp_EphemeralKeyGeneration_A_1_fu_249.grp_LADDER3PT_75_76_1_fu_1377.grp_fp2mul503_mont_fu_1141.grp_fp2mul503_mont_Pipeline_VITIS_LOOP_170_1214_fu_127,VITIS_LOOP_170_1,upc_loop_status112.csv
grp_EphemeralKeyGeneration_A_1_fu_249.grp_LADDER3PT_75_76_1_fu_1377.grp_fp2mul503_mont_67_70_fu_1151.grp_mp_mul_68_69_fu_62,VITIS_LOOP_143_1,seq_loop_status30.csv
grp_EphemeralKeyGeneration_A_1_fu_249.grp_LADDER3PT_75_76_1_fu_1377.grp_fp2mul503_mont_67_70_fu_1151.grp_mp_mul_68_69_fu_62,VITIS_LOOP_157_3,seq_loop_status31.csv
grp_EphemeralKeyGeneration_A_1_fu_249.grp_LADDER3PT_75_76_1_fu_1377.grp_fp2mul503_mont_67_70_fu_1151.grp_mp_mul_68_69_fu_62.grp_mp_mul_68_69_Pipeline_VITIS_LOOP_145_2_fu_148,VITIS_LOOP_145_2,upc_loop_status113.csv
grp_EphemeralKeyGeneration_A_1_fu_249.grp_LADDER3PT_75_76_1_fu_1377.grp_fp2mul503_mont_67_70_fu_1151.grp_mp_mul_68_69_fu_62.grp_mp_mul_68_69_Pipeline_VITIS_LOOP_159_4_fu_168,VITIS_LOOP_159_4,upc_loop_status114.csv
grp_EphemeralKeyGeneration_A_1_fu_249.grp_LADDER3PT_75_76_1_fu_1377.grp_fp2mul503_mont_67_70_fu_1151.grp_fp2mul503_mont_67_70_Pipeline_VITIS_LOOP_350_1_fu_83,VITIS_LOOP_350_1,upc_loop_status115.csv
grp_EphemeralKeyGeneration_A_1_fu_249.grp_LADDER3PT_75_76_1_fu_1377.grp_fp2mul503_mont_67_70_fu_1151.grp_fp2mul503_mont_67_70_Pipeline_VITIS_LOOP_350_1158_fu_90,VITIS_LOOP_350_1,upc_loop_status116.csv
grp_EphemeralKeyGeneration_A_1_fu_249.grp_LADDER3PT_75_76_1_fu_1377.grp_fp2mul503_mont_67_70_fu_1151.grp_fp2mul503_mont_67_70_Pipeline_VITIS_LOOP_170_1_fu_99,VITIS_LOOP_170_1,upc_loop_status117.csv
grp_EphemeralKeyGeneration_A_1_fu_249.grp_LADDER3PT_75_76_1_fu_1377.grp_fp2mul503_mont_67_70_fu_1151.grp_fp2mul503_mont_67_70_Pipeline_VITIS_LOOP_200_1_fu_107,VITIS_LOOP_200_1,upc_loop_status118.csv
grp_EphemeralKeyGeneration_A_1_fu_249.grp_LADDER3PT_75_76_1_fu_1377.grp_fp2mul503_mont_67_70_fu_1151.grp_fp2mul503_mont_67_70_Pipeline_VITIS_LOOP_350_1159_fu_115,VITIS_LOOP_350_1,upc_loop_status119.csv
grp_EphemeralKeyGeneration_A_1_fu_249.grp_LADDER3PT_75_76_1_fu_1377.grp_fp2mul503_mont_67_70_fu_1151.grp_rdc_mont_fu_121,VITIS_LOOP_186_2,seq_loop_status32.csv
grp_EphemeralKeyGeneration_A_1_fu_249.grp_LADDER3PT_75_76_1_fu_1377.grp_fp2mul503_mont_67_70_fu_1151.grp_rdc_mont_fu_121,VITIS_LOOP_204_4,seq_loop_status33.csv
grp_EphemeralKeyGeneration_A_1_fu_249.grp_LADDER3PT_75_76_1_fu_1377.grp_fp2mul503_mont_67_70_fu_1151.grp_rdc_mont_fu_121.grp_rdc_mont_Pipeline_VITIS_LOOP_182_1_fu_177,VITIS_LOOP_182_1,upc_loop_status120.csv
grp_EphemeralKeyGeneration_A_1_fu_249.grp_LADDER3PT_75_76_1_fu_1377.grp_fp2mul503_mont_67_70_fu_1151.grp_rdc_mont_fu_121.grp_rdc_mont_Pipeline_VITIS_LOOP_187_3_fu_183,VITIS_LOOP_187_3,upc_loop_status121.csv
grp_EphemeralKeyGeneration_A_1_fu_249.grp_LADDER3PT_75_76_1_fu_1377.grp_fp2mul503_mont_67_70_fu_1151.grp_rdc_mont_fu_121.grp_rdc_mont_Pipeline_VITIS_LOOP_208_5_fu_199,VITIS_LOOP_208_5,upc_loop_status122.csv
grp_EphemeralKeyGeneration_A_1_fu_249.grp_LADDER3PT_75_76_1_fu_1377.grp_fp2mul503_mont_67_70_fu_1151.grp_mp_mul_152_fu_131,VITIS_LOOP_143_1,seq_loop_status34.csv
grp_EphemeralKeyGeneration_A_1_fu_249.grp_LADDER3PT_75_76_1_fu_1377.grp_fp2mul503_mont_67_70_fu_1151.grp_mp_mul_152_fu_131,VITIS_LOOP_157_3,seq_loop_status35.csv
grp_EphemeralKeyGeneration_A_1_fu_249.grp_LADDER3PT_75_76_1_fu_1377.grp_fp2mul503_mont_67_70_fu_1151.grp_mp_mul_152_fu_131.grp_mp_mul_152_Pipeline_VITIS_LOOP_145_2_fu_112,VITIS_LOOP_145_2,upc_loop_status123.csv
grp_EphemeralKeyGeneration_A_1_fu_249.grp_LADDER3PT_75_76_1_fu_1377.grp_fp2mul503_mont_67_70_fu_1151.grp_mp_mul_152_fu_131.grp_mp_mul_152_Pipeline_VITIS_LOOP_159_4_fu_127,VITIS_LOOP_159_4,upc_loop_status124.csv
grp_EphemeralKeyGeneration_A_1_fu_249.grp_LADDER3PT_75_76_1_fu_1377.grp_fp2mul503_mont_67_70_fu_1151.grp_fp2mul503_mont_67_70_Pipeline_VITIS_LOOP_170_1160_fu_138,VITIS_LOOP_170_1,upc_loop_status125.csv
grp_EphemeralKeyGeneration_A_1_fu_249.grp_LADDER3PT_75_76_1_fu_1377.grp_fpadd503_147_fu_1164.grp_fpadd503_147_Pipeline_VITIS_LOOP_23_1_fu_32,VITIS_LOOP_23_1,upc_loop_status126.csv
grp_EphemeralKeyGeneration_A_1_fu_249.grp_LADDER3PT_75_76_1_fu_1377.grp_fpadd503_147_fu_1164.grp_fpadd503_147_Pipeline_VITIS_LOOP_28_2_fu_41,VITIS_LOOP_28_2,upc_loop_status127.csv
grp_EphemeralKeyGeneration_A_1_fu_249.grp_LADDER3PT_75_76_1_fu_1377.grp_fpadd503_147_fu_1164.grp_fpadd503_147_Pipeline_VITIS_LOOP_34_3_fu_51,VITIS_LOOP_34_3,upc_loop_status128.csv
grp_EphemeralKeyGeneration_A_1_fu_249.grp_LADDER3PT_75_76_1_fu_1377.grp_fp2sqr503_mont_71_72_fu_1175.grp_fp2sqr503_mont_71_72_Pipeline_VITIS_LOOP_350_1_fu_52,VITIS_LOOP_350_1,upc_loop_status129.csv
grp_EphemeralKeyGeneration_A_1_fu_249.grp_LADDER3PT_75_76_1_fu_1377.grp_fp2sqr503_mont_71_72_fu_1175.grp_fp2sqr503_mont_71_72_Pipeline_5_fu_62,Loop 1,upc_loop_status130.csv
grp_EphemeralKeyGeneration_A_1_fu_249.grp_LADDER3PT_75_76_1_fu_1377.grp_fp2sqr503_mont_71_72_fu_1175.grp_fp2sqr503_mont_71_72_Pipeline_6_fu_68,Loop 1,upc_loop_status131.csv
grp_EphemeralKeyGeneration_A_1_fu_249.grp_LADDER3PT_75_76_1_fu_1377.grp_fp2sqr503_mont_71_72_fu_1175.grp_fp2sqr503_mont_71_72_Pipeline_VITIS_LOOP_47_1_fu_74,VITIS_LOOP_47_1,upc_loop_status132.csv
grp_EphemeralKeyGeneration_A_1_fu_249.grp_LADDER3PT_75_76_1_fu_1377.grp_fp2sqr503_mont_71_72_fu_1175.grp_fp2sqr503_mont_71_72_Pipeline_VITIS_LOOP_53_2_fu_84,VITIS_LOOP_53_2,upc_loop_status133.csv
grp_EphemeralKeyGeneration_A_1_fu_249.grp_LADDER3PT_75_76_1_fu_1377.grp_fp2sqr503_mont_71_72_fu_1175.grp_fp2sqr503_mont_71_72_Pipeline_VITIS_LOOP_350_1130_fu_92,VITIS_LOOP_350_1,upc_loop_status134.csv
grp_EphemeralKeyGeneration_A_1_fu_249.grp_LADDER3PT_75_76_1_fu_1377.grp_fp2sqr503_mont_71_72_fu_1175.grp_mp_mul_152_fu_99,VITIS_LOOP_143_1,seq_loop_status36.csv
grp_EphemeralKeyGeneration_A_1_fu_249.grp_LADDER3PT_75_76_1_fu_1377.grp_fp2sqr503_mont_71_72_fu_1175.grp_mp_mul_152_fu_99,VITIS_LOOP_157_3,seq_loop_status37.csv
grp_EphemeralKeyGeneration_A_1_fu_249.grp_LADDER3PT_75_76_1_fu_1377.grp_fp2sqr503_mont_71_72_fu_1175.grp_mp_mul_152_fu_99.grp_mp_mul_152_Pipeline_VITIS_LOOP_145_2_fu_112,VITIS_LOOP_145_2,upc_loop_status135.csv
grp_EphemeralKeyGeneration_A_1_fu_249.grp_LADDER3PT_75_76_1_fu_1377.grp_fp2sqr503_mont_71_72_fu_1175.grp_mp_mul_152_fu_99.grp_mp_mul_152_Pipeline_VITIS_LOOP_159_4_fu_127,VITIS_LOOP_159_4,upc_loop_status136.csv
grp_EphemeralKeyGeneration_A_1_fu_249.grp_LADDER3PT_75_76_1_fu_1377.grp_fp2sqr503_mont_71_72_fu_1175.grp_mp_mul_1108_fu_106,VITIS_LOOP_143_1,seq_loop_status38.csv
grp_EphemeralKeyGeneration_A_1_fu_249.grp_LADDER3PT_75_76_1_fu_1377.grp_fp2sqr503_mont_71_72_fu_1175.grp_mp_mul_1108_fu_106,VITIS_LOOP_157_3,seq_loop_status39.csv
grp_EphemeralKeyGeneration_A_1_fu_249.grp_LADDER3PT_75_76_1_fu_1377.grp_fp2sqr503_mont_71_72_fu_1175.grp_mp_mul_1108_fu_106.grp_mp_mul_1108_Pipeline_VITIS_LOOP_145_2_fu_112,VITIS_LOOP_145_2,upc_loop_status137.csv
grp_EphemeralKeyGeneration_A_1_fu_249.grp_LADDER3PT_75_76_1_fu_1377.grp_fp2sqr503_mont_71_72_fu_1175.grp_mp_mul_1108_fu_106.grp_mp_mul_1108_Pipeline_VITIS_LOOP_159_4_fu_127,VITIS_LOOP_159_4,upc_loop_status138.csv
grp_EphemeralKeyGeneration_A_1_fu_249.grp_LADDER3PT_75_76_1_fu_1377.grp_fp2sqr503_mont_71_72_fu_1175.grp_rdc_mont_fu_114,VITIS_LOOP_186_2,seq_loop_status40.csv
grp_EphemeralKeyGeneration_A_1_fu_249.grp_LADDER3PT_75_76_1_fu_1377.grp_fp2sqr503_mont_71_72_fu_1175.grp_rdc_mont_fu_114,VITIS_LOOP_204_4,seq_loop_status41.csv
grp_EphemeralKeyGeneration_A_1_fu_249.grp_LADDER3PT_75_76_1_fu_1377.grp_fp2sqr503_mont_71_72_fu_1175.grp_rdc_mont_fu_114.grp_rdc_mont_Pipeline_VITIS_LOOP_182_1_fu_177,VITIS_LOOP_182_1,upc_loop_status139.csv
grp_EphemeralKeyGeneration_A_1_fu_249.grp_LADDER3PT_75_76_1_fu_1377.grp_fp2sqr503_mont_71_72_fu_1175.grp_rdc_mont_fu_114.grp_rdc_mont_Pipeline_VITIS_LOOP_187_3_fu_183,VITIS_LOOP_187_3,upc_loop_status140.csv
grp_EphemeralKeyGeneration_A_1_fu_249.grp_LADDER3PT_75_76_1_fu_1377.grp_fp2sqr503_mont_71_72_fu_1175.grp_rdc_mont_fu_114.grp_rdc_mont_Pipeline_VITIS_LOOP_208_5_fu_199,VITIS_LOOP_208_5,upc_loop_status141.csv
grp_EphemeralKeyGeneration_A_1_fu_249.grp_LADDER3PT_75_76_1_fu_1377.grp_fp2sqr503_mont_71_72_fu_1175.grp_rdc_mont_fu_123,VITIS_LOOP_186_2,seq_loop_status42.csv
grp_EphemeralKeyGeneration_A_1_fu_249.grp_LADDER3PT_75_76_1_fu_1377.grp_fp2sqr503_mont_71_72_fu_1175.grp_rdc_mont_fu_123,VITIS_LOOP_204_4,seq_loop_status43.csv
grp_EphemeralKeyGeneration_A_1_fu_249.grp_LADDER3PT_75_76_1_fu_1377.grp_fp2sqr503_mont_71_72_fu_1175.grp_rdc_mont_fu_123.grp_rdc_mont_Pipeline_VITIS_LOOP_182_1_fu_177,VITIS_LOOP_182_1,upc_loop_status142.csv
grp_EphemeralKeyGeneration_A_1_fu_249.grp_LADDER3PT_75_76_1_fu_1377.grp_fp2sqr503_mont_71_72_fu_1175.grp_rdc_mont_fu_123.grp_rdc_mont_Pipeline_VITIS_LOOP_187_3_fu_183,VITIS_LOOP_187_3,upc_loop_status143.csv
grp_EphemeralKeyGeneration_A_1_fu_249.grp_LADDER3PT_75_76_1_fu_1377.grp_fp2sqr503_mont_71_72_fu_1175.grp_rdc_mont_fu_123.grp_rdc_mont_Pipeline_VITIS_LOOP_208_5_fu_199,VITIS_LOOP_208_5,upc_loop_status144.csv
grp_EphemeralKeyGeneration_A_1_fu_249.grp_LADDER3PT_75_76_1_fu_1377.grp_fpadd503_fu_1185.grp_fpadd503_Pipeline_VITIS_LOOP_23_1_fu_42,VITIS_LOOP_23_1,upc_loop_status145.csv
grp_EphemeralKeyGeneration_A_1_fu_249.grp_LADDER3PT_75_76_1_fu_1377.grp_fpadd503_fu_1185.grp_fpadd503_Pipeline_VITIS_LOOP_28_2_fu_54,VITIS_LOOP_28_2,upc_loop_status146.csv
grp_EphemeralKeyGeneration_A_1_fu_249.grp_LADDER3PT_75_76_1_fu_1377.grp_fpadd503_fu_1185.grp_fpadd503_Pipeline_VITIS_LOOP_34_3_fu_63,VITIS_LOOP_34_3,upc_loop_status147.csv
grp_EphemeralKeyGeneration_A_1_fu_249.grp_LADDER3PT_75_76_1_fu_1377.grp_fp2mul503_mont_73_74_1_fu_1200.grp_mp_mul_1_fu_56,VITIS_LOOP_143_1,seq_loop_status44.csv
grp_EphemeralKeyGeneration_A_1_fu_249.grp_LADDER3PT_75_76_1_fu_1377.grp_fp2mul503_mont_73_74_1_fu_1200.grp_mp_mul_1_fu_56,VITIS_LOOP_157_3,seq_loop_status45.csv
grp_EphemeralKeyGeneration_A_1_fu_249.grp_LADDER3PT_75_76_1_fu_1377.grp_fp2mul503_mont_73_74_1_fu_1200.grp_mp_mul_1_fu_56.grp_mp_mul_1_Pipeline_VITIS_LOOP_145_2_fu_112,VITIS_LOOP_145_2,upc_loop_status148.csv
grp_EphemeralKeyGeneration_A_1_fu_249.grp_LADDER3PT_75_76_1_fu_1377.grp_fp2mul503_mont_73_74_1_fu_1200.grp_mp_mul_1_fu_56.grp_mp_mul_1_Pipeline_VITIS_LOOP_159_4_fu_127,VITIS_LOOP_159_4,upc_loop_status149.csv
grp_EphemeralKeyGeneration_A_1_fu_249.grp_LADDER3PT_75_76_1_fu_1377.grp_fp2mul503_mont_73_74_1_fu_1200.grp_mp_mul_2_fu_66,VITIS_LOOP_143_1,seq_loop_status46.csv
grp_EphemeralKeyGeneration_A_1_fu_249.grp_LADDER3PT_75_76_1_fu_1377.grp_fp2mul503_mont_73_74_1_fu_1200.grp_mp_mul_2_fu_66,VITIS_LOOP_157_3,seq_loop_status47.csv
grp_EphemeralKeyGeneration_A_1_fu_249.grp_LADDER3PT_75_76_1_fu_1377.grp_fp2mul503_mont_73_74_1_fu_1200.grp_mp_mul_2_fu_66.grp_mp_mul_2_Pipeline_VITIS_LOOP_145_2_fu_112,VITIS_LOOP_145_2,upc_loop_status150.csv
grp_EphemeralKeyGeneration_A_1_fu_249.grp_LADDER3PT_75_76_1_fu_1377.grp_fp2mul503_mont_73_74_1_fu_1200.grp_mp_mul_2_fu_66.grp_mp_mul_2_Pipeline_VITIS_LOOP_159_4_fu_127,VITIS_LOOP_159_4,upc_loop_status151.csv
grp_EphemeralKeyGeneration_A_1_fu_249.grp_LADDER3PT_75_76_1_fu_1377.grp_fp2mul503_mont_73_74_1_fu_1200.grp_fp2mul503_mont_73_74_1_Pipeline_VITIS_LOOP_350_1_fu_75,VITIS_LOOP_350_1,upc_loop_status152.csv
grp_EphemeralKeyGeneration_A_1_fu_249.grp_LADDER3PT_75_76_1_fu_1377.grp_fp2mul503_mont_73_74_1_fu_1200.grp_fp2mul503_mont_73_74_1_Pipeline_VITIS_LOOP_350_1152_fu_84,VITIS_LOOP_350_1,upc_loop_status153.csv
grp_EphemeralKeyGeneration_A_1_fu_249.grp_LADDER3PT_75_76_1_fu_1377.grp_fp2mul503_mont_73_74_1_fu_1200.grp_fp2mul503_mont_73_74_1_Pipeline_VITIS_LOOP_170_1_fu_91,VITIS_LOOP_170_1,upc_loop_status154.csv
grp_EphemeralKeyGeneration_A_1_fu_249.grp_LADDER3PT_75_76_1_fu_1377.grp_fp2mul503_mont_73_74_1_fu_1200.grp_fp2mul503_mont_73_74_1_Pipeline_VITIS_LOOP_200_1_fu_99,VITIS_LOOP_200_1,upc_loop_status155.csv
grp_EphemeralKeyGeneration_A_1_fu_249.grp_LADDER3PT_75_76_1_fu_1377.grp_fp2mul503_mont_73_74_1_fu_1200.grp_fp2mul503_mont_73_74_1_Pipeline_VITIS_LOOP_350_1153_fu_107,VITIS_LOOP_350_1,upc_loop_status156.csv
grp_EphemeralKeyGeneration_A_1_fu_249.grp_LADDER3PT_75_76_1_fu_1377.grp_fp2mul503_mont_73_74_1_fu_1200.grp_rdc_mont_fu_113,VITIS_LOOP_186_2,seq_loop_status48.csv
grp_EphemeralKeyGeneration_A_1_fu_249.grp_LADDER3PT_75_76_1_fu_1377.grp_fp2mul503_mont_73_74_1_fu_1200.grp_rdc_mont_fu_113,VITIS_LOOP_204_4,seq_loop_status49.csv
grp_EphemeralKeyGeneration_A_1_fu_249.grp_LADDER3PT_75_76_1_fu_1377.grp_fp2mul503_mont_73_74_1_fu_1200.grp_rdc_mont_fu_113.grp_rdc_mont_Pipeline_VITIS_LOOP_182_1_fu_177,VITIS_LOOP_182_1,upc_loop_status157.csv
grp_EphemeralKeyGeneration_A_1_fu_249.grp_LADDER3PT_75_76_1_fu_1377.grp_fp2mul503_mont_73_74_1_fu_1200.grp_rdc_mont_fu_113.grp_rdc_mont_Pipeline_VITIS_LOOP_187_3_fu_183,VITIS_LOOP_187_3,upc_loop_status158.csv
grp_EphemeralKeyGeneration_A_1_fu_249.grp_LADDER3PT_75_76_1_fu_1377.grp_fp2mul503_mont_73_74_1_fu_1200.grp_rdc_mont_fu_113.grp_rdc_mont_Pipeline_VITIS_LOOP_208_5_fu_199,VITIS_LOOP_208_5,upc_loop_status159.csv
grp_EphemeralKeyGeneration_A_1_fu_249.grp_LADDER3PT_75_76_1_fu_1377.grp_fp2mul503_mont_73_74_1_fu_1200.grp_mp_mul_152_fu_123,VITIS_LOOP_143_1,seq_loop_status50.csv
grp_EphemeralKeyGeneration_A_1_fu_249.grp_LADDER3PT_75_76_1_fu_1377.grp_fp2mul503_mont_73_74_1_fu_1200.grp_mp_mul_152_fu_123,VITIS_LOOP_157_3,seq_loop_status51.csv
grp_EphemeralKeyGeneration_A_1_fu_249.grp_LADDER3PT_75_76_1_fu_1377.grp_fp2mul503_mont_73_74_1_fu_1200.grp_mp_mul_152_fu_123.grp_mp_mul_152_Pipeline_VITIS_LOOP_145_2_fu_112,VITIS_LOOP_145_2,upc_loop_status160.csv
grp_EphemeralKeyGeneration_A_1_fu_249.grp_LADDER3PT_75_76_1_fu_1377.grp_fp2mul503_mont_73_74_1_fu_1200.grp_mp_mul_152_fu_123.grp_mp_mul_152_Pipeline_VITIS_LOOP_159_4_fu_127,VITIS_LOOP_159_4,upc_loop_status161.csv
grp_EphemeralKeyGeneration_A_1_fu_249.grp_LADDER3PT_75_76_1_fu_1377.grp_fp2mul503_mont_73_74_1_fu_1200.grp_fp2mul503_mont_73_74_1_Pipeline_VITIS_LOOP_170_1154_fu_130,VITIS_LOOP_170_1,upc_loop_status162.csv
grp_EphemeralKeyGeneration_A_1_fu_249.grp_LADDER3PT_75_76_1_fu_1377.grp_fp2mul503_mont_1339880_fu_1213.grp_mp_mul_14788_fu_56,VITIS_LOOP_143_1,seq_loop_status52.csv
grp_EphemeralKeyGeneration_A_1_fu_249.grp_LADDER3PT_75_76_1_fu_1377.grp_fp2mul503_mont_1339880_fu_1213.grp_mp_mul_14788_fu_56,VITIS_LOOP_157_3,seq_loop_status53.csv
grp_EphemeralKeyGeneration_A_1_fu_249.grp_LADDER3PT_75_76_1_fu_1377.grp_fp2mul503_mont_1339880_fu_1213.grp_mp_mul_14788_fu_56.grp_mp_mul_14788_Pipeline_VITIS_LOOP_145_2_fu_134,VITIS_LOOP_145_2,upc_loop_status163.csv
grp_EphemeralKeyGeneration_A_1_fu_249.grp_LADDER3PT_75_76_1_fu_1377.grp_fp2mul503_mont_1339880_fu_1213.grp_mp_mul_14788_fu_56.grp_mp_mul_14788_Pipeline_VITIS_LOOP_159_4_fu_151,VITIS_LOOP_159_4,upc_loop_status164.csv
grp_EphemeralKeyGeneration_A_1_fu_249.grp_LADDER3PT_75_76_1_fu_1377.grp_fp2mul503_mont_1339880_fu_1213.grp_fp2mul503_mont_1339880_Pipeline_VITIS_LOOP_350_1_fu_72,VITIS_LOOP_350_1,upc_loop_status165.csv
grp_EphemeralKeyGeneration_A_1_fu_249.grp_LADDER3PT_75_76_1_fu_1377.grp_fp2mul503_mont_1339880_fu_1213.grp_fp2mul503_mont_1339880_Pipeline_VITIS_LOOP_350_1179_fu_79,VITIS_LOOP_350_1,upc_loop_status166.csv
grp_EphemeralKeyGeneration_A_1_fu_249.grp_LADDER3PT_75_76_1_fu_1377.grp_fp2mul503_mont_1339880_fu_1213.grp_fp2mul503_mont_1339880_Pipeline_VITIS_LOOP_170_1_fu_86,VITIS_LOOP_170_1,upc_loop_status167.csv
grp_EphemeralKeyGeneration_A_1_fu_249.grp_LADDER3PT_75_76_1_fu_1377.grp_fp2mul503_mont_1339880_fu_1213.grp_fp2mul503_mont_1339880_Pipeline_VITIS_LOOP_200_1_fu_94,VITIS_LOOP_200_1,upc_loop_status168.csv
grp_EphemeralKeyGeneration_A_1_fu_249.grp_LADDER3PT_75_76_1_fu_1377.grp_fp2mul503_mont_1339880_fu_1213.grp_fp2mul503_mont_1339880_Pipeline_VITIS_LOOP_350_1180_fu_102,VITIS_LOOP_350_1,upc_loop_status169.csv
grp_EphemeralKeyGeneration_A_1_fu_249.grp_LADDER3PT_75_76_1_fu_1377.grp_fp2mul503_mont_1339880_fu_1213.grp_rdc_mont_14186_fu_108,VITIS_LOOP_186_2,seq_loop_status54.csv
grp_EphemeralKeyGeneration_A_1_fu_249.grp_LADDER3PT_75_76_1_fu_1377.grp_fp2mul503_mont_1339880_fu_1213.grp_rdc_mont_14186_fu_108,VITIS_LOOP_204_4,seq_loop_status55.csv
grp_EphemeralKeyGeneration_A_1_fu_249.grp_LADDER3PT_75_76_1_fu_1377.grp_fp2mul503_mont_1339880_fu_1213.grp_rdc_mont_14186_fu_108.grp_rdc_mont_14186_Pipeline_VITIS_LOOP_182_1_fu_192,VITIS_LOOP_182_1,upc_loop_status170.csv
grp_EphemeralKeyGeneration_A_1_fu_249.grp_LADDER3PT_75_76_1_fu_1377.grp_fp2mul503_mont_1339880_fu_1213.grp_rdc_mont_14186_fu_108.grp_rdc_mont_14186_Pipeline_VITIS_LOOP_187_3_fu_199,VITIS_LOOP_187_3,upc_loop_status171.csv
grp_EphemeralKeyGeneration_A_1_fu_249.grp_LADDER3PT_75_76_1_fu_1377.grp_fp2mul503_mont_1339880_fu_1213.grp_rdc_mont_14186_fu_108.grp_rdc_mont_14186_Pipeline_VITIS_LOOP_208_5_fu_216,VITIS_LOOP_208_5,upc_loop_status172.csv
grp_EphemeralKeyGeneration_A_1_fu_249.grp_LADDER3PT_75_76_1_fu_1377.grp_fp2mul503_mont_1339880_fu_1213.grp_mp_mul_152_fu_120,VITIS_LOOP_143_1,seq_loop_status56.csv
grp_EphemeralKeyGeneration_A_1_fu_249.grp_LADDER3PT_75_76_1_fu_1377.grp_fp2mul503_mont_1339880_fu_1213.grp_mp_mul_152_fu_120,VITIS_LOOP_157_3,seq_loop_status57.csv
grp_EphemeralKeyGeneration_A_1_fu_249.grp_LADDER3PT_75_76_1_fu_1377.grp_fp2mul503_mont_1339880_fu_1213.grp_mp_mul_152_fu_120.grp_mp_mul_152_Pipeline_VITIS_LOOP_145_2_fu_112,VITIS_LOOP_145_2,upc_loop_status173.csv
grp_EphemeralKeyGeneration_A_1_fu_249.grp_LADDER3PT_75_76_1_fu_1377.grp_fp2mul503_mont_1339880_fu_1213.grp_mp_mul_152_fu_120.grp_mp_mul_152_Pipeline_VITIS_LOOP_159_4_fu_127,VITIS_LOOP_159_4,upc_loop_status174.csv
grp_EphemeralKeyGeneration_A_1_fu_249.grp_LADDER3PT_75_76_1_fu_1377.grp_fp2mul503_mont_1339880_fu_1213.grp_fp2mul503_mont_1339880_Pipeline_VITIS_LOOP_170_1181_fu_127,VITIS_LOOP_170_1,upc_loop_status175.csv
grp_EphemeralKeyGeneration_A_1_fu_249.grp_fpsub503_3_fu_1405.grp_fpsub503_3_Pipeline_VITIS_LOOP_47_1_fu_20,VITIS_LOOP_47_1,upc_loop_status176.csv
grp_EphemeralKeyGeneration_A_1_fu_249.grp_fpsub503_3_fu_1405.grp_fpsub503_3_Pipeline_VITIS_LOOP_53_2_fu_31,VITIS_LOOP_53_2,upc_loop_status177.csv
grp_EphemeralKeyGeneration_A_1_fu_249.grp_EphemeralKeyGeneration_A_1_Pipeline_VITIS_LOOP_14_1250_fu_1414,VITIS_LOOP_14_1,upc_loop_status178.csv
grp_EphemeralKeyGeneration_A_1_fu_249.grp_EphemeralKeyGeneration_A_1_Pipeline_VITIS_LOOP_14_1252_fu_1421,VITIS_LOOP_14_1,upc_loop_status179.csv
grp_EphemeralKeyGeneration_A_1_fu_249.grp_EphemeralKeyGeneration_A_1_Pipeline_VITIS_LOOP_14_1251_fu_1428,VITIS_LOOP_14_1,upc_loop_status180.csv
grp_EphemeralKeyGeneration_A_1_fu_249.grp_EphemeralKeyGeneration_A_1_Pipeline_VITIS_LOOP_14_1253_fu_1435,VITIS_LOOP_14_1,upc_loop_status181.csv
grp_EphemeralKeyGeneration_A_1_fu_249.grp_fpsub503_1_fu_1442.grp_fpsub503_1_Pipeline_VITIS_LOOP_47_1_fu_18,VITIS_LOOP_47_1,upc_loop_status182.csv
grp_EphemeralKeyGeneration_A_1_fu_249.grp_fpsub503_1_fu_1442.grp_fpsub503_1_Pipeline_VITIS_LOOP_53_2_fu_29,VITIS_LOOP_53_2,upc_loop_status183.csv
grp_EphemeralKeyGeneration_A_1_fu_249.grp_fpsub503_2_fu_1451.grp_fpsub503_2_Pipeline_VITIS_LOOP_47_1_fu_18,VITIS_LOOP_47_1,upc_loop_status184.csv
grp_EphemeralKeyGeneration_A_1_fu_249.grp_fpsub503_2_fu_1451.grp_fpsub503_2_Pipeline_VITIS_LOOP_53_2_fu_29,VITIS_LOOP_53_2,upc_loop_status185.csv
grp_EphemeralKeyGeneration_A_1_fu_249.grp_fpadd503_1_fu_1460.grp_fpadd503_1_Pipeline_VITIS_LOOP_23_1_fu_20,VITIS_LOOP_23_1,upc_loop_status186.csv
grp_EphemeralKeyGeneration_A_1_fu_249.grp_fpadd503_1_fu_1460.grp_fpadd503_1_Pipeline_VITIS_LOOP_28_2_fu_30,VITIS_LOOP_28_2,upc_loop_status187.csv
grp_EphemeralKeyGeneration_A_1_fu_249.grp_fpadd503_1_fu_1460.grp_fpadd503_1_Pipeline_VITIS_LOOP_34_3_fu_39,VITIS_LOOP_34_3,upc_loop_status188.csv
grp_EphemeralKeyGeneration_A_1_fu_249.grp_fp2sqr503_mont_136_2_fu_1469.grp_fp2sqr503_mont_136_2_Pipeline_VITIS_LOOP_350_1_fu_54,VITIS_LOOP_350_1,upc_loop_status189.csv
grp_EphemeralKeyGeneration_A_1_fu_249.grp_fp2sqr503_mont_136_2_fu_1469.grp_fp2sqr503_mont_136_2_Pipeline_5_fu_62,Loop 1,upc_loop_status190.csv
grp_EphemeralKeyGeneration_A_1_fu_249.grp_fp2sqr503_mont_136_2_fu_1469.grp_fp2sqr503_mont_136_2_Pipeline_6_fu_68,Loop 1,upc_loop_status191.csv
grp_EphemeralKeyGeneration_A_1_fu_249.grp_fp2sqr503_mont_136_2_fu_1469.grp_fp2sqr503_mont_136_2_Pipeline_VITIS_LOOP_47_1_fu_74,VITIS_LOOP_47_1,upc_loop_status192.csv
grp_EphemeralKeyGeneration_A_1_fu_249.grp_fp2sqr503_mont_136_2_fu_1469.grp_fp2sqr503_mont_136_2_Pipeline_VITIS_LOOP_53_2_fu_82,VITIS_LOOP_53_2,upc_loop_status193.csv
grp_EphemeralKeyGeneration_A_1_fu_249.grp_fp2sqr503_mont_136_2_fu_1469.grp_fp2sqr503_mont_136_2_Pipeline_VITIS_LOOP_350_1134_fu_90,VITIS_LOOP_350_1,upc_loop_status194.csv
grp_EphemeralKeyGeneration_A_1_fu_249.grp_fp2sqr503_mont_136_2_fu_1469.grp_mp_mul_152_fu_97,VITIS_LOOP_143_1,seq_loop_status58.csv
grp_EphemeralKeyGeneration_A_1_fu_249.grp_fp2sqr503_mont_136_2_fu_1469.grp_mp_mul_152_fu_97,VITIS_LOOP_157_3,seq_loop_status59.csv
grp_EphemeralKeyGeneration_A_1_fu_249.grp_fp2sqr503_mont_136_2_fu_1469.grp_mp_mul_152_fu_97.grp_mp_mul_152_Pipeline_VITIS_LOOP_145_2_fu_112,VITIS_LOOP_145_2,upc_loop_status195.csv
grp_EphemeralKeyGeneration_A_1_fu_249.grp_fp2sqr503_mont_136_2_fu_1469.grp_mp_mul_152_fu_97.grp_mp_mul_152_Pipeline_VITIS_LOOP_159_4_fu_127,VITIS_LOOP_159_4,upc_loop_status196.csv
grp_EphemeralKeyGeneration_A_1_fu_249.grp_fp2sqr503_mont_136_2_fu_1469.grp_rdc_mont_140_fu_104,VITIS_LOOP_186_2,seq_loop_status60.csv
grp_EphemeralKeyGeneration_A_1_fu_249.grp_fp2sqr503_mont_136_2_fu_1469.grp_rdc_mont_140_fu_104,VITIS_LOOP_204_4,seq_loop_status61.csv
grp_EphemeralKeyGeneration_A_1_fu_249.grp_fp2sqr503_mont_136_2_fu_1469.grp_rdc_mont_140_fu_104.grp_rdc_mont_140_Pipeline_VITIS_LOOP_182_1_fu_192,VITIS_LOOP_182_1,upc_loop_status197.csv
grp_EphemeralKeyGeneration_A_1_fu_249.grp_fp2sqr503_mont_136_2_fu_1469.grp_rdc_mont_140_fu_104.grp_rdc_mont_140_Pipeline_VITIS_LOOP_187_3_fu_199,VITIS_LOOP_187_3,upc_loop_status198.csv
grp_EphemeralKeyGeneration_A_1_fu_249.grp_fp2sqr503_mont_136_2_fu_1469.grp_rdc_mont_140_fu_104.grp_rdc_mont_140_Pipeline_VITIS_LOOP_208_5_fu_216,VITIS_LOOP_208_5,upc_loop_status199.csv
grp_EphemeralKeyGeneration_A_1_fu_249.grp_fp2sqr503_mont_136_2_fu_1469.grp_mp_mul_150_fu_116,VITIS_LOOP_143_1,seq_loop_status62.csv
grp_EphemeralKeyGeneration_A_1_fu_249.grp_fp2sqr503_mont_136_2_fu_1469.grp_mp_mul_150_fu_116,VITIS_LOOP_157_3,seq_loop_status63.csv
grp_EphemeralKeyGeneration_A_1_fu_249.grp_fp2sqr503_mont_136_2_fu_1469.grp_mp_mul_150_fu_116.grp_mp_mul_150_Pipeline_VITIS_LOOP_145_2_fu_112,VITIS_LOOP_145_2,upc_loop_status200.csv
grp_EphemeralKeyGeneration_A_1_fu_249.grp_fp2sqr503_mont_136_2_fu_1469.grp_mp_mul_150_fu_116.grp_mp_mul_150_Pipeline_VITIS_LOOP_159_4_fu_127,VITIS_LOOP_159_4,upc_loop_status201.csv
grp_EphemeralKeyGeneration_A_1_fu_249.grp_fpadd503_2_fu_1478.grp_fpadd503_2_Pipeline_VITIS_LOOP_23_1_fu_20,VITIS_LOOP_23_1,upc_loop_status202.csv
grp_EphemeralKeyGeneration_A_1_fu_249.grp_fpadd503_2_fu_1478.grp_fpadd503_2_Pipeline_VITIS_LOOP_28_2_fu_30,VITIS_LOOP_28_2,upc_loop_status203.csv
grp_EphemeralKeyGeneration_A_1_fu_249.grp_fpadd503_2_fu_1478.grp_fpadd503_2_Pipeline_VITIS_LOOP_34_3_fu_39,VITIS_LOOP_34_3,upc_loop_status204.csv
grp_EphemeralKeyGeneration_A_1_fu_249.grp_fp2mul503_mont_1_fu_1487.grp_mp_mul_148_fu_60,VITIS_LOOP_143_1,seq_loop_status64.csv
grp_EphemeralKeyGeneration_A_1_fu_249.grp_fp2mul503_mont_1_fu_1487.grp_mp_mul_148_fu_60,VITIS_LOOP_157_3,seq_loop_status65.csv
grp_EphemeralKeyGeneration_A_1_fu_249.grp_fp2mul503_mont_1_fu_1487.grp_mp_mul_148_fu_60.grp_mp_mul_148_Pipeline_VITIS_LOOP_145_2_fu_134,VITIS_LOOP_145_2,upc_loop_status205.csv
grp_EphemeralKeyGeneration_A_1_fu_249.grp_fp2mul503_mont_1_fu_1487.grp_mp_mul_148_fu_60.grp_mp_mul_148_Pipeline_VITIS_LOOP_159_4_fu_151,VITIS_LOOP_159_4,upc_loop_status206.csv
grp_EphemeralKeyGeneration_A_1_fu_249.grp_fp2mul503_mont_1_fu_1487.grp_fp2mul503_mont_1_Pipeline_VITIS_LOOP_350_1_fu_76,VITIS_LOOP_350_1,upc_loop_status207.csv
grp_EphemeralKeyGeneration_A_1_fu_249.grp_fp2mul503_mont_1_fu_1487.grp_fp2mul503_mont_1_Pipeline_VITIS_LOOP_350_1209_fu_83,VITIS_LOOP_350_1,upc_loop_status208.csv
grp_EphemeralKeyGeneration_A_1_fu_249.grp_fp2mul503_mont_1_fu_1487.grp_fp2mul503_mont_1_Pipeline_VITIS_LOOP_170_1_fu_90,VITIS_LOOP_170_1,upc_loop_status209.csv
grp_EphemeralKeyGeneration_A_1_fu_249.grp_fp2mul503_mont_1_fu_1487.grp_fp2mul503_mont_1_Pipeline_VITIS_LOOP_200_1_fu_98,VITIS_LOOP_200_1,upc_loop_status210.csv
grp_EphemeralKeyGeneration_A_1_fu_249.grp_fp2mul503_mont_1_fu_1487.grp_fp2mul503_mont_1_Pipeline_VITIS_LOOP_350_1210_fu_106,VITIS_LOOP_350_1,upc_loop_status211.csv
grp_EphemeralKeyGeneration_A_1_fu_249.grp_fp2mul503_mont_1_fu_1487.grp_rdc_mont_1_fu_112,VITIS_LOOP_186_2,seq_loop_status66.csv
grp_EphemeralKeyGeneration_A_1_fu_249.grp_fp2mul503_mont_1_fu_1487.grp_rdc_mont_1_fu_112,VITIS_LOOP_204_4,seq_loop_status67.csv
grp_EphemeralKeyGeneration_A_1_fu_249.grp_fp2mul503_mont_1_fu_1487.grp_rdc_mont_1_fu_112.grp_rdc_mont_1_Pipeline_VITIS_LOOP_182_1_fu_178,VITIS_LOOP_182_1,upc_loop_status212.csv
grp_EphemeralKeyGeneration_A_1_fu_249.grp_fp2mul503_mont_1_fu_1487.grp_rdc_mont_1_fu_112.grp_rdc_mont_1_Pipeline_VITIS_LOOP_187_3_fu_184,VITIS_LOOP_187_3,upc_loop_status213.csv
grp_EphemeralKeyGeneration_A_1_fu_249.grp_fp2mul503_mont_1_fu_1487.grp_rdc_mont_1_fu_112.grp_rdc_mont_1_Pipeline_VITIS_LOOP_208_5_fu_200,VITIS_LOOP_208_5,upc_loop_status214.csv
grp_EphemeralKeyGeneration_A_1_fu_249.grp_fp2mul503_mont_1_fu_1487.grp_mp_mul_152_fu_121,VITIS_LOOP_143_1,seq_loop_status68.csv
grp_EphemeralKeyGeneration_A_1_fu_249.grp_fp2mul503_mont_1_fu_1487.grp_mp_mul_152_fu_121,VITIS_LOOP_157_3,seq_loop_status69.csv
grp_EphemeralKeyGeneration_A_1_fu_249.grp_fp2mul503_mont_1_fu_1487.grp_mp_mul_152_fu_121.grp_mp_mul_152_Pipeline_VITIS_LOOP_145_2_fu_112,VITIS_LOOP_145_2,upc_loop_status215.csv
grp_EphemeralKeyGeneration_A_1_fu_249.grp_fp2mul503_mont_1_fu_1487.grp_mp_mul_152_fu_121.grp_mp_mul_152_Pipeline_VITIS_LOOP_159_4_fu_127,VITIS_LOOP_159_4,upc_loop_status216.csv
grp_EphemeralKeyGeneration_A_1_fu_249.grp_fp2mul503_mont_1_fu_1487.grp_fp2mul503_mont_1_Pipeline_VITIS_LOOP_170_1211_fu_128,VITIS_LOOP_170_1,upc_loop_status217.csv
grp_EphemeralKeyGeneration_A_1_fu_249.grp_fp2mul503_mont_1_fu_1487.grp_rdc_mont_2_fu_134,VITIS_LOOP_186_2,seq_loop_status70.csv
grp_EphemeralKeyGeneration_A_1_fu_249.grp_fp2mul503_mont_1_fu_1487.grp_rdc_mont_2_fu_134,VITIS_LOOP_204_4,seq_loop_status71.csv
grp_EphemeralKeyGeneration_A_1_fu_249.grp_fp2mul503_mont_1_fu_1487.grp_rdc_mont_2_fu_134.grp_rdc_mont_2_Pipeline_VITIS_LOOP_182_1_fu_180,VITIS_LOOP_182_1,upc_loop_status218.csv
grp_EphemeralKeyGeneration_A_1_fu_249.grp_fp2mul503_mont_1_fu_1487.grp_rdc_mont_2_fu_134.grp_rdc_mont_2_Pipeline_VITIS_LOOP_187_3_fu_186,VITIS_LOOP_187_3,upc_loop_status219.csv
grp_EphemeralKeyGeneration_A_1_fu_249.grp_fp2mul503_mont_1_fu_1487.grp_rdc_mont_2_fu_134.grp_rdc_mont_2_Pipeline_VITIS_LOOP_208_5_fu_202,VITIS_LOOP_208_5,upc_loop_status220.csv
grp_EphemeralKeyGeneration_A_1_fu_249.grp_fp2mul503_mont_2_fu_1498.grp_mp_mul_221_fu_58,VITIS_LOOP_143_1,seq_loop_status72.csv
grp_EphemeralKeyGeneration_A_1_fu_249.grp_fp2mul503_mont_2_fu_1498.grp_mp_mul_221_fu_58,VITIS_LOOP_157_3,seq_loop_status73.csv
grp_EphemeralKeyGeneration_A_1_fu_249.grp_fp2mul503_mont_2_fu_1498.grp_mp_mul_221_fu_58.grp_mp_mul_221_Pipeline_VITIS_LOOP_145_2_fu_112,VITIS_LOOP_145_2,upc_loop_status221.csv
grp_EphemeralKeyGeneration_A_1_fu_249.grp_fp2mul503_mont_2_fu_1498.grp_mp_mul_221_fu_58.grp_mp_mul_221_Pipeline_VITIS_LOOP_159_4_fu_127,VITIS_LOOP_159_4,upc_loop_status222.csv
grp_EphemeralKeyGeneration_A_1_fu_249.grp_fp2mul503_mont_2_fu_1498.grp_mp_mul_319_fu_68,VITIS_LOOP_143_1,seq_loop_status74.csv
grp_EphemeralKeyGeneration_A_1_fu_249.grp_fp2mul503_mont_2_fu_1498.grp_mp_mul_319_fu_68,VITIS_LOOP_157_3,seq_loop_status75.csv
grp_EphemeralKeyGeneration_A_1_fu_249.grp_fp2mul503_mont_2_fu_1498.grp_mp_mul_319_fu_68.grp_mp_mul_319_Pipeline_VITIS_LOOP_145_2_fu_112,VITIS_LOOP_145_2,upc_loop_status223.csv
grp_EphemeralKeyGeneration_A_1_fu_249.grp_fp2mul503_mont_2_fu_1498.grp_mp_mul_319_fu_68.grp_mp_mul_319_Pipeline_VITIS_LOOP_159_4_fu_127,VITIS_LOOP_159_4,upc_loop_status224.csv
grp_EphemeralKeyGeneration_A_1_fu_249.grp_fp2mul503_mont_2_fu_1498.grp_fp2mul503_mont_2_Pipeline_VITIS_LOOP_350_1_fu_77,VITIS_LOOP_350_1,upc_loop_status225.csv
grp_EphemeralKeyGeneration_A_1_fu_249.grp_fp2mul503_mont_2_fu_1498.grp_fp2mul503_mont_2_Pipeline_VITIS_LOOP_350_1176_fu_84,VITIS_LOOP_350_1,upc_loop_status226.csv
grp_EphemeralKeyGeneration_A_1_fu_249.grp_fp2mul503_mont_2_fu_1498.grp_fp2mul503_mont_2_Pipeline_VITIS_LOOP_170_1_fu_91,VITIS_LOOP_170_1,upc_loop_status227.csv
grp_EphemeralKeyGeneration_A_1_fu_249.grp_fp2mul503_mont_2_fu_1498.grp_fp2mul503_mont_2_Pipeline_VITIS_LOOP_200_1_fu_99,VITIS_LOOP_200_1,upc_loop_status228.csv
grp_EphemeralKeyGeneration_A_1_fu_249.grp_fp2mul503_mont_2_fu_1498.grp_fp2mul503_mont_2_Pipeline_VITIS_LOOP_350_1177_fu_107,VITIS_LOOP_350_1,upc_loop_status229.csv
grp_EphemeralKeyGeneration_A_1_fu_249.grp_fp2mul503_mont_2_fu_1498.grp_rdc_mont_1_fu_113,VITIS_LOOP_186_2,seq_loop_status76.csv
grp_EphemeralKeyGeneration_A_1_fu_249.grp_fp2mul503_mont_2_fu_1498.grp_rdc_mont_1_fu_113,VITIS_LOOP_204_4,seq_loop_status77.csv
grp_EphemeralKeyGeneration_A_1_fu_249.grp_fp2mul503_mont_2_fu_1498.grp_rdc_mont_1_fu_113.grp_rdc_mont_1_Pipeline_VITIS_LOOP_182_1_fu_178,VITIS_LOOP_182_1,upc_loop_status230.csv
grp_EphemeralKeyGeneration_A_1_fu_249.grp_fp2mul503_mont_2_fu_1498.grp_rdc_mont_1_fu_113.grp_rdc_mont_1_Pipeline_VITIS_LOOP_187_3_fu_184,VITIS_LOOP_187_3,upc_loop_status231.csv
grp_EphemeralKeyGeneration_A_1_fu_249.grp_fp2mul503_mont_2_fu_1498.grp_rdc_mont_1_fu_113.grp_rdc_mont_1_Pipeline_VITIS_LOOP_208_5_fu_200,VITIS_LOOP_208_5,upc_loop_status232.csv
grp_EphemeralKeyGeneration_A_1_fu_249.grp_fp2mul503_mont_2_fu_1498.grp_mp_mul_152_fu_122,VITIS_LOOP_143_1,seq_loop_status78.csv
grp_EphemeralKeyGeneration_A_1_fu_249.grp_fp2mul503_mont_2_fu_1498.grp_mp_mul_152_fu_122,VITIS_LOOP_157_3,seq_loop_status79.csv
grp_EphemeralKeyGeneration_A_1_fu_249.grp_fp2mul503_mont_2_fu_1498.grp_mp_mul_152_fu_122.grp_mp_mul_152_Pipeline_VITIS_LOOP_145_2_fu_112,VITIS_LOOP_145_2,upc_loop_status233.csv
grp_EphemeralKeyGeneration_A_1_fu_249.grp_fp2mul503_mont_2_fu_1498.grp_mp_mul_152_fu_122.grp_mp_mul_152_Pipeline_VITIS_LOOP_159_4_fu_127,VITIS_LOOP_159_4,upc_loop_status234.csv
grp_EphemeralKeyGeneration_A_1_fu_249.grp_fp2mul503_mont_2_fu_1498.grp_fp2mul503_mont_2_Pipeline_VITIS_LOOP_170_1178_fu_129,VITIS_LOOP_170_1,upc_loop_status235.csv
grp_EphemeralKeyGeneration_A_1_fu_249.grp_fp2mul503_mont_2_fu_1498.grp_rdc_mont_2_fu_135,VITIS_LOOP_186_2,seq_loop_status80.csv
grp_EphemeralKeyGeneration_A_1_fu_249.grp_fp2mul503_mont_2_fu_1498.grp_rdc_mont_2_fu_135,VITIS_LOOP_204_4,seq_loop_status81.csv
grp_EphemeralKeyGeneration_A_1_fu_249.grp_fp2mul503_mont_2_fu_1498.grp_rdc_mont_2_fu_135.grp_rdc_mont_2_Pipeline_VITIS_LOOP_182_1_fu_180,VITIS_LOOP_182_1,upc_loop_status236.csv
grp_EphemeralKeyGeneration_A_1_fu_249.grp_fp2mul503_mont_2_fu_1498.grp_rdc_mont_2_fu_135.grp_rdc_mont_2_Pipeline_VITIS_LOOP_187_3_fu_186,VITIS_LOOP_187_3,upc_loop_status237.csv
grp_EphemeralKeyGeneration_A_1_fu_249.grp_fp2mul503_mont_2_fu_1498.grp_rdc_mont_2_fu_135.grp_rdc_mont_2_Pipeline_VITIS_LOOP_208_5_fu_202,VITIS_LOOP_208_5,upc_loop_status238.csv
grp_EphemeralKeyGeneration_A_1_fu_249.grp_fpsub503_144_2_fu_1509.grp_fpsub503_144_2_Pipeline_VITIS_LOOP_47_1_fu_38,VITIS_LOOP_47_1,upc_loop_status239.csv
grp_EphemeralKeyGeneration_A_1_fu_249.grp_fpsub503_144_2_fu_1509.grp_fpsub503_144_2_Pipeline_VITIS_LOOP_53_2_fu_49,VITIS_LOOP_53_2,upc_loop_status240.csv
grp_EphemeralKeyGeneration_A_1_fu_249.grp_fp2mul503_mont_133_fu_1523.grp_mp_mul_148_fu_58,VITIS_LOOP_143_1,seq_loop_status82.csv
grp_EphemeralKeyGeneration_A_1_fu_249.grp_fp2mul503_mont_133_fu_1523.grp_mp_mul_148_fu_58,VITIS_LOOP_157_3,seq_loop_status83.csv
grp_EphemeralKeyGeneration_A_1_fu_249.grp_fp2mul503_mont_133_fu_1523.grp_mp_mul_148_fu_58.grp_mp_mul_148_Pipeline_VITIS_LOOP_145_2_fu_134,VITIS_LOOP_145_2,upc_loop_status241.csv
grp_EphemeralKeyGeneration_A_1_fu_249.grp_fp2mul503_mont_133_fu_1523.grp_mp_mul_148_fu_58.grp_mp_mul_148_Pipeline_VITIS_LOOP_159_4_fu_151,VITIS_LOOP_159_4,upc_loop_status242.csv
grp_EphemeralKeyGeneration_A_1_fu_249.grp_fp2mul503_mont_133_fu_1523.grp_fp2mul503_mont_133_Pipeline_VITIS_LOOP_350_1_fu_74,VITIS_LOOP_350_1,upc_loop_status243.csv
grp_EphemeralKeyGeneration_A_1_fu_249.grp_fp2mul503_mont_133_fu_1523.grp_fp2mul503_mont_133_Pipeline_VITIS_LOOP_350_1188_fu_81,VITIS_LOOP_350_1,upc_loop_status244.csv
grp_EphemeralKeyGeneration_A_1_fu_249.grp_fp2mul503_mont_133_fu_1523.grp_fp2mul503_mont_133_Pipeline_VITIS_LOOP_170_1_fu_88,VITIS_LOOP_170_1,upc_loop_status245.csv
grp_EphemeralKeyGeneration_A_1_fu_249.grp_fp2mul503_mont_133_fu_1523.grp_fp2mul503_mont_133_Pipeline_VITIS_LOOP_200_1_fu_96,VITIS_LOOP_200_1,upc_loop_status246.csv
grp_EphemeralKeyGeneration_A_1_fu_249.grp_fp2mul503_mont_133_fu_1523.grp_fp2mul503_mont_133_Pipeline_VITIS_LOOP_350_1189_fu_104,VITIS_LOOP_350_1,upc_loop_status247.csv
grp_EphemeralKeyGeneration_A_1_fu_249.grp_fp2mul503_mont_133_fu_1523.grp_rdc_mont_140_fu_110,VITIS_LOOP_186_2,seq_loop_status84.csv
grp_EphemeralKeyGeneration_A_1_fu_249.grp_fp2mul503_mont_133_fu_1523.grp_rdc_mont_140_fu_110,VITIS_LOOP_204_4,seq_loop_status85.csv
grp_EphemeralKeyGeneration_A_1_fu_249.grp_fp2mul503_mont_133_fu_1523.grp_rdc_mont_140_fu_110.grp_rdc_mont_140_Pipeline_VITIS_LOOP_182_1_fu_192,VITIS_LOOP_182_1,upc_loop_status248.csv
grp_EphemeralKeyGeneration_A_1_fu_249.grp_fp2mul503_mont_133_fu_1523.grp_rdc_mont_140_fu_110.grp_rdc_mont_140_Pipeline_VITIS_LOOP_187_3_fu_199,VITIS_LOOP_187_3,upc_loop_status249.csv
grp_EphemeralKeyGeneration_A_1_fu_249.grp_fp2mul503_mont_133_fu_1523.grp_rdc_mont_140_fu_110.grp_rdc_mont_140_Pipeline_VITIS_LOOP_208_5_fu_216,VITIS_LOOP_208_5,upc_loop_status250.csv
grp_EphemeralKeyGeneration_A_1_fu_249.grp_fp2mul503_mont_133_fu_1523.grp_mp_mul_152_fu_122,VITIS_LOOP_143_1,seq_loop_status86.csv
grp_EphemeralKeyGeneration_A_1_fu_249.grp_fp2mul503_mont_133_fu_1523.grp_mp_mul_152_fu_122,VITIS_LOOP_157_3,seq_loop_status87.csv
grp_EphemeralKeyGeneration_A_1_fu_249.grp_fp2mul503_mont_133_fu_1523.grp_mp_mul_152_fu_122.grp_mp_mul_152_Pipeline_VITIS_LOOP_145_2_fu_112,VITIS_LOOP_145_2,upc_loop_status251.csv
grp_EphemeralKeyGeneration_A_1_fu_249.grp_fp2mul503_mont_133_fu_1523.grp_mp_mul_152_fu_122.grp_mp_mul_152_Pipeline_VITIS_LOOP_159_4_fu_127,VITIS_LOOP_159_4,upc_loop_status252.csv
grp_EphemeralKeyGeneration_A_1_fu_249.grp_fp2mul503_mont_133_fu_1523.grp_fp2mul503_mont_133_Pipeline_VITIS_LOOP_170_1190_fu_129,VITIS_LOOP_170_1,upc_loop_status253.csv
grp_EphemeralKeyGeneration_A_1_fu_249.grp_fpadd503_3_fu_1534.grp_fpadd503_3_Pipeline_VITIS_LOOP_23_1_fu_18,VITIS_LOOP_23_1,upc_loop_status254.csv
grp_EphemeralKeyGeneration_A_1_fu_249.grp_fpadd503_3_fu_1534.grp_fpadd503_3_Pipeline_VITIS_LOOP_28_2_fu_26,VITIS_LOOP_28_2,upc_loop_status255.csv
grp_EphemeralKeyGeneration_A_1_fu_249.grp_fpadd503_3_fu_1534.grp_fpadd503_3_Pipeline_VITIS_LOOP_34_3_fu_35,VITIS_LOOP_34_3,upc_loop_status256.csv
grp_EphemeralKeyGeneration_A_1_fu_249.grp_fpadd503_4_fu_1542.grp_fpadd503_4_Pipeline_VITIS_LOOP_23_1_fu_18,VITIS_LOOP_23_1,upc_loop_status257.csv
grp_EphemeralKeyGeneration_A_1_fu_249.grp_fpadd503_4_fu_1542.grp_fpadd503_4_Pipeline_VITIS_LOOP_28_2_fu_26,VITIS_LOOP_28_2,upc_loop_status258.csv
grp_EphemeralKeyGeneration_A_1_fu_249.grp_fpadd503_4_fu_1542.grp_fpadd503_4_Pipeline_VITIS_LOOP_34_3_fu_35,VITIS_LOOP_34_3,upc_loop_status259.csv
grp_EphemeralKeyGeneration_A_1_fu_249.grp_fp2mul503_mont_3_fu_1550.grp_mp_mul_3_fu_56,VITIS_LOOP_143_1,seq_loop_status88.csv
grp_EphemeralKeyGeneration_A_1_fu_249.grp_fp2mul503_mont_3_fu_1550.grp_mp_mul_3_fu_56,VITIS_LOOP_157_3,seq_loop_status89.csv
grp_EphemeralKeyGeneration_A_1_fu_249.grp_fp2mul503_mont_3_fu_1550.grp_mp_mul_3_fu_56.grp_mp_mul_3_Pipeline_VITIS_LOOP_145_2_fu_112,VITIS_LOOP_145_2,upc_loop_status260.csv
grp_EphemeralKeyGeneration_A_1_fu_249.grp_fp2mul503_mont_3_fu_1550.grp_mp_mul_3_fu_56.grp_mp_mul_3_Pipeline_VITIS_LOOP_159_4_fu_127,VITIS_LOOP_159_4,upc_loop_status261.csv
grp_EphemeralKeyGeneration_A_1_fu_249.grp_fp2mul503_mont_3_fu_1550.grp_mp_mul_4_fu_66,VITIS_LOOP_143_1,seq_loop_status90.csv
grp_EphemeralKeyGeneration_A_1_fu_249.grp_fp2mul503_mont_3_fu_1550.grp_mp_mul_4_fu_66,VITIS_LOOP_157_3,seq_loop_status91.csv
grp_EphemeralKeyGeneration_A_1_fu_249.grp_fp2mul503_mont_3_fu_1550.grp_mp_mul_4_fu_66.grp_mp_mul_4_Pipeline_VITIS_LOOP_145_2_fu_112,VITIS_LOOP_145_2,upc_loop_status262.csv
grp_EphemeralKeyGeneration_A_1_fu_249.grp_fp2mul503_mont_3_fu_1550.grp_mp_mul_4_fu_66.grp_mp_mul_4_Pipeline_VITIS_LOOP_159_4_fu_127,VITIS_LOOP_159_4,upc_loop_status263.csv
grp_EphemeralKeyGeneration_A_1_fu_249.grp_fp2mul503_mont_3_fu_1550.grp_fp2mul503_mont_3_Pipeline_VITIS_LOOP_350_1_fu_75,VITIS_LOOP_350_1,upc_loop_status264.csv
grp_EphemeralKeyGeneration_A_1_fu_249.grp_fp2mul503_mont_3_fu_1550.grp_fp2mul503_mont_3_Pipeline_VITIS_LOOP_350_1173_fu_82,VITIS_LOOP_350_1,upc_loop_status265.csv
grp_EphemeralKeyGeneration_A_1_fu_249.grp_fp2mul503_mont_3_fu_1550.grp_fp2mul503_mont_3_Pipeline_VITIS_LOOP_170_1_fu_89,VITIS_LOOP_170_1,upc_loop_status266.csv
grp_EphemeralKeyGeneration_A_1_fu_249.grp_fp2mul503_mont_3_fu_1550.grp_fp2mul503_mont_3_Pipeline_VITIS_LOOP_200_1_fu_97,VITIS_LOOP_200_1,upc_loop_status267.csv
grp_EphemeralKeyGeneration_A_1_fu_249.grp_fp2mul503_mont_3_fu_1550.grp_fp2mul503_mont_3_Pipeline_VITIS_LOOP_350_1174_fu_105,VITIS_LOOP_350_1,upc_loop_status268.csv
grp_EphemeralKeyGeneration_A_1_fu_249.grp_fp2mul503_mont_3_fu_1550.grp_rdc_mont_1_fu_111,VITIS_LOOP_186_2,seq_loop_status92.csv
grp_EphemeralKeyGeneration_A_1_fu_249.grp_fp2mul503_mont_3_fu_1550.grp_rdc_mont_1_fu_111,VITIS_LOOP_204_4,seq_loop_status93.csv
grp_EphemeralKeyGeneration_A_1_fu_249.grp_fp2mul503_mont_3_fu_1550.grp_rdc_mont_1_fu_111.grp_rdc_mont_1_Pipeline_VITIS_LOOP_182_1_fu_178,VITIS_LOOP_182_1,upc_loop_status269.csv
grp_EphemeralKeyGeneration_A_1_fu_249.grp_fp2mul503_mont_3_fu_1550.grp_rdc_mont_1_fu_111.grp_rdc_mont_1_Pipeline_VITIS_LOOP_187_3_fu_184,VITIS_LOOP_187_3,upc_loop_status270.csv
grp_EphemeralKeyGeneration_A_1_fu_249.grp_fp2mul503_mont_3_fu_1550.grp_rdc_mont_1_fu_111.grp_rdc_mont_1_Pipeline_VITIS_LOOP_208_5_fu_200,VITIS_LOOP_208_5,upc_loop_status271.csv
grp_EphemeralKeyGeneration_A_1_fu_249.grp_fp2mul503_mont_3_fu_1550.grp_mp_mul_152_fu_120,VITIS_LOOP_143_1,seq_loop_status94.csv
grp_EphemeralKeyGeneration_A_1_fu_249.grp_fp2mul503_mont_3_fu_1550.grp_mp_mul_152_fu_120,VITIS_LOOP_157_3,seq_loop_status95.csv
grp_EphemeralKeyGeneration_A_1_fu_249.grp_fp2mul503_mont_3_fu_1550.grp_mp_mul_152_fu_120.grp_mp_mul_152_Pipeline_VITIS_LOOP_145_2_fu_112,VITIS_LOOP_145_2,upc_loop_status272.csv
grp_EphemeralKeyGeneration_A_1_fu_249.grp_fp2mul503_mont_3_fu_1550.grp_mp_mul_152_fu_120.grp_mp_mul_152_Pipeline_VITIS_LOOP_159_4_fu_127,VITIS_LOOP_159_4,upc_loop_status273.csv
grp_EphemeralKeyGeneration_A_1_fu_249.grp_fp2mul503_mont_3_fu_1550.grp_fp2mul503_mont_3_Pipeline_VITIS_LOOP_170_1175_fu_127,VITIS_LOOP_170_1,upc_loop_status274.csv
grp_EphemeralKeyGeneration_A_1_fu_249.grp_fp2mul503_mont_3_fu_1550.grp_rdc_mont_2_fu_133,VITIS_LOOP_186_2,seq_loop_status96.csv
grp_EphemeralKeyGeneration_A_1_fu_249.grp_fp2mul503_mont_3_fu_1550.grp_rdc_mont_2_fu_133,VITIS_LOOP_204_4,seq_loop_status97.csv
grp_EphemeralKeyGeneration_A_1_fu_249.grp_fp2mul503_mont_3_fu_1550.grp_rdc_mont_2_fu_133.grp_rdc_mont_2_Pipeline_VITIS_LOOP_182_1_fu_180,VITIS_LOOP_182_1,upc_loop_status275.csv
grp_EphemeralKeyGeneration_A_1_fu_249.grp_fp2mul503_mont_3_fu_1550.grp_rdc_mont_2_fu_133.grp_rdc_mont_2_Pipeline_VITIS_LOOP_187_3_fu_186,VITIS_LOOP_187_3,upc_loop_status276.csv
grp_EphemeralKeyGeneration_A_1_fu_249.grp_fp2mul503_mont_3_fu_1550.grp_rdc_mont_2_fu_133.grp_rdc_mont_2_Pipeline_VITIS_LOOP_208_5_fu_202,VITIS_LOOP_208_5,upc_loop_status277.csv
grp_EphemeralKeyGeneration_A_1_fu_249.grp_fpsub503_4_fu_1560.grp_fpsub503_4_Pipeline_VITIS_LOOP_47_1_fu_20,VITIS_LOOP_47_1,upc_loop_status278.csv
grp_EphemeralKeyGeneration_A_1_fu_249.grp_fpsub503_4_fu_1560.grp_fpsub503_4_Pipeline_VITIS_LOOP_53_2_fu_31,VITIS_LOOP_53_2,upc_loop_status279.csv
grp_EphemeralKeyGeneration_A_1_fu_249.grp_fpadd503_5_fu_1569.grp_fpadd503_5_Pipeline_VITIS_LOOP_23_1_fu_22,VITIS_LOOP_23_1,upc_loop_status280.csv
grp_EphemeralKeyGeneration_A_1_fu_249.grp_fpadd503_5_fu_1569.grp_fpadd503_5_Pipeline_VITIS_LOOP_28_2_fu_32,VITIS_LOOP_28_2,upc_loop_status281.csv
grp_EphemeralKeyGeneration_A_1_fu_249.grp_fpadd503_5_fu_1569.grp_fpadd503_5_Pipeline_VITIS_LOOP_34_3_fu_41,VITIS_LOOP_34_3,upc_loop_status282.csv
grp_EphemeralKeyGeneration_A_1_fu_249.grp_fpadd503_6_fu_1578.grp_fpadd503_6_Pipeline_VITIS_LOOP_23_1_fu_22,VITIS_LOOP_23_1,upc_loop_status283.csv
grp_EphemeralKeyGeneration_A_1_fu_249.grp_fpadd503_6_fu_1578.grp_fpadd503_6_Pipeline_VITIS_LOOP_28_2_fu_32,VITIS_LOOP_28_2,upc_loop_status284.csv
grp_EphemeralKeyGeneration_A_1_fu_249.grp_fpadd503_6_fu_1578.grp_fpadd503_6_Pipeline_VITIS_LOOP_34_3_fu_41,VITIS_LOOP_34_3,upc_loop_status285.csv
grp_EphemeralKeyGeneration_A_1_fu_249.grp_fp2sqr503_mont_1_fu_1587.grp_fp2sqr503_mont_1_Pipeline_VITIS_LOOP_350_1_fu_58,VITIS_LOOP_350_1,upc_loop_status286.csv
grp_EphemeralKeyGeneration_A_1_fu_249.grp_fp2sqr503_mont_1_fu_1587.grp_fp2sqr503_mont_1_Pipeline_5_fu_66,Loop 1,upc_loop_status287.csv
grp_EphemeralKeyGeneration_A_1_fu_249.grp_fp2sqr503_mont_1_fu_1587.grp_fp2sqr503_mont_1_Pipeline_6_fu_72,Loop 1,upc_loop_status288.csv
grp_EphemeralKeyGeneration_A_1_fu_249.grp_fp2sqr503_mont_1_fu_1587.grp_fp2sqr503_mont_1_Pipeline_VITIS_LOOP_47_1_fu_78,VITIS_LOOP_47_1,upc_loop_status289.csv
grp_EphemeralKeyGeneration_A_1_fu_249.grp_fp2sqr503_mont_1_fu_1587.grp_fp2sqr503_mont_1_Pipeline_VITIS_LOOP_53_2_fu_86,VITIS_LOOP_53_2,upc_loop_status290.csv
grp_EphemeralKeyGeneration_A_1_fu_249.grp_fp2sqr503_mont_1_fu_1587.grp_fp2sqr503_mont_1_Pipeline_VITIS_LOOP_350_1138_fu_94,VITIS_LOOP_350_1,upc_loop_status291.csv
grp_EphemeralKeyGeneration_A_1_fu_249.grp_fp2sqr503_mont_1_fu_1587.grp_mp_mul_152_fu_101,VITIS_LOOP_143_1,seq_loop_status98.csv
grp_EphemeralKeyGeneration_A_1_fu_249.grp_fp2sqr503_mont_1_fu_1587.grp_mp_mul_152_fu_101,VITIS_LOOP_157_3,seq_loop_status99.csv
grp_EphemeralKeyGeneration_A_1_fu_249.grp_fp2sqr503_mont_1_fu_1587.grp_mp_mul_152_fu_101.grp_mp_mul_152_Pipeline_VITIS_LOOP_145_2_fu_112,VITIS_LOOP_145_2,upc_loop_status292.csv
grp_EphemeralKeyGeneration_A_1_fu_249.grp_fp2sqr503_mont_1_fu_1587.grp_mp_mul_152_fu_101.grp_mp_mul_152_Pipeline_VITIS_LOOP_159_4_fu_127,VITIS_LOOP_159_4,upc_loop_status293.csv
grp_EphemeralKeyGeneration_A_1_fu_249.grp_fp2sqr503_mont_1_fu_1587.grp_mp_mul_320_fu_108,VITIS_LOOP_143_1,seq_loop_status100.csv
grp_EphemeralKeyGeneration_A_1_fu_249.grp_fp2sqr503_mont_1_fu_1587.grp_mp_mul_320_fu_108,VITIS_LOOP_157_3,seq_loop_status101.csv
grp_EphemeralKeyGeneration_A_1_fu_249.grp_fp2sqr503_mont_1_fu_1587.grp_mp_mul_320_fu_108.grp_mp_mul_320_Pipeline_VITIS_LOOP_145_2_fu_112,VITIS_LOOP_145_2,upc_loop_status294.csv
grp_EphemeralKeyGeneration_A_1_fu_249.grp_fp2sqr503_mont_1_fu_1587.grp_mp_mul_320_fu_108.grp_mp_mul_320_Pipeline_VITIS_LOOP_159_4_fu_127,VITIS_LOOP_159_4,upc_loop_status295.csv
grp_EphemeralKeyGeneration_A_1_fu_249.grp_fp2sqr503_mont_1_fu_1587.grp_rdc_mont_3_fu_116,VITIS_LOOP_186_2,seq_loop_status102.csv
grp_EphemeralKeyGeneration_A_1_fu_249.grp_fp2sqr503_mont_1_fu_1587.grp_rdc_mont_3_fu_116,VITIS_LOOP_204_4,seq_loop_status103.csv
grp_EphemeralKeyGeneration_A_1_fu_249.grp_fp2sqr503_mont_1_fu_1587.grp_rdc_mont_3_fu_116.grp_rdc_mont_3_Pipeline_VITIS_LOOP_182_1_fu_181,VITIS_LOOP_182_1,upc_loop_status296.csv
grp_EphemeralKeyGeneration_A_1_fu_249.grp_fp2sqr503_mont_1_fu_1587.grp_rdc_mont_3_fu_116.grp_rdc_mont_3_Pipeline_VITIS_LOOP_187_3_fu_187,VITIS_LOOP_187_3,upc_loop_status297.csv
grp_EphemeralKeyGeneration_A_1_fu_249.grp_fp2sqr503_mont_1_fu_1587.grp_rdc_mont_3_fu_116.grp_rdc_mont_3_Pipeline_VITIS_LOOP_208_5_fu_203,VITIS_LOOP_208_5,upc_loop_status298.csv
grp_EphemeralKeyGeneration_A_1_fu_249.grp_fp2sqr503_mont_1_fu_1587.grp_rdc_mont_4_fu_125,VITIS_LOOP_186_2,seq_loop_status104.csv
grp_EphemeralKeyGeneration_A_1_fu_249.grp_fp2sqr503_mont_1_fu_1587.grp_rdc_mont_4_fu_125,VITIS_LOOP_204_4,seq_loop_status105.csv
grp_EphemeralKeyGeneration_A_1_fu_249.grp_fp2sqr503_mont_1_fu_1587.grp_rdc_mont_4_fu_125.grp_rdc_mont_4_Pipeline_VITIS_LOOP_182_1_fu_198,VITIS_LOOP_182_1,upc_loop_status299.csv
grp_EphemeralKeyGeneration_A_1_fu_249.grp_fp2sqr503_mont_1_fu_1587.grp_rdc_mont_4_fu_125.grp_rdc_mont_4_Pipeline_VITIS_LOOP_187_3_fu_207,VITIS_LOOP_187_3,upc_loop_status300.csv
grp_EphemeralKeyGeneration_A_1_fu_249.grp_fp2sqr503_mont_1_fu_1587.grp_rdc_mont_4_fu_125.grp_rdc_mont_4_Pipeline_VITIS_LOOP_208_5_fu_224,VITIS_LOOP_208_5,upc_loop_status301.csv
grp_EphemeralKeyGeneration_A_1_fu_249.grp_fp2sqr503_mont_3_fu_1597.grp_fp2sqr503_mont_3_Pipeline_VITIS_LOOP_350_1_fu_56,VITIS_LOOP_350_1,upc_loop_status302.csv
grp_EphemeralKeyGeneration_A_1_fu_249.grp_fp2sqr503_mont_3_fu_1597.grp_fp2sqr503_mont_3_Pipeline_5_fu_64,Loop 1,upc_loop_status303.csv
grp_EphemeralKeyGeneration_A_1_fu_249.grp_fp2sqr503_mont_3_fu_1597.grp_fp2sqr503_mont_3_Pipeline_6_fu_70,Loop 1,upc_loop_status304.csv
grp_EphemeralKeyGeneration_A_1_fu_249.grp_fp2sqr503_mont_3_fu_1597.grp_fp2sqr503_mont_3_Pipeline_VITIS_LOOP_47_1_fu_76,VITIS_LOOP_47_1,upc_loop_status305.csv
grp_EphemeralKeyGeneration_A_1_fu_249.grp_fp2sqr503_mont_3_fu_1597.grp_fp2sqr503_mont_3_Pipeline_VITIS_LOOP_53_2_fu_84,VITIS_LOOP_53_2,upc_loop_status306.csv
grp_EphemeralKeyGeneration_A_1_fu_249.grp_fp2sqr503_mont_3_fu_1597.grp_fp2sqr503_mont_3_Pipeline_VITIS_LOOP_350_1131_fu_92,VITIS_LOOP_350_1,upc_loop_status307.csv
grp_EphemeralKeyGeneration_A_1_fu_249.grp_fp2sqr503_mont_3_fu_1597.grp_mp_mul_152_fu_99,VITIS_LOOP_143_1,seq_loop_status106.csv
grp_EphemeralKeyGeneration_A_1_fu_249.grp_fp2sqr503_mont_3_fu_1597.grp_mp_mul_152_fu_99,VITIS_LOOP_157_3,seq_loop_status107.csv
grp_EphemeralKeyGeneration_A_1_fu_249.grp_fp2sqr503_mont_3_fu_1597.grp_mp_mul_152_fu_99.grp_mp_mul_152_Pipeline_VITIS_LOOP_145_2_fu_112,VITIS_LOOP_145_2,upc_loop_status308.csv
grp_EphemeralKeyGeneration_A_1_fu_249.grp_fp2sqr503_mont_3_fu_1597.grp_mp_mul_152_fu_99.grp_mp_mul_152_Pipeline_VITIS_LOOP_159_4_fu_127,VITIS_LOOP_159_4,upc_loop_status309.csv
grp_EphemeralKeyGeneration_A_1_fu_249.grp_fp2sqr503_mont_3_fu_1597.grp_mp_mul_320_fu_106,VITIS_LOOP_143_1,seq_loop_status108.csv
grp_EphemeralKeyGeneration_A_1_fu_249.grp_fp2sqr503_mont_3_fu_1597.grp_mp_mul_320_fu_106,VITIS_LOOP_157_3,seq_loop_status109.csv
grp_EphemeralKeyGeneration_A_1_fu_249.grp_fp2sqr503_mont_3_fu_1597.grp_mp_mul_320_fu_106.grp_mp_mul_320_Pipeline_VITIS_LOOP_145_2_fu_112,VITIS_LOOP_145_2,upc_loop_status310.csv
grp_EphemeralKeyGeneration_A_1_fu_249.grp_fp2sqr503_mont_3_fu_1597.grp_mp_mul_320_fu_106.grp_mp_mul_320_Pipeline_VITIS_LOOP_159_4_fu_127,VITIS_LOOP_159_4,upc_loop_status311.csv
grp_EphemeralKeyGeneration_A_1_fu_249.grp_fp2sqr503_mont_3_fu_1597.grp_rdc_mont_140_fu_114,VITIS_LOOP_186_2,seq_loop_status110.csv
grp_EphemeralKeyGeneration_A_1_fu_249.grp_fp2sqr503_mont_3_fu_1597.grp_rdc_mont_140_fu_114,VITIS_LOOP_204_4,seq_loop_status111.csv
grp_EphemeralKeyGeneration_A_1_fu_249.grp_fp2sqr503_mont_3_fu_1597.grp_rdc_mont_140_fu_114.grp_rdc_mont_140_Pipeline_VITIS_LOOP_182_1_fu_192,VITIS_LOOP_182_1,upc_loop_status312.csv
grp_EphemeralKeyGeneration_A_1_fu_249.grp_fp2sqr503_mont_3_fu_1597.grp_rdc_mont_140_fu_114.grp_rdc_mont_140_Pipeline_VITIS_LOOP_187_3_fu_199,VITIS_LOOP_187_3,upc_loop_status313.csv
grp_EphemeralKeyGeneration_A_1_fu_249.grp_fp2sqr503_mont_3_fu_1597.grp_rdc_mont_140_fu_114.grp_rdc_mont_140_Pipeline_VITIS_LOOP_208_5_fu_216,VITIS_LOOP_208_5,upc_loop_status314.csv
grp_EphemeralKeyGeneration_A_1_fu_249.grp_fpadd503_7_fu_1607.grp_fpadd503_7_Pipeline_VITIS_LOOP_23_1_fu_18,VITIS_LOOP_23_1,upc_loop_status315.csv
grp_EphemeralKeyGeneration_A_1_fu_249.grp_fpadd503_7_fu_1607.grp_fpadd503_7_Pipeline_VITIS_LOOP_28_2_fu_24,VITIS_LOOP_28_2,upc_loop_status316.csv
grp_EphemeralKeyGeneration_A_1_fu_249.grp_fpadd503_7_fu_1607.grp_fpadd503_7_Pipeline_VITIS_LOOP_34_3_fu_33,VITIS_LOOP_34_3,upc_loop_status317.csv
grp_EphemeralKeyGeneration_A_1_fu_249.grp_fpadd503_149_2_fu_1614.grp_fpadd503_149_2_Pipeline_VITIS_LOOP_23_1_fu_30,VITIS_LOOP_23_1,upc_loop_status318.csv
grp_EphemeralKeyGeneration_A_1_fu_249.grp_fpadd503_149_2_fu_1614.grp_fpadd503_149_2_Pipeline_VITIS_LOOP_28_2_fu_37,VITIS_LOOP_28_2,upc_loop_status319.csv
grp_EphemeralKeyGeneration_A_1_fu_249.grp_fpadd503_149_2_fu_1614.grp_fpadd503_149_2_Pipeline_VITIS_LOOP_34_3_fu_47,VITIS_LOOP_34_3,upc_loop_status320.csv
grp_EphemeralKeyGeneration_A_1_fu_249.grp_fpadd503_8_fu_1624.grp_fpadd503_8_Pipeline_VITIS_LOOP_23_1_fu_18,VITIS_LOOP_23_1,upc_loop_status321.csv
grp_EphemeralKeyGeneration_A_1_fu_249.grp_fpadd503_8_fu_1624.grp_fpadd503_8_Pipeline_VITIS_LOOP_28_2_fu_24,VITIS_LOOP_28_2,upc_loop_status322.csv
grp_EphemeralKeyGeneration_A_1_fu_249.grp_fpadd503_8_fu_1624.grp_fpadd503_8_Pipeline_VITIS_LOOP_34_3_fu_33,VITIS_LOOP_34_3,upc_loop_status323.csv
grp_EphemeralKeyGeneration_A_1_fu_249.grp_fp2sqr503_mont_2_fu_1631.grp_fp2sqr503_mont_2_Pipeline_VITIS_LOOP_350_1_fu_58,VITIS_LOOP_350_1,upc_loop_status324.csv
grp_EphemeralKeyGeneration_A_1_fu_249.grp_fp2sqr503_mont_2_fu_1631.grp_fp2sqr503_mont_2_Pipeline_5_fu_66,Loop 1,upc_loop_status325.csv
grp_EphemeralKeyGeneration_A_1_fu_249.grp_fp2sqr503_mont_2_fu_1631.grp_fp2sqr503_mont_2_Pipeline_6_fu_72,Loop 1,upc_loop_status326.csv
grp_EphemeralKeyGeneration_A_1_fu_249.grp_fp2sqr503_mont_2_fu_1631.grp_fp2sqr503_mont_2_Pipeline_VITIS_LOOP_47_1_fu_78,VITIS_LOOP_47_1,upc_loop_status327.csv
grp_EphemeralKeyGeneration_A_1_fu_249.grp_fp2sqr503_mont_2_fu_1631.grp_fp2sqr503_mont_2_Pipeline_VITIS_LOOP_53_2_fu_86,VITIS_LOOP_53_2,upc_loop_status328.csv
grp_EphemeralKeyGeneration_A_1_fu_249.grp_fp2sqr503_mont_2_fu_1631.grp_fp2sqr503_mont_2_Pipeline_VITIS_LOOP_350_1132_fu_94,VITIS_LOOP_350_1,upc_loop_status329.csv
grp_EphemeralKeyGeneration_A_1_fu_249.grp_fp2sqr503_mont_2_fu_1631.grp_mp_mul_152_fu_101,VITIS_LOOP_143_1,seq_loop_status112.csv
grp_EphemeralKeyGeneration_A_1_fu_249.grp_fp2sqr503_mont_2_fu_1631.grp_mp_mul_152_fu_101,VITIS_LOOP_157_3,seq_loop_status113.csv
grp_EphemeralKeyGeneration_A_1_fu_249.grp_fp2sqr503_mont_2_fu_1631.grp_mp_mul_152_fu_101.grp_mp_mul_152_Pipeline_VITIS_LOOP_145_2_fu_112,VITIS_LOOP_145_2,upc_loop_status330.csv
grp_EphemeralKeyGeneration_A_1_fu_249.grp_fp2sqr503_mont_2_fu_1631.grp_mp_mul_152_fu_101.grp_mp_mul_152_Pipeline_VITIS_LOOP_159_4_fu_127,VITIS_LOOP_159_4,upc_loop_status331.csv
grp_EphemeralKeyGeneration_A_1_fu_249.grp_fp2sqr503_mont_2_fu_1631.grp_mp_mul_685_fu_108,VITIS_LOOP_143_1,seq_loop_status114.csv
grp_EphemeralKeyGeneration_A_1_fu_249.grp_fp2sqr503_mont_2_fu_1631.grp_mp_mul_685_fu_108,VITIS_LOOP_157_3,seq_loop_status115.csv
grp_EphemeralKeyGeneration_A_1_fu_249.grp_fp2sqr503_mont_2_fu_1631.grp_mp_mul_685_fu_108.grp_mp_mul_685_Pipeline_VITIS_LOOP_145_2_fu_114,VITIS_LOOP_145_2,upc_loop_status332.csv
grp_EphemeralKeyGeneration_A_1_fu_249.grp_fp2sqr503_mont_2_fu_1631.grp_mp_mul_685_fu_108.grp_mp_mul_685_Pipeline_VITIS_LOOP_159_4_fu_129,VITIS_LOOP_159_4,upc_loop_status333.csv
grp_EphemeralKeyGeneration_A_1_fu_249.grp_fp2sqr503_mont_2_fu_1631.grp_rdc_mont_140_fu_116,VITIS_LOOP_186_2,seq_loop_status116.csv
grp_EphemeralKeyGeneration_A_1_fu_249.grp_fp2sqr503_mont_2_fu_1631.grp_rdc_mont_140_fu_116,VITIS_LOOP_204_4,seq_loop_status117.csv
grp_EphemeralKeyGeneration_A_1_fu_249.grp_fp2sqr503_mont_2_fu_1631.grp_rdc_mont_140_fu_116.grp_rdc_mont_140_Pipeline_VITIS_LOOP_182_1_fu_192,VITIS_LOOP_182_1,upc_loop_status334.csv
grp_EphemeralKeyGeneration_A_1_fu_249.grp_fp2sqr503_mont_2_fu_1631.grp_rdc_mont_140_fu_116.grp_rdc_mont_140_Pipeline_VITIS_LOOP_187_3_fu_199,VITIS_LOOP_187_3,upc_loop_status335.csv
grp_EphemeralKeyGeneration_A_1_fu_249.grp_fp2sqr503_mont_2_fu_1631.grp_rdc_mont_140_fu_116.grp_rdc_mont_140_Pipeline_VITIS_LOOP_208_5_fu_216,VITIS_LOOP_208_5,upc_loop_status336.csv
grp_EphemeralKeyGeneration_A_1_fu_249.grp_EphemeralKeyGeneration_A_1_Outline_VITIS_LOOP_130_4_fu_1641,VITIS_LOOP_130_4,seq_loop_status118.csv
grp_EphemeralKeyGeneration_A_1_fu_249.grp_EphemeralKeyGeneration_A_1_Outline_VITIS_LOOP_130_4_fu_1641.grp_fpadd503_150_fu_82.grp_fpadd503_150_Pipeline_VITIS_LOOP_23_1_fu_70,VITIS_LOOP_23_1,upc_loop_status337.csv
grp_EphemeralKeyGeneration_A_1_fu_249.grp_EphemeralKeyGeneration_A_1_Outline_VITIS_LOOP_130_4_fu_1641.grp_fpadd503_150_fu_82.grp_fpadd503_150_Pipeline_VITIS_LOOP_28_2_fu_83,VITIS_LOOP_28_2,upc_loop_status338.csv
grp_EphemeralKeyGeneration_A_1_fu_249.grp_EphemeralKeyGeneration_A_1_Outline_VITIS_LOOP_130_4_fu_1641.grp_fpadd503_150_fu_82.grp_fpadd503_150_Pipeline_VITIS_LOOP_34_3_fu_93,VITIS_LOOP_34_3,upc_loop_status339.csv
grp_EphemeralKeyGeneration_A_1_fu_249.grp_EphemeralKeyGeneration_A_1_Outline_VITIS_LOOP_130_4_fu_1641.grp_fpsub503_144_fu_104.grp_fpsub503_144_Pipeline_VITIS_LOOP_47_1_fu_68,VITIS_LOOP_47_1,upc_loop_status340.csv
grp_EphemeralKeyGeneration_A_1_fu_249.grp_EphemeralKeyGeneration_A_1_Outline_VITIS_LOOP_130_4_fu_1641.grp_fpsub503_144_fu_104.grp_fpsub503_144_Pipeline_VITIS_LOOP_53_2_fu_82,VITIS_LOOP_53_2,upc_loop_status341.csv
grp_EphemeralKeyGeneration_A_1_fu_249.grp_EphemeralKeyGeneration_A_1_Outline_VITIS_LOOP_130_4_fu_1641.grp_fp2mul503_mont_6_fu_126.grp_mp_mul_5_fu_82,VITIS_LOOP_143_1,seq_loop_status119.csv
grp_EphemeralKeyGeneration_A_1_fu_249.grp_EphemeralKeyGeneration_A_1_Outline_VITIS_LOOP_130_4_fu_1641.grp_fp2mul503_mont_6_fu_126.grp_mp_mul_5_fu_82,VITIS_LOOP_157_3,seq_loop_status120.csv
grp_EphemeralKeyGeneration_A_1_fu_249.grp_EphemeralKeyGeneration_A_1_Outline_VITIS_LOOP_130_4_fu_1641.grp_fp2mul503_mont_6_fu_126.grp_mp_mul_5_fu_82.grp_mp_mul_5_Pipeline_VITIS_LOOP_145_2_fu_138,VITIS_LOOP_145_2,upc_loop_status342.csv
grp_EphemeralKeyGeneration_A_1_fu_249.grp_EphemeralKeyGeneration_A_1_Outline_VITIS_LOOP_130_4_fu_1641.grp_fp2mul503_mont_6_fu_126.grp_mp_mul_5_fu_82.grp_mp_mul_5_Pipeline_VITIS_LOOP_159_4_fu_155,VITIS_LOOP_159_4,upc_loop_status343.csv
grp_EphemeralKeyGeneration_A_1_fu_249.grp_EphemeralKeyGeneration_A_1_Outline_VITIS_LOOP_130_4_fu_1641.grp_fp2mul503_mont_6_fu_126.grp_fp2mul503_mont_6_Pipeline_VITIS_LOOP_350_1_fu_97,VITIS_LOOP_350_1,upc_loop_status344.csv
grp_EphemeralKeyGeneration_A_1_fu_249.grp_EphemeralKeyGeneration_A_1_Outline_VITIS_LOOP_130_4_fu_1641.grp_fp2mul503_mont_6_fu_126.grp_fp2mul503_mont_6_Pipeline_VITIS_LOOP_350_1164_fu_104,VITIS_LOOP_350_1,upc_loop_status345.csv
grp_EphemeralKeyGeneration_A_1_fu_249.grp_EphemeralKeyGeneration_A_1_Outline_VITIS_LOOP_130_4_fu_1641.grp_fp2mul503_mont_6_fu_126.grp_fp2mul503_mont_6_Pipeline_VITIS_LOOP_170_1_fu_113,VITIS_LOOP_170_1,upc_loop_status346.csv
grp_EphemeralKeyGeneration_A_1_fu_249.grp_EphemeralKeyGeneration_A_1_Outline_VITIS_LOOP_130_4_fu_1641.grp_fp2mul503_mont_6_fu_126.grp_fp2mul503_mont_6_Pipeline_VITIS_LOOP_200_1_fu_121,VITIS_LOOP_200_1,upc_loop_status347.csv
grp_EphemeralKeyGeneration_A_1_fu_249.grp_EphemeralKeyGeneration_A_1_Outline_VITIS_LOOP_130_4_fu_1641.grp_fp2mul503_mont_6_fu_126.grp_fp2mul503_mont_6_Pipeline_VITIS_LOOP_350_1165_fu_129,VITIS_LOOP_350_1,upc_loop_status348.csv
grp_EphemeralKeyGeneration_A_1_fu_249.grp_EphemeralKeyGeneration_A_1_Outline_VITIS_LOOP_130_4_fu_1641.grp_fp2mul503_mont_6_fu_126.grp_rdc_mont_138_fu_135,VITIS_LOOP_186_2,seq_loop_status121.csv
grp_EphemeralKeyGeneration_A_1_fu_249.grp_EphemeralKeyGeneration_A_1_Outline_VITIS_LOOP_130_4_fu_1641.grp_fp2mul503_mont_6_fu_126.grp_rdc_mont_138_fu_135,VITIS_LOOP_204_4,seq_loop_status122.csv
grp_EphemeralKeyGeneration_A_1_fu_249.grp_EphemeralKeyGeneration_A_1_Outline_VITIS_LOOP_130_4_fu_1641.grp_fp2mul503_mont_6_fu_126.grp_rdc_mont_138_fu_135.grp_rdc_mont_138_Pipeline_VITIS_LOOP_182_1_fu_202,VITIS_LOOP_182_1,upc_loop_status349.csv
grp_EphemeralKeyGeneration_A_1_fu_249.grp_EphemeralKeyGeneration_A_1_Outline_VITIS_LOOP_130_4_fu_1641.grp_fp2mul503_mont_6_fu_126.grp_rdc_mont_138_fu_135.grp_rdc_mont_138_Pipeline_VITIS_LOOP_187_3_fu_209,VITIS_LOOP_187_3,upc_loop_status350.csv
grp_EphemeralKeyGeneration_A_1_fu_249.grp_EphemeralKeyGeneration_A_1_Outline_VITIS_LOOP_130_4_fu_1641.grp_fp2mul503_mont_6_fu_126.grp_rdc_mont_138_fu_135.grp_rdc_mont_138_Pipeline_VITIS_LOOP_208_5_fu_227,VITIS_LOOP_208_5,upc_loop_status351.csv
grp_EphemeralKeyGeneration_A_1_fu_249.grp_EphemeralKeyGeneration_A_1_Outline_VITIS_LOOP_130_4_fu_1641.grp_fp2mul503_mont_6_fu_126.grp_mp_mul_152_fu_149,VITIS_LOOP_143_1,seq_loop_status123.csv
grp_EphemeralKeyGeneration_A_1_fu_249.grp_EphemeralKeyGeneration_A_1_Outline_VITIS_LOOP_130_4_fu_1641.grp_fp2mul503_mont_6_fu_126.grp_mp_mul_152_fu_149,VITIS_LOOP_157_3,seq_loop_status124.csv
grp_EphemeralKeyGeneration_A_1_fu_249.grp_EphemeralKeyGeneration_A_1_Outline_VITIS_LOOP_130_4_fu_1641.grp_fp2mul503_mont_6_fu_126.grp_mp_mul_152_fu_149.grp_mp_mul_152_Pipeline_VITIS_LOOP_145_2_fu_112,VITIS_LOOP_145_2,upc_loop_status352.csv
grp_EphemeralKeyGeneration_A_1_fu_249.grp_EphemeralKeyGeneration_A_1_Outline_VITIS_LOOP_130_4_fu_1641.grp_fp2mul503_mont_6_fu_126.grp_mp_mul_152_fu_149.grp_mp_mul_152_Pipeline_VITIS_LOOP_159_4_fu_127,VITIS_LOOP_159_4,upc_loop_status353.csv
grp_EphemeralKeyGeneration_A_1_fu_249.grp_EphemeralKeyGeneration_A_1_Outline_VITIS_LOOP_130_4_fu_1641.grp_fp2mul503_mont_6_fu_126.grp_fp2mul503_mont_6_Pipeline_VITIS_LOOP_170_1166_fu_156,VITIS_LOOP_170_1,upc_loop_status354.csv
grp_EphemeralKeyGeneration_A_1_fu_249.grp_EphemeralKeyGeneration_A_1_Outline_VITIS_LOOP_130_4_fu_1641.grp_fp2mul503_mont_133_2_fu_144.grp_mp_mul_148_fu_56,VITIS_LOOP_143_1,seq_loop_status125.csv
grp_EphemeralKeyGeneration_A_1_fu_249.grp_EphemeralKeyGeneration_A_1_Outline_VITIS_LOOP_130_4_fu_1641.grp_fp2mul503_mont_133_2_fu_144.grp_mp_mul_148_fu_56,VITIS_LOOP_157_3,seq_loop_status126.csv
grp_EphemeralKeyGeneration_A_1_fu_249.grp_EphemeralKeyGeneration_A_1_Outline_VITIS_LOOP_130_4_fu_1641.grp_fp2mul503_mont_133_2_fu_144.grp_mp_mul_148_fu_56.grp_mp_mul_148_Pipeline_VITIS_LOOP_145_2_fu_134,VITIS_LOOP_145_2,upc_loop_status355.csv
grp_EphemeralKeyGeneration_A_1_fu_249.grp_EphemeralKeyGeneration_A_1_Outline_VITIS_LOOP_130_4_fu_1641.grp_fp2mul503_mont_133_2_fu_144.grp_mp_mul_148_fu_56.grp_mp_mul_148_Pipeline_VITIS_LOOP_159_4_fu_151,VITIS_LOOP_159_4,upc_loop_status356.csv
grp_EphemeralKeyGeneration_A_1_fu_249.grp_EphemeralKeyGeneration_A_1_Outline_VITIS_LOOP_130_4_fu_1641.grp_fp2mul503_mont_133_2_fu_144.grp_fp2mul503_mont_133_2_Pipeline_VITIS_LOOP_350_1_fu_72,VITIS_LOOP_350_1,upc_loop_status357.csv
grp_EphemeralKeyGeneration_A_1_fu_249.grp_EphemeralKeyGeneration_A_1_Outline_VITIS_LOOP_130_4_fu_1641.grp_fp2mul503_mont_133_2_fu_144.grp_fp2mul503_mont_133_2_Pipeline_VITIS_LOOP_350_1182_fu_79,VITIS_LOOP_350_1,upc_loop_status358.csv
grp_EphemeralKeyGeneration_A_1_fu_249.grp_EphemeralKeyGeneration_A_1_Outline_VITIS_LOOP_130_4_fu_1641.grp_fp2mul503_mont_133_2_fu_144.grp_fp2mul503_mont_133_2_Pipeline_VITIS_LOOP_170_1_fu_86,VITIS_LOOP_170_1,upc_loop_status359.csv
grp_EphemeralKeyGeneration_A_1_fu_249.grp_EphemeralKeyGeneration_A_1_Outline_VITIS_LOOP_130_4_fu_1641.grp_fp2mul503_mont_133_2_fu_144.grp_fp2mul503_mont_133_2_Pipeline_VITIS_LOOP_200_1_fu_94,VITIS_LOOP_200_1,upc_loop_status360.csv
grp_EphemeralKeyGeneration_A_1_fu_249.grp_EphemeralKeyGeneration_A_1_Outline_VITIS_LOOP_130_4_fu_1641.grp_fp2mul503_mont_133_2_fu_144.grp_fp2mul503_mont_133_2_Pipeline_VITIS_LOOP_350_1183_fu_102,VITIS_LOOP_350_1,upc_loop_status361.csv
grp_EphemeralKeyGeneration_A_1_fu_249.grp_EphemeralKeyGeneration_A_1_Outline_VITIS_LOOP_130_4_fu_1641.grp_fp2mul503_mont_133_2_fu_144.grp_rdc_mont_140_fu_108,VITIS_LOOP_186_2,seq_loop_status127.csv
grp_EphemeralKeyGeneration_A_1_fu_249.grp_EphemeralKeyGeneration_A_1_Outline_VITIS_LOOP_130_4_fu_1641.grp_fp2mul503_mont_133_2_fu_144.grp_rdc_mont_140_fu_108,VITIS_LOOP_204_4,seq_loop_status128.csv
grp_EphemeralKeyGeneration_A_1_fu_249.grp_EphemeralKeyGeneration_A_1_Outline_VITIS_LOOP_130_4_fu_1641.grp_fp2mul503_mont_133_2_fu_144.grp_rdc_mont_140_fu_108.grp_rdc_mont_140_Pipeline_VITIS_LOOP_182_1_fu_192,VITIS_LOOP_182_1,upc_loop_status362.csv
grp_EphemeralKeyGeneration_A_1_fu_249.grp_EphemeralKeyGeneration_A_1_Outline_VITIS_LOOP_130_4_fu_1641.grp_fp2mul503_mont_133_2_fu_144.grp_rdc_mont_140_fu_108.grp_rdc_mont_140_Pipeline_VITIS_LOOP_187_3_fu_199,VITIS_LOOP_187_3,upc_loop_status363.csv
grp_EphemeralKeyGeneration_A_1_fu_249.grp_EphemeralKeyGeneration_A_1_Outline_VITIS_LOOP_130_4_fu_1641.grp_fp2mul503_mont_133_2_fu_144.grp_rdc_mont_140_fu_108.grp_rdc_mont_140_Pipeline_VITIS_LOOP_208_5_fu_216,VITIS_LOOP_208_5,upc_loop_status364.csv
grp_EphemeralKeyGeneration_A_1_fu_249.grp_EphemeralKeyGeneration_A_1_Outline_VITIS_LOOP_130_4_fu_1641.grp_fp2mul503_mont_133_2_fu_144.grp_mp_mul_152_fu_120,VITIS_LOOP_143_1,seq_loop_status129.csv
grp_EphemeralKeyGeneration_A_1_fu_249.grp_EphemeralKeyGeneration_A_1_Outline_VITIS_LOOP_130_4_fu_1641.grp_fp2mul503_mont_133_2_fu_144.grp_mp_mul_152_fu_120,VITIS_LOOP_157_3,seq_loop_status130.csv
grp_EphemeralKeyGeneration_A_1_fu_249.grp_EphemeralKeyGeneration_A_1_Outline_VITIS_LOOP_130_4_fu_1641.grp_fp2mul503_mont_133_2_fu_144.grp_mp_mul_152_fu_120.grp_mp_mul_152_Pipeline_VITIS_LOOP_145_2_fu_112,VITIS_LOOP_145_2,upc_loop_status365.csv
grp_EphemeralKeyGeneration_A_1_fu_249.grp_EphemeralKeyGeneration_A_1_Outline_VITIS_LOOP_130_4_fu_1641.grp_fp2mul503_mont_133_2_fu_144.grp_mp_mul_152_fu_120.grp_mp_mul_152_Pipeline_VITIS_LOOP_159_4_fu_127,VITIS_LOOP_159_4,upc_loop_status366.csv
grp_EphemeralKeyGeneration_A_1_fu_249.grp_EphemeralKeyGeneration_A_1_Outline_VITIS_LOOP_130_4_fu_1641.grp_fp2mul503_mont_133_2_fu_144.grp_fp2mul503_mont_133_2_Pipeline_VITIS_LOOP_170_1184_fu_127,VITIS_LOOP_170_1,upc_loop_status367.csv
grp_EphemeralKeyGeneration_A_1_fu_249.grp_EphemeralKeyGeneration_A_1_Outline_VITIS_LOOP_130_4_fu_1641.grp_fp2mul503_mont_7_fu_154.grp_mp_mul_10_fu_62,VITIS_LOOP_143_1,seq_loop_status131.csv
grp_EphemeralKeyGeneration_A_1_fu_249.grp_EphemeralKeyGeneration_A_1_Outline_VITIS_LOOP_130_4_fu_1641.grp_fp2mul503_mont_7_fu_154.grp_mp_mul_10_fu_62,VITIS_LOOP_157_3,seq_loop_status132.csv
grp_EphemeralKeyGeneration_A_1_fu_249.grp_EphemeralKeyGeneration_A_1_Outline_VITIS_LOOP_130_4_fu_1641.grp_fp2mul503_mont_7_fu_154.grp_mp_mul_10_fu_62.grp_mp_mul_10_Pipeline_VITIS_LOOP_145_2_fu_114,VITIS_LOOP_145_2,upc_loop_status368.csv
grp_EphemeralKeyGeneration_A_1_fu_249.grp_EphemeralKeyGeneration_A_1_Outline_VITIS_LOOP_130_4_fu_1641.grp_fp2mul503_mont_7_fu_154.grp_mp_mul_10_fu_62.grp_mp_mul_10_Pipeline_VITIS_LOOP_159_4_fu_129,VITIS_LOOP_159_4,upc_loop_status369.csv
grp_EphemeralKeyGeneration_A_1_fu_249.grp_EphemeralKeyGeneration_A_1_Outline_VITIS_LOOP_130_4_fu_1641.grp_fp2mul503_mont_7_fu_154.grp_mp_mul_5_fu_72,VITIS_LOOP_143_1,seq_loop_status133.csv
grp_EphemeralKeyGeneration_A_1_fu_249.grp_EphemeralKeyGeneration_A_1_Outline_VITIS_LOOP_130_4_fu_1641.grp_fp2mul503_mont_7_fu_154.grp_mp_mul_5_fu_72,VITIS_LOOP_157_3,seq_loop_status134.csv
grp_EphemeralKeyGeneration_A_1_fu_249.grp_EphemeralKeyGeneration_A_1_Outline_VITIS_LOOP_130_4_fu_1641.grp_fp2mul503_mont_7_fu_154.grp_mp_mul_5_fu_72.grp_mp_mul_5_Pipeline_VITIS_LOOP_145_2_fu_138,VITIS_LOOP_145_2,upc_loop_status370.csv
grp_EphemeralKeyGeneration_A_1_fu_249.grp_EphemeralKeyGeneration_A_1_Outline_VITIS_LOOP_130_4_fu_1641.grp_fp2mul503_mont_7_fu_154.grp_mp_mul_5_fu_72.grp_mp_mul_5_Pipeline_VITIS_LOOP_159_4_fu_155,VITIS_LOOP_159_4,upc_loop_status371.csv
grp_EphemeralKeyGeneration_A_1_fu_249.grp_EphemeralKeyGeneration_A_1_Outline_VITIS_LOOP_130_4_fu_1641.grp_fp2mul503_mont_7_fu_154.grp_fp2mul503_mont_7_Pipeline_VITIS_LOOP_350_1_fu_85,VITIS_LOOP_350_1,upc_loop_status372.csv
grp_EphemeralKeyGeneration_A_1_fu_249.grp_EphemeralKeyGeneration_A_1_Outline_VITIS_LOOP_130_4_fu_1641.grp_fp2mul503_mont_7_fu_154.grp_fp2mul503_mont_7_Pipeline_VITIS_LOOP_350_1155_fu_92,VITIS_LOOP_350_1,upc_loop_status373.csv
grp_EphemeralKeyGeneration_A_1_fu_249.grp_EphemeralKeyGeneration_A_1_Outline_VITIS_LOOP_130_4_fu_1641.grp_fp2mul503_mont_7_fu_154.grp_fp2mul503_mont_7_Pipeline_VITIS_LOOP_170_1_fu_99,VITIS_LOOP_170_1,upc_loop_status374.csv
grp_EphemeralKeyGeneration_A_1_fu_249.grp_EphemeralKeyGeneration_A_1_Outline_VITIS_LOOP_130_4_fu_1641.grp_fp2mul503_mont_7_fu_154.grp_fp2mul503_mont_7_Pipeline_VITIS_LOOP_200_1_fu_107,VITIS_LOOP_200_1,upc_loop_status375.csv
grp_EphemeralKeyGeneration_A_1_fu_249.grp_EphemeralKeyGeneration_A_1_Outline_VITIS_LOOP_130_4_fu_1641.grp_fp2mul503_mont_7_fu_154.grp_fp2mul503_mont_7_Pipeline_VITIS_LOOP_350_1156_fu_115,VITIS_LOOP_350_1,upc_loop_status376.csv
grp_EphemeralKeyGeneration_A_1_fu_249.grp_EphemeralKeyGeneration_A_1_Outline_VITIS_LOOP_130_4_fu_1641.grp_fp2mul503_mont_7_fu_154.grp_rdc_mont_140_fu_121,VITIS_LOOP_186_2,seq_loop_status135.csv
grp_EphemeralKeyGeneration_A_1_fu_249.grp_EphemeralKeyGeneration_A_1_Outline_VITIS_LOOP_130_4_fu_1641.grp_fp2mul503_mont_7_fu_154.grp_rdc_mont_140_fu_121,VITIS_LOOP_204_4,seq_loop_status136.csv
grp_EphemeralKeyGeneration_A_1_fu_249.grp_EphemeralKeyGeneration_A_1_Outline_VITIS_LOOP_130_4_fu_1641.grp_fp2mul503_mont_7_fu_154.grp_rdc_mont_140_fu_121.grp_rdc_mont_140_Pipeline_VITIS_LOOP_182_1_fu_192,VITIS_LOOP_182_1,upc_loop_status377.csv
grp_EphemeralKeyGeneration_A_1_fu_249.grp_EphemeralKeyGeneration_A_1_Outline_VITIS_LOOP_130_4_fu_1641.grp_fp2mul503_mont_7_fu_154.grp_rdc_mont_140_fu_121.grp_rdc_mont_140_Pipeline_VITIS_LOOP_187_3_fu_199,VITIS_LOOP_187_3,upc_loop_status378.csv
grp_EphemeralKeyGeneration_A_1_fu_249.grp_EphemeralKeyGeneration_A_1_Outline_VITIS_LOOP_130_4_fu_1641.grp_fp2mul503_mont_7_fu_154.grp_rdc_mont_140_fu_121.grp_rdc_mont_140_Pipeline_VITIS_LOOP_208_5_fu_216,VITIS_LOOP_208_5,upc_loop_status379.csv
grp_EphemeralKeyGeneration_A_1_fu_249.grp_EphemeralKeyGeneration_A_1_Outline_VITIS_LOOP_130_4_fu_1641.grp_fp2mul503_mont_7_fu_154.grp_mp_mul_152_fu_133,VITIS_LOOP_143_1,seq_loop_status137.csv
grp_EphemeralKeyGeneration_A_1_fu_249.grp_EphemeralKeyGeneration_A_1_Outline_VITIS_LOOP_130_4_fu_1641.grp_fp2mul503_mont_7_fu_154.grp_mp_mul_152_fu_133,VITIS_LOOP_157_3,seq_loop_status138.csv
grp_EphemeralKeyGeneration_A_1_fu_249.grp_EphemeralKeyGeneration_A_1_Outline_VITIS_LOOP_130_4_fu_1641.grp_fp2mul503_mont_7_fu_154.grp_mp_mul_152_fu_133.grp_mp_mul_152_Pipeline_VITIS_LOOP_145_2_fu_112,VITIS_LOOP_145_2,upc_loop_status380.csv
grp_EphemeralKeyGeneration_A_1_fu_249.grp_EphemeralKeyGeneration_A_1_Outline_VITIS_LOOP_130_4_fu_1641.grp_fp2mul503_mont_7_fu_154.grp_mp_mul_152_fu_133.grp_mp_mul_152_Pipeline_VITIS_LOOP_159_4_fu_127,VITIS_LOOP_159_4,upc_loop_status381.csv
grp_EphemeralKeyGeneration_A_1_fu_249.grp_EphemeralKeyGeneration_A_1_Outline_VITIS_LOOP_130_4_fu_1641.grp_fp2mul503_mont_7_fu_154.grp_fp2mul503_mont_7_Pipeline_VITIS_LOOP_170_1157_fu_140,VITIS_LOOP_170_1,upc_loop_status382.csv
grp_EphemeralKeyGeneration_A_1_fu_249.grp_EphemeralKeyGeneration_A_1_Outline_VITIS_LOOP_130_4_fu_1641.grp_fpsub503_144_275_fu_165.grp_fpsub503_144_275_Pipeline_VITIS_LOOP_47_1_fu_56,VITIS_LOOP_47_1,upc_loop_status383.csv
grp_EphemeralKeyGeneration_A_1_fu_249.grp_EphemeralKeyGeneration_A_1_Outline_VITIS_LOOP_130_4_fu_1641.grp_fpsub503_144_275_fu_165.grp_fpsub503_144_275_Pipeline_VITIS_LOOP_53_2_fu_67,VITIS_LOOP_53_2,upc_loop_status384.csv
grp_EphemeralKeyGeneration_A_1_fu_249.grp_EphemeralKeyGeneration_A_1_Outline_VITIS_LOOP_130_4_fu_1641.grp_fp2sqr503_mont_136_2_fu_183.grp_fp2sqr503_mont_136_2_Pipeline_VITIS_LOOP_350_1_fu_54,VITIS_LOOP_350_1,upc_loop_status385.csv
grp_EphemeralKeyGeneration_A_1_fu_249.grp_EphemeralKeyGeneration_A_1_Outline_VITIS_LOOP_130_4_fu_1641.grp_fp2sqr503_mont_136_2_fu_183.grp_fp2sqr503_mont_136_2_Pipeline_5_fu_62,Loop 1,upc_loop_status386.csv
grp_EphemeralKeyGeneration_A_1_fu_249.grp_EphemeralKeyGeneration_A_1_Outline_VITIS_LOOP_130_4_fu_1641.grp_fp2sqr503_mont_136_2_fu_183.grp_fp2sqr503_mont_136_2_Pipeline_6_fu_68,Loop 1,upc_loop_status387.csv
grp_EphemeralKeyGeneration_A_1_fu_249.grp_EphemeralKeyGeneration_A_1_Outline_VITIS_LOOP_130_4_fu_1641.grp_fp2sqr503_mont_136_2_fu_183.grp_fp2sqr503_mont_136_2_Pipeline_VITIS_LOOP_47_1_fu_74,VITIS_LOOP_47_1,upc_loop_status388.csv
grp_EphemeralKeyGeneration_A_1_fu_249.grp_EphemeralKeyGeneration_A_1_Outline_VITIS_LOOP_130_4_fu_1641.grp_fp2sqr503_mont_136_2_fu_183.grp_fp2sqr503_mont_136_2_Pipeline_VITIS_LOOP_53_2_fu_82,VITIS_LOOP_53_2,upc_loop_status389.csv
grp_EphemeralKeyGeneration_A_1_fu_249.grp_EphemeralKeyGeneration_A_1_Outline_VITIS_LOOP_130_4_fu_1641.grp_fp2sqr503_mont_136_2_fu_183.grp_fp2sqr503_mont_136_2_Pipeline_VITIS_LOOP_350_1134_fu_90,VITIS_LOOP_350_1,upc_loop_status390.csv
grp_EphemeralKeyGeneration_A_1_fu_249.grp_EphemeralKeyGeneration_A_1_Outline_VITIS_LOOP_130_4_fu_1641.grp_fp2sqr503_mont_136_2_fu_183.grp_mp_mul_152_fu_97,VITIS_LOOP_143_1,seq_loop_status139.csv
grp_EphemeralKeyGeneration_A_1_fu_249.grp_EphemeralKeyGeneration_A_1_Outline_VITIS_LOOP_130_4_fu_1641.grp_fp2sqr503_mont_136_2_fu_183.grp_mp_mul_152_fu_97,VITIS_LOOP_157_3,seq_loop_status140.csv
grp_EphemeralKeyGeneration_A_1_fu_249.grp_EphemeralKeyGeneration_A_1_Outline_VITIS_LOOP_130_4_fu_1641.grp_fp2sqr503_mont_136_2_fu_183.grp_mp_mul_152_fu_97.grp_mp_mul_152_Pipeline_VITIS_LOOP_145_2_fu_112,VITIS_LOOP_145_2,upc_loop_status391.csv
grp_EphemeralKeyGeneration_A_1_fu_249.grp_EphemeralKeyGeneration_A_1_Outline_VITIS_LOOP_130_4_fu_1641.grp_fp2sqr503_mont_136_2_fu_183.grp_mp_mul_152_fu_97.grp_mp_mul_152_Pipeline_VITIS_LOOP_159_4_fu_127,VITIS_LOOP_159_4,upc_loop_status392.csv
grp_EphemeralKeyGeneration_A_1_fu_249.grp_EphemeralKeyGeneration_A_1_Outline_VITIS_LOOP_130_4_fu_1641.grp_fp2sqr503_mont_136_2_fu_183.grp_rdc_mont_140_fu_104,VITIS_LOOP_186_2,seq_loop_status141.csv
grp_EphemeralKeyGeneration_A_1_fu_249.grp_EphemeralKeyGeneration_A_1_Outline_VITIS_LOOP_130_4_fu_1641.grp_fp2sqr503_mont_136_2_fu_183.grp_rdc_mont_140_fu_104,VITIS_LOOP_204_4,seq_loop_status142.csv
grp_EphemeralKeyGeneration_A_1_fu_249.grp_EphemeralKeyGeneration_A_1_Outline_VITIS_LOOP_130_4_fu_1641.grp_fp2sqr503_mont_136_2_fu_183.grp_rdc_mont_140_fu_104.grp_rdc_mont_140_Pipeline_VITIS_LOOP_182_1_fu_192,VITIS_LOOP_182_1,upc_loop_status393.csv
grp_EphemeralKeyGeneration_A_1_fu_249.grp_EphemeralKeyGeneration_A_1_Outline_VITIS_LOOP_130_4_fu_1641.grp_fp2sqr503_mont_136_2_fu_183.grp_rdc_mont_140_fu_104.grp_rdc_mont_140_Pipeline_VITIS_LOOP_187_3_fu_199,VITIS_LOOP_187_3,upc_loop_status394.csv
grp_EphemeralKeyGeneration_A_1_fu_249.grp_EphemeralKeyGeneration_A_1_Outline_VITIS_LOOP_130_4_fu_1641.grp_fp2sqr503_mont_136_2_fu_183.grp_rdc_mont_140_fu_104.grp_rdc_mont_140_Pipeline_VITIS_LOOP_208_5_fu_216,VITIS_LOOP_208_5,upc_loop_status395.csv
grp_EphemeralKeyGeneration_A_1_fu_249.grp_EphemeralKeyGeneration_A_1_Outline_VITIS_LOOP_130_4_fu_1641.grp_fp2sqr503_mont_136_2_fu_183.grp_mp_mul_150_fu_116,VITIS_LOOP_143_1,seq_loop_status143.csv
grp_EphemeralKeyGeneration_A_1_fu_249.grp_EphemeralKeyGeneration_A_1_Outline_VITIS_LOOP_130_4_fu_1641.grp_fp2sqr503_mont_136_2_fu_183.grp_mp_mul_150_fu_116,VITIS_LOOP_157_3,seq_loop_status144.csv
grp_EphemeralKeyGeneration_A_1_fu_249.grp_EphemeralKeyGeneration_A_1_Outline_VITIS_LOOP_130_4_fu_1641.grp_fp2sqr503_mont_136_2_fu_183.grp_mp_mul_150_fu_116.grp_mp_mul_150_Pipeline_VITIS_LOOP_145_2_fu_112,VITIS_LOOP_145_2,upc_loop_status396.csv
grp_EphemeralKeyGeneration_A_1_fu_249.grp_EphemeralKeyGeneration_A_1_Outline_VITIS_LOOP_130_4_fu_1641.grp_fp2sqr503_mont_136_2_fu_183.grp_mp_mul_150_fu_116.grp_mp_mul_150_Pipeline_VITIS_LOOP_159_4_fu_127,VITIS_LOOP_159_4,upc_loop_status397.csv
grp_EphemeralKeyGeneration_A_1_fu_249.grp_EphemeralKeyGeneration_A_1_Outline_VITIS_LOOP_130_4_fu_1641.grp_fp2sqr503_mont_135_fu_192.grp_fp2sqr503_mont_135_Pipeline_VITIS_LOOP_350_1_fu_68,VITIS_LOOP_350_1,upc_loop_status398.csv
grp_EphemeralKeyGeneration_A_1_fu_249.grp_EphemeralKeyGeneration_A_1_Outline_VITIS_LOOP_130_4_fu_1641.grp_fp2sqr503_mont_135_fu_192.grp_fp2sqr503_mont_135_Pipeline_5_fu_78,Loop 1,upc_loop_status399.csv
grp_EphemeralKeyGeneration_A_1_fu_249.grp_EphemeralKeyGeneration_A_1_Outline_VITIS_LOOP_130_4_fu_1641.grp_fp2sqr503_mont_135_fu_192.grp_fp2sqr503_mont_135_Pipeline_6_fu_84,Loop 1,upc_loop_status400.csv
grp_EphemeralKeyGeneration_A_1_fu_249.grp_EphemeralKeyGeneration_A_1_Outline_VITIS_LOOP_130_4_fu_1641.grp_fp2sqr503_mont_135_fu_192.grp_fp2sqr503_mont_135_Pipeline_VITIS_LOOP_47_1_fu_90,VITIS_LOOP_47_1,upc_loop_status401.csv
grp_EphemeralKeyGeneration_A_1_fu_249.grp_EphemeralKeyGeneration_A_1_Outline_VITIS_LOOP_130_4_fu_1641.grp_fp2sqr503_mont_135_fu_192.grp_fp2sqr503_mont_135_Pipeline_VITIS_LOOP_53_2_fu_100,VITIS_LOOP_53_2,upc_loop_status402.csv
grp_EphemeralKeyGeneration_A_1_fu_249.grp_EphemeralKeyGeneration_A_1_Outline_VITIS_LOOP_130_4_fu_1641.grp_fp2sqr503_mont_135_fu_192.grp_fp2sqr503_mont_135_Pipeline_VITIS_LOOP_350_1137_fu_108,VITIS_LOOP_350_1,upc_loop_status403.csv
grp_EphemeralKeyGeneration_A_1_fu_249.grp_EphemeralKeyGeneration_A_1_Outline_VITIS_LOOP_130_4_fu_1641.grp_fp2sqr503_mont_135_fu_192.grp_mp_mul_152_fu_116,VITIS_LOOP_143_1,seq_loop_status145.csv
grp_EphemeralKeyGeneration_A_1_fu_249.grp_EphemeralKeyGeneration_A_1_Outline_VITIS_LOOP_130_4_fu_1641.grp_fp2sqr503_mont_135_fu_192.grp_mp_mul_152_fu_116,VITIS_LOOP_157_3,seq_loop_status146.csv
grp_EphemeralKeyGeneration_A_1_fu_249.grp_EphemeralKeyGeneration_A_1_Outline_VITIS_LOOP_130_4_fu_1641.grp_fp2sqr503_mont_135_fu_192.grp_mp_mul_152_fu_116.grp_mp_mul_152_Pipeline_VITIS_LOOP_145_2_fu_112,VITIS_LOOP_145_2,upc_loop_status404.csv
grp_EphemeralKeyGeneration_A_1_fu_249.grp_EphemeralKeyGeneration_A_1_Outline_VITIS_LOOP_130_4_fu_1641.grp_fp2sqr503_mont_135_fu_192.grp_mp_mul_152_fu_116.grp_mp_mul_152_Pipeline_VITIS_LOOP_159_4_fu_127,VITIS_LOOP_159_4,upc_loop_status405.csv
grp_EphemeralKeyGeneration_A_1_fu_249.grp_EphemeralKeyGeneration_A_1_Outline_VITIS_LOOP_130_4_fu_1641.grp_fp2sqr503_mont_135_fu_192.grp_rdc_mont_138_fu_123,VITIS_LOOP_186_2,seq_loop_status147.csv
grp_EphemeralKeyGeneration_A_1_fu_249.grp_EphemeralKeyGeneration_A_1_Outline_VITIS_LOOP_130_4_fu_1641.grp_fp2sqr503_mont_135_fu_192.grp_rdc_mont_138_fu_123,VITIS_LOOP_204_4,seq_loop_status148.csv
grp_EphemeralKeyGeneration_A_1_fu_249.grp_EphemeralKeyGeneration_A_1_Outline_VITIS_LOOP_130_4_fu_1641.grp_fp2sqr503_mont_135_fu_192.grp_rdc_mont_138_fu_123.grp_rdc_mont_138_Pipeline_VITIS_LOOP_182_1_fu_202,VITIS_LOOP_182_1,upc_loop_status406.csv
grp_EphemeralKeyGeneration_A_1_fu_249.grp_EphemeralKeyGeneration_A_1_Outline_VITIS_LOOP_130_4_fu_1641.grp_fp2sqr503_mont_135_fu_192.grp_rdc_mont_138_fu_123.grp_rdc_mont_138_Pipeline_VITIS_LOOP_187_3_fu_209,VITIS_LOOP_187_3,upc_loop_status407.csv
grp_EphemeralKeyGeneration_A_1_fu_249.grp_EphemeralKeyGeneration_A_1_Outline_VITIS_LOOP_130_4_fu_1641.grp_fp2sqr503_mont_135_fu_192.grp_rdc_mont_138_fu_123.grp_rdc_mont_138_Pipeline_VITIS_LOOP_208_5_fu_227,VITIS_LOOP_208_5,upc_loop_status408.csv
grp_EphemeralKeyGeneration_A_1_fu_249.grp_EphemeralKeyGeneration_A_1_Outline_VITIS_LOOP_130_4_fu_1641.grp_fp2sqr503_mont_135_fu_192.grp_mp_mul_142_fu_136,VITIS_LOOP_143_1,seq_loop_status149.csv
grp_EphemeralKeyGeneration_A_1_fu_249.grp_EphemeralKeyGeneration_A_1_Outline_VITIS_LOOP_130_4_fu_1641.grp_fp2sqr503_mont_135_fu_192.grp_mp_mul_142_fu_136,VITIS_LOOP_157_3,seq_loop_status150.csv
grp_EphemeralKeyGeneration_A_1_fu_249.grp_EphemeralKeyGeneration_A_1_Outline_VITIS_LOOP_130_4_fu_1641.grp_fp2sqr503_mont_135_fu_192.grp_mp_mul_142_fu_136.grp_mp_mul_142_Pipeline_VITIS_LOOP_145_2_fu_124,VITIS_LOOP_145_2,upc_loop_status409.csv
grp_EphemeralKeyGeneration_A_1_fu_249.grp_EphemeralKeyGeneration_A_1_Outline_VITIS_LOOP_130_4_fu_1641.grp_fp2sqr503_mont_135_fu_192.grp_mp_mul_142_fu_136.grp_mp_mul_142_Pipeline_VITIS_LOOP_159_4_fu_140,VITIS_LOOP_159_4,upc_loop_status410.csv
grp_EphemeralKeyGeneration_A_1_fu_249.grp_EphemeralKeyGeneration_A_1_Outline_VITIS_LOOP_130_4_fu_1641.grp_fpadd503_149_fu_203.grp_fpadd503_149_Pipeline_VITIS_LOOP_23_1_fu_62,VITIS_LOOP_23_1,upc_loop_status411.csv
grp_EphemeralKeyGeneration_A_1_fu_249.grp_EphemeralKeyGeneration_A_1_Outline_VITIS_LOOP_130_4_fu_1641.grp_fpadd503_149_fu_203.grp_fpadd503_149_Pipeline_VITIS_LOOP_28_2_fu_75,VITIS_LOOP_28_2,upc_loop_status412.csv
grp_EphemeralKeyGeneration_A_1_fu_249.grp_EphemeralKeyGeneration_A_1_Outline_VITIS_LOOP_130_4_fu_1641.grp_fpadd503_149_fu_203.grp_fpadd503_149_Pipeline_VITIS_LOOP_34_3_fu_85,VITIS_LOOP_34_3,upc_loop_status413.csv
grp_EphemeralKeyGeneration_A_1_fu_249.grp_EphemeralKeyGeneration_A_1_Outline_VITIS_LOOP_130_4_fu_1641.grp_fpsub503_144_1_fu_223.grp_fpsub503_144_1_Pipeline_VITIS_LOOP_47_1_fu_50,VITIS_LOOP_47_1,upc_loop_status414.csv
grp_EphemeralKeyGeneration_A_1_fu_249.grp_EphemeralKeyGeneration_A_1_Outline_VITIS_LOOP_130_4_fu_1641.grp_fpsub503_144_1_fu_223.grp_fpsub503_144_1_Pipeline_VITIS_LOOP_53_2_fu_61,VITIS_LOOP_53_2,upc_loop_status415.csv
grp_EphemeralKeyGeneration_A_1_fu_249.grp_EphemeralKeyGeneration_A_1_Outline_VITIS_LOOP_130_4_fu_1641.grp_fp2mul503_mont_132_fu_239.grp_mp_mul_141_fu_70,VITIS_LOOP_143_1,seq_loop_status151.csv
grp_EphemeralKeyGeneration_A_1_fu_249.grp_EphemeralKeyGeneration_A_1_Outline_VITIS_LOOP_130_4_fu_1641.grp_fp2mul503_mont_132_fu_239.grp_mp_mul_141_fu_70,VITIS_LOOP_157_3,seq_loop_status152.csv
grp_EphemeralKeyGeneration_A_1_fu_249.grp_EphemeralKeyGeneration_A_1_Outline_VITIS_LOOP_130_4_fu_1641.grp_fp2mul503_mont_132_fu_239.grp_mp_mul_141_fu_70.grp_mp_mul_141_Pipeline_VITIS_LOOP_145_2_fu_146,VITIS_LOOP_145_2,upc_loop_status416.csv
grp_EphemeralKeyGeneration_A_1_fu_249.grp_EphemeralKeyGeneration_A_1_Outline_VITIS_LOOP_130_4_fu_1641.grp_fp2mul503_mont_132_fu_239.grp_mp_mul_141_fu_70.grp_mp_mul_141_Pipeline_VITIS_LOOP_159_4_fu_163,VITIS_LOOP_159_4,upc_loop_status417.csv
grp_EphemeralKeyGeneration_A_1_fu_249.grp_EphemeralKeyGeneration_A_1_Outline_VITIS_LOOP_130_4_fu_1641.grp_fp2mul503_mont_132_fu_239.grp_fp2mul503_mont_132_Pipeline_VITIS_LOOP_350_1_fu_88,VITIS_LOOP_350_1,upc_loop_status418.csv
grp_EphemeralKeyGeneration_A_1_fu_249.grp_EphemeralKeyGeneration_A_1_Outline_VITIS_LOOP_130_4_fu_1641.grp_fp2mul503_mont_132_fu_239.grp_fp2mul503_mont_132_Pipeline_VITIS_LOOP_350_1191_fu_97,VITIS_LOOP_350_1,upc_loop_status419.csv
grp_EphemeralKeyGeneration_A_1_fu_249.grp_EphemeralKeyGeneration_A_1_Outline_VITIS_LOOP_130_4_fu_1641.grp_fp2mul503_mont_132_fu_239.grp_fp2mul503_mont_132_Pipeline_VITIS_LOOP_170_1_fu_104,VITIS_LOOP_170_1,upc_loop_status420.csv
grp_EphemeralKeyGeneration_A_1_fu_249.grp_EphemeralKeyGeneration_A_1_Outline_VITIS_LOOP_130_4_fu_1641.grp_fp2mul503_mont_132_fu_239.grp_fp2mul503_mont_132_Pipeline_VITIS_LOOP_200_1_fu_112,VITIS_LOOP_200_1,upc_loop_status421.csv
grp_EphemeralKeyGeneration_A_1_fu_249.grp_EphemeralKeyGeneration_A_1_Outline_VITIS_LOOP_130_4_fu_1641.grp_fp2mul503_mont_132_fu_239.grp_fp2mul503_mont_132_Pipeline_VITIS_LOOP_350_1192_fu_120,VITIS_LOOP_350_1,upc_loop_status422.csv
grp_EphemeralKeyGeneration_A_1_fu_249.grp_EphemeralKeyGeneration_A_1_Outline_VITIS_LOOP_130_4_fu_1641.grp_fp2mul503_mont_132_fu_239.grp_rdc_mont_138_fu_126,VITIS_LOOP_186_2,seq_loop_status153.csv
grp_EphemeralKeyGeneration_A_1_fu_249.grp_EphemeralKeyGeneration_A_1_Outline_VITIS_LOOP_130_4_fu_1641.grp_fp2mul503_mont_132_fu_239.grp_rdc_mont_138_fu_126,VITIS_LOOP_204_4,seq_loop_status154.csv
grp_EphemeralKeyGeneration_A_1_fu_249.grp_EphemeralKeyGeneration_A_1_Outline_VITIS_LOOP_130_4_fu_1641.grp_fp2mul503_mont_132_fu_239.grp_rdc_mont_138_fu_126.grp_rdc_mont_138_Pipeline_VITIS_LOOP_182_1_fu_202,VITIS_LOOP_182_1,upc_loop_status423.csv
grp_EphemeralKeyGeneration_A_1_fu_249.grp_EphemeralKeyGeneration_A_1_Outline_VITIS_LOOP_130_4_fu_1641.grp_fp2mul503_mont_132_fu_239.grp_rdc_mont_138_fu_126.grp_rdc_mont_138_Pipeline_VITIS_LOOP_187_3_fu_209,VITIS_LOOP_187_3,upc_loop_status424.csv
grp_EphemeralKeyGeneration_A_1_fu_249.grp_EphemeralKeyGeneration_A_1_Outline_VITIS_LOOP_130_4_fu_1641.grp_fp2mul503_mont_132_fu_239.grp_rdc_mont_138_fu_126.grp_rdc_mont_138_Pipeline_VITIS_LOOP_208_5_fu_227,VITIS_LOOP_208_5,upc_loop_status425.csv
grp_EphemeralKeyGeneration_A_1_fu_249.grp_EphemeralKeyGeneration_A_1_Outline_VITIS_LOOP_130_4_fu_1641.grp_fp2mul503_mont_132_fu_239.grp_mp_mul_152_fu_139,VITIS_LOOP_143_1,seq_loop_status155.csv
grp_EphemeralKeyGeneration_A_1_fu_249.grp_EphemeralKeyGeneration_A_1_Outline_VITIS_LOOP_130_4_fu_1641.grp_fp2mul503_mont_132_fu_239.grp_mp_mul_152_fu_139,VITIS_LOOP_157_3,seq_loop_status156.csv
grp_EphemeralKeyGeneration_A_1_fu_249.grp_EphemeralKeyGeneration_A_1_Outline_VITIS_LOOP_130_4_fu_1641.grp_fp2mul503_mont_132_fu_239.grp_mp_mul_152_fu_139.grp_mp_mul_152_Pipeline_VITIS_LOOP_145_2_fu_112,VITIS_LOOP_145_2,upc_loop_status426.csv
grp_EphemeralKeyGeneration_A_1_fu_249.grp_EphemeralKeyGeneration_A_1_Outline_VITIS_LOOP_130_4_fu_1641.grp_fp2mul503_mont_132_fu_239.grp_mp_mul_152_fu_139.grp_mp_mul_152_Pipeline_VITIS_LOOP_159_4_fu_127,VITIS_LOOP_159_4,upc_loop_status427.csv
grp_EphemeralKeyGeneration_A_1_fu_249.grp_EphemeralKeyGeneration_A_1_Outline_VITIS_LOOP_130_4_fu_1641.grp_fp2mul503_mont_132_fu_239.grp_fp2mul503_mont_132_Pipeline_VITIS_LOOP_170_1193_fu_146,VITIS_LOOP_170_1,upc_loop_status428.csv
grp_EphemeralKeyGeneration_A_1_fu_249.grp_eval_4_isog_2_fu_1655.grp_fpadd503_15184_fu_54.grp_fpadd503_15184_Pipeline_VITIS_LOOP_23_1_fu_50,VITIS_LOOP_23_1,upc_loop_status429.csv
grp_EphemeralKeyGeneration_A_1_fu_249.grp_eval_4_isog_2_fu_1655.grp_fpadd503_15184_fu_54.grp_fpadd503_15184_Pipeline_VITIS_LOOP_28_2_fu_63,VITIS_LOOP_28_2,upc_loop_status430.csv
grp_EphemeralKeyGeneration_A_1_fu_249.grp_eval_4_isog_2_fu_1655.grp_fpadd503_15184_fu_54.grp_fpadd503_15184_Pipeline_VITIS_LOOP_34_3_fu_73,VITIS_LOOP_34_3,upc_loop_status431.csv
grp_EphemeralKeyGeneration_A_1_fu_249.grp_eval_4_isog_2_fu_1655.grp_fpsub503_14682_fu_75.grp_fpsub503_14682_Pipeline_VITIS_LOOP_47_1_fu_48,VITIS_LOOP_47_1,upc_loop_status432.csv
grp_EphemeralKeyGeneration_A_1_fu_249.grp_eval_4_isog_2_fu_1655.grp_fpsub503_14682_fu_75.grp_fpsub503_14682_Pipeline_VITIS_LOOP_53_2_fu_62,VITIS_LOOP_53_2,upc_loop_status433.csv
grp_EphemeralKeyGeneration_A_1_fu_249.grp_eval_4_isog_2_fu_1655.grp_fp2mul503_mont_781110_fu_95.grp_mp_mul_5_fu_72,VITIS_LOOP_143_1,seq_loop_status157.csv
grp_EphemeralKeyGeneration_A_1_fu_249.grp_eval_4_isog_2_fu_1655.grp_fp2mul503_mont_781110_fu_95.grp_mp_mul_5_fu_72,VITIS_LOOP_157_3,seq_loop_status158.csv
grp_EphemeralKeyGeneration_A_1_fu_249.grp_eval_4_isog_2_fu_1655.grp_fp2mul503_mont_781110_fu_95.grp_mp_mul_5_fu_72.grp_mp_mul_5_Pipeline_VITIS_LOOP_145_2_fu_138,VITIS_LOOP_145_2,upc_loop_status434.csv
grp_EphemeralKeyGeneration_A_1_fu_249.grp_eval_4_isog_2_fu_1655.grp_fp2mul503_mont_781110_fu_95.grp_mp_mul_5_fu_72.grp_mp_mul_5_Pipeline_VITIS_LOOP_159_4_fu_155,VITIS_LOOP_159_4,upc_loop_status435.csv
grp_EphemeralKeyGeneration_A_1_fu_249.grp_eval_4_isog_2_fu_1655.grp_fp2mul503_mont_781110_fu_95.grp_fp2mul503_mont_781110_Pipeline_VITIS_LOOP_350_1_fu_87,VITIS_LOOP_350_1,upc_loop_status436.csv
grp_EphemeralKeyGeneration_A_1_fu_249.grp_eval_4_isog_2_fu_1655.grp_fp2mul503_mont_781110_fu_95.grp_fp2mul503_mont_781110_Pipeline_VITIS_LOOP_350_1143_fu_94,VITIS_LOOP_350_1,upc_loop_status437.csv
grp_EphemeralKeyGeneration_A_1_fu_249.grp_eval_4_isog_2_fu_1655.grp_fp2mul503_mont_781110_fu_95.grp_fp2mul503_mont_781110_Pipeline_VITIS_LOOP_170_1_fu_103,VITIS_LOOP_170_1,upc_loop_status438.csv
grp_EphemeralKeyGeneration_A_1_fu_249.grp_eval_4_isog_2_fu_1655.grp_fp2mul503_mont_781110_fu_95.grp_fp2mul503_mont_781110_Pipeline_VITIS_LOOP_200_1_fu_111,VITIS_LOOP_200_1,upc_loop_status439.csv
grp_EphemeralKeyGeneration_A_1_fu_249.grp_eval_4_isog_2_fu_1655.grp_fp2mul503_mont_781110_fu_95.grp_fp2mul503_mont_781110_Pipeline_VITIS_LOOP_350_1144_fu_119,VITIS_LOOP_350_1,upc_loop_status440.csv
grp_EphemeralKeyGeneration_A_1_fu_249.grp_eval_4_isog_2_fu_1655.grp_fp2mul503_mont_781110_fu_95.grp_rdc_mont_14186_fu_125,VITIS_LOOP_186_2,seq_loop_status159.csv
grp_EphemeralKeyGeneration_A_1_fu_249.grp_eval_4_isog_2_fu_1655.grp_fp2mul503_mont_781110_fu_95.grp_rdc_mont_14186_fu_125,VITIS_LOOP_204_4,seq_loop_status160.csv
grp_EphemeralKeyGeneration_A_1_fu_249.grp_eval_4_isog_2_fu_1655.grp_fp2mul503_mont_781110_fu_95.grp_rdc_mont_14186_fu_125.grp_rdc_mont_14186_Pipeline_VITIS_LOOP_182_1_fu_192,VITIS_LOOP_182_1,upc_loop_status441.csv
grp_EphemeralKeyGeneration_A_1_fu_249.grp_eval_4_isog_2_fu_1655.grp_fp2mul503_mont_781110_fu_95.grp_rdc_mont_14186_fu_125.grp_rdc_mont_14186_Pipeline_VITIS_LOOP_187_3_fu_199,VITIS_LOOP_187_3,upc_loop_status442.csv
grp_EphemeralKeyGeneration_A_1_fu_249.grp_eval_4_isog_2_fu_1655.grp_fp2mul503_mont_781110_fu_95.grp_rdc_mont_14186_fu_125.grp_rdc_mont_14186_Pipeline_VITIS_LOOP_208_5_fu_216,VITIS_LOOP_208_5,upc_loop_status443.csv
grp_EphemeralKeyGeneration_A_1_fu_249.grp_eval_4_isog_2_fu_1655.grp_fp2mul503_mont_781110_fu_95.grp_mp_mul_152_fu_137,VITIS_LOOP_143_1,seq_loop_status161.csv
grp_EphemeralKeyGeneration_A_1_fu_249.grp_eval_4_isog_2_fu_1655.grp_fp2mul503_mont_781110_fu_95.grp_mp_mul_152_fu_137,VITIS_LOOP_157_3,seq_loop_status162.csv
grp_EphemeralKeyGeneration_A_1_fu_249.grp_eval_4_isog_2_fu_1655.grp_fp2mul503_mont_781110_fu_95.grp_mp_mul_152_fu_137.grp_mp_mul_152_Pipeline_VITIS_LOOP_145_2_fu_112,VITIS_LOOP_145_2,upc_loop_status444.csv
grp_EphemeralKeyGeneration_A_1_fu_249.grp_eval_4_isog_2_fu_1655.grp_fp2mul503_mont_781110_fu_95.grp_mp_mul_152_fu_137.grp_mp_mul_152_Pipeline_VITIS_LOOP_159_4_fu_127,VITIS_LOOP_159_4,upc_loop_status445.csv
grp_EphemeralKeyGeneration_A_1_fu_249.grp_eval_4_isog_2_fu_1655.grp_fp2mul503_mont_781110_fu_95.grp_fp2mul503_mont_781110_Pipeline_VITIS_LOOP_170_1145_fu_144,VITIS_LOOP_170_1,upc_loop_status446.csv
grp_EphemeralKeyGeneration_A_1_fu_249.grp_eval_4_isog_2_fu_1655.grp_fp2mul503_mont_133_2_fu_112.grp_mp_mul_148_fu_56,VITIS_LOOP_143_1,seq_loop_status163.csv
grp_EphemeralKeyGeneration_A_1_fu_249.grp_eval_4_isog_2_fu_1655.grp_fp2mul503_mont_133_2_fu_112.grp_mp_mul_148_fu_56,VITIS_LOOP_157_3,seq_loop_status164.csv
grp_EphemeralKeyGeneration_A_1_fu_249.grp_eval_4_isog_2_fu_1655.grp_fp2mul503_mont_133_2_fu_112.grp_mp_mul_148_fu_56.grp_mp_mul_148_Pipeline_VITIS_LOOP_145_2_fu_134,VITIS_LOOP_145_2,upc_loop_status447.csv
grp_EphemeralKeyGeneration_A_1_fu_249.grp_eval_4_isog_2_fu_1655.grp_fp2mul503_mont_133_2_fu_112.grp_mp_mul_148_fu_56.grp_mp_mul_148_Pipeline_VITIS_LOOP_159_4_fu_151,VITIS_LOOP_159_4,upc_loop_status448.csv
grp_EphemeralKeyGeneration_A_1_fu_249.grp_eval_4_isog_2_fu_1655.grp_fp2mul503_mont_133_2_fu_112.grp_fp2mul503_mont_133_2_Pipeline_VITIS_LOOP_350_1_fu_72,VITIS_LOOP_350_1,upc_loop_status449.csv
grp_EphemeralKeyGeneration_A_1_fu_249.grp_eval_4_isog_2_fu_1655.grp_fp2mul503_mont_133_2_fu_112.grp_fp2mul503_mont_133_2_Pipeline_VITIS_LOOP_350_1182_fu_79,VITIS_LOOP_350_1,upc_loop_status450.csv
grp_EphemeralKeyGeneration_A_1_fu_249.grp_eval_4_isog_2_fu_1655.grp_fp2mul503_mont_133_2_fu_112.grp_fp2mul503_mont_133_2_Pipeline_VITIS_LOOP_170_1_fu_86,VITIS_LOOP_170_1,upc_loop_status451.csv
grp_EphemeralKeyGeneration_A_1_fu_249.grp_eval_4_isog_2_fu_1655.grp_fp2mul503_mont_133_2_fu_112.grp_fp2mul503_mont_133_2_Pipeline_VITIS_LOOP_200_1_fu_94,VITIS_LOOP_200_1,upc_loop_status452.csv
grp_EphemeralKeyGeneration_A_1_fu_249.grp_eval_4_isog_2_fu_1655.grp_fp2mul503_mont_133_2_fu_112.grp_fp2mul503_mont_133_2_Pipeline_VITIS_LOOP_350_1183_fu_102,VITIS_LOOP_350_1,upc_loop_status453.csv
grp_EphemeralKeyGeneration_A_1_fu_249.grp_eval_4_isog_2_fu_1655.grp_fp2mul503_mont_133_2_fu_112.grp_rdc_mont_140_fu_108,VITIS_LOOP_186_2,seq_loop_status165.csv
grp_EphemeralKeyGeneration_A_1_fu_249.grp_eval_4_isog_2_fu_1655.grp_fp2mul503_mont_133_2_fu_112.grp_rdc_mont_140_fu_108,VITIS_LOOP_204_4,seq_loop_status166.csv
grp_EphemeralKeyGeneration_A_1_fu_249.grp_eval_4_isog_2_fu_1655.grp_fp2mul503_mont_133_2_fu_112.grp_rdc_mont_140_fu_108.grp_rdc_mont_140_Pipeline_VITIS_LOOP_182_1_fu_192,VITIS_LOOP_182_1,upc_loop_status454.csv
grp_EphemeralKeyGeneration_A_1_fu_249.grp_eval_4_isog_2_fu_1655.grp_fp2mul503_mont_133_2_fu_112.grp_rdc_mont_140_fu_108.grp_rdc_mont_140_Pipeline_VITIS_LOOP_187_3_fu_199,VITIS_LOOP_187_3,upc_loop_status455.csv
grp_EphemeralKeyGeneration_A_1_fu_249.grp_eval_4_isog_2_fu_1655.grp_fp2mul503_mont_133_2_fu_112.grp_rdc_mont_140_fu_108.grp_rdc_mont_140_Pipeline_VITIS_LOOP_208_5_fu_216,VITIS_LOOP_208_5,upc_loop_status456.csv
grp_EphemeralKeyGeneration_A_1_fu_249.grp_eval_4_isog_2_fu_1655.grp_fp2mul503_mont_133_2_fu_112.grp_mp_mul_152_fu_120,VITIS_LOOP_143_1,seq_loop_status167.csv
grp_EphemeralKeyGeneration_A_1_fu_249.grp_eval_4_isog_2_fu_1655.grp_fp2mul503_mont_133_2_fu_112.grp_mp_mul_152_fu_120,VITIS_LOOP_157_3,seq_loop_status168.csv
grp_EphemeralKeyGeneration_A_1_fu_249.grp_eval_4_isog_2_fu_1655.grp_fp2mul503_mont_133_2_fu_112.grp_mp_mul_152_fu_120.grp_mp_mul_152_Pipeline_VITIS_LOOP_145_2_fu_112,VITIS_LOOP_145_2,upc_loop_status457.csv
grp_EphemeralKeyGeneration_A_1_fu_249.grp_eval_4_isog_2_fu_1655.grp_fp2mul503_mont_133_2_fu_112.grp_mp_mul_152_fu_120.grp_mp_mul_152_Pipeline_VITIS_LOOP_159_4_fu_127,VITIS_LOOP_159_4,upc_loop_status458.csv
grp_EphemeralKeyGeneration_A_1_fu_249.grp_eval_4_isog_2_fu_1655.grp_fp2mul503_mont_133_2_fu_112.grp_fp2mul503_mont_133_2_Pipeline_VITIS_LOOP_170_1184_fu_127,VITIS_LOOP_170_1,upc_loop_status459.csv
grp_EphemeralKeyGeneration_A_1_fu_249.grp_eval_4_isog_2_fu_1655.grp_fp2mul503_mont_7_fu_122.grp_mp_mul_10_fu_62,VITIS_LOOP_143_1,seq_loop_status169.csv
grp_EphemeralKeyGeneration_A_1_fu_249.grp_eval_4_isog_2_fu_1655.grp_fp2mul503_mont_7_fu_122.grp_mp_mul_10_fu_62,VITIS_LOOP_157_3,seq_loop_status170.csv
grp_EphemeralKeyGeneration_A_1_fu_249.grp_eval_4_isog_2_fu_1655.grp_fp2mul503_mont_7_fu_122.grp_mp_mul_10_fu_62.grp_mp_mul_10_Pipeline_VITIS_LOOP_145_2_fu_114,VITIS_LOOP_145_2,upc_loop_status460.csv
grp_EphemeralKeyGeneration_A_1_fu_249.grp_eval_4_isog_2_fu_1655.grp_fp2mul503_mont_7_fu_122.grp_mp_mul_10_fu_62.grp_mp_mul_10_Pipeline_VITIS_LOOP_159_4_fu_129,VITIS_LOOP_159_4,upc_loop_status461.csv
grp_EphemeralKeyGeneration_A_1_fu_249.grp_eval_4_isog_2_fu_1655.grp_fp2mul503_mont_7_fu_122.grp_mp_mul_5_fu_72,VITIS_LOOP_143_1,seq_loop_status171.csv
grp_EphemeralKeyGeneration_A_1_fu_249.grp_eval_4_isog_2_fu_1655.grp_fp2mul503_mont_7_fu_122.grp_mp_mul_5_fu_72,VITIS_LOOP_157_3,seq_loop_status172.csv
grp_EphemeralKeyGeneration_A_1_fu_249.grp_eval_4_isog_2_fu_1655.grp_fp2mul503_mont_7_fu_122.grp_mp_mul_5_fu_72.grp_mp_mul_5_Pipeline_VITIS_LOOP_145_2_fu_138,VITIS_LOOP_145_2,upc_loop_status462.csv
grp_EphemeralKeyGeneration_A_1_fu_249.grp_eval_4_isog_2_fu_1655.grp_fp2mul503_mont_7_fu_122.grp_mp_mul_5_fu_72.grp_mp_mul_5_Pipeline_VITIS_LOOP_159_4_fu_155,VITIS_LOOP_159_4,upc_loop_status463.csv
grp_EphemeralKeyGeneration_A_1_fu_249.grp_eval_4_isog_2_fu_1655.grp_fp2mul503_mont_7_fu_122.grp_fp2mul503_mont_7_Pipeline_VITIS_LOOP_350_1_fu_85,VITIS_LOOP_350_1,upc_loop_status464.csv
grp_EphemeralKeyGeneration_A_1_fu_249.grp_eval_4_isog_2_fu_1655.grp_fp2mul503_mont_7_fu_122.grp_fp2mul503_mont_7_Pipeline_VITIS_LOOP_350_1155_fu_92,VITIS_LOOP_350_1,upc_loop_status465.csv
grp_EphemeralKeyGeneration_A_1_fu_249.grp_eval_4_isog_2_fu_1655.grp_fp2mul503_mont_7_fu_122.grp_fp2mul503_mont_7_Pipeline_VITIS_LOOP_170_1_fu_99,VITIS_LOOP_170_1,upc_loop_status466.csv
grp_EphemeralKeyGeneration_A_1_fu_249.grp_eval_4_isog_2_fu_1655.grp_fp2mul503_mont_7_fu_122.grp_fp2mul503_mont_7_Pipeline_VITIS_LOOP_200_1_fu_107,VITIS_LOOP_200_1,upc_loop_status467.csv
grp_EphemeralKeyGeneration_A_1_fu_249.grp_eval_4_isog_2_fu_1655.grp_fp2mul503_mont_7_fu_122.grp_fp2mul503_mont_7_Pipeline_VITIS_LOOP_350_1156_fu_115,VITIS_LOOP_350_1,upc_loop_status468.csv
grp_EphemeralKeyGeneration_A_1_fu_249.grp_eval_4_isog_2_fu_1655.grp_fp2mul503_mont_7_fu_122.grp_rdc_mont_140_fu_121,VITIS_LOOP_186_2,seq_loop_status173.csv
grp_EphemeralKeyGeneration_A_1_fu_249.grp_eval_4_isog_2_fu_1655.grp_fp2mul503_mont_7_fu_122.grp_rdc_mont_140_fu_121,VITIS_LOOP_204_4,seq_loop_status174.csv
grp_EphemeralKeyGeneration_A_1_fu_249.grp_eval_4_isog_2_fu_1655.grp_fp2mul503_mont_7_fu_122.grp_rdc_mont_140_fu_121.grp_rdc_mont_140_Pipeline_VITIS_LOOP_182_1_fu_192,VITIS_LOOP_182_1,upc_loop_status469.csv
grp_EphemeralKeyGeneration_A_1_fu_249.grp_eval_4_isog_2_fu_1655.grp_fp2mul503_mont_7_fu_122.grp_rdc_mont_140_fu_121.grp_rdc_mont_140_Pipeline_VITIS_LOOP_187_3_fu_199,VITIS_LOOP_187_3,upc_loop_status470.csv
grp_EphemeralKeyGeneration_A_1_fu_249.grp_eval_4_isog_2_fu_1655.grp_fp2mul503_mont_7_fu_122.grp_rdc_mont_140_fu_121.grp_rdc_mont_140_Pipeline_VITIS_LOOP_208_5_fu_216,VITIS_LOOP_208_5,upc_loop_status471.csv
grp_EphemeralKeyGeneration_A_1_fu_249.grp_eval_4_isog_2_fu_1655.grp_fp2mul503_mont_7_fu_122.grp_mp_mul_152_fu_133,VITIS_LOOP_143_1,seq_loop_status175.csv
grp_EphemeralKeyGeneration_A_1_fu_249.grp_eval_4_isog_2_fu_1655.grp_fp2mul503_mont_7_fu_122.grp_mp_mul_152_fu_133,VITIS_LOOP_157_3,seq_loop_status176.csv
grp_EphemeralKeyGeneration_A_1_fu_249.grp_eval_4_isog_2_fu_1655.grp_fp2mul503_mont_7_fu_122.grp_mp_mul_152_fu_133.grp_mp_mul_152_Pipeline_VITIS_LOOP_145_2_fu_112,VITIS_LOOP_145_2,upc_loop_status472.csv
grp_EphemeralKeyGeneration_A_1_fu_249.grp_eval_4_isog_2_fu_1655.grp_fp2mul503_mont_7_fu_122.grp_mp_mul_152_fu_133.grp_mp_mul_152_Pipeline_VITIS_LOOP_159_4_fu_127,VITIS_LOOP_159_4,upc_loop_status473.csv
grp_EphemeralKeyGeneration_A_1_fu_249.grp_eval_4_isog_2_fu_1655.grp_fp2mul503_mont_7_fu_122.grp_fp2mul503_mont_7_Pipeline_VITIS_LOOP_170_1157_fu_140,VITIS_LOOP_170_1,upc_loop_status474.csv
grp_EphemeralKeyGeneration_A_1_fu_249.grp_eval_4_isog_2_fu_1655.grp_fpsub503_144_278_fu_133.grp_fpsub503_144_278_Pipeline_VITIS_LOOP_47_1_fu_38,VITIS_LOOP_47_1,upc_loop_status475.csv
grp_EphemeralKeyGeneration_A_1_fu_249.grp_eval_4_isog_2_fu_1655.grp_fpsub503_144_278_fu_133.grp_fpsub503_144_278_Pipeline_VITIS_LOOP_53_2_fu_49,VITIS_LOOP_53_2,upc_loop_status476.csv
grp_EphemeralKeyGeneration_A_1_fu_249.grp_eval_4_isog_2_fu_1655.grp_fp2sqr503_mont_136_2_fu_149.grp_fp2sqr503_mont_136_2_Pipeline_VITIS_LOOP_350_1_fu_54,VITIS_LOOP_350_1,upc_loop_status477.csv
grp_EphemeralKeyGeneration_A_1_fu_249.grp_eval_4_isog_2_fu_1655.grp_fp2sqr503_mont_136_2_fu_149.grp_fp2sqr503_mont_136_2_Pipeline_5_fu_62,Loop 1,upc_loop_status478.csv
grp_EphemeralKeyGeneration_A_1_fu_249.grp_eval_4_isog_2_fu_1655.grp_fp2sqr503_mont_136_2_fu_149.grp_fp2sqr503_mont_136_2_Pipeline_6_fu_68,Loop 1,upc_loop_status479.csv
grp_EphemeralKeyGeneration_A_1_fu_249.grp_eval_4_isog_2_fu_1655.grp_fp2sqr503_mont_136_2_fu_149.grp_fp2sqr503_mont_136_2_Pipeline_VITIS_LOOP_47_1_fu_74,VITIS_LOOP_47_1,upc_loop_status480.csv
grp_EphemeralKeyGeneration_A_1_fu_249.grp_eval_4_isog_2_fu_1655.grp_fp2sqr503_mont_136_2_fu_149.grp_fp2sqr503_mont_136_2_Pipeline_VITIS_LOOP_53_2_fu_82,VITIS_LOOP_53_2,upc_loop_status481.csv
grp_EphemeralKeyGeneration_A_1_fu_249.grp_eval_4_isog_2_fu_1655.grp_fp2sqr503_mont_136_2_fu_149.grp_fp2sqr503_mont_136_2_Pipeline_VITIS_LOOP_350_1134_fu_90,VITIS_LOOP_350_1,upc_loop_status482.csv
grp_EphemeralKeyGeneration_A_1_fu_249.grp_eval_4_isog_2_fu_1655.grp_fp2sqr503_mont_136_2_fu_149.grp_mp_mul_152_fu_97,VITIS_LOOP_143_1,seq_loop_status177.csv
grp_EphemeralKeyGeneration_A_1_fu_249.grp_eval_4_isog_2_fu_1655.grp_fp2sqr503_mont_136_2_fu_149.grp_mp_mul_152_fu_97,VITIS_LOOP_157_3,seq_loop_status178.csv
grp_EphemeralKeyGeneration_A_1_fu_249.grp_eval_4_isog_2_fu_1655.grp_fp2sqr503_mont_136_2_fu_149.grp_mp_mul_152_fu_97.grp_mp_mul_152_Pipeline_VITIS_LOOP_145_2_fu_112,VITIS_LOOP_145_2,upc_loop_status483.csv
grp_EphemeralKeyGeneration_A_1_fu_249.grp_eval_4_isog_2_fu_1655.grp_fp2sqr503_mont_136_2_fu_149.grp_mp_mul_152_fu_97.grp_mp_mul_152_Pipeline_VITIS_LOOP_159_4_fu_127,VITIS_LOOP_159_4,upc_loop_status484.csv
grp_EphemeralKeyGeneration_A_1_fu_249.grp_eval_4_isog_2_fu_1655.grp_fp2sqr503_mont_136_2_fu_149.grp_rdc_mont_140_fu_104,VITIS_LOOP_186_2,seq_loop_status179.csv
grp_EphemeralKeyGeneration_A_1_fu_249.grp_eval_4_isog_2_fu_1655.grp_fp2sqr503_mont_136_2_fu_149.grp_rdc_mont_140_fu_104,VITIS_LOOP_204_4,seq_loop_status180.csv
grp_EphemeralKeyGeneration_A_1_fu_249.grp_eval_4_isog_2_fu_1655.grp_fp2sqr503_mont_136_2_fu_149.grp_rdc_mont_140_fu_104.grp_rdc_mont_140_Pipeline_VITIS_LOOP_182_1_fu_192,VITIS_LOOP_182_1,upc_loop_status485.csv
grp_EphemeralKeyGeneration_A_1_fu_249.grp_eval_4_isog_2_fu_1655.grp_fp2sqr503_mont_136_2_fu_149.grp_rdc_mont_140_fu_104.grp_rdc_mont_140_Pipeline_VITIS_LOOP_187_3_fu_199,VITIS_LOOP_187_3,upc_loop_status486.csv
grp_EphemeralKeyGeneration_A_1_fu_249.grp_eval_4_isog_2_fu_1655.grp_fp2sqr503_mont_136_2_fu_149.grp_rdc_mont_140_fu_104.grp_rdc_mont_140_Pipeline_VITIS_LOOP_208_5_fu_216,VITIS_LOOP_208_5,upc_loop_status487.csv
grp_EphemeralKeyGeneration_A_1_fu_249.grp_eval_4_isog_2_fu_1655.grp_fp2sqr503_mont_136_2_fu_149.grp_mp_mul_150_fu_116,VITIS_LOOP_143_1,seq_loop_status181.csv
grp_EphemeralKeyGeneration_A_1_fu_249.grp_eval_4_isog_2_fu_1655.grp_fp2sqr503_mont_136_2_fu_149.grp_mp_mul_150_fu_116,VITIS_LOOP_157_3,seq_loop_status182.csv
grp_EphemeralKeyGeneration_A_1_fu_249.grp_eval_4_isog_2_fu_1655.grp_fp2sqr503_mont_136_2_fu_149.grp_mp_mul_150_fu_116.grp_mp_mul_150_Pipeline_VITIS_LOOP_145_2_fu_112,VITIS_LOOP_145_2,upc_loop_status488.csv
grp_EphemeralKeyGeneration_A_1_fu_249.grp_eval_4_isog_2_fu_1655.grp_fp2sqr503_mont_136_2_fu_149.grp_mp_mul_150_fu_116.grp_mp_mul_150_Pipeline_VITIS_LOOP_159_4_fu_127,VITIS_LOOP_159_4,upc_loop_status489.csv
grp_EphemeralKeyGeneration_A_1_fu_249.grp_eval_4_isog_2_fu_1655.grp_fp2sqr503_mont_13673_fu_158.grp_fp2sqr503_mont_13673_Pipeline_VITIS_LOOP_350_1_fu_54,VITIS_LOOP_350_1,upc_loop_status490.csv
grp_EphemeralKeyGeneration_A_1_fu_249.grp_eval_4_isog_2_fu_1655.grp_fp2sqr503_mont_13673_fu_158.grp_fp2sqr503_mont_13673_Pipeline_5_fu_62,Loop 1,upc_loop_status491.csv
grp_EphemeralKeyGeneration_A_1_fu_249.grp_eval_4_isog_2_fu_1655.grp_fp2sqr503_mont_13673_fu_158.grp_fp2sqr503_mont_13673_Pipeline_6_fu_68,Loop 1,upc_loop_status492.csv
grp_EphemeralKeyGeneration_A_1_fu_249.grp_eval_4_isog_2_fu_1655.grp_fp2sqr503_mont_13673_fu_158.grp_fp2sqr503_mont_13673_Pipeline_VITIS_LOOP_47_1_fu_74,VITIS_LOOP_47_1,upc_loop_status493.csv
grp_EphemeralKeyGeneration_A_1_fu_249.grp_eval_4_isog_2_fu_1655.grp_fp2sqr503_mont_13673_fu_158.grp_fp2sqr503_mont_13673_Pipeline_VITIS_LOOP_53_2_fu_82,VITIS_LOOP_53_2,upc_loop_status494.csv
grp_EphemeralKeyGeneration_A_1_fu_249.grp_eval_4_isog_2_fu_1655.grp_fp2sqr503_mont_13673_fu_158.grp_fp2sqr503_mont_13673_Pipeline_VITIS_LOOP_350_1133_fu_90,VITIS_LOOP_350_1,upc_loop_status495.csv
grp_EphemeralKeyGeneration_A_1_fu_249.grp_eval_4_isog_2_fu_1655.grp_fp2sqr503_mont_13673_fu_158.grp_mp_mul_152_fu_97,VITIS_LOOP_143_1,seq_loop_status183.csv
grp_EphemeralKeyGeneration_A_1_fu_249.grp_eval_4_isog_2_fu_1655.grp_fp2sqr503_mont_13673_fu_158.grp_mp_mul_152_fu_97,VITIS_LOOP_157_3,seq_loop_status184.csv
grp_EphemeralKeyGeneration_A_1_fu_249.grp_eval_4_isog_2_fu_1655.grp_fp2sqr503_mont_13673_fu_158.grp_mp_mul_152_fu_97.grp_mp_mul_152_Pipeline_VITIS_LOOP_145_2_fu_112,VITIS_LOOP_145_2,upc_loop_status496.csv
grp_EphemeralKeyGeneration_A_1_fu_249.grp_eval_4_isog_2_fu_1655.grp_fp2sqr503_mont_13673_fu_158.grp_mp_mul_152_fu_97.grp_mp_mul_152_Pipeline_VITIS_LOOP_159_4_fu_127,VITIS_LOOP_159_4,upc_loop_status497.csv
grp_EphemeralKeyGeneration_A_1_fu_249.grp_eval_4_isog_2_fu_1655.grp_fp2sqr503_mont_13673_fu_158.grp_rdc_mont_14186_fu_104,VITIS_LOOP_186_2,seq_loop_status185.csv
grp_EphemeralKeyGeneration_A_1_fu_249.grp_eval_4_isog_2_fu_1655.grp_fp2sqr503_mont_13673_fu_158.grp_rdc_mont_14186_fu_104,VITIS_LOOP_204_4,seq_loop_status186.csv
grp_EphemeralKeyGeneration_A_1_fu_249.grp_eval_4_isog_2_fu_1655.grp_fp2sqr503_mont_13673_fu_158.grp_rdc_mont_14186_fu_104.grp_rdc_mont_14186_Pipeline_VITIS_LOOP_182_1_fu_192,VITIS_LOOP_182_1,upc_loop_status498.csv
grp_EphemeralKeyGeneration_A_1_fu_249.grp_eval_4_isog_2_fu_1655.grp_fp2sqr503_mont_13673_fu_158.grp_rdc_mont_14186_fu_104.grp_rdc_mont_14186_Pipeline_VITIS_LOOP_187_3_fu_199,VITIS_LOOP_187_3,upc_loop_status499.csv
grp_EphemeralKeyGeneration_A_1_fu_249.grp_eval_4_isog_2_fu_1655.grp_fp2sqr503_mont_13673_fu_158.grp_rdc_mont_14186_fu_104.grp_rdc_mont_14186_Pipeline_VITIS_LOOP_208_5_fu_216,VITIS_LOOP_208_5,upc_loop_status500.csv
grp_EphemeralKeyGeneration_A_1_fu_249.grp_eval_4_isog_2_fu_1655.grp_fp2sqr503_mont_13673_fu_158.grp_mp_mul_149_fu_116,VITIS_LOOP_143_1,seq_loop_status187.csv
grp_EphemeralKeyGeneration_A_1_fu_249.grp_eval_4_isog_2_fu_1655.grp_fp2sqr503_mont_13673_fu_158.grp_mp_mul_149_fu_116,VITIS_LOOP_157_3,seq_loop_status188.csv
grp_EphemeralKeyGeneration_A_1_fu_249.grp_eval_4_isog_2_fu_1655.grp_fp2sqr503_mont_13673_fu_158.grp_mp_mul_149_fu_116.grp_mp_mul_149_Pipeline_VITIS_LOOP_145_2_fu_112,VITIS_LOOP_145_2,upc_loop_status501.csv
grp_EphemeralKeyGeneration_A_1_fu_249.grp_eval_4_isog_2_fu_1655.grp_fp2sqr503_mont_13673_fu_158.grp_mp_mul_149_fu_116.grp_mp_mul_149_Pipeline_VITIS_LOOP_159_4_fu_127,VITIS_LOOP_159_4,upc_loop_status502.csv
grp_EphemeralKeyGeneration_A_1_fu_249.grp_eval_4_isog_2_fu_1655.grp_fpadd503_152109_fu_168.grp_fpadd503_152109_Pipeline_VITIS_LOOP_23_1_fu_50,VITIS_LOOP_23_1,upc_loop_status503.csv
grp_EphemeralKeyGeneration_A_1_fu_249.grp_eval_4_isog_2_fu_1655.grp_fpadd503_152109_fu_168.grp_fpadd503_152109_Pipeline_VITIS_LOOP_28_2_fu_63,VITIS_LOOP_28_2,upc_loop_status504.csv
grp_EphemeralKeyGeneration_A_1_fu_249.grp_eval_4_isog_2_fu_1655.grp_fpadd503_152109_fu_168.grp_fpadd503_152109_Pipeline_VITIS_LOOP_34_3_fu_73,VITIS_LOOP_34_3,upc_loop_status505.csv
grp_EphemeralKeyGeneration_A_1_fu_249.grp_eval_4_isog_2_fu_1655.grp_fpsub503_144_277111_fu_187.grp_fpsub503_144_277111_Pipeline_VITIS_LOOP_47_1_fu_38,VITIS_LOOP_47_1,upc_loop_status506.csv
grp_EphemeralKeyGeneration_A_1_fu_249.grp_eval_4_isog_2_fu_1655.grp_fpsub503_144_277111_fu_187.grp_fpsub503_144_277111_Pipeline_VITIS_LOOP_53_2_fu_49,VITIS_LOOP_53_2,upc_loop_status507.csv
grp_EphemeralKeyGeneration_A_1_fu_249.grp_eval_4_isog_2_fu_1655.grp_fp2mul503_mont_1339880_fu_202.grp_mp_mul_14788_fu_56,VITIS_LOOP_143_1,seq_loop_status189.csv
grp_EphemeralKeyGeneration_A_1_fu_249.grp_eval_4_isog_2_fu_1655.grp_fp2mul503_mont_1339880_fu_202.grp_mp_mul_14788_fu_56,VITIS_LOOP_157_3,seq_loop_status190.csv
grp_EphemeralKeyGeneration_A_1_fu_249.grp_eval_4_isog_2_fu_1655.grp_fp2mul503_mont_1339880_fu_202.grp_mp_mul_14788_fu_56.grp_mp_mul_14788_Pipeline_VITIS_LOOP_145_2_fu_134,VITIS_LOOP_145_2,upc_loop_status508.csv
grp_EphemeralKeyGeneration_A_1_fu_249.grp_eval_4_isog_2_fu_1655.grp_fp2mul503_mont_1339880_fu_202.grp_mp_mul_14788_fu_56.grp_mp_mul_14788_Pipeline_VITIS_LOOP_159_4_fu_151,VITIS_LOOP_159_4,upc_loop_status509.csv
grp_EphemeralKeyGeneration_A_1_fu_249.grp_eval_4_isog_2_fu_1655.grp_fp2mul503_mont_1339880_fu_202.grp_fp2mul503_mont_1339880_Pipeline_VITIS_LOOP_350_1_fu_72,VITIS_LOOP_350_1,upc_loop_status510.csv
grp_EphemeralKeyGeneration_A_1_fu_249.grp_eval_4_isog_2_fu_1655.grp_fp2mul503_mont_1339880_fu_202.grp_fp2mul503_mont_1339880_Pipeline_VITIS_LOOP_350_1179_fu_79,VITIS_LOOP_350_1,upc_loop_status511.csv
grp_EphemeralKeyGeneration_A_1_fu_249.grp_eval_4_isog_2_fu_1655.grp_fp2mul503_mont_1339880_fu_202.grp_fp2mul503_mont_1339880_Pipeline_VITIS_LOOP_170_1_fu_86,VITIS_LOOP_170_1,upc_loop_status512.csv
grp_EphemeralKeyGeneration_A_1_fu_249.grp_eval_4_isog_2_fu_1655.grp_fp2mul503_mont_1339880_fu_202.grp_fp2mul503_mont_1339880_Pipeline_VITIS_LOOP_200_1_fu_94,VITIS_LOOP_200_1,upc_loop_status513.csv
grp_EphemeralKeyGeneration_A_1_fu_249.grp_eval_4_isog_2_fu_1655.grp_fp2mul503_mont_1339880_fu_202.grp_fp2mul503_mont_1339880_Pipeline_VITIS_LOOP_350_1180_fu_102,VITIS_LOOP_350_1,upc_loop_status514.csv
grp_EphemeralKeyGeneration_A_1_fu_249.grp_eval_4_isog_2_fu_1655.grp_fp2mul503_mont_1339880_fu_202.grp_rdc_mont_14186_fu_108,VITIS_LOOP_186_2,seq_loop_status191.csv
grp_EphemeralKeyGeneration_A_1_fu_249.grp_eval_4_isog_2_fu_1655.grp_fp2mul503_mont_1339880_fu_202.grp_rdc_mont_14186_fu_108,VITIS_LOOP_204_4,seq_loop_status192.csv
grp_EphemeralKeyGeneration_A_1_fu_249.grp_eval_4_isog_2_fu_1655.grp_fp2mul503_mont_1339880_fu_202.grp_rdc_mont_14186_fu_108.grp_rdc_mont_14186_Pipeline_VITIS_LOOP_182_1_fu_192,VITIS_LOOP_182_1,upc_loop_status515.csv
grp_EphemeralKeyGeneration_A_1_fu_249.grp_eval_4_isog_2_fu_1655.grp_fp2mul503_mont_1339880_fu_202.grp_rdc_mont_14186_fu_108.grp_rdc_mont_14186_Pipeline_VITIS_LOOP_187_3_fu_199,VITIS_LOOP_187_3,upc_loop_status516.csv
grp_EphemeralKeyGeneration_A_1_fu_249.grp_eval_4_isog_2_fu_1655.grp_fp2mul503_mont_1339880_fu_202.grp_rdc_mont_14186_fu_108.grp_rdc_mont_14186_Pipeline_VITIS_LOOP_208_5_fu_216,VITIS_LOOP_208_5,upc_loop_status517.csv
grp_EphemeralKeyGeneration_A_1_fu_249.grp_eval_4_isog_2_fu_1655.grp_fp2mul503_mont_1339880_fu_202.grp_mp_mul_152_fu_120,VITIS_LOOP_143_1,seq_loop_status193.csv
grp_EphemeralKeyGeneration_A_1_fu_249.grp_eval_4_isog_2_fu_1655.grp_fp2mul503_mont_1339880_fu_202.grp_mp_mul_152_fu_120,VITIS_LOOP_157_3,seq_loop_status194.csv
grp_EphemeralKeyGeneration_A_1_fu_249.grp_eval_4_isog_2_fu_1655.grp_fp2mul503_mont_1339880_fu_202.grp_mp_mul_152_fu_120.grp_mp_mul_152_Pipeline_VITIS_LOOP_145_2_fu_112,VITIS_LOOP_145_2,upc_loop_status518.csv
grp_EphemeralKeyGeneration_A_1_fu_249.grp_eval_4_isog_2_fu_1655.grp_fp2mul503_mont_1339880_fu_202.grp_mp_mul_152_fu_120.grp_mp_mul_152_Pipeline_VITIS_LOOP_159_4_fu_127,VITIS_LOOP_159_4,upc_loop_status519.csv
grp_EphemeralKeyGeneration_A_1_fu_249.grp_eval_4_isog_2_fu_1655.grp_fp2mul503_mont_1339880_fu_202.grp_fp2mul503_mont_1339880_Pipeline_VITIS_LOOP_170_1181_fu_127,VITIS_LOOP_170_1,upc_loop_status520.csv
grp_EphemeralKeyGeneration_A_1_fu_249.grp_EphemeralKeyGeneration_A_1_Pipeline_VITIS_LOOP_14_1254_fu_1668,VITIS_LOOP_14_1,upc_loop_status521.csv
grp_EphemeralKeyGeneration_A_1_fu_249.grp_EphemeralKeyGeneration_A_1_Pipeline_VITIS_LOOP_14_1256_fu_1675,VITIS_LOOP_14_1,upc_loop_status522.csv
grp_EphemeralKeyGeneration_A_1_fu_249.grp_EphemeralKeyGeneration_A_1_Pipeline_VITIS_LOOP_14_1255_fu_1682,VITIS_LOOP_14_1,upc_loop_status523.csv
grp_EphemeralKeyGeneration_A_1_fu_249.grp_EphemeralKeyGeneration_A_1_Pipeline_VITIS_LOOP_14_1257_fu_1689,VITIS_LOOP_14_1,upc_loop_status524.csv
grp_EphemeralKeyGeneration_A_1_fu_249.grp_fp2mul503_mont_131_fu_1696.grp_mp_mul_146_fu_58,VITIS_LOOP_143_1,seq_loop_status195.csv
grp_EphemeralKeyGeneration_A_1_fu_249.grp_fp2mul503_mont_131_fu_1696.grp_mp_mul_146_fu_58,VITIS_LOOP_157_3,seq_loop_status196.csv
grp_EphemeralKeyGeneration_A_1_fu_249.grp_fp2mul503_mont_131_fu_1696.grp_mp_mul_146_fu_58.grp_mp_mul_146_Pipeline_VITIS_LOOP_145_2_fu_134,VITIS_LOOP_145_2,upc_loop_status525.csv
grp_EphemeralKeyGeneration_A_1_fu_249.grp_fp2mul503_mont_131_fu_1696.grp_mp_mul_146_fu_58.grp_mp_mul_146_Pipeline_VITIS_LOOP_159_4_fu_151,VITIS_LOOP_159_4,upc_loop_status526.csv
grp_EphemeralKeyGeneration_A_1_fu_249.grp_fp2mul503_mont_131_fu_1696.grp_fp2mul503_mont_131_Pipeline_VITIS_LOOP_350_1_fu_74,VITIS_LOOP_350_1,upc_loop_status527.csv
grp_EphemeralKeyGeneration_A_1_fu_249.grp_fp2mul503_mont_131_fu_1696.grp_fp2mul503_mont_131_Pipeline_VITIS_LOOP_350_1194_fu_81,VITIS_LOOP_350_1,upc_loop_status528.csv
grp_EphemeralKeyGeneration_A_1_fu_249.grp_fp2mul503_mont_131_fu_1696.grp_fp2mul503_mont_131_Pipeline_VITIS_LOOP_170_1_fu_88,VITIS_LOOP_170_1,upc_loop_status529.csv
grp_EphemeralKeyGeneration_A_1_fu_249.grp_fp2mul503_mont_131_fu_1696.grp_fp2mul503_mont_131_Pipeline_VITIS_LOOP_200_1_fu_96,VITIS_LOOP_200_1,upc_loop_status530.csv
grp_EphemeralKeyGeneration_A_1_fu_249.grp_fp2mul503_mont_131_fu_1696.grp_fp2mul503_mont_131_Pipeline_VITIS_LOOP_350_1195_fu_104,VITIS_LOOP_350_1,upc_loop_status531.csv
grp_EphemeralKeyGeneration_A_1_fu_249.grp_fp2mul503_mont_131_fu_1696.grp_rdc_mont_140_fu_110,VITIS_LOOP_186_2,seq_loop_status197.csv
grp_EphemeralKeyGeneration_A_1_fu_249.grp_fp2mul503_mont_131_fu_1696.grp_rdc_mont_140_fu_110,VITIS_LOOP_204_4,seq_loop_status198.csv
grp_EphemeralKeyGeneration_A_1_fu_249.grp_fp2mul503_mont_131_fu_1696.grp_rdc_mont_140_fu_110.grp_rdc_mont_140_Pipeline_VITIS_LOOP_182_1_fu_192,VITIS_LOOP_182_1,upc_loop_status532.csv
grp_EphemeralKeyGeneration_A_1_fu_249.grp_fp2mul503_mont_131_fu_1696.grp_rdc_mont_140_fu_110.grp_rdc_mont_140_Pipeline_VITIS_LOOP_187_3_fu_199,VITIS_LOOP_187_3,upc_loop_status533.csv
grp_EphemeralKeyGeneration_A_1_fu_249.grp_fp2mul503_mont_131_fu_1696.grp_rdc_mont_140_fu_110.grp_rdc_mont_140_Pipeline_VITIS_LOOP_208_5_fu_216,VITIS_LOOP_208_5,upc_loop_status534.csv
grp_EphemeralKeyGeneration_A_1_fu_249.grp_fp2mul503_mont_131_fu_1696.grp_mp_mul_152_fu_122,VITIS_LOOP_143_1,seq_loop_status199.csv
grp_EphemeralKeyGeneration_A_1_fu_249.grp_fp2mul503_mont_131_fu_1696.grp_mp_mul_152_fu_122,VITIS_LOOP_157_3,seq_loop_status200.csv
grp_EphemeralKeyGeneration_A_1_fu_249.grp_fp2mul503_mont_131_fu_1696.grp_mp_mul_152_fu_122.grp_mp_mul_152_Pipeline_VITIS_LOOP_145_2_fu_112,VITIS_LOOP_145_2,upc_loop_status535.csv
grp_EphemeralKeyGeneration_A_1_fu_249.grp_fp2mul503_mont_131_fu_1696.grp_mp_mul_152_fu_122.grp_mp_mul_152_Pipeline_VITIS_LOOP_159_4_fu_127,VITIS_LOOP_159_4,upc_loop_status536.csv
grp_EphemeralKeyGeneration_A_1_fu_249.grp_fp2mul503_mont_131_fu_1696.grp_fp2mul503_mont_131_Pipeline_VITIS_LOOP_170_1196_fu_129,VITIS_LOOP_170_1,upc_loop_status537.csv
grp_EphemeralKeyGeneration_A_1_fu_249.grp_fp2mul503_mont_130_fu_1707.grp_mp_mul_14788_fu_58,VITIS_LOOP_143_1,seq_loop_status201.csv
grp_EphemeralKeyGeneration_A_1_fu_249.grp_fp2mul503_mont_130_fu_1707.grp_mp_mul_14788_fu_58,VITIS_LOOP_157_3,seq_loop_status202.csv
grp_EphemeralKeyGeneration_A_1_fu_249.grp_fp2mul503_mont_130_fu_1707.grp_mp_mul_14788_fu_58.grp_mp_mul_14788_Pipeline_VITIS_LOOP_145_2_fu_134,VITIS_LOOP_145_2,upc_loop_status538.csv
grp_EphemeralKeyGeneration_A_1_fu_249.grp_fp2mul503_mont_130_fu_1707.grp_mp_mul_14788_fu_58.grp_mp_mul_14788_Pipeline_VITIS_LOOP_159_4_fu_151,VITIS_LOOP_159_4,upc_loop_status539.csv
grp_EphemeralKeyGeneration_A_1_fu_249.grp_fp2mul503_mont_130_fu_1707.grp_fp2mul503_mont_130_Pipeline_VITIS_LOOP_350_1_fu_74,VITIS_LOOP_350_1,upc_loop_status540.csv
grp_EphemeralKeyGeneration_A_1_fu_249.grp_fp2mul503_mont_130_fu_1707.grp_fp2mul503_mont_130_Pipeline_VITIS_LOOP_350_1197_fu_81,VITIS_LOOP_350_1,upc_loop_status541.csv
grp_EphemeralKeyGeneration_A_1_fu_249.grp_fp2mul503_mont_130_fu_1707.grp_fp2mul503_mont_130_Pipeline_VITIS_LOOP_170_1_fu_88,VITIS_LOOP_170_1,upc_loop_status542.csv
grp_EphemeralKeyGeneration_A_1_fu_249.grp_fp2mul503_mont_130_fu_1707.grp_fp2mul503_mont_130_Pipeline_VITIS_LOOP_200_1_fu_96,VITIS_LOOP_200_1,upc_loop_status543.csv
grp_EphemeralKeyGeneration_A_1_fu_249.grp_fp2mul503_mont_130_fu_1707.grp_fp2mul503_mont_130_Pipeline_VITIS_LOOP_350_1198_fu_104,VITIS_LOOP_350_1,upc_loop_status544.csv
grp_EphemeralKeyGeneration_A_1_fu_249.grp_fp2mul503_mont_130_fu_1707.grp_rdc_mont_140_fu_110,VITIS_LOOP_186_2,seq_loop_status203.csv
grp_EphemeralKeyGeneration_A_1_fu_249.grp_fp2mul503_mont_130_fu_1707.grp_rdc_mont_140_fu_110,VITIS_LOOP_204_4,seq_loop_status204.csv
grp_EphemeralKeyGeneration_A_1_fu_249.grp_fp2mul503_mont_130_fu_1707.grp_rdc_mont_140_fu_110.grp_rdc_mont_140_Pipeline_VITIS_LOOP_182_1_fu_192,VITIS_LOOP_182_1,upc_loop_status545.csv
grp_EphemeralKeyGeneration_A_1_fu_249.grp_fp2mul503_mont_130_fu_1707.grp_rdc_mont_140_fu_110.grp_rdc_mont_140_Pipeline_VITIS_LOOP_187_3_fu_199,VITIS_LOOP_187_3,upc_loop_status546.csv
grp_EphemeralKeyGeneration_A_1_fu_249.grp_fp2mul503_mont_130_fu_1707.grp_rdc_mont_140_fu_110.grp_rdc_mont_140_Pipeline_VITIS_LOOP_208_5_fu_216,VITIS_LOOP_208_5,upc_loop_status547.csv
grp_EphemeralKeyGeneration_A_1_fu_249.grp_fp2mul503_mont_130_fu_1707.grp_mp_mul_152_fu_122,VITIS_LOOP_143_1,seq_loop_status205.csv
grp_EphemeralKeyGeneration_A_1_fu_249.grp_fp2mul503_mont_130_fu_1707.grp_mp_mul_152_fu_122,VITIS_LOOP_157_3,seq_loop_status206.csv
grp_EphemeralKeyGeneration_A_1_fu_249.grp_fp2mul503_mont_130_fu_1707.grp_mp_mul_152_fu_122.grp_mp_mul_152_Pipeline_VITIS_LOOP_145_2_fu_112,VITIS_LOOP_145_2,upc_loop_status548.csv
grp_EphemeralKeyGeneration_A_1_fu_249.grp_fp2mul503_mont_130_fu_1707.grp_mp_mul_152_fu_122.grp_mp_mul_152_Pipeline_VITIS_LOOP_159_4_fu_127,VITIS_LOOP_159_4,upc_loop_status549.csv
grp_EphemeralKeyGeneration_A_1_fu_249.grp_fp2mul503_mont_130_fu_1707.grp_fp2mul503_mont_130_Pipeline_VITIS_LOOP_170_1199_fu_129,VITIS_LOOP_170_1,upc_loop_status550.csv
grp_EphemeralKeyGeneration_A_1_fu_249.grp_fp2inv503_mont_fu_1718.grp_fp2inv503_mont_Pipeline_1_fu_94,Loop 1,upc_loop_status551.csv
grp_EphemeralKeyGeneration_A_1_fu_249.grp_fp2inv503_mont_fu_1718.grp_fp2inv503_mont_Pipeline_2_fu_100,Loop 1,upc_loop_status552.csv
grp_EphemeralKeyGeneration_A_1_fu_249.grp_fp2inv503_mont_fu_1718.grp_fp2inv503_mont_Pipeline_7_fu_106,Loop 1,upc_loop_status553.csv
grp_EphemeralKeyGeneration_A_1_fu_249.grp_fp2inv503_mont_fu_1718.grp_fp2inv503_mont_Pipeline_8_fu_112,Loop 1,upc_loop_status554.csv
grp_EphemeralKeyGeneration_A_1_fu_249.grp_fp2inv503_mont_fu_1718.grp_fp2inv503_mont_Pipeline_9_fu_118,Loop 1,upc_loop_status555.csv
grp_EphemeralKeyGeneration_A_1_fu_249.grp_fp2inv503_mont_fu_1718.grp_fp2inv503_mont_Pipeline_11_fu_124,Loop 1,upc_loop_status556.csv
grp_EphemeralKeyGeneration_A_1_fu_249.grp_fp2inv503_mont_fu_1718.grp_fp2inv503_mont_Pipeline_12_fu_130,Loop 1,upc_loop_status557.csv
grp_EphemeralKeyGeneration_A_1_fu_249.grp_fp2inv503_mont_fu_1718.grp_mp_mul_141_1_fu_136,VITIS_LOOP_143_1,seq_loop_status207.csv
grp_EphemeralKeyGeneration_A_1_fu_249.grp_fp2inv503_mont_fu_1718.grp_mp_mul_141_1_fu_136,VITIS_LOOP_157_3,seq_loop_status208.csv
grp_EphemeralKeyGeneration_A_1_fu_249.grp_fp2inv503_mont_fu_1718.grp_mp_mul_141_1_fu_136.grp_mp_mul_141_1_Pipeline_VITIS_LOOP_145_2_fu_124,VITIS_LOOP_145_2,upc_loop_status558.csv
grp_EphemeralKeyGeneration_A_1_fu_249.grp_fp2inv503_mont_fu_1718.grp_mp_mul_141_1_fu_136.grp_mp_mul_141_1_Pipeline_VITIS_LOOP_159_4_fu_138,VITIS_LOOP_159_4,upc_loop_status559.csv
grp_EphemeralKeyGeneration_A_1_fu_249.grp_fp2inv503_mont_fu_1718.grp_rdc_mont_142_fu_146,VITIS_LOOP_186_2,seq_loop_status209.csv
grp_EphemeralKeyGeneration_A_1_fu_249.grp_fp2inv503_mont_fu_1718.grp_rdc_mont_142_fu_146,VITIS_LOOP_204_4,seq_loop_status210.csv
grp_EphemeralKeyGeneration_A_1_fu_249.grp_fp2inv503_mont_fu_1718.grp_rdc_mont_142_fu_146.grp_rdc_mont_142_Pipeline_VITIS_LOOP_182_1_fu_178,VITIS_LOOP_182_1,upc_loop_status560.csv
grp_EphemeralKeyGeneration_A_1_fu_249.grp_fp2inv503_mont_fu_1718.grp_rdc_mont_142_fu_146.grp_rdc_mont_142_Pipeline_VITIS_LOOP_187_3_fu_184,VITIS_LOOP_187_3,upc_loop_status561.csv
grp_EphemeralKeyGeneration_A_1_fu_249.grp_fp2inv503_mont_fu_1718.grp_rdc_mont_142_fu_146.grp_rdc_mont_142_Pipeline_VITIS_LOOP_208_5_fu_200,VITIS_LOOP_208_5,upc_loop_status562.csv
grp_EphemeralKeyGeneration_A_1_fu_249.grp_fp2inv503_mont_fu_1718.grp_fp2inv503_mont_Pipeline_VITIS_LOOP_23_1_fu_154,VITIS_LOOP_23_1,upc_loop_status563.csv
grp_EphemeralKeyGeneration_A_1_fu_249.grp_fp2inv503_mont_fu_1718.grp_fp2inv503_mont_Pipeline_VITIS_LOOP_28_2_fu_160,VITIS_LOOP_28_2,upc_loop_status564.csv
grp_EphemeralKeyGeneration_A_1_fu_249.grp_fp2inv503_mont_fu_1718.grp_fp2inv503_mont_Pipeline_VITIS_LOOP_34_3_fu_168,VITIS_LOOP_34_3,upc_loop_status565.csv
grp_EphemeralKeyGeneration_A_1_fu_249.grp_fp2inv503_mont_fu_1718.grp_fp2inv503_mont_Pipeline_VITIS_LOOP_14_1_fu_176,VITIS_LOOP_14_1,upc_loop_status566.csv
grp_EphemeralKeyGeneration_A_1_fu_249.grp_fp2inv503_mont_fu_1718.grp_fp2inv503_mont_Pipeline_VITIS_LOOP_64_1_fu_182,VITIS_LOOP_64_1,upc_loop_status567.csv
grp_EphemeralKeyGeneration_A_1_fu_249.grp_fp2inv503_mont_fu_1718.grp_fpinv503_chain_mont_fu_190,VITIS_LOOP_219_1,seq_loop_status211.csv
grp_EphemeralKeyGeneration_A_1_fu_249.grp_fp2inv503_mont_fu_1718.grp_fpinv503_chain_mont_fu_190,VITIS_LOOP_222_2,seq_loop_status212.csv
grp_EphemeralKeyGeneration_A_1_fu_249.grp_fp2inv503_mont_fu_1718.grp_fpinv503_chain_mont_fu_190,VITIS_LOOP_224_3,seq_loop_status213.csv
grp_EphemeralKeyGeneration_A_1_fu_249.grp_fp2inv503_mont_fu_1718.grp_fpinv503_chain_mont_fu_190,VITIS_LOOP_226_4,seq_loop_status214.csv
grp_EphemeralKeyGeneration_A_1_fu_249.grp_fp2inv503_mont_fu_1718.grp_fpinv503_chain_mont_fu_190,VITIS_LOOP_228_5,seq_loop_status215.csv
grp_EphemeralKeyGeneration_A_1_fu_249.grp_fp2inv503_mont_fu_1718.grp_fpinv503_chain_mont_fu_190,VITIS_LOOP_230_6,seq_loop_status216.csv
grp_EphemeralKeyGeneration_A_1_fu_249.grp_fp2inv503_mont_fu_1718.grp_fpinv503_chain_mont_fu_190,VITIS_LOOP_232_7,seq_loop_status217.csv
grp_EphemeralKeyGeneration_A_1_fu_249.grp_fp2inv503_mont_fu_1718.grp_fpinv503_chain_mont_fu_190,VITIS_LOOP_234_8,seq_loop_status218.csv
grp_EphemeralKeyGeneration_A_1_fu_249.grp_fp2inv503_mont_fu_1718.grp_fpinv503_chain_mont_fu_190,VITIS_LOOP_236_9,seq_loop_status219.csv
grp_EphemeralKeyGeneration_A_1_fu_249.grp_fp2inv503_mont_fu_1718.grp_fpinv503_chain_mont_fu_190,VITIS_LOOP_238_10,seq_loop_status220.csv
grp_EphemeralKeyGeneration_A_1_fu_249.grp_fp2inv503_mont_fu_1718.grp_fpinv503_chain_mont_fu_190,VITIS_LOOP_240_11,seq_loop_status221.csv
grp_EphemeralKeyGeneration_A_1_fu_249.grp_fp2inv503_mont_fu_1718.grp_fpinv503_chain_mont_fu_190,VITIS_LOOP_242_12,seq_loop_status222.csv
grp_EphemeralKeyGeneration_A_1_fu_249.grp_fp2inv503_mont_fu_1718.grp_fpinv503_chain_mont_fu_190,VITIS_LOOP_244_13,seq_loop_status223.csv
grp_EphemeralKeyGeneration_A_1_fu_249.grp_fp2inv503_mont_fu_1718.grp_fpinv503_chain_mont_fu_190,VITIS_LOOP_246_14,seq_loop_status224.csv
grp_EphemeralKeyGeneration_A_1_fu_249.grp_fp2inv503_mont_fu_1718.grp_fpinv503_chain_mont_fu_190,VITIS_LOOP_248_15,seq_loop_status225.csv
grp_EphemeralKeyGeneration_A_1_fu_249.grp_fp2inv503_mont_fu_1718.grp_fpinv503_chain_mont_fu_190,VITIS_LOOP_250_16,seq_loop_status226.csv
grp_EphemeralKeyGeneration_A_1_fu_249.grp_fp2inv503_mont_fu_1718.grp_fpinv503_chain_mont_fu_190,VITIS_LOOP_252_17,seq_loop_status227.csv
grp_EphemeralKeyGeneration_A_1_fu_249.grp_fp2inv503_mont_fu_1718.grp_fpinv503_chain_mont_fu_190,VITIS_LOOP_254_18,seq_loop_status228.csv
grp_EphemeralKeyGeneration_A_1_fu_249.grp_fp2inv503_mont_fu_1718.grp_fpinv503_chain_mont_fu_190,VITIS_LOOP_256_19,seq_loop_status229.csv
grp_EphemeralKeyGeneration_A_1_fu_249.grp_fp2inv503_mont_fu_1718.grp_fpinv503_chain_mont_fu_190,VITIS_LOOP_258_20,seq_loop_status230.csv
grp_EphemeralKeyGeneration_A_1_fu_249.grp_fp2inv503_mont_fu_1718.grp_fpinv503_chain_mont_fu_190,VITIS_LOOP_260_21,seq_loop_status231.csv
grp_EphemeralKeyGeneration_A_1_fu_249.grp_fp2inv503_mont_fu_1718.grp_fpinv503_chain_mont_fu_190,VITIS_LOOP_262_22,seq_loop_status232.csv
grp_EphemeralKeyGeneration_A_1_fu_249.grp_fp2inv503_mont_fu_1718.grp_fpinv503_chain_mont_fu_190,VITIS_LOOP_264_23,seq_loop_status233.csv
grp_EphemeralKeyGeneration_A_1_fu_249.grp_fp2inv503_mont_fu_1718.grp_fpinv503_chain_mont_fu_190,VITIS_LOOP_266_24,seq_loop_status234.csv
grp_EphemeralKeyGeneration_A_1_fu_249.grp_fp2inv503_mont_fu_1718.grp_fpinv503_chain_mont_fu_190,VITIS_LOOP_268_25,seq_loop_status235.csv
grp_EphemeralKeyGeneration_A_1_fu_249.grp_fp2inv503_mont_fu_1718.grp_fpinv503_chain_mont_fu_190,VITIS_LOOP_270_26,seq_loop_status236.csv
grp_EphemeralKeyGeneration_A_1_fu_249.grp_fp2inv503_mont_fu_1718.grp_fpinv503_chain_mont_fu_190,VITIS_LOOP_272_27,seq_loop_status237.csv
grp_EphemeralKeyGeneration_A_1_fu_249.grp_fp2inv503_mont_fu_1718.grp_fpinv503_chain_mont_fu_190,VITIS_LOOP_274_28,seq_loop_status238.csv
grp_EphemeralKeyGeneration_A_1_fu_249.grp_fp2inv503_mont_fu_1718.grp_fpinv503_chain_mont_fu_190,VITIS_LOOP_276_29,seq_loop_status239.csv
grp_EphemeralKeyGeneration_A_1_fu_249.grp_fp2inv503_mont_fu_1718.grp_fpinv503_chain_mont_fu_190,VITIS_LOOP_278_30,seq_loop_status240.csv
grp_EphemeralKeyGeneration_A_1_fu_249.grp_fp2inv503_mont_fu_1718.grp_fpinv503_chain_mont_fu_190,VITIS_LOOP_280_31,seq_loop_status241.csv
grp_EphemeralKeyGeneration_A_1_fu_249.grp_fp2inv503_mont_fu_1718.grp_fpinv503_chain_mont_fu_190,VITIS_LOOP_282_32,seq_loop_status242.csv
grp_EphemeralKeyGeneration_A_1_fu_249.grp_fp2inv503_mont_fu_1718.grp_fpinv503_chain_mont_fu_190,VITIS_LOOP_284_33,seq_loop_status243.csv
grp_EphemeralKeyGeneration_A_1_fu_249.grp_fp2inv503_mont_fu_1718.grp_fpinv503_chain_mont_fu_190,VITIS_LOOP_286_34,seq_loop_status244.csv
grp_EphemeralKeyGeneration_A_1_fu_249.grp_fp2inv503_mont_fu_1718.grp_fpinv503_chain_mont_fu_190,VITIS_LOOP_288_35,seq_loop_status245.csv
grp_EphemeralKeyGeneration_A_1_fu_249.grp_fp2inv503_mont_fu_1718.grp_fpinv503_chain_mont_fu_190,VITIS_LOOP_290_36,seq_loop_status246.csv
grp_EphemeralKeyGeneration_A_1_fu_249.grp_fp2inv503_mont_fu_1718.grp_fpinv503_chain_mont_fu_190,VITIS_LOOP_292_37,seq_loop_status247.csv
grp_EphemeralKeyGeneration_A_1_fu_249.grp_fp2inv503_mont_fu_1718.grp_fpinv503_chain_mont_fu_190,VITIS_LOOP_294_38,seq_loop_status248.csv
grp_EphemeralKeyGeneration_A_1_fu_249.grp_fp2inv503_mont_fu_1718.grp_fpinv503_chain_mont_fu_190,VITIS_LOOP_296_39,seq_loop_status249.csv
grp_EphemeralKeyGeneration_A_1_fu_249.grp_fp2inv503_mont_fu_1718.grp_fpinv503_chain_mont_fu_190,VITIS_LOOP_298_40,seq_loop_status250.csv
grp_EphemeralKeyGeneration_A_1_fu_249.grp_fp2inv503_mont_fu_1718.grp_fpinv503_chain_mont_fu_190,VITIS_LOOP_300_41,seq_loop_status251.csv
grp_EphemeralKeyGeneration_A_1_fu_249.grp_fp2inv503_mont_fu_1718.grp_fpinv503_chain_mont_fu_190,VITIS_LOOP_302_42,seq_loop_status252.csv
grp_EphemeralKeyGeneration_A_1_fu_249.grp_fp2inv503_mont_fu_1718.grp_fpinv503_chain_mont_fu_190,VITIS_LOOP_304_43,seq_loop_status253.csv
grp_EphemeralKeyGeneration_A_1_fu_249.grp_fp2inv503_mont_fu_1718.grp_fpinv503_chain_mont_fu_190,VITIS_LOOP_307_45,seq_loop_status254.csv
grp_EphemeralKeyGeneration_A_1_fu_249.grp_fp2inv503_mont_fu_1718.grp_fpinv503_chain_mont_fu_190,VITIS_LOOP_306_44,seq_loop_status255.csv
grp_EphemeralKeyGeneration_A_1_fu_249.grp_fp2inv503_mont_fu_1718.grp_fpinv503_chain_mont_fu_190.grp_fpinv503_chain_mont_Pipeline_1_fu_395,Loop 1,upc_loop_status568.csv
grp_EphemeralKeyGeneration_A_1_fu_249.grp_fp2inv503_mont_fu_1718.grp_fpinv503_chain_mont_fu_190.grp_fpinv503_chain_mont_Pipeline_2_fu_401,Loop 1,upc_loop_status569.csv
grp_EphemeralKeyGeneration_A_1_fu_249.grp_fp2inv503_mont_fu_1718.grp_fpinv503_chain_mont_fu_190.grp_mp_mul_141_2_fu_407,VITIS_LOOP_143_1,seq_loop_status256.csv
grp_EphemeralKeyGeneration_A_1_fu_249.grp_fp2inv503_mont_fu_1718.grp_fpinv503_chain_mont_fu_190.grp_mp_mul_141_2_fu_407,VITIS_LOOP_157_3,seq_loop_status257.csv
grp_EphemeralKeyGeneration_A_1_fu_249.grp_fp2inv503_mont_fu_1718.grp_fpinv503_chain_mont_fu_190.grp_mp_mul_141_2_fu_407.grp_mp_mul_141_2_Pipeline_VITIS_LOOP_145_2_fu_110,VITIS_LOOP_145_2,upc_loop_status570.csv
grp_EphemeralKeyGeneration_A_1_fu_249.grp_fp2inv503_mont_fu_1718.grp_fpinv503_chain_mont_fu_190.grp_mp_mul_141_2_fu_407.grp_mp_mul_141_2_Pipeline_VITIS_LOOP_159_4_fu_123,VITIS_LOOP_159_4,upc_loop_status571.csv
grp_EphemeralKeyGeneration_A_1_fu_249.grp_fp2inv503_mont_fu_1718.grp_fpinv503_chain_mont_fu_190.grp_rdc_mont_142_fu_414,VITIS_LOOP_186_2,seq_loop_status258.csv
grp_EphemeralKeyGeneration_A_1_fu_249.grp_fp2inv503_mont_fu_1718.grp_fpinv503_chain_mont_fu_190.grp_rdc_mont_142_fu_414,VITIS_LOOP_204_4,seq_loop_status259.csv
grp_EphemeralKeyGeneration_A_1_fu_249.grp_fp2inv503_mont_fu_1718.grp_fpinv503_chain_mont_fu_190.grp_rdc_mont_142_fu_414.grp_rdc_mont_142_Pipeline_VITIS_LOOP_182_1_fu_178,VITIS_LOOP_182_1,upc_loop_status572.csv
grp_EphemeralKeyGeneration_A_1_fu_249.grp_fp2inv503_mont_fu_1718.grp_fpinv503_chain_mont_fu_190.grp_rdc_mont_142_fu_414.grp_rdc_mont_142_Pipeline_VITIS_LOOP_187_3_fu_184,VITIS_LOOP_187_3,upc_loop_status573.csv
grp_EphemeralKeyGeneration_A_1_fu_249.grp_fp2inv503_mont_fu_1718.grp_fpinv503_chain_mont_fu_190.grp_rdc_mont_142_fu_414.grp_rdc_mont_142_Pipeline_VITIS_LOOP_208_5_fu_200,VITIS_LOOP_208_5,upc_loop_status574.csv
grp_EphemeralKeyGeneration_A_1_fu_249.grp_fp2inv503_mont_fu_1718.grp_fpinv503_chain_mont_fu_190.grp_mp_mul_152_fu_422,VITIS_LOOP_143_1,seq_loop_status260.csv
grp_EphemeralKeyGeneration_A_1_fu_249.grp_fp2inv503_mont_fu_1718.grp_fpinv503_chain_mont_fu_190.grp_mp_mul_152_fu_422,VITIS_LOOP_157_3,seq_loop_status261.csv
grp_EphemeralKeyGeneration_A_1_fu_249.grp_fp2inv503_mont_fu_1718.grp_fpinv503_chain_mont_fu_190.grp_mp_mul_152_fu_422.grp_mp_mul_152_Pipeline_VITIS_LOOP_145_2_fu_112,VITIS_LOOP_145_2,upc_loop_status575.csv
grp_EphemeralKeyGeneration_A_1_fu_249.grp_fp2inv503_mont_fu_1718.grp_fpinv503_chain_mont_fu_190.grp_mp_mul_152_fu_422.grp_mp_mul_152_Pipeline_VITIS_LOOP_159_4_fu_127,VITIS_LOOP_159_4,upc_loop_status576.csv
grp_EphemeralKeyGeneration_A_1_fu_249.grp_fp2inv503_mont_fu_1718.grp_fpinv503_chain_mont_fu_190.grp_rdc_mont_139_fu_430,VITIS_LOOP_186_2,seq_loop_status262.csv
grp_EphemeralKeyGeneration_A_1_fu_249.grp_fp2inv503_mont_fu_1718.grp_fpinv503_chain_mont_fu_190.grp_rdc_mont_139_fu_430,VITIS_LOOP_204_4,seq_loop_status263.csv
grp_EphemeralKeyGeneration_A_1_fu_249.grp_fp2inv503_mont_fu_1718.grp_fpinv503_chain_mont_fu_190.grp_rdc_mont_139_fu_430.grp_rdc_mont_139_Pipeline_VITIS_LOOP_182_1_fu_192,VITIS_LOOP_182_1,upc_loop_status577.csv
grp_EphemeralKeyGeneration_A_1_fu_249.grp_fp2inv503_mont_fu_1718.grp_fpinv503_chain_mont_fu_190.grp_rdc_mont_139_fu_430.grp_rdc_mont_139_Pipeline_VITIS_LOOP_187_3_fu_199,VITIS_LOOP_187_3,upc_loop_status578.csv
grp_EphemeralKeyGeneration_A_1_fu_249.grp_fp2inv503_mont_fu_1718.grp_fpinv503_chain_mont_fu_190.grp_rdc_mont_139_fu_430.grp_rdc_mont_139_Pipeline_VITIS_LOOP_208_5_fu_216,VITIS_LOOP_208_5,upc_loop_status579.csv
grp_EphemeralKeyGeneration_A_1_fu_249.grp_fp2inv503_mont_fu_1718.grp_fpinv503_chain_mont_fu_190.grp_fpinv503_chain_mont_Pipeline_VITIS_LOOP_14_1_fu_440,VITIS_LOOP_14_1,upc_loop_status580.csv
grp_EphemeralKeyGeneration_A_1_fu_249.grp_fp2inv503_mont_fu_1718.grp_fpinv503_chain_mont_fu_190.grp_fpinv503_chain_mont_Pipeline_3_fu_447,Loop 1,upc_loop_status581.csv
grp_EphemeralKeyGeneration_A_1_fu_249.grp_fp2inv503_mont_fu_1718.grp_fpinv503_chain_mont_fu_190.grp_mp_mul_143_fu_452,VITIS_LOOP_143_1,seq_loop_status264.csv
grp_EphemeralKeyGeneration_A_1_fu_249.grp_fp2inv503_mont_fu_1718.grp_fpinv503_chain_mont_fu_190.grp_mp_mul_143_fu_452,VITIS_LOOP_157_3,seq_loop_status265.csv
grp_EphemeralKeyGeneration_A_1_fu_249.grp_fp2inv503_mont_fu_1718.grp_fpinv503_chain_mont_fu_190.grp_mp_mul_143_fu_452.grp_mp_mul_143_Pipeline_VITIS_LOOP_145_2_fu_126,VITIS_LOOP_145_2,upc_loop_status582.csv
grp_EphemeralKeyGeneration_A_1_fu_249.grp_fp2inv503_mont_fu_1718.grp_fpinv503_chain_mont_fu_190.grp_mp_mul_143_fu_452.grp_mp_mul_143_Pipeline_VITIS_LOOP_159_4_fu_142,VITIS_LOOP_159_4,upc_loop_status583.csv
grp_EphemeralKeyGeneration_A_1_fu_249.grp_fp2inv503_mont_fu_1718.grp_fpinv503_chain_mont_fu_190.grp_fpsqr503_mont_1_fu_460,Loop 1,seq_loop_status266.csv
grp_EphemeralKeyGeneration_A_1_fu_249.grp_fp2inv503_mont_fu_1718.grp_fpinv503_chain_mont_fu_190.grp_fpsqr503_mont_1_fu_460.grp_mp_mul_141_2_fu_53,VITIS_LOOP_143_1,seq_loop_status267.csv
grp_EphemeralKeyGeneration_A_1_fu_249.grp_fp2inv503_mont_fu_1718.grp_fpinv503_chain_mont_fu_190.grp_fpsqr503_mont_1_fu_460.grp_mp_mul_141_2_fu_53,VITIS_LOOP_157_3,seq_loop_status268.csv
grp_EphemeralKeyGeneration_A_1_fu_249.grp_fp2inv503_mont_fu_1718.grp_fpinv503_chain_mont_fu_190.grp_fpsqr503_mont_1_fu_460.grp_mp_mul_141_2_fu_53.grp_mp_mul_141_2_Pipeline_VITIS_LOOP_145_2_fu_110,VITIS_LOOP_145_2,upc_loop_status584.csv
grp_EphemeralKeyGeneration_A_1_fu_249.grp_fp2inv503_mont_fu_1718.grp_fpinv503_chain_mont_fu_190.grp_fpsqr503_mont_1_fu_460.grp_mp_mul_141_2_fu_53.grp_mp_mul_141_2_Pipeline_VITIS_LOOP_159_4_fu_123,VITIS_LOOP_159_4,upc_loop_status585.csv
grp_EphemeralKeyGeneration_A_1_fu_249.grp_fp2inv503_mont_fu_1718.grp_fpinv503_chain_mont_fu_190.grp_fpsqr503_mont_1_fu_460.grp_rdc_mont_142_fu_60,VITIS_LOOP_186_2,seq_loop_status269.csv
grp_EphemeralKeyGeneration_A_1_fu_249.grp_fp2inv503_mont_fu_1718.grp_fpinv503_chain_mont_fu_190.grp_fpsqr503_mont_1_fu_460.grp_rdc_mont_142_fu_60,VITIS_LOOP_204_4,seq_loop_status270.csv
grp_EphemeralKeyGeneration_A_1_fu_249.grp_fp2inv503_mont_fu_1718.grp_fpinv503_chain_mont_fu_190.grp_fpsqr503_mont_1_fu_460.grp_rdc_mont_142_fu_60.grp_rdc_mont_142_Pipeline_VITIS_LOOP_182_1_fu_178,VITIS_LOOP_182_1,upc_loop_status586.csv
grp_EphemeralKeyGeneration_A_1_fu_249.grp_fp2inv503_mont_fu_1718.grp_fpinv503_chain_mont_fu_190.grp_fpsqr503_mont_1_fu_460.grp_rdc_mont_142_fu_60.grp_rdc_mont_142_Pipeline_VITIS_LOOP_187_3_fu_184,VITIS_LOOP_187_3,upc_loop_status587.csv
grp_EphemeralKeyGeneration_A_1_fu_249.grp_fp2inv503_mont_fu_1718.grp_fpinv503_chain_mont_fu_190.grp_fpsqr503_mont_1_fu_460.grp_rdc_mont_142_fu_60.grp_rdc_mont_142_Pipeline_VITIS_LOOP_208_5_fu_200,VITIS_LOOP_208_5,upc_loop_status588.csv
grp_EphemeralKeyGeneration_A_1_fu_249.grp_fp2inv503_mont_fu_1718.grp_fpinv503_chain_mont_fu_190.grp_fpmul503_mont_2_fu_467,Loop 1,seq_loop_status271.csv
grp_EphemeralKeyGeneration_A_1_fu_249.grp_fp2inv503_mont_fu_1718.grp_fpinv503_chain_mont_fu_190.grp_fpmul503_mont_2_fu_467.grp_mp_mul_152_fu_55,VITIS_LOOP_143_1,seq_loop_status272.csv
grp_EphemeralKeyGeneration_A_1_fu_249.grp_fp2inv503_mont_fu_1718.grp_fpinv503_chain_mont_fu_190.grp_fpmul503_mont_2_fu_467.grp_mp_mul_152_fu_55,VITIS_LOOP_157_3,seq_loop_status273.csv
grp_EphemeralKeyGeneration_A_1_fu_249.grp_fp2inv503_mont_fu_1718.grp_fpinv503_chain_mont_fu_190.grp_fpmul503_mont_2_fu_467.grp_mp_mul_152_fu_55.grp_mp_mul_152_Pipeline_VITIS_LOOP_145_2_fu_112,VITIS_LOOP_145_2,upc_loop_status589.csv
grp_EphemeralKeyGeneration_A_1_fu_249.grp_fp2inv503_mont_fu_1718.grp_fpinv503_chain_mont_fu_190.grp_fpmul503_mont_2_fu_467.grp_mp_mul_152_fu_55.grp_mp_mul_152_Pipeline_VITIS_LOOP_159_4_fu_127,VITIS_LOOP_159_4,upc_loop_status590.csv
grp_EphemeralKeyGeneration_A_1_fu_249.grp_fp2inv503_mont_fu_1718.grp_fpinv503_chain_mont_fu_190.grp_fpmul503_mont_2_fu_467.grp_rdc_mont_142_fu_64,VITIS_LOOP_186_2,seq_loop_status274.csv
grp_EphemeralKeyGeneration_A_1_fu_249.grp_fp2inv503_mont_fu_1718.grp_fpinv503_chain_mont_fu_190.grp_fpmul503_mont_2_fu_467.grp_rdc_mont_142_fu_64,VITIS_LOOP_204_4,seq_loop_status275.csv
grp_EphemeralKeyGeneration_A_1_fu_249.grp_fp2inv503_mont_fu_1718.grp_fpinv503_chain_mont_fu_190.grp_fpmul503_mont_2_fu_467.grp_rdc_mont_142_fu_64.grp_rdc_mont_142_Pipeline_VITIS_LOOP_182_1_fu_178,VITIS_LOOP_182_1,upc_loop_status591.csv
grp_EphemeralKeyGeneration_A_1_fu_249.grp_fp2inv503_mont_fu_1718.grp_fpinv503_chain_mont_fu_190.grp_fpmul503_mont_2_fu_467.grp_rdc_mont_142_fu_64.grp_rdc_mont_142_Pipeline_VITIS_LOOP_187_3_fu_184,VITIS_LOOP_187_3,upc_loop_status592.csv
grp_EphemeralKeyGeneration_A_1_fu_249.grp_fp2inv503_mont_fu_1718.grp_fpinv503_chain_mont_fu_190.grp_fpmul503_mont_2_fu_467.grp_rdc_mont_142_fu_64.grp_rdc_mont_142_Pipeline_VITIS_LOOP_208_5_fu_200,VITIS_LOOP_208_5,upc_loop_status593.csv
grp_EphemeralKeyGeneration_A_1_fu_249.grp_fp2inv503_mont_fu_1718.grp_fpinv503_chain_mont_fu_190.grp_fpmul503_mont_1_fu_476,Loop 1,seq_loop_status276.csv
grp_EphemeralKeyGeneration_A_1_fu_249.grp_fp2inv503_mont_fu_1718.grp_fpinv503_chain_mont_fu_190.grp_fpmul503_mont_1_fu_476.grp_mp_mul_143_fu_65,VITIS_LOOP_143_1,seq_loop_status277.csv
grp_EphemeralKeyGeneration_A_1_fu_249.grp_fp2inv503_mont_fu_1718.grp_fpinv503_chain_mont_fu_190.grp_fpmul503_mont_1_fu_476.grp_mp_mul_143_fu_65,VITIS_LOOP_157_3,seq_loop_status278.csv
grp_EphemeralKeyGeneration_A_1_fu_249.grp_fp2inv503_mont_fu_1718.grp_fpinv503_chain_mont_fu_190.grp_fpmul503_mont_1_fu_476.grp_mp_mul_143_fu_65.grp_mp_mul_143_Pipeline_VITIS_LOOP_145_2_fu_126,VITIS_LOOP_145_2,upc_loop_status594.csv
grp_EphemeralKeyGeneration_A_1_fu_249.grp_fp2inv503_mont_fu_1718.grp_fpinv503_chain_mont_fu_190.grp_fpmul503_mont_1_fu_476.grp_mp_mul_143_fu_65.grp_mp_mul_143_Pipeline_VITIS_LOOP_159_4_fu_142,VITIS_LOOP_159_4,upc_loop_status595.csv
grp_EphemeralKeyGeneration_A_1_fu_249.grp_fp2inv503_mont_fu_1718.grp_fpinv503_chain_mont_fu_190.grp_fpmul503_mont_1_fu_476.grp_rdc_mont_142_fu_75,VITIS_LOOP_186_2,seq_loop_status279.csv
grp_EphemeralKeyGeneration_A_1_fu_249.grp_fp2inv503_mont_fu_1718.grp_fpinv503_chain_mont_fu_190.grp_fpmul503_mont_1_fu_476.grp_rdc_mont_142_fu_75,VITIS_LOOP_204_4,seq_loop_status280.csv
grp_EphemeralKeyGeneration_A_1_fu_249.grp_fp2inv503_mont_fu_1718.grp_fpinv503_chain_mont_fu_190.grp_fpmul503_mont_1_fu_476.grp_rdc_mont_142_fu_75.grp_rdc_mont_142_Pipeline_VITIS_LOOP_182_1_fu_178,VITIS_LOOP_182_1,upc_loop_status596.csv
grp_EphemeralKeyGeneration_A_1_fu_249.grp_fp2inv503_mont_fu_1718.grp_fpinv503_chain_mont_fu_190.grp_fpmul503_mont_1_fu_476.grp_rdc_mont_142_fu_75.grp_rdc_mont_142_Pipeline_VITIS_LOOP_187_3_fu_184,VITIS_LOOP_187_3,upc_loop_status597.csv
grp_EphemeralKeyGeneration_A_1_fu_249.grp_fp2inv503_mont_fu_1718.grp_fpinv503_chain_mont_fu_190.grp_fpmul503_mont_1_fu_476.grp_rdc_mont_142_fu_75.grp_rdc_mont_142_Pipeline_VITIS_LOOP_208_5_fu_200,VITIS_LOOP_208_5,upc_loop_status598.csv
grp_EphemeralKeyGeneration_A_1_fu_249.grp_fp2inv503_mont_fu_1718.grp_fpinv503_chain_mont_fu_190.grp_fpinv503_chain_mont_Pipeline_VITIS_LOOP_14_1127_fu_500,VITIS_LOOP_14_1,upc_loop_status599.csv
grp_EphemeralKeyGeneration_A_1_fu_249.grp_fp2inv503_mont_fu_1718.grp_mp_mul_141_2_fu_197,VITIS_LOOP_143_1,seq_loop_status281.csv
grp_EphemeralKeyGeneration_A_1_fu_249.grp_fp2inv503_mont_fu_1718.grp_mp_mul_141_2_fu_197,VITIS_LOOP_157_3,seq_loop_status282.csv
grp_EphemeralKeyGeneration_A_1_fu_249.grp_fp2inv503_mont_fu_1718.grp_mp_mul_141_2_fu_197.grp_mp_mul_141_2_Pipeline_VITIS_LOOP_145_2_fu_110,VITIS_LOOP_145_2,upc_loop_status600.csv
grp_EphemeralKeyGeneration_A_1_fu_249.grp_fp2inv503_mont_fu_1718.grp_mp_mul_141_2_fu_197.grp_mp_mul_141_2_Pipeline_VITIS_LOOP_159_4_fu_123,VITIS_LOOP_159_4,upc_loop_status601.csv
grp_EphemeralKeyGeneration_A_1_fu_249.grp_fp2inv503_mont_fu_1718.grp_mp_mul_152_fu_203,VITIS_LOOP_143_1,seq_loop_status283.csv
grp_EphemeralKeyGeneration_A_1_fu_249.grp_fp2inv503_mont_fu_1718.grp_mp_mul_152_fu_203,VITIS_LOOP_157_3,seq_loop_status284.csv
grp_EphemeralKeyGeneration_A_1_fu_249.grp_fp2inv503_mont_fu_1718.grp_mp_mul_152_fu_203.grp_mp_mul_152_Pipeline_VITIS_LOOP_145_2_fu_112,VITIS_LOOP_145_2,upc_loop_status602.csv
grp_EphemeralKeyGeneration_A_1_fu_249.grp_fp2inv503_mont_fu_1718.grp_mp_mul_152_fu_203.grp_mp_mul_152_Pipeline_VITIS_LOOP_159_4_fu_127,VITIS_LOOP_159_4,upc_loop_status603.csv
grp_EphemeralKeyGeneration_A_1_fu_249.grp_fp2inv503_mont_fu_1718.grp_mp_mul_145_fu_210,VITIS_LOOP_143_1,seq_loop_status285.csv
grp_EphemeralKeyGeneration_A_1_fu_249.grp_fp2inv503_mont_fu_1718.grp_mp_mul_145_fu_210,VITIS_LOOP_157_3,seq_loop_status286.csv
grp_EphemeralKeyGeneration_A_1_fu_249.grp_fp2inv503_mont_fu_1718.grp_mp_mul_145_fu_210.grp_mp_mul_145_Pipeline_VITIS_LOOP_145_2_fu_126,VITIS_LOOP_145_2,upc_loop_status604.csv
grp_EphemeralKeyGeneration_A_1_fu_249.grp_fp2inv503_mont_fu_1718.grp_mp_mul_145_fu_210.grp_mp_mul_145_Pipeline_VITIS_LOOP_159_4_fu_142,VITIS_LOOP_159_4,upc_loop_status605.csv
grp_EphemeralKeyGeneration_A_1_fu_249.grp_fp2inv503_mont_fu_1718.grp_rdc_mont_140_fu_221,VITIS_LOOP_186_2,seq_loop_status287.csv
grp_EphemeralKeyGeneration_A_1_fu_249.grp_fp2inv503_mont_fu_1718.grp_rdc_mont_140_fu_221,VITIS_LOOP_204_4,seq_loop_status288.csv
grp_EphemeralKeyGeneration_A_1_fu_249.grp_fp2inv503_mont_fu_1718.grp_rdc_mont_140_fu_221.grp_rdc_mont_140_Pipeline_VITIS_LOOP_182_1_fu_192,VITIS_LOOP_182_1,upc_loop_status606.csv
grp_EphemeralKeyGeneration_A_1_fu_249.grp_fp2inv503_mont_fu_1718.grp_rdc_mont_140_fu_221.grp_rdc_mont_140_Pipeline_VITIS_LOOP_187_3_fu_199,VITIS_LOOP_187_3,upc_loop_status607.csv
grp_EphemeralKeyGeneration_A_1_fu_249.grp_fp2inv503_mont_fu_1718.grp_rdc_mont_140_fu_221.grp_rdc_mont_140_Pipeline_VITIS_LOOP_208_5_fu_216,VITIS_LOOP_208_5,upc_loop_status608.csv
grp_EphemeralKeyGeneration_A_1_fu_249.grp_fp2mul503_mont_129_fu_1727.grp_mp_mul_151_fu_58,VITIS_LOOP_143_1,seq_loop_status289.csv
grp_EphemeralKeyGeneration_A_1_fu_249.grp_fp2mul503_mont_129_fu_1727.grp_mp_mul_151_fu_58,VITIS_LOOP_157_3,seq_loop_status290.csv
grp_EphemeralKeyGeneration_A_1_fu_249.grp_fp2mul503_mont_129_fu_1727.grp_mp_mul_151_fu_58.grp_mp_mul_151_Pipeline_VITIS_LOOP_145_2_fu_134,VITIS_LOOP_145_2,upc_loop_status609.csv
grp_EphemeralKeyGeneration_A_1_fu_249.grp_fp2mul503_mont_129_fu_1727.grp_mp_mul_151_fu_58.grp_mp_mul_151_Pipeline_VITIS_LOOP_159_4_fu_151,VITIS_LOOP_159_4,upc_loop_status610.csv
grp_EphemeralKeyGeneration_A_1_fu_249.grp_fp2mul503_mont_129_fu_1727.grp_fp2mul503_mont_129_Pipeline_VITIS_LOOP_350_1_fu_74,VITIS_LOOP_350_1,upc_loop_status611.csv
grp_EphemeralKeyGeneration_A_1_fu_249.grp_fp2mul503_mont_129_fu_1727.grp_fp2mul503_mont_129_Pipeline_VITIS_LOOP_350_1200_fu_81,VITIS_LOOP_350_1,upc_loop_status612.csv
grp_EphemeralKeyGeneration_A_1_fu_249.grp_fp2mul503_mont_129_fu_1727.grp_fp2mul503_mont_129_Pipeline_VITIS_LOOP_170_1_fu_88,VITIS_LOOP_170_1,upc_loop_status613.csv
grp_EphemeralKeyGeneration_A_1_fu_249.grp_fp2mul503_mont_129_fu_1727.grp_fp2mul503_mont_129_Pipeline_VITIS_LOOP_200_1_fu_96,VITIS_LOOP_200_1,upc_loop_status614.csv
grp_EphemeralKeyGeneration_A_1_fu_249.grp_fp2mul503_mont_129_fu_1727.grp_fp2mul503_mont_129_Pipeline_VITIS_LOOP_350_1201_fu_104,VITIS_LOOP_350_1,upc_loop_status615.csv
grp_EphemeralKeyGeneration_A_1_fu_249.grp_fp2mul503_mont_129_fu_1727.grp_rdc_mont_140_fu_110,VITIS_LOOP_186_2,seq_loop_status291.csv
grp_EphemeralKeyGeneration_A_1_fu_249.grp_fp2mul503_mont_129_fu_1727.grp_rdc_mont_140_fu_110,VITIS_LOOP_204_4,seq_loop_status292.csv
grp_EphemeralKeyGeneration_A_1_fu_249.grp_fp2mul503_mont_129_fu_1727.grp_rdc_mont_140_fu_110.grp_rdc_mont_140_Pipeline_VITIS_LOOP_182_1_fu_192,VITIS_LOOP_182_1,upc_loop_status616.csv
grp_EphemeralKeyGeneration_A_1_fu_249.grp_fp2mul503_mont_129_fu_1727.grp_rdc_mont_140_fu_110.grp_rdc_mont_140_Pipeline_VITIS_LOOP_187_3_fu_199,VITIS_LOOP_187_3,upc_loop_status617.csv
grp_EphemeralKeyGeneration_A_1_fu_249.grp_fp2mul503_mont_129_fu_1727.grp_rdc_mont_140_fu_110.grp_rdc_mont_140_Pipeline_VITIS_LOOP_208_5_fu_216,VITIS_LOOP_208_5,upc_loop_status618.csv
grp_EphemeralKeyGeneration_A_1_fu_249.grp_fp2mul503_mont_129_fu_1727.grp_mp_mul_152_fu_122,VITIS_LOOP_143_1,seq_loop_status293.csv
grp_EphemeralKeyGeneration_A_1_fu_249.grp_fp2mul503_mont_129_fu_1727.grp_mp_mul_152_fu_122,VITIS_LOOP_157_3,seq_loop_status294.csv
grp_EphemeralKeyGeneration_A_1_fu_249.grp_fp2mul503_mont_129_fu_1727.grp_mp_mul_152_fu_122.grp_mp_mul_152_Pipeline_VITIS_LOOP_145_2_fu_112,VITIS_LOOP_145_2,upc_loop_status619.csv
grp_EphemeralKeyGeneration_A_1_fu_249.grp_fp2mul503_mont_129_fu_1727.grp_mp_mul_152_fu_122.grp_mp_mul_152_Pipeline_VITIS_LOOP_159_4_fu_127,VITIS_LOOP_159_4,upc_loop_status620.csv
grp_EphemeralKeyGeneration_A_1_fu_249.grp_fp2mul503_mont_129_fu_1727.grp_fp2mul503_mont_129_Pipeline_VITIS_LOOP_170_1202_fu_129,VITIS_LOOP_170_1,upc_loop_status621.csv
grp_EphemeralKeyGeneration_A_1_fu_249.grp_fp2mul503_mont_127_fu_1738.grp_mp_mul_148_fu_58,VITIS_LOOP_143_1,seq_loop_status295.csv
grp_EphemeralKeyGeneration_A_1_fu_249.grp_fp2mul503_mont_127_fu_1738.grp_mp_mul_148_fu_58,VITIS_LOOP_157_3,seq_loop_status296.csv
grp_EphemeralKeyGeneration_A_1_fu_249.grp_fp2mul503_mont_127_fu_1738.grp_mp_mul_148_fu_58.grp_mp_mul_148_Pipeline_VITIS_LOOP_145_2_fu_134,VITIS_LOOP_145_2,upc_loop_status622.csv
grp_EphemeralKeyGeneration_A_1_fu_249.grp_fp2mul503_mont_127_fu_1738.grp_mp_mul_148_fu_58.grp_mp_mul_148_Pipeline_VITIS_LOOP_159_4_fu_151,VITIS_LOOP_159_4,upc_loop_status623.csv
grp_EphemeralKeyGeneration_A_1_fu_249.grp_fp2mul503_mont_127_fu_1738.grp_fp2mul503_mont_127_Pipeline_VITIS_LOOP_350_1_fu_74,VITIS_LOOP_350_1,upc_loop_status624.csv
grp_EphemeralKeyGeneration_A_1_fu_249.grp_fp2mul503_mont_127_fu_1738.grp_fp2mul503_mont_127_Pipeline_VITIS_LOOP_350_1206_fu_81,VITIS_LOOP_350_1,upc_loop_status625.csv
grp_EphemeralKeyGeneration_A_1_fu_249.grp_fp2mul503_mont_127_fu_1738.grp_fp2mul503_mont_127_Pipeline_VITIS_LOOP_170_1_fu_88,VITIS_LOOP_170_1,upc_loop_status626.csv
grp_EphemeralKeyGeneration_A_1_fu_249.grp_fp2mul503_mont_127_fu_1738.grp_fp2mul503_mont_127_Pipeline_VITIS_LOOP_200_1_fu_96,VITIS_LOOP_200_1,upc_loop_status627.csv
grp_EphemeralKeyGeneration_A_1_fu_249.grp_fp2mul503_mont_127_fu_1738.grp_fp2mul503_mont_127_Pipeline_VITIS_LOOP_350_1207_fu_104,VITIS_LOOP_350_1,upc_loop_status628.csv
grp_EphemeralKeyGeneration_A_1_fu_249.grp_fp2mul503_mont_127_fu_1738.grp_rdc_mont_14186_fu_110,VITIS_LOOP_186_2,seq_loop_status297.csv
grp_EphemeralKeyGeneration_A_1_fu_249.grp_fp2mul503_mont_127_fu_1738.grp_rdc_mont_14186_fu_110,VITIS_LOOP_204_4,seq_loop_status298.csv
grp_EphemeralKeyGeneration_A_1_fu_249.grp_fp2mul503_mont_127_fu_1738.grp_rdc_mont_14186_fu_110.grp_rdc_mont_14186_Pipeline_VITIS_LOOP_182_1_fu_192,VITIS_LOOP_182_1,upc_loop_status629.csv
grp_EphemeralKeyGeneration_A_1_fu_249.grp_fp2mul503_mont_127_fu_1738.grp_rdc_mont_14186_fu_110.grp_rdc_mont_14186_Pipeline_VITIS_LOOP_187_3_fu_199,VITIS_LOOP_187_3,upc_loop_status630.csv
grp_EphemeralKeyGeneration_A_1_fu_249.grp_fp2mul503_mont_127_fu_1738.grp_rdc_mont_14186_fu_110.grp_rdc_mont_14186_Pipeline_VITIS_LOOP_208_5_fu_216,VITIS_LOOP_208_5,upc_loop_status631.csv
grp_EphemeralKeyGeneration_A_1_fu_249.grp_fp2mul503_mont_127_fu_1738.grp_mp_mul_152_fu_122,VITIS_LOOP_143_1,seq_loop_status299.csv
grp_EphemeralKeyGeneration_A_1_fu_249.grp_fp2mul503_mont_127_fu_1738.grp_mp_mul_152_fu_122,VITIS_LOOP_157_3,seq_loop_status300.csv
grp_EphemeralKeyGeneration_A_1_fu_249.grp_fp2mul503_mont_127_fu_1738.grp_mp_mul_152_fu_122.grp_mp_mul_152_Pipeline_VITIS_LOOP_145_2_fu_112,VITIS_LOOP_145_2,upc_loop_status632.csv
grp_EphemeralKeyGeneration_A_1_fu_249.grp_fp2mul503_mont_127_fu_1738.grp_mp_mul_152_fu_122.grp_mp_mul_152_Pipeline_VITIS_LOOP_159_4_fu_127,VITIS_LOOP_159_4,upc_loop_status633.csv
grp_EphemeralKeyGeneration_A_1_fu_249.grp_fp2mul503_mont_127_fu_1738.grp_fp2mul503_mont_127_Pipeline_VITIS_LOOP_170_1208_fu_129,VITIS_LOOP_170_1,upc_loop_status634.csv
grp_EphemeralKeyGeneration_A_1_fu_249.grp_fp2mul503_mont_128_fu_1749.grp_mp_mul_151_fu_58,VITIS_LOOP_143_1,seq_loop_status301.csv
grp_EphemeralKeyGeneration_A_1_fu_249.grp_fp2mul503_mont_128_fu_1749.grp_mp_mul_151_fu_58,VITIS_LOOP_157_3,seq_loop_status302.csv
grp_EphemeralKeyGeneration_A_1_fu_249.grp_fp2mul503_mont_128_fu_1749.grp_mp_mul_151_fu_58.grp_mp_mul_151_Pipeline_VITIS_LOOP_145_2_fu_134,VITIS_LOOP_145_2,upc_loop_status635.csv
grp_EphemeralKeyGeneration_A_1_fu_249.grp_fp2mul503_mont_128_fu_1749.grp_mp_mul_151_fu_58.grp_mp_mul_151_Pipeline_VITIS_LOOP_159_4_fu_151,VITIS_LOOP_159_4,upc_loop_status636.csv
grp_EphemeralKeyGeneration_A_1_fu_249.grp_fp2mul503_mont_128_fu_1749.grp_fp2mul503_mont_128_Pipeline_VITIS_LOOP_350_1_fu_74,VITIS_LOOP_350_1,upc_loop_status637.csv
grp_EphemeralKeyGeneration_A_1_fu_249.grp_fp2mul503_mont_128_fu_1749.grp_fp2mul503_mont_128_Pipeline_VITIS_LOOP_350_1203_fu_81,VITIS_LOOP_350_1,upc_loop_status638.csv
grp_EphemeralKeyGeneration_A_1_fu_249.grp_fp2mul503_mont_128_fu_1749.grp_fp2mul503_mont_128_Pipeline_VITIS_LOOP_170_1_fu_88,VITIS_LOOP_170_1,upc_loop_status639.csv
grp_EphemeralKeyGeneration_A_1_fu_249.grp_fp2mul503_mont_128_fu_1749.grp_fp2mul503_mont_128_Pipeline_VITIS_LOOP_200_1_fu_96,VITIS_LOOP_200_1,upc_loop_status640.csv
grp_EphemeralKeyGeneration_A_1_fu_249.grp_fp2mul503_mont_128_fu_1749.grp_fp2mul503_mont_128_Pipeline_VITIS_LOOP_350_1204_fu_104,VITIS_LOOP_350_1,upc_loop_status641.csv
grp_EphemeralKeyGeneration_A_1_fu_249.grp_fp2mul503_mont_128_fu_1749.grp_rdc_mont_14186_fu_110,VITIS_LOOP_186_2,seq_loop_status303.csv
grp_EphemeralKeyGeneration_A_1_fu_249.grp_fp2mul503_mont_128_fu_1749.grp_rdc_mont_14186_fu_110,VITIS_LOOP_204_4,seq_loop_status304.csv
grp_EphemeralKeyGeneration_A_1_fu_249.grp_fp2mul503_mont_128_fu_1749.grp_rdc_mont_14186_fu_110.grp_rdc_mont_14186_Pipeline_VITIS_LOOP_182_1_fu_192,VITIS_LOOP_182_1,upc_loop_status642.csv
grp_EphemeralKeyGeneration_A_1_fu_249.grp_fp2mul503_mont_128_fu_1749.grp_rdc_mont_14186_fu_110.grp_rdc_mont_14186_Pipeline_VITIS_LOOP_187_3_fu_199,VITIS_LOOP_187_3,upc_loop_status643.csv
grp_EphemeralKeyGeneration_A_1_fu_249.grp_fp2mul503_mont_128_fu_1749.grp_rdc_mont_14186_fu_110.grp_rdc_mont_14186_Pipeline_VITIS_LOOP_208_5_fu_216,VITIS_LOOP_208_5,upc_loop_status644.csv
grp_EphemeralKeyGeneration_A_1_fu_249.grp_fp2mul503_mont_128_fu_1749.grp_mp_mul_152_fu_122,VITIS_LOOP_143_1,seq_loop_status305.csv
grp_EphemeralKeyGeneration_A_1_fu_249.grp_fp2mul503_mont_128_fu_1749.grp_mp_mul_152_fu_122,VITIS_LOOP_157_3,seq_loop_status306.csv
grp_EphemeralKeyGeneration_A_1_fu_249.grp_fp2mul503_mont_128_fu_1749.grp_mp_mul_152_fu_122.grp_mp_mul_152_Pipeline_VITIS_LOOP_145_2_fu_112,VITIS_LOOP_145_2,upc_loop_status645.csv
grp_EphemeralKeyGeneration_A_1_fu_249.grp_fp2mul503_mont_128_fu_1749.grp_mp_mul_152_fu_122.grp_mp_mul_152_Pipeline_VITIS_LOOP_159_4_fu_127,VITIS_LOOP_159_4,upc_loop_status646.csv
grp_EphemeralKeyGeneration_A_1_fu_249.grp_fp2mul503_mont_128_fu_1749.grp_fp2mul503_mont_128_Pipeline_VITIS_LOOP_170_1205_fu_129,VITIS_LOOP_170_1,upc_loop_status647.csv
grp_EphemeralKeyGeneration_A_1_fu_249.grp_fp2mul503_mont_fu_1760.grp_mp_mul_146_fu_56,VITIS_LOOP_143_1,seq_loop_status307.csv
grp_EphemeralKeyGeneration_A_1_fu_249.grp_fp2mul503_mont_fu_1760.grp_mp_mul_146_fu_56,VITIS_LOOP_157_3,seq_loop_status308.csv
grp_EphemeralKeyGeneration_A_1_fu_249.grp_fp2mul503_mont_fu_1760.grp_mp_mul_146_fu_56.grp_mp_mul_146_Pipeline_VITIS_LOOP_145_2_fu_134,VITIS_LOOP_145_2,upc_loop_status648.csv
grp_EphemeralKeyGeneration_A_1_fu_249.grp_fp2mul503_mont_fu_1760.grp_mp_mul_146_fu_56.grp_mp_mul_146_Pipeline_VITIS_LOOP_159_4_fu_151,VITIS_LOOP_159_4,upc_loop_status649.csv
grp_EphemeralKeyGeneration_A_1_fu_249.grp_fp2mul503_mont_fu_1760.grp_fp2mul503_mont_Pipeline_VITIS_LOOP_350_1_fu_72,VITIS_LOOP_350_1,upc_loop_status650.csv
grp_EphemeralKeyGeneration_A_1_fu_249.grp_fp2mul503_mont_fu_1760.grp_fp2mul503_mont_Pipeline_VITIS_LOOP_350_1212_fu_79,VITIS_LOOP_350_1,upc_loop_status651.csv
grp_EphemeralKeyGeneration_A_1_fu_249.grp_fp2mul503_mont_fu_1760.grp_fp2mul503_mont_Pipeline_VITIS_LOOP_170_1_fu_86,VITIS_LOOP_170_1,upc_loop_status652.csv
grp_EphemeralKeyGeneration_A_1_fu_249.grp_fp2mul503_mont_fu_1760.grp_fp2mul503_mont_Pipeline_VITIS_LOOP_200_1_fu_94,VITIS_LOOP_200_1,upc_loop_status653.csv
grp_EphemeralKeyGeneration_A_1_fu_249.grp_fp2mul503_mont_fu_1760.grp_fp2mul503_mont_Pipeline_VITIS_LOOP_350_1213_fu_102,VITIS_LOOP_350_1,upc_loop_status654.csv
grp_EphemeralKeyGeneration_A_1_fu_249.grp_fp2mul503_mont_fu_1760.grp_rdc_mont_14186_fu_108,VITIS_LOOP_186_2,seq_loop_status309.csv
grp_EphemeralKeyGeneration_A_1_fu_249.grp_fp2mul503_mont_fu_1760.grp_rdc_mont_14186_fu_108,VITIS_LOOP_204_4,seq_loop_status310.csv
grp_EphemeralKeyGeneration_A_1_fu_249.grp_fp2mul503_mont_fu_1760.grp_rdc_mont_14186_fu_108.grp_rdc_mont_14186_Pipeline_VITIS_LOOP_182_1_fu_192,VITIS_LOOP_182_1,upc_loop_status655.csv
grp_EphemeralKeyGeneration_A_1_fu_249.grp_fp2mul503_mont_fu_1760.grp_rdc_mont_14186_fu_108.grp_rdc_mont_14186_Pipeline_VITIS_LOOP_187_3_fu_199,VITIS_LOOP_187_3,upc_loop_status656.csv
grp_EphemeralKeyGeneration_A_1_fu_249.grp_fp2mul503_mont_fu_1760.grp_rdc_mont_14186_fu_108.grp_rdc_mont_14186_Pipeline_VITIS_LOOP_208_5_fu_216,VITIS_LOOP_208_5,upc_loop_status657.csv
grp_EphemeralKeyGeneration_A_1_fu_249.grp_fp2mul503_mont_fu_1760.grp_mp_mul_152_fu_120,VITIS_LOOP_143_1,seq_loop_status311.csv
grp_EphemeralKeyGeneration_A_1_fu_249.grp_fp2mul503_mont_fu_1760.grp_mp_mul_152_fu_120,VITIS_LOOP_157_3,seq_loop_status312.csv
grp_EphemeralKeyGeneration_A_1_fu_249.grp_fp2mul503_mont_fu_1760.grp_mp_mul_152_fu_120.grp_mp_mul_152_Pipeline_VITIS_LOOP_145_2_fu_112,VITIS_LOOP_145_2,upc_loop_status658.csv
grp_EphemeralKeyGeneration_A_1_fu_249.grp_fp2mul503_mont_fu_1760.grp_mp_mul_152_fu_120.grp_mp_mul_152_Pipeline_VITIS_LOOP_159_4_fu_127,VITIS_LOOP_159_4,upc_loop_status659.csv
grp_EphemeralKeyGeneration_A_1_fu_249.grp_fp2mul503_mont_fu_1760.grp_fp2mul503_mont_Pipeline_VITIS_LOOP_170_1214_fu_127,VITIS_LOOP_170_1,upc_loop_status660.csv
grp_EphemeralKeyGeneration_A_1_fu_249.grp_EphemeralKeyGeneration_A_1_Pipeline_VITIS_LOOP_14_1258_fu_1770,VITIS_LOOP_14_1,upc_loop_status661.csv
grp_EphemeralKeyGeneration_A_1_fu_249.grp_from_mont_25_fu_1776.grp_from_mont_25_Pipeline_1_fu_32,Loop 1,upc_loop_status662.csv
grp_EphemeralKeyGeneration_A_1_fu_249.grp_from_mont_25_fu_1776.grp_mp_mul_144_fu_38,VITIS_LOOP_143_1,seq_loop_status313.csv
grp_EphemeralKeyGeneration_A_1_fu_249.grp_from_mont_25_fu_1776.grp_mp_mul_144_fu_38,VITIS_LOOP_157_3,seq_loop_status314.csv
grp_EphemeralKeyGeneration_A_1_fu_249.grp_from_mont_25_fu_1776.grp_mp_mul_144_fu_38.grp_mp_mul_144_Pipeline_VITIS_LOOP_145_2_fu_126,VITIS_LOOP_145_2,upc_loop_status663.csv
grp_EphemeralKeyGeneration_A_1_fu_249.grp_from_mont_25_fu_1776.grp_mp_mul_144_fu_38.grp_mp_mul_144_Pipeline_VITIS_LOOP_159_4_fu_142,VITIS_LOOP_159_4,upc_loop_status664.csv
grp_EphemeralKeyGeneration_A_1_fu_249.grp_from_mont_25_fu_1776.grp_rdc_mont_1_fu_49,VITIS_LOOP_186_2,seq_loop_status315.csv
grp_EphemeralKeyGeneration_A_1_fu_249.grp_from_mont_25_fu_1776.grp_rdc_mont_1_fu_49,VITIS_LOOP_204_4,seq_loop_status316.csv
grp_EphemeralKeyGeneration_A_1_fu_249.grp_from_mont_25_fu_1776.grp_rdc_mont_1_fu_49.grp_rdc_mont_1_Pipeline_VITIS_LOOP_182_1_fu_178,VITIS_LOOP_182_1,upc_loop_status665.csv
grp_EphemeralKeyGeneration_A_1_fu_249.grp_from_mont_25_fu_1776.grp_rdc_mont_1_fu_49.grp_rdc_mont_1_Pipeline_VITIS_LOOP_187_3_fu_184,VITIS_LOOP_187_3,upc_loop_status666.csv
grp_EphemeralKeyGeneration_A_1_fu_249.grp_from_mont_25_fu_1776.grp_rdc_mont_1_fu_49.grp_rdc_mont_1_Pipeline_VITIS_LOOP_208_5_fu_200,VITIS_LOOP_208_5,upc_loop_status667.csv
grp_EphemeralKeyGeneration_A_1_fu_249.grp_from_mont_25_fu_1776.grp_from_mont_25_Pipeline_VITIS_LOOP_91_1_fu_58,VITIS_LOOP_91_1,upc_loop_status668.csv
grp_EphemeralKeyGeneration_A_1_fu_249.grp_from_mont_25_fu_1776.grp_from_mont_25_Pipeline_VITIS_LOOP_97_2_fu_67,VITIS_LOOP_97_2,upc_loop_status669.csv
grp_EphemeralKeyGeneration_A_1_fu_249.grp_EphemeralKeyGeneration_A_1_Pipeline_VITIS_LOOP_14_1259_fu_1788,VITIS_LOOP_14_1,upc_loop_status670.csv
grp_EphemeralKeyGeneration_A_1_fu_249.grp_from_mont_2_fu_1794.grp_from_mont_2_Pipeline_1_fu_32,Loop 1,upc_loop_status671.csv
grp_EphemeralKeyGeneration_A_1_fu_249.grp_from_mont_2_fu_1794.grp_mp_mul_144_fu_38,VITIS_LOOP_143_1,seq_loop_status317.csv
grp_EphemeralKeyGeneration_A_1_fu_249.grp_from_mont_2_fu_1794.grp_mp_mul_144_fu_38,VITIS_LOOP_157_3,seq_loop_status318.csv
grp_EphemeralKeyGeneration_A_1_fu_249.grp_from_mont_2_fu_1794.grp_mp_mul_144_fu_38.grp_mp_mul_144_Pipeline_VITIS_LOOP_145_2_fu_126,VITIS_LOOP_145_2,upc_loop_status672.csv
grp_EphemeralKeyGeneration_A_1_fu_249.grp_from_mont_2_fu_1794.grp_mp_mul_144_fu_38.grp_mp_mul_144_Pipeline_VITIS_LOOP_159_4_fu_142,VITIS_LOOP_159_4,upc_loop_status673.csv
grp_EphemeralKeyGeneration_A_1_fu_249.grp_from_mont_2_fu_1794.grp_rdc_mont_2_fu_49,VITIS_LOOP_186_2,seq_loop_status319.csv
grp_EphemeralKeyGeneration_A_1_fu_249.grp_from_mont_2_fu_1794.grp_rdc_mont_2_fu_49,VITIS_LOOP_204_4,seq_loop_status320.csv
grp_EphemeralKeyGeneration_A_1_fu_249.grp_from_mont_2_fu_1794.grp_rdc_mont_2_fu_49.grp_rdc_mont_2_Pipeline_VITIS_LOOP_182_1_fu_180,VITIS_LOOP_182_1,upc_loop_status674.csv
grp_EphemeralKeyGeneration_A_1_fu_249.grp_from_mont_2_fu_1794.grp_rdc_mont_2_fu_49.grp_rdc_mont_2_Pipeline_VITIS_LOOP_187_3_fu_186,VITIS_LOOP_187_3,upc_loop_status675.csv
grp_EphemeralKeyGeneration_A_1_fu_249.grp_from_mont_2_fu_1794.grp_rdc_mont_2_fu_49.grp_rdc_mont_2_Pipeline_VITIS_LOOP_208_5_fu_202,VITIS_LOOP_208_5,upc_loop_status676.csv
grp_EphemeralKeyGeneration_A_1_fu_249.grp_from_mont_2_fu_1794.grp_from_mont_2_Pipeline_VITIS_LOOP_91_1_fu_58,VITIS_LOOP_91_1,upc_loop_status677.csv
grp_EphemeralKeyGeneration_A_1_fu_249.grp_from_mont_2_fu_1794.grp_from_mont_2_Pipeline_VITIS_LOOP_97_2_fu_67,VITIS_LOOP_97_2,upc_loop_status678.csv
grp_EphemeralKeyGeneration_A_1_fu_249.grp_EphemeralKeyGeneration_A_1_Pipeline_VITIS_LOOP_42_1_fu_1806,VITIS_LOOP_42_1,upc_loop_status679.csv
grp_EphemeralKeyGeneration_A_1_fu_249.grp_EphemeralKeyGeneration_A_1_Pipeline_VITIS_LOOP_42_1260_fu_1814,VITIS_LOOP_42_1,upc_loop_status680.csv
grp_EphemeralKeyGeneration_A_1_fu_249.grp_EphemeralKeyGeneration_A_1_Pipeline_VITIS_LOOP_42_1261_fu_1822,VITIS_LOOP_42_1,upc_loop_status681.csv
grp_EphemeralSecretAgreement_A_1_fu_283,VITIS_LOOP_36_1,seq_loop_status321.csv
grp_EphemeralSecretAgreement_A_1_fu_283,VITIS_LOOP_284_2,seq_loop_status322.csv
grp_EphemeralSecretAgreement_A_1_fu_283,VITIS_LOOP_282_1,seq_loop_status323.csv
grp_EphemeralSecretAgreement_A_1_fu_283.grp_EphemeralSecretAgreement_A_1_Pipeline_1_fu_403,Loop 1,upc_loop_status682.csv
grp_EphemeralSecretAgreement_A_1_fu_283.grp_EphemeralSecretAgreement_A_1_Pipeline_2_fu_409,Loop 1,upc_loop_status683.csv
grp_EphemeralSecretAgreement_A_1_fu_283.grp_EphemeralSecretAgreement_A_1_Pipeline_3_fu_417,Loop 1,upc_loop_status684.csv
grp_EphemeralSecretAgreement_A_1_fu_283.grp_fp2_decode_1_fu_423.grp_fp2_decode_1_Pipeline_VITIS_LOOP_53_1_fu_66,VITIS_LOOP_53_1,upc_loop_status685.csv
grp_EphemeralSecretAgreement_A_1_fu_283.grp_fp2_decode_1_fu_423.grp_fp2_decode_1_Pipeline_3_fu_72,Loop 1,upc_loop_status686.csv
grp_EphemeralSecretAgreement_A_1_fu_283.grp_fp2_decode_1_fu_423.grp_fp2_decode_1_Pipeline_4_fu_78,Loop 1,upc_loop_status687.csv
grp_EphemeralSecretAgreement_A_1_fu_283.grp_fp2_decode_1_fu_423.grp_fp2_decode_1_Pipeline_VITIS_LOOP_55_2_fu_84,VITIS_LOOP_55_2,upc_loop_status688.csv
grp_EphemeralSecretAgreement_A_1_fu_283.grp_fp2_decode_1_fu_423.grp_mp_mul_6_fu_94,VITIS_LOOP_143_1,seq_loop_status324.csv
grp_EphemeralSecretAgreement_A_1_fu_283.grp_fp2_decode_1_fu_423.grp_mp_mul_6_fu_94,VITIS_LOOP_157_3,seq_loop_status325.csv
grp_EphemeralSecretAgreement_A_1_fu_283.grp_fp2_decode_1_fu_423.grp_mp_mul_6_fu_94.grp_mp_mul_6_Pipeline_VITIS_LOOP_145_2_fu_114,VITIS_LOOP_145_2,upc_loop_status689.csv
grp_EphemeralSecretAgreement_A_1_fu_283.grp_fp2_decode_1_fu_423.grp_mp_mul_6_fu_94.grp_mp_mul_6_Pipeline_VITIS_LOOP_159_4_fu_129,VITIS_LOOP_159_4,upc_loop_status690.csv
grp_EphemeralSecretAgreement_A_1_fu_283.grp_fp2_decode_1_fu_423.grp_rdc_mont_3_fu_103,VITIS_LOOP_186_2,seq_loop_status326.csv
grp_EphemeralSecretAgreement_A_1_fu_283.grp_fp2_decode_1_fu_423.grp_rdc_mont_3_fu_103,VITIS_LOOP_204_4,seq_loop_status327.csv
grp_EphemeralSecretAgreement_A_1_fu_283.grp_fp2_decode_1_fu_423.grp_rdc_mont_3_fu_103.grp_rdc_mont_3_Pipeline_VITIS_LOOP_182_1_fu_181,VITIS_LOOP_182_1,upc_loop_status691.csv
grp_EphemeralSecretAgreement_A_1_fu_283.grp_fp2_decode_1_fu_423.grp_rdc_mont_3_fu_103.grp_rdc_mont_3_Pipeline_VITIS_LOOP_187_3_fu_187,VITIS_LOOP_187_3,upc_loop_status692.csv
grp_EphemeralSecretAgreement_A_1_fu_283.grp_fp2_decode_1_fu_423.grp_rdc_mont_3_fu_103.grp_rdc_mont_3_Pipeline_VITIS_LOOP_208_5_fu_203,VITIS_LOOP_208_5,upc_loop_status693.csv
grp_EphemeralSecretAgreement_A_1_fu_283.grp_fp2_decode_1_fu_423.grp_mp_mul_862_fu_112,VITIS_LOOP_143_1,seq_loop_status328.csv
grp_EphemeralSecretAgreement_A_1_fu_283.grp_fp2_decode_1_fu_423.grp_mp_mul_862_fu_112,VITIS_LOOP_157_3,seq_loop_status329.csv
grp_EphemeralSecretAgreement_A_1_fu_283.grp_fp2_decode_1_fu_423.grp_mp_mul_862_fu_112.grp_mp_mul_862_Pipeline_VITIS_LOOP_145_2_fu_124,VITIS_LOOP_145_2,upc_loop_status694.csv
grp_EphemeralSecretAgreement_A_1_fu_283.grp_fp2_decode_1_fu_423.grp_mp_mul_862_fu_112.grp_mp_mul_862_Pipeline_VITIS_LOOP_159_4_fu_140,VITIS_LOOP_159_4,upc_loop_status695.csv
grp_EphemeralSecretAgreement_A_1_fu_283.grp_fp2_decode_1_fu_423.grp_rdc_mont_4_fu_123,VITIS_LOOP_186_2,seq_loop_status330.csv
grp_EphemeralSecretAgreement_A_1_fu_283.grp_fp2_decode_1_fu_423.grp_rdc_mont_4_fu_123,VITIS_LOOP_204_4,seq_loop_status331.csv
grp_EphemeralSecretAgreement_A_1_fu_283.grp_fp2_decode_1_fu_423.grp_rdc_mont_4_fu_123.grp_rdc_mont_4_Pipeline_VITIS_LOOP_182_1_fu_198,VITIS_LOOP_182_1,upc_loop_status696.csv
grp_EphemeralSecretAgreement_A_1_fu_283.grp_fp2_decode_1_fu_423.grp_rdc_mont_4_fu_123.grp_rdc_mont_4_Pipeline_VITIS_LOOP_187_3_fu_207,VITIS_LOOP_187_3,upc_loop_status697.csv
grp_EphemeralSecretAgreement_A_1_fu_283.grp_fp2_decode_1_fu_423.grp_rdc_mont_4_fu_123.grp_rdc_mont_4_Pipeline_VITIS_LOOP_208_5_fu_224,VITIS_LOOP_208_5,upc_loop_status698.csv
grp_EphemeralSecretAgreement_A_1_fu_283.grp_fp2_decode_2_fu_437.grp_fp2_decode_2_Pipeline_VITIS_LOOP_53_1_fu_82,VITIS_LOOP_53_1,upc_loop_status699.csv
grp_EphemeralSecretAgreement_A_1_fu_283.grp_fp2_decode_2_fu_437.grp_fp2_decode_2_Pipeline_3_fu_90,Loop 1,upc_loop_status700.csv
grp_EphemeralSecretAgreement_A_1_fu_283.grp_fp2_decode_2_fu_437.grp_fp2_decode_2_Pipeline_4_fu_96,Loop 1,upc_loop_status701.csv
grp_EphemeralSecretAgreement_A_1_fu_283.grp_fp2_decode_2_fu_437.grp_fp2_decode_2_Pipeline_VITIS_LOOP_55_2_fu_102,VITIS_LOOP_55_2,upc_loop_status702.csv
grp_EphemeralSecretAgreement_A_1_fu_283.grp_fp2_decode_2_fu_437.grp_mp_mul_862_fu_115,VITIS_LOOP_143_1,seq_loop_status332.csv
grp_EphemeralSecretAgreement_A_1_fu_283.grp_fp2_decode_2_fu_437.grp_mp_mul_862_fu_115,VITIS_LOOP_157_3,seq_loop_status333.csv
grp_EphemeralSecretAgreement_A_1_fu_283.grp_fp2_decode_2_fu_437.grp_mp_mul_862_fu_115.grp_mp_mul_862_Pipeline_VITIS_LOOP_145_2_fu_124,VITIS_LOOP_145_2,upc_loop_status703.csv
grp_EphemeralSecretAgreement_A_1_fu_283.grp_fp2_decode_2_fu_437.grp_mp_mul_862_fu_115.grp_mp_mul_862_Pipeline_VITIS_LOOP_159_4_fu_140,VITIS_LOOP_159_4,upc_loop_status704.csv
grp_EphemeralSecretAgreement_A_1_fu_283.grp_fp2_decode_2_fu_437.grp_rdc_mont_4_fu_125,VITIS_LOOP_186_2,seq_loop_status334.csv
grp_EphemeralSecretAgreement_A_1_fu_283.grp_fp2_decode_2_fu_437.grp_rdc_mont_4_fu_125,VITIS_LOOP_204_4,seq_loop_status335.csv
grp_EphemeralSecretAgreement_A_1_fu_283.grp_fp2_decode_2_fu_437.grp_rdc_mont_4_fu_125.grp_rdc_mont_4_Pipeline_VITIS_LOOP_182_1_fu_198,VITIS_LOOP_182_1,upc_loop_status705.csv
grp_EphemeralSecretAgreement_A_1_fu_283.grp_fp2_decode_2_fu_437.grp_rdc_mont_4_fu_125.grp_rdc_mont_4_Pipeline_VITIS_LOOP_187_3_fu_207,VITIS_LOOP_187_3,upc_loop_status706.csv
grp_EphemeralSecretAgreement_A_1_fu_283.grp_fp2_decode_2_fu_437.grp_rdc_mont_4_fu_125.grp_rdc_mont_4_Pipeline_VITIS_LOOP_208_5_fu_224,VITIS_LOOP_208_5,upc_loop_status707.csv
grp_EphemeralSecretAgreement_A_1_fu_283.grp_fpadd503_77_78_fu_455.grp_fpadd503_77_78_Pipeline_VITIS_LOOP_23_1_fu_20,VITIS_LOOP_23_1,upc_loop_status708.csv
grp_EphemeralSecretAgreement_A_1_fu_283.grp_fpadd503_77_78_fu_455.grp_fpadd503_77_78_Pipeline_VITIS_LOOP_28_2_fu_30,VITIS_LOOP_28_2,upc_loop_status709.csv
grp_EphemeralSecretAgreement_A_1_fu_283.grp_fpadd503_77_78_fu_455.grp_fpadd503_77_78_Pipeline_VITIS_LOOP_34_3_fu_41,VITIS_LOOP_34_3,upc_loop_status710.csv
grp_EphemeralSecretAgreement_A_1_fu_283.grp_fpadd503_9_fu_465.grp_fpadd503_9_Pipeline_VITIS_LOOP_23_1_fu_20,VITIS_LOOP_23_1,upc_loop_status711.csv
grp_EphemeralSecretAgreement_A_1_fu_283.grp_fpadd503_9_fu_465.grp_fpadd503_9_Pipeline_VITIS_LOOP_28_2_fu_28,VITIS_LOOP_28_2,upc_loop_status712.csv
grp_EphemeralSecretAgreement_A_1_fu_283.grp_fpadd503_9_fu_465.grp_fpadd503_9_Pipeline_VITIS_LOOP_34_3_fu_37,VITIS_LOOP_34_3,upc_loop_status713.csv
grp_EphemeralSecretAgreement_A_1_fu_283.grp_fpadd503_10_fu_473.grp_fpadd503_10_Pipeline_VITIS_LOOP_23_1_fu_20,VITIS_LOOP_23_1,upc_loop_status714.csv
grp_EphemeralSecretAgreement_A_1_fu_283.grp_fpadd503_10_fu_473.grp_fpadd503_10_Pipeline_VITIS_LOOP_28_2_fu_28,VITIS_LOOP_28_2,upc_loop_status715.csv
grp_EphemeralSecretAgreement_A_1_fu_283.grp_fpadd503_10_fu_473.grp_fpadd503_10_Pipeline_VITIS_LOOP_34_3_fu_37,VITIS_LOOP_34_3,upc_loop_status716.csv
grp_EphemeralSecretAgreement_A_1_fu_283.grp_fp2mul503_mont_4_fu_481.grp_mp_mul_8_fu_60,VITIS_LOOP_143_1,seq_loop_status336.csv
grp_EphemeralSecretAgreement_A_1_fu_283.grp_fp2mul503_mont_4_fu_481.grp_mp_mul_8_fu_60,VITIS_LOOP_157_3,seq_loop_status337.csv
grp_EphemeralSecretAgreement_A_1_fu_283.grp_fp2mul503_mont_4_fu_481.grp_mp_mul_8_fu_60.grp_mp_mul_8_Pipeline_VITIS_LOOP_145_2_fu_112,VITIS_LOOP_145_2,upc_loop_status717.csv
grp_EphemeralSecretAgreement_A_1_fu_283.grp_fp2mul503_mont_4_fu_481.grp_mp_mul_8_fu_60.grp_mp_mul_8_Pipeline_VITIS_LOOP_159_4_fu_125,VITIS_LOOP_159_4,upc_loop_status718.csv
grp_EphemeralSecretAgreement_A_1_fu_283.grp_fp2mul503_mont_4_fu_481.grp_mp_mul_9_fu_68,VITIS_LOOP_143_1,seq_loop_status338.csv
grp_EphemeralSecretAgreement_A_1_fu_283.grp_fp2mul503_mont_4_fu_481.grp_mp_mul_9_fu_68,VITIS_LOOP_157_3,seq_loop_status339.csv
grp_EphemeralSecretAgreement_A_1_fu_283.grp_fp2mul503_mont_4_fu_481.grp_mp_mul_9_fu_68.grp_mp_mul_9_Pipeline_VITIS_LOOP_145_2_fu_112,VITIS_LOOP_145_2,upc_loop_status719.csv
grp_EphemeralSecretAgreement_A_1_fu_283.grp_fp2mul503_mont_4_fu_481.grp_mp_mul_9_fu_68.grp_mp_mul_9_Pipeline_VITIS_LOOP_159_4_fu_125,VITIS_LOOP_159_4,upc_loop_status720.csv
grp_EphemeralSecretAgreement_A_1_fu_283.grp_fp2mul503_mont_4_fu_481.grp_fp2mul503_mont_4_Pipeline_VITIS_LOOP_350_1_fu_75,VITIS_LOOP_350_1,upc_loop_status721.csv
grp_EphemeralSecretAgreement_A_1_fu_283.grp_fp2mul503_mont_4_fu_481.grp_fp2mul503_mont_4_Pipeline_VITIS_LOOP_170_1_fu_82,VITIS_LOOP_170_1,upc_loop_status722.csv
grp_EphemeralSecretAgreement_A_1_fu_283.grp_fp2mul503_mont_4_fu_481.grp_fp2mul503_mont_4_Pipeline_VITIS_LOOP_350_1170_fu_90,VITIS_LOOP_350_1,upc_loop_status723.csv
grp_EphemeralSecretAgreement_A_1_fu_283.grp_fp2mul503_mont_4_fu_481.grp_fp2mul503_mont_4_Pipeline_VITIS_LOOP_200_1_fu_97,VITIS_LOOP_200_1,upc_loop_status724.csv
grp_EphemeralSecretAgreement_A_1_fu_283.grp_fp2mul503_mont_4_fu_481.grp_fp2mul503_mont_4_Pipeline_VITIS_LOOP_350_1171_fu_105,VITIS_LOOP_350_1,upc_loop_status725.csv
grp_EphemeralSecretAgreement_A_1_fu_283.grp_fp2mul503_mont_4_fu_481.grp_rdc_mont_140_fu_111,VITIS_LOOP_186_2,seq_loop_status340.csv
grp_EphemeralSecretAgreement_A_1_fu_283.grp_fp2mul503_mont_4_fu_481.grp_rdc_mont_140_fu_111,VITIS_LOOP_204_4,seq_loop_status341.csv
grp_EphemeralSecretAgreement_A_1_fu_283.grp_fp2mul503_mont_4_fu_481.grp_rdc_mont_140_fu_111.grp_rdc_mont_140_Pipeline_VITIS_LOOP_182_1_fu_192,VITIS_LOOP_182_1,upc_loop_status726.csv
grp_EphemeralSecretAgreement_A_1_fu_283.grp_fp2mul503_mont_4_fu_481.grp_rdc_mont_140_fu_111.grp_rdc_mont_140_Pipeline_VITIS_LOOP_187_3_fu_199,VITIS_LOOP_187_3,upc_loop_status727.csv
grp_EphemeralSecretAgreement_A_1_fu_283.grp_fp2mul503_mont_4_fu_481.grp_rdc_mont_140_fu_111.grp_rdc_mont_140_Pipeline_VITIS_LOOP_208_5_fu_216,VITIS_LOOP_208_5,upc_loop_status728.csv
grp_EphemeralSecretAgreement_A_1_fu_283.grp_fp2mul503_mont_4_fu_481.grp_mp_mul_152_fu_123,VITIS_LOOP_143_1,seq_loop_status342.csv
grp_EphemeralSecretAgreement_A_1_fu_283.grp_fp2mul503_mont_4_fu_481.grp_mp_mul_152_fu_123,VITIS_LOOP_157_3,seq_loop_status343.csv
grp_EphemeralSecretAgreement_A_1_fu_283.grp_fp2mul503_mont_4_fu_481.grp_mp_mul_152_fu_123.grp_mp_mul_152_Pipeline_VITIS_LOOP_145_2_fu_112,VITIS_LOOP_145_2,upc_loop_status729.csv
grp_EphemeralSecretAgreement_A_1_fu_283.grp_fp2mul503_mont_4_fu_481.grp_mp_mul_152_fu_123.grp_mp_mul_152_Pipeline_VITIS_LOOP_159_4_fu_127,VITIS_LOOP_159_4,upc_loop_status730.csv
grp_EphemeralSecretAgreement_A_1_fu_283.grp_fp2mul503_mont_4_fu_481.grp_fp2mul503_mont_4_Pipeline_VITIS_LOOP_170_1172_fu_130,VITIS_LOOP_170_1,upc_loop_status731.csv
grp_EphemeralSecretAgreement_A_1_fu_283.grp_fp2mul503_mont_5_fu_491.grp_mp_mul_7_fu_64,VITIS_LOOP_143_1,seq_loop_status344.csv
grp_EphemeralSecretAgreement_A_1_fu_283.grp_fp2mul503_mont_5_fu_491.grp_mp_mul_7_fu_64,VITIS_LOOP_157_3,seq_loop_status345.csv
grp_EphemeralSecretAgreement_A_1_fu_283.grp_fp2mul503_mont_5_fu_491.grp_mp_mul_7_fu_64.grp_mp_mul_7_Pipeline_VITIS_LOOP_145_2_fu_138,VITIS_LOOP_145_2,upc_loop_status732.csv
grp_EphemeralSecretAgreement_A_1_fu_283.grp_fp2mul503_mont_5_fu_491.grp_mp_mul_7_fu_64.grp_mp_mul_7_Pipeline_VITIS_LOOP_159_4_fu_155,VITIS_LOOP_159_4,upc_loop_status733.csv
grp_EphemeralSecretAgreement_A_1_fu_283.grp_fp2mul503_mont_5_fu_491.grp_fp2mul503_mont_5_Pipeline_VITIS_LOOP_350_1_fu_80,VITIS_LOOP_350_1,upc_loop_status734.csv
grp_EphemeralSecretAgreement_A_1_fu_283.grp_fp2mul503_mont_5_fu_491.grp_fp2mul503_mont_5_Pipeline_VITIS_LOOP_350_1167_fu_87,VITIS_LOOP_350_1,upc_loop_status735.csv
grp_EphemeralSecretAgreement_A_1_fu_283.grp_fp2mul503_mont_5_fu_491.grp_fp2mul503_mont_5_Pipeline_VITIS_LOOP_170_1_fu_94,VITIS_LOOP_170_1,upc_loop_status736.csv
grp_EphemeralSecretAgreement_A_1_fu_283.grp_fp2mul503_mont_5_fu_491.grp_fp2mul503_mont_5_Pipeline_VITIS_LOOP_200_1_fu_102,VITIS_LOOP_200_1,upc_loop_status737.csv
grp_EphemeralSecretAgreement_A_1_fu_283.grp_fp2mul503_mont_5_fu_491.grp_fp2mul503_mont_5_Pipeline_VITIS_LOOP_350_1168_fu_110,VITIS_LOOP_350_1,upc_loop_status738.csv
grp_EphemeralSecretAgreement_A_1_fu_283.grp_fp2mul503_mont_5_fu_491.grp_rdc_mont_140_fu_116,VITIS_LOOP_186_2,seq_loop_status346.csv
grp_EphemeralSecretAgreement_A_1_fu_283.grp_fp2mul503_mont_5_fu_491.grp_rdc_mont_140_fu_116,VITIS_LOOP_204_4,seq_loop_status347.csv
grp_EphemeralSecretAgreement_A_1_fu_283.grp_fp2mul503_mont_5_fu_491.grp_rdc_mont_140_fu_116.grp_rdc_mont_140_Pipeline_VITIS_LOOP_182_1_fu_192,VITIS_LOOP_182_1,upc_loop_status739.csv
grp_EphemeralSecretAgreement_A_1_fu_283.grp_fp2mul503_mont_5_fu_491.grp_rdc_mont_140_fu_116.grp_rdc_mont_140_Pipeline_VITIS_LOOP_187_3_fu_199,VITIS_LOOP_187_3,upc_loop_status740.csv
grp_EphemeralSecretAgreement_A_1_fu_283.grp_fp2mul503_mont_5_fu_491.grp_rdc_mont_140_fu_116.grp_rdc_mont_140_Pipeline_VITIS_LOOP_208_5_fu_216,VITIS_LOOP_208_5,upc_loop_status741.csv
grp_EphemeralSecretAgreement_A_1_fu_283.grp_fp2mul503_mont_5_fu_491.grp_mp_mul_152_fu_128,VITIS_LOOP_143_1,seq_loop_status348.csv
grp_EphemeralSecretAgreement_A_1_fu_283.grp_fp2mul503_mont_5_fu_491.grp_mp_mul_152_fu_128,VITIS_LOOP_157_3,seq_loop_status349.csv
grp_EphemeralSecretAgreement_A_1_fu_283.grp_fp2mul503_mont_5_fu_491.grp_mp_mul_152_fu_128.grp_mp_mul_152_Pipeline_VITIS_LOOP_145_2_fu_112,VITIS_LOOP_145_2,upc_loop_status742.csv
grp_EphemeralSecretAgreement_A_1_fu_283.grp_fp2mul503_mont_5_fu_491.grp_mp_mul_152_fu_128.grp_mp_mul_152_Pipeline_VITIS_LOOP_159_4_fu_127,VITIS_LOOP_159_4,upc_loop_status743.csv
grp_EphemeralSecretAgreement_A_1_fu_283.grp_fp2mul503_mont_5_fu_491.grp_fp2mul503_mont_5_Pipeline_VITIS_LOOP_170_1169_fu_135,VITIS_LOOP_170_1,upc_loop_status744.csv
grp_EphemeralSecretAgreement_A_1_fu_283.grp_fpadd503_149_1_fu_502.grp_fpadd503_149_1_Pipeline_VITIS_LOOP_23_1_fu_40,VITIS_LOOP_23_1,upc_loop_status745.csv
grp_EphemeralSecretAgreement_A_1_fu_283.grp_fpadd503_149_1_fu_502.grp_fpadd503_149_1_Pipeline_VITIS_LOOP_28_2_fu_50,VITIS_LOOP_28_2,upc_loop_status746.csv
grp_EphemeralSecretAgreement_A_1_fu_283.grp_fpadd503_149_1_fu_502.grp_fpadd503_149_1_Pipeline_VITIS_LOOP_34_3_fu_60,VITIS_LOOP_34_3,upc_loop_status747.csv
grp_EphemeralSecretAgreement_A_1_fu_283.grp_fp2mul503_mont_78_1_fu_516.grp_mp_mul_5_fu_62,VITIS_LOOP_143_1,seq_loop_status350.csv
grp_EphemeralSecretAgreement_A_1_fu_283.grp_fp2mul503_mont_78_1_fu_516.grp_mp_mul_5_fu_62,VITIS_LOOP_157_3,seq_loop_status351.csv
grp_EphemeralSecretAgreement_A_1_fu_283.grp_fp2mul503_mont_78_1_fu_516.grp_mp_mul_5_fu_62.grp_mp_mul_5_Pipeline_VITIS_LOOP_145_2_fu_138,VITIS_LOOP_145_2,upc_loop_status748.csv
grp_EphemeralSecretAgreement_A_1_fu_283.grp_fp2mul503_mont_78_1_fu_516.grp_mp_mul_5_fu_62.grp_mp_mul_5_Pipeline_VITIS_LOOP_159_4_fu_155,VITIS_LOOP_159_4,upc_loop_status749.csv
grp_EphemeralSecretAgreement_A_1_fu_283.grp_fp2mul503_mont_78_1_fu_516.grp_fp2mul503_mont_78_1_Pipeline_VITIS_LOOP_350_1_fu_78,VITIS_LOOP_350_1,upc_loop_status750.csv
grp_EphemeralSecretAgreement_A_1_fu_283.grp_fp2mul503_mont_78_1_fu_516.grp_fp2mul503_mont_78_1_Pipeline_VITIS_LOOP_350_1146_fu_85,VITIS_LOOP_350_1,upc_loop_status751.csv
grp_EphemeralSecretAgreement_A_1_fu_283.grp_fp2mul503_mont_78_1_fu_516.grp_fp2mul503_mont_78_1_Pipeline_VITIS_LOOP_170_1_fu_92,VITIS_LOOP_170_1,upc_loop_status752.csv
grp_EphemeralSecretAgreement_A_1_fu_283.grp_fp2mul503_mont_78_1_fu_516.grp_fp2mul503_mont_78_1_Pipeline_VITIS_LOOP_200_1_fu_100,VITIS_LOOP_200_1,upc_loop_status753.csv
grp_EphemeralSecretAgreement_A_1_fu_283.grp_fp2mul503_mont_78_1_fu_516.grp_fp2mul503_mont_78_1_Pipeline_VITIS_LOOP_350_1147_fu_108,VITIS_LOOP_350_1,upc_loop_status754.csv
grp_EphemeralSecretAgreement_A_1_fu_283.grp_fp2mul503_mont_78_1_fu_516.grp_rdc_mont_140_fu_114,VITIS_LOOP_186_2,seq_loop_status352.csv
grp_EphemeralSecretAgreement_A_1_fu_283.grp_fp2mul503_mont_78_1_fu_516.grp_rdc_mont_140_fu_114,VITIS_LOOP_204_4,seq_loop_status353.csv
grp_EphemeralSecretAgreement_A_1_fu_283.grp_fp2mul503_mont_78_1_fu_516.grp_rdc_mont_140_fu_114.grp_rdc_mont_140_Pipeline_VITIS_LOOP_182_1_fu_192,VITIS_LOOP_182_1,upc_loop_status755.csv
grp_EphemeralSecretAgreement_A_1_fu_283.grp_fp2mul503_mont_78_1_fu_516.grp_rdc_mont_140_fu_114.grp_rdc_mont_140_Pipeline_VITIS_LOOP_187_3_fu_199,VITIS_LOOP_187_3,upc_loop_status756.csv
grp_EphemeralSecretAgreement_A_1_fu_283.grp_fp2mul503_mont_78_1_fu_516.grp_rdc_mont_140_fu_114.grp_rdc_mont_140_Pipeline_VITIS_LOOP_208_5_fu_216,VITIS_LOOP_208_5,upc_loop_status757.csv
grp_EphemeralSecretAgreement_A_1_fu_283.grp_fp2mul503_mont_78_1_fu_516.grp_mp_mul_152_fu_126,VITIS_LOOP_143_1,seq_loop_status354.csv
grp_EphemeralSecretAgreement_A_1_fu_283.grp_fp2mul503_mont_78_1_fu_516.grp_mp_mul_152_fu_126,VITIS_LOOP_157_3,seq_loop_status355.csv
grp_EphemeralSecretAgreement_A_1_fu_283.grp_fp2mul503_mont_78_1_fu_516.grp_mp_mul_152_fu_126.grp_mp_mul_152_Pipeline_VITIS_LOOP_145_2_fu_112,VITIS_LOOP_145_2,upc_loop_status758.csv
grp_EphemeralSecretAgreement_A_1_fu_283.grp_fp2mul503_mont_78_1_fu_516.grp_mp_mul_152_fu_126.grp_mp_mul_152_Pipeline_VITIS_LOOP_159_4_fu_127,VITIS_LOOP_159_4,upc_loop_status759.csv
grp_EphemeralSecretAgreement_A_1_fu_283.grp_fp2mul503_mont_78_1_fu_516.grp_fp2mul503_mont_78_1_Pipeline_VITIS_LOOP_170_1148_fu_133,VITIS_LOOP_170_1,upc_loop_status760.csv
grp_EphemeralSecretAgreement_A_1_fu_283.grp_fpsub503_144_2_fu_526.grp_fpsub503_144_2_Pipeline_VITIS_LOOP_47_1_fu_38,VITIS_LOOP_47_1,upc_loop_status761.csv
grp_EphemeralSecretAgreement_A_1_fu_283.grp_fpsub503_144_2_fu_526.grp_fpsub503_144_2_Pipeline_VITIS_LOOP_53_2_fu_49,VITIS_LOOP_53_2,upc_loop_status762.csv
grp_EphemeralSecretAgreement_A_1_fu_283.grp_fpadd503_149_2_fu_541.grp_fpadd503_149_2_Pipeline_VITIS_LOOP_23_1_fu_30,VITIS_LOOP_23_1,upc_loop_status763.csv
grp_EphemeralSecretAgreement_A_1_fu_283.grp_fpadd503_149_2_fu_541.grp_fpadd503_149_2_Pipeline_VITIS_LOOP_28_2_fu_37,VITIS_LOOP_28_2,upc_loop_status764.csv
grp_EphemeralSecretAgreement_A_1_fu_283.grp_fpadd503_149_2_fu_541.grp_fpadd503_149_2_Pipeline_VITIS_LOOP_34_3_fu_47,VITIS_LOOP_34_3,upc_loop_status765.csv
grp_EphemeralSecretAgreement_A_1_fu_283.grp_fpadd503_11_fu_551.grp_fpadd503_11_Pipeline_VITIS_LOOP_23_1_fu_44,VITIS_LOOP_23_1,upc_loop_status766.csv
grp_EphemeralSecretAgreement_A_1_fu_283.grp_fpadd503_11_fu_551.grp_fpadd503_11_Pipeline_VITIS_LOOP_28_2_fu_55,VITIS_LOOP_28_2,upc_loop_status767.csv
grp_EphemeralSecretAgreement_A_1_fu_283.grp_fpadd503_11_fu_551.grp_fpadd503_11_Pipeline_VITIS_LOOP_34_3_fu_65,VITIS_LOOP_34_3,upc_loop_status768.csv
grp_EphemeralSecretAgreement_A_1_fu_283.grp_fp2sqr503_mont_136_2_fu_565.grp_fp2sqr503_mont_136_2_Pipeline_VITIS_LOOP_350_1_fu_54,VITIS_LOOP_350_1,upc_loop_status769.csv
grp_EphemeralSecretAgreement_A_1_fu_283.grp_fp2sqr503_mont_136_2_fu_565.grp_fp2sqr503_mont_136_2_Pipeline_5_fu_62,Loop 1,upc_loop_status770.csv
grp_EphemeralSecretAgreement_A_1_fu_283.grp_fp2sqr503_mont_136_2_fu_565.grp_fp2sqr503_mont_136_2_Pipeline_6_fu_68,Loop 1,upc_loop_status771.csv
grp_EphemeralSecretAgreement_A_1_fu_283.grp_fp2sqr503_mont_136_2_fu_565.grp_fp2sqr503_mont_136_2_Pipeline_VITIS_LOOP_47_1_fu_74,VITIS_LOOP_47_1,upc_loop_status772.csv
grp_EphemeralSecretAgreement_A_1_fu_283.grp_fp2sqr503_mont_136_2_fu_565.grp_fp2sqr503_mont_136_2_Pipeline_VITIS_LOOP_53_2_fu_82,VITIS_LOOP_53_2,upc_loop_status773.csv
grp_EphemeralSecretAgreement_A_1_fu_283.grp_fp2sqr503_mont_136_2_fu_565.grp_fp2sqr503_mont_136_2_Pipeline_VITIS_LOOP_350_1134_fu_90,VITIS_LOOP_350_1,upc_loop_status774.csv
grp_EphemeralSecretAgreement_A_1_fu_283.grp_fp2sqr503_mont_136_2_fu_565.grp_mp_mul_152_fu_97,VITIS_LOOP_143_1,seq_loop_status356.csv
grp_EphemeralSecretAgreement_A_1_fu_283.grp_fp2sqr503_mont_136_2_fu_565.grp_mp_mul_152_fu_97,VITIS_LOOP_157_3,seq_loop_status357.csv
grp_EphemeralSecretAgreement_A_1_fu_283.grp_fp2sqr503_mont_136_2_fu_565.grp_mp_mul_152_fu_97.grp_mp_mul_152_Pipeline_VITIS_LOOP_145_2_fu_112,VITIS_LOOP_145_2,upc_loop_status775.csv
grp_EphemeralSecretAgreement_A_1_fu_283.grp_fp2sqr503_mont_136_2_fu_565.grp_mp_mul_152_fu_97.grp_mp_mul_152_Pipeline_VITIS_LOOP_159_4_fu_127,VITIS_LOOP_159_4,upc_loop_status776.csv
grp_EphemeralSecretAgreement_A_1_fu_283.grp_fp2sqr503_mont_136_2_fu_565.grp_rdc_mont_140_fu_104,VITIS_LOOP_186_2,seq_loop_status358.csv
grp_EphemeralSecretAgreement_A_1_fu_283.grp_fp2sqr503_mont_136_2_fu_565.grp_rdc_mont_140_fu_104,VITIS_LOOP_204_4,seq_loop_status359.csv
grp_EphemeralSecretAgreement_A_1_fu_283.grp_fp2sqr503_mont_136_2_fu_565.grp_rdc_mont_140_fu_104.grp_rdc_mont_140_Pipeline_VITIS_LOOP_182_1_fu_192,VITIS_LOOP_182_1,upc_loop_status777.csv
grp_EphemeralSecretAgreement_A_1_fu_283.grp_fp2sqr503_mont_136_2_fu_565.grp_rdc_mont_140_fu_104.grp_rdc_mont_140_Pipeline_VITIS_LOOP_187_3_fu_199,VITIS_LOOP_187_3,upc_loop_status778.csv
grp_EphemeralSecretAgreement_A_1_fu_283.grp_fp2sqr503_mont_136_2_fu_565.grp_rdc_mont_140_fu_104.grp_rdc_mont_140_Pipeline_VITIS_LOOP_208_5_fu_216,VITIS_LOOP_208_5,upc_loop_status779.csv
grp_EphemeralSecretAgreement_A_1_fu_283.grp_fp2sqr503_mont_136_2_fu_565.grp_mp_mul_150_fu_116,VITIS_LOOP_143_1,seq_loop_status360.csv
grp_EphemeralSecretAgreement_A_1_fu_283.grp_fp2sqr503_mont_136_2_fu_565.grp_mp_mul_150_fu_116,VITIS_LOOP_157_3,seq_loop_status361.csv
grp_EphemeralSecretAgreement_A_1_fu_283.grp_fp2sqr503_mont_136_2_fu_565.grp_mp_mul_150_fu_116.grp_mp_mul_150_Pipeline_VITIS_LOOP_145_2_fu_112,VITIS_LOOP_145_2,upc_loop_status780.csv
grp_EphemeralSecretAgreement_A_1_fu_283.grp_fp2sqr503_mont_136_2_fu_565.grp_mp_mul_150_fu_116.grp_mp_mul_150_Pipeline_VITIS_LOOP_159_4_fu_127,VITIS_LOOP_159_4,upc_loop_status781.csv
grp_EphemeralSecretAgreement_A_1_fu_283.grp_fp2inv503_mont_fu_574.grp_fp2inv503_mont_Pipeline_1_fu_94,Loop 1,upc_loop_status782.csv
grp_EphemeralSecretAgreement_A_1_fu_283.grp_fp2inv503_mont_fu_574.grp_fp2inv503_mont_Pipeline_2_fu_100,Loop 1,upc_loop_status783.csv
grp_EphemeralSecretAgreement_A_1_fu_283.grp_fp2inv503_mont_fu_574.grp_fp2inv503_mont_Pipeline_7_fu_106,Loop 1,upc_loop_status784.csv
grp_EphemeralSecretAgreement_A_1_fu_283.grp_fp2inv503_mont_fu_574.grp_fp2inv503_mont_Pipeline_8_fu_112,Loop 1,upc_loop_status785.csv
grp_EphemeralSecretAgreement_A_1_fu_283.grp_fp2inv503_mont_fu_574.grp_fp2inv503_mont_Pipeline_9_fu_118,Loop 1,upc_loop_status786.csv
grp_EphemeralSecretAgreement_A_1_fu_283.grp_fp2inv503_mont_fu_574.grp_fp2inv503_mont_Pipeline_11_fu_124,Loop 1,upc_loop_status787.csv
grp_EphemeralSecretAgreement_A_1_fu_283.grp_fp2inv503_mont_fu_574.grp_fp2inv503_mont_Pipeline_12_fu_130,Loop 1,upc_loop_status788.csv
grp_EphemeralSecretAgreement_A_1_fu_283.grp_fp2inv503_mont_fu_574.grp_mp_mul_141_1_fu_136,VITIS_LOOP_143_1,seq_loop_status362.csv
grp_EphemeralSecretAgreement_A_1_fu_283.grp_fp2inv503_mont_fu_574.grp_mp_mul_141_1_fu_136,VITIS_LOOP_157_3,seq_loop_status363.csv
grp_EphemeralSecretAgreement_A_1_fu_283.grp_fp2inv503_mont_fu_574.grp_mp_mul_141_1_fu_136.grp_mp_mul_141_1_Pipeline_VITIS_LOOP_145_2_fu_124,VITIS_LOOP_145_2,upc_loop_status789.csv
grp_EphemeralSecretAgreement_A_1_fu_283.grp_fp2inv503_mont_fu_574.grp_mp_mul_141_1_fu_136.grp_mp_mul_141_1_Pipeline_VITIS_LOOP_159_4_fu_138,VITIS_LOOP_159_4,upc_loop_status790.csv
grp_EphemeralSecretAgreement_A_1_fu_283.grp_fp2inv503_mont_fu_574.grp_rdc_mont_142_fu_146,VITIS_LOOP_186_2,seq_loop_status364.csv
grp_EphemeralSecretAgreement_A_1_fu_283.grp_fp2inv503_mont_fu_574.grp_rdc_mont_142_fu_146,VITIS_LOOP_204_4,seq_loop_status365.csv
grp_EphemeralSecretAgreement_A_1_fu_283.grp_fp2inv503_mont_fu_574.grp_rdc_mont_142_fu_146.grp_rdc_mont_142_Pipeline_VITIS_LOOP_182_1_fu_178,VITIS_LOOP_182_1,upc_loop_status791.csv
grp_EphemeralSecretAgreement_A_1_fu_283.grp_fp2inv503_mont_fu_574.grp_rdc_mont_142_fu_146.grp_rdc_mont_142_Pipeline_VITIS_LOOP_187_3_fu_184,VITIS_LOOP_187_3,upc_loop_status792.csv
grp_EphemeralSecretAgreement_A_1_fu_283.grp_fp2inv503_mont_fu_574.grp_rdc_mont_142_fu_146.grp_rdc_mont_142_Pipeline_VITIS_LOOP_208_5_fu_200,VITIS_LOOP_208_5,upc_loop_status793.csv
grp_EphemeralSecretAgreement_A_1_fu_283.grp_fp2inv503_mont_fu_574.grp_fp2inv503_mont_Pipeline_VITIS_LOOP_23_1_fu_154,VITIS_LOOP_23_1,upc_loop_status794.csv
grp_EphemeralSecretAgreement_A_1_fu_283.grp_fp2inv503_mont_fu_574.grp_fp2inv503_mont_Pipeline_VITIS_LOOP_28_2_fu_160,VITIS_LOOP_28_2,upc_loop_status795.csv
grp_EphemeralSecretAgreement_A_1_fu_283.grp_fp2inv503_mont_fu_574.grp_fp2inv503_mont_Pipeline_VITIS_LOOP_34_3_fu_168,VITIS_LOOP_34_3,upc_loop_status796.csv
grp_EphemeralSecretAgreement_A_1_fu_283.grp_fp2inv503_mont_fu_574.grp_fp2inv503_mont_Pipeline_VITIS_LOOP_14_1_fu_176,VITIS_LOOP_14_1,upc_loop_status797.csv
grp_EphemeralSecretAgreement_A_1_fu_283.grp_fp2inv503_mont_fu_574.grp_fp2inv503_mont_Pipeline_VITIS_LOOP_64_1_fu_182,VITIS_LOOP_64_1,upc_loop_status798.csv
grp_EphemeralSecretAgreement_A_1_fu_283.grp_fp2inv503_mont_fu_574.grp_fpinv503_chain_mont_fu_190,VITIS_LOOP_219_1,seq_loop_status366.csv
grp_EphemeralSecretAgreement_A_1_fu_283.grp_fp2inv503_mont_fu_574.grp_fpinv503_chain_mont_fu_190,VITIS_LOOP_222_2,seq_loop_status367.csv
grp_EphemeralSecretAgreement_A_1_fu_283.grp_fp2inv503_mont_fu_574.grp_fpinv503_chain_mont_fu_190,VITIS_LOOP_224_3,seq_loop_status368.csv
grp_EphemeralSecretAgreement_A_1_fu_283.grp_fp2inv503_mont_fu_574.grp_fpinv503_chain_mont_fu_190,VITIS_LOOP_226_4,seq_loop_status369.csv
grp_EphemeralSecretAgreement_A_1_fu_283.grp_fp2inv503_mont_fu_574.grp_fpinv503_chain_mont_fu_190,VITIS_LOOP_228_5,seq_loop_status370.csv
grp_EphemeralSecretAgreement_A_1_fu_283.grp_fp2inv503_mont_fu_574.grp_fpinv503_chain_mont_fu_190,VITIS_LOOP_230_6,seq_loop_status371.csv
grp_EphemeralSecretAgreement_A_1_fu_283.grp_fp2inv503_mont_fu_574.grp_fpinv503_chain_mont_fu_190,VITIS_LOOP_232_7,seq_loop_status372.csv
grp_EphemeralSecretAgreement_A_1_fu_283.grp_fp2inv503_mont_fu_574.grp_fpinv503_chain_mont_fu_190,VITIS_LOOP_234_8,seq_loop_status373.csv
grp_EphemeralSecretAgreement_A_1_fu_283.grp_fp2inv503_mont_fu_574.grp_fpinv503_chain_mont_fu_190,VITIS_LOOP_236_9,seq_loop_status374.csv
grp_EphemeralSecretAgreement_A_1_fu_283.grp_fp2inv503_mont_fu_574.grp_fpinv503_chain_mont_fu_190,VITIS_LOOP_238_10,seq_loop_status375.csv
grp_EphemeralSecretAgreement_A_1_fu_283.grp_fp2inv503_mont_fu_574.grp_fpinv503_chain_mont_fu_190,VITIS_LOOP_240_11,seq_loop_status376.csv
grp_EphemeralSecretAgreement_A_1_fu_283.grp_fp2inv503_mont_fu_574.grp_fpinv503_chain_mont_fu_190,VITIS_LOOP_242_12,seq_loop_status377.csv
grp_EphemeralSecretAgreement_A_1_fu_283.grp_fp2inv503_mont_fu_574.grp_fpinv503_chain_mont_fu_190,VITIS_LOOP_244_13,seq_loop_status378.csv
grp_EphemeralSecretAgreement_A_1_fu_283.grp_fp2inv503_mont_fu_574.grp_fpinv503_chain_mont_fu_190,VITIS_LOOP_246_14,seq_loop_status379.csv
grp_EphemeralSecretAgreement_A_1_fu_283.grp_fp2inv503_mont_fu_574.grp_fpinv503_chain_mont_fu_190,VITIS_LOOP_248_15,seq_loop_status380.csv
grp_EphemeralSecretAgreement_A_1_fu_283.grp_fp2inv503_mont_fu_574.grp_fpinv503_chain_mont_fu_190,VITIS_LOOP_250_16,seq_loop_status381.csv
grp_EphemeralSecretAgreement_A_1_fu_283.grp_fp2inv503_mont_fu_574.grp_fpinv503_chain_mont_fu_190,VITIS_LOOP_252_17,seq_loop_status382.csv
grp_EphemeralSecretAgreement_A_1_fu_283.grp_fp2inv503_mont_fu_574.grp_fpinv503_chain_mont_fu_190,VITIS_LOOP_254_18,seq_loop_status383.csv
grp_EphemeralSecretAgreement_A_1_fu_283.grp_fp2inv503_mont_fu_574.grp_fpinv503_chain_mont_fu_190,VITIS_LOOP_256_19,seq_loop_status384.csv
grp_EphemeralSecretAgreement_A_1_fu_283.grp_fp2inv503_mont_fu_574.grp_fpinv503_chain_mont_fu_190,VITIS_LOOP_258_20,seq_loop_status385.csv
grp_EphemeralSecretAgreement_A_1_fu_283.grp_fp2inv503_mont_fu_574.grp_fpinv503_chain_mont_fu_190,VITIS_LOOP_260_21,seq_loop_status386.csv
grp_EphemeralSecretAgreement_A_1_fu_283.grp_fp2inv503_mont_fu_574.grp_fpinv503_chain_mont_fu_190,VITIS_LOOP_262_22,seq_loop_status387.csv
grp_EphemeralSecretAgreement_A_1_fu_283.grp_fp2inv503_mont_fu_574.grp_fpinv503_chain_mont_fu_190,VITIS_LOOP_264_23,seq_loop_status388.csv
grp_EphemeralSecretAgreement_A_1_fu_283.grp_fp2inv503_mont_fu_574.grp_fpinv503_chain_mont_fu_190,VITIS_LOOP_266_24,seq_loop_status389.csv
grp_EphemeralSecretAgreement_A_1_fu_283.grp_fp2inv503_mont_fu_574.grp_fpinv503_chain_mont_fu_190,VITIS_LOOP_268_25,seq_loop_status390.csv
grp_EphemeralSecretAgreement_A_1_fu_283.grp_fp2inv503_mont_fu_574.grp_fpinv503_chain_mont_fu_190,VITIS_LOOP_270_26,seq_loop_status391.csv
grp_EphemeralSecretAgreement_A_1_fu_283.grp_fp2inv503_mont_fu_574.grp_fpinv503_chain_mont_fu_190,VITIS_LOOP_272_27,seq_loop_status392.csv
grp_EphemeralSecretAgreement_A_1_fu_283.grp_fp2inv503_mont_fu_574.grp_fpinv503_chain_mont_fu_190,VITIS_LOOP_274_28,seq_loop_status393.csv
grp_EphemeralSecretAgreement_A_1_fu_283.grp_fp2inv503_mont_fu_574.grp_fpinv503_chain_mont_fu_190,VITIS_LOOP_276_29,seq_loop_status394.csv
grp_EphemeralSecretAgreement_A_1_fu_283.grp_fp2inv503_mont_fu_574.grp_fpinv503_chain_mont_fu_190,VITIS_LOOP_278_30,seq_loop_status395.csv
grp_EphemeralSecretAgreement_A_1_fu_283.grp_fp2inv503_mont_fu_574.grp_fpinv503_chain_mont_fu_190,VITIS_LOOP_280_31,seq_loop_status396.csv
grp_EphemeralSecretAgreement_A_1_fu_283.grp_fp2inv503_mont_fu_574.grp_fpinv503_chain_mont_fu_190,VITIS_LOOP_282_32,seq_loop_status397.csv
grp_EphemeralSecretAgreement_A_1_fu_283.grp_fp2inv503_mont_fu_574.grp_fpinv503_chain_mont_fu_190,VITIS_LOOP_284_33,seq_loop_status398.csv
grp_EphemeralSecretAgreement_A_1_fu_283.grp_fp2inv503_mont_fu_574.grp_fpinv503_chain_mont_fu_190,VITIS_LOOP_286_34,seq_loop_status399.csv
grp_EphemeralSecretAgreement_A_1_fu_283.grp_fp2inv503_mont_fu_574.grp_fpinv503_chain_mont_fu_190,VITIS_LOOP_288_35,seq_loop_status400.csv
grp_EphemeralSecretAgreement_A_1_fu_283.grp_fp2inv503_mont_fu_574.grp_fpinv503_chain_mont_fu_190,VITIS_LOOP_290_36,seq_loop_status401.csv
grp_EphemeralSecretAgreement_A_1_fu_283.grp_fp2inv503_mont_fu_574.grp_fpinv503_chain_mont_fu_190,VITIS_LOOP_292_37,seq_loop_status402.csv
grp_EphemeralSecretAgreement_A_1_fu_283.grp_fp2inv503_mont_fu_574.grp_fpinv503_chain_mont_fu_190,VITIS_LOOP_294_38,seq_loop_status403.csv
grp_EphemeralSecretAgreement_A_1_fu_283.grp_fp2inv503_mont_fu_574.grp_fpinv503_chain_mont_fu_190,VITIS_LOOP_296_39,seq_loop_status404.csv
grp_EphemeralSecretAgreement_A_1_fu_283.grp_fp2inv503_mont_fu_574.grp_fpinv503_chain_mont_fu_190,VITIS_LOOP_298_40,seq_loop_status405.csv
grp_EphemeralSecretAgreement_A_1_fu_283.grp_fp2inv503_mont_fu_574.grp_fpinv503_chain_mont_fu_190,VITIS_LOOP_300_41,seq_loop_status406.csv
grp_EphemeralSecretAgreement_A_1_fu_283.grp_fp2inv503_mont_fu_574.grp_fpinv503_chain_mont_fu_190,VITIS_LOOP_302_42,seq_loop_status407.csv
grp_EphemeralSecretAgreement_A_1_fu_283.grp_fp2inv503_mont_fu_574.grp_fpinv503_chain_mont_fu_190,VITIS_LOOP_304_43,seq_loop_status408.csv
grp_EphemeralSecretAgreement_A_1_fu_283.grp_fp2inv503_mont_fu_574.grp_fpinv503_chain_mont_fu_190,VITIS_LOOP_307_45,seq_loop_status409.csv
grp_EphemeralSecretAgreement_A_1_fu_283.grp_fp2inv503_mont_fu_574.grp_fpinv503_chain_mont_fu_190,VITIS_LOOP_306_44,seq_loop_status410.csv
grp_EphemeralSecretAgreement_A_1_fu_283.grp_fp2inv503_mont_fu_574.grp_fpinv503_chain_mont_fu_190.grp_fpinv503_chain_mont_Pipeline_1_fu_395,Loop 1,upc_loop_status799.csv
grp_EphemeralSecretAgreement_A_1_fu_283.grp_fp2inv503_mont_fu_574.grp_fpinv503_chain_mont_fu_190.grp_fpinv503_chain_mont_Pipeline_2_fu_401,Loop 1,upc_loop_status800.csv
grp_EphemeralSecretAgreement_A_1_fu_283.grp_fp2inv503_mont_fu_574.grp_fpinv503_chain_mont_fu_190.grp_mp_mul_141_2_fu_407,VITIS_LOOP_143_1,seq_loop_status411.csv
grp_EphemeralSecretAgreement_A_1_fu_283.grp_fp2inv503_mont_fu_574.grp_fpinv503_chain_mont_fu_190.grp_mp_mul_141_2_fu_407,VITIS_LOOP_157_3,seq_loop_status412.csv
grp_EphemeralSecretAgreement_A_1_fu_283.grp_fp2inv503_mont_fu_574.grp_fpinv503_chain_mont_fu_190.grp_mp_mul_141_2_fu_407.grp_mp_mul_141_2_Pipeline_VITIS_LOOP_145_2_fu_110,VITIS_LOOP_145_2,upc_loop_status801.csv
grp_EphemeralSecretAgreement_A_1_fu_283.grp_fp2inv503_mont_fu_574.grp_fpinv503_chain_mont_fu_190.grp_mp_mul_141_2_fu_407.grp_mp_mul_141_2_Pipeline_VITIS_LOOP_159_4_fu_123,VITIS_LOOP_159_4,upc_loop_status802.csv
grp_EphemeralSecretAgreement_A_1_fu_283.grp_fp2inv503_mont_fu_574.grp_fpinv503_chain_mont_fu_190.grp_rdc_mont_142_fu_414,VITIS_LOOP_186_2,seq_loop_status413.csv
grp_EphemeralSecretAgreement_A_1_fu_283.grp_fp2inv503_mont_fu_574.grp_fpinv503_chain_mont_fu_190.grp_rdc_mont_142_fu_414,VITIS_LOOP_204_4,seq_loop_status414.csv
grp_EphemeralSecretAgreement_A_1_fu_283.grp_fp2inv503_mont_fu_574.grp_fpinv503_chain_mont_fu_190.grp_rdc_mont_142_fu_414.grp_rdc_mont_142_Pipeline_VITIS_LOOP_182_1_fu_178,VITIS_LOOP_182_1,upc_loop_status803.csv
grp_EphemeralSecretAgreement_A_1_fu_283.grp_fp2inv503_mont_fu_574.grp_fpinv503_chain_mont_fu_190.grp_rdc_mont_142_fu_414.grp_rdc_mont_142_Pipeline_VITIS_LOOP_187_3_fu_184,VITIS_LOOP_187_3,upc_loop_status804.csv
grp_EphemeralSecretAgreement_A_1_fu_283.grp_fp2inv503_mont_fu_574.grp_fpinv503_chain_mont_fu_190.grp_rdc_mont_142_fu_414.grp_rdc_mont_142_Pipeline_VITIS_LOOP_208_5_fu_200,VITIS_LOOP_208_5,upc_loop_status805.csv
grp_EphemeralSecretAgreement_A_1_fu_283.grp_fp2inv503_mont_fu_574.grp_fpinv503_chain_mont_fu_190.grp_mp_mul_152_fu_422,VITIS_LOOP_143_1,seq_loop_status415.csv
grp_EphemeralSecretAgreement_A_1_fu_283.grp_fp2inv503_mont_fu_574.grp_fpinv503_chain_mont_fu_190.grp_mp_mul_152_fu_422,VITIS_LOOP_157_3,seq_loop_status416.csv
grp_EphemeralSecretAgreement_A_1_fu_283.grp_fp2inv503_mont_fu_574.grp_fpinv503_chain_mont_fu_190.grp_mp_mul_152_fu_422.grp_mp_mul_152_Pipeline_VITIS_LOOP_145_2_fu_112,VITIS_LOOP_145_2,upc_loop_status806.csv
grp_EphemeralSecretAgreement_A_1_fu_283.grp_fp2inv503_mont_fu_574.grp_fpinv503_chain_mont_fu_190.grp_mp_mul_152_fu_422.grp_mp_mul_152_Pipeline_VITIS_LOOP_159_4_fu_127,VITIS_LOOP_159_4,upc_loop_status807.csv
grp_EphemeralSecretAgreement_A_1_fu_283.grp_fp2inv503_mont_fu_574.grp_fpinv503_chain_mont_fu_190.grp_rdc_mont_139_fu_430,VITIS_LOOP_186_2,seq_loop_status417.csv
grp_EphemeralSecretAgreement_A_1_fu_283.grp_fp2inv503_mont_fu_574.grp_fpinv503_chain_mont_fu_190.grp_rdc_mont_139_fu_430,VITIS_LOOP_204_4,seq_loop_status418.csv
grp_EphemeralSecretAgreement_A_1_fu_283.grp_fp2inv503_mont_fu_574.grp_fpinv503_chain_mont_fu_190.grp_rdc_mont_139_fu_430.grp_rdc_mont_139_Pipeline_VITIS_LOOP_182_1_fu_192,VITIS_LOOP_182_1,upc_loop_status808.csv
grp_EphemeralSecretAgreement_A_1_fu_283.grp_fp2inv503_mont_fu_574.grp_fpinv503_chain_mont_fu_190.grp_rdc_mont_139_fu_430.grp_rdc_mont_139_Pipeline_VITIS_LOOP_187_3_fu_199,VITIS_LOOP_187_3,upc_loop_status809.csv
grp_EphemeralSecretAgreement_A_1_fu_283.grp_fp2inv503_mont_fu_574.grp_fpinv503_chain_mont_fu_190.grp_rdc_mont_139_fu_430.grp_rdc_mont_139_Pipeline_VITIS_LOOP_208_5_fu_216,VITIS_LOOP_208_5,upc_loop_status810.csv
grp_EphemeralSecretAgreement_A_1_fu_283.grp_fp2inv503_mont_fu_574.grp_fpinv503_chain_mont_fu_190.grp_fpinv503_chain_mont_Pipeline_VITIS_LOOP_14_1_fu_440,VITIS_LOOP_14_1,upc_loop_status811.csv
grp_EphemeralSecretAgreement_A_1_fu_283.grp_fp2inv503_mont_fu_574.grp_fpinv503_chain_mont_fu_190.grp_fpinv503_chain_mont_Pipeline_3_fu_447,Loop 1,upc_loop_status812.csv
grp_EphemeralSecretAgreement_A_1_fu_283.grp_fp2inv503_mont_fu_574.grp_fpinv503_chain_mont_fu_190.grp_mp_mul_143_fu_452,VITIS_LOOP_143_1,seq_loop_status419.csv
grp_EphemeralSecretAgreement_A_1_fu_283.grp_fp2inv503_mont_fu_574.grp_fpinv503_chain_mont_fu_190.grp_mp_mul_143_fu_452,VITIS_LOOP_157_3,seq_loop_status420.csv
grp_EphemeralSecretAgreement_A_1_fu_283.grp_fp2inv503_mont_fu_574.grp_fpinv503_chain_mont_fu_190.grp_mp_mul_143_fu_452.grp_mp_mul_143_Pipeline_VITIS_LOOP_145_2_fu_126,VITIS_LOOP_145_2,upc_loop_status813.csv
grp_EphemeralSecretAgreement_A_1_fu_283.grp_fp2inv503_mont_fu_574.grp_fpinv503_chain_mont_fu_190.grp_mp_mul_143_fu_452.grp_mp_mul_143_Pipeline_VITIS_LOOP_159_4_fu_142,VITIS_LOOP_159_4,upc_loop_status814.csv
grp_EphemeralSecretAgreement_A_1_fu_283.grp_fp2inv503_mont_fu_574.grp_fpinv503_chain_mont_fu_190.grp_fpsqr503_mont_1_fu_460,Loop 1,seq_loop_status421.csv
grp_EphemeralSecretAgreement_A_1_fu_283.grp_fp2inv503_mont_fu_574.grp_fpinv503_chain_mont_fu_190.grp_fpsqr503_mont_1_fu_460.grp_mp_mul_141_2_fu_53,VITIS_LOOP_143_1,seq_loop_status422.csv
grp_EphemeralSecretAgreement_A_1_fu_283.grp_fp2inv503_mont_fu_574.grp_fpinv503_chain_mont_fu_190.grp_fpsqr503_mont_1_fu_460.grp_mp_mul_141_2_fu_53,VITIS_LOOP_157_3,seq_loop_status423.csv
grp_EphemeralSecretAgreement_A_1_fu_283.grp_fp2inv503_mont_fu_574.grp_fpinv503_chain_mont_fu_190.grp_fpsqr503_mont_1_fu_460.grp_mp_mul_141_2_fu_53.grp_mp_mul_141_2_Pipeline_VITIS_LOOP_145_2_fu_110,VITIS_LOOP_145_2,upc_loop_status815.csv
grp_EphemeralSecretAgreement_A_1_fu_283.grp_fp2inv503_mont_fu_574.grp_fpinv503_chain_mont_fu_190.grp_fpsqr503_mont_1_fu_460.grp_mp_mul_141_2_fu_53.grp_mp_mul_141_2_Pipeline_VITIS_LOOP_159_4_fu_123,VITIS_LOOP_159_4,upc_loop_status816.csv
grp_EphemeralSecretAgreement_A_1_fu_283.grp_fp2inv503_mont_fu_574.grp_fpinv503_chain_mont_fu_190.grp_fpsqr503_mont_1_fu_460.grp_rdc_mont_142_fu_60,VITIS_LOOP_186_2,seq_loop_status424.csv
grp_EphemeralSecretAgreement_A_1_fu_283.grp_fp2inv503_mont_fu_574.grp_fpinv503_chain_mont_fu_190.grp_fpsqr503_mont_1_fu_460.grp_rdc_mont_142_fu_60,VITIS_LOOP_204_4,seq_loop_status425.csv
grp_EphemeralSecretAgreement_A_1_fu_283.grp_fp2inv503_mont_fu_574.grp_fpinv503_chain_mont_fu_190.grp_fpsqr503_mont_1_fu_460.grp_rdc_mont_142_fu_60.grp_rdc_mont_142_Pipeline_VITIS_LOOP_182_1_fu_178,VITIS_LOOP_182_1,upc_loop_status817.csv
grp_EphemeralSecretAgreement_A_1_fu_283.grp_fp2inv503_mont_fu_574.grp_fpinv503_chain_mont_fu_190.grp_fpsqr503_mont_1_fu_460.grp_rdc_mont_142_fu_60.grp_rdc_mont_142_Pipeline_VITIS_LOOP_187_3_fu_184,VITIS_LOOP_187_3,upc_loop_status818.csv
grp_EphemeralSecretAgreement_A_1_fu_283.grp_fp2inv503_mont_fu_574.grp_fpinv503_chain_mont_fu_190.grp_fpsqr503_mont_1_fu_460.grp_rdc_mont_142_fu_60.grp_rdc_mont_142_Pipeline_VITIS_LOOP_208_5_fu_200,VITIS_LOOP_208_5,upc_loop_status819.csv
grp_EphemeralSecretAgreement_A_1_fu_283.grp_fp2inv503_mont_fu_574.grp_fpinv503_chain_mont_fu_190.grp_fpmul503_mont_2_fu_467,Loop 1,seq_loop_status426.csv
grp_EphemeralSecretAgreement_A_1_fu_283.grp_fp2inv503_mont_fu_574.grp_fpinv503_chain_mont_fu_190.grp_fpmul503_mont_2_fu_467.grp_mp_mul_152_fu_55,VITIS_LOOP_143_1,seq_loop_status427.csv
grp_EphemeralSecretAgreement_A_1_fu_283.grp_fp2inv503_mont_fu_574.grp_fpinv503_chain_mont_fu_190.grp_fpmul503_mont_2_fu_467.grp_mp_mul_152_fu_55,VITIS_LOOP_157_3,seq_loop_status428.csv
grp_EphemeralSecretAgreement_A_1_fu_283.grp_fp2inv503_mont_fu_574.grp_fpinv503_chain_mont_fu_190.grp_fpmul503_mont_2_fu_467.grp_mp_mul_152_fu_55.grp_mp_mul_152_Pipeline_VITIS_LOOP_145_2_fu_112,VITIS_LOOP_145_2,upc_loop_status820.csv
grp_EphemeralSecretAgreement_A_1_fu_283.grp_fp2inv503_mont_fu_574.grp_fpinv503_chain_mont_fu_190.grp_fpmul503_mont_2_fu_467.grp_mp_mul_152_fu_55.grp_mp_mul_152_Pipeline_VITIS_LOOP_159_4_fu_127,VITIS_LOOP_159_4,upc_loop_status821.csv
grp_EphemeralSecretAgreement_A_1_fu_283.grp_fp2inv503_mont_fu_574.grp_fpinv503_chain_mont_fu_190.grp_fpmul503_mont_2_fu_467.grp_rdc_mont_142_fu_64,VITIS_LOOP_186_2,seq_loop_status429.csv
grp_EphemeralSecretAgreement_A_1_fu_283.grp_fp2inv503_mont_fu_574.grp_fpinv503_chain_mont_fu_190.grp_fpmul503_mont_2_fu_467.grp_rdc_mont_142_fu_64,VITIS_LOOP_204_4,seq_loop_status430.csv
grp_EphemeralSecretAgreement_A_1_fu_283.grp_fp2inv503_mont_fu_574.grp_fpinv503_chain_mont_fu_190.grp_fpmul503_mont_2_fu_467.grp_rdc_mont_142_fu_64.grp_rdc_mont_142_Pipeline_VITIS_LOOP_182_1_fu_178,VITIS_LOOP_182_1,upc_loop_status822.csv
grp_EphemeralSecretAgreement_A_1_fu_283.grp_fp2inv503_mont_fu_574.grp_fpinv503_chain_mont_fu_190.grp_fpmul503_mont_2_fu_467.grp_rdc_mont_142_fu_64.grp_rdc_mont_142_Pipeline_VITIS_LOOP_187_3_fu_184,VITIS_LOOP_187_3,upc_loop_status823.csv
grp_EphemeralSecretAgreement_A_1_fu_283.grp_fp2inv503_mont_fu_574.grp_fpinv503_chain_mont_fu_190.grp_fpmul503_mont_2_fu_467.grp_rdc_mont_142_fu_64.grp_rdc_mont_142_Pipeline_VITIS_LOOP_208_5_fu_200,VITIS_LOOP_208_5,upc_loop_status824.csv
grp_EphemeralSecretAgreement_A_1_fu_283.grp_fp2inv503_mont_fu_574.grp_fpinv503_chain_mont_fu_190.grp_fpmul503_mont_1_fu_476,Loop 1,seq_loop_status431.csv
grp_EphemeralSecretAgreement_A_1_fu_283.grp_fp2inv503_mont_fu_574.grp_fpinv503_chain_mont_fu_190.grp_fpmul503_mont_1_fu_476.grp_mp_mul_143_fu_65,VITIS_LOOP_143_1,seq_loop_status432.csv
grp_EphemeralSecretAgreement_A_1_fu_283.grp_fp2inv503_mont_fu_574.grp_fpinv503_chain_mont_fu_190.grp_fpmul503_mont_1_fu_476.grp_mp_mul_143_fu_65,VITIS_LOOP_157_3,seq_loop_status433.csv
grp_EphemeralSecretAgreement_A_1_fu_283.grp_fp2inv503_mont_fu_574.grp_fpinv503_chain_mont_fu_190.grp_fpmul503_mont_1_fu_476.grp_mp_mul_143_fu_65.grp_mp_mul_143_Pipeline_VITIS_LOOP_145_2_fu_126,VITIS_LOOP_145_2,upc_loop_status825.csv
grp_EphemeralSecretAgreement_A_1_fu_283.grp_fp2inv503_mont_fu_574.grp_fpinv503_chain_mont_fu_190.grp_fpmul503_mont_1_fu_476.grp_mp_mul_143_fu_65.grp_mp_mul_143_Pipeline_VITIS_LOOP_159_4_fu_142,VITIS_LOOP_159_4,upc_loop_status826.csv
grp_EphemeralSecretAgreement_A_1_fu_283.grp_fp2inv503_mont_fu_574.grp_fpinv503_chain_mont_fu_190.grp_fpmul503_mont_1_fu_476.grp_rdc_mont_142_fu_75,VITIS_LOOP_186_2,seq_loop_status434.csv
grp_EphemeralSecretAgreement_A_1_fu_283.grp_fp2inv503_mont_fu_574.grp_fpinv503_chain_mont_fu_190.grp_fpmul503_mont_1_fu_476.grp_rdc_mont_142_fu_75,VITIS_LOOP_204_4,seq_loop_status435.csv
grp_EphemeralSecretAgreement_A_1_fu_283.grp_fp2inv503_mont_fu_574.grp_fpinv503_chain_mont_fu_190.grp_fpmul503_mont_1_fu_476.grp_rdc_mont_142_fu_75.grp_rdc_mont_142_Pipeline_VITIS_LOOP_182_1_fu_178,VITIS_LOOP_182_1,upc_loop_status827.csv
grp_EphemeralSecretAgreement_A_1_fu_283.grp_fp2inv503_mont_fu_574.grp_fpinv503_chain_mont_fu_190.grp_fpmul503_mont_1_fu_476.grp_rdc_mont_142_fu_75.grp_rdc_mont_142_Pipeline_VITIS_LOOP_187_3_fu_184,VITIS_LOOP_187_3,upc_loop_status828.csv
grp_EphemeralSecretAgreement_A_1_fu_283.grp_fp2inv503_mont_fu_574.grp_fpinv503_chain_mont_fu_190.grp_fpmul503_mont_1_fu_476.grp_rdc_mont_142_fu_75.grp_rdc_mont_142_Pipeline_VITIS_LOOP_208_5_fu_200,VITIS_LOOP_208_5,upc_loop_status829.csv
grp_EphemeralSecretAgreement_A_1_fu_283.grp_fp2inv503_mont_fu_574.grp_fpinv503_chain_mont_fu_190.grp_fpinv503_chain_mont_Pipeline_VITIS_LOOP_14_1127_fu_500,VITIS_LOOP_14_1,upc_loop_status830.csv
grp_EphemeralSecretAgreement_A_1_fu_283.grp_fp2inv503_mont_fu_574.grp_mp_mul_141_2_fu_197,VITIS_LOOP_143_1,seq_loop_status436.csv
grp_EphemeralSecretAgreement_A_1_fu_283.grp_fp2inv503_mont_fu_574.grp_mp_mul_141_2_fu_197,VITIS_LOOP_157_3,seq_loop_status437.csv
grp_EphemeralSecretAgreement_A_1_fu_283.grp_fp2inv503_mont_fu_574.grp_mp_mul_141_2_fu_197.grp_mp_mul_141_2_Pipeline_VITIS_LOOP_145_2_fu_110,VITIS_LOOP_145_2,upc_loop_status831.csv
grp_EphemeralSecretAgreement_A_1_fu_283.grp_fp2inv503_mont_fu_574.grp_mp_mul_141_2_fu_197.grp_mp_mul_141_2_Pipeline_VITIS_LOOP_159_4_fu_123,VITIS_LOOP_159_4,upc_loop_status832.csv
grp_EphemeralSecretAgreement_A_1_fu_283.grp_fp2inv503_mont_fu_574.grp_mp_mul_152_fu_203,VITIS_LOOP_143_1,seq_loop_status438.csv
grp_EphemeralSecretAgreement_A_1_fu_283.grp_fp2inv503_mont_fu_574.grp_mp_mul_152_fu_203,VITIS_LOOP_157_3,seq_loop_status439.csv
grp_EphemeralSecretAgreement_A_1_fu_283.grp_fp2inv503_mont_fu_574.grp_mp_mul_152_fu_203.grp_mp_mul_152_Pipeline_VITIS_LOOP_145_2_fu_112,VITIS_LOOP_145_2,upc_loop_status833.csv
grp_EphemeralSecretAgreement_A_1_fu_283.grp_fp2inv503_mont_fu_574.grp_mp_mul_152_fu_203.grp_mp_mul_152_Pipeline_VITIS_LOOP_159_4_fu_127,VITIS_LOOP_159_4,upc_loop_status834.csv
grp_EphemeralSecretAgreement_A_1_fu_283.grp_fp2inv503_mont_fu_574.grp_mp_mul_145_fu_210,VITIS_LOOP_143_1,seq_loop_status440.csv
grp_EphemeralSecretAgreement_A_1_fu_283.grp_fp2inv503_mont_fu_574.grp_mp_mul_145_fu_210,VITIS_LOOP_157_3,seq_loop_status441.csv
grp_EphemeralSecretAgreement_A_1_fu_283.grp_fp2inv503_mont_fu_574.grp_mp_mul_145_fu_210.grp_mp_mul_145_Pipeline_VITIS_LOOP_145_2_fu_126,VITIS_LOOP_145_2,upc_loop_status835.csv
grp_EphemeralSecretAgreement_A_1_fu_283.grp_fp2inv503_mont_fu_574.grp_mp_mul_145_fu_210.grp_mp_mul_145_Pipeline_VITIS_LOOP_159_4_fu_142,VITIS_LOOP_159_4,upc_loop_status836.csv
grp_EphemeralSecretAgreement_A_1_fu_283.grp_fp2inv503_mont_fu_574.grp_rdc_mont_140_fu_221,VITIS_LOOP_186_2,seq_loop_status442.csv
grp_EphemeralSecretAgreement_A_1_fu_283.grp_fp2inv503_mont_fu_574.grp_rdc_mont_140_fu_221,VITIS_LOOP_204_4,seq_loop_status443.csv
grp_EphemeralSecretAgreement_A_1_fu_283.grp_fp2inv503_mont_fu_574.grp_rdc_mont_140_fu_221.grp_rdc_mont_140_Pipeline_VITIS_LOOP_182_1_fu_192,VITIS_LOOP_182_1,upc_loop_status837.csv
grp_EphemeralSecretAgreement_A_1_fu_283.grp_fp2inv503_mont_fu_574.grp_rdc_mont_140_fu_221.grp_rdc_mont_140_Pipeline_VITIS_LOOP_187_3_fu_199,VITIS_LOOP_187_3,upc_loop_status838.csv
grp_EphemeralSecretAgreement_A_1_fu_283.grp_fp2inv503_mont_fu_574.grp_rdc_mont_140_fu_221.grp_rdc_mont_140_Pipeline_VITIS_LOOP_208_5_fu_216,VITIS_LOOP_208_5,upc_loop_status839.csv
grp_EphemeralSecretAgreement_A_1_fu_283.grp_fp2mul503_mont_133_2_fu_583.grp_mp_mul_148_fu_56,VITIS_LOOP_143_1,seq_loop_status444.csv
grp_EphemeralSecretAgreement_A_1_fu_283.grp_fp2mul503_mont_133_2_fu_583.grp_mp_mul_148_fu_56,VITIS_LOOP_157_3,seq_loop_status445.csv
grp_EphemeralSecretAgreement_A_1_fu_283.grp_fp2mul503_mont_133_2_fu_583.grp_mp_mul_148_fu_56.grp_mp_mul_148_Pipeline_VITIS_LOOP_145_2_fu_134,VITIS_LOOP_145_2,upc_loop_status840.csv
grp_EphemeralSecretAgreement_A_1_fu_283.grp_fp2mul503_mont_133_2_fu_583.grp_mp_mul_148_fu_56.grp_mp_mul_148_Pipeline_VITIS_LOOP_159_4_fu_151,VITIS_LOOP_159_4,upc_loop_status841.csv
grp_EphemeralSecretAgreement_A_1_fu_283.grp_fp2mul503_mont_133_2_fu_583.grp_fp2mul503_mont_133_2_Pipeline_VITIS_LOOP_350_1_fu_72,VITIS_LOOP_350_1,upc_loop_status842.csv
grp_EphemeralSecretAgreement_A_1_fu_283.grp_fp2mul503_mont_133_2_fu_583.grp_fp2mul503_mont_133_2_Pipeline_VITIS_LOOP_350_1182_fu_79,VITIS_LOOP_350_1,upc_loop_status843.csv
grp_EphemeralSecretAgreement_A_1_fu_283.grp_fp2mul503_mont_133_2_fu_583.grp_fp2mul503_mont_133_2_Pipeline_VITIS_LOOP_170_1_fu_86,VITIS_LOOP_170_1,upc_loop_status844.csv
grp_EphemeralSecretAgreement_A_1_fu_283.grp_fp2mul503_mont_133_2_fu_583.grp_fp2mul503_mont_133_2_Pipeline_VITIS_LOOP_200_1_fu_94,VITIS_LOOP_200_1,upc_loop_status845.csv
grp_EphemeralSecretAgreement_A_1_fu_283.grp_fp2mul503_mont_133_2_fu_583.grp_fp2mul503_mont_133_2_Pipeline_VITIS_LOOP_350_1183_fu_102,VITIS_LOOP_350_1,upc_loop_status846.csv
grp_EphemeralSecretAgreement_A_1_fu_283.grp_fp2mul503_mont_133_2_fu_583.grp_rdc_mont_140_fu_108,VITIS_LOOP_186_2,seq_loop_status446.csv
grp_EphemeralSecretAgreement_A_1_fu_283.grp_fp2mul503_mont_133_2_fu_583.grp_rdc_mont_140_fu_108,VITIS_LOOP_204_4,seq_loop_status447.csv
grp_EphemeralSecretAgreement_A_1_fu_283.grp_fp2mul503_mont_133_2_fu_583.grp_rdc_mont_140_fu_108.grp_rdc_mont_140_Pipeline_VITIS_LOOP_182_1_fu_192,VITIS_LOOP_182_1,upc_loop_status847.csv
grp_EphemeralSecretAgreement_A_1_fu_283.grp_fp2mul503_mont_133_2_fu_583.grp_rdc_mont_140_fu_108.grp_rdc_mont_140_Pipeline_VITIS_LOOP_187_3_fu_199,VITIS_LOOP_187_3,upc_loop_status848.csv
grp_EphemeralSecretAgreement_A_1_fu_283.grp_fp2mul503_mont_133_2_fu_583.grp_rdc_mont_140_fu_108.grp_rdc_mont_140_Pipeline_VITIS_LOOP_208_5_fu_216,VITIS_LOOP_208_5,upc_loop_status849.csv
grp_EphemeralSecretAgreement_A_1_fu_283.grp_fp2mul503_mont_133_2_fu_583.grp_mp_mul_152_fu_120,VITIS_LOOP_143_1,seq_loop_status448.csv
grp_EphemeralSecretAgreement_A_1_fu_283.grp_fp2mul503_mont_133_2_fu_583.grp_mp_mul_152_fu_120,VITIS_LOOP_157_3,seq_loop_status449.csv
grp_EphemeralSecretAgreement_A_1_fu_283.grp_fp2mul503_mont_133_2_fu_583.grp_mp_mul_152_fu_120.grp_mp_mul_152_Pipeline_VITIS_LOOP_145_2_fu_112,VITIS_LOOP_145_2,upc_loop_status850.csv
grp_EphemeralSecretAgreement_A_1_fu_283.grp_fp2mul503_mont_133_2_fu_583.grp_mp_mul_152_fu_120.grp_mp_mul_152_Pipeline_VITIS_LOOP_159_4_fu_127,VITIS_LOOP_159_4,upc_loop_status851.csv
grp_EphemeralSecretAgreement_A_1_fu_283.grp_fp2mul503_mont_133_2_fu_583.grp_fp2mul503_mont_133_2_Pipeline_VITIS_LOOP_170_1184_fu_127,VITIS_LOOP_170_1,upc_loop_status852.csv
grp_EphemeralSecretAgreement_A_1_fu_283.grp_fpadd503_79_80_fu_593.grp_fpadd503_79_80_Pipeline_VITIS_LOOP_23_1_fu_60,VITIS_LOOP_23_1,upc_loop_status853.csv
grp_EphemeralSecretAgreement_A_1_fu_283.grp_fpadd503_79_80_fu_593.grp_fpadd503_79_80_Pipeline_VITIS_LOOP_28_2_fu_78,VITIS_LOOP_28_2,upc_loop_status854.csv
grp_EphemeralSecretAgreement_A_1_fu_283.grp_fpadd503_79_80_fu_593.grp_fpadd503_79_80_Pipeline_VITIS_LOOP_34_3_fu_88,VITIS_LOOP_34_3,upc_loop_status855.csv
grp_EphemeralSecretAgreement_A_1_fu_283.grp_fpadd503_59_60_fu_615.grp_fpadd503_59_60_Pipeline_VITIS_LOOP_23_1_fu_18,VITIS_LOOP_23_1,upc_loop_status856.csv
grp_EphemeralSecretAgreement_A_1_fu_283.grp_fpadd503_59_60_fu_615.grp_fpadd503_59_60_Pipeline_VITIS_LOOP_28_2_fu_26,VITIS_LOOP_28_2,upc_loop_status857.csv
grp_EphemeralSecretAgreement_A_1_fu_283.grp_fpadd503_59_60_fu_615.grp_fpadd503_59_60_Pipeline_VITIS_LOOP_34_3_fu_37,VITIS_LOOP_34_3,upc_loop_status858.csv
grp_EphemeralSecretAgreement_A_1_fu_283.grp_LADDER3PT_1_fu_623,VITIS_LOOP_319_1,seq_loop_status450.csv
grp_EphemeralSecretAgreement_A_1_fu_283.grp_LADDER3PT_1_fu_623.grp_LADDER3PT_1_Pipeline_1_fu_883,Loop 1,upc_loop_status859.csv
grp_EphemeralSecretAgreement_A_1_fu_283.grp_LADDER3PT_1_fu_623.grp_LADDER3PT_1_Pipeline_VITIS_LOOP_14_1_fu_891,VITIS_LOOP_14_1,upc_loop_status860.csv
grp_EphemeralSecretAgreement_A_1_fu_283.grp_LADDER3PT_1_fu_623.grp_fpadd503_59_61_fu_899.grp_fpadd503_59_61_Pipeline_VITIS_LOOP_23_1_fu_36,VITIS_LOOP_23_1,upc_loop_status861.csv
grp_EphemeralSecretAgreement_A_1_fu_283.grp_LADDER3PT_1_fu_623.grp_fpadd503_59_61_fu_899.grp_fpadd503_59_61_Pipeline_VITIS_LOOP_28_2_fu_48,VITIS_LOOP_28_2,upc_loop_status862.csv
grp_EphemeralSecretAgreement_A_1_fu_283.grp_LADDER3PT_1_fu_623.grp_fpadd503_59_61_fu_899.grp_fpadd503_59_61_Pipeline_VITIS_LOOP_34_3_fu_61,VITIS_LOOP_34_3,upc_loop_status863.csv
grp_EphemeralSecretAgreement_A_1_fu_283.grp_LADDER3PT_1_fu_623.grp_LADDER3PT_1_Pipeline_VITIS_LOOP_14_1226_fu_913,VITIS_LOOP_14_1,upc_loop_status864.csv
grp_EphemeralSecretAgreement_A_1_fu_283.grp_LADDER3PT_1_fu_623.grp_LADDER3PT_1_Pipeline_VITIS_LOOP_14_1228_fu_920,VITIS_LOOP_14_1,upc_loop_status865.csv
grp_EphemeralSecretAgreement_A_1_fu_283.grp_LADDER3PT_1_fu_623.grp_LADDER3PT_1_Pipeline_VITIS_LOOP_14_1227_fu_927,VITIS_LOOP_14_1,upc_loop_status866.csv
grp_EphemeralSecretAgreement_A_1_fu_283.grp_LADDER3PT_1_fu_623.grp_LADDER3PT_1_Pipeline_VITIS_LOOP_14_1231_fu_934,VITIS_LOOP_14_1,upc_loop_status867.csv
grp_EphemeralSecretAgreement_A_1_fu_283.grp_LADDER3PT_1_fu_623.grp_fpadd503_61_6270_fu_941.grp_fpadd503_61_6270_Pipeline_VITIS_LOOP_23_1_fu_50,VITIS_LOOP_23_1,upc_loop_status868.csv
grp_EphemeralSecretAgreement_A_1_fu_283.grp_LADDER3PT_1_fu_623.grp_fpadd503_61_6270_fu_941.grp_fpadd503_61_6270_Pipeline_VITIS_LOOP_28_2_fu_65,VITIS_LOOP_28_2,upc_loop_status869.csv
grp_EphemeralSecretAgreement_A_1_fu_283.grp_LADDER3PT_1_fu_623.grp_fpadd503_61_6270_fu_941.grp_fpadd503_61_6270_Pipeline_VITIS_LOOP_34_3_fu_78,VITIS_LOOP_34_3,upc_loop_status870.csv
grp_EphemeralSecretAgreement_A_1_fu_283.grp_LADDER3PT_1_fu_623.grp_LADDER3PT_1_Pipeline_VITIS_LOOP_14_1229_fu_960,VITIS_LOOP_14_1,upc_loop_status871.csv
grp_EphemeralSecretAgreement_A_1_fu_283.grp_LADDER3PT_1_fu_623.grp_LADDER3PT_1_Pipeline_VITIS_LOOP_14_1234_fu_967,VITIS_LOOP_14_1,upc_loop_status872.csv
grp_EphemeralSecretAgreement_A_1_fu_283.grp_LADDER3PT_1_fu_623.grp_LADDER3PT_1_Pipeline_VITIS_LOOP_14_1230_fu_975,VITIS_LOOP_14_1,upc_loop_status873.csv
grp_EphemeralSecretAgreement_A_1_fu_283.grp_LADDER3PT_1_fu_623.grp_LADDER3PT_1_Pipeline_VITIS_LOOP_23_1_fu_982,VITIS_LOOP_23_1,upc_loop_status874.csv
grp_EphemeralSecretAgreement_A_1_fu_283.grp_LADDER3PT_1_fu_623.grp_fp2div2_503_fu_988.grp_fp2div2_503_Pipeline_VITIS_LOOP_78_1_fu_74,VITIS_LOOP_78_1,upc_loop_status875.csv
grp_EphemeralSecretAgreement_A_1_fu_283.grp_LADDER3PT_1_fu_623.grp_fp2div2_503_fu_988.grp_fp2div2_503_Pipeline_VITIS_LOOP_392_1_fu_85,VITIS_LOOP_392_1,upc_loop_status876.csv
grp_EphemeralSecretAgreement_A_1_fu_283.grp_LADDER3PT_1_fu_623.grp_fp2div2_503_fu_988.grp_fp2div2_503_Pipeline_VITIS_LOOP_78_1215_fu_93,VITIS_LOOP_78_1,upc_loop_status877.csv
grp_EphemeralSecretAgreement_A_1_fu_283.grp_LADDER3PT_1_fu_623.grp_fp2div2_503_fu_988.grp_fp2div2_503_Pipeline_VITIS_LOOP_392_1216_fu_104,VITIS_LOOP_392_1,upc_loop_status878.csv
grp_EphemeralSecretAgreement_A_1_fu_283.grp_LADDER3PT_1_fu_623.grp_LADDER3PT_1_Pipeline_VITIS_LOOP_14_1232_fu_996,VITIS_LOOP_14_1,upc_loop_status879.csv
grp_EphemeralSecretAgreement_A_1_fu_283.grp_LADDER3PT_1_fu_623.grp_LADDER3PT_1_Pipeline_VITIS_LOOP_14_1233_fu_1004,VITIS_LOOP_14_1,upc_loop_status880.csv
grp_EphemeralSecretAgreement_A_1_fu_283.grp_LADDER3PT_1_fu_623.grp_LADDER3PT_1_Pipeline_VITIS_LOOP_269_1_fu_1012,VITIS_LOOP_269_1,upc_loop_status881.csv
grp_EphemeralSecretAgreement_A_1_fu_283.grp_LADDER3PT_1_fu_623.grp_fpadd503_15184_fu_1025.grp_fpadd503_15184_Pipeline_VITIS_LOOP_23_1_fu_50,VITIS_LOOP_23_1,upc_loop_status882.csv
grp_EphemeralSecretAgreement_A_1_fu_283.grp_LADDER3PT_1_fu_623.grp_fpadd503_15184_fu_1025.grp_fpadd503_15184_Pipeline_VITIS_LOOP_28_2_fu_63,VITIS_LOOP_28_2,upc_loop_status883.csv
grp_EphemeralSecretAgreement_A_1_fu_283.grp_LADDER3PT_1_fu_623.grp_fpadd503_15184_fu_1025.grp_fpadd503_15184_Pipeline_VITIS_LOOP_34_3_fu_73,VITIS_LOOP_34_3,upc_loop_status884.csv
grp_EphemeralSecretAgreement_A_1_fu_283.grp_LADDER3PT_1_fu_623.grp_fpsub503_143_fu_1043.grp_fpsub503_143_Pipeline_VITIS_LOOP_47_1_fu_32,VITIS_LOOP_47_1,upc_loop_status885.csv
grp_EphemeralSecretAgreement_A_1_fu_283.grp_LADDER3PT_1_fu_623.grp_fpsub503_143_fu_1043.grp_fpsub503_143_Pipeline_VITIS_LOOP_53_2_fu_44,VITIS_LOOP_53_2,upc_loop_status886.csv
grp_EphemeralSecretAgreement_A_1_fu_283.grp_LADDER3PT_1_fu_623.grp_fpsub503_14682_fu_1055.grp_fpsub503_14682_Pipeline_VITIS_LOOP_47_1_fu_48,VITIS_LOOP_47_1,upc_loop_status887.csv
grp_EphemeralSecretAgreement_A_1_fu_283.grp_LADDER3PT_1_fu_623.grp_fpsub503_14682_fu_1055.grp_fpsub503_14682_Pipeline_VITIS_LOOP_53_2_fu_62,VITIS_LOOP_53_2,upc_loop_status888.csv
grp_EphemeralSecretAgreement_A_1_fu_283.grp_LADDER3PT_1_fu_623.grp_fpadd503_148_fu_1073.grp_fpadd503_148_Pipeline_VITIS_LOOP_23_1_fu_18,VITIS_LOOP_23_1,upc_loop_status889.csv
grp_EphemeralSecretAgreement_A_1_fu_283.grp_LADDER3PT_1_fu_623.grp_fpadd503_148_fu_1073.grp_fpadd503_148_Pipeline_VITIS_LOOP_28_2_fu_26,VITIS_LOOP_28_2,upc_loop_status890.csv
grp_EphemeralSecretAgreement_A_1_fu_283.grp_LADDER3PT_1_fu_623.grp_fpadd503_148_fu_1073.grp_fpadd503_148_Pipeline_VITIS_LOOP_34_3_fu_35,VITIS_LOOP_34_3,upc_loop_status891.csv
grp_EphemeralSecretAgreement_A_1_fu_283.grp_LADDER3PT_1_fu_623.grp_fpcorrection503_fu_1081.grp_fpcorrection503_Pipeline_VITIS_LOOP_91_1_fu_28,VITIS_LOOP_91_1,upc_loop_status892.csv
grp_EphemeralSecretAgreement_A_1_fu_283.grp_LADDER3PT_1_fu_623.grp_fpcorrection503_fu_1081.grp_fpcorrection503_Pipeline_VITIS_LOOP_97_2_fu_38,VITIS_LOOP_97_2,upc_loop_status893.csv
grp_EphemeralSecretAgreement_A_1_fu_283.grp_LADDER3PT_1_fu_623.grp_fp2sqr503_mont_fu_1091.grp_fp2sqr503_mont_Pipeline_VITIS_LOOP_350_1_fu_56,VITIS_LOOP_350_1,upc_loop_status894.csv
grp_EphemeralSecretAgreement_A_1_fu_283.grp_LADDER3PT_1_fu_623.grp_fp2sqr503_mont_fu_1091.grp_fp2sqr503_mont_Pipeline_5_fu_64,Loop 1,upc_loop_status895.csv
grp_EphemeralSecretAgreement_A_1_fu_283.grp_LADDER3PT_1_fu_623.grp_fp2sqr503_mont_fu_1091.grp_fp2sqr503_mont_Pipeline_6_fu_70,Loop 1,upc_loop_status896.csv
grp_EphemeralSecretAgreement_A_1_fu_283.grp_LADDER3PT_1_fu_623.grp_fp2sqr503_mont_fu_1091.grp_fp2sqr503_mont_Pipeline_VITIS_LOOP_47_1_fu_76,VITIS_LOOP_47_1,upc_loop_status897.csv
grp_EphemeralSecretAgreement_A_1_fu_283.grp_LADDER3PT_1_fu_623.grp_fp2sqr503_mont_fu_1091.grp_fp2sqr503_mont_Pipeline_VITIS_LOOP_53_2_fu_84,VITIS_LOOP_53_2,upc_loop_status898.csv
grp_EphemeralSecretAgreement_A_1_fu_283.grp_LADDER3PT_1_fu_623.grp_fp2sqr503_mont_fu_1091.grp_fp2sqr503_mont_Pipeline_VITIS_LOOP_350_1139_fu_92,VITIS_LOOP_350_1,upc_loop_status899.csv
grp_EphemeralSecretAgreement_A_1_fu_283.grp_LADDER3PT_1_fu_623.grp_fp2sqr503_mont_fu_1091.grp_mp_mul_152_fu_99,VITIS_LOOP_143_1,seq_loop_status451.csv
grp_EphemeralSecretAgreement_A_1_fu_283.grp_LADDER3PT_1_fu_623.grp_fp2sqr503_mont_fu_1091.grp_mp_mul_152_fu_99,VITIS_LOOP_157_3,seq_loop_status452.csv
grp_EphemeralSecretAgreement_A_1_fu_283.grp_LADDER3PT_1_fu_623.grp_fp2sqr503_mont_fu_1091.grp_mp_mul_152_fu_99.grp_mp_mul_152_Pipeline_VITIS_LOOP_145_2_fu_112,VITIS_LOOP_145_2,upc_loop_status900.csv
grp_EphemeralSecretAgreement_A_1_fu_283.grp_LADDER3PT_1_fu_623.grp_fp2sqr503_mont_fu_1091.grp_mp_mul_152_fu_99.grp_mp_mul_152_Pipeline_VITIS_LOOP_159_4_fu_127,VITIS_LOOP_159_4,upc_loop_status901.csv
grp_EphemeralSecretAgreement_A_1_fu_283.grp_LADDER3PT_1_fu_623.grp_fp2sqr503_mont_fu_1091.grp_mp_mul_150_fu_106,VITIS_LOOP_143_1,seq_loop_status453.csv
grp_EphemeralSecretAgreement_A_1_fu_283.grp_LADDER3PT_1_fu_623.grp_fp2sqr503_mont_fu_1091.grp_mp_mul_150_fu_106,VITIS_LOOP_157_3,seq_loop_status454.csv
grp_EphemeralSecretAgreement_A_1_fu_283.grp_LADDER3PT_1_fu_623.grp_fp2sqr503_mont_fu_1091.grp_mp_mul_150_fu_106.grp_mp_mul_150_Pipeline_VITIS_LOOP_145_2_fu_112,VITIS_LOOP_145_2,upc_loop_status902.csv
grp_EphemeralSecretAgreement_A_1_fu_283.grp_LADDER3PT_1_fu_623.grp_fp2sqr503_mont_fu_1091.grp_mp_mul_150_fu_106.grp_mp_mul_150_Pipeline_VITIS_LOOP_159_4_fu_127,VITIS_LOOP_159_4,upc_loop_status903.csv
grp_EphemeralSecretAgreement_A_1_fu_283.grp_LADDER3PT_1_fu_623.grp_fp2sqr503_mont_fu_1091.grp_rdc_mont_14186_fu_114,VITIS_LOOP_186_2,seq_loop_status455.csv
grp_EphemeralSecretAgreement_A_1_fu_283.grp_LADDER3PT_1_fu_623.grp_fp2sqr503_mont_fu_1091.grp_rdc_mont_14186_fu_114,VITIS_LOOP_204_4,seq_loop_status456.csv
grp_EphemeralSecretAgreement_A_1_fu_283.grp_LADDER3PT_1_fu_623.grp_fp2sqr503_mont_fu_1091.grp_rdc_mont_14186_fu_114.grp_rdc_mont_14186_Pipeline_VITIS_LOOP_182_1_fu_192,VITIS_LOOP_182_1,upc_loop_status904.csv
grp_EphemeralSecretAgreement_A_1_fu_283.grp_LADDER3PT_1_fu_623.grp_fp2sqr503_mont_fu_1091.grp_rdc_mont_14186_fu_114.grp_rdc_mont_14186_Pipeline_VITIS_LOOP_187_3_fu_199,VITIS_LOOP_187_3,upc_loop_status905.csv
grp_EphemeralSecretAgreement_A_1_fu_283.grp_LADDER3PT_1_fu_623.grp_fp2sqr503_mont_fu_1091.grp_rdc_mont_14186_fu_114.grp_rdc_mont_14186_Pipeline_VITIS_LOOP_208_5_fu_216,VITIS_LOOP_208_5,upc_loop_status906.csv
grp_EphemeralSecretAgreement_A_1_fu_283.grp_LADDER3PT_1_fu_623.grp_fp2mul503_mont_133_2_fu_1101.grp_mp_mul_148_fu_56,VITIS_LOOP_143_1,seq_loop_status457.csv
grp_EphemeralSecretAgreement_A_1_fu_283.grp_LADDER3PT_1_fu_623.grp_fp2mul503_mont_133_2_fu_1101.grp_mp_mul_148_fu_56,VITIS_LOOP_157_3,seq_loop_status458.csv
grp_EphemeralSecretAgreement_A_1_fu_283.grp_LADDER3PT_1_fu_623.grp_fp2mul503_mont_133_2_fu_1101.grp_mp_mul_148_fu_56.grp_mp_mul_148_Pipeline_VITIS_LOOP_145_2_fu_134,VITIS_LOOP_145_2,upc_loop_status907.csv
grp_EphemeralSecretAgreement_A_1_fu_283.grp_LADDER3PT_1_fu_623.grp_fp2mul503_mont_133_2_fu_1101.grp_mp_mul_148_fu_56.grp_mp_mul_148_Pipeline_VITIS_LOOP_159_4_fu_151,VITIS_LOOP_159_4,upc_loop_status908.csv
grp_EphemeralSecretAgreement_A_1_fu_283.grp_LADDER3PT_1_fu_623.grp_fp2mul503_mont_133_2_fu_1101.grp_fp2mul503_mont_133_2_Pipeline_VITIS_LOOP_350_1_fu_72,VITIS_LOOP_350_1,upc_loop_status909.csv
grp_EphemeralSecretAgreement_A_1_fu_283.grp_LADDER3PT_1_fu_623.grp_fp2mul503_mont_133_2_fu_1101.grp_fp2mul503_mont_133_2_Pipeline_VITIS_LOOP_350_1182_fu_79,VITIS_LOOP_350_1,upc_loop_status910.csv
grp_EphemeralSecretAgreement_A_1_fu_283.grp_LADDER3PT_1_fu_623.grp_fp2mul503_mont_133_2_fu_1101.grp_fp2mul503_mont_133_2_Pipeline_VITIS_LOOP_170_1_fu_86,VITIS_LOOP_170_1,upc_loop_status911.csv
grp_EphemeralSecretAgreement_A_1_fu_283.grp_LADDER3PT_1_fu_623.grp_fp2mul503_mont_133_2_fu_1101.grp_fp2mul503_mont_133_2_Pipeline_VITIS_LOOP_200_1_fu_94,VITIS_LOOP_200_1,upc_loop_status912.csv
grp_EphemeralSecretAgreement_A_1_fu_283.grp_LADDER3PT_1_fu_623.grp_fp2mul503_mont_133_2_fu_1101.grp_fp2mul503_mont_133_2_Pipeline_VITIS_LOOP_350_1183_fu_102,VITIS_LOOP_350_1,upc_loop_status913.csv
grp_EphemeralSecretAgreement_A_1_fu_283.grp_LADDER3PT_1_fu_623.grp_fp2mul503_mont_133_2_fu_1101.grp_rdc_mont_140_fu_108,VITIS_LOOP_186_2,seq_loop_status459.csv
grp_EphemeralSecretAgreement_A_1_fu_283.grp_LADDER3PT_1_fu_623.grp_fp2mul503_mont_133_2_fu_1101.grp_rdc_mont_140_fu_108,VITIS_LOOP_204_4,seq_loop_status460.csv
grp_EphemeralSecretAgreement_A_1_fu_283.grp_LADDER3PT_1_fu_623.grp_fp2mul503_mont_133_2_fu_1101.grp_rdc_mont_140_fu_108.grp_rdc_mont_140_Pipeline_VITIS_LOOP_182_1_fu_192,VITIS_LOOP_182_1,upc_loop_status914.csv
grp_EphemeralSecretAgreement_A_1_fu_283.grp_LADDER3PT_1_fu_623.grp_fp2mul503_mont_133_2_fu_1101.grp_rdc_mont_140_fu_108.grp_rdc_mont_140_Pipeline_VITIS_LOOP_187_3_fu_199,VITIS_LOOP_187_3,upc_loop_status915.csv
grp_EphemeralSecretAgreement_A_1_fu_283.grp_LADDER3PT_1_fu_623.grp_fp2mul503_mont_133_2_fu_1101.grp_rdc_mont_140_fu_108.grp_rdc_mont_140_Pipeline_VITIS_LOOP_208_5_fu_216,VITIS_LOOP_208_5,upc_loop_status916.csv
grp_EphemeralSecretAgreement_A_1_fu_283.grp_LADDER3PT_1_fu_623.grp_fp2mul503_mont_133_2_fu_1101.grp_mp_mul_152_fu_120,VITIS_LOOP_143_1,seq_loop_status461.csv
grp_EphemeralSecretAgreement_A_1_fu_283.grp_LADDER3PT_1_fu_623.grp_fp2mul503_mont_133_2_fu_1101.grp_mp_mul_152_fu_120,VITIS_LOOP_157_3,seq_loop_status462.csv
grp_EphemeralSecretAgreement_A_1_fu_283.grp_LADDER3PT_1_fu_623.grp_fp2mul503_mont_133_2_fu_1101.grp_mp_mul_152_fu_120.grp_mp_mul_152_Pipeline_VITIS_LOOP_145_2_fu_112,VITIS_LOOP_145_2,upc_loop_status917.csv
grp_EphemeralSecretAgreement_A_1_fu_283.grp_LADDER3PT_1_fu_623.grp_fp2mul503_mont_133_2_fu_1101.grp_mp_mul_152_fu_120.grp_mp_mul_152_Pipeline_VITIS_LOOP_159_4_fu_127,VITIS_LOOP_159_4,upc_loop_status918.csv
grp_EphemeralSecretAgreement_A_1_fu_283.grp_LADDER3PT_1_fu_623.grp_fp2mul503_mont_133_2_fu_1101.grp_fp2mul503_mont_133_2_Pipeline_VITIS_LOOP_170_1184_fu_127,VITIS_LOOP_170_1,upc_loop_status919.csv
grp_EphemeralSecretAgreement_A_1_fu_283.grp_LADDER3PT_1_fu_623.grp_fp2mul503_mont_65_66_fu_1111.grp_mp_mul_fu_58,VITIS_LOOP_143_1,seq_loop_status463.csv
grp_EphemeralSecretAgreement_A_1_fu_283.grp_LADDER3PT_1_fu_623.grp_fp2mul503_mont_65_66_fu_1111.grp_mp_mul_fu_58,VITIS_LOOP_157_3,seq_loop_status464.csv
grp_EphemeralSecretAgreement_A_1_fu_283.grp_LADDER3PT_1_fu_623.grp_fp2mul503_mont_65_66_fu_1111.grp_mp_mul_fu_58.grp_mp_mul_Pipeline_VITIS_LOOP_145_2_fu_126,VITIS_LOOP_145_2,upc_loop_status920.csv
grp_EphemeralSecretAgreement_A_1_fu_283.grp_LADDER3PT_1_fu_623.grp_fp2mul503_mont_65_66_fu_1111.grp_mp_mul_fu_58.grp_mp_mul_Pipeline_VITIS_LOOP_159_4_fu_142,VITIS_LOOP_159_4,upc_loop_status921.csv
grp_EphemeralSecretAgreement_A_1_fu_283.grp_LADDER3PT_1_fu_623.grp_fp2mul503_mont_65_66_fu_1111.grp_fp2mul503_mont_65_66_Pipeline_VITIS_LOOP_350_1_fu_72,VITIS_LOOP_350_1,upc_loop_status922.csv
grp_EphemeralSecretAgreement_A_1_fu_283.grp_LADDER3PT_1_fu_623.grp_fp2mul503_mont_65_66_fu_1111.grp_fp2mul503_mont_65_66_Pipeline_VITIS_LOOP_350_1161_fu_79,VITIS_LOOP_350_1,upc_loop_status923.csv
grp_EphemeralSecretAgreement_A_1_fu_283.grp_LADDER3PT_1_fu_623.grp_fp2mul503_mont_65_66_fu_1111.grp_fp2mul503_mont_65_66_Pipeline_VITIS_LOOP_170_1_fu_88,VITIS_LOOP_170_1,upc_loop_status924.csv
grp_EphemeralSecretAgreement_A_1_fu_283.grp_LADDER3PT_1_fu_623.grp_fp2mul503_mont_65_66_fu_1111.grp_fp2mul503_mont_65_66_Pipeline_VITIS_LOOP_200_1_fu_96,VITIS_LOOP_200_1,upc_loop_status925.csv
grp_EphemeralSecretAgreement_A_1_fu_283.grp_LADDER3PT_1_fu_623.grp_fp2mul503_mont_65_66_fu_1111.grp_fp2mul503_mont_65_66_Pipeline_VITIS_LOOP_350_1162_fu_104,VITIS_LOOP_350_1,upc_loop_status926.csv
grp_EphemeralSecretAgreement_A_1_fu_283.grp_LADDER3PT_1_fu_623.grp_fp2mul503_mont_65_66_fu_1111.grp_rdc_mont_140_fu_110,VITIS_LOOP_186_2,seq_loop_status465.csv
grp_EphemeralSecretAgreement_A_1_fu_283.grp_LADDER3PT_1_fu_623.grp_fp2mul503_mont_65_66_fu_1111.grp_rdc_mont_140_fu_110,VITIS_LOOP_204_4,seq_loop_status466.csv
grp_EphemeralSecretAgreement_A_1_fu_283.grp_LADDER3PT_1_fu_623.grp_fp2mul503_mont_65_66_fu_1111.grp_rdc_mont_140_fu_110.grp_rdc_mont_140_Pipeline_VITIS_LOOP_182_1_fu_192,VITIS_LOOP_182_1,upc_loop_status927.csv
grp_EphemeralSecretAgreement_A_1_fu_283.grp_LADDER3PT_1_fu_623.grp_fp2mul503_mont_65_66_fu_1111.grp_rdc_mont_140_fu_110.grp_rdc_mont_140_Pipeline_VITIS_LOOP_187_3_fu_199,VITIS_LOOP_187_3,upc_loop_status928.csv
grp_EphemeralSecretAgreement_A_1_fu_283.grp_LADDER3PT_1_fu_623.grp_fp2mul503_mont_65_66_fu_1111.grp_rdc_mont_140_fu_110.grp_rdc_mont_140_Pipeline_VITIS_LOOP_208_5_fu_216,VITIS_LOOP_208_5,upc_loop_status929.csv
grp_EphemeralSecretAgreement_A_1_fu_283.grp_LADDER3PT_1_fu_623.grp_fp2mul503_mont_65_66_fu_1111.grp_mp_mul_152_fu_122,VITIS_LOOP_143_1,seq_loop_status467.csv
grp_EphemeralSecretAgreement_A_1_fu_283.grp_LADDER3PT_1_fu_623.grp_fp2mul503_mont_65_66_fu_1111.grp_mp_mul_152_fu_122,VITIS_LOOP_157_3,seq_loop_status468.csv
grp_EphemeralSecretAgreement_A_1_fu_283.grp_LADDER3PT_1_fu_623.grp_fp2mul503_mont_65_66_fu_1111.grp_mp_mul_152_fu_122.grp_mp_mul_152_Pipeline_VITIS_LOOP_145_2_fu_112,VITIS_LOOP_145_2,upc_loop_status930.csv
grp_EphemeralSecretAgreement_A_1_fu_283.grp_LADDER3PT_1_fu_623.grp_fp2mul503_mont_65_66_fu_1111.grp_mp_mul_152_fu_122.grp_mp_mul_152_Pipeline_VITIS_LOOP_159_4_fu_127,VITIS_LOOP_159_4,upc_loop_status931.csv
grp_EphemeralSecretAgreement_A_1_fu_283.grp_LADDER3PT_1_fu_623.grp_fp2mul503_mont_65_66_fu_1111.grp_fp2mul503_mont_65_66_Pipeline_VITIS_LOOP_170_1163_fu_129,VITIS_LOOP_170_1,upc_loop_status932.csv
grp_EphemeralSecretAgreement_A_1_fu_283.grp_LADDER3PT_1_fu_623.grp_fpsub503_fu_1122.grp_fpsub503_Pipeline_VITIS_LOOP_47_1_fu_40,VITIS_LOOP_47_1,upc_loop_status933.csv
grp_EphemeralSecretAgreement_A_1_fu_283.grp_LADDER3PT_1_fu_623.grp_fpsub503_fu_1122.grp_fpsub503_Pipeline_VITIS_LOOP_53_2_fu_53,VITIS_LOOP_53_2,upc_loop_status934.csv
grp_EphemeralSecretAgreement_A_1_fu_283.grp_LADDER3PT_1_fu_623.grp_fp2mul503_mont_fu_1137.grp_mp_mul_146_fu_56,VITIS_LOOP_143_1,seq_loop_status469.csv
grp_EphemeralSecretAgreement_A_1_fu_283.grp_LADDER3PT_1_fu_623.grp_fp2mul503_mont_fu_1137.grp_mp_mul_146_fu_56,VITIS_LOOP_157_3,seq_loop_status470.csv
grp_EphemeralSecretAgreement_A_1_fu_283.grp_LADDER3PT_1_fu_623.grp_fp2mul503_mont_fu_1137.grp_mp_mul_146_fu_56.grp_mp_mul_146_Pipeline_VITIS_LOOP_145_2_fu_134,VITIS_LOOP_145_2,upc_loop_status935.csv
grp_EphemeralSecretAgreement_A_1_fu_283.grp_LADDER3PT_1_fu_623.grp_fp2mul503_mont_fu_1137.grp_mp_mul_146_fu_56.grp_mp_mul_146_Pipeline_VITIS_LOOP_159_4_fu_151,VITIS_LOOP_159_4,upc_loop_status936.csv
grp_EphemeralSecretAgreement_A_1_fu_283.grp_LADDER3PT_1_fu_623.grp_fp2mul503_mont_fu_1137.grp_fp2mul503_mont_Pipeline_VITIS_LOOP_350_1_fu_72,VITIS_LOOP_350_1,upc_loop_status937.csv
grp_EphemeralSecretAgreement_A_1_fu_283.grp_LADDER3PT_1_fu_623.grp_fp2mul503_mont_fu_1137.grp_fp2mul503_mont_Pipeline_VITIS_LOOP_350_1212_fu_79,VITIS_LOOP_350_1,upc_loop_status938.csv
grp_EphemeralSecretAgreement_A_1_fu_283.grp_LADDER3PT_1_fu_623.grp_fp2mul503_mont_fu_1137.grp_fp2mul503_mont_Pipeline_VITIS_LOOP_170_1_fu_86,VITIS_LOOP_170_1,upc_loop_status939.csv
grp_EphemeralSecretAgreement_A_1_fu_283.grp_LADDER3PT_1_fu_623.grp_fp2mul503_mont_fu_1137.grp_fp2mul503_mont_Pipeline_VITIS_LOOP_200_1_fu_94,VITIS_LOOP_200_1,upc_loop_status940.csv
grp_EphemeralSecretAgreement_A_1_fu_283.grp_LADDER3PT_1_fu_623.grp_fp2mul503_mont_fu_1137.grp_fp2mul503_mont_Pipeline_VITIS_LOOP_350_1213_fu_102,VITIS_LOOP_350_1,upc_loop_status941.csv
grp_EphemeralSecretAgreement_A_1_fu_283.grp_LADDER3PT_1_fu_623.grp_fp2mul503_mont_fu_1137.grp_rdc_mont_14186_fu_108,VITIS_LOOP_186_2,seq_loop_status471.csv
grp_EphemeralSecretAgreement_A_1_fu_283.grp_LADDER3PT_1_fu_623.grp_fp2mul503_mont_fu_1137.grp_rdc_mont_14186_fu_108,VITIS_LOOP_204_4,seq_loop_status472.csv
grp_EphemeralSecretAgreement_A_1_fu_283.grp_LADDER3PT_1_fu_623.grp_fp2mul503_mont_fu_1137.grp_rdc_mont_14186_fu_108.grp_rdc_mont_14186_Pipeline_VITIS_LOOP_182_1_fu_192,VITIS_LOOP_182_1,upc_loop_status942.csv
grp_EphemeralSecretAgreement_A_1_fu_283.grp_LADDER3PT_1_fu_623.grp_fp2mul503_mont_fu_1137.grp_rdc_mont_14186_fu_108.grp_rdc_mont_14186_Pipeline_VITIS_LOOP_187_3_fu_199,VITIS_LOOP_187_3,upc_loop_status943.csv
grp_EphemeralSecretAgreement_A_1_fu_283.grp_LADDER3PT_1_fu_623.grp_fp2mul503_mont_fu_1137.grp_rdc_mont_14186_fu_108.grp_rdc_mont_14186_Pipeline_VITIS_LOOP_208_5_fu_216,VITIS_LOOP_208_5,upc_loop_status944.csv
grp_EphemeralSecretAgreement_A_1_fu_283.grp_LADDER3PT_1_fu_623.grp_fp2mul503_mont_fu_1137.grp_mp_mul_152_fu_120,VITIS_LOOP_143_1,seq_loop_status473.csv
grp_EphemeralSecretAgreement_A_1_fu_283.grp_LADDER3PT_1_fu_623.grp_fp2mul503_mont_fu_1137.grp_mp_mul_152_fu_120,VITIS_LOOP_157_3,seq_loop_status474.csv
grp_EphemeralSecretAgreement_A_1_fu_283.grp_LADDER3PT_1_fu_623.grp_fp2mul503_mont_fu_1137.grp_mp_mul_152_fu_120.grp_mp_mul_152_Pipeline_VITIS_LOOP_145_2_fu_112,VITIS_LOOP_145_2,upc_loop_status945.csv
grp_EphemeralSecretAgreement_A_1_fu_283.grp_LADDER3PT_1_fu_623.grp_fp2mul503_mont_fu_1137.grp_mp_mul_152_fu_120.grp_mp_mul_152_Pipeline_VITIS_LOOP_159_4_fu_127,VITIS_LOOP_159_4,upc_loop_status946.csv
grp_EphemeralSecretAgreement_A_1_fu_283.grp_LADDER3PT_1_fu_623.grp_fp2mul503_mont_fu_1137.grp_fp2mul503_mont_Pipeline_VITIS_LOOP_170_1214_fu_127,VITIS_LOOP_170_1,upc_loop_status947.csv
grp_EphemeralSecretAgreement_A_1_fu_283.grp_LADDER3PT_1_fu_623.grp_fp2mul503_mont_67_70_fu_1147.grp_mp_mul_68_69_fu_62,VITIS_LOOP_143_1,seq_loop_status475.csv
grp_EphemeralSecretAgreement_A_1_fu_283.grp_LADDER3PT_1_fu_623.grp_fp2mul503_mont_67_70_fu_1147.grp_mp_mul_68_69_fu_62,VITIS_LOOP_157_3,seq_loop_status476.csv
grp_EphemeralSecretAgreement_A_1_fu_283.grp_LADDER3PT_1_fu_623.grp_fp2mul503_mont_67_70_fu_1147.grp_mp_mul_68_69_fu_62.grp_mp_mul_68_69_Pipeline_VITIS_LOOP_145_2_fu_148,VITIS_LOOP_145_2,upc_loop_status948.csv
grp_EphemeralSecretAgreement_A_1_fu_283.grp_LADDER3PT_1_fu_623.grp_fp2mul503_mont_67_70_fu_1147.grp_mp_mul_68_69_fu_62.grp_mp_mul_68_69_Pipeline_VITIS_LOOP_159_4_fu_168,VITIS_LOOP_159_4,upc_loop_status949.csv
grp_EphemeralSecretAgreement_A_1_fu_283.grp_LADDER3PT_1_fu_623.grp_fp2mul503_mont_67_70_fu_1147.grp_fp2mul503_mont_67_70_Pipeline_VITIS_LOOP_350_1_fu_83,VITIS_LOOP_350_1,upc_loop_status950.csv
grp_EphemeralSecretAgreement_A_1_fu_283.grp_LADDER3PT_1_fu_623.grp_fp2mul503_mont_67_70_fu_1147.grp_fp2mul503_mont_67_70_Pipeline_VITIS_LOOP_350_1158_fu_90,VITIS_LOOP_350_1,upc_loop_status951.csv
grp_EphemeralSecretAgreement_A_1_fu_283.grp_LADDER3PT_1_fu_623.grp_fp2mul503_mont_67_70_fu_1147.grp_fp2mul503_mont_67_70_Pipeline_VITIS_LOOP_170_1_fu_99,VITIS_LOOP_170_1,upc_loop_status952.csv
grp_EphemeralSecretAgreement_A_1_fu_283.grp_LADDER3PT_1_fu_623.grp_fp2mul503_mont_67_70_fu_1147.grp_fp2mul503_mont_67_70_Pipeline_VITIS_LOOP_200_1_fu_107,VITIS_LOOP_200_1,upc_loop_status953.csv
grp_EphemeralSecretAgreement_A_1_fu_283.grp_LADDER3PT_1_fu_623.grp_fp2mul503_mont_67_70_fu_1147.grp_fp2mul503_mont_67_70_Pipeline_VITIS_LOOP_350_1159_fu_115,VITIS_LOOP_350_1,upc_loop_status954.csv
grp_EphemeralSecretAgreement_A_1_fu_283.grp_LADDER3PT_1_fu_623.grp_fp2mul503_mont_67_70_fu_1147.grp_rdc_mont_fu_121,VITIS_LOOP_186_2,seq_loop_status477.csv
grp_EphemeralSecretAgreement_A_1_fu_283.grp_LADDER3PT_1_fu_623.grp_fp2mul503_mont_67_70_fu_1147.grp_rdc_mont_fu_121,VITIS_LOOP_204_4,seq_loop_status478.csv
grp_EphemeralSecretAgreement_A_1_fu_283.grp_LADDER3PT_1_fu_623.grp_fp2mul503_mont_67_70_fu_1147.grp_rdc_mont_fu_121.grp_rdc_mont_Pipeline_VITIS_LOOP_182_1_fu_177,VITIS_LOOP_182_1,upc_loop_status955.csv
grp_EphemeralSecretAgreement_A_1_fu_283.grp_LADDER3PT_1_fu_623.grp_fp2mul503_mont_67_70_fu_1147.grp_rdc_mont_fu_121.grp_rdc_mont_Pipeline_VITIS_LOOP_187_3_fu_183,VITIS_LOOP_187_3,upc_loop_status956.csv
grp_EphemeralSecretAgreement_A_1_fu_283.grp_LADDER3PT_1_fu_623.grp_fp2mul503_mont_67_70_fu_1147.grp_rdc_mont_fu_121.grp_rdc_mont_Pipeline_VITIS_LOOP_208_5_fu_199,VITIS_LOOP_208_5,upc_loop_status957.csv
grp_EphemeralSecretAgreement_A_1_fu_283.grp_LADDER3PT_1_fu_623.grp_fp2mul503_mont_67_70_fu_1147.grp_mp_mul_152_fu_131,VITIS_LOOP_143_1,seq_loop_status479.csv
grp_EphemeralSecretAgreement_A_1_fu_283.grp_LADDER3PT_1_fu_623.grp_fp2mul503_mont_67_70_fu_1147.grp_mp_mul_152_fu_131,VITIS_LOOP_157_3,seq_loop_status480.csv
grp_EphemeralSecretAgreement_A_1_fu_283.grp_LADDER3PT_1_fu_623.grp_fp2mul503_mont_67_70_fu_1147.grp_mp_mul_152_fu_131.grp_mp_mul_152_Pipeline_VITIS_LOOP_145_2_fu_112,VITIS_LOOP_145_2,upc_loop_status958.csv
grp_EphemeralSecretAgreement_A_1_fu_283.grp_LADDER3PT_1_fu_623.grp_fp2mul503_mont_67_70_fu_1147.grp_mp_mul_152_fu_131.grp_mp_mul_152_Pipeline_VITIS_LOOP_159_4_fu_127,VITIS_LOOP_159_4,upc_loop_status959.csv
grp_EphemeralSecretAgreement_A_1_fu_283.grp_LADDER3PT_1_fu_623.grp_fp2mul503_mont_67_70_fu_1147.grp_fp2mul503_mont_67_70_Pipeline_VITIS_LOOP_170_1160_fu_138,VITIS_LOOP_170_1,upc_loop_status960.csv
grp_EphemeralSecretAgreement_A_1_fu_283.grp_LADDER3PT_1_fu_623.grp_fpadd503_147_fu_1160.grp_fpadd503_147_Pipeline_VITIS_LOOP_23_1_fu_32,VITIS_LOOP_23_1,upc_loop_status961.csv
grp_EphemeralSecretAgreement_A_1_fu_283.grp_LADDER3PT_1_fu_623.grp_fpadd503_147_fu_1160.grp_fpadd503_147_Pipeline_VITIS_LOOP_28_2_fu_41,VITIS_LOOP_28_2,upc_loop_status962.csv
grp_EphemeralSecretAgreement_A_1_fu_283.grp_LADDER3PT_1_fu_623.grp_fpadd503_147_fu_1160.grp_fpadd503_147_Pipeline_VITIS_LOOP_34_3_fu_51,VITIS_LOOP_34_3,upc_loop_status963.csv
grp_EphemeralSecretAgreement_A_1_fu_283.grp_LADDER3PT_1_fu_623.grp_fp2sqr503_mont_71_72_fu_1171.grp_fp2sqr503_mont_71_72_Pipeline_VITIS_LOOP_350_1_fu_52,VITIS_LOOP_350_1,upc_loop_status964.csv
grp_EphemeralSecretAgreement_A_1_fu_283.grp_LADDER3PT_1_fu_623.grp_fp2sqr503_mont_71_72_fu_1171.grp_fp2sqr503_mont_71_72_Pipeline_5_fu_62,Loop 1,upc_loop_status965.csv
grp_EphemeralSecretAgreement_A_1_fu_283.grp_LADDER3PT_1_fu_623.grp_fp2sqr503_mont_71_72_fu_1171.grp_fp2sqr503_mont_71_72_Pipeline_6_fu_68,Loop 1,upc_loop_status966.csv
grp_EphemeralSecretAgreement_A_1_fu_283.grp_LADDER3PT_1_fu_623.grp_fp2sqr503_mont_71_72_fu_1171.grp_fp2sqr503_mont_71_72_Pipeline_VITIS_LOOP_47_1_fu_74,VITIS_LOOP_47_1,upc_loop_status967.csv
grp_EphemeralSecretAgreement_A_1_fu_283.grp_LADDER3PT_1_fu_623.grp_fp2sqr503_mont_71_72_fu_1171.grp_fp2sqr503_mont_71_72_Pipeline_VITIS_LOOP_53_2_fu_84,VITIS_LOOP_53_2,upc_loop_status968.csv
grp_EphemeralSecretAgreement_A_1_fu_283.grp_LADDER3PT_1_fu_623.grp_fp2sqr503_mont_71_72_fu_1171.grp_fp2sqr503_mont_71_72_Pipeline_VITIS_LOOP_350_1130_fu_92,VITIS_LOOP_350_1,upc_loop_status969.csv
grp_EphemeralSecretAgreement_A_1_fu_283.grp_LADDER3PT_1_fu_623.grp_fp2sqr503_mont_71_72_fu_1171.grp_mp_mul_152_fu_99,VITIS_LOOP_143_1,seq_loop_status481.csv
grp_EphemeralSecretAgreement_A_1_fu_283.grp_LADDER3PT_1_fu_623.grp_fp2sqr503_mont_71_72_fu_1171.grp_mp_mul_152_fu_99,VITIS_LOOP_157_3,seq_loop_status482.csv
grp_EphemeralSecretAgreement_A_1_fu_283.grp_LADDER3PT_1_fu_623.grp_fp2sqr503_mont_71_72_fu_1171.grp_mp_mul_152_fu_99.grp_mp_mul_152_Pipeline_VITIS_LOOP_145_2_fu_112,VITIS_LOOP_145_2,upc_loop_status970.csv
grp_EphemeralSecretAgreement_A_1_fu_283.grp_LADDER3PT_1_fu_623.grp_fp2sqr503_mont_71_72_fu_1171.grp_mp_mul_152_fu_99.grp_mp_mul_152_Pipeline_VITIS_LOOP_159_4_fu_127,VITIS_LOOP_159_4,upc_loop_status971.csv
grp_EphemeralSecretAgreement_A_1_fu_283.grp_LADDER3PT_1_fu_623.grp_fp2sqr503_mont_71_72_fu_1171.grp_mp_mul_1108_fu_106,VITIS_LOOP_143_1,seq_loop_status483.csv
grp_EphemeralSecretAgreement_A_1_fu_283.grp_LADDER3PT_1_fu_623.grp_fp2sqr503_mont_71_72_fu_1171.grp_mp_mul_1108_fu_106,VITIS_LOOP_157_3,seq_loop_status484.csv
grp_EphemeralSecretAgreement_A_1_fu_283.grp_LADDER3PT_1_fu_623.grp_fp2sqr503_mont_71_72_fu_1171.grp_mp_mul_1108_fu_106.grp_mp_mul_1108_Pipeline_VITIS_LOOP_145_2_fu_112,VITIS_LOOP_145_2,upc_loop_status972.csv
grp_EphemeralSecretAgreement_A_1_fu_283.grp_LADDER3PT_1_fu_623.grp_fp2sqr503_mont_71_72_fu_1171.grp_mp_mul_1108_fu_106.grp_mp_mul_1108_Pipeline_VITIS_LOOP_159_4_fu_127,VITIS_LOOP_159_4,upc_loop_status973.csv
grp_EphemeralSecretAgreement_A_1_fu_283.grp_LADDER3PT_1_fu_623.grp_fp2sqr503_mont_71_72_fu_1171.grp_rdc_mont_fu_114,VITIS_LOOP_186_2,seq_loop_status485.csv
grp_EphemeralSecretAgreement_A_1_fu_283.grp_LADDER3PT_1_fu_623.grp_fp2sqr503_mont_71_72_fu_1171.grp_rdc_mont_fu_114,VITIS_LOOP_204_4,seq_loop_status486.csv
grp_EphemeralSecretAgreement_A_1_fu_283.grp_LADDER3PT_1_fu_623.grp_fp2sqr503_mont_71_72_fu_1171.grp_rdc_mont_fu_114.grp_rdc_mont_Pipeline_VITIS_LOOP_182_1_fu_177,VITIS_LOOP_182_1,upc_loop_status974.csv
grp_EphemeralSecretAgreement_A_1_fu_283.grp_LADDER3PT_1_fu_623.grp_fp2sqr503_mont_71_72_fu_1171.grp_rdc_mont_fu_114.grp_rdc_mont_Pipeline_VITIS_LOOP_187_3_fu_183,VITIS_LOOP_187_3,upc_loop_status975.csv
grp_EphemeralSecretAgreement_A_1_fu_283.grp_LADDER3PT_1_fu_623.grp_fp2sqr503_mont_71_72_fu_1171.grp_rdc_mont_fu_114.grp_rdc_mont_Pipeline_VITIS_LOOP_208_5_fu_199,VITIS_LOOP_208_5,upc_loop_status976.csv
grp_EphemeralSecretAgreement_A_1_fu_283.grp_LADDER3PT_1_fu_623.grp_fp2sqr503_mont_71_72_fu_1171.grp_rdc_mont_fu_123,VITIS_LOOP_186_2,seq_loop_status487.csv
grp_EphemeralSecretAgreement_A_1_fu_283.grp_LADDER3PT_1_fu_623.grp_fp2sqr503_mont_71_72_fu_1171.grp_rdc_mont_fu_123,VITIS_LOOP_204_4,seq_loop_status488.csv
grp_EphemeralSecretAgreement_A_1_fu_283.grp_LADDER3PT_1_fu_623.grp_fp2sqr503_mont_71_72_fu_1171.grp_rdc_mont_fu_123.grp_rdc_mont_Pipeline_VITIS_LOOP_182_1_fu_177,VITIS_LOOP_182_1,upc_loop_status977.csv
grp_EphemeralSecretAgreement_A_1_fu_283.grp_LADDER3PT_1_fu_623.grp_fp2sqr503_mont_71_72_fu_1171.grp_rdc_mont_fu_123.grp_rdc_mont_Pipeline_VITIS_LOOP_187_3_fu_183,VITIS_LOOP_187_3,upc_loop_status978.csv
grp_EphemeralSecretAgreement_A_1_fu_283.grp_LADDER3PT_1_fu_623.grp_fp2sqr503_mont_71_72_fu_1171.grp_rdc_mont_fu_123.grp_rdc_mont_Pipeline_VITIS_LOOP_208_5_fu_199,VITIS_LOOP_208_5,upc_loop_status979.csv
grp_EphemeralSecretAgreement_A_1_fu_283.grp_LADDER3PT_1_fu_623.grp_fpadd503_fu_1181.grp_fpadd503_Pipeline_VITIS_LOOP_23_1_fu_42,VITIS_LOOP_23_1,upc_loop_status980.csv
grp_EphemeralSecretAgreement_A_1_fu_283.grp_LADDER3PT_1_fu_623.grp_fpadd503_fu_1181.grp_fpadd503_Pipeline_VITIS_LOOP_28_2_fu_54,VITIS_LOOP_28_2,upc_loop_status981.csv
grp_EphemeralSecretAgreement_A_1_fu_283.grp_LADDER3PT_1_fu_623.grp_fpadd503_fu_1181.grp_fpadd503_Pipeline_VITIS_LOOP_34_3_fu_63,VITIS_LOOP_34_3,upc_loop_status982.csv
grp_EphemeralSecretAgreement_A_1_fu_283.grp_LADDER3PT_1_fu_623.grp_fp2mul503_mont_73_74_1_fu_1196.grp_mp_mul_1_fu_56,VITIS_LOOP_143_1,seq_loop_status489.csv
grp_EphemeralSecretAgreement_A_1_fu_283.grp_LADDER3PT_1_fu_623.grp_fp2mul503_mont_73_74_1_fu_1196.grp_mp_mul_1_fu_56,VITIS_LOOP_157_3,seq_loop_status490.csv
grp_EphemeralSecretAgreement_A_1_fu_283.grp_LADDER3PT_1_fu_623.grp_fp2mul503_mont_73_74_1_fu_1196.grp_mp_mul_1_fu_56.grp_mp_mul_1_Pipeline_VITIS_LOOP_145_2_fu_112,VITIS_LOOP_145_2,upc_loop_status983.csv
grp_EphemeralSecretAgreement_A_1_fu_283.grp_LADDER3PT_1_fu_623.grp_fp2mul503_mont_73_74_1_fu_1196.grp_mp_mul_1_fu_56.grp_mp_mul_1_Pipeline_VITIS_LOOP_159_4_fu_127,VITIS_LOOP_159_4,upc_loop_status984.csv
grp_EphemeralSecretAgreement_A_1_fu_283.grp_LADDER3PT_1_fu_623.grp_fp2mul503_mont_73_74_1_fu_1196.grp_mp_mul_2_fu_66,VITIS_LOOP_143_1,seq_loop_status491.csv
grp_EphemeralSecretAgreement_A_1_fu_283.grp_LADDER3PT_1_fu_623.grp_fp2mul503_mont_73_74_1_fu_1196.grp_mp_mul_2_fu_66,VITIS_LOOP_157_3,seq_loop_status492.csv
grp_EphemeralSecretAgreement_A_1_fu_283.grp_LADDER3PT_1_fu_623.grp_fp2mul503_mont_73_74_1_fu_1196.grp_mp_mul_2_fu_66.grp_mp_mul_2_Pipeline_VITIS_LOOP_145_2_fu_112,VITIS_LOOP_145_2,upc_loop_status985.csv
grp_EphemeralSecretAgreement_A_1_fu_283.grp_LADDER3PT_1_fu_623.grp_fp2mul503_mont_73_74_1_fu_1196.grp_mp_mul_2_fu_66.grp_mp_mul_2_Pipeline_VITIS_LOOP_159_4_fu_127,VITIS_LOOP_159_4,upc_loop_status986.csv
grp_EphemeralSecretAgreement_A_1_fu_283.grp_LADDER3PT_1_fu_623.grp_fp2mul503_mont_73_74_1_fu_1196.grp_fp2mul503_mont_73_74_1_Pipeline_VITIS_LOOP_350_1_fu_75,VITIS_LOOP_350_1,upc_loop_status987.csv
grp_EphemeralSecretAgreement_A_1_fu_283.grp_LADDER3PT_1_fu_623.grp_fp2mul503_mont_73_74_1_fu_1196.grp_fp2mul503_mont_73_74_1_Pipeline_VITIS_LOOP_350_1152_fu_84,VITIS_LOOP_350_1,upc_loop_status988.csv
grp_EphemeralSecretAgreement_A_1_fu_283.grp_LADDER3PT_1_fu_623.grp_fp2mul503_mont_73_74_1_fu_1196.grp_fp2mul503_mont_73_74_1_Pipeline_VITIS_LOOP_170_1_fu_91,VITIS_LOOP_170_1,upc_loop_status989.csv
grp_EphemeralSecretAgreement_A_1_fu_283.grp_LADDER3PT_1_fu_623.grp_fp2mul503_mont_73_74_1_fu_1196.grp_fp2mul503_mont_73_74_1_Pipeline_VITIS_LOOP_200_1_fu_99,VITIS_LOOP_200_1,upc_loop_status990.csv
grp_EphemeralSecretAgreement_A_1_fu_283.grp_LADDER3PT_1_fu_623.grp_fp2mul503_mont_73_74_1_fu_1196.grp_fp2mul503_mont_73_74_1_Pipeline_VITIS_LOOP_350_1153_fu_107,VITIS_LOOP_350_1,upc_loop_status991.csv
grp_EphemeralSecretAgreement_A_1_fu_283.grp_LADDER3PT_1_fu_623.grp_fp2mul503_mont_73_74_1_fu_1196.grp_rdc_mont_fu_113,VITIS_LOOP_186_2,seq_loop_status493.csv
grp_EphemeralSecretAgreement_A_1_fu_283.grp_LADDER3PT_1_fu_623.grp_fp2mul503_mont_73_74_1_fu_1196.grp_rdc_mont_fu_113,VITIS_LOOP_204_4,seq_loop_status494.csv
grp_EphemeralSecretAgreement_A_1_fu_283.grp_LADDER3PT_1_fu_623.grp_fp2mul503_mont_73_74_1_fu_1196.grp_rdc_mont_fu_113.grp_rdc_mont_Pipeline_VITIS_LOOP_182_1_fu_177,VITIS_LOOP_182_1,upc_loop_status992.csv
grp_EphemeralSecretAgreement_A_1_fu_283.grp_LADDER3PT_1_fu_623.grp_fp2mul503_mont_73_74_1_fu_1196.grp_rdc_mont_fu_113.grp_rdc_mont_Pipeline_VITIS_LOOP_187_3_fu_183,VITIS_LOOP_187_3,upc_loop_status993.csv
grp_EphemeralSecretAgreement_A_1_fu_283.grp_LADDER3PT_1_fu_623.grp_fp2mul503_mont_73_74_1_fu_1196.grp_rdc_mont_fu_113.grp_rdc_mont_Pipeline_VITIS_LOOP_208_5_fu_199,VITIS_LOOP_208_5,upc_loop_status994.csv
grp_EphemeralSecretAgreement_A_1_fu_283.grp_LADDER3PT_1_fu_623.grp_fp2mul503_mont_73_74_1_fu_1196.grp_mp_mul_152_fu_123,VITIS_LOOP_143_1,seq_loop_status495.csv
grp_EphemeralSecretAgreement_A_1_fu_283.grp_LADDER3PT_1_fu_623.grp_fp2mul503_mont_73_74_1_fu_1196.grp_mp_mul_152_fu_123,VITIS_LOOP_157_3,seq_loop_status496.csv
grp_EphemeralSecretAgreement_A_1_fu_283.grp_LADDER3PT_1_fu_623.grp_fp2mul503_mont_73_74_1_fu_1196.grp_mp_mul_152_fu_123.grp_mp_mul_152_Pipeline_VITIS_LOOP_145_2_fu_112,VITIS_LOOP_145_2,upc_loop_status995.csv
grp_EphemeralSecretAgreement_A_1_fu_283.grp_LADDER3PT_1_fu_623.grp_fp2mul503_mont_73_74_1_fu_1196.grp_mp_mul_152_fu_123.grp_mp_mul_152_Pipeline_VITIS_LOOP_159_4_fu_127,VITIS_LOOP_159_4,upc_loop_status996.csv
grp_EphemeralSecretAgreement_A_1_fu_283.grp_LADDER3PT_1_fu_623.grp_fp2mul503_mont_73_74_1_fu_1196.grp_fp2mul503_mont_73_74_1_Pipeline_VITIS_LOOP_170_1154_fu_130,VITIS_LOOP_170_1,upc_loop_status997.csv
grp_EphemeralSecretAgreement_A_1_fu_283.grp_LADDER3PT_1_fu_623.grp_fp2mul503_mont_1339880_fu_1209.grp_mp_mul_14788_fu_56,VITIS_LOOP_143_1,seq_loop_status497.csv
grp_EphemeralSecretAgreement_A_1_fu_283.grp_LADDER3PT_1_fu_623.grp_fp2mul503_mont_1339880_fu_1209.grp_mp_mul_14788_fu_56,VITIS_LOOP_157_3,seq_loop_status498.csv
grp_EphemeralSecretAgreement_A_1_fu_283.grp_LADDER3PT_1_fu_623.grp_fp2mul503_mont_1339880_fu_1209.grp_mp_mul_14788_fu_56.grp_mp_mul_14788_Pipeline_VITIS_LOOP_145_2_fu_134,VITIS_LOOP_145_2,upc_loop_status998.csv
grp_EphemeralSecretAgreement_A_1_fu_283.grp_LADDER3PT_1_fu_623.grp_fp2mul503_mont_1339880_fu_1209.grp_mp_mul_14788_fu_56.grp_mp_mul_14788_Pipeline_VITIS_LOOP_159_4_fu_151,VITIS_LOOP_159_4,upc_loop_status999.csv
grp_EphemeralSecretAgreement_A_1_fu_283.grp_LADDER3PT_1_fu_623.grp_fp2mul503_mont_1339880_fu_1209.grp_fp2mul503_mont_1339880_Pipeline_VITIS_LOOP_350_1_fu_72,VITIS_LOOP_350_1,upc_loop_status1000.csv
grp_EphemeralSecretAgreement_A_1_fu_283.grp_LADDER3PT_1_fu_623.grp_fp2mul503_mont_1339880_fu_1209.grp_fp2mul503_mont_1339880_Pipeline_VITIS_LOOP_350_1179_fu_79,VITIS_LOOP_350_1,upc_loop_status1001.csv
grp_EphemeralSecretAgreement_A_1_fu_283.grp_LADDER3PT_1_fu_623.grp_fp2mul503_mont_1339880_fu_1209.grp_fp2mul503_mont_1339880_Pipeline_VITIS_LOOP_170_1_fu_86,VITIS_LOOP_170_1,upc_loop_status1002.csv
grp_EphemeralSecretAgreement_A_1_fu_283.grp_LADDER3PT_1_fu_623.grp_fp2mul503_mont_1339880_fu_1209.grp_fp2mul503_mont_1339880_Pipeline_VITIS_LOOP_200_1_fu_94,VITIS_LOOP_200_1,upc_loop_status1003.csv
grp_EphemeralSecretAgreement_A_1_fu_283.grp_LADDER3PT_1_fu_623.grp_fp2mul503_mont_1339880_fu_1209.grp_fp2mul503_mont_1339880_Pipeline_VITIS_LOOP_350_1180_fu_102,VITIS_LOOP_350_1,upc_loop_status1004.csv
grp_EphemeralSecretAgreement_A_1_fu_283.grp_LADDER3PT_1_fu_623.grp_fp2mul503_mont_1339880_fu_1209.grp_rdc_mont_14186_fu_108,VITIS_LOOP_186_2,seq_loop_status499.csv
grp_EphemeralSecretAgreement_A_1_fu_283.grp_LADDER3PT_1_fu_623.grp_fp2mul503_mont_1339880_fu_1209.grp_rdc_mont_14186_fu_108,VITIS_LOOP_204_4,seq_loop_status500.csv
grp_EphemeralSecretAgreement_A_1_fu_283.grp_LADDER3PT_1_fu_623.grp_fp2mul503_mont_1339880_fu_1209.grp_rdc_mont_14186_fu_108.grp_rdc_mont_14186_Pipeline_VITIS_LOOP_182_1_fu_192,VITIS_LOOP_182_1,upc_loop_status1005.csv
grp_EphemeralSecretAgreement_A_1_fu_283.grp_LADDER3PT_1_fu_623.grp_fp2mul503_mont_1339880_fu_1209.grp_rdc_mont_14186_fu_108.grp_rdc_mont_14186_Pipeline_VITIS_LOOP_187_3_fu_199,VITIS_LOOP_187_3,upc_loop_status1006.csv
grp_EphemeralSecretAgreement_A_1_fu_283.grp_LADDER3PT_1_fu_623.grp_fp2mul503_mont_1339880_fu_1209.grp_rdc_mont_14186_fu_108.grp_rdc_mont_14186_Pipeline_VITIS_LOOP_208_5_fu_216,VITIS_LOOP_208_5,upc_loop_status1007.csv
grp_EphemeralSecretAgreement_A_1_fu_283.grp_LADDER3PT_1_fu_623.grp_fp2mul503_mont_1339880_fu_1209.grp_mp_mul_152_fu_120,VITIS_LOOP_143_1,seq_loop_status501.csv
grp_EphemeralSecretAgreement_A_1_fu_283.grp_LADDER3PT_1_fu_623.grp_fp2mul503_mont_1339880_fu_1209.grp_mp_mul_152_fu_120,VITIS_LOOP_157_3,seq_loop_status502.csv
grp_EphemeralSecretAgreement_A_1_fu_283.grp_LADDER3PT_1_fu_623.grp_fp2mul503_mont_1339880_fu_1209.grp_mp_mul_152_fu_120.grp_mp_mul_152_Pipeline_VITIS_LOOP_145_2_fu_112,VITIS_LOOP_145_2,upc_loop_status1008.csv
grp_EphemeralSecretAgreement_A_1_fu_283.grp_LADDER3PT_1_fu_623.grp_fp2mul503_mont_1339880_fu_1209.grp_mp_mul_152_fu_120.grp_mp_mul_152_Pipeline_VITIS_LOOP_159_4_fu_127,VITIS_LOOP_159_4,upc_loop_status1009.csv
grp_EphemeralSecretAgreement_A_1_fu_283.grp_LADDER3PT_1_fu_623.grp_fp2mul503_mont_1339880_fu_1209.grp_fp2mul503_mont_1339880_Pipeline_VITIS_LOOP_170_1181_fu_127,VITIS_LOOP_170_1,upc_loop_status1010.csv
grp_EphemeralSecretAgreement_A_1_fu_283.grp_fpsub503_3_fu_641.grp_fpsub503_3_Pipeline_VITIS_LOOP_47_1_fu_20,VITIS_LOOP_47_1,upc_loop_status1011.csv
grp_EphemeralSecretAgreement_A_1_fu_283.grp_fpsub503_3_fu_641.grp_fpsub503_3_Pipeline_VITIS_LOOP_53_2_fu_31,VITIS_LOOP_53_2,upc_loop_status1012.csv
grp_EphemeralSecretAgreement_A_1_fu_283.grp_EphemeralSecretAgreement_A_1_Pipeline_VITIS_LOOP_14_1_fu_650,VITIS_LOOP_14_1,upc_loop_status1013.csv
grp_EphemeralSecretAgreement_A_1_fu_283.grp_EphemeralSecretAgreement_A_1_Pipeline_VITIS_LOOP_14_1236_fu_657,VITIS_LOOP_14_1,upc_loop_status1014.csv
grp_EphemeralSecretAgreement_A_1_fu_283.grp_EphemeralSecretAgreement_A_1_Pipeline_VITIS_LOOP_14_1235_fu_664,VITIS_LOOP_14_1,upc_loop_status1015.csv
grp_EphemeralSecretAgreement_A_1_fu_283.grp_EphemeralSecretAgreement_A_1_Pipeline_VITIS_LOOP_14_1237_fu_671,VITIS_LOOP_14_1,upc_loop_status1016.csv
grp_EphemeralSecretAgreement_A_1_fu_283.grp_fpsub503_1_fu_678.grp_fpsub503_1_Pipeline_VITIS_LOOP_47_1_fu_18,VITIS_LOOP_47_1,upc_loop_status1017.csv
grp_EphemeralSecretAgreement_A_1_fu_283.grp_fpsub503_1_fu_678.grp_fpsub503_1_Pipeline_VITIS_LOOP_53_2_fu_29,VITIS_LOOP_53_2,upc_loop_status1018.csv
grp_EphemeralSecretAgreement_A_1_fu_283.grp_fpsub503_2_fu_687.grp_fpsub503_2_Pipeline_VITIS_LOOP_47_1_fu_18,VITIS_LOOP_47_1,upc_loop_status1019.csv
grp_EphemeralSecretAgreement_A_1_fu_283.grp_fpsub503_2_fu_687.grp_fpsub503_2_Pipeline_VITIS_LOOP_53_2_fu_29,VITIS_LOOP_53_2,upc_loop_status1020.csv
grp_EphemeralSecretAgreement_A_1_fu_283.grp_fpadd503_1_fu_696.grp_fpadd503_1_Pipeline_VITIS_LOOP_23_1_fu_20,VITIS_LOOP_23_1,upc_loop_status1021.csv
grp_EphemeralSecretAgreement_A_1_fu_283.grp_fpadd503_1_fu_696.grp_fpadd503_1_Pipeline_VITIS_LOOP_28_2_fu_30,VITIS_LOOP_28_2,upc_loop_status1022.csv
grp_EphemeralSecretAgreement_A_1_fu_283.grp_fpadd503_1_fu_696.grp_fpadd503_1_Pipeline_VITIS_LOOP_34_3_fu_39,VITIS_LOOP_34_3,upc_loop_status1023.csv
grp_EphemeralSecretAgreement_A_1_fu_283.grp_fpadd503_2_fu_705.grp_fpadd503_2_Pipeline_VITIS_LOOP_23_1_fu_20,VITIS_LOOP_23_1,upc_loop_status1024.csv
grp_EphemeralSecretAgreement_A_1_fu_283.grp_fpadd503_2_fu_705.grp_fpadd503_2_Pipeline_VITIS_LOOP_28_2_fu_30,VITIS_LOOP_28_2,upc_loop_status1025.csv
grp_EphemeralSecretAgreement_A_1_fu_283.grp_fpadd503_2_fu_705.grp_fpadd503_2_Pipeline_VITIS_LOOP_34_3_fu_39,VITIS_LOOP_34_3,upc_loop_status1026.csv
grp_EphemeralSecretAgreement_A_1_fu_283.grp_fp2mul503_mont_89_92_1_fu_714.grp_mp_mul_90_91_fu_62,VITIS_LOOP_143_1,seq_loop_status503.csv
grp_EphemeralSecretAgreement_A_1_fu_283.grp_fp2mul503_mont_89_92_1_fu_714.grp_mp_mul_90_91_fu_62,VITIS_LOOP_157_3,seq_loop_status504.csv
grp_EphemeralSecretAgreement_A_1_fu_283.grp_fp2mul503_mont_89_92_1_fu_714.grp_mp_mul_90_91_fu_62.grp_mp_mul_90_91_Pipeline_VITIS_LOOP_145_2_fu_148,VITIS_LOOP_145_2,upc_loop_status1027.csv
grp_EphemeralSecretAgreement_A_1_fu_283.grp_fp2mul503_mont_89_92_1_fu_714.grp_mp_mul_90_91_fu_62.grp_mp_mul_90_91_Pipeline_VITIS_LOOP_159_4_fu_168,VITIS_LOOP_159_4,upc_loop_status1028.csv
grp_EphemeralSecretAgreement_A_1_fu_283.grp_fp2mul503_mont_89_92_1_fu_714.grp_fp2mul503_mont_89_92_1_Pipeline_VITIS_LOOP_350_1_fu_83,VITIS_LOOP_350_1,upc_loop_status1029.csv
grp_EphemeralSecretAgreement_A_1_fu_283.grp_fp2mul503_mont_89_92_1_fu_714.grp_fp2mul503_mont_89_92_1_Pipeline_VITIS_LOOP_350_1140_fu_92,VITIS_LOOP_350_1,upc_loop_status1030.csv
grp_EphemeralSecretAgreement_A_1_fu_283.grp_fp2mul503_mont_89_92_1_fu_714.grp_fp2mul503_mont_89_92_1_Pipeline_VITIS_LOOP_170_1_fu_99,VITIS_LOOP_170_1,upc_loop_status1031.csv
grp_EphemeralSecretAgreement_A_1_fu_283.grp_fp2mul503_mont_89_92_1_fu_714.grp_fp2mul503_mont_89_92_1_Pipeline_VITIS_LOOP_200_1_fu_107,VITIS_LOOP_200_1,upc_loop_status1032.csv
grp_EphemeralSecretAgreement_A_1_fu_283.grp_fp2mul503_mont_89_92_1_fu_714.grp_fp2mul503_mont_89_92_1_Pipeline_VITIS_LOOP_350_1141_fu_115,VITIS_LOOP_350_1,upc_loop_status1033.csv
grp_EphemeralSecretAgreement_A_1_fu_283.grp_fp2mul503_mont_89_92_1_fu_714.grp_rdc_mont_1_fu_121,VITIS_LOOP_186_2,seq_loop_status505.csv
grp_EphemeralSecretAgreement_A_1_fu_283.grp_fp2mul503_mont_89_92_1_fu_714.grp_rdc_mont_1_fu_121,VITIS_LOOP_204_4,seq_loop_status506.csv
grp_EphemeralSecretAgreement_A_1_fu_283.grp_fp2mul503_mont_89_92_1_fu_714.grp_rdc_mont_1_fu_121.grp_rdc_mont_1_Pipeline_VITIS_LOOP_182_1_fu_178,VITIS_LOOP_182_1,upc_loop_status1034.csv
grp_EphemeralSecretAgreement_A_1_fu_283.grp_fp2mul503_mont_89_92_1_fu_714.grp_rdc_mont_1_fu_121.grp_rdc_mont_1_Pipeline_VITIS_LOOP_187_3_fu_184,VITIS_LOOP_187_3,upc_loop_status1035.csv
grp_EphemeralSecretAgreement_A_1_fu_283.grp_fp2mul503_mont_89_92_1_fu_714.grp_rdc_mont_1_fu_121.grp_rdc_mont_1_Pipeline_VITIS_LOOP_208_5_fu_200,VITIS_LOOP_208_5,upc_loop_status1036.csv
grp_EphemeralSecretAgreement_A_1_fu_283.grp_fp2mul503_mont_89_92_1_fu_714.grp_mp_mul_152_fu_130,VITIS_LOOP_143_1,seq_loop_status507.csv
grp_EphemeralSecretAgreement_A_1_fu_283.grp_fp2mul503_mont_89_92_1_fu_714.grp_mp_mul_152_fu_130,VITIS_LOOP_157_3,seq_loop_status508.csv
grp_EphemeralSecretAgreement_A_1_fu_283.grp_fp2mul503_mont_89_92_1_fu_714.grp_mp_mul_152_fu_130.grp_mp_mul_152_Pipeline_VITIS_LOOP_145_2_fu_112,VITIS_LOOP_145_2,upc_loop_status1037.csv
grp_EphemeralSecretAgreement_A_1_fu_283.grp_fp2mul503_mont_89_92_1_fu_714.grp_mp_mul_152_fu_130.grp_mp_mul_152_Pipeline_VITIS_LOOP_159_4_fu_127,VITIS_LOOP_159_4,upc_loop_status1038.csv
grp_EphemeralSecretAgreement_A_1_fu_283.grp_fp2mul503_mont_89_92_1_fu_714.grp_fp2mul503_mont_89_92_1_Pipeline_VITIS_LOOP_170_1142_fu_137,VITIS_LOOP_170_1,upc_loop_status1039.csv
grp_EphemeralSecretAgreement_A_1_fu_283.grp_fp2mul503_mont_89_92_1_fu_714.grp_rdc_mont_2_fu_143,VITIS_LOOP_186_2,seq_loop_status509.csv
grp_EphemeralSecretAgreement_A_1_fu_283.grp_fp2mul503_mont_89_92_1_fu_714.grp_rdc_mont_2_fu_143,VITIS_LOOP_204_4,seq_loop_status510.csv
grp_EphemeralSecretAgreement_A_1_fu_283.grp_fp2mul503_mont_89_92_1_fu_714.grp_rdc_mont_2_fu_143.grp_rdc_mont_2_Pipeline_VITIS_LOOP_182_1_fu_180,VITIS_LOOP_182_1,upc_loop_status1040.csv
grp_EphemeralSecretAgreement_A_1_fu_283.grp_fp2mul503_mont_89_92_1_fu_714.grp_rdc_mont_2_fu_143.grp_rdc_mont_2_Pipeline_VITIS_LOOP_187_3_fu_186,VITIS_LOOP_187_3,upc_loop_status1041.csv
grp_EphemeralSecretAgreement_A_1_fu_283.grp_fp2mul503_mont_89_92_1_fu_714.grp_rdc_mont_2_fu_143.grp_rdc_mont_2_Pipeline_VITIS_LOOP_208_5_fu_202,VITIS_LOOP_208_5,upc_loop_status1042.csv
grp_EphemeralSecretAgreement_A_1_fu_283.grp_fp2mul503_mont_2_fu_726.grp_mp_mul_221_fu_58,VITIS_LOOP_143_1,seq_loop_status511.csv
grp_EphemeralSecretAgreement_A_1_fu_283.grp_fp2mul503_mont_2_fu_726.grp_mp_mul_221_fu_58,VITIS_LOOP_157_3,seq_loop_status512.csv
grp_EphemeralSecretAgreement_A_1_fu_283.grp_fp2mul503_mont_2_fu_726.grp_mp_mul_221_fu_58.grp_mp_mul_221_Pipeline_VITIS_LOOP_145_2_fu_112,VITIS_LOOP_145_2,upc_loop_status1043.csv
grp_EphemeralSecretAgreement_A_1_fu_283.grp_fp2mul503_mont_2_fu_726.grp_mp_mul_221_fu_58.grp_mp_mul_221_Pipeline_VITIS_LOOP_159_4_fu_127,VITIS_LOOP_159_4,upc_loop_status1044.csv
grp_EphemeralSecretAgreement_A_1_fu_283.grp_fp2mul503_mont_2_fu_726.grp_mp_mul_319_fu_68,VITIS_LOOP_143_1,seq_loop_status513.csv
grp_EphemeralSecretAgreement_A_1_fu_283.grp_fp2mul503_mont_2_fu_726.grp_mp_mul_319_fu_68,VITIS_LOOP_157_3,seq_loop_status514.csv
grp_EphemeralSecretAgreement_A_1_fu_283.grp_fp2mul503_mont_2_fu_726.grp_mp_mul_319_fu_68.grp_mp_mul_319_Pipeline_VITIS_LOOP_145_2_fu_112,VITIS_LOOP_145_2,upc_loop_status1045.csv
grp_EphemeralSecretAgreement_A_1_fu_283.grp_fp2mul503_mont_2_fu_726.grp_mp_mul_319_fu_68.grp_mp_mul_319_Pipeline_VITIS_LOOP_159_4_fu_127,VITIS_LOOP_159_4,upc_loop_status1046.csv
grp_EphemeralSecretAgreement_A_1_fu_283.grp_fp2mul503_mont_2_fu_726.grp_fp2mul503_mont_2_Pipeline_VITIS_LOOP_350_1_fu_77,VITIS_LOOP_350_1,upc_loop_status1047.csv
grp_EphemeralSecretAgreement_A_1_fu_283.grp_fp2mul503_mont_2_fu_726.grp_fp2mul503_mont_2_Pipeline_VITIS_LOOP_350_1176_fu_84,VITIS_LOOP_350_1,upc_loop_status1048.csv
grp_EphemeralSecretAgreement_A_1_fu_283.grp_fp2mul503_mont_2_fu_726.grp_fp2mul503_mont_2_Pipeline_VITIS_LOOP_170_1_fu_91,VITIS_LOOP_170_1,upc_loop_status1049.csv
grp_EphemeralSecretAgreement_A_1_fu_283.grp_fp2mul503_mont_2_fu_726.grp_fp2mul503_mont_2_Pipeline_VITIS_LOOP_200_1_fu_99,VITIS_LOOP_200_1,upc_loop_status1050.csv
grp_EphemeralSecretAgreement_A_1_fu_283.grp_fp2mul503_mont_2_fu_726.grp_fp2mul503_mont_2_Pipeline_VITIS_LOOP_350_1177_fu_107,VITIS_LOOP_350_1,upc_loop_status1051.csv
grp_EphemeralSecretAgreement_A_1_fu_283.grp_fp2mul503_mont_2_fu_726.grp_rdc_mont_1_fu_113,VITIS_LOOP_186_2,seq_loop_status515.csv
grp_EphemeralSecretAgreement_A_1_fu_283.grp_fp2mul503_mont_2_fu_726.grp_rdc_mont_1_fu_113,VITIS_LOOP_204_4,seq_loop_status516.csv
grp_EphemeralSecretAgreement_A_1_fu_283.grp_fp2mul503_mont_2_fu_726.grp_rdc_mont_1_fu_113.grp_rdc_mont_1_Pipeline_VITIS_LOOP_182_1_fu_178,VITIS_LOOP_182_1,upc_loop_status1052.csv
grp_EphemeralSecretAgreement_A_1_fu_283.grp_fp2mul503_mont_2_fu_726.grp_rdc_mont_1_fu_113.grp_rdc_mont_1_Pipeline_VITIS_LOOP_187_3_fu_184,VITIS_LOOP_187_3,upc_loop_status1053.csv
grp_EphemeralSecretAgreement_A_1_fu_283.grp_fp2mul503_mont_2_fu_726.grp_rdc_mont_1_fu_113.grp_rdc_mont_1_Pipeline_VITIS_LOOP_208_5_fu_200,VITIS_LOOP_208_5,upc_loop_status1054.csv
grp_EphemeralSecretAgreement_A_1_fu_283.grp_fp2mul503_mont_2_fu_726.grp_mp_mul_152_fu_122,VITIS_LOOP_143_1,seq_loop_status517.csv
grp_EphemeralSecretAgreement_A_1_fu_283.grp_fp2mul503_mont_2_fu_726.grp_mp_mul_152_fu_122,VITIS_LOOP_157_3,seq_loop_status518.csv
grp_EphemeralSecretAgreement_A_1_fu_283.grp_fp2mul503_mont_2_fu_726.grp_mp_mul_152_fu_122.grp_mp_mul_152_Pipeline_VITIS_LOOP_145_2_fu_112,VITIS_LOOP_145_2,upc_loop_status1055.csv
grp_EphemeralSecretAgreement_A_1_fu_283.grp_fp2mul503_mont_2_fu_726.grp_mp_mul_152_fu_122.grp_mp_mul_152_Pipeline_VITIS_LOOP_159_4_fu_127,VITIS_LOOP_159_4,upc_loop_status1056.csv
grp_EphemeralSecretAgreement_A_1_fu_283.grp_fp2mul503_mont_2_fu_726.grp_fp2mul503_mont_2_Pipeline_VITIS_LOOP_170_1178_fu_129,VITIS_LOOP_170_1,upc_loop_status1057.csv
grp_EphemeralSecretAgreement_A_1_fu_283.grp_fp2mul503_mont_2_fu_726.grp_rdc_mont_2_fu_135,VITIS_LOOP_186_2,seq_loop_status519.csv
grp_EphemeralSecretAgreement_A_1_fu_283.grp_fp2mul503_mont_2_fu_726.grp_rdc_mont_2_fu_135,VITIS_LOOP_204_4,seq_loop_status520.csv
grp_EphemeralSecretAgreement_A_1_fu_283.grp_fp2mul503_mont_2_fu_726.grp_rdc_mont_2_fu_135.grp_rdc_mont_2_Pipeline_VITIS_LOOP_182_1_fu_180,VITIS_LOOP_182_1,upc_loop_status1058.csv
grp_EphemeralSecretAgreement_A_1_fu_283.grp_fp2mul503_mont_2_fu_726.grp_rdc_mont_2_fu_135.grp_rdc_mont_2_Pipeline_VITIS_LOOP_187_3_fu_186,VITIS_LOOP_187_3,upc_loop_status1059.csv
grp_EphemeralSecretAgreement_A_1_fu_283.grp_fp2mul503_mont_2_fu_726.grp_rdc_mont_2_fu_135.grp_rdc_mont_2_Pipeline_VITIS_LOOP_208_5_fu_202,VITIS_LOOP_208_5,upc_loop_status1060.csv
grp_EphemeralSecretAgreement_A_1_fu_283.grp_fp2mul503_mont_133_fu_737.grp_mp_mul_148_fu_58,VITIS_LOOP_143_1,seq_loop_status521.csv
grp_EphemeralSecretAgreement_A_1_fu_283.grp_fp2mul503_mont_133_fu_737.grp_mp_mul_148_fu_58,VITIS_LOOP_157_3,seq_loop_status522.csv
grp_EphemeralSecretAgreement_A_1_fu_283.grp_fp2mul503_mont_133_fu_737.grp_mp_mul_148_fu_58.grp_mp_mul_148_Pipeline_VITIS_LOOP_145_2_fu_134,VITIS_LOOP_145_2,upc_loop_status1061.csv
grp_EphemeralSecretAgreement_A_1_fu_283.grp_fp2mul503_mont_133_fu_737.grp_mp_mul_148_fu_58.grp_mp_mul_148_Pipeline_VITIS_LOOP_159_4_fu_151,VITIS_LOOP_159_4,upc_loop_status1062.csv
grp_EphemeralSecretAgreement_A_1_fu_283.grp_fp2mul503_mont_133_fu_737.grp_fp2mul503_mont_133_Pipeline_VITIS_LOOP_350_1_fu_74,VITIS_LOOP_350_1,upc_loop_status1063.csv
grp_EphemeralSecretAgreement_A_1_fu_283.grp_fp2mul503_mont_133_fu_737.grp_fp2mul503_mont_133_Pipeline_VITIS_LOOP_350_1188_fu_81,VITIS_LOOP_350_1,upc_loop_status1064.csv
grp_EphemeralSecretAgreement_A_1_fu_283.grp_fp2mul503_mont_133_fu_737.grp_fp2mul503_mont_133_Pipeline_VITIS_LOOP_170_1_fu_88,VITIS_LOOP_170_1,upc_loop_status1065.csv
grp_EphemeralSecretAgreement_A_1_fu_283.grp_fp2mul503_mont_133_fu_737.grp_fp2mul503_mont_133_Pipeline_VITIS_LOOP_200_1_fu_96,VITIS_LOOP_200_1,upc_loop_status1066.csv
grp_EphemeralSecretAgreement_A_1_fu_283.grp_fp2mul503_mont_133_fu_737.grp_fp2mul503_mont_133_Pipeline_VITIS_LOOP_350_1189_fu_104,VITIS_LOOP_350_1,upc_loop_status1067.csv
grp_EphemeralSecretAgreement_A_1_fu_283.grp_fp2mul503_mont_133_fu_737.grp_rdc_mont_140_fu_110,VITIS_LOOP_186_2,seq_loop_status523.csv
grp_EphemeralSecretAgreement_A_1_fu_283.grp_fp2mul503_mont_133_fu_737.grp_rdc_mont_140_fu_110,VITIS_LOOP_204_4,seq_loop_status524.csv
grp_EphemeralSecretAgreement_A_1_fu_283.grp_fp2mul503_mont_133_fu_737.grp_rdc_mont_140_fu_110.grp_rdc_mont_140_Pipeline_VITIS_LOOP_182_1_fu_192,VITIS_LOOP_182_1,upc_loop_status1068.csv
grp_EphemeralSecretAgreement_A_1_fu_283.grp_fp2mul503_mont_133_fu_737.grp_rdc_mont_140_fu_110.grp_rdc_mont_140_Pipeline_VITIS_LOOP_187_3_fu_199,VITIS_LOOP_187_3,upc_loop_status1069.csv
grp_EphemeralSecretAgreement_A_1_fu_283.grp_fp2mul503_mont_133_fu_737.grp_rdc_mont_140_fu_110.grp_rdc_mont_140_Pipeline_VITIS_LOOP_208_5_fu_216,VITIS_LOOP_208_5,upc_loop_status1070.csv
grp_EphemeralSecretAgreement_A_1_fu_283.grp_fp2mul503_mont_133_fu_737.grp_mp_mul_152_fu_122,VITIS_LOOP_143_1,seq_loop_status525.csv
grp_EphemeralSecretAgreement_A_1_fu_283.grp_fp2mul503_mont_133_fu_737.grp_mp_mul_152_fu_122,VITIS_LOOP_157_3,seq_loop_status526.csv
grp_EphemeralSecretAgreement_A_1_fu_283.grp_fp2mul503_mont_133_fu_737.grp_mp_mul_152_fu_122.grp_mp_mul_152_Pipeline_VITIS_LOOP_145_2_fu_112,VITIS_LOOP_145_2,upc_loop_status1071.csv
grp_EphemeralSecretAgreement_A_1_fu_283.grp_fp2mul503_mont_133_fu_737.grp_mp_mul_152_fu_122.grp_mp_mul_152_Pipeline_VITIS_LOOP_159_4_fu_127,VITIS_LOOP_159_4,upc_loop_status1072.csv
grp_EphemeralSecretAgreement_A_1_fu_283.grp_fp2mul503_mont_133_fu_737.grp_fp2mul503_mont_133_Pipeline_VITIS_LOOP_170_1190_fu_129,VITIS_LOOP_170_1,upc_loop_status1073.csv
grp_EphemeralSecretAgreement_A_1_fu_283.grp_fpadd503_3_fu_748.grp_fpadd503_3_Pipeline_VITIS_LOOP_23_1_fu_18,VITIS_LOOP_23_1,upc_loop_status1074.csv
grp_EphemeralSecretAgreement_A_1_fu_283.grp_fpadd503_3_fu_748.grp_fpadd503_3_Pipeline_VITIS_LOOP_28_2_fu_26,VITIS_LOOP_28_2,upc_loop_status1075.csv
grp_EphemeralSecretAgreement_A_1_fu_283.grp_fpadd503_3_fu_748.grp_fpadd503_3_Pipeline_VITIS_LOOP_34_3_fu_35,VITIS_LOOP_34_3,upc_loop_status1076.csv
grp_EphemeralSecretAgreement_A_1_fu_283.grp_fpadd503_4_fu_756.grp_fpadd503_4_Pipeline_VITIS_LOOP_23_1_fu_18,VITIS_LOOP_23_1,upc_loop_status1077.csv
grp_EphemeralSecretAgreement_A_1_fu_283.grp_fpadd503_4_fu_756.grp_fpadd503_4_Pipeline_VITIS_LOOP_28_2_fu_26,VITIS_LOOP_28_2,upc_loop_status1078.csv
grp_EphemeralSecretAgreement_A_1_fu_283.grp_fpadd503_4_fu_756.grp_fpadd503_4_Pipeline_VITIS_LOOP_34_3_fu_35,VITIS_LOOP_34_3,upc_loop_status1079.csv
grp_EphemeralSecretAgreement_A_1_fu_283.grp_fp2mul503_mont_3_fu_764.grp_mp_mul_3_fu_56,VITIS_LOOP_143_1,seq_loop_status527.csv
grp_EphemeralSecretAgreement_A_1_fu_283.grp_fp2mul503_mont_3_fu_764.grp_mp_mul_3_fu_56,VITIS_LOOP_157_3,seq_loop_status528.csv
grp_EphemeralSecretAgreement_A_1_fu_283.grp_fp2mul503_mont_3_fu_764.grp_mp_mul_3_fu_56.grp_mp_mul_3_Pipeline_VITIS_LOOP_145_2_fu_112,VITIS_LOOP_145_2,upc_loop_status1080.csv
grp_EphemeralSecretAgreement_A_1_fu_283.grp_fp2mul503_mont_3_fu_764.grp_mp_mul_3_fu_56.grp_mp_mul_3_Pipeline_VITIS_LOOP_159_4_fu_127,VITIS_LOOP_159_4,upc_loop_status1081.csv
grp_EphemeralSecretAgreement_A_1_fu_283.grp_fp2mul503_mont_3_fu_764.grp_mp_mul_4_fu_66,VITIS_LOOP_143_1,seq_loop_status529.csv
grp_EphemeralSecretAgreement_A_1_fu_283.grp_fp2mul503_mont_3_fu_764.grp_mp_mul_4_fu_66,VITIS_LOOP_157_3,seq_loop_status530.csv
grp_EphemeralSecretAgreement_A_1_fu_283.grp_fp2mul503_mont_3_fu_764.grp_mp_mul_4_fu_66.grp_mp_mul_4_Pipeline_VITIS_LOOP_145_2_fu_112,VITIS_LOOP_145_2,upc_loop_status1082.csv
grp_EphemeralSecretAgreement_A_1_fu_283.grp_fp2mul503_mont_3_fu_764.grp_mp_mul_4_fu_66.grp_mp_mul_4_Pipeline_VITIS_LOOP_159_4_fu_127,VITIS_LOOP_159_4,upc_loop_status1083.csv
grp_EphemeralSecretAgreement_A_1_fu_283.grp_fp2mul503_mont_3_fu_764.grp_fp2mul503_mont_3_Pipeline_VITIS_LOOP_350_1_fu_75,VITIS_LOOP_350_1,upc_loop_status1084.csv
grp_EphemeralSecretAgreement_A_1_fu_283.grp_fp2mul503_mont_3_fu_764.grp_fp2mul503_mont_3_Pipeline_VITIS_LOOP_350_1173_fu_82,VITIS_LOOP_350_1,upc_loop_status1085.csv
grp_EphemeralSecretAgreement_A_1_fu_283.grp_fp2mul503_mont_3_fu_764.grp_fp2mul503_mont_3_Pipeline_VITIS_LOOP_170_1_fu_89,VITIS_LOOP_170_1,upc_loop_status1086.csv
grp_EphemeralSecretAgreement_A_1_fu_283.grp_fp2mul503_mont_3_fu_764.grp_fp2mul503_mont_3_Pipeline_VITIS_LOOP_200_1_fu_97,VITIS_LOOP_200_1,upc_loop_status1087.csv
grp_EphemeralSecretAgreement_A_1_fu_283.grp_fp2mul503_mont_3_fu_764.grp_fp2mul503_mont_3_Pipeline_VITIS_LOOP_350_1174_fu_105,VITIS_LOOP_350_1,upc_loop_status1088.csv
grp_EphemeralSecretAgreement_A_1_fu_283.grp_fp2mul503_mont_3_fu_764.grp_rdc_mont_1_fu_111,VITIS_LOOP_186_2,seq_loop_status531.csv
grp_EphemeralSecretAgreement_A_1_fu_283.grp_fp2mul503_mont_3_fu_764.grp_rdc_mont_1_fu_111,VITIS_LOOP_204_4,seq_loop_status532.csv
grp_EphemeralSecretAgreement_A_1_fu_283.grp_fp2mul503_mont_3_fu_764.grp_rdc_mont_1_fu_111.grp_rdc_mont_1_Pipeline_VITIS_LOOP_182_1_fu_178,VITIS_LOOP_182_1,upc_loop_status1089.csv
grp_EphemeralSecretAgreement_A_1_fu_283.grp_fp2mul503_mont_3_fu_764.grp_rdc_mont_1_fu_111.grp_rdc_mont_1_Pipeline_VITIS_LOOP_187_3_fu_184,VITIS_LOOP_187_3,upc_loop_status1090.csv
grp_EphemeralSecretAgreement_A_1_fu_283.grp_fp2mul503_mont_3_fu_764.grp_rdc_mont_1_fu_111.grp_rdc_mont_1_Pipeline_VITIS_LOOP_208_5_fu_200,VITIS_LOOP_208_5,upc_loop_status1091.csv
grp_EphemeralSecretAgreement_A_1_fu_283.grp_fp2mul503_mont_3_fu_764.grp_mp_mul_152_fu_120,VITIS_LOOP_143_1,seq_loop_status533.csv
grp_EphemeralSecretAgreement_A_1_fu_283.grp_fp2mul503_mont_3_fu_764.grp_mp_mul_152_fu_120,VITIS_LOOP_157_3,seq_loop_status534.csv
grp_EphemeralSecretAgreement_A_1_fu_283.grp_fp2mul503_mont_3_fu_764.grp_mp_mul_152_fu_120.grp_mp_mul_152_Pipeline_VITIS_LOOP_145_2_fu_112,VITIS_LOOP_145_2,upc_loop_status1092.csv
grp_EphemeralSecretAgreement_A_1_fu_283.grp_fp2mul503_mont_3_fu_764.grp_mp_mul_152_fu_120.grp_mp_mul_152_Pipeline_VITIS_LOOP_159_4_fu_127,VITIS_LOOP_159_4,upc_loop_status1093.csv
grp_EphemeralSecretAgreement_A_1_fu_283.grp_fp2mul503_mont_3_fu_764.grp_fp2mul503_mont_3_Pipeline_VITIS_LOOP_170_1175_fu_127,VITIS_LOOP_170_1,upc_loop_status1094.csv
grp_EphemeralSecretAgreement_A_1_fu_283.grp_fp2mul503_mont_3_fu_764.grp_rdc_mont_2_fu_133,VITIS_LOOP_186_2,seq_loop_status535.csv
grp_EphemeralSecretAgreement_A_1_fu_283.grp_fp2mul503_mont_3_fu_764.grp_rdc_mont_2_fu_133,VITIS_LOOP_204_4,seq_loop_status536.csv
grp_EphemeralSecretAgreement_A_1_fu_283.grp_fp2mul503_mont_3_fu_764.grp_rdc_mont_2_fu_133.grp_rdc_mont_2_Pipeline_VITIS_LOOP_182_1_fu_180,VITIS_LOOP_182_1,upc_loop_status1095.csv
grp_EphemeralSecretAgreement_A_1_fu_283.grp_fp2mul503_mont_3_fu_764.grp_rdc_mont_2_fu_133.grp_rdc_mont_2_Pipeline_VITIS_LOOP_187_3_fu_186,VITIS_LOOP_187_3,upc_loop_status1096.csv
grp_EphemeralSecretAgreement_A_1_fu_283.grp_fp2mul503_mont_3_fu_764.grp_rdc_mont_2_fu_133.grp_rdc_mont_2_Pipeline_VITIS_LOOP_208_5_fu_202,VITIS_LOOP_208_5,upc_loop_status1097.csv
grp_EphemeralSecretAgreement_A_1_fu_283.grp_fpsub503_4_fu_774.grp_fpsub503_4_Pipeline_VITIS_LOOP_47_1_fu_20,VITIS_LOOP_47_1,upc_loop_status1098.csv
grp_EphemeralSecretAgreement_A_1_fu_283.grp_fpsub503_4_fu_774.grp_fpsub503_4_Pipeline_VITIS_LOOP_53_2_fu_31,VITIS_LOOP_53_2,upc_loop_status1099.csv
grp_EphemeralSecretAgreement_A_1_fu_283.grp_fpadd503_5_fu_783.grp_fpadd503_5_Pipeline_VITIS_LOOP_23_1_fu_22,VITIS_LOOP_23_1,upc_loop_status1100.csv
grp_EphemeralSecretAgreement_A_1_fu_283.grp_fpadd503_5_fu_783.grp_fpadd503_5_Pipeline_VITIS_LOOP_28_2_fu_32,VITIS_LOOP_28_2,upc_loop_status1101.csv
grp_EphemeralSecretAgreement_A_1_fu_283.grp_fpadd503_5_fu_783.grp_fpadd503_5_Pipeline_VITIS_LOOP_34_3_fu_41,VITIS_LOOP_34_3,upc_loop_status1102.csv
grp_EphemeralSecretAgreement_A_1_fu_283.grp_fpadd503_6_fu_792.grp_fpadd503_6_Pipeline_VITIS_LOOP_23_1_fu_22,VITIS_LOOP_23_1,upc_loop_status1103.csv
grp_EphemeralSecretAgreement_A_1_fu_283.grp_fpadd503_6_fu_792.grp_fpadd503_6_Pipeline_VITIS_LOOP_28_2_fu_32,VITIS_LOOP_28_2,upc_loop_status1104.csv
grp_EphemeralSecretAgreement_A_1_fu_283.grp_fpadd503_6_fu_792.grp_fpadd503_6_Pipeline_VITIS_LOOP_34_3_fu_41,VITIS_LOOP_34_3,upc_loop_status1105.csv
grp_EphemeralSecretAgreement_A_1_fu_283.grp_fp2sqr503_mont_1_fu_801.grp_fp2sqr503_mont_1_Pipeline_VITIS_LOOP_350_1_fu_58,VITIS_LOOP_350_1,upc_loop_status1106.csv
grp_EphemeralSecretAgreement_A_1_fu_283.grp_fp2sqr503_mont_1_fu_801.grp_fp2sqr503_mont_1_Pipeline_5_fu_66,Loop 1,upc_loop_status1107.csv
grp_EphemeralSecretAgreement_A_1_fu_283.grp_fp2sqr503_mont_1_fu_801.grp_fp2sqr503_mont_1_Pipeline_6_fu_72,Loop 1,upc_loop_status1108.csv
grp_EphemeralSecretAgreement_A_1_fu_283.grp_fp2sqr503_mont_1_fu_801.grp_fp2sqr503_mont_1_Pipeline_VITIS_LOOP_47_1_fu_78,VITIS_LOOP_47_1,upc_loop_status1109.csv
grp_EphemeralSecretAgreement_A_1_fu_283.grp_fp2sqr503_mont_1_fu_801.grp_fp2sqr503_mont_1_Pipeline_VITIS_LOOP_53_2_fu_86,VITIS_LOOP_53_2,upc_loop_status1110.csv
grp_EphemeralSecretAgreement_A_1_fu_283.grp_fp2sqr503_mont_1_fu_801.grp_fp2sqr503_mont_1_Pipeline_VITIS_LOOP_350_1138_fu_94,VITIS_LOOP_350_1,upc_loop_status1111.csv
grp_EphemeralSecretAgreement_A_1_fu_283.grp_fp2sqr503_mont_1_fu_801.grp_mp_mul_152_fu_101,VITIS_LOOP_143_1,seq_loop_status537.csv
grp_EphemeralSecretAgreement_A_1_fu_283.grp_fp2sqr503_mont_1_fu_801.grp_mp_mul_152_fu_101,VITIS_LOOP_157_3,seq_loop_status538.csv
grp_EphemeralSecretAgreement_A_1_fu_283.grp_fp2sqr503_mont_1_fu_801.grp_mp_mul_152_fu_101.grp_mp_mul_152_Pipeline_VITIS_LOOP_145_2_fu_112,VITIS_LOOP_145_2,upc_loop_status1112.csv
grp_EphemeralSecretAgreement_A_1_fu_283.grp_fp2sqr503_mont_1_fu_801.grp_mp_mul_152_fu_101.grp_mp_mul_152_Pipeline_VITIS_LOOP_159_4_fu_127,VITIS_LOOP_159_4,upc_loop_status1113.csv
grp_EphemeralSecretAgreement_A_1_fu_283.grp_fp2sqr503_mont_1_fu_801.grp_mp_mul_320_fu_108,VITIS_LOOP_143_1,seq_loop_status539.csv
grp_EphemeralSecretAgreement_A_1_fu_283.grp_fp2sqr503_mont_1_fu_801.grp_mp_mul_320_fu_108,VITIS_LOOP_157_3,seq_loop_status540.csv
grp_EphemeralSecretAgreement_A_1_fu_283.grp_fp2sqr503_mont_1_fu_801.grp_mp_mul_320_fu_108.grp_mp_mul_320_Pipeline_VITIS_LOOP_145_2_fu_112,VITIS_LOOP_145_2,upc_loop_status1114.csv
grp_EphemeralSecretAgreement_A_1_fu_283.grp_fp2sqr503_mont_1_fu_801.grp_mp_mul_320_fu_108.grp_mp_mul_320_Pipeline_VITIS_LOOP_159_4_fu_127,VITIS_LOOP_159_4,upc_loop_status1115.csv
grp_EphemeralSecretAgreement_A_1_fu_283.grp_fp2sqr503_mont_1_fu_801.grp_rdc_mont_3_fu_116,VITIS_LOOP_186_2,seq_loop_status541.csv
grp_EphemeralSecretAgreement_A_1_fu_283.grp_fp2sqr503_mont_1_fu_801.grp_rdc_mont_3_fu_116,VITIS_LOOP_204_4,seq_loop_status542.csv
grp_EphemeralSecretAgreement_A_1_fu_283.grp_fp2sqr503_mont_1_fu_801.grp_rdc_mont_3_fu_116.grp_rdc_mont_3_Pipeline_VITIS_LOOP_182_1_fu_181,VITIS_LOOP_182_1,upc_loop_status1116.csv
grp_EphemeralSecretAgreement_A_1_fu_283.grp_fp2sqr503_mont_1_fu_801.grp_rdc_mont_3_fu_116.grp_rdc_mont_3_Pipeline_VITIS_LOOP_187_3_fu_187,VITIS_LOOP_187_3,upc_loop_status1117.csv
grp_EphemeralSecretAgreement_A_1_fu_283.grp_fp2sqr503_mont_1_fu_801.grp_rdc_mont_3_fu_116.grp_rdc_mont_3_Pipeline_VITIS_LOOP_208_5_fu_203,VITIS_LOOP_208_5,upc_loop_status1118.csv
grp_EphemeralSecretAgreement_A_1_fu_283.grp_fp2sqr503_mont_1_fu_801.grp_rdc_mont_4_fu_125,VITIS_LOOP_186_2,seq_loop_status543.csv
grp_EphemeralSecretAgreement_A_1_fu_283.grp_fp2sqr503_mont_1_fu_801.grp_rdc_mont_4_fu_125,VITIS_LOOP_204_4,seq_loop_status544.csv
grp_EphemeralSecretAgreement_A_1_fu_283.grp_fp2sqr503_mont_1_fu_801.grp_rdc_mont_4_fu_125.grp_rdc_mont_4_Pipeline_VITIS_LOOP_182_1_fu_198,VITIS_LOOP_182_1,upc_loop_status1119.csv
grp_EphemeralSecretAgreement_A_1_fu_283.grp_fp2sqr503_mont_1_fu_801.grp_rdc_mont_4_fu_125.grp_rdc_mont_4_Pipeline_VITIS_LOOP_187_3_fu_207,VITIS_LOOP_187_3,upc_loop_status1120.csv
grp_EphemeralSecretAgreement_A_1_fu_283.grp_fp2sqr503_mont_1_fu_801.grp_rdc_mont_4_fu_125.grp_rdc_mont_4_Pipeline_VITIS_LOOP_208_5_fu_224,VITIS_LOOP_208_5,upc_loop_status1121.csv
grp_EphemeralSecretAgreement_A_1_fu_283.grp_fp2sqr503_mont_3_fu_811.grp_fp2sqr503_mont_3_Pipeline_VITIS_LOOP_350_1_fu_56,VITIS_LOOP_350_1,upc_loop_status1122.csv
grp_EphemeralSecretAgreement_A_1_fu_283.grp_fp2sqr503_mont_3_fu_811.grp_fp2sqr503_mont_3_Pipeline_5_fu_64,Loop 1,upc_loop_status1123.csv
grp_EphemeralSecretAgreement_A_1_fu_283.grp_fp2sqr503_mont_3_fu_811.grp_fp2sqr503_mont_3_Pipeline_6_fu_70,Loop 1,upc_loop_status1124.csv
grp_EphemeralSecretAgreement_A_1_fu_283.grp_fp2sqr503_mont_3_fu_811.grp_fp2sqr503_mont_3_Pipeline_VITIS_LOOP_47_1_fu_76,VITIS_LOOP_47_1,upc_loop_status1125.csv
grp_EphemeralSecretAgreement_A_1_fu_283.grp_fp2sqr503_mont_3_fu_811.grp_fp2sqr503_mont_3_Pipeline_VITIS_LOOP_53_2_fu_84,VITIS_LOOP_53_2,upc_loop_status1126.csv
grp_EphemeralSecretAgreement_A_1_fu_283.grp_fp2sqr503_mont_3_fu_811.grp_fp2sqr503_mont_3_Pipeline_VITIS_LOOP_350_1131_fu_92,VITIS_LOOP_350_1,upc_loop_status1127.csv
grp_EphemeralSecretAgreement_A_1_fu_283.grp_fp2sqr503_mont_3_fu_811.grp_mp_mul_152_fu_99,VITIS_LOOP_143_1,seq_loop_status545.csv
grp_EphemeralSecretAgreement_A_1_fu_283.grp_fp2sqr503_mont_3_fu_811.grp_mp_mul_152_fu_99,VITIS_LOOP_157_3,seq_loop_status546.csv
grp_EphemeralSecretAgreement_A_1_fu_283.grp_fp2sqr503_mont_3_fu_811.grp_mp_mul_152_fu_99.grp_mp_mul_152_Pipeline_VITIS_LOOP_145_2_fu_112,VITIS_LOOP_145_2,upc_loop_status1128.csv
grp_EphemeralSecretAgreement_A_1_fu_283.grp_fp2sqr503_mont_3_fu_811.grp_mp_mul_152_fu_99.grp_mp_mul_152_Pipeline_VITIS_LOOP_159_4_fu_127,VITIS_LOOP_159_4,upc_loop_status1129.csv
grp_EphemeralSecretAgreement_A_1_fu_283.grp_fp2sqr503_mont_3_fu_811.grp_mp_mul_320_fu_106,VITIS_LOOP_143_1,seq_loop_status547.csv
grp_EphemeralSecretAgreement_A_1_fu_283.grp_fp2sqr503_mont_3_fu_811.grp_mp_mul_320_fu_106,VITIS_LOOP_157_3,seq_loop_status548.csv
grp_EphemeralSecretAgreement_A_1_fu_283.grp_fp2sqr503_mont_3_fu_811.grp_mp_mul_320_fu_106.grp_mp_mul_320_Pipeline_VITIS_LOOP_145_2_fu_112,VITIS_LOOP_145_2,upc_loop_status1130.csv
grp_EphemeralSecretAgreement_A_1_fu_283.grp_fp2sqr503_mont_3_fu_811.grp_mp_mul_320_fu_106.grp_mp_mul_320_Pipeline_VITIS_LOOP_159_4_fu_127,VITIS_LOOP_159_4,upc_loop_status1131.csv
grp_EphemeralSecretAgreement_A_1_fu_283.grp_fp2sqr503_mont_3_fu_811.grp_rdc_mont_140_fu_114,VITIS_LOOP_186_2,seq_loop_status549.csv
grp_EphemeralSecretAgreement_A_1_fu_283.grp_fp2sqr503_mont_3_fu_811.grp_rdc_mont_140_fu_114,VITIS_LOOP_204_4,seq_loop_status550.csv
grp_EphemeralSecretAgreement_A_1_fu_283.grp_fp2sqr503_mont_3_fu_811.grp_rdc_mont_140_fu_114.grp_rdc_mont_140_Pipeline_VITIS_LOOP_182_1_fu_192,VITIS_LOOP_182_1,upc_loop_status1132.csv
grp_EphemeralSecretAgreement_A_1_fu_283.grp_fp2sqr503_mont_3_fu_811.grp_rdc_mont_140_fu_114.grp_rdc_mont_140_Pipeline_VITIS_LOOP_187_3_fu_199,VITIS_LOOP_187_3,upc_loop_status1133.csv
grp_EphemeralSecretAgreement_A_1_fu_283.grp_fp2sqr503_mont_3_fu_811.grp_rdc_mont_140_fu_114.grp_rdc_mont_140_Pipeline_VITIS_LOOP_208_5_fu_216,VITIS_LOOP_208_5,upc_loop_status1134.csv
grp_EphemeralSecretAgreement_A_1_fu_283.grp_fpadd503_7_fu_821.grp_fpadd503_7_Pipeline_VITIS_LOOP_23_1_fu_18,VITIS_LOOP_23_1,upc_loop_status1135.csv
grp_EphemeralSecretAgreement_A_1_fu_283.grp_fpadd503_7_fu_821.grp_fpadd503_7_Pipeline_VITIS_LOOP_28_2_fu_24,VITIS_LOOP_28_2,upc_loop_status1136.csv
grp_EphemeralSecretAgreement_A_1_fu_283.grp_fpadd503_7_fu_821.grp_fpadd503_7_Pipeline_VITIS_LOOP_34_3_fu_33,VITIS_LOOP_34_3,upc_loop_status1137.csv
grp_EphemeralSecretAgreement_A_1_fu_283.grp_fpadd503_8_fu_828.grp_fpadd503_8_Pipeline_VITIS_LOOP_23_1_fu_18,VITIS_LOOP_23_1,upc_loop_status1138.csv
grp_EphemeralSecretAgreement_A_1_fu_283.grp_fpadd503_8_fu_828.grp_fpadd503_8_Pipeline_VITIS_LOOP_28_2_fu_24,VITIS_LOOP_28_2,upc_loop_status1139.csv
grp_EphemeralSecretAgreement_A_1_fu_283.grp_fpadd503_8_fu_828.grp_fpadd503_8_Pipeline_VITIS_LOOP_34_3_fu_33,VITIS_LOOP_34_3,upc_loop_status1140.csv
grp_EphemeralSecretAgreement_A_1_fu_283.grp_fp2sqr503_mont_81_84_1_fu_835.grp_fp2sqr503_mont_81_84_1_Pipeline_VITIS_LOOP_350_1_fu_60,VITIS_LOOP_350_1,upc_loop_status1141.csv
grp_EphemeralSecretAgreement_A_1_fu_283.grp_fp2sqr503_mont_81_84_1_fu_835.grp_fp2sqr503_mont_81_84_1_Pipeline_5_fu_68,Loop 1,upc_loop_status1142.csv
grp_EphemeralSecretAgreement_A_1_fu_283.grp_fp2sqr503_mont_81_84_1_fu_835.grp_fp2sqr503_mont_81_84_1_Pipeline_6_fu_74,Loop 1,upc_loop_status1143.csv
grp_EphemeralSecretAgreement_A_1_fu_283.grp_fp2sqr503_mont_81_84_1_fu_835.grp_fp2sqr503_mont_81_84_1_Pipeline_VITIS_LOOP_47_1_fu_80,VITIS_LOOP_47_1,upc_loop_status1144.csv
grp_EphemeralSecretAgreement_A_1_fu_283.grp_fp2sqr503_mont_81_84_1_fu_835.grp_fp2sqr503_mont_81_84_1_Pipeline_VITIS_LOOP_53_2_fu_88,VITIS_LOOP_53_2,upc_loop_status1145.csv
grp_EphemeralSecretAgreement_A_1_fu_283.grp_fp2sqr503_mont_81_84_1_fu_835.grp_fp2sqr503_mont_81_84_1_Pipeline_VITIS_LOOP_350_1129_fu_96,VITIS_LOOP_350_1,upc_loop_status1146.csv
grp_EphemeralSecretAgreement_A_1_fu_283.grp_fp2sqr503_mont_81_84_1_fu_835.grp_mp_mul_152_fu_103,VITIS_LOOP_143_1,seq_loop_status551.csv
grp_EphemeralSecretAgreement_A_1_fu_283.grp_fp2sqr503_mont_81_84_1_fu_835.grp_mp_mul_152_fu_103,VITIS_LOOP_157_3,seq_loop_status552.csv
grp_EphemeralSecretAgreement_A_1_fu_283.grp_fp2sqr503_mont_81_84_1_fu_835.grp_mp_mul_152_fu_103.grp_mp_mul_152_Pipeline_VITIS_LOOP_145_2_fu_112,VITIS_LOOP_145_2,upc_loop_status1147.csv
grp_EphemeralSecretAgreement_A_1_fu_283.grp_fp2sqr503_mont_81_84_1_fu_835.grp_mp_mul_152_fu_103.grp_mp_mul_152_Pipeline_VITIS_LOOP_159_4_fu_127,VITIS_LOOP_159_4,upc_loop_status1148.csv
grp_EphemeralSecretAgreement_A_1_fu_283.grp_fp2sqr503_mont_81_84_1_fu_835.grp_mp_mul_685_fu_110,VITIS_LOOP_143_1,seq_loop_status553.csv
grp_EphemeralSecretAgreement_A_1_fu_283.grp_fp2sqr503_mont_81_84_1_fu_835.grp_mp_mul_685_fu_110,VITIS_LOOP_157_3,seq_loop_status554.csv
grp_EphemeralSecretAgreement_A_1_fu_283.grp_fp2sqr503_mont_81_84_1_fu_835.grp_mp_mul_685_fu_110.grp_mp_mul_685_Pipeline_VITIS_LOOP_145_2_fu_114,VITIS_LOOP_145_2,upc_loop_status1149.csv
grp_EphemeralSecretAgreement_A_1_fu_283.grp_fp2sqr503_mont_81_84_1_fu_835.grp_mp_mul_685_fu_110.grp_mp_mul_685_Pipeline_VITIS_LOOP_159_4_fu_129,VITIS_LOOP_159_4,upc_loop_status1150.csv
grp_EphemeralSecretAgreement_A_1_fu_283.grp_fp2sqr503_mont_81_84_1_fu_835.grp_rdc_mont_82_83_fu_118,VITIS_LOOP_186_2,seq_loop_status555.csv
grp_EphemeralSecretAgreement_A_1_fu_283.grp_fp2sqr503_mont_81_84_1_fu_835.grp_rdc_mont_82_83_fu_118,VITIS_LOOP_204_4,seq_loop_status556.csv
grp_EphemeralSecretAgreement_A_1_fu_283.grp_fp2sqr503_mont_81_84_1_fu_835.grp_rdc_mont_82_83_fu_118.grp_rdc_mont_82_83_Pipeline_VITIS_LOOP_182_1_fu_227,VITIS_LOOP_182_1,upc_loop_status1151.csv
grp_EphemeralSecretAgreement_A_1_fu_283.grp_fp2sqr503_mont_81_84_1_fu_835.grp_rdc_mont_82_83_fu_118.grp_rdc_mont_82_83_Pipeline_VITIS_LOOP_187_3_fu_241,VITIS_LOOP_187_3,upc_loop_status1152.csv
grp_EphemeralSecretAgreement_A_1_fu_283.grp_fp2sqr503_mont_81_84_1_fu_835.grp_rdc_mont_82_83_fu_118.grp_rdc_mont_82_83_Pipeline_VITIS_LOOP_208_5_fu_261,VITIS_LOOP_208_5,upc_loop_status1153.csv
grp_EphemeralSecretAgreement_A_1_fu_283.grp_EphemeralSecretAgreement_A_1_Outline_VITIS_LOOP_298_3_fu_846,VITIS_LOOP_298_3,seq_loop_status557.csv
grp_EphemeralSecretAgreement_A_1_fu_283.grp_EphemeralSecretAgreement_A_1_Outline_VITIS_LOOP_298_3_fu_846.grp_fpadd503_150_fu_82.grp_fpadd503_150_Pipeline_VITIS_LOOP_23_1_fu_70,VITIS_LOOP_23_1,upc_loop_status1154.csv
grp_EphemeralSecretAgreement_A_1_fu_283.grp_EphemeralSecretAgreement_A_1_Outline_VITIS_LOOP_298_3_fu_846.grp_fpadd503_150_fu_82.grp_fpadd503_150_Pipeline_VITIS_LOOP_28_2_fu_83,VITIS_LOOP_28_2,upc_loop_status1155.csv
grp_EphemeralSecretAgreement_A_1_fu_283.grp_EphemeralSecretAgreement_A_1_Outline_VITIS_LOOP_298_3_fu_846.grp_fpadd503_150_fu_82.grp_fpadd503_150_Pipeline_VITIS_LOOP_34_3_fu_93,VITIS_LOOP_34_3,upc_loop_status1156.csv
grp_EphemeralSecretAgreement_A_1_fu_283.grp_EphemeralSecretAgreement_A_1_Outline_VITIS_LOOP_298_3_fu_846.grp_fpsub503_144_fu_104.grp_fpsub503_144_Pipeline_VITIS_LOOP_47_1_fu_68,VITIS_LOOP_47_1,upc_loop_status1157.csv
grp_EphemeralSecretAgreement_A_1_fu_283.grp_EphemeralSecretAgreement_A_1_Outline_VITIS_LOOP_298_3_fu_846.grp_fpsub503_144_fu_104.grp_fpsub503_144_Pipeline_VITIS_LOOP_53_2_fu_82,VITIS_LOOP_53_2,upc_loop_status1158.csv
grp_EphemeralSecretAgreement_A_1_fu_283.grp_EphemeralSecretAgreement_A_1_Outline_VITIS_LOOP_298_3_fu_846.grp_fp2mul503_mont_78_fu_126.grp_mp_mul_5_fu_82,VITIS_LOOP_143_1,seq_loop_status558.csv
grp_EphemeralSecretAgreement_A_1_fu_283.grp_EphemeralSecretAgreement_A_1_Outline_VITIS_LOOP_298_3_fu_846.grp_fp2mul503_mont_78_fu_126.grp_mp_mul_5_fu_82,VITIS_LOOP_157_3,seq_loop_status559.csv
grp_EphemeralSecretAgreement_A_1_fu_283.grp_EphemeralSecretAgreement_A_1_Outline_VITIS_LOOP_298_3_fu_846.grp_fp2mul503_mont_78_fu_126.grp_mp_mul_5_fu_82.grp_mp_mul_5_Pipeline_VITIS_LOOP_145_2_fu_138,VITIS_LOOP_145_2,upc_loop_status1159.csv
grp_EphemeralSecretAgreement_A_1_fu_283.grp_EphemeralSecretAgreement_A_1_Outline_VITIS_LOOP_298_3_fu_846.grp_fp2mul503_mont_78_fu_126.grp_mp_mul_5_fu_82.grp_mp_mul_5_Pipeline_VITIS_LOOP_159_4_fu_155,VITIS_LOOP_159_4,upc_loop_status1160.csv
grp_EphemeralSecretAgreement_A_1_fu_283.grp_EphemeralSecretAgreement_A_1_Outline_VITIS_LOOP_298_3_fu_846.grp_fp2mul503_mont_78_fu_126.grp_fp2mul503_mont_78_Pipeline_VITIS_LOOP_350_1_fu_97,VITIS_LOOP_350_1,upc_loop_status1161.csv
grp_EphemeralSecretAgreement_A_1_fu_283.grp_EphemeralSecretAgreement_A_1_Outline_VITIS_LOOP_298_3_fu_846.grp_fp2mul503_mont_78_fu_126.grp_fp2mul503_mont_78_Pipeline_VITIS_LOOP_350_1149_fu_104,VITIS_LOOP_350_1,upc_loop_status1162.csv
grp_EphemeralSecretAgreement_A_1_fu_283.grp_EphemeralSecretAgreement_A_1_Outline_VITIS_LOOP_298_3_fu_846.grp_fp2mul503_mont_78_fu_126.grp_fp2mul503_mont_78_Pipeline_VITIS_LOOP_170_1_fu_113,VITIS_LOOP_170_1,upc_loop_status1163.csv
grp_EphemeralSecretAgreement_A_1_fu_283.grp_EphemeralSecretAgreement_A_1_Outline_VITIS_LOOP_298_3_fu_846.grp_fp2mul503_mont_78_fu_126.grp_fp2mul503_mont_78_Pipeline_VITIS_LOOP_200_1_fu_121,VITIS_LOOP_200_1,upc_loop_status1164.csv
grp_EphemeralSecretAgreement_A_1_fu_283.grp_EphemeralSecretAgreement_A_1_Outline_VITIS_LOOP_298_3_fu_846.grp_fp2mul503_mont_78_fu_126.grp_fp2mul503_mont_78_Pipeline_VITIS_LOOP_350_1150_fu_129,VITIS_LOOP_350_1,upc_loop_status1165.csv
grp_EphemeralSecretAgreement_A_1_fu_283.grp_EphemeralSecretAgreement_A_1_Outline_VITIS_LOOP_298_3_fu_846.grp_fp2mul503_mont_78_fu_126.grp_rdc_mont_138_fu_135,VITIS_LOOP_186_2,seq_loop_status560.csv
grp_EphemeralSecretAgreement_A_1_fu_283.grp_EphemeralSecretAgreement_A_1_Outline_VITIS_LOOP_298_3_fu_846.grp_fp2mul503_mont_78_fu_126.grp_rdc_mont_138_fu_135,VITIS_LOOP_204_4,seq_loop_status561.csv
grp_EphemeralSecretAgreement_A_1_fu_283.grp_EphemeralSecretAgreement_A_1_Outline_VITIS_LOOP_298_3_fu_846.grp_fp2mul503_mont_78_fu_126.grp_rdc_mont_138_fu_135.grp_rdc_mont_138_Pipeline_VITIS_LOOP_182_1_fu_202,VITIS_LOOP_182_1,upc_loop_status1166.csv
grp_EphemeralSecretAgreement_A_1_fu_283.grp_EphemeralSecretAgreement_A_1_Outline_VITIS_LOOP_298_3_fu_846.grp_fp2mul503_mont_78_fu_126.grp_rdc_mont_138_fu_135.grp_rdc_mont_138_Pipeline_VITIS_LOOP_187_3_fu_209,VITIS_LOOP_187_3,upc_loop_status1167.csv
grp_EphemeralSecretAgreement_A_1_fu_283.grp_EphemeralSecretAgreement_A_1_Outline_VITIS_LOOP_298_3_fu_846.grp_fp2mul503_mont_78_fu_126.grp_rdc_mont_138_fu_135.grp_rdc_mont_138_Pipeline_VITIS_LOOP_208_5_fu_227,VITIS_LOOP_208_5,upc_loop_status1168.csv
grp_EphemeralSecretAgreement_A_1_fu_283.grp_EphemeralSecretAgreement_A_1_Outline_VITIS_LOOP_298_3_fu_846.grp_fp2mul503_mont_78_fu_126.grp_mp_mul_152_fu_149,VITIS_LOOP_143_1,seq_loop_status562.csv
grp_EphemeralSecretAgreement_A_1_fu_283.grp_EphemeralSecretAgreement_A_1_Outline_VITIS_LOOP_298_3_fu_846.grp_fp2mul503_mont_78_fu_126.grp_mp_mul_152_fu_149,VITIS_LOOP_157_3,seq_loop_status563.csv
grp_EphemeralSecretAgreement_A_1_fu_283.grp_EphemeralSecretAgreement_A_1_Outline_VITIS_LOOP_298_3_fu_846.grp_fp2mul503_mont_78_fu_126.grp_mp_mul_152_fu_149.grp_mp_mul_152_Pipeline_VITIS_LOOP_145_2_fu_112,VITIS_LOOP_145_2,upc_loop_status1169.csv
grp_EphemeralSecretAgreement_A_1_fu_283.grp_EphemeralSecretAgreement_A_1_Outline_VITIS_LOOP_298_3_fu_846.grp_fp2mul503_mont_78_fu_126.grp_mp_mul_152_fu_149.grp_mp_mul_152_Pipeline_VITIS_LOOP_159_4_fu_127,VITIS_LOOP_159_4,upc_loop_status1170.csv
grp_EphemeralSecretAgreement_A_1_fu_283.grp_EphemeralSecretAgreement_A_1_Outline_VITIS_LOOP_298_3_fu_846.grp_fp2mul503_mont_78_fu_126.grp_fp2mul503_mont_78_Pipeline_VITIS_LOOP_170_1151_fu_156,VITIS_LOOP_170_1,upc_loop_status1171.csv
grp_EphemeralSecretAgreement_A_1_fu_283.grp_EphemeralSecretAgreement_A_1_Outline_VITIS_LOOP_298_3_fu_846.grp_fp2mul503_mont_133_2_fu_144.grp_mp_mul_148_fu_56,VITIS_LOOP_143_1,seq_loop_status564.csv
grp_EphemeralSecretAgreement_A_1_fu_283.grp_EphemeralSecretAgreement_A_1_Outline_VITIS_LOOP_298_3_fu_846.grp_fp2mul503_mont_133_2_fu_144.grp_mp_mul_148_fu_56,VITIS_LOOP_157_3,seq_loop_status565.csv
grp_EphemeralSecretAgreement_A_1_fu_283.grp_EphemeralSecretAgreement_A_1_Outline_VITIS_LOOP_298_3_fu_846.grp_fp2mul503_mont_133_2_fu_144.grp_mp_mul_148_fu_56.grp_mp_mul_148_Pipeline_VITIS_LOOP_145_2_fu_134,VITIS_LOOP_145_2,upc_loop_status1172.csv
grp_EphemeralSecretAgreement_A_1_fu_283.grp_EphemeralSecretAgreement_A_1_Outline_VITIS_LOOP_298_3_fu_846.grp_fp2mul503_mont_133_2_fu_144.grp_mp_mul_148_fu_56.grp_mp_mul_148_Pipeline_VITIS_LOOP_159_4_fu_151,VITIS_LOOP_159_4,upc_loop_status1173.csv
grp_EphemeralSecretAgreement_A_1_fu_283.grp_EphemeralSecretAgreement_A_1_Outline_VITIS_LOOP_298_3_fu_846.grp_fp2mul503_mont_133_2_fu_144.grp_fp2mul503_mont_133_2_Pipeline_VITIS_LOOP_350_1_fu_72,VITIS_LOOP_350_1,upc_loop_status1174.csv
grp_EphemeralSecretAgreement_A_1_fu_283.grp_EphemeralSecretAgreement_A_1_Outline_VITIS_LOOP_298_3_fu_846.grp_fp2mul503_mont_133_2_fu_144.grp_fp2mul503_mont_133_2_Pipeline_VITIS_LOOP_350_1182_fu_79,VITIS_LOOP_350_1,upc_loop_status1175.csv
grp_EphemeralSecretAgreement_A_1_fu_283.grp_EphemeralSecretAgreement_A_1_Outline_VITIS_LOOP_298_3_fu_846.grp_fp2mul503_mont_133_2_fu_144.grp_fp2mul503_mont_133_2_Pipeline_VITIS_LOOP_170_1_fu_86,VITIS_LOOP_170_1,upc_loop_status1176.csv
grp_EphemeralSecretAgreement_A_1_fu_283.grp_EphemeralSecretAgreement_A_1_Outline_VITIS_LOOP_298_3_fu_846.grp_fp2mul503_mont_133_2_fu_144.grp_fp2mul503_mont_133_2_Pipeline_VITIS_LOOP_200_1_fu_94,VITIS_LOOP_200_1,upc_loop_status1177.csv
grp_EphemeralSecretAgreement_A_1_fu_283.grp_EphemeralSecretAgreement_A_1_Outline_VITIS_LOOP_298_3_fu_846.grp_fp2mul503_mont_133_2_fu_144.grp_fp2mul503_mont_133_2_Pipeline_VITIS_LOOP_350_1183_fu_102,VITIS_LOOP_350_1,upc_loop_status1178.csv
grp_EphemeralSecretAgreement_A_1_fu_283.grp_EphemeralSecretAgreement_A_1_Outline_VITIS_LOOP_298_3_fu_846.grp_fp2mul503_mont_133_2_fu_144.grp_rdc_mont_140_fu_108,VITIS_LOOP_186_2,seq_loop_status566.csv
grp_EphemeralSecretAgreement_A_1_fu_283.grp_EphemeralSecretAgreement_A_1_Outline_VITIS_LOOP_298_3_fu_846.grp_fp2mul503_mont_133_2_fu_144.grp_rdc_mont_140_fu_108,VITIS_LOOP_204_4,seq_loop_status567.csv
grp_EphemeralSecretAgreement_A_1_fu_283.grp_EphemeralSecretAgreement_A_1_Outline_VITIS_LOOP_298_3_fu_846.grp_fp2mul503_mont_133_2_fu_144.grp_rdc_mont_140_fu_108.grp_rdc_mont_140_Pipeline_VITIS_LOOP_182_1_fu_192,VITIS_LOOP_182_1,upc_loop_status1179.csv
grp_EphemeralSecretAgreement_A_1_fu_283.grp_EphemeralSecretAgreement_A_1_Outline_VITIS_LOOP_298_3_fu_846.grp_fp2mul503_mont_133_2_fu_144.grp_rdc_mont_140_fu_108.grp_rdc_mont_140_Pipeline_VITIS_LOOP_187_3_fu_199,VITIS_LOOP_187_3,upc_loop_status1180.csv
grp_EphemeralSecretAgreement_A_1_fu_283.grp_EphemeralSecretAgreement_A_1_Outline_VITIS_LOOP_298_3_fu_846.grp_fp2mul503_mont_133_2_fu_144.grp_rdc_mont_140_fu_108.grp_rdc_mont_140_Pipeline_VITIS_LOOP_208_5_fu_216,VITIS_LOOP_208_5,upc_loop_status1181.csv
grp_EphemeralSecretAgreement_A_1_fu_283.grp_EphemeralSecretAgreement_A_1_Outline_VITIS_LOOP_298_3_fu_846.grp_fp2mul503_mont_133_2_fu_144.grp_mp_mul_152_fu_120,VITIS_LOOP_143_1,seq_loop_status568.csv
grp_EphemeralSecretAgreement_A_1_fu_283.grp_EphemeralSecretAgreement_A_1_Outline_VITIS_LOOP_298_3_fu_846.grp_fp2mul503_mont_133_2_fu_144.grp_mp_mul_152_fu_120,VITIS_LOOP_157_3,seq_loop_status569.csv
grp_EphemeralSecretAgreement_A_1_fu_283.grp_EphemeralSecretAgreement_A_1_Outline_VITIS_LOOP_298_3_fu_846.grp_fp2mul503_mont_133_2_fu_144.grp_mp_mul_152_fu_120.grp_mp_mul_152_Pipeline_VITIS_LOOP_145_2_fu_112,VITIS_LOOP_145_2,upc_loop_status1182.csv
grp_EphemeralSecretAgreement_A_1_fu_283.grp_EphemeralSecretAgreement_A_1_Outline_VITIS_LOOP_298_3_fu_846.grp_fp2mul503_mont_133_2_fu_144.grp_mp_mul_152_fu_120.grp_mp_mul_152_Pipeline_VITIS_LOOP_159_4_fu_127,VITIS_LOOP_159_4,upc_loop_status1183.csv
grp_EphemeralSecretAgreement_A_1_fu_283.grp_EphemeralSecretAgreement_A_1_Outline_VITIS_LOOP_298_3_fu_846.grp_fp2mul503_mont_133_2_fu_144.grp_fp2mul503_mont_133_2_Pipeline_VITIS_LOOP_170_1184_fu_127,VITIS_LOOP_170_1,upc_loop_status1184.csv
grp_EphemeralSecretAgreement_A_1_fu_283.grp_EphemeralSecretAgreement_A_1_Outline_VITIS_LOOP_298_3_fu_846.grp_fp2mul503_mont_7_fu_154.grp_mp_mul_10_fu_62,VITIS_LOOP_143_1,seq_loop_status570.csv
grp_EphemeralSecretAgreement_A_1_fu_283.grp_EphemeralSecretAgreement_A_1_Outline_VITIS_LOOP_298_3_fu_846.grp_fp2mul503_mont_7_fu_154.grp_mp_mul_10_fu_62,VITIS_LOOP_157_3,seq_loop_status571.csv
grp_EphemeralSecretAgreement_A_1_fu_283.grp_EphemeralSecretAgreement_A_1_Outline_VITIS_LOOP_298_3_fu_846.grp_fp2mul503_mont_7_fu_154.grp_mp_mul_10_fu_62.grp_mp_mul_10_Pipeline_VITIS_LOOP_145_2_fu_114,VITIS_LOOP_145_2,upc_loop_status1185.csv
grp_EphemeralSecretAgreement_A_1_fu_283.grp_EphemeralSecretAgreement_A_1_Outline_VITIS_LOOP_298_3_fu_846.grp_fp2mul503_mont_7_fu_154.grp_mp_mul_10_fu_62.grp_mp_mul_10_Pipeline_VITIS_LOOP_159_4_fu_129,VITIS_LOOP_159_4,upc_loop_status1186.csv
grp_EphemeralSecretAgreement_A_1_fu_283.grp_EphemeralSecretAgreement_A_1_Outline_VITIS_LOOP_298_3_fu_846.grp_fp2mul503_mont_7_fu_154.grp_mp_mul_5_fu_72,VITIS_LOOP_143_1,seq_loop_status572.csv
grp_EphemeralSecretAgreement_A_1_fu_283.grp_EphemeralSecretAgreement_A_1_Outline_VITIS_LOOP_298_3_fu_846.grp_fp2mul503_mont_7_fu_154.grp_mp_mul_5_fu_72,VITIS_LOOP_157_3,seq_loop_status573.csv
grp_EphemeralSecretAgreement_A_1_fu_283.grp_EphemeralSecretAgreement_A_1_Outline_VITIS_LOOP_298_3_fu_846.grp_fp2mul503_mont_7_fu_154.grp_mp_mul_5_fu_72.grp_mp_mul_5_Pipeline_VITIS_LOOP_145_2_fu_138,VITIS_LOOP_145_2,upc_loop_status1187.csv
grp_EphemeralSecretAgreement_A_1_fu_283.grp_EphemeralSecretAgreement_A_1_Outline_VITIS_LOOP_298_3_fu_846.grp_fp2mul503_mont_7_fu_154.grp_mp_mul_5_fu_72.grp_mp_mul_5_Pipeline_VITIS_LOOP_159_4_fu_155,VITIS_LOOP_159_4,upc_loop_status1188.csv
grp_EphemeralSecretAgreement_A_1_fu_283.grp_EphemeralSecretAgreement_A_1_Outline_VITIS_LOOP_298_3_fu_846.grp_fp2mul503_mont_7_fu_154.grp_fp2mul503_mont_7_Pipeline_VITIS_LOOP_350_1_fu_85,VITIS_LOOP_350_1,upc_loop_status1189.csv
grp_EphemeralSecretAgreement_A_1_fu_283.grp_EphemeralSecretAgreement_A_1_Outline_VITIS_LOOP_298_3_fu_846.grp_fp2mul503_mont_7_fu_154.grp_fp2mul503_mont_7_Pipeline_VITIS_LOOP_350_1155_fu_92,VITIS_LOOP_350_1,upc_loop_status1190.csv
grp_EphemeralSecretAgreement_A_1_fu_283.grp_EphemeralSecretAgreement_A_1_Outline_VITIS_LOOP_298_3_fu_846.grp_fp2mul503_mont_7_fu_154.grp_fp2mul503_mont_7_Pipeline_VITIS_LOOP_170_1_fu_99,VITIS_LOOP_170_1,upc_loop_status1191.csv
grp_EphemeralSecretAgreement_A_1_fu_283.grp_EphemeralSecretAgreement_A_1_Outline_VITIS_LOOP_298_3_fu_846.grp_fp2mul503_mont_7_fu_154.grp_fp2mul503_mont_7_Pipeline_VITIS_LOOP_200_1_fu_107,VITIS_LOOP_200_1,upc_loop_status1192.csv
grp_EphemeralSecretAgreement_A_1_fu_283.grp_EphemeralSecretAgreement_A_1_Outline_VITIS_LOOP_298_3_fu_846.grp_fp2mul503_mont_7_fu_154.grp_fp2mul503_mont_7_Pipeline_VITIS_LOOP_350_1156_fu_115,VITIS_LOOP_350_1,upc_loop_status1193.csv
grp_EphemeralSecretAgreement_A_1_fu_283.grp_EphemeralSecretAgreement_A_1_Outline_VITIS_LOOP_298_3_fu_846.grp_fp2mul503_mont_7_fu_154.grp_rdc_mont_140_fu_121,VITIS_LOOP_186_2,seq_loop_status574.csv
grp_EphemeralSecretAgreement_A_1_fu_283.grp_EphemeralSecretAgreement_A_1_Outline_VITIS_LOOP_298_3_fu_846.grp_fp2mul503_mont_7_fu_154.grp_rdc_mont_140_fu_121,VITIS_LOOP_204_4,seq_loop_status575.csv
grp_EphemeralSecretAgreement_A_1_fu_283.grp_EphemeralSecretAgreement_A_1_Outline_VITIS_LOOP_298_3_fu_846.grp_fp2mul503_mont_7_fu_154.grp_rdc_mont_140_fu_121.grp_rdc_mont_140_Pipeline_VITIS_LOOP_182_1_fu_192,VITIS_LOOP_182_1,upc_loop_status1194.csv
grp_EphemeralSecretAgreement_A_1_fu_283.grp_EphemeralSecretAgreement_A_1_Outline_VITIS_LOOP_298_3_fu_846.grp_fp2mul503_mont_7_fu_154.grp_rdc_mont_140_fu_121.grp_rdc_mont_140_Pipeline_VITIS_LOOP_187_3_fu_199,VITIS_LOOP_187_3,upc_loop_status1195.csv
grp_EphemeralSecretAgreement_A_1_fu_283.grp_EphemeralSecretAgreement_A_1_Outline_VITIS_LOOP_298_3_fu_846.grp_fp2mul503_mont_7_fu_154.grp_rdc_mont_140_fu_121.grp_rdc_mont_140_Pipeline_VITIS_LOOP_208_5_fu_216,VITIS_LOOP_208_5,upc_loop_status1196.csv
grp_EphemeralSecretAgreement_A_1_fu_283.grp_EphemeralSecretAgreement_A_1_Outline_VITIS_LOOP_298_3_fu_846.grp_fp2mul503_mont_7_fu_154.grp_mp_mul_152_fu_133,VITIS_LOOP_143_1,seq_loop_status576.csv
grp_EphemeralSecretAgreement_A_1_fu_283.grp_EphemeralSecretAgreement_A_1_Outline_VITIS_LOOP_298_3_fu_846.grp_fp2mul503_mont_7_fu_154.grp_mp_mul_152_fu_133,VITIS_LOOP_157_3,seq_loop_status577.csv
grp_EphemeralSecretAgreement_A_1_fu_283.grp_EphemeralSecretAgreement_A_1_Outline_VITIS_LOOP_298_3_fu_846.grp_fp2mul503_mont_7_fu_154.grp_mp_mul_152_fu_133.grp_mp_mul_152_Pipeline_VITIS_LOOP_145_2_fu_112,VITIS_LOOP_145_2,upc_loop_status1197.csv
grp_EphemeralSecretAgreement_A_1_fu_283.grp_EphemeralSecretAgreement_A_1_Outline_VITIS_LOOP_298_3_fu_846.grp_fp2mul503_mont_7_fu_154.grp_mp_mul_152_fu_133.grp_mp_mul_152_Pipeline_VITIS_LOOP_159_4_fu_127,VITIS_LOOP_159_4,upc_loop_status1198.csv
grp_EphemeralSecretAgreement_A_1_fu_283.grp_EphemeralSecretAgreement_A_1_Outline_VITIS_LOOP_298_3_fu_846.grp_fp2mul503_mont_7_fu_154.grp_fp2mul503_mont_7_Pipeline_VITIS_LOOP_170_1157_fu_140,VITIS_LOOP_170_1,upc_loop_status1199.csv
grp_EphemeralSecretAgreement_A_1_fu_283.grp_EphemeralSecretAgreement_A_1_Outline_VITIS_LOOP_298_3_fu_846.grp_fpsub503_144_275_fu_165.grp_fpsub503_144_275_Pipeline_VITIS_LOOP_47_1_fu_56,VITIS_LOOP_47_1,upc_loop_status1200.csv
grp_EphemeralSecretAgreement_A_1_fu_283.grp_EphemeralSecretAgreement_A_1_Outline_VITIS_LOOP_298_3_fu_846.grp_fpsub503_144_275_fu_165.grp_fpsub503_144_275_Pipeline_VITIS_LOOP_53_2_fu_67,VITIS_LOOP_53_2,upc_loop_status1201.csv
grp_EphemeralSecretAgreement_A_1_fu_283.grp_EphemeralSecretAgreement_A_1_Outline_VITIS_LOOP_298_3_fu_846.grp_fp2sqr503_mont_136_2_fu_183.grp_fp2sqr503_mont_136_2_Pipeline_VITIS_LOOP_350_1_fu_54,VITIS_LOOP_350_1,upc_loop_status1202.csv
grp_EphemeralSecretAgreement_A_1_fu_283.grp_EphemeralSecretAgreement_A_1_Outline_VITIS_LOOP_298_3_fu_846.grp_fp2sqr503_mont_136_2_fu_183.grp_fp2sqr503_mont_136_2_Pipeline_5_fu_62,Loop 1,upc_loop_status1203.csv
grp_EphemeralSecretAgreement_A_1_fu_283.grp_EphemeralSecretAgreement_A_1_Outline_VITIS_LOOP_298_3_fu_846.grp_fp2sqr503_mont_136_2_fu_183.grp_fp2sqr503_mont_136_2_Pipeline_6_fu_68,Loop 1,upc_loop_status1204.csv
grp_EphemeralSecretAgreement_A_1_fu_283.grp_EphemeralSecretAgreement_A_1_Outline_VITIS_LOOP_298_3_fu_846.grp_fp2sqr503_mont_136_2_fu_183.grp_fp2sqr503_mont_136_2_Pipeline_VITIS_LOOP_47_1_fu_74,VITIS_LOOP_47_1,upc_loop_status1205.csv
grp_EphemeralSecretAgreement_A_1_fu_283.grp_EphemeralSecretAgreement_A_1_Outline_VITIS_LOOP_298_3_fu_846.grp_fp2sqr503_mont_136_2_fu_183.grp_fp2sqr503_mont_136_2_Pipeline_VITIS_LOOP_53_2_fu_82,VITIS_LOOP_53_2,upc_loop_status1206.csv
grp_EphemeralSecretAgreement_A_1_fu_283.grp_EphemeralSecretAgreement_A_1_Outline_VITIS_LOOP_298_3_fu_846.grp_fp2sqr503_mont_136_2_fu_183.grp_fp2sqr503_mont_136_2_Pipeline_VITIS_LOOP_350_1134_fu_90,VITIS_LOOP_350_1,upc_loop_status1207.csv
grp_EphemeralSecretAgreement_A_1_fu_283.grp_EphemeralSecretAgreement_A_1_Outline_VITIS_LOOP_298_3_fu_846.grp_fp2sqr503_mont_136_2_fu_183.grp_mp_mul_152_fu_97,VITIS_LOOP_143_1,seq_loop_status578.csv
grp_EphemeralSecretAgreement_A_1_fu_283.grp_EphemeralSecretAgreement_A_1_Outline_VITIS_LOOP_298_3_fu_846.grp_fp2sqr503_mont_136_2_fu_183.grp_mp_mul_152_fu_97,VITIS_LOOP_157_3,seq_loop_status579.csv
grp_EphemeralSecretAgreement_A_1_fu_283.grp_EphemeralSecretAgreement_A_1_Outline_VITIS_LOOP_298_3_fu_846.grp_fp2sqr503_mont_136_2_fu_183.grp_mp_mul_152_fu_97.grp_mp_mul_152_Pipeline_VITIS_LOOP_145_2_fu_112,VITIS_LOOP_145_2,upc_loop_status1208.csv
grp_EphemeralSecretAgreement_A_1_fu_283.grp_EphemeralSecretAgreement_A_1_Outline_VITIS_LOOP_298_3_fu_846.grp_fp2sqr503_mont_136_2_fu_183.grp_mp_mul_152_fu_97.grp_mp_mul_152_Pipeline_VITIS_LOOP_159_4_fu_127,VITIS_LOOP_159_4,upc_loop_status1209.csv
grp_EphemeralSecretAgreement_A_1_fu_283.grp_EphemeralSecretAgreement_A_1_Outline_VITIS_LOOP_298_3_fu_846.grp_fp2sqr503_mont_136_2_fu_183.grp_rdc_mont_140_fu_104,VITIS_LOOP_186_2,seq_loop_status580.csv
grp_EphemeralSecretAgreement_A_1_fu_283.grp_EphemeralSecretAgreement_A_1_Outline_VITIS_LOOP_298_3_fu_846.grp_fp2sqr503_mont_136_2_fu_183.grp_rdc_mont_140_fu_104,VITIS_LOOP_204_4,seq_loop_status581.csv
grp_EphemeralSecretAgreement_A_1_fu_283.grp_EphemeralSecretAgreement_A_1_Outline_VITIS_LOOP_298_3_fu_846.grp_fp2sqr503_mont_136_2_fu_183.grp_rdc_mont_140_fu_104.grp_rdc_mont_140_Pipeline_VITIS_LOOP_182_1_fu_192,VITIS_LOOP_182_1,upc_loop_status1210.csv
grp_EphemeralSecretAgreement_A_1_fu_283.grp_EphemeralSecretAgreement_A_1_Outline_VITIS_LOOP_298_3_fu_846.grp_fp2sqr503_mont_136_2_fu_183.grp_rdc_mont_140_fu_104.grp_rdc_mont_140_Pipeline_VITIS_LOOP_187_3_fu_199,VITIS_LOOP_187_3,upc_loop_status1211.csv
grp_EphemeralSecretAgreement_A_1_fu_283.grp_EphemeralSecretAgreement_A_1_Outline_VITIS_LOOP_298_3_fu_846.grp_fp2sqr503_mont_136_2_fu_183.grp_rdc_mont_140_fu_104.grp_rdc_mont_140_Pipeline_VITIS_LOOP_208_5_fu_216,VITIS_LOOP_208_5,upc_loop_status1212.csv
grp_EphemeralSecretAgreement_A_1_fu_283.grp_EphemeralSecretAgreement_A_1_Outline_VITIS_LOOP_298_3_fu_846.grp_fp2sqr503_mont_136_2_fu_183.grp_mp_mul_150_fu_116,VITIS_LOOP_143_1,seq_loop_status582.csv
grp_EphemeralSecretAgreement_A_1_fu_283.grp_EphemeralSecretAgreement_A_1_Outline_VITIS_LOOP_298_3_fu_846.grp_fp2sqr503_mont_136_2_fu_183.grp_mp_mul_150_fu_116,VITIS_LOOP_157_3,seq_loop_status583.csv
grp_EphemeralSecretAgreement_A_1_fu_283.grp_EphemeralSecretAgreement_A_1_Outline_VITIS_LOOP_298_3_fu_846.grp_fp2sqr503_mont_136_2_fu_183.grp_mp_mul_150_fu_116.grp_mp_mul_150_Pipeline_VITIS_LOOP_145_2_fu_112,VITIS_LOOP_145_2,upc_loop_status1213.csv
grp_EphemeralSecretAgreement_A_1_fu_283.grp_EphemeralSecretAgreement_A_1_Outline_VITIS_LOOP_298_3_fu_846.grp_fp2sqr503_mont_136_2_fu_183.grp_mp_mul_150_fu_116.grp_mp_mul_150_Pipeline_VITIS_LOOP_159_4_fu_127,VITIS_LOOP_159_4,upc_loop_status1214.csv
grp_EphemeralSecretAgreement_A_1_fu_283.grp_EphemeralSecretAgreement_A_1_Outline_VITIS_LOOP_298_3_fu_846.grp_fp2sqr503_mont_136_1_fu_192.grp_fp2sqr503_mont_136_1_Pipeline_VITIS_LOOP_350_1_fu_68,VITIS_LOOP_350_1,upc_loop_status1215.csv
grp_EphemeralSecretAgreement_A_1_fu_283.grp_EphemeralSecretAgreement_A_1_Outline_VITIS_LOOP_298_3_fu_846.grp_fp2sqr503_mont_136_1_fu_192.grp_fp2sqr503_mont_136_1_Pipeline_5_fu_78,Loop 1,upc_loop_status1216.csv
grp_EphemeralSecretAgreement_A_1_fu_283.grp_EphemeralSecretAgreement_A_1_Outline_VITIS_LOOP_298_3_fu_846.grp_fp2sqr503_mont_136_1_fu_192.grp_fp2sqr503_mont_136_1_Pipeline_6_fu_84,Loop 1,upc_loop_status1217.csv
grp_EphemeralSecretAgreement_A_1_fu_283.grp_EphemeralSecretAgreement_A_1_Outline_VITIS_LOOP_298_3_fu_846.grp_fp2sqr503_mont_136_1_fu_192.grp_fp2sqr503_mont_136_1_Pipeline_VITIS_LOOP_47_1_fu_90,VITIS_LOOP_47_1,upc_loop_status1218.csv
grp_EphemeralSecretAgreement_A_1_fu_283.grp_EphemeralSecretAgreement_A_1_Outline_VITIS_LOOP_298_3_fu_846.grp_fp2sqr503_mont_136_1_fu_192.grp_fp2sqr503_mont_136_1_Pipeline_VITIS_LOOP_53_2_fu_100,VITIS_LOOP_53_2,upc_loop_status1219.csv
grp_EphemeralSecretAgreement_A_1_fu_283.grp_EphemeralSecretAgreement_A_1_Outline_VITIS_LOOP_298_3_fu_846.grp_fp2sqr503_mont_136_1_fu_192.grp_fp2sqr503_mont_136_1_Pipeline_VITIS_LOOP_350_1135_fu_108,VITIS_LOOP_350_1,upc_loop_status1220.csv
grp_EphemeralSecretAgreement_A_1_fu_283.grp_EphemeralSecretAgreement_A_1_Outline_VITIS_LOOP_298_3_fu_846.grp_fp2sqr503_mont_136_1_fu_192.grp_mp_mul_152_fu_116,VITIS_LOOP_143_1,seq_loop_status584.csv
grp_EphemeralSecretAgreement_A_1_fu_283.grp_EphemeralSecretAgreement_A_1_Outline_VITIS_LOOP_298_3_fu_846.grp_fp2sqr503_mont_136_1_fu_192.grp_mp_mul_152_fu_116,VITIS_LOOP_157_3,seq_loop_status585.csv
grp_EphemeralSecretAgreement_A_1_fu_283.grp_EphemeralSecretAgreement_A_1_Outline_VITIS_LOOP_298_3_fu_846.grp_fp2sqr503_mont_136_1_fu_192.grp_mp_mul_152_fu_116.grp_mp_mul_152_Pipeline_VITIS_LOOP_145_2_fu_112,VITIS_LOOP_145_2,upc_loop_status1221.csv
grp_EphemeralSecretAgreement_A_1_fu_283.grp_EphemeralSecretAgreement_A_1_Outline_VITIS_LOOP_298_3_fu_846.grp_fp2sqr503_mont_136_1_fu_192.grp_mp_mul_152_fu_116.grp_mp_mul_152_Pipeline_VITIS_LOOP_159_4_fu_127,VITIS_LOOP_159_4,upc_loop_status1222.csv
grp_EphemeralSecretAgreement_A_1_fu_283.grp_EphemeralSecretAgreement_A_1_Outline_VITIS_LOOP_298_3_fu_846.grp_fp2sqr503_mont_136_1_fu_192.grp_rdc_mont_138_fu_123,VITIS_LOOP_186_2,seq_loop_status586.csv
grp_EphemeralSecretAgreement_A_1_fu_283.grp_EphemeralSecretAgreement_A_1_Outline_VITIS_LOOP_298_3_fu_846.grp_fp2sqr503_mont_136_1_fu_192.grp_rdc_mont_138_fu_123,VITIS_LOOP_204_4,seq_loop_status587.csv
grp_EphemeralSecretAgreement_A_1_fu_283.grp_EphemeralSecretAgreement_A_1_Outline_VITIS_LOOP_298_3_fu_846.grp_fp2sqr503_mont_136_1_fu_192.grp_rdc_mont_138_fu_123.grp_rdc_mont_138_Pipeline_VITIS_LOOP_182_1_fu_202,VITIS_LOOP_182_1,upc_loop_status1223.csv
grp_EphemeralSecretAgreement_A_1_fu_283.grp_EphemeralSecretAgreement_A_1_Outline_VITIS_LOOP_298_3_fu_846.grp_fp2sqr503_mont_136_1_fu_192.grp_rdc_mont_138_fu_123.grp_rdc_mont_138_Pipeline_VITIS_LOOP_187_3_fu_209,VITIS_LOOP_187_3,upc_loop_status1224.csv
grp_EphemeralSecretAgreement_A_1_fu_283.grp_EphemeralSecretAgreement_A_1_Outline_VITIS_LOOP_298_3_fu_846.grp_fp2sqr503_mont_136_1_fu_192.grp_rdc_mont_138_fu_123.grp_rdc_mont_138_Pipeline_VITIS_LOOP_208_5_fu_227,VITIS_LOOP_208_5,upc_loop_status1225.csv
grp_EphemeralSecretAgreement_A_1_fu_283.grp_EphemeralSecretAgreement_A_1_Outline_VITIS_LOOP_298_3_fu_846.grp_fp2sqr503_mont_136_1_fu_192.grp_mp_mul_142_fu_136,VITIS_LOOP_143_1,seq_loop_status588.csv
grp_EphemeralSecretAgreement_A_1_fu_283.grp_EphemeralSecretAgreement_A_1_Outline_VITIS_LOOP_298_3_fu_846.grp_fp2sqr503_mont_136_1_fu_192.grp_mp_mul_142_fu_136,VITIS_LOOP_157_3,seq_loop_status589.csv
grp_EphemeralSecretAgreement_A_1_fu_283.grp_EphemeralSecretAgreement_A_1_Outline_VITIS_LOOP_298_3_fu_846.grp_fp2sqr503_mont_136_1_fu_192.grp_mp_mul_142_fu_136.grp_mp_mul_142_Pipeline_VITIS_LOOP_145_2_fu_124,VITIS_LOOP_145_2,upc_loop_status1226.csv
grp_EphemeralSecretAgreement_A_1_fu_283.grp_EphemeralSecretAgreement_A_1_Outline_VITIS_LOOP_298_3_fu_846.grp_fp2sqr503_mont_136_1_fu_192.grp_mp_mul_142_fu_136.grp_mp_mul_142_Pipeline_VITIS_LOOP_159_4_fu_140,VITIS_LOOP_159_4,upc_loop_status1227.csv
grp_EphemeralSecretAgreement_A_1_fu_283.grp_EphemeralSecretAgreement_A_1_Outline_VITIS_LOOP_298_3_fu_846.grp_fpadd503_149_fu_203.grp_fpadd503_149_Pipeline_VITIS_LOOP_23_1_fu_62,VITIS_LOOP_23_1,upc_loop_status1228.csv
grp_EphemeralSecretAgreement_A_1_fu_283.grp_EphemeralSecretAgreement_A_1_Outline_VITIS_LOOP_298_3_fu_846.grp_fpadd503_149_fu_203.grp_fpadd503_149_Pipeline_VITIS_LOOP_28_2_fu_75,VITIS_LOOP_28_2,upc_loop_status1229.csv
grp_EphemeralSecretAgreement_A_1_fu_283.grp_EphemeralSecretAgreement_A_1_Outline_VITIS_LOOP_298_3_fu_846.grp_fpadd503_149_fu_203.grp_fpadd503_149_Pipeline_VITIS_LOOP_34_3_fu_85,VITIS_LOOP_34_3,upc_loop_status1230.csv
grp_EphemeralSecretAgreement_A_1_fu_283.grp_EphemeralSecretAgreement_A_1_Outline_VITIS_LOOP_298_3_fu_846.grp_fpsub503_144_1_fu_223.grp_fpsub503_144_1_Pipeline_VITIS_LOOP_47_1_fu_50,VITIS_LOOP_47_1,upc_loop_status1231.csv
grp_EphemeralSecretAgreement_A_1_fu_283.grp_EphemeralSecretAgreement_A_1_Outline_VITIS_LOOP_298_3_fu_846.grp_fpsub503_144_1_fu_223.grp_fpsub503_144_1_Pipeline_VITIS_LOOP_53_2_fu_61,VITIS_LOOP_53_2,upc_loop_status1232.csv
grp_EphemeralSecretAgreement_A_1_fu_283.grp_EphemeralSecretAgreement_A_1_Outline_VITIS_LOOP_298_3_fu_846.grp_fp2mul503_mont_133_1_fu_239.grp_mp_mul_141_fu_70,VITIS_LOOP_143_1,seq_loop_status590.csv
grp_EphemeralSecretAgreement_A_1_fu_283.grp_EphemeralSecretAgreement_A_1_Outline_VITIS_LOOP_298_3_fu_846.grp_fp2mul503_mont_133_1_fu_239.grp_mp_mul_141_fu_70,VITIS_LOOP_157_3,seq_loop_status591.csv
grp_EphemeralSecretAgreement_A_1_fu_283.grp_EphemeralSecretAgreement_A_1_Outline_VITIS_LOOP_298_3_fu_846.grp_fp2mul503_mont_133_1_fu_239.grp_mp_mul_141_fu_70.grp_mp_mul_141_Pipeline_VITIS_LOOP_145_2_fu_146,VITIS_LOOP_145_2,upc_loop_status1233.csv
grp_EphemeralSecretAgreement_A_1_fu_283.grp_EphemeralSecretAgreement_A_1_Outline_VITIS_LOOP_298_3_fu_846.grp_fp2mul503_mont_133_1_fu_239.grp_mp_mul_141_fu_70.grp_mp_mul_141_Pipeline_VITIS_LOOP_159_4_fu_163,VITIS_LOOP_159_4,upc_loop_status1234.csv
grp_EphemeralSecretAgreement_A_1_fu_283.grp_EphemeralSecretAgreement_A_1_Outline_VITIS_LOOP_298_3_fu_846.grp_fp2mul503_mont_133_1_fu_239.grp_fp2mul503_mont_133_1_Pipeline_VITIS_LOOP_350_1_fu_88,VITIS_LOOP_350_1,upc_loop_status1235.csv
grp_EphemeralSecretAgreement_A_1_fu_283.grp_EphemeralSecretAgreement_A_1_Outline_VITIS_LOOP_298_3_fu_846.grp_fp2mul503_mont_133_1_fu_239.grp_fp2mul503_mont_133_1_Pipeline_VITIS_LOOP_350_1185_fu_97,VITIS_LOOP_350_1,upc_loop_status1236.csv
grp_EphemeralSecretAgreement_A_1_fu_283.grp_EphemeralSecretAgreement_A_1_Outline_VITIS_LOOP_298_3_fu_846.grp_fp2mul503_mont_133_1_fu_239.grp_fp2mul503_mont_133_1_Pipeline_VITIS_LOOP_170_1_fu_104,VITIS_LOOP_170_1,upc_loop_status1237.csv
grp_EphemeralSecretAgreement_A_1_fu_283.grp_EphemeralSecretAgreement_A_1_Outline_VITIS_LOOP_298_3_fu_846.grp_fp2mul503_mont_133_1_fu_239.grp_fp2mul503_mont_133_1_Pipeline_VITIS_LOOP_200_1_fu_112,VITIS_LOOP_200_1,upc_loop_status1238.csv
grp_EphemeralSecretAgreement_A_1_fu_283.grp_EphemeralSecretAgreement_A_1_Outline_VITIS_LOOP_298_3_fu_846.grp_fp2mul503_mont_133_1_fu_239.grp_fp2mul503_mont_133_1_Pipeline_VITIS_LOOP_350_1186_fu_120,VITIS_LOOP_350_1,upc_loop_status1239.csv
grp_EphemeralSecretAgreement_A_1_fu_283.grp_EphemeralSecretAgreement_A_1_Outline_VITIS_LOOP_298_3_fu_846.grp_fp2mul503_mont_133_1_fu_239.grp_rdc_mont_138_fu_126,VITIS_LOOP_186_2,seq_loop_status592.csv
grp_EphemeralSecretAgreement_A_1_fu_283.grp_EphemeralSecretAgreement_A_1_Outline_VITIS_LOOP_298_3_fu_846.grp_fp2mul503_mont_133_1_fu_239.grp_rdc_mont_138_fu_126,VITIS_LOOP_204_4,seq_loop_status593.csv
grp_EphemeralSecretAgreement_A_1_fu_283.grp_EphemeralSecretAgreement_A_1_Outline_VITIS_LOOP_298_3_fu_846.grp_fp2mul503_mont_133_1_fu_239.grp_rdc_mont_138_fu_126.grp_rdc_mont_138_Pipeline_VITIS_LOOP_182_1_fu_202,VITIS_LOOP_182_1,upc_loop_status1240.csv
grp_EphemeralSecretAgreement_A_1_fu_283.grp_EphemeralSecretAgreement_A_1_Outline_VITIS_LOOP_298_3_fu_846.grp_fp2mul503_mont_133_1_fu_239.grp_rdc_mont_138_fu_126.grp_rdc_mont_138_Pipeline_VITIS_LOOP_187_3_fu_209,VITIS_LOOP_187_3,upc_loop_status1241.csv
grp_EphemeralSecretAgreement_A_1_fu_283.grp_EphemeralSecretAgreement_A_1_Outline_VITIS_LOOP_298_3_fu_846.grp_fp2mul503_mont_133_1_fu_239.grp_rdc_mont_138_fu_126.grp_rdc_mont_138_Pipeline_VITIS_LOOP_208_5_fu_227,VITIS_LOOP_208_5,upc_loop_status1242.csv
grp_EphemeralSecretAgreement_A_1_fu_283.grp_EphemeralSecretAgreement_A_1_Outline_VITIS_LOOP_298_3_fu_846.grp_fp2mul503_mont_133_1_fu_239.grp_mp_mul_152_fu_139,VITIS_LOOP_143_1,seq_loop_status594.csv
grp_EphemeralSecretAgreement_A_1_fu_283.grp_EphemeralSecretAgreement_A_1_Outline_VITIS_LOOP_298_3_fu_846.grp_fp2mul503_mont_133_1_fu_239.grp_mp_mul_152_fu_139,VITIS_LOOP_157_3,seq_loop_status595.csv
grp_EphemeralSecretAgreement_A_1_fu_283.grp_EphemeralSecretAgreement_A_1_Outline_VITIS_LOOP_298_3_fu_846.grp_fp2mul503_mont_133_1_fu_239.grp_mp_mul_152_fu_139.grp_mp_mul_152_Pipeline_VITIS_LOOP_145_2_fu_112,VITIS_LOOP_145_2,upc_loop_status1243.csv
grp_EphemeralSecretAgreement_A_1_fu_283.grp_EphemeralSecretAgreement_A_1_Outline_VITIS_LOOP_298_3_fu_846.grp_fp2mul503_mont_133_1_fu_239.grp_mp_mul_152_fu_139.grp_mp_mul_152_Pipeline_VITIS_LOOP_159_4_fu_127,VITIS_LOOP_159_4,upc_loop_status1244.csv
grp_EphemeralSecretAgreement_A_1_fu_283.grp_EphemeralSecretAgreement_A_1_Outline_VITIS_LOOP_298_3_fu_846.grp_fp2mul503_mont_133_1_fu_239.grp_fp2mul503_mont_133_1_Pipeline_VITIS_LOOP_170_1187_fu_146,VITIS_LOOP_170_1,upc_loop_status1245.csv
grp_EphemeralSecretAgreement_A_1_fu_283.grp_EphemeralSecretAgreement_A_1_Pipeline_VITIS_LOOP_14_1238_fu_860,VITIS_LOOP_14_1,upc_loop_status1246.csv
grp_EphemeralSecretAgreement_A_1_fu_283.grp_EphemeralSecretAgreement_A_1_Pipeline_VITIS_LOOP_14_1240_fu_867,VITIS_LOOP_14_1,upc_loop_status1247.csv
grp_EphemeralSecretAgreement_A_1_fu_283.grp_EphemeralSecretAgreement_A_1_Pipeline_VITIS_LOOP_14_1239_fu_874,VITIS_LOOP_14_1,upc_loop_status1248.csv
grp_EphemeralSecretAgreement_A_1_fu_283.grp_EphemeralSecretAgreement_A_1_Pipeline_VITIS_LOOP_14_1241_fu_881,VITIS_LOOP_14_1,upc_loop_status1249.csv
grp_EphemeralSecretAgreement_A_1_fu_283.grp_fp2div2_503_fu_888.grp_fp2div2_503_Pipeline_VITIS_LOOP_78_1_fu_74,VITIS_LOOP_78_1,upc_loop_status1250.csv
grp_EphemeralSecretAgreement_A_1_fu_283.grp_fp2div2_503_fu_888.grp_fp2div2_503_Pipeline_VITIS_LOOP_392_1_fu_85,VITIS_LOOP_392_1,upc_loop_status1251.csv
grp_EphemeralSecretAgreement_A_1_fu_283.grp_fp2div2_503_fu_888.grp_fp2div2_503_Pipeline_VITIS_LOOP_78_1215_fu_93,VITIS_LOOP_78_1,upc_loop_status1252.csv
grp_EphemeralSecretAgreement_A_1_fu_283.grp_fp2div2_503_fu_888.grp_fp2div2_503_Pipeline_VITIS_LOOP_392_1216_fu_104,VITIS_LOOP_392_1,upc_loop_status1253.csv
grp_EphemeralSecretAgreement_A_1_fu_283.grp_fpsub503_85_86_fu_896.grp_fpsub503_85_86_Pipeline_VITIS_LOOP_47_1_fu_48,VITIS_LOOP_47_1,upc_loop_status1254.csv
grp_EphemeralSecretAgreement_A_1_fu_283.grp_fpsub503_85_86_fu_896.grp_fpsub503_85_86_Pipeline_VITIS_LOOP_53_2_fu_64,VITIS_LOOP_53_2,upc_loop_status1255.csv
grp_EphemeralSecretAgreement_A_1_fu_283.grp_fp2sqr503_mont_136_fu_914.grp_fp2sqr503_mont_136_Pipeline_VITIS_LOOP_350_1_fu_56,VITIS_LOOP_350_1,upc_loop_status1256.csv
grp_EphemeralSecretAgreement_A_1_fu_283.grp_fp2sqr503_mont_136_fu_914.grp_fp2sqr503_mont_136_Pipeline_5_fu_64,Loop 1,upc_loop_status1257.csv
grp_EphemeralSecretAgreement_A_1_fu_283.grp_fp2sqr503_mont_136_fu_914.grp_fp2sqr503_mont_136_Pipeline_6_fu_70,Loop 1,upc_loop_status1258.csv
grp_EphemeralSecretAgreement_A_1_fu_283.grp_fp2sqr503_mont_136_fu_914.grp_fp2sqr503_mont_136_Pipeline_VITIS_LOOP_47_1_fu_76,VITIS_LOOP_47_1,upc_loop_status1259.csv
grp_EphemeralSecretAgreement_A_1_fu_283.grp_fp2sqr503_mont_136_fu_914.grp_fp2sqr503_mont_136_Pipeline_VITIS_LOOP_53_2_fu_84,VITIS_LOOP_53_2,upc_loop_status1260.csv
grp_EphemeralSecretAgreement_A_1_fu_283.grp_fp2sqr503_mont_136_fu_914.grp_fp2sqr503_mont_136_Pipeline_VITIS_LOOP_350_1136_fu_92,VITIS_LOOP_350_1,upc_loop_status1261.csv
grp_EphemeralSecretAgreement_A_1_fu_283.grp_fp2sqr503_mont_136_fu_914.grp_mp_mul_152_fu_99,VITIS_LOOP_143_1,seq_loop_status596.csv
grp_EphemeralSecretAgreement_A_1_fu_283.grp_fp2sqr503_mont_136_fu_914.grp_mp_mul_152_fu_99,VITIS_LOOP_157_3,seq_loop_status597.csv
grp_EphemeralSecretAgreement_A_1_fu_283.grp_fp2sqr503_mont_136_fu_914.grp_mp_mul_152_fu_99.grp_mp_mul_152_Pipeline_VITIS_LOOP_145_2_fu_112,VITIS_LOOP_145_2,upc_loop_status1262.csv
grp_EphemeralSecretAgreement_A_1_fu_283.grp_fp2sqr503_mont_136_fu_914.grp_mp_mul_152_fu_99.grp_mp_mul_152_Pipeline_VITIS_LOOP_159_4_fu_127,VITIS_LOOP_159_4,upc_loop_status1263.csv
grp_EphemeralSecretAgreement_A_1_fu_283.grp_fp2sqr503_mont_136_fu_914.grp_mp_mul_150_fu_106,VITIS_LOOP_143_1,seq_loop_status598.csv
grp_EphemeralSecretAgreement_A_1_fu_283.grp_fp2sqr503_mont_136_fu_914.grp_mp_mul_150_fu_106,VITIS_LOOP_157_3,seq_loop_status599.csv
grp_EphemeralSecretAgreement_A_1_fu_283.grp_fp2sqr503_mont_136_fu_914.grp_mp_mul_150_fu_106.grp_mp_mul_150_Pipeline_VITIS_LOOP_145_2_fu_112,VITIS_LOOP_145_2,upc_loop_status1264.csv
grp_EphemeralSecretAgreement_A_1_fu_283.grp_fp2sqr503_mont_136_fu_914.grp_mp_mul_150_fu_106.grp_mp_mul_150_Pipeline_VITIS_LOOP_159_4_fu_127,VITIS_LOOP_159_4,upc_loop_status1265.csv
grp_EphemeralSecretAgreement_A_1_fu_283.grp_fp2sqr503_mont_136_fu_914.grp_rdc_mont_140_fu_114,VITIS_LOOP_186_2,seq_loop_status600.csv
grp_EphemeralSecretAgreement_A_1_fu_283.grp_fp2sqr503_mont_136_fu_914.grp_rdc_mont_140_fu_114,VITIS_LOOP_204_4,seq_loop_status601.csv
grp_EphemeralSecretAgreement_A_1_fu_283.grp_fp2sqr503_mont_136_fu_914.grp_rdc_mont_140_fu_114.grp_rdc_mont_140_Pipeline_VITIS_LOOP_182_1_fu_192,VITIS_LOOP_182_1,upc_loop_status1266.csv
grp_EphemeralSecretAgreement_A_1_fu_283.grp_fp2sqr503_mont_136_fu_914.grp_rdc_mont_140_fu_114.grp_rdc_mont_140_Pipeline_VITIS_LOOP_187_3_fu_199,VITIS_LOOP_187_3,upc_loop_status1267.csv
grp_EphemeralSecretAgreement_A_1_fu_283.grp_fp2sqr503_mont_136_fu_914.grp_rdc_mont_140_fu_114.grp_rdc_mont_140_Pipeline_VITIS_LOOP_208_5_fu_216,VITIS_LOOP_208_5,upc_loop_status1268.csv
grp_EphemeralSecretAgreement_A_1_fu_283.grp_fp2sqr503_mont_87_88_fu_924.grp_fp2sqr503_mont_87_88_Pipeline_VITIS_LOOP_350_1_fu_58,VITIS_LOOP_350_1,upc_loop_status1269.csv
grp_EphemeralSecretAgreement_A_1_fu_283.grp_fp2sqr503_mont_87_88_fu_924.grp_fp2sqr503_mont_87_88_Pipeline_5_fu_68,Loop 1,upc_loop_status1270.csv
grp_EphemeralSecretAgreement_A_1_fu_283.grp_fp2sqr503_mont_87_88_fu_924.grp_fp2sqr503_mont_87_88_Pipeline_6_fu_74,Loop 1,upc_loop_status1271.csv
grp_EphemeralSecretAgreement_A_1_fu_283.grp_fp2sqr503_mont_87_88_fu_924.grp_fp2sqr503_mont_87_88_Pipeline_VITIS_LOOP_47_1_fu_80,VITIS_LOOP_47_1,upc_loop_status1272.csv
grp_EphemeralSecretAgreement_A_1_fu_283.grp_fp2sqr503_mont_87_88_fu_924.grp_fp2sqr503_mont_87_88_Pipeline_VITIS_LOOP_53_2_fu_90,VITIS_LOOP_53_2,upc_loop_status1273.csv
grp_EphemeralSecretAgreement_A_1_fu_283.grp_fp2sqr503_mont_87_88_fu_924.grp_fp2sqr503_mont_87_88_Pipeline_VITIS_LOOP_350_1128_fu_98,VITIS_LOOP_350_1,upc_loop_status1274.csv
grp_EphemeralSecretAgreement_A_1_fu_283.grp_fp2sqr503_mont_87_88_fu_924.grp_mp_mul_152_fu_107,VITIS_LOOP_143_1,seq_loop_status602.csv
grp_EphemeralSecretAgreement_A_1_fu_283.grp_fp2sqr503_mont_87_88_fu_924.grp_mp_mul_152_fu_107,VITIS_LOOP_157_3,seq_loop_status603.csv
grp_EphemeralSecretAgreement_A_1_fu_283.grp_fp2sqr503_mont_87_88_fu_924.grp_mp_mul_152_fu_107.grp_mp_mul_152_Pipeline_VITIS_LOOP_145_2_fu_112,VITIS_LOOP_145_2,upc_loop_status1275.csv
grp_EphemeralSecretAgreement_A_1_fu_283.grp_fp2sqr503_mont_87_88_fu_924.grp_mp_mul_152_fu_107.grp_mp_mul_152_Pipeline_VITIS_LOOP_159_4_fu_127,VITIS_LOOP_159_4,upc_loop_status1276.csv
grp_EphemeralSecretAgreement_A_1_fu_283.grp_fp2sqr503_mont_87_88_fu_924.grp_mp_mul_68_70_fu_114,VITIS_LOOP_143_1,seq_loop_status604.csv
grp_EphemeralSecretAgreement_A_1_fu_283.grp_fp2sqr503_mont_87_88_fu_924.grp_mp_mul_68_70_fu_114,VITIS_LOOP_157_3,seq_loop_status605.csv
grp_EphemeralSecretAgreement_A_1_fu_283.grp_fp2sqr503_mont_87_88_fu_924.grp_mp_mul_68_70_fu_114.grp_mp_mul_68_70_Pipeline_VITIS_LOOP_145_2_fu_114,VITIS_LOOP_145_2,upc_loop_status1277.csv
grp_EphemeralSecretAgreement_A_1_fu_283.grp_fp2sqr503_mont_87_88_fu_924.grp_mp_mul_68_70_fu_114.grp_mp_mul_68_70_Pipeline_VITIS_LOOP_159_4_fu_131,VITIS_LOOP_159_4,upc_loop_status1278.csv
grp_EphemeralSecretAgreement_A_1_fu_283.grp_fp2sqr503_mont_87_88_fu_924.grp_rdc_mont_140_fu_124,VITIS_LOOP_186_2,seq_loop_status606.csv
grp_EphemeralSecretAgreement_A_1_fu_283.grp_fp2sqr503_mont_87_88_fu_924.grp_rdc_mont_140_fu_124,VITIS_LOOP_204_4,seq_loop_status607.csv
grp_EphemeralSecretAgreement_A_1_fu_283.grp_fp2sqr503_mont_87_88_fu_924.grp_rdc_mont_140_fu_124.grp_rdc_mont_140_Pipeline_VITIS_LOOP_182_1_fu_192,VITIS_LOOP_182_1,upc_loop_status1279.csv
grp_EphemeralSecretAgreement_A_1_fu_283.grp_fp2sqr503_mont_87_88_fu_924.grp_rdc_mont_140_fu_124.grp_rdc_mont_140_Pipeline_VITIS_LOOP_187_3_fu_199,VITIS_LOOP_187_3,upc_loop_status1280.csv
grp_EphemeralSecretAgreement_A_1_fu_283.grp_fp2sqr503_mont_87_88_fu_924.grp_rdc_mont_140_fu_124.grp_rdc_mont_140_Pipeline_VITIS_LOOP_208_5_fu_216,VITIS_LOOP_208_5,upc_loop_status1281.csv
grp_EphemeralSecretAgreement_A_1_fu_283.grp_fpadd503_149_3_fu_935.grp_fpadd503_149_3_Pipeline_VITIS_LOOP_23_1_fu_40,VITIS_LOOP_23_1,upc_loop_status1282.csv
grp_EphemeralSecretAgreement_A_1_fu_283.grp_fpadd503_149_3_fu_935.grp_fpadd503_149_3_Pipeline_VITIS_LOOP_28_2_fu_50,VITIS_LOOP_28_2,upc_loop_status1283.csv
grp_EphemeralSecretAgreement_A_1_fu_283.grp_fpadd503_149_3_fu_935.grp_fpadd503_149_3_Pipeline_VITIS_LOOP_34_3_fu_60,VITIS_LOOP_34_3,upc_loop_status1284.csv
grp_EphemeralSecretAgreement_A_1_fu_283.grp_fpsub503_144_276_fu_949.grp_fpsub503_144_276_Pipeline_VITIS_LOOP_47_1_fu_38,VITIS_LOOP_47_1,upc_loop_status1285.csv
grp_EphemeralSecretAgreement_A_1_fu_283.grp_fpsub503_144_276_fu_949.grp_fpsub503_144_276_Pipeline_VITIS_LOOP_53_2_fu_49,VITIS_LOOP_53_2,upc_loop_status1286.csv
grp_EphemeralSecretAgreement_A_1_fu_283.grp_fpsub503_145_fu_963.grp_fpsub503_145_Pipeline_VITIS_LOOP_47_1_fu_48,VITIS_LOOP_47_1,upc_loop_status1287.csv
grp_EphemeralSecretAgreement_A_1_fu_283.grp_fpsub503_145_fu_963.grp_fpsub503_145_Pipeline_VITIS_LOOP_53_2_fu_62,VITIS_LOOP_53_2,upc_loop_status1288.csv
grp_EphemeralSecretAgreement_A_1_fu_283.grp_from_mont_1_fu_981.grp_from_mont_1_Pipeline_1_fu_30,Loop 1,upc_loop_status1289.csv
grp_EphemeralSecretAgreement_A_1_fu_283.grp_from_mont_1_fu_981.grp_mp_mul_140_fu_36,VITIS_LOOP_143_1,seq_loop_status608.csv
grp_EphemeralSecretAgreement_A_1_fu_283.grp_from_mont_1_fu_981.grp_mp_mul_140_fu_36,VITIS_LOOP_157_3,seq_loop_status609.csv
grp_EphemeralSecretAgreement_A_1_fu_283.grp_from_mont_1_fu_981.grp_mp_mul_140_fu_36.grp_mp_mul_140_Pipeline_VITIS_LOOP_145_2_fu_104,VITIS_LOOP_145_2,upc_loop_status1290.csv
grp_EphemeralSecretAgreement_A_1_fu_283.grp_from_mont_1_fu_981.grp_mp_mul_140_fu_36.grp_mp_mul_140_Pipeline_VITIS_LOOP_159_4_fu_117,VITIS_LOOP_159_4,upc_loop_status1291.csv
grp_EphemeralSecretAgreement_A_1_fu_283.grp_from_mont_1_fu_981.grp_rdc_mont_1_fu_45,VITIS_LOOP_186_2,seq_loop_status610.csv
grp_EphemeralSecretAgreement_A_1_fu_283.grp_from_mont_1_fu_981.grp_rdc_mont_1_fu_45,VITIS_LOOP_204_4,seq_loop_status611.csv
grp_EphemeralSecretAgreement_A_1_fu_283.grp_from_mont_1_fu_981.grp_rdc_mont_1_fu_45.grp_rdc_mont_1_Pipeline_VITIS_LOOP_182_1_fu_178,VITIS_LOOP_182_1,upc_loop_status1292.csv
grp_EphemeralSecretAgreement_A_1_fu_283.grp_from_mont_1_fu_981.grp_rdc_mont_1_fu_45.grp_rdc_mont_1_Pipeline_VITIS_LOOP_187_3_fu_184,VITIS_LOOP_187_3,upc_loop_status1293.csv
grp_EphemeralSecretAgreement_A_1_fu_283.grp_from_mont_1_fu_981.grp_rdc_mont_1_fu_45.grp_rdc_mont_1_Pipeline_VITIS_LOOP_208_5_fu_200,VITIS_LOOP_208_5,upc_loop_status1294.csv
grp_EphemeralSecretAgreement_A_1_fu_283.grp_from_mont_1_fu_981.grp_from_mont_1_Pipeline_VITIS_LOOP_91_1_fu_54,VITIS_LOOP_91_1,upc_loop_status1295.csv
grp_EphemeralSecretAgreement_A_1_fu_283.grp_from_mont_1_fu_981.grp_from_mont_1_Pipeline_VITIS_LOOP_97_2_fu_63,VITIS_LOOP_97_2,upc_loop_status1296.csv
grp_EphemeralSecretAgreement_A_1_fu_283.grp_from_mont_3_fu_993.grp_from_mont_3_Pipeline_1_fu_32,Loop 1,upc_loop_status1297.csv
grp_EphemeralSecretAgreement_A_1_fu_283.grp_from_mont_3_fu_993.grp_mp_mul_145_fu_38,VITIS_LOOP_143_1,seq_loop_status612.csv
grp_EphemeralSecretAgreement_A_1_fu_283.grp_from_mont_3_fu_993.grp_mp_mul_145_fu_38,VITIS_LOOP_157_3,seq_loop_status613.csv
grp_EphemeralSecretAgreement_A_1_fu_283.grp_from_mont_3_fu_993.grp_mp_mul_145_fu_38.grp_mp_mul_145_Pipeline_VITIS_LOOP_145_2_fu_126,VITIS_LOOP_145_2,upc_loop_status1298.csv
grp_EphemeralSecretAgreement_A_1_fu_283.grp_from_mont_3_fu_993.grp_mp_mul_145_fu_38.grp_mp_mul_145_Pipeline_VITIS_LOOP_159_4_fu_142,VITIS_LOOP_159_4,upc_loop_status1299.csv
grp_EphemeralSecretAgreement_A_1_fu_283.grp_from_mont_3_fu_993.grp_rdc_mont_2_fu_49,VITIS_LOOP_186_2,seq_loop_status614.csv
grp_EphemeralSecretAgreement_A_1_fu_283.grp_from_mont_3_fu_993.grp_rdc_mont_2_fu_49,VITIS_LOOP_204_4,seq_loop_status615.csv
grp_EphemeralSecretAgreement_A_1_fu_283.grp_from_mont_3_fu_993.grp_rdc_mont_2_fu_49.grp_rdc_mont_2_Pipeline_VITIS_LOOP_182_1_fu_180,VITIS_LOOP_182_1,upc_loop_status1300.csv
grp_EphemeralSecretAgreement_A_1_fu_283.grp_from_mont_3_fu_993.grp_rdc_mont_2_fu_49.grp_rdc_mont_2_Pipeline_VITIS_LOOP_187_3_fu_186,VITIS_LOOP_187_3,upc_loop_status1301.csv
grp_EphemeralSecretAgreement_A_1_fu_283.grp_from_mont_3_fu_993.grp_rdc_mont_2_fu_49.grp_rdc_mont_2_Pipeline_VITIS_LOOP_208_5_fu_202,VITIS_LOOP_208_5,upc_loop_status1302.csv
grp_EphemeralSecretAgreement_A_1_fu_283.grp_from_mont_3_fu_993.grp_from_mont_3_Pipeline_VITIS_LOOP_91_1_fu_58,VITIS_LOOP_91_1,upc_loop_status1303.csv
grp_EphemeralSecretAgreement_A_1_fu_283.grp_from_mont_3_fu_993.grp_from_mont_3_Pipeline_VITIS_LOOP_97_2_fu_67,VITIS_LOOP_97_2,upc_loop_status1304.csv
grp_EphemeralSecretAgreement_A_1_fu_283.grp_EphemeralSecretAgreement_A_1_Pipeline_VITIS_LOOP_42_1_fu_1005,VITIS_LOOP_42_1,upc_loop_status1305.csv
grp_cshake256_simple_32_clone_fu_311.grp_cshake256_simple_32_clone_Pipeline_VITIS_LOOP_612_1_fu_66,VITIS_LOOP_612_1,upc_loop_status1306.csv
grp_cshake256_simple_32_clone_fu_311.grp_KeccakF1600_StatePermute_fu_72.grp_KeccakF1600_StatePermute_Pipeline_VITIS_LOOP_122_1_fu_396,VITIS_LOOP_122_1,upc_loop_status1307.csv
grp_cshake256_simple_32_clone_fu_311.grp_cshake256_simple_32_clone_Pipeline_VITIS_LOOP_402_3_fu_79,VITIS_LOOP_402_3,upc_loop_status1308.csv
grp_cshake256_simple_32_clone_fu_311.grp_cshake256_simple_32_clone_Pipeline_VITIS_LOOP_438_2_fu_92,VITIS_LOOP_438_2,upc_loop_status1309.csv
grp_cshake256_simple_32_clone_fu_311.grp_cshake256_simple_32_clone_Pipeline_VITIS_LOOP_670_1_fu_101,VITIS_LOOP_670_1,upc_loop_status1310.csv
grp_sikep503_kem_enc_hw_Pipeline_VITIS_LOOP_59_1_fu_322,VITIS_LOOP_59_1,upc_loop_status1311.csv
grp_sikep503_kem_enc_hw_Pipeline_4_fu_334,Loop 1,upc_loop_status1312.csv
grp_cshake256_simple_1_fu_345,VITIS_LOOP_390_1,seq_loop_status616.csv
grp_cshake256_simple_1_fu_345.grp_cshake256_simple_1_Pipeline_VITIS_LOOP_612_1_fu_144,VITIS_LOOP_612_1,upc_loop_status1313.csv
grp_cshake256_simple_1_fu_345.grp_KeccakF1600_StatePermute_fu_150.grp_KeccakF1600_StatePermute_Pipeline_VITIS_LOOP_122_1_fu_396,VITIS_LOOP_122_1,upc_loop_status1314.csv
grp_cshake256_simple_1_fu_345.grp_cshake256_simple_1_Pipeline_VITIS_LOOP_393_2_fu_157,VITIS_LOOP_393_2,upc_loop_status1315.csv
grp_cshake256_simple_1_fu_345.grp_cshake256_simple_1_Pipeline_VITIS_LOOP_402_3_fu_171,VITIS_LOOP_402_3,upc_loop_status1316.csv
grp_cshake256_simple_1_fu_345.grp_cshake256_simple_1_Pipeline_VITIS_LOOP_438_2_fu_184,VITIS_LOOP_438_2,upc_loop_status1317.csv
grp_cshake256_simple_1_fu_345.grp_cshake256_simple_1_Pipeline_VITIS_LOOP_670_1_fu_193,VITIS_LOOP_670_1,upc_loop_status1318.csv
