

================================================================
== Vitis HLS Report for 'mp_mul_149_Pipeline_VITIS_LOOP_159_4'
================================================================
* Date:           Wed Jul  2 14:04:33 2025

* Version:        2024.2.2 (Build 6049644 on Mar  5 2025)
* Project:        sikep503_hls
* Solution:       solution1 (Vivado IP Flow Target)
* Product family: zynq
* Target device:  xc7z045-ffg900-2


================================================================
== Performance Estimates
================================================================
+ Timing: 
    * Summary: 
    +--------+----------+----------+------------+
    |  Clock |  Target  | Estimated| Uncertainty|
    +--------+----------+----------+------------+
    |ap_clk  |  10.00 ns|  7.300 ns|     2.70 ns|
    +--------+----------+----------+------------+

+ Latency: 
    * Summary: 
    +---------+---------+-----------+----------+-----+-----+------------------------------------------------+
    |  Latency (cycles) |  Latency (absolute)  |  Interval |                    Pipeline                    |
    |   min   |   max   |    min    |    max   | min | max |                      Type                      |
    +---------+---------+-----------+----------+-----+-----+------------------------------------------------+
    |        7|       13|  70.000 ns|  0.130 us|    2|    8|  loop auto-rewind stp (delay=0 clock cycles(s))|
    +---------+---------+-----------+----------+-----+-----+------------------------------------------------+

    + Detail: 
        * Instance: 
        N/A

        * Loop: 
        +--------------------+---------+---------+----------+-----------+-----------+-------+----------+
        |                    |  Latency (cycles) | Iteration|  Initiation Interval  |  Trip |          |
        |      Loop Name     |   min   |   max   |  Latency |  achieved |   target  | Count | Pipelined|
        +--------------------+---------+---------+----------+-----------+-----------+-------+----------+
        |- VITIS_LOOP_159_4  |        5|       11|         6|          1|          1|  1 ~ 7|       yes|
        +--------------------+---------+---------+----------+-----------+-----------+-------+----------+

============================================================
+ Verbose Summary: Synthesis Manager
============================================================
InlineROM: 1
ExposeGlobal: 0
============================================================
+ Verbose Summary: CDFG Model
============================================================
IsTopModel: 0
ResetActiveHigh: 1
IsCombinational: 0
IsDatapathOnly: 0
HasWiredReturn: 1
HasMFsm: 2
HasVarLatency: 1
IsPipeline: 0
IsRtlPipelined: 0
IsInstanceOverlapped: 0
IsDontTouch: 0
HasImplIP: 0
IsGatedGlobalClock: 0

+ Individual pipeline summary: 
  * Pipeline-0: initiation interval (II) = 1, depth = 6


============================================================
+ Verbose Summary: Schedule
============================================================
* Number of FSM states : 6
* Pipeline : 1
  Pipeline-0 : II = 1, D = 6, States = { 1 2 3 4 5 6 }
* Dataflow Pipeline: 0

* FSM state transitions: 
1 --> 2 
2 --> 3 
3 --> 4 
4 --> 5 
5 --> 6 
6 --> 

* FSM state operations: 

State 1 <SV = 0> <Delay = 5.86>
ST_1 : Operation 9 [1/1] (0.00ns)   --->   "%t_33 = alloca i32 1" [src/generic/fp_generic.c:140]   --->   Operation 9 'alloca' 't_33' <Predicate = true> <Delay = 0.00>
ST_1 : Operation 10 [1/1] (0.00ns)   --->   "%v_35 = alloca i32 1" [src/generic/fp_generic.c:140]   --->   Operation 10 'alloca' 'v_35' <Predicate = true> <Delay = 0.00>
ST_1 : Operation 11 [1/1] (0.00ns)   --->   "%j_19 = alloca i32 1" [src/generic/fp_generic.c:139]   --->   Operation 11 'alloca' 'j_19' <Predicate = true> <Delay = 0.00>
ST_1 : Operation 12 [1/1] (0.00ns)   --->   "%i_27_read = read i4 @_ssdm_op_Read.ap_auto.i4, i4 %i_27"   --->   Operation 12 'read' 'i_27_read' <Predicate = true> <Delay = 0.00>
ST_1 : Operation 13 [1/1] (0.00ns)   --->   "%zext_ln157_read = read i4 @_ssdm_op_Read.ap_auto.i4, i4 %zext_ln157"   --->   Operation 13 'read' 'zext_ln157_read' <Predicate = true> <Delay = 0.00>
ST_1 : Operation 14 [1/1] (0.00ns)   --->   "%v_read = read i64 @_ssdm_op_Read.ap_auto.i64, i64 %v"   --->   Operation 14 'read' 'v_read' <Predicate = true> <Delay = 0.00>
ST_1 : Operation 15 [1/1] (0.00ns)   --->   "%indvars_iv_read = read i3 @_ssdm_op_Read.ap_auto.i3, i3 %indvars_iv"   --->   Operation 15 'read' 'indvars_iv_read' <Predicate = true> <Delay = 0.00>
ST_1 : Operation 16 [1/1] (0.00ns)   --->   "%zext_ln157_cast = zext i4 %zext_ln157_read"   --->   Operation 16 'zext' 'zext_ln157_cast' <Predicate = true> <Delay = 0.00>
ST_1 : Operation 17 [1/1] (0.00ns)   --->   "%indvars_iv_cast = zext i3 %indvars_iv_read"   --->   Operation 17 'zext' 'indvars_iv_cast' <Predicate = true> <Delay = 0.00>
ST_1 : Operation 18 [1/1] (1.29ns)   --->   "%store_ln139 = store i4 %indvars_iv_cast, i4 %j_19" [src/generic/fp_generic.c:139]   --->   Operation 18 'store' 'store_ln139' <Predicate = true> <Delay = 1.29>
ST_1 : Operation 19 [1/1] (1.29ns)   --->   "%store_ln140 = store i64 %v_read, i64 %v_35" [src/generic/fp_generic.c:140]   --->   Operation 19 'store' 'store_ln140' <Predicate = true> <Delay = 1.29>
ST_1 : Operation 20 [1/1] (1.29ns)   --->   "%store_ln140 = store i64 %zext_ln157_cast, i64 %u_34_out" [src/generic/fp_generic.c:140]   --->   Operation 20 'store' 'store_ln140' <Predicate = true> <Delay = 1.29>
ST_1 : Operation 21 [1/1] (1.29ns)   --->   "%store_ln140 = store i3 0, i3 %t_33" [src/generic/fp_generic.c:140]   --->   Operation 21 'store' 'store_ln140' <Predicate = true> <Delay = 1.29>
ST_1 : Operation 22 [1/1] (0.00ns)   --->   "%br_ln0 = br void %for.inc58"   --->   Operation 22 'br' 'br_ln0' <Predicate = true> <Delay = 0.00>
ST_1 : Operation 23 [1/1] (0.00ns)   --->   "%j = load i4 %j_19" [src/generic/fp_generic.c:159]   --->   Operation 23 'load' 'j' <Predicate = true> <Delay = 0.00>
ST_1 : Operation 24 [1/1] (0.99ns)   --->   "%icmp_ln159 = icmp_eq  i4 %j, i4 8" [src/generic/fp_generic.c:159]   --->   Operation 24 'icmp' 'icmp_ln159' <Predicate = true> <Delay = 0.99> <CoreInst = "Cmp">   --->   Core 9 'Cmp' <Latency = 0> <II = 1> <Delay = 0.99> <FuncUnit> <Opcode : 'seteq' 'setne' 'setle' 'setge' 'setlt' 'setgt'> <InPorts = 2> <OutPorts = 1>
ST_1 : Operation 25 [1/1] (0.00ns)   --->   "%br_ln159 = br i1 %icmp_ln159, void %for.inc58.split, void %for.inc63.exitStub" [src/generic/fp_generic.c:159]   --->   Operation 25 'br' 'br_ln159' <Predicate = true> <Delay = 0.00>
ST_1 : Operation 26 [1/1] (0.00ns)   --->   "%zext_ln159 = zext i4 %j" [src/generic/fp_generic.c:159]   --->   Operation 26 'zext' 'zext_ln159' <Predicate = (!icmp_ln159)> <Delay = 0.00>
ST_1 : Operation 27 [1/1] (0.00ns)   --->   "%a_addr = getelementptr i64 %a, i64 0, i64 %zext_ln159" [src/generic/fp_generic.c:160]   --->   Operation 27 'getelementptr' 'a_addr' <Predicate = (!icmp_ln159)> <Delay = 0.00>
ST_1 : Operation 28 [2/2] (1.75ns)   --->   "%a_load = load i3 %a_addr" [src/generic/fp_generic.c:160]   --->   Operation 28 'load' 'a_load' <Predicate = (!icmp_ln159)> <Delay = 1.75> <CoreInst = "RAM">   --->   Core 81 'RAM' <Latency = 1> <II = 1> <Delay = 1.75> <Storage> <Opcode : 'load' 'store'> <Ports = 2> <Width = 64> <Depth = 8> <RAM>
ST_1 : Operation 29 [1/1] (0.99ns)   --->   "%sub_ln160 = sub i4 %i_27_read, i4 %j" [src/generic/fp_generic.c:160]   --->   Operation 29 'sub' 'sub_ln160' <Predicate = (!icmp_ln159)> <Delay = 0.99> <CoreInst = "Adder">   --->   Core 1 'Adder' <Latency = 0> <II = 1> <Delay = 0.99> <FuncUnit> <Opcode : 'add' 'sub'> <InPorts = 2> <OutPorts = 1>
ST_1 : Operation 30 [1/1] (0.00ns)   --->   "%bit_sel = bitselect i1 @_ssdm_op_BitSelect.i1.i4.i4, i4 %sub_ln160, i4 3" [src/generic/fp_generic.c:160]   --->   Operation 30 'bitselect' 'bit_sel' <Predicate = (!icmp_ln159)> <Delay = 0.00>
ST_1 : Operation 31 [1/1] (0.80ns)   --->   "%xor_ln160 = xor i1 %bit_sel, i1 1" [src/generic/fp_generic.c:160]   --->   Operation 31 'xor' 'xor_ln160' <Predicate = (!icmp_ln159)> <Delay = 0.80> <CoreInst = "LogicGate">   --->   Core 74 'LogicGate' <Latency = 0> <II = 1> <Delay = 0.80> <FuncUnit> <Opcode : 'and' 'or' 'xor'> <InPorts = 2> <OutPorts = 1>
ST_1 : Operation 32 [1/1] (0.00ns)   --->   "%trunc_ln160_11 = trunc i4 %sub_ln160" [src/generic/fp_generic.c:160]   --->   Operation 32 'trunc' 'trunc_ln160_11' <Predicate = (!icmp_ln159)> <Delay = 0.00>
ST_1 : Operation 33 [1/1] (0.00ns)   --->   "%add_ln = bitconcatenate i4 @_ssdm_op_BitConcatenate.i4.i1.i3, i1 %xor_ln160, i3 %trunc_ln160_11" [src/generic/fp_generic.c:160]   --->   Operation 33 'bitconcatenate' 'add_ln' <Predicate = (!icmp_ln159)> <Delay = 0.00>
ST_1 : Operation 34 [1/1] (0.00ns)   --->   "%zext_ln160 = zext i4 %add_ln" [src/generic/fp_generic.c:160]   --->   Operation 34 'zext' 'zext_ln160' <Predicate = (!icmp_ln159)> <Delay = 0.00>
ST_1 : Operation 35 [1/1] (0.00ns)   --->   "%b_addr = getelementptr i64 %b, i64 0, i64 %zext_ln160" [src/generic/fp_generic.c:160]   --->   Operation 35 'getelementptr' 'b_addr' <Predicate = (!icmp_ln159)> <Delay = 0.00>
ST_1 : Operation 36 [2/2] (2.77ns)   --->   "%b_load = load i4 %b_addr" [src/generic/fp_generic.c:160]   --->   Operation 36 'load' 'b_load' <Predicate = (!icmp_ln159)> <Delay = 2.77> <CoreInst = "RAM">   --->   Core 81 'RAM' <Latency = 1> <II = 1> <Delay = 2.77> <Storage> <Opcode : 'load' 'store'> <Ports = 2> <Width = 64> <Depth = 16> <RAM>
ST_1 : Operation 37 [1/1] (0.99ns)   --->   "%add_ln159 = add i4 %j, i4 1" [src/generic/fp_generic.c:159]   --->   Operation 37 'add' 'add_ln159' <Predicate = (!icmp_ln159)> <Delay = 0.99> <CoreInst = "Adder">   --->   Core 1 'Adder' <Latency = 0> <II = 1> <Delay = 0.99> <FuncUnit> <Opcode : 'add' 'sub'> <InPorts = 2> <OutPorts = 1>
ST_1 : Operation 38 [1/1] (1.29ns)   --->   "%store_ln139 = store i4 %add_ln159, i4 %j_19" [src/generic/fp_generic.c:139]   --->   Operation 38 'store' 'store_ln139' <Predicate = (!icmp_ln159)> <Delay = 1.29>

State 2 <SV = 1> <Delay = 2.77>
ST_2 : Operation 39 [1/2] ( I:1.75ns O:1.75ns )   --->   "%a_load = load i3 %a_addr" [src/generic/fp_generic.c:160]   --->   Operation 39 'load' 'a_load' <Predicate = true> <Delay = 1.75> <CoreInst = "RAM">   --->   Core 81 'RAM' <Latency = 1> <II = 1> <Delay = 1.75> <Storage> <Opcode : 'load' 'store'> <Ports = 2> <Width = 64> <Depth = 8> <RAM>
ST_2 : Operation 40 [1/1] (0.00ns)   --->   "%al = trunc i64 %a_load" [src/generic/fp_generic.c:160]   --->   Operation 40 'trunc' 'al' <Predicate = true> <Delay = 0.00>
ST_2 : Operation 41 [1/2] ( I:2.77ns O:2.77ns )   --->   "%b_load = load i4 %b_addr" [src/generic/fp_generic.c:160]   --->   Operation 41 'load' 'b_load' <Predicate = true> <Delay = 2.77> <CoreInst = "RAM">   --->   Core 81 'RAM' <Latency = 1> <II = 1> <Delay = 2.77> <Storage> <Opcode : 'load' 'store'> <Ports = 2> <Width = 64> <Depth = 16> <RAM>
ST_2 : Operation 42 [1/1] (0.00ns)   --->   "%bl = trunc i64 %b_load" [src/generic/fp_generic.c:103->src/generic/fp_generic.c:160]   --->   Operation 42 'trunc' 'bl' <Predicate = true> <Delay = 0.00>
ST_2 : Operation 43 [1/1] (0.00ns)   --->   "%ah = partselect i32 @_ssdm_op_PartSelect.i32.i64.i32.i32, i64 %a_load, i32 32, i32 63" [src/generic/fp_generic.c:110->src/generic/fp_generic.c:160]   --->   Operation 43 'partselect' 'ah' <Predicate = true> <Delay = 0.00>
ST_2 : Operation 44 [1/1] (0.00ns)   --->   "%bh = partselect i32 @_ssdm_op_PartSelect.i32.i64.i32.i32, i64 %b_load, i32 32, i32 63" [src/generic/fp_generic.c:112->src/generic/fp_generic.c:160]   --->   Operation 44 'partselect' 'bh' <Predicate = true> <Delay = 0.00>

State 3 <SV = 2> <Delay = 7.05>
ST_3 : Operation 45 [1/1] (0.00ns)   --->   "%zext_ln105 = zext i32 %al" [src/generic/fp_generic.c:105->src/generic/fp_generic.c:160]   --->   Operation 45 'zext' 'zext_ln105' <Predicate = true> <Delay = 0.00>
ST_3 : Operation 46 [1/1] (0.00ns)   --->   "%zext_ln110 = zext i32 %ah" [src/generic/fp_generic.c:110->src/generic/fp_generic.c:160]   --->   Operation 46 'zext' 'zext_ln110' <Predicate = true> <Delay = 0.00>
ST_3 : Operation 47 [1/1] (0.00ns)   --->   "%zext_ln105_133 = zext i32 %bl" [src/generic/fp_generic.c:105->src/generic/fp_generic.c:160]   --->   Operation 47 'zext' 'zext_ln105_133' <Predicate = true> <Delay = 0.00>
ST_3 : Operation 48 [1/1] (0.00ns)   --->   "%zext_ln112 = zext i32 %bh" [src/generic/fp_generic.c:112->src/generic/fp_generic.c:160]   --->   Operation 48 'zext' 'zext_ln112' <Predicate = true> <Delay = 0.00>
ST_3 : Operation 49 [1/1] (7.05ns)   --->   "%albl = mul i64 %zext_ln105_133, i64 %zext_ln105" [src/generic/fp_generic.c:114->src/generic/fp_generic.c:160]   --->   Operation 49 'mul' 'albl' <Predicate = true> <Delay = 7.05> <CoreInst = "Multiplier">   --->   Core 3 'Multiplier' <Latency = 0> <II = 1> <Delay = 7.05> <FuncUnit> <Opcode : 'mul'> <InPorts = 2> <OutPorts = 1>
ST_3 : Operation 50 [1/1] (0.00ns)   --->   "%trunc_ln106 = trunc i64 %albl" [src/generic/fp_generic.c:106->src/generic/fp_generic.c:160]   --->   Operation 50 'trunc' 'trunc_ln106' <Predicate = true> <Delay = 0.00>
ST_3 : Operation 51 [1/1] (7.05ns)   --->   "%albh = mul i64 %zext_ln112, i64 %zext_ln105" [src/generic/fp_generic.c:115->src/generic/fp_generic.c:160]   --->   Operation 51 'mul' 'albh' <Predicate = true> <Delay = 7.05> <CoreInst = "Multiplier">   --->   Core 3 'Multiplier' <Latency = 0> <II = 1> <Delay = 7.05> <FuncUnit> <Opcode : 'mul'> <InPorts = 2> <OutPorts = 1>
ST_3 : Operation 52 [1/1] (0.00ns)   --->   "%trunc_ln106_198 = trunc i64 %albh" [src/generic/fp_generic.c:106->src/generic/fp_generic.c:160]   --->   Operation 52 'trunc' 'trunc_ln106_198' <Predicate = true> <Delay = 0.00>
ST_3 : Operation 53 [1/1] (7.05ns)   --->   "%ahbl = mul i64 %zext_ln105_133, i64 %zext_ln110" [src/generic/fp_generic.c:116->src/generic/fp_generic.c:160]   --->   Operation 53 'mul' 'ahbl' <Predicate = true> <Delay = 7.05> <CoreInst = "Multiplier">   --->   Core 3 'Multiplier' <Latency = 0> <II = 1> <Delay = 7.05> <FuncUnit> <Opcode : 'mul'> <InPorts = 2> <OutPorts = 1>
ST_3 : Operation 54 [1/1] (0.00ns)   --->   "%trunc_ln106_199 = trunc i64 %ahbl" [src/generic/fp_generic.c:106->src/generic/fp_generic.c:160]   --->   Operation 54 'trunc' 'trunc_ln106_199' <Predicate = true> <Delay = 0.00>
ST_3 : Operation 55 [1/1] (7.05ns)   --->   "%ahbh = mul i64 %zext_ln112, i64 %zext_ln110" [src/generic/fp_generic.c:117->src/generic/fp_generic.c:160]   --->   Operation 55 'mul' 'ahbh' <Predicate = true> <Delay = 7.05> <CoreInst = "Multiplier">   --->   Core 3 'Multiplier' <Latency = 0> <II = 1> <Delay = 7.05> <FuncUnit> <Opcode : 'mul'> <InPorts = 2> <OutPorts = 1>
ST_3 : Operation 56 [1/1] (0.00ns)   --->   "%trunc_ln106_200 = trunc i64 %ahbh" [src/generic/fp_generic.c:106->src/generic/fp_generic.c:160]   --->   Operation 56 'trunc' 'trunc_ln106_200' <Predicate = true> <Delay = 0.00>
ST_3 : Operation 57 [1/1] (0.00ns)   --->   "%tmp_s = partselect i32 @_ssdm_op_PartSelect.i32.i64.i32.i32, i64 %albl, i32 32, i32 63" [src/generic/fp_generic.c:106->src/generic/fp_generic.c:160]   --->   Operation 57 'partselect' 'tmp_s' <Predicate = true> <Delay = 0.00>
ST_3 : Operation 58 [1/1] (0.00ns)   --->   "%tmp_343 = partselect i32 @_ssdm_op_PartSelect.i32.i64.i32.i32, i64 %ahbl, i32 32, i32 63" [src/generic/fp_generic.c:106->src/generic/fp_generic.c:160]   --->   Operation 58 'partselect' 'tmp_343' <Predicate = true> <Delay = 0.00>
ST_3 : Operation 59 [1/1] (0.00ns)   --->   "%tmp_344 = partselect i32 @_ssdm_op_PartSelect.i32.i64.i32.i32, i64 %albh, i32 32, i32 63" [src/generic/fp_generic.c:106->src/generic/fp_generic.c:160]   --->   Operation 59 'partselect' 'tmp_344' <Predicate = true> <Delay = 0.00>
ST_3 : Operation 60 [1/1] (0.00ns)   --->   "%tmp_345 = partselect i32 @_ssdm_op_PartSelect.i32.i64.i32.i32, i64 %ahbh, i32 32, i32 63" [src/generic/fp_generic.c:133->src/generic/fp_generic.c:160]   --->   Operation 60 'partselect' 'tmp_345' <Predicate = true> <Delay = 0.00>

State 4 <SV = 3> <Delay = 5.71>
ST_4 : Operation 61 [1/1] (0.00ns)   --->   "%zext_ln106 = zext i32 %tmp_s" [src/generic/fp_generic.c:106->src/generic/fp_generic.c:160]   --->   Operation 61 'zext' 'zext_ln106' <Predicate = true> <Delay = 0.00>
ST_4 : Operation 62 [1/1] (0.00ns)   --->   "%zext_ln123 = zext i32 %trunc_ln106_199" [src/generic/fp_generic.c:123->src/generic/fp_generic.c:160]   --->   Operation 62 'zext' 'zext_ln123' <Predicate = true> <Delay = 0.00>
ST_4 : Operation 63 [1/1] (0.00ns)   --->   "%zext_ln123_123 = zext i32 %trunc_ln106_198" [src/generic/fp_generic.c:123->src/generic/fp_generic.c:160]   --->   Operation 63 'zext' 'zext_ln123_123' <Predicate = true> <Delay = 0.00>
ST_4 : Operation 64 [1/1] (1.89ns)   --->   "%add_ln123 = add i33 %zext_ln123, i33 %zext_ln123_123" [src/generic/fp_generic.c:123->src/generic/fp_generic.c:160]   --->   Operation 64 'add' 'add_ln123' <Predicate = true> <Delay = 1.89> <CoreInst = "Adder">   --->   Core 1 'Adder' <Latency = 0> <II = 1> <Delay = 1.89> <FuncUnit> <Opcode : 'add' 'sub'> <InPorts = 2> <OutPorts = 1>
ST_4 : Operation 65 [1/1] (0.00ns)   --->   "%zext_ln123_124 = zext i33 %add_ln123" [src/generic/fp_generic.c:123->src/generic/fp_generic.c:160]   --->   Operation 65 'zext' 'zext_ln123_124' <Predicate = true> <Delay = 0.00>
ST_4 : Operation 66 [1/1] (1.92ns)   --->   "%temp = add i34 %zext_ln123_124, i34 %zext_ln106" [src/generic/fp_generic.c:123->src/generic/fp_generic.c:160]   --->   Operation 66 'add' 'temp' <Predicate = true> <Delay = 1.92> <CoreInst = "Adder">   --->   Core 1 'Adder' <Latency = 0> <II = 1> <Delay = 1.92> <FuncUnit> <Opcode : 'add' 'sub'> <InPorts = 2> <OutPorts = 1>
ST_4 : Operation 67 [1/1] (0.00ns)   --->   "%tmp_342 = partselect i2 @_ssdm_op_PartSelect.i2.i34.i32.i32, i34 %temp, i32 32, i32 33" [src/generic/fp_generic.c:106->src/generic/fp_generic.c:160]   --->   Operation 67 'partselect' 'tmp_342' <Predicate = true> <Delay = 0.00>
ST_4 : Operation 68 [1/1] (0.00ns)   --->   "%zext_ln106_163 = zext i2 %tmp_342" [src/generic/fp_generic.c:106->src/generic/fp_generic.c:160]   --->   Operation 68 'zext' 'zext_ln106_163' <Predicate = true> <Delay = 0.00>
ST_4 : Operation 69 [1/1] (0.00ns)   --->   "%trunc_ln125 = trunc i34 %temp" [src/generic/fp_generic.c:125->src/generic/fp_generic.c:160]   --->   Operation 69 'trunc' 'trunc_ln125' <Predicate = true> <Delay = 0.00>
ST_4 : Operation 70 [1/1] (0.00ns)   --->   "%zext_ln106_164 = zext i32 %tmp_343" [src/generic/fp_generic.c:106->src/generic/fp_generic.c:160]   --->   Operation 70 'zext' 'zext_ln106_164' <Predicate = true> <Delay = 0.00>
ST_4 : Operation 71 [1/1] (0.00ns)   --->   "%zext_ln106_165 = zext i32 %tmp_344" [src/generic/fp_generic.c:106->src/generic/fp_generic.c:160]   --->   Operation 71 'zext' 'zext_ln106_165' <Predicate = true> <Delay = 0.00>
ST_4 : Operation 72 [1/1] (0.00ns)   --->   "%zext_ln130 = zext i32 %trunc_ln106_200" [src/generic/fp_generic.c:130->src/generic/fp_generic.c:160]   --->   Operation 72 'zext' 'zext_ln130' <Predicate = true> <Delay = 0.00>
ST_4 : Operation 73 [1/1] (1.89ns)   --->   "%add_ln130_153 = add i33 %zext_ln130, i33 %zext_ln106_164" [src/generic/fp_generic.c:130->src/generic/fp_generic.c:160]   --->   Operation 73 'add' 'add_ln130_153' <Predicate = true> <Delay = 1.89> <CoreInst = "Adder">   --->   Core 1 'Adder' <Latency = 0> <II = 1> <Delay = 1.89> <FuncUnit> <Opcode : 'add' 'sub'> <InPorts = 2> <OutPorts = 1>
ST_4 : Operation 74 [1/1] (1.89ns)   --->   "%add_ln130_154 = add i33 %zext_ln106_165, i33 %zext_ln106_163" [src/generic/fp_generic.c:130->src/generic/fp_generic.c:160]   --->   Operation 74 'add' 'add_ln130_154' <Predicate = true> <Delay = 1.89> <CoreInst = "Adder">   --->   Core 1 'Adder' <Latency = 0> <II = 1> <Delay = 1.89> <FuncUnit> <Opcode : 'add' 'sub'> <InPorts = 2> <OutPorts = 1>
ST_4 : Operation 75 [1/1] (0.00ns)   --->   "%trunc_ln130 = trunc i33 %add_ln130_154" [src/generic/fp_generic.c:130->src/generic/fp_generic.c:160]   --->   Operation 75 'trunc' 'trunc_ln130' <Predicate = true> <Delay = 0.00>

State 5 <SV = 4> <Delay = 7.30>
ST_5 : Operation 76 [1/1] (0.00ns)   --->   "%v_35_load = load i64 %v_35" [src/generic/fp_generic.c:161]   --->   Operation 76 'load' 'v_35_load' <Predicate = true> <Delay = 0.00>
ST_5 : Operation 77 [1/1] (0.00ns)   --->   "%shl_ln125_s = bitconcatenate i64 @_ssdm_op_BitConcatenate.i64.i32.i32, i32 %trunc_ln125, i32 0" [src/generic/fp_generic.c:125->src/generic/fp_generic.c:160]   --->   Operation 77 'bitconcatenate' 'shl_ln125_s' <Predicate = true> <Delay = 0.00>
ST_5 : Operation 78 [1/1] (0.00ns) (grouped into TernaryAdder)   --->   "%add_ln130 = add i32 %trunc_ln106_200, i32 %tmp_343" [src/generic/fp_generic.c:130->src/generic/fp_generic.c:160]   --->   Operation 78 'add' 'add_ln130' <Predicate = true> <Delay = 0.00> <CoreInst = "TAddSub">   --->   Core 10 'TAddSub' <Latency = 0> <II = 1> <Delay = 1.79> <IPBlock> <Opcode : '' 'add' 'sub'> <InPorts = 3> <OutPorts = 1> <Sync> <CReg>
ST_5 : Operation 79 [1/1] (0.00ns)   --->   "%zext_ln130_123 = zext i33 %add_ln130_153" [src/generic/fp_generic.c:130->src/generic/fp_generic.c:160]   --->   Operation 79 'zext' 'zext_ln130_123' <Predicate = true> <Delay = 0.00>
ST_5 : Operation 80 [1/1] (0.00ns)   --->   "%zext_ln130_124 = zext i33 %add_ln130_154" [src/generic/fp_generic.c:130->src/generic/fp_generic.c:160]   --->   Operation 80 'zext' 'zext_ln130_124' <Predicate = true> <Delay = 0.00>
ST_5 : Operation 81 [1/1] (3.58ns) (root node of TernaryAdder)   --->   "%add_ln105 = add i32 %trunc_ln130, i32 %add_ln130" [src/generic/fp_generic.c:105->src/generic/fp_generic.c:160]   --->   Operation 81 'add' 'add_ln105' <Predicate = true> <Delay = 3.58> <CoreInst = "TAddSub">   --->   Core 10 'TAddSub' <Latency = 0> <II = 1> <Delay = 1.79> <IPBlock> <Opcode : '' 'add' 'sub'> <InPorts = 3> <OutPorts = 1> <Sync> <CReg>
ST_5 : Operation 82 [1/1] (1.92ns)   --->   "%temp_68 = add i34 %zext_ln130_124, i34 %zext_ln130_123" [src/generic/fp_generic.c:130->src/generic/fp_generic.c:160]   --->   Operation 82 'add' 'temp_68' <Predicate = true> <Delay = 1.92> <CoreInst = "Adder">   --->   Core 1 'Adder' <Latency = 0> <II = 1> <Delay = 1.92> <FuncUnit> <Opcode : 'add' 'sub'> <InPorts = 2> <OutPorts = 1>
ST_5 : Operation 83 [1/1] (0.00ns)   --->   "%and_ln133_s = bitconcatenate i64 @_ssdm_op_BitConcatenate.i64.i32.i32, i32 %tmp_345, i32 0" [src/generic/fp_generic.c:133->src/generic/fp_generic.c:160]   --->   Operation 83 'bitconcatenate' 'and_ln133_s' <Predicate = true> <Delay = 0.00>
ST_5 : Operation 84 [1/1] (0.00ns)   --->   "%tmp_346 = partselect i2 @_ssdm_op_PartSelect.i2.i34.i32.i32, i34 %temp_68, i32 32, i32 33" [src/generic/fp_generic.c:133->src/generic/fp_generic.c:160]   --->   Operation 84 'partselect' 'tmp_346' <Predicate = true> <Delay = 0.00>
ST_5 : Operation 85 [1/1] (0.00ns)   --->   "%and_ln133_13 = bitconcatenate i34 @_ssdm_op_BitConcatenate.i34.i2.i32, i2 %tmp_346, i32 0" [src/generic/fp_generic.c:133->src/generic/fp_generic.c:160]   --->   Operation 85 'bitconcatenate' 'and_ln133_13' <Predicate = true> <Delay = 0.00>
ST_5 : Operation 86 [1/1] (0.00ns)   --->   "%zext_ln133 = zext i34 %and_ln133_13" [src/generic/fp_generic.c:133->src/generic/fp_generic.c:160]   --->   Operation 86 'zext' 'zext_ln133' <Predicate = true> <Delay = 0.00>
ST_5 : Operation 87 [1/1] (2.69ns)   --->   "%add_ln133 = add i64 %zext_ln133, i64 %and_ln133_s" [src/generic/fp_generic.c:133->src/generic/fp_generic.c:160]   --->   Operation 87 'add' 'add_ln133' <Predicate = true> <Delay = 2.69> <CoreInst = "Adder">   --->   Core 1 'Adder' <Latency = 0> <II = 1> <Delay = 2.69> <FuncUnit> <Opcode : 'add' 'sub'> <InPorts = 2> <OutPorts = 1>
ST_5 : Operation 88 [1/1] (0.00ns)   --->   "%or_ln = bitconcatenate i64 @_ssdm_op_BitConcatenate.i64.i32.i32, i32 %trunc_ln125, i32 %trunc_ln106" [src/generic/fp_generic.c:161]   --->   Operation 88 'bitconcatenate' 'or_ln' <Predicate = true> <Delay = 0.00>
ST_5 : Operation 89 [1/1] (2.69ns)   --->   "%v_169 = add i64 %or_ln, i64 %v_35_load" [src/generic/fp_generic.c:161]   --->   Operation 89 'add' 'v_169' <Predicate = true> <Delay = 2.69> <CoreInst = "Adder">   --->   Core 1 'Adder' <Latency = 0> <II = 1> <Delay = 2.69> <FuncUnit> <Opcode : 'add' 'sub'> <InPorts = 2> <OutPorts = 1>
ST_5 : Operation 90 [1/1] (0.00ns) (grouped into LUT with out node tempReg)   --->   "%xor_ln105_63 = xor i64 %v_169, i64 %shl_ln125_s" [src/config.h:105->src/generic/fp_generic.c:161]   --->   Operation 90 'xor' 'xor_ln105_63' <Predicate = true> <Delay = 0.00> <CoreInst = "LogicGate">   --->   Core 74 'LogicGate' <Latency = 0> <II = 1> <Delay = 0.80> <FuncUnit> <Opcode : 'and' 'or' 'xor'> <InPorts = 2> <OutPorts = 1>
ST_5 : Operation 91 [1/1] (0.00ns) (grouped into LUT with out node tempReg)   --->   "%xor_ln105_64 = xor i64 %shl_ln125_s, i64 %v_35_load" [src/config.h:105->src/generic/fp_generic.c:161]   --->   Operation 91 'xor' 'xor_ln105_64' <Predicate = true> <Delay = 0.00> <CoreInst = "LogicGate">   --->   Core 74 'LogicGate' <Latency = 0> <II = 1> <Delay = 0.80> <FuncUnit> <Opcode : 'and' 'or' 'xor'> <InPorts = 2> <OutPorts = 1>
ST_5 : Operation 92 [1/1] (0.00ns) (grouped into LUT with out node tempReg)   --->   "%or_ln105_13 = or i64 %xor_ln105_63, i64 %xor_ln105_64" [src/config.h:105->src/generic/fp_generic.c:161]   --->   Operation 92 'or' 'or_ln105_13' <Predicate = true> <Delay = 0.00> <CoreInst = "LogicGate">   --->   Core 74 'LogicGate' <Latency = 0> <II = 1> <Delay = 0.80> <FuncUnit> <Opcode : 'and' 'or' 'xor'> <InPorts = 2> <OutPorts = 1>
ST_5 : Operation 93 [1/1] (0.00ns) (grouped into LUT with out node tempReg)   --->   "%xor_ln105_65 = xor i64 %or_ln105_13, i64 %v_169" [src/config.h:105->src/generic/fp_generic.c:161]   --->   Operation 93 'xor' 'xor_ln105_65' <Predicate = true> <Delay = 0.00> <CoreInst = "LogicGate">   --->   Core 74 'LogicGate' <Latency = 0> <II = 1> <Delay = 0.80> <FuncUnit> <Opcode : 'and' 'or' 'xor'> <InPorts = 2> <OutPorts = 1>
ST_5 : Operation 94 [1/1] (0.00ns) (grouped into LUT with out node tempReg)   --->   "%carry = bitselect i1 @_ssdm_op_BitSelect.i1.i64.i32, i64 %xor_ln105_65, i32 63" [src/config.h:105->src/generic/fp_generic.c:161]   --->   Operation 94 'bitselect' 'carry' <Predicate = true> <Delay = 0.00>
ST_5 : Operation 95 [1/1] (0.00ns) (grouped into LUT with out node tempReg)   --->   "%zext_ln105_134 = zext i1 %carry" [src/config.h:105->src/generic/fp_generic.c:161]   --->   Operation 95 'zext' 'zext_ln105_134' <Predicate = true> <Delay = 0.00>
ST_5 : Operation 96 [1/1] (0.00ns) (grouped into LUT with out node tempReg)   --->   "%tmp_40 = partselect i32 @_ssdm_op_PartSelect.i32.i64.i32.i32, i64 %add_ln133, i32 32, i32 63" [src/generic/fp_generic.c:162]   --->   Operation 96 'partselect' 'tmp_40' <Predicate = true> <Delay = 0.00>
ST_5 : Operation 97 [1/1] (0.00ns) (grouped into LUT with out node tempReg)   --->   "%or_ln33 = bitconcatenate i64 @_ssdm_op_BitConcatenate.i64.i32.i32, i32 %tmp_40, i32 %add_ln105" [src/generic/fp_generic.c:162]   --->   Operation 97 'bitconcatenate' 'or_ln33' <Predicate = true> <Delay = 0.00>
ST_5 : Operation 98 [1/1] (2.69ns) (out node of the LUT)   --->   "%tempReg = add i64 %or_ln33, i64 %zext_ln105_134" [src/generic/fp_generic.c:162]   --->   Operation 98 'add' 'tempReg' <Predicate = true> <Delay = 2.69> <CoreInst = "Adder">   --->   Core 1 'Adder' <Latency = 0> <II = 1> <Delay = 2.69> <FuncUnit> <Opcode : 'add' 'sub'> <InPorts = 2> <OutPorts = 1>
ST_5 : Operation 99 [1/1] (1.29ns)   --->   "%store_ln140 = store i64 %v_169, i64 %v_35" [src/generic/fp_generic.c:140]   --->   Operation 99 'store' 'store_ln140' <Predicate = true> <Delay = 1.29>
ST_5 : Operation 122 [1/1] (0.00ns)   --->   "%t_33_load24 = load i3 %t_33"   --->   Operation 122 'load' 't_33_load24' <Predicate = (icmp_ln159)> <Delay = 0.00>
ST_5 : Operation 123 [1/1] (0.00ns)   --->   "%v_35_load22 = load i64 %v_35"   --->   Operation 123 'load' 'v_35_load22' <Predicate = (icmp_ln159)> <Delay = 0.00>
ST_5 : Operation 124 [1/1] (0.00ns)   --->   "%write_ln0 = write void @_ssdm_op_Write.ap_auto.i64P0A, i64 %v_35_out, i64 %v_35_load22"   --->   Operation 124 'write' 'write_ln0' <Predicate = (icmp_ln159)> <Delay = 0.00>
ST_5 : Operation 125 [1/1] (0.00ns)   --->   "%write_ln0 = write void @_ssdm_op_Write.ap_auto.i3P0A, i3 %t_33_out, i3 %t_33_load24"   --->   Operation 125 'write' 'write_ln0' <Predicate = (icmp_ln159)> <Delay = 0.00>
ST_5 : Operation 126 [1/1] (1.29ns)   --->   "%ret_ln0 = ret"   --->   Operation 126 'ret' 'ret_ln0' <Predicate = (icmp_ln159)> <Delay = 1.29>

State 6 <SV = 5> <Delay = 5.60>
ST_6 : Operation 100 [1/1] (0.00ns)   --->   "%t_33_load = load i3 %t_33" [src/generic/fp_generic.c:163]   --->   Operation 100 'load' 't_33_load' <Predicate = true> <Delay = 0.00>
ST_6 : Operation 101 [1/1] (0.00ns)   --->   "%u_34_out_load = load i64 %u_34_out" [src/generic/fp_generic.c:162]   --->   Operation 101 'load' 'u_34_out_load' <Predicate = true> <Delay = 0.00>
ST_6 : Operation 102 [1/1] (0.00ns)   --->   "%specpipeline_ln139 = specpipeline void @_ssdm_op_SpecPipeline, i32 4294967295, i32 0, i32 0, i32 0, void @empty_56" [src/generic/fp_generic.c:139]   --->   Operation 102 'specpipeline' 'specpipeline_ln139' <Predicate = true> <Delay = 0.00>
ST_6 : Operation 103 [1/1] (0.00ns)   --->   "%speclooptripcount_ln139 = speclooptripcount void @_ssdm_op_SpecLoopTripCount, i64 1, i64 7, i64 4" [src/generic/fp_generic.c:139]   --->   Operation 103 'speclooptripcount' 'speclooptripcount_ln139' <Predicate = true> <Delay = 0.00>
ST_6 : Operation 104 [1/1] (0.00ns)   --->   "%specloopname_ln159 = specloopname void @_ssdm_op_SpecLoopName, void @empty_34" [src/generic/fp_generic.c:159]   --->   Operation 104 'specloopname' 'specloopname_ln159' <Predicate = true> <Delay = 0.00>
ST_6 : Operation 105 [1/1] (2.69ns)   --->   "%u = add i64 %tempReg, i64 %u_34_out_load" [src/generic/fp_generic.c:162]   --->   Operation 105 'add' 'u' <Predicate = true> <Delay = 2.69> <CoreInst = "Adder">   --->   Core 1 'Adder' <Latency = 0> <II = 1> <Delay = 2.69> <FuncUnit> <Opcode : 'add' 'sub'> <InPorts = 2> <OutPorts = 1>
ST_6 : Operation 106 [1/1] (0.00ns) (grouped into LUT with out node xor_ln162_39)   --->   "%xor_ln162 = xor i64 %u, i64 %tempReg" [src/generic/fp_generic.c:162]   --->   Operation 106 'xor' 'xor_ln162' <Predicate = true> <Delay = 0.00> <CoreInst = "LogicGate">   --->   Core 74 'LogicGate' <Latency = 0> <II = 1> <Delay = 0.80> <FuncUnit> <Opcode : 'and' 'or' 'xor'> <InPorts = 2> <OutPorts = 1>
ST_6 : Operation 107 [1/1] (0.00ns) (grouped into LUT with out node xor_ln162_39)   --->   "%xor_ln162_37 = xor i64 %tempReg, i64 %u_34_out_load" [src/generic/fp_generic.c:162]   --->   Operation 107 'xor' 'xor_ln162_37' <Predicate = true> <Delay = 0.00> <CoreInst = "LogicGate">   --->   Core 74 'LogicGate' <Latency = 0> <II = 1> <Delay = 0.80> <FuncUnit> <Opcode : 'and' 'or' 'xor'> <InPorts = 2> <OutPorts = 1>
ST_6 : Operation 108 [1/1] (0.00ns) (grouped into LUT with out node xor_ln162_39)   --->   "%or_ln162 = or i64 %xor_ln162, i64 %xor_ln162_37" [src/generic/fp_generic.c:162]   --->   Operation 108 'or' 'or_ln162' <Predicate = true> <Delay = 0.00> <CoreInst = "LogicGate">   --->   Core 74 'LogicGate' <Latency = 0> <II = 1> <Delay = 0.80> <FuncUnit> <Opcode : 'and' 'or' 'xor'> <InPorts = 2> <OutPorts = 1>
ST_6 : Operation 109 [1/1] (0.00ns) (grouped into LUT with out node t)   --->   "%bit_sel1 = bitselect i1 @_ssdm_op_BitSelect.i1.i64.i64, i64 %tempReg, i64 63" [src/generic/fp_generic.c:162]   --->   Operation 109 'bitselect' 'bit_sel1' <Predicate = true> <Delay = 0.00>
ST_6 : Operation 110 [1/1] (0.00ns) (grouped into LUT with out node t)   --->   "%xor_ln162_41 = xor i1 %bit_sel1, i1 1" [src/generic/fp_generic.c:162]   --->   Operation 110 'xor' 'xor_ln162_41' <Predicate = true> <Delay = 0.00> <CoreInst = "LogicGate">   --->   Core 74 'LogicGate' <Latency = 0> <II = 1> <Delay = 0.80> <FuncUnit> <Opcode : 'and' 'or' 'xor'> <InPorts = 2> <OutPorts = 1>
ST_6 : Operation 111 [1/1] (0.00ns) (grouped into LUT with out node t)   --->   "%trunc_ln162 = trunc i64 %tempReg" [src/generic/fp_generic.c:162]   --->   Operation 111 'trunc' 'trunc_ln162' <Predicate = true> <Delay = 0.00>
ST_6 : Operation 112 [1/1] (0.00ns) (grouped into LUT with out node t)   --->   "%xor_ln162_s = bitconcatenate i64 @_ssdm_op_BitConcatenate.i64.i1.i63, i1 %xor_ln162_41, i63 %trunc_ln162" [src/generic/fp_generic.c:162]   --->   Operation 112 'bitconcatenate' 'xor_ln162_s' <Predicate = true> <Delay = 0.00>
ST_6 : Operation 113 [1/1] (0.00ns) (grouped into LUT with out node t)   --->   "%and_ln162 = and i64 %xor_ln162_s, i64 %add_ln133" [src/generic/fp_generic.c:162]   --->   Operation 113 'and' 'and_ln162' <Predicate = true> <Delay = 0.00> <CoreInst = "LogicGate">   --->   Core 74 'LogicGate' <Latency = 0> <II = 1> <Delay = 0.80> <FuncUnit> <Opcode : 'and' 'or' 'xor'> <InPorts = 2> <OutPorts = 1>
ST_6 : Operation 114 [1/1] (0.80ns) (out node of the LUT)   --->   "%xor_ln162_39 = xor i64 %or_ln162, i64 %u" [src/generic/fp_generic.c:162]   --->   Operation 114 'xor' 'xor_ln162_39' <Predicate = true> <Delay = 0.80> <CoreInst = "LogicGate">   --->   Core 74 'LogicGate' <Latency = 0> <II = 1> <Delay = 0.80> <FuncUnit> <Opcode : 'and' 'or' 'xor'> <InPorts = 2> <OutPorts = 1>
ST_6 : Operation 115 [1/1] (0.00ns) (grouped into LUT with out node t)   --->   "%or_ln162_20 = or i64 %xor_ln162_39, i64 %and_ln162" [src/generic/fp_generic.c:162]   --->   Operation 115 'or' 'or_ln162_20' <Predicate = true> <Delay = 0.00> <CoreInst = "LogicGate">   --->   Core 74 'LogicGate' <Latency = 0> <II = 1> <Delay = 0.80> <FuncUnit> <Opcode : 'and' 'or' 'xor'> <InPorts = 2> <OutPorts = 1>
ST_6 : Operation 116 [1/1] (0.00ns) (grouped into LUT with out node t)   --->   "%tmp = bitselect i1 @_ssdm_op_BitSelect.i1.i64.i32, i64 %or_ln162_20, i32 63" [src/generic/fp_generic.c:163]   --->   Operation 116 'bitselect' 'tmp' <Predicate = true> <Delay = 0.00>
ST_6 : Operation 117 [1/1] (0.00ns) (grouped into LUT with out node t)   --->   "%zext_ln163 = zext i1 %tmp" [src/generic/fp_generic.c:163]   --->   Operation 117 'zext' 'zext_ln163' <Predicate = true> <Delay = 0.00>
ST_6 : Operation 118 [1/1] (0.80ns) (out node of the LUT)   --->   "%t = add i3 %zext_ln163, i3 %t_33_load" [src/generic/fp_generic.c:163]   --->   Operation 118 'add' 't' <Predicate = true> <Delay = 0.80> <CoreInst = "Adder">   --->   Core 1 'Adder' <Latency = 0> <II = 1> <Delay = 0.76> <FuncUnit> <Opcode : 'add' 'sub'> <InPorts = 2> <OutPorts = 1>
ST_6 : Operation 119 [1/1] (1.29ns)   --->   "%store_ln140 = store i64 %u, i64 %u_34_out" [src/generic/fp_generic.c:140]   --->   Operation 119 'store' 'store_ln140' <Predicate = true> <Delay = 1.29>
ST_6 : Operation 120 [1/1] (1.29ns)   --->   "%store_ln140 = store i3 %t, i3 %t_33" [src/generic/fp_generic.c:140]   --->   Operation 120 'store' 'store_ln140' <Predicate = true> <Delay = 1.29>
ST_6 : Operation 121 [1/1] (0.00ns)   --->   "%br_ln159 = br void %for.inc58" [src/generic/fp_generic.c:159]   --->   Operation 121 'br' 'br_ln159' <Predicate = true> <Delay = 0.00>


============================================================
+ Verbose Summary: Binding
============================================================
STG Binding: 
---------------- STG Properties BEGIN ----------------
- Is combinational: 0
- Is one-state seq: 0
- Is datapath-only: 0
- Is pipelined: 0
- Is top level: 0
Port [ Return ] is wired: 1; IO mode=ap_ctrl_hs:ce=0
Port [ indvars_iv]:  wired=1; compound=0; hidden=0; nouse=0; global=0; static=0; extern=0; dir=0; type=0; pingpong=0; private_global=0; IO mode=ap_none:ce=0
Port [ v]:  wired=1; compound=0; hidden=0; nouse=0; global=0; static=0; extern=0; dir=0; type=0; pingpong=0; private_global=0; IO mode=ap_none:ce=0
Port [ zext_ln157]:  wired=1; compound=0; hidden=0; nouse=0; global=0; static=0; extern=0; dir=0; type=0; pingpong=0; private_global=0; IO mode=ap_none:ce=0
Port [ a]:  wired=1; compound=1; hidden=0; nouse=0; global=0; static=0; extern=0; dir=0; type=1; pingpong=0; private_global=0; MemPort=[13]; IO mode=ap_memory:ce=0
Port [ i_27]:  wired=1; compound=0; hidden=0; nouse=0; global=0; static=0; extern=0; dir=0; type=0; pingpong=0; private_global=0; IO mode=ap_none:ce=0
Port [ b]:  wired=1; compound=1; hidden=0; nouse=0; global=0; static=0; extern=0; dir=0; type=1; pingpong=0; private_global=0; MemPort=[13]; IO mode=ap_memory:ce=0
Port [ v_35_out]:  wired=1; compound=0; hidden=0; nouse=0; global=0; static=0; extern=0; dir=1; type=0; pingpong=0; private_global=0; IO mode=ap_vld:ce=0
Port [ u_34_out]:  wired=1; compound=0; hidden=0; nouse=0; global=0; static=0; extern=0; dir=2; type=0; pingpong=0; private_global=0; IO mode=ap_ovld:ce=0
Port [ t_33_out]:  wired=1; compound=0; hidden=0; nouse=0; global=0; static=0; extern=0; dir=1; type=0; pingpong=0; private_global=0; IO mode=ap_vld:ce=0
---------------- STG Properties END ------------------

---------------- Datapath Model BEGIN ----------------

<LifeTime>
<method=bitvector/>
t_33                    (alloca           ) [ 0111111]
v_35                    (alloca           ) [ 0111110]
j_19                    (alloca           ) [ 0100000]
i_27_read               (read             ) [ 0000000]
zext_ln157_read         (read             ) [ 0000000]
v_read                  (read             ) [ 0000000]
indvars_iv_read         (read             ) [ 0000000]
zext_ln157_cast         (zext             ) [ 0000000]
indvars_iv_cast         (zext             ) [ 0000000]
store_ln139             (store            ) [ 0000000]
store_ln140             (store            ) [ 0000000]
store_ln140             (store            ) [ 0000000]
store_ln140             (store            ) [ 0000000]
br_ln0                  (br               ) [ 0000000]
j                       (load             ) [ 0000000]
icmp_ln159              (icmp             ) [ 0111110]
br_ln159                (br               ) [ 0000000]
zext_ln159              (zext             ) [ 0000000]
a_addr                  (getelementptr    ) [ 0110000]
sub_ln160               (sub              ) [ 0000000]
bit_sel                 (bitselect        ) [ 0000000]
xor_ln160               (xor              ) [ 0000000]
trunc_ln160_11          (trunc            ) [ 0000000]
add_ln                  (bitconcatenate   ) [ 0000000]
zext_ln160              (zext             ) [ 0000000]
b_addr                  (getelementptr    ) [ 0110000]
add_ln159               (add              ) [ 0000000]
store_ln139             (store            ) [ 0000000]
a_load                  (load             ) [ 0000000]
al                      (trunc            ) [ 0101000]
b_load                  (load             ) [ 0000000]
bl                      (trunc            ) [ 0101000]
ah                      (partselect       ) [ 0101000]
bh                      (partselect       ) [ 0101000]
zext_ln105              (zext             ) [ 0000000]
zext_ln110              (zext             ) [ 0000000]
zext_ln105_133          (zext             ) [ 0000000]
zext_ln112              (zext             ) [ 0000000]
albl                    (mul              ) [ 0000000]
trunc_ln106             (trunc            ) [ 0100110]
albh                    (mul              ) [ 0000000]
trunc_ln106_198         (trunc            ) [ 0100100]
ahbl                    (mul              ) [ 0000000]
trunc_ln106_199         (trunc            ) [ 0100100]
ahbh                    (mul              ) [ 0000000]
trunc_ln106_200         (trunc            ) [ 0100110]
tmp_s                   (partselect       ) [ 0100100]
tmp_343                 (partselect       ) [ 0100110]
tmp_344                 (partselect       ) [ 0100100]
tmp_345                 (partselect       ) [ 0100110]
zext_ln106              (zext             ) [ 0000000]
zext_ln123              (zext             ) [ 0000000]
zext_ln123_123          (zext             ) [ 0000000]
add_ln123               (add              ) [ 0000000]
zext_ln123_124          (zext             ) [ 0000000]
temp                    (add              ) [ 0000000]
tmp_342                 (partselect       ) [ 0000000]
zext_ln106_163          (zext             ) [ 0000000]
trunc_ln125             (trunc            ) [ 0100010]
zext_ln106_164          (zext             ) [ 0000000]
zext_ln106_165          (zext             ) [ 0000000]
zext_ln130              (zext             ) [ 0000000]
add_ln130_153           (add              ) [ 0100010]
add_ln130_154           (add              ) [ 0100010]
trunc_ln130             (trunc            ) [ 0100010]
v_35_load               (load             ) [ 0000000]
shl_ln125_s             (bitconcatenate   ) [ 0000000]
add_ln130               (add              ) [ 0000000]
zext_ln130_123          (zext             ) [ 0000000]
zext_ln130_124          (zext             ) [ 0000000]
add_ln105               (add              ) [ 0000000]
temp_68                 (add              ) [ 0000000]
and_ln133_s             (bitconcatenate   ) [ 0000000]
tmp_346                 (partselect       ) [ 0000000]
and_ln133_13            (bitconcatenate   ) [ 0000000]
zext_ln133              (zext             ) [ 0000000]
add_ln133               (add              ) [ 0100001]
or_ln                   (bitconcatenate   ) [ 0000000]
v_169                   (add              ) [ 0000000]
xor_ln105_63            (xor              ) [ 0000000]
xor_ln105_64            (xor              ) [ 0000000]
or_ln105_13             (or               ) [ 0000000]
xor_ln105_65            (xor              ) [ 0000000]
carry                   (bitselect        ) [ 0000000]
zext_ln105_134          (zext             ) [ 0000000]
tmp_40                  (partselect       ) [ 0000000]
or_ln33                 (bitconcatenate   ) [ 0000000]
tempReg                 (add              ) [ 0100001]
store_ln140             (store            ) [ 0000000]
t_33_load               (load             ) [ 0000000]
u_34_out_load           (load             ) [ 0000000]
specpipeline_ln139      (specpipeline     ) [ 0000000]
speclooptripcount_ln139 (speclooptripcount) [ 0000000]
specloopname_ln159      (specloopname     ) [ 0000000]
u                       (add              ) [ 0000000]
xor_ln162               (xor              ) [ 0000000]
xor_ln162_37            (xor              ) [ 0000000]
or_ln162                (or               ) [ 0000000]
bit_sel1                (bitselect        ) [ 0000000]
xor_ln162_41            (xor              ) [ 0000000]
trunc_ln162             (trunc            ) [ 0000000]
xor_ln162_s             (bitconcatenate   ) [ 0000000]
and_ln162               (and              ) [ 0000000]
xor_ln162_39            (xor              ) [ 0000000]
or_ln162_20             (or               ) [ 0000000]
tmp                     (bitselect        ) [ 0000000]
zext_ln163              (zext             ) [ 0000000]
t                       (add              ) [ 0000000]
store_ln140             (store            ) [ 0000000]
store_ln140             (store            ) [ 0000000]
br_ln159                (br               ) [ 0000000]
t_33_load24             (load             ) [ 0000000]
v_35_load22             (load             ) [ 0000000]
write_ln0               (write            ) [ 0000000]
write_ln0               (write            ) [ 0000000]
ret_ln0                 (ret              ) [ 0000000]
</LifeTime>

<model>

<comp_list>
<comp id="0" class="1000" name="indvars_iv">
<pin_list>
<pin id="1" dir="1" index="0" bw="1" slack="0"/>
</pin_list>
<bind>
<StgValue><ssdm name="indvars_iv"/></StgValue>
</bind>
</comp>

<comp id="2" class="1000" name="v">
<pin_list>
<pin id="3" dir="1" index="0" bw="1" slack="0"/>
</pin_list>
<bind>
<StgValue><ssdm name="v"/></StgValue>
</bind>
</comp>

<comp id="4" class="1000" name="zext_ln157">
<pin_list>
<pin id="5" dir="1" index="0" bw="1" slack="0"/>
</pin_list>
<bind>
<StgValue><ssdm name="zext_ln157"/></StgValue>
</bind>
</comp>

<comp id="6" class="1000" name="a">
<pin_list>
<pin id="7" dir="1" index="0" bw="1" slack="0"/>
</pin_list>
<bind>
<StgValue><ssdm name="a"/><MemPortTyVec>1 3 </MemPortTyVec>
</StgValue>
</bind>
</comp>

<comp id="8" class="1000" name="i_27">
<pin_list>
<pin id="9" dir="1" index="0" bw="1" slack="0"/>
</pin_list>
<bind>
<StgValue><ssdm name="i_27"/></StgValue>
</bind>
</comp>

<comp id="10" class="1000" name="b">
<pin_list>
<pin id="11" dir="1" index="0" bw="1" slack="0"/>
</pin_list>
<bind>
<StgValue><ssdm name="b"/><MemPortTyVec>1 3 </MemPortTyVec>
</StgValue>
</bind>
</comp>

<comp id="12" class="1000" name="v_35_out">
<pin_list>
<pin id="13" dir="1" index="0" bw="1" slack="0"/>
</pin_list>
<bind>
<StgValue><ssdm name="v_35_out"/></StgValue>
</bind>
</comp>

<comp id="14" class="1000" name="u_34_out">
<pin_list>
<pin id="15" dir="1" index="0" bw="1" slack="0"/>
</pin_list>
<bind>
<StgValue><ssdm name="u_34_out"/></StgValue>
</bind>
</comp>

<comp id="16" class="1000" name="t_33_out">
<pin_list>
<pin id="17" dir="1" index="0" bw="1" slack="0"/>
</pin_list>
<bind>
<StgValue><ssdm name="t_33_out"/></StgValue>
</bind>
</comp>

<comp id="18" class="1001" name="const_18">
<pin_list>
<pin id="19" dir="1" index="0" bw="1" slack="0"/>
</pin_list>
<bind>
<StgValue><ssdm name=""/></StgValue>
</bind>
</comp>

<comp id="20" class="1001" name="const_20">
<pin_list>
<pin id="21" dir="1" index="0" bw="1" slack="0"/>
</pin_list>
<bind>
<StgValue><ssdm name="_ssdm_op_Read.ap_auto.i4"/></StgValue>
</bind>
</comp>

<comp id="22" class="1001" name="const_22">
<pin_list>
<pin id="23" dir="1" index="0" bw="1" slack="0"/>
</pin_list>
<bind>
<StgValue><ssdm name="_ssdm_op_Read.ap_auto.i64"/></StgValue>
</bind>
</comp>

<comp id="24" class="1001" name="const_24">
<pin_list>
<pin id="25" dir="1" index="0" bw="1" slack="0"/>
</pin_list>
<bind>
<StgValue><ssdm name="_ssdm_op_Read.ap_auto.i3"/></StgValue>
</bind>
</comp>

<comp id="26" class="1001" name="const_26">
<pin_list>
<pin id="27" dir="1" index="0" bw="1" slack="0"/>
</pin_list>
<bind>
<StgValue><ssdm name=""/></StgValue>
</bind>
</comp>

<comp id="28" class="1001" name="const_28">
<pin_list>
<pin id="29" dir="1" index="0" bw="1" slack="0"/>
</pin_list>
<bind>
<StgValue><ssdm name=""/></StgValue>
</bind>
</comp>

<comp id="30" class="1001" name="const_30">
<pin_list>
<pin id="31" dir="1" index="0" bw="1" slack="0"/>
</pin_list>
<bind>
<StgValue><ssdm name=""/></StgValue>
</bind>
</comp>

<comp id="32" class="1001" name="const_32">
<pin_list>
<pin id="33" dir="1" index="0" bw="1" slack="0"/>
</pin_list>
<bind>
<StgValue><ssdm name="_ssdm_op_BitSelect.i1.i4.i4"/></StgValue>
</bind>
</comp>

<comp id="34" class="1001" name="const_34">
<pin_list>
<pin id="35" dir="1" index="0" bw="1" slack="0"/>
</pin_list>
<bind>
<StgValue><ssdm name=""/></StgValue>
</bind>
</comp>

<comp id="36" class="1001" name="const_36">
<pin_list>
<pin id="37" dir="1" index="0" bw="1" slack="0"/>
</pin_list>
<bind>
<StgValue><ssdm name=""/></StgValue>
</bind>
</comp>

<comp id="38" class="1001" name="const_38">
<pin_list>
<pin id="39" dir="1" index="0" bw="1" slack="0"/>
</pin_list>
<bind>
<StgValue><ssdm name="_ssdm_op_BitConcatenate.i4.i1.i3"/></StgValue>
</bind>
</comp>

<comp id="40" class="1001" name="const_40">
<pin_list>
<pin id="41" dir="1" index="0" bw="1" slack="0"/>
</pin_list>
<bind>
<StgValue><ssdm name=""/></StgValue>
</bind>
</comp>

<comp id="42" class="1001" name="const_42">
<pin_list>
<pin id="43" dir="1" index="0" bw="1" slack="0"/>
</pin_list>
<bind>
<StgValue><ssdm name="_ssdm_op_PartSelect.i32.i64.i32.i32"/></StgValue>
</bind>
</comp>

<comp id="44" class="1001" name="const_44">
<pin_list>
<pin id="45" dir="1" index="0" bw="1" slack="0"/>
</pin_list>
<bind>
<StgValue><ssdm name=""/></StgValue>
</bind>
</comp>

<comp id="46" class="1001" name="const_46">
<pin_list>
<pin id="47" dir="1" index="0" bw="1" slack="0"/>
</pin_list>
<bind>
<StgValue><ssdm name=""/></StgValue>
</bind>
</comp>

<comp id="48" class="1001" name="const_48">
<pin_list>
<pin id="49" dir="1" index="0" bw="1" slack="0"/>
</pin_list>
<bind>
<StgValue><ssdm name="_ssdm_op_PartSelect.i2.i34.i32.i32"/></StgValue>
</bind>
</comp>

<comp id="50" class="1001" name="const_50">
<pin_list>
<pin id="51" dir="1" index="0" bw="1" slack="0"/>
</pin_list>
<bind>
<StgValue><ssdm name=""/></StgValue>
</bind>
</comp>

<comp id="52" class="1001" name="const_52">
<pin_list>
<pin id="53" dir="1" index="0" bw="1" slack="0"/>
</pin_list>
<bind>
<StgValue><ssdm name="_ssdm_op_BitConcatenate.i64.i32.i32"/></StgValue>
</bind>
</comp>

<comp id="54" class="1001" name="const_54">
<pin_list>
<pin id="55" dir="1" index="0" bw="1" slack="0"/>
</pin_list>
<bind>
<StgValue><ssdm name=""/></StgValue>
</bind>
</comp>

<comp id="56" class="1001" name="const_56">
<pin_list>
<pin id="57" dir="1" index="0" bw="1" slack="0"/>
</pin_list>
<bind>
<StgValue><ssdm name="_ssdm_op_BitConcatenate.i34.i2.i32"/></StgValue>
</bind>
</comp>

<comp id="58" class="1001" name="const_58">
<pin_list>
<pin id="59" dir="1" index="0" bw="1" slack="0"/>
</pin_list>
<bind>
<StgValue><ssdm name="_ssdm_op_BitSelect.i1.i64.i32"/></StgValue>
</bind>
</comp>

<comp id="60" class="1001" name="const_60">
<pin_list>
<pin id="61" dir="1" index="0" bw="1" slack="2147483647"/>
</pin_list>
<bind>
<StgValue><ssdm name="_ssdm_op_SpecPipeline"/></StgValue>
</bind>
</comp>

<comp id="62" class="1001" name="const_62">
<pin_list>
<pin id="63" dir="1" index="0" bw="1" slack="2147483647"/>
</pin_list>
<bind>
<StgValue><ssdm name=""/></StgValue>
</bind>
</comp>

<comp id="64" class="1001" name="const_64">
<pin_list>
<pin id="65" dir="1" index="0" bw="1" slack="2147483647"/>
</pin_list>
<bind>
<StgValue><ssdm name="empty_56"/></StgValue>
</bind>
</comp>

<comp id="66" class="1001" name="const_66">
<pin_list>
<pin id="67" dir="1" index="0" bw="1" slack="2147483647"/>
</pin_list>
<bind>
<StgValue><ssdm name="_ssdm_op_SpecLoopTripCount"/></StgValue>
</bind>
</comp>

<comp id="68" class="1001" name="const_68">
<pin_list>
<pin id="69" dir="1" index="0" bw="1" slack="2147483647"/>
</pin_list>
<bind>
<StgValue><ssdm name=""/></StgValue>
</bind>
</comp>

<comp id="70" class="1001" name="const_70">
<pin_list>
<pin id="71" dir="1" index="0" bw="1" slack="2147483647"/>
</pin_list>
<bind>
<StgValue><ssdm name=""/></StgValue>
</bind>
</comp>

<comp id="72" class="1001" name="const_72">
<pin_list>
<pin id="73" dir="1" index="0" bw="1" slack="2147483647"/>
</pin_list>
<bind>
<StgValue><ssdm name=""/></StgValue>
</bind>
</comp>

<comp id="74" class="1001" name="const_74">
<pin_list>
<pin id="75" dir="1" index="0" bw="1" slack="2147483647"/>
</pin_list>
<bind>
<StgValue><ssdm name="_ssdm_op_SpecLoopName"/></StgValue>
</bind>
</comp>

<comp id="76" class="1001" name="const_76">
<pin_list>
<pin id="77" dir="1" index="0" bw="1" slack="2147483647"/>
</pin_list>
<bind>
<StgValue><ssdm name="empty_34"/></StgValue>
</bind>
</comp>

<comp id="78" class="1001" name="const_78">
<pin_list>
<pin id="79" dir="1" index="0" bw="1" slack="0"/>
</pin_list>
<bind>
<StgValue><ssdm name="_ssdm_op_BitSelect.i1.i64.i64"/></StgValue>
</bind>
</comp>

<comp id="80" class="1001" name="const_80">
<pin_list>
<pin id="81" dir="1" index="0" bw="1" slack="0"/>
</pin_list>
<bind>
<StgValue><ssdm name=""/></StgValue>
</bind>
</comp>

<comp id="82" class="1001" name="const_82">
<pin_list>
<pin id="83" dir="1" index="0" bw="1" slack="0"/>
</pin_list>
<bind>
<StgValue><ssdm name="_ssdm_op_BitConcatenate.i64.i1.i63"/></StgValue>
</bind>
</comp>

<comp id="84" class="1001" name="const_84">
<pin_list>
<pin id="85" dir="1" index="0" bw="1" slack="0"/>
</pin_list>
<bind>
<StgValue><ssdm name="_ssdm_op_Write.ap_auto.i64P0A"/></StgValue>
</bind>
</comp>

<comp id="86" class="1001" name="const_86">
<pin_list>
<pin id="87" dir="1" index="0" bw="1" slack="0"/>
</pin_list>
<bind>
<StgValue><ssdm name="_ssdm_op_Write.ap_auto.i3P0A"/></StgValue>
</bind>
</comp>

<comp id="88" class="1004" name="t_33_fu_88">
<pin_list>
<pin id="89" dir="0" index="0" bw="1" slack="0"/>
<pin id="90" dir="1" index="1" bw="3" slack="0"/>
</pin_list>
<bind>
<opcode="alloca(26) " fcode="alloca"/>
<opset="t_33/1 "/>
</bind>
</comp>

<comp id="92" class="1004" name="v_35_fu_92">
<pin_list>
<pin id="93" dir="0" index="0" bw="1" slack="0"/>
<pin id="94" dir="1" index="1" bw="64" slack="0"/>
</pin_list>
<bind>
<opcode="alloca(26) " fcode="alloca"/>
<opset="v_35/1 "/>
</bind>
</comp>

<comp id="96" class="1004" name="j_19_fu_96">
<pin_list>
<pin id="97" dir="0" index="0" bw="1" slack="0"/>
<pin id="98" dir="1" index="1" bw="4" slack="0"/>
</pin_list>
<bind>
<opcode="alloca(26) " fcode="alloca"/>
<opset="j_19/1 "/>
</bind>
</comp>

<comp id="100" class="1004" name="i_27_read_read_fu_100">
<pin_list>
<pin id="101" dir="0" index="0" bw="4" slack="0"/>
<pin id="102" dir="0" index="1" bw="4" slack="0"/>
<pin id="103" dir="1" index="2" bw="4" slack="0"/>
</pin_list>
<bind>
<opcode="read(1150) " fcode="read"/>
<opset="i_27_read/1 "/>
</bind>
</comp>

<comp id="106" class="1004" name="zext_ln157_read_read_fu_106">
<pin_list>
<pin id="107" dir="0" index="0" bw="4" slack="0"/>
<pin id="108" dir="0" index="1" bw="4" slack="0"/>
<pin id="109" dir="1" index="2" bw="4" slack="0"/>
</pin_list>
<bind>
<opcode="read(1150) " fcode="read"/>
<opset="zext_ln157_read/1 "/>
</bind>
</comp>

<comp id="112" class="1004" name="v_read_read_fu_112">
<pin_list>
<pin id="113" dir="0" index="0" bw="64" slack="0"/>
<pin id="114" dir="0" index="1" bw="64" slack="0"/>
<pin id="115" dir="1" index="2" bw="64" slack="0"/>
</pin_list>
<bind>
<opcode="read(1150) " fcode="read"/>
<opset="v_read/1 "/>
</bind>
</comp>

<comp id="118" class="1004" name="indvars_iv_read_read_fu_118">
<pin_list>
<pin id="119" dir="0" index="0" bw="3" slack="0"/>
<pin id="120" dir="0" index="1" bw="3" slack="0"/>
<pin id="121" dir="1" index="2" bw="3" slack="0"/>
</pin_list>
<bind>
<opcode="read(1150) " fcode="read"/>
<opset="indvars_iv_read/1 "/>
</bind>
</comp>

<comp id="124" class="1004" name="write_ln0_write_fu_124">
<pin_list>
<pin id="125" dir="0" index="0" bw="0" slack="0"/>
<pin id="126" dir="0" index="1" bw="64" slack="0"/>
<pin id="127" dir="0" index="2" bw="64" slack="0"/>
<pin id="128" dir="1" index="3" bw="0" slack="2147483647"/>
</pin_list>
<bind>
<opcode="write(1151) " fcode="write"/>
<opset="write_ln0/5 "/>
</bind>
</comp>

<comp id="131" class="1004" name="write_ln0_write_fu_131">
<pin_list>
<pin id="132" dir="0" index="0" bw="0" slack="0"/>
<pin id="133" dir="0" index="1" bw="3" slack="0"/>
<pin id="134" dir="0" index="2" bw="3" slack="0"/>
<pin id="135" dir="1" index="3" bw="0" slack="2147483647"/>
</pin_list>
<bind>
<opcode="write(1151) " fcode="write"/>
<opset="write_ln0/5 "/>
</bind>
</comp>

<comp id="138" class="1004" name="a_addr_gep_fu_138">
<pin_list>
<pin id="139" dir="0" index="0" bw="64" slack="0"/>
<pin id="140" dir="0" index="1" bw="1" slack="0"/>
<pin id="141" dir="0" index="2" bw="4" slack="0"/>
<pin id="142" dir="1" index="3" bw="3" slack="0"/>
</pin_list>
<bind>
<opcode="getelementptr(29) " fcode="getelementptr"/>
<opset="a_addr/1 "/>
</bind>
</comp>

<comp id="145" class="1004" name="grp_access_fu_145">
<pin_list>
<pin id="146" dir="0" index="0" bw="3" slack="0"/>
<pin id="147" dir="0" index="1" bw="64" slack="2147483647"/>
<pin id="148" dir="0" index="2" bw="0" slack="2147483647"/>
<pin id="149" dir="1" index="3" bw="64" slack="0"/>
</pin_list>
<bind>
<opcode="load(27) " fcode="load"/>
<opset="a_load/1 "/>
</bind>
</comp>

<comp id="151" class="1004" name="b_addr_gep_fu_151">
<pin_list>
<pin id="152" dir="0" index="0" bw="64" slack="0"/>
<pin id="153" dir="0" index="1" bw="1" slack="0"/>
<pin id="154" dir="0" index="2" bw="4" slack="0"/>
<pin id="155" dir="1" index="3" bw="4" slack="0"/>
</pin_list>
<bind>
<opcode="getelementptr(29) " fcode="getelementptr"/>
<opset="b_addr/1 "/>
</bind>
</comp>

<comp id="158" class="1004" name="grp_access_fu_158">
<pin_list>
<pin id="159" dir="0" index="0" bw="4" slack="0"/>
<pin id="160" dir="0" index="1" bw="64" slack="2147483647"/>
<pin id="161" dir="0" index="2" bw="0" slack="2147483647"/>
<pin id="162" dir="1" index="3" bw="64" slack="0"/>
</pin_list>
<bind>
<opcode="load(27) " fcode="load"/>
<opset="b_load/1 "/>
</bind>
</comp>

<comp id="164" class="1004" name="albl_fu_164">
<pin_list>
<pin id="165" dir="0" index="0" bw="32" slack="0"/>
<pin id="166" dir="0" index="1" bw="32" slack="0"/>
<pin id="167" dir="1" index="2" bw="64" slack="0"/>
</pin_list>
<bind>
<opcode="mul(12) " fcode="mul"/>
<opset="albl/3 "/>
</bind>
</comp>

<comp id="168" class="1004" name="albh_fu_168">
<pin_list>
<pin id="169" dir="0" index="0" bw="32" slack="0"/>
<pin id="170" dir="0" index="1" bw="32" slack="0"/>
<pin id="171" dir="1" index="2" bw="64" slack="0"/>
</pin_list>
<bind>
<opcode="mul(12) " fcode="mul"/>
<opset="albh/3 "/>
</bind>
</comp>

<comp id="172" class="1004" name="ahbl_fu_172">
<pin_list>
<pin id="173" dir="0" index="0" bw="32" slack="0"/>
<pin id="174" dir="0" index="1" bw="32" slack="0"/>
<pin id="175" dir="1" index="2" bw="64" slack="0"/>
</pin_list>
<bind>
<opcode="mul(12) " fcode="mul"/>
<opset="ahbl/3 "/>
</bind>
</comp>

<comp id="176" class="1004" name="ahbh_fu_176">
<pin_list>
<pin id="177" dir="0" index="0" bw="32" slack="0"/>
<pin id="178" dir="0" index="1" bw="32" slack="0"/>
<pin id="179" dir="1" index="2" bw="64" slack="0"/>
</pin_list>
<bind>
<opcode="mul(12) " fcode="mul"/>
<opset="ahbh/3 "/>
</bind>
</comp>

<comp id="180" class="1004" name="zext_ln157_cast_fu_180">
<pin_list>
<pin id="181" dir="0" index="0" bw="4" slack="0"/>
<pin id="182" dir="1" index="1" bw="64" slack="0"/>
</pin_list>
<bind>
<opcode="zext(34) " fcode="zext"/>
<opset="zext_ln157_cast/1 "/>
</bind>
</comp>

<comp id="184" class="1004" name="indvars_iv_cast_fu_184">
<pin_list>
<pin id="185" dir="0" index="0" bw="3" slack="0"/>
<pin id="186" dir="1" index="1" bw="4" slack="0"/>
</pin_list>
<bind>
<opcode="zext(34) " fcode="zext"/>
<opset="indvars_iv_cast/1 "/>
</bind>
</comp>

<comp id="188" class="1004" name="store_ln139_store_fu_188">
<pin_list>
<pin id="189" dir="0" index="0" bw="3" slack="0"/>
<pin id="190" dir="0" index="1" bw="4" slack="0"/>
<pin id="191" dir="1" index="2" bw="0" slack="2147483647"/>
</pin_list>
<bind>
<opcode="store(28) " fcode="store"/>
<opset="store_ln139/1 "/>
</bind>
</comp>

<comp id="193" class="1004" name="store_ln140_store_fu_193">
<pin_list>
<pin id="194" dir="0" index="0" bw="64" slack="0"/>
<pin id="195" dir="0" index="1" bw="64" slack="0"/>
<pin id="196" dir="1" index="2" bw="0" slack="2147483647"/>
</pin_list>
<bind>
<opcode="store(28) " fcode="store"/>
<opset="store_ln140/1 "/>
</bind>
</comp>

<comp id="198" class="1004" name="store_ln140_store_fu_198">
<pin_list>
<pin id="199" dir="0" index="0" bw="4" slack="0"/>
<pin id="200" dir="0" index="1" bw="64" slack="0"/>
<pin id="201" dir="1" index="2" bw="0" slack="2147483647"/>
</pin_list>
<bind>
<opcode="store(28) " fcode="store"/>
<opset="store_ln140/1 "/>
</bind>
</comp>

<comp id="204" class="1004" name="store_ln140_store_fu_204">
<pin_list>
<pin id="205" dir="0" index="0" bw="1" slack="0"/>
<pin id="206" dir="0" index="1" bw="3" slack="0"/>
<pin id="207" dir="1" index="2" bw="0" slack="2147483647"/>
</pin_list>
<bind>
<opcode="store(28) " fcode="store"/>
<opset="store_ln140/1 "/>
</bind>
</comp>

<comp id="209" class="1004" name="j_load_fu_209">
<pin_list>
<pin id="210" dir="0" index="0" bw="4" slack="0"/>
<pin id="211" dir="1" index="1" bw="4" slack="0"/>
</pin_list>
<bind>
<opcode="load(27) " fcode="load"/>
<opset="j/1 "/>
</bind>
</comp>

<comp id="212" class="1004" name="icmp_ln159_fu_212">
<pin_list>
<pin id="213" dir="0" index="0" bw="4" slack="0"/>
<pin id="214" dir="0" index="1" bw="4" slack="0"/>
<pin id="215" dir="1" index="2" bw="1" slack="4"/>
</pin_list>
<bind>
<opcode="icmp(45) " fcode="icmp"/>
<opset="icmp_ln159/1 "/>
</bind>
</comp>

<comp id="218" class="1004" name="zext_ln159_fu_218">
<pin_list>
<pin id="219" dir="0" index="0" bw="4" slack="0"/>
<pin id="220" dir="1" index="1" bw="64" slack="0"/>
</pin_list>
<bind>
<opcode="zext(34) " fcode="zext"/>
<opset="zext_ln159/1 "/>
</bind>
</comp>

<comp id="223" class="1004" name="sub_ln160_fu_223">
<pin_list>
<pin id="224" dir="0" index="0" bw="4" slack="0"/>
<pin id="225" dir="0" index="1" bw="4" slack="0"/>
<pin id="226" dir="1" index="2" bw="4" slack="0"/>
</pin_list>
<bind>
<opcode="sub(10) " fcode="sub"/>
<opset="sub_ln160/1 "/>
</bind>
</comp>

<comp id="229" class="1004" name="bit_sel_fu_229">
<pin_list>
<pin id="230" dir="0" index="0" bw="1" slack="0"/>
<pin id="231" dir="0" index="1" bw="4" slack="0"/>
<pin id="232" dir="0" index="2" bw="3" slack="0"/>
<pin id="233" dir="1" index="3" bw="1" slack="0"/>
</pin_list>
<bind>
<opcode="bitselect(1000) " fcode="bitselect"/>
<opset="bit_sel/1 "/>
</bind>
</comp>

<comp id="237" class="1004" name="xor_ln160_fu_237">
<pin_list>
<pin id="238" dir="0" index="0" bw="1" slack="0"/>
<pin id="239" dir="0" index="1" bw="1" slack="0"/>
<pin id="240" dir="1" index="2" bw="1" slack="0"/>
</pin_list>
<bind>
<opcode="xor(25) " fcode="xor"/>
<opset="xor_ln160/1 "/>
</bind>
</comp>

<comp id="243" class="1004" name="trunc_ln160_11_fu_243">
<pin_list>
<pin id="244" dir="0" index="0" bw="4" slack="0"/>
<pin id="245" dir="1" index="1" bw="3" slack="0"/>
</pin_list>
<bind>
<opcode="trunc(33) " fcode="trunc"/>
<opset="trunc_ln160_11/1 "/>
</bind>
</comp>

<comp id="247" class="1004" name="add_ln_fu_247">
<pin_list>
<pin id="248" dir="0" index="0" bw="4" slack="0"/>
<pin id="249" dir="0" index="1" bw="1" slack="0"/>
<pin id="250" dir="0" index="2" bw="3" slack="0"/>
<pin id="251" dir="1" index="3" bw="4" slack="0"/>
</pin_list>
<bind>
<opcode="bitconcatenate(1004) " fcode="bitconcatenate"/>
<opset="add_ln/1 "/>
</bind>
</comp>

<comp id="255" class="1004" name="zext_ln160_fu_255">
<pin_list>
<pin id="256" dir="0" index="0" bw="4" slack="0"/>
<pin id="257" dir="1" index="1" bw="64" slack="0"/>
</pin_list>
<bind>
<opcode="zext(34) " fcode="zext"/>
<opset="zext_ln160/1 "/>
</bind>
</comp>

<comp id="260" class="1004" name="add_ln159_fu_260">
<pin_list>
<pin id="261" dir="0" index="0" bw="4" slack="0"/>
<pin id="262" dir="0" index="1" bw="1" slack="0"/>
<pin id="263" dir="1" index="2" bw="4" slack="0"/>
</pin_list>
<bind>
<opcode="add(8) " fcode="add"/>
<opset="add_ln159/1 "/>
</bind>
</comp>

<comp id="266" class="1004" name="store_ln139_store_fu_266">
<pin_list>
<pin id="267" dir="0" index="0" bw="4" slack="0"/>
<pin id="268" dir="0" index="1" bw="4" slack="0"/>
<pin id="269" dir="1" index="2" bw="0" slack="2147483647"/>
</pin_list>
<bind>
<opcode="store(28) " fcode="store"/>
<opset="store_ln139/1 "/>
</bind>
</comp>

<comp id="271" class="1004" name="al_fu_271">
<pin_list>
<pin id="272" dir="0" index="0" bw="64" slack="0"/>
<pin id="273" dir="1" index="1" bw="32" slack="1"/>
</pin_list>
<bind>
<opcode="trunc(33) " fcode="trunc"/>
<opset="al/2 "/>
</bind>
</comp>

<comp id="275" class="1004" name="bl_fu_275">
<pin_list>
<pin id="276" dir="0" index="0" bw="64" slack="0"/>
<pin id="277" dir="1" index="1" bw="32" slack="1"/>
</pin_list>
<bind>
<opcode="trunc(33) " fcode="trunc"/>
<opset="bl/2 "/>
</bind>
</comp>

<comp id="279" class="1004" name="ah_fu_279">
<pin_list>
<pin id="280" dir="0" index="0" bw="32" slack="0"/>
<pin id="281" dir="0" index="1" bw="64" slack="0"/>
<pin id="282" dir="0" index="2" bw="7" slack="0"/>
<pin id="283" dir="0" index="3" bw="7" slack="0"/>
<pin id="284" dir="1" index="4" bw="32" slack="1"/>
</pin_list>
<bind>
<opcode="partselect(1002) " fcode="partselect"/>
<opset="ah/2 "/>
</bind>
</comp>

<comp id="289" class="1004" name="bh_fu_289">
<pin_list>
<pin id="290" dir="0" index="0" bw="32" slack="0"/>
<pin id="291" dir="0" index="1" bw="64" slack="0"/>
<pin id="292" dir="0" index="2" bw="7" slack="0"/>
<pin id="293" dir="0" index="3" bw="7" slack="0"/>
<pin id="294" dir="1" index="4" bw="32" slack="1"/>
</pin_list>
<bind>
<opcode="partselect(1002) " fcode="partselect"/>
<opset="bh/2 "/>
</bind>
</comp>

<comp id="299" class="1004" name="zext_ln105_fu_299">
<pin_list>
<pin id="300" dir="0" index="0" bw="32" slack="1"/>
<pin id="301" dir="1" index="1" bw="64" slack="0"/>
</pin_list>
<bind>
<opcode="zext(34) " fcode="zext"/>
<opset="zext_ln105/3 "/>
</bind>
</comp>

<comp id="304" class="1004" name="zext_ln110_fu_304">
<pin_list>
<pin id="305" dir="0" index="0" bw="32" slack="1"/>
<pin id="306" dir="1" index="1" bw="64" slack="0"/>
</pin_list>
<bind>
<opcode="zext(34) " fcode="zext"/>
<opset="zext_ln110/3 "/>
</bind>
</comp>

<comp id="309" class="1004" name="zext_ln105_133_fu_309">
<pin_list>
<pin id="310" dir="0" index="0" bw="32" slack="1"/>
<pin id="311" dir="1" index="1" bw="64" slack="0"/>
</pin_list>
<bind>
<opcode="zext(34) " fcode="zext"/>
<opset="zext_ln105_133/3 "/>
</bind>
</comp>

<comp id="314" class="1004" name="zext_ln112_fu_314">
<pin_list>
<pin id="315" dir="0" index="0" bw="32" slack="1"/>
<pin id="316" dir="1" index="1" bw="64" slack="0"/>
</pin_list>
<bind>
<opcode="zext(34) " fcode="zext"/>
<opset="zext_ln112/3 "/>
</bind>
</comp>

<comp id="319" class="1004" name="trunc_ln106_fu_319">
<pin_list>
<pin id="320" dir="0" index="0" bw="64" slack="0"/>
<pin id="321" dir="1" index="1" bw="32" slack="2"/>
</pin_list>
<bind>
<opcode="trunc(33) " fcode="trunc"/>
<opset="trunc_ln106/3 "/>
</bind>
</comp>

<comp id="323" class="1004" name="trunc_ln106_198_fu_323">
<pin_list>
<pin id="324" dir="0" index="0" bw="64" slack="0"/>
<pin id="325" dir="1" index="1" bw="32" slack="1"/>
</pin_list>
<bind>
<opcode="trunc(33) " fcode="trunc"/>
<opset="trunc_ln106_198/3 "/>
</bind>
</comp>

<comp id="327" class="1004" name="trunc_ln106_199_fu_327">
<pin_list>
<pin id="328" dir="0" index="0" bw="64" slack="0"/>
<pin id="329" dir="1" index="1" bw="32" slack="1"/>
</pin_list>
<bind>
<opcode="trunc(33) " fcode="trunc"/>
<opset="trunc_ln106_199/3 "/>
</bind>
</comp>

<comp id="331" class="1004" name="trunc_ln106_200_fu_331">
<pin_list>
<pin id="332" dir="0" index="0" bw="64" slack="0"/>
<pin id="333" dir="1" index="1" bw="32" slack="1"/>
</pin_list>
<bind>
<opcode="trunc(33) " fcode="trunc"/>
<opset="trunc_ln106_200/3 "/>
</bind>
</comp>

<comp id="335" class="1004" name="tmp_s_fu_335">
<pin_list>
<pin id="336" dir="0" index="0" bw="32" slack="0"/>
<pin id="337" dir="0" index="1" bw="64" slack="0"/>
<pin id="338" dir="0" index="2" bw="7" slack="0"/>
<pin id="339" dir="0" index="3" bw="7" slack="0"/>
<pin id="340" dir="1" index="4" bw="32" slack="1"/>
</pin_list>
<bind>
<opcode="partselect(1002) " fcode="partselect"/>
<opset="tmp_s/3 "/>
</bind>
</comp>

<comp id="345" class="1004" name="tmp_343_fu_345">
<pin_list>
<pin id="346" dir="0" index="0" bw="32" slack="0"/>
<pin id="347" dir="0" index="1" bw="64" slack="0"/>
<pin id="348" dir="0" index="2" bw="7" slack="0"/>
<pin id="349" dir="0" index="3" bw="7" slack="0"/>
<pin id="350" dir="1" index="4" bw="32" slack="1"/>
</pin_list>
<bind>
<opcode="partselect(1002) " fcode="partselect"/>
<opset="tmp_343/3 "/>
</bind>
</comp>

<comp id="355" class="1004" name="tmp_344_fu_355">
<pin_list>
<pin id="356" dir="0" index="0" bw="32" slack="0"/>
<pin id="357" dir="0" index="1" bw="64" slack="0"/>
<pin id="358" dir="0" index="2" bw="7" slack="0"/>
<pin id="359" dir="0" index="3" bw="7" slack="0"/>
<pin id="360" dir="1" index="4" bw="32" slack="1"/>
</pin_list>
<bind>
<opcode="partselect(1002) " fcode="partselect"/>
<opset="tmp_344/3 "/>
</bind>
</comp>

<comp id="365" class="1004" name="tmp_345_fu_365">
<pin_list>
<pin id="366" dir="0" index="0" bw="32" slack="0"/>
<pin id="367" dir="0" index="1" bw="64" slack="0"/>
<pin id="368" dir="0" index="2" bw="7" slack="0"/>
<pin id="369" dir="0" index="3" bw="7" slack="0"/>
<pin id="370" dir="1" index="4" bw="32" slack="2"/>
</pin_list>
<bind>
<opcode="partselect(1002) " fcode="partselect"/>
<opset="tmp_345/3 "/>
</bind>
</comp>

<comp id="375" class="1004" name="zext_ln106_fu_375">
<pin_list>
<pin id="376" dir="0" index="0" bw="32" slack="1"/>
<pin id="377" dir="1" index="1" bw="34" slack="0"/>
</pin_list>
<bind>
<opcode="zext(34) " fcode="zext"/>
<opset="zext_ln106/4 "/>
</bind>
</comp>

<comp id="378" class="1004" name="zext_ln123_fu_378">
<pin_list>
<pin id="379" dir="0" index="0" bw="32" slack="1"/>
<pin id="380" dir="1" index="1" bw="33" slack="0"/>
</pin_list>
<bind>
<opcode="zext(34) " fcode="zext"/>
<opset="zext_ln123/4 "/>
</bind>
</comp>

<comp id="381" class="1004" name="zext_ln123_123_fu_381">
<pin_list>
<pin id="382" dir="0" index="0" bw="32" slack="1"/>
<pin id="383" dir="1" index="1" bw="33" slack="0"/>
</pin_list>
<bind>
<opcode="zext(34) " fcode="zext"/>
<opset="zext_ln123_123/4 "/>
</bind>
</comp>

<comp id="384" class="1004" name="add_ln123_fu_384">
<pin_list>
<pin id="385" dir="0" index="0" bw="32" slack="0"/>
<pin id="386" dir="0" index="1" bw="32" slack="0"/>
<pin id="387" dir="1" index="2" bw="33" slack="0"/>
</pin_list>
<bind>
<opcode="add(8) " fcode="add"/>
<opset="add_ln123/4 "/>
</bind>
</comp>

<comp id="390" class="1004" name="zext_ln123_124_fu_390">
<pin_list>
<pin id="391" dir="0" index="0" bw="33" slack="0"/>
<pin id="392" dir="1" index="1" bw="34" slack="0"/>
</pin_list>
<bind>
<opcode="zext(34) " fcode="zext"/>
<opset="zext_ln123_124/4 "/>
</bind>
</comp>

<comp id="394" class="1004" name="temp_fu_394">
<pin_list>
<pin id="395" dir="0" index="0" bw="33" slack="0"/>
<pin id="396" dir="0" index="1" bw="32" slack="0"/>
<pin id="397" dir="1" index="2" bw="34" slack="0"/>
</pin_list>
<bind>
<opcode="add(8) " fcode="add"/>
<opset="temp/4 "/>
</bind>
</comp>

<comp id="400" class="1004" name="tmp_342_fu_400">
<pin_list>
<pin id="401" dir="0" index="0" bw="2" slack="0"/>
<pin id="402" dir="0" index="1" bw="34" slack="0"/>
<pin id="403" dir="0" index="2" bw="7" slack="0"/>
<pin id="404" dir="0" index="3" bw="7" slack="0"/>
<pin id="405" dir="1" index="4" bw="2" slack="0"/>
</pin_list>
<bind>
<opcode="partselect(1002) " fcode="partselect"/>
<opset="tmp_342/4 "/>
</bind>
</comp>

<comp id="410" class="1004" name="zext_ln106_163_fu_410">
<pin_list>
<pin id="411" dir="0" index="0" bw="2" slack="0"/>
<pin id="412" dir="1" index="1" bw="33" slack="0"/>
</pin_list>
<bind>
<opcode="zext(34) " fcode="zext"/>
<opset="zext_ln106_163/4 "/>
</bind>
</comp>

<comp id="414" class="1004" name="trunc_ln125_fu_414">
<pin_list>
<pin id="415" dir="0" index="0" bw="34" slack="0"/>
<pin id="416" dir="1" index="1" bw="32" slack="1"/>
</pin_list>
<bind>
<opcode="trunc(33) " fcode="trunc"/>
<opset="trunc_ln125/4 "/>
</bind>
</comp>

<comp id="418" class="1004" name="zext_ln106_164_fu_418">
<pin_list>
<pin id="419" dir="0" index="0" bw="32" slack="1"/>
<pin id="420" dir="1" index="1" bw="33" slack="0"/>
</pin_list>
<bind>
<opcode="zext(34) " fcode="zext"/>
<opset="zext_ln106_164/4 "/>
</bind>
</comp>

<comp id="421" class="1004" name="zext_ln106_165_fu_421">
<pin_list>
<pin id="422" dir="0" index="0" bw="32" slack="1"/>
<pin id="423" dir="1" index="1" bw="33" slack="0"/>
</pin_list>
<bind>
<opcode="zext(34) " fcode="zext"/>
<opset="zext_ln106_165/4 "/>
</bind>
</comp>

<comp id="424" class="1004" name="zext_ln130_fu_424">
<pin_list>
<pin id="425" dir="0" index="0" bw="32" slack="1"/>
<pin id="426" dir="1" index="1" bw="33" slack="0"/>
</pin_list>
<bind>
<opcode="zext(34) " fcode="zext"/>
<opset="zext_ln130/4 "/>
</bind>
</comp>

<comp id="427" class="1004" name="add_ln130_153_fu_427">
<pin_list>
<pin id="428" dir="0" index="0" bw="32" slack="0"/>
<pin id="429" dir="0" index="1" bw="32" slack="0"/>
<pin id="430" dir="1" index="2" bw="33" slack="1"/>
</pin_list>
<bind>
<opcode="add(8) " fcode="add"/>
<opset="add_ln130_153/4 "/>
</bind>
</comp>

<comp id="433" class="1004" name="add_ln130_154_fu_433">
<pin_list>
<pin id="434" dir="0" index="0" bw="32" slack="0"/>
<pin id="435" dir="0" index="1" bw="2" slack="0"/>
<pin id="436" dir="1" index="2" bw="33" slack="0"/>
</pin_list>
<bind>
<opcode="add(8) " fcode="add"/>
<opset="add_ln130_154/4 "/>
</bind>
</comp>

<comp id="439" class="1004" name="trunc_ln130_fu_439">
<pin_list>
<pin id="440" dir="0" index="0" bw="33" slack="0"/>
<pin id="441" dir="1" index="1" bw="32" slack="1"/>
</pin_list>
<bind>
<opcode="trunc(33) " fcode="trunc"/>
<opset="trunc_ln130/4 "/>
</bind>
</comp>

<comp id="443" class="1004" name="v_35_load_load_fu_443">
<pin_list>
<pin id="444" dir="0" index="0" bw="64" slack="4"/>
<pin id="445" dir="1" index="1" bw="64" slack="0"/>
</pin_list>
<bind>
<opcode="load(27) " fcode="load"/>
<opset="v_35_load/5 "/>
</bind>
</comp>

<comp id="446" class="1004" name="shl_ln125_s_fu_446">
<pin_list>
<pin id="447" dir="0" index="0" bw="64" slack="0"/>
<pin id="448" dir="0" index="1" bw="32" slack="1"/>
<pin id="449" dir="0" index="2" bw="1" slack="0"/>
<pin id="450" dir="1" index="3" bw="64" slack="0"/>
</pin_list>
<bind>
<opcode="bitconcatenate(1004) " fcode="bitconcatenate"/>
<opset="shl_ln125_s/5 "/>
</bind>
</comp>

<comp id="453" class="1004" name="add_ln130_fu_453">
<pin_list>
<pin id="454" dir="0" index="0" bw="32" slack="2"/>
<pin id="455" dir="0" index="1" bw="32" slack="2"/>
<pin id="456" dir="1" index="2" bw="32" slack="0"/>
</pin_list>
<bind>
<opcode="add(8) " fcode="add"/>
<opset="add_ln130/5 "/>
</bind>
</comp>

<comp id="457" class="1004" name="zext_ln130_123_fu_457">
<pin_list>
<pin id="458" dir="0" index="0" bw="33" slack="1"/>
<pin id="459" dir="1" index="1" bw="34" slack="0"/>
</pin_list>
<bind>
<opcode="zext(34) " fcode="zext"/>
<opset="zext_ln130_123/5 "/>
</bind>
</comp>

<comp id="460" class="1004" name="zext_ln130_124_fu_460">
<pin_list>
<pin id="461" dir="0" index="0" bw="33" slack="1"/>
<pin id="462" dir="1" index="1" bw="34" slack="0"/>
</pin_list>
<bind>
<opcode="zext(34) " fcode="zext"/>
<opset="zext_ln130_124/5 "/>
</bind>
</comp>

<comp id="463" class="1004" name="add_ln105_fu_463">
<pin_list>
<pin id="464" dir="0" index="0" bw="32" slack="1"/>
<pin id="465" dir="0" index="1" bw="32" slack="0"/>
<pin id="466" dir="1" index="2" bw="32" slack="0"/>
</pin_list>
<bind>
<opcode="add(8) " fcode="add"/>
<opset="add_ln105/5 "/>
</bind>
</comp>

<comp id="468" class="1004" name="temp_68_fu_468">
<pin_list>
<pin id="469" dir="0" index="0" bw="33" slack="0"/>
<pin id="470" dir="0" index="1" bw="33" slack="0"/>
<pin id="471" dir="1" index="2" bw="34" slack="0"/>
</pin_list>
<bind>
<opcode="add(8) " fcode="add"/>
<opset="temp_68/5 "/>
</bind>
</comp>

<comp id="474" class="1004" name="and_ln133_s_fu_474">
<pin_list>
<pin id="475" dir="0" index="0" bw="64" slack="0"/>
<pin id="476" dir="0" index="1" bw="32" slack="2"/>
<pin id="477" dir="0" index="2" bw="1" slack="0"/>
<pin id="478" dir="1" index="3" bw="64" slack="0"/>
</pin_list>
<bind>
<opcode="bitconcatenate(1004) " fcode="bitconcatenate"/>
<opset="and_ln133_s/5 "/>
</bind>
</comp>

<comp id="481" class="1004" name="tmp_346_fu_481">
<pin_list>
<pin id="482" dir="0" index="0" bw="2" slack="0"/>
<pin id="483" dir="0" index="1" bw="34" slack="0"/>
<pin id="484" dir="0" index="2" bw="7" slack="0"/>
<pin id="485" dir="0" index="3" bw="7" slack="0"/>
<pin id="486" dir="1" index="4" bw="2" slack="0"/>
</pin_list>
<bind>
<opcode="partselect(1002) " fcode="partselect"/>
<opset="tmp_346/5 "/>
</bind>
</comp>

<comp id="491" class="1004" name="and_ln133_13_fu_491">
<pin_list>
<pin id="492" dir="0" index="0" bw="34" slack="0"/>
<pin id="493" dir="0" index="1" bw="2" slack="0"/>
<pin id="494" dir="0" index="2" bw="1" slack="0"/>
<pin id="495" dir="1" index="3" bw="34" slack="0"/>
</pin_list>
<bind>
<opcode="bitconcatenate(1004) " fcode="bitconcatenate"/>
<opset="and_ln133_13/5 "/>
</bind>
</comp>

<comp id="499" class="1004" name="zext_ln133_fu_499">
<pin_list>
<pin id="500" dir="0" index="0" bw="34" slack="0"/>
<pin id="501" dir="1" index="1" bw="64" slack="0"/>
</pin_list>
<bind>
<opcode="zext(34) " fcode="zext"/>
<opset="zext_ln133/5 "/>
</bind>
</comp>

<comp id="503" class="1004" name="add_ln133_fu_503">
<pin_list>
<pin id="504" dir="0" index="0" bw="34" slack="0"/>
<pin id="505" dir="0" index="1" bw="64" slack="0"/>
<pin id="506" dir="1" index="2" bw="64" slack="0"/>
</pin_list>
<bind>
<opcode="add(8) " fcode="add"/>
<opset="add_ln133/5 "/>
</bind>
</comp>

<comp id="509" class="1004" name="or_ln_fu_509">
<pin_list>
<pin id="510" dir="0" index="0" bw="64" slack="0"/>
<pin id="511" dir="0" index="1" bw="32" slack="1"/>
<pin id="512" dir="0" index="2" bw="32" slack="2"/>
<pin id="513" dir="1" index="3" bw="64" slack="0"/>
</pin_list>
<bind>
<opcode="bitconcatenate(1004) " fcode="bitconcatenate"/>
<opset="or_ln/5 "/>
</bind>
</comp>

<comp id="515" class="1004" name="v_169_fu_515">
<pin_list>
<pin id="516" dir="0" index="0" bw="64" slack="0"/>
<pin id="517" dir="0" index="1" bw="64" slack="0"/>
<pin id="518" dir="1" index="2" bw="64" slack="0"/>
</pin_list>
<bind>
<opcode="add(8) " fcode="add"/>
<opset="v_169/5 "/>
</bind>
</comp>

<comp id="521" class="1004" name="xor_ln105_63_fu_521">
<pin_list>
<pin id="522" dir="0" index="0" bw="64" slack="0"/>
<pin id="523" dir="0" index="1" bw="64" slack="0"/>
<pin id="524" dir="1" index="2" bw="64" slack="0"/>
</pin_list>
<bind>
<opcode="xor(25) " fcode="xor"/>
<opset="xor_ln105_63/5 "/>
</bind>
</comp>

<comp id="527" class="1004" name="xor_ln105_64_fu_527">
<pin_list>
<pin id="528" dir="0" index="0" bw="64" slack="0"/>
<pin id="529" dir="0" index="1" bw="64" slack="0"/>
<pin id="530" dir="1" index="2" bw="64" slack="0"/>
</pin_list>
<bind>
<opcode="xor(25) " fcode="xor"/>
<opset="xor_ln105_64/5 "/>
</bind>
</comp>

<comp id="533" class="1004" name="or_ln105_13_fu_533">
<pin_list>
<pin id="534" dir="0" index="0" bw="64" slack="0"/>
<pin id="535" dir="0" index="1" bw="64" slack="0"/>
<pin id="536" dir="1" index="2" bw="64" slack="0"/>
</pin_list>
<bind>
<opcode="or(24) " fcode="or"/>
<opset="or_ln105_13/5 "/>
</bind>
</comp>

<comp id="539" class="1004" name="xor_ln105_65_fu_539">
<pin_list>
<pin id="540" dir="0" index="0" bw="64" slack="0"/>
<pin id="541" dir="0" index="1" bw="64" slack="0"/>
<pin id="542" dir="1" index="2" bw="64" slack="0"/>
</pin_list>
<bind>
<opcode="xor(25) " fcode="xor"/>
<opset="xor_ln105_65/5 "/>
</bind>
</comp>

<comp id="545" class="1004" name="carry_fu_545">
<pin_list>
<pin id="546" dir="0" index="0" bw="1" slack="0"/>
<pin id="547" dir="0" index="1" bw="64" slack="0"/>
<pin id="548" dir="0" index="2" bw="7" slack="0"/>
<pin id="549" dir="1" index="3" bw="1" slack="0"/>
</pin_list>
<bind>
<opcode="bitselect(1000) " fcode="bitselect"/>
<opset="carry/5 "/>
</bind>
</comp>

<comp id="553" class="1004" name="zext_ln105_134_fu_553">
<pin_list>
<pin id="554" dir="0" index="0" bw="1" slack="0"/>
<pin id="555" dir="1" index="1" bw="64" slack="0"/>
</pin_list>
<bind>
<opcode="zext(34) " fcode="zext"/>
<opset="zext_ln105_134/5 "/>
</bind>
</comp>

<comp id="557" class="1004" name="tmp_40_fu_557">
<pin_list>
<pin id="558" dir="0" index="0" bw="32" slack="0"/>
<pin id="559" dir="0" index="1" bw="64" slack="0"/>
<pin id="560" dir="0" index="2" bw="7" slack="0"/>
<pin id="561" dir="0" index="3" bw="7" slack="0"/>
<pin id="562" dir="1" index="4" bw="32" slack="0"/>
</pin_list>
<bind>
<opcode="partselect(1002) " fcode="partselect"/>
<opset="tmp_40/5 "/>
</bind>
</comp>

<comp id="567" class="1004" name="or_ln33_fu_567">
<pin_list>
<pin id="568" dir="0" index="0" bw="64" slack="0"/>
<pin id="569" dir="0" index="1" bw="32" slack="0"/>
<pin id="570" dir="0" index="2" bw="32" slack="0"/>
<pin id="571" dir="1" index="3" bw="64" slack="0"/>
</pin_list>
<bind>
<opcode="bitconcatenate(1004) " fcode="bitconcatenate"/>
<opset="or_ln33/5 "/>
</bind>
</comp>

<comp id="575" class="1004" name="tempReg_fu_575">
<pin_list>
<pin id="576" dir="0" index="0" bw="64" slack="0"/>
<pin id="577" dir="0" index="1" bw="1" slack="0"/>
<pin id="578" dir="1" index="2" bw="64" slack="1"/>
</pin_list>
<bind>
<opcode="add(8) " fcode="add"/>
<opset="tempReg/5 "/>
</bind>
</comp>

<comp id="581" class="1004" name="store_ln140_store_fu_581">
<pin_list>
<pin id="582" dir="0" index="0" bw="64" slack="0"/>
<pin id="583" dir="0" index="1" bw="64" slack="4"/>
<pin id="584" dir="1" index="2" bw="0" slack="2147483647"/>
</pin_list>
<bind>
<opcode="store(28) " fcode="store"/>
<opset="store_ln140/5 "/>
</bind>
</comp>

<comp id="586" class="1004" name="t_33_load_load_fu_586">
<pin_list>
<pin id="587" dir="0" index="0" bw="3" slack="5"/>
<pin id="588" dir="1" index="1" bw="3" slack="0"/>
</pin_list>
<bind>
<opcode="load(27) " fcode="load"/>
<opset="t_33_load/6 "/>
</bind>
</comp>

<comp id="589" class="1004" name="u_34_out_load_load_fu_589">
<pin_list>
<pin id="590" dir="0" index="0" bw="64" slack="0"/>
<pin id="591" dir="1" index="1" bw="64" slack="0"/>
</pin_list>
<bind>
<opcode="load(27) " fcode="load"/>
<opset="u_34_out_load/6 "/>
</bind>
</comp>

<comp id="593" class="1004" name="u_fu_593">
<pin_list>
<pin id="594" dir="0" index="0" bw="64" slack="1"/>
<pin id="595" dir="0" index="1" bw="64" slack="0"/>
<pin id="596" dir="1" index="2" bw="64" slack="0"/>
</pin_list>
<bind>
<opcode="add(8) " fcode="add"/>
<opset="u/6 "/>
</bind>
</comp>

<comp id="598" class="1004" name="xor_ln162_fu_598">
<pin_list>
<pin id="599" dir="0" index="0" bw="64" slack="0"/>
<pin id="600" dir="0" index="1" bw="64" slack="1"/>
<pin id="601" dir="1" index="2" bw="64" slack="0"/>
</pin_list>
<bind>
<opcode="xor(25) " fcode="xor"/>
<opset="xor_ln162/6 "/>
</bind>
</comp>

<comp id="603" class="1004" name="xor_ln162_37_fu_603">
<pin_list>
<pin id="604" dir="0" index="0" bw="64" slack="1"/>
<pin id="605" dir="0" index="1" bw="64" slack="0"/>
<pin id="606" dir="1" index="2" bw="64" slack="0"/>
</pin_list>
<bind>
<opcode="xor(25) " fcode="xor"/>
<opset="xor_ln162_37/6 "/>
</bind>
</comp>

<comp id="608" class="1004" name="or_ln162_fu_608">
<pin_list>
<pin id="609" dir="0" index="0" bw="64" slack="0"/>
<pin id="610" dir="0" index="1" bw="64" slack="0"/>
<pin id="611" dir="1" index="2" bw="64" slack="0"/>
</pin_list>
<bind>
<opcode="or(24) " fcode="or"/>
<opset="or_ln162/6 "/>
</bind>
</comp>

<comp id="614" class="1004" name="bit_sel1_fu_614">
<pin_list>
<pin id="615" dir="0" index="0" bw="1" slack="0"/>
<pin id="616" dir="0" index="1" bw="64" slack="1"/>
<pin id="617" dir="0" index="2" bw="7" slack="0"/>
<pin id="618" dir="1" index="3" bw="1" slack="0"/>
</pin_list>
<bind>
<opcode="bitselect(1000) " fcode="bitselect"/>
<opset="bit_sel1/6 "/>
</bind>
</comp>

<comp id="621" class="1004" name="xor_ln162_41_fu_621">
<pin_list>
<pin id="622" dir="0" index="0" bw="1" slack="0"/>
<pin id="623" dir="0" index="1" bw="1" slack="0"/>
<pin id="624" dir="1" index="2" bw="1" slack="0"/>
</pin_list>
<bind>
<opcode="xor(25) " fcode="xor"/>
<opset="xor_ln162_41/6 "/>
</bind>
</comp>

<comp id="627" class="1004" name="trunc_ln162_fu_627">
<pin_list>
<pin id="628" dir="0" index="0" bw="64" slack="1"/>
<pin id="629" dir="1" index="1" bw="63" slack="0"/>
</pin_list>
<bind>
<opcode="trunc(33) " fcode="trunc"/>
<opset="trunc_ln162/6 "/>
</bind>
</comp>

<comp id="630" class="1004" name="xor_ln162_s_fu_630">
<pin_list>
<pin id="631" dir="0" index="0" bw="64" slack="0"/>
<pin id="632" dir="0" index="1" bw="1" slack="0"/>
<pin id="633" dir="0" index="2" bw="63" slack="0"/>
<pin id="634" dir="1" index="3" bw="64" slack="0"/>
</pin_list>
<bind>
<opcode="bitconcatenate(1004) " fcode="bitconcatenate"/>
<opset="xor_ln162_s/6 "/>
</bind>
</comp>

<comp id="638" class="1004" name="and_ln162_fu_638">
<pin_list>
<pin id="639" dir="0" index="0" bw="64" slack="0"/>
<pin id="640" dir="0" index="1" bw="64" slack="1"/>
<pin id="641" dir="1" index="2" bw="64" slack="0"/>
</pin_list>
<bind>
<opcode="and(23) " fcode="and"/>
<opset="and_ln162/6 "/>
</bind>
</comp>

<comp id="643" class="1004" name="xor_ln162_39_fu_643">
<pin_list>
<pin id="644" dir="0" index="0" bw="64" slack="0"/>
<pin id="645" dir="0" index="1" bw="64" slack="0"/>
<pin id="646" dir="1" index="2" bw="64" slack="0"/>
</pin_list>
<bind>
<opcode="xor(25) " fcode="xor"/>
<opset="xor_ln162_39/6 "/>
</bind>
</comp>

<comp id="649" class="1004" name="or_ln162_20_fu_649">
<pin_list>
<pin id="650" dir="0" index="0" bw="64" slack="0"/>
<pin id="651" dir="0" index="1" bw="64" slack="0"/>
<pin id="652" dir="1" index="2" bw="64" slack="0"/>
</pin_list>
<bind>
<opcode="or(24) " fcode="or"/>
<opset="or_ln162_20/6 "/>
</bind>
</comp>

<comp id="655" class="1004" name="tmp_fu_655">
<pin_list>
<pin id="656" dir="0" index="0" bw="1" slack="0"/>
<pin id="657" dir="0" index="1" bw="64" slack="0"/>
<pin id="658" dir="0" index="2" bw="7" slack="0"/>
<pin id="659" dir="1" index="3" bw="1" slack="0"/>
</pin_list>
<bind>
<opcode="bitselect(1000) " fcode="bitselect"/>
<opset="tmp/6 "/>
</bind>
</comp>

<comp id="663" class="1004" name="zext_ln163_fu_663">
<pin_list>
<pin id="664" dir="0" index="0" bw="1" slack="0"/>
<pin id="665" dir="1" index="1" bw="3" slack="0"/>
</pin_list>
<bind>
<opcode="zext(34) " fcode="zext"/>
<opset="zext_ln163/6 "/>
</bind>
</comp>

<comp id="667" class="1004" name="t_fu_667">
<pin_list>
<pin id="668" dir="0" index="0" bw="1" slack="0"/>
<pin id="669" dir="0" index="1" bw="3" slack="0"/>
<pin id="670" dir="1" index="2" bw="3" slack="0"/>
</pin_list>
<bind>
<opcode="add(8) " fcode="add"/>
<opset="t/6 "/>
</bind>
</comp>

<comp id="673" class="1004" name="store_ln140_store_fu_673">
<pin_list>
<pin id="674" dir="0" index="0" bw="64" slack="0"/>
<pin id="675" dir="0" index="1" bw="64" slack="0"/>
<pin id="676" dir="1" index="2" bw="0" slack="2147483647"/>
</pin_list>
<bind>
<opcode="store(28) " fcode="store"/>
<opset="store_ln140/6 "/>
</bind>
</comp>

<comp id="679" class="1004" name="store_ln140_store_fu_679">
<pin_list>
<pin id="680" dir="0" index="0" bw="3" slack="0"/>
<pin id="681" dir="0" index="1" bw="3" slack="5"/>
<pin id="682" dir="1" index="2" bw="0" slack="2147483647"/>
</pin_list>
<bind>
<opcode="store(28) " fcode="store"/>
<opset="store_ln140/6 "/>
</bind>
</comp>

<comp id="684" class="1004" name="t_33_load24_load_fu_684">
<pin_list>
<pin id="685" dir="0" index="0" bw="3" slack="4"/>
<pin id="686" dir="1" index="1" bw="3" slack="0"/>
</pin_list>
<bind>
<opcode="load(27) " fcode="load"/>
<opset="t_33_load24/5 "/>
</bind>
</comp>

<comp id="688" class="1004" name="v_35_load22_load_fu_688">
<pin_list>
<pin id="689" dir="0" index="0" bw="64" slack="4"/>
<pin id="690" dir="1" index="1" bw="64" slack="0"/>
</pin_list>
<bind>
<opcode="load(27) " fcode="load"/>
<opset="v_35_load22/5 "/>
</bind>
</comp>

<comp id="692" class="1005" name="t_33_reg_692">
<pin_list>
<pin id="693" dir="0" index="0" bw="3" slack="0"/>
<pin id="694" dir="1" index="1" bw="3" slack="0"/>
</pin_list>
<bind>
<opset="t_33 "/>
</bind>
</comp>

<comp id="700" class="1005" name="v_35_reg_700">
<pin_list>
<pin id="701" dir="0" index="0" bw="64" slack="0"/>
<pin id="702" dir="1" index="1" bw="64" slack="0"/>
</pin_list>
<bind>
<opset="v_35 "/>
</bind>
</comp>

<comp id="708" class="1005" name="j_19_reg_708">
<pin_list>
<pin id="709" dir="0" index="0" bw="4" slack="0"/>
<pin id="710" dir="1" index="1" bw="4" slack="0"/>
</pin_list>
<bind>
<opset="j_19 "/>
</bind>
</comp>

<comp id="715" class="1005" name="icmp_ln159_reg_715">
<pin_list>
<pin id="716" dir="0" index="0" bw="1" slack="4"/>
<pin id="717" dir="1" index="1" bw="1" slack="2147483647"/>
</pin_list>
<bind>
<opset="icmp_ln159 "/>
</bind>
</comp>

<comp id="719" class="1005" name="a_addr_reg_719">
<pin_list>
<pin id="720" dir="0" index="0" bw="3" slack="1"/>
<pin id="721" dir="1" index="1" bw="3" slack="1"/>
</pin_list>
<bind>
<opset="a_addr "/>
</bind>
</comp>

<comp id="724" class="1005" name="b_addr_reg_724">
<pin_list>
<pin id="725" dir="0" index="0" bw="4" slack="1"/>
<pin id="726" dir="1" index="1" bw="4" slack="1"/>
</pin_list>
<bind>
<opset="b_addr "/>
</bind>
</comp>

<comp id="729" class="1005" name="al_reg_729">
<pin_list>
<pin id="730" dir="0" index="0" bw="32" slack="1"/>
<pin id="731" dir="1" index="1" bw="32" slack="1"/>
</pin_list>
<bind>
<opset="al "/>
</bind>
</comp>

<comp id="734" class="1005" name="bl_reg_734">
<pin_list>
<pin id="735" dir="0" index="0" bw="32" slack="1"/>
<pin id="736" dir="1" index="1" bw="32" slack="1"/>
</pin_list>
<bind>
<opset="bl "/>
</bind>
</comp>

<comp id="739" class="1005" name="ah_reg_739">
<pin_list>
<pin id="740" dir="0" index="0" bw="32" slack="1"/>
<pin id="741" dir="1" index="1" bw="32" slack="1"/>
</pin_list>
<bind>
<opset="ah "/>
</bind>
</comp>

<comp id="744" class="1005" name="bh_reg_744">
<pin_list>
<pin id="745" dir="0" index="0" bw="32" slack="1"/>
<pin id="746" dir="1" index="1" bw="32" slack="1"/>
</pin_list>
<bind>
<opset="bh "/>
</bind>
</comp>

<comp id="749" class="1005" name="trunc_ln106_reg_749">
<pin_list>
<pin id="750" dir="0" index="0" bw="32" slack="2"/>
<pin id="751" dir="1" index="1" bw="32" slack="2"/>
</pin_list>
<bind>
<opset="trunc_ln106 "/>
</bind>
</comp>

<comp id="754" class="1005" name="trunc_ln106_198_reg_754">
<pin_list>
<pin id="755" dir="0" index="0" bw="32" slack="1"/>
<pin id="756" dir="1" index="1" bw="32" slack="1"/>
</pin_list>
<bind>
<opset="trunc_ln106_198 "/>
</bind>
</comp>

<comp id="759" class="1005" name="trunc_ln106_199_reg_759">
<pin_list>
<pin id="760" dir="0" index="0" bw="32" slack="1"/>
<pin id="761" dir="1" index="1" bw="32" slack="1"/>
</pin_list>
<bind>
<opset="trunc_ln106_199 "/>
</bind>
</comp>

<comp id="764" class="1005" name="trunc_ln106_200_reg_764">
<pin_list>
<pin id="765" dir="0" index="0" bw="32" slack="1"/>
<pin id="766" dir="1" index="1" bw="32" slack="1"/>
</pin_list>
<bind>
<opset="trunc_ln106_200 "/>
</bind>
</comp>

<comp id="770" class="1005" name="tmp_s_reg_770">
<pin_list>
<pin id="771" dir="0" index="0" bw="32" slack="1"/>
<pin id="772" dir="1" index="1" bw="32" slack="1"/>
</pin_list>
<bind>
<opset="tmp_s "/>
</bind>
</comp>

<comp id="775" class="1005" name="tmp_343_reg_775">
<pin_list>
<pin id="776" dir="0" index="0" bw="32" slack="1"/>
<pin id="777" dir="1" index="1" bw="32" slack="1"/>
</pin_list>
<bind>
<opset="tmp_343 "/>
</bind>
</comp>

<comp id="781" class="1005" name="tmp_344_reg_781">
<pin_list>
<pin id="782" dir="0" index="0" bw="32" slack="1"/>
<pin id="783" dir="1" index="1" bw="32" slack="1"/>
</pin_list>
<bind>
<opset="tmp_344 "/>
</bind>
</comp>

<comp id="786" class="1005" name="tmp_345_reg_786">
<pin_list>
<pin id="787" dir="0" index="0" bw="32" slack="2"/>
<pin id="788" dir="1" index="1" bw="32" slack="2"/>
</pin_list>
<bind>
<opset="tmp_345 "/>
</bind>
</comp>

<comp id="791" class="1005" name="trunc_ln125_reg_791">
<pin_list>
<pin id="792" dir="0" index="0" bw="32" slack="1"/>
<pin id="793" dir="1" index="1" bw="32" slack="1"/>
</pin_list>
<bind>
<opset="trunc_ln125 "/>
</bind>
</comp>

<comp id="797" class="1005" name="add_ln130_153_reg_797">
<pin_list>
<pin id="798" dir="0" index="0" bw="33" slack="1"/>
<pin id="799" dir="1" index="1" bw="33" slack="1"/>
</pin_list>
<bind>
<opset="add_ln130_153 "/>
</bind>
</comp>

<comp id="802" class="1005" name="add_ln130_154_reg_802">
<pin_list>
<pin id="803" dir="0" index="0" bw="33" slack="1"/>
<pin id="804" dir="1" index="1" bw="33" slack="1"/>
</pin_list>
<bind>
<opset="add_ln130_154 "/>
</bind>
</comp>

<comp id="807" class="1005" name="trunc_ln130_reg_807">
<pin_list>
<pin id="808" dir="0" index="0" bw="32" slack="1"/>
<pin id="809" dir="1" index="1" bw="32" slack="1"/>
</pin_list>
<bind>
<opset="trunc_ln130 "/>
</bind>
</comp>

<comp id="812" class="1005" name="add_ln133_reg_812">
<pin_list>
<pin id="813" dir="0" index="0" bw="64" slack="1"/>
<pin id="814" dir="1" index="1" bw="64" slack="1"/>
</pin_list>
<bind>
<opset="add_ln133 "/>
</bind>
</comp>

<comp id="817" class="1005" name="tempReg_reg_817">
<pin_list>
<pin id="818" dir="0" index="0" bw="64" slack="1"/>
<pin id="819" dir="1" index="1" bw="64" slack="1"/>
</pin_list>
<bind>
<opset="tempReg "/>
</bind>
</comp>

</comp_list>

<net_list>
<net id="91"><net_src comp="18" pin="0"/><net_sink comp="88" pin=0"/></net>

<net id="95"><net_src comp="18" pin="0"/><net_sink comp="92" pin=0"/></net>

<net id="99"><net_src comp="18" pin="0"/><net_sink comp="96" pin=0"/></net>

<net id="104"><net_src comp="20" pin="0"/><net_sink comp="100" pin=0"/></net>

<net id="105"><net_src comp="8" pin="0"/><net_sink comp="100" pin=1"/></net>

<net id="110"><net_src comp="20" pin="0"/><net_sink comp="106" pin=0"/></net>

<net id="111"><net_src comp="4" pin="0"/><net_sink comp="106" pin=1"/></net>

<net id="116"><net_src comp="22" pin="0"/><net_sink comp="112" pin=0"/></net>

<net id="117"><net_src comp="2" pin="0"/><net_sink comp="112" pin=1"/></net>

<net id="122"><net_src comp="24" pin="0"/><net_sink comp="118" pin=0"/></net>

<net id="123"><net_src comp="0" pin="0"/><net_sink comp="118" pin=1"/></net>

<net id="129"><net_src comp="84" pin="0"/><net_sink comp="124" pin=0"/></net>

<net id="130"><net_src comp="12" pin="0"/><net_sink comp="124" pin=1"/></net>

<net id="136"><net_src comp="86" pin="0"/><net_sink comp="131" pin=0"/></net>

<net id="137"><net_src comp="16" pin="0"/><net_sink comp="131" pin=1"/></net>

<net id="143"><net_src comp="6" pin="0"/><net_sink comp="138" pin=0"/></net>

<net id="144"><net_src comp="30" pin="0"/><net_sink comp="138" pin=1"/></net>

<net id="150"><net_src comp="138" pin="3"/><net_sink comp="145" pin=0"/></net>

<net id="156"><net_src comp="10" pin="0"/><net_sink comp="151" pin=0"/></net>

<net id="157"><net_src comp="30" pin="0"/><net_sink comp="151" pin=1"/></net>

<net id="163"><net_src comp="151" pin="3"/><net_sink comp="158" pin=0"/></net>

<net id="183"><net_src comp="106" pin="2"/><net_sink comp="180" pin=0"/></net>

<net id="187"><net_src comp="118" pin="2"/><net_sink comp="184" pin=0"/></net>

<net id="192"><net_src comp="184" pin="1"/><net_sink comp="188" pin=0"/></net>

<net id="197"><net_src comp="112" pin="2"/><net_sink comp="193" pin=0"/></net>

<net id="202"><net_src comp="180" pin="1"/><net_sink comp="198" pin=0"/></net>

<net id="203"><net_src comp="14" pin="0"/><net_sink comp="198" pin=1"/></net>

<net id="208"><net_src comp="26" pin="0"/><net_sink comp="204" pin=0"/></net>

<net id="216"><net_src comp="209" pin="1"/><net_sink comp="212" pin=0"/></net>

<net id="217"><net_src comp="28" pin="0"/><net_sink comp="212" pin=1"/></net>

<net id="221"><net_src comp="209" pin="1"/><net_sink comp="218" pin=0"/></net>

<net id="222"><net_src comp="218" pin="1"/><net_sink comp="138" pin=2"/></net>

<net id="227"><net_src comp="100" pin="2"/><net_sink comp="223" pin=0"/></net>

<net id="228"><net_src comp="209" pin="1"/><net_sink comp="223" pin=1"/></net>

<net id="234"><net_src comp="32" pin="0"/><net_sink comp="229" pin=0"/></net>

<net id="235"><net_src comp="223" pin="2"/><net_sink comp="229" pin=1"/></net>

<net id="236"><net_src comp="34" pin="0"/><net_sink comp="229" pin=2"/></net>

<net id="241"><net_src comp="229" pin="3"/><net_sink comp="237" pin=0"/></net>

<net id="242"><net_src comp="36" pin="0"/><net_sink comp="237" pin=1"/></net>

<net id="246"><net_src comp="223" pin="2"/><net_sink comp="243" pin=0"/></net>

<net id="252"><net_src comp="38" pin="0"/><net_sink comp="247" pin=0"/></net>

<net id="253"><net_src comp="237" pin="2"/><net_sink comp="247" pin=1"/></net>

<net id="254"><net_src comp="243" pin="1"/><net_sink comp="247" pin=2"/></net>

<net id="258"><net_src comp="247" pin="3"/><net_sink comp="255" pin=0"/></net>

<net id="259"><net_src comp="255" pin="1"/><net_sink comp="151" pin=2"/></net>

<net id="264"><net_src comp="209" pin="1"/><net_sink comp="260" pin=0"/></net>

<net id="265"><net_src comp="40" pin="0"/><net_sink comp="260" pin=1"/></net>

<net id="270"><net_src comp="260" pin="2"/><net_sink comp="266" pin=0"/></net>

<net id="274"><net_src comp="145" pin="3"/><net_sink comp="271" pin=0"/></net>

<net id="278"><net_src comp="158" pin="3"/><net_sink comp="275" pin=0"/></net>

<net id="285"><net_src comp="42" pin="0"/><net_sink comp="279" pin=0"/></net>

<net id="286"><net_src comp="145" pin="3"/><net_sink comp="279" pin=1"/></net>

<net id="287"><net_src comp="44" pin="0"/><net_sink comp="279" pin=2"/></net>

<net id="288"><net_src comp="46" pin="0"/><net_sink comp="279" pin=3"/></net>

<net id="295"><net_src comp="42" pin="0"/><net_sink comp="289" pin=0"/></net>

<net id="296"><net_src comp="158" pin="3"/><net_sink comp="289" pin=1"/></net>

<net id="297"><net_src comp="44" pin="0"/><net_sink comp="289" pin=2"/></net>

<net id="298"><net_src comp="46" pin="0"/><net_sink comp="289" pin=3"/></net>

<net id="302"><net_src comp="299" pin="1"/><net_sink comp="164" pin=1"/></net>

<net id="303"><net_src comp="299" pin="1"/><net_sink comp="168" pin=1"/></net>

<net id="307"><net_src comp="304" pin="1"/><net_sink comp="172" pin=1"/></net>

<net id="308"><net_src comp="304" pin="1"/><net_sink comp="176" pin=1"/></net>

<net id="312"><net_src comp="309" pin="1"/><net_sink comp="164" pin=0"/></net>

<net id="313"><net_src comp="309" pin="1"/><net_sink comp="172" pin=0"/></net>

<net id="317"><net_src comp="314" pin="1"/><net_sink comp="168" pin=0"/></net>

<net id="318"><net_src comp="314" pin="1"/><net_sink comp="176" pin=0"/></net>

<net id="322"><net_src comp="164" pin="2"/><net_sink comp="319" pin=0"/></net>

<net id="326"><net_src comp="168" pin="2"/><net_sink comp="323" pin=0"/></net>

<net id="330"><net_src comp="172" pin="2"/><net_sink comp="327" pin=0"/></net>

<net id="334"><net_src comp="176" pin="2"/><net_sink comp="331" pin=0"/></net>

<net id="341"><net_src comp="42" pin="0"/><net_sink comp="335" pin=0"/></net>

<net id="342"><net_src comp="164" pin="2"/><net_sink comp="335" pin=1"/></net>

<net id="343"><net_src comp="44" pin="0"/><net_sink comp="335" pin=2"/></net>

<net id="344"><net_src comp="46" pin="0"/><net_sink comp="335" pin=3"/></net>

<net id="351"><net_src comp="42" pin="0"/><net_sink comp="345" pin=0"/></net>

<net id="352"><net_src comp="172" pin="2"/><net_sink comp="345" pin=1"/></net>

<net id="353"><net_src comp="44" pin="0"/><net_sink comp="345" pin=2"/></net>

<net id="354"><net_src comp="46" pin="0"/><net_sink comp="345" pin=3"/></net>

<net id="361"><net_src comp="42" pin="0"/><net_sink comp="355" pin=0"/></net>

<net id="362"><net_src comp="168" pin="2"/><net_sink comp="355" pin=1"/></net>

<net id="363"><net_src comp="44" pin="0"/><net_sink comp="355" pin=2"/></net>

<net id="364"><net_src comp="46" pin="0"/><net_sink comp="355" pin=3"/></net>

<net id="371"><net_src comp="42" pin="0"/><net_sink comp="365" pin=0"/></net>

<net id="372"><net_src comp="176" pin="2"/><net_sink comp="365" pin=1"/></net>

<net id="373"><net_src comp="44" pin="0"/><net_sink comp="365" pin=2"/></net>

<net id="374"><net_src comp="46" pin="0"/><net_sink comp="365" pin=3"/></net>

<net id="388"><net_src comp="378" pin="1"/><net_sink comp="384" pin=0"/></net>

<net id="389"><net_src comp="381" pin="1"/><net_sink comp="384" pin=1"/></net>

<net id="393"><net_src comp="384" pin="2"/><net_sink comp="390" pin=0"/></net>

<net id="398"><net_src comp="390" pin="1"/><net_sink comp="394" pin=0"/></net>

<net id="399"><net_src comp="375" pin="1"/><net_sink comp="394" pin=1"/></net>

<net id="406"><net_src comp="48" pin="0"/><net_sink comp="400" pin=0"/></net>

<net id="407"><net_src comp="394" pin="2"/><net_sink comp="400" pin=1"/></net>

<net id="408"><net_src comp="44" pin="0"/><net_sink comp="400" pin=2"/></net>

<net id="409"><net_src comp="50" pin="0"/><net_sink comp="400" pin=3"/></net>

<net id="413"><net_src comp="400" pin="4"/><net_sink comp="410" pin=0"/></net>

<net id="417"><net_src comp="394" pin="2"/><net_sink comp="414" pin=0"/></net>

<net id="431"><net_src comp="424" pin="1"/><net_sink comp="427" pin=0"/></net>

<net id="432"><net_src comp="418" pin="1"/><net_sink comp="427" pin=1"/></net>

<net id="437"><net_src comp="421" pin="1"/><net_sink comp="433" pin=0"/></net>

<net id="438"><net_src comp="410" pin="1"/><net_sink comp="433" pin=1"/></net>

<net id="442"><net_src comp="433" pin="2"/><net_sink comp="439" pin=0"/></net>

<net id="451"><net_src comp="52" pin="0"/><net_sink comp="446" pin=0"/></net>

<net id="452"><net_src comp="54" pin="0"/><net_sink comp="446" pin=2"/></net>

<net id="467"><net_src comp="453" pin="2"/><net_sink comp="463" pin=1"/></net>

<net id="472"><net_src comp="460" pin="1"/><net_sink comp="468" pin=0"/></net>

<net id="473"><net_src comp="457" pin="1"/><net_sink comp="468" pin=1"/></net>

<net id="479"><net_src comp="52" pin="0"/><net_sink comp="474" pin=0"/></net>

<net id="480"><net_src comp="54" pin="0"/><net_sink comp="474" pin=2"/></net>

<net id="487"><net_src comp="48" pin="0"/><net_sink comp="481" pin=0"/></net>

<net id="488"><net_src comp="468" pin="2"/><net_sink comp="481" pin=1"/></net>

<net id="489"><net_src comp="44" pin="0"/><net_sink comp="481" pin=2"/></net>

<net id="490"><net_src comp="50" pin="0"/><net_sink comp="481" pin=3"/></net>

<net id="496"><net_src comp="56" pin="0"/><net_sink comp="491" pin=0"/></net>

<net id="497"><net_src comp="481" pin="4"/><net_sink comp="491" pin=1"/></net>

<net id="498"><net_src comp="54" pin="0"/><net_sink comp="491" pin=2"/></net>

<net id="502"><net_src comp="491" pin="3"/><net_sink comp="499" pin=0"/></net>

<net id="507"><net_src comp="499" pin="1"/><net_sink comp="503" pin=0"/></net>

<net id="508"><net_src comp="474" pin="3"/><net_sink comp="503" pin=1"/></net>

<net id="514"><net_src comp="52" pin="0"/><net_sink comp="509" pin=0"/></net>

<net id="519"><net_src comp="509" pin="3"/><net_sink comp="515" pin=0"/></net>

<net id="520"><net_src comp="443" pin="1"/><net_sink comp="515" pin=1"/></net>

<net id="525"><net_src comp="515" pin="2"/><net_sink comp="521" pin=0"/></net>

<net id="526"><net_src comp="446" pin="3"/><net_sink comp="521" pin=1"/></net>

<net id="531"><net_src comp="446" pin="3"/><net_sink comp="527" pin=0"/></net>

<net id="532"><net_src comp="443" pin="1"/><net_sink comp="527" pin=1"/></net>

<net id="537"><net_src comp="521" pin="2"/><net_sink comp="533" pin=0"/></net>

<net id="538"><net_src comp="527" pin="2"/><net_sink comp="533" pin=1"/></net>

<net id="543"><net_src comp="533" pin="2"/><net_sink comp="539" pin=0"/></net>

<net id="544"><net_src comp="515" pin="2"/><net_sink comp="539" pin=1"/></net>

<net id="550"><net_src comp="58" pin="0"/><net_sink comp="545" pin=0"/></net>

<net id="551"><net_src comp="539" pin="2"/><net_sink comp="545" pin=1"/></net>

<net id="552"><net_src comp="46" pin="0"/><net_sink comp="545" pin=2"/></net>

<net id="556"><net_src comp="545" pin="3"/><net_sink comp="553" pin=0"/></net>

<net id="563"><net_src comp="42" pin="0"/><net_sink comp="557" pin=0"/></net>

<net id="564"><net_src comp="503" pin="2"/><net_sink comp="557" pin=1"/></net>

<net id="565"><net_src comp="44" pin="0"/><net_sink comp="557" pin=2"/></net>

<net id="566"><net_src comp="46" pin="0"/><net_sink comp="557" pin=3"/></net>

<net id="572"><net_src comp="52" pin="0"/><net_sink comp="567" pin=0"/></net>

<net id="573"><net_src comp="557" pin="4"/><net_sink comp="567" pin=1"/></net>

<net id="574"><net_src comp="463" pin="2"/><net_sink comp="567" pin=2"/></net>

<net id="579"><net_src comp="567" pin="3"/><net_sink comp="575" pin=0"/></net>

<net id="580"><net_src comp="553" pin="1"/><net_sink comp="575" pin=1"/></net>

<net id="585"><net_src comp="515" pin="2"/><net_sink comp="581" pin=0"/></net>

<net id="592"><net_src comp="14" pin="0"/><net_sink comp="589" pin=0"/></net>

<net id="597"><net_src comp="589" pin="1"/><net_sink comp="593" pin=1"/></net>

<net id="602"><net_src comp="593" pin="2"/><net_sink comp="598" pin=0"/></net>

<net id="607"><net_src comp="589" pin="1"/><net_sink comp="603" pin=1"/></net>

<net id="612"><net_src comp="598" pin="2"/><net_sink comp="608" pin=0"/></net>

<net id="613"><net_src comp="603" pin="2"/><net_sink comp="608" pin=1"/></net>

<net id="619"><net_src comp="78" pin="0"/><net_sink comp="614" pin=0"/></net>

<net id="620"><net_src comp="80" pin="0"/><net_sink comp="614" pin=2"/></net>

<net id="625"><net_src comp="614" pin="3"/><net_sink comp="621" pin=0"/></net>

<net id="626"><net_src comp="36" pin="0"/><net_sink comp="621" pin=1"/></net>

<net id="635"><net_src comp="82" pin="0"/><net_sink comp="630" pin=0"/></net>

<net id="636"><net_src comp="621" pin="2"/><net_sink comp="630" pin=1"/></net>

<net id="637"><net_src comp="627" pin="1"/><net_sink comp="630" pin=2"/></net>

<net id="642"><net_src comp="630" pin="3"/><net_sink comp="638" pin=0"/></net>

<net id="647"><net_src comp="608" pin="2"/><net_sink comp="643" pin=0"/></net>

<net id="648"><net_src comp="593" pin="2"/><net_sink comp="643" pin=1"/></net>

<net id="653"><net_src comp="643" pin="2"/><net_sink comp="649" pin=0"/></net>

<net id="654"><net_src comp="638" pin="2"/><net_sink comp="649" pin=1"/></net>

<net id="660"><net_src comp="58" pin="0"/><net_sink comp="655" pin=0"/></net>

<net id="661"><net_src comp="649" pin="2"/><net_sink comp="655" pin=1"/></net>

<net id="662"><net_src comp="46" pin="0"/><net_sink comp="655" pin=2"/></net>

<net id="666"><net_src comp="655" pin="3"/><net_sink comp="663" pin=0"/></net>

<net id="671"><net_src comp="663" pin="1"/><net_sink comp="667" pin=0"/></net>

<net id="672"><net_src comp="586" pin="1"/><net_sink comp="667" pin=1"/></net>

<net id="677"><net_src comp="593" pin="2"/><net_sink comp="673" pin=0"/></net>

<net id="678"><net_src comp="14" pin="0"/><net_sink comp="673" pin=1"/></net>

<net id="683"><net_src comp="667" pin="2"/><net_sink comp="679" pin=0"/></net>

<net id="687"><net_src comp="684" pin="1"/><net_sink comp="131" pin=2"/></net>

<net id="691"><net_src comp="688" pin="1"/><net_sink comp="124" pin=2"/></net>

<net id="695"><net_src comp="88" pin="1"/><net_sink comp="692" pin=0"/></net>

<net id="696"><net_src comp="692" pin="1"/><net_sink comp="204" pin=1"/></net>

<net id="697"><net_src comp="692" pin="1"/><net_sink comp="586" pin=0"/></net>

<net id="698"><net_src comp="692" pin="1"/><net_sink comp="679" pin=1"/></net>

<net id="699"><net_src comp="692" pin="1"/><net_sink comp="684" pin=0"/></net>

<net id="703"><net_src comp="92" pin="1"/><net_sink comp="700" pin=0"/></net>

<net id="704"><net_src comp="700" pin="1"/><net_sink comp="193" pin=1"/></net>

<net id="705"><net_src comp="700" pin="1"/><net_sink comp="443" pin=0"/></net>

<net id="706"><net_src comp="700" pin="1"/><net_sink comp="581" pin=1"/></net>

<net id="707"><net_src comp="700" pin="1"/><net_sink comp="688" pin=0"/></net>

<net id="711"><net_src comp="96" pin="1"/><net_sink comp="708" pin=0"/></net>

<net id="712"><net_src comp="708" pin="1"/><net_sink comp="188" pin=1"/></net>

<net id="713"><net_src comp="708" pin="1"/><net_sink comp="209" pin=0"/></net>

<net id="714"><net_src comp="708" pin="1"/><net_sink comp="266" pin=1"/></net>

<net id="718"><net_src comp="212" pin="2"/><net_sink comp="715" pin=0"/></net>

<net id="722"><net_src comp="138" pin="3"/><net_sink comp="719" pin=0"/></net>

<net id="723"><net_src comp="719" pin="1"/><net_sink comp="145" pin=0"/></net>

<net id="727"><net_src comp="151" pin="3"/><net_sink comp="724" pin=0"/></net>

<net id="728"><net_src comp="724" pin="1"/><net_sink comp="158" pin=0"/></net>

<net id="732"><net_src comp="271" pin="1"/><net_sink comp="729" pin=0"/></net>

<net id="733"><net_src comp="729" pin="1"/><net_sink comp="299" pin=0"/></net>

<net id="737"><net_src comp="275" pin="1"/><net_sink comp="734" pin=0"/></net>

<net id="738"><net_src comp="734" pin="1"/><net_sink comp="309" pin=0"/></net>

<net id="742"><net_src comp="279" pin="4"/><net_sink comp="739" pin=0"/></net>

<net id="743"><net_src comp="739" pin="1"/><net_sink comp="304" pin=0"/></net>

<net id="747"><net_src comp="289" pin="4"/><net_sink comp="744" pin=0"/></net>

<net id="748"><net_src comp="744" pin="1"/><net_sink comp="314" pin=0"/></net>

<net id="752"><net_src comp="319" pin="1"/><net_sink comp="749" pin=0"/></net>

<net id="753"><net_src comp="749" pin="1"/><net_sink comp="509" pin=2"/></net>

<net id="757"><net_src comp="323" pin="1"/><net_sink comp="754" pin=0"/></net>

<net id="758"><net_src comp="754" pin="1"/><net_sink comp="381" pin=0"/></net>

<net id="762"><net_src comp="327" pin="1"/><net_sink comp="759" pin=0"/></net>

<net id="763"><net_src comp="759" pin="1"/><net_sink comp="378" pin=0"/></net>

<net id="767"><net_src comp="331" pin="1"/><net_sink comp="764" pin=0"/></net>

<net id="768"><net_src comp="764" pin="1"/><net_sink comp="424" pin=0"/></net>

<net id="769"><net_src comp="764" pin="1"/><net_sink comp="453" pin=0"/></net>

<net id="773"><net_src comp="335" pin="4"/><net_sink comp="770" pin=0"/></net>

<net id="774"><net_src comp="770" pin="1"/><net_sink comp="375" pin=0"/></net>

<net id="778"><net_src comp="345" pin="4"/><net_sink comp="775" pin=0"/></net>

<net id="779"><net_src comp="775" pin="1"/><net_sink comp="418" pin=0"/></net>

<net id="780"><net_src comp="775" pin="1"/><net_sink comp="453" pin=1"/></net>

<net id="784"><net_src comp="355" pin="4"/><net_sink comp="781" pin=0"/></net>

<net id="785"><net_src comp="781" pin="1"/><net_sink comp="421" pin=0"/></net>

<net id="789"><net_src comp="365" pin="4"/><net_sink comp="786" pin=0"/></net>

<net id="790"><net_src comp="786" pin="1"/><net_sink comp="474" pin=1"/></net>

<net id="794"><net_src comp="414" pin="1"/><net_sink comp="791" pin=0"/></net>

<net id="795"><net_src comp="791" pin="1"/><net_sink comp="446" pin=1"/></net>

<net id="796"><net_src comp="791" pin="1"/><net_sink comp="509" pin=1"/></net>

<net id="800"><net_src comp="427" pin="2"/><net_sink comp="797" pin=0"/></net>

<net id="801"><net_src comp="797" pin="1"/><net_sink comp="457" pin=0"/></net>

<net id="805"><net_src comp="433" pin="2"/><net_sink comp="802" pin=0"/></net>

<net id="806"><net_src comp="802" pin="1"/><net_sink comp="460" pin=0"/></net>

<net id="810"><net_src comp="439" pin="1"/><net_sink comp="807" pin=0"/></net>

<net id="811"><net_src comp="807" pin="1"/><net_sink comp="463" pin=0"/></net>

<net id="815"><net_src comp="503" pin="2"/><net_sink comp="812" pin=0"/></net>

<net id="816"><net_src comp="812" pin="1"/><net_sink comp="638" pin=1"/></net>

<net id="820"><net_src comp="575" pin="2"/><net_sink comp="817" pin=0"/></net>

<net id="821"><net_src comp="817" pin="1"/><net_sink comp="593" pin=0"/></net>

<net id="822"><net_src comp="817" pin="1"/><net_sink comp="598" pin=1"/></net>

<net id="823"><net_src comp="817" pin="1"/><net_sink comp="603" pin=0"/></net>

<net id="824"><net_src comp="817" pin="1"/><net_sink comp="614" pin=1"/></net>

<net id="825"><net_src comp="817" pin="1"/><net_sink comp="627" pin=0"/></net>

</net_list>

</model> 
---------------- Datapath Model END ------------------

* FSMD analyzer results:
  - Output states:
	Port: v_35_out | {5 }
	Port: u_34_out | {1 6 }
	Port: t_33_out | {5 }
 - Input state : 
	Port: mp_mul.149_Pipeline_VITIS_LOOP_159_4 : indvars_iv | {1 }
	Port: mp_mul.149_Pipeline_VITIS_LOOP_159_4 : v | {1 }
	Port: mp_mul.149_Pipeline_VITIS_LOOP_159_4 : zext_ln157 | {1 }
	Port: mp_mul.149_Pipeline_VITIS_LOOP_159_4 : a | {1 2 }
	Port: mp_mul.149_Pipeline_VITIS_LOOP_159_4 : i_27 | {1 }
	Port: mp_mul.149_Pipeline_VITIS_LOOP_159_4 : b | {1 2 }
	Port: mp_mul.149_Pipeline_VITIS_LOOP_159_4 : u_34_out | {6 }
  - Chain level:
	State 1
		store_ln139 : 1
		store_ln140 : 1
		store_ln140 : 1
		j : 1
		icmp_ln159 : 2
		br_ln159 : 3
		zext_ln159 : 2
		a_addr : 3
		a_load : 4
		sub_ln160 : 2
		bit_sel : 3
		xor_ln160 : 4
		trunc_ln160_11 : 3
		add_ln : 4
		zext_ln160 : 5
		b_addr : 6
		b_load : 7
		add_ln159 : 2
		store_ln139 : 3
	State 2
		al : 1
		bl : 1
		ah : 1
		bh : 1
	State 3
		albl : 1
		trunc_ln106 : 2
		albh : 1
		trunc_ln106_198 : 2
		ahbl : 1
		trunc_ln106_199 : 2
		ahbh : 1
		trunc_ln106_200 : 2
		tmp_s : 2
		tmp_343 : 2
		tmp_344 : 2
		tmp_345 : 2
	State 4
		add_ln123 : 1
		zext_ln123_124 : 2
		temp : 3
		tmp_342 : 4
		zext_ln106_163 : 5
		trunc_ln125 : 4
		add_ln130_153 : 1
		add_ln130_154 : 6
		trunc_ln130 : 7
	State 5
		add_ln105 : 1
		temp_68 : 1
		tmp_346 : 2
		and_ln133_13 : 3
		zext_ln133 : 4
		add_ln133 : 5
		v_169 : 1
		xor_ln105_63 : 2
		xor_ln105_64 : 1
		or_ln105_13 : 2
		xor_ln105_65 : 2
		carry : 2
		zext_ln105_134 : 3
		tmp_40 : 6
		or_ln33 : 7
		tempReg : 8
		store_ln140 : 2
		write_ln0 : 1
		write_ln0 : 1
	State 6
		u : 1
		xor_ln162 : 2
		xor_ln162_37 : 1
		or_ln162 : 2
		xor_ln162_41 : 1
		xor_ln162_s : 1
		and_ln162 : 2
		xor_ln162_39 : 2
		or_ln162_20 : 2
		tmp : 2
		zext_ln163 : 3
		t : 4
		store_ln140 : 2
		store_ln140 : 5


============================================================
+ Verbose Summary: Datapath Resource usage 
============================================================

* Functional unit list:
|----------|-----------------------------|---------|---------|---------|
| Operation|       Functional Unit       |   DSP   |    FF   |   LUT   |
|----------|-----------------------------|---------|---------|---------|
|          |       add_ln159_fu_260      |    0    |    0    |    6    |
|          |       add_ln123_fu_384      |    0    |    0    |    32   |
|          |         temp_fu_394         |    0    |    0    |    33   |
|          |     add_ln130_153_fu_427    |    0    |    0    |    32   |
|          |     add_ln130_154_fu_433    |    0    |    0    |    32   |
|          |       add_ln130_fu_453      |    0    |    0    |    32   |
|    add   |       add_ln105_fu_463      |    0    |    0    |    32   |
|          |        temp_68_fu_468       |    0    |    0    |    33   |
|          |       add_ln133_fu_503      |    0    |    0    |    64   |
|          |         v_169_fu_515        |    0    |    0    |    64   |
|          |        tempReg_fu_575       |    0    |    0    |    64   |
|          |           u_fu_593          |    0    |    0    |    64   |
|          |           t_fu_667          |    0    |    0    |    4    |
|----------|-----------------------------|---------|---------|---------|
|          |       xor_ln160_fu_237      |    0    |    0    |    1    |
|          |     xor_ln105_63_fu_521     |    0    |    0    |    64   |
|          |     xor_ln105_64_fu_527     |    0    |    0    |    64   |
|    xor   |     xor_ln105_65_fu_539     |    0    |    0    |    64   |
|          |       xor_ln162_fu_598      |    0    |    0    |    64   |
|          |     xor_ln162_37_fu_603     |    0    |    0    |    64   |
|          |     xor_ln162_41_fu_621     |    0    |    0    |    1    |
|          |     xor_ln162_39_fu_643     |    0    |    0    |    64   |
|----------|-----------------------------|---------|---------|---------|
|          |      or_ln105_13_fu_533     |    0    |    0    |    64   |
|    or    |       or_ln162_fu_608       |    0    |    0    |    64   |
|          |      or_ln162_20_fu_649     |    0    |    0    |    64   |
|----------|-----------------------------|---------|---------|---------|
|          |         albl_fu_164         |    4    |    0    |    21   |
|    mul   |         albh_fu_168         |    4    |    0    |    21   |
|          |         ahbl_fu_172         |    4    |    0    |    21   |
|          |         ahbh_fu_176         |    4    |    0    |    21   |
|----------|-----------------------------|---------|---------|---------|
|    and   |       and_ln162_fu_638      |    0    |    0    |    64   |
|----------|-----------------------------|---------|---------|---------|
|   icmp   |      icmp_ln159_fu_212      |    0    |    0    |    6    |
|----------|-----------------------------|---------|---------|---------|
|    sub   |       sub_ln160_fu_223      |    0    |    0    |    6    |
|----------|-----------------------------|---------|---------|---------|
|          |    i_27_read_read_fu_100    |    0    |    0    |    0    |
|   read   | zext_ln157_read_read_fu_106 |    0    |    0    |    0    |
|          |      v_read_read_fu_112     |    0    |    0    |    0    |
|          | indvars_iv_read_read_fu_118 |    0    |    0    |    0    |
|----------|-----------------------------|---------|---------|---------|
|   write  |    write_ln0_write_fu_124   |    0    |    0    |    0    |
|          |    write_ln0_write_fu_131   |    0    |    0    |    0    |
|----------|-----------------------------|---------|---------|---------|
|          |    zext_ln157_cast_fu_180   |    0    |    0    |    0    |
|          |    indvars_iv_cast_fu_184   |    0    |    0    |    0    |
|          |      zext_ln159_fu_218      |    0    |    0    |    0    |
|          |      zext_ln160_fu_255      |    0    |    0    |    0    |
|          |      zext_ln105_fu_299      |    0    |    0    |    0    |
|          |      zext_ln110_fu_304      |    0    |    0    |    0    |
|          |    zext_ln105_133_fu_309    |    0    |    0    |    0    |
|          |      zext_ln112_fu_314      |    0    |    0    |    0    |
|          |      zext_ln106_fu_375      |    0    |    0    |    0    |
|          |      zext_ln123_fu_378      |    0    |    0    |    0    |
|   zext   |    zext_ln123_123_fu_381    |    0    |    0    |    0    |
|          |    zext_ln123_124_fu_390    |    0    |    0    |    0    |
|          |    zext_ln106_163_fu_410    |    0    |    0    |    0    |
|          |    zext_ln106_164_fu_418    |    0    |    0    |    0    |
|          |    zext_ln106_165_fu_421    |    0    |    0    |    0    |
|          |      zext_ln130_fu_424      |    0    |    0    |    0    |
|          |    zext_ln130_123_fu_457    |    0    |    0    |    0    |
|          |    zext_ln130_124_fu_460    |    0    |    0    |    0    |
|          |      zext_ln133_fu_499      |    0    |    0    |    0    |
|          |    zext_ln105_134_fu_553    |    0    |    0    |    0    |
|          |      zext_ln163_fu_663      |    0    |    0    |    0    |
|----------|-----------------------------|---------|---------|---------|
|          |        bit_sel_fu_229       |    0    |    0    |    0    |
| bitselect|         carry_fu_545        |    0    |    0    |    0    |
|          |       bit_sel1_fu_614       |    0    |    0    |    0    |
|          |          tmp_fu_655         |    0    |    0    |    0    |
|----------|-----------------------------|---------|---------|---------|
|          |    trunc_ln160_11_fu_243    |    0    |    0    |    0    |
|          |          al_fu_271          |    0    |    0    |    0    |
|          |          bl_fu_275          |    0    |    0    |    0    |
|          |      trunc_ln106_fu_319     |    0    |    0    |    0    |
|   trunc  |    trunc_ln106_198_fu_323   |    0    |    0    |    0    |
|          |    trunc_ln106_199_fu_327   |    0    |    0    |    0    |
|          |    trunc_ln106_200_fu_331   |    0    |    0    |    0    |
|          |      trunc_ln125_fu_414     |    0    |    0    |    0    |
|          |      trunc_ln130_fu_439     |    0    |    0    |    0    |
|          |      trunc_ln162_fu_627     |    0    |    0    |    0    |
|----------|-----------------------------|---------|---------|---------|
|          |        add_ln_fu_247        |    0    |    0    |    0    |
|          |      shl_ln125_s_fu_446     |    0    |    0    |    0    |
|          |      and_ln133_s_fu_474     |    0    |    0    |    0    |
|bitconcatenate|     and_ln133_13_fu_491     |    0    |    0    |    0    |
|          |         or_ln_fu_509        |    0    |    0    |    0    |
|          |        or_ln33_fu_567       |    0    |    0    |    0    |
|          |      xor_ln162_s_fu_630     |    0    |    0    |    0    |
|----------|-----------------------------|---------|---------|---------|
|          |          ah_fu_279          |    0    |    0    |    0    |
|          |          bh_fu_289          |    0    |    0    |    0    |
|          |         tmp_s_fu_335        |    0    |    0    |    0    |
|          |        tmp_343_fu_345       |    0    |    0    |    0    |
|partselect|        tmp_344_fu_355       |    0    |    0    |    0    |
|          |        tmp_345_fu_365       |    0    |    0    |    0    |
|          |        tmp_342_fu_400       |    0    |    0    |    0    |
|          |        tmp_346_fu_481       |    0    |    0    |    0    |
|          |        tmp_40_fu_557        |    0    |    0    |    0    |
|----------|-----------------------------|---------|---------|---------|
|   Total  |                             |    16   |    0    |   1230  |
|----------|-----------------------------|---------|---------|---------|

Memories:
N/A

* Register list:
+-----------------------+--------+
|                       |   FF   |
+-----------------------+--------+
|     a_addr_reg_719    |    3   |
| add_ln130_153_reg_797 |   33   |
| add_ln130_154_reg_802 |   33   |
|   add_ln133_reg_812   |   64   |
|       ah_reg_739      |   32   |
|       al_reg_729      |   32   |
|     b_addr_reg_724    |    4   |
|       bh_reg_744      |   32   |
|       bl_reg_734      |   32   |
|   icmp_ln159_reg_715  |    1   |
|      j_19_reg_708     |    4   |
|      t_33_reg_692     |    3   |
|    tempReg_reg_817    |   64   |
|    tmp_343_reg_775    |   32   |
|    tmp_344_reg_781    |   32   |
|    tmp_345_reg_786    |   32   |
|     tmp_s_reg_770     |   32   |
|trunc_ln106_198_reg_754|   32   |
|trunc_ln106_199_reg_759|   32   |
|trunc_ln106_200_reg_764|   32   |
|  trunc_ln106_reg_749  |   32   |
|  trunc_ln125_reg_791  |   32   |
|  trunc_ln130_reg_807  |   32   |
|      v_35_reg_700     |   64   |
+-----------------------+--------+
|         Total         |   721  |
+-----------------------+--------+

* Multiplexer (MUX) list: 
|-------------------|------|------|------|--------||---------||---------||---------|
|        Comp       |  Pin | Size |  BW  | S x BW ||  Delay  ||    FF   ||   LUT   |
|-------------------|------|------|------|--------||---------||---------||---------|
| grp_access_fu_145 |  p0  |   2  |   3  |    6   ||    0    ||    9    |
| grp_access_fu_158 |  p0  |   2  |   4  |    8   ||    0    ||    9    |
|-------------------|------|------|------|--------||---------||---------||---------|
|       Total       |      |      |      |   14   ||  2.596  ||    0    ||    18   |
|-------------------|------|------|------|--------||---------||---------||---------|



* Summary:
+-----------+--------+--------+--------+--------+
|           |   DSP  |  Delay |   FF   |   LUT  |
+-----------+--------+--------+--------+--------+
|  Function |   16   |    -   |    0   |  1230  |
|   Memory  |    -   |    -   |    -   |    -   |
|Multiplexer|    -   |    2   |    0   |   18   |
|  Register |    -   |    -   |   721  |    -   |
+-----------+--------+--------+--------+--------+
|   Total   |   16   |    2   |   721  |  1248  |
+-----------+--------+--------+--------+--------+
