

================================================================
== Vitis HLS Report for 'mp_mul_685_Pipeline_VITIS_LOOP_145_2'
================================================================
* Date:           Wed Jul  2 14:03:55 2025

* Version:        2024.2.2 (Build 6049644 on Mar  5 2025)
* Project:        sikep503_hls
* Solution:       solution1 (Vivado IP Flow Target)
* Product family: zynq
* Target device:  xc7z045-ffg900-2


================================================================
== Performance Estimates
================================================================
+ Timing: 
    * Summary: 
    +--------+----------+----------+------------+
    |  Clock |  Target  | Estimated| Uncertainty|
    +--------+----------+----------+------------+
    |ap_clk  |  10.00 ns|  7.300 ns|     2.70 ns|
    +--------+----------+----------+------------+

+ Latency: 
    * Summary: 
    +---------+---------+-----------+----------+-----+-----+------------------------------------------------+
    |  Latency (cycles) |  Latency (absolute)  |  Interval |                    Pipeline                    |
    |   min   |   max   |    min    |    max   | min | max |                      Type                      |
    +---------+---------+-----------+----------+-----+-----+------------------------------------------------+
    |        7|       14|  70.000 ns|  0.140 us|    2|    9|  loop auto-rewind stp (delay=0 clock cycles(s))|
    +---------+---------+-----------+----------+-----+-----+------------------------------------------------+

    + Detail: 
        * Instance: 
        N/A

        * Loop: 
        +--------------------+---------+---------+----------+-----------+-----------+-------+----------+
        |                    |  Latency (cycles) | Iteration|  Initiation Interval  |  Trip |          |
        |      Loop Name     |   min   |   max   |  Latency |  achieved |   target  | Count | Pipelined|
        +--------------------+---------+---------+----------+-----------+-----------+-------+----------+
        |- VITIS_LOOP_145_2  |        5|       12|         6|          1|          1|  1 ~ 8|       yes|
        +--------------------+---------+---------+----------+-----------+-----------+-------+----------+

============================================================
+ Verbose Summary: Synthesis Manager
============================================================
InlineROM: 1
ExposeGlobal: 0
============================================================
+ Verbose Summary: CDFG Model
============================================================
IsTopModel: 0
ResetActiveHigh: 1
IsCombinational: 0
IsDatapathOnly: 0
HasWiredReturn: 1
HasMFsm: 2
HasVarLatency: 1
IsPipeline: 0
IsRtlPipelined: 0
IsInstanceOverlapped: 0
IsDontTouch: 0
HasImplIP: 0
IsGatedGlobalClock: 0

+ Individual pipeline summary: 
  * Pipeline-0: initiation interval (II) = 1, depth = 6


============================================================
+ Verbose Summary: Schedule
============================================================
* Number of FSM states : 6
* Pipeline : 1
  Pipeline-0 : II = 1, D = 6, States = { 1 2 3 4 5 6 }
* Dataflow Pipeline: 0

* FSM state transitions: 
1 --> 2 
2 --> 3 
3 --> 4 
4 --> 5 
5 --> 6 
6 --> 

* FSM state operations: 

State 1 <SV = 0> <Delay = 5.86>
ST_1 : Operation 9 [1/1] (0.00ns)   --->   "%v_108 = alloca i32 1" [src/generic/fp_generic.c:140]   --->   Operation 9 'alloca' 'v_108' <Predicate = true> <Delay = 0.00>
ST_1 : Operation 10 [1/1] (0.00ns)   --->   "%j = alloca i32 1" [src/generic/fp_generic.c:139]   --->   Operation 10 'alloca' 'j' <Predicate = true> <Delay = 0.00>
ST_1 : Operation 11 [1/1] (0.00ns)   --->   "%specbramwithbyteenable_ln0 = specbramwithbyteenable void @_ssdm_op_SpecBRAMWithByteEnable, i64 %coeff"   --->   Operation 11 'specbramwithbyteenable' 'specbramwithbyteenable_ln0' <Predicate = true> <Delay = 0.00>
ST_1 : Operation 12 [1/1] (0.00ns)   --->   "%i_read = read i3 @_ssdm_op_Read.ap_auto.i3, i3 %i"   --->   Operation 12 'read' 'i_read' <Predicate = true> <Delay = 0.00>
ST_1 : Operation 13 [1/1] (0.00ns)   --->   "%indvars_iv31_read = read i4 @_ssdm_op_Read.ap_auto.i4, i4 %indvars_iv31"   --->   Operation 13 'read' 'indvars_iv31_read' <Predicate = true> <Delay = 0.00>
ST_1 : Operation 14 [1/1] (0.00ns)   --->   "%zext_ln143_read = read i4 @_ssdm_op_Read.ap_auto.i4, i4 %zext_ln143"   --->   Operation 14 'read' 'zext_ln143_read' <Predicate = true> <Delay = 0.00>
ST_1 : Operation 15 [1/1] (0.00ns)   --->   "%v_017_read = read i64 @_ssdm_op_Read.ap_auto.i64, i64 %v_017"   --->   Operation 15 'read' 'v_017_read' <Predicate = true> <Delay = 0.00>
ST_1 : Operation 16 [1/1] (0.00ns)   --->   "%i_cast = zext i3 %i_read"   --->   Operation 16 'zext' 'i_cast' <Predicate = true> <Delay = 0.00>
ST_1 : Operation 17 [1/1] (0.00ns)   --->   "%zext_ln143_cast = zext i4 %zext_ln143_read"   --->   Operation 17 'zext' 'zext_ln143_cast' <Predicate = true> <Delay = 0.00>
ST_1 : Operation 18 [1/1] (1.29ns)   --->   "%store_ln139 = store i4 0, i4 %j" [src/generic/fp_generic.c:139]   --->   Operation 18 'store' 'store_ln139' <Predicate = true> <Delay = 1.29>
ST_1 : Operation 19 [1/1] (1.29ns)   --->   "%store_ln140 = store i64 %v_017_read, i64 %v_108" [src/generic/fp_generic.c:140]   --->   Operation 19 'store' 'store_ln140' <Predicate = true> <Delay = 1.29>
ST_1 : Operation 20 [1/1] (1.29ns)   --->   "%store_ln140 = store i64 %zext_ln143_cast, i64 %u_77_out" [src/generic/fp_generic.c:140]   --->   Operation 20 'store' 'store_ln140' <Predicate = true> <Delay = 1.29>
ST_1 : Operation 21 [1/1] (1.29ns)   --->   "%store_ln140 = store i4 0, i4 %t_out" [src/generic/fp_generic.c:140]   --->   Operation 21 'store' 'store_ln140' <Predicate = true> <Delay = 1.29>
ST_1 : Operation 22 [1/1] (0.00ns)   --->   "%br_ln0 = br void %for.inc"   --->   Operation 22 'br' 'br_ln0' <Predicate = true> <Delay = 0.00>
ST_1 : Operation 23 [1/1] (0.00ns)   --->   "%j_21 = load i4 %j" [src/generic/fp_generic.c:145]   --->   Operation 23 'load' 'j_21' <Predicate = true> <Delay = 0.00>
ST_1 : Operation 24 [1/1] (0.99ns)   --->   "%icmp_ln145 = icmp_eq  i4 %j_21, i4 %indvars_iv31_read" [src/generic/fp_generic.c:145]   --->   Operation 24 'icmp' 'icmp_ln145' <Predicate = true> <Delay = 0.99> <CoreInst = "Cmp">   --->   Core 9 'Cmp' <Latency = 0> <II = 1> <Delay = 0.99> <FuncUnit> <Opcode : 'seteq' 'setne' 'setle' 'setge' 'setlt' 'setgt'> <InPorts = 2> <OutPorts = 1>
ST_1 : Operation 25 [1/1] (0.99ns)   --->   "%add_ln145 = add i4 %j_21, i4 1" [src/generic/fp_generic.c:145]   --->   Operation 25 'add' 'add_ln145' <Predicate = true> <Delay = 0.99> <CoreInst = "Adder">   --->   Core 1 'Adder' <Latency = 0> <II = 1> <Delay = 0.99> <FuncUnit> <Opcode : 'add' 'sub'> <InPorts = 2> <OutPorts = 1>
ST_1 : Operation 26 [1/1] (0.00ns)   --->   "%br_ln145 = br i1 %icmp_ln145, void %for.inc.split, void %for.inc22.exitStub" [src/generic/fp_generic.c:145]   --->   Operation 26 'br' 'br_ln145' <Predicate = true> <Delay = 0.00>
ST_1 : Operation 27 [1/1] (0.00ns)   --->   "%zext_ln145 = zext i4 %j_21" [src/generic/fp_generic.c:145]   --->   Operation 27 'zext' 'zext_ln145' <Predicate = (!icmp_ln145)> <Delay = 0.00>
ST_1 : Operation 28 [1/1] (0.00ns)   --->   "%a_addr = getelementptr i64 %a, i64 0, i64 %zext_ln145" [src/generic/fp_generic.c:146]   --->   Operation 28 'getelementptr' 'a_addr' <Predicate = (!icmp_ln145)> <Delay = 0.00>
ST_1 : Operation 29 [2/2] (1.75ns)   --->   "%a_load = load i3 %a_addr" [src/generic/fp_generic.c:146]   --->   Operation 29 'load' 'a_load' <Predicate = (!icmp_ln145)> <Delay = 1.75> <CoreInst = "RAM">   --->   Core 81 'RAM' <Latency = 1> <II = 1> <Delay = 1.75> <Storage> <Opcode : 'load' 'store'> <Ports = 2> <Width = 64> <Depth = 8> <RAM>
ST_1 : Operation 30 [1/1] (0.99ns)   --->   "%sub_ln146 = sub i4 %i_cast, i4 %j_21" [src/generic/fp_generic.c:146]   --->   Operation 30 'sub' 'sub_ln146' <Predicate = (!icmp_ln145)> <Delay = 0.99> <CoreInst = "Adder">   --->   Core 1 'Adder' <Latency = 0> <II = 1> <Delay = 0.99> <FuncUnit> <Opcode : 'add' 'sub'> <InPorts = 2> <OutPorts = 1>
ST_1 : Operation 31 [1/1] (0.00ns)   --->   "%bit_sel2 = bitselect i1 @_ssdm_op_BitSelect.i1.i4.i7, i4 %sub_ln146, i7 3" [src/generic/fp_generic.c:146]   --->   Operation 31 'bitselect' 'bit_sel2' <Predicate = (!icmp_ln145)> <Delay = 0.00>
ST_1 : Operation 32 [1/1] (0.80ns)   --->   "%xor_ln146 = xor i1 %bit_sel2, i1 1" [src/generic/fp_generic.c:146]   --->   Operation 32 'xor' 'xor_ln146' <Predicate = (!icmp_ln145)> <Delay = 0.80> <CoreInst = "LogicGate">   --->   Core 74 'LogicGate' <Latency = 0> <II = 1> <Delay = 0.80> <FuncUnit> <Opcode : 'and' 'or' 'xor'> <InPorts = 2> <OutPorts = 1>
ST_1 : Operation 33 [1/1] (0.00ns)   --->   "%trunc_ln146_3 = trunc i4 %sub_ln146" [src/generic/fp_generic.c:146]   --->   Operation 33 'trunc' 'trunc_ln146_3' <Predicate = (!icmp_ln145)> <Delay = 0.00>
ST_1 : Operation 34 [1/1] (0.00ns)   --->   "%tmp = bitconcatenate i4 @_ssdm_op_BitConcatenate.i4.i1.i3, i1 %xor_ln146, i3 %trunc_ln146_3" [src/generic/fp_generic.c:146]   --->   Operation 34 'bitconcatenate' 'tmp' <Predicate = (!icmp_ln145)> <Delay = 0.00>
ST_1 : Operation 35 [1/1] (0.00ns)   --->   "%zext_ln146_3 = zext i4 %tmp" [src/generic/fp_generic.c:146]   --->   Operation 35 'zext' 'zext_ln146_3' <Predicate = (!icmp_ln145)> <Delay = 0.00>
ST_1 : Operation 36 [1/1] (0.00ns)   --->   "%coeff_addr = getelementptr i64 %coeff, i64 0, i64 %zext_ln146_3" [src/generic/fp_generic.c:146]   --->   Operation 36 'getelementptr' 'coeff_addr' <Predicate = (!icmp_ln145)> <Delay = 0.00>
ST_1 : Operation 37 [2/2] (2.77ns)   --->   "%coeff_load = load i6 %coeff_addr" [src/generic/fp_generic.c:146]   --->   Operation 37 'load' 'coeff_load' <Predicate = (!icmp_ln145)> <Delay = 2.77> <CoreInst = "RAM">   --->   Core 81 'RAM' <Latency = 1> <II = 1> <Delay = 2.77> <Storage> <Opcode : 'load' 'store'> <Ports = 2> <Width = 64> <Depth = 48> <RAM>
ST_1 : Operation 38 [1/1] (1.29ns)   --->   "%store_ln139 = store i4 %add_ln145, i4 %j" [src/generic/fp_generic.c:139]   --->   Operation 38 'store' 'store_ln139' <Predicate = (!icmp_ln145)> <Delay = 1.29>

State 2 <SV = 1> <Delay = 2.77>
ST_2 : Operation 39 [1/2] ( I:1.75ns O:1.75ns )   --->   "%a_load = load i3 %a_addr" [src/generic/fp_generic.c:146]   --->   Operation 39 'load' 'a_load' <Predicate = true> <Delay = 1.75> <CoreInst = "RAM">   --->   Core 81 'RAM' <Latency = 1> <II = 1> <Delay = 1.75> <Storage> <Opcode : 'load' 'store'> <Ports = 2> <Width = 64> <Depth = 8> <RAM>
ST_2 : Operation 40 [1/1] (0.00ns)   --->   "%al = trunc i64 %a_load" [src/generic/fp_generic.c:146]   --->   Operation 40 'trunc' 'al' <Predicate = true> <Delay = 0.00>
ST_2 : Operation 41 [1/2] ( I:2.77ns O:2.77ns )   --->   "%coeff_load = load i6 %coeff_addr" [src/generic/fp_generic.c:146]   --->   Operation 41 'load' 'coeff_load' <Predicate = true> <Delay = 2.77> <CoreInst = "RAM">   --->   Core 81 'RAM' <Latency = 1> <II = 1> <Delay = 2.77> <Storage> <Opcode : 'load' 'store'> <Ports = 2> <Width = 64> <Depth = 48> <RAM>
ST_2 : Operation 42 [1/1] (0.00ns)   --->   "%bl = trunc i64 %coeff_load" [src/generic/fp_generic.c:103->src/generic/fp_generic.c:146]   --->   Operation 42 'trunc' 'bl' <Predicate = true> <Delay = 0.00>
ST_2 : Operation 43 [1/1] (0.00ns)   --->   "%ah = partselect i32 @_ssdm_op_PartSelect.i32.i64.i32.i32, i64 %a_load, i32 32, i32 63" [src/generic/fp_generic.c:110->src/generic/fp_generic.c:146]   --->   Operation 43 'partselect' 'ah' <Predicate = true> <Delay = 0.00>
ST_2 : Operation 44 [1/1] (0.00ns)   --->   "%bh = partselect i32 @_ssdm_op_PartSelect.i32.i64.i32.i32, i64 %coeff_load, i32 32, i32 63" [src/generic/fp_generic.c:112->src/generic/fp_generic.c:146]   --->   Operation 44 'partselect' 'bh' <Predicate = true> <Delay = 0.00>

State 3 <SV = 2> <Delay = 7.05>
ST_3 : Operation 45 [1/1] (0.00ns)   --->   "%zext_ln105 = zext i32 %al" [src/generic/fp_generic.c:105->src/generic/fp_generic.c:146]   --->   Operation 45 'zext' 'zext_ln105' <Predicate = true> <Delay = 0.00>
ST_3 : Operation 46 [1/1] (0.00ns)   --->   "%zext_ln110 = zext i32 %ah" [src/generic/fp_generic.c:110->src/generic/fp_generic.c:146]   --->   Operation 46 'zext' 'zext_ln110' <Predicate = true> <Delay = 0.00>
ST_3 : Operation 47 [1/1] (0.00ns)   --->   "%zext_ln105_79 = zext i32 %bl" [src/generic/fp_generic.c:105->src/generic/fp_generic.c:146]   --->   Operation 47 'zext' 'zext_ln105_79' <Predicate = true> <Delay = 0.00>
ST_3 : Operation 48 [1/1] (0.00ns)   --->   "%zext_ln112 = zext i32 %bh" [src/generic/fp_generic.c:112->src/generic/fp_generic.c:146]   --->   Operation 48 'zext' 'zext_ln112' <Predicate = true> <Delay = 0.00>
ST_3 : Operation 49 [1/1] (7.05ns)   --->   "%albl = mul i64 %zext_ln105_79, i64 %zext_ln105" [src/generic/fp_generic.c:114->src/generic/fp_generic.c:146]   --->   Operation 49 'mul' 'albl' <Predicate = true> <Delay = 7.05> <CoreInst = "Multiplier">   --->   Core 3 'Multiplier' <Latency = 0> <II = 1> <Delay = 7.05> <FuncUnit> <Opcode : 'mul'> <InPorts = 2> <OutPorts = 1>
ST_3 : Operation 50 [1/1] (0.00ns)   --->   "%trunc_ln106 = trunc i64 %albl" [src/generic/fp_generic.c:106->src/generic/fp_generic.c:146]   --->   Operation 50 'trunc' 'trunc_ln106' <Predicate = true> <Delay = 0.00>
ST_3 : Operation 51 [1/1] (7.05ns)   --->   "%albh = mul i64 %zext_ln112, i64 %zext_ln105" [src/generic/fp_generic.c:115->src/generic/fp_generic.c:146]   --->   Operation 51 'mul' 'albh' <Predicate = true> <Delay = 7.05> <CoreInst = "Multiplier">   --->   Core 3 'Multiplier' <Latency = 0> <II = 1> <Delay = 7.05> <FuncUnit> <Opcode : 'mul'> <InPorts = 2> <OutPorts = 1>
ST_3 : Operation 52 [1/1] (0.00ns)   --->   "%trunc_ln106_117 = trunc i64 %albh" [src/generic/fp_generic.c:106->src/generic/fp_generic.c:146]   --->   Operation 52 'trunc' 'trunc_ln106_117' <Predicate = true> <Delay = 0.00>
ST_3 : Operation 53 [1/1] (7.05ns)   --->   "%ahbl = mul i64 %zext_ln105_79, i64 %zext_ln110" [src/generic/fp_generic.c:116->src/generic/fp_generic.c:146]   --->   Operation 53 'mul' 'ahbl' <Predicate = true> <Delay = 7.05> <CoreInst = "Multiplier">   --->   Core 3 'Multiplier' <Latency = 0> <II = 1> <Delay = 7.05> <FuncUnit> <Opcode : 'mul'> <InPorts = 2> <OutPorts = 1>
ST_3 : Operation 54 [1/1] (0.00ns)   --->   "%trunc_ln106_118 = trunc i64 %ahbl" [src/generic/fp_generic.c:106->src/generic/fp_generic.c:146]   --->   Operation 54 'trunc' 'trunc_ln106_118' <Predicate = true> <Delay = 0.00>
ST_3 : Operation 55 [1/1] (7.05ns)   --->   "%ahbh = mul i64 %zext_ln112, i64 %zext_ln110" [src/generic/fp_generic.c:117->src/generic/fp_generic.c:146]   --->   Operation 55 'mul' 'ahbh' <Predicate = true> <Delay = 7.05> <CoreInst = "Multiplier">   --->   Core 3 'Multiplier' <Latency = 0> <II = 1> <Delay = 7.05> <FuncUnit> <Opcode : 'mul'> <InPorts = 2> <OutPorts = 1>
ST_3 : Operation 56 [1/1] (0.00ns)   --->   "%trunc_ln106_119 = trunc i64 %ahbh" [src/generic/fp_generic.c:106->src/generic/fp_generic.c:146]   --->   Operation 56 'trunc' 'trunc_ln106_119' <Predicate = true> <Delay = 0.00>
ST_3 : Operation 57 [1/1] (0.00ns)   --->   "%tmp_188 = partselect i32 @_ssdm_op_PartSelect.i32.i64.i32.i32, i64 %albl, i32 32, i32 63" [src/generic/fp_generic.c:106->src/generic/fp_generic.c:146]   --->   Operation 57 'partselect' 'tmp_188' <Predicate = true> <Delay = 0.00>
ST_3 : Operation 58 [1/1] (0.00ns)   --->   "%tmp_190 = partselect i32 @_ssdm_op_PartSelect.i32.i64.i32.i32, i64 %ahbl, i32 32, i32 63" [src/generic/fp_generic.c:106->src/generic/fp_generic.c:146]   --->   Operation 58 'partselect' 'tmp_190' <Predicate = true> <Delay = 0.00>
ST_3 : Operation 59 [1/1] (0.00ns)   --->   "%tmp_191 = partselect i32 @_ssdm_op_PartSelect.i32.i64.i32.i32, i64 %albh, i32 32, i32 63" [src/generic/fp_generic.c:106->src/generic/fp_generic.c:146]   --->   Operation 59 'partselect' 'tmp_191' <Predicate = true> <Delay = 0.00>
ST_3 : Operation 60 [1/1] (0.00ns)   --->   "%tmp_192 = partselect i32 @_ssdm_op_PartSelect.i32.i64.i32.i32, i64 %ahbh, i32 32, i32 63" [src/generic/fp_generic.c:133->src/generic/fp_generic.c:146]   --->   Operation 60 'partselect' 'tmp_192' <Predicate = true> <Delay = 0.00>

State 4 <SV = 3> <Delay = 5.71>
ST_4 : Operation 61 [1/1] (0.00ns)   --->   "%zext_ln106 = zext i32 %tmp_188" [src/generic/fp_generic.c:106->src/generic/fp_generic.c:146]   --->   Operation 61 'zext' 'zext_ln106' <Predicate = true> <Delay = 0.00>
ST_4 : Operation 62 [1/1] (0.00ns)   --->   "%zext_ln123 = zext i32 %trunc_ln106_118" [src/generic/fp_generic.c:123->src/generic/fp_generic.c:146]   --->   Operation 62 'zext' 'zext_ln123' <Predicate = true> <Delay = 0.00>
ST_4 : Operation 63 [1/1] (0.00ns)   --->   "%zext_ln123_69 = zext i32 %trunc_ln106_117" [src/generic/fp_generic.c:123->src/generic/fp_generic.c:146]   --->   Operation 63 'zext' 'zext_ln123_69' <Predicate = true> <Delay = 0.00>
ST_4 : Operation 64 [1/1] (1.89ns)   --->   "%add_ln123 = add i33 %zext_ln123, i33 %zext_ln123_69" [src/generic/fp_generic.c:123->src/generic/fp_generic.c:146]   --->   Operation 64 'add' 'add_ln123' <Predicate = true> <Delay = 1.89> <CoreInst = "Adder">   --->   Core 1 'Adder' <Latency = 0> <II = 1> <Delay = 1.89> <FuncUnit> <Opcode : 'add' 'sub'> <InPorts = 2> <OutPorts = 1>
ST_4 : Operation 65 [1/1] (0.00ns)   --->   "%zext_ln123_70 = zext i33 %add_ln123" [src/generic/fp_generic.c:123->src/generic/fp_generic.c:146]   --->   Operation 65 'zext' 'zext_ln123_70' <Predicate = true> <Delay = 0.00>
ST_4 : Operation 66 [1/1] (1.92ns)   --->   "%temp = add i34 %zext_ln123_70, i34 %zext_ln106" [src/generic/fp_generic.c:123->src/generic/fp_generic.c:146]   --->   Operation 66 'add' 'temp' <Predicate = true> <Delay = 1.92> <CoreInst = "Adder">   --->   Core 1 'Adder' <Latency = 0> <II = 1> <Delay = 1.92> <FuncUnit> <Opcode : 'add' 'sub'> <InPorts = 2> <OutPorts = 1>
ST_4 : Operation 67 [1/1] (0.00ns)   --->   "%tmp_189 = partselect i2 @_ssdm_op_PartSelect.i2.i34.i32.i32, i34 %temp, i32 32, i32 33" [src/generic/fp_generic.c:106->src/generic/fp_generic.c:146]   --->   Operation 67 'partselect' 'tmp_189' <Predicate = true> <Delay = 0.00>
ST_4 : Operation 68 [1/1] (0.00ns)   --->   "%zext_ln106_82 = zext i2 %tmp_189" [src/generic/fp_generic.c:106->src/generic/fp_generic.c:146]   --->   Operation 68 'zext' 'zext_ln106_82' <Predicate = true> <Delay = 0.00>
ST_4 : Operation 69 [1/1] (0.00ns)   --->   "%trunc_ln125 = trunc i34 %temp" [src/generic/fp_generic.c:125->src/generic/fp_generic.c:146]   --->   Operation 69 'trunc' 'trunc_ln125' <Predicate = true> <Delay = 0.00>
ST_4 : Operation 70 [1/1] (0.00ns)   --->   "%zext_ln106_83 = zext i32 %tmp_190" [src/generic/fp_generic.c:106->src/generic/fp_generic.c:146]   --->   Operation 70 'zext' 'zext_ln106_83' <Predicate = true> <Delay = 0.00>
ST_4 : Operation 71 [1/1] (0.00ns)   --->   "%zext_ln106_84 = zext i32 %tmp_191" [src/generic/fp_generic.c:106->src/generic/fp_generic.c:146]   --->   Operation 71 'zext' 'zext_ln106_84' <Predicate = true> <Delay = 0.00>
ST_4 : Operation 72 [1/1] (0.00ns)   --->   "%zext_ln130 = zext i32 %trunc_ln106_119" [src/generic/fp_generic.c:130->src/generic/fp_generic.c:146]   --->   Operation 72 'zext' 'zext_ln130' <Predicate = true> <Delay = 0.00>
ST_4 : Operation 73 [1/1] (1.89ns)   --->   "%add_ln130 = add i33 %zext_ln130, i33 %zext_ln106_83" [src/generic/fp_generic.c:130->src/generic/fp_generic.c:146]   --->   Operation 73 'add' 'add_ln130' <Predicate = true> <Delay = 1.89> <CoreInst = "Adder">   --->   Core 1 'Adder' <Latency = 0> <II = 1> <Delay = 1.89> <FuncUnit> <Opcode : 'add' 'sub'> <InPorts = 2> <OutPorts = 1>
ST_4 : Operation 74 [1/1] (1.89ns)   --->   "%add_ln130_81 = add i33 %zext_ln106_84, i33 %zext_ln106_82" [src/generic/fp_generic.c:130->src/generic/fp_generic.c:146]   --->   Operation 74 'add' 'add_ln130_81' <Predicate = true> <Delay = 1.89> <CoreInst = "Adder">   --->   Core 1 'Adder' <Latency = 0> <II = 1> <Delay = 1.89> <FuncUnit> <Opcode : 'add' 'sub'> <InPorts = 2> <OutPorts = 1>
ST_4 : Operation 75 [1/1] (0.00ns)   --->   "%trunc_ln130 = trunc i33 %add_ln130_81" [src/generic/fp_generic.c:130->src/generic/fp_generic.c:146]   --->   Operation 75 'trunc' 'trunc_ln130' <Predicate = true> <Delay = 0.00>

State 5 <SV = 4> <Delay = 7.30>
ST_5 : Operation 76 [1/1] (0.00ns)   --->   "%v_108_load = load i64 %v_108" [src/generic/fp_generic.c:147]   --->   Operation 76 'load' 'v_108_load' <Predicate = true> <Delay = 0.00>
ST_5 : Operation 77 [1/1] (0.00ns)   --->   "%shl_ln = bitconcatenate i64 @_ssdm_op_BitConcatenate.i64.i32.i32, i32 %trunc_ln125, i32 0" [src/generic/fp_generic.c:125->src/generic/fp_generic.c:146]   --->   Operation 77 'bitconcatenate' 'shl_ln' <Predicate = true> <Delay = 0.00>
ST_5 : Operation 78 [1/1] (0.00ns) (grouped into TernaryAdder)   --->   "%add_ln130_82 = add i32 %trunc_ln106_119, i32 %tmp_190" [src/generic/fp_generic.c:130->src/generic/fp_generic.c:146]   --->   Operation 78 'add' 'add_ln130_82' <Predicate = true> <Delay = 0.00> <CoreInst = "TAddSub">   --->   Core 10 'TAddSub' <Latency = 0> <II = 1> <Delay = 1.79> <IPBlock> <Opcode : '' 'add' 'sub'> <InPorts = 3> <OutPorts = 1> <Sync> <CReg>
ST_5 : Operation 79 [1/1] (0.00ns)   --->   "%zext_ln130_69 = zext i33 %add_ln130" [src/generic/fp_generic.c:130->src/generic/fp_generic.c:146]   --->   Operation 79 'zext' 'zext_ln130_69' <Predicate = true> <Delay = 0.00>
ST_5 : Operation 80 [1/1] (0.00ns)   --->   "%zext_ln130_70 = zext i33 %add_ln130_81" [src/generic/fp_generic.c:130->src/generic/fp_generic.c:146]   --->   Operation 80 'zext' 'zext_ln130_70' <Predicate = true> <Delay = 0.00>
ST_5 : Operation 81 [1/1] (3.58ns) (root node of TernaryAdder)   --->   "%add_ln105 = add i32 %trunc_ln130, i32 %add_ln130_82" [src/generic/fp_generic.c:105->src/generic/fp_generic.c:146]   --->   Operation 81 'add' 'add_ln105' <Predicate = true> <Delay = 3.58> <CoreInst = "TAddSub">   --->   Core 10 'TAddSub' <Latency = 0> <II = 1> <Delay = 1.79> <IPBlock> <Opcode : '' 'add' 'sub'> <InPorts = 3> <OutPorts = 1> <Sync> <CReg>
ST_5 : Operation 82 [1/1] (1.92ns)   --->   "%temp_41 = add i34 %zext_ln130_70, i34 %zext_ln130_69" [src/generic/fp_generic.c:130->src/generic/fp_generic.c:146]   --->   Operation 82 'add' 'temp_41' <Predicate = true> <Delay = 1.92> <CoreInst = "Adder">   --->   Core 1 'Adder' <Latency = 0> <II = 1> <Delay = 1.92> <FuncUnit> <Opcode : 'add' 'sub'> <InPorts = 2> <OutPorts = 1>
ST_5 : Operation 83 [1/1] (0.00ns)   --->   "%and_ln = bitconcatenate i64 @_ssdm_op_BitConcatenate.i64.i32.i32, i32 %tmp_192, i32 0" [src/generic/fp_generic.c:133->src/generic/fp_generic.c:146]   --->   Operation 83 'bitconcatenate' 'and_ln' <Predicate = true> <Delay = 0.00>
ST_5 : Operation 84 [1/1] (0.00ns)   --->   "%tmp_193 = partselect i2 @_ssdm_op_PartSelect.i2.i34.i32.i32, i34 %temp_41, i32 32, i32 33" [src/generic/fp_generic.c:133->src/generic/fp_generic.c:146]   --->   Operation 84 'partselect' 'tmp_193' <Predicate = true> <Delay = 0.00>
ST_5 : Operation 85 [1/1] (0.00ns)   --->   "%and_ln133_s = bitconcatenate i34 @_ssdm_op_BitConcatenate.i34.i2.i32, i2 %tmp_193, i32 0" [src/generic/fp_generic.c:133->src/generic/fp_generic.c:146]   --->   Operation 85 'bitconcatenate' 'and_ln133_s' <Predicate = true> <Delay = 0.00>
ST_5 : Operation 86 [1/1] (0.00ns)   --->   "%zext_ln133 = zext i34 %and_ln133_s" [src/generic/fp_generic.c:133->src/generic/fp_generic.c:146]   --->   Operation 86 'zext' 'zext_ln133' <Predicate = true> <Delay = 0.00>
ST_5 : Operation 87 [1/1] (2.69ns)   --->   "%add_ln133 = add i64 %zext_ln133, i64 %and_ln" [src/generic/fp_generic.c:133->src/generic/fp_generic.c:146]   --->   Operation 87 'add' 'add_ln133' <Predicate = true> <Delay = 2.69> <CoreInst = "Adder">   --->   Core 1 'Adder' <Latency = 0> <II = 1> <Delay = 2.69> <FuncUnit> <Opcode : 'add' 'sub'> <InPorts = 2> <OutPorts = 1>
ST_5 : Operation 88 [1/1] (0.00ns)   --->   "%or_ln = bitconcatenate i64 @_ssdm_op_BitConcatenate.i64.i32.i32, i32 %trunc_ln125, i32 %trunc_ln106" [src/generic/fp_generic.c:147]   --->   Operation 88 'bitconcatenate' 'or_ln' <Predicate = true> <Delay = 0.00>
ST_5 : Operation 89 [1/1] (2.69ns)   --->   "%v_128 = add i64 %or_ln, i64 %v_108_load" [src/generic/fp_generic.c:147]   --->   Operation 89 'add' 'v_128' <Predicate = true> <Delay = 2.69> <CoreInst = "Adder">   --->   Core 1 'Adder' <Latency = 0> <II = 1> <Delay = 2.69> <FuncUnit> <Opcode : 'add' 'sub'> <InPorts = 2> <OutPorts = 1>
ST_5 : Operation 90 [1/1] (0.00ns) (grouped into LUT with out node tempReg)   --->   "%xor_ln105 = xor i64 %v_128, i64 %shl_ln" [src/config.h:105->src/generic/fp_generic.c:147]   --->   Operation 90 'xor' 'xor_ln105' <Predicate = true> <Delay = 0.00> <CoreInst = "LogicGate">   --->   Core 74 'LogicGate' <Latency = 0> <II = 1> <Delay = 0.80> <FuncUnit> <Opcode : 'and' 'or' 'xor'> <InPorts = 2> <OutPorts = 1>
ST_5 : Operation 91 [1/1] (0.00ns) (grouped into LUT with out node tempReg)   --->   "%xor_ln105_21 = xor i64 %shl_ln, i64 %v_108_load" [src/config.h:105->src/generic/fp_generic.c:147]   --->   Operation 91 'xor' 'xor_ln105_21' <Predicate = true> <Delay = 0.00> <CoreInst = "LogicGate">   --->   Core 74 'LogicGate' <Latency = 0> <II = 1> <Delay = 0.80> <FuncUnit> <Opcode : 'and' 'or' 'xor'> <InPorts = 2> <OutPorts = 1>
ST_5 : Operation 92 [1/1] (0.00ns) (grouped into LUT with out node tempReg)   --->   "%or_ln105 = or i64 %xor_ln105, i64 %xor_ln105_21" [src/config.h:105->src/generic/fp_generic.c:147]   --->   Operation 92 'or' 'or_ln105' <Predicate = true> <Delay = 0.00> <CoreInst = "LogicGate">   --->   Core 74 'LogicGate' <Latency = 0> <II = 1> <Delay = 0.80> <FuncUnit> <Opcode : 'and' 'or' 'xor'> <InPorts = 2> <OutPorts = 1>
ST_5 : Operation 93 [1/1] (0.00ns) (grouped into LUT with out node tempReg)   --->   "%xor_ln105_22 = xor i64 %or_ln105, i64 %v_128" [src/config.h:105->src/generic/fp_generic.c:147]   --->   Operation 93 'xor' 'xor_ln105_22' <Predicate = true> <Delay = 0.00> <CoreInst = "LogicGate">   --->   Core 74 'LogicGate' <Latency = 0> <II = 1> <Delay = 0.80> <FuncUnit> <Opcode : 'and' 'or' 'xor'> <InPorts = 2> <OutPorts = 1>
ST_5 : Operation 94 [1/1] (0.00ns) (grouped into LUT with out node tempReg)   --->   "%carry = bitselect i1 @_ssdm_op_BitSelect.i1.i64.i32, i64 %xor_ln105_22, i32 63" [src/config.h:105->src/generic/fp_generic.c:147]   --->   Operation 94 'bitselect' 'carry' <Predicate = true> <Delay = 0.00>
ST_5 : Operation 95 [1/1] (0.00ns) (grouped into LUT with out node tempReg)   --->   "%zext_ln105_80 = zext i1 %carry" [src/config.h:105->src/generic/fp_generic.c:147]   --->   Operation 95 'zext' 'zext_ln105_80' <Predicate = true> <Delay = 0.00>
ST_5 : Operation 96 [1/1] (0.00ns) (grouped into LUT with out node tempReg)   --->   "%tmp_s = partselect i32 @_ssdm_op_PartSelect.i32.i64.i32.i32, i64 %add_ln133, i32 32, i32 63" [src/generic/fp_generic.c:148]   --->   Operation 96 'partselect' 'tmp_s' <Predicate = true> <Delay = 0.00>
ST_5 : Operation 97 [1/1] (0.00ns) (grouped into LUT with out node tempReg)   --->   "%or_ln6 = bitconcatenate i64 @_ssdm_op_BitConcatenate.i64.i32.i32, i32 %tmp_s, i32 %add_ln105" [src/generic/fp_generic.c:148]   --->   Operation 97 'bitconcatenate' 'or_ln6' <Predicate = true> <Delay = 0.00>
ST_5 : Operation 98 [1/1] (2.69ns) (out node of the LUT)   --->   "%tempReg = add i64 %or_ln6, i64 %zext_ln105_80" [src/generic/fp_generic.c:148]   --->   Operation 98 'add' 'tempReg' <Predicate = true> <Delay = 2.69> <CoreInst = "Adder">   --->   Core 1 'Adder' <Latency = 0> <II = 1> <Delay = 2.69> <FuncUnit> <Opcode : 'add' 'sub'> <InPorts = 2> <OutPorts = 1>
ST_5 : Operation 99 [1/1] (1.29ns)   --->   "%store_ln140 = store i64 %v_128, i64 %v_108" [src/generic/fp_generic.c:140]   --->   Operation 99 'store' 'store_ln140' <Predicate = true> <Delay = 1.29>
ST_5 : Operation 122 [1/1] (0.00ns)   --->   "%v_108_load_1 = load i64 %v_108"   --->   Operation 122 'load' 'v_108_load_1' <Predicate = (icmp_ln145)> <Delay = 0.00>
ST_5 : Operation 123 [1/1] (0.00ns)   --->   "%write_ln0 = write void @_ssdm_op_Write.ap_auto.i64P0A, i64 %v_108_out, i64 %v_108_load_1"   --->   Operation 123 'write' 'write_ln0' <Predicate = (icmp_ln145)> <Delay = 0.00>
ST_5 : Operation 124 [1/1] (1.29ns)   --->   "%ret_ln0 = ret"   --->   Operation 124 'ret' 'ret_ln0' <Predicate = (icmp_ln145)> <Delay = 1.29>

State 6 <SV = 5> <Delay = 5.79>
ST_6 : Operation 100 [1/1] (0.00ns)   --->   "%t_out_load = load i4 %t_out" [src/generic/fp_generic.c:149]   --->   Operation 100 'load' 't_out_load' <Predicate = true> <Delay = 0.00>
ST_6 : Operation 101 [1/1] (0.00ns)   --->   "%u_77_out_load = load i64 %u_77_out" [src/generic/fp_generic.c:148]   --->   Operation 101 'load' 'u_77_out_load' <Predicate = true> <Delay = 0.00>
ST_6 : Operation 102 [1/1] (0.00ns)   --->   "%specpipeline_ln139 = specpipeline void @_ssdm_op_SpecPipeline, i32 4294967295, i32 0, i32 0, i32 0, void @empty_56" [src/generic/fp_generic.c:139]   --->   Operation 102 'specpipeline' 'specpipeline_ln139' <Predicate = true> <Delay = 0.00>
ST_6 : Operation 103 [1/1] (0.00ns)   --->   "%speclooptripcount_ln139 = speclooptripcount void @_ssdm_op_SpecLoopTripCount, i64 1, i64 8, i64 4" [src/generic/fp_generic.c:139]   --->   Operation 103 'speclooptripcount' 'speclooptripcount_ln139' <Predicate = true> <Delay = 0.00>
ST_6 : Operation 104 [1/1] (0.00ns)   --->   "%specloopname_ln145 = specloopname void @_ssdm_op_SpecLoopName, void @empty_81" [src/generic/fp_generic.c:145]   --->   Operation 104 'specloopname' 'specloopname_ln145' <Predicate = true> <Delay = 0.00>
ST_6 : Operation 105 [1/1] (2.69ns)   --->   "%v = add i64 %tempReg, i64 %u_77_out_load" [src/generic/fp_generic.c:148]   --->   Operation 105 'add' 'v' <Predicate = true> <Delay = 2.69> <CoreInst = "Adder">   --->   Core 1 'Adder' <Latency = 0> <II = 1> <Delay = 2.69> <FuncUnit> <Opcode : 'add' 'sub'> <InPorts = 2> <OutPorts = 1>
ST_6 : Operation 106 [1/1] (0.00ns) (grouped into LUT with out node xor_ln148_15)   --->   "%xor_ln148 = xor i64 %v, i64 %tempReg" [src/generic/fp_generic.c:148]   --->   Operation 106 'xor' 'xor_ln148' <Predicate = true> <Delay = 0.00> <CoreInst = "LogicGate">   --->   Core 74 'LogicGate' <Latency = 0> <II = 1> <Delay = 0.80> <FuncUnit> <Opcode : 'and' 'or' 'xor'> <InPorts = 2> <OutPorts = 1>
ST_6 : Operation 107 [1/1] (0.00ns) (grouped into LUT with out node xor_ln148_15)   --->   "%xor_ln148_13 = xor i64 %tempReg, i64 %u_77_out_load" [src/generic/fp_generic.c:148]   --->   Operation 107 'xor' 'xor_ln148_13' <Predicate = true> <Delay = 0.00> <CoreInst = "LogicGate">   --->   Core 74 'LogicGate' <Latency = 0> <II = 1> <Delay = 0.80> <FuncUnit> <Opcode : 'and' 'or' 'xor'> <InPorts = 2> <OutPorts = 1>
ST_6 : Operation 108 [1/1] (0.00ns) (grouped into LUT with out node xor_ln148_15)   --->   "%or_ln148 = or i64 %xor_ln148, i64 %xor_ln148_13" [src/generic/fp_generic.c:148]   --->   Operation 108 'or' 'or_ln148' <Predicate = true> <Delay = 0.00> <CoreInst = "LogicGate">   --->   Core 74 'LogicGate' <Latency = 0> <II = 1> <Delay = 0.80> <FuncUnit> <Opcode : 'and' 'or' 'xor'> <InPorts = 2> <OutPorts = 1>
ST_6 : Operation 109 [1/1] (0.00ns) (grouped into LUT with out node u)   --->   "%bit_sel = bitselect i1 @_ssdm_op_BitSelect.i1.i64.i64, i64 %tempReg, i64 63" [src/generic/fp_generic.c:148]   --->   Operation 109 'bitselect' 'bit_sel' <Predicate = true> <Delay = 0.00>
ST_6 : Operation 110 [1/1] (0.00ns) (grouped into LUT with out node u)   --->   "%xor_ln148_16 = xor i1 %bit_sel, i1 1" [src/generic/fp_generic.c:148]   --->   Operation 110 'xor' 'xor_ln148_16' <Predicate = true> <Delay = 0.00> <CoreInst = "LogicGate">   --->   Core 74 'LogicGate' <Latency = 0> <II = 1> <Delay = 0.80> <FuncUnit> <Opcode : 'and' 'or' 'xor'> <InPorts = 2> <OutPorts = 1>
ST_6 : Operation 111 [1/1] (0.00ns) (grouped into LUT with out node u)   --->   "%trunc_ln148 = trunc i64 %tempReg" [src/generic/fp_generic.c:148]   --->   Operation 111 'trunc' 'trunc_ln148' <Predicate = true> <Delay = 0.00>
ST_6 : Operation 112 [1/1] (0.00ns) (grouped into LUT with out node u)   --->   "%xor_ln148_s = bitconcatenate i64 @_ssdm_op_BitConcatenate.i64.i1.i63, i1 %xor_ln148_16, i63 %trunc_ln148" [src/generic/fp_generic.c:148]   --->   Operation 112 'bitconcatenate' 'xor_ln148_s' <Predicate = true> <Delay = 0.00>
ST_6 : Operation 113 [1/1] (0.00ns) (grouped into LUT with out node u)   --->   "%and_ln148 = and i64 %xor_ln148_s, i64 %add_ln133" [src/generic/fp_generic.c:148]   --->   Operation 113 'and' 'and_ln148' <Predicate = true> <Delay = 0.00> <CoreInst = "LogicGate">   --->   Core 74 'LogicGate' <Latency = 0> <II = 1> <Delay = 0.80> <FuncUnit> <Opcode : 'and' 'or' 'xor'> <InPorts = 2> <OutPorts = 1>
ST_6 : Operation 114 [1/1] (0.80ns) (out node of the LUT)   --->   "%xor_ln148_15 = xor i64 %or_ln148, i64 %v" [src/generic/fp_generic.c:148]   --->   Operation 114 'xor' 'xor_ln148_15' <Predicate = true> <Delay = 0.80> <CoreInst = "LogicGate">   --->   Core 74 'LogicGate' <Latency = 0> <II = 1> <Delay = 0.80> <FuncUnit> <Opcode : 'and' 'or' 'xor'> <InPorts = 2> <OutPorts = 1>
ST_6 : Operation 115 [1/1] (0.00ns) (grouped into LUT with out node u)   --->   "%or_ln148_6 = or i64 %xor_ln148_15, i64 %and_ln148" [src/generic/fp_generic.c:148]   --->   Operation 115 'or' 'or_ln148_6' <Predicate = true> <Delay = 0.00> <CoreInst = "LogicGate">   --->   Core 74 'LogicGate' <Latency = 0> <II = 1> <Delay = 0.80> <FuncUnit> <Opcode : 'and' 'or' 'xor'> <InPorts = 2> <OutPorts = 1>
ST_6 : Operation 116 [1/1] (0.00ns) (grouped into LUT with out node u)   --->   "%tmp_128 = bitselect i1 @_ssdm_op_BitSelect.i1.i64.i32, i64 %or_ln148_6, i32 63" [src/generic/fp_generic.c:149]   --->   Operation 116 'bitselect' 'tmp_128' <Predicate = true> <Delay = 0.00>
ST_6 : Operation 117 [1/1] (0.00ns) (grouped into LUT with out node u)   --->   "%zext_ln149 = zext i1 %tmp_128" [src/generic/fp_generic.c:149]   --->   Operation 117 'zext' 'zext_ln149' <Predicate = true> <Delay = 0.00>
ST_6 : Operation 118 [1/1] (0.99ns) (out node of the LUT)   --->   "%u = add i4 %zext_ln149, i4 %t_out_load" [src/generic/fp_generic.c:149]   --->   Operation 118 'add' 'u' <Predicate = true> <Delay = 0.99> <CoreInst = "Adder">   --->   Core 1 'Adder' <Latency = 0> <II = 1> <Delay = 0.99> <FuncUnit> <Opcode : 'add' 'sub'> <InPorts = 2> <OutPorts = 1>
ST_6 : Operation 119 [1/1] (1.29ns)   --->   "%store_ln140 = store i64 %v, i64 %u_77_out" [src/generic/fp_generic.c:140]   --->   Operation 119 'store' 'store_ln140' <Predicate = true> <Delay = 1.29>
ST_6 : Operation 120 [1/1] (1.29ns)   --->   "%store_ln140 = store i4 %u, i4 %t_out" [src/generic/fp_generic.c:140]   --->   Operation 120 'store' 'store_ln140' <Predicate = true> <Delay = 1.29>
ST_6 : Operation 121 [1/1] (0.00ns)   --->   "%br_ln145 = br void %for.inc" [src/generic/fp_generic.c:145]   --->   Operation 121 'br' 'br_ln145' <Predicate = true> <Delay = 0.00>


============================================================
+ Verbose Summary: Binding
============================================================
STG Binding: 
---------------- STG Properties BEGIN ----------------
- Is combinational: 0
- Is one-state seq: 0
- Is datapath-only: 0
- Is pipelined: 0
- Is top level: 0
Port [ Return ] is wired: 1; IO mode=ap_ctrl_hs:ce=0
Port [ v_017]:  wired=1; compound=0; hidden=0; nouse=0; global=0; static=0; extern=0; dir=0; type=0; pingpong=0; private_global=0; IO mode=ap_none:ce=0
Port [ zext_ln143]:  wired=1; compound=0; hidden=0; nouse=0; global=0; static=0; extern=0; dir=0; type=0; pingpong=0; private_global=0; IO mode=ap_none:ce=0
Port [ indvars_iv31]:  wired=1; compound=0; hidden=0; nouse=0; global=0; static=0; extern=0; dir=0; type=0; pingpong=0; private_global=0; IO mode=ap_none:ce=0
Port [ a]:  wired=1; compound=1; hidden=0; nouse=0; global=0; static=0; extern=0; dir=0; type=1; pingpong=0; private_global=0; MemPort=[13]; IO mode=ap_memory:ce=0
Port [ i]:  wired=1; compound=0; hidden=0; nouse=0; global=0; static=0; extern=0; dir=0; type=0; pingpong=0; private_global=0; IO mode=ap_none:ce=0
Port [ coeff]:  wired=1; compound=1; hidden=0; nouse=0; global=0; static=0; extern=0; dir=0; type=1; pingpong=0; private_global=0; MemPort=[13]; IO mode=ap_memory:ce=0
Port [ v_108_out]:  wired=1; compound=0; hidden=0; nouse=0; global=0; static=0; extern=0; dir=1; type=0; pingpong=0; private_global=0; IO mode=ap_vld:ce=0
Port [ u_77_out]:  wired=1; compound=0; hidden=0; nouse=0; global=0; static=0; extern=0; dir=2; type=0; pingpong=0; private_global=0; IO mode=ap_ovld:ce=0
Port [ t_out]:  wired=1; compound=0; hidden=0; nouse=0; global=0; static=0; extern=0; dir=2; type=0; pingpong=0; private_global=0; IO mode=ap_ovld:ce=0
---------------- STG Properties END ------------------

---------------- Datapath Model BEGIN ----------------

<LifeTime>
<method=bitvector/>
v_108                      (alloca                ) [ 0111110]
j                          (alloca                ) [ 0100000]
specbramwithbyteenable_ln0 (specbramwithbyteenable) [ 0000000]
i_read                     (read                  ) [ 0000000]
indvars_iv31_read          (read                  ) [ 0000000]
zext_ln143_read            (read                  ) [ 0000000]
v_017_read                 (read                  ) [ 0000000]
i_cast                     (zext                  ) [ 0000000]
zext_ln143_cast            (zext                  ) [ 0000000]
store_ln139                (store                 ) [ 0000000]
store_ln140                (store                 ) [ 0000000]
store_ln140                (store                 ) [ 0000000]
store_ln140                (store                 ) [ 0000000]
br_ln0                     (br                    ) [ 0000000]
j_21                       (load                  ) [ 0000000]
icmp_ln145                 (icmp                  ) [ 0111110]
add_ln145                  (add                   ) [ 0000000]
br_ln145                   (br                    ) [ 0000000]
zext_ln145                 (zext                  ) [ 0000000]
a_addr                     (getelementptr         ) [ 0110000]
sub_ln146                  (sub                   ) [ 0000000]
bit_sel2                   (bitselect             ) [ 0000000]
xor_ln146                  (xor                   ) [ 0000000]
trunc_ln146_3              (trunc                 ) [ 0000000]
tmp                        (bitconcatenate        ) [ 0000000]
zext_ln146_3               (zext                  ) [ 0000000]
coeff_addr                 (getelementptr         ) [ 0110000]
store_ln139                (store                 ) [ 0000000]
a_load                     (load                  ) [ 0000000]
al                         (trunc                 ) [ 0101000]
coeff_load                 (load                  ) [ 0000000]
bl                         (trunc                 ) [ 0101000]
ah                         (partselect            ) [ 0101000]
bh                         (partselect            ) [ 0101000]
zext_ln105                 (zext                  ) [ 0000000]
zext_ln110                 (zext                  ) [ 0000000]
zext_ln105_79              (zext                  ) [ 0000000]
zext_ln112                 (zext                  ) [ 0000000]
albl                       (mul                   ) [ 0000000]
trunc_ln106                (trunc                 ) [ 0100110]
albh                       (mul                   ) [ 0000000]
trunc_ln106_117            (trunc                 ) [ 0100100]
ahbl                       (mul                   ) [ 0000000]
trunc_ln106_118            (trunc                 ) [ 0100100]
ahbh                       (mul                   ) [ 0000000]
trunc_ln106_119            (trunc                 ) [ 0100110]
tmp_188                    (partselect            ) [ 0100100]
tmp_190                    (partselect            ) [ 0100110]
tmp_191                    (partselect            ) [ 0100100]
tmp_192                    (partselect            ) [ 0100110]
zext_ln106                 (zext                  ) [ 0000000]
zext_ln123                 (zext                  ) [ 0000000]
zext_ln123_69              (zext                  ) [ 0000000]
add_ln123                  (add                   ) [ 0000000]
zext_ln123_70              (zext                  ) [ 0000000]
temp                       (add                   ) [ 0000000]
tmp_189                    (partselect            ) [ 0000000]
zext_ln106_82              (zext                  ) [ 0000000]
trunc_ln125                (trunc                 ) [ 0100010]
zext_ln106_83              (zext                  ) [ 0000000]
zext_ln106_84              (zext                  ) [ 0000000]
zext_ln130                 (zext                  ) [ 0000000]
add_ln130                  (add                   ) [ 0100010]
add_ln130_81               (add                   ) [ 0100010]
trunc_ln130                (trunc                 ) [ 0100010]
v_108_load                 (load                  ) [ 0000000]
shl_ln                     (bitconcatenate        ) [ 0000000]
add_ln130_82               (add                   ) [ 0000000]
zext_ln130_69              (zext                  ) [ 0000000]
zext_ln130_70              (zext                  ) [ 0000000]
add_ln105                  (add                   ) [ 0000000]
temp_41                    (add                   ) [ 0000000]
and_ln                     (bitconcatenate        ) [ 0000000]
tmp_193                    (partselect            ) [ 0000000]
and_ln133_s                (bitconcatenate        ) [ 0000000]
zext_ln133                 (zext                  ) [ 0000000]
add_ln133                  (add                   ) [ 0100001]
or_ln                      (bitconcatenate        ) [ 0000000]
v_128                      (add                   ) [ 0000000]
xor_ln105                  (xor                   ) [ 0000000]
xor_ln105_21               (xor                   ) [ 0000000]
or_ln105                   (or                    ) [ 0000000]
xor_ln105_22               (xor                   ) [ 0000000]
carry                      (bitselect             ) [ 0000000]
zext_ln105_80              (zext                  ) [ 0000000]
tmp_s                      (partselect            ) [ 0000000]
or_ln6                     (bitconcatenate        ) [ 0000000]
tempReg                    (add                   ) [ 0100001]
store_ln140                (store                 ) [ 0000000]
t_out_load                 (load                  ) [ 0000000]
u_77_out_load              (load                  ) [ 0000000]
specpipeline_ln139         (specpipeline          ) [ 0000000]
speclooptripcount_ln139    (speclooptripcount     ) [ 0000000]
specloopname_ln145         (specloopname          ) [ 0000000]
v                          (add                   ) [ 0000000]
xor_ln148                  (xor                   ) [ 0000000]
xor_ln148_13               (xor                   ) [ 0000000]
or_ln148                   (or                    ) [ 0000000]
bit_sel                    (bitselect             ) [ 0000000]
xor_ln148_16               (xor                   ) [ 0000000]
trunc_ln148                (trunc                 ) [ 0000000]
xor_ln148_s                (bitconcatenate        ) [ 0000000]
and_ln148                  (and                   ) [ 0000000]
xor_ln148_15               (xor                   ) [ 0000000]
or_ln148_6                 (or                    ) [ 0000000]
tmp_128                    (bitselect             ) [ 0000000]
zext_ln149                 (zext                  ) [ 0000000]
u                          (add                   ) [ 0000000]
store_ln140                (store                 ) [ 0000000]
store_ln140                (store                 ) [ 0000000]
br_ln145                   (br                    ) [ 0000000]
v_108_load_1               (load                  ) [ 0000000]
write_ln0                  (write                 ) [ 0000000]
ret_ln0                    (ret                   ) [ 0000000]
</LifeTime>

<model>

<comp_list>
<comp id="0" class="1000" name="v_017">
<pin_list>
<pin id="1" dir="1" index="0" bw="1" slack="0"/>
</pin_list>
<bind>
<StgValue><ssdm name="v_017"/></StgValue>
</bind>
</comp>

<comp id="2" class="1000" name="zext_ln143">
<pin_list>
<pin id="3" dir="1" index="0" bw="1" slack="0"/>
</pin_list>
<bind>
<StgValue><ssdm name="zext_ln143"/></StgValue>
</bind>
</comp>

<comp id="4" class="1000" name="indvars_iv31">
<pin_list>
<pin id="5" dir="1" index="0" bw="1" slack="0"/>
</pin_list>
<bind>
<StgValue><ssdm name="indvars_iv31"/></StgValue>
</bind>
</comp>

<comp id="6" class="1000" name="a">
<pin_list>
<pin id="7" dir="1" index="0" bw="1" slack="0"/>
</pin_list>
<bind>
<StgValue><ssdm name="a"/><MemPortTyVec>1 3 </MemPortTyVec>
</StgValue>
</bind>
</comp>

<comp id="8" class="1000" name="i">
<pin_list>
<pin id="9" dir="1" index="0" bw="1" slack="0"/>
</pin_list>
<bind>
<StgValue><ssdm name="i"/></StgValue>
</bind>
</comp>

<comp id="10" class="1000" name="coeff">
<pin_list>
<pin id="11" dir="1" index="0" bw="1" slack="0"/>
</pin_list>
<bind>
<StgValue><ssdm name="coeff"/><MemPortTyVec>1 3 </MemPortTyVec>
</StgValue>
</bind>
</comp>

<comp id="12" class="1000" name="v_108_out">
<pin_list>
<pin id="13" dir="1" index="0" bw="1" slack="0"/>
</pin_list>
<bind>
<StgValue><ssdm name="v_108_out"/></StgValue>
</bind>
</comp>

<comp id="14" class="1000" name="u_77_out">
<pin_list>
<pin id="15" dir="1" index="0" bw="1" slack="0"/>
</pin_list>
<bind>
<StgValue><ssdm name="u_77_out"/></StgValue>
</bind>
</comp>

<comp id="16" class="1000" name="t_out">
<pin_list>
<pin id="17" dir="1" index="0" bw="1" slack="0"/>
</pin_list>
<bind>
<StgValue><ssdm name="t_out"/></StgValue>
</bind>
</comp>

<comp id="18" class="1001" name="const_18">
<pin_list>
<pin id="19" dir="1" index="0" bw="1" slack="0"/>
</pin_list>
<bind>
<StgValue><ssdm name=""/></StgValue>
</bind>
</comp>

<comp id="20" class="1001" name="const_20">
<pin_list>
<pin id="21" dir="1" index="0" bw="1" slack="2147483647"/>
</pin_list>
<bind>
<StgValue><ssdm name="_ssdm_op_SpecBRAMWithByteEnable"/></StgValue>
</bind>
</comp>

<comp id="22" class="1001" name="const_22">
<pin_list>
<pin id="23" dir="1" index="0" bw="1" slack="0"/>
</pin_list>
<bind>
<StgValue><ssdm name="_ssdm_op_Read.ap_auto.i3"/></StgValue>
</bind>
</comp>

<comp id="24" class="1001" name="const_24">
<pin_list>
<pin id="25" dir="1" index="0" bw="1" slack="0"/>
</pin_list>
<bind>
<StgValue><ssdm name="_ssdm_op_Read.ap_auto.i4"/></StgValue>
</bind>
</comp>

<comp id="26" class="1001" name="const_26">
<pin_list>
<pin id="27" dir="1" index="0" bw="1" slack="0"/>
</pin_list>
<bind>
<StgValue><ssdm name="_ssdm_op_Read.ap_auto.i64"/></StgValue>
</bind>
</comp>

<comp id="28" class="1001" name="const_28">
<pin_list>
<pin id="29" dir="1" index="0" bw="1" slack="0"/>
</pin_list>
<bind>
<StgValue><ssdm name=""/></StgValue>
</bind>
</comp>

<comp id="30" class="1001" name="const_30">
<pin_list>
<pin id="31" dir="1" index="0" bw="1" slack="0"/>
</pin_list>
<bind>
<StgValue><ssdm name=""/></StgValue>
</bind>
</comp>

<comp id="32" class="1001" name="const_32">
<pin_list>
<pin id="33" dir="1" index="0" bw="1" slack="0"/>
</pin_list>
<bind>
<StgValue><ssdm name=""/></StgValue>
</bind>
</comp>

<comp id="34" class="1001" name="const_34">
<pin_list>
<pin id="35" dir="1" index="0" bw="1" slack="0"/>
</pin_list>
<bind>
<StgValue><ssdm name="_ssdm_op_BitSelect.i1.i4.i7"/></StgValue>
</bind>
</comp>

<comp id="36" class="1001" name="const_36">
<pin_list>
<pin id="37" dir="1" index="0" bw="1" slack="0"/>
</pin_list>
<bind>
<StgValue><ssdm name=""/></StgValue>
</bind>
</comp>

<comp id="38" class="1001" name="const_38">
<pin_list>
<pin id="39" dir="1" index="0" bw="1" slack="0"/>
</pin_list>
<bind>
<StgValue><ssdm name=""/></StgValue>
</bind>
</comp>

<comp id="40" class="1001" name="const_40">
<pin_list>
<pin id="41" dir="1" index="0" bw="1" slack="0"/>
</pin_list>
<bind>
<StgValue><ssdm name="_ssdm_op_BitConcatenate.i4.i1.i3"/></StgValue>
</bind>
</comp>

<comp id="42" class="1001" name="const_42">
<pin_list>
<pin id="43" dir="1" index="0" bw="1" slack="0"/>
</pin_list>
<bind>
<StgValue><ssdm name="_ssdm_op_PartSelect.i32.i64.i32.i32"/></StgValue>
</bind>
</comp>

<comp id="44" class="1001" name="const_44">
<pin_list>
<pin id="45" dir="1" index="0" bw="1" slack="0"/>
</pin_list>
<bind>
<StgValue><ssdm name=""/></StgValue>
</bind>
</comp>

<comp id="46" class="1001" name="const_46">
<pin_list>
<pin id="47" dir="1" index="0" bw="1" slack="0"/>
</pin_list>
<bind>
<StgValue><ssdm name=""/></StgValue>
</bind>
</comp>

<comp id="48" class="1001" name="const_48">
<pin_list>
<pin id="49" dir="1" index="0" bw="1" slack="0"/>
</pin_list>
<bind>
<StgValue><ssdm name="_ssdm_op_PartSelect.i2.i34.i32.i32"/></StgValue>
</bind>
</comp>

<comp id="50" class="1001" name="const_50">
<pin_list>
<pin id="51" dir="1" index="0" bw="1" slack="0"/>
</pin_list>
<bind>
<StgValue><ssdm name=""/></StgValue>
</bind>
</comp>

<comp id="52" class="1001" name="const_52">
<pin_list>
<pin id="53" dir="1" index="0" bw="1" slack="0"/>
</pin_list>
<bind>
<StgValue><ssdm name="_ssdm_op_BitConcatenate.i64.i32.i32"/></StgValue>
</bind>
</comp>

<comp id="54" class="1001" name="const_54">
<pin_list>
<pin id="55" dir="1" index="0" bw="1" slack="0"/>
</pin_list>
<bind>
<StgValue><ssdm name=""/></StgValue>
</bind>
</comp>

<comp id="56" class="1001" name="const_56">
<pin_list>
<pin id="57" dir="1" index="0" bw="1" slack="0"/>
</pin_list>
<bind>
<StgValue><ssdm name="_ssdm_op_BitConcatenate.i34.i2.i32"/></StgValue>
</bind>
</comp>

<comp id="58" class="1001" name="const_58">
<pin_list>
<pin id="59" dir="1" index="0" bw="1" slack="0"/>
</pin_list>
<bind>
<StgValue><ssdm name="_ssdm_op_BitSelect.i1.i64.i32"/></StgValue>
</bind>
</comp>

<comp id="60" class="1001" name="const_60">
<pin_list>
<pin id="61" dir="1" index="0" bw="1" slack="2147483647"/>
</pin_list>
<bind>
<StgValue><ssdm name="_ssdm_op_SpecPipeline"/></StgValue>
</bind>
</comp>

<comp id="62" class="1001" name="const_62">
<pin_list>
<pin id="63" dir="1" index="0" bw="1" slack="2147483647"/>
</pin_list>
<bind>
<StgValue><ssdm name=""/></StgValue>
</bind>
</comp>

<comp id="64" class="1001" name="const_64">
<pin_list>
<pin id="65" dir="1" index="0" bw="1" slack="2147483647"/>
</pin_list>
<bind>
<StgValue><ssdm name="empty_56"/></StgValue>
</bind>
</comp>

<comp id="66" class="1001" name="const_66">
<pin_list>
<pin id="67" dir="1" index="0" bw="1" slack="2147483647"/>
</pin_list>
<bind>
<StgValue><ssdm name="_ssdm_op_SpecLoopTripCount"/></StgValue>
</bind>
</comp>

<comp id="68" class="1001" name="const_68">
<pin_list>
<pin id="69" dir="1" index="0" bw="1" slack="2147483647"/>
</pin_list>
<bind>
<StgValue><ssdm name=""/></StgValue>
</bind>
</comp>

<comp id="70" class="1001" name="const_70">
<pin_list>
<pin id="71" dir="1" index="0" bw="1" slack="2147483647"/>
</pin_list>
<bind>
<StgValue><ssdm name=""/></StgValue>
</bind>
</comp>

<comp id="72" class="1001" name="const_72">
<pin_list>
<pin id="73" dir="1" index="0" bw="1" slack="2147483647"/>
</pin_list>
<bind>
<StgValue><ssdm name=""/></StgValue>
</bind>
</comp>

<comp id="74" class="1001" name="const_74">
<pin_list>
<pin id="75" dir="1" index="0" bw="1" slack="2147483647"/>
</pin_list>
<bind>
<StgValue><ssdm name="_ssdm_op_SpecLoopName"/></StgValue>
</bind>
</comp>

<comp id="76" class="1001" name="const_76">
<pin_list>
<pin id="77" dir="1" index="0" bw="1" slack="2147483647"/>
</pin_list>
<bind>
<StgValue><ssdm name="empty_81"/></StgValue>
</bind>
</comp>

<comp id="78" class="1001" name="const_78">
<pin_list>
<pin id="79" dir="1" index="0" bw="1" slack="0"/>
</pin_list>
<bind>
<StgValue><ssdm name="_ssdm_op_BitSelect.i1.i64.i64"/></StgValue>
</bind>
</comp>

<comp id="80" class="1001" name="const_80">
<pin_list>
<pin id="81" dir="1" index="0" bw="1" slack="0"/>
</pin_list>
<bind>
<StgValue><ssdm name=""/></StgValue>
</bind>
</comp>

<comp id="82" class="1001" name="const_82">
<pin_list>
<pin id="83" dir="1" index="0" bw="1" slack="0"/>
</pin_list>
<bind>
<StgValue><ssdm name="_ssdm_op_BitConcatenate.i64.i1.i63"/></StgValue>
</bind>
</comp>

<comp id="84" class="1001" name="const_84">
<pin_list>
<pin id="85" dir="1" index="0" bw="1" slack="0"/>
</pin_list>
<bind>
<StgValue><ssdm name="_ssdm_op_Write.ap_auto.i64P0A"/></StgValue>
</bind>
</comp>

<comp id="86" class="1004" name="v_108_fu_86">
<pin_list>
<pin id="87" dir="0" index="0" bw="1" slack="0"/>
<pin id="88" dir="1" index="1" bw="64" slack="0"/>
</pin_list>
<bind>
<opcode="alloca(26) " fcode="alloca"/>
<opset="v_108/1 "/>
</bind>
</comp>

<comp id="90" class="1004" name="j_fu_90">
<pin_list>
<pin id="91" dir="0" index="0" bw="1" slack="0"/>
<pin id="92" dir="1" index="1" bw="4" slack="0"/>
</pin_list>
<bind>
<opcode="alloca(26) " fcode="alloca"/>
<opset="j/1 "/>
</bind>
</comp>

<comp id="94" class="1004" name="i_read_read_fu_94">
<pin_list>
<pin id="95" dir="0" index="0" bw="3" slack="0"/>
<pin id="96" dir="0" index="1" bw="3" slack="0"/>
<pin id="97" dir="1" index="2" bw="3" slack="0"/>
</pin_list>
<bind>
<opcode="read(1150) " fcode="read"/>
<opset="i_read/1 "/>
</bind>
</comp>

<comp id="100" class="1004" name="indvars_iv31_read_read_fu_100">
<pin_list>
<pin id="101" dir="0" index="0" bw="4" slack="0"/>
<pin id="102" dir="0" index="1" bw="4" slack="0"/>
<pin id="103" dir="1" index="2" bw="4" slack="0"/>
</pin_list>
<bind>
<opcode="read(1150) " fcode="read"/>
<opset="indvars_iv31_read/1 "/>
</bind>
</comp>

<comp id="106" class="1004" name="zext_ln143_read_read_fu_106">
<pin_list>
<pin id="107" dir="0" index="0" bw="4" slack="0"/>
<pin id="108" dir="0" index="1" bw="4" slack="0"/>
<pin id="109" dir="1" index="2" bw="4" slack="0"/>
</pin_list>
<bind>
<opcode="read(1150) " fcode="read"/>
<opset="zext_ln143_read/1 "/>
</bind>
</comp>

<comp id="112" class="1004" name="v_017_read_read_fu_112">
<pin_list>
<pin id="113" dir="0" index="0" bw="64" slack="0"/>
<pin id="114" dir="0" index="1" bw="64" slack="0"/>
<pin id="115" dir="1" index="2" bw="64" slack="0"/>
</pin_list>
<bind>
<opcode="read(1150) " fcode="read"/>
<opset="v_017_read/1 "/>
</bind>
</comp>

<comp id="118" class="1004" name="write_ln0_write_fu_118">
<pin_list>
<pin id="119" dir="0" index="0" bw="0" slack="0"/>
<pin id="120" dir="0" index="1" bw="64" slack="0"/>
<pin id="121" dir="0" index="2" bw="64" slack="0"/>
<pin id="122" dir="1" index="3" bw="0" slack="2147483647"/>
</pin_list>
<bind>
<opcode="write(1151) " fcode="write"/>
<opset="write_ln0/5 "/>
</bind>
</comp>

<comp id="125" class="1004" name="a_addr_gep_fu_125">
<pin_list>
<pin id="126" dir="0" index="0" bw="64" slack="0"/>
<pin id="127" dir="0" index="1" bw="1" slack="0"/>
<pin id="128" dir="0" index="2" bw="4" slack="0"/>
<pin id="129" dir="1" index="3" bw="3" slack="0"/>
</pin_list>
<bind>
<opcode="getelementptr(29) " fcode="getelementptr"/>
<opset="a_addr/1 "/>
</bind>
</comp>

<comp id="132" class="1004" name="grp_access_fu_132">
<pin_list>
<pin id="133" dir="0" index="0" bw="3" slack="0"/>
<pin id="134" dir="0" index="1" bw="64" slack="2147483647"/>
<pin id="135" dir="0" index="2" bw="0" slack="2147483647"/>
<pin id="136" dir="1" index="3" bw="64" slack="0"/>
</pin_list>
<bind>
<opcode="load(27) " fcode="load"/>
<opset="a_load/1 "/>
</bind>
</comp>

<comp id="138" class="1004" name="coeff_addr_gep_fu_138">
<pin_list>
<pin id="139" dir="0" index="0" bw="64" slack="0"/>
<pin id="140" dir="0" index="1" bw="1" slack="0"/>
<pin id="141" dir="0" index="2" bw="4" slack="0"/>
<pin id="142" dir="1" index="3" bw="6" slack="0"/>
</pin_list>
<bind>
<opcode="getelementptr(29) " fcode="getelementptr"/>
<opset="coeff_addr/1 "/>
</bind>
</comp>

<comp id="145" class="1004" name="grp_access_fu_145">
<pin_list>
<pin id="146" dir="0" index="0" bw="6" slack="0"/>
<pin id="147" dir="0" index="1" bw="64" slack="2147483647"/>
<pin id="148" dir="0" index="2" bw="0" slack="2147483647"/>
<pin id="149" dir="1" index="3" bw="64" slack="0"/>
</pin_list>
<bind>
<opcode="load(27) " fcode="load"/>
<opset="coeff_load/1 "/>
</bind>
</comp>

<comp id="151" class="1004" name="albl_fu_151">
<pin_list>
<pin id="152" dir="0" index="0" bw="32" slack="0"/>
<pin id="153" dir="0" index="1" bw="32" slack="0"/>
<pin id="154" dir="1" index="2" bw="64" slack="0"/>
</pin_list>
<bind>
<opcode="mul(12) " fcode="mul"/>
<opset="albl/3 "/>
</bind>
</comp>

<comp id="155" class="1004" name="albh_fu_155">
<pin_list>
<pin id="156" dir="0" index="0" bw="32" slack="0"/>
<pin id="157" dir="0" index="1" bw="32" slack="0"/>
<pin id="158" dir="1" index="2" bw="64" slack="0"/>
</pin_list>
<bind>
<opcode="mul(12) " fcode="mul"/>
<opset="albh/3 "/>
</bind>
</comp>

<comp id="159" class="1004" name="ahbl_fu_159">
<pin_list>
<pin id="160" dir="0" index="0" bw="32" slack="0"/>
<pin id="161" dir="0" index="1" bw="32" slack="0"/>
<pin id="162" dir="1" index="2" bw="64" slack="0"/>
</pin_list>
<bind>
<opcode="mul(12) " fcode="mul"/>
<opset="ahbl/3 "/>
</bind>
</comp>

<comp id="163" class="1004" name="ahbh_fu_163">
<pin_list>
<pin id="164" dir="0" index="0" bw="32" slack="0"/>
<pin id="165" dir="0" index="1" bw="32" slack="0"/>
<pin id="166" dir="1" index="2" bw="64" slack="0"/>
</pin_list>
<bind>
<opcode="mul(12) " fcode="mul"/>
<opset="ahbh/3 "/>
</bind>
</comp>

<comp id="167" class="1004" name="i_cast_fu_167">
<pin_list>
<pin id="168" dir="0" index="0" bw="3" slack="0"/>
<pin id="169" dir="1" index="1" bw="4" slack="0"/>
</pin_list>
<bind>
<opcode="zext(34) " fcode="zext"/>
<opset="i_cast/1 "/>
</bind>
</comp>

<comp id="171" class="1004" name="zext_ln143_cast_fu_171">
<pin_list>
<pin id="172" dir="0" index="0" bw="4" slack="0"/>
<pin id="173" dir="1" index="1" bw="64" slack="0"/>
</pin_list>
<bind>
<opcode="zext(34) " fcode="zext"/>
<opset="zext_ln143_cast/1 "/>
</bind>
</comp>

<comp id="175" class="1004" name="store_ln139_store_fu_175">
<pin_list>
<pin id="176" dir="0" index="0" bw="1" slack="0"/>
<pin id="177" dir="0" index="1" bw="4" slack="0"/>
<pin id="178" dir="1" index="2" bw="0" slack="2147483647"/>
</pin_list>
<bind>
<opcode="store(28) " fcode="store"/>
<opset="store_ln139/1 "/>
</bind>
</comp>

<comp id="180" class="1004" name="store_ln140_store_fu_180">
<pin_list>
<pin id="181" dir="0" index="0" bw="64" slack="0"/>
<pin id="182" dir="0" index="1" bw="64" slack="0"/>
<pin id="183" dir="1" index="2" bw="0" slack="2147483647"/>
</pin_list>
<bind>
<opcode="store(28) " fcode="store"/>
<opset="store_ln140/1 "/>
</bind>
</comp>

<comp id="185" class="1004" name="store_ln140_store_fu_185">
<pin_list>
<pin id="186" dir="0" index="0" bw="4" slack="0"/>
<pin id="187" dir="0" index="1" bw="64" slack="0"/>
<pin id="188" dir="1" index="2" bw="0" slack="2147483647"/>
</pin_list>
<bind>
<opcode="store(28) " fcode="store"/>
<opset="store_ln140/1 "/>
</bind>
</comp>

<comp id="191" class="1004" name="store_ln140_store_fu_191">
<pin_list>
<pin id="192" dir="0" index="0" bw="1" slack="0"/>
<pin id="193" dir="0" index="1" bw="4" slack="0"/>
<pin id="194" dir="1" index="2" bw="0" slack="2147483647"/>
</pin_list>
<bind>
<opcode="store(28) " fcode="store"/>
<opset="store_ln140/1 "/>
</bind>
</comp>

<comp id="197" class="1004" name="j_21_load_fu_197">
<pin_list>
<pin id="198" dir="0" index="0" bw="4" slack="0"/>
<pin id="199" dir="1" index="1" bw="4" slack="0"/>
</pin_list>
<bind>
<opcode="load(27) " fcode="load"/>
<opset="j_21/1 "/>
</bind>
</comp>

<comp id="200" class="1004" name="icmp_ln145_fu_200">
<pin_list>
<pin id="201" dir="0" index="0" bw="4" slack="0"/>
<pin id="202" dir="0" index="1" bw="4" slack="0"/>
<pin id="203" dir="1" index="2" bw="1" slack="4"/>
</pin_list>
<bind>
<opcode="icmp(45) " fcode="icmp"/>
<opset="icmp_ln145/1 "/>
</bind>
</comp>

<comp id="206" class="1004" name="add_ln145_fu_206">
<pin_list>
<pin id="207" dir="0" index="0" bw="4" slack="0"/>
<pin id="208" dir="0" index="1" bw="1" slack="0"/>
<pin id="209" dir="1" index="2" bw="4" slack="0"/>
</pin_list>
<bind>
<opcode="add(8) " fcode="add"/>
<opset="add_ln145/1 "/>
</bind>
</comp>

<comp id="212" class="1004" name="zext_ln145_fu_212">
<pin_list>
<pin id="213" dir="0" index="0" bw="4" slack="0"/>
<pin id="214" dir="1" index="1" bw="64" slack="0"/>
</pin_list>
<bind>
<opcode="zext(34) " fcode="zext"/>
<opset="zext_ln145/1 "/>
</bind>
</comp>

<comp id="217" class="1004" name="sub_ln146_fu_217">
<pin_list>
<pin id="218" dir="0" index="0" bw="3" slack="0"/>
<pin id="219" dir="0" index="1" bw="4" slack="0"/>
<pin id="220" dir="1" index="2" bw="4" slack="0"/>
</pin_list>
<bind>
<opcode="sub(10) " fcode="sub"/>
<opset="sub_ln146/1 "/>
</bind>
</comp>

<comp id="223" class="1004" name="bit_sel2_fu_223">
<pin_list>
<pin id="224" dir="0" index="0" bw="1" slack="0"/>
<pin id="225" dir="0" index="1" bw="4" slack="0"/>
<pin id="226" dir="0" index="2" bw="3" slack="0"/>
<pin id="227" dir="1" index="3" bw="1" slack="0"/>
</pin_list>
<bind>
<opcode="bitselect(1000) " fcode="bitselect"/>
<opset="bit_sel2/1 "/>
</bind>
</comp>

<comp id="231" class="1004" name="xor_ln146_fu_231">
<pin_list>
<pin id="232" dir="0" index="0" bw="1" slack="0"/>
<pin id="233" dir="0" index="1" bw="1" slack="0"/>
<pin id="234" dir="1" index="2" bw="1" slack="0"/>
</pin_list>
<bind>
<opcode="xor(25) " fcode="xor"/>
<opset="xor_ln146/1 "/>
</bind>
</comp>

<comp id="237" class="1004" name="trunc_ln146_3_fu_237">
<pin_list>
<pin id="238" dir="0" index="0" bw="4" slack="0"/>
<pin id="239" dir="1" index="1" bw="3" slack="0"/>
</pin_list>
<bind>
<opcode="trunc(33) " fcode="trunc"/>
<opset="trunc_ln146_3/1 "/>
</bind>
</comp>

<comp id="241" class="1004" name="tmp_fu_241">
<pin_list>
<pin id="242" dir="0" index="0" bw="4" slack="0"/>
<pin id="243" dir="0" index="1" bw="1" slack="0"/>
<pin id="244" dir="0" index="2" bw="3" slack="0"/>
<pin id="245" dir="1" index="3" bw="4" slack="0"/>
</pin_list>
<bind>
<opcode="bitconcatenate(1004) " fcode="bitconcatenate"/>
<opset="tmp/1 "/>
</bind>
</comp>

<comp id="249" class="1004" name="zext_ln146_3_fu_249">
<pin_list>
<pin id="250" dir="0" index="0" bw="4" slack="0"/>
<pin id="251" dir="1" index="1" bw="64" slack="0"/>
</pin_list>
<bind>
<opcode="zext(34) " fcode="zext"/>
<opset="zext_ln146_3/1 "/>
</bind>
</comp>

<comp id="254" class="1004" name="store_ln139_store_fu_254">
<pin_list>
<pin id="255" dir="0" index="0" bw="4" slack="0"/>
<pin id="256" dir="0" index="1" bw="4" slack="0"/>
<pin id="257" dir="1" index="2" bw="0" slack="2147483647"/>
</pin_list>
<bind>
<opcode="store(28) " fcode="store"/>
<opset="store_ln139/1 "/>
</bind>
</comp>

<comp id="259" class="1004" name="al_fu_259">
<pin_list>
<pin id="260" dir="0" index="0" bw="64" slack="0"/>
<pin id="261" dir="1" index="1" bw="32" slack="1"/>
</pin_list>
<bind>
<opcode="trunc(33) " fcode="trunc"/>
<opset="al/2 "/>
</bind>
</comp>

<comp id="263" class="1004" name="bl_fu_263">
<pin_list>
<pin id="264" dir="0" index="0" bw="64" slack="0"/>
<pin id="265" dir="1" index="1" bw="32" slack="1"/>
</pin_list>
<bind>
<opcode="trunc(33) " fcode="trunc"/>
<opset="bl/2 "/>
</bind>
</comp>

<comp id="267" class="1004" name="ah_fu_267">
<pin_list>
<pin id="268" dir="0" index="0" bw="32" slack="0"/>
<pin id="269" dir="0" index="1" bw="64" slack="0"/>
<pin id="270" dir="0" index="2" bw="7" slack="0"/>
<pin id="271" dir="0" index="3" bw="7" slack="0"/>
<pin id="272" dir="1" index="4" bw="32" slack="1"/>
</pin_list>
<bind>
<opcode="partselect(1002) " fcode="partselect"/>
<opset="ah/2 "/>
</bind>
</comp>

<comp id="277" class="1004" name="bh_fu_277">
<pin_list>
<pin id="278" dir="0" index="0" bw="32" slack="0"/>
<pin id="279" dir="0" index="1" bw="64" slack="0"/>
<pin id="280" dir="0" index="2" bw="7" slack="0"/>
<pin id="281" dir="0" index="3" bw="7" slack="0"/>
<pin id="282" dir="1" index="4" bw="32" slack="1"/>
</pin_list>
<bind>
<opcode="partselect(1002) " fcode="partselect"/>
<opset="bh/2 "/>
</bind>
</comp>

<comp id="287" class="1004" name="zext_ln105_fu_287">
<pin_list>
<pin id="288" dir="0" index="0" bw="32" slack="1"/>
<pin id="289" dir="1" index="1" bw="64" slack="0"/>
</pin_list>
<bind>
<opcode="zext(34) " fcode="zext"/>
<opset="zext_ln105/3 "/>
</bind>
</comp>

<comp id="292" class="1004" name="zext_ln110_fu_292">
<pin_list>
<pin id="293" dir="0" index="0" bw="32" slack="1"/>
<pin id="294" dir="1" index="1" bw="64" slack="0"/>
</pin_list>
<bind>
<opcode="zext(34) " fcode="zext"/>
<opset="zext_ln110/3 "/>
</bind>
</comp>

<comp id="297" class="1004" name="zext_ln105_79_fu_297">
<pin_list>
<pin id="298" dir="0" index="0" bw="32" slack="1"/>
<pin id="299" dir="1" index="1" bw="64" slack="0"/>
</pin_list>
<bind>
<opcode="zext(34) " fcode="zext"/>
<opset="zext_ln105_79/3 "/>
</bind>
</comp>

<comp id="302" class="1004" name="zext_ln112_fu_302">
<pin_list>
<pin id="303" dir="0" index="0" bw="32" slack="1"/>
<pin id="304" dir="1" index="1" bw="64" slack="0"/>
</pin_list>
<bind>
<opcode="zext(34) " fcode="zext"/>
<opset="zext_ln112/3 "/>
</bind>
</comp>

<comp id="307" class="1004" name="trunc_ln106_fu_307">
<pin_list>
<pin id="308" dir="0" index="0" bw="64" slack="0"/>
<pin id="309" dir="1" index="1" bw="32" slack="2"/>
</pin_list>
<bind>
<opcode="trunc(33) " fcode="trunc"/>
<opset="trunc_ln106/3 "/>
</bind>
</comp>

<comp id="311" class="1004" name="trunc_ln106_117_fu_311">
<pin_list>
<pin id="312" dir="0" index="0" bw="64" slack="0"/>
<pin id="313" dir="1" index="1" bw="32" slack="1"/>
</pin_list>
<bind>
<opcode="trunc(33) " fcode="trunc"/>
<opset="trunc_ln106_117/3 "/>
</bind>
</comp>

<comp id="315" class="1004" name="trunc_ln106_118_fu_315">
<pin_list>
<pin id="316" dir="0" index="0" bw="64" slack="0"/>
<pin id="317" dir="1" index="1" bw="32" slack="1"/>
</pin_list>
<bind>
<opcode="trunc(33) " fcode="trunc"/>
<opset="trunc_ln106_118/3 "/>
</bind>
</comp>

<comp id="319" class="1004" name="trunc_ln106_119_fu_319">
<pin_list>
<pin id="320" dir="0" index="0" bw="64" slack="0"/>
<pin id="321" dir="1" index="1" bw="32" slack="1"/>
</pin_list>
<bind>
<opcode="trunc(33) " fcode="trunc"/>
<opset="trunc_ln106_119/3 "/>
</bind>
</comp>

<comp id="323" class="1004" name="tmp_188_fu_323">
<pin_list>
<pin id="324" dir="0" index="0" bw="32" slack="0"/>
<pin id="325" dir="0" index="1" bw="64" slack="0"/>
<pin id="326" dir="0" index="2" bw="7" slack="0"/>
<pin id="327" dir="0" index="3" bw="7" slack="0"/>
<pin id="328" dir="1" index="4" bw="32" slack="1"/>
</pin_list>
<bind>
<opcode="partselect(1002) " fcode="partselect"/>
<opset="tmp_188/3 "/>
</bind>
</comp>

<comp id="333" class="1004" name="tmp_190_fu_333">
<pin_list>
<pin id="334" dir="0" index="0" bw="32" slack="0"/>
<pin id="335" dir="0" index="1" bw="64" slack="0"/>
<pin id="336" dir="0" index="2" bw="7" slack="0"/>
<pin id="337" dir="0" index="3" bw="7" slack="0"/>
<pin id="338" dir="1" index="4" bw="32" slack="1"/>
</pin_list>
<bind>
<opcode="partselect(1002) " fcode="partselect"/>
<opset="tmp_190/3 "/>
</bind>
</comp>

<comp id="343" class="1004" name="tmp_191_fu_343">
<pin_list>
<pin id="344" dir="0" index="0" bw="32" slack="0"/>
<pin id="345" dir="0" index="1" bw="64" slack="0"/>
<pin id="346" dir="0" index="2" bw="7" slack="0"/>
<pin id="347" dir="0" index="3" bw="7" slack="0"/>
<pin id="348" dir="1" index="4" bw="32" slack="1"/>
</pin_list>
<bind>
<opcode="partselect(1002) " fcode="partselect"/>
<opset="tmp_191/3 "/>
</bind>
</comp>

<comp id="353" class="1004" name="tmp_192_fu_353">
<pin_list>
<pin id="354" dir="0" index="0" bw="32" slack="0"/>
<pin id="355" dir="0" index="1" bw="64" slack="0"/>
<pin id="356" dir="0" index="2" bw="7" slack="0"/>
<pin id="357" dir="0" index="3" bw="7" slack="0"/>
<pin id="358" dir="1" index="4" bw="32" slack="2"/>
</pin_list>
<bind>
<opcode="partselect(1002) " fcode="partselect"/>
<opset="tmp_192/3 "/>
</bind>
</comp>

<comp id="363" class="1004" name="zext_ln106_fu_363">
<pin_list>
<pin id="364" dir="0" index="0" bw="32" slack="1"/>
<pin id="365" dir="1" index="1" bw="34" slack="0"/>
</pin_list>
<bind>
<opcode="zext(34) " fcode="zext"/>
<opset="zext_ln106/4 "/>
</bind>
</comp>

<comp id="366" class="1004" name="zext_ln123_fu_366">
<pin_list>
<pin id="367" dir="0" index="0" bw="32" slack="1"/>
<pin id="368" dir="1" index="1" bw="33" slack="0"/>
</pin_list>
<bind>
<opcode="zext(34) " fcode="zext"/>
<opset="zext_ln123/4 "/>
</bind>
</comp>

<comp id="369" class="1004" name="zext_ln123_69_fu_369">
<pin_list>
<pin id="370" dir="0" index="0" bw="32" slack="1"/>
<pin id="371" dir="1" index="1" bw="33" slack="0"/>
</pin_list>
<bind>
<opcode="zext(34) " fcode="zext"/>
<opset="zext_ln123_69/4 "/>
</bind>
</comp>

<comp id="372" class="1004" name="add_ln123_fu_372">
<pin_list>
<pin id="373" dir="0" index="0" bw="32" slack="0"/>
<pin id="374" dir="0" index="1" bw="32" slack="0"/>
<pin id="375" dir="1" index="2" bw="33" slack="0"/>
</pin_list>
<bind>
<opcode="add(8) " fcode="add"/>
<opset="add_ln123/4 "/>
</bind>
</comp>

<comp id="378" class="1004" name="zext_ln123_70_fu_378">
<pin_list>
<pin id="379" dir="0" index="0" bw="33" slack="0"/>
<pin id="380" dir="1" index="1" bw="34" slack="0"/>
</pin_list>
<bind>
<opcode="zext(34) " fcode="zext"/>
<opset="zext_ln123_70/4 "/>
</bind>
</comp>

<comp id="382" class="1004" name="temp_fu_382">
<pin_list>
<pin id="383" dir="0" index="0" bw="33" slack="0"/>
<pin id="384" dir="0" index="1" bw="32" slack="0"/>
<pin id="385" dir="1" index="2" bw="34" slack="0"/>
</pin_list>
<bind>
<opcode="add(8) " fcode="add"/>
<opset="temp/4 "/>
</bind>
</comp>

<comp id="388" class="1004" name="tmp_189_fu_388">
<pin_list>
<pin id="389" dir="0" index="0" bw="2" slack="0"/>
<pin id="390" dir="0" index="1" bw="34" slack="0"/>
<pin id="391" dir="0" index="2" bw="7" slack="0"/>
<pin id="392" dir="0" index="3" bw="7" slack="0"/>
<pin id="393" dir="1" index="4" bw="2" slack="0"/>
</pin_list>
<bind>
<opcode="partselect(1002) " fcode="partselect"/>
<opset="tmp_189/4 "/>
</bind>
</comp>

<comp id="398" class="1004" name="zext_ln106_82_fu_398">
<pin_list>
<pin id="399" dir="0" index="0" bw="2" slack="0"/>
<pin id="400" dir="1" index="1" bw="33" slack="0"/>
</pin_list>
<bind>
<opcode="zext(34) " fcode="zext"/>
<opset="zext_ln106_82/4 "/>
</bind>
</comp>

<comp id="402" class="1004" name="trunc_ln125_fu_402">
<pin_list>
<pin id="403" dir="0" index="0" bw="34" slack="0"/>
<pin id="404" dir="1" index="1" bw="32" slack="1"/>
</pin_list>
<bind>
<opcode="trunc(33) " fcode="trunc"/>
<opset="trunc_ln125/4 "/>
</bind>
</comp>

<comp id="406" class="1004" name="zext_ln106_83_fu_406">
<pin_list>
<pin id="407" dir="0" index="0" bw="32" slack="1"/>
<pin id="408" dir="1" index="1" bw="33" slack="0"/>
</pin_list>
<bind>
<opcode="zext(34) " fcode="zext"/>
<opset="zext_ln106_83/4 "/>
</bind>
</comp>

<comp id="409" class="1004" name="zext_ln106_84_fu_409">
<pin_list>
<pin id="410" dir="0" index="0" bw="32" slack="1"/>
<pin id="411" dir="1" index="1" bw="33" slack="0"/>
</pin_list>
<bind>
<opcode="zext(34) " fcode="zext"/>
<opset="zext_ln106_84/4 "/>
</bind>
</comp>

<comp id="412" class="1004" name="zext_ln130_fu_412">
<pin_list>
<pin id="413" dir="0" index="0" bw="32" slack="1"/>
<pin id="414" dir="1" index="1" bw="33" slack="0"/>
</pin_list>
<bind>
<opcode="zext(34) " fcode="zext"/>
<opset="zext_ln130/4 "/>
</bind>
</comp>

<comp id="415" class="1004" name="add_ln130_fu_415">
<pin_list>
<pin id="416" dir="0" index="0" bw="32" slack="0"/>
<pin id="417" dir="0" index="1" bw="32" slack="0"/>
<pin id="418" dir="1" index="2" bw="33" slack="1"/>
</pin_list>
<bind>
<opcode="add(8) " fcode="add"/>
<opset="add_ln130/4 "/>
</bind>
</comp>

<comp id="421" class="1004" name="add_ln130_81_fu_421">
<pin_list>
<pin id="422" dir="0" index="0" bw="32" slack="0"/>
<pin id="423" dir="0" index="1" bw="2" slack="0"/>
<pin id="424" dir="1" index="2" bw="33" slack="0"/>
</pin_list>
<bind>
<opcode="add(8) " fcode="add"/>
<opset="add_ln130_81/4 "/>
</bind>
</comp>

<comp id="427" class="1004" name="trunc_ln130_fu_427">
<pin_list>
<pin id="428" dir="0" index="0" bw="33" slack="0"/>
<pin id="429" dir="1" index="1" bw="32" slack="1"/>
</pin_list>
<bind>
<opcode="trunc(33) " fcode="trunc"/>
<opset="trunc_ln130/4 "/>
</bind>
</comp>

<comp id="431" class="1004" name="v_108_load_load_fu_431">
<pin_list>
<pin id="432" dir="0" index="0" bw="64" slack="4"/>
<pin id="433" dir="1" index="1" bw="64" slack="0"/>
</pin_list>
<bind>
<opcode="load(27) " fcode="load"/>
<opset="v_108_load/5 "/>
</bind>
</comp>

<comp id="434" class="1004" name="shl_ln_fu_434">
<pin_list>
<pin id="435" dir="0" index="0" bw="64" slack="0"/>
<pin id="436" dir="0" index="1" bw="32" slack="1"/>
<pin id="437" dir="0" index="2" bw="1" slack="0"/>
<pin id="438" dir="1" index="3" bw="64" slack="0"/>
</pin_list>
<bind>
<opcode="bitconcatenate(1004) " fcode="bitconcatenate"/>
<opset="shl_ln/5 "/>
</bind>
</comp>

<comp id="441" class="1004" name="add_ln130_82_fu_441">
<pin_list>
<pin id="442" dir="0" index="0" bw="32" slack="2"/>
<pin id="443" dir="0" index="1" bw="32" slack="2"/>
<pin id="444" dir="1" index="2" bw="32" slack="0"/>
</pin_list>
<bind>
<opcode="add(8) " fcode="add"/>
<opset="add_ln130_82/5 "/>
</bind>
</comp>

<comp id="445" class="1004" name="zext_ln130_69_fu_445">
<pin_list>
<pin id="446" dir="0" index="0" bw="33" slack="1"/>
<pin id="447" dir="1" index="1" bw="34" slack="0"/>
</pin_list>
<bind>
<opcode="zext(34) " fcode="zext"/>
<opset="zext_ln130_69/5 "/>
</bind>
</comp>

<comp id="448" class="1004" name="zext_ln130_70_fu_448">
<pin_list>
<pin id="449" dir="0" index="0" bw="33" slack="1"/>
<pin id="450" dir="1" index="1" bw="34" slack="0"/>
</pin_list>
<bind>
<opcode="zext(34) " fcode="zext"/>
<opset="zext_ln130_70/5 "/>
</bind>
</comp>

<comp id="451" class="1004" name="add_ln105_fu_451">
<pin_list>
<pin id="452" dir="0" index="0" bw="32" slack="1"/>
<pin id="453" dir="0" index="1" bw="32" slack="0"/>
<pin id="454" dir="1" index="2" bw="32" slack="0"/>
</pin_list>
<bind>
<opcode="add(8) " fcode="add"/>
<opset="add_ln105/5 "/>
</bind>
</comp>

<comp id="456" class="1004" name="temp_41_fu_456">
<pin_list>
<pin id="457" dir="0" index="0" bw="33" slack="0"/>
<pin id="458" dir="0" index="1" bw="33" slack="0"/>
<pin id="459" dir="1" index="2" bw="34" slack="0"/>
</pin_list>
<bind>
<opcode="add(8) " fcode="add"/>
<opset="temp_41/5 "/>
</bind>
</comp>

<comp id="462" class="1004" name="and_ln_fu_462">
<pin_list>
<pin id="463" dir="0" index="0" bw="64" slack="0"/>
<pin id="464" dir="0" index="1" bw="32" slack="2"/>
<pin id="465" dir="0" index="2" bw="1" slack="0"/>
<pin id="466" dir="1" index="3" bw="64" slack="0"/>
</pin_list>
<bind>
<opcode="bitconcatenate(1004) " fcode="bitconcatenate"/>
<opset="and_ln/5 "/>
</bind>
</comp>

<comp id="469" class="1004" name="tmp_193_fu_469">
<pin_list>
<pin id="470" dir="0" index="0" bw="2" slack="0"/>
<pin id="471" dir="0" index="1" bw="34" slack="0"/>
<pin id="472" dir="0" index="2" bw="7" slack="0"/>
<pin id="473" dir="0" index="3" bw="7" slack="0"/>
<pin id="474" dir="1" index="4" bw="2" slack="0"/>
</pin_list>
<bind>
<opcode="partselect(1002) " fcode="partselect"/>
<opset="tmp_193/5 "/>
</bind>
</comp>

<comp id="479" class="1004" name="and_ln133_s_fu_479">
<pin_list>
<pin id="480" dir="0" index="0" bw="34" slack="0"/>
<pin id="481" dir="0" index="1" bw="2" slack="0"/>
<pin id="482" dir="0" index="2" bw="1" slack="0"/>
<pin id="483" dir="1" index="3" bw="34" slack="0"/>
</pin_list>
<bind>
<opcode="bitconcatenate(1004) " fcode="bitconcatenate"/>
<opset="and_ln133_s/5 "/>
</bind>
</comp>

<comp id="487" class="1004" name="zext_ln133_fu_487">
<pin_list>
<pin id="488" dir="0" index="0" bw="34" slack="0"/>
<pin id="489" dir="1" index="1" bw="64" slack="0"/>
</pin_list>
<bind>
<opcode="zext(34) " fcode="zext"/>
<opset="zext_ln133/5 "/>
</bind>
</comp>

<comp id="491" class="1004" name="add_ln133_fu_491">
<pin_list>
<pin id="492" dir="0" index="0" bw="34" slack="0"/>
<pin id="493" dir="0" index="1" bw="64" slack="0"/>
<pin id="494" dir="1" index="2" bw="64" slack="0"/>
</pin_list>
<bind>
<opcode="add(8) " fcode="add"/>
<opset="add_ln133/5 "/>
</bind>
</comp>

<comp id="497" class="1004" name="or_ln_fu_497">
<pin_list>
<pin id="498" dir="0" index="0" bw="64" slack="0"/>
<pin id="499" dir="0" index="1" bw="32" slack="1"/>
<pin id="500" dir="0" index="2" bw="32" slack="2"/>
<pin id="501" dir="1" index="3" bw="64" slack="0"/>
</pin_list>
<bind>
<opcode="bitconcatenate(1004) " fcode="bitconcatenate"/>
<opset="or_ln/5 "/>
</bind>
</comp>

<comp id="503" class="1004" name="v_128_fu_503">
<pin_list>
<pin id="504" dir="0" index="0" bw="64" slack="0"/>
<pin id="505" dir="0" index="1" bw="64" slack="0"/>
<pin id="506" dir="1" index="2" bw="64" slack="0"/>
</pin_list>
<bind>
<opcode="add(8) " fcode="add"/>
<opset="v_128/5 "/>
</bind>
</comp>

<comp id="509" class="1004" name="xor_ln105_fu_509">
<pin_list>
<pin id="510" dir="0" index="0" bw="64" slack="0"/>
<pin id="511" dir="0" index="1" bw="64" slack="0"/>
<pin id="512" dir="1" index="2" bw="64" slack="0"/>
</pin_list>
<bind>
<opcode="xor(25) " fcode="xor"/>
<opset="xor_ln105/5 "/>
</bind>
</comp>

<comp id="515" class="1004" name="xor_ln105_21_fu_515">
<pin_list>
<pin id="516" dir="0" index="0" bw="64" slack="0"/>
<pin id="517" dir="0" index="1" bw="64" slack="0"/>
<pin id="518" dir="1" index="2" bw="64" slack="0"/>
</pin_list>
<bind>
<opcode="xor(25) " fcode="xor"/>
<opset="xor_ln105_21/5 "/>
</bind>
</comp>

<comp id="521" class="1004" name="or_ln105_fu_521">
<pin_list>
<pin id="522" dir="0" index="0" bw="64" slack="0"/>
<pin id="523" dir="0" index="1" bw="64" slack="0"/>
<pin id="524" dir="1" index="2" bw="64" slack="0"/>
</pin_list>
<bind>
<opcode="or(24) " fcode="or"/>
<opset="or_ln105/5 "/>
</bind>
</comp>

<comp id="527" class="1004" name="xor_ln105_22_fu_527">
<pin_list>
<pin id="528" dir="0" index="0" bw="64" slack="0"/>
<pin id="529" dir="0" index="1" bw="64" slack="0"/>
<pin id="530" dir="1" index="2" bw="64" slack="0"/>
</pin_list>
<bind>
<opcode="xor(25) " fcode="xor"/>
<opset="xor_ln105_22/5 "/>
</bind>
</comp>

<comp id="533" class="1004" name="carry_fu_533">
<pin_list>
<pin id="534" dir="0" index="0" bw="1" slack="0"/>
<pin id="535" dir="0" index="1" bw="64" slack="0"/>
<pin id="536" dir="0" index="2" bw="7" slack="0"/>
<pin id="537" dir="1" index="3" bw="1" slack="0"/>
</pin_list>
<bind>
<opcode="bitselect(1000) " fcode="bitselect"/>
<opset="carry/5 "/>
</bind>
</comp>

<comp id="541" class="1004" name="zext_ln105_80_fu_541">
<pin_list>
<pin id="542" dir="0" index="0" bw="1" slack="0"/>
<pin id="543" dir="1" index="1" bw="64" slack="0"/>
</pin_list>
<bind>
<opcode="zext(34) " fcode="zext"/>
<opset="zext_ln105_80/5 "/>
</bind>
</comp>

<comp id="545" class="1004" name="tmp_s_fu_545">
<pin_list>
<pin id="546" dir="0" index="0" bw="32" slack="0"/>
<pin id="547" dir="0" index="1" bw="64" slack="0"/>
<pin id="548" dir="0" index="2" bw="7" slack="0"/>
<pin id="549" dir="0" index="3" bw="7" slack="0"/>
<pin id="550" dir="1" index="4" bw="32" slack="0"/>
</pin_list>
<bind>
<opcode="partselect(1002) " fcode="partselect"/>
<opset="tmp_s/5 "/>
</bind>
</comp>

<comp id="555" class="1004" name="or_ln6_fu_555">
<pin_list>
<pin id="556" dir="0" index="0" bw="64" slack="0"/>
<pin id="557" dir="0" index="1" bw="32" slack="0"/>
<pin id="558" dir="0" index="2" bw="32" slack="0"/>
<pin id="559" dir="1" index="3" bw="64" slack="0"/>
</pin_list>
<bind>
<opcode="bitconcatenate(1004) " fcode="bitconcatenate"/>
<opset="or_ln6/5 "/>
</bind>
</comp>

<comp id="563" class="1004" name="tempReg_fu_563">
<pin_list>
<pin id="564" dir="0" index="0" bw="64" slack="0"/>
<pin id="565" dir="0" index="1" bw="1" slack="0"/>
<pin id="566" dir="1" index="2" bw="64" slack="1"/>
</pin_list>
<bind>
<opcode="add(8) " fcode="add"/>
<opset="tempReg/5 "/>
</bind>
</comp>

<comp id="569" class="1004" name="store_ln140_store_fu_569">
<pin_list>
<pin id="570" dir="0" index="0" bw="64" slack="0"/>
<pin id="571" dir="0" index="1" bw="64" slack="4"/>
<pin id="572" dir="1" index="2" bw="0" slack="2147483647"/>
</pin_list>
<bind>
<opcode="store(28) " fcode="store"/>
<opset="store_ln140/5 "/>
</bind>
</comp>

<comp id="574" class="1004" name="t_out_load_load_fu_574">
<pin_list>
<pin id="575" dir="0" index="0" bw="4" slack="0"/>
<pin id="576" dir="1" index="1" bw="4" slack="0"/>
</pin_list>
<bind>
<opcode="load(27) " fcode="load"/>
<opset="t_out_load/6 "/>
</bind>
</comp>

<comp id="578" class="1004" name="u_77_out_load_load_fu_578">
<pin_list>
<pin id="579" dir="0" index="0" bw="64" slack="0"/>
<pin id="580" dir="1" index="1" bw="64" slack="0"/>
</pin_list>
<bind>
<opcode="load(27) " fcode="load"/>
<opset="u_77_out_load/6 "/>
</bind>
</comp>

<comp id="582" class="1004" name="v_fu_582">
<pin_list>
<pin id="583" dir="0" index="0" bw="64" slack="1"/>
<pin id="584" dir="0" index="1" bw="64" slack="0"/>
<pin id="585" dir="1" index="2" bw="64" slack="0"/>
</pin_list>
<bind>
<opcode="add(8) " fcode="add"/>
<opset="v/6 "/>
</bind>
</comp>

<comp id="587" class="1004" name="xor_ln148_fu_587">
<pin_list>
<pin id="588" dir="0" index="0" bw="64" slack="0"/>
<pin id="589" dir="0" index="1" bw="64" slack="1"/>
<pin id="590" dir="1" index="2" bw="64" slack="0"/>
</pin_list>
<bind>
<opcode="xor(25) " fcode="xor"/>
<opset="xor_ln148/6 "/>
</bind>
</comp>

<comp id="592" class="1004" name="xor_ln148_13_fu_592">
<pin_list>
<pin id="593" dir="0" index="0" bw="64" slack="1"/>
<pin id="594" dir="0" index="1" bw="64" slack="0"/>
<pin id="595" dir="1" index="2" bw="64" slack="0"/>
</pin_list>
<bind>
<opcode="xor(25) " fcode="xor"/>
<opset="xor_ln148_13/6 "/>
</bind>
</comp>

<comp id="597" class="1004" name="or_ln148_fu_597">
<pin_list>
<pin id="598" dir="0" index="0" bw="64" slack="0"/>
<pin id="599" dir="0" index="1" bw="64" slack="0"/>
<pin id="600" dir="1" index="2" bw="64" slack="0"/>
</pin_list>
<bind>
<opcode="or(24) " fcode="or"/>
<opset="or_ln148/6 "/>
</bind>
</comp>

<comp id="603" class="1004" name="bit_sel_fu_603">
<pin_list>
<pin id="604" dir="0" index="0" bw="1" slack="0"/>
<pin id="605" dir="0" index="1" bw="64" slack="1"/>
<pin id="606" dir="0" index="2" bw="7" slack="0"/>
<pin id="607" dir="1" index="3" bw="1" slack="0"/>
</pin_list>
<bind>
<opcode="bitselect(1000) " fcode="bitselect"/>
<opset="bit_sel/6 "/>
</bind>
</comp>

<comp id="610" class="1004" name="xor_ln148_16_fu_610">
<pin_list>
<pin id="611" dir="0" index="0" bw="1" slack="0"/>
<pin id="612" dir="0" index="1" bw="1" slack="0"/>
<pin id="613" dir="1" index="2" bw="1" slack="0"/>
</pin_list>
<bind>
<opcode="xor(25) " fcode="xor"/>
<opset="xor_ln148_16/6 "/>
</bind>
</comp>

<comp id="616" class="1004" name="trunc_ln148_fu_616">
<pin_list>
<pin id="617" dir="0" index="0" bw="64" slack="1"/>
<pin id="618" dir="1" index="1" bw="63" slack="0"/>
</pin_list>
<bind>
<opcode="trunc(33) " fcode="trunc"/>
<opset="trunc_ln148/6 "/>
</bind>
</comp>

<comp id="619" class="1004" name="xor_ln148_s_fu_619">
<pin_list>
<pin id="620" dir="0" index="0" bw="64" slack="0"/>
<pin id="621" dir="0" index="1" bw="1" slack="0"/>
<pin id="622" dir="0" index="2" bw="63" slack="0"/>
<pin id="623" dir="1" index="3" bw="64" slack="0"/>
</pin_list>
<bind>
<opcode="bitconcatenate(1004) " fcode="bitconcatenate"/>
<opset="xor_ln148_s/6 "/>
</bind>
</comp>

<comp id="627" class="1004" name="and_ln148_fu_627">
<pin_list>
<pin id="628" dir="0" index="0" bw="64" slack="0"/>
<pin id="629" dir="0" index="1" bw="64" slack="1"/>
<pin id="630" dir="1" index="2" bw="64" slack="0"/>
</pin_list>
<bind>
<opcode="and(23) " fcode="and"/>
<opset="and_ln148/6 "/>
</bind>
</comp>

<comp id="632" class="1004" name="xor_ln148_15_fu_632">
<pin_list>
<pin id="633" dir="0" index="0" bw="64" slack="0"/>
<pin id="634" dir="0" index="1" bw="64" slack="0"/>
<pin id="635" dir="1" index="2" bw="64" slack="0"/>
</pin_list>
<bind>
<opcode="xor(25) " fcode="xor"/>
<opset="xor_ln148_15/6 "/>
</bind>
</comp>

<comp id="638" class="1004" name="or_ln148_6_fu_638">
<pin_list>
<pin id="639" dir="0" index="0" bw="64" slack="0"/>
<pin id="640" dir="0" index="1" bw="64" slack="0"/>
<pin id="641" dir="1" index="2" bw="64" slack="0"/>
</pin_list>
<bind>
<opcode="or(24) " fcode="or"/>
<opset="or_ln148_6/6 "/>
</bind>
</comp>

<comp id="644" class="1004" name="tmp_128_fu_644">
<pin_list>
<pin id="645" dir="0" index="0" bw="1" slack="0"/>
<pin id="646" dir="0" index="1" bw="64" slack="0"/>
<pin id="647" dir="0" index="2" bw="7" slack="0"/>
<pin id="648" dir="1" index="3" bw="1" slack="0"/>
</pin_list>
<bind>
<opcode="bitselect(1000) " fcode="bitselect"/>
<opset="tmp_128/6 "/>
</bind>
</comp>

<comp id="652" class="1004" name="zext_ln149_fu_652">
<pin_list>
<pin id="653" dir="0" index="0" bw="1" slack="0"/>
<pin id="654" dir="1" index="1" bw="4" slack="0"/>
</pin_list>
<bind>
<opcode="zext(34) " fcode="zext"/>
<opset="zext_ln149/6 "/>
</bind>
</comp>

<comp id="656" class="1004" name="u_fu_656">
<pin_list>
<pin id="657" dir="0" index="0" bw="1" slack="0"/>
<pin id="658" dir="0" index="1" bw="4" slack="0"/>
<pin id="659" dir="1" index="2" bw="4" slack="0"/>
</pin_list>
<bind>
<opcode="add(8) " fcode="add"/>
<opset="u/6 "/>
</bind>
</comp>

<comp id="662" class="1004" name="store_ln140_store_fu_662">
<pin_list>
<pin id="663" dir="0" index="0" bw="64" slack="0"/>
<pin id="664" dir="0" index="1" bw="64" slack="0"/>
<pin id="665" dir="1" index="2" bw="0" slack="2147483647"/>
</pin_list>
<bind>
<opcode="store(28) " fcode="store"/>
<opset="store_ln140/6 "/>
</bind>
</comp>

<comp id="668" class="1004" name="store_ln140_store_fu_668">
<pin_list>
<pin id="669" dir="0" index="0" bw="4" slack="0"/>
<pin id="670" dir="0" index="1" bw="4" slack="0"/>
<pin id="671" dir="1" index="2" bw="0" slack="2147483647"/>
</pin_list>
<bind>
<opcode="store(28) " fcode="store"/>
<opset="store_ln140/6 "/>
</bind>
</comp>

<comp id="674" class="1004" name="v_108_load_1_load_fu_674">
<pin_list>
<pin id="675" dir="0" index="0" bw="64" slack="4"/>
<pin id="676" dir="1" index="1" bw="64" slack="0"/>
</pin_list>
<bind>
<opcode="load(27) " fcode="load"/>
<opset="v_108_load_1/5 "/>
</bind>
</comp>

<comp id="678" class="1005" name="v_108_reg_678">
<pin_list>
<pin id="679" dir="0" index="0" bw="64" slack="0"/>
<pin id="680" dir="1" index="1" bw="64" slack="0"/>
</pin_list>
<bind>
<opset="v_108 "/>
</bind>
</comp>

<comp id="686" class="1005" name="j_reg_686">
<pin_list>
<pin id="687" dir="0" index="0" bw="4" slack="0"/>
<pin id="688" dir="1" index="1" bw="4" slack="0"/>
</pin_list>
<bind>
<opset="j "/>
</bind>
</comp>

<comp id="693" class="1005" name="icmp_ln145_reg_693">
<pin_list>
<pin id="694" dir="0" index="0" bw="1" slack="4"/>
<pin id="695" dir="1" index="1" bw="1" slack="2147483647"/>
</pin_list>
<bind>
<opset="icmp_ln145 "/>
</bind>
</comp>

<comp id="697" class="1005" name="a_addr_reg_697">
<pin_list>
<pin id="698" dir="0" index="0" bw="3" slack="1"/>
<pin id="699" dir="1" index="1" bw="3" slack="1"/>
</pin_list>
<bind>
<opset="a_addr "/>
</bind>
</comp>

<comp id="702" class="1005" name="coeff_addr_reg_702">
<pin_list>
<pin id="703" dir="0" index="0" bw="6" slack="1"/>
<pin id="704" dir="1" index="1" bw="6" slack="1"/>
</pin_list>
<bind>
<opset="coeff_addr "/>
</bind>
</comp>

<comp id="707" class="1005" name="al_reg_707">
<pin_list>
<pin id="708" dir="0" index="0" bw="32" slack="1"/>
<pin id="709" dir="1" index="1" bw="32" slack="1"/>
</pin_list>
<bind>
<opset="al "/>
</bind>
</comp>

<comp id="712" class="1005" name="bl_reg_712">
<pin_list>
<pin id="713" dir="0" index="0" bw="32" slack="1"/>
<pin id="714" dir="1" index="1" bw="32" slack="1"/>
</pin_list>
<bind>
<opset="bl "/>
</bind>
</comp>

<comp id="717" class="1005" name="ah_reg_717">
<pin_list>
<pin id="718" dir="0" index="0" bw="32" slack="1"/>
<pin id="719" dir="1" index="1" bw="32" slack="1"/>
</pin_list>
<bind>
<opset="ah "/>
</bind>
</comp>

<comp id="722" class="1005" name="bh_reg_722">
<pin_list>
<pin id="723" dir="0" index="0" bw="32" slack="1"/>
<pin id="724" dir="1" index="1" bw="32" slack="1"/>
</pin_list>
<bind>
<opset="bh "/>
</bind>
</comp>

<comp id="727" class="1005" name="trunc_ln106_reg_727">
<pin_list>
<pin id="728" dir="0" index="0" bw="32" slack="2"/>
<pin id="729" dir="1" index="1" bw="32" slack="2"/>
</pin_list>
<bind>
<opset="trunc_ln106 "/>
</bind>
</comp>

<comp id="732" class="1005" name="trunc_ln106_117_reg_732">
<pin_list>
<pin id="733" dir="0" index="0" bw="32" slack="1"/>
<pin id="734" dir="1" index="1" bw="32" slack="1"/>
</pin_list>
<bind>
<opset="trunc_ln106_117 "/>
</bind>
</comp>

<comp id="737" class="1005" name="trunc_ln106_118_reg_737">
<pin_list>
<pin id="738" dir="0" index="0" bw="32" slack="1"/>
<pin id="739" dir="1" index="1" bw="32" slack="1"/>
</pin_list>
<bind>
<opset="trunc_ln106_118 "/>
</bind>
</comp>

<comp id="742" class="1005" name="trunc_ln106_119_reg_742">
<pin_list>
<pin id="743" dir="0" index="0" bw="32" slack="1"/>
<pin id="744" dir="1" index="1" bw="32" slack="1"/>
</pin_list>
<bind>
<opset="trunc_ln106_119 "/>
</bind>
</comp>

<comp id="748" class="1005" name="tmp_188_reg_748">
<pin_list>
<pin id="749" dir="0" index="0" bw="32" slack="1"/>
<pin id="750" dir="1" index="1" bw="32" slack="1"/>
</pin_list>
<bind>
<opset="tmp_188 "/>
</bind>
</comp>

<comp id="753" class="1005" name="tmp_190_reg_753">
<pin_list>
<pin id="754" dir="0" index="0" bw="32" slack="1"/>
<pin id="755" dir="1" index="1" bw="32" slack="1"/>
</pin_list>
<bind>
<opset="tmp_190 "/>
</bind>
</comp>

<comp id="759" class="1005" name="tmp_191_reg_759">
<pin_list>
<pin id="760" dir="0" index="0" bw="32" slack="1"/>
<pin id="761" dir="1" index="1" bw="32" slack="1"/>
</pin_list>
<bind>
<opset="tmp_191 "/>
</bind>
</comp>

<comp id="764" class="1005" name="tmp_192_reg_764">
<pin_list>
<pin id="765" dir="0" index="0" bw="32" slack="2"/>
<pin id="766" dir="1" index="1" bw="32" slack="2"/>
</pin_list>
<bind>
<opset="tmp_192 "/>
</bind>
</comp>

<comp id="769" class="1005" name="trunc_ln125_reg_769">
<pin_list>
<pin id="770" dir="0" index="0" bw="32" slack="1"/>
<pin id="771" dir="1" index="1" bw="32" slack="1"/>
</pin_list>
<bind>
<opset="trunc_ln125 "/>
</bind>
</comp>

<comp id="775" class="1005" name="add_ln130_reg_775">
<pin_list>
<pin id="776" dir="0" index="0" bw="33" slack="1"/>
<pin id="777" dir="1" index="1" bw="33" slack="1"/>
</pin_list>
<bind>
<opset="add_ln130 "/>
</bind>
</comp>

<comp id="780" class="1005" name="add_ln130_81_reg_780">
<pin_list>
<pin id="781" dir="0" index="0" bw="33" slack="1"/>
<pin id="782" dir="1" index="1" bw="33" slack="1"/>
</pin_list>
<bind>
<opset="add_ln130_81 "/>
</bind>
</comp>

<comp id="785" class="1005" name="trunc_ln130_reg_785">
<pin_list>
<pin id="786" dir="0" index="0" bw="32" slack="1"/>
<pin id="787" dir="1" index="1" bw="32" slack="1"/>
</pin_list>
<bind>
<opset="trunc_ln130 "/>
</bind>
</comp>

<comp id="790" class="1005" name="add_ln133_reg_790">
<pin_list>
<pin id="791" dir="0" index="0" bw="64" slack="1"/>
<pin id="792" dir="1" index="1" bw="64" slack="1"/>
</pin_list>
<bind>
<opset="add_ln133 "/>
</bind>
</comp>

<comp id="795" class="1005" name="tempReg_reg_795">
<pin_list>
<pin id="796" dir="0" index="0" bw="64" slack="1"/>
<pin id="797" dir="1" index="1" bw="64" slack="1"/>
</pin_list>
<bind>
<opset="tempReg "/>
</bind>
</comp>

</comp_list>

<net_list>
<net id="89"><net_src comp="18" pin="0"/><net_sink comp="86" pin=0"/></net>

<net id="93"><net_src comp="18" pin="0"/><net_sink comp="90" pin=0"/></net>

<net id="98"><net_src comp="22" pin="0"/><net_sink comp="94" pin=0"/></net>

<net id="99"><net_src comp="8" pin="0"/><net_sink comp="94" pin=1"/></net>

<net id="104"><net_src comp="24" pin="0"/><net_sink comp="100" pin=0"/></net>

<net id="105"><net_src comp="4" pin="0"/><net_sink comp="100" pin=1"/></net>

<net id="110"><net_src comp="24" pin="0"/><net_sink comp="106" pin=0"/></net>

<net id="111"><net_src comp="2" pin="0"/><net_sink comp="106" pin=1"/></net>

<net id="116"><net_src comp="26" pin="0"/><net_sink comp="112" pin=0"/></net>

<net id="117"><net_src comp="0" pin="0"/><net_sink comp="112" pin=1"/></net>

<net id="123"><net_src comp="84" pin="0"/><net_sink comp="118" pin=0"/></net>

<net id="124"><net_src comp="12" pin="0"/><net_sink comp="118" pin=1"/></net>

<net id="130"><net_src comp="6" pin="0"/><net_sink comp="125" pin=0"/></net>

<net id="131"><net_src comp="32" pin="0"/><net_sink comp="125" pin=1"/></net>

<net id="137"><net_src comp="125" pin="3"/><net_sink comp="132" pin=0"/></net>

<net id="143"><net_src comp="10" pin="0"/><net_sink comp="138" pin=0"/></net>

<net id="144"><net_src comp="32" pin="0"/><net_sink comp="138" pin=1"/></net>

<net id="150"><net_src comp="138" pin="3"/><net_sink comp="145" pin=0"/></net>

<net id="170"><net_src comp="94" pin="2"/><net_sink comp="167" pin=0"/></net>

<net id="174"><net_src comp="106" pin="2"/><net_sink comp="171" pin=0"/></net>

<net id="179"><net_src comp="28" pin="0"/><net_sink comp="175" pin=0"/></net>

<net id="184"><net_src comp="112" pin="2"/><net_sink comp="180" pin=0"/></net>

<net id="189"><net_src comp="171" pin="1"/><net_sink comp="185" pin=0"/></net>

<net id="190"><net_src comp="14" pin="0"/><net_sink comp="185" pin=1"/></net>

<net id="195"><net_src comp="28" pin="0"/><net_sink comp="191" pin=0"/></net>

<net id="196"><net_src comp="16" pin="0"/><net_sink comp="191" pin=1"/></net>

<net id="204"><net_src comp="197" pin="1"/><net_sink comp="200" pin=0"/></net>

<net id="205"><net_src comp="100" pin="2"/><net_sink comp="200" pin=1"/></net>

<net id="210"><net_src comp="197" pin="1"/><net_sink comp="206" pin=0"/></net>

<net id="211"><net_src comp="30" pin="0"/><net_sink comp="206" pin=1"/></net>

<net id="215"><net_src comp="197" pin="1"/><net_sink comp="212" pin=0"/></net>

<net id="216"><net_src comp="212" pin="1"/><net_sink comp="125" pin=2"/></net>

<net id="221"><net_src comp="167" pin="1"/><net_sink comp="217" pin=0"/></net>

<net id="222"><net_src comp="197" pin="1"/><net_sink comp="217" pin=1"/></net>

<net id="228"><net_src comp="34" pin="0"/><net_sink comp="223" pin=0"/></net>

<net id="229"><net_src comp="217" pin="2"/><net_sink comp="223" pin=1"/></net>

<net id="230"><net_src comp="36" pin="0"/><net_sink comp="223" pin=2"/></net>

<net id="235"><net_src comp="223" pin="3"/><net_sink comp="231" pin=0"/></net>

<net id="236"><net_src comp="38" pin="0"/><net_sink comp="231" pin=1"/></net>

<net id="240"><net_src comp="217" pin="2"/><net_sink comp="237" pin=0"/></net>

<net id="246"><net_src comp="40" pin="0"/><net_sink comp="241" pin=0"/></net>

<net id="247"><net_src comp="231" pin="2"/><net_sink comp="241" pin=1"/></net>

<net id="248"><net_src comp="237" pin="1"/><net_sink comp="241" pin=2"/></net>

<net id="252"><net_src comp="241" pin="3"/><net_sink comp="249" pin=0"/></net>

<net id="253"><net_src comp="249" pin="1"/><net_sink comp="138" pin=2"/></net>

<net id="258"><net_src comp="206" pin="2"/><net_sink comp="254" pin=0"/></net>

<net id="262"><net_src comp="132" pin="3"/><net_sink comp="259" pin=0"/></net>

<net id="266"><net_src comp="145" pin="3"/><net_sink comp="263" pin=0"/></net>

<net id="273"><net_src comp="42" pin="0"/><net_sink comp="267" pin=0"/></net>

<net id="274"><net_src comp="132" pin="3"/><net_sink comp="267" pin=1"/></net>

<net id="275"><net_src comp="44" pin="0"/><net_sink comp="267" pin=2"/></net>

<net id="276"><net_src comp="46" pin="0"/><net_sink comp="267" pin=3"/></net>

<net id="283"><net_src comp="42" pin="0"/><net_sink comp="277" pin=0"/></net>

<net id="284"><net_src comp="145" pin="3"/><net_sink comp="277" pin=1"/></net>

<net id="285"><net_src comp="44" pin="0"/><net_sink comp="277" pin=2"/></net>

<net id="286"><net_src comp="46" pin="0"/><net_sink comp="277" pin=3"/></net>

<net id="290"><net_src comp="287" pin="1"/><net_sink comp="151" pin=1"/></net>

<net id="291"><net_src comp="287" pin="1"/><net_sink comp="155" pin=1"/></net>

<net id="295"><net_src comp="292" pin="1"/><net_sink comp="159" pin=1"/></net>

<net id="296"><net_src comp="292" pin="1"/><net_sink comp="163" pin=1"/></net>

<net id="300"><net_src comp="297" pin="1"/><net_sink comp="151" pin=0"/></net>

<net id="301"><net_src comp="297" pin="1"/><net_sink comp="159" pin=0"/></net>

<net id="305"><net_src comp="302" pin="1"/><net_sink comp="155" pin=0"/></net>

<net id="306"><net_src comp="302" pin="1"/><net_sink comp="163" pin=0"/></net>

<net id="310"><net_src comp="151" pin="2"/><net_sink comp="307" pin=0"/></net>

<net id="314"><net_src comp="155" pin="2"/><net_sink comp="311" pin=0"/></net>

<net id="318"><net_src comp="159" pin="2"/><net_sink comp="315" pin=0"/></net>

<net id="322"><net_src comp="163" pin="2"/><net_sink comp="319" pin=0"/></net>

<net id="329"><net_src comp="42" pin="0"/><net_sink comp="323" pin=0"/></net>

<net id="330"><net_src comp="151" pin="2"/><net_sink comp="323" pin=1"/></net>

<net id="331"><net_src comp="44" pin="0"/><net_sink comp="323" pin=2"/></net>

<net id="332"><net_src comp="46" pin="0"/><net_sink comp="323" pin=3"/></net>

<net id="339"><net_src comp="42" pin="0"/><net_sink comp="333" pin=0"/></net>

<net id="340"><net_src comp="159" pin="2"/><net_sink comp="333" pin=1"/></net>

<net id="341"><net_src comp="44" pin="0"/><net_sink comp="333" pin=2"/></net>

<net id="342"><net_src comp="46" pin="0"/><net_sink comp="333" pin=3"/></net>

<net id="349"><net_src comp="42" pin="0"/><net_sink comp="343" pin=0"/></net>

<net id="350"><net_src comp="155" pin="2"/><net_sink comp="343" pin=1"/></net>

<net id="351"><net_src comp="44" pin="0"/><net_sink comp="343" pin=2"/></net>

<net id="352"><net_src comp="46" pin="0"/><net_sink comp="343" pin=3"/></net>

<net id="359"><net_src comp="42" pin="0"/><net_sink comp="353" pin=0"/></net>

<net id="360"><net_src comp="163" pin="2"/><net_sink comp="353" pin=1"/></net>

<net id="361"><net_src comp="44" pin="0"/><net_sink comp="353" pin=2"/></net>

<net id="362"><net_src comp="46" pin="0"/><net_sink comp="353" pin=3"/></net>

<net id="376"><net_src comp="366" pin="1"/><net_sink comp="372" pin=0"/></net>

<net id="377"><net_src comp="369" pin="1"/><net_sink comp="372" pin=1"/></net>

<net id="381"><net_src comp="372" pin="2"/><net_sink comp="378" pin=0"/></net>

<net id="386"><net_src comp="378" pin="1"/><net_sink comp="382" pin=0"/></net>

<net id="387"><net_src comp="363" pin="1"/><net_sink comp="382" pin=1"/></net>

<net id="394"><net_src comp="48" pin="0"/><net_sink comp="388" pin=0"/></net>

<net id="395"><net_src comp="382" pin="2"/><net_sink comp="388" pin=1"/></net>

<net id="396"><net_src comp="44" pin="0"/><net_sink comp="388" pin=2"/></net>

<net id="397"><net_src comp="50" pin="0"/><net_sink comp="388" pin=3"/></net>

<net id="401"><net_src comp="388" pin="4"/><net_sink comp="398" pin=0"/></net>

<net id="405"><net_src comp="382" pin="2"/><net_sink comp="402" pin=0"/></net>

<net id="419"><net_src comp="412" pin="1"/><net_sink comp="415" pin=0"/></net>

<net id="420"><net_src comp="406" pin="1"/><net_sink comp="415" pin=1"/></net>

<net id="425"><net_src comp="409" pin="1"/><net_sink comp="421" pin=0"/></net>

<net id="426"><net_src comp="398" pin="1"/><net_sink comp="421" pin=1"/></net>

<net id="430"><net_src comp="421" pin="2"/><net_sink comp="427" pin=0"/></net>

<net id="439"><net_src comp="52" pin="0"/><net_sink comp="434" pin=0"/></net>

<net id="440"><net_src comp="54" pin="0"/><net_sink comp="434" pin=2"/></net>

<net id="455"><net_src comp="441" pin="2"/><net_sink comp="451" pin=1"/></net>

<net id="460"><net_src comp="448" pin="1"/><net_sink comp="456" pin=0"/></net>

<net id="461"><net_src comp="445" pin="1"/><net_sink comp="456" pin=1"/></net>

<net id="467"><net_src comp="52" pin="0"/><net_sink comp="462" pin=0"/></net>

<net id="468"><net_src comp="54" pin="0"/><net_sink comp="462" pin=2"/></net>

<net id="475"><net_src comp="48" pin="0"/><net_sink comp="469" pin=0"/></net>

<net id="476"><net_src comp="456" pin="2"/><net_sink comp="469" pin=1"/></net>

<net id="477"><net_src comp="44" pin="0"/><net_sink comp="469" pin=2"/></net>

<net id="478"><net_src comp="50" pin="0"/><net_sink comp="469" pin=3"/></net>

<net id="484"><net_src comp="56" pin="0"/><net_sink comp="479" pin=0"/></net>

<net id="485"><net_src comp="469" pin="4"/><net_sink comp="479" pin=1"/></net>

<net id="486"><net_src comp="54" pin="0"/><net_sink comp="479" pin=2"/></net>

<net id="490"><net_src comp="479" pin="3"/><net_sink comp="487" pin=0"/></net>

<net id="495"><net_src comp="487" pin="1"/><net_sink comp="491" pin=0"/></net>

<net id="496"><net_src comp="462" pin="3"/><net_sink comp="491" pin=1"/></net>

<net id="502"><net_src comp="52" pin="0"/><net_sink comp="497" pin=0"/></net>

<net id="507"><net_src comp="497" pin="3"/><net_sink comp="503" pin=0"/></net>

<net id="508"><net_src comp="431" pin="1"/><net_sink comp="503" pin=1"/></net>

<net id="513"><net_src comp="503" pin="2"/><net_sink comp="509" pin=0"/></net>

<net id="514"><net_src comp="434" pin="3"/><net_sink comp="509" pin=1"/></net>

<net id="519"><net_src comp="434" pin="3"/><net_sink comp="515" pin=0"/></net>

<net id="520"><net_src comp="431" pin="1"/><net_sink comp="515" pin=1"/></net>

<net id="525"><net_src comp="509" pin="2"/><net_sink comp="521" pin=0"/></net>

<net id="526"><net_src comp="515" pin="2"/><net_sink comp="521" pin=1"/></net>

<net id="531"><net_src comp="521" pin="2"/><net_sink comp="527" pin=0"/></net>

<net id="532"><net_src comp="503" pin="2"/><net_sink comp="527" pin=1"/></net>

<net id="538"><net_src comp="58" pin="0"/><net_sink comp="533" pin=0"/></net>

<net id="539"><net_src comp="527" pin="2"/><net_sink comp="533" pin=1"/></net>

<net id="540"><net_src comp="46" pin="0"/><net_sink comp="533" pin=2"/></net>

<net id="544"><net_src comp="533" pin="3"/><net_sink comp="541" pin=0"/></net>

<net id="551"><net_src comp="42" pin="0"/><net_sink comp="545" pin=0"/></net>

<net id="552"><net_src comp="491" pin="2"/><net_sink comp="545" pin=1"/></net>

<net id="553"><net_src comp="44" pin="0"/><net_sink comp="545" pin=2"/></net>

<net id="554"><net_src comp="46" pin="0"/><net_sink comp="545" pin=3"/></net>

<net id="560"><net_src comp="52" pin="0"/><net_sink comp="555" pin=0"/></net>

<net id="561"><net_src comp="545" pin="4"/><net_sink comp="555" pin=1"/></net>

<net id="562"><net_src comp="451" pin="2"/><net_sink comp="555" pin=2"/></net>

<net id="567"><net_src comp="555" pin="3"/><net_sink comp="563" pin=0"/></net>

<net id="568"><net_src comp="541" pin="1"/><net_sink comp="563" pin=1"/></net>

<net id="573"><net_src comp="503" pin="2"/><net_sink comp="569" pin=0"/></net>

<net id="577"><net_src comp="16" pin="0"/><net_sink comp="574" pin=0"/></net>

<net id="581"><net_src comp="14" pin="0"/><net_sink comp="578" pin=0"/></net>

<net id="586"><net_src comp="578" pin="1"/><net_sink comp="582" pin=1"/></net>

<net id="591"><net_src comp="582" pin="2"/><net_sink comp="587" pin=0"/></net>

<net id="596"><net_src comp="578" pin="1"/><net_sink comp="592" pin=1"/></net>

<net id="601"><net_src comp="587" pin="2"/><net_sink comp="597" pin=0"/></net>

<net id="602"><net_src comp="592" pin="2"/><net_sink comp="597" pin=1"/></net>

<net id="608"><net_src comp="78" pin="0"/><net_sink comp="603" pin=0"/></net>

<net id="609"><net_src comp="80" pin="0"/><net_sink comp="603" pin=2"/></net>

<net id="614"><net_src comp="603" pin="3"/><net_sink comp="610" pin=0"/></net>

<net id="615"><net_src comp="38" pin="0"/><net_sink comp="610" pin=1"/></net>

<net id="624"><net_src comp="82" pin="0"/><net_sink comp="619" pin=0"/></net>

<net id="625"><net_src comp="610" pin="2"/><net_sink comp="619" pin=1"/></net>

<net id="626"><net_src comp="616" pin="1"/><net_sink comp="619" pin=2"/></net>

<net id="631"><net_src comp="619" pin="3"/><net_sink comp="627" pin=0"/></net>

<net id="636"><net_src comp="597" pin="2"/><net_sink comp="632" pin=0"/></net>

<net id="637"><net_src comp="582" pin="2"/><net_sink comp="632" pin=1"/></net>

<net id="642"><net_src comp="632" pin="2"/><net_sink comp="638" pin=0"/></net>

<net id="643"><net_src comp="627" pin="2"/><net_sink comp="638" pin=1"/></net>

<net id="649"><net_src comp="58" pin="0"/><net_sink comp="644" pin=0"/></net>

<net id="650"><net_src comp="638" pin="2"/><net_sink comp="644" pin=1"/></net>

<net id="651"><net_src comp="46" pin="0"/><net_sink comp="644" pin=2"/></net>

<net id="655"><net_src comp="644" pin="3"/><net_sink comp="652" pin=0"/></net>

<net id="660"><net_src comp="652" pin="1"/><net_sink comp="656" pin=0"/></net>

<net id="661"><net_src comp="574" pin="1"/><net_sink comp="656" pin=1"/></net>

<net id="666"><net_src comp="582" pin="2"/><net_sink comp="662" pin=0"/></net>

<net id="667"><net_src comp="14" pin="0"/><net_sink comp="662" pin=1"/></net>

<net id="672"><net_src comp="656" pin="2"/><net_sink comp="668" pin=0"/></net>

<net id="673"><net_src comp="16" pin="0"/><net_sink comp="668" pin=1"/></net>

<net id="677"><net_src comp="674" pin="1"/><net_sink comp="118" pin=2"/></net>

<net id="681"><net_src comp="86" pin="1"/><net_sink comp="678" pin=0"/></net>

<net id="682"><net_src comp="678" pin="1"/><net_sink comp="180" pin=1"/></net>

<net id="683"><net_src comp="678" pin="1"/><net_sink comp="431" pin=0"/></net>

<net id="684"><net_src comp="678" pin="1"/><net_sink comp="569" pin=1"/></net>

<net id="685"><net_src comp="678" pin="1"/><net_sink comp="674" pin=0"/></net>

<net id="689"><net_src comp="90" pin="1"/><net_sink comp="686" pin=0"/></net>

<net id="690"><net_src comp="686" pin="1"/><net_sink comp="175" pin=1"/></net>

<net id="691"><net_src comp="686" pin="1"/><net_sink comp="197" pin=0"/></net>

<net id="692"><net_src comp="686" pin="1"/><net_sink comp="254" pin=1"/></net>

<net id="696"><net_src comp="200" pin="2"/><net_sink comp="693" pin=0"/></net>

<net id="700"><net_src comp="125" pin="3"/><net_sink comp="697" pin=0"/></net>

<net id="701"><net_src comp="697" pin="1"/><net_sink comp="132" pin=0"/></net>

<net id="705"><net_src comp="138" pin="3"/><net_sink comp="702" pin=0"/></net>

<net id="706"><net_src comp="702" pin="1"/><net_sink comp="145" pin=0"/></net>

<net id="710"><net_src comp="259" pin="1"/><net_sink comp="707" pin=0"/></net>

<net id="711"><net_src comp="707" pin="1"/><net_sink comp="287" pin=0"/></net>

<net id="715"><net_src comp="263" pin="1"/><net_sink comp="712" pin=0"/></net>

<net id="716"><net_src comp="712" pin="1"/><net_sink comp="297" pin=0"/></net>

<net id="720"><net_src comp="267" pin="4"/><net_sink comp="717" pin=0"/></net>

<net id="721"><net_src comp="717" pin="1"/><net_sink comp="292" pin=0"/></net>

<net id="725"><net_src comp="277" pin="4"/><net_sink comp="722" pin=0"/></net>

<net id="726"><net_src comp="722" pin="1"/><net_sink comp="302" pin=0"/></net>

<net id="730"><net_src comp="307" pin="1"/><net_sink comp="727" pin=0"/></net>

<net id="731"><net_src comp="727" pin="1"/><net_sink comp="497" pin=2"/></net>

<net id="735"><net_src comp="311" pin="1"/><net_sink comp="732" pin=0"/></net>

<net id="736"><net_src comp="732" pin="1"/><net_sink comp="369" pin=0"/></net>

<net id="740"><net_src comp="315" pin="1"/><net_sink comp="737" pin=0"/></net>

<net id="741"><net_src comp="737" pin="1"/><net_sink comp="366" pin=0"/></net>

<net id="745"><net_src comp="319" pin="1"/><net_sink comp="742" pin=0"/></net>

<net id="746"><net_src comp="742" pin="1"/><net_sink comp="412" pin=0"/></net>

<net id="747"><net_src comp="742" pin="1"/><net_sink comp="441" pin=0"/></net>

<net id="751"><net_src comp="323" pin="4"/><net_sink comp="748" pin=0"/></net>

<net id="752"><net_src comp="748" pin="1"/><net_sink comp="363" pin=0"/></net>

<net id="756"><net_src comp="333" pin="4"/><net_sink comp="753" pin=0"/></net>

<net id="757"><net_src comp="753" pin="1"/><net_sink comp="406" pin=0"/></net>

<net id="758"><net_src comp="753" pin="1"/><net_sink comp="441" pin=1"/></net>

<net id="762"><net_src comp="343" pin="4"/><net_sink comp="759" pin=0"/></net>

<net id="763"><net_src comp="759" pin="1"/><net_sink comp="409" pin=0"/></net>

<net id="767"><net_src comp="353" pin="4"/><net_sink comp="764" pin=0"/></net>

<net id="768"><net_src comp="764" pin="1"/><net_sink comp="462" pin=1"/></net>

<net id="772"><net_src comp="402" pin="1"/><net_sink comp="769" pin=0"/></net>

<net id="773"><net_src comp="769" pin="1"/><net_sink comp="434" pin=1"/></net>

<net id="774"><net_src comp="769" pin="1"/><net_sink comp="497" pin=1"/></net>

<net id="778"><net_src comp="415" pin="2"/><net_sink comp="775" pin=0"/></net>

<net id="779"><net_src comp="775" pin="1"/><net_sink comp="445" pin=0"/></net>

<net id="783"><net_src comp="421" pin="2"/><net_sink comp="780" pin=0"/></net>

<net id="784"><net_src comp="780" pin="1"/><net_sink comp="448" pin=0"/></net>

<net id="788"><net_src comp="427" pin="1"/><net_sink comp="785" pin=0"/></net>

<net id="789"><net_src comp="785" pin="1"/><net_sink comp="451" pin=0"/></net>

<net id="793"><net_src comp="491" pin="2"/><net_sink comp="790" pin=0"/></net>

<net id="794"><net_src comp="790" pin="1"/><net_sink comp="627" pin=1"/></net>

<net id="798"><net_src comp="563" pin="2"/><net_sink comp="795" pin=0"/></net>

<net id="799"><net_src comp="795" pin="1"/><net_sink comp="582" pin=0"/></net>

<net id="800"><net_src comp="795" pin="1"/><net_sink comp="587" pin=1"/></net>

<net id="801"><net_src comp="795" pin="1"/><net_sink comp="592" pin=0"/></net>

<net id="802"><net_src comp="795" pin="1"/><net_sink comp="603" pin=1"/></net>

<net id="803"><net_src comp="795" pin="1"/><net_sink comp="616" pin=0"/></net>

</net_list>

</model> 
---------------- Datapath Model END ------------------

* FSMD analyzer results:
  - Output states:
	Port: v_108_out | {5 }
	Port: u_77_out | {1 6 }
	Port: t_out | {1 6 }
 - Input state : 
	Port: mp_mul.685_Pipeline_VITIS_LOOP_145_2 : v_017 | {1 }
	Port: mp_mul.685_Pipeline_VITIS_LOOP_145_2 : zext_ln143 | {1 }
	Port: mp_mul.685_Pipeline_VITIS_LOOP_145_2 : indvars_iv31 | {1 }
	Port: mp_mul.685_Pipeline_VITIS_LOOP_145_2 : a | {1 2 }
	Port: mp_mul.685_Pipeline_VITIS_LOOP_145_2 : i | {1 }
	Port: mp_mul.685_Pipeline_VITIS_LOOP_145_2 : coeff | {1 2 }
	Port: mp_mul.685_Pipeline_VITIS_LOOP_145_2 : u_77_out | {6 }
	Port: mp_mul.685_Pipeline_VITIS_LOOP_145_2 : t_out | {6 }
  - Chain level:
	State 1
		store_ln139 : 1
		store_ln140 : 1
		j_21 : 1
		icmp_ln145 : 2
		add_ln145 : 2
		br_ln145 : 3
		zext_ln145 : 2
		a_addr : 3
		a_load : 4
		sub_ln146 : 1
		bit_sel2 : 2
		xor_ln146 : 3
		trunc_ln146_3 : 2
		tmp : 3
		zext_ln146_3 : 4
		coeff_addr : 5
		coeff_load : 6
		store_ln139 : 3
	State 2
		al : 1
		bl : 1
		ah : 1
		bh : 1
	State 3
		albl : 1
		trunc_ln106 : 2
		albh : 1
		trunc_ln106_117 : 2
		ahbl : 1
		trunc_ln106_118 : 2
		ahbh : 1
		trunc_ln106_119 : 2
		tmp_188 : 2
		tmp_190 : 2
		tmp_191 : 2
		tmp_192 : 2
	State 4
		add_ln123 : 1
		zext_ln123_70 : 2
		temp : 3
		tmp_189 : 4
		zext_ln106_82 : 5
		trunc_ln125 : 4
		add_ln130 : 1
		add_ln130_81 : 6
		trunc_ln130 : 7
	State 5
		add_ln105 : 1
		temp_41 : 1
		tmp_193 : 2
		and_ln133_s : 3
		zext_ln133 : 4
		add_ln133 : 5
		v_128 : 1
		xor_ln105 : 2
		xor_ln105_21 : 1
		or_ln105 : 2
		xor_ln105_22 : 2
		carry : 2
		zext_ln105_80 : 3
		tmp_s : 6
		or_ln6 : 7
		tempReg : 8
		store_ln140 : 2
		write_ln0 : 1
	State 6
		v : 1
		xor_ln148 : 2
		xor_ln148_13 : 1
		or_ln148 : 2
		xor_ln148_16 : 1
		xor_ln148_s : 1
		and_ln148 : 2
		xor_ln148_15 : 2
		or_ln148_6 : 2
		tmp_128 : 2
		zext_ln149 : 3
		u : 4
		store_ln140 : 2
		store_ln140 : 5


============================================================
+ Verbose Summary: Datapath Resource usage 
============================================================

* Functional unit list:
|----------|-------------------------------|---------|---------|---------|
| Operation|        Functional Unit        |   DSP   |    FF   |   LUT   |
|----------|-------------------------------|---------|---------|---------|
|          |        add_ln145_fu_206       |    0    |    0    |    6    |
|          |        add_ln123_fu_372       |    0    |    0    |    32   |
|          |          temp_fu_382          |    0    |    0    |    33   |
|          |        add_ln130_fu_415       |    0    |    0    |    32   |
|          |      add_ln130_81_fu_421      |    0    |    0    |    32   |
|          |      add_ln130_82_fu_441      |    0    |    0    |    32   |
|    add   |        add_ln105_fu_451       |    0    |    0    |    32   |
|          |         temp_41_fu_456        |    0    |    0    |    33   |
|          |        add_ln133_fu_491       |    0    |    0    |    64   |
|          |          v_128_fu_503         |    0    |    0    |    64   |
|          |         tempReg_fu_563        |    0    |    0    |    64   |
|          |            v_fu_582           |    0    |    0    |    64   |
|          |            u_fu_656           |    0    |    0    |    6    |
|----------|-------------------------------|---------|---------|---------|
|          |        xor_ln146_fu_231       |    0    |    0    |    1    |
|          |        xor_ln105_fu_509       |    0    |    0    |    64   |
|          |      xor_ln105_21_fu_515      |    0    |    0    |    64   |
|    xor   |      xor_ln105_22_fu_527      |    0    |    0    |    64   |
|          |        xor_ln148_fu_587       |    0    |    0    |    64   |
|          |      xor_ln148_13_fu_592      |    0    |    0    |    64   |
|          |      xor_ln148_16_fu_610      |    0    |    0    |    1    |
|          |      xor_ln148_15_fu_632      |    0    |    0    |    64   |
|----------|-------------------------------|---------|---------|---------|
|          |        or_ln105_fu_521        |    0    |    0    |    64   |
|    or    |        or_ln148_fu_597        |    0    |    0    |    64   |
|          |       or_ln148_6_fu_638       |    0    |    0    |    64   |
|----------|-------------------------------|---------|---------|---------|
|          |          albl_fu_151          |    4    |    0    |    21   |
|    mul   |          albh_fu_155          |    4    |    0    |    21   |
|          |          ahbl_fu_159          |    4    |    0    |    21   |
|          |          ahbh_fu_163          |    4    |    0    |    21   |
|----------|-------------------------------|---------|---------|---------|
|    and   |        and_ln148_fu_627       |    0    |    0    |    64   |
|----------|-------------------------------|---------|---------|---------|
|   icmp   |       icmp_ln145_fu_200       |    0    |    0    |    6    |
|----------|-------------------------------|---------|---------|---------|
|    sub   |        sub_ln146_fu_217       |    0    |    0    |    6    |
|----------|-------------------------------|---------|---------|---------|
|          |       i_read_read_fu_94       |    0    |    0    |    0    |
|   read   | indvars_iv31_read_read_fu_100 |    0    |    0    |    0    |
|          |  zext_ln143_read_read_fu_106  |    0    |    0    |    0    |
|          |     v_017_read_read_fu_112    |    0    |    0    |    0    |
|----------|-------------------------------|---------|---------|---------|
|   write  |     write_ln0_write_fu_118    |    0    |    0    |    0    |
|----------|-------------------------------|---------|---------|---------|
|          |         i_cast_fu_167         |    0    |    0    |    0    |
|          |     zext_ln143_cast_fu_171    |    0    |    0    |    0    |
|          |       zext_ln145_fu_212       |    0    |    0    |    0    |
|          |      zext_ln146_3_fu_249      |    0    |    0    |    0    |
|          |       zext_ln105_fu_287       |    0    |    0    |    0    |
|          |       zext_ln110_fu_292       |    0    |    0    |    0    |
|          |      zext_ln105_79_fu_297     |    0    |    0    |    0    |
|          |       zext_ln112_fu_302       |    0    |    0    |    0    |
|          |       zext_ln106_fu_363       |    0    |    0    |    0    |
|          |       zext_ln123_fu_366       |    0    |    0    |    0    |
|   zext   |      zext_ln123_69_fu_369     |    0    |    0    |    0    |
|          |      zext_ln123_70_fu_378     |    0    |    0    |    0    |
|          |      zext_ln106_82_fu_398     |    0    |    0    |    0    |
|          |      zext_ln106_83_fu_406     |    0    |    0    |    0    |
|          |      zext_ln106_84_fu_409     |    0    |    0    |    0    |
|          |       zext_ln130_fu_412       |    0    |    0    |    0    |
|          |      zext_ln130_69_fu_445     |    0    |    0    |    0    |
|          |      zext_ln130_70_fu_448     |    0    |    0    |    0    |
|          |       zext_ln133_fu_487       |    0    |    0    |    0    |
|          |      zext_ln105_80_fu_541     |    0    |    0    |    0    |
|          |       zext_ln149_fu_652       |    0    |    0    |    0    |
|----------|-------------------------------|---------|---------|---------|
|          |        bit_sel2_fu_223        |    0    |    0    |    0    |
| bitselect|          carry_fu_533         |    0    |    0    |    0    |
|          |         bit_sel_fu_603        |    0    |    0    |    0    |
|          |         tmp_128_fu_644        |    0    |    0    |    0    |
|----------|-------------------------------|---------|---------|---------|
|          |      trunc_ln146_3_fu_237     |    0    |    0    |    0    |
|          |           al_fu_259           |    0    |    0    |    0    |
|          |           bl_fu_263           |    0    |    0    |    0    |
|          |       trunc_ln106_fu_307      |    0    |    0    |    0    |
|   trunc  |     trunc_ln106_117_fu_311    |    0    |    0    |    0    |
|          |     trunc_ln106_118_fu_315    |    0    |    0    |    0    |
|          |     trunc_ln106_119_fu_319    |    0    |    0    |    0    |
|          |       trunc_ln125_fu_402      |    0    |    0    |    0    |
|          |       trunc_ln130_fu_427      |    0    |    0    |    0    |
|          |       trunc_ln148_fu_616      |    0    |    0    |    0    |
|----------|-------------------------------|---------|---------|---------|
|          |           tmp_fu_241          |    0    |    0    |    0    |
|          |         shl_ln_fu_434         |    0    |    0    |    0    |
|          |         and_ln_fu_462         |    0    |    0    |    0    |
|bitconcatenate|       and_ln133_s_fu_479      |    0    |    0    |    0    |
|          |          or_ln_fu_497         |    0    |    0    |    0    |
|          |         or_ln6_fu_555         |    0    |    0    |    0    |
|          |       xor_ln148_s_fu_619      |    0    |    0    |    0    |
|----------|-------------------------------|---------|---------|---------|
|          |           ah_fu_267           |    0    |    0    |    0    |
|          |           bh_fu_277           |    0    |    0    |    0    |
|          |         tmp_188_fu_323        |    0    |    0    |    0    |
|          |         tmp_190_fu_333        |    0    |    0    |    0    |
|partselect|         tmp_191_fu_343        |    0    |    0    |    0    |
|          |         tmp_192_fu_353        |    0    |    0    |    0    |
|          |         tmp_189_fu_388        |    0    |    0    |    0    |
|          |         tmp_193_fu_469        |    0    |    0    |    0    |
|          |          tmp_s_fu_545         |    0    |    0    |    0    |
|----------|-------------------------------|---------|---------|---------|
|   Total  |                               |    16   |    0    |   1232  |
|----------|-------------------------------|---------|---------|---------|

Memories:
N/A

* Register list:
+-----------------------+--------+
|                       |   FF   |
+-----------------------+--------+
|     a_addr_reg_697    |    3   |
|  add_ln130_81_reg_780 |   33   |
|   add_ln130_reg_775   |   33   |
|   add_ln133_reg_790   |   64   |
|       ah_reg_717      |   32   |
|       al_reg_707      |   32   |
|       bh_reg_722      |   32   |
|       bl_reg_712      |   32   |
|   coeff_addr_reg_702  |    6   |
|   icmp_ln145_reg_693  |    1   |
|       j_reg_686       |    4   |
|    tempReg_reg_795    |   64   |
|    tmp_188_reg_748    |   32   |
|    tmp_190_reg_753    |   32   |
|    tmp_191_reg_759    |   32   |
|    tmp_192_reg_764    |   32   |
|trunc_ln106_117_reg_732|   32   |
|trunc_ln106_118_reg_737|   32   |
|trunc_ln106_119_reg_742|   32   |
|  trunc_ln106_reg_727  |   32   |
|  trunc_ln125_reg_769  |   32   |
|  trunc_ln130_reg_785  |   32   |
|     v_108_reg_678     |   64   |
+-----------------------+--------+
|         Total         |   720  |
+-----------------------+--------+

* Multiplexer (MUX) list: 
|-------------------|------|------|------|--------||---------||---------||---------|
|        Comp       |  Pin | Size |  BW  | S x BW ||  Delay  ||    FF   ||   LUT   |
|-------------------|------|------|------|--------||---------||---------||---------|
| grp_access_fu_132 |  p0  |   2  |   3  |    6   ||    0    ||    9    |
| grp_access_fu_145 |  p0  |   2  |   6  |   12   ||    0    ||    9    |
|-------------------|------|------|------|--------||---------||---------||---------|
|       Total       |      |      |      |   18   ||  2.596  ||    0    ||    18   |
|-------------------|------|------|------|--------||---------||---------||---------|



* Summary:
+-----------+--------+--------+--------+--------+
|           |   DSP  |  Delay |   FF   |   LUT  |
+-----------+--------+--------+--------+--------+
|  Function |   16   |    -   |    0   |  1232  |
|   Memory  |    -   |    -   |    -   |    -   |
|Multiplexer|    -   |    2   |    0   |   18   |
|  Register |    -   |    -   |   720  |    -   |
+-----------+--------+--------+--------+--------+
|   Total   |   16   |    2   |   720  |  1250  |
+-----------+--------+--------+--------+--------+
