

================================================================
== Vitis HLS Report for 'mp_mul_55_Pipeline_VITIS_LOOP_236_2'
================================================================
* Date:           Wed Jul 30 16:49:28 2025

* Version:        2024.2.2 (Build 6049644 on Mar  5 2025)
* Project:        sikep503_hls
* Solution:       solution1 (Vivado IP Flow Target)
* Product family: virtexuplus58g
* Target device:  xcvu29p-fsga2577-2L-e


================================================================
== Performance Estimates
================================================================
+ Timing: 
    * Summary: 
    +--------+----------+----------+------------+
    |  Clock |  Target  | Estimated| Uncertainty|
    +--------+----------+----------+------------+
    |ap_clk  |  10.00 ns|  6.534 ns|     2.70 ns|
    +--------+----------+----------+------------+

+ Latency: 
    * Summary: 
    +---------+---------+-----------+----------+-----+-----+------------------------------------------------+
    |  Latency (cycles) |  Latency (absolute)  |  Interval |                    Pipeline                    |
    |   min   |   max   |    min    |    max   | min | max |                      Type                      |
    +---------+---------+-----------+----------+-----+-----+------------------------------------------------+
    |        4|       11|  40.000 ns|  0.110 us|    2|    9|  loop auto-rewind stp (delay=0 clock cycles(s))|
    +---------+---------+-----------+----------+-----+-----+------------------------------------------------+

    + Detail: 
        * Instance: 
        N/A

        * Loop: 
        +--------------------+---------+---------+----------+-----------+-----------+-------+----------+
        |                    |  Latency (cycles) | Iteration|  Initiation Interval  |  Trip |          |
        |      Loop Name     |   min   |   max   |  Latency |  achieved |   target  | Count | Pipelined|
        +--------------------+---------+---------+----------+-----------+-----------+-------+----------+
        |- VITIS_LOOP_236_2  |        2|        9|         3|          1|          1|  1 ~ 8|       yes|
        +--------------------+---------+---------+----------+-----------+-----------+-------+----------+



================================================================
== Utilization Estimates
================================================================
* Summary: 
+---------------------+---------+-------+---------+---------+------+
|         Name        | BRAM_18K|  DSP  |    FF   |   LUT   | URAM |
+---------------------+---------+-------+---------+---------+------+
|DSP                  |        -|      -|        -|        -|     -|
|Expression           |        -|      -|        0|     1175|     -|
|FIFO                 |        -|      -|        -|        -|     -|
|Instance             |        -|     16|        0|       80|     -|
|Memory               |        0|      -|       64|       65|     -|
|Multiplexer          |        -|      -|        0|       73|     -|
|Register             |        -|      -|      235|        -|     -|
+---------------------+---------+-------+---------+---------+------+
|Total                |        0|     16|      299|     1393|     0|
+---------------------+---------+-------+---------+---------+------+
|Available SLR        |     1344|   3072|   864000|   432000|   320|
+---------------------+---------+-------+---------+---------+------+
|Utilization SLR (%)  |        0|     ~0|       ~0|       ~0|     0|
+---------------------+---------+-------+---------+---------+------+
|Available            |     5376|  12288|  3456000|  1728000|  1280|
+---------------------+---------+-------+---------+---------+------+
|Utilization (%)      |        0|     ~0|       ~0|       ~0|     0|
+---------------------+---------+-------+---------+---------+------+

+ Detail: 
    * Instance: 
    +----------------------------+----------------------+---------+----+---+----+-----+
    |          Instance          |        Module        | BRAM_18K| DSP| FF| LUT| URAM|
    +----------------------------+----------------------+---------+----+---+----+-----+
    |mul_32ns_32ns_64_1_1_U2349  |mul_32ns_32ns_64_1_1  |        0|   4|  0|  20|    0|
    |mul_32ns_32ns_64_1_1_U2350  |mul_32ns_32ns_64_1_1  |        0|   4|  0|  20|    0|
    |mul_32ns_32ns_64_1_1_U2351  |mul_32ns_32ns_64_1_1  |        0|   4|  0|  20|    0|
    |mul_32ns_32ns_64_1_1_U2352  |mul_32ns_32ns_64_1_1  |        0|   4|  0|  20|    0|
    +----------------------------+----------------------+---------+----+---+----+-----+
    |Total                       |                      |        0|  16|  0|  80|    0|
    +----------------------------+----------------------+---------+----+---+----+-----+

    * DSP: 
    N/A

    * Memory: 
    +-------------------+-----------------------------------------------------------------+---------+----+----+-----+------+-----+------+-------------+
    |       Memory      |                              Module                             | BRAM_18K| FF | LUT| URAM| Words| Bits| Banks| W*Bits*Banks|
    +-------------------+-----------------------------------------------------------------+---------+----+----+-----+------+-----+------+-------------+
    |Montgomery_R2_1_U  |mp_mul_55_Pipeline_VITIS_LOOP_236_2_Montgomery_R2_1_ROM_AUTO_1R  |        0|  64|  65|    0|     8|   64|     1|          512|
    +-------------------+-----------------------------------------------------------------+---------+----+----+-----+------+-----+------+-------------+
    |Total              |                                                                 |        0|  64|  65|    0|     8|   64|     1|          512|
    +-------------------+-----------------------------------------------------------------+---------+----+----+-----+------+-----+------+-------------+

    * FIFO: 
    N/A

    * Expression: 
    +------------------------+----------+----+---+----+------------+------------+
    |      Variable Name     | Operation| DSP| FF| LUT| Bitwidth P0| Bitwidth P1|
    +------------------------+----------+----+---+----+------------+------------+
    |add_ln135_fu_317_p2     |         +|   0|  0|  40|          33|          33|
    |add_ln142_81_fu_385_p2  |         +|   0|  0|  39|          32|          32|
    |add_ln142_fu_379_p2     |         +|   0|  0|  40|          33|          33|
    |add_ln145_fu_464_p2     |         +|   0|  0|  71|          64|          64|
    |add_ln236_fu_196_p2     |         +|   0|  0|  12|           4|           1|
    |tempReg_fu_536_p2       |         +|   0|  0|  71|          64|          64|
    |temp_41_fu_425_p2       |         +|   0|  0|  41|          34|          34|
    |temp_fu_327_p2          |         +|   0|  0|  41|          34|          34|
    |u_fu_622_p2             |         +|   0|  0|  12|           4|           4|
    |v_132_fu_476_p2         |         +|   0|  0|  71|          64|          64|
    |v_fu_542_p2             |         +|   0|  0|  71|          64|          64|
    |sub_ln237_fu_211_p2     |         -|   0|  0|  10|           3|           3|
    |and_ln239_fu_592_p2     |       and|   0|  0|  64|          64|          64|
    |icmp_ln236_fu_190_p2    |      icmp|   0|  0|  12|           4|           4|
    |or_ln105_fu_494_p2      |        or|   0|  0|  64|          64|          64|
    |or_ln239_5_fu_604_p2    |        or|   0|  0|  64|          64|          64|
    |or_ln239_fu_560_p2      |        or|   0|  0|  64|          64|          64|
    |ap_enable_pp0           |       xor|   0|  0|   2|           1|           2|
    |xor_ln105_21_fu_488_p2  |       xor|   0|  0|  64|          64|          64|
    |xor_ln105_22_fu_500_p2  |       xor|   0|  0|  64|          64|          64|
    |xor_ln105_fu_482_p2     |       xor|   0|  0|  64|          64|          64|
    |xor_ln239_13_fu_554_p2  |       xor|   0|  0|  64|          64|          64|
    |xor_ln239_14_fu_574_p2  |       xor|   0|  0|   2|           1|           2|
    |xor_ln239_15_fu_598_p2  |       xor|   0|  0|  64|          64|          64|
    |xor_ln239_fu_548_p2     |       xor|   0|  0|  64|          64|          64|
    +------------------------+----------+----+---+----+------------+------------+
    |Total                   |          |   0|  0|1175|        1079|        1078|
    +------------------------+----------+----+---+----+------------+------------+

    * Multiplexer: 
    +-------------------------+----+-----------+-----+-----------+
    |           Name          | LUT| Input Size| Bits| Total Bits|
    +-------------------------+----+-----------+-----+-----------+
    |ap_done_int              |   9|          2|    1|          2|
    |ap_enable_reg_pp0_iter1  |   9|          2|    1|          2|
    |ap_sig_allocacmp_j_23    |   9|          2|    4|          8|
    |j_fu_84                  |   9|          2|    4|          8|
    |t_out_o                  |  14|          3|    4|         12|
    |u_71_out_o               |  14|          3|   64|        192|
    |v_94_fu_80               |   9|          2|   64|        128|
    +-------------------------+----+-----------+-----+-----------+
    |Total                    |  73|         16|  142|        352|
    +-------------------------+----+-----------+-----+-----------+

    * Register: 
    +----------------------------------+----+----+-----+-----------+
    |               Name               | FF | LUT| Bits| Const Bits|
    +----------------------------------+----+----+-----+-----------+
    |add_ln142_81_reg_694              |  32|   0|   32|          0|
    |add_ln142_reg_689                 |  33|   0|   33|          0|
    |ap_CS_fsm                         |   1|   0|    1|          0|
    |ap_done_reg                       |   1|   0|    1|          0|
    |ap_enable_reg_pp0_iter1           |   1|   0|    1|          0|
    |ap_enable_reg_pp0_iter2           |   1|   0|    1|          0|
    |ap_loop_exit_ready_pp0_iter1_reg  |   1|   0|    1|          0|
    |icmp_ln236_reg_664                |   1|   0|    1|          0|
    |j_fu_84                           |   4|   0|    4|          0|
    |tmp_187_reg_699                   |  32|   0|   32|          0|
    |trunc_ln117_reg_678               |  32|   0|   32|          0|
    |trunc_ln137_reg_683               |  32|   0|   32|          0|
    |v_94_fu_80                        |  64|   0|   64|          0|
    +----------------------------------+----+----+-----+-----------+
    |Total                             | 235|   0|  235|          0|
    +----------------------------------+----+----+-----+-----------+



================================================================
== Interface
================================================================
* Summary: 
+-------------------+-----+-----+------------+-------------------------------------+--------------+
|     RTL Ports     | Dir | Bits|  Protocol  |            Source Object            |    C Type    |
+-------------------+-----+-----+------------+-------------------------------------+--------------+
|ap_clk             |   in|    1|  ap_ctrl_hs|  mp_mul.55_Pipeline_VITIS_LOOP_236_2|  return value|
|ap_rst             |   in|    1|  ap_ctrl_hs|  mp_mul.55_Pipeline_VITIS_LOOP_236_2|  return value|
|ap_start           |   in|    1|  ap_ctrl_hs|  mp_mul.55_Pipeline_VITIS_LOOP_236_2|  return value|
|ap_done            |  out|    1|  ap_ctrl_hs|  mp_mul.55_Pipeline_VITIS_LOOP_236_2|  return value|
|ap_idle            |  out|    1|  ap_ctrl_hs|  mp_mul.55_Pipeline_VITIS_LOOP_236_2|  return value|
|ap_ready           |  out|    1|  ap_ctrl_hs|  mp_mul.55_Pipeline_VITIS_LOOP_236_2|  return value|
|v_017              |   in|   64|     ap_none|                                v_017|        scalar|
|zext_ln234         |   in|    4|     ap_none|                           zext_ln234|        scalar|
|indvars_iv31       |   in|    4|     ap_none|                         indvars_iv31|        scalar|
|PKB_address0       |  out|    6|   ap_memory|                                  PKB|         array|
|PKB_ce0            |  out|    1|   ap_memory|                                  PKB|         array|
|PKB_q0             |   in|   64|   ap_memory|                                  PKB|         array|
|empty              |   in|    3|     ap_none|                                empty|        scalar|
|v_94_out           |  out|   64|      ap_vld|                             v_94_out|       pointer|
|v_94_out_ap_vld    |  out|    1|      ap_vld|                             v_94_out|       pointer|
|u_71_out_i         |   in|   64|     ap_ovld|                             u_71_out|       pointer|
|u_71_out_o         |  out|   64|     ap_ovld|                             u_71_out|       pointer|
|u_71_out_o_ap_vld  |  out|    1|     ap_ovld|                             u_71_out|       pointer|
|t_out_i            |   in|    4|     ap_ovld|                                t_out|       pointer|
|t_out_o            |  out|    4|     ap_ovld|                                t_out|       pointer|
|t_out_o_ap_vld     |  out|    1|     ap_ovld|                                t_out|       pointer|
+-------------------+-----+-----+------------+-------------------------------------+--------------+

============================================================
+ Verbose Summary: Synthesis Manager
============================================================
InlineROM: 1
ExposeGlobal: 0
============================================================
+ Verbose Summary: CDFG Model
============================================================
IsTopModel: 0
ResetActiveHigh: 1
IsCombinational: 2
IsDatapathOnly: 2
HasWiredReturn: 1
HasMFsm: 2
HasVarLatency: 1
IsPipeline: 0
IsRtlPipelined: 0
IsInstanceOverlapped: 0
IsDontTouch: 0
HasImplIP: 0
IsGatedGlobalClock: 0

+ Individual pipeline summary: 
  * Pipeline-0: initiation interval (II) = 1, depth = 3


============================================================
+ Verbose Summary: Schedule
============================================================
* Number of FSM states : 3
* Pipeline : 1
  Pipeline-0 : II = 1, D = 3, States = { 1 2 3 }
* Dataflow Pipeline: 0

* FSM state transitions: 
1 --> 2 
2 --> 3 
3 --> 

* FSM state operations: 

State 1 <SV = 0> <Delay = 1.67>
ST_1 : Operation 6 [1/1] (0.00ns)   --->   "%v_94 = alloca i32 1" [src/generic/fp_generic.cpp:230]   --->   Operation 6 'alloca' 'v_94' <Predicate = true> <Delay = 0.00>
ST_1 : Operation 7 [1/1] (0.00ns)   --->   "%j = alloca i32 1" [src/generic/fp_generic.cpp:229]   --->   Operation 7 'alloca' 'j' <Predicate = true> <Delay = 0.00>
ST_1 : Operation 8 [1/1] (0.00ns)   --->   "%specbramwithbyteenable_ln0 = specbramwithbyteenable void @_ssdm_op_SpecBRAMWithByteEnable, i64 %PKB"   --->   Operation 8 'specbramwithbyteenable' 'specbramwithbyteenable_ln0' <Predicate = true> <Delay = 0.00>
ST_1 : Operation 9 [1/1] (0.00ns)   --->   "%tmp = read i3 @_ssdm_op_Read.ap_auto.i3, i3 %empty"   --->   Operation 9 'read' 'tmp' <Predicate = true> <Delay = 0.00>
ST_1 : Operation 10 [1/1] (0.00ns)   --->   "%indvars_iv31_read = read i4 @_ssdm_op_Read.ap_auto.i4, i4 %indvars_iv31"   --->   Operation 10 'read' 'indvars_iv31_read' <Predicate = true> <Delay = 0.00>
ST_1 : Operation 11 [1/1] (0.00ns)   --->   "%zext_ln234_read = read i4 @_ssdm_op_Read.ap_auto.i4, i4 %zext_ln234"   --->   Operation 11 'read' 'zext_ln234_read' <Predicate = true> <Delay = 0.00>
ST_1 : Operation 12 [1/1] (0.00ns)   --->   "%v_017_read = read i64 @_ssdm_op_Read.ap_auto.i64, i64 %v_017"   --->   Operation 12 'read' 'v_017_read' <Predicate = true> <Delay = 0.00>
ST_1 : Operation 13 [1/1] (0.00ns)   --->   "%zext_ln234_cast = zext i4 %zext_ln234_read"   --->   Operation 13 'zext' 'zext_ln234_cast' <Predicate = true> <Delay = 0.00>
ST_1 : Operation 14 [1/1] (0.38ns)   --->   "%store_ln229 = store i4 0, i4 %j" [src/generic/fp_generic.cpp:229]   --->   Operation 14 'store' 'store_ln229' <Predicate = true> <Delay = 0.38>
ST_1 : Operation 15 [1/1] (0.38ns)   --->   "%store_ln230 = store i64 %v_017_read, i64 %v_94" [src/generic/fp_generic.cpp:230]   --->   Operation 15 'store' 'store_ln230' <Predicate = true> <Delay = 0.38>
ST_1 : Operation 16 [1/1] (0.38ns)   --->   "%store_ln230 = store i64 %zext_ln234_cast, i64 %u_71_out" [src/generic/fp_generic.cpp:230]   --->   Operation 16 'store' 'store_ln230' <Predicate = true> <Delay = 0.38>
ST_1 : Operation 17 [1/1] (0.38ns)   --->   "%store_ln230 = store i4 0, i4 %t_out" [src/generic/fp_generic.cpp:230]   --->   Operation 17 'store' 'store_ln230' <Predicate = true> <Delay = 0.38>
ST_1 : Operation 18 [1/1] (0.00ns)   --->   "%br_ln0 = br void %for.inc"   --->   Operation 18 'br' 'br_ln0' <Predicate = true> <Delay = 0.00>
ST_1 : Operation 19 [1/1] (0.00ns)   --->   "%j_23 = load i4 %j" [src/generic/fp_generic.cpp:236]   --->   Operation 19 'load' 'j_23' <Predicate = true> <Delay = 0.00>
ST_1 : Operation 20 [1/1] (0.70ns)   --->   "%icmp_ln236 = icmp_eq  i4 %j_23, i4 %indvars_iv31_read" [src/generic/fp_generic.cpp:236]   --->   Operation 20 'icmp' 'icmp_ln236' <Predicate = true> <Delay = 0.70> <CoreInst = "Cmp">   --->   Core 9 'Cmp' <Latency = 0> <II = 1> <Delay = 0.70> <FuncUnit> <Opcode : 'seteq' 'setne' 'setle' 'setge' 'setlt' 'setgt'> <InPorts = 2> <OutPorts = 1>
ST_1 : Operation 21 [1/1] (0.70ns)   --->   "%add_ln236 = add i4 %j_23, i4 1" [src/generic/fp_generic.cpp:236]   --->   Operation 21 'add' 'add_ln236' <Predicate = true> <Delay = 0.70> <CoreInst = "Adder">   --->   Core 1 'Adder' <Latency = 0> <II = 1> <Delay = 0.70> <FuncUnit> <Opcode : 'add' 'sub'> <InPorts = 2> <OutPorts = 1>
ST_1 : Operation 22 [1/1] (0.00ns)   --->   "%br_ln236 = br i1 %icmp_ln236, void %for.inc.split, void %for.inc22.exitStub" [src/generic/fp_generic.cpp:236]   --->   Operation 22 'br' 'br_ln236' <Predicate = true> <Delay = 0.00>
ST_1 : Operation 23 [1/1] (0.00ns)   --->   "%zext_ln236 = zext i4 %j_23" [src/generic/fp_generic.cpp:236]   --->   Operation 23 'zext' 'zext_ln236' <Predicate = (!icmp_ln236)> <Delay = 0.00>
ST_1 : Operation 24 [1/1] (0.00ns)   --->   "%trunc_ln236 = trunc i4 %j_23" [src/generic/fp_generic.cpp:236]   --->   Operation 24 'trunc' 'trunc_ln236' <Predicate = (!icmp_ln236)> <Delay = 0.00>
ST_1 : Operation 25 [1/1] (0.00ns)   --->   "%PKB_addr = getelementptr i64 %PKB, i64 0, i64 %zext_ln236" [src/generic/fp_generic.cpp:237]   --->   Operation 25 'getelementptr' 'PKB_addr' <Predicate = (!icmp_ln236)> <Delay = 0.00>
ST_1 : Operation 26 [2/2] (0.71ns)   --->   "%PKB_load = load i6 %PKB_addr" [src/generic/fp_generic.cpp:237]   --->   Operation 26 'load' 'PKB_load' <Predicate = (!icmp_ln236)> <Delay = 0.71> <CoreInst = "RAM">   --->   Core 82 'RAM' <Latency = 1> <II = 1> <Delay = 0.71> <Storage> <Opcode : 'load' 'store'> <Ports = 2> <Width = 64> <Depth = 48> <RAM>
ST_1 : Operation 27 [1/1] (0.57ns)   --->   "%sub_ln237 = sub i3 %tmp, i3 %trunc_ln236" [src/generic/fp_generic.cpp:237]   --->   Operation 27 'sub' 'sub_ln237' <Predicate = (!icmp_ln236)> <Delay = 0.57> <CoreInst = "Adder">   --->   Core 1 'Adder' <Latency = 0> <II = 1> <Delay = 0.57> <FuncUnit> <Opcode : 'add' 'sub'> <InPorts = 2> <OutPorts = 1>
ST_1 : Operation 28 [1/1] (0.00ns)   --->   "%zext_ln237 = zext i3 %sub_ln237" [src/generic/fp_generic.cpp:237]   --->   Operation 28 'zext' 'zext_ln237' <Predicate = (!icmp_ln236)> <Delay = 0.00>
ST_1 : Operation 29 [1/1] (0.00ns)   --->   "%Montgomery_R2_1_addr = getelementptr i64 %Montgomery_R2_1, i64 0, i64 %zext_ln237" [src/generic/fp_generic.cpp:237]   --->   Operation 29 'getelementptr' 'Montgomery_R2_1_addr' <Predicate = (!icmp_ln236)> <Delay = 0.00>
ST_1 : Operation 30 [2/2] (0.71ns)   --->   "%Montgomery_R2_1_load = load i3 %Montgomery_R2_1_addr" [src/generic/fp_generic.cpp:237]   --->   Operation 30 'load' 'Montgomery_R2_1_load' <Predicate = (!icmp_ln236)> <Delay = 0.71> <CoreInst = "ROM">   --->   Core 100 'ROM' <Latency = 1> <II = 1> <Delay = 0.71> <Storage> <Opcode : 'load'> <Ports = 0> <Width = 64> <Depth = 8> <ROM>
ST_1 : Operation 31 [1/1] (0.38ns)   --->   "%store_ln229 = store i4 %add_ln236, i4 %j" [src/generic/fp_generic.cpp:229]   --->   Operation 31 'store' 'store_ln229' <Predicate = (!icmp_ln236)> <Delay = 0.38>

State 2 <SV = 1> <Delay = 6.53>
ST_2 : Operation 32 [1/2] ( I:0.71ns O:0.71ns )   --->   "%PKB_load = load i6 %PKB_addr" [src/generic/fp_generic.cpp:237]   --->   Operation 32 'load' 'PKB_load' <Predicate = true> <Delay = 0.71> <CoreInst = "RAM">   --->   Core 82 'RAM' <Latency = 1> <II = 1> <Delay = 0.71> <Storage> <Opcode : 'load' 'store'> <Ports = 2> <Width = 64> <Depth = 48> <RAM>
ST_2 : Operation 33 [1/1] (0.00ns)   --->   "%al = trunc i64 %PKB_load" [src/generic/fp_generic.cpp:237]   --->   Operation 33 'trunc' 'al' <Predicate = true> <Delay = 0.00>
ST_2 : Operation 34 [1/2] ( I:0.71ns O:0.71ns )   --->   "%Montgomery_R2_1_load = load i3 %Montgomery_R2_1_addr" [src/generic/fp_generic.cpp:237]   --->   Operation 34 'load' 'Montgomery_R2_1_load' <Predicate = true> <Delay = 0.71> <CoreInst = "ROM">   --->   Core 100 'ROM' <Latency = 1> <II = 1> <Delay = 0.71> <Storage> <Opcode : 'load'> <Ports = 0> <Width = 64> <Depth = 8> <ROM>
ST_2 : Operation 35 [1/1] (0.00ns)   --->   "%bl = trunc i64 %Montgomery_R2_1_load" [src/generic/fp_generic.cpp:113->src/generic/fp_generic.cpp:237]   --->   Operation 35 'trunc' 'bl' <Predicate = true> <Delay = 0.00>
ST_2 : Operation 36 [1/1] (0.00ns)   --->   "%zext_ln116 = zext i32 %al" [src/generic/fp_generic.cpp:116->src/generic/fp_generic.cpp:237]   --->   Operation 36 'zext' 'zext_ln116' <Predicate = true> <Delay = 0.00>
ST_2 : Operation 37 [1/1] (0.00ns)   --->   "%ah = partselect i32 @_ssdm_op_PartSelect.i32.i64.i32.i32, i64 %PKB_load, i32 32, i32 63" [src/generic/fp_generic.cpp:122->src/generic/fp_generic.cpp:237]   --->   Operation 37 'partselect' 'ah' <Predicate = true> <Delay = 0.00>
ST_2 : Operation 38 [1/1] (0.00ns)   --->   "%zext_ln122 = zext i32 %ah" [src/generic/fp_generic.cpp:122->src/generic/fp_generic.cpp:237]   --->   Operation 38 'zext' 'zext_ln122' <Predicate = true> <Delay = 0.00>
ST_2 : Operation 39 [1/1] (0.00ns)   --->   "%zext_ln116_35 = zext i32 %bl" [src/generic/fp_generic.cpp:116->src/generic/fp_generic.cpp:237]   --->   Operation 39 'zext' 'zext_ln116_35' <Predicate = true> <Delay = 0.00>
ST_2 : Operation 40 [1/1] (0.00ns)   --->   "%bh = partselect i32 @_ssdm_op_PartSelect.i32.i64.i32.i32, i64 %Montgomery_R2_1_load, i32 32, i32 63" [src/generic/fp_generic.cpp:124->src/generic/fp_generic.cpp:237]   --->   Operation 40 'partselect' 'bh' <Predicate = true> <Delay = 0.00>
ST_2 : Operation 41 [1/1] (0.00ns)   --->   "%zext_ln124 = zext i32 %bh" [src/generic/fp_generic.cpp:124->src/generic/fp_generic.cpp:237]   --->   Operation 41 'zext' 'zext_ln124' <Predicate = true> <Delay = 0.00>
ST_2 : Operation 42 [1/1] (3.17ns)   --->   "%albl = mul i64 %zext_ln116_35, i64 %zext_ln116" [src/generic/fp_generic.cpp:126->src/generic/fp_generic.cpp:237]   --->   Operation 42 'mul' 'albl' <Predicate = true> <Delay = 3.17> <CoreInst = "Multiplier">   --->   Core 3 'Multiplier' <Latency = 0> <II = 1> <Delay = 3.17> <FuncUnit> <Opcode : 'mul'> <InPorts = 2> <OutPorts = 1>
ST_2 : Operation 43 [1/1] (0.00ns)   --->   "%trunc_ln117 = trunc i64 %albl" [src/generic/fp_generic.cpp:117->src/generic/fp_generic.cpp:237]   --->   Operation 43 'trunc' 'trunc_ln117' <Predicate = true> <Delay = 0.00>
ST_2 : Operation 44 [1/1] (3.17ns)   --->   "%albh = mul i64 %zext_ln124, i64 %zext_ln116" [src/generic/fp_generic.cpp:127->src/generic/fp_generic.cpp:237]   --->   Operation 44 'mul' 'albh' <Predicate = true> <Delay = 3.17> <CoreInst = "Multiplier">   --->   Core 3 'Multiplier' <Latency = 0> <II = 1> <Delay = 3.17> <FuncUnit> <Opcode : 'mul'> <InPorts = 2> <OutPorts = 1>
ST_2 : Operation 45 [1/1] (0.00ns)   --->   "%trunc_ln117_115 = trunc i64 %albh" [src/generic/fp_generic.cpp:117->src/generic/fp_generic.cpp:237]   --->   Operation 45 'trunc' 'trunc_ln117_115' <Predicate = true> <Delay = 0.00>
ST_2 : Operation 46 [1/1] (3.17ns)   --->   "%ahbl = mul i64 %zext_ln116_35, i64 %zext_ln122" [src/generic/fp_generic.cpp:128->src/generic/fp_generic.cpp:237]   --->   Operation 46 'mul' 'ahbl' <Predicate = true> <Delay = 3.17> <CoreInst = "Multiplier">   --->   Core 3 'Multiplier' <Latency = 0> <II = 1> <Delay = 3.17> <FuncUnit> <Opcode : 'mul'> <InPorts = 2> <OutPorts = 1>
ST_2 : Operation 47 [1/1] (0.00ns)   --->   "%trunc_ln117_116 = trunc i64 %ahbl" [src/generic/fp_generic.cpp:117->src/generic/fp_generic.cpp:237]   --->   Operation 47 'trunc' 'trunc_ln117_116' <Predicate = true> <Delay = 0.00>
ST_2 : Operation 48 [1/1] (3.17ns)   --->   "%ahbh = mul i64 %zext_ln124, i64 %zext_ln122" [src/generic/fp_generic.cpp:129->src/generic/fp_generic.cpp:237]   --->   Operation 48 'mul' 'ahbh' <Predicate = true> <Delay = 3.17> <CoreInst = "Multiplier">   --->   Core 3 'Multiplier' <Latency = 0> <II = 1> <Delay = 3.17> <FuncUnit> <Opcode : 'mul'> <InPorts = 2> <OutPorts = 1>
ST_2 : Operation 49 [1/1] (0.00ns)   --->   "%trunc_ln117_117 = trunc i64 %ahbh" [src/generic/fp_generic.cpp:117->src/generic/fp_generic.cpp:237]   --->   Operation 49 'trunc' 'trunc_ln117_117' <Predicate = true> <Delay = 0.00>
ST_2 : Operation 50 [1/1] (0.00ns)   --->   "%tmp_184 = partselect i32 @_ssdm_op_PartSelect.i32.i64.i32.i32, i64 %albl, i32 32, i32 63" [src/generic/fp_generic.cpp:117->src/generic/fp_generic.cpp:237]   --->   Operation 50 'partselect' 'tmp_184' <Predicate = true> <Delay = 0.00>
ST_2 : Operation 51 [1/1] (0.00ns)   --->   "%zext_ln117 = zext i32 %tmp_184" [src/generic/fp_generic.cpp:117->src/generic/fp_generic.cpp:237]   --->   Operation 51 'zext' 'zext_ln117' <Predicate = true> <Delay = 0.00>
ST_2 : Operation 52 [1/1] (0.00ns)   --->   "%zext_ln135 = zext i32 %trunc_ln117_116" [src/generic/fp_generic.cpp:135->src/generic/fp_generic.cpp:237]   --->   Operation 52 'zext' 'zext_ln135' <Predicate = true> <Delay = 0.00>
ST_2 : Operation 53 [1/1] (0.00ns)   --->   "%zext_ln135_67 = zext i32 %trunc_ln117_115" [src/generic/fp_generic.cpp:135->src/generic/fp_generic.cpp:237]   --->   Operation 53 'zext' 'zext_ln135_67' <Predicate = true> <Delay = 0.00>
ST_2 : Operation 54 [1/1] (0.88ns)   --->   "%add_ln135 = add i33 %zext_ln135, i33 %zext_ln135_67" [src/generic/fp_generic.cpp:135->src/generic/fp_generic.cpp:237]   --->   Operation 54 'add' 'add_ln135' <Predicate = true> <Delay = 0.88> <CoreInst = "Adder">   --->   Core 1 'Adder' <Latency = 0> <II = 1> <Delay = 0.89> <FuncUnit> <Opcode : 'add' 'sub'> <InPorts = 2> <OutPorts = 1>
ST_2 : Operation 55 [1/1] (0.00ns)   --->   "%zext_ln135_68 = zext i33 %add_ln135" [src/generic/fp_generic.cpp:135->src/generic/fp_generic.cpp:237]   --->   Operation 55 'zext' 'zext_ln135_68' <Predicate = true> <Delay = 0.00>
ST_2 : Operation 56 [1/1] (0.89ns)   --->   "%temp = add i34 %zext_ln135_68, i34 %zext_ln117" [src/generic/fp_generic.cpp:135->src/generic/fp_generic.cpp:237]   --->   Operation 56 'add' 'temp' <Predicate = true> <Delay = 0.89> <CoreInst = "Adder">   --->   Core 1 'Adder' <Latency = 0> <II = 1> <Delay = 0.90> <FuncUnit> <Opcode : 'add' 'sub'> <InPorts = 2> <OutPorts = 1>
ST_2 : Operation 57 [1/1] (0.00ns)   --->   "%tmp_185 = partselect i2 @_ssdm_op_PartSelect.i2.i34.i32.i32, i34 %temp, i32 32, i32 33" [src/generic/fp_generic.cpp:117->src/generic/fp_generic.cpp:237]   --->   Operation 57 'partselect' 'tmp_185' <Predicate = true> <Delay = 0.00>
ST_2 : Operation 58 [1/1] (0.00ns)   --->   "%zext_ln117_81 = zext i2 %tmp_185" [src/generic/fp_generic.cpp:117->src/generic/fp_generic.cpp:237]   --->   Operation 58 'zext' 'zext_ln117_81' <Predicate = true> <Delay = 0.00>
ST_2 : Operation 59 [1/1] (0.00ns)   --->   "%trunc_ln137 = trunc i34 %temp" [src/generic/fp_generic.cpp:137->src/generic/fp_generic.cpp:237]   --->   Operation 59 'trunc' 'trunc_ln137' <Predicate = true> <Delay = 0.00>
ST_2 : Operation 60 [1/1] (0.00ns)   --->   "%tmp_186 = partselect i32 @_ssdm_op_PartSelect.i32.i64.i32.i32, i64 %ahbl, i32 32, i32 63" [src/generic/fp_generic.cpp:117->src/generic/fp_generic.cpp:237]   --->   Operation 60 'partselect' 'tmp_186' <Predicate = true> <Delay = 0.00>
ST_2 : Operation 61 [1/1] (0.00ns)   --->   "%zext_ln117_82 = zext i32 %tmp_186" [src/generic/fp_generic.cpp:117->src/generic/fp_generic.cpp:237]   --->   Operation 61 'zext' 'zext_ln117_82' <Predicate = true> <Delay = 0.00>
ST_2 : Operation 62 [1/1] (0.00ns)   --->   "%trunc_ln117_s = partselect i32 @_ssdm_op_PartSelect.i32.i64.i32.i32, i64 %albh, i32 32, i32 63" [src/generic/fp_generic.cpp:117->src/generic/fp_generic.cpp:237]   --->   Operation 62 'partselect' 'trunc_ln117_s' <Predicate = true> <Delay = 0.00>
ST_2 : Operation 63 [1/1] (0.00ns)   --->   "%zext_ln142 = zext i32 %trunc_ln117_117" [src/generic/fp_generic.cpp:142->src/generic/fp_generic.cpp:237]   --->   Operation 63 'zext' 'zext_ln142' <Predicate = true> <Delay = 0.00>
ST_2 : Operation 64 [1/1] (0.88ns)   --->   "%add_ln142 = add i33 %zext_ln142, i33 %zext_ln117_82" [src/generic/fp_generic.cpp:142->src/generic/fp_generic.cpp:237]   --->   Operation 64 'add' 'add_ln142' <Predicate = true> <Delay = 0.88> <CoreInst = "Adder">   --->   Core 1 'Adder' <Latency = 0> <II = 1> <Delay = 0.89> <FuncUnit> <Opcode : 'add' 'sub'> <InPorts = 2> <OutPorts = 1>
ST_2 : Operation 65 [1/1] (0.88ns)   --->   "%add_ln142_81 = add i32 %trunc_ln117_s, i32 %zext_ln117_81" [src/generic/fp_generic.cpp:142->src/generic/fp_generic.cpp:237]   --->   Operation 65 'add' 'add_ln142_81' <Predicate = true> <Delay = 0.88> <CoreInst = "Adder">   --->   Core 1 'Adder' <Latency = 0> <II = 1> <Delay = 0.88> <FuncUnit> <Opcode : 'add' 'sub'> <InPorts = 2> <OutPorts = 1>
ST_2 : Operation 66 [1/1] (0.00ns)   --->   "%tmp_187 = partselect i32 @_ssdm_op_PartSelect.i32.i64.i32.i32, i64 %ahbh, i32 32, i32 63" [src/generic/fp_generic.cpp:145->src/generic/fp_generic.cpp:237]   --->   Operation 66 'partselect' 'tmp_187' <Predicate = true> <Delay = 0.00>
ST_2 : Operation 112 [1/1] (0.00ns)   --->   "%v_94_load_1 = load i64 %v_94"   --->   Operation 112 'load' 'v_94_load_1' <Predicate = (icmp_ln236)> <Delay = 0.00>
ST_2 : Operation 113 [1/1] (0.00ns)   --->   "%write_ln0 = write void @_ssdm_op_Write.ap_auto.i64P0A, i64 %v_94_out, i64 %v_94_load_1"   --->   Operation 113 'write' 'write_ln0' <Predicate = (icmp_ln236)> <Delay = 0.00>
ST_2 : Operation 114 [1/1] (0.38ns)   --->   "%ret_ln0 = ret"   --->   Operation 114 'ret' 'ret_ln0' <Predicate = (icmp_ln236)> <Delay = 0.38>

State 3 <SV = 2> <Delay = 5.71>
ST_3 : Operation 67 [1/1] (0.00ns)   --->   "%t_out_load = load i4 %t_out" [src/generic/fp_generic.cpp:240]   --->   Operation 67 'load' 't_out_load' <Predicate = true> <Delay = 0.00>
ST_3 : Operation 68 [1/1] (0.00ns)   --->   "%u_71_out_load = load i64 %u_71_out" [src/generic/fp_generic.cpp:239]   --->   Operation 68 'load' 'u_71_out_load' <Predicate = true> <Delay = 0.00>
ST_3 : Operation 69 [1/1] (0.00ns)   --->   "%v_94_load = load i64 %v_94" [src/generic/fp_generic.cpp:238]   --->   Operation 69 'load' 'v_94_load' <Predicate = true> <Delay = 0.00>
ST_3 : Operation 70 [1/1] (0.00ns)   --->   "%specpipeline_ln229 = specpipeline void @_ssdm_op_SpecPipeline, i32 4294967295, i32 0, i32 0, i32 0, void @empty_73" [src/generic/fp_generic.cpp:229]   --->   Operation 70 'specpipeline' 'specpipeline_ln229' <Predicate = true> <Delay = 0.00>
ST_3 : Operation 71 [1/1] (0.00ns)   --->   "%speclooptripcount_ln229 = speclooptripcount void @_ssdm_op_SpecLoopTripCount, i64 1, i64 8, i64 4" [src/generic/fp_generic.cpp:229]   --->   Operation 71 'speclooptripcount' 'speclooptripcount_ln229' <Predicate = true> <Delay = 0.00>
ST_3 : Operation 72 [1/1] (0.00ns)   --->   "%specloopname_ln236 = specloopname void @_ssdm_op_SpecLoopName, void @empty_34" [src/generic/fp_generic.cpp:236]   --->   Operation 72 'specloopname' 'specloopname_ln236' <Predicate = true> <Delay = 0.00>
ST_3 : Operation 73 [1/1] (0.00ns)   --->   "%shl_ln = bitconcatenate i64 @_ssdm_op_BitConcatenate.i64.i32.i32, i32 %trunc_ln137, i32 0" [src/generic/fp_generic.cpp:137->src/generic/fp_generic.cpp:237]   --->   Operation 73 'bitconcatenate' 'shl_ln' <Predicate = true> <Delay = 0.00>
ST_3 : Operation 74 [1/1] (0.00ns)   --->   "%zext_ln142_67 = zext i33 %add_ln142" [src/generic/fp_generic.cpp:142->src/generic/fp_generic.cpp:237]   --->   Operation 74 'zext' 'zext_ln142_67' <Predicate = true> <Delay = 0.00>
ST_3 : Operation 75 [1/1] (0.00ns)   --->   "%zext_ln142_68 = zext i32 %add_ln142_81" [src/generic/fp_generic.cpp:142->src/generic/fp_generic.cpp:237]   --->   Operation 75 'zext' 'zext_ln142_68' <Predicate = true> <Delay = 0.00>
ST_3 : Operation 76 [1/1] (0.89ns)   --->   "%temp_41 = add i34 %zext_ln142_68, i34 %zext_ln142_67" [src/generic/fp_generic.cpp:142->src/generic/fp_generic.cpp:237]   --->   Operation 76 'add' 'temp_41' <Predicate = true> <Delay = 0.89> <CoreInst = "Adder">   --->   Core 1 'Adder' <Latency = 0> <II = 1> <Delay = 0.90> <FuncUnit> <Opcode : 'add' 'sub'> <InPorts = 2> <OutPorts = 1>
ST_3 : Operation 77 [1/1] (0.00ns) (grouped into LUT with out node tempReg)   --->   "%trunc_ln116 = trunc i34 %temp_41" [src/generic/fp_generic.cpp:116->src/generic/fp_generic.cpp:237]   --->   Operation 77 'trunc' 'trunc_ln116' <Predicate = true> <Delay = 0.00>
ST_3 : Operation 78 [1/1] (0.00ns)   --->   "%and_ln = bitconcatenate i64 @_ssdm_op_BitConcatenate.i64.i32.i32, i32 %tmp_187, i32 0" [src/generic/fp_generic.cpp:145->src/generic/fp_generic.cpp:237]   --->   Operation 78 'bitconcatenate' 'and_ln' <Predicate = true> <Delay = 0.00>
ST_3 : Operation 79 [1/1] (0.00ns)   --->   "%tmp_188 = partselect i2 @_ssdm_op_PartSelect.i2.i34.i32.i32, i34 %temp_41, i32 32, i32 33" [src/generic/fp_generic.cpp:145->src/generic/fp_generic.cpp:237]   --->   Operation 79 'partselect' 'tmp_188' <Predicate = true> <Delay = 0.00>
ST_3 : Operation 80 [1/1] (0.00ns)   --->   "%and_ln145_s = bitconcatenate i34 @_ssdm_op_BitConcatenate.i34.i2.i32, i2 %tmp_188, i32 0" [src/generic/fp_generic.cpp:145->src/generic/fp_generic.cpp:237]   --->   Operation 80 'bitconcatenate' 'and_ln145_s' <Predicate = true> <Delay = 0.00>
ST_3 : Operation 81 [1/1] (0.00ns)   --->   "%zext_ln145 = zext i34 %and_ln145_s" [src/generic/fp_generic.cpp:145->src/generic/fp_generic.cpp:237]   --->   Operation 81 'zext' 'zext_ln145' <Predicate = true> <Delay = 0.00>
ST_3 : Operation 82 [1/1] (1.14ns)   --->   "%add_ln145 = add i64 %zext_ln145, i64 %and_ln" [src/generic/fp_generic.cpp:145->src/generic/fp_generic.cpp:237]   --->   Operation 82 'add' 'add_ln145' <Predicate = true> <Delay = 1.14> <CoreInst = "Adder">   --->   Core 1 'Adder' <Latency = 0> <II = 1> <Delay = 1.14> <FuncUnit> <Opcode : 'add' 'sub'> <InPorts = 2> <OutPorts = 1>
ST_3 : Operation 83 [1/1] (0.00ns)   --->   "%or_ln = bitconcatenate i64 @_ssdm_op_BitConcatenate.i64.i32.i32, i32 %trunc_ln137, i32 %trunc_ln117" [src/generic/fp_generic.cpp:238]   --->   Operation 83 'bitconcatenate' 'or_ln' <Predicate = true> <Delay = 0.00>
ST_3 : Operation 84 [1/1] (1.14ns)   --->   "%v_132 = add i64 %or_ln, i64 %v_94_load" [src/generic/fp_generic.cpp:238]   --->   Operation 84 'add' 'v_132' <Predicate = true> <Delay = 1.14> <CoreInst = "Adder">   --->   Core 1 'Adder' <Latency = 0> <II = 1> <Delay = 1.14> <FuncUnit> <Opcode : 'add' 'sub'> <InPorts = 2> <OutPorts = 1>
ST_3 : Operation 85 [1/1] (0.00ns) (grouped into LUT with out node tempReg)   --->   "%xor_ln105 = xor i64 %v_132, i64 %shl_ln" [src/config.h:105->src/generic/fp_generic.cpp:238]   --->   Operation 85 'xor' 'xor_ln105' <Predicate = true> <Delay = 0.00> <CoreInst = "LogicGate">   --->   Core 74 'LogicGate' <Latency = 0> <II = 1> <Delay = 0.28> <FuncUnit> <Opcode : 'and' 'or' 'xor'> <InPorts = 2> <OutPorts = 1>
ST_3 : Operation 86 [1/1] (0.00ns) (grouped into LUT with out node tempReg)   --->   "%xor_ln105_21 = xor i64 %shl_ln, i64 %v_94_load" [src/config.h:105->src/generic/fp_generic.cpp:238]   --->   Operation 86 'xor' 'xor_ln105_21' <Predicate = true> <Delay = 0.00> <CoreInst = "LogicGate">   --->   Core 74 'LogicGate' <Latency = 0> <II = 1> <Delay = 0.28> <FuncUnit> <Opcode : 'and' 'or' 'xor'> <InPorts = 2> <OutPorts = 1>
ST_3 : Operation 87 [1/1] (0.00ns) (grouped into LUT with out node tempReg)   --->   "%or_ln105 = or i64 %xor_ln105, i64 %xor_ln105_21" [src/config.h:105->src/generic/fp_generic.cpp:238]   --->   Operation 87 'or' 'or_ln105' <Predicate = true> <Delay = 0.00> <CoreInst = "LogicGate">   --->   Core 74 'LogicGate' <Latency = 0> <II = 1> <Delay = 0.28> <FuncUnit> <Opcode : 'and' 'or' 'xor'> <InPorts = 2> <OutPorts = 1>
ST_3 : Operation 88 [1/1] (0.00ns) (grouped into LUT with out node tempReg)   --->   "%xor_ln105_22 = xor i64 %or_ln105, i64 %v_132" [src/config.h:105->src/generic/fp_generic.cpp:238]   --->   Operation 88 'xor' 'xor_ln105_22' <Predicate = true> <Delay = 0.00> <CoreInst = "LogicGate">   --->   Core 74 'LogicGate' <Latency = 0> <II = 1> <Delay = 0.28> <FuncUnit> <Opcode : 'and' 'or' 'xor'> <InPorts = 2> <OutPorts = 1>
ST_3 : Operation 89 [1/1] (0.00ns) (grouped into LUT with out node tempReg)   --->   "%carry = bitselect i1 @_ssdm_op_BitSelect.i1.i64.i32, i64 %xor_ln105_22, i32 63" [src/config.h:105->src/generic/fp_generic.cpp:238]   --->   Operation 89 'bitselect' 'carry' <Predicate = true> <Delay = 0.00>
ST_3 : Operation 90 [1/1] (0.00ns) (grouped into LUT with out node tempReg)   --->   "%zext_ln105 = zext i1 %carry" [src/config.h:105->src/generic/fp_generic.cpp:238]   --->   Operation 90 'zext' 'zext_ln105' <Predicate = true> <Delay = 0.00>
ST_3 : Operation 91 [1/1] (0.00ns) (grouped into LUT with out node tempReg)   --->   "%tmp_s = partselect i32 @_ssdm_op_PartSelect.i32.i64.i32.i32, i64 %add_ln145, i32 32, i32 63" [src/generic/fp_generic.cpp:239]   --->   Operation 91 'partselect' 'tmp_s' <Predicate = true> <Delay = 0.00>
ST_3 : Operation 92 [1/1] (0.00ns) (grouped into LUT with out node tempReg)   --->   "%or_ln6 = bitconcatenate i64 @_ssdm_op_BitConcatenate.i64.i32.i32, i32 %tmp_s, i32 %trunc_ln116" [src/generic/fp_generic.cpp:239]   --->   Operation 92 'bitconcatenate' 'or_ln6' <Predicate = true> <Delay = 0.00>
ST_3 : Operation 93 [1/1] (1.14ns) (out node of the LUT)   --->   "%tempReg = add i64 %or_ln6, i64 %zext_ln105" [src/generic/fp_generic.cpp:239]   --->   Operation 93 'add' 'tempReg' <Predicate = true> <Delay = 1.14> <CoreInst = "Adder">   --->   Core 1 'Adder' <Latency = 0> <II = 1> <Delay = 1.14> <FuncUnit> <Opcode : 'add' 'sub'> <InPorts = 2> <OutPorts = 1>
ST_3 : Operation 94 [1/1] (1.14ns)   --->   "%v = add i64 %tempReg, i64 %u_71_out_load" [src/generic/fp_generic.cpp:239]   --->   Operation 94 'add' 'v' <Predicate = true> <Delay = 1.14> <CoreInst = "Adder">   --->   Core 1 'Adder' <Latency = 0> <II = 1> <Delay = 1.14> <FuncUnit> <Opcode : 'add' 'sub'> <InPorts = 2> <OutPorts = 1>
ST_3 : Operation 95 [1/1] (0.00ns) (grouped into LUT with out node xor_ln239_15)   --->   "%xor_ln239 = xor i64 %v, i64 %tempReg" [src/generic/fp_generic.cpp:239]   --->   Operation 95 'xor' 'xor_ln239' <Predicate = true> <Delay = 0.00> <CoreInst = "LogicGate">   --->   Core 74 'LogicGate' <Latency = 0> <II = 1> <Delay = 0.28> <FuncUnit> <Opcode : 'and' 'or' 'xor'> <InPorts = 2> <OutPorts = 1>
ST_3 : Operation 96 [1/1] (0.00ns) (grouped into LUT with out node xor_ln239_15)   --->   "%xor_ln239_13 = xor i64 %tempReg, i64 %u_71_out_load" [src/generic/fp_generic.cpp:239]   --->   Operation 96 'xor' 'xor_ln239_13' <Predicate = true> <Delay = 0.00> <CoreInst = "LogicGate">   --->   Core 74 'LogicGate' <Latency = 0> <II = 1> <Delay = 0.28> <FuncUnit> <Opcode : 'and' 'or' 'xor'> <InPorts = 2> <OutPorts = 1>
ST_3 : Operation 97 [1/1] (0.00ns) (grouped into LUT with out node xor_ln239_15)   --->   "%or_ln239 = or i64 %xor_ln239, i64 %xor_ln239_13" [src/generic/fp_generic.cpp:239]   --->   Operation 97 'or' 'or_ln239' <Predicate = true> <Delay = 0.00> <CoreInst = "LogicGate">   --->   Core 74 'LogicGate' <Latency = 0> <II = 1> <Delay = 0.28> <FuncUnit> <Opcode : 'and' 'or' 'xor'> <InPorts = 2> <OutPorts = 1>
ST_3 : Operation 98 [1/1] (0.00ns) (grouped into LUT with out node u)   --->   "%bit_sel = bitselect i1 @_ssdm_op_BitSelect.i1.i64.i64, i64 %tempReg, i64 63" [src/generic/fp_generic.cpp:239]   --->   Operation 98 'bitselect' 'bit_sel' <Predicate = true> <Delay = 0.00>
ST_3 : Operation 99 [1/1] (0.00ns) (grouped into LUT with out node u)   --->   "%xor_ln239_14 = xor i1 %bit_sel, i1 1" [src/generic/fp_generic.cpp:239]   --->   Operation 99 'xor' 'xor_ln239_14' <Predicate = true> <Delay = 0.00> <CoreInst = "LogicGate">   --->   Core 74 'LogicGate' <Latency = 0> <II = 1> <Delay = 0.12> <FuncUnit> <Opcode : 'and' 'or' 'xor'> <InPorts = 2> <OutPorts = 1>
ST_3 : Operation 100 [1/1] (0.00ns) (grouped into LUT with out node u)   --->   "%trunc_ln239 = trunc i64 %tempReg" [src/generic/fp_generic.cpp:239]   --->   Operation 100 'trunc' 'trunc_ln239' <Predicate = true> <Delay = 0.00>
ST_3 : Operation 101 [1/1] (0.00ns) (grouped into LUT with out node u)   --->   "%xor_ln239_s = bitconcatenate i64 @_ssdm_op_BitConcatenate.i64.i1.i63, i1 %xor_ln239_14, i63 %trunc_ln239" [src/generic/fp_generic.cpp:239]   --->   Operation 101 'bitconcatenate' 'xor_ln239_s' <Predicate = true> <Delay = 0.00>
ST_3 : Operation 102 [1/1] (0.00ns) (grouped into LUT with out node u)   --->   "%and_ln239 = and i64 %xor_ln239_s, i64 %add_ln145" [src/generic/fp_generic.cpp:239]   --->   Operation 102 'and' 'and_ln239' <Predicate = true> <Delay = 0.00> <CoreInst = "LogicGate">   --->   Core 74 'LogicGate' <Latency = 0> <II = 1> <Delay = 0.28> <FuncUnit> <Opcode : 'and' 'or' 'xor'> <InPorts = 2> <OutPorts = 1>
ST_3 : Operation 103 [1/1] (0.28ns) (out node of the LUT)   --->   "%xor_ln239_15 = xor i64 %or_ln239, i64 %v" [src/generic/fp_generic.cpp:239]   --->   Operation 103 'xor' 'xor_ln239_15' <Predicate = true> <Delay = 0.28> <CoreInst = "LogicGate">   --->   Core 74 'LogicGate' <Latency = 0> <II = 1> <Delay = 0.28> <FuncUnit> <Opcode : 'and' 'or' 'xor'> <InPorts = 2> <OutPorts = 1>
ST_3 : Operation 104 [1/1] (0.00ns) (grouped into LUT with out node u)   --->   "%or_ln239_5 = or i64 %xor_ln239_15, i64 %and_ln239" [src/generic/fp_generic.cpp:239]   --->   Operation 104 'or' 'or_ln239_5' <Predicate = true> <Delay = 0.00> <CoreInst = "LogicGate">   --->   Core 74 'LogicGate' <Latency = 0> <II = 1> <Delay = 0.28> <FuncUnit> <Opcode : 'and' 'or' 'xor'> <InPorts = 2> <OutPorts = 1>
ST_3 : Operation 105 [1/1] (0.00ns) (grouped into LUT with out node u)   --->   "%tmp_126 = bitselect i1 @_ssdm_op_BitSelect.i1.i64.i32, i64 %or_ln239_5, i32 63" [src/generic/fp_generic.cpp:240]   --->   Operation 105 'bitselect' 'tmp_126' <Predicate = true> <Delay = 0.00>
ST_3 : Operation 106 [1/1] (0.00ns) (grouped into LUT with out node u)   --->   "%zext_ln240 = zext i1 %tmp_126" [src/generic/fp_generic.cpp:240]   --->   Operation 106 'zext' 'zext_ln240' <Predicate = true> <Delay = 0.00>
ST_3 : Operation 107 [1/1] (0.70ns) (out node of the LUT)   --->   "%u = add i4 %zext_ln240, i4 %t_out_load" [src/generic/fp_generic.cpp:240]   --->   Operation 107 'add' 'u' <Predicate = true> <Delay = 0.70> <CoreInst = "Adder">   --->   Core 1 'Adder' <Latency = 0> <II = 1> <Delay = 0.70> <FuncUnit> <Opcode : 'add' 'sub'> <InPorts = 2> <OutPorts = 1>
ST_3 : Operation 108 [1/1] (0.38ns)   --->   "%store_ln230 = store i64 %v_132, i64 %v_94" [src/generic/fp_generic.cpp:230]   --->   Operation 108 'store' 'store_ln230' <Predicate = true> <Delay = 0.38>
ST_3 : Operation 109 [1/1] (0.38ns)   --->   "%store_ln230 = store i64 %v, i64 %u_71_out" [src/generic/fp_generic.cpp:230]   --->   Operation 109 'store' 'store_ln230' <Predicate = true> <Delay = 0.38>
ST_3 : Operation 110 [1/1] (0.38ns)   --->   "%store_ln230 = store i4 %u, i4 %t_out" [src/generic/fp_generic.cpp:230]   --->   Operation 110 'store' 'store_ln230' <Predicate = true> <Delay = 0.38>
ST_3 : Operation 111 [1/1] (0.00ns)   --->   "%br_ln236 = br void %for.inc" [src/generic/fp_generic.cpp:236]   --->   Operation 111 'br' 'br_ln236' <Predicate = true> <Delay = 0.00>


============================================================
+ Verbose Summary: Binding
============================================================
STG Binding: 
---------------- STG Properties BEGIN ----------------
- Is combinational: 0
- Is one-state seq: 0
- Is datapath-only: 0
- Is pipelined: 0
- Is top level: 0
Port [ Return ] is wired: 1; IO mode=ap_ctrl_hs:ce=0
Port [ v_017]:  wired=1; compound=0; hidden=0; nouse=0; global=0; static=0; extern=0; dir=0; type=0; pingpong=0; private_global=0; IO mode=ap_none:ce=0
Port [ zext_ln234]:  wired=1; compound=0; hidden=0; nouse=0; global=0; static=0; extern=0; dir=0; type=0; pingpong=0; private_global=0; IO mode=ap_none:ce=0
Port [ indvars_iv31]:  wired=1; compound=0; hidden=0; nouse=0; global=0; static=0; extern=0; dir=0; type=0; pingpong=0; private_global=0; IO mode=ap_none:ce=0
Port [ PKB]:  wired=1; compound=1; hidden=0; nouse=0; global=0; static=0; extern=0; dir=0; type=1; pingpong=0; private_global=0; MemPort=[13]; IO mode=ap_memory:ce=0
Port [ empty]:  wired=1; compound=0; hidden=0; nouse=0; global=0; static=0; extern=0; dir=0; type=0; pingpong=0; private_global=0; IO mode=ap_none:ce=0
Port [ v_94_out]:  wired=1; compound=0; hidden=0; nouse=0; global=0; static=0; extern=0; dir=1; type=0; pingpong=0; private_global=0; IO mode=ap_vld:ce=0
Port [ u_71_out]:  wired=1; compound=0; hidden=0; nouse=0; global=0; static=0; extern=0; dir=2; type=0; pingpong=0; private_global=0; IO mode=ap_ovld:ce=0
Port [ t_out]:  wired=1; compound=0; hidden=0; nouse=0; global=0; static=0; extern=0; dir=2; type=0; pingpong=0; private_global=0; IO mode=ap_ovld:ce=0
Port [ Montgomery_R2_1]:  wired=0; compound=1; hidden=1; nouse=0; global=1; static=1; extern=0; dir=0; type=1; pingpong=0; private_global=0; MemPort=[1]; IO mode=ap_memory:ce=0
---------------- STG Properties END ------------------

---------------- Datapath Model BEGIN ----------------

<LifeTime>
<method=bitvector/>
v_94                       (alloca                ) [ 0111]
j                          (alloca                ) [ 0100]
specbramwithbyteenable_ln0 (specbramwithbyteenable) [ 0000]
tmp                        (read                  ) [ 0000]
indvars_iv31_read          (read                  ) [ 0000]
zext_ln234_read            (read                  ) [ 0000]
v_017_read                 (read                  ) [ 0000]
zext_ln234_cast            (zext                  ) [ 0000]
store_ln229                (store                 ) [ 0000]
store_ln230                (store                 ) [ 0000]
store_ln230                (store                 ) [ 0000]
store_ln230                (store                 ) [ 0000]
br_ln0                     (br                    ) [ 0000]
j_23                       (load                  ) [ 0000]
icmp_ln236                 (icmp                  ) [ 0110]
add_ln236                  (add                   ) [ 0000]
br_ln236                   (br                    ) [ 0000]
zext_ln236                 (zext                  ) [ 0000]
trunc_ln236                (trunc                 ) [ 0000]
PKB_addr                   (getelementptr         ) [ 0110]
sub_ln237                  (sub                   ) [ 0000]
zext_ln237                 (zext                  ) [ 0000]
Montgomery_R2_1_addr       (getelementptr         ) [ 0110]
store_ln229                (store                 ) [ 0000]
PKB_load                   (load                  ) [ 0000]
al                         (trunc                 ) [ 0000]
Montgomery_R2_1_load       (load                  ) [ 0000]
bl                         (trunc                 ) [ 0000]
zext_ln116                 (zext                  ) [ 0000]
ah                         (partselect            ) [ 0000]
zext_ln122                 (zext                  ) [ 0000]
zext_ln116_35              (zext                  ) [ 0000]
bh                         (partselect            ) [ 0000]
zext_ln124                 (zext                  ) [ 0000]
albl                       (mul                   ) [ 0000]
trunc_ln117                (trunc                 ) [ 0101]
albh                       (mul                   ) [ 0000]
trunc_ln117_115            (trunc                 ) [ 0000]
ahbl                       (mul                   ) [ 0000]
trunc_ln117_116            (trunc                 ) [ 0000]
ahbh                       (mul                   ) [ 0000]
trunc_ln117_117            (trunc                 ) [ 0000]
tmp_184                    (partselect            ) [ 0000]
zext_ln117                 (zext                  ) [ 0000]
zext_ln135                 (zext                  ) [ 0000]
zext_ln135_67              (zext                  ) [ 0000]
add_ln135                  (add                   ) [ 0000]
zext_ln135_68              (zext                  ) [ 0000]
temp                       (add                   ) [ 0000]
tmp_185                    (partselect            ) [ 0000]
zext_ln117_81              (zext                  ) [ 0000]
trunc_ln137                (trunc                 ) [ 0101]
tmp_186                    (partselect            ) [ 0000]
zext_ln117_82              (zext                  ) [ 0000]
trunc_ln117_s              (partselect            ) [ 0000]
zext_ln142                 (zext                  ) [ 0000]
add_ln142                  (add                   ) [ 0101]
add_ln142_81               (add                   ) [ 0101]
tmp_187                    (partselect            ) [ 0101]
t_out_load                 (load                  ) [ 0000]
u_71_out_load              (load                  ) [ 0000]
v_94_load                  (load                  ) [ 0000]
specpipeline_ln229         (specpipeline          ) [ 0000]
speclooptripcount_ln229    (speclooptripcount     ) [ 0000]
specloopname_ln236         (specloopname          ) [ 0000]
shl_ln                     (bitconcatenate        ) [ 0000]
zext_ln142_67              (zext                  ) [ 0000]
zext_ln142_68              (zext                  ) [ 0000]
temp_41                    (add                   ) [ 0000]
trunc_ln116                (trunc                 ) [ 0000]
and_ln                     (bitconcatenate        ) [ 0000]
tmp_188                    (partselect            ) [ 0000]
and_ln145_s                (bitconcatenate        ) [ 0000]
zext_ln145                 (zext                  ) [ 0000]
add_ln145                  (add                   ) [ 0000]
or_ln                      (bitconcatenate        ) [ 0000]
v_132                      (add                   ) [ 0000]
xor_ln105                  (xor                   ) [ 0000]
xor_ln105_21               (xor                   ) [ 0000]
or_ln105                   (or                    ) [ 0000]
xor_ln105_22               (xor                   ) [ 0000]
carry                      (bitselect             ) [ 0000]
zext_ln105                 (zext                  ) [ 0000]
tmp_s                      (partselect            ) [ 0000]
or_ln6                     (bitconcatenate        ) [ 0000]
tempReg                    (add                   ) [ 0000]
v                          (add                   ) [ 0000]
xor_ln239                  (xor                   ) [ 0000]
xor_ln239_13               (xor                   ) [ 0000]
or_ln239                   (or                    ) [ 0000]
bit_sel                    (bitselect             ) [ 0000]
xor_ln239_14               (xor                   ) [ 0000]
trunc_ln239                (trunc                 ) [ 0000]
xor_ln239_s                (bitconcatenate        ) [ 0000]
and_ln239                  (and                   ) [ 0000]
xor_ln239_15               (xor                   ) [ 0000]
or_ln239_5                 (or                    ) [ 0000]
tmp_126                    (bitselect             ) [ 0000]
zext_ln240                 (zext                  ) [ 0000]
u                          (add                   ) [ 0000]
store_ln230                (store                 ) [ 0000]
store_ln230                (store                 ) [ 0000]
store_ln230                (store                 ) [ 0000]
br_ln236                   (br                    ) [ 0000]
v_94_load_1                (load                  ) [ 0000]
write_ln0                  (write                 ) [ 0000]
ret_ln0                    (ret                   ) [ 0000]
</LifeTime>

<model>

<comp_list>
<comp id="0" class="1000" name="v_017">
<pin_list>
<pin id="1" dir="1" index="0" bw="1" slack="0"/>
</pin_list>
<bind>
<StgValue><ssdm name="v_017"/></StgValue>
</bind>
</comp>

<comp id="2" class="1000" name="zext_ln234">
<pin_list>
<pin id="3" dir="1" index="0" bw="1" slack="0"/>
</pin_list>
<bind>
<StgValue><ssdm name="zext_ln234"/></StgValue>
</bind>
</comp>

<comp id="4" class="1000" name="indvars_iv31">
<pin_list>
<pin id="5" dir="1" index="0" bw="1" slack="0"/>
</pin_list>
<bind>
<StgValue><ssdm name="indvars_iv31"/></StgValue>
</bind>
</comp>

<comp id="6" class="1000" name="PKB">
<pin_list>
<pin id="7" dir="1" index="0" bw="1" slack="0"/>
</pin_list>
<bind>
<StgValue><ssdm name="PKB"/><MemPortTyVec>1 3 </MemPortTyVec>
</StgValue>
</bind>
</comp>

<comp id="8" class="1000" name="empty">
<pin_list>
<pin id="9" dir="1" index="0" bw="1" slack="0"/>
</pin_list>
<bind>
<StgValue><ssdm name="empty"/></StgValue>
</bind>
</comp>

<comp id="10" class="1000" name="v_94_out">
<pin_list>
<pin id="11" dir="1" index="0" bw="1" slack="0"/>
</pin_list>
<bind>
<StgValue><ssdm name="v_94_out"/></StgValue>
</bind>
</comp>

<comp id="12" class="1000" name="u_71_out">
<pin_list>
<pin id="13" dir="1" index="0" bw="1" slack="0"/>
</pin_list>
<bind>
<StgValue><ssdm name="u_71_out"/></StgValue>
</bind>
</comp>

<comp id="14" class="1000" name="t_out">
<pin_list>
<pin id="15" dir="1" index="0" bw="1" slack="0"/>
</pin_list>
<bind>
<StgValue><ssdm name="t_out"/></StgValue>
</bind>
</comp>

<comp id="16" class="1000" name="Montgomery_R2_1">
<pin_list>
<pin id="17" dir="1" index="0" bw="1" slack="0"/>
</pin_list>
<bind>
<StgValue><ssdm name="Montgomery_R2_1"/><MemPortTyVec>1 </MemPortTyVec>
</StgValue>
</bind>
</comp>

<comp id="18" class="1001" name="const_18">
<pin_list>
<pin id="19" dir="1" index="0" bw="1" slack="0"/>
</pin_list>
<bind>
<StgValue><ssdm name=""/></StgValue>
</bind>
</comp>

<comp id="20" class="1001" name="const_20">
<pin_list>
<pin id="21" dir="1" index="0" bw="1" slack="2147483647"/>
</pin_list>
<bind>
<StgValue><ssdm name="_ssdm_op_SpecBRAMWithByteEnable"/></StgValue>
</bind>
</comp>

<comp id="22" class="1001" name="const_22">
<pin_list>
<pin id="23" dir="1" index="0" bw="1" slack="0"/>
</pin_list>
<bind>
<StgValue><ssdm name="_ssdm_op_Read.ap_auto.i3"/></StgValue>
</bind>
</comp>

<comp id="24" class="1001" name="const_24">
<pin_list>
<pin id="25" dir="1" index="0" bw="1" slack="0"/>
</pin_list>
<bind>
<StgValue><ssdm name="_ssdm_op_Read.ap_auto.i4"/></StgValue>
</bind>
</comp>

<comp id="26" class="1001" name="const_26">
<pin_list>
<pin id="27" dir="1" index="0" bw="1" slack="0"/>
</pin_list>
<bind>
<StgValue><ssdm name="_ssdm_op_Read.ap_auto.i64"/></StgValue>
</bind>
</comp>

<comp id="28" class="1001" name="const_28">
<pin_list>
<pin id="29" dir="1" index="0" bw="1" slack="0"/>
</pin_list>
<bind>
<StgValue><ssdm name=""/></StgValue>
</bind>
</comp>

<comp id="30" class="1001" name="const_30">
<pin_list>
<pin id="31" dir="1" index="0" bw="1" slack="0"/>
</pin_list>
<bind>
<StgValue><ssdm name=""/></StgValue>
</bind>
</comp>

<comp id="32" class="1001" name="const_32">
<pin_list>
<pin id="33" dir="1" index="0" bw="1" slack="0"/>
</pin_list>
<bind>
<StgValue><ssdm name=""/></StgValue>
</bind>
</comp>

<comp id="34" class="1001" name="const_34">
<pin_list>
<pin id="35" dir="1" index="0" bw="1" slack="0"/>
</pin_list>
<bind>
<StgValue><ssdm name="_ssdm_op_PartSelect.i32.i64.i32.i32"/></StgValue>
</bind>
</comp>

<comp id="36" class="1001" name="const_36">
<pin_list>
<pin id="37" dir="1" index="0" bw="1" slack="0"/>
</pin_list>
<bind>
<StgValue><ssdm name=""/></StgValue>
</bind>
</comp>

<comp id="38" class="1001" name="const_38">
<pin_list>
<pin id="39" dir="1" index="0" bw="1" slack="0"/>
</pin_list>
<bind>
<StgValue><ssdm name=""/></StgValue>
</bind>
</comp>

<comp id="40" class="1001" name="const_40">
<pin_list>
<pin id="41" dir="1" index="0" bw="1" slack="0"/>
</pin_list>
<bind>
<StgValue><ssdm name="_ssdm_op_PartSelect.i2.i34.i32.i32"/></StgValue>
</bind>
</comp>

<comp id="42" class="1001" name="const_42">
<pin_list>
<pin id="43" dir="1" index="0" bw="1" slack="0"/>
</pin_list>
<bind>
<StgValue><ssdm name=""/></StgValue>
</bind>
</comp>

<comp id="44" class="1001" name="const_44">
<pin_list>
<pin id="45" dir="1" index="0" bw="1" slack="2147483647"/>
</pin_list>
<bind>
<StgValue><ssdm name="_ssdm_op_SpecPipeline"/></StgValue>
</bind>
</comp>

<comp id="46" class="1001" name="const_46">
<pin_list>
<pin id="47" dir="1" index="0" bw="1" slack="2147483647"/>
</pin_list>
<bind>
<StgValue><ssdm name=""/></StgValue>
</bind>
</comp>

<comp id="48" class="1001" name="const_48">
<pin_list>
<pin id="49" dir="1" index="0" bw="1" slack="0"/>
</pin_list>
<bind>
<StgValue><ssdm name=""/></StgValue>
</bind>
</comp>

<comp id="50" class="1001" name="const_50">
<pin_list>
<pin id="51" dir="1" index="0" bw="1" slack="2147483647"/>
</pin_list>
<bind>
<StgValue><ssdm name="empty_73"/></StgValue>
</bind>
</comp>

<comp id="52" class="1001" name="const_52">
<pin_list>
<pin id="53" dir="1" index="0" bw="1" slack="2147483647"/>
</pin_list>
<bind>
<StgValue><ssdm name="_ssdm_op_SpecLoopTripCount"/></StgValue>
</bind>
</comp>

<comp id="54" class="1001" name="const_54">
<pin_list>
<pin id="55" dir="1" index="0" bw="1" slack="2147483647"/>
</pin_list>
<bind>
<StgValue><ssdm name=""/></StgValue>
</bind>
</comp>

<comp id="56" class="1001" name="const_56">
<pin_list>
<pin id="57" dir="1" index="0" bw="1" slack="2147483647"/>
</pin_list>
<bind>
<StgValue><ssdm name=""/></StgValue>
</bind>
</comp>

<comp id="58" class="1001" name="const_58">
<pin_list>
<pin id="59" dir="1" index="0" bw="1" slack="2147483647"/>
</pin_list>
<bind>
<StgValue><ssdm name=""/></StgValue>
</bind>
</comp>

<comp id="60" class="1001" name="const_60">
<pin_list>
<pin id="61" dir="1" index="0" bw="1" slack="2147483647"/>
</pin_list>
<bind>
<StgValue><ssdm name="_ssdm_op_SpecLoopName"/></StgValue>
</bind>
</comp>

<comp id="62" class="1001" name="const_62">
<pin_list>
<pin id="63" dir="1" index="0" bw="1" slack="2147483647"/>
</pin_list>
<bind>
<StgValue><ssdm name="empty_34"/></StgValue>
</bind>
</comp>

<comp id="64" class="1001" name="const_64">
<pin_list>
<pin id="65" dir="1" index="0" bw="1" slack="0"/>
</pin_list>
<bind>
<StgValue><ssdm name="_ssdm_op_BitConcatenate.i64.i32.i32"/></StgValue>
</bind>
</comp>

<comp id="66" class="1001" name="const_66">
<pin_list>
<pin id="67" dir="1" index="0" bw="1" slack="0"/>
</pin_list>
<bind>
<StgValue><ssdm name="_ssdm_op_BitConcatenate.i34.i2.i32"/></StgValue>
</bind>
</comp>

<comp id="68" class="1001" name="const_68">
<pin_list>
<pin id="69" dir="1" index="0" bw="1" slack="0"/>
</pin_list>
<bind>
<StgValue><ssdm name="_ssdm_op_BitSelect.i1.i64.i32"/></StgValue>
</bind>
</comp>

<comp id="70" class="1001" name="const_70">
<pin_list>
<pin id="71" dir="1" index="0" bw="1" slack="0"/>
</pin_list>
<bind>
<StgValue><ssdm name="_ssdm_op_BitSelect.i1.i64.i64"/></StgValue>
</bind>
</comp>

<comp id="72" class="1001" name="const_72">
<pin_list>
<pin id="73" dir="1" index="0" bw="1" slack="0"/>
</pin_list>
<bind>
<StgValue><ssdm name=""/></StgValue>
</bind>
</comp>

<comp id="74" class="1001" name="const_74">
<pin_list>
<pin id="75" dir="1" index="0" bw="1" slack="0"/>
</pin_list>
<bind>
<StgValue><ssdm name=""/></StgValue>
</bind>
</comp>

<comp id="76" class="1001" name="const_76">
<pin_list>
<pin id="77" dir="1" index="0" bw="1" slack="0"/>
</pin_list>
<bind>
<StgValue><ssdm name="_ssdm_op_BitConcatenate.i64.i1.i63"/></StgValue>
</bind>
</comp>

<comp id="78" class="1001" name="const_78">
<pin_list>
<pin id="79" dir="1" index="0" bw="1" slack="0"/>
</pin_list>
<bind>
<StgValue><ssdm name="_ssdm_op_Write.ap_auto.i64P0A"/></StgValue>
</bind>
</comp>

<comp id="80" class="1004" name="v_94_fu_80">
<pin_list>
<pin id="81" dir="0" index="0" bw="1" slack="0"/>
<pin id="82" dir="1" index="1" bw="64" slack="0"/>
</pin_list>
<bind>
<opcode="alloca(26) " fcode="alloca"/>
<opset="v_94/1 "/>
</bind>
</comp>

<comp id="84" class="1004" name="j_fu_84">
<pin_list>
<pin id="85" dir="0" index="0" bw="1" slack="0"/>
<pin id="86" dir="1" index="1" bw="4" slack="0"/>
</pin_list>
<bind>
<opcode="alloca(26) " fcode="alloca"/>
<opset="j/1 "/>
</bind>
</comp>

<comp id="88" class="1004" name="tmp_read_fu_88">
<pin_list>
<pin id="89" dir="0" index="0" bw="3" slack="0"/>
<pin id="90" dir="0" index="1" bw="3" slack="0"/>
<pin id="91" dir="1" index="2" bw="3" slack="0"/>
</pin_list>
<bind>
<opcode="read(1150) " fcode="read"/>
<opset="tmp/1 "/>
</bind>
</comp>

<comp id="94" class="1004" name="indvars_iv31_read_read_fu_94">
<pin_list>
<pin id="95" dir="0" index="0" bw="4" slack="0"/>
<pin id="96" dir="0" index="1" bw="4" slack="0"/>
<pin id="97" dir="1" index="2" bw="4" slack="0"/>
</pin_list>
<bind>
<opcode="read(1150) " fcode="read"/>
<opset="indvars_iv31_read/1 "/>
</bind>
</comp>

<comp id="100" class="1004" name="zext_ln234_read_read_fu_100">
<pin_list>
<pin id="101" dir="0" index="0" bw="4" slack="0"/>
<pin id="102" dir="0" index="1" bw="4" slack="0"/>
<pin id="103" dir="1" index="2" bw="4" slack="0"/>
</pin_list>
<bind>
<opcode="read(1150) " fcode="read"/>
<opset="zext_ln234_read/1 "/>
</bind>
</comp>

<comp id="106" class="1004" name="v_017_read_read_fu_106">
<pin_list>
<pin id="107" dir="0" index="0" bw="64" slack="0"/>
<pin id="108" dir="0" index="1" bw="64" slack="0"/>
<pin id="109" dir="1" index="2" bw="64" slack="0"/>
</pin_list>
<bind>
<opcode="read(1150) " fcode="read"/>
<opset="v_017_read/1 "/>
</bind>
</comp>

<comp id="112" class="1004" name="write_ln0_write_fu_112">
<pin_list>
<pin id="113" dir="0" index="0" bw="0" slack="0"/>
<pin id="114" dir="0" index="1" bw="64" slack="0"/>
<pin id="115" dir="0" index="2" bw="64" slack="0"/>
<pin id="116" dir="1" index="3" bw="0" slack="2147483647"/>
</pin_list>
<bind>
<opcode="write(1151) " fcode="write"/>
<opset="write_ln0/2 "/>
</bind>
</comp>

<comp id="119" class="1004" name="PKB_addr_gep_fu_119">
<pin_list>
<pin id="120" dir="0" index="0" bw="64" slack="0"/>
<pin id="121" dir="0" index="1" bw="1" slack="0"/>
<pin id="122" dir="0" index="2" bw="4" slack="0"/>
<pin id="123" dir="1" index="3" bw="6" slack="0"/>
</pin_list>
<bind>
<opcode="getelementptr(29) " fcode="getelementptr"/>
<opset="PKB_addr/1 "/>
</bind>
</comp>

<comp id="126" class="1004" name="grp_access_fu_126">
<pin_list>
<pin id="127" dir="0" index="0" bw="6" slack="0"/>
<pin id="128" dir="0" index="1" bw="64" slack="2147483647"/>
<pin id="129" dir="0" index="2" bw="0" slack="2147483647"/>
<pin id="130" dir="1" index="3" bw="64" slack="0"/>
</pin_list>
<bind>
<opcode="load(27) " fcode="load"/>
<opset="PKB_load/1 "/>
</bind>
</comp>

<comp id="132" class="1004" name="Montgomery_R2_1_addr_gep_fu_132">
<pin_list>
<pin id="133" dir="0" index="0" bw="64" slack="0"/>
<pin id="134" dir="0" index="1" bw="1" slack="0"/>
<pin id="135" dir="0" index="2" bw="3" slack="0"/>
<pin id="136" dir="1" index="3" bw="3" slack="0"/>
</pin_list>
<bind>
<opcode="getelementptr(29) " fcode="getelementptr"/>
<opset="Montgomery_R2_1_addr/1 "/>
</bind>
</comp>

<comp id="139" class="1004" name="grp_access_fu_139">
<pin_list>
<pin id="140" dir="0" index="0" bw="3" slack="0"/>
<pin id="141" dir="0" index="1" bw="64" slack="2147483647"/>
<pin id="142" dir="0" index="2" bw="0" slack="2147483647"/>
<pin id="143" dir="1" index="3" bw="64" slack="0"/>
</pin_list>
<bind>
<opcode="load(27) " fcode="load"/>
<opset="Montgomery_R2_1_load/1 "/>
</bind>
</comp>

<comp id="145" class="1004" name="albl_fu_145">
<pin_list>
<pin id="146" dir="0" index="0" bw="32" slack="0"/>
<pin id="147" dir="0" index="1" bw="32" slack="0"/>
<pin id="148" dir="1" index="2" bw="64" slack="0"/>
</pin_list>
<bind>
<opcode="mul(12) " fcode="mul"/>
<opset="albl/2 "/>
</bind>
</comp>

<comp id="149" class="1004" name="albh_fu_149">
<pin_list>
<pin id="150" dir="0" index="0" bw="32" slack="0"/>
<pin id="151" dir="0" index="1" bw="32" slack="0"/>
<pin id="152" dir="1" index="2" bw="64" slack="0"/>
</pin_list>
<bind>
<opcode="mul(12) " fcode="mul"/>
<opset="albh/2 "/>
</bind>
</comp>

<comp id="153" class="1004" name="ahbl_fu_153">
<pin_list>
<pin id="154" dir="0" index="0" bw="32" slack="0"/>
<pin id="155" dir="0" index="1" bw="32" slack="0"/>
<pin id="156" dir="1" index="2" bw="64" slack="0"/>
</pin_list>
<bind>
<opcode="mul(12) " fcode="mul"/>
<opset="ahbl/2 "/>
</bind>
</comp>

<comp id="157" class="1004" name="ahbh_fu_157">
<pin_list>
<pin id="158" dir="0" index="0" bw="32" slack="0"/>
<pin id="159" dir="0" index="1" bw="32" slack="0"/>
<pin id="160" dir="1" index="2" bw="64" slack="0"/>
</pin_list>
<bind>
<opcode="mul(12) " fcode="mul"/>
<opset="ahbh/2 "/>
</bind>
</comp>

<comp id="161" class="1004" name="zext_ln234_cast_fu_161">
<pin_list>
<pin id="162" dir="0" index="0" bw="4" slack="0"/>
<pin id="163" dir="1" index="1" bw="64" slack="0"/>
</pin_list>
<bind>
<opcode="zext(34) " fcode="zext"/>
<opset="zext_ln234_cast/1 "/>
</bind>
</comp>

<comp id="165" class="1004" name="store_ln229_store_fu_165">
<pin_list>
<pin id="166" dir="0" index="0" bw="1" slack="0"/>
<pin id="167" dir="0" index="1" bw="4" slack="0"/>
<pin id="168" dir="1" index="2" bw="0" slack="2147483647"/>
</pin_list>
<bind>
<opcode="store(28) " fcode="store"/>
<opset="store_ln229/1 "/>
</bind>
</comp>

<comp id="170" class="1004" name="store_ln230_store_fu_170">
<pin_list>
<pin id="171" dir="0" index="0" bw="64" slack="0"/>
<pin id="172" dir="0" index="1" bw="64" slack="0"/>
<pin id="173" dir="1" index="2" bw="0" slack="2147483647"/>
</pin_list>
<bind>
<opcode="store(28) " fcode="store"/>
<opset="store_ln230/1 "/>
</bind>
</comp>

<comp id="175" class="1004" name="store_ln230_store_fu_175">
<pin_list>
<pin id="176" dir="0" index="0" bw="4" slack="0"/>
<pin id="177" dir="0" index="1" bw="64" slack="0"/>
<pin id="178" dir="1" index="2" bw="0" slack="2147483647"/>
</pin_list>
<bind>
<opcode="store(28) " fcode="store"/>
<opset="store_ln230/1 "/>
</bind>
</comp>

<comp id="181" class="1004" name="store_ln230_store_fu_181">
<pin_list>
<pin id="182" dir="0" index="0" bw="1" slack="0"/>
<pin id="183" dir="0" index="1" bw="4" slack="0"/>
<pin id="184" dir="1" index="2" bw="0" slack="2147483647"/>
</pin_list>
<bind>
<opcode="store(28) " fcode="store"/>
<opset="store_ln230/1 "/>
</bind>
</comp>

<comp id="187" class="1004" name="j_23_load_fu_187">
<pin_list>
<pin id="188" dir="0" index="0" bw="4" slack="0"/>
<pin id="189" dir="1" index="1" bw="4" slack="0"/>
</pin_list>
<bind>
<opcode="load(27) " fcode="load"/>
<opset="j_23/1 "/>
</bind>
</comp>

<comp id="190" class="1004" name="icmp_ln236_fu_190">
<pin_list>
<pin id="191" dir="0" index="0" bw="4" slack="0"/>
<pin id="192" dir="0" index="1" bw="4" slack="0"/>
<pin id="193" dir="1" index="2" bw="1" slack="1"/>
</pin_list>
<bind>
<opcode="icmp(45) " fcode="icmp"/>
<opset="icmp_ln236/1 "/>
</bind>
</comp>

<comp id="196" class="1004" name="add_ln236_fu_196">
<pin_list>
<pin id="197" dir="0" index="0" bw="4" slack="0"/>
<pin id="198" dir="0" index="1" bw="1" slack="0"/>
<pin id="199" dir="1" index="2" bw="4" slack="0"/>
</pin_list>
<bind>
<opcode="add(8) " fcode="add"/>
<opset="add_ln236/1 "/>
</bind>
</comp>

<comp id="202" class="1004" name="zext_ln236_fu_202">
<pin_list>
<pin id="203" dir="0" index="0" bw="4" slack="0"/>
<pin id="204" dir="1" index="1" bw="64" slack="0"/>
</pin_list>
<bind>
<opcode="zext(34) " fcode="zext"/>
<opset="zext_ln236/1 "/>
</bind>
</comp>

<comp id="207" class="1004" name="trunc_ln236_fu_207">
<pin_list>
<pin id="208" dir="0" index="0" bw="4" slack="0"/>
<pin id="209" dir="1" index="1" bw="3" slack="0"/>
</pin_list>
<bind>
<opcode="trunc(33) " fcode="trunc"/>
<opset="trunc_ln236/1 "/>
</bind>
</comp>

<comp id="211" class="1004" name="sub_ln237_fu_211">
<pin_list>
<pin id="212" dir="0" index="0" bw="3" slack="0"/>
<pin id="213" dir="0" index="1" bw="3" slack="0"/>
<pin id="214" dir="1" index="2" bw="3" slack="0"/>
</pin_list>
<bind>
<opcode="sub(10) " fcode="sub"/>
<opset="sub_ln237/1 "/>
</bind>
</comp>

<comp id="217" class="1004" name="zext_ln237_fu_217">
<pin_list>
<pin id="218" dir="0" index="0" bw="3" slack="0"/>
<pin id="219" dir="1" index="1" bw="64" slack="0"/>
</pin_list>
<bind>
<opcode="zext(34) " fcode="zext"/>
<opset="zext_ln237/1 "/>
</bind>
</comp>

<comp id="222" class="1004" name="store_ln229_store_fu_222">
<pin_list>
<pin id="223" dir="0" index="0" bw="4" slack="0"/>
<pin id="224" dir="0" index="1" bw="4" slack="0"/>
<pin id="225" dir="1" index="2" bw="0" slack="2147483647"/>
</pin_list>
<bind>
<opcode="store(28) " fcode="store"/>
<opset="store_ln229/1 "/>
</bind>
</comp>

<comp id="227" class="1004" name="al_fu_227">
<pin_list>
<pin id="228" dir="0" index="0" bw="64" slack="0"/>
<pin id="229" dir="1" index="1" bw="32" slack="0"/>
</pin_list>
<bind>
<opcode="trunc(33) " fcode="trunc"/>
<opset="al/2 "/>
</bind>
</comp>

<comp id="231" class="1004" name="bl_fu_231">
<pin_list>
<pin id="232" dir="0" index="0" bw="64" slack="0"/>
<pin id="233" dir="1" index="1" bw="32" slack="0"/>
</pin_list>
<bind>
<opcode="trunc(33) " fcode="trunc"/>
<opset="bl/2 "/>
</bind>
</comp>

<comp id="235" class="1004" name="zext_ln116_fu_235">
<pin_list>
<pin id="236" dir="0" index="0" bw="32" slack="0"/>
<pin id="237" dir="1" index="1" bw="64" slack="0"/>
</pin_list>
<bind>
<opcode="zext(34) " fcode="zext"/>
<opset="zext_ln116/2 "/>
</bind>
</comp>

<comp id="241" class="1004" name="ah_fu_241">
<pin_list>
<pin id="242" dir="0" index="0" bw="32" slack="0"/>
<pin id="243" dir="0" index="1" bw="64" slack="0"/>
<pin id="244" dir="0" index="2" bw="7" slack="0"/>
<pin id="245" dir="0" index="3" bw="7" slack="0"/>
<pin id="246" dir="1" index="4" bw="32" slack="0"/>
</pin_list>
<bind>
<opcode="partselect(1002) " fcode="partselect"/>
<opset="ah/2 "/>
</bind>
</comp>

<comp id="251" class="1004" name="zext_ln122_fu_251">
<pin_list>
<pin id="252" dir="0" index="0" bw="32" slack="0"/>
<pin id="253" dir="1" index="1" bw="64" slack="0"/>
</pin_list>
<bind>
<opcode="zext(34) " fcode="zext"/>
<opset="zext_ln122/2 "/>
</bind>
</comp>

<comp id="257" class="1004" name="zext_ln116_35_fu_257">
<pin_list>
<pin id="258" dir="0" index="0" bw="32" slack="0"/>
<pin id="259" dir="1" index="1" bw="64" slack="0"/>
</pin_list>
<bind>
<opcode="zext(34) " fcode="zext"/>
<opset="zext_ln116_35/2 "/>
</bind>
</comp>

<comp id="263" class="1004" name="bh_fu_263">
<pin_list>
<pin id="264" dir="0" index="0" bw="32" slack="0"/>
<pin id="265" dir="0" index="1" bw="64" slack="0"/>
<pin id="266" dir="0" index="2" bw="7" slack="0"/>
<pin id="267" dir="0" index="3" bw="7" slack="0"/>
<pin id="268" dir="1" index="4" bw="32" slack="0"/>
</pin_list>
<bind>
<opcode="partselect(1002) " fcode="partselect"/>
<opset="bh/2 "/>
</bind>
</comp>

<comp id="273" class="1004" name="zext_ln124_fu_273">
<pin_list>
<pin id="274" dir="0" index="0" bw="32" slack="0"/>
<pin id="275" dir="1" index="1" bw="64" slack="0"/>
</pin_list>
<bind>
<opcode="zext(34) " fcode="zext"/>
<opset="zext_ln124/2 "/>
</bind>
</comp>

<comp id="279" class="1004" name="trunc_ln117_fu_279">
<pin_list>
<pin id="280" dir="0" index="0" bw="64" slack="0"/>
<pin id="281" dir="1" index="1" bw="32" slack="1"/>
</pin_list>
<bind>
<opcode="trunc(33) " fcode="trunc"/>
<opset="trunc_ln117/2 "/>
</bind>
</comp>

<comp id="283" class="1004" name="trunc_ln117_115_fu_283">
<pin_list>
<pin id="284" dir="0" index="0" bw="64" slack="0"/>
<pin id="285" dir="1" index="1" bw="32" slack="0"/>
</pin_list>
<bind>
<opcode="trunc(33) " fcode="trunc"/>
<opset="trunc_ln117_115/2 "/>
</bind>
</comp>

<comp id="287" class="1004" name="trunc_ln117_116_fu_287">
<pin_list>
<pin id="288" dir="0" index="0" bw="64" slack="0"/>
<pin id="289" dir="1" index="1" bw="32" slack="0"/>
</pin_list>
<bind>
<opcode="trunc(33) " fcode="trunc"/>
<opset="trunc_ln117_116/2 "/>
</bind>
</comp>

<comp id="291" class="1004" name="trunc_ln117_117_fu_291">
<pin_list>
<pin id="292" dir="0" index="0" bw="64" slack="0"/>
<pin id="293" dir="1" index="1" bw="32" slack="0"/>
</pin_list>
<bind>
<opcode="trunc(33) " fcode="trunc"/>
<opset="trunc_ln117_117/2 "/>
</bind>
</comp>

<comp id="295" class="1004" name="tmp_184_fu_295">
<pin_list>
<pin id="296" dir="0" index="0" bw="32" slack="0"/>
<pin id="297" dir="0" index="1" bw="64" slack="0"/>
<pin id="298" dir="0" index="2" bw="7" slack="0"/>
<pin id="299" dir="0" index="3" bw="7" slack="0"/>
<pin id="300" dir="1" index="4" bw="32" slack="0"/>
</pin_list>
<bind>
<opcode="partselect(1002) " fcode="partselect"/>
<opset="tmp_184/2 "/>
</bind>
</comp>

<comp id="305" class="1004" name="zext_ln117_fu_305">
<pin_list>
<pin id="306" dir="0" index="0" bw="32" slack="0"/>
<pin id="307" dir="1" index="1" bw="34" slack="0"/>
</pin_list>
<bind>
<opcode="zext(34) " fcode="zext"/>
<opset="zext_ln117/2 "/>
</bind>
</comp>

<comp id="309" class="1004" name="zext_ln135_fu_309">
<pin_list>
<pin id="310" dir="0" index="0" bw="32" slack="0"/>
<pin id="311" dir="1" index="1" bw="33" slack="0"/>
</pin_list>
<bind>
<opcode="zext(34) " fcode="zext"/>
<opset="zext_ln135/2 "/>
</bind>
</comp>

<comp id="313" class="1004" name="zext_ln135_67_fu_313">
<pin_list>
<pin id="314" dir="0" index="0" bw="32" slack="0"/>
<pin id="315" dir="1" index="1" bw="33" slack="0"/>
</pin_list>
<bind>
<opcode="zext(34) " fcode="zext"/>
<opset="zext_ln135_67/2 "/>
</bind>
</comp>

<comp id="317" class="1004" name="add_ln135_fu_317">
<pin_list>
<pin id="318" dir="0" index="0" bw="32" slack="0"/>
<pin id="319" dir="0" index="1" bw="32" slack="0"/>
<pin id="320" dir="1" index="2" bw="33" slack="0"/>
</pin_list>
<bind>
<opcode="add(8) " fcode="add"/>
<opset="add_ln135/2 "/>
</bind>
</comp>

<comp id="323" class="1004" name="zext_ln135_68_fu_323">
<pin_list>
<pin id="324" dir="0" index="0" bw="33" slack="0"/>
<pin id="325" dir="1" index="1" bw="34" slack="0"/>
</pin_list>
<bind>
<opcode="zext(34) " fcode="zext"/>
<opset="zext_ln135_68/2 "/>
</bind>
</comp>

<comp id="327" class="1004" name="temp_fu_327">
<pin_list>
<pin id="328" dir="0" index="0" bw="33" slack="0"/>
<pin id="329" dir="0" index="1" bw="32" slack="0"/>
<pin id="330" dir="1" index="2" bw="34" slack="0"/>
</pin_list>
<bind>
<opcode="add(8) " fcode="add"/>
<opset="temp/2 "/>
</bind>
</comp>

<comp id="333" class="1004" name="tmp_185_fu_333">
<pin_list>
<pin id="334" dir="0" index="0" bw="2" slack="0"/>
<pin id="335" dir="0" index="1" bw="34" slack="0"/>
<pin id="336" dir="0" index="2" bw="7" slack="0"/>
<pin id="337" dir="0" index="3" bw="7" slack="0"/>
<pin id="338" dir="1" index="4" bw="2" slack="0"/>
</pin_list>
<bind>
<opcode="partselect(1002) " fcode="partselect"/>
<opset="tmp_185/2 "/>
</bind>
</comp>

<comp id="343" class="1004" name="zext_ln117_81_fu_343">
<pin_list>
<pin id="344" dir="0" index="0" bw="2" slack="0"/>
<pin id="345" dir="1" index="1" bw="32" slack="0"/>
</pin_list>
<bind>
<opcode="zext(34) " fcode="zext"/>
<opset="zext_ln117_81/2 "/>
</bind>
</comp>

<comp id="347" class="1004" name="trunc_ln137_fu_347">
<pin_list>
<pin id="348" dir="0" index="0" bw="34" slack="0"/>
<pin id="349" dir="1" index="1" bw="32" slack="1"/>
</pin_list>
<bind>
<opcode="trunc(33) " fcode="trunc"/>
<opset="trunc_ln137/2 "/>
</bind>
</comp>

<comp id="351" class="1004" name="tmp_186_fu_351">
<pin_list>
<pin id="352" dir="0" index="0" bw="32" slack="0"/>
<pin id="353" dir="0" index="1" bw="64" slack="0"/>
<pin id="354" dir="0" index="2" bw="7" slack="0"/>
<pin id="355" dir="0" index="3" bw="7" slack="0"/>
<pin id="356" dir="1" index="4" bw="32" slack="0"/>
</pin_list>
<bind>
<opcode="partselect(1002) " fcode="partselect"/>
<opset="tmp_186/2 "/>
</bind>
</comp>

<comp id="361" class="1004" name="zext_ln117_82_fu_361">
<pin_list>
<pin id="362" dir="0" index="0" bw="32" slack="0"/>
<pin id="363" dir="1" index="1" bw="33" slack="0"/>
</pin_list>
<bind>
<opcode="zext(34) " fcode="zext"/>
<opset="zext_ln117_82/2 "/>
</bind>
</comp>

<comp id="365" class="1004" name="trunc_ln117_s_fu_365">
<pin_list>
<pin id="366" dir="0" index="0" bw="32" slack="0"/>
<pin id="367" dir="0" index="1" bw="64" slack="0"/>
<pin id="368" dir="0" index="2" bw="7" slack="0"/>
<pin id="369" dir="0" index="3" bw="7" slack="0"/>
<pin id="370" dir="1" index="4" bw="32" slack="0"/>
</pin_list>
<bind>
<opcode="partselect(1002) " fcode="partselect"/>
<opset="trunc_ln117_s/2 "/>
</bind>
</comp>

<comp id="375" class="1004" name="zext_ln142_fu_375">
<pin_list>
<pin id="376" dir="0" index="0" bw="32" slack="0"/>
<pin id="377" dir="1" index="1" bw="33" slack="0"/>
</pin_list>
<bind>
<opcode="zext(34) " fcode="zext"/>
<opset="zext_ln142/2 "/>
</bind>
</comp>

<comp id="379" class="1004" name="add_ln142_fu_379">
<pin_list>
<pin id="380" dir="0" index="0" bw="32" slack="0"/>
<pin id="381" dir="0" index="1" bw="32" slack="0"/>
<pin id="382" dir="1" index="2" bw="33" slack="1"/>
</pin_list>
<bind>
<opcode="add(8) " fcode="add"/>
<opset="add_ln142/2 "/>
</bind>
</comp>

<comp id="385" class="1004" name="add_ln142_81_fu_385">
<pin_list>
<pin id="386" dir="0" index="0" bw="32" slack="0"/>
<pin id="387" dir="0" index="1" bw="2" slack="0"/>
<pin id="388" dir="1" index="2" bw="32" slack="1"/>
</pin_list>
<bind>
<opcode="add(8) " fcode="add"/>
<opset="add_ln142_81/2 "/>
</bind>
</comp>

<comp id="391" class="1004" name="tmp_187_fu_391">
<pin_list>
<pin id="392" dir="0" index="0" bw="32" slack="0"/>
<pin id="393" dir="0" index="1" bw="64" slack="0"/>
<pin id="394" dir="0" index="2" bw="7" slack="0"/>
<pin id="395" dir="0" index="3" bw="7" slack="0"/>
<pin id="396" dir="1" index="4" bw="32" slack="1"/>
</pin_list>
<bind>
<opcode="partselect(1002) " fcode="partselect"/>
<opset="tmp_187/2 "/>
</bind>
</comp>

<comp id="401" class="1004" name="t_out_load_load_fu_401">
<pin_list>
<pin id="402" dir="0" index="0" bw="4" slack="0"/>
<pin id="403" dir="1" index="1" bw="4" slack="0"/>
</pin_list>
<bind>
<opcode="load(27) " fcode="load"/>
<opset="t_out_load/3 "/>
</bind>
</comp>

<comp id="405" class="1004" name="u_71_out_load_load_fu_405">
<pin_list>
<pin id="406" dir="0" index="0" bw="64" slack="0"/>
<pin id="407" dir="1" index="1" bw="64" slack="0"/>
</pin_list>
<bind>
<opcode="load(27) " fcode="load"/>
<opset="u_71_out_load/3 "/>
</bind>
</comp>

<comp id="409" class="1004" name="v_94_load_load_fu_409">
<pin_list>
<pin id="410" dir="0" index="0" bw="64" slack="2"/>
<pin id="411" dir="1" index="1" bw="64" slack="0"/>
</pin_list>
<bind>
<opcode="load(27) " fcode="load"/>
<opset="v_94_load/3 "/>
</bind>
</comp>

<comp id="412" class="1004" name="shl_ln_fu_412">
<pin_list>
<pin id="413" dir="0" index="0" bw="64" slack="0"/>
<pin id="414" dir="0" index="1" bw="32" slack="1"/>
<pin id="415" dir="0" index="2" bw="1" slack="0"/>
<pin id="416" dir="1" index="3" bw="64" slack="0"/>
</pin_list>
<bind>
<opcode="bitconcatenate(1004) " fcode="bitconcatenate"/>
<opset="shl_ln/3 "/>
</bind>
</comp>

<comp id="419" class="1004" name="zext_ln142_67_fu_419">
<pin_list>
<pin id="420" dir="0" index="0" bw="33" slack="1"/>
<pin id="421" dir="1" index="1" bw="34" slack="0"/>
</pin_list>
<bind>
<opcode="zext(34) " fcode="zext"/>
<opset="zext_ln142_67/3 "/>
</bind>
</comp>

<comp id="422" class="1004" name="zext_ln142_68_fu_422">
<pin_list>
<pin id="423" dir="0" index="0" bw="32" slack="1"/>
<pin id="424" dir="1" index="1" bw="34" slack="0"/>
</pin_list>
<bind>
<opcode="zext(34) " fcode="zext"/>
<opset="zext_ln142_68/3 "/>
</bind>
</comp>

<comp id="425" class="1004" name="temp_41_fu_425">
<pin_list>
<pin id="426" dir="0" index="0" bw="32" slack="0"/>
<pin id="427" dir="0" index="1" bw="33" slack="0"/>
<pin id="428" dir="1" index="2" bw="34" slack="0"/>
</pin_list>
<bind>
<opcode="add(8) " fcode="add"/>
<opset="temp_41/3 "/>
</bind>
</comp>

<comp id="431" class="1004" name="trunc_ln116_fu_431">
<pin_list>
<pin id="432" dir="0" index="0" bw="34" slack="0"/>
<pin id="433" dir="1" index="1" bw="32" slack="0"/>
</pin_list>
<bind>
<opcode="trunc(33) " fcode="trunc"/>
<opset="trunc_ln116/3 "/>
</bind>
</comp>

<comp id="435" class="1004" name="and_ln_fu_435">
<pin_list>
<pin id="436" dir="0" index="0" bw="64" slack="0"/>
<pin id="437" dir="0" index="1" bw="32" slack="1"/>
<pin id="438" dir="0" index="2" bw="1" slack="0"/>
<pin id="439" dir="1" index="3" bw="64" slack="0"/>
</pin_list>
<bind>
<opcode="bitconcatenate(1004) " fcode="bitconcatenate"/>
<opset="and_ln/3 "/>
</bind>
</comp>

<comp id="442" class="1004" name="tmp_188_fu_442">
<pin_list>
<pin id="443" dir="0" index="0" bw="2" slack="0"/>
<pin id="444" dir="0" index="1" bw="34" slack="0"/>
<pin id="445" dir="0" index="2" bw="7" slack="0"/>
<pin id="446" dir="0" index="3" bw="7" slack="0"/>
<pin id="447" dir="1" index="4" bw="2" slack="0"/>
</pin_list>
<bind>
<opcode="partselect(1002) " fcode="partselect"/>
<opset="tmp_188/3 "/>
</bind>
</comp>

<comp id="452" class="1004" name="and_ln145_s_fu_452">
<pin_list>
<pin id="453" dir="0" index="0" bw="34" slack="0"/>
<pin id="454" dir="0" index="1" bw="2" slack="0"/>
<pin id="455" dir="0" index="2" bw="1" slack="0"/>
<pin id="456" dir="1" index="3" bw="34" slack="0"/>
</pin_list>
<bind>
<opcode="bitconcatenate(1004) " fcode="bitconcatenate"/>
<opset="and_ln145_s/3 "/>
</bind>
</comp>

<comp id="460" class="1004" name="zext_ln145_fu_460">
<pin_list>
<pin id="461" dir="0" index="0" bw="34" slack="0"/>
<pin id="462" dir="1" index="1" bw="64" slack="0"/>
</pin_list>
<bind>
<opcode="zext(34) " fcode="zext"/>
<opset="zext_ln145/3 "/>
</bind>
</comp>

<comp id="464" class="1004" name="add_ln145_fu_464">
<pin_list>
<pin id="465" dir="0" index="0" bw="34" slack="0"/>
<pin id="466" dir="0" index="1" bw="64" slack="0"/>
<pin id="467" dir="1" index="2" bw="64" slack="0"/>
</pin_list>
<bind>
<opcode="add(8) " fcode="add"/>
<opset="add_ln145/3 "/>
</bind>
</comp>

<comp id="470" class="1004" name="or_ln_fu_470">
<pin_list>
<pin id="471" dir="0" index="0" bw="64" slack="0"/>
<pin id="472" dir="0" index="1" bw="32" slack="1"/>
<pin id="473" dir="0" index="2" bw="32" slack="1"/>
<pin id="474" dir="1" index="3" bw="64" slack="0"/>
</pin_list>
<bind>
<opcode="bitconcatenate(1004) " fcode="bitconcatenate"/>
<opset="or_ln/3 "/>
</bind>
</comp>

<comp id="476" class="1004" name="v_132_fu_476">
<pin_list>
<pin id="477" dir="0" index="0" bw="64" slack="0"/>
<pin id="478" dir="0" index="1" bw="64" slack="0"/>
<pin id="479" dir="1" index="2" bw="64" slack="0"/>
</pin_list>
<bind>
<opcode="add(8) " fcode="add"/>
<opset="v_132/3 "/>
</bind>
</comp>

<comp id="482" class="1004" name="xor_ln105_fu_482">
<pin_list>
<pin id="483" dir="0" index="0" bw="64" slack="0"/>
<pin id="484" dir="0" index="1" bw="64" slack="0"/>
<pin id="485" dir="1" index="2" bw="64" slack="0"/>
</pin_list>
<bind>
<opcode="xor(25) " fcode="xor"/>
<opset="xor_ln105/3 "/>
</bind>
</comp>

<comp id="488" class="1004" name="xor_ln105_21_fu_488">
<pin_list>
<pin id="489" dir="0" index="0" bw="64" slack="0"/>
<pin id="490" dir="0" index="1" bw="64" slack="0"/>
<pin id="491" dir="1" index="2" bw="64" slack="0"/>
</pin_list>
<bind>
<opcode="xor(25) " fcode="xor"/>
<opset="xor_ln105_21/3 "/>
</bind>
</comp>

<comp id="494" class="1004" name="or_ln105_fu_494">
<pin_list>
<pin id="495" dir="0" index="0" bw="64" slack="0"/>
<pin id="496" dir="0" index="1" bw="64" slack="0"/>
<pin id="497" dir="1" index="2" bw="64" slack="0"/>
</pin_list>
<bind>
<opcode="or(24) " fcode="or"/>
<opset="or_ln105/3 "/>
</bind>
</comp>

<comp id="500" class="1004" name="xor_ln105_22_fu_500">
<pin_list>
<pin id="501" dir="0" index="0" bw="64" slack="0"/>
<pin id="502" dir="0" index="1" bw="64" slack="0"/>
<pin id="503" dir="1" index="2" bw="64" slack="0"/>
</pin_list>
<bind>
<opcode="xor(25) " fcode="xor"/>
<opset="xor_ln105_22/3 "/>
</bind>
</comp>

<comp id="506" class="1004" name="carry_fu_506">
<pin_list>
<pin id="507" dir="0" index="0" bw="1" slack="0"/>
<pin id="508" dir="0" index="1" bw="64" slack="0"/>
<pin id="509" dir="0" index="2" bw="7" slack="0"/>
<pin id="510" dir="1" index="3" bw="1" slack="0"/>
</pin_list>
<bind>
<opcode="bitselect(1000) " fcode="bitselect"/>
<opset="carry/3 "/>
</bind>
</comp>

<comp id="514" class="1004" name="zext_ln105_fu_514">
<pin_list>
<pin id="515" dir="0" index="0" bw="1" slack="0"/>
<pin id="516" dir="1" index="1" bw="64" slack="0"/>
</pin_list>
<bind>
<opcode="zext(34) " fcode="zext"/>
<opset="zext_ln105/3 "/>
</bind>
</comp>

<comp id="518" class="1004" name="tmp_s_fu_518">
<pin_list>
<pin id="519" dir="0" index="0" bw="32" slack="0"/>
<pin id="520" dir="0" index="1" bw="64" slack="0"/>
<pin id="521" dir="0" index="2" bw="7" slack="0"/>
<pin id="522" dir="0" index="3" bw="7" slack="0"/>
<pin id="523" dir="1" index="4" bw="32" slack="0"/>
</pin_list>
<bind>
<opcode="partselect(1002) " fcode="partselect"/>
<opset="tmp_s/3 "/>
</bind>
</comp>

<comp id="528" class="1004" name="or_ln6_fu_528">
<pin_list>
<pin id="529" dir="0" index="0" bw="64" slack="0"/>
<pin id="530" dir="0" index="1" bw="32" slack="0"/>
<pin id="531" dir="0" index="2" bw="32" slack="0"/>
<pin id="532" dir="1" index="3" bw="64" slack="0"/>
</pin_list>
<bind>
<opcode="bitconcatenate(1004) " fcode="bitconcatenate"/>
<opset="or_ln6/3 "/>
</bind>
</comp>

<comp id="536" class="1004" name="tempReg_fu_536">
<pin_list>
<pin id="537" dir="0" index="0" bw="64" slack="0"/>
<pin id="538" dir="0" index="1" bw="1" slack="0"/>
<pin id="539" dir="1" index="2" bw="64" slack="0"/>
</pin_list>
<bind>
<opcode="add(8) " fcode="add"/>
<opset="tempReg/3 "/>
</bind>
</comp>

<comp id="542" class="1004" name="v_fu_542">
<pin_list>
<pin id="543" dir="0" index="0" bw="64" slack="0"/>
<pin id="544" dir="0" index="1" bw="64" slack="0"/>
<pin id="545" dir="1" index="2" bw="64" slack="0"/>
</pin_list>
<bind>
<opcode="add(8) " fcode="add"/>
<opset="v/3 "/>
</bind>
</comp>

<comp id="548" class="1004" name="xor_ln239_fu_548">
<pin_list>
<pin id="549" dir="0" index="0" bw="64" slack="0"/>
<pin id="550" dir="0" index="1" bw="64" slack="0"/>
<pin id="551" dir="1" index="2" bw="64" slack="0"/>
</pin_list>
<bind>
<opcode="xor(25) " fcode="xor"/>
<opset="xor_ln239/3 "/>
</bind>
</comp>

<comp id="554" class="1004" name="xor_ln239_13_fu_554">
<pin_list>
<pin id="555" dir="0" index="0" bw="64" slack="0"/>
<pin id="556" dir="0" index="1" bw="64" slack="0"/>
<pin id="557" dir="1" index="2" bw="64" slack="0"/>
</pin_list>
<bind>
<opcode="xor(25) " fcode="xor"/>
<opset="xor_ln239_13/3 "/>
</bind>
</comp>

<comp id="560" class="1004" name="or_ln239_fu_560">
<pin_list>
<pin id="561" dir="0" index="0" bw="64" slack="0"/>
<pin id="562" dir="0" index="1" bw="64" slack="0"/>
<pin id="563" dir="1" index="2" bw="64" slack="0"/>
</pin_list>
<bind>
<opcode="or(24) " fcode="or"/>
<opset="or_ln239/3 "/>
</bind>
</comp>

<comp id="566" class="1004" name="bit_sel_fu_566">
<pin_list>
<pin id="567" dir="0" index="0" bw="1" slack="0"/>
<pin id="568" dir="0" index="1" bw="64" slack="0"/>
<pin id="569" dir="0" index="2" bw="7" slack="0"/>
<pin id="570" dir="1" index="3" bw="1" slack="0"/>
</pin_list>
<bind>
<opcode="bitselect(1000) " fcode="bitselect"/>
<opset="bit_sel/3 "/>
</bind>
</comp>

<comp id="574" class="1004" name="xor_ln239_14_fu_574">
<pin_list>
<pin id="575" dir="0" index="0" bw="1" slack="0"/>
<pin id="576" dir="0" index="1" bw="1" slack="0"/>
<pin id="577" dir="1" index="2" bw="1" slack="0"/>
</pin_list>
<bind>
<opcode="xor(25) " fcode="xor"/>
<opset="xor_ln239_14/3 "/>
</bind>
</comp>

<comp id="580" class="1004" name="trunc_ln239_fu_580">
<pin_list>
<pin id="581" dir="0" index="0" bw="64" slack="0"/>
<pin id="582" dir="1" index="1" bw="63" slack="0"/>
</pin_list>
<bind>
<opcode="trunc(33) " fcode="trunc"/>
<opset="trunc_ln239/3 "/>
</bind>
</comp>

<comp id="584" class="1004" name="xor_ln239_s_fu_584">
<pin_list>
<pin id="585" dir="0" index="0" bw="64" slack="0"/>
<pin id="586" dir="0" index="1" bw="1" slack="0"/>
<pin id="587" dir="0" index="2" bw="63" slack="0"/>
<pin id="588" dir="1" index="3" bw="64" slack="0"/>
</pin_list>
<bind>
<opcode="bitconcatenate(1004) " fcode="bitconcatenate"/>
<opset="xor_ln239_s/3 "/>
</bind>
</comp>

<comp id="592" class="1004" name="and_ln239_fu_592">
<pin_list>
<pin id="593" dir="0" index="0" bw="64" slack="0"/>
<pin id="594" dir="0" index="1" bw="64" slack="0"/>
<pin id="595" dir="1" index="2" bw="64" slack="0"/>
</pin_list>
<bind>
<opcode="and(23) " fcode="and"/>
<opset="and_ln239/3 "/>
</bind>
</comp>

<comp id="598" class="1004" name="xor_ln239_15_fu_598">
<pin_list>
<pin id="599" dir="0" index="0" bw="64" slack="0"/>
<pin id="600" dir="0" index="1" bw="64" slack="0"/>
<pin id="601" dir="1" index="2" bw="64" slack="0"/>
</pin_list>
<bind>
<opcode="xor(25) " fcode="xor"/>
<opset="xor_ln239_15/3 "/>
</bind>
</comp>

<comp id="604" class="1004" name="or_ln239_5_fu_604">
<pin_list>
<pin id="605" dir="0" index="0" bw="64" slack="0"/>
<pin id="606" dir="0" index="1" bw="64" slack="0"/>
<pin id="607" dir="1" index="2" bw="64" slack="0"/>
</pin_list>
<bind>
<opcode="or(24) " fcode="or"/>
<opset="or_ln239_5/3 "/>
</bind>
</comp>

<comp id="610" class="1004" name="tmp_126_fu_610">
<pin_list>
<pin id="611" dir="0" index="0" bw="1" slack="0"/>
<pin id="612" dir="0" index="1" bw="64" slack="0"/>
<pin id="613" dir="0" index="2" bw="7" slack="0"/>
<pin id="614" dir="1" index="3" bw="1" slack="0"/>
</pin_list>
<bind>
<opcode="bitselect(1000) " fcode="bitselect"/>
<opset="tmp_126/3 "/>
</bind>
</comp>

<comp id="618" class="1004" name="zext_ln240_fu_618">
<pin_list>
<pin id="619" dir="0" index="0" bw="1" slack="0"/>
<pin id="620" dir="1" index="1" bw="4" slack="0"/>
</pin_list>
<bind>
<opcode="zext(34) " fcode="zext"/>
<opset="zext_ln240/3 "/>
</bind>
</comp>

<comp id="622" class="1004" name="u_fu_622">
<pin_list>
<pin id="623" dir="0" index="0" bw="1" slack="0"/>
<pin id="624" dir="0" index="1" bw="4" slack="0"/>
<pin id="625" dir="1" index="2" bw="4" slack="0"/>
</pin_list>
<bind>
<opcode="add(8) " fcode="add"/>
<opset="u/3 "/>
</bind>
</comp>

<comp id="628" class="1004" name="store_ln230_store_fu_628">
<pin_list>
<pin id="629" dir="0" index="0" bw="64" slack="0"/>
<pin id="630" dir="0" index="1" bw="64" slack="2"/>
<pin id="631" dir="1" index="2" bw="0" slack="2147483647"/>
</pin_list>
<bind>
<opcode="store(28) " fcode="store"/>
<opset="store_ln230/3 "/>
</bind>
</comp>

<comp id="633" class="1004" name="store_ln230_store_fu_633">
<pin_list>
<pin id="634" dir="0" index="0" bw="64" slack="0"/>
<pin id="635" dir="0" index="1" bw="64" slack="0"/>
<pin id="636" dir="1" index="2" bw="0" slack="2147483647"/>
</pin_list>
<bind>
<opcode="store(28) " fcode="store"/>
<opset="store_ln230/3 "/>
</bind>
</comp>

<comp id="639" class="1004" name="store_ln230_store_fu_639">
<pin_list>
<pin id="640" dir="0" index="0" bw="4" slack="0"/>
<pin id="641" dir="0" index="1" bw="4" slack="0"/>
<pin id="642" dir="1" index="2" bw="0" slack="2147483647"/>
</pin_list>
<bind>
<opcode="store(28) " fcode="store"/>
<opset="store_ln230/3 "/>
</bind>
</comp>

<comp id="645" class="1004" name="v_94_load_1_load_fu_645">
<pin_list>
<pin id="646" dir="0" index="0" bw="64" slack="1"/>
<pin id="647" dir="1" index="1" bw="64" slack="0"/>
</pin_list>
<bind>
<opcode="load(27) " fcode="load"/>
<opset="v_94_load_1/2 "/>
</bind>
</comp>

<comp id="649" class="1005" name="v_94_reg_649">
<pin_list>
<pin id="650" dir="0" index="0" bw="64" slack="0"/>
<pin id="651" dir="1" index="1" bw="64" slack="0"/>
</pin_list>
<bind>
<opset="v_94 "/>
</bind>
</comp>

<comp id="657" class="1005" name="j_reg_657">
<pin_list>
<pin id="658" dir="0" index="0" bw="4" slack="0"/>
<pin id="659" dir="1" index="1" bw="4" slack="0"/>
</pin_list>
<bind>
<opset="j "/>
</bind>
</comp>

<comp id="664" class="1005" name="icmp_ln236_reg_664">
<pin_list>
<pin id="665" dir="0" index="0" bw="1" slack="1"/>
<pin id="666" dir="1" index="1" bw="1" slack="2147483647"/>
</pin_list>
<bind>
<opset="icmp_ln236 "/>
</bind>
</comp>

<comp id="668" class="1005" name="PKB_addr_reg_668">
<pin_list>
<pin id="669" dir="0" index="0" bw="6" slack="1"/>
<pin id="670" dir="1" index="1" bw="6" slack="1"/>
</pin_list>
<bind>
<opset="PKB_addr "/>
</bind>
</comp>

<comp id="673" class="1005" name="Montgomery_R2_1_addr_reg_673">
<pin_list>
<pin id="674" dir="0" index="0" bw="3" slack="1"/>
<pin id="675" dir="1" index="1" bw="3" slack="1"/>
</pin_list>
<bind>
<opset="Montgomery_R2_1_addr "/>
</bind>
</comp>

<comp id="678" class="1005" name="trunc_ln117_reg_678">
<pin_list>
<pin id="679" dir="0" index="0" bw="32" slack="1"/>
<pin id="680" dir="1" index="1" bw="32" slack="1"/>
</pin_list>
<bind>
<opset="trunc_ln117 "/>
</bind>
</comp>

<comp id="683" class="1005" name="trunc_ln137_reg_683">
<pin_list>
<pin id="684" dir="0" index="0" bw="32" slack="1"/>
<pin id="685" dir="1" index="1" bw="32" slack="1"/>
</pin_list>
<bind>
<opset="trunc_ln137 "/>
</bind>
</comp>

<comp id="689" class="1005" name="add_ln142_reg_689">
<pin_list>
<pin id="690" dir="0" index="0" bw="33" slack="1"/>
<pin id="691" dir="1" index="1" bw="33" slack="1"/>
</pin_list>
<bind>
<opset="add_ln142 "/>
</bind>
</comp>

<comp id="694" class="1005" name="add_ln142_81_reg_694">
<pin_list>
<pin id="695" dir="0" index="0" bw="32" slack="1"/>
<pin id="696" dir="1" index="1" bw="32" slack="1"/>
</pin_list>
<bind>
<opset="add_ln142_81 "/>
</bind>
</comp>

<comp id="699" class="1005" name="tmp_187_reg_699">
<pin_list>
<pin id="700" dir="0" index="0" bw="32" slack="1"/>
<pin id="701" dir="1" index="1" bw="32" slack="1"/>
</pin_list>
<bind>
<opset="tmp_187 "/>
</bind>
</comp>

</comp_list>

<net_list>
<net id="83"><net_src comp="18" pin="0"/><net_sink comp="80" pin=0"/></net>

<net id="87"><net_src comp="18" pin="0"/><net_sink comp="84" pin=0"/></net>

<net id="92"><net_src comp="22" pin="0"/><net_sink comp="88" pin=0"/></net>

<net id="93"><net_src comp="8" pin="0"/><net_sink comp="88" pin=1"/></net>

<net id="98"><net_src comp="24" pin="0"/><net_sink comp="94" pin=0"/></net>

<net id="99"><net_src comp="4" pin="0"/><net_sink comp="94" pin=1"/></net>

<net id="104"><net_src comp="24" pin="0"/><net_sink comp="100" pin=0"/></net>

<net id="105"><net_src comp="2" pin="0"/><net_sink comp="100" pin=1"/></net>

<net id="110"><net_src comp="26" pin="0"/><net_sink comp="106" pin=0"/></net>

<net id="111"><net_src comp="0" pin="0"/><net_sink comp="106" pin=1"/></net>

<net id="117"><net_src comp="78" pin="0"/><net_sink comp="112" pin=0"/></net>

<net id="118"><net_src comp="10" pin="0"/><net_sink comp="112" pin=1"/></net>

<net id="124"><net_src comp="6" pin="0"/><net_sink comp="119" pin=0"/></net>

<net id="125"><net_src comp="32" pin="0"/><net_sink comp="119" pin=1"/></net>

<net id="131"><net_src comp="119" pin="3"/><net_sink comp="126" pin=0"/></net>

<net id="137"><net_src comp="16" pin="0"/><net_sink comp="132" pin=0"/></net>

<net id="138"><net_src comp="32" pin="0"/><net_sink comp="132" pin=1"/></net>

<net id="144"><net_src comp="132" pin="3"/><net_sink comp="139" pin=0"/></net>

<net id="164"><net_src comp="100" pin="2"/><net_sink comp="161" pin=0"/></net>

<net id="169"><net_src comp="28" pin="0"/><net_sink comp="165" pin=0"/></net>

<net id="174"><net_src comp="106" pin="2"/><net_sink comp="170" pin=0"/></net>

<net id="179"><net_src comp="161" pin="1"/><net_sink comp="175" pin=0"/></net>

<net id="180"><net_src comp="12" pin="0"/><net_sink comp="175" pin=1"/></net>

<net id="185"><net_src comp="28" pin="0"/><net_sink comp="181" pin=0"/></net>

<net id="186"><net_src comp="14" pin="0"/><net_sink comp="181" pin=1"/></net>

<net id="194"><net_src comp="187" pin="1"/><net_sink comp="190" pin=0"/></net>

<net id="195"><net_src comp="94" pin="2"/><net_sink comp="190" pin=1"/></net>

<net id="200"><net_src comp="187" pin="1"/><net_sink comp="196" pin=0"/></net>

<net id="201"><net_src comp="30" pin="0"/><net_sink comp="196" pin=1"/></net>

<net id="205"><net_src comp="187" pin="1"/><net_sink comp="202" pin=0"/></net>

<net id="206"><net_src comp="202" pin="1"/><net_sink comp="119" pin=2"/></net>

<net id="210"><net_src comp="187" pin="1"/><net_sink comp="207" pin=0"/></net>

<net id="215"><net_src comp="88" pin="2"/><net_sink comp="211" pin=0"/></net>

<net id="216"><net_src comp="207" pin="1"/><net_sink comp="211" pin=1"/></net>

<net id="220"><net_src comp="211" pin="2"/><net_sink comp="217" pin=0"/></net>

<net id="221"><net_src comp="217" pin="1"/><net_sink comp="132" pin=2"/></net>

<net id="226"><net_src comp="196" pin="2"/><net_sink comp="222" pin=0"/></net>

<net id="230"><net_src comp="126" pin="3"/><net_sink comp="227" pin=0"/></net>

<net id="234"><net_src comp="139" pin="3"/><net_sink comp="231" pin=0"/></net>

<net id="238"><net_src comp="227" pin="1"/><net_sink comp="235" pin=0"/></net>

<net id="239"><net_src comp="235" pin="1"/><net_sink comp="145" pin=1"/></net>

<net id="240"><net_src comp="235" pin="1"/><net_sink comp="149" pin=1"/></net>

<net id="247"><net_src comp="34" pin="0"/><net_sink comp="241" pin=0"/></net>

<net id="248"><net_src comp="126" pin="3"/><net_sink comp="241" pin=1"/></net>

<net id="249"><net_src comp="36" pin="0"/><net_sink comp="241" pin=2"/></net>

<net id="250"><net_src comp="38" pin="0"/><net_sink comp="241" pin=3"/></net>

<net id="254"><net_src comp="241" pin="4"/><net_sink comp="251" pin=0"/></net>

<net id="255"><net_src comp="251" pin="1"/><net_sink comp="153" pin=1"/></net>

<net id="256"><net_src comp="251" pin="1"/><net_sink comp="157" pin=1"/></net>

<net id="260"><net_src comp="231" pin="1"/><net_sink comp="257" pin=0"/></net>

<net id="261"><net_src comp="257" pin="1"/><net_sink comp="145" pin=0"/></net>

<net id="262"><net_src comp="257" pin="1"/><net_sink comp="153" pin=0"/></net>

<net id="269"><net_src comp="34" pin="0"/><net_sink comp="263" pin=0"/></net>

<net id="270"><net_src comp="139" pin="3"/><net_sink comp="263" pin=1"/></net>

<net id="271"><net_src comp="36" pin="0"/><net_sink comp="263" pin=2"/></net>

<net id="272"><net_src comp="38" pin="0"/><net_sink comp="263" pin=3"/></net>

<net id="276"><net_src comp="263" pin="4"/><net_sink comp="273" pin=0"/></net>

<net id="277"><net_src comp="273" pin="1"/><net_sink comp="149" pin=0"/></net>

<net id="278"><net_src comp="273" pin="1"/><net_sink comp="157" pin=0"/></net>

<net id="282"><net_src comp="145" pin="2"/><net_sink comp="279" pin=0"/></net>

<net id="286"><net_src comp="149" pin="2"/><net_sink comp="283" pin=0"/></net>

<net id="290"><net_src comp="153" pin="2"/><net_sink comp="287" pin=0"/></net>

<net id="294"><net_src comp="157" pin="2"/><net_sink comp="291" pin=0"/></net>

<net id="301"><net_src comp="34" pin="0"/><net_sink comp="295" pin=0"/></net>

<net id="302"><net_src comp="145" pin="2"/><net_sink comp="295" pin=1"/></net>

<net id="303"><net_src comp="36" pin="0"/><net_sink comp="295" pin=2"/></net>

<net id="304"><net_src comp="38" pin="0"/><net_sink comp="295" pin=3"/></net>

<net id="308"><net_src comp="295" pin="4"/><net_sink comp="305" pin=0"/></net>

<net id="312"><net_src comp="287" pin="1"/><net_sink comp="309" pin=0"/></net>

<net id="316"><net_src comp="283" pin="1"/><net_sink comp="313" pin=0"/></net>

<net id="321"><net_src comp="309" pin="1"/><net_sink comp="317" pin=0"/></net>

<net id="322"><net_src comp="313" pin="1"/><net_sink comp="317" pin=1"/></net>

<net id="326"><net_src comp="317" pin="2"/><net_sink comp="323" pin=0"/></net>

<net id="331"><net_src comp="323" pin="1"/><net_sink comp="327" pin=0"/></net>

<net id="332"><net_src comp="305" pin="1"/><net_sink comp="327" pin=1"/></net>

<net id="339"><net_src comp="40" pin="0"/><net_sink comp="333" pin=0"/></net>

<net id="340"><net_src comp="327" pin="2"/><net_sink comp="333" pin=1"/></net>

<net id="341"><net_src comp="36" pin="0"/><net_sink comp="333" pin=2"/></net>

<net id="342"><net_src comp="42" pin="0"/><net_sink comp="333" pin=3"/></net>

<net id="346"><net_src comp="333" pin="4"/><net_sink comp="343" pin=0"/></net>

<net id="350"><net_src comp="327" pin="2"/><net_sink comp="347" pin=0"/></net>

<net id="357"><net_src comp="34" pin="0"/><net_sink comp="351" pin=0"/></net>

<net id="358"><net_src comp="153" pin="2"/><net_sink comp="351" pin=1"/></net>

<net id="359"><net_src comp="36" pin="0"/><net_sink comp="351" pin=2"/></net>

<net id="360"><net_src comp="38" pin="0"/><net_sink comp="351" pin=3"/></net>

<net id="364"><net_src comp="351" pin="4"/><net_sink comp="361" pin=0"/></net>

<net id="371"><net_src comp="34" pin="0"/><net_sink comp="365" pin=0"/></net>

<net id="372"><net_src comp="149" pin="2"/><net_sink comp="365" pin=1"/></net>

<net id="373"><net_src comp="36" pin="0"/><net_sink comp="365" pin=2"/></net>

<net id="374"><net_src comp="38" pin="0"/><net_sink comp="365" pin=3"/></net>

<net id="378"><net_src comp="291" pin="1"/><net_sink comp="375" pin=0"/></net>

<net id="383"><net_src comp="375" pin="1"/><net_sink comp="379" pin=0"/></net>

<net id="384"><net_src comp="361" pin="1"/><net_sink comp="379" pin=1"/></net>

<net id="389"><net_src comp="365" pin="4"/><net_sink comp="385" pin=0"/></net>

<net id="390"><net_src comp="343" pin="1"/><net_sink comp="385" pin=1"/></net>

<net id="397"><net_src comp="34" pin="0"/><net_sink comp="391" pin=0"/></net>

<net id="398"><net_src comp="157" pin="2"/><net_sink comp="391" pin=1"/></net>

<net id="399"><net_src comp="36" pin="0"/><net_sink comp="391" pin=2"/></net>

<net id="400"><net_src comp="38" pin="0"/><net_sink comp="391" pin=3"/></net>

<net id="404"><net_src comp="14" pin="0"/><net_sink comp="401" pin=0"/></net>

<net id="408"><net_src comp="12" pin="0"/><net_sink comp="405" pin=0"/></net>

<net id="417"><net_src comp="64" pin="0"/><net_sink comp="412" pin=0"/></net>

<net id="418"><net_src comp="48" pin="0"/><net_sink comp="412" pin=2"/></net>

<net id="429"><net_src comp="422" pin="1"/><net_sink comp="425" pin=0"/></net>

<net id="430"><net_src comp="419" pin="1"/><net_sink comp="425" pin=1"/></net>

<net id="434"><net_src comp="425" pin="2"/><net_sink comp="431" pin=0"/></net>

<net id="440"><net_src comp="64" pin="0"/><net_sink comp="435" pin=0"/></net>

<net id="441"><net_src comp="48" pin="0"/><net_sink comp="435" pin=2"/></net>

<net id="448"><net_src comp="40" pin="0"/><net_sink comp="442" pin=0"/></net>

<net id="449"><net_src comp="425" pin="2"/><net_sink comp="442" pin=1"/></net>

<net id="450"><net_src comp="36" pin="0"/><net_sink comp="442" pin=2"/></net>

<net id="451"><net_src comp="42" pin="0"/><net_sink comp="442" pin=3"/></net>

<net id="457"><net_src comp="66" pin="0"/><net_sink comp="452" pin=0"/></net>

<net id="458"><net_src comp="442" pin="4"/><net_sink comp="452" pin=1"/></net>

<net id="459"><net_src comp="48" pin="0"/><net_sink comp="452" pin=2"/></net>

<net id="463"><net_src comp="452" pin="3"/><net_sink comp="460" pin=0"/></net>

<net id="468"><net_src comp="460" pin="1"/><net_sink comp="464" pin=0"/></net>

<net id="469"><net_src comp="435" pin="3"/><net_sink comp="464" pin=1"/></net>

<net id="475"><net_src comp="64" pin="0"/><net_sink comp="470" pin=0"/></net>

<net id="480"><net_src comp="470" pin="3"/><net_sink comp="476" pin=0"/></net>

<net id="481"><net_src comp="409" pin="1"/><net_sink comp="476" pin=1"/></net>

<net id="486"><net_src comp="476" pin="2"/><net_sink comp="482" pin=0"/></net>

<net id="487"><net_src comp="412" pin="3"/><net_sink comp="482" pin=1"/></net>

<net id="492"><net_src comp="412" pin="3"/><net_sink comp="488" pin=0"/></net>

<net id="493"><net_src comp="409" pin="1"/><net_sink comp="488" pin=1"/></net>

<net id="498"><net_src comp="482" pin="2"/><net_sink comp="494" pin=0"/></net>

<net id="499"><net_src comp="488" pin="2"/><net_sink comp="494" pin=1"/></net>

<net id="504"><net_src comp="494" pin="2"/><net_sink comp="500" pin=0"/></net>

<net id="505"><net_src comp="476" pin="2"/><net_sink comp="500" pin=1"/></net>

<net id="511"><net_src comp="68" pin="0"/><net_sink comp="506" pin=0"/></net>

<net id="512"><net_src comp="500" pin="2"/><net_sink comp="506" pin=1"/></net>

<net id="513"><net_src comp="38" pin="0"/><net_sink comp="506" pin=2"/></net>

<net id="517"><net_src comp="506" pin="3"/><net_sink comp="514" pin=0"/></net>

<net id="524"><net_src comp="34" pin="0"/><net_sink comp="518" pin=0"/></net>

<net id="525"><net_src comp="464" pin="2"/><net_sink comp="518" pin=1"/></net>

<net id="526"><net_src comp="36" pin="0"/><net_sink comp="518" pin=2"/></net>

<net id="527"><net_src comp="38" pin="0"/><net_sink comp="518" pin=3"/></net>

<net id="533"><net_src comp="64" pin="0"/><net_sink comp="528" pin=0"/></net>

<net id="534"><net_src comp="518" pin="4"/><net_sink comp="528" pin=1"/></net>

<net id="535"><net_src comp="431" pin="1"/><net_sink comp="528" pin=2"/></net>

<net id="540"><net_src comp="528" pin="3"/><net_sink comp="536" pin=0"/></net>

<net id="541"><net_src comp="514" pin="1"/><net_sink comp="536" pin=1"/></net>

<net id="546"><net_src comp="536" pin="2"/><net_sink comp="542" pin=0"/></net>

<net id="547"><net_src comp="405" pin="1"/><net_sink comp="542" pin=1"/></net>

<net id="552"><net_src comp="542" pin="2"/><net_sink comp="548" pin=0"/></net>

<net id="553"><net_src comp="536" pin="2"/><net_sink comp="548" pin=1"/></net>

<net id="558"><net_src comp="536" pin="2"/><net_sink comp="554" pin=0"/></net>

<net id="559"><net_src comp="405" pin="1"/><net_sink comp="554" pin=1"/></net>

<net id="564"><net_src comp="548" pin="2"/><net_sink comp="560" pin=0"/></net>

<net id="565"><net_src comp="554" pin="2"/><net_sink comp="560" pin=1"/></net>

<net id="571"><net_src comp="70" pin="0"/><net_sink comp="566" pin=0"/></net>

<net id="572"><net_src comp="536" pin="2"/><net_sink comp="566" pin=1"/></net>

<net id="573"><net_src comp="72" pin="0"/><net_sink comp="566" pin=2"/></net>

<net id="578"><net_src comp="566" pin="3"/><net_sink comp="574" pin=0"/></net>

<net id="579"><net_src comp="74" pin="0"/><net_sink comp="574" pin=1"/></net>

<net id="583"><net_src comp="536" pin="2"/><net_sink comp="580" pin=0"/></net>

<net id="589"><net_src comp="76" pin="0"/><net_sink comp="584" pin=0"/></net>

<net id="590"><net_src comp="574" pin="2"/><net_sink comp="584" pin=1"/></net>

<net id="591"><net_src comp="580" pin="1"/><net_sink comp="584" pin=2"/></net>

<net id="596"><net_src comp="584" pin="3"/><net_sink comp="592" pin=0"/></net>

<net id="597"><net_src comp="464" pin="2"/><net_sink comp="592" pin=1"/></net>

<net id="602"><net_src comp="560" pin="2"/><net_sink comp="598" pin=0"/></net>

<net id="603"><net_src comp="542" pin="2"/><net_sink comp="598" pin=1"/></net>

<net id="608"><net_src comp="598" pin="2"/><net_sink comp="604" pin=0"/></net>

<net id="609"><net_src comp="592" pin="2"/><net_sink comp="604" pin=1"/></net>

<net id="615"><net_src comp="68" pin="0"/><net_sink comp="610" pin=0"/></net>

<net id="616"><net_src comp="604" pin="2"/><net_sink comp="610" pin=1"/></net>

<net id="617"><net_src comp="38" pin="0"/><net_sink comp="610" pin=2"/></net>

<net id="621"><net_src comp="610" pin="3"/><net_sink comp="618" pin=0"/></net>

<net id="626"><net_src comp="618" pin="1"/><net_sink comp="622" pin=0"/></net>

<net id="627"><net_src comp="401" pin="1"/><net_sink comp="622" pin=1"/></net>

<net id="632"><net_src comp="476" pin="2"/><net_sink comp="628" pin=0"/></net>

<net id="637"><net_src comp="542" pin="2"/><net_sink comp="633" pin=0"/></net>

<net id="638"><net_src comp="12" pin="0"/><net_sink comp="633" pin=1"/></net>

<net id="643"><net_src comp="622" pin="2"/><net_sink comp="639" pin=0"/></net>

<net id="644"><net_src comp="14" pin="0"/><net_sink comp="639" pin=1"/></net>

<net id="648"><net_src comp="645" pin="1"/><net_sink comp="112" pin=2"/></net>

<net id="652"><net_src comp="80" pin="1"/><net_sink comp="649" pin=0"/></net>

<net id="653"><net_src comp="649" pin="1"/><net_sink comp="170" pin=1"/></net>

<net id="654"><net_src comp="649" pin="1"/><net_sink comp="409" pin=0"/></net>

<net id="655"><net_src comp="649" pin="1"/><net_sink comp="628" pin=1"/></net>

<net id="656"><net_src comp="649" pin="1"/><net_sink comp="645" pin=0"/></net>

<net id="660"><net_src comp="84" pin="1"/><net_sink comp="657" pin=0"/></net>

<net id="661"><net_src comp="657" pin="1"/><net_sink comp="165" pin=1"/></net>

<net id="662"><net_src comp="657" pin="1"/><net_sink comp="187" pin=0"/></net>

<net id="663"><net_src comp="657" pin="1"/><net_sink comp="222" pin=1"/></net>

<net id="667"><net_src comp="190" pin="2"/><net_sink comp="664" pin=0"/></net>

<net id="671"><net_src comp="119" pin="3"/><net_sink comp="668" pin=0"/></net>

<net id="672"><net_src comp="668" pin="1"/><net_sink comp="126" pin=0"/></net>

<net id="676"><net_src comp="132" pin="3"/><net_sink comp="673" pin=0"/></net>

<net id="677"><net_src comp="673" pin="1"/><net_sink comp="139" pin=0"/></net>

<net id="681"><net_src comp="279" pin="1"/><net_sink comp="678" pin=0"/></net>

<net id="682"><net_src comp="678" pin="1"/><net_sink comp="470" pin=2"/></net>

<net id="686"><net_src comp="347" pin="1"/><net_sink comp="683" pin=0"/></net>

<net id="687"><net_src comp="683" pin="1"/><net_sink comp="412" pin=1"/></net>

<net id="688"><net_src comp="683" pin="1"/><net_sink comp="470" pin=1"/></net>

<net id="692"><net_src comp="379" pin="2"/><net_sink comp="689" pin=0"/></net>

<net id="693"><net_src comp="689" pin="1"/><net_sink comp="419" pin=0"/></net>

<net id="697"><net_src comp="385" pin="2"/><net_sink comp="694" pin=0"/></net>

<net id="698"><net_src comp="694" pin="1"/><net_sink comp="422" pin=0"/></net>

<net id="702"><net_src comp="391" pin="4"/><net_sink comp="699" pin=0"/></net>

<net id="703"><net_src comp="699" pin="1"/><net_sink comp="435" pin=1"/></net>

</net_list>

</model> 
---------------- Datapath Model END ------------------

* FSMD analyzer results:
  - Output states:
	Port: PKB | {}
	Port: v_94_out | {2 }
	Port: u_71_out | {1 3 }
	Port: t_out | {1 3 }
	Port: Montgomery_R2_1 | {}
 - Input state : 
	Port: mp_mul.55_Pipeline_VITIS_LOOP_236_2 : v_017 | {1 }
	Port: mp_mul.55_Pipeline_VITIS_LOOP_236_2 : zext_ln234 | {1 }
	Port: mp_mul.55_Pipeline_VITIS_LOOP_236_2 : indvars_iv31 | {1 }
	Port: mp_mul.55_Pipeline_VITIS_LOOP_236_2 : PKB | {1 2 }
	Port: mp_mul.55_Pipeline_VITIS_LOOP_236_2 : empty | {1 }
	Port: mp_mul.55_Pipeline_VITIS_LOOP_236_2 : u_71_out | {3 }
	Port: mp_mul.55_Pipeline_VITIS_LOOP_236_2 : t_out | {3 }
	Port: mp_mul.55_Pipeline_VITIS_LOOP_236_2 : Montgomery_R2_1 | {1 2 }
  - Chain level:
	State 1
		store_ln229 : 1
		store_ln230 : 1
		j_23 : 1
		icmp_ln236 : 2
		add_ln236 : 2
		br_ln236 : 3
		zext_ln236 : 2
		trunc_ln236 : 2
		PKB_addr : 3
		PKB_load : 4
		sub_ln237 : 3
		zext_ln237 : 4
		Montgomery_R2_1_addr : 5
		Montgomery_R2_1_load : 6
		store_ln229 : 3
	State 2
		al : 1
		bl : 1
		zext_ln116 : 2
		ah : 1
		zext_ln122 : 2
		zext_ln116_35 : 2
		bh : 1
		zext_ln124 : 2
		albl : 3
		trunc_ln117 : 4
		albh : 3
		trunc_ln117_115 : 4
		ahbl : 3
		trunc_ln117_116 : 4
		ahbh : 3
		trunc_ln117_117 : 4
		tmp_184 : 4
		zext_ln117 : 5
		zext_ln135 : 5
		zext_ln135_67 : 5
		add_ln135 : 6
		zext_ln135_68 : 7
		temp : 8
		tmp_185 : 9
		zext_ln117_81 : 10
		trunc_ln137 : 9
		tmp_186 : 4
		zext_ln117_82 : 5
		trunc_ln117_s : 4
		zext_ln142 : 5
		add_ln142 : 6
		add_ln142_81 : 11
		tmp_187 : 4
		write_ln0 : 1
	State 3
		temp_41 : 1
		trunc_ln116 : 2
		tmp_188 : 2
		and_ln145_s : 3
		zext_ln145 : 4
		add_ln145 : 5
		v_132 : 1
		xor_ln105 : 2
		xor_ln105_21 : 1
		or_ln105 : 2
		xor_ln105_22 : 2
		carry : 2
		zext_ln105 : 3
		tmp_s : 6
		or_ln6 : 7
		tempReg : 8
		v : 9
		xor_ln239 : 10
		xor_ln239_13 : 9
		or_ln239 : 10
		bit_sel : 9
		xor_ln239_14 : 10
		trunc_ln239 : 9
		xor_ln239_s : 10
		and_ln239 : 11
		xor_ln239_15 : 10
		or_ln239_5 : 11
		tmp_126 : 11
		zext_ln240 : 12
		u : 13
		store_ln230 : 2
		store_ln230 : 10
		store_ln230 : 14


============================================================
+ Verbose Summary: Datapath Resource usage 
============================================================

* Functional unit list:
|----------|------------------------------|---------|---------|---------|
| Operation|        Functional Unit       |   DSP   |    FF   |   LUT   |
|----------|------------------------------|---------|---------|---------|
|          |       add_ln236_fu_196       |    0    |    0    |    12   |
|          |       add_ln135_fu_317       |    0    |    0    |    39   |
|          |          temp_fu_327         |    0    |    0    |    40   |
|          |       add_ln142_fu_379       |    0    |    0    |    39   |
|          |      add_ln142_81_fu_385     |    0    |    0    |    39   |
|    add   |        temp_41_fu_425        |    0    |    0    |    40   |
|          |       add_ln145_fu_464       |    0    |    0    |    71   |
|          |         v_132_fu_476         |    0    |    0    |    71   |
|          |        tempReg_fu_536        |    0    |    0    |    71   |
|          |           v_fu_542           |    0    |    0    |    71   |
|          |           u_fu_622           |    0    |    0    |    12   |
|----------|------------------------------|---------|---------|---------|
|          |       xor_ln105_fu_482       |    0    |    0    |    64   |
|          |      xor_ln105_21_fu_488     |    0    |    0    |    64   |
|          |      xor_ln105_22_fu_500     |    0    |    0    |    64   |
|    xor   |       xor_ln239_fu_548       |    0    |    0    |    64   |
|          |      xor_ln239_13_fu_554     |    0    |    0    |    64   |
|          |      xor_ln239_14_fu_574     |    0    |    0    |    2    |
|          |      xor_ln239_15_fu_598     |    0    |    0    |    64   |
|----------|------------------------------|---------|---------|---------|
|          |        or_ln105_fu_494       |    0    |    0    |    64   |
|    or    |        or_ln239_fu_560       |    0    |    0    |    64   |
|          |       or_ln239_5_fu_604      |    0    |    0    |    64   |
|----------|------------------------------|---------|---------|---------|
|          |          albl_fu_145         |    4    |    0    |    20   |
|    mul   |          albh_fu_149         |    4    |    0    |    20   |
|          |          ahbl_fu_153         |    4    |    0    |    20   |
|          |          ahbh_fu_157         |    4    |    0    |    20   |
|----------|------------------------------|---------|---------|---------|
|    and   |       and_ln239_fu_592       |    0    |    0    |    64   |
|----------|------------------------------|---------|---------|---------|
|   icmp   |       icmp_ln236_fu_190      |    0    |    0    |    12   |
|----------|------------------------------|---------|---------|---------|
|    sub   |       sub_ln237_fu_211       |    0    |    0    |    10   |
|----------|------------------------------|---------|---------|---------|
|          |        tmp_read_fu_88        |    0    |    0    |    0    |
|   read   | indvars_iv31_read_read_fu_94 |    0    |    0    |    0    |
|          |  zext_ln234_read_read_fu_100 |    0    |    0    |    0    |
|          |    v_017_read_read_fu_106    |    0    |    0    |    0    |
|----------|------------------------------|---------|---------|---------|
|   write  |    write_ln0_write_fu_112    |    0    |    0    |    0    |
|----------|------------------------------|---------|---------|---------|
|          |    zext_ln234_cast_fu_161    |    0    |    0    |    0    |
|          |       zext_ln236_fu_202      |    0    |    0    |    0    |
|          |       zext_ln237_fu_217      |    0    |    0    |    0    |
|          |       zext_ln116_fu_235      |    0    |    0    |    0    |
|          |       zext_ln122_fu_251      |    0    |    0    |    0    |
|          |     zext_ln116_35_fu_257     |    0    |    0    |    0    |
|          |       zext_ln124_fu_273      |    0    |    0    |    0    |
|          |       zext_ln117_fu_305      |    0    |    0    |    0    |
|          |       zext_ln135_fu_309      |    0    |    0    |    0    |
|   zext   |     zext_ln135_67_fu_313     |    0    |    0    |    0    |
|          |     zext_ln135_68_fu_323     |    0    |    0    |    0    |
|          |     zext_ln117_81_fu_343     |    0    |    0    |    0    |
|          |     zext_ln117_82_fu_361     |    0    |    0    |    0    |
|          |       zext_ln142_fu_375      |    0    |    0    |    0    |
|          |     zext_ln142_67_fu_419     |    0    |    0    |    0    |
|          |     zext_ln142_68_fu_422     |    0    |    0    |    0    |
|          |       zext_ln145_fu_460      |    0    |    0    |    0    |
|          |       zext_ln105_fu_514      |    0    |    0    |    0    |
|          |       zext_ln240_fu_618      |    0    |    0    |    0    |
|----------|------------------------------|---------|---------|---------|
|          |      trunc_ln236_fu_207      |    0    |    0    |    0    |
|          |           al_fu_227          |    0    |    0    |    0    |
|          |           bl_fu_231          |    0    |    0    |    0    |
|          |      trunc_ln117_fu_279      |    0    |    0    |    0    |
|   trunc  |    trunc_ln117_115_fu_283    |    0    |    0    |    0    |
|          |    trunc_ln117_116_fu_287    |    0    |    0    |    0    |
|          |    trunc_ln117_117_fu_291    |    0    |    0    |    0    |
|          |      trunc_ln137_fu_347      |    0    |    0    |    0    |
|          |      trunc_ln116_fu_431      |    0    |    0    |    0    |
|          |      trunc_ln239_fu_580      |    0    |    0    |    0    |
|----------|------------------------------|---------|---------|---------|
|          |           ah_fu_241          |    0    |    0    |    0    |
|          |           bh_fu_263          |    0    |    0    |    0    |
|          |        tmp_184_fu_295        |    0    |    0    |    0    |
|          |        tmp_185_fu_333        |    0    |    0    |    0    |
|partselect|        tmp_186_fu_351        |    0    |    0    |    0    |
|          |     trunc_ln117_s_fu_365     |    0    |    0    |    0    |
|          |        tmp_187_fu_391        |    0    |    0    |    0    |
|          |        tmp_188_fu_442        |    0    |    0    |    0    |
|          |         tmp_s_fu_518         |    0    |    0    |    0    |
|----------|------------------------------|---------|---------|---------|
|          |         shl_ln_fu_412        |    0    |    0    |    0    |
|          |         and_ln_fu_435        |    0    |    0    |    0    |
|bitconcatenate|      and_ln145_s_fu_452      |    0    |    0    |    0    |
|          |         or_ln_fu_470         |    0    |    0    |    0    |
|          |         or_ln6_fu_528        |    0    |    0    |    0    |
|          |      xor_ln239_s_fu_584      |    0    |    0    |    0    |
|----------|------------------------------|---------|---------|---------|
|          |         carry_fu_506         |    0    |    0    |    0    |
| bitselect|        bit_sel_fu_566        |    0    |    0    |    0    |
|          |        tmp_126_fu_610        |    0    |    0    |    0    |
|----------|------------------------------|---------|---------|---------|
|   Total  |                              |    16   |    0    |   1249  |
|----------|------------------------------|---------|---------|---------|

Memories:
N/A

* Register list:
+----------------------------+--------+
|                            |   FF   |
+----------------------------+--------+
|Montgomery_R2_1_addr_reg_673|    3   |
|      PKB_addr_reg_668      |    6   |
|    add_ln142_81_reg_694    |   32   |
|      add_ln142_reg_689     |   33   |
|     icmp_ln236_reg_664     |    1   |
|          j_reg_657         |    4   |
|       tmp_187_reg_699      |   32   |
|     trunc_ln117_reg_678    |   32   |
|     trunc_ln137_reg_683    |   32   |
|        v_94_reg_649        |   64   |
+----------------------------+--------+
|            Total           |   239  |
+----------------------------+--------+

* Multiplexer (MUX) list: 
|-------------------|------|------|------|--------||---------||---------||---------|
|        Comp       |  Pin | Size |  BW  | S x BW ||  Delay  ||    FF   ||   LUT   |
|-------------------|------|------|------|--------||---------||---------||---------|
| grp_access_fu_126 |  p0  |   2  |   6  |   12   ||    0    ||    9    |
| grp_access_fu_139 |  p0  |   2  |   3  |    6   ||    0    ||    9    |
|-------------------|------|------|------|--------||---------||---------||---------|
|       Total       |      |      |      |   18   ||  0.774  ||    0    ||    18   |
|-------------------|------|------|------|--------||---------||---------||---------|



* Summary:
+-----------+--------+--------+--------+--------+
|           |   DSP  |  Delay |   FF   |   LUT  |
+-----------+--------+--------+--------+--------+
|  Function |   16   |    -   |    0   |  1249  |
|   Memory  |    -   |    -   |    -   |    -   |
|Multiplexer|    -   |    0   |    0   |   18   |
|  Register |    -   |    -   |   239  |    -   |
+-----------+--------+--------+--------+--------+
|   Total   |   16   |    0   |   239  |  1267  |
+-----------+--------+--------+--------+--------+
