

================================================================
== Vitis HLS Report for 'mul_5019'
================================================================
* Date:           Wed Sep  3 15:11:39 2025

* Version:        2024.2.2 (Build 6049644 on Mar  5 2025)
* Project:        sikep503_hls
* Solution:       solution1 (Vivado IP Flow Target)
* Product family: virtexuplus58g
* Target device:  xcvu29p-fsga2577-2L-e


================================================================
== Performance Estimates
================================================================
+ Timing: 
    * Summary: 
    +--------+----------+----------+------------+
    |  Clock |  Target  | Estimated| Uncertainty|
    +--------+----------+----------+------------+
    |ap_clk  |  10.00 ns|  7.162 ns|     2.70 ns|
    +--------+----------+----------+------------+

+ Latency: 
    * Summary: 
    +---------+---------+----------+----------+-----+-----+---------+
    |  Latency (cycles) |  Latency (absolute) |  Interval | Pipeline|
    |   min   |   max   |    min   |    max   | min | max |   Type  |
    +---------+---------+----------+----------+-----+-----+---------+
    |       36|       36|  0.360 us|  0.360 us|   36|   36|       no|
    +---------+---------+----------+----------+-----+-----+---------+

    + Detail: 
        * Instance: 
        +-------------------------------------------------+--------------------------------------+---------+---------+----------+----------+-----+-----+------------------------------------------------+
        |                                                 |                                      |  Latency (cycles) |  Latency (absolute) |  Interval |                    Pipeline                    |
        |                     Instance                    |                Module                |   min   |   max   |    min   |    max   | min | max |                      Type                      |
        +-------------------------------------------------+--------------------------------------+---------+---------+----------+----------+-----+-----+------------------------------------------------+
        |grp_mul_5019_Pipeline_VITIS_LOOP_30_1_fu_94      |mul_5019_Pipeline_VITIS_LOOP_30_1     |       10|       10|  0.100 us|  0.100 us|    9|    9|  loop auto-rewind stp (delay=0 clock cycles(s))|
        |grp_mul_5019_Pipeline_VITIS_LOOP_30_1131_fu_101  |mul_5019_Pipeline_VITIS_LOOP_30_1131  |       10|       10|  0.100 us|  0.100 us|    9|    9|  loop auto-rewind stp (delay=0 clock cycles(s))|
        |grp_mul_5019_Pipeline_VITIS_LOOP_48_1_fu_108     |mul_5019_Pipeline_VITIS_LOOP_48_1     |       18|       18|  0.180 us|  0.180 us|   17|   17|  loop auto-rewind stp (delay=0 clock cycles(s))|
        +-------------------------------------------------+--------------------------------------+---------+---------+----------+----------+-----+-----+------------------------------------------------+

        * Loop: 
        N/A

============================================================
+ Verbose Summary: Synthesis Manager
============================================================
InlineROM: 1
ExposeGlobal: 0
============================================================
+ Verbose Summary: CDFG Model
============================================================
IsTopModel: 0
ResetActiveHigh: 1
IsCombinational: 0
IsDatapathOnly: 0
HasWiredReturn: 1
HasMFsm: 0
HasVarLatency: 1
IsPipeline: 0
IsRtlPipelined: 0
IsInstanceOverlapped: 0
IsDontTouch: 0
HasImplIP: 0
IsGatedGlobalClock: 0


============================================================
+ Verbose Summary: Schedule
============================================================
* Number of FSM states : 9
* Pipeline : 0
* Dataflow Pipeline: 0

* FSM state transitions: 
1 --> 2 
2 --> 3 
3 --> 4 
4 --> 5 
5 --> 6 
6 --> 7 
7 --> 8 
8 --> 9 
9 --> 

* FSM state operations: 

State 1 <SV = 0> <Delay = 0.00>
ST_1 : Operation 10 [1/1] (0.00ns)   --->   "%B_loc = alloca i64 1"   --->   Operation 10 'alloca' 'B_loc' <Predicate = true> <Delay = 0.00>
ST_1 : Operation 11 [1/1] (0.00ns)   --->   "%A_1_loc = alloca i64 1"   --->   Operation 11 'alloca' 'A_1_loc' <Predicate = true> <Delay = 0.00>
ST_1 : Operation 12 [2/2] (0.00ns)   --->   "%call_ln0 = call void @mul.5019_Pipeline_VITIS_LOOP_30_1, i64 %a, i512 %A_1_loc"   --->   Operation 12 'call' 'call_ln0' <Predicate = true> <Delay = 0.00> <CoreType = "Generic">   --->   Generic Core
ST_1 : Operation 13 [2/2] (0.00ns)   --->   "%call_ln0 = call void @mul.5019_Pipeline_VITIS_LOOP_30_1131, i64 %R_X, i512 %B_loc"   --->   Operation 13 'call' 'call_ln0' <Predicate = true> <Delay = 0.00> <CoreType = "Generic">   --->   Generic Core

State 2 <SV = 1> <Delay = 1.48>
ST_2 : Operation 14 [1/2] (1.48ns)   --->   "%call_ln0 = call void @mul.5019_Pipeline_VITIS_LOOP_30_1, i64 %a, i512 %A_1_loc"   --->   Operation 14 'call' 'call_ln0' <Predicate = true> <Delay = 1.48> <CoreType = "Generic">   --->   Generic Core
ST_2 : Operation 15 [1/2] (1.48ns)   --->   "%call_ln0 = call void @mul.5019_Pipeline_VITIS_LOOP_30_1131, i64 %R_X, i512 %B_loc"   --->   Operation 15 'call' 'call_ln0' <Predicate = true> <Delay = 1.48> <CoreType = "Generic">   --->   Generic Core

State 3 <SV = 2> <Delay = 7.16>
ST_3 : Operation 16 [1/1] (0.00ns)   --->   "%A_1_loc_load = load i512 %A_1_loc"   --->   Operation 16 'load' 'A_1_loc_load' <Predicate = true> <Delay = 0.00>
ST_3 : Operation 17 [1/1] (0.00ns)   --->   "%B_loc_load = load i512 %B_loc"   --->   Operation 17 'load' 'B_loc_load' <Predicate = true> <Delay = 0.00>
ST_3 : Operation 18 [1/1] (0.00ns)   --->   "%a0 = trunc i512 %A_1_loc_load" [src/generic/mpx_packed_karatsuba.hpp:133->src/generic/mpx_packed_karatsuba.hpp:188->src/generic/mpx_packed_karatsuba.hpp:225]   --->   Operation 18 'trunc' 'a0' <Predicate = true> <Delay = 0.00>
ST_3 : Operation 19 [1/1] (0.00ns)   --->   "%trunc_ln133_10 = trunc i512 %A_1_loc_load" [src/generic/mpx_packed_karatsuba.hpp:133->src/generic/mpx_packed_karatsuba.hpp:188->src/generic/mpx_packed_karatsuba.hpp:225]   --->   Operation 19 'trunc' 'trunc_ln133_10' <Predicate = true> <Delay = 0.00>
ST_3 : Operation 20 [1/1] (0.00ns)   --->   "%b0 = trunc i512 %B_loc_load" [src/generic/mpx_packed_karatsuba.hpp:134->src/generic/mpx_packed_karatsuba.hpp:188->src/generic/mpx_packed_karatsuba.hpp:225]   --->   Operation 20 'trunc' 'b0' <Predicate = true> <Delay = 0.00>
ST_3 : Operation 21 [1/1] (0.00ns)   --->   "%trunc_ln134_8 = trunc i512 %B_loc_load" [src/generic/mpx_packed_karatsuba.hpp:134->src/generic/mpx_packed_karatsuba.hpp:188->src/generic/mpx_packed_karatsuba.hpp:225]   --->   Operation 21 'trunc' 'trunc_ln134_8' <Predicate = true> <Delay = 0.00>
ST_3 : Operation 22 [1/1] (0.00ns)   --->   "%a0_73 = trunc i512 %A_1_loc_load" [src/generic/mpx_packed_karatsuba.hpp:133->src/generic/mpx_packed_karatsuba.hpp:138->src/generic/mpx_packed_karatsuba.hpp:188->src/generic/mpx_packed_karatsuba.hpp:225]   --->   Operation 22 'trunc' 'a0_73' <Predicate = true> <Delay = 0.00>
ST_3 : Operation 23 [1/1] (0.00ns)   --->   "%b0_57 = trunc i512 %B_loc_load" [src/generic/mpx_packed_karatsuba.hpp:134->src/generic/mpx_packed_karatsuba.hpp:138->src/generic/mpx_packed_karatsuba.hpp:188->src/generic/mpx_packed_karatsuba.hpp:225]   --->   Operation 23 'trunc' 'b0_57' <Predicate = true> <Delay = 0.00>
ST_3 : Operation 24 [1/1] (0.00ns)   --->   "%a1 = partselect i128 @_ssdm_op_PartSelect.i128.i512.i32.i32, i512 %A_1_loc_load, i32 128, i32 255" [src/generic/mpx_packed_karatsuba.hpp:135->src/generic/mpx_packed_karatsuba.hpp:138->src/generic/mpx_packed_karatsuba.hpp:188->src/generic/mpx_packed_karatsuba.hpp:225]   --->   Operation 24 'partselect' 'a1' <Predicate = true> <Delay = 0.00>
ST_3 : Operation 25 [1/1] (0.00ns)   --->   "%zext_ln135 = zext i128 %a1" [src/generic/mpx_packed_karatsuba.hpp:135->src/generic/mpx_packed_karatsuba.hpp:138->src/generic/mpx_packed_karatsuba.hpp:188->src/generic/mpx_packed_karatsuba.hpp:225]   --->   Operation 25 'zext' 'zext_ln135' <Predicate = true> <Delay = 0.00>
ST_3 : Operation 26 [1/1] (0.00ns)   --->   "%b1 = partselect i128 @_ssdm_op_PartSelect.i128.i512.i32.i32, i512 %B_loc_load, i32 128, i32 255" [src/generic/mpx_packed_karatsuba.hpp:136->src/generic/mpx_packed_karatsuba.hpp:138->src/generic/mpx_packed_karatsuba.hpp:188->src/generic/mpx_packed_karatsuba.hpp:225]   --->   Operation 26 'partselect' 'b1' <Predicate = true> <Delay = 0.00>
ST_3 : Operation 27 [1/1] (0.00ns)   --->   "%zext_ln136 = zext i128 %b1" [src/generic/mpx_packed_karatsuba.hpp:136->src/generic/mpx_packed_karatsuba.hpp:138->src/generic/mpx_packed_karatsuba.hpp:188->src/generic/mpx_packed_karatsuba.hpp:225]   --->   Operation 27 'zext' 'zext_ln136' <Predicate = true> <Delay = 0.00>
ST_3 : Operation 28 [1/1] (0.00ns)   --->   "%zext_ln121 = zext i128 %a0_73" [src/generic/mpx_packed_karatsuba.hpp:121->src/generic/mpx_packed_karatsuba.hpp:138->src/generic/mpx_packed_karatsuba.hpp:138->src/generic/mpx_packed_karatsuba.hpp:188->src/generic/mpx_packed_karatsuba.hpp:225]   --->   Operation 28 'zext' 'zext_ln121' <Predicate = true> <Delay = 0.00>
ST_3 : Operation 29 [1/1] (0.00ns)   --->   "%zext_ln121_164 = zext i128 %b0_57" [src/generic/mpx_packed_karatsuba.hpp:121->src/generic/mpx_packed_karatsuba.hpp:138->src/generic/mpx_packed_karatsuba.hpp:138->src/generic/mpx_packed_karatsuba.hpp:188->src/generic/mpx_packed_karatsuba.hpp:225]   --->   Operation 29 'zext' 'zext_ln121_164' <Predicate = true> <Delay = 0.00>
ST_3 : Operation 30 [1/1] (6.07ns)   --->   "%z0 = mul i256 %zext_ln121_164, i256 %zext_ln121" [src/generic/mpx_packed_karatsuba.hpp:121->src/generic/mpx_packed_karatsuba.hpp:138->src/generic/mpx_packed_karatsuba.hpp:138->src/generic/mpx_packed_karatsuba.hpp:188->src/generic/mpx_packed_karatsuba.hpp:225]   --->   Operation 30 'mul' 'z0' <Predicate = true> <Delay = 6.07> <CoreInst = "Multiplier">   --->   Core 3 'Multiplier' <Latency = 0> <II = 1> <Delay = 6.07> <FuncUnit> <Opcode : 'mul'> <InPorts = 2> <OutPorts = 1>
ST_3 : Operation 31 [1/1] (6.07ns)   --->   "%z2_169 = mul i256 %zext_ln136, i256 %zext_ln135" [src/generic/mpx_packed_karatsuba.hpp:121->src/generic/mpx_packed_karatsuba.hpp:139->src/generic/mpx_packed_karatsuba.hpp:138->src/generic/mpx_packed_karatsuba.hpp:188->src/generic/mpx_packed_karatsuba.hpp:225]   --->   Operation 31 'mul' 'z2_169' <Predicate = true> <Delay = 6.07> <CoreInst = "Multiplier">   --->   Core 3 'Multiplier' <Latency = 0> <II = 1> <Delay = 6.07> <FuncUnit> <Opcode : 'mul'> <InPorts = 2> <OutPorts = 1>
ST_3 : Operation 32 [1/1] (0.00ns)   --->   "%zext_ln147 = zext i128 %a0_73" [src/generic/mpx_packed_karatsuba.hpp:147->src/generic/mpx_packed_karatsuba.hpp:138->src/generic/mpx_packed_karatsuba.hpp:188->src/generic/mpx_packed_karatsuba.hpp:225]   --->   Operation 32 'zext' 'zext_ln147' <Predicate = true> <Delay = 0.00>
ST_3 : Operation 33 [1/1] (0.00ns)   --->   "%zext_ln147_80 = zext i128 %a1" [src/generic/mpx_packed_karatsuba.hpp:147->src/generic/mpx_packed_karatsuba.hpp:138->src/generic/mpx_packed_karatsuba.hpp:188->src/generic/mpx_packed_karatsuba.hpp:225]   --->   Operation 33 'zext' 'zext_ln147_80' <Predicate = true> <Delay = 0.00>
ST_3 : Operation 34 [1/1] (0.00ns)   --->   "%a1_cast = partselect i64 @_ssdm_op_PartSelect.i64.i512.i32.i32, i512 %A_1_loc_load, i32 128, i32 191" [src/generic/mpx_packed_karatsuba.hpp:147->src/generic/mpx_packed_karatsuba.hpp:138->src/generic/mpx_packed_karatsuba.hpp:188->src/generic/mpx_packed_karatsuba.hpp:225]   --->   Operation 34 'partselect' 'a1_cast' <Predicate = true> <Delay = 0.00>
ST_3 : Operation 35 [1/1] (0.00ns)   --->   "%trunc_ln147 = trunc i512 %A_1_loc_load" [src/generic/mpx_packed_karatsuba.hpp:147->src/generic/mpx_packed_karatsuba.hpp:138->src/generic/mpx_packed_karatsuba.hpp:188->src/generic/mpx_packed_karatsuba.hpp:225]   --->   Operation 35 'trunc' 'trunc_ln147' <Predicate = true> <Delay = 0.00>
ST_3 : Operation 36 [1/1] (1.49ns)   --->   "%sa_126 = add i129 %zext_ln147_80, i129 %zext_ln147" [src/generic/mpx_packed_karatsuba.hpp:147->src/generic/mpx_packed_karatsuba.hpp:138->src/generic/mpx_packed_karatsuba.hpp:188->src/generic/mpx_packed_karatsuba.hpp:225]   --->   Operation 36 'add' 'sa_126' <Predicate = true> <Delay = 1.49> <CoreInst = "Adder">   --->   Core 1 'Adder' <Latency = 0> <II = 1> <Delay = 1.49> <FuncUnit> <Opcode : 'add' 'sub'> <InPorts = 2> <OutPorts = 1>
ST_3 : Operation 37 [1/1] (0.00ns)   --->   "%zext_ln148 = zext i128 %b0_57" [src/generic/mpx_packed_karatsuba.hpp:148->src/generic/mpx_packed_karatsuba.hpp:138->src/generic/mpx_packed_karatsuba.hpp:188->src/generic/mpx_packed_karatsuba.hpp:225]   --->   Operation 37 'zext' 'zext_ln148' <Predicate = true> <Delay = 0.00>
ST_3 : Operation 38 [1/1] (0.00ns)   --->   "%zext_ln148_64 = zext i128 %b1" [src/generic/mpx_packed_karatsuba.hpp:148->src/generic/mpx_packed_karatsuba.hpp:138->src/generic/mpx_packed_karatsuba.hpp:188->src/generic/mpx_packed_karatsuba.hpp:225]   --->   Operation 38 'zext' 'zext_ln148_64' <Predicate = true> <Delay = 0.00>
ST_3 : Operation 39 [1/1] (0.00ns)   --->   "%b1_cast = partselect i64 @_ssdm_op_PartSelect.i64.i512.i32.i32, i512 %B_loc_load, i32 128, i32 191" [src/generic/mpx_packed_karatsuba.hpp:148->src/generic/mpx_packed_karatsuba.hpp:138->src/generic/mpx_packed_karatsuba.hpp:188->src/generic/mpx_packed_karatsuba.hpp:225]   --->   Operation 39 'partselect' 'b1_cast' <Predicate = true> <Delay = 0.00>
ST_3 : Operation 40 [1/1] (0.00ns)   --->   "%trunc_ln148 = trunc i512 %B_loc_load" [src/generic/mpx_packed_karatsuba.hpp:148->src/generic/mpx_packed_karatsuba.hpp:138->src/generic/mpx_packed_karatsuba.hpp:188->src/generic/mpx_packed_karatsuba.hpp:225]   --->   Operation 40 'trunc' 'trunc_ln148' <Predicate = true> <Delay = 0.00>
ST_3 : Operation 41 [1/1] (1.49ns)   --->   "%sb_100 = add i129 %zext_ln148_64, i129 %zext_ln148" [src/generic/mpx_packed_karatsuba.hpp:148->src/generic/mpx_packed_karatsuba.hpp:138->src/generic/mpx_packed_karatsuba.hpp:188->src/generic/mpx_packed_karatsuba.hpp:225]   --->   Operation 41 'add' 'sb_100' <Predicate = true> <Delay = 1.49> <CoreInst = "Adder">   --->   Core 1 'Adder' <Latency = 0> <II = 1> <Delay = 1.49> <FuncUnit> <Opcode : 'add' 'sub'> <InPorts = 2> <OutPorts = 1>
ST_3 : Operation 42 [1/1] (1.14ns)   --->   "%a0_74 = add i64 %a1_cast, i64 %trunc_ln147" [src/generic/mpx_packed_karatsuba.hpp:133->src/generic/mpx_packed_karatsuba.hpp:159->src/generic/mpx_packed_karatsuba.hpp:138->src/generic/mpx_packed_karatsuba.hpp:188->src/generic/mpx_packed_karatsuba.hpp:225]   --->   Operation 42 'add' 'a0_74' <Predicate = true> <Delay = 1.14> <CoreInst = "Adder">   --->   Core 1 'Adder' <Latency = 0> <II = 1> <Delay = 1.14> <FuncUnit> <Opcode : 'add' 'sub'> <InPorts = 2> <OutPorts = 1>
ST_3 : Operation 43 [1/1] (1.14ns)   --->   "%b0_58 = add i64 %b1_cast, i64 %trunc_ln148" [src/generic/mpx_packed_karatsuba.hpp:134->src/generic/mpx_packed_karatsuba.hpp:159->src/generic/mpx_packed_karatsuba.hpp:138->src/generic/mpx_packed_karatsuba.hpp:188->src/generic/mpx_packed_karatsuba.hpp:225]   --->   Operation 43 'add' 'b0_58' <Predicate = true> <Delay = 1.14> <CoreInst = "Adder">   --->   Core 1 'Adder' <Latency = 0> <II = 1> <Delay = 1.14> <FuncUnit> <Opcode : 'add' 'sub'> <InPorts = 2> <OutPorts = 1>
ST_3 : Operation 44 [1/1] (0.00ns)   --->   "%a1_s = partselect i65 @_ssdm_op_PartSelect.i65.i129.i32.i32, i129 %sa_126, i32 64, i32 128" [src/generic/mpx_packed_karatsuba.hpp:135->src/generic/mpx_packed_karatsuba.hpp:159->src/generic/mpx_packed_karatsuba.hpp:138->src/generic/mpx_packed_karatsuba.hpp:188->src/generic/mpx_packed_karatsuba.hpp:225]   --->   Operation 44 'partselect' 'a1_s' <Predicate = true> <Delay = 0.00>
ST_3 : Operation 45 [1/1] (0.00ns)   --->   "%b1_s = partselect i65 @_ssdm_op_PartSelect.i65.i129.i32.i32, i129 %sb_100, i32 64, i32 128" [src/generic/mpx_packed_karatsuba.hpp:136->src/generic/mpx_packed_karatsuba.hpp:159->src/generic/mpx_packed_karatsuba.hpp:138->src/generic/mpx_packed_karatsuba.hpp:188->src/generic/mpx_packed_karatsuba.hpp:225]   --->   Operation 45 'partselect' 'b1_s' <Predicate = true> <Delay = 0.00>
ST_3 : Operation 46 [1/1] (0.00ns)   --->   "%zext_ln121_165 = zext i64 %a0_74" [src/generic/mpx_packed_karatsuba.hpp:121->src/generic/mpx_packed_karatsuba.hpp:138->src/generic/mpx_packed_karatsuba.hpp:159->src/generic/mpx_packed_karatsuba.hpp:138->src/generic/mpx_packed_karatsuba.hpp:188->src/generic/mpx_packed_karatsuba.hpp:225]   --->   Operation 46 'zext' 'zext_ln121_165' <Predicate = true> <Delay = 0.00>
ST_3 : Operation 47 [1/1] (0.00ns)   --->   "%zext_ln121_166 = zext i64 %b0_58" [src/generic/mpx_packed_karatsuba.hpp:121->src/generic/mpx_packed_karatsuba.hpp:138->src/generic/mpx_packed_karatsuba.hpp:159->src/generic/mpx_packed_karatsuba.hpp:138->src/generic/mpx_packed_karatsuba.hpp:188->src/generic/mpx_packed_karatsuba.hpp:225]   --->   Operation 47 'zext' 'zext_ln121_166' <Predicate = true> <Delay = 0.00>
ST_3 : Operation 48 [1/1] (4.43ns)   --->   "%z0_123 = mul i128 %zext_ln121_166, i128 %zext_ln121_165" [src/generic/mpx_packed_karatsuba.hpp:121->src/generic/mpx_packed_karatsuba.hpp:138->src/generic/mpx_packed_karatsuba.hpp:159->src/generic/mpx_packed_karatsuba.hpp:138->src/generic/mpx_packed_karatsuba.hpp:188->src/generic/mpx_packed_karatsuba.hpp:225]   --->   Operation 48 'mul' 'z0_123' <Predicate = true> <Delay = 4.43> <CoreInst = "Multiplier">   --->   Core 3 'Multiplier' <Latency = 0> <II = 1> <Delay = 4.43> <FuncUnit> <Opcode : 'mul'> <InPorts = 2> <OutPorts = 1>
ST_3 : Operation 49 [1/1] (0.00ns)   --->   "%zext_ln121_167 = zext i65 %a1_s" [src/generic/mpx_packed_karatsuba.hpp:121->src/generic/mpx_packed_karatsuba.hpp:139->src/generic/mpx_packed_karatsuba.hpp:159->src/generic/mpx_packed_karatsuba.hpp:138->src/generic/mpx_packed_karatsuba.hpp:188->src/generic/mpx_packed_karatsuba.hpp:225]   --->   Operation 49 'zext' 'zext_ln121_167' <Predicate = true> <Delay = 0.00>
ST_3 : Operation 50 [1/1] (0.00ns)   --->   "%zext_ln121_168 = zext i65 %b1_s" [src/generic/mpx_packed_karatsuba.hpp:121->src/generic/mpx_packed_karatsuba.hpp:139->src/generic/mpx_packed_karatsuba.hpp:159->src/generic/mpx_packed_karatsuba.hpp:138->src/generic/mpx_packed_karatsuba.hpp:188->src/generic/mpx_packed_karatsuba.hpp:225]   --->   Operation 50 'zext' 'zext_ln121_168' <Predicate = true> <Delay = 0.00>
ST_3 : Operation 51 [1/1] (4.47ns)   --->   "%z2_170 = mul i130 %zext_ln121_168, i130 %zext_ln121_167" [src/generic/mpx_packed_karatsuba.hpp:121->src/generic/mpx_packed_karatsuba.hpp:139->src/generic/mpx_packed_karatsuba.hpp:159->src/generic/mpx_packed_karatsuba.hpp:138->src/generic/mpx_packed_karatsuba.hpp:188->src/generic/mpx_packed_karatsuba.hpp:225]   --->   Operation 51 'mul' 'z2_170' <Predicate = true> <Delay = 4.47> <CoreInst = "Multiplier">   --->   Core 3 'Multiplier' <Latency = 0> <II = 1> <Delay = 4.47> <FuncUnit> <Opcode : 'mul'> <InPorts = 2> <OutPorts = 1>
ST_3 : Operation 52 [1/1] (0.00ns)   --->   "%zext_ln147_64 = zext i64 %a0_74" [src/generic/mpx_packed_karatsuba.hpp:147->src/generic/mpx_packed_karatsuba.hpp:159->src/generic/mpx_packed_karatsuba.hpp:138->src/generic/mpx_packed_karatsuba.hpp:188->src/generic/mpx_packed_karatsuba.hpp:225]   --->   Operation 52 'zext' 'zext_ln147_64' <Predicate = true> <Delay = 0.00>
ST_3 : Operation 53 [1/1] (0.00ns)   --->   "%zext_ln147_81 = zext i65 %a1_s" [src/generic/mpx_packed_karatsuba.hpp:147->src/generic/mpx_packed_karatsuba.hpp:159->src/generic/mpx_packed_karatsuba.hpp:138->src/generic/mpx_packed_karatsuba.hpp:188->src/generic/mpx_packed_karatsuba.hpp:225]   --->   Operation 53 'zext' 'zext_ln147_81' <Predicate = true> <Delay = 0.00>
ST_3 : Operation 54 [1/1] (1.15ns)   --->   "%sa = add i66 %zext_ln147_81, i66 %zext_ln147_64" [src/generic/mpx_packed_karatsuba.hpp:147->src/generic/mpx_packed_karatsuba.hpp:159->src/generic/mpx_packed_karatsuba.hpp:138->src/generic/mpx_packed_karatsuba.hpp:188->src/generic/mpx_packed_karatsuba.hpp:225]   --->   Operation 54 'add' 'sa' <Predicate = true> <Delay = 1.15> <CoreInst = "Adder">   --->   Core 1 'Adder' <Latency = 0> <II = 1> <Delay = 1.15> <FuncUnit> <Opcode : 'add' 'sub'> <InPorts = 2> <OutPorts = 1>
ST_3 : Operation 55 [1/1] (0.00ns)   --->   "%zext_ln148_50 = zext i64 %b0_58" [src/generic/mpx_packed_karatsuba.hpp:148->src/generic/mpx_packed_karatsuba.hpp:159->src/generic/mpx_packed_karatsuba.hpp:138->src/generic/mpx_packed_karatsuba.hpp:188->src/generic/mpx_packed_karatsuba.hpp:225]   --->   Operation 55 'zext' 'zext_ln148_50' <Predicate = true> <Delay = 0.00>
ST_3 : Operation 56 [1/1] (0.00ns)   --->   "%zext_ln148_65 = zext i65 %b1_s" [src/generic/mpx_packed_karatsuba.hpp:148->src/generic/mpx_packed_karatsuba.hpp:159->src/generic/mpx_packed_karatsuba.hpp:138->src/generic/mpx_packed_karatsuba.hpp:188->src/generic/mpx_packed_karatsuba.hpp:225]   --->   Operation 56 'zext' 'zext_ln148_65' <Predicate = true> <Delay = 0.00>
ST_3 : Operation 57 [1/1] (1.15ns)   --->   "%sb = add i66 %zext_ln148_65, i66 %zext_ln148_50" [src/generic/mpx_packed_karatsuba.hpp:148->src/generic/mpx_packed_karatsuba.hpp:159->src/generic/mpx_packed_karatsuba.hpp:138->src/generic/mpx_packed_karatsuba.hpp:188->src/generic/mpx_packed_karatsuba.hpp:225]   --->   Operation 57 'add' 'sb' <Predicate = true> <Delay = 1.15> <CoreInst = "Adder">   --->   Core 1 'Adder' <Latency = 0> <II = 1> <Delay = 1.15> <FuncUnit> <Opcode : 'add' 'sub'> <InPorts = 2> <OutPorts = 1>
ST_3 : Operation 58 [1/1] (0.00ns)   --->   "%zext_ln164 = zext i66 %sa" [src/generic/mpx_packed_karatsuba.hpp:164->src/generic/mpx_packed_karatsuba.hpp:159->src/generic/mpx_packed_karatsuba.hpp:138->src/generic/mpx_packed_karatsuba.hpp:188->src/generic/mpx_packed_karatsuba.hpp:225]   --->   Operation 58 'zext' 'zext_ln164' <Predicate = true> <Delay = 0.00>
ST_3 : Operation 59 [1/1] (0.00ns)   --->   "%zext_ln164_40 = zext i66 %sb" [src/generic/mpx_packed_karatsuba.hpp:164->src/generic/mpx_packed_karatsuba.hpp:159->src/generic/mpx_packed_karatsuba.hpp:138->src/generic/mpx_packed_karatsuba.hpp:188->src/generic/mpx_packed_karatsuba.hpp:225]   --->   Operation 59 'zext' 'zext_ln164_40' <Predicate = true> <Delay = 0.00>
ST_3 : Operation 60 [1/1] (4.51ns)   --->   "%t = mul i132 %zext_ln164_40, i132 %zext_ln164" [src/generic/mpx_packed_karatsuba.hpp:164->src/generic/mpx_packed_karatsuba.hpp:159->src/generic/mpx_packed_karatsuba.hpp:138->src/generic/mpx_packed_karatsuba.hpp:188->src/generic/mpx_packed_karatsuba.hpp:225]   --->   Operation 60 'mul' 't' <Predicate = true> <Delay = 4.51> <CoreInst = "Multiplier">   --->   Core 3 'Multiplier' <Latency = 0> <II = 1> <Delay = 4.51> <FuncUnit> <Opcode : 'mul'> <InPorts = 2> <OutPorts = 1>
ST_3 : Operation 61 [1/1] (0.00ns)   --->   "%a0_75 = partselect i128 @_ssdm_op_PartSelect.i128.i512.i32.i32, i512 %A_1_loc_load, i32 256, i32 383" [src/generic/mpx_packed_karatsuba.hpp:133->src/generic/mpx_packed_karatsuba.hpp:139->src/generic/mpx_packed_karatsuba.hpp:188->src/generic/mpx_packed_karatsuba.hpp:225]   --->   Operation 61 'partselect' 'a0_75' <Predicate = true> <Delay = 0.00>
ST_3 : Operation 62 [1/1] (0.00ns)   --->   "%a0_75_cast = partselect i64 @_ssdm_op_PartSelect.i64.i512.i32.i32, i512 %A_1_loc_load, i32 256, i32 319" [src/generic/mpx_packed_karatsuba.hpp:133->src/generic/mpx_packed_karatsuba.hpp:139->src/generic/mpx_packed_karatsuba.hpp:188->src/generic/mpx_packed_karatsuba.hpp:225]   --->   Operation 62 'partselect' 'a0_75_cast' <Predicate = true> <Delay = 0.00>
ST_3 : Operation 63 [1/1] (0.00ns)   --->   "%b0_59 = partselect i128 @_ssdm_op_PartSelect.i128.i512.i32.i32, i512 %B_loc_load, i32 256, i32 383" [src/generic/mpx_packed_karatsuba.hpp:134->src/generic/mpx_packed_karatsuba.hpp:139->src/generic/mpx_packed_karatsuba.hpp:188->src/generic/mpx_packed_karatsuba.hpp:225]   --->   Operation 63 'partselect' 'b0_59' <Predicate = true> <Delay = 0.00>
ST_3 : Operation 64 [1/1] (0.00ns)   --->   "%b0_59_cast = partselect i64 @_ssdm_op_PartSelect.i64.i512.i32.i32, i512 %B_loc_load, i32 256, i32 319" [src/generic/mpx_packed_karatsuba.hpp:134->src/generic/mpx_packed_karatsuba.hpp:139->src/generic/mpx_packed_karatsuba.hpp:188->src/generic/mpx_packed_karatsuba.hpp:225]   --->   Operation 64 'partselect' 'b0_59_cast' <Predicate = true> <Delay = 0.00>
ST_3 : Operation 65 [1/1] (0.00ns)   --->   "%zext_ln121_169 = zext i128 %a0_75" [src/generic/mpx_packed_karatsuba.hpp:121->src/generic/mpx_packed_karatsuba.hpp:138->src/generic/mpx_packed_karatsuba.hpp:139->src/generic/mpx_packed_karatsuba.hpp:188->src/generic/mpx_packed_karatsuba.hpp:225]   --->   Operation 65 'zext' 'zext_ln121_169' <Predicate = true> <Delay = 0.00>
ST_3 : Operation 66 [1/1] (0.00ns)   --->   "%zext_ln121_170 = zext i128 %b0_59" [src/generic/mpx_packed_karatsuba.hpp:121->src/generic/mpx_packed_karatsuba.hpp:138->src/generic/mpx_packed_karatsuba.hpp:139->src/generic/mpx_packed_karatsuba.hpp:188->src/generic/mpx_packed_karatsuba.hpp:225]   --->   Operation 66 'zext' 'zext_ln121_170' <Predicate = true> <Delay = 0.00>
ST_3 : Operation 67 [1/1] (6.07ns)   --->   "%z0_126 = mul i256 %zext_ln121_170, i256 %zext_ln121_169" [src/generic/mpx_packed_karatsuba.hpp:121->src/generic/mpx_packed_karatsuba.hpp:138->src/generic/mpx_packed_karatsuba.hpp:139->src/generic/mpx_packed_karatsuba.hpp:188->src/generic/mpx_packed_karatsuba.hpp:225]   --->   Operation 67 'mul' 'z0_126' <Predicate = true> <Delay = 6.07> <CoreInst = "Multiplier">   --->   Core 3 'Multiplier' <Latency = 0> <II = 1> <Delay = 6.07> <FuncUnit> <Opcode : 'mul'> <InPorts = 2> <OutPorts = 1>
ST_3 : Operation 68 [1/1] (0.00ns)   --->   "%tmp_209 = partselect i128 @_ssdm_op_PartSelect.i128.i512.i32.i32, i512 %A_1_loc_load, i32 384, i32 511" [src/generic/mpx_packed_karatsuba.hpp:121->src/generic/mpx_packed_karatsuba.hpp:139->src/generic/mpx_packed_karatsuba.hpp:139->src/generic/mpx_packed_karatsuba.hpp:188->src/generic/mpx_packed_karatsuba.hpp:225]   --->   Operation 68 'partselect' 'tmp_209' <Predicate = true> <Delay = 0.00>
ST_3 : Operation 69 [1/1] (0.00ns)   --->   "%tmp_419_cast = partselect i64 @_ssdm_op_PartSelect.i64.i512.i32.i32, i512 %A_1_loc_load, i32 384, i32 447" [src/generic/mpx_packed_karatsuba.hpp:121->src/generic/mpx_packed_karatsuba.hpp:139->src/generic/mpx_packed_karatsuba.hpp:139->src/generic/mpx_packed_karatsuba.hpp:188->src/generic/mpx_packed_karatsuba.hpp:225]   --->   Operation 69 'partselect' 'tmp_419_cast' <Predicate = true> <Delay = 0.00>
ST_3 : Operation 70 [1/1] (0.00ns)   --->   "%zext_ln121_185 = zext i128 %tmp_209" [src/generic/mpx_packed_karatsuba.hpp:121->src/generic/mpx_packed_karatsuba.hpp:139->src/generic/mpx_packed_karatsuba.hpp:139->src/generic/mpx_packed_karatsuba.hpp:188->src/generic/mpx_packed_karatsuba.hpp:225]   --->   Operation 70 'zext' 'zext_ln121_185' <Predicate = true> <Delay = 0.00>
ST_3 : Operation 71 [1/1] (0.00ns)   --->   "%tmp_210 = partselect i128 @_ssdm_op_PartSelect.i128.i512.i32.i32, i512 %B_loc_load, i32 384, i32 511" [src/generic/mpx_packed_karatsuba.hpp:121->src/generic/mpx_packed_karatsuba.hpp:139->src/generic/mpx_packed_karatsuba.hpp:139->src/generic/mpx_packed_karatsuba.hpp:188->src/generic/mpx_packed_karatsuba.hpp:225]   --->   Operation 71 'partselect' 'tmp_210' <Predicate = true> <Delay = 0.00>
ST_3 : Operation 72 [1/1] (0.00ns)   --->   "%tmp_420_cast = partselect i64 @_ssdm_op_PartSelect.i64.i512.i32.i32, i512 %B_loc_load, i32 384, i32 447" [src/generic/mpx_packed_karatsuba.hpp:121->src/generic/mpx_packed_karatsuba.hpp:139->src/generic/mpx_packed_karatsuba.hpp:139->src/generic/mpx_packed_karatsuba.hpp:188->src/generic/mpx_packed_karatsuba.hpp:225]   --->   Operation 72 'partselect' 'tmp_420_cast' <Predicate = true> <Delay = 0.00>
ST_3 : Operation 73 [1/1] (0.00ns)   --->   "%zext_ln121_186 = zext i128 %tmp_210" [src/generic/mpx_packed_karatsuba.hpp:121->src/generic/mpx_packed_karatsuba.hpp:139->src/generic/mpx_packed_karatsuba.hpp:139->src/generic/mpx_packed_karatsuba.hpp:188->src/generic/mpx_packed_karatsuba.hpp:225]   --->   Operation 73 'zext' 'zext_ln121_186' <Predicate = true> <Delay = 0.00>
ST_3 : Operation 74 [1/1] (6.07ns)   --->   "%z2_171 = mul i256 %zext_ln121_186, i256 %zext_ln121_185" [src/generic/mpx_packed_karatsuba.hpp:121->src/generic/mpx_packed_karatsuba.hpp:139->src/generic/mpx_packed_karatsuba.hpp:139->src/generic/mpx_packed_karatsuba.hpp:188->src/generic/mpx_packed_karatsuba.hpp:225]   --->   Operation 74 'mul' 'z2_171' <Predicate = true> <Delay = 6.07> <CoreInst = "Multiplier">   --->   Core 3 'Multiplier' <Latency = 0> <II = 1> <Delay = 6.07> <FuncUnit> <Opcode : 'mul'> <InPorts = 2> <OutPorts = 1>
ST_3 : Operation 75 [1/1] (0.00ns)   --->   "%zext_ln147_65 = zext i128 %a0_75" [src/generic/mpx_packed_karatsuba.hpp:147->src/generic/mpx_packed_karatsuba.hpp:139->src/generic/mpx_packed_karatsuba.hpp:188->src/generic/mpx_packed_karatsuba.hpp:225]   --->   Operation 75 'zext' 'zext_ln147_65' <Predicate = true> <Delay = 0.00>
ST_3 : Operation 76 [1/1] (0.00ns)   --->   "%zext_ln147_82 = zext i128 %tmp_209" [src/generic/mpx_packed_karatsuba.hpp:147->src/generic/mpx_packed_karatsuba.hpp:139->src/generic/mpx_packed_karatsuba.hpp:188->src/generic/mpx_packed_karatsuba.hpp:225]   --->   Operation 76 'zext' 'zext_ln147_82' <Predicate = true> <Delay = 0.00>
ST_3 : Operation 77 [1/1] (1.14ns)   --->   "%a0_76 = add i64 %a0_75_cast, i64 %tmp_419_cast" [src/generic/mpx_packed_karatsuba.hpp:133->src/generic/mpx_packed_karatsuba.hpp:159->src/generic/mpx_packed_karatsuba.hpp:139->src/generic/mpx_packed_karatsuba.hpp:188->src/generic/mpx_packed_karatsuba.hpp:225]   --->   Operation 77 'add' 'a0_76' <Predicate = true> <Delay = 1.14> <CoreInst = "Adder">   --->   Core 1 'Adder' <Latency = 0> <II = 1> <Delay = 1.14> <FuncUnit> <Opcode : 'add' 'sub'> <InPorts = 2> <OutPorts = 1>
ST_3 : Operation 78 [1/1] (1.49ns)   --->   "%sa_127 = add i129 %zext_ln147_65, i129 %zext_ln147_82" [src/generic/mpx_packed_karatsuba.hpp:147->src/generic/mpx_packed_karatsuba.hpp:139->src/generic/mpx_packed_karatsuba.hpp:188->src/generic/mpx_packed_karatsuba.hpp:225]   --->   Operation 78 'add' 'sa_127' <Predicate = true> <Delay = 1.49> <CoreInst = "Adder">   --->   Core 1 'Adder' <Latency = 0> <II = 1> <Delay = 1.49> <FuncUnit> <Opcode : 'add' 'sub'> <InPorts = 2> <OutPorts = 1>
ST_3 : Operation 79 [1/1] (0.00ns)   --->   "%zext_ln148_51 = zext i128 %b0_59" [src/generic/mpx_packed_karatsuba.hpp:148->src/generic/mpx_packed_karatsuba.hpp:139->src/generic/mpx_packed_karatsuba.hpp:188->src/generic/mpx_packed_karatsuba.hpp:225]   --->   Operation 79 'zext' 'zext_ln148_51' <Predicate = true> <Delay = 0.00>
ST_3 : Operation 80 [1/1] (0.00ns)   --->   "%zext_ln148_66 = zext i128 %tmp_210" [src/generic/mpx_packed_karatsuba.hpp:148->src/generic/mpx_packed_karatsuba.hpp:139->src/generic/mpx_packed_karatsuba.hpp:188->src/generic/mpx_packed_karatsuba.hpp:225]   --->   Operation 80 'zext' 'zext_ln148_66' <Predicate = true> <Delay = 0.00>
ST_3 : Operation 81 [1/1] (1.14ns)   --->   "%b0_60 = add i64 %b0_59_cast, i64 %tmp_420_cast" [src/generic/mpx_packed_karatsuba.hpp:134->src/generic/mpx_packed_karatsuba.hpp:159->src/generic/mpx_packed_karatsuba.hpp:139->src/generic/mpx_packed_karatsuba.hpp:188->src/generic/mpx_packed_karatsuba.hpp:225]   --->   Operation 81 'add' 'b0_60' <Predicate = true> <Delay = 1.14> <CoreInst = "Adder">   --->   Core 1 'Adder' <Latency = 0> <II = 1> <Delay = 1.14> <FuncUnit> <Opcode : 'add' 'sub'> <InPorts = 2> <OutPorts = 1>
ST_3 : Operation 82 [1/1] (1.49ns)   --->   "%sb_101 = add i129 %zext_ln148_51, i129 %zext_ln148_66" [src/generic/mpx_packed_karatsuba.hpp:148->src/generic/mpx_packed_karatsuba.hpp:139->src/generic/mpx_packed_karatsuba.hpp:188->src/generic/mpx_packed_karatsuba.hpp:225]   --->   Operation 82 'add' 'sb_101' <Predicate = true> <Delay = 1.49> <CoreInst = "Adder">   --->   Core 1 'Adder' <Latency = 0> <II = 1> <Delay = 1.49> <FuncUnit> <Opcode : 'add' 'sub'> <InPorts = 2> <OutPorts = 1>
ST_3 : Operation 83 [1/1] (0.00ns)   --->   "%a1_7 = partselect i65 @_ssdm_op_PartSelect.i65.i129.i32.i32, i129 %sa_127, i32 64, i32 128" [src/generic/mpx_packed_karatsuba.hpp:135->src/generic/mpx_packed_karatsuba.hpp:159->src/generic/mpx_packed_karatsuba.hpp:139->src/generic/mpx_packed_karatsuba.hpp:188->src/generic/mpx_packed_karatsuba.hpp:225]   --->   Operation 83 'partselect' 'a1_7' <Predicate = true> <Delay = 0.00>
ST_3 : Operation 84 [1/1] (0.00ns)   --->   "%b1_7 = partselect i65 @_ssdm_op_PartSelect.i65.i129.i32.i32, i129 %sb_101, i32 64, i32 128" [src/generic/mpx_packed_karatsuba.hpp:136->src/generic/mpx_packed_karatsuba.hpp:159->src/generic/mpx_packed_karatsuba.hpp:139->src/generic/mpx_packed_karatsuba.hpp:188->src/generic/mpx_packed_karatsuba.hpp:225]   --->   Operation 84 'partselect' 'b1_7' <Predicate = true> <Delay = 0.00>
ST_3 : Operation 85 [1/1] (0.00ns)   --->   "%zext_ln121_171 = zext i64 %a0_76" [src/generic/mpx_packed_karatsuba.hpp:121->src/generic/mpx_packed_karatsuba.hpp:138->src/generic/mpx_packed_karatsuba.hpp:159->src/generic/mpx_packed_karatsuba.hpp:139->src/generic/mpx_packed_karatsuba.hpp:188->src/generic/mpx_packed_karatsuba.hpp:225]   --->   Operation 85 'zext' 'zext_ln121_171' <Predicate = true> <Delay = 0.00>
ST_3 : Operation 86 [1/1] (0.00ns)   --->   "%zext_ln121_172 = zext i64 %b0_60" [src/generic/mpx_packed_karatsuba.hpp:121->src/generic/mpx_packed_karatsuba.hpp:138->src/generic/mpx_packed_karatsuba.hpp:159->src/generic/mpx_packed_karatsuba.hpp:139->src/generic/mpx_packed_karatsuba.hpp:188->src/generic/mpx_packed_karatsuba.hpp:225]   --->   Operation 86 'zext' 'zext_ln121_172' <Predicate = true> <Delay = 0.00>
ST_3 : Operation 87 [1/1] (4.43ns)   --->   "%z0_127 = mul i128 %zext_ln121_172, i128 %zext_ln121_171" [src/generic/mpx_packed_karatsuba.hpp:121->src/generic/mpx_packed_karatsuba.hpp:138->src/generic/mpx_packed_karatsuba.hpp:159->src/generic/mpx_packed_karatsuba.hpp:139->src/generic/mpx_packed_karatsuba.hpp:188->src/generic/mpx_packed_karatsuba.hpp:225]   --->   Operation 87 'mul' 'z0_127' <Predicate = true> <Delay = 4.43> <CoreInst = "Multiplier">   --->   Core 3 'Multiplier' <Latency = 0> <II = 1> <Delay = 4.43> <FuncUnit> <Opcode : 'mul'> <InPorts = 2> <OutPorts = 1>
ST_3 : Operation 88 [1/1] (0.00ns)   --->   "%zext_ln121_173 = zext i65 %a1_7" [src/generic/mpx_packed_karatsuba.hpp:121->src/generic/mpx_packed_karatsuba.hpp:139->src/generic/mpx_packed_karatsuba.hpp:159->src/generic/mpx_packed_karatsuba.hpp:139->src/generic/mpx_packed_karatsuba.hpp:188->src/generic/mpx_packed_karatsuba.hpp:225]   --->   Operation 88 'zext' 'zext_ln121_173' <Predicate = true> <Delay = 0.00>
ST_3 : Operation 89 [1/1] (0.00ns)   --->   "%zext_ln121_174 = zext i65 %b1_7" [src/generic/mpx_packed_karatsuba.hpp:121->src/generic/mpx_packed_karatsuba.hpp:139->src/generic/mpx_packed_karatsuba.hpp:159->src/generic/mpx_packed_karatsuba.hpp:139->src/generic/mpx_packed_karatsuba.hpp:188->src/generic/mpx_packed_karatsuba.hpp:225]   --->   Operation 89 'zext' 'zext_ln121_174' <Predicate = true> <Delay = 0.00>
ST_3 : Operation 90 [1/1] (4.47ns)   --->   "%z2_172 = mul i130 %zext_ln121_174, i130 %zext_ln121_173" [src/generic/mpx_packed_karatsuba.hpp:121->src/generic/mpx_packed_karatsuba.hpp:139->src/generic/mpx_packed_karatsuba.hpp:159->src/generic/mpx_packed_karatsuba.hpp:139->src/generic/mpx_packed_karatsuba.hpp:188->src/generic/mpx_packed_karatsuba.hpp:225]   --->   Operation 90 'mul' 'z2_172' <Predicate = true> <Delay = 4.47> <CoreInst = "Multiplier">   --->   Core 3 'Multiplier' <Latency = 0> <II = 1> <Delay = 4.47> <FuncUnit> <Opcode : 'mul'> <InPorts = 2> <OutPorts = 1>
ST_3 : Operation 91 [1/1] (0.00ns)   --->   "%zext_ln147_66 = zext i64 %a0_76" [src/generic/mpx_packed_karatsuba.hpp:147->src/generic/mpx_packed_karatsuba.hpp:159->src/generic/mpx_packed_karatsuba.hpp:139->src/generic/mpx_packed_karatsuba.hpp:188->src/generic/mpx_packed_karatsuba.hpp:225]   --->   Operation 91 'zext' 'zext_ln147_66' <Predicate = true> <Delay = 0.00>
ST_3 : Operation 92 [1/1] (0.00ns)   --->   "%zext_ln147_83 = zext i65 %a1_7" [src/generic/mpx_packed_karatsuba.hpp:147->src/generic/mpx_packed_karatsuba.hpp:159->src/generic/mpx_packed_karatsuba.hpp:139->src/generic/mpx_packed_karatsuba.hpp:188->src/generic/mpx_packed_karatsuba.hpp:225]   --->   Operation 92 'zext' 'zext_ln147_83' <Predicate = true> <Delay = 0.00>
ST_3 : Operation 93 [1/1] (1.15ns)   --->   "%sa_120 = add i66 %zext_ln147_83, i66 %zext_ln147_66" [src/generic/mpx_packed_karatsuba.hpp:147->src/generic/mpx_packed_karatsuba.hpp:159->src/generic/mpx_packed_karatsuba.hpp:139->src/generic/mpx_packed_karatsuba.hpp:188->src/generic/mpx_packed_karatsuba.hpp:225]   --->   Operation 93 'add' 'sa_120' <Predicate = true> <Delay = 1.15> <CoreInst = "Adder">   --->   Core 1 'Adder' <Latency = 0> <II = 1> <Delay = 1.15> <FuncUnit> <Opcode : 'add' 'sub'> <InPorts = 2> <OutPorts = 1>
ST_3 : Operation 94 [1/1] (0.00ns)   --->   "%zext_ln148_52 = zext i64 %b0_60" [src/generic/mpx_packed_karatsuba.hpp:148->src/generic/mpx_packed_karatsuba.hpp:159->src/generic/mpx_packed_karatsuba.hpp:139->src/generic/mpx_packed_karatsuba.hpp:188->src/generic/mpx_packed_karatsuba.hpp:225]   --->   Operation 94 'zext' 'zext_ln148_52' <Predicate = true> <Delay = 0.00>
ST_3 : Operation 95 [1/1] (0.00ns)   --->   "%zext_ln148_67 = zext i65 %b1_7" [src/generic/mpx_packed_karatsuba.hpp:148->src/generic/mpx_packed_karatsuba.hpp:159->src/generic/mpx_packed_karatsuba.hpp:139->src/generic/mpx_packed_karatsuba.hpp:188->src/generic/mpx_packed_karatsuba.hpp:225]   --->   Operation 95 'zext' 'zext_ln148_67' <Predicate = true> <Delay = 0.00>
ST_3 : Operation 96 [1/1] (1.15ns)   --->   "%sb_94 = add i66 %zext_ln148_67, i66 %zext_ln148_52" [src/generic/mpx_packed_karatsuba.hpp:148->src/generic/mpx_packed_karatsuba.hpp:159->src/generic/mpx_packed_karatsuba.hpp:139->src/generic/mpx_packed_karatsuba.hpp:188->src/generic/mpx_packed_karatsuba.hpp:225]   --->   Operation 96 'add' 'sb_94' <Predicate = true> <Delay = 1.15> <CoreInst = "Adder">   --->   Core 1 'Adder' <Latency = 0> <II = 1> <Delay = 1.15> <FuncUnit> <Opcode : 'add' 'sub'> <InPorts = 2> <OutPorts = 1>
ST_3 : Operation 97 [1/1] (0.00ns)   --->   "%zext_ln164_41 = zext i66 %sa_120" [src/generic/mpx_packed_karatsuba.hpp:164->src/generic/mpx_packed_karatsuba.hpp:159->src/generic/mpx_packed_karatsuba.hpp:139->src/generic/mpx_packed_karatsuba.hpp:188->src/generic/mpx_packed_karatsuba.hpp:225]   --->   Operation 97 'zext' 'zext_ln164_41' <Predicate = true> <Delay = 0.00>
ST_3 : Operation 98 [1/1] (0.00ns)   --->   "%zext_ln164_42 = zext i66 %sb_94" [src/generic/mpx_packed_karatsuba.hpp:164->src/generic/mpx_packed_karatsuba.hpp:159->src/generic/mpx_packed_karatsuba.hpp:139->src/generic/mpx_packed_karatsuba.hpp:188->src/generic/mpx_packed_karatsuba.hpp:225]   --->   Operation 98 'zext' 'zext_ln164_42' <Predicate = true> <Delay = 0.00>
ST_3 : Operation 99 [1/1] (4.51ns)   --->   "%t_97 = mul i132 %zext_ln164_42, i132 %zext_ln164_41" [src/generic/mpx_packed_karatsuba.hpp:164->src/generic/mpx_packed_karatsuba.hpp:159->src/generic/mpx_packed_karatsuba.hpp:139->src/generic/mpx_packed_karatsuba.hpp:188->src/generic/mpx_packed_karatsuba.hpp:225]   --->   Operation 99 'mul' 't_97' <Predicate = true> <Delay = 4.51> <CoreInst = "Multiplier">   --->   Core 3 'Multiplier' <Latency = 0> <II = 1> <Delay = 4.51> <FuncUnit> <Opcode : 'mul'> <InPorts = 2> <OutPorts = 1>
ST_3 : Operation 100 [1/1] (0.00ns)   --->   "%zext_ln147_67 = zext i256 %a0" [src/generic/mpx_packed_karatsuba.hpp:147->src/generic/mpx_packed_karatsuba.hpp:188->src/generic/mpx_packed_karatsuba.hpp:225]   --->   Operation 100 'zext' 'zext_ln147_67' <Predicate = true> <Delay = 0.00>
ST_3 : Operation 101 [1/1] (0.00ns)   --->   "%tmp_212 = partselect i256 @_ssdm_op_PartSelect.i256.i512.i32.i32, i512 %A_1_loc_load, i32 256, i32 511" [src/generic/mpx_packed_karatsuba.hpp:147->src/generic/mpx_packed_karatsuba.hpp:188->src/generic/mpx_packed_karatsuba.hpp:225]   --->   Operation 101 'partselect' 'tmp_212' <Predicate = true> <Delay = 0.00>
ST_3 : Operation 102 [1/1] (0.00ns)   --->   "%tmp_426_cast = partselect i192 @_ssdm_op_PartSelect.i192.i512.i32.i32, i512 %A_1_loc_load, i32 256, i32 447" [src/generic/mpx_packed_karatsuba.hpp:147->src/generic/mpx_packed_karatsuba.hpp:188->src/generic/mpx_packed_karatsuba.hpp:225]   --->   Operation 102 'partselect' 'tmp_426_cast' <Predicate = true> <Delay = 0.00>
ST_3 : Operation 103 [1/1] (0.00ns)   --->   "%zext_ln147_84 = zext i256 %tmp_212" [src/generic/mpx_packed_karatsuba.hpp:147->src/generic/mpx_packed_karatsuba.hpp:188->src/generic/mpx_packed_karatsuba.hpp:225]   --->   Operation 103 'zext' 'zext_ln147_84' <Predicate = true> <Delay = 0.00>
ST_3 : Operation 104 [1/1] (1.78ns)   --->   "%add_ln147 = add i192 %tmp_426_cast, i192 %trunc_ln133_10" [src/generic/mpx_packed_karatsuba.hpp:147->src/generic/mpx_packed_karatsuba.hpp:188->src/generic/mpx_packed_karatsuba.hpp:225]   --->   Operation 104 'add' 'add_ln147' <Predicate = true> <Delay = 1.78> <CoreInst = "Adder">   --->   Core 1 'Adder' <Latency = 0> <II = 1> <Delay = 1.78> <FuncUnit> <Opcode : 'add' 'sub'> <InPorts = 2> <OutPorts = 1>
ST_3 : Operation 105 [1/1] (2.05ns)   --->   "%sa_128 = add i257 %zext_ln147_84, i257 %zext_ln147_67" [src/generic/mpx_packed_karatsuba.hpp:147->src/generic/mpx_packed_karatsuba.hpp:188->src/generic/mpx_packed_karatsuba.hpp:225]   --->   Operation 105 'add' 'sa_128' <Predicate = true> <Delay = 2.05> <CoreInst = "Adder">   --->   Core 1 'Adder' <Latency = 0> <II = 1> <Delay = 2.05> <FuncUnit> <Opcode : 'add' 'sub'> <InPorts = 2> <OutPorts = 1>
ST_3 : Operation 106 [1/1] (0.00ns)   --->   "%zext_ln148_53 = zext i256 %b0" [src/generic/mpx_packed_karatsuba.hpp:148->src/generic/mpx_packed_karatsuba.hpp:188->src/generic/mpx_packed_karatsuba.hpp:225]   --->   Operation 106 'zext' 'zext_ln148_53' <Predicate = true> <Delay = 0.00>
ST_3 : Operation 107 [1/1] (0.00ns)   --->   "%tmp_213 = partselect i256 @_ssdm_op_PartSelect.i256.i512.i32.i32, i512 %B_loc_load, i32 256, i32 511" [src/generic/mpx_packed_karatsuba.hpp:148->src/generic/mpx_packed_karatsuba.hpp:188->src/generic/mpx_packed_karatsuba.hpp:225]   --->   Operation 107 'partselect' 'tmp_213' <Predicate = true> <Delay = 0.00>
ST_3 : Operation 108 [1/1] (0.00ns)   --->   "%tmp_427_cast = partselect i192 @_ssdm_op_PartSelect.i192.i512.i32.i32, i512 %B_loc_load, i32 256, i32 447" [src/generic/mpx_packed_karatsuba.hpp:148->src/generic/mpx_packed_karatsuba.hpp:188->src/generic/mpx_packed_karatsuba.hpp:225]   --->   Operation 108 'partselect' 'tmp_427_cast' <Predicate = true> <Delay = 0.00>
ST_3 : Operation 109 [1/1] (0.00ns)   --->   "%zext_ln148_68 = zext i256 %tmp_213" [src/generic/mpx_packed_karatsuba.hpp:148->src/generic/mpx_packed_karatsuba.hpp:188->src/generic/mpx_packed_karatsuba.hpp:225]   --->   Operation 109 'zext' 'zext_ln148_68' <Predicate = true> <Delay = 0.00>
ST_3 : Operation 110 [1/1] (1.78ns)   --->   "%add_ln148 = add i192 %tmp_427_cast, i192 %trunc_ln134_8" [src/generic/mpx_packed_karatsuba.hpp:148->src/generic/mpx_packed_karatsuba.hpp:188->src/generic/mpx_packed_karatsuba.hpp:225]   --->   Operation 110 'add' 'add_ln148' <Predicate = true> <Delay = 1.78> <CoreInst = "Adder">   --->   Core 1 'Adder' <Latency = 0> <II = 1> <Delay = 1.78> <FuncUnit> <Opcode : 'add' 'sub'> <InPorts = 2> <OutPorts = 1>
ST_3 : Operation 111 [1/1] (2.05ns)   --->   "%sb_102 = add i257 %zext_ln148_68, i257 %zext_ln148_53" [src/generic/mpx_packed_karatsuba.hpp:148->src/generic/mpx_packed_karatsuba.hpp:188->src/generic/mpx_packed_karatsuba.hpp:225]   --->   Operation 111 'add' 'sb_102' <Predicate = true> <Delay = 2.05> <CoreInst = "Adder">   --->   Core 1 'Adder' <Latency = 0> <II = 1> <Delay = 2.05> <FuncUnit> <Opcode : 'add' 'sub'> <InPorts = 2> <OutPorts = 1>
ST_3 : Operation 112 [1/1] (0.00ns)   --->   "%a0_77 = trunc i192 %add_ln147" [src/generic/mpx_packed_karatsuba.hpp:133->src/generic/mpx_packed_karatsuba.hpp:159->src/generic/mpx_packed_karatsuba.hpp:188->src/generic/mpx_packed_karatsuba.hpp:225]   --->   Operation 112 'trunc' 'a0_77' <Predicate = true> <Delay = 0.00>
ST_3 : Operation 113 [1/1] (0.00ns)   --->   "%b0_61 = trunc i192 %add_ln148" [src/generic/mpx_packed_karatsuba.hpp:134->src/generic/mpx_packed_karatsuba.hpp:159->src/generic/mpx_packed_karatsuba.hpp:188->src/generic/mpx_packed_karatsuba.hpp:225]   --->   Operation 113 'trunc' 'b0_61' <Predicate = true> <Delay = 0.00>
ST_3 : Operation 114 [1/1] (0.00ns)   --->   "%zext_ln121_176 = zext i128 %a0_77" [src/generic/mpx_packed_karatsuba.hpp:121->src/generic/mpx_packed_karatsuba.hpp:138->src/generic/mpx_packed_karatsuba.hpp:159->src/generic/mpx_packed_karatsuba.hpp:188->src/generic/mpx_packed_karatsuba.hpp:225]   --->   Operation 114 'zext' 'zext_ln121_176' <Predicate = true> <Delay = 0.00>
ST_3 : Operation 115 [1/1] (0.00ns)   --->   "%zext_ln121_178 = zext i128 %b0_61" [src/generic/mpx_packed_karatsuba.hpp:121->src/generic/mpx_packed_karatsuba.hpp:138->src/generic/mpx_packed_karatsuba.hpp:159->src/generic/mpx_packed_karatsuba.hpp:188->src/generic/mpx_packed_karatsuba.hpp:225]   --->   Operation 115 'zext' 'zext_ln121_178' <Predicate = true> <Delay = 0.00>
ST_3 : Operation 116 [1/1] (0.00ns)   --->   "%a0_78 = partselect i64 @_ssdm_op_PartSelect.i64.i192.i32.i32, i192 %add_ln147, i32 128, i32 191" [src/generic/mpx_packed_karatsuba.hpp:133->src/generic/mpx_packed_karatsuba.hpp:139->src/generic/mpx_packed_karatsuba.hpp:159->src/generic/mpx_packed_karatsuba.hpp:188->src/generic/mpx_packed_karatsuba.hpp:225]   --->   Operation 116 'partselect' 'a0_78' <Predicate = true> <Delay = 0.00>
ST_3 : Operation 117 [1/1] (0.00ns)   --->   "%b0_62 = partselect i64 @_ssdm_op_PartSelect.i64.i192.i32.i32, i192 %add_ln148, i32 128, i32 191" [src/generic/mpx_packed_karatsuba.hpp:134->src/generic/mpx_packed_karatsuba.hpp:139->src/generic/mpx_packed_karatsuba.hpp:159->src/generic/mpx_packed_karatsuba.hpp:188->src/generic/mpx_packed_karatsuba.hpp:225]   --->   Operation 117 'partselect' 'b0_62' <Predicate = true> <Delay = 0.00>
ST_3 : Operation 118 [1/1] (0.00ns)   --->   "%tmp_214 = partselect i65 @_ssdm_op_PartSelect.i65.i257.i32.i32, i257 %sa_128, i32 192, i32 256" [src/generic/mpx_packed_karatsuba.hpp:121->src/generic/mpx_packed_karatsuba.hpp:139->src/generic/mpx_packed_karatsuba.hpp:139->src/generic/mpx_packed_karatsuba.hpp:159->src/generic/mpx_packed_karatsuba.hpp:188->src/generic/mpx_packed_karatsuba.hpp:225]   --->   Operation 118 'partselect' 'tmp_214' <Predicate = true> <Delay = 0.00>
ST_3 : Operation 119 [1/1] (0.00ns)   --->   "%tmp_215 = partselect i65 @_ssdm_op_PartSelect.i65.i257.i32.i32, i257 %sb_102, i32 192, i32 256" [src/generic/mpx_packed_karatsuba.hpp:121->src/generic/mpx_packed_karatsuba.hpp:139->src/generic/mpx_packed_karatsuba.hpp:139->src/generic/mpx_packed_karatsuba.hpp:159->src/generic/mpx_packed_karatsuba.hpp:188->src/generic/mpx_packed_karatsuba.hpp:225]   --->   Operation 119 'partselect' 'tmp_215' <Predicate = true> <Delay = 0.00>
ST_3 : Operation 120 [1/1] (0.00ns)   --->   "%tmp_217 = partselect i129 @_ssdm_op_PartSelect.i129.i257.i32.i32, i257 %sa_128, i32 128, i32 256" [src/generic/mpx_packed_karatsuba.hpp:147->src/generic/mpx_packed_karatsuba.hpp:159->src/generic/mpx_packed_karatsuba.hpp:188->src/generic/mpx_packed_karatsuba.hpp:225]   --->   Operation 120 'partselect' 'tmp_217' <Predicate = true> <Delay = 0.00>
ST_3 : Operation 121 [1/1] (0.00ns)   --->   "%zext_ln147_86 = zext i129 %tmp_217" [src/generic/mpx_packed_karatsuba.hpp:147->src/generic/mpx_packed_karatsuba.hpp:159->src/generic/mpx_packed_karatsuba.hpp:188->src/generic/mpx_packed_karatsuba.hpp:225]   --->   Operation 121 'zext' 'zext_ln147_86' <Predicate = true> <Delay = 0.00>
ST_3 : Operation 122 [1/1] (1.50ns)   --->   "%sa_129 = add i130 %zext_ln147_86, i130 %zext_ln121_176" [src/generic/mpx_packed_karatsuba.hpp:147->src/generic/mpx_packed_karatsuba.hpp:159->src/generic/mpx_packed_karatsuba.hpp:188->src/generic/mpx_packed_karatsuba.hpp:225]   --->   Operation 122 'add' 'sa_129' <Predicate = true> <Delay = 1.50> <CoreInst = "Adder">   --->   Core 1 'Adder' <Latency = 0> <II = 1> <Delay = 1.50> <FuncUnit> <Opcode : 'add' 'sub'> <InPorts = 2> <OutPorts = 1>
ST_3 : Operation 123 [1/1] (0.00ns)   --->   "%tmp_218 = partselect i129 @_ssdm_op_PartSelect.i129.i257.i32.i32, i257 %sb_102, i32 128, i32 256" [src/generic/mpx_packed_karatsuba.hpp:148->src/generic/mpx_packed_karatsuba.hpp:159->src/generic/mpx_packed_karatsuba.hpp:188->src/generic/mpx_packed_karatsuba.hpp:225]   --->   Operation 123 'partselect' 'tmp_218' <Predicate = true> <Delay = 0.00>
ST_3 : Operation 124 [1/1] (0.00ns)   --->   "%zext_ln148_70 = zext i129 %tmp_218" [src/generic/mpx_packed_karatsuba.hpp:148->src/generic/mpx_packed_karatsuba.hpp:159->src/generic/mpx_packed_karatsuba.hpp:188->src/generic/mpx_packed_karatsuba.hpp:225]   --->   Operation 124 'zext' 'zext_ln148_70' <Predicate = true> <Delay = 0.00>
ST_3 : Operation 125 [1/1] (1.50ns)   --->   "%sb_103 = add i130 %zext_ln148_70, i130 %zext_ln121_178" [src/generic/mpx_packed_karatsuba.hpp:148->src/generic/mpx_packed_karatsuba.hpp:159->src/generic/mpx_packed_karatsuba.hpp:188->src/generic/mpx_packed_karatsuba.hpp:225]   --->   Operation 125 'add' 'sb_103' <Predicate = true> <Delay = 1.50> <CoreInst = "Adder">   --->   Core 1 'Adder' <Latency = 0> <II = 1> <Delay = 1.50> <FuncUnit> <Opcode : 'add' 'sub'> <InPorts = 2> <OutPorts = 1>
ST_3 : Operation 126 [1/1] (0.00ns)   --->   "%a0_79 = trunc i130 %sa_129" [src/generic/mpx_packed_karatsuba.hpp:133->src/generic/mpx_packed_karatsuba.hpp:159->src/generic/mpx_packed_karatsuba.hpp:159->src/generic/mpx_packed_karatsuba.hpp:188->src/generic/mpx_packed_karatsuba.hpp:225]   --->   Operation 126 'trunc' 'a0_79' <Predicate = true> <Delay = 0.00>
ST_3 : Operation 127 [1/1] (0.00ns)   --->   "%b0_63 = trunc i130 %sb_103" [src/generic/mpx_packed_karatsuba.hpp:134->src/generic/mpx_packed_karatsuba.hpp:159->src/generic/mpx_packed_karatsuba.hpp:159->src/generic/mpx_packed_karatsuba.hpp:188->src/generic/mpx_packed_karatsuba.hpp:225]   --->   Operation 127 'trunc' 'b0_63' <Predicate = true> <Delay = 0.00>
ST_3 : Operation 128 [1/1] (0.00ns)   --->   "%tmp_219 = partselect i2 @_ssdm_op_PartSelect.i2.i130.i32.i32, i130 %sa_129, i32 128, i32 129" [src/generic/mpx_packed_karatsuba.hpp:121->src/generic/mpx_packed_karatsuba.hpp:139->src/generic/mpx_packed_karatsuba.hpp:159->src/generic/mpx_packed_karatsuba.hpp:159->src/generic/mpx_packed_karatsuba.hpp:188->src/generic/mpx_packed_karatsuba.hpp:225]   --->   Operation 128 'partselect' 'tmp_219' <Predicate = true> <Delay = 0.00>
ST_3 : Operation 129 [1/1] (0.00ns)   --->   "%tmp_220 = partselect i2 @_ssdm_op_PartSelect.i2.i130.i32.i32, i130 %sb_103, i32 128, i32 129" [src/generic/mpx_packed_karatsuba.hpp:121->src/generic/mpx_packed_karatsuba.hpp:139->src/generic/mpx_packed_karatsuba.hpp:159->src/generic/mpx_packed_karatsuba.hpp:159->src/generic/mpx_packed_karatsuba.hpp:188->src/generic/mpx_packed_karatsuba.hpp:225]   --->   Operation 129 'partselect' 'tmp_220' <Predicate = true> <Delay = 0.00>

State 4 <SV = 3> <Delay = 7.12>
ST_4 : Operation 130 [1/1] (0.00ns)   --->   "%zext_ln150 = zext i132 %t" [src/generic/mpx_packed_karatsuba.hpp:150->src/generic/mpx_packed_karatsuba.hpp:159->src/generic/mpx_packed_karatsuba.hpp:138->src/generic/mpx_packed_karatsuba.hpp:188->src/generic/mpx_packed_karatsuba.hpp:225]   --->   Operation 130 'zext' 'zext_ln150' <Predicate = true> <Delay = 0.00>
ST_4 : Operation 131 [1/1] (0.00ns)   --->   "%zext_ln167 = zext i128 %z0_123" [src/generic/mpx_packed_karatsuba.hpp:167->src/generic/mpx_packed_karatsuba.hpp:159->src/generic/mpx_packed_karatsuba.hpp:138->src/generic/mpx_packed_karatsuba.hpp:188->src/generic/mpx_packed_karatsuba.hpp:225]   --->   Operation 131 'zext' 'zext_ln167' <Predicate = true> <Delay = 0.00>
ST_4 : Operation 132 [1/1] (0.00ns)   --->   "%zext_ln167_81 = zext i128 %z0_123" [src/generic/mpx_packed_karatsuba.hpp:167->src/generic/mpx_packed_karatsuba.hpp:159->src/generic/mpx_packed_karatsuba.hpp:138->src/generic/mpx_packed_karatsuba.hpp:188->src/generic/mpx_packed_karatsuba.hpp:225]   --->   Operation 132 'zext' 'zext_ln167_81' <Predicate = true> <Delay = 0.00>
ST_4 : Operation 133 [1/1] (0.00ns)   --->   "%zext_ln168 = zext i130 %z2_170" [src/generic/mpx_packed_karatsuba.hpp:168->src/generic/mpx_packed_karatsuba.hpp:159->src/generic/mpx_packed_karatsuba.hpp:138->src/generic/mpx_packed_karatsuba.hpp:188->src/generic/mpx_packed_karatsuba.hpp:225]   --->   Operation 133 'zext' 'zext_ln168' <Predicate = true> <Delay = 0.00>
ST_4 : Operation 134 [1/1] (1.50ns)   --->   "%add_ln169 = add i131 %zext_ln168, i131 %zext_ln167_81" [src/generic/mpx_packed_karatsuba.hpp:169->src/generic/mpx_packed_karatsuba.hpp:159->src/generic/mpx_packed_karatsuba.hpp:138->src/generic/mpx_packed_karatsuba.hpp:188->src/generic/mpx_packed_karatsuba.hpp:225]   --->   Operation 134 'add' 'add_ln169' <Predicate = true> <Delay = 1.50> <CoreInst = "Adder">   --->   Core 1 'Adder' <Latency = 0> <II = 1> <Delay = 1.50> <FuncUnit> <Opcode : 'add' 'sub'> <InPorts = 2> <OutPorts = 1>
ST_4 : Operation 135 [1/1] (0.00ns)   --->   "%zext_ln169 = zext i131 %add_ln169" [src/generic/mpx_packed_karatsuba.hpp:169->src/generic/mpx_packed_karatsuba.hpp:159->src/generic/mpx_packed_karatsuba.hpp:138->src/generic/mpx_packed_karatsuba.hpp:188->src/generic/mpx_packed_karatsuba.hpp:225]   --->   Operation 135 'zext' 'zext_ln169' <Predicate = true> <Delay = 0.00>
ST_4 : Operation 136 [1/1] (1.51ns)   --->   "%z1e = sub i133 %zext_ln150, i133 %zext_ln169" [src/generic/mpx_packed_karatsuba.hpp:169->src/generic/mpx_packed_karatsuba.hpp:159->src/generic/mpx_packed_karatsuba.hpp:138->src/generic/mpx_packed_karatsuba.hpp:188->src/generic/mpx_packed_karatsuba.hpp:225]   --->   Operation 136 'sub' 'z1e' <Predicate = true> <Delay = 1.51> <CoreInst = "Adder">   --->   Core 1 'Adder' <Latency = 0> <II = 1> <Delay = 1.51> <FuncUnit> <Opcode : 'add' 'sub'> <InPorts = 2> <OutPorts = 1>
ST_4 : Operation 137 [1/1] (0.00ns)   --->   "%tmp_s = bitconcatenate i197 @_ssdm_op_BitConcatenate.i197.i133.i64, i133 %z1e, i64 0" [src/generic/mpx_packed_karatsuba.hpp:173->src/generic/mpx_packed_karatsuba.hpp:159->src/generic/mpx_packed_karatsuba.hpp:138->src/generic/mpx_packed_karatsuba.hpp:188->src/generic/mpx_packed_karatsuba.hpp:225]   --->   Operation 137 'bitconcatenate' 'tmp_s' <Predicate = true> <Delay = 0.00>
ST_4 : Operation 138 [1/1] (0.00ns)   --->   "%sext_ln174_36 = sext i197 %tmp_s" [src/generic/mpx_packed_karatsuba.hpp:174->src/generic/mpx_packed_karatsuba.hpp:159->src/generic/mpx_packed_karatsuba.hpp:138->src/generic/mpx_packed_karatsuba.hpp:188->src/generic/mpx_packed_karatsuba.hpp:225]   --->   Operation 138 'sext' 'sext_ln174_36' <Predicate = true> <Delay = 0.00>
ST_4 : Operation 139 [1/1] (0.00ns)   --->   "%shl_ln = bitconcatenate i258 @_ssdm_op_BitConcatenate.i258.i130.i128, i130 %z2_170, i128 0" [src/generic/mpx_packed_karatsuba.hpp:174->src/generic/mpx_packed_karatsuba.hpp:159->src/generic/mpx_packed_karatsuba.hpp:138->src/generic/mpx_packed_karatsuba.hpp:188->src/generic/mpx_packed_karatsuba.hpp:225]   --->   Operation 139 'bitconcatenate' 'shl_ln' <Predicate = true> <Delay = 0.00>
ST_4 : Operation 140 [1/1] (0.00ns)   --->   "%zext_ln172 = zext i258 %shl_ln" [src/generic/mpx_packed_karatsuba.hpp:172->src/generic/mpx_packed_karatsuba.hpp:159->src/generic/mpx_packed_karatsuba.hpp:138->src/generic/mpx_packed_karatsuba.hpp:188->src/generic/mpx_packed_karatsuba.hpp:225]   --->   Operation 140 'zext' 'zext_ln172' <Predicate = true> <Delay = 0.00>
ST_4 : Operation 141 [1/1] (0.00ns)   --->   "%zext_ln167_82 = zext i256 %z0" [src/generic/mpx_packed_karatsuba.hpp:167->src/generic/mpx_packed_karatsuba.hpp:138->src/generic/mpx_packed_karatsuba.hpp:188->src/generic/mpx_packed_karatsuba.hpp:225]   --->   Operation 141 'zext' 'zext_ln167_82' <Predicate = true> <Delay = 0.00>
ST_4 : Operation 142 [1/1] (0.00ns)   --->   "%zext_ln168_55 = zext i256 %z2_169" [src/generic/mpx_packed_karatsuba.hpp:168->src/generic/mpx_packed_karatsuba.hpp:138->src/generic/mpx_packed_karatsuba.hpp:188->src/generic/mpx_packed_karatsuba.hpp:225]   --->   Operation 142 'zext' 'zext_ln168_55' <Predicate = true> <Delay = 0.00>
ST_4 : Operation 143 [1/1] (2.05ns)   --->   "%add_ln173 = add i257 %zext_ln168_55, i257 %zext_ln167_82" [src/generic/mpx_packed_karatsuba.hpp:173->src/generic/mpx_packed_karatsuba.hpp:159->src/generic/mpx_packed_karatsuba.hpp:138->src/generic/mpx_packed_karatsuba.hpp:188->src/generic/mpx_packed_karatsuba.hpp:225]   --->   Operation 143 'add' 'add_ln173' <Predicate = true> <Delay = 2.05> <CoreInst = "Adder">   --->   Core 1 'Adder' <Latency = 0> <II = 1> <Delay = 2.05> <FuncUnit> <Opcode : 'add' 'sub'> <InPorts = 2> <OutPorts = 1>
ST_4 : Operation 144 [1/1] (0.00ns)   --->   "%zext_ln174 = zext i257 %add_ln173" [src/generic/mpx_packed_karatsuba.hpp:174->src/generic/mpx_packed_karatsuba.hpp:159->src/generic/mpx_packed_karatsuba.hpp:138->src/generic/mpx_packed_karatsuba.hpp:188->src/generic/mpx_packed_karatsuba.hpp:225]   --->   Operation 144 'zext' 'zext_ln174' <Predicate = true> <Delay = 0.00>
ST_4 : Operation 145 [1/1] (2.05ns)   --->   "%res_240 = sub i258 %zext_ln167, i258 %zext_ln174" [src/generic/mpx_packed_karatsuba.hpp:174->src/generic/mpx_packed_karatsuba.hpp:159->src/generic/mpx_packed_karatsuba.hpp:138->src/generic/mpx_packed_karatsuba.hpp:188->src/generic/mpx_packed_karatsuba.hpp:225]   --->   Operation 145 'sub' 'res_240' <Predicate = true> <Delay = 2.05> <CoreInst = "Adder">   --->   Core 1 'Adder' <Latency = 0> <II = 1> <Delay = 2.05> <FuncUnit> <Opcode : 'add' 'sub'> <InPorts = 2> <OutPorts = 1>
ST_4 : Operation 146 [1/1] (0.00ns)   --->   "%sext_ln169 = sext i258 %res_240" [src/generic/mpx_packed_karatsuba.hpp:169->src/generic/mpx_packed_karatsuba.hpp:138->src/generic/mpx_packed_karatsuba.hpp:188->src/generic/mpx_packed_karatsuba.hpp:225]   --->   Operation 146 'sext' 'sext_ln169' <Predicate = true> <Delay = 0.00>
ST_4 : Operation 147 [1/1] (0.00ns) (grouped into TernaryAdder)   --->   "%add_ln169_91 = add i260 %zext_ln172, i260 %sext_ln174_36" [src/generic/mpx_packed_karatsuba.hpp:169->src/generic/mpx_packed_karatsuba.hpp:138->src/generic/mpx_packed_karatsuba.hpp:188->src/generic/mpx_packed_karatsuba.hpp:225]   --->   Operation 147 'add' 'add_ln169_91' <Predicate = true> <Delay = 0.00> <CoreInst = "TAddSub">   --->   Core 10 'TAddSub' <Latency = 0> <II = 1> <Delay = 1.19> <IPBlock> <Opcode : '' 'add' 'sub'> <InPorts = 3> <OutPorts = 1> <Sync> <CReg>
ST_4 : Operation 148 [1/1] (1.50ns) (root node of TernaryAdder)   --->   "%z1e_64 = add i260 %add_ln169_91, i260 %sext_ln169" [src/generic/mpx_packed_karatsuba.hpp:169->src/generic/mpx_packed_karatsuba.hpp:138->src/generic/mpx_packed_karatsuba.hpp:188->src/generic/mpx_packed_karatsuba.hpp:225]   --->   Operation 148 'add' 'z1e_64' <Predicate = true> <Delay = 1.50> <CoreInst = "TAddSub">   --->   Core 10 'TAddSub' <Latency = 0> <II = 1> <Delay = 1.19> <IPBlock> <Opcode : '' 'add' 'sub'> <InPorts = 3> <OutPorts = 1> <Sync> <CReg>
ST_4 : Operation 149 [1/1] (0.00ns)   --->   "%zext_ln150_19 = zext i132 %t_97" [src/generic/mpx_packed_karatsuba.hpp:150->src/generic/mpx_packed_karatsuba.hpp:159->src/generic/mpx_packed_karatsuba.hpp:139->src/generic/mpx_packed_karatsuba.hpp:188->src/generic/mpx_packed_karatsuba.hpp:225]   --->   Operation 149 'zext' 'zext_ln150_19' <Predicate = true> <Delay = 0.00>
ST_4 : Operation 150 [1/1] (0.00ns)   --->   "%zext_ln167_83 = zext i128 %z0_127" [src/generic/mpx_packed_karatsuba.hpp:167->src/generic/mpx_packed_karatsuba.hpp:159->src/generic/mpx_packed_karatsuba.hpp:139->src/generic/mpx_packed_karatsuba.hpp:188->src/generic/mpx_packed_karatsuba.hpp:225]   --->   Operation 150 'zext' 'zext_ln167_83' <Predicate = true> <Delay = 0.00>
ST_4 : Operation 151 [1/1] (0.00ns)   --->   "%zext_ln167_84 = zext i128 %z0_127" [src/generic/mpx_packed_karatsuba.hpp:167->src/generic/mpx_packed_karatsuba.hpp:159->src/generic/mpx_packed_karatsuba.hpp:139->src/generic/mpx_packed_karatsuba.hpp:188->src/generic/mpx_packed_karatsuba.hpp:225]   --->   Operation 151 'zext' 'zext_ln167_84' <Predicate = true> <Delay = 0.00>
ST_4 : Operation 152 [1/1] (0.00ns)   --->   "%zext_ln168_56 = zext i130 %z2_172" [src/generic/mpx_packed_karatsuba.hpp:168->src/generic/mpx_packed_karatsuba.hpp:159->src/generic/mpx_packed_karatsuba.hpp:139->src/generic/mpx_packed_karatsuba.hpp:188->src/generic/mpx_packed_karatsuba.hpp:225]   --->   Operation 152 'zext' 'zext_ln168_56' <Predicate = true> <Delay = 0.00>
ST_4 : Operation 153 [1/1] (1.50ns)   --->   "%add_ln169_92 = add i131 %zext_ln168_56, i131 %zext_ln167_84" [src/generic/mpx_packed_karatsuba.hpp:169->src/generic/mpx_packed_karatsuba.hpp:159->src/generic/mpx_packed_karatsuba.hpp:139->src/generic/mpx_packed_karatsuba.hpp:188->src/generic/mpx_packed_karatsuba.hpp:225]   --->   Operation 153 'add' 'add_ln169_92' <Predicate = true> <Delay = 1.50> <CoreInst = "Adder">   --->   Core 1 'Adder' <Latency = 0> <II = 1> <Delay = 1.50> <FuncUnit> <Opcode : 'add' 'sub'> <InPorts = 2> <OutPorts = 1>
ST_4 : Operation 154 [1/1] (0.00ns)   --->   "%zext_ln169_19 = zext i131 %add_ln169_92" [src/generic/mpx_packed_karatsuba.hpp:169->src/generic/mpx_packed_karatsuba.hpp:159->src/generic/mpx_packed_karatsuba.hpp:139->src/generic/mpx_packed_karatsuba.hpp:188->src/generic/mpx_packed_karatsuba.hpp:225]   --->   Operation 154 'zext' 'zext_ln169_19' <Predicate = true> <Delay = 0.00>
ST_4 : Operation 155 [1/1] (1.51ns)   --->   "%z1e_65 = sub i133 %zext_ln150_19, i133 %zext_ln169_19" [src/generic/mpx_packed_karatsuba.hpp:169->src/generic/mpx_packed_karatsuba.hpp:159->src/generic/mpx_packed_karatsuba.hpp:139->src/generic/mpx_packed_karatsuba.hpp:188->src/generic/mpx_packed_karatsuba.hpp:225]   --->   Operation 155 'sub' 'z1e_65' <Predicate = true> <Delay = 1.51> <CoreInst = "Adder">   --->   Core 1 'Adder' <Latency = 0> <II = 1> <Delay = 1.51> <FuncUnit> <Opcode : 'add' 'sub'> <InPorts = 2> <OutPorts = 1>
ST_4 : Operation 156 [1/1] (0.00ns)   --->   "%tmp_211 = bitconcatenate i197 @_ssdm_op_BitConcatenate.i197.i133.i64, i133 %z1e_65, i64 0" [src/generic/mpx_packed_karatsuba.hpp:173->src/generic/mpx_packed_karatsuba.hpp:159->src/generic/mpx_packed_karatsuba.hpp:139->src/generic/mpx_packed_karatsuba.hpp:188->src/generic/mpx_packed_karatsuba.hpp:225]   --->   Operation 156 'bitconcatenate' 'tmp_211' <Predicate = true> <Delay = 0.00>
ST_4 : Operation 157 [1/1] (0.00ns)   --->   "%sext_ln174_37 = sext i197 %tmp_211" [src/generic/mpx_packed_karatsuba.hpp:174->src/generic/mpx_packed_karatsuba.hpp:159->src/generic/mpx_packed_karatsuba.hpp:139->src/generic/mpx_packed_karatsuba.hpp:188->src/generic/mpx_packed_karatsuba.hpp:225]   --->   Operation 157 'sext' 'sext_ln174_37' <Predicate = true> <Delay = 0.00>
ST_4 : Operation 158 [1/1] (0.00ns)   --->   "%shl_ln174_s = bitconcatenate i258 @_ssdm_op_BitConcatenate.i258.i130.i128, i130 %z2_172, i128 0" [src/generic/mpx_packed_karatsuba.hpp:174->src/generic/mpx_packed_karatsuba.hpp:159->src/generic/mpx_packed_karatsuba.hpp:139->src/generic/mpx_packed_karatsuba.hpp:188->src/generic/mpx_packed_karatsuba.hpp:225]   --->   Operation 158 'bitconcatenate' 'shl_ln174_s' <Predicate = true> <Delay = 0.00>
ST_4 : Operation 159 [1/1] (0.00ns)   --->   "%zext_ln172_41 = zext i258 %shl_ln174_s" [src/generic/mpx_packed_karatsuba.hpp:172->src/generic/mpx_packed_karatsuba.hpp:159->src/generic/mpx_packed_karatsuba.hpp:139->src/generic/mpx_packed_karatsuba.hpp:188->src/generic/mpx_packed_karatsuba.hpp:225]   --->   Operation 159 'zext' 'zext_ln172_41' <Predicate = true> <Delay = 0.00>
ST_4 : Operation 160 [1/1] (0.00ns)   --->   "%zext_ln167_85 = zext i256 %z0_126" [src/generic/mpx_packed_karatsuba.hpp:167->src/generic/mpx_packed_karatsuba.hpp:139->src/generic/mpx_packed_karatsuba.hpp:188->src/generic/mpx_packed_karatsuba.hpp:225]   --->   Operation 160 'zext' 'zext_ln167_85' <Predicate = true> <Delay = 0.00>
ST_4 : Operation 161 [1/1] (0.00ns)   --->   "%zext_ln168_57 = zext i256 %z2_171" [src/generic/mpx_packed_karatsuba.hpp:168->src/generic/mpx_packed_karatsuba.hpp:139->src/generic/mpx_packed_karatsuba.hpp:188->src/generic/mpx_packed_karatsuba.hpp:225]   --->   Operation 161 'zext' 'zext_ln168_57' <Predicate = true> <Delay = 0.00>
ST_4 : Operation 162 [1/1] (2.05ns)   --->   "%add_ln173_26 = add i257 %zext_ln168_57, i257 %zext_ln167_85" [src/generic/mpx_packed_karatsuba.hpp:173->src/generic/mpx_packed_karatsuba.hpp:159->src/generic/mpx_packed_karatsuba.hpp:139->src/generic/mpx_packed_karatsuba.hpp:188->src/generic/mpx_packed_karatsuba.hpp:225]   --->   Operation 162 'add' 'add_ln173_26' <Predicate = true> <Delay = 2.05> <CoreInst = "Adder">   --->   Core 1 'Adder' <Latency = 0> <II = 1> <Delay = 2.05> <FuncUnit> <Opcode : 'add' 'sub'> <InPorts = 2> <OutPorts = 1>
ST_4 : Operation 163 [1/1] (0.00ns)   --->   "%zext_ln174_66 = zext i257 %add_ln173_26" [src/generic/mpx_packed_karatsuba.hpp:174->src/generic/mpx_packed_karatsuba.hpp:159->src/generic/mpx_packed_karatsuba.hpp:139->src/generic/mpx_packed_karatsuba.hpp:188->src/generic/mpx_packed_karatsuba.hpp:225]   --->   Operation 163 'zext' 'zext_ln174_66' <Predicate = true> <Delay = 0.00>
ST_4 : Operation 164 [1/1] (2.05ns)   --->   "%res_241 = sub i258 %zext_ln167_83, i258 %zext_ln174_66" [src/generic/mpx_packed_karatsuba.hpp:174->src/generic/mpx_packed_karatsuba.hpp:159->src/generic/mpx_packed_karatsuba.hpp:139->src/generic/mpx_packed_karatsuba.hpp:188->src/generic/mpx_packed_karatsuba.hpp:225]   --->   Operation 164 'sub' 'res_241' <Predicate = true> <Delay = 2.05> <CoreInst = "Adder">   --->   Core 1 'Adder' <Latency = 0> <II = 1> <Delay = 2.05> <FuncUnit> <Opcode : 'add' 'sub'> <InPorts = 2> <OutPorts = 1>
ST_4 : Operation 165 [1/1] (0.00ns)   --->   "%sext_ln169_40 = sext i258 %res_241" [src/generic/mpx_packed_karatsuba.hpp:169->src/generic/mpx_packed_karatsuba.hpp:139->src/generic/mpx_packed_karatsuba.hpp:188->src/generic/mpx_packed_karatsuba.hpp:225]   --->   Operation 165 'sext' 'sext_ln169_40' <Predicate = true> <Delay = 0.00>
ST_4 : Operation 166 [1/1] (0.00ns) (grouped into TernaryAdder)   --->   "%add_ln169_94 = add i260 %zext_ln172_41, i260 %sext_ln174_37" [src/generic/mpx_packed_karatsuba.hpp:169->src/generic/mpx_packed_karatsuba.hpp:139->src/generic/mpx_packed_karatsuba.hpp:188->src/generic/mpx_packed_karatsuba.hpp:225]   --->   Operation 166 'add' 'add_ln169_94' <Predicate = true> <Delay = 0.00> <CoreInst = "TAddSub">   --->   Core 10 'TAddSub' <Latency = 0> <II = 1> <Delay = 1.19> <IPBlock> <Opcode : '' 'add' 'sub'> <InPorts = 3> <OutPorts = 1> <Sync> <CReg>
ST_4 : Operation 167 [1/1] (1.50ns) (root node of TernaryAdder)   --->   "%z1e_66 = add i260 %add_ln169_94, i260 %sext_ln169_40" [src/generic/mpx_packed_karatsuba.hpp:169->src/generic/mpx_packed_karatsuba.hpp:139->src/generic/mpx_packed_karatsuba.hpp:188->src/generic/mpx_packed_karatsuba.hpp:225]   --->   Operation 167 'add' 'z1e_66' <Predicate = true> <Delay = 1.50> <CoreInst = "TAddSub">   --->   Core 10 'TAddSub' <Latency = 0> <II = 1> <Delay = 1.19> <IPBlock> <Opcode : '' 'add' 'sub'> <InPorts = 3> <OutPorts = 1> <Sync> <CReg>
ST_4 : Operation 168 [1/1] (0.00ns)   --->   "%zext_ln121_175 = zext i128 %a0_77" [src/generic/mpx_packed_karatsuba.hpp:121->src/generic/mpx_packed_karatsuba.hpp:138->src/generic/mpx_packed_karatsuba.hpp:159->src/generic/mpx_packed_karatsuba.hpp:188->src/generic/mpx_packed_karatsuba.hpp:225]   --->   Operation 168 'zext' 'zext_ln121_175' <Predicate = true> <Delay = 0.00>
ST_4 : Operation 169 [1/1] (0.00ns)   --->   "%zext_ln121_177 = zext i128 %b0_61" [src/generic/mpx_packed_karatsuba.hpp:121->src/generic/mpx_packed_karatsuba.hpp:138->src/generic/mpx_packed_karatsuba.hpp:159->src/generic/mpx_packed_karatsuba.hpp:188->src/generic/mpx_packed_karatsuba.hpp:225]   --->   Operation 169 'zext' 'zext_ln121_177' <Predicate = true> <Delay = 0.00>
ST_4 : Operation 170 [1/1] (6.07ns)   --->   "%z0_128 = mul i256 %zext_ln121_177, i256 %zext_ln121_175" [src/generic/mpx_packed_karatsuba.hpp:121->src/generic/mpx_packed_karatsuba.hpp:138->src/generic/mpx_packed_karatsuba.hpp:159->src/generic/mpx_packed_karatsuba.hpp:188->src/generic/mpx_packed_karatsuba.hpp:225]   --->   Operation 170 'mul' 'z0_128' <Predicate = true> <Delay = 6.07> <CoreInst = "Multiplier">   --->   Core 3 'Multiplier' <Latency = 0> <II = 1> <Delay = 6.07> <FuncUnit> <Opcode : 'mul'> <InPorts = 2> <OutPorts = 1>
ST_4 : Operation 171 [1/1] (0.00ns)   --->   "%zext_ln121_179 = zext i64 %a0_78" [src/generic/mpx_packed_karatsuba.hpp:121->src/generic/mpx_packed_karatsuba.hpp:138->src/generic/mpx_packed_karatsuba.hpp:139->src/generic/mpx_packed_karatsuba.hpp:159->src/generic/mpx_packed_karatsuba.hpp:188->src/generic/mpx_packed_karatsuba.hpp:225]   --->   Operation 171 'zext' 'zext_ln121_179' <Predicate = true> <Delay = 0.00>
ST_4 : Operation 172 [1/1] (0.00ns)   --->   "%zext_ln121_180 = zext i64 %b0_62" [src/generic/mpx_packed_karatsuba.hpp:121->src/generic/mpx_packed_karatsuba.hpp:138->src/generic/mpx_packed_karatsuba.hpp:139->src/generic/mpx_packed_karatsuba.hpp:159->src/generic/mpx_packed_karatsuba.hpp:188->src/generic/mpx_packed_karatsuba.hpp:225]   --->   Operation 172 'zext' 'zext_ln121_180' <Predicate = true> <Delay = 0.00>
ST_4 : Operation 173 [1/1] (4.43ns)   --->   "%z0_120 = mul i128 %zext_ln121_180, i128 %zext_ln121_179" [src/generic/mpx_packed_karatsuba.hpp:121->src/generic/mpx_packed_karatsuba.hpp:138->src/generic/mpx_packed_karatsuba.hpp:139->src/generic/mpx_packed_karatsuba.hpp:159->src/generic/mpx_packed_karatsuba.hpp:188->src/generic/mpx_packed_karatsuba.hpp:225]   --->   Operation 173 'mul' 'z0_120' <Predicate = true> <Delay = 4.43> <CoreInst = "Multiplier">   --->   Core 3 'Multiplier' <Latency = 0> <II = 1> <Delay = 4.43> <FuncUnit> <Opcode : 'mul'> <InPorts = 2> <OutPorts = 1>
ST_4 : Operation 174 [1/1] (0.00ns)   --->   "%zext_ln121_187 = zext i65 %tmp_214" [src/generic/mpx_packed_karatsuba.hpp:121->src/generic/mpx_packed_karatsuba.hpp:139->src/generic/mpx_packed_karatsuba.hpp:139->src/generic/mpx_packed_karatsuba.hpp:159->src/generic/mpx_packed_karatsuba.hpp:188->src/generic/mpx_packed_karatsuba.hpp:225]   --->   Operation 174 'zext' 'zext_ln121_187' <Predicate = true> <Delay = 0.00>
ST_4 : Operation 175 [1/1] (0.00ns)   --->   "%zext_ln121_188 = zext i65 %tmp_215" [src/generic/mpx_packed_karatsuba.hpp:121->src/generic/mpx_packed_karatsuba.hpp:139->src/generic/mpx_packed_karatsuba.hpp:139->src/generic/mpx_packed_karatsuba.hpp:159->src/generic/mpx_packed_karatsuba.hpp:188->src/generic/mpx_packed_karatsuba.hpp:225]   --->   Operation 175 'zext' 'zext_ln121_188' <Predicate = true> <Delay = 0.00>
ST_4 : Operation 176 [1/1] (4.47ns)   --->   "%z2 = mul i130 %zext_ln121_188, i130 %zext_ln121_187" [src/generic/mpx_packed_karatsuba.hpp:121->src/generic/mpx_packed_karatsuba.hpp:139->src/generic/mpx_packed_karatsuba.hpp:139->src/generic/mpx_packed_karatsuba.hpp:159->src/generic/mpx_packed_karatsuba.hpp:188->src/generic/mpx_packed_karatsuba.hpp:225]   --->   Operation 176 'mul' 'z2' <Predicate = true> <Delay = 4.47> <CoreInst = "Multiplier">   --->   Core 3 'Multiplier' <Latency = 0> <II = 1> <Delay = 4.47> <FuncUnit> <Opcode : 'mul'> <InPorts = 2> <OutPorts = 1>
ST_4 : Operation 177 [1/1] (0.00ns)   --->   "%zext_ln147_68 = zext i64 %a0_78" [src/generic/mpx_packed_karatsuba.hpp:147->src/generic/mpx_packed_karatsuba.hpp:139->src/generic/mpx_packed_karatsuba.hpp:159->src/generic/mpx_packed_karatsuba.hpp:188->src/generic/mpx_packed_karatsuba.hpp:225]   --->   Operation 177 'zext' 'zext_ln147_68' <Predicate = true> <Delay = 0.00>
ST_4 : Operation 178 [1/1] (0.00ns)   --->   "%zext_ln147_85 = zext i65 %tmp_214" [src/generic/mpx_packed_karatsuba.hpp:147->src/generic/mpx_packed_karatsuba.hpp:139->src/generic/mpx_packed_karatsuba.hpp:159->src/generic/mpx_packed_karatsuba.hpp:188->src/generic/mpx_packed_karatsuba.hpp:225]   --->   Operation 178 'zext' 'zext_ln147_85' <Predicate = true> <Delay = 0.00>
ST_4 : Operation 179 [1/1] (1.15ns)   --->   "%sa_122 = add i66 %zext_ln147_85, i66 %zext_ln147_68" [src/generic/mpx_packed_karatsuba.hpp:147->src/generic/mpx_packed_karatsuba.hpp:139->src/generic/mpx_packed_karatsuba.hpp:159->src/generic/mpx_packed_karatsuba.hpp:188->src/generic/mpx_packed_karatsuba.hpp:225]   --->   Operation 179 'add' 'sa_122' <Predicate = true> <Delay = 1.15> <CoreInst = "Adder">   --->   Core 1 'Adder' <Latency = 0> <II = 1> <Delay = 1.15> <FuncUnit> <Opcode : 'add' 'sub'> <InPorts = 2> <OutPorts = 1>
ST_4 : Operation 180 [1/1] (0.00ns)   --->   "%zext_ln148_54 = zext i64 %b0_62" [src/generic/mpx_packed_karatsuba.hpp:148->src/generic/mpx_packed_karatsuba.hpp:139->src/generic/mpx_packed_karatsuba.hpp:159->src/generic/mpx_packed_karatsuba.hpp:188->src/generic/mpx_packed_karatsuba.hpp:225]   --->   Operation 180 'zext' 'zext_ln148_54' <Predicate = true> <Delay = 0.00>
ST_4 : Operation 181 [1/1] (0.00ns)   --->   "%zext_ln148_69 = zext i65 %tmp_215" [src/generic/mpx_packed_karatsuba.hpp:148->src/generic/mpx_packed_karatsuba.hpp:139->src/generic/mpx_packed_karatsuba.hpp:159->src/generic/mpx_packed_karatsuba.hpp:188->src/generic/mpx_packed_karatsuba.hpp:225]   --->   Operation 181 'zext' 'zext_ln148_69' <Predicate = true> <Delay = 0.00>
ST_4 : Operation 182 [1/1] (1.15ns)   --->   "%sb_96 = add i66 %zext_ln148_69, i66 %zext_ln148_54" [src/generic/mpx_packed_karatsuba.hpp:148->src/generic/mpx_packed_karatsuba.hpp:139->src/generic/mpx_packed_karatsuba.hpp:159->src/generic/mpx_packed_karatsuba.hpp:188->src/generic/mpx_packed_karatsuba.hpp:225]   --->   Operation 182 'add' 'sb_96' <Predicate = true> <Delay = 1.15> <CoreInst = "Adder">   --->   Core 1 'Adder' <Latency = 0> <II = 1> <Delay = 1.15> <FuncUnit> <Opcode : 'add' 'sub'> <InPorts = 2> <OutPorts = 1>
ST_4 : Operation 183 [1/1] (0.00ns)   --->   "%zext_ln173 = zext i66 %sa_122" [src/generic/mpx_packed_karatsuba.hpp:173->src/generic/mpx_packed_karatsuba.hpp:139->src/generic/mpx_packed_karatsuba.hpp:159->src/generic/mpx_packed_karatsuba.hpp:188->src/generic/mpx_packed_karatsuba.hpp:225]   --->   Operation 183 'zext' 'zext_ln173' <Predicate = true> <Delay = 0.00>
ST_4 : Operation 184 [1/1] (0.00ns)   --->   "%zext_ln173_44 = zext i66 %sb_96" [src/generic/mpx_packed_karatsuba.hpp:173->src/generic/mpx_packed_karatsuba.hpp:139->src/generic/mpx_packed_karatsuba.hpp:159->src/generic/mpx_packed_karatsuba.hpp:188->src/generic/mpx_packed_karatsuba.hpp:225]   --->   Operation 184 'zext' 'zext_ln173_44' <Predicate = true> <Delay = 0.00>
ST_4 : Operation 185 [1/1] (4.51ns)   --->   "%mul_ln173 = mul i132 %zext_ln173_44, i132 %zext_ln173" [src/generic/mpx_packed_karatsuba.hpp:173->src/generic/mpx_packed_karatsuba.hpp:139->src/generic/mpx_packed_karatsuba.hpp:159->src/generic/mpx_packed_karatsuba.hpp:188->src/generic/mpx_packed_karatsuba.hpp:225]   --->   Operation 185 'mul' 'mul_ln173' <Predicate = true> <Delay = 4.51> <CoreInst = "Multiplier">   --->   Core 3 'Multiplier' <Latency = 0> <II = 1> <Delay = 4.51> <FuncUnit> <Opcode : 'mul'> <InPorts = 2> <OutPorts = 1>
ST_4 : Operation 186 [1/1] (0.00ns)   --->   "%zext_ln173_46 = zext i128 %z0_120" [src/generic/mpx_packed_karatsuba.hpp:173->src/generic/mpx_packed_karatsuba.hpp:139->src/generic/mpx_packed_karatsuba.hpp:159->src/generic/mpx_packed_karatsuba.hpp:188->src/generic/mpx_packed_karatsuba.hpp:225]   --->   Operation 186 'zext' 'zext_ln173_46' <Predicate = true> <Delay = 0.00>
ST_4 : Operation 187 [1/1] (0.00ns)   --->   "%zext_ln173_47 = zext i130 %z2" [src/generic/mpx_packed_karatsuba.hpp:173->src/generic/mpx_packed_karatsuba.hpp:139->src/generic/mpx_packed_karatsuba.hpp:159->src/generic/mpx_packed_karatsuba.hpp:188->src/generic/mpx_packed_karatsuba.hpp:225]   --->   Operation 187 'zext' 'zext_ln173_47' <Predicate = true> <Delay = 0.00>
ST_4 : Operation 188 [1/1] (1.50ns)   --->   "%add_ln173_27 = add i131 %zext_ln173_47, i131 %zext_ln173_46" [src/generic/mpx_packed_karatsuba.hpp:173->src/generic/mpx_packed_karatsuba.hpp:139->src/generic/mpx_packed_karatsuba.hpp:159->src/generic/mpx_packed_karatsuba.hpp:188->src/generic/mpx_packed_karatsuba.hpp:225]   --->   Operation 188 'add' 'add_ln173_27' <Predicate = true> <Delay = 1.50> <CoreInst = "Adder">   --->   Core 1 'Adder' <Latency = 0> <II = 1> <Delay = 1.50> <FuncUnit> <Opcode : 'add' 'sub'> <InPorts = 2> <OutPorts = 1>
ST_4 : Operation 189 [1/1] (0.00ns)   --->   "%zext_ln121_181 = zext i128 %a0_79" [src/generic/mpx_packed_karatsuba.hpp:121->src/generic/mpx_packed_karatsuba.hpp:138->src/generic/mpx_packed_karatsuba.hpp:159->src/generic/mpx_packed_karatsuba.hpp:159->src/generic/mpx_packed_karatsuba.hpp:188->src/generic/mpx_packed_karatsuba.hpp:225]   --->   Operation 189 'zext' 'zext_ln121_181' <Predicate = true> <Delay = 0.00>
ST_4 : Operation 190 [1/1] (0.00ns)   --->   "%zext_ln121_182 = zext i128 %b0_63" [src/generic/mpx_packed_karatsuba.hpp:121->src/generic/mpx_packed_karatsuba.hpp:138->src/generic/mpx_packed_karatsuba.hpp:159->src/generic/mpx_packed_karatsuba.hpp:159->src/generic/mpx_packed_karatsuba.hpp:188->src/generic/mpx_packed_karatsuba.hpp:225]   --->   Operation 190 'zext' 'zext_ln121_182' <Predicate = true> <Delay = 0.00>
ST_4 : Operation 191 [1/1] (6.07ns)   --->   "%z0_129 = mul i256 %zext_ln121_182, i256 %zext_ln121_181" [src/generic/mpx_packed_karatsuba.hpp:121->src/generic/mpx_packed_karatsuba.hpp:138->src/generic/mpx_packed_karatsuba.hpp:159->src/generic/mpx_packed_karatsuba.hpp:159->src/generic/mpx_packed_karatsuba.hpp:188->src/generic/mpx_packed_karatsuba.hpp:225]   --->   Operation 191 'mul' 'z0_129' <Predicate = true> <Delay = 6.07> <CoreInst = "Multiplier">   --->   Core 3 'Multiplier' <Latency = 0> <II = 1> <Delay = 6.07> <FuncUnit> <Opcode : 'mul'> <InPorts = 2> <OutPorts = 1>
ST_4 : Operation 192 [1/1] (0.00ns)   --->   "%zext_ln147_69 = zext i128 %a0_79" [src/generic/mpx_packed_karatsuba.hpp:147->src/generic/mpx_packed_karatsuba.hpp:159->src/generic/mpx_packed_karatsuba.hpp:159->src/generic/mpx_packed_karatsuba.hpp:188->src/generic/mpx_packed_karatsuba.hpp:225]   --->   Operation 192 'zext' 'zext_ln147_69' <Predicate = true> <Delay = 0.00>
ST_4 : Operation 193 [1/1] (0.00ns)   --->   "%zext_ln147_87 = zext i2 %tmp_219" [src/generic/mpx_packed_karatsuba.hpp:147->src/generic/mpx_packed_karatsuba.hpp:159->src/generic/mpx_packed_karatsuba.hpp:159->src/generic/mpx_packed_karatsuba.hpp:188->src/generic/mpx_packed_karatsuba.hpp:225]   --->   Operation 193 'zext' 'zext_ln147_87' <Predicate = true> <Delay = 0.00>
ST_4 : Operation 194 [1/1] (1.49ns)   --->   "%sa_130 = add i129 %zext_ln147_87, i129 %zext_ln147_69" [src/generic/mpx_packed_karatsuba.hpp:147->src/generic/mpx_packed_karatsuba.hpp:159->src/generic/mpx_packed_karatsuba.hpp:159->src/generic/mpx_packed_karatsuba.hpp:188->src/generic/mpx_packed_karatsuba.hpp:225]   --->   Operation 194 'add' 'sa_130' <Predicate = true> <Delay = 1.49> <CoreInst = "Adder">   --->   Core 1 'Adder' <Latency = 0> <II = 1> <Delay = 1.49> <FuncUnit> <Opcode : 'add' 'sub'> <InPorts = 2> <OutPorts = 1>
ST_4 : Operation 195 [1/1] (0.00ns)   --->   "%zext_ln148_55 = zext i128 %b0_63" [src/generic/mpx_packed_karatsuba.hpp:148->src/generic/mpx_packed_karatsuba.hpp:159->src/generic/mpx_packed_karatsuba.hpp:159->src/generic/mpx_packed_karatsuba.hpp:188->src/generic/mpx_packed_karatsuba.hpp:225]   --->   Operation 195 'zext' 'zext_ln148_55' <Predicate = true> <Delay = 0.00>
ST_4 : Operation 196 [1/1] (0.00ns)   --->   "%zext_ln148_71 = zext i2 %tmp_220" [src/generic/mpx_packed_karatsuba.hpp:148->src/generic/mpx_packed_karatsuba.hpp:159->src/generic/mpx_packed_karatsuba.hpp:159->src/generic/mpx_packed_karatsuba.hpp:188->src/generic/mpx_packed_karatsuba.hpp:225]   --->   Operation 196 'zext' 'zext_ln148_71' <Predicate = true> <Delay = 0.00>
ST_4 : Operation 197 [1/1] (1.49ns)   --->   "%sb_104 = add i129 %zext_ln148_71, i129 %zext_ln148_55" [src/generic/mpx_packed_karatsuba.hpp:148->src/generic/mpx_packed_karatsuba.hpp:159->src/generic/mpx_packed_karatsuba.hpp:159->src/generic/mpx_packed_karatsuba.hpp:188->src/generic/mpx_packed_karatsuba.hpp:225]   --->   Operation 197 'add' 'sb_104' <Predicate = true> <Delay = 1.49> <CoreInst = "Adder">   --->   Core 1 'Adder' <Latency = 0> <II = 1> <Delay = 1.49> <FuncUnit> <Opcode : 'add' 'sub'> <InPorts = 2> <OutPorts = 1>
ST_4 : Operation 198 [1/1] (0.00ns)   --->   "%a0_80 = trunc i129 %sa_130" [src/generic/mpx_packed_karatsuba.hpp:133->src/generic/mpx_packed_karatsuba.hpp:159->src/generic/mpx_packed_karatsuba.hpp:159->src/generic/mpx_packed_karatsuba.hpp:159->src/generic/mpx_packed_karatsuba.hpp:188->src/generic/mpx_packed_karatsuba.hpp:225]   --->   Operation 198 'trunc' 'a0_80' <Predicate = true> <Delay = 0.00>
ST_4 : Operation 199 [1/1] (0.00ns)   --->   "%b0_64 = trunc i129 %sb_104" [src/generic/mpx_packed_karatsuba.hpp:134->src/generic/mpx_packed_karatsuba.hpp:159->src/generic/mpx_packed_karatsuba.hpp:159->src/generic/mpx_packed_karatsuba.hpp:159->src/generic/mpx_packed_karatsuba.hpp:188->src/generic/mpx_packed_karatsuba.hpp:225]   --->   Operation 199 'trunc' 'b0_64' <Predicate = true> <Delay = 0.00>
ST_4 : Operation 200 [1/1] (0.00ns)   --->   "%a1_15 = partselect i65 @_ssdm_op_PartSelect.i65.i129.i32.i32, i129 %sa_130, i32 64, i32 128" [src/generic/mpx_packed_karatsuba.hpp:135->src/generic/mpx_packed_karatsuba.hpp:159->src/generic/mpx_packed_karatsuba.hpp:159->src/generic/mpx_packed_karatsuba.hpp:159->src/generic/mpx_packed_karatsuba.hpp:188->src/generic/mpx_packed_karatsuba.hpp:225]   --->   Operation 200 'partselect' 'a1_15' <Predicate = true> <Delay = 0.00>
ST_4 : Operation 201 [1/1] (0.00ns)   --->   "%zext_ln135_10 = zext i65 %a1_15" [src/generic/mpx_packed_karatsuba.hpp:135->src/generic/mpx_packed_karatsuba.hpp:159->src/generic/mpx_packed_karatsuba.hpp:159->src/generic/mpx_packed_karatsuba.hpp:159->src/generic/mpx_packed_karatsuba.hpp:188->src/generic/mpx_packed_karatsuba.hpp:225]   --->   Operation 201 'zext' 'zext_ln135_10' <Predicate = true> <Delay = 0.00>
ST_4 : Operation 202 [1/1] (0.00ns)   --->   "%b1_13 = partselect i65 @_ssdm_op_PartSelect.i65.i129.i32.i32, i129 %sb_104, i32 64, i32 128" [src/generic/mpx_packed_karatsuba.hpp:136->src/generic/mpx_packed_karatsuba.hpp:159->src/generic/mpx_packed_karatsuba.hpp:159->src/generic/mpx_packed_karatsuba.hpp:159->src/generic/mpx_packed_karatsuba.hpp:188->src/generic/mpx_packed_karatsuba.hpp:225]   --->   Operation 202 'partselect' 'b1_13' <Predicate = true> <Delay = 0.00>
ST_4 : Operation 203 [1/1] (0.00ns)   --->   "%zext_ln136_8 = zext i65 %b1_13" [src/generic/mpx_packed_karatsuba.hpp:136->src/generic/mpx_packed_karatsuba.hpp:159->src/generic/mpx_packed_karatsuba.hpp:159->src/generic/mpx_packed_karatsuba.hpp:159->src/generic/mpx_packed_karatsuba.hpp:188->src/generic/mpx_packed_karatsuba.hpp:225]   --->   Operation 203 'zext' 'zext_ln136_8' <Predicate = true> <Delay = 0.00>
ST_4 : Operation 204 [1/1] (0.00ns)   --->   "%zext_ln121_183 = zext i64 %a0_80" [src/generic/mpx_packed_karatsuba.hpp:121->src/generic/mpx_packed_karatsuba.hpp:138->src/generic/mpx_packed_karatsuba.hpp:159->src/generic/mpx_packed_karatsuba.hpp:159->src/generic/mpx_packed_karatsuba.hpp:159->src/generic/mpx_packed_karatsuba.hpp:188->src/generic/mpx_packed_karatsuba.hpp:225]   --->   Operation 204 'zext' 'zext_ln121_183' <Predicate = true> <Delay = 0.00>
ST_4 : Operation 205 [1/1] (0.00ns)   --->   "%zext_ln121_184 = zext i64 %b0_64" [src/generic/mpx_packed_karatsuba.hpp:121->src/generic/mpx_packed_karatsuba.hpp:138->src/generic/mpx_packed_karatsuba.hpp:159->src/generic/mpx_packed_karatsuba.hpp:159->src/generic/mpx_packed_karatsuba.hpp:159->src/generic/mpx_packed_karatsuba.hpp:188->src/generic/mpx_packed_karatsuba.hpp:225]   --->   Operation 205 'zext' 'zext_ln121_184' <Predicate = true> <Delay = 0.00>
ST_4 : Operation 206 [1/1] (4.43ns)   --->   "%z0_130 = mul i128 %zext_ln121_184, i128 %zext_ln121_183" [src/generic/mpx_packed_karatsuba.hpp:121->src/generic/mpx_packed_karatsuba.hpp:138->src/generic/mpx_packed_karatsuba.hpp:159->src/generic/mpx_packed_karatsuba.hpp:159->src/generic/mpx_packed_karatsuba.hpp:159->src/generic/mpx_packed_karatsuba.hpp:188->src/generic/mpx_packed_karatsuba.hpp:225]   --->   Operation 206 'mul' 'z0_130' <Predicate = true> <Delay = 4.43> <CoreInst = "Multiplier">   --->   Core 3 'Multiplier' <Latency = 0> <II = 1> <Delay = 4.43> <FuncUnit> <Opcode : 'mul'> <InPorts = 2> <OutPorts = 1>
ST_4 : Operation 207 [1/1] (4.47ns)   --->   "%z2_176 = mul i129 %zext_ln136_8, i129 %zext_ln135_10" [src/generic/mpx_packed_karatsuba.hpp:121->src/generic/mpx_packed_karatsuba.hpp:139->src/generic/mpx_packed_karatsuba.hpp:159->src/generic/mpx_packed_karatsuba.hpp:159->src/generic/mpx_packed_karatsuba.hpp:159->src/generic/mpx_packed_karatsuba.hpp:188->src/generic/mpx_packed_karatsuba.hpp:225]   --->   Operation 207 'mul' 'z2_176' <Predicate = true> <Delay = 4.47> <CoreInst = "Multiplier">   --->   Core 3 'Multiplier' <Latency = 0> <II = 1> <Delay = 4.47> <FuncUnit> <Opcode : 'mul'> <InPorts = 2> <OutPorts = 1>
ST_4 : Operation 208 [1/1] (0.00ns)   --->   "%zext_ln147_70 = zext i64 %a0_80" [src/generic/mpx_packed_karatsuba.hpp:147->src/generic/mpx_packed_karatsuba.hpp:159->src/generic/mpx_packed_karatsuba.hpp:159->src/generic/mpx_packed_karatsuba.hpp:159->src/generic/mpx_packed_karatsuba.hpp:188->src/generic/mpx_packed_karatsuba.hpp:225]   --->   Operation 208 'zext' 'zext_ln147_70' <Predicate = true> <Delay = 0.00>
ST_4 : Operation 209 [1/1] (1.15ns)   --->   "%sa_125 = add i65 %a1_15, i65 %zext_ln147_70" [src/generic/mpx_packed_karatsuba.hpp:147->src/generic/mpx_packed_karatsuba.hpp:159->src/generic/mpx_packed_karatsuba.hpp:159->src/generic/mpx_packed_karatsuba.hpp:159->src/generic/mpx_packed_karatsuba.hpp:188->src/generic/mpx_packed_karatsuba.hpp:225]   --->   Operation 209 'add' 'sa_125' <Predicate = true> <Delay = 1.15> <CoreInst = "Adder">   --->   Core 1 'Adder' <Latency = 0> <II = 1> <Delay = 1.15> <FuncUnit> <Opcode : 'add' 'sub'> <InPorts = 2> <OutPorts = 1>
ST_4 : Operation 210 [1/1] (0.00ns)   --->   "%zext_ln148_56 = zext i64 %b0_64" [src/generic/mpx_packed_karatsuba.hpp:148->src/generic/mpx_packed_karatsuba.hpp:159->src/generic/mpx_packed_karatsuba.hpp:159->src/generic/mpx_packed_karatsuba.hpp:159->src/generic/mpx_packed_karatsuba.hpp:188->src/generic/mpx_packed_karatsuba.hpp:225]   --->   Operation 210 'zext' 'zext_ln148_56' <Predicate = true> <Delay = 0.00>
ST_4 : Operation 211 [1/1] (1.15ns)   --->   "%sb_99 = add i65 %b1_13, i65 %zext_ln148_56" [src/generic/mpx_packed_karatsuba.hpp:148->src/generic/mpx_packed_karatsuba.hpp:159->src/generic/mpx_packed_karatsuba.hpp:159->src/generic/mpx_packed_karatsuba.hpp:159->src/generic/mpx_packed_karatsuba.hpp:188->src/generic/mpx_packed_karatsuba.hpp:225]   --->   Operation 211 'add' 'sb_99' <Predicate = true> <Delay = 1.15> <CoreInst = "Adder">   --->   Core 1 'Adder' <Latency = 0> <II = 1> <Delay = 1.15> <FuncUnit> <Opcode : 'add' 'sub'> <InPorts = 2> <OutPorts = 1>
ST_4 : Operation 212 [1/1] (0.00ns)   --->   "%zext_ln164_43 = zext i65 %sa_125" [src/generic/mpx_packed_karatsuba.hpp:164->src/generic/mpx_packed_karatsuba.hpp:159->src/generic/mpx_packed_karatsuba.hpp:159->src/generic/mpx_packed_karatsuba.hpp:159->src/generic/mpx_packed_karatsuba.hpp:188->src/generic/mpx_packed_karatsuba.hpp:225]   --->   Operation 212 'zext' 'zext_ln164_43' <Predicate = true> <Delay = 0.00>
ST_4 : Operation 213 [1/1] (0.00ns)   --->   "%zext_ln164_44 = zext i65 %sb_99" [src/generic/mpx_packed_karatsuba.hpp:164->src/generic/mpx_packed_karatsuba.hpp:159->src/generic/mpx_packed_karatsuba.hpp:159->src/generic/mpx_packed_karatsuba.hpp:159->src/generic/mpx_packed_karatsuba.hpp:188->src/generic/mpx_packed_karatsuba.hpp:225]   --->   Operation 213 'zext' 'zext_ln164_44' <Predicate = true> <Delay = 0.00>
ST_4 : Operation 214 [1/1] (4.47ns)   --->   "%t_99 = mul i130 %zext_ln164_44, i130 %zext_ln164_43" [src/generic/mpx_packed_karatsuba.hpp:164->src/generic/mpx_packed_karatsuba.hpp:159->src/generic/mpx_packed_karatsuba.hpp:159->src/generic/mpx_packed_karatsuba.hpp:159->src/generic/mpx_packed_karatsuba.hpp:188->src/generic/mpx_packed_karatsuba.hpp:225]   --->   Operation 214 'mul' 't_99' <Predicate = true> <Delay = 4.47> <CoreInst = "Multiplier">   --->   Core 3 'Multiplier' <Latency = 0> <II = 1> <Delay = 4.47> <FuncUnit> <Opcode : 'mul'> <InPorts = 2> <OutPorts = 1>

State 5 <SV = 4> <Delay = 6.70>
ST_5 : Operation 215 [1/1] (0.00ns)   --->   "%shl_ln10 = bitconcatenate i388 @_ssdm_op_BitConcatenate.i388.i260.i128, i260 %z1e_64, i128 0" [src/generic/mpx_packed_karatsuba.hpp:173->src/generic/mpx_packed_karatsuba.hpp:138->src/generic/mpx_packed_karatsuba.hpp:188->src/generic/mpx_packed_karatsuba.hpp:225]   --->   Operation 215 'bitconcatenate' 'shl_ln10' <Predicate = true> <Delay = 0.00>
ST_5 : Operation 216 [1/1] (0.00ns)   --->   "%sext_ln138 = sext i388 %shl_ln10" [src/generic/mpx_packed_karatsuba.hpp:138->src/generic/mpx_packed_karatsuba.hpp:188->src/generic/mpx_packed_karatsuba.hpp:225]   --->   Operation 216 'sext' 'sext_ln138' <Predicate = true> <Delay = 0.00>
ST_5 : Operation 217 [1/1] (0.00ns)   --->   "%z0_124 = bitconcatenate i512 @_ssdm_op_BitConcatenate.i512.i256.i256, i256 %z2_169, i256 %z0" [src/generic/mpx_packed_karatsuba.hpp:173->src/generic/mpx_packed_karatsuba.hpp:138->src/generic/mpx_packed_karatsuba.hpp:188->src/generic/mpx_packed_karatsuba.hpp:225]   --->   Operation 217 'bitconcatenate' 'z0_124' <Predicate = true> <Delay = 0.00>
ST_5 : Operation 218 [1/1] (3.30ns)   --->   "%z0_125 = add i512 %sext_ln138, i512 %z0_124" [src/generic/mpx_packed_karatsuba.hpp:174->src/generic/mpx_packed_karatsuba.hpp:138->src/generic/mpx_packed_karatsuba.hpp:188->src/generic/mpx_packed_karatsuba.hpp:225]   --->   Operation 218 'add' 'z0_125' <Predicate = true> <Delay = 3.30> <CoreInst = "Adder">   --->   Core 1 'Adder' <Latency = 0> <II = 1> <Delay = 3.30> <FuncUnit> <Opcode : 'add' 'sub'> <InPorts = 2> <OutPorts = 1>
ST_5 : Operation 219 [1/1] (0.00ns)   --->   "%shl_ln173_12 = bitconcatenate i388 @_ssdm_op_BitConcatenate.i388.i260.i128, i260 %z1e_66, i128 0" [src/generic/mpx_packed_karatsuba.hpp:173->src/generic/mpx_packed_karatsuba.hpp:139->src/generic/mpx_packed_karatsuba.hpp:188->src/generic/mpx_packed_karatsuba.hpp:225]   --->   Operation 219 'bitconcatenate' 'shl_ln173_12' <Predicate = true> <Delay = 0.00>
ST_5 : Operation 220 [1/1] (0.00ns)   --->   "%sext_ln139 = sext i388 %shl_ln173_12" [src/generic/mpx_packed_karatsuba.hpp:139->src/generic/mpx_packed_karatsuba.hpp:188->src/generic/mpx_packed_karatsuba.hpp:225]   --->   Operation 220 'sext' 'sext_ln139' <Predicate = true> <Delay = 0.00>
ST_5 : Operation 221 [1/1] (0.00ns)   --->   "%z2_173 = bitconcatenate i512 @_ssdm_op_BitConcatenate.i512.i256.i256, i256 %z2_171, i256 %z0_126" [src/generic/mpx_packed_karatsuba.hpp:173->src/generic/mpx_packed_karatsuba.hpp:139->src/generic/mpx_packed_karatsuba.hpp:188->src/generic/mpx_packed_karatsuba.hpp:225]   --->   Operation 221 'bitconcatenate' 'z2_173' <Predicate = true> <Delay = 0.00>
ST_5 : Operation 222 [1/1] (3.30ns)   --->   "%z2_174 = add i512 %sext_ln139, i512 %z2_173" [src/generic/mpx_packed_karatsuba.hpp:174->src/generic/mpx_packed_karatsuba.hpp:139->src/generic/mpx_packed_karatsuba.hpp:188->src/generic/mpx_packed_karatsuba.hpp:225]   --->   Operation 222 'add' 'z2_174' <Predicate = true> <Delay = 3.30> <CoreInst = "Adder">   --->   Core 1 'Adder' <Latency = 0> <II = 1> <Delay = 3.30> <FuncUnit> <Opcode : 'add' 'sub'> <InPorts = 2> <OutPorts = 1>
ST_5 : Operation 223 [1/1] (0.00ns)   --->   "%zext_ln173_45 = zext i132 %mul_ln173" [src/generic/mpx_packed_karatsuba.hpp:173->src/generic/mpx_packed_karatsuba.hpp:139->src/generic/mpx_packed_karatsuba.hpp:159->src/generic/mpx_packed_karatsuba.hpp:188->src/generic/mpx_packed_karatsuba.hpp:225]   --->   Operation 223 'zext' 'zext_ln173_45' <Predicate = true> <Delay = 0.00>
ST_5 : Operation 224 [1/1] (0.00ns)   --->   "%zext_ln173_48 = zext i131 %add_ln173_27" [src/generic/mpx_packed_karatsuba.hpp:173->src/generic/mpx_packed_karatsuba.hpp:139->src/generic/mpx_packed_karatsuba.hpp:159->src/generic/mpx_packed_karatsuba.hpp:188->src/generic/mpx_packed_karatsuba.hpp:225]   --->   Operation 224 'zext' 'zext_ln173_48' <Predicate = true> <Delay = 0.00>
ST_5 : Operation 225 [1/1] (1.51ns)   --->   "%sub_ln173 = sub i133 %zext_ln173_45, i133 %zext_ln173_48" [src/generic/mpx_packed_karatsuba.hpp:173->src/generic/mpx_packed_karatsuba.hpp:139->src/generic/mpx_packed_karatsuba.hpp:159->src/generic/mpx_packed_karatsuba.hpp:188->src/generic/mpx_packed_karatsuba.hpp:225]   --->   Operation 225 'sub' 'sub_ln173' <Predicate = true> <Delay = 1.51> <CoreInst = "Adder">   --->   Core 1 'Adder' <Latency = 0> <II = 1> <Delay = 1.51> <FuncUnit> <Opcode : 'add' 'sub'> <InPorts = 2> <OutPorts = 1>
ST_5 : Operation 226 [1/1] (0.00ns)   --->   "%tmp_216 = bitconcatenate i197 @_ssdm_op_BitConcatenate.i197.i133.i64, i133 %sub_ln173, i64 0" [src/generic/mpx_packed_karatsuba.hpp:173->src/generic/mpx_packed_karatsuba.hpp:139->src/generic/mpx_packed_karatsuba.hpp:159->src/generic/mpx_packed_karatsuba.hpp:188->src/generic/mpx_packed_karatsuba.hpp:225]   --->   Operation 226 'bitconcatenate' 'tmp_216' <Predicate = true> <Delay = 0.00>
ST_5 : Operation 227 [1/1] (0.00ns)   --->   "%sext_ln172 = sext i197 %tmp_216" [src/generic/mpx_packed_karatsuba.hpp:172->src/generic/mpx_packed_karatsuba.hpp:139->src/generic/mpx_packed_karatsuba.hpp:159->src/generic/mpx_packed_karatsuba.hpp:188->src/generic/mpx_packed_karatsuba.hpp:225]   --->   Operation 227 'sext' 'sext_ln172' <Predicate = true> <Delay = 0.00>
ST_5 : Operation 228 [1/1] (0.00ns)   --->   "%res_242 = bitconcatenate i258 @_ssdm_op_BitConcatenate.i258.i130.i128, i130 %z2, i128 %z0_120" [src/generic/mpx_packed_karatsuba.hpp:173->src/generic/mpx_packed_karatsuba.hpp:139->src/generic/mpx_packed_karatsuba.hpp:159->src/generic/mpx_packed_karatsuba.hpp:188->src/generic/mpx_packed_karatsuba.hpp:225]   --->   Operation 228 'bitconcatenate' 'res_242' <Predicate = true> <Delay = 0.00>
ST_5 : Operation 229 [1/1] (0.00ns)   --->   "%zext_ln174_67 = zext i258 %res_242" [src/generic/mpx_packed_karatsuba.hpp:174->src/generic/mpx_packed_karatsuba.hpp:139->src/generic/mpx_packed_karatsuba.hpp:159->src/generic/mpx_packed_karatsuba.hpp:188->src/generic/mpx_packed_karatsuba.hpp:225]   --->   Operation 229 'zext' 'zext_ln174_67' <Predicate = true> <Delay = 0.00>
ST_5 : Operation 230 [1/1] (2.05ns)   --->   "%res_243 = add i260 %sext_ln172, i260 %zext_ln174_67" [src/generic/mpx_packed_karatsuba.hpp:174->src/generic/mpx_packed_karatsuba.hpp:139->src/generic/mpx_packed_karatsuba.hpp:159->src/generic/mpx_packed_karatsuba.hpp:188->src/generic/mpx_packed_karatsuba.hpp:225]   --->   Operation 230 'add' 'res_243' <Predicate = true> <Delay = 2.05> <CoreInst = "Adder">   --->   Core 1 'Adder' <Latency = 0> <II = 1> <Delay = 2.05> <FuncUnit> <Opcode : 'add' 'sub'> <InPorts = 2> <OutPorts = 1>
ST_5 : Operation 231 [1/1] (0.00ns)   --->   "%zext_ln121_189 = zext i2 %tmp_219" [src/generic/mpx_packed_karatsuba.hpp:121->src/generic/mpx_packed_karatsuba.hpp:139->src/generic/mpx_packed_karatsuba.hpp:159->src/generic/mpx_packed_karatsuba.hpp:159->src/generic/mpx_packed_karatsuba.hpp:188->src/generic/mpx_packed_karatsuba.hpp:225]   --->   Operation 231 'zext' 'zext_ln121_189' <Predicate = true> <Delay = 0.00>
ST_5 : Operation 232 [1/1] (0.00ns)   --->   "%zext_ln121_190 = zext i2 %tmp_220" [src/generic/mpx_packed_karatsuba.hpp:121->src/generic/mpx_packed_karatsuba.hpp:139->src/generic/mpx_packed_karatsuba.hpp:159->src/generic/mpx_packed_karatsuba.hpp:159->src/generic/mpx_packed_karatsuba.hpp:188->src/generic/mpx_packed_karatsuba.hpp:225]   --->   Operation 232 'zext' 'zext_ln121_190' <Predicate = true> <Delay = 0.00>
ST_5 : Operation 233 [1/1] (0.40ns)   --->   "%z2_175 = mul i4 %zext_ln121_190, i4 %zext_ln121_189" [src/generic/mpx_packed_karatsuba.hpp:121->src/generic/mpx_packed_karatsuba.hpp:139->src/generic/mpx_packed_karatsuba.hpp:159->src/generic/mpx_packed_karatsuba.hpp:159->src/generic/mpx_packed_karatsuba.hpp:188->src/generic/mpx_packed_karatsuba.hpp:225]   --->   Operation 233 'mul' 'z2_175' <Predicate = true> <Delay = 0.40> <CoreInst = "Multiplier">   --->   Core 3 'Multiplier' <Latency = 0> <II = 1> <Delay = 0.40> <FuncUnit> <Opcode : 'mul'> <InPorts = 2> <OutPorts = 1>
ST_5 : Operation 234 [1/1] (0.00ns)   --->   "%zext_ln150_20 = zext i130 %t_99" [src/generic/mpx_packed_karatsuba.hpp:150->src/generic/mpx_packed_karatsuba.hpp:159->src/generic/mpx_packed_karatsuba.hpp:159->src/generic/mpx_packed_karatsuba.hpp:159->src/generic/mpx_packed_karatsuba.hpp:188->src/generic/mpx_packed_karatsuba.hpp:225]   --->   Operation 234 'zext' 'zext_ln150_20' <Predicate = true> <Delay = 0.00>
ST_5 : Operation 235 [1/1] (0.00ns)   --->   "%zext_ln167_86 = zext i128 %z0_130" [src/generic/mpx_packed_karatsuba.hpp:167->src/generic/mpx_packed_karatsuba.hpp:159->src/generic/mpx_packed_karatsuba.hpp:159->src/generic/mpx_packed_karatsuba.hpp:159->src/generic/mpx_packed_karatsuba.hpp:188->src/generic/mpx_packed_karatsuba.hpp:225]   --->   Operation 235 'zext' 'zext_ln167_86' <Predicate = true> <Delay = 0.00>
ST_5 : Operation 236 [1/1] (0.00ns)   --->   "%zext_ln167_87 = zext i128 %z0_130" [src/generic/mpx_packed_karatsuba.hpp:167->src/generic/mpx_packed_karatsuba.hpp:159->src/generic/mpx_packed_karatsuba.hpp:159->src/generic/mpx_packed_karatsuba.hpp:159->src/generic/mpx_packed_karatsuba.hpp:188->src/generic/mpx_packed_karatsuba.hpp:225]   --->   Operation 236 'zext' 'zext_ln167_87' <Predicate = true> <Delay = 0.00>
ST_5 : Operation 237 [1/1] (1.50ns)   --->   "%add_ln169_95 = add i129 %z2_176, i129 %zext_ln167_87" [src/generic/mpx_packed_karatsuba.hpp:169->src/generic/mpx_packed_karatsuba.hpp:159->src/generic/mpx_packed_karatsuba.hpp:159->src/generic/mpx_packed_karatsuba.hpp:159->src/generic/mpx_packed_karatsuba.hpp:188->src/generic/mpx_packed_karatsuba.hpp:225]   --->   Operation 237 'add' 'add_ln169_95' <Predicate = true> <Delay = 1.50> <CoreInst = "Adder">   --->   Core 1 'Adder' <Latency = 0> <II = 1> <Delay = 1.50> <FuncUnit> <Opcode : 'add' 'sub'> <InPorts = 2> <OutPorts = 1>
ST_5 : Operation 238 [1/1] (0.00ns)   --->   "%zext_ln169_20 = zext i129 %add_ln169_95" [src/generic/mpx_packed_karatsuba.hpp:169->src/generic/mpx_packed_karatsuba.hpp:159->src/generic/mpx_packed_karatsuba.hpp:159->src/generic/mpx_packed_karatsuba.hpp:159->src/generic/mpx_packed_karatsuba.hpp:188->src/generic/mpx_packed_karatsuba.hpp:225]   --->   Operation 238 'zext' 'zext_ln169_20' <Predicate = true> <Delay = 0.00>
ST_5 : Operation 239 [1/1] (1.50ns)   --->   "%z1e_67 = sub i131 %zext_ln150_20, i131 %zext_ln169_20" [src/generic/mpx_packed_karatsuba.hpp:169->src/generic/mpx_packed_karatsuba.hpp:159->src/generic/mpx_packed_karatsuba.hpp:159->src/generic/mpx_packed_karatsuba.hpp:159->src/generic/mpx_packed_karatsuba.hpp:188->src/generic/mpx_packed_karatsuba.hpp:225]   --->   Operation 239 'sub' 'z1e_67' <Predicate = true> <Delay = 1.50> <CoreInst = "Adder">   --->   Core 1 'Adder' <Latency = 0> <II = 1> <Delay = 1.50> <FuncUnit> <Opcode : 'add' 'sub'> <InPorts = 2> <OutPorts = 1>
ST_5 : Operation 240 [1/1] (0.00ns)   --->   "%tmp_221 = bitconcatenate i195 @_ssdm_op_BitConcatenate.i195.i131.i64, i131 %z1e_67, i64 0" [src/generic/mpx_packed_karatsuba.hpp:173->src/generic/mpx_packed_karatsuba.hpp:159->src/generic/mpx_packed_karatsuba.hpp:159->src/generic/mpx_packed_karatsuba.hpp:159->src/generic/mpx_packed_karatsuba.hpp:188->src/generic/mpx_packed_karatsuba.hpp:225]   --->   Operation 240 'bitconcatenate' 'tmp_221' <Predicate = true> <Delay = 0.00>
ST_5 : Operation 241 [1/1] (0.00ns)   --->   "%sext_ln174_38 = sext i195 %tmp_221" [src/generic/mpx_packed_karatsuba.hpp:174->src/generic/mpx_packed_karatsuba.hpp:159->src/generic/mpx_packed_karatsuba.hpp:159->src/generic/mpx_packed_karatsuba.hpp:159->src/generic/mpx_packed_karatsuba.hpp:188->src/generic/mpx_packed_karatsuba.hpp:225]   --->   Operation 241 'sext' 'sext_ln174_38' <Predicate = true> <Delay = 0.00>
ST_5 : Operation 242 [1/1] (0.00ns)   --->   "%shl_ln174_2 = bitconcatenate i257 @_ssdm_op_BitConcatenate.i257.i129.i128, i129 %z2_176, i128 0" [src/generic/mpx_packed_karatsuba.hpp:174->src/generic/mpx_packed_karatsuba.hpp:159->src/generic/mpx_packed_karatsuba.hpp:159->src/generic/mpx_packed_karatsuba.hpp:159->src/generic/mpx_packed_karatsuba.hpp:188->src/generic/mpx_packed_karatsuba.hpp:225]   --->   Operation 242 'bitconcatenate' 'shl_ln174_2' <Predicate = true> <Delay = 0.00>
ST_5 : Operation 243 [1/1] (0.00ns)   --->   "%zext_ln172_42 = zext i257 %shl_ln174_2" [src/generic/mpx_packed_karatsuba.hpp:172->src/generic/mpx_packed_karatsuba.hpp:159->src/generic/mpx_packed_karatsuba.hpp:159->src/generic/mpx_packed_karatsuba.hpp:159->src/generic/mpx_packed_karatsuba.hpp:188->src/generic/mpx_packed_karatsuba.hpp:225]   --->   Operation 243 'zext' 'zext_ln172_42' <Predicate = true> <Delay = 0.00>
ST_5 : Operation 244 [1/1] (0.00ns)   --->   "%zext_ln168_58 = zext i4 %z2_175" [src/generic/mpx_packed_karatsuba.hpp:168->src/generic/mpx_packed_karatsuba.hpp:159->src/generic/mpx_packed_karatsuba.hpp:159->src/generic/mpx_packed_karatsuba.hpp:188->src/generic/mpx_packed_karatsuba.hpp:225]   --->   Operation 244 'zext' 'zext_ln168_58' <Predicate = true> <Delay = 0.00>
ST_5 : Operation 245 [1/1] (2.05ns)   --->   "%add_ln173_28 = add i256 %zext_ln168_58, i256 %z0_129" [src/generic/mpx_packed_karatsuba.hpp:173->src/generic/mpx_packed_karatsuba.hpp:159->src/generic/mpx_packed_karatsuba.hpp:159->src/generic/mpx_packed_karatsuba.hpp:159->src/generic/mpx_packed_karatsuba.hpp:188->src/generic/mpx_packed_karatsuba.hpp:225]   --->   Operation 245 'add' 'add_ln173_28' <Predicate = true> <Delay = 2.05> <CoreInst = "Adder">   --->   Core 1 'Adder' <Latency = 0> <II = 1> <Delay = 2.05> <FuncUnit> <Opcode : 'add' 'sub'> <InPorts = 2> <OutPorts = 1>
ST_5 : Operation 246 [1/1] (0.00ns)   --->   "%zext_ln174_68 = zext i256 %add_ln173_28" [src/generic/mpx_packed_karatsuba.hpp:174->src/generic/mpx_packed_karatsuba.hpp:159->src/generic/mpx_packed_karatsuba.hpp:159->src/generic/mpx_packed_karatsuba.hpp:159->src/generic/mpx_packed_karatsuba.hpp:188->src/generic/mpx_packed_karatsuba.hpp:225]   --->   Operation 246 'zext' 'zext_ln174_68' <Predicate = true> <Delay = 0.00>
ST_5 : Operation 247 [1/1] (2.05ns)   --->   "%res = sub i257 %zext_ln167_86, i257 %zext_ln174_68" [src/generic/mpx_packed_karatsuba.hpp:174->src/generic/mpx_packed_karatsuba.hpp:159->src/generic/mpx_packed_karatsuba.hpp:159->src/generic/mpx_packed_karatsuba.hpp:159->src/generic/mpx_packed_karatsuba.hpp:188->src/generic/mpx_packed_karatsuba.hpp:225]   --->   Operation 247 'sub' 'res' <Predicate = true> <Delay = 2.05> <CoreInst = "Adder">   --->   Core 1 'Adder' <Latency = 0> <II = 1> <Delay = 2.05> <FuncUnit> <Opcode : 'add' 'sub'> <InPorts = 2> <OutPorts = 1>
ST_5 : Operation 248 [1/1] (0.00ns)   --->   "%sext_ln169_41 = sext i257 %res" [src/generic/mpx_packed_karatsuba.hpp:169->src/generic/mpx_packed_karatsuba.hpp:159->src/generic/mpx_packed_karatsuba.hpp:159->src/generic/mpx_packed_karatsuba.hpp:188->src/generic/mpx_packed_karatsuba.hpp:225]   --->   Operation 248 'sext' 'sext_ln169_41' <Predicate = true> <Delay = 0.00>
ST_5 : Operation 249 [1/1] (0.00ns) (grouped into TernaryAdder)   --->   "%add_ln169_97 = add i259 %zext_ln172_42, i259 %sext_ln174_38" [src/generic/mpx_packed_karatsuba.hpp:169->src/generic/mpx_packed_karatsuba.hpp:159->src/generic/mpx_packed_karatsuba.hpp:159->src/generic/mpx_packed_karatsuba.hpp:188->src/generic/mpx_packed_karatsuba.hpp:225]   --->   Operation 249 'add' 'add_ln169_97' <Predicate = true> <Delay = 0.00> <CoreInst = "TAddSub">   --->   Core 10 'TAddSub' <Latency = 0> <II = 1> <Delay = 1.19> <IPBlock> <Opcode : '' 'add' 'sub'> <InPorts = 3> <OutPorts = 1> <Sync> <CReg>
ST_5 : Operation 250 [1/1] (1.50ns) (root node of TernaryAdder)   --->   "%z1e_68 = add i259 %add_ln169_97, i259 %sext_ln169_41" [src/generic/mpx_packed_karatsuba.hpp:169->src/generic/mpx_packed_karatsuba.hpp:159->src/generic/mpx_packed_karatsuba.hpp:159->src/generic/mpx_packed_karatsuba.hpp:188->src/generic/mpx_packed_karatsuba.hpp:225]   --->   Operation 250 'add' 'z1e_68' <Predicate = true> <Delay = 1.50> <CoreInst = "TAddSub">   --->   Core 10 'TAddSub' <Latency = 0> <II = 1> <Delay = 1.19> <IPBlock> <Opcode : '' 'add' 'sub'> <InPorts = 3> <OutPorts = 1> <Sync> <CReg>
ST_5 : Operation 251 [1/1] (0.00ns)   --->   "%zext_ln172_43 = zext i256 %z0_129" [src/generic/mpx_packed_karatsuba.hpp:172->src/generic/mpx_packed_karatsuba.hpp:159->src/generic/mpx_packed_karatsuba.hpp:159->src/generic/mpx_packed_karatsuba.hpp:188->src/generic/mpx_packed_karatsuba.hpp:225]   --->   Operation 251 'zext' 'zext_ln172_43' <Predicate = true> <Delay = 0.00>
ST_5 : Operation 252 [1/1] (0.00ns)   --->   "%trunc_ln174 = trunc i4 %z2_175" [src/generic/mpx_packed_karatsuba.hpp:174->src/generic/mpx_packed_karatsuba.hpp:159->src/generic/mpx_packed_karatsuba.hpp:159->src/generic/mpx_packed_karatsuba.hpp:188->src/generic/mpx_packed_karatsuba.hpp:225]   --->   Operation 252 'trunc' 'trunc_ln174' <Predicate = true> <Delay = 0.00>
ST_5 : Operation 253 [1/1] (0.00ns)   --->   "%shl_ln174_3 = bitconcatenate i259 @_ssdm_op_BitConcatenate.i259.i3.i256, i3 %trunc_ln174, i256 0" [src/generic/mpx_packed_karatsuba.hpp:174->src/generic/mpx_packed_karatsuba.hpp:159->src/generic/mpx_packed_karatsuba.hpp:159->src/generic/mpx_packed_karatsuba.hpp:188->src/generic/mpx_packed_karatsuba.hpp:225]   --->   Operation 253 'bitconcatenate' 'shl_ln174_3' <Predicate = true> <Delay = 0.00>
ST_5 : Operation 254 [1/1] (0.00ns)   --->   "%zext_ln172_44 = zext i259 %shl_ln174_3" [src/generic/mpx_packed_karatsuba.hpp:172->src/generic/mpx_packed_karatsuba.hpp:159->src/generic/mpx_packed_karatsuba.hpp:159->src/generic/mpx_packed_karatsuba.hpp:188->src/generic/mpx_packed_karatsuba.hpp:225]   --->   Operation 254 'zext' 'zext_ln172_44' <Predicate = true> <Delay = 0.00>
ST_5 : Operation 255 [1/1] (0.00ns)   --->   "%zext_ln167_88 = zext i256 %z0_128" [src/generic/mpx_packed_karatsuba.hpp:167->src/generic/mpx_packed_karatsuba.hpp:159->src/generic/mpx_packed_karatsuba.hpp:188->src/generic/mpx_packed_karatsuba.hpp:225]   --->   Operation 255 'zext' 'zext_ln167_88' <Predicate = true> <Delay = 0.00>
ST_5 : Operation 256 [1/1] (0.00ns)   --->   "%sext_ln168 = sext i260 %res_243" [src/generic/mpx_packed_karatsuba.hpp:168->src/generic/mpx_packed_karatsuba.hpp:159->src/generic/mpx_packed_karatsuba.hpp:188->src/generic/mpx_packed_karatsuba.hpp:225]   --->   Operation 256 'sext' 'sext_ln168' <Predicate = true> <Delay = 0.00>
ST_5 : Operation 257 [1/1] (0.00ns)   --->   "%zext_ln168_59 = zext i384 %sext_ln168" [src/generic/mpx_packed_karatsuba.hpp:168->src/generic/mpx_packed_karatsuba.hpp:159->src/generic/mpx_packed_karatsuba.hpp:188->src/generic/mpx_packed_karatsuba.hpp:225]   --->   Operation 257 'zext' 'zext_ln168_59' <Predicate = true> <Delay = 0.00>
ST_5 : Operation 258 [1/1] (2.05ns)   --->   "%res_244 = sub i257 %zext_ln172_43, i257 %zext_ln167_88" [src/generic/mpx_packed_karatsuba.hpp:173->src/generic/mpx_packed_karatsuba.hpp:159->src/generic/mpx_packed_karatsuba.hpp:159->src/generic/mpx_packed_karatsuba.hpp:188->src/generic/mpx_packed_karatsuba.hpp:225]   --->   Operation 258 'sub' 'res_244' <Predicate = true> <Delay = 2.05> <CoreInst = "Adder">   --->   Core 1 'Adder' <Latency = 0> <II = 1> <Delay = 2.05> <FuncUnit> <Opcode : 'add' 'sub'> <InPorts = 2> <OutPorts = 1>
ST_5 : Operation 259 [1/1] (0.00ns)   --->   "%sext_ln174 = sext i257 %res_244" [src/generic/mpx_packed_karatsuba.hpp:174->src/generic/mpx_packed_karatsuba.hpp:159->src/generic/mpx_packed_karatsuba.hpp:159->src/generic/mpx_packed_karatsuba.hpp:188->src/generic/mpx_packed_karatsuba.hpp:225]   --->   Operation 259 'sext' 'sext_ln174' <Predicate = true> <Delay = 0.00>
ST_5 : Operation 260 [1/1] (2.06ns)   --->   "%res_245 = add i260 %sext_ln174, i260 %zext_ln172_44" [src/generic/mpx_packed_karatsuba.hpp:174->src/generic/mpx_packed_karatsuba.hpp:159->src/generic/mpx_packed_karatsuba.hpp:159->src/generic/mpx_packed_karatsuba.hpp:188->src/generic/mpx_packed_karatsuba.hpp:225]   --->   Operation 260 'add' 'res_245' <Predicate = true> <Delay = 2.06> <CoreInst = "Adder">   --->   Core 1 'Adder' <Latency = 0> <II = 1> <Delay = 2.06> <FuncUnit> <Opcode : 'add' 'sub'> <InPorts = 2> <OutPorts = 1>
ST_5 : Operation 261 [1/1] (0.00ns)   --->   "%sext_ln169_39 = sext i260 %res_245" [src/generic/mpx_packed_karatsuba.hpp:169->src/generic/mpx_packed_karatsuba.hpp:159->src/generic/mpx_packed_karatsuba.hpp:188->src/generic/mpx_packed_karatsuba.hpp:225]   --->   Operation 261 'sext' 'sext_ln169_39' <Predicate = true> <Delay = 0.00>
ST_5 : Operation 262 [1/1] (2.59ns)   --->   "%sub_ln169 = sub i386 %sext_ln169_39, i386 %zext_ln168_59" [src/generic/mpx_packed_karatsuba.hpp:169->src/generic/mpx_packed_karatsuba.hpp:159->src/generic/mpx_packed_karatsuba.hpp:188->src/generic/mpx_packed_karatsuba.hpp:225]   --->   Operation 262 'sub' 'sub_ln169' <Predicate = true> <Delay = 2.59> <CoreInst = "Adder">   --->   Core 1 'Adder' <Latency = 0> <II = 1> <Delay = 2.59> <FuncUnit> <Opcode : 'add' 'sub'> <InPorts = 2> <OutPorts = 1>

State 6 <SV = 5> <Delay = 5.94>
ST_6 : Operation 263 [1/1] (0.00ns)   --->   "%shl_ln173_s = bitconcatenate i387 @_ssdm_op_BitConcatenate.i387.i259.i128, i259 %z1e_68, i128 0" [src/generic/mpx_packed_karatsuba.hpp:173->src/generic/mpx_packed_karatsuba.hpp:159->src/generic/mpx_packed_karatsuba.hpp:159->src/generic/mpx_packed_karatsuba.hpp:188->src/generic/mpx_packed_karatsuba.hpp:225]   --->   Operation 263 'bitconcatenate' 'shl_ln173_s' <Predicate = true> <Delay = 0.00>
ST_6 : Operation 264 [1/1] (0.00ns)   --->   "%sext_ln172_29 = sext i387 %shl_ln173_s" [src/generic/mpx_packed_karatsuba.hpp:172->src/generic/mpx_packed_karatsuba.hpp:159->src/generic/mpx_packed_karatsuba.hpp:159->src/generic/mpx_packed_karatsuba.hpp:188->src/generic/mpx_packed_karatsuba.hpp:225]   --->   Operation 264 'sext' 'sext_ln172_29' <Predicate = true> <Delay = 0.00>
ST_6 : Operation 265 [1/1] (0.00ns)   --->   "%sext_ln169_42 = sext i386 %sub_ln169" [src/generic/mpx_packed_karatsuba.hpp:169->src/generic/mpx_packed_karatsuba.hpp:159->src/generic/mpx_packed_karatsuba.hpp:188->src/generic/mpx_packed_karatsuba.hpp:225]   --->   Operation 265 'sext' 'sext_ln169_42' <Predicate = true> <Delay = 0.00>
ST_6 : Operation 266 [1/1] (2.60ns)   --->   "%z1e_69 = add i388 %sext_ln169_42, i388 %sext_ln172_29" [src/generic/mpx_packed_karatsuba.hpp:169->src/generic/mpx_packed_karatsuba.hpp:159->src/generic/mpx_packed_karatsuba.hpp:188->src/generic/mpx_packed_karatsuba.hpp:225]   --->   Operation 266 'add' 'z1e_69' <Predicate = true> <Delay = 2.60> <CoreInst = "Adder">   --->   Core 1 'Adder' <Latency = 0> <II = 1> <Delay = 2.60> <FuncUnit> <Opcode : 'add' 'sub'> <InPorts = 2> <OutPorts = 1>
ST_6 : Operation 267 [1/1] (0.00ns)   --->   "%shl_ln173_13 = bitconcatenate i516 @_ssdm_op_BitConcatenate.i516.i388.i128, i388 %z1e_69, i128 0" [src/generic/mpx_packed_karatsuba.hpp:173->src/generic/mpx_packed_karatsuba.hpp:159->src/generic/mpx_packed_karatsuba.hpp:188->src/generic/mpx_packed_karatsuba.hpp:225]   --->   Operation 267 'bitconcatenate' 'shl_ln173_13' <Predicate = true> <Delay = 0.00>
ST_6 : Operation 268 [1/1] (0.00ns)   --->   "%sext_ln172_30 = sext i516 %shl_ln173_13" [src/generic/mpx_packed_karatsuba.hpp:172->src/generic/mpx_packed_karatsuba.hpp:159->src/generic/mpx_packed_karatsuba.hpp:188->src/generic/mpx_packed_karatsuba.hpp:225]   --->   Operation 268 'sext' 'sext_ln172_30' <Predicate = true> <Delay = 0.00>
ST_6 : Operation 269 [1/1] (0.00ns)   --->   "%zext_ln167_89 = zext i512 %z0_125" [src/generic/mpx_packed_karatsuba.hpp:167->src/generic/mpx_packed_karatsuba.hpp:188->src/generic/mpx_packed_karatsuba.hpp:225]   --->   Operation 269 'zext' 'zext_ln167_89' <Predicate = true> <Delay = 0.00>
ST_6 : Operation 270 [1/1] (0.00ns)   --->   "%zext_ln168_60 = zext i512 %z2_174" [src/generic/mpx_packed_karatsuba.hpp:168->src/generic/mpx_packed_karatsuba.hpp:188->src/generic/mpx_packed_karatsuba.hpp:225]   --->   Operation 270 'zext' 'zext_ln168_60' <Predicate = true> <Delay = 0.00>
ST_6 : Operation 271 [1/1] (0.00ns)   --->   "%res_4 = bitconcatenate i516 @_ssdm_op_BitConcatenate.i516.i260.i256, i260 %res_243, i256 %z0_128" [src/generic/mpx_packed_karatsuba.hpp:173->src/generic/mpx_packed_karatsuba.hpp:159->src/generic/mpx_packed_karatsuba.hpp:188->src/generic/mpx_packed_karatsuba.hpp:225]   --->   Operation 271 'bitconcatenate' 'res_4' <Predicate = true> <Delay = 0.00>
ST_6 : Operation 272 [1/1] (0.00ns)   --->   "%sext_ln174_39 = sext i516 %res_4" [src/generic/mpx_packed_karatsuba.hpp:174->src/generic/mpx_packed_karatsuba.hpp:159->src/generic/mpx_packed_karatsuba.hpp:188->src/generic/mpx_packed_karatsuba.hpp:225]   --->   Operation 272 'sext' 'sext_ln174_39' <Predicate = true> <Delay = 0.00>
ST_6 : Operation 273 [1/1] (0.00ns) (grouped into TernaryAdder)   --->   "%res_246 = sub i517 %sext_ln174_39, i517 %zext_ln168_60" [src/generic/mpx_packed_karatsuba.hpp:174->src/generic/mpx_packed_karatsuba.hpp:159->src/generic/mpx_packed_karatsuba.hpp:188->src/generic/mpx_packed_karatsuba.hpp:225]   --->   Operation 273 'sub' 'res_246' <Predicate = true> <Delay = 0.00> <CoreInst = "TAddSub">   --->   Core 10 'TAddSub' <Latency = 0> <II = 1> <Delay = 1.19> <IPBlock> <Opcode : '' 'add' 'sub'> <InPorts = 3> <OutPorts = 1> <Sync> <CReg>
ST_6 : Operation 274 [1/1] (2.38ns) (root node of TernaryAdder)   --->   "%sub_ln169_10 = sub i517 %res_246, i517 %zext_ln167_89" [src/generic/mpx_packed_karatsuba.hpp:169->src/generic/mpx_packed_karatsuba.hpp:188->src/generic/mpx_packed_karatsuba.hpp:225]   --->   Operation 274 'sub' 'sub_ln169_10' <Predicate = true> <Delay = 2.38> <CoreInst = "TAddSub">   --->   Core 10 'TAddSub' <Latency = 0> <II = 1> <Delay = 1.19> <IPBlock> <Opcode : '' 'add' 'sub'> <InPorts = 3> <OutPorts = 1> <Sync> <CReg>
ST_6 : Operation 275 [1/1] (0.00ns)   --->   "%sext_ln169_43 = sext i517 %sub_ln169_10" [src/generic/mpx_packed_karatsuba.hpp:169->src/generic/mpx_packed_karatsuba.hpp:188->src/generic/mpx_packed_karatsuba.hpp:225]   --->   Operation 275 'sext' 'sext_ln169_43' <Predicate = true> <Delay = 0.00>
ST_6 : Operation 276 [1/1] (3.33ns)   --->   "%z1e_70 = add i518 %sext_ln169_43, i518 %sext_ln172_30" [src/generic/mpx_packed_karatsuba.hpp:169->src/generic/mpx_packed_karatsuba.hpp:188->src/generic/mpx_packed_karatsuba.hpp:225]   --->   Operation 276 'add' 'z1e_70' <Predicate = true> <Delay = 3.33> <CoreInst = "Adder">   --->   Core 1 'Adder' <Latency = 0> <II = 1> <Delay = 3.33> <FuncUnit> <Opcode : 'add' 'sub'> <InPorts = 2> <OutPorts = 1>

State 7 <SV = 6> <Delay = 6.05>
ST_7 : Operation 277 [1/1] (0.00ns)   --->   "%shl_ln173_14 = bitconcatenate i774 @_ssdm_op_BitConcatenate.i774.i518.i256, i518 %z1e_70, i256 0" [src/generic/mpx_packed_karatsuba.hpp:173->src/generic/mpx_packed_karatsuba.hpp:188->src/generic/mpx_packed_karatsuba.hpp:225]   --->   Operation 277 'bitconcatenate' 'shl_ln173_14' <Predicate = true> <Delay = 0.00>
ST_7 : Operation 278 [1/1] (0.00ns)   --->   "%sext_ln172_31 = sext i774 %shl_ln173_14" [src/generic/mpx_packed_karatsuba.hpp:172->src/generic/mpx_packed_karatsuba.hpp:188->src/generic/mpx_packed_karatsuba.hpp:225]   --->   Operation 278 'sext' 'sext_ln172_31' <Predicate = true> <Delay = 0.00>
ST_7 : Operation 279 [1/1] (0.00ns)   --->   "%zext_ln172_45 = zext i896 %sext_ln172_31" [src/generic/mpx_packed_karatsuba.hpp:172->src/generic/mpx_packed_karatsuba.hpp:188->src/generic/mpx_packed_karatsuba.hpp:225]   --->   Operation 279 'zext' 'zext_ln172_45' <Predicate = true> <Delay = 0.00>
ST_7 : Operation 280 [1/1] (0.00ns)   --->   "%res_247 = bitconcatenate i1024 @_ssdm_op_BitConcatenate.i1024.i512.i512, i512 %z2_174, i512 %z0_125" [src/generic/mpx_packed_karatsuba.hpp:173->src/generic/mpx_packed_karatsuba.hpp:188->src/generic/mpx_packed_karatsuba.hpp:225]   --->   Operation 280 'bitconcatenate' 'res_247' <Predicate = true> <Delay = 0.00>
ST_7 : Operation 281 [1/1] (6.05ns)   --->   "%res_248 = add i1024 %zext_ln172_45, i1024 %res_247" [src/generic/mpx_packed_karatsuba.hpp:174->src/generic/mpx_packed_karatsuba.hpp:188->src/generic/mpx_packed_karatsuba.hpp:225]   --->   Operation 281 'add' 'res_248' <Predicate = true> <Delay = 6.05> <CoreInst = "Adder">   --->   Core 1 'Adder' <Latency = 0> <II = 1> <Delay = 6.05> <FuncUnit> <Opcode : 'add' 'sub'> <InPorts = 2> <OutPorts = 1>

State 8 <SV = 7> <Delay = 1.96>
ST_8 : Operation 282 [2/2] (1.96ns)   --->   "%call_ln174 = call void @mul.5019_Pipeline_VITIS_LOOP_48_1, i1024 %res_248, i64 %c" [src/generic/mpx_packed_karatsuba.hpp:174->src/generic/mpx_packed_karatsuba.hpp:188->src/generic/mpx_packed_karatsuba.hpp:225]   --->   Operation 282 'call' 'call_ln174' <Predicate = true> <Delay = 1.96> <CoreType = "Generic">   --->   Generic Core

State 9 <SV = 8> <Delay = 1.48>
ST_9 : Operation 283 [1/2] (1.48ns)   --->   "%call_ln174 = call void @mul.5019_Pipeline_VITIS_LOOP_48_1, i1024 %res_248, i64 %c" [src/generic/mpx_packed_karatsuba.hpp:174->src/generic/mpx_packed_karatsuba.hpp:188->src/generic/mpx_packed_karatsuba.hpp:225]   --->   Operation 283 'call' 'call_ln174' <Predicate = true> <Delay = 1.48> <CoreType = "Generic">   --->   Generic Core
ST_9 : Operation 284 [1/1] (0.00ns)   --->   "%ret_ln230 = ret" [src/generic/mpx_packed_karatsuba.hpp:230]   --->   Operation 284 'ret' 'ret_ln230' <Predicate = true> <Delay = 0.00>


============================================================
+ Verbose Summary: Binding
============================================================
STG Binding: 
---------------- STG Properties BEGIN ----------------
- Is combinational: 0
- Is one-state seq: 0
- Is datapath-only: 0
- Is pipelined: 0
- Is top level: 0
Port [ Return ] is wired: 1; IO mode=ap_ctrl_hs:ce=0
Port [ a]:  wired=1; compound=1; hidden=0; nouse=0; global=0; static=0; extern=0; dir=0; type=1; pingpong=0; private_global=0; MemPort=[13]; IO mode=ap_memory:ce=0
Port [ R_X]:  wired=1; compound=1; hidden=0; nouse=0; global=0; static=0; extern=0; dir=0; type=1; pingpong=0; private_global=0; MemPort=[13]; IO mode=ap_memory:ce=0
Port [ c]:  wired=1; compound=1; hidden=0; nouse=0; global=0; static=0; extern=0; dir=1; type=1; pingpong=0; private_global=0; MemPort=[03]; IO mode=ap_memory:ce=0
---------------- STG Properties END ------------------

---------------- Datapath Model BEGIN ----------------

<LifeTime>
<method=bitvector/>
B_loc          (alloca        ) [ 0111000000]
A_1_loc        (alloca        ) [ 0111000000]
call_ln0       (call          ) [ 0000000000]
call_ln0       (call          ) [ 0000000000]
A_1_loc_load   (load          ) [ 0000000000]
B_loc_load     (load          ) [ 0000000000]
a0             (trunc         ) [ 0000000000]
trunc_ln133_10 (trunc         ) [ 0000000000]
b0             (trunc         ) [ 0000000000]
trunc_ln134_8  (trunc         ) [ 0000000000]
a0_73          (trunc         ) [ 0000000000]
b0_57          (trunc         ) [ 0000000000]
a1             (partselect    ) [ 0000000000]
zext_ln135     (zext          ) [ 0000000000]
b1             (partselect    ) [ 0000000000]
zext_ln136     (zext          ) [ 0000000000]
zext_ln121     (zext          ) [ 0000000000]
zext_ln121_164 (zext          ) [ 0000000000]
z0             (mul           ) [ 0000110000]
z2_169         (mul           ) [ 0000110000]
zext_ln147     (zext          ) [ 0000000000]
zext_ln147_80  (zext          ) [ 0000000000]
a1_cast        (partselect    ) [ 0000000000]
trunc_ln147    (trunc         ) [ 0000000000]
sa_126         (add           ) [ 0000000000]
zext_ln148     (zext          ) [ 0000000000]
zext_ln148_64  (zext          ) [ 0000000000]
b1_cast        (partselect    ) [ 0000000000]
trunc_ln148    (trunc         ) [ 0000000000]
sb_100         (add           ) [ 0000000000]
a0_74          (add           ) [ 0000000000]
b0_58          (add           ) [ 0000000000]
a1_s           (partselect    ) [ 0000000000]
b1_s           (partselect    ) [ 0000000000]
zext_ln121_165 (zext          ) [ 0000000000]
zext_ln121_166 (zext          ) [ 0000000000]
z0_123         (mul           ) [ 0000100000]
zext_ln121_167 (zext          ) [ 0000000000]
zext_ln121_168 (zext          ) [ 0000000000]
z2_170         (mul           ) [ 0000100000]
zext_ln147_64  (zext          ) [ 0000000000]
zext_ln147_81  (zext          ) [ 0000000000]
sa             (add           ) [ 0000000000]
zext_ln148_50  (zext          ) [ 0000000000]
zext_ln148_65  (zext          ) [ 0000000000]
sb             (add           ) [ 0000000000]
zext_ln164     (zext          ) [ 0000000000]
zext_ln164_40  (zext          ) [ 0000000000]
t              (mul           ) [ 0000100000]
a0_75          (partselect    ) [ 0000000000]
a0_75_cast     (partselect    ) [ 0000000000]
b0_59          (partselect    ) [ 0000000000]
b0_59_cast     (partselect    ) [ 0000000000]
zext_ln121_169 (zext          ) [ 0000000000]
zext_ln121_170 (zext          ) [ 0000000000]
z0_126         (mul           ) [ 0000110000]
tmp_209        (partselect    ) [ 0000000000]
tmp_419_cast   (partselect    ) [ 0000000000]
zext_ln121_185 (zext          ) [ 0000000000]
tmp_210        (partselect    ) [ 0000000000]
tmp_420_cast   (partselect    ) [ 0000000000]
zext_ln121_186 (zext          ) [ 0000000000]
z2_171         (mul           ) [ 0000110000]
zext_ln147_65  (zext          ) [ 0000000000]
zext_ln147_82  (zext          ) [ 0000000000]
a0_76          (add           ) [ 0000000000]
sa_127         (add           ) [ 0000000000]
zext_ln148_51  (zext          ) [ 0000000000]
zext_ln148_66  (zext          ) [ 0000000000]
b0_60          (add           ) [ 0000000000]
sb_101         (add           ) [ 0000000000]
a1_7           (partselect    ) [ 0000000000]
b1_7           (partselect    ) [ 0000000000]
zext_ln121_171 (zext          ) [ 0000000000]
zext_ln121_172 (zext          ) [ 0000000000]
z0_127         (mul           ) [ 0000100000]
zext_ln121_173 (zext          ) [ 0000000000]
zext_ln121_174 (zext          ) [ 0000000000]
z2_172         (mul           ) [ 0000100000]
zext_ln147_66  (zext          ) [ 0000000000]
zext_ln147_83  (zext          ) [ 0000000000]
sa_120         (add           ) [ 0000000000]
zext_ln148_52  (zext          ) [ 0000000000]
zext_ln148_67  (zext          ) [ 0000000000]
sb_94          (add           ) [ 0000000000]
zext_ln164_41  (zext          ) [ 0000000000]
zext_ln164_42  (zext          ) [ 0000000000]
t_97           (mul           ) [ 0000100000]
zext_ln147_67  (zext          ) [ 0000000000]
tmp_212        (partselect    ) [ 0000000000]
tmp_426_cast   (partselect    ) [ 0000000000]
zext_ln147_84  (zext          ) [ 0000000000]
add_ln147      (add           ) [ 0000000000]
sa_128         (add           ) [ 0000000000]
zext_ln148_53  (zext          ) [ 0000000000]
tmp_213        (partselect    ) [ 0000000000]
tmp_427_cast   (partselect    ) [ 0000000000]
zext_ln148_68  (zext          ) [ 0000000000]
add_ln148      (add           ) [ 0000000000]
sb_102         (add           ) [ 0000000000]
a0_77          (trunc         ) [ 0000100000]
b0_61          (trunc         ) [ 0000100000]
zext_ln121_176 (zext          ) [ 0000000000]
zext_ln121_178 (zext          ) [ 0000000000]
a0_78          (partselect    ) [ 0000100000]
b0_62          (partselect    ) [ 0000100000]
tmp_214        (partselect    ) [ 0000100000]
tmp_215        (partselect    ) [ 0000100000]
tmp_217        (partselect    ) [ 0000000000]
zext_ln147_86  (zext          ) [ 0000000000]
sa_129         (add           ) [ 0000000000]
tmp_218        (partselect    ) [ 0000000000]
zext_ln148_70  (zext          ) [ 0000000000]
sb_103         (add           ) [ 0000000000]
a0_79          (trunc         ) [ 0000100000]
b0_63          (trunc         ) [ 0000100000]
tmp_219        (partselect    ) [ 0000110000]
tmp_220        (partselect    ) [ 0000110000]
zext_ln150     (zext          ) [ 0000000000]
zext_ln167     (zext          ) [ 0000000000]
zext_ln167_81  (zext          ) [ 0000000000]
zext_ln168     (zext          ) [ 0000000000]
add_ln169      (add           ) [ 0000000000]
zext_ln169     (zext          ) [ 0000000000]
z1e            (sub           ) [ 0000000000]
tmp_s          (bitconcatenate) [ 0000000000]
sext_ln174_36  (sext          ) [ 0000000000]
shl_ln         (bitconcatenate) [ 0000000000]
zext_ln172     (zext          ) [ 0000000000]
zext_ln167_82  (zext          ) [ 0000000000]
zext_ln168_55  (zext          ) [ 0000000000]
add_ln173      (add           ) [ 0000000000]
zext_ln174     (zext          ) [ 0000000000]
res_240        (sub           ) [ 0000000000]
sext_ln169     (sext          ) [ 0000000000]
add_ln169_91   (add           ) [ 0000000000]
z1e_64         (add           ) [ 0000010000]
zext_ln150_19  (zext          ) [ 0000000000]
zext_ln167_83  (zext          ) [ 0000000000]
zext_ln167_84  (zext          ) [ 0000000000]
zext_ln168_56  (zext          ) [ 0000000000]
add_ln169_92   (add           ) [ 0000000000]
zext_ln169_19  (zext          ) [ 0000000000]
z1e_65         (sub           ) [ 0000000000]
tmp_211        (bitconcatenate) [ 0000000000]
sext_ln174_37  (sext          ) [ 0000000000]
shl_ln174_s    (bitconcatenate) [ 0000000000]
zext_ln172_41  (zext          ) [ 0000000000]
zext_ln167_85  (zext          ) [ 0000000000]
zext_ln168_57  (zext          ) [ 0000000000]
add_ln173_26   (add           ) [ 0000000000]
zext_ln174_66  (zext          ) [ 0000000000]
res_241        (sub           ) [ 0000000000]
sext_ln169_40  (sext          ) [ 0000000000]
add_ln169_94   (add           ) [ 0000000000]
z1e_66         (add           ) [ 0000010000]
zext_ln121_175 (zext          ) [ 0000000000]
zext_ln121_177 (zext          ) [ 0000000000]
z0_128         (mul           ) [ 0000011000]
zext_ln121_179 (zext          ) [ 0000000000]
zext_ln121_180 (zext          ) [ 0000000000]
z0_120         (mul           ) [ 0000010000]
zext_ln121_187 (zext          ) [ 0000000000]
zext_ln121_188 (zext          ) [ 0000000000]
z2             (mul           ) [ 0000010000]
zext_ln147_68  (zext          ) [ 0000000000]
zext_ln147_85  (zext          ) [ 0000000000]
sa_122         (add           ) [ 0000000000]
zext_ln148_54  (zext          ) [ 0000000000]
zext_ln148_69  (zext          ) [ 0000000000]
sb_96          (add           ) [ 0000000000]
zext_ln173     (zext          ) [ 0000000000]
zext_ln173_44  (zext          ) [ 0000000000]
mul_ln173      (mul           ) [ 0000010000]
zext_ln173_46  (zext          ) [ 0000000000]
zext_ln173_47  (zext          ) [ 0000000000]
add_ln173_27   (add           ) [ 0000010000]
zext_ln121_181 (zext          ) [ 0000000000]
zext_ln121_182 (zext          ) [ 0000000000]
z0_129         (mul           ) [ 0000010000]
zext_ln147_69  (zext          ) [ 0000000000]
zext_ln147_87  (zext          ) [ 0000000000]
sa_130         (add           ) [ 0000000000]
zext_ln148_55  (zext          ) [ 0000000000]
zext_ln148_71  (zext          ) [ 0000000000]
sb_104         (add           ) [ 0000000000]
a0_80          (trunc         ) [ 0000000000]
b0_64          (trunc         ) [ 0000000000]
a1_15          (partselect    ) [ 0000000000]
zext_ln135_10  (zext          ) [ 0000000000]
b1_13          (partselect    ) [ 0000000000]
zext_ln136_8   (zext          ) [ 0000000000]
zext_ln121_183 (zext          ) [ 0000000000]
zext_ln121_184 (zext          ) [ 0000000000]
z0_130         (mul           ) [ 0000010000]
z2_176         (mul           ) [ 0000010000]
zext_ln147_70  (zext          ) [ 0000000000]
sa_125         (add           ) [ 0000000000]
zext_ln148_56  (zext          ) [ 0000000000]
sb_99          (add           ) [ 0000000000]
zext_ln164_43  (zext          ) [ 0000000000]
zext_ln164_44  (zext          ) [ 0000000000]
t_99           (mul           ) [ 0000010000]
shl_ln10       (bitconcatenate) [ 0000000000]
sext_ln138     (sext          ) [ 0000000000]
z0_124         (bitconcatenate) [ 0000000000]
z0_125         (add           ) [ 0000001100]
shl_ln173_12   (bitconcatenate) [ 0000000000]
sext_ln139     (sext          ) [ 0000000000]
z2_173         (bitconcatenate) [ 0000000000]
z2_174         (add           ) [ 0000001100]
zext_ln173_45  (zext          ) [ 0000000000]
zext_ln173_48  (zext          ) [ 0000000000]
sub_ln173      (sub           ) [ 0000000000]
tmp_216        (bitconcatenate) [ 0000000000]
sext_ln172     (sext          ) [ 0000000000]
res_242        (bitconcatenate) [ 0000000000]
zext_ln174_67  (zext          ) [ 0000000000]
res_243        (add           ) [ 0000001000]
zext_ln121_189 (zext          ) [ 0000000000]
zext_ln121_190 (zext          ) [ 0000000000]
z2_175         (mul           ) [ 0000000000]
zext_ln150_20  (zext          ) [ 0000000000]
zext_ln167_86  (zext          ) [ 0000000000]
zext_ln167_87  (zext          ) [ 0000000000]
add_ln169_95   (add           ) [ 0000000000]
zext_ln169_20  (zext          ) [ 0000000000]
z1e_67         (sub           ) [ 0000000000]
tmp_221        (bitconcatenate) [ 0000000000]
sext_ln174_38  (sext          ) [ 0000000000]
shl_ln174_2    (bitconcatenate) [ 0000000000]
zext_ln172_42  (zext          ) [ 0000000000]
zext_ln168_58  (zext          ) [ 0000000000]
add_ln173_28   (add           ) [ 0000000000]
zext_ln174_68  (zext          ) [ 0000000000]
res            (sub           ) [ 0000000000]
sext_ln169_41  (sext          ) [ 0000000000]
add_ln169_97   (add           ) [ 0000000000]
z1e_68         (add           ) [ 0000001000]
zext_ln172_43  (zext          ) [ 0000000000]
trunc_ln174    (trunc         ) [ 0000000000]
shl_ln174_3    (bitconcatenate) [ 0000000000]
zext_ln172_44  (zext          ) [ 0000000000]
zext_ln167_88  (zext          ) [ 0000000000]
sext_ln168     (sext          ) [ 0000000000]
zext_ln168_59  (zext          ) [ 0000000000]
res_244        (sub           ) [ 0000000000]
sext_ln174     (sext          ) [ 0000000000]
res_245        (add           ) [ 0000000000]
sext_ln169_39  (sext          ) [ 0000000000]
sub_ln169      (sub           ) [ 0000001000]
shl_ln173_s    (bitconcatenate) [ 0000000000]
sext_ln172_29  (sext          ) [ 0000000000]
sext_ln169_42  (sext          ) [ 0000000000]
z1e_69         (add           ) [ 0000000000]
shl_ln173_13   (bitconcatenate) [ 0000000000]
sext_ln172_30  (sext          ) [ 0000000000]
zext_ln167_89  (zext          ) [ 0000000000]
zext_ln168_60  (zext          ) [ 0000000000]
res_4          (bitconcatenate) [ 0000000000]
sext_ln174_39  (sext          ) [ 0000000000]
res_246        (sub           ) [ 0000000000]
sub_ln169_10   (sub           ) [ 0000000000]
sext_ln169_43  (sext          ) [ 0000000000]
z1e_70         (add           ) [ 0000000100]
shl_ln173_14   (bitconcatenate) [ 0000000000]
sext_ln172_31  (sext          ) [ 0000000000]
zext_ln172_45  (zext          ) [ 0000000000]
res_247        (bitconcatenate) [ 0000000000]
res_248        (add           ) [ 0000000011]
call_ln174     (call          ) [ 0000000000]
ret_ln230      (ret           ) [ 0000000000]
</LifeTime>

<model>

<comp_list>
<comp id="0" class="1000" name="a">
<pin_list>
<pin id="1" dir="1" index="0" bw="1" slack="0"/>
</pin_list>
<bind>
<StgValue><ssdm name="a"/><MemPortTyVec>1 3 </MemPortTyVec>
</StgValue>
</bind>
</comp>

<comp id="2" class="1000" name="R_X">
<pin_list>
<pin id="3" dir="1" index="0" bw="1" slack="0"/>
</pin_list>
<bind>
<StgValue><ssdm name="R_X"/><MemPortTyVec>1 3 </MemPortTyVec>
</StgValue>
</bind>
</comp>

<comp id="4" class="1000" name="c">
<pin_list>
<pin id="5" dir="1" index="0" bw="1" slack="0"/>
</pin_list>
<bind>
<StgValue><ssdm name="c"/><MemPortTyVec>0 3 </MemPortTyVec>
</StgValue>
</bind>
</comp>

<comp id="6" class="1001" name="const_6">
<pin_list>
<pin id="7" dir="1" index="0" bw="1" slack="0"/>
</pin_list>
<bind>
<StgValue><ssdm name=""/></StgValue>
</bind>
</comp>

<comp id="8" class="1001" name="const_8">
<pin_list>
<pin id="9" dir="1" index="0" bw="1" slack="0"/>
</pin_list>
<bind>
<StgValue><ssdm name="mul.5019_Pipeline_VITIS_LOOP_30_1"/></StgValue>
</bind>
</comp>

<comp id="10" class="1001" name="const_10">
<pin_list>
<pin id="11" dir="1" index="0" bw="1" slack="0"/>
</pin_list>
<bind>
<StgValue><ssdm name="mul.5019_Pipeline_VITIS_LOOP_30_1131"/></StgValue>
</bind>
</comp>

<comp id="12" class="1001" name="const_12">
<pin_list>
<pin id="13" dir="1" index="0" bw="1" slack="0"/>
</pin_list>
<bind>
<StgValue><ssdm name="_ssdm_op_PartSelect.i128.i512.i32.i32"/></StgValue>
</bind>
</comp>

<comp id="14" class="1001" name="const_14">
<pin_list>
<pin id="15" dir="1" index="0" bw="1" slack="0"/>
</pin_list>
<bind>
<StgValue><ssdm name=""/></StgValue>
</bind>
</comp>

<comp id="16" class="1001" name="const_16">
<pin_list>
<pin id="17" dir="1" index="0" bw="1" slack="0"/>
</pin_list>
<bind>
<StgValue><ssdm name=""/></StgValue>
</bind>
</comp>

<comp id="18" class="1001" name="const_18">
<pin_list>
<pin id="19" dir="1" index="0" bw="1" slack="0"/>
</pin_list>
<bind>
<StgValue><ssdm name="_ssdm_op_PartSelect.i64.i512.i32.i32"/></StgValue>
</bind>
</comp>

<comp id="20" class="1001" name="const_20">
<pin_list>
<pin id="21" dir="1" index="0" bw="1" slack="0"/>
</pin_list>
<bind>
<StgValue><ssdm name=""/></StgValue>
</bind>
</comp>

<comp id="22" class="1001" name="const_22">
<pin_list>
<pin id="23" dir="1" index="0" bw="1" slack="0"/>
</pin_list>
<bind>
<StgValue><ssdm name="_ssdm_op_PartSelect.i65.i129.i32.i32"/></StgValue>
</bind>
</comp>

<comp id="24" class="1001" name="const_24">
<pin_list>
<pin id="25" dir="1" index="0" bw="1" slack="0"/>
</pin_list>
<bind>
<StgValue><ssdm name=""/></StgValue>
</bind>
</comp>

<comp id="26" class="1001" name="const_26">
<pin_list>
<pin id="27" dir="1" index="0" bw="1" slack="0"/>
</pin_list>
<bind>
<StgValue><ssdm name=""/></StgValue>
</bind>
</comp>

<comp id="28" class="1001" name="const_28">
<pin_list>
<pin id="29" dir="1" index="0" bw="1" slack="0"/>
</pin_list>
<bind>
<StgValue><ssdm name=""/></StgValue>
</bind>
</comp>

<comp id="30" class="1001" name="const_30">
<pin_list>
<pin id="31" dir="1" index="0" bw="1" slack="0"/>
</pin_list>
<bind>
<StgValue><ssdm name=""/></StgValue>
</bind>
</comp>

<comp id="32" class="1001" name="const_32">
<pin_list>
<pin id="33" dir="1" index="0" bw="1" slack="0"/>
</pin_list>
<bind>
<StgValue><ssdm name=""/></StgValue>
</bind>
</comp>

<comp id="34" class="1001" name="const_34">
<pin_list>
<pin id="35" dir="1" index="0" bw="1" slack="0"/>
</pin_list>
<bind>
<StgValue><ssdm name=""/></StgValue>
</bind>
</comp>

<comp id="36" class="1001" name="const_36">
<pin_list>
<pin id="37" dir="1" index="0" bw="1" slack="0"/>
</pin_list>
<bind>
<StgValue><ssdm name=""/></StgValue>
</bind>
</comp>

<comp id="38" class="1001" name="const_38">
<pin_list>
<pin id="39" dir="1" index="0" bw="1" slack="0"/>
</pin_list>
<bind>
<StgValue><ssdm name="_ssdm_op_PartSelect.i256.i512.i32.i32"/></StgValue>
</bind>
</comp>

<comp id="40" class="1001" name="const_40">
<pin_list>
<pin id="41" dir="1" index="0" bw="1" slack="0"/>
</pin_list>
<bind>
<StgValue><ssdm name="_ssdm_op_PartSelect.i192.i512.i32.i32"/></StgValue>
</bind>
</comp>

<comp id="42" class="1001" name="const_42">
<pin_list>
<pin id="43" dir="1" index="0" bw="1" slack="0"/>
</pin_list>
<bind>
<StgValue><ssdm name="_ssdm_op_PartSelect.i64.i192.i32.i32"/></StgValue>
</bind>
</comp>

<comp id="44" class="1001" name="const_44">
<pin_list>
<pin id="45" dir="1" index="0" bw="1" slack="0"/>
</pin_list>
<bind>
<StgValue><ssdm name="_ssdm_op_PartSelect.i65.i257.i32.i32"/></StgValue>
</bind>
</comp>

<comp id="46" class="1001" name="const_46">
<pin_list>
<pin id="47" dir="1" index="0" bw="1" slack="0"/>
</pin_list>
<bind>
<StgValue><ssdm name=""/></StgValue>
</bind>
</comp>

<comp id="48" class="1001" name="const_48">
<pin_list>
<pin id="49" dir="1" index="0" bw="1" slack="0"/>
</pin_list>
<bind>
<StgValue><ssdm name="_ssdm_op_PartSelect.i129.i257.i32.i32"/></StgValue>
</bind>
</comp>

<comp id="50" class="1001" name="const_50">
<pin_list>
<pin id="51" dir="1" index="0" bw="1" slack="0"/>
</pin_list>
<bind>
<StgValue><ssdm name="_ssdm_op_PartSelect.i2.i130.i32.i32"/></StgValue>
</bind>
</comp>

<comp id="52" class="1001" name="const_52">
<pin_list>
<pin id="53" dir="1" index="0" bw="1" slack="0"/>
</pin_list>
<bind>
<StgValue><ssdm name=""/></StgValue>
</bind>
</comp>

<comp id="54" class="1001" name="const_54">
<pin_list>
<pin id="55" dir="1" index="0" bw="1" slack="0"/>
</pin_list>
<bind>
<StgValue><ssdm name="_ssdm_op_BitConcatenate.i197.i133.i64"/></StgValue>
</bind>
</comp>

<comp id="56" class="1001" name="const_56">
<pin_list>
<pin id="57" dir="1" index="0" bw="1" slack="0"/>
</pin_list>
<bind>
<StgValue><ssdm name=""/></StgValue>
</bind>
</comp>

<comp id="58" class="1001" name="const_58">
<pin_list>
<pin id="59" dir="1" index="0" bw="1" slack="0"/>
</pin_list>
<bind>
<StgValue><ssdm name="_ssdm_op_BitConcatenate.i258.i130.i128"/></StgValue>
</bind>
</comp>

<comp id="60" class="1001" name="const_60">
<pin_list>
<pin id="61" dir="1" index="0" bw="1" slack="0"/>
</pin_list>
<bind>
<StgValue><ssdm name=""/></StgValue>
</bind>
</comp>

<comp id="62" class="1001" name="const_62">
<pin_list>
<pin id="63" dir="1" index="0" bw="1" slack="0"/>
</pin_list>
<bind>
<StgValue><ssdm name="_ssdm_op_BitConcatenate.i388.i260.i128"/></StgValue>
</bind>
</comp>

<comp id="64" class="1001" name="const_64">
<pin_list>
<pin id="65" dir="1" index="0" bw="1" slack="0"/>
</pin_list>
<bind>
<StgValue><ssdm name="_ssdm_op_BitConcatenate.i512.i256.i256"/></StgValue>
</bind>
</comp>

<comp id="66" class="1001" name="const_66">
<pin_list>
<pin id="67" dir="1" index="0" bw="1" slack="0"/>
</pin_list>
<bind>
<StgValue><ssdm name="_ssdm_op_BitConcatenate.i195.i131.i64"/></StgValue>
</bind>
</comp>

<comp id="68" class="1001" name="const_68">
<pin_list>
<pin id="69" dir="1" index="0" bw="1" slack="0"/>
</pin_list>
<bind>
<StgValue><ssdm name="_ssdm_op_BitConcatenate.i257.i129.i128"/></StgValue>
</bind>
</comp>

<comp id="70" class="1001" name="const_70">
<pin_list>
<pin id="71" dir="1" index="0" bw="1" slack="0"/>
</pin_list>
<bind>
<StgValue><ssdm name="_ssdm_op_BitConcatenate.i259.i3.i256"/></StgValue>
</bind>
</comp>

<comp id="72" class="1001" name="const_72">
<pin_list>
<pin id="73" dir="1" index="0" bw="1" slack="0"/>
</pin_list>
<bind>
<StgValue><ssdm name=""/></StgValue>
</bind>
</comp>

<comp id="74" class="1001" name="const_74">
<pin_list>
<pin id="75" dir="1" index="0" bw="1" slack="0"/>
</pin_list>
<bind>
<StgValue><ssdm name="_ssdm_op_BitConcatenate.i387.i259.i128"/></StgValue>
</bind>
</comp>

<comp id="76" class="1001" name="const_76">
<pin_list>
<pin id="77" dir="1" index="0" bw="1" slack="0"/>
</pin_list>
<bind>
<StgValue><ssdm name="_ssdm_op_BitConcatenate.i516.i388.i128"/></StgValue>
</bind>
</comp>

<comp id="78" class="1001" name="const_78">
<pin_list>
<pin id="79" dir="1" index="0" bw="1" slack="0"/>
</pin_list>
<bind>
<StgValue><ssdm name="_ssdm_op_BitConcatenate.i516.i260.i256"/></StgValue>
</bind>
</comp>

<comp id="80" class="1001" name="const_80">
<pin_list>
<pin id="81" dir="1" index="0" bw="1" slack="0"/>
</pin_list>
<bind>
<StgValue><ssdm name="_ssdm_op_BitConcatenate.i774.i518.i256"/></StgValue>
</bind>
</comp>

<comp id="82" class="1001" name="const_82">
<pin_list>
<pin id="83" dir="1" index="0" bw="1" slack="0"/>
</pin_list>
<bind>
<StgValue><ssdm name="_ssdm_op_BitConcatenate.i1024.i512.i512"/></StgValue>
</bind>
</comp>

<comp id="84" class="1001" name="const_84">
<pin_list>
<pin id="85" dir="1" index="0" bw="1" slack="0"/>
</pin_list>
<bind>
<StgValue><ssdm name="mul.5019_Pipeline_VITIS_LOOP_48_1"/></StgValue>
</bind>
</comp>

<comp id="86" class="1004" name="B_loc_fu_86">
<pin_list>
<pin id="87" dir="0" index="0" bw="1" slack="0"/>
<pin id="88" dir="1" index="1" bw="512" slack="0"/>
</pin_list>
<bind>
<opcode="alloca(26) " fcode="alloca"/>
<opset="B_loc/1 "/>
</bind>
</comp>

<comp id="90" class="1004" name="A_1_loc_fu_90">
<pin_list>
<pin id="91" dir="0" index="0" bw="1" slack="0"/>
<pin id="92" dir="1" index="1" bw="512" slack="0"/>
</pin_list>
<bind>
<opcode="alloca(26) " fcode="alloca"/>
<opset="A_1_loc/1 "/>
</bind>
</comp>

<comp id="94" class="1004" name="grp_mul_5019_Pipeline_VITIS_LOOP_30_1_fu_94">
<pin_list>
<pin id="95" dir="0" index="0" bw="0" slack="0"/>
<pin id="96" dir="0" index="1" bw="64" slack="0"/>
<pin id="97" dir="0" index="2" bw="512" slack="0"/>
<pin id="98" dir="1" index="3" bw="0" slack="2147483647"/>
</pin_list>
<bind>
<opcode="call(48) " fcode="call"/>
<opset="call_ln0/1 "/>
</bind>
</comp>

<comp id="101" class="1004" name="grp_mul_5019_Pipeline_VITIS_LOOP_30_1131_fu_101">
<pin_list>
<pin id="102" dir="0" index="0" bw="0" slack="0"/>
<pin id="103" dir="0" index="1" bw="64" slack="0"/>
<pin id="104" dir="0" index="2" bw="512" slack="0"/>
<pin id="105" dir="1" index="3" bw="0" slack="2147483647"/>
</pin_list>
<bind>
<opcode="call(48) " fcode="call"/>
<opset="call_ln0/1 "/>
</bind>
</comp>

<comp id="108" class="1004" name="grp_mul_5019_Pipeline_VITIS_LOOP_48_1_fu_108">
<pin_list>
<pin id="109" dir="0" index="0" bw="0" slack="0"/>
<pin id="110" dir="0" index="1" bw="1024" slack="1"/>
<pin id="111" dir="0" index="2" bw="64" slack="0"/>
<pin id="112" dir="1" index="3" bw="0" slack="2147483647"/>
</pin_list>
<bind>
<opcode="call(48) " fcode="call"/>
<opset="call_ln174/8 "/>
</bind>
</comp>

<comp id="115" class="1004" name="grp_fu_115">
<pin_list>
<pin id="116" dir="0" index="0" bw="64" slack="0"/>
<pin id="117" dir="0" index="1" bw="64" slack="0"/>
<pin id="118" dir="1" index="2" bw="128" slack="0"/>
</pin_list>
<bind>
<opcode="mul(12) " fcode="mul"/>
<opset="z0_123/3 z0_120/4 "/>
</bind>
</comp>

<comp id="119" class="1004" name="grp_fu_119">
<pin_list>
<pin id="120" dir="0" index="0" bw="64" slack="0"/>
<pin id="121" dir="0" index="1" bw="64" slack="0"/>
<pin id="122" dir="1" index="2" bw="128" slack="1"/>
</pin_list>
<bind>
<opcode="mul(12) " fcode="mul"/>
<opset="z0_127/3 z0_130/4 "/>
</bind>
</comp>

<comp id="123" class="1004" name="z2_176_fu_123">
<pin_list>
<pin id="124" dir="0" index="0" bw="65" slack="0"/>
<pin id="125" dir="0" index="1" bw="65" slack="0"/>
<pin id="126" dir="1" index="2" bw="129" slack="1"/>
</pin_list>
<bind>
<opcode="mul(12) " fcode="mul"/>
<opset="z2_176/4 "/>
</bind>
</comp>

<comp id="127" class="1004" name="grp_fu_127">
<pin_list>
<pin id="128" dir="0" index="0" bw="65" slack="0"/>
<pin id="129" dir="0" index="1" bw="65" slack="0"/>
<pin id="130" dir="1" index="2" bw="130" slack="0"/>
</pin_list>
<bind>
<opcode="mul(12) " fcode="mul"/>
<opset="z2_170/3 z2/4 "/>
</bind>
</comp>

<comp id="131" class="1004" name="grp_fu_131">
<pin_list>
<pin id="132" dir="0" index="0" bw="65" slack="0"/>
<pin id="133" dir="0" index="1" bw="65" slack="0"/>
<pin id="134" dir="1" index="2" bw="130" slack="1"/>
</pin_list>
<bind>
<opcode="mul(12) " fcode="mul"/>
<opset="z2_172/3 t_99/4 "/>
</bind>
</comp>

<comp id="135" class="1004" name="grp_fu_135">
<pin_list>
<pin id="136" dir="0" index="0" bw="66" slack="0"/>
<pin id="137" dir="0" index="1" bw="66" slack="0"/>
<pin id="138" dir="1" index="2" bw="132" slack="1"/>
</pin_list>
<bind>
<opcode="mul(12) " fcode="mul"/>
<opset="t/3 mul_ln173/4 "/>
</bind>
</comp>

<comp id="139" class="1004" name="t_97_fu_139">
<pin_list>
<pin id="140" dir="0" index="0" bw="66" slack="0"/>
<pin id="141" dir="0" index="1" bw="66" slack="0"/>
<pin id="142" dir="1" index="2" bw="132" slack="1"/>
</pin_list>
<bind>
<opcode="mul(12) " fcode="mul"/>
<opset="t_97/3 "/>
</bind>
</comp>

<comp id="143" class="1004" name="grp_fu_143">
<pin_list>
<pin id="144" dir="0" index="0" bw="128" slack="0"/>
<pin id="145" dir="0" index="1" bw="128" slack="0"/>
<pin id="146" dir="1" index="2" bw="256" slack="1"/>
</pin_list>
<bind>
<opcode="mul(12) " fcode="mul"/>
<opset="z0/3 z0_128/4 "/>
</bind>
</comp>

<comp id="147" class="1004" name="grp_fu_147">
<pin_list>
<pin id="148" dir="0" index="0" bw="128" slack="0"/>
<pin id="149" dir="0" index="1" bw="128" slack="0"/>
<pin id="150" dir="1" index="2" bw="256" slack="1"/>
</pin_list>
<bind>
<opcode="mul(12) " fcode="mul"/>
<opset="z2_169/3 z0_129/4 "/>
</bind>
</comp>

<comp id="151" class="1004" name="z0_126_fu_151">
<pin_list>
<pin id="152" dir="0" index="0" bw="128" slack="0"/>
<pin id="153" dir="0" index="1" bw="128" slack="0"/>
<pin id="154" dir="1" index="2" bw="256" slack="1"/>
</pin_list>
<bind>
<opcode="mul(12) " fcode="mul"/>
<opset="z0_126/3 "/>
</bind>
</comp>

<comp id="155" class="1004" name="z2_171_fu_155">
<pin_list>
<pin id="156" dir="0" index="0" bw="128" slack="0"/>
<pin id="157" dir="0" index="1" bw="128" slack="0"/>
<pin id="158" dir="1" index="2" bw="256" slack="1"/>
</pin_list>
<bind>
<opcode="mul(12) " fcode="mul"/>
<opset="z2_171/3 "/>
</bind>
</comp>

<comp id="159" class="1005" name="reg_159">
<pin_list>
<pin id="160" dir="0" index="0" bw="128" slack="1"/>
<pin id="161" dir="1" index="1" bw="128" slack="1"/>
</pin_list>
<bind>
<opset="z0_123 z0_120 "/>
</bind>
</comp>

<comp id="163" class="1005" name="reg_163">
<pin_list>
<pin id="164" dir="0" index="0" bw="130" slack="1"/>
<pin id="165" dir="1" index="1" bw="130" slack="1"/>
</pin_list>
<bind>
<opset="z2_170 z2 "/>
</bind>
</comp>

<comp id="167" class="1005" name="reg_167">
<pin_list>
<pin id="168" dir="0" index="0" bw="132" slack="1"/>
<pin id="169" dir="1" index="1" bw="132" slack="1"/>
</pin_list>
<bind>
<opset="t mul_ln173 "/>
</bind>
</comp>

<comp id="171" class="1005" name="reg_171">
<pin_list>
<pin id="172" dir="0" index="0" bw="128" slack="1"/>
<pin id="173" dir="1" index="1" bw="128" slack="1"/>
</pin_list>
<bind>
<opset="z0_127 z0_130 "/>
</bind>
</comp>

<comp id="175" class="1005" name="reg_175">
<pin_list>
<pin id="176" dir="0" index="0" bw="130" slack="1"/>
<pin id="177" dir="1" index="1" bw="130" slack="1"/>
</pin_list>
<bind>
<opset="z2_172 t_99 "/>
</bind>
</comp>

<comp id="179" class="1004" name="A_1_loc_load_load_fu_179">
<pin_list>
<pin id="180" dir="0" index="0" bw="512" slack="2"/>
<pin id="181" dir="1" index="1" bw="512" slack="0"/>
</pin_list>
<bind>
<opcode="load(27) " fcode="load"/>
<opset="A_1_loc_load/3 "/>
</bind>
</comp>

<comp id="182" class="1004" name="B_loc_load_load_fu_182">
<pin_list>
<pin id="183" dir="0" index="0" bw="512" slack="2"/>
<pin id="184" dir="1" index="1" bw="512" slack="0"/>
</pin_list>
<bind>
<opcode="load(27) " fcode="load"/>
<opset="B_loc_load/3 "/>
</bind>
</comp>

<comp id="185" class="1004" name="a0_fu_185">
<pin_list>
<pin id="186" dir="0" index="0" bw="512" slack="0"/>
<pin id="187" dir="1" index="1" bw="256" slack="0"/>
</pin_list>
<bind>
<opcode="trunc(33) " fcode="trunc"/>
<opset="a0/3 "/>
</bind>
</comp>

<comp id="189" class="1004" name="trunc_ln133_10_fu_189">
<pin_list>
<pin id="190" dir="0" index="0" bw="512" slack="0"/>
<pin id="191" dir="1" index="1" bw="192" slack="0"/>
</pin_list>
<bind>
<opcode="trunc(33) " fcode="trunc"/>
<opset="trunc_ln133_10/3 "/>
</bind>
</comp>

<comp id="193" class="1004" name="b0_fu_193">
<pin_list>
<pin id="194" dir="0" index="0" bw="512" slack="0"/>
<pin id="195" dir="1" index="1" bw="256" slack="0"/>
</pin_list>
<bind>
<opcode="trunc(33) " fcode="trunc"/>
<opset="b0/3 "/>
</bind>
</comp>

<comp id="197" class="1004" name="trunc_ln134_8_fu_197">
<pin_list>
<pin id="198" dir="0" index="0" bw="512" slack="0"/>
<pin id="199" dir="1" index="1" bw="192" slack="0"/>
</pin_list>
<bind>
<opcode="trunc(33) " fcode="trunc"/>
<opset="trunc_ln134_8/3 "/>
</bind>
</comp>

<comp id="201" class="1004" name="a0_73_fu_201">
<pin_list>
<pin id="202" dir="0" index="0" bw="512" slack="0"/>
<pin id="203" dir="1" index="1" bw="128" slack="0"/>
</pin_list>
<bind>
<opcode="trunc(33) " fcode="trunc"/>
<opset="a0_73/3 "/>
</bind>
</comp>

<comp id="205" class="1004" name="b0_57_fu_205">
<pin_list>
<pin id="206" dir="0" index="0" bw="512" slack="0"/>
<pin id="207" dir="1" index="1" bw="128" slack="0"/>
</pin_list>
<bind>
<opcode="trunc(33) " fcode="trunc"/>
<opset="b0_57/3 "/>
</bind>
</comp>

<comp id="209" class="1004" name="a1_fu_209">
<pin_list>
<pin id="210" dir="0" index="0" bw="128" slack="0"/>
<pin id="211" dir="0" index="1" bw="512" slack="0"/>
<pin id="212" dir="0" index="2" bw="9" slack="0"/>
<pin id="213" dir="0" index="3" bw="9" slack="0"/>
<pin id="214" dir="1" index="4" bw="128" slack="0"/>
</pin_list>
<bind>
<opcode="partselect(1002) " fcode="partselect"/>
<opset="a1/3 "/>
</bind>
</comp>

<comp id="219" class="1004" name="zext_ln135_fu_219">
<pin_list>
<pin id="220" dir="0" index="0" bw="128" slack="0"/>
<pin id="221" dir="1" index="1" bw="256" slack="0"/>
</pin_list>
<bind>
<opcode="zext(34) " fcode="zext"/>
<opset="zext_ln135/3 "/>
</bind>
</comp>

<comp id="224" class="1004" name="b1_fu_224">
<pin_list>
<pin id="225" dir="0" index="0" bw="128" slack="0"/>
<pin id="226" dir="0" index="1" bw="512" slack="0"/>
<pin id="227" dir="0" index="2" bw="9" slack="0"/>
<pin id="228" dir="0" index="3" bw="9" slack="0"/>
<pin id="229" dir="1" index="4" bw="128" slack="0"/>
</pin_list>
<bind>
<opcode="partselect(1002) " fcode="partselect"/>
<opset="b1/3 "/>
</bind>
</comp>

<comp id="234" class="1004" name="zext_ln136_fu_234">
<pin_list>
<pin id="235" dir="0" index="0" bw="128" slack="0"/>
<pin id="236" dir="1" index="1" bw="256" slack="0"/>
</pin_list>
<bind>
<opcode="zext(34) " fcode="zext"/>
<opset="zext_ln136/3 "/>
</bind>
</comp>

<comp id="239" class="1004" name="zext_ln121_fu_239">
<pin_list>
<pin id="240" dir="0" index="0" bw="128" slack="0"/>
<pin id="241" dir="1" index="1" bw="256" slack="0"/>
</pin_list>
<bind>
<opcode="zext(34) " fcode="zext"/>
<opset="zext_ln121/3 "/>
</bind>
</comp>

<comp id="244" class="1004" name="zext_ln121_164_fu_244">
<pin_list>
<pin id="245" dir="0" index="0" bw="128" slack="0"/>
<pin id="246" dir="1" index="1" bw="256" slack="0"/>
</pin_list>
<bind>
<opcode="zext(34) " fcode="zext"/>
<opset="zext_ln121_164/3 "/>
</bind>
</comp>

<comp id="249" class="1004" name="zext_ln147_fu_249">
<pin_list>
<pin id="250" dir="0" index="0" bw="128" slack="0"/>
<pin id="251" dir="1" index="1" bw="129" slack="0"/>
</pin_list>
<bind>
<opcode="zext(34) " fcode="zext"/>
<opset="zext_ln147/3 "/>
</bind>
</comp>

<comp id="253" class="1004" name="zext_ln147_80_fu_253">
<pin_list>
<pin id="254" dir="0" index="0" bw="128" slack="0"/>
<pin id="255" dir="1" index="1" bw="129" slack="0"/>
</pin_list>
<bind>
<opcode="zext(34) " fcode="zext"/>
<opset="zext_ln147_80/3 "/>
</bind>
</comp>

<comp id="257" class="1004" name="a1_cast_fu_257">
<pin_list>
<pin id="258" dir="0" index="0" bw="64" slack="0"/>
<pin id="259" dir="0" index="1" bw="512" slack="0"/>
<pin id="260" dir="0" index="2" bw="9" slack="0"/>
<pin id="261" dir="0" index="3" bw="9" slack="0"/>
<pin id="262" dir="1" index="4" bw="64" slack="0"/>
</pin_list>
<bind>
<opcode="partselect(1002) " fcode="partselect"/>
<opset="a1_cast/3 "/>
</bind>
</comp>

<comp id="267" class="1004" name="trunc_ln147_fu_267">
<pin_list>
<pin id="268" dir="0" index="0" bw="512" slack="0"/>
<pin id="269" dir="1" index="1" bw="64" slack="0"/>
</pin_list>
<bind>
<opcode="trunc(33) " fcode="trunc"/>
<opset="trunc_ln147/3 "/>
</bind>
</comp>

<comp id="271" class="1004" name="sa_126_fu_271">
<pin_list>
<pin id="272" dir="0" index="0" bw="128" slack="0"/>
<pin id="273" dir="0" index="1" bw="128" slack="0"/>
<pin id="274" dir="1" index="2" bw="129" slack="0"/>
</pin_list>
<bind>
<opcode="add(8) " fcode="add"/>
<opset="sa_126/3 "/>
</bind>
</comp>

<comp id="277" class="1004" name="zext_ln148_fu_277">
<pin_list>
<pin id="278" dir="0" index="0" bw="128" slack="0"/>
<pin id="279" dir="1" index="1" bw="129" slack="0"/>
</pin_list>
<bind>
<opcode="zext(34) " fcode="zext"/>
<opset="zext_ln148/3 "/>
</bind>
</comp>

<comp id="281" class="1004" name="zext_ln148_64_fu_281">
<pin_list>
<pin id="282" dir="0" index="0" bw="128" slack="0"/>
<pin id="283" dir="1" index="1" bw="129" slack="0"/>
</pin_list>
<bind>
<opcode="zext(34) " fcode="zext"/>
<opset="zext_ln148_64/3 "/>
</bind>
</comp>

<comp id="285" class="1004" name="b1_cast_fu_285">
<pin_list>
<pin id="286" dir="0" index="0" bw="64" slack="0"/>
<pin id="287" dir="0" index="1" bw="512" slack="0"/>
<pin id="288" dir="0" index="2" bw="9" slack="0"/>
<pin id="289" dir="0" index="3" bw="9" slack="0"/>
<pin id="290" dir="1" index="4" bw="64" slack="0"/>
</pin_list>
<bind>
<opcode="partselect(1002) " fcode="partselect"/>
<opset="b1_cast/3 "/>
</bind>
</comp>

<comp id="295" class="1004" name="trunc_ln148_fu_295">
<pin_list>
<pin id="296" dir="0" index="0" bw="512" slack="0"/>
<pin id="297" dir="1" index="1" bw="64" slack="0"/>
</pin_list>
<bind>
<opcode="trunc(33) " fcode="trunc"/>
<opset="trunc_ln148/3 "/>
</bind>
</comp>

<comp id="299" class="1004" name="sb_100_fu_299">
<pin_list>
<pin id="300" dir="0" index="0" bw="128" slack="0"/>
<pin id="301" dir="0" index="1" bw="128" slack="0"/>
<pin id="302" dir="1" index="2" bw="129" slack="0"/>
</pin_list>
<bind>
<opcode="add(8) " fcode="add"/>
<opset="sb_100/3 "/>
</bind>
</comp>

<comp id="305" class="1004" name="a0_74_fu_305">
<pin_list>
<pin id="306" dir="0" index="0" bw="64" slack="0"/>
<pin id="307" dir="0" index="1" bw="64" slack="0"/>
<pin id="308" dir="1" index="2" bw="64" slack="0"/>
</pin_list>
<bind>
<opcode="add(8) " fcode="add"/>
<opset="a0_74/3 "/>
</bind>
</comp>

<comp id="311" class="1004" name="b0_58_fu_311">
<pin_list>
<pin id="312" dir="0" index="0" bw="64" slack="0"/>
<pin id="313" dir="0" index="1" bw="64" slack="0"/>
<pin id="314" dir="1" index="2" bw="64" slack="0"/>
</pin_list>
<bind>
<opcode="add(8) " fcode="add"/>
<opset="b0_58/3 "/>
</bind>
</comp>

<comp id="317" class="1004" name="a1_s_fu_317">
<pin_list>
<pin id="318" dir="0" index="0" bw="65" slack="0"/>
<pin id="319" dir="0" index="1" bw="129" slack="0"/>
<pin id="320" dir="0" index="2" bw="8" slack="0"/>
<pin id="321" dir="0" index="3" bw="9" slack="0"/>
<pin id="322" dir="1" index="4" bw="65" slack="0"/>
</pin_list>
<bind>
<opcode="partselect(1002) " fcode="partselect"/>
<opset="a1_s/3 "/>
</bind>
</comp>

<comp id="327" class="1004" name="b1_s_fu_327">
<pin_list>
<pin id="328" dir="0" index="0" bw="65" slack="0"/>
<pin id="329" dir="0" index="1" bw="129" slack="0"/>
<pin id="330" dir="0" index="2" bw="8" slack="0"/>
<pin id="331" dir="0" index="3" bw="9" slack="0"/>
<pin id="332" dir="1" index="4" bw="65" slack="0"/>
</pin_list>
<bind>
<opcode="partselect(1002) " fcode="partselect"/>
<opset="b1_s/3 "/>
</bind>
</comp>

<comp id="337" class="1004" name="zext_ln121_165_fu_337">
<pin_list>
<pin id="338" dir="0" index="0" bw="64" slack="0"/>
<pin id="339" dir="1" index="1" bw="128" slack="0"/>
</pin_list>
<bind>
<opcode="zext(34) " fcode="zext"/>
<opset="zext_ln121_165/3 "/>
</bind>
</comp>

<comp id="342" class="1004" name="zext_ln121_166_fu_342">
<pin_list>
<pin id="343" dir="0" index="0" bw="64" slack="0"/>
<pin id="344" dir="1" index="1" bw="128" slack="0"/>
</pin_list>
<bind>
<opcode="zext(34) " fcode="zext"/>
<opset="zext_ln121_166/3 "/>
</bind>
</comp>

<comp id="347" class="1004" name="zext_ln121_167_fu_347">
<pin_list>
<pin id="348" dir="0" index="0" bw="65" slack="0"/>
<pin id="349" dir="1" index="1" bw="130" slack="0"/>
</pin_list>
<bind>
<opcode="zext(34) " fcode="zext"/>
<opset="zext_ln121_167/3 "/>
</bind>
</comp>

<comp id="352" class="1004" name="zext_ln121_168_fu_352">
<pin_list>
<pin id="353" dir="0" index="0" bw="65" slack="0"/>
<pin id="354" dir="1" index="1" bw="130" slack="0"/>
</pin_list>
<bind>
<opcode="zext(34) " fcode="zext"/>
<opset="zext_ln121_168/3 "/>
</bind>
</comp>

<comp id="357" class="1004" name="zext_ln147_64_fu_357">
<pin_list>
<pin id="358" dir="0" index="0" bw="64" slack="0"/>
<pin id="359" dir="1" index="1" bw="66" slack="0"/>
</pin_list>
<bind>
<opcode="zext(34) " fcode="zext"/>
<opset="zext_ln147_64/3 "/>
</bind>
</comp>

<comp id="361" class="1004" name="zext_ln147_81_fu_361">
<pin_list>
<pin id="362" dir="0" index="0" bw="65" slack="0"/>
<pin id="363" dir="1" index="1" bw="66" slack="0"/>
</pin_list>
<bind>
<opcode="zext(34) " fcode="zext"/>
<opset="zext_ln147_81/3 "/>
</bind>
</comp>

<comp id="365" class="1004" name="sa_fu_365">
<pin_list>
<pin id="366" dir="0" index="0" bw="65" slack="0"/>
<pin id="367" dir="0" index="1" bw="64" slack="0"/>
<pin id="368" dir="1" index="2" bw="66" slack="0"/>
</pin_list>
<bind>
<opcode="add(8) " fcode="add"/>
<opset="sa/3 "/>
</bind>
</comp>

<comp id="371" class="1004" name="zext_ln148_50_fu_371">
<pin_list>
<pin id="372" dir="0" index="0" bw="64" slack="0"/>
<pin id="373" dir="1" index="1" bw="66" slack="0"/>
</pin_list>
<bind>
<opcode="zext(34) " fcode="zext"/>
<opset="zext_ln148_50/3 "/>
</bind>
</comp>

<comp id="375" class="1004" name="zext_ln148_65_fu_375">
<pin_list>
<pin id="376" dir="0" index="0" bw="65" slack="0"/>
<pin id="377" dir="1" index="1" bw="66" slack="0"/>
</pin_list>
<bind>
<opcode="zext(34) " fcode="zext"/>
<opset="zext_ln148_65/3 "/>
</bind>
</comp>

<comp id="379" class="1004" name="sb_fu_379">
<pin_list>
<pin id="380" dir="0" index="0" bw="65" slack="0"/>
<pin id="381" dir="0" index="1" bw="64" slack="0"/>
<pin id="382" dir="1" index="2" bw="66" slack="0"/>
</pin_list>
<bind>
<opcode="add(8) " fcode="add"/>
<opset="sb/3 "/>
</bind>
</comp>

<comp id="385" class="1004" name="zext_ln164_fu_385">
<pin_list>
<pin id="386" dir="0" index="0" bw="66" slack="0"/>
<pin id="387" dir="1" index="1" bw="132" slack="0"/>
</pin_list>
<bind>
<opcode="zext(34) " fcode="zext"/>
<opset="zext_ln164/3 "/>
</bind>
</comp>

<comp id="390" class="1004" name="zext_ln164_40_fu_390">
<pin_list>
<pin id="391" dir="0" index="0" bw="66" slack="0"/>
<pin id="392" dir="1" index="1" bw="132" slack="0"/>
</pin_list>
<bind>
<opcode="zext(34) " fcode="zext"/>
<opset="zext_ln164_40/3 "/>
</bind>
</comp>

<comp id="395" class="1004" name="a0_75_fu_395">
<pin_list>
<pin id="396" dir="0" index="0" bw="128" slack="0"/>
<pin id="397" dir="0" index="1" bw="512" slack="0"/>
<pin id="398" dir="0" index="2" bw="10" slack="0"/>
<pin id="399" dir="0" index="3" bw="10" slack="0"/>
<pin id="400" dir="1" index="4" bw="128" slack="0"/>
</pin_list>
<bind>
<opcode="partselect(1002) " fcode="partselect"/>
<opset="a0_75/3 "/>
</bind>
</comp>

<comp id="405" class="1004" name="a0_75_cast_fu_405">
<pin_list>
<pin id="406" dir="0" index="0" bw="64" slack="0"/>
<pin id="407" dir="0" index="1" bw="512" slack="0"/>
<pin id="408" dir="0" index="2" bw="10" slack="0"/>
<pin id="409" dir="0" index="3" bw="10" slack="0"/>
<pin id="410" dir="1" index="4" bw="64" slack="0"/>
</pin_list>
<bind>
<opcode="partselect(1002) " fcode="partselect"/>
<opset="a0_75_cast/3 "/>
</bind>
</comp>

<comp id="415" class="1004" name="b0_59_fu_415">
<pin_list>
<pin id="416" dir="0" index="0" bw="128" slack="0"/>
<pin id="417" dir="0" index="1" bw="512" slack="0"/>
<pin id="418" dir="0" index="2" bw="10" slack="0"/>
<pin id="419" dir="0" index="3" bw="10" slack="0"/>
<pin id="420" dir="1" index="4" bw="128" slack="0"/>
</pin_list>
<bind>
<opcode="partselect(1002) " fcode="partselect"/>
<opset="b0_59/3 "/>
</bind>
</comp>

<comp id="425" class="1004" name="b0_59_cast_fu_425">
<pin_list>
<pin id="426" dir="0" index="0" bw="64" slack="0"/>
<pin id="427" dir="0" index="1" bw="512" slack="0"/>
<pin id="428" dir="0" index="2" bw="10" slack="0"/>
<pin id="429" dir="0" index="3" bw="10" slack="0"/>
<pin id="430" dir="1" index="4" bw="64" slack="0"/>
</pin_list>
<bind>
<opcode="partselect(1002) " fcode="partselect"/>
<opset="b0_59_cast/3 "/>
</bind>
</comp>

<comp id="435" class="1004" name="zext_ln121_169_fu_435">
<pin_list>
<pin id="436" dir="0" index="0" bw="128" slack="0"/>
<pin id="437" dir="1" index="1" bw="256" slack="0"/>
</pin_list>
<bind>
<opcode="zext(34) " fcode="zext"/>
<opset="zext_ln121_169/3 "/>
</bind>
</comp>

<comp id="440" class="1004" name="zext_ln121_170_fu_440">
<pin_list>
<pin id="441" dir="0" index="0" bw="128" slack="0"/>
<pin id="442" dir="1" index="1" bw="256" slack="0"/>
</pin_list>
<bind>
<opcode="zext(34) " fcode="zext"/>
<opset="zext_ln121_170/3 "/>
</bind>
</comp>

<comp id="445" class="1004" name="tmp_209_fu_445">
<pin_list>
<pin id="446" dir="0" index="0" bw="128" slack="0"/>
<pin id="447" dir="0" index="1" bw="512" slack="0"/>
<pin id="448" dir="0" index="2" bw="10" slack="0"/>
<pin id="449" dir="0" index="3" bw="10" slack="0"/>
<pin id="450" dir="1" index="4" bw="128" slack="0"/>
</pin_list>
<bind>
<opcode="partselect(1002) " fcode="partselect"/>
<opset="tmp_209/3 "/>
</bind>
</comp>

<comp id="455" class="1004" name="tmp_419_cast_fu_455">
<pin_list>
<pin id="456" dir="0" index="0" bw="64" slack="0"/>
<pin id="457" dir="0" index="1" bw="512" slack="0"/>
<pin id="458" dir="0" index="2" bw="10" slack="0"/>
<pin id="459" dir="0" index="3" bw="10" slack="0"/>
<pin id="460" dir="1" index="4" bw="64" slack="0"/>
</pin_list>
<bind>
<opcode="partselect(1002) " fcode="partselect"/>
<opset="tmp_419_cast/3 "/>
</bind>
</comp>

<comp id="465" class="1004" name="zext_ln121_185_fu_465">
<pin_list>
<pin id="466" dir="0" index="0" bw="128" slack="0"/>
<pin id="467" dir="1" index="1" bw="256" slack="0"/>
</pin_list>
<bind>
<opcode="zext(34) " fcode="zext"/>
<opset="zext_ln121_185/3 "/>
</bind>
</comp>

<comp id="470" class="1004" name="tmp_210_fu_470">
<pin_list>
<pin id="471" dir="0" index="0" bw="128" slack="0"/>
<pin id="472" dir="0" index="1" bw="512" slack="0"/>
<pin id="473" dir="0" index="2" bw="10" slack="0"/>
<pin id="474" dir="0" index="3" bw="10" slack="0"/>
<pin id="475" dir="1" index="4" bw="128" slack="0"/>
</pin_list>
<bind>
<opcode="partselect(1002) " fcode="partselect"/>
<opset="tmp_210/3 "/>
</bind>
</comp>

<comp id="480" class="1004" name="tmp_420_cast_fu_480">
<pin_list>
<pin id="481" dir="0" index="0" bw="64" slack="0"/>
<pin id="482" dir="0" index="1" bw="512" slack="0"/>
<pin id="483" dir="0" index="2" bw="10" slack="0"/>
<pin id="484" dir="0" index="3" bw="10" slack="0"/>
<pin id="485" dir="1" index="4" bw="64" slack="0"/>
</pin_list>
<bind>
<opcode="partselect(1002) " fcode="partselect"/>
<opset="tmp_420_cast/3 "/>
</bind>
</comp>

<comp id="490" class="1004" name="zext_ln121_186_fu_490">
<pin_list>
<pin id="491" dir="0" index="0" bw="128" slack="0"/>
<pin id="492" dir="1" index="1" bw="256" slack="0"/>
</pin_list>
<bind>
<opcode="zext(34) " fcode="zext"/>
<opset="zext_ln121_186/3 "/>
</bind>
</comp>

<comp id="495" class="1004" name="zext_ln147_65_fu_495">
<pin_list>
<pin id="496" dir="0" index="0" bw="128" slack="0"/>
<pin id="497" dir="1" index="1" bw="129" slack="0"/>
</pin_list>
<bind>
<opcode="zext(34) " fcode="zext"/>
<opset="zext_ln147_65/3 "/>
</bind>
</comp>

<comp id="499" class="1004" name="zext_ln147_82_fu_499">
<pin_list>
<pin id="500" dir="0" index="0" bw="128" slack="0"/>
<pin id="501" dir="1" index="1" bw="129" slack="0"/>
</pin_list>
<bind>
<opcode="zext(34) " fcode="zext"/>
<opset="zext_ln147_82/3 "/>
</bind>
</comp>

<comp id="503" class="1004" name="a0_76_fu_503">
<pin_list>
<pin id="504" dir="0" index="0" bw="64" slack="0"/>
<pin id="505" dir="0" index="1" bw="64" slack="0"/>
<pin id="506" dir="1" index="2" bw="64" slack="0"/>
</pin_list>
<bind>
<opcode="add(8) " fcode="add"/>
<opset="a0_76/3 "/>
</bind>
</comp>

<comp id="509" class="1004" name="sa_127_fu_509">
<pin_list>
<pin id="510" dir="0" index="0" bw="128" slack="0"/>
<pin id="511" dir="0" index="1" bw="128" slack="0"/>
<pin id="512" dir="1" index="2" bw="129" slack="0"/>
</pin_list>
<bind>
<opcode="add(8) " fcode="add"/>
<opset="sa_127/3 "/>
</bind>
</comp>

<comp id="515" class="1004" name="zext_ln148_51_fu_515">
<pin_list>
<pin id="516" dir="0" index="0" bw="128" slack="0"/>
<pin id="517" dir="1" index="1" bw="129" slack="0"/>
</pin_list>
<bind>
<opcode="zext(34) " fcode="zext"/>
<opset="zext_ln148_51/3 "/>
</bind>
</comp>

<comp id="519" class="1004" name="zext_ln148_66_fu_519">
<pin_list>
<pin id="520" dir="0" index="0" bw="128" slack="0"/>
<pin id="521" dir="1" index="1" bw="129" slack="0"/>
</pin_list>
<bind>
<opcode="zext(34) " fcode="zext"/>
<opset="zext_ln148_66/3 "/>
</bind>
</comp>

<comp id="523" class="1004" name="b0_60_fu_523">
<pin_list>
<pin id="524" dir="0" index="0" bw="64" slack="0"/>
<pin id="525" dir="0" index="1" bw="64" slack="0"/>
<pin id="526" dir="1" index="2" bw="64" slack="0"/>
</pin_list>
<bind>
<opcode="add(8) " fcode="add"/>
<opset="b0_60/3 "/>
</bind>
</comp>

<comp id="529" class="1004" name="sb_101_fu_529">
<pin_list>
<pin id="530" dir="0" index="0" bw="128" slack="0"/>
<pin id="531" dir="0" index="1" bw="128" slack="0"/>
<pin id="532" dir="1" index="2" bw="129" slack="0"/>
</pin_list>
<bind>
<opcode="add(8) " fcode="add"/>
<opset="sb_101/3 "/>
</bind>
</comp>

<comp id="535" class="1004" name="a1_7_fu_535">
<pin_list>
<pin id="536" dir="0" index="0" bw="65" slack="0"/>
<pin id="537" dir="0" index="1" bw="129" slack="0"/>
<pin id="538" dir="0" index="2" bw="8" slack="0"/>
<pin id="539" dir="0" index="3" bw="9" slack="0"/>
<pin id="540" dir="1" index="4" bw="65" slack="0"/>
</pin_list>
<bind>
<opcode="partselect(1002) " fcode="partselect"/>
<opset="a1_7/3 "/>
</bind>
</comp>

<comp id="545" class="1004" name="b1_7_fu_545">
<pin_list>
<pin id="546" dir="0" index="0" bw="65" slack="0"/>
<pin id="547" dir="0" index="1" bw="129" slack="0"/>
<pin id="548" dir="0" index="2" bw="8" slack="0"/>
<pin id="549" dir="0" index="3" bw="9" slack="0"/>
<pin id="550" dir="1" index="4" bw="65" slack="0"/>
</pin_list>
<bind>
<opcode="partselect(1002) " fcode="partselect"/>
<opset="b1_7/3 "/>
</bind>
</comp>

<comp id="555" class="1004" name="zext_ln121_171_fu_555">
<pin_list>
<pin id="556" dir="0" index="0" bw="64" slack="0"/>
<pin id="557" dir="1" index="1" bw="128" slack="0"/>
</pin_list>
<bind>
<opcode="zext(34) " fcode="zext"/>
<opset="zext_ln121_171/3 "/>
</bind>
</comp>

<comp id="560" class="1004" name="zext_ln121_172_fu_560">
<pin_list>
<pin id="561" dir="0" index="0" bw="64" slack="0"/>
<pin id="562" dir="1" index="1" bw="128" slack="0"/>
</pin_list>
<bind>
<opcode="zext(34) " fcode="zext"/>
<opset="zext_ln121_172/3 "/>
</bind>
</comp>

<comp id="565" class="1004" name="zext_ln121_173_fu_565">
<pin_list>
<pin id="566" dir="0" index="0" bw="65" slack="0"/>
<pin id="567" dir="1" index="1" bw="130" slack="0"/>
</pin_list>
<bind>
<opcode="zext(34) " fcode="zext"/>
<opset="zext_ln121_173/3 "/>
</bind>
</comp>

<comp id="570" class="1004" name="zext_ln121_174_fu_570">
<pin_list>
<pin id="571" dir="0" index="0" bw="65" slack="0"/>
<pin id="572" dir="1" index="1" bw="130" slack="0"/>
</pin_list>
<bind>
<opcode="zext(34) " fcode="zext"/>
<opset="zext_ln121_174/3 "/>
</bind>
</comp>

<comp id="575" class="1004" name="zext_ln147_66_fu_575">
<pin_list>
<pin id="576" dir="0" index="0" bw="64" slack="0"/>
<pin id="577" dir="1" index="1" bw="66" slack="0"/>
</pin_list>
<bind>
<opcode="zext(34) " fcode="zext"/>
<opset="zext_ln147_66/3 "/>
</bind>
</comp>

<comp id="579" class="1004" name="zext_ln147_83_fu_579">
<pin_list>
<pin id="580" dir="0" index="0" bw="65" slack="0"/>
<pin id="581" dir="1" index="1" bw="66" slack="0"/>
</pin_list>
<bind>
<opcode="zext(34) " fcode="zext"/>
<opset="zext_ln147_83/3 "/>
</bind>
</comp>

<comp id="583" class="1004" name="sa_120_fu_583">
<pin_list>
<pin id="584" dir="0" index="0" bw="65" slack="0"/>
<pin id="585" dir="0" index="1" bw="64" slack="0"/>
<pin id="586" dir="1" index="2" bw="66" slack="0"/>
</pin_list>
<bind>
<opcode="add(8) " fcode="add"/>
<opset="sa_120/3 "/>
</bind>
</comp>

<comp id="589" class="1004" name="zext_ln148_52_fu_589">
<pin_list>
<pin id="590" dir="0" index="0" bw="64" slack="0"/>
<pin id="591" dir="1" index="1" bw="66" slack="0"/>
</pin_list>
<bind>
<opcode="zext(34) " fcode="zext"/>
<opset="zext_ln148_52/3 "/>
</bind>
</comp>

<comp id="593" class="1004" name="zext_ln148_67_fu_593">
<pin_list>
<pin id="594" dir="0" index="0" bw="65" slack="0"/>
<pin id="595" dir="1" index="1" bw="66" slack="0"/>
</pin_list>
<bind>
<opcode="zext(34) " fcode="zext"/>
<opset="zext_ln148_67/3 "/>
</bind>
</comp>

<comp id="597" class="1004" name="sb_94_fu_597">
<pin_list>
<pin id="598" dir="0" index="0" bw="65" slack="0"/>
<pin id="599" dir="0" index="1" bw="64" slack="0"/>
<pin id="600" dir="1" index="2" bw="66" slack="0"/>
</pin_list>
<bind>
<opcode="add(8) " fcode="add"/>
<opset="sb_94/3 "/>
</bind>
</comp>

<comp id="603" class="1004" name="zext_ln164_41_fu_603">
<pin_list>
<pin id="604" dir="0" index="0" bw="66" slack="0"/>
<pin id="605" dir="1" index="1" bw="132" slack="0"/>
</pin_list>
<bind>
<opcode="zext(34) " fcode="zext"/>
<opset="zext_ln164_41/3 "/>
</bind>
</comp>

<comp id="608" class="1004" name="zext_ln164_42_fu_608">
<pin_list>
<pin id="609" dir="0" index="0" bw="66" slack="0"/>
<pin id="610" dir="1" index="1" bw="132" slack="0"/>
</pin_list>
<bind>
<opcode="zext(34) " fcode="zext"/>
<opset="zext_ln164_42/3 "/>
</bind>
</comp>

<comp id="613" class="1004" name="zext_ln147_67_fu_613">
<pin_list>
<pin id="614" dir="0" index="0" bw="256" slack="0"/>
<pin id="615" dir="1" index="1" bw="257" slack="0"/>
</pin_list>
<bind>
<opcode="zext(34) " fcode="zext"/>
<opset="zext_ln147_67/3 "/>
</bind>
</comp>

<comp id="617" class="1004" name="tmp_212_fu_617">
<pin_list>
<pin id="618" dir="0" index="0" bw="256" slack="0"/>
<pin id="619" dir="0" index="1" bw="512" slack="0"/>
<pin id="620" dir="0" index="2" bw="10" slack="0"/>
<pin id="621" dir="0" index="3" bw="10" slack="0"/>
<pin id="622" dir="1" index="4" bw="256" slack="0"/>
</pin_list>
<bind>
<opcode="partselect(1002) " fcode="partselect"/>
<opset="tmp_212/3 "/>
</bind>
</comp>

<comp id="627" class="1004" name="tmp_426_cast_fu_627">
<pin_list>
<pin id="628" dir="0" index="0" bw="192" slack="0"/>
<pin id="629" dir="0" index="1" bw="512" slack="0"/>
<pin id="630" dir="0" index="2" bw="10" slack="0"/>
<pin id="631" dir="0" index="3" bw="10" slack="0"/>
<pin id="632" dir="1" index="4" bw="192" slack="0"/>
</pin_list>
<bind>
<opcode="partselect(1002) " fcode="partselect"/>
<opset="tmp_426_cast/3 "/>
</bind>
</comp>

<comp id="637" class="1004" name="zext_ln147_84_fu_637">
<pin_list>
<pin id="638" dir="0" index="0" bw="256" slack="0"/>
<pin id="639" dir="1" index="1" bw="257" slack="0"/>
</pin_list>
<bind>
<opcode="zext(34) " fcode="zext"/>
<opset="zext_ln147_84/3 "/>
</bind>
</comp>

<comp id="641" class="1004" name="add_ln147_fu_641">
<pin_list>
<pin id="642" dir="0" index="0" bw="192" slack="0"/>
<pin id="643" dir="0" index="1" bw="192" slack="0"/>
<pin id="644" dir="1" index="2" bw="192" slack="0"/>
</pin_list>
<bind>
<opcode="add(8) " fcode="add"/>
<opset="add_ln147/3 "/>
</bind>
</comp>

<comp id="647" class="1004" name="sa_128_fu_647">
<pin_list>
<pin id="648" dir="0" index="0" bw="256" slack="0"/>
<pin id="649" dir="0" index="1" bw="256" slack="0"/>
<pin id="650" dir="1" index="2" bw="257" slack="0"/>
</pin_list>
<bind>
<opcode="add(8) " fcode="add"/>
<opset="sa_128/3 "/>
</bind>
</comp>

<comp id="653" class="1004" name="zext_ln148_53_fu_653">
<pin_list>
<pin id="654" dir="0" index="0" bw="256" slack="0"/>
<pin id="655" dir="1" index="1" bw="257" slack="0"/>
</pin_list>
<bind>
<opcode="zext(34) " fcode="zext"/>
<opset="zext_ln148_53/3 "/>
</bind>
</comp>

<comp id="657" class="1004" name="tmp_213_fu_657">
<pin_list>
<pin id="658" dir="0" index="0" bw="256" slack="0"/>
<pin id="659" dir="0" index="1" bw="512" slack="0"/>
<pin id="660" dir="0" index="2" bw="10" slack="0"/>
<pin id="661" dir="0" index="3" bw="10" slack="0"/>
<pin id="662" dir="1" index="4" bw="256" slack="0"/>
</pin_list>
<bind>
<opcode="partselect(1002) " fcode="partselect"/>
<opset="tmp_213/3 "/>
</bind>
</comp>

<comp id="667" class="1004" name="tmp_427_cast_fu_667">
<pin_list>
<pin id="668" dir="0" index="0" bw="192" slack="0"/>
<pin id="669" dir="0" index="1" bw="512" slack="0"/>
<pin id="670" dir="0" index="2" bw="10" slack="0"/>
<pin id="671" dir="0" index="3" bw="10" slack="0"/>
<pin id="672" dir="1" index="4" bw="192" slack="0"/>
</pin_list>
<bind>
<opcode="partselect(1002) " fcode="partselect"/>
<opset="tmp_427_cast/3 "/>
</bind>
</comp>

<comp id="677" class="1004" name="zext_ln148_68_fu_677">
<pin_list>
<pin id="678" dir="0" index="0" bw="256" slack="0"/>
<pin id="679" dir="1" index="1" bw="257" slack="0"/>
</pin_list>
<bind>
<opcode="zext(34) " fcode="zext"/>
<opset="zext_ln148_68/3 "/>
</bind>
</comp>

<comp id="681" class="1004" name="add_ln148_fu_681">
<pin_list>
<pin id="682" dir="0" index="0" bw="192" slack="0"/>
<pin id="683" dir="0" index="1" bw="192" slack="0"/>
<pin id="684" dir="1" index="2" bw="192" slack="0"/>
</pin_list>
<bind>
<opcode="add(8) " fcode="add"/>
<opset="add_ln148/3 "/>
</bind>
</comp>

<comp id="687" class="1004" name="sb_102_fu_687">
<pin_list>
<pin id="688" dir="0" index="0" bw="256" slack="0"/>
<pin id="689" dir="0" index="1" bw="256" slack="0"/>
<pin id="690" dir="1" index="2" bw="257" slack="0"/>
</pin_list>
<bind>
<opcode="add(8) " fcode="add"/>
<opset="sb_102/3 "/>
</bind>
</comp>

<comp id="693" class="1004" name="a0_77_fu_693">
<pin_list>
<pin id="694" dir="0" index="0" bw="192" slack="0"/>
<pin id="695" dir="1" index="1" bw="128" slack="0"/>
</pin_list>
<bind>
<opcode="trunc(33) " fcode="trunc"/>
<opset="a0_77/3 "/>
</bind>
</comp>

<comp id="697" class="1004" name="b0_61_fu_697">
<pin_list>
<pin id="698" dir="0" index="0" bw="192" slack="0"/>
<pin id="699" dir="1" index="1" bw="128" slack="0"/>
</pin_list>
<bind>
<opcode="trunc(33) " fcode="trunc"/>
<opset="b0_61/3 "/>
</bind>
</comp>

<comp id="701" class="1004" name="zext_ln121_176_fu_701">
<pin_list>
<pin id="702" dir="0" index="0" bw="128" slack="0"/>
<pin id="703" dir="1" index="1" bw="130" slack="0"/>
</pin_list>
<bind>
<opcode="zext(34) " fcode="zext"/>
<opset="zext_ln121_176/3 "/>
</bind>
</comp>

<comp id="705" class="1004" name="zext_ln121_178_fu_705">
<pin_list>
<pin id="706" dir="0" index="0" bw="128" slack="0"/>
<pin id="707" dir="1" index="1" bw="130" slack="0"/>
</pin_list>
<bind>
<opcode="zext(34) " fcode="zext"/>
<opset="zext_ln121_178/3 "/>
</bind>
</comp>

<comp id="709" class="1004" name="a0_78_fu_709">
<pin_list>
<pin id="710" dir="0" index="0" bw="64" slack="0"/>
<pin id="711" dir="0" index="1" bw="192" slack="0"/>
<pin id="712" dir="0" index="2" bw="9" slack="0"/>
<pin id="713" dir="0" index="3" bw="9" slack="0"/>
<pin id="714" dir="1" index="4" bw="64" slack="1"/>
</pin_list>
<bind>
<opcode="partselect(1002) " fcode="partselect"/>
<opset="a0_78/3 "/>
</bind>
</comp>

<comp id="719" class="1004" name="b0_62_fu_719">
<pin_list>
<pin id="720" dir="0" index="0" bw="64" slack="0"/>
<pin id="721" dir="0" index="1" bw="192" slack="0"/>
<pin id="722" dir="0" index="2" bw="9" slack="0"/>
<pin id="723" dir="0" index="3" bw="9" slack="0"/>
<pin id="724" dir="1" index="4" bw="64" slack="1"/>
</pin_list>
<bind>
<opcode="partselect(1002) " fcode="partselect"/>
<opset="b0_62/3 "/>
</bind>
</comp>

<comp id="729" class="1004" name="tmp_214_fu_729">
<pin_list>
<pin id="730" dir="0" index="0" bw="65" slack="0"/>
<pin id="731" dir="0" index="1" bw="257" slack="0"/>
<pin id="732" dir="0" index="2" bw="9" slack="0"/>
<pin id="733" dir="0" index="3" bw="10" slack="0"/>
<pin id="734" dir="1" index="4" bw="65" slack="1"/>
</pin_list>
<bind>
<opcode="partselect(1002) " fcode="partselect"/>
<opset="tmp_214/3 "/>
</bind>
</comp>

<comp id="739" class="1004" name="tmp_215_fu_739">
<pin_list>
<pin id="740" dir="0" index="0" bw="65" slack="0"/>
<pin id="741" dir="0" index="1" bw="257" slack="0"/>
<pin id="742" dir="0" index="2" bw="9" slack="0"/>
<pin id="743" dir="0" index="3" bw="10" slack="0"/>
<pin id="744" dir="1" index="4" bw="65" slack="1"/>
</pin_list>
<bind>
<opcode="partselect(1002) " fcode="partselect"/>
<opset="tmp_215/3 "/>
</bind>
</comp>

<comp id="749" class="1004" name="tmp_217_fu_749">
<pin_list>
<pin id="750" dir="0" index="0" bw="129" slack="0"/>
<pin id="751" dir="0" index="1" bw="257" slack="0"/>
<pin id="752" dir="0" index="2" bw="9" slack="0"/>
<pin id="753" dir="0" index="3" bw="10" slack="0"/>
<pin id="754" dir="1" index="4" bw="129" slack="0"/>
</pin_list>
<bind>
<opcode="partselect(1002) " fcode="partselect"/>
<opset="tmp_217/3 "/>
</bind>
</comp>

<comp id="759" class="1004" name="zext_ln147_86_fu_759">
<pin_list>
<pin id="760" dir="0" index="0" bw="129" slack="0"/>
<pin id="761" dir="1" index="1" bw="130" slack="0"/>
</pin_list>
<bind>
<opcode="zext(34) " fcode="zext"/>
<opset="zext_ln147_86/3 "/>
</bind>
</comp>

<comp id="763" class="1004" name="sa_129_fu_763">
<pin_list>
<pin id="764" dir="0" index="0" bw="129" slack="0"/>
<pin id="765" dir="0" index="1" bw="128" slack="0"/>
<pin id="766" dir="1" index="2" bw="130" slack="0"/>
</pin_list>
<bind>
<opcode="add(8) " fcode="add"/>
<opset="sa_129/3 "/>
</bind>
</comp>

<comp id="769" class="1004" name="tmp_218_fu_769">
<pin_list>
<pin id="770" dir="0" index="0" bw="129" slack="0"/>
<pin id="771" dir="0" index="1" bw="257" slack="0"/>
<pin id="772" dir="0" index="2" bw="9" slack="0"/>
<pin id="773" dir="0" index="3" bw="10" slack="0"/>
<pin id="774" dir="1" index="4" bw="129" slack="0"/>
</pin_list>
<bind>
<opcode="partselect(1002) " fcode="partselect"/>
<opset="tmp_218/3 "/>
</bind>
</comp>

<comp id="779" class="1004" name="zext_ln148_70_fu_779">
<pin_list>
<pin id="780" dir="0" index="0" bw="129" slack="0"/>
<pin id="781" dir="1" index="1" bw="130" slack="0"/>
</pin_list>
<bind>
<opcode="zext(34) " fcode="zext"/>
<opset="zext_ln148_70/3 "/>
</bind>
</comp>

<comp id="783" class="1004" name="sb_103_fu_783">
<pin_list>
<pin id="784" dir="0" index="0" bw="129" slack="0"/>
<pin id="785" dir="0" index="1" bw="128" slack="0"/>
<pin id="786" dir="1" index="2" bw="130" slack="0"/>
</pin_list>
<bind>
<opcode="add(8) " fcode="add"/>
<opset="sb_103/3 "/>
</bind>
</comp>

<comp id="789" class="1004" name="a0_79_fu_789">
<pin_list>
<pin id="790" dir="0" index="0" bw="130" slack="0"/>
<pin id="791" dir="1" index="1" bw="128" slack="1"/>
</pin_list>
<bind>
<opcode="trunc(33) " fcode="trunc"/>
<opset="a0_79/3 "/>
</bind>
</comp>

<comp id="793" class="1004" name="b0_63_fu_793">
<pin_list>
<pin id="794" dir="0" index="0" bw="130" slack="0"/>
<pin id="795" dir="1" index="1" bw="128" slack="1"/>
</pin_list>
<bind>
<opcode="trunc(33) " fcode="trunc"/>
<opset="b0_63/3 "/>
</bind>
</comp>

<comp id="797" class="1004" name="tmp_219_fu_797">
<pin_list>
<pin id="798" dir="0" index="0" bw="2" slack="0"/>
<pin id="799" dir="0" index="1" bw="130" slack="0"/>
<pin id="800" dir="0" index="2" bw="9" slack="0"/>
<pin id="801" dir="0" index="3" bw="9" slack="0"/>
<pin id="802" dir="1" index="4" bw="2" slack="1"/>
</pin_list>
<bind>
<opcode="partselect(1002) " fcode="partselect"/>
<opset="tmp_219/3 "/>
</bind>
</comp>

<comp id="807" class="1004" name="tmp_220_fu_807">
<pin_list>
<pin id="808" dir="0" index="0" bw="2" slack="0"/>
<pin id="809" dir="0" index="1" bw="130" slack="0"/>
<pin id="810" dir="0" index="2" bw="9" slack="0"/>
<pin id="811" dir="0" index="3" bw="9" slack="0"/>
<pin id="812" dir="1" index="4" bw="2" slack="1"/>
</pin_list>
<bind>
<opcode="partselect(1002) " fcode="partselect"/>
<opset="tmp_220/3 "/>
</bind>
</comp>

<comp id="817" class="1004" name="zext_ln150_fu_817">
<pin_list>
<pin id="818" dir="0" index="0" bw="132" slack="1"/>
<pin id="819" dir="1" index="1" bw="133" slack="0"/>
</pin_list>
<bind>
<opcode="zext(34) " fcode="zext"/>
<opset="zext_ln150/4 "/>
</bind>
</comp>

<comp id="821" class="1004" name="zext_ln167_fu_821">
<pin_list>
<pin id="822" dir="0" index="0" bw="128" slack="1"/>
<pin id="823" dir="1" index="1" bw="258" slack="0"/>
</pin_list>
<bind>
<opcode="zext(34) " fcode="zext"/>
<opset="zext_ln167/4 "/>
</bind>
</comp>

<comp id="825" class="1004" name="zext_ln167_81_fu_825">
<pin_list>
<pin id="826" dir="0" index="0" bw="128" slack="1"/>
<pin id="827" dir="1" index="1" bw="131" slack="0"/>
</pin_list>
<bind>
<opcode="zext(34) " fcode="zext"/>
<opset="zext_ln167_81/4 "/>
</bind>
</comp>

<comp id="829" class="1004" name="zext_ln168_fu_829">
<pin_list>
<pin id="830" dir="0" index="0" bw="130" slack="1"/>
<pin id="831" dir="1" index="1" bw="131" slack="0"/>
</pin_list>
<bind>
<opcode="zext(34) " fcode="zext"/>
<opset="zext_ln168/4 "/>
</bind>
</comp>

<comp id="833" class="1004" name="add_ln169_fu_833">
<pin_list>
<pin id="834" dir="0" index="0" bw="130" slack="0"/>
<pin id="835" dir="0" index="1" bw="128" slack="0"/>
<pin id="836" dir="1" index="2" bw="131" slack="0"/>
</pin_list>
<bind>
<opcode="add(8) " fcode="add"/>
<opset="add_ln169/4 "/>
</bind>
</comp>

<comp id="839" class="1004" name="zext_ln169_fu_839">
<pin_list>
<pin id="840" dir="0" index="0" bw="131" slack="0"/>
<pin id="841" dir="1" index="1" bw="133" slack="0"/>
</pin_list>
<bind>
<opcode="zext(34) " fcode="zext"/>
<opset="zext_ln169/4 "/>
</bind>
</comp>

<comp id="843" class="1004" name="z1e_fu_843">
<pin_list>
<pin id="844" dir="0" index="0" bw="132" slack="0"/>
<pin id="845" dir="0" index="1" bw="131" slack="0"/>
<pin id="846" dir="1" index="2" bw="133" slack="0"/>
</pin_list>
<bind>
<opcode="sub(10) " fcode="sub"/>
<opset="z1e/4 "/>
</bind>
</comp>

<comp id="849" class="1004" name="tmp_s_fu_849">
<pin_list>
<pin id="850" dir="0" index="0" bw="197" slack="0"/>
<pin id="851" dir="0" index="1" bw="133" slack="0"/>
<pin id="852" dir="0" index="2" bw="1" slack="0"/>
<pin id="853" dir="1" index="3" bw="197" slack="0"/>
</pin_list>
<bind>
<opcode="bitconcatenate(1004) " fcode="bitconcatenate"/>
<opset="tmp_s/4 "/>
</bind>
</comp>

<comp id="857" class="1004" name="sext_ln174_36_fu_857">
<pin_list>
<pin id="858" dir="0" index="0" bw="197" slack="0"/>
<pin id="859" dir="1" index="1" bw="260" slack="0"/>
</pin_list>
<bind>
<opcode="sext(35) " fcode="sext"/>
<opset="sext_ln174_36/4 "/>
</bind>
</comp>

<comp id="861" class="1004" name="shl_ln_fu_861">
<pin_list>
<pin id="862" dir="0" index="0" bw="258" slack="0"/>
<pin id="863" dir="0" index="1" bw="130" slack="1"/>
<pin id="864" dir="0" index="2" bw="1" slack="0"/>
<pin id="865" dir="1" index="3" bw="258" slack="0"/>
</pin_list>
<bind>
<opcode="bitconcatenate(1004) " fcode="bitconcatenate"/>
<opset="shl_ln/4 "/>
</bind>
</comp>

<comp id="869" class="1004" name="zext_ln172_fu_869">
<pin_list>
<pin id="870" dir="0" index="0" bw="258" slack="0"/>
<pin id="871" dir="1" index="1" bw="260" slack="0"/>
</pin_list>
<bind>
<opcode="zext(34) " fcode="zext"/>
<opset="zext_ln172/4 "/>
</bind>
</comp>

<comp id="873" class="1004" name="zext_ln167_82_fu_873">
<pin_list>
<pin id="874" dir="0" index="0" bw="256" slack="1"/>
<pin id="875" dir="1" index="1" bw="257" slack="0"/>
</pin_list>
<bind>
<opcode="zext(34) " fcode="zext"/>
<opset="zext_ln167_82/4 "/>
</bind>
</comp>

<comp id="876" class="1004" name="zext_ln168_55_fu_876">
<pin_list>
<pin id="877" dir="0" index="0" bw="256" slack="1"/>
<pin id="878" dir="1" index="1" bw="257" slack="0"/>
</pin_list>
<bind>
<opcode="zext(34) " fcode="zext"/>
<opset="zext_ln168_55/4 "/>
</bind>
</comp>

<comp id="879" class="1004" name="add_ln173_fu_879">
<pin_list>
<pin id="880" dir="0" index="0" bw="256" slack="0"/>
<pin id="881" dir="0" index="1" bw="256" slack="0"/>
<pin id="882" dir="1" index="2" bw="257" slack="0"/>
</pin_list>
<bind>
<opcode="add(8) " fcode="add"/>
<opset="add_ln173/4 "/>
</bind>
</comp>

<comp id="885" class="1004" name="zext_ln174_fu_885">
<pin_list>
<pin id="886" dir="0" index="0" bw="257" slack="0"/>
<pin id="887" dir="1" index="1" bw="258" slack="0"/>
</pin_list>
<bind>
<opcode="zext(34) " fcode="zext"/>
<opset="zext_ln174/4 "/>
</bind>
</comp>

<comp id="889" class="1004" name="res_240_fu_889">
<pin_list>
<pin id="890" dir="0" index="0" bw="128" slack="0"/>
<pin id="891" dir="0" index="1" bw="257" slack="0"/>
<pin id="892" dir="1" index="2" bw="258" slack="0"/>
</pin_list>
<bind>
<opcode="sub(10) " fcode="sub"/>
<opset="res_240/4 "/>
</bind>
</comp>

<comp id="895" class="1004" name="sext_ln169_fu_895">
<pin_list>
<pin id="896" dir="0" index="0" bw="258" slack="0"/>
<pin id="897" dir="1" index="1" bw="260" slack="0"/>
</pin_list>
<bind>
<opcode="sext(35) " fcode="sext"/>
<opset="sext_ln169/4 "/>
</bind>
</comp>

<comp id="899" class="1004" name="add_ln169_91_fu_899">
<pin_list>
<pin id="900" dir="0" index="0" bw="258" slack="0"/>
<pin id="901" dir="0" index="1" bw="197" slack="0"/>
<pin id="902" dir="1" index="2" bw="260" slack="0"/>
</pin_list>
<bind>
<opcode="add(8) " fcode="add"/>
<opset="add_ln169_91/4 "/>
</bind>
</comp>

<comp id="905" class="1004" name="z1e_64_fu_905">
<pin_list>
<pin id="906" dir="0" index="0" bw="260" slack="0"/>
<pin id="907" dir="0" index="1" bw="258" slack="0"/>
<pin id="908" dir="1" index="2" bw="260" slack="1"/>
</pin_list>
<bind>
<opcode="add(8) " fcode="add"/>
<opset="z1e_64/4 "/>
</bind>
</comp>

<comp id="911" class="1004" name="zext_ln150_19_fu_911">
<pin_list>
<pin id="912" dir="0" index="0" bw="132" slack="1"/>
<pin id="913" dir="1" index="1" bw="133" slack="0"/>
</pin_list>
<bind>
<opcode="zext(34) " fcode="zext"/>
<opset="zext_ln150_19/4 "/>
</bind>
</comp>

<comp id="914" class="1004" name="zext_ln167_83_fu_914">
<pin_list>
<pin id="915" dir="0" index="0" bw="128" slack="1"/>
<pin id="916" dir="1" index="1" bw="258" slack="0"/>
</pin_list>
<bind>
<opcode="zext(34) " fcode="zext"/>
<opset="zext_ln167_83/4 "/>
</bind>
</comp>

<comp id="918" class="1004" name="zext_ln167_84_fu_918">
<pin_list>
<pin id="919" dir="0" index="0" bw="128" slack="1"/>
<pin id="920" dir="1" index="1" bw="131" slack="0"/>
</pin_list>
<bind>
<opcode="zext(34) " fcode="zext"/>
<opset="zext_ln167_84/4 "/>
</bind>
</comp>

<comp id="922" class="1004" name="zext_ln168_56_fu_922">
<pin_list>
<pin id="923" dir="0" index="0" bw="130" slack="1"/>
<pin id="924" dir="1" index="1" bw="131" slack="0"/>
</pin_list>
<bind>
<opcode="zext(34) " fcode="zext"/>
<opset="zext_ln168_56/4 "/>
</bind>
</comp>

<comp id="926" class="1004" name="add_ln169_92_fu_926">
<pin_list>
<pin id="927" dir="0" index="0" bw="130" slack="0"/>
<pin id="928" dir="0" index="1" bw="128" slack="0"/>
<pin id="929" dir="1" index="2" bw="131" slack="0"/>
</pin_list>
<bind>
<opcode="add(8) " fcode="add"/>
<opset="add_ln169_92/4 "/>
</bind>
</comp>

<comp id="932" class="1004" name="zext_ln169_19_fu_932">
<pin_list>
<pin id="933" dir="0" index="0" bw="131" slack="0"/>
<pin id="934" dir="1" index="1" bw="133" slack="0"/>
</pin_list>
<bind>
<opcode="zext(34) " fcode="zext"/>
<opset="zext_ln169_19/4 "/>
</bind>
</comp>

<comp id="936" class="1004" name="z1e_65_fu_936">
<pin_list>
<pin id="937" dir="0" index="0" bw="132" slack="0"/>
<pin id="938" dir="0" index="1" bw="131" slack="0"/>
<pin id="939" dir="1" index="2" bw="133" slack="0"/>
</pin_list>
<bind>
<opcode="sub(10) " fcode="sub"/>
<opset="z1e_65/4 "/>
</bind>
</comp>

<comp id="942" class="1004" name="tmp_211_fu_942">
<pin_list>
<pin id="943" dir="0" index="0" bw="197" slack="0"/>
<pin id="944" dir="0" index="1" bw="133" slack="0"/>
<pin id="945" dir="0" index="2" bw="1" slack="0"/>
<pin id="946" dir="1" index="3" bw="197" slack="0"/>
</pin_list>
<bind>
<opcode="bitconcatenate(1004) " fcode="bitconcatenate"/>
<opset="tmp_211/4 "/>
</bind>
</comp>

<comp id="950" class="1004" name="sext_ln174_37_fu_950">
<pin_list>
<pin id="951" dir="0" index="0" bw="197" slack="0"/>
<pin id="952" dir="1" index="1" bw="260" slack="0"/>
</pin_list>
<bind>
<opcode="sext(35) " fcode="sext"/>
<opset="sext_ln174_37/4 "/>
</bind>
</comp>

<comp id="954" class="1004" name="shl_ln174_s_fu_954">
<pin_list>
<pin id="955" dir="0" index="0" bw="258" slack="0"/>
<pin id="956" dir="0" index="1" bw="130" slack="1"/>
<pin id="957" dir="0" index="2" bw="1" slack="0"/>
<pin id="958" dir="1" index="3" bw="258" slack="0"/>
</pin_list>
<bind>
<opcode="bitconcatenate(1004) " fcode="bitconcatenate"/>
<opset="shl_ln174_s/4 "/>
</bind>
</comp>

<comp id="962" class="1004" name="zext_ln172_41_fu_962">
<pin_list>
<pin id="963" dir="0" index="0" bw="258" slack="0"/>
<pin id="964" dir="1" index="1" bw="260" slack="0"/>
</pin_list>
<bind>
<opcode="zext(34) " fcode="zext"/>
<opset="zext_ln172_41/4 "/>
</bind>
</comp>

<comp id="966" class="1004" name="zext_ln167_85_fu_966">
<pin_list>
<pin id="967" dir="0" index="0" bw="256" slack="1"/>
<pin id="968" dir="1" index="1" bw="257" slack="0"/>
</pin_list>
<bind>
<opcode="zext(34) " fcode="zext"/>
<opset="zext_ln167_85/4 "/>
</bind>
</comp>

<comp id="969" class="1004" name="zext_ln168_57_fu_969">
<pin_list>
<pin id="970" dir="0" index="0" bw="256" slack="1"/>
<pin id="971" dir="1" index="1" bw="257" slack="0"/>
</pin_list>
<bind>
<opcode="zext(34) " fcode="zext"/>
<opset="zext_ln168_57/4 "/>
</bind>
</comp>

<comp id="972" class="1004" name="add_ln173_26_fu_972">
<pin_list>
<pin id="973" dir="0" index="0" bw="256" slack="0"/>
<pin id="974" dir="0" index="1" bw="256" slack="0"/>
<pin id="975" dir="1" index="2" bw="257" slack="0"/>
</pin_list>
<bind>
<opcode="add(8) " fcode="add"/>
<opset="add_ln173_26/4 "/>
</bind>
</comp>

<comp id="978" class="1004" name="zext_ln174_66_fu_978">
<pin_list>
<pin id="979" dir="0" index="0" bw="257" slack="0"/>
<pin id="980" dir="1" index="1" bw="258" slack="0"/>
</pin_list>
<bind>
<opcode="zext(34) " fcode="zext"/>
<opset="zext_ln174_66/4 "/>
</bind>
</comp>

<comp id="982" class="1004" name="res_241_fu_982">
<pin_list>
<pin id="983" dir="0" index="0" bw="128" slack="0"/>
<pin id="984" dir="0" index="1" bw="257" slack="0"/>
<pin id="985" dir="1" index="2" bw="258" slack="0"/>
</pin_list>
<bind>
<opcode="sub(10) " fcode="sub"/>
<opset="res_241/4 "/>
</bind>
</comp>

<comp id="988" class="1004" name="sext_ln169_40_fu_988">
<pin_list>
<pin id="989" dir="0" index="0" bw="258" slack="0"/>
<pin id="990" dir="1" index="1" bw="260" slack="0"/>
</pin_list>
<bind>
<opcode="sext(35) " fcode="sext"/>
<opset="sext_ln169_40/4 "/>
</bind>
</comp>

<comp id="992" class="1004" name="add_ln169_94_fu_992">
<pin_list>
<pin id="993" dir="0" index="0" bw="258" slack="0"/>
<pin id="994" dir="0" index="1" bw="197" slack="0"/>
<pin id="995" dir="1" index="2" bw="260" slack="0"/>
</pin_list>
<bind>
<opcode="add(8) " fcode="add"/>
<opset="add_ln169_94/4 "/>
</bind>
</comp>

<comp id="998" class="1004" name="z1e_66_fu_998">
<pin_list>
<pin id="999" dir="0" index="0" bw="260" slack="0"/>
<pin id="1000" dir="0" index="1" bw="258" slack="0"/>
<pin id="1001" dir="1" index="2" bw="260" slack="1"/>
</pin_list>
<bind>
<opcode="add(8) " fcode="add"/>
<opset="z1e_66/4 "/>
</bind>
</comp>

<comp id="1004" class="1004" name="zext_ln121_175_fu_1004">
<pin_list>
<pin id="1005" dir="0" index="0" bw="128" slack="1"/>
<pin id="1006" dir="1" index="1" bw="256" slack="0"/>
</pin_list>
<bind>
<opcode="zext(34) " fcode="zext"/>
<opset="zext_ln121_175/4 "/>
</bind>
</comp>

<comp id="1008" class="1004" name="zext_ln121_177_fu_1008">
<pin_list>
<pin id="1009" dir="0" index="0" bw="128" slack="1"/>
<pin id="1010" dir="1" index="1" bw="256" slack="0"/>
</pin_list>
<bind>
<opcode="zext(34) " fcode="zext"/>
<opset="zext_ln121_177/4 "/>
</bind>
</comp>

<comp id="1012" class="1004" name="zext_ln121_179_fu_1012">
<pin_list>
<pin id="1013" dir="0" index="0" bw="64" slack="1"/>
<pin id="1014" dir="1" index="1" bw="128" slack="0"/>
</pin_list>
<bind>
<opcode="zext(34) " fcode="zext"/>
<opset="zext_ln121_179/4 "/>
</bind>
</comp>

<comp id="1016" class="1004" name="zext_ln121_180_fu_1016">
<pin_list>
<pin id="1017" dir="0" index="0" bw="64" slack="1"/>
<pin id="1018" dir="1" index="1" bw="128" slack="0"/>
</pin_list>
<bind>
<opcode="zext(34) " fcode="zext"/>
<opset="zext_ln121_180/4 "/>
</bind>
</comp>

<comp id="1020" class="1004" name="zext_ln121_187_fu_1020">
<pin_list>
<pin id="1021" dir="0" index="0" bw="65" slack="1"/>
<pin id="1022" dir="1" index="1" bw="130" slack="0"/>
</pin_list>
<bind>
<opcode="zext(34) " fcode="zext"/>
<opset="zext_ln121_187/4 "/>
</bind>
</comp>

<comp id="1024" class="1004" name="zext_ln121_188_fu_1024">
<pin_list>
<pin id="1025" dir="0" index="0" bw="65" slack="1"/>
<pin id="1026" dir="1" index="1" bw="130" slack="0"/>
</pin_list>
<bind>
<opcode="zext(34) " fcode="zext"/>
<opset="zext_ln121_188/4 "/>
</bind>
</comp>

<comp id="1028" class="1004" name="zext_ln147_68_fu_1028">
<pin_list>
<pin id="1029" dir="0" index="0" bw="64" slack="1"/>
<pin id="1030" dir="1" index="1" bw="66" slack="0"/>
</pin_list>
<bind>
<opcode="zext(34) " fcode="zext"/>
<opset="zext_ln147_68/4 "/>
</bind>
</comp>

<comp id="1031" class="1004" name="zext_ln147_85_fu_1031">
<pin_list>
<pin id="1032" dir="0" index="0" bw="65" slack="1"/>
<pin id="1033" dir="1" index="1" bw="66" slack="0"/>
</pin_list>
<bind>
<opcode="zext(34) " fcode="zext"/>
<opset="zext_ln147_85/4 "/>
</bind>
</comp>

<comp id="1034" class="1004" name="sa_122_fu_1034">
<pin_list>
<pin id="1035" dir="0" index="0" bw="65" slack="0"/>
<pin id="1036" dir="0" index="1" bw="64" slack="0"/>
<pin id="1037" dir="1" index="2" bw="66" slack="0"/>
</pin_list>
<bind>
<opcode="add(8) " fcode="add"/>
<opset="sa_122/4 "/>
</bind>
</comp>

<comp id="1040" class="1004" name="zext_ln148_54_fu_1040">
<pin_list>
<pin id="1041" dir="0" index="0" bw="64" slack="1"/>
<pin id="1042" dir="1" index="1" bw="66" slack="0"/>
</pin_list>
<bind>
<opcode="zext(34) " fcode="zext"/>
<opset="zext_ln148_54/4 "/>
</bind>
</comp>

<comp id="1043" class="1004" name="zext_ln148_69_fu_1043">
<pin_list>
<pin id="1044" dir="0" index="0" bw="65" slack="1"/>
<pin id="1045" dir="1" index="1" bw="66" slack="0"/>
</pin_list>
<bind>
<opcode="zext(34) " fcode="zext"/>
<opset="zext_ln148_69/4 "/>
</bind>
</comp>

<comp id="1046" class="1004" name="sb_96_fu_1046">
<pin_list>
<pin id="1047" dir="0" index="0" bw="65" slack="0"/>
<pin id="1048" dir="0" index="1" bw="64" slack="0"/>
<pin id="1049" dir="1" index="2" bw="66" slack="0"/>
</pin_list>
<bind>
<opcode="add(8) " fcode="add"/>
<opset="sb_96/4 "/>
</bind>
</comp>

<comp id="1052" class="1004" name="zext_ln173_fu_1052">
<pin_list>
<pin id="1053" dir="0" index="0" bw="66" slack="0"/>
<pin id="1054" dir="1" index="1" bw="132" slack="0"/>
</pin_list>
<bind>
<opcode="zext(34) " fcode="zext"/>
<opset="zext_ln173/4 "/>
</bind>
</comp>

<comp id="1057" class="1004" name="zext_ln173_44_fu_1057">
<pin_list>
<pin id="1058" dir="0" index="0" bw="66" slack="0"/>
<pin id="1059" dir="1" index="1" bw="132" slack="0"/>
</pin_list>
<bind>
<opcode="zext(34) " fcode="zext"/>
<opset="zext_ln173_44/4 "/>
</bind>
</comp>

<comp id="1062" class="1004" name="zext_ln173_46_fu_1062">
<pin_list>
<pin id="1063" dir="0" index="0" bw="128" slack="0"/>
<pin id="1064" dir="1" index="1" bw="131" slack="0"/>
</pin_list>
<bind>
<opcode="zext(34) " fcode="zext"/>
<opset="zext_ln173_46/4 "/>
</bind>
</comp>

<comp id="1066" class="1004" name="zext_ln173_47_fu_1066">
<pin_list>
<pin id="1067" dir="0" index="0" bw="130" slack="0"/>
<pin id="1068" dir="1" index="1" bw="131" slack="0"/>
</pin_list>
<bind>
<opcode="zext(34) " fcode="zext"/>
<opset="zext_ln173_47/4 "/>
</bind>
</comp>

<comp id="1070" class="1004" name="add_ln173_27_fu_1070">
<pin_list>
<pin id="1071" dir="0" index="0" bw="130" slack="0"/>
<pin id="1072" dir="0" index="1" bw="128" slack="0"/>
<pin id="1073" dir="1" index="2" bw="131" slack="1"/>
</pin_list>
<bind>
<opcode="add(8) " fcode="add"/>
<opset="add_ln173_27/4 "/>
</bind>
</comp>

<comp id="1076" class="1004" name="zext_ln121_181_fu_1076">
<pin_list>
<pin id="1077" dir="0" index="0" bw="128" slack="1"/>
<pin id="1078" dir="1" index="1" bw="256" slack="0"/>
</pin_list>
<bind>
<opcode="zext(34) " fcode="zext"/>
<opset="zext_ln121_181/4 "/>
</bind>
</comp>

<comp id="1080" class="1004" name="zext_ln121_182_fu_1080">
<pin_list>
<pin id="1081" dir="0" index="0" bw="128" slack="1"/>
<pin id="1082" dir="1" index="1" bw="256" slack="0"/>
</pin_list>
<bind>
<opcode="zext(34) " fcode="zext"/>
<opset="zext_ln121_182/4 "/>
</bind>
</comp>

<comp id="1084" class="1004" name="zext_ln147_69_fu_1084">
<pin_list>
<pin id="1085" dir="0" index="0" bw="128" slack="1"/>
<pin id="1086" dir="1" index="1" bw="129" slack="0"/>
</pin_list>
<bind>
<opcode="zext(34) " fcode="zext"/>
<opset="zext_ln147_69/4 "/>
</bind>
</comp>

<comp id="1087" class="1004" name="zext_ln147_87_fu_1087">
<pin_list>
<pin id="1088" dir="0" index="0" bw="2" slack="1"/>
<pin id="1089" dir="1" index="1" bw="129" slack="0"/>
</pin_list>
<bind>
<opcode="zext(34) " fcode="zext"/>
<opset="zext_ln147_87/4 "/>
</bind>
</comp>

<comp id="1090" class="1004" name="sa_130_fu_1090">
<pin_list>
<pin id="1091" dir="0" index="0" bw="2" slack="0"/>
<pin id="1092" dir="0" index="1" bw="128" slack="0"/>
<pin id="1093" dir="1" index="2" bw="129" slack="0"/>
</pin_list>
<bind>
<opcode="add(8) " fcode="add"/>
<opset="sa_130/4 "/>
</bind>
</comp>

<comp id="1096" class="1004" name="zext_ln148_55_fu_1096">
<pin_list>
<pin id="1097" dir="0" index="0" bw="128" slack="1"/>
<pin id="1098" dir="1" index="1" bw="129" slack="0"/>
</pin_list>
<bind>
<opcode="zext(34) " fcode="zext"/>
<opset="zext_ln148_55/4 "/>
</bind>
</comp>

<comp id="1099" class="1004" name="zext_ln148_71_fu_1099">
<pin_list>
<pin id="1100" dir="0" index="0" bw="2" slack="1"/>
<pin id="1101" dir="1" index="1" bw="129" slack="0"/>
</pin_list>
<bind>
<opcode="zext(34) " fcode="zext"/>
<opset="zext_ln148_71/4 "/>
</bind>
</comp>

<comp id="1102" class="1004" name="sb_104_fu_1102">
<pin_list>
<pin id="1103" dir="0" index="0" bw="2" slack="0"/>
<pin id="1104" dir="0" index="1" bw="128" slack="0"/>
<pin id="1105" dir="1" index="2" bw="129" slack="0"/>
</pin_list>
<bind>
<opcode="add(8) " fcode="add"/>
<opset="sb_104/4 "/>
</bind>
</comp>

<comp id="1108" class="1004" name="a0_80_fu_1108">
<pin_list>
<pin id="1109" dir="0" index="0" bw="129" slack="0"/>
<pin id="1110" dir="1" index="1" bw="64" slack="0"/>
</pin_list>
<bind>
<opcode="trunc(33) " fcode="trunc"/>
<opset="a0_80/4 "/>
</bind>
</comp>

<comp id="1112" class="1004" name="b0_64_fu_1112">
<pin_list>
<pin id="1113" dir="0" index="0" bw="129" slack="0"/>
<pin id="1114" dir="1" index="1" bw="64" slack="0"/>
</pin_list>
<bind>
<opcode="trunc(33) " fcode="trunc"/>
<opset="b0_64/4 "/>
</bind>
</comp>

<comp id="1116" class="1004" name="a1_15_fu_1116">
<pin_list>
<pin id="1117" dir="0" index="0" bw="65" slack="0"/>
<pin id="1118" dir="0" index="1" bw="129" slack="0"/>
<pin id="1119" dir="0" index="2" bw="8" slack="0"/>
<pin id="1120" dir="0" index="3" bw="9" slack="0"/>
<pin id="1121" dir="1" index="4" bw="65" slack="0"/>
</pin_list>
<bind>
<opcode="partselect(1002) " fcode="partselect"/>
<opset="a1_15/4 "/>
</bind>
</comp>

<comp id="1126" class="1004" name="zext_ln135_10_fu_1126">
<pin_list>
<pin id="1127" dir="0" index="0" bw="65" slack="0"/>
<pin id="1128" dir="1" index="1" bw="129" slack="0"/>
</pin_list>
<bind>
<opcode="zext(34) " fcode="zext"/>
<opset="zext_ln135_10/4 "/>
</bind>
</comp>

<comp id="1131" class="1004" name="b1_13_fu_1131">
<pin_list>
<pin id="1132" dir="0" index="0" bw="65" slack="0"/>
<pin id="1133" dir="0" index="1" bw="129" slack="0"/>
<pin id="1134" dir="0" index="2" bw="8" slack="0"/>
<pin id="1135" dir="0" index="3" bw="9" slack="0"/>
<pin id="1136" dir="1" index="4" bw="65" slack="0"/>
</pin_list>
<bind>
<opcode="partselect(1002) " fcode="partselect"/>
<opset="b1_13/4 "/>
</bind>
</comp>

<comp id="1141" class="1004" name="zext_ln136_8_fu_1141">
<pin_list>
<pin id="1142" dir="0" index="0" bw="65" slack="0"/>
<pin id="1143" dir="1" index="1" bw="129" slack="0"/>
</pin_list>
<bind>
<opcode="zext(34) " fcode="zext"/>
<opset="zext_ln136_8/4 "/>
</bind>
</comp>

<comp id="1146" class="1004" name="zext_ln121_183_fu_1146">
<pin_list>
<pin id="1147" dir="0" index="0" bw="64" slack="0"/>
<pin id="1148" dir="1" index="1" bw="128" slack="0"/>
</pin_list>
<bind>
<opcode="zext(34) " fcode="zext"/>
<opset="zext_ln121_183/4 "/>
</bind>
</comp>

<comp id="1151" class="1004" name="zext_ln121_184_fu_1151">
<pin_list>
<pin id="1152" dir="0" index="0" bw="64" slack="0"/>
<pin id="1153" dir="1" index="1" bw="128" slack="0"/>
</pin_list>
<bind>
<opcode="zext(34) " fcode="zext"/>
<opset="zext_ln121_184/4 "/>
</bind>
</comp>

<comp id="1156" class="1004" name="zext_ln147_70_fu_1156">
<pin_list>
<pin id="1157" dir="0" index="0" bw="64" slack="0"/>
<pin id="1158" dir="1" index="1" bw="65" slack="0"/>
</pin_list>
<bind>
<opcode="zext(34) " fcode="zext"/>
<opset="zext_ln147_70/4 "/>
</bind>
</comp>

<comp id="1160" class="1004" name="sa_125_fu_1160">
<pin_list>
<pin id="1161" dir="0" index="0" bw="65" slack="0"/>
<pin id="1162" dir="0" index="1" bw="64" slack="0"/>
<pin id="1163" dir="1" index="2" bw="65" slack="0"/>
</pin_list>
<bind>
<opcode="add(8) " fcode="add"/>
<opset="sa_125/4 "/>
</bind>
</comp>

<comp id="1166" class="1004" name="zext_ln148_56_fu_1166">
<pin_list>
<pin id="1167" dir="0" index="0" bw="64" slack="0"/>
<pin id="1168" dir="1" index="1" bw="65" slack="0"/>
</pin_list>
<bind>
<opcode="zext(34) " fcode="zext"/>
<opset="zext_ln148_56/4 "/>
</bind>
</comp>

<comp id="1170" class="1004" name="sb_99_fu_1170">
<pin_list>
<pin id="1171" dir="0" index="0" bw="65" slack="0"/>
<pin id="1172" dir="0" index="1" bw="64" slack="0"/>
<pin id="1173" dir="1" index="2" bw="65" slack="0"/>
</pin_list>
<bind>
<opcode="add(8) " fcode="add"/>
<opset="sb_99/4 "/>
</bind>
</comp>

<comp id="1176" class="1004" name="zext_ln164_43_fu_1176">
<pin_list>
<pin id="1177" dir="0" index="0" bw="65" slack="0"/>
<pin id="1178" dir="1" index="1" bw="130" slack="0"/>
</pin_list>
<bind>
<opcode="zext(34) " fcode="zext"/>
<opset="zext_ln164_43/4 "/>
</bind>
</comp>

<comp id="1181" class="1004" name="zext_ln164_44_fu_1181">
<pin_list>
<pin id="1182" dir="0" index="0" bw="65" slack="0"/>
<pin id="1183" dir="1" index="1" bw="130" slack="0"/>
</pin_list>
<bind>
<opcode="zext(34) " fcode="zext"/>
<opset="zext_ln164_44/4 "/>
</bind>
</comp>

<comp id="1186" class="1004" name="shl_ln10_fu_1186">
<pin_list>
<pin id="1187" dir="0" index="0" bw="388" slack="0"/>
<pin id="1188" dir="0" index="1" bw="260" slack="1"/>
<pin id="1189" dir="0" index="2" bw="1" slack="0"/>
<pin id="1190" dir="1" index="3" bw="388" slack="0"/>
</pin_list>
<bind>
<opcode="bitconcatenate(1004) " fcode="bitconcatenate"/>
<opset="shl_ln10/5 "/>
</bind>
</comp>

<comp id="1193" class="1004" name="sext_ln138_fu_1193">
<pin_list>
<pin id="1194" dir="0" index="0" bw="388" slack="0"/>
<pin id="1195" dir="1" index="1" bw="512" slack="0"/>
</pin_list>
<bind>
<opcode="sext(35) " fcode="sext"/>
<opset="sext_ln138/5 "/>
</bind>
</comp>

<comp id="1197" class="1004" name="z0_124_fu_1197">
<pin_list>
<pin id="1198" dir="0" index="0" bw="512" slack="0"/>
<pin id="1199" dir="0" index="1" bw="256" slack="2"/>
<pin id="1200" dir="0" index="2" bw="256" slack="2"/>
<pin id="1201" dir="1" index="3" bw="512" slack="0"/>
</pin_list>
<bind>
<opcode="bitconcatenate(1004) " fcode="bitconcatenate"/>
<opset="z0_124/5 "/>
</bind>
</comp>

<comp id="1203" class="1004" name="z0_125_fu_1203">
<pin_list>
<pin id="1204" dir="0" index="0" bw="388" slack="0"/>
<pin id="1205" dir="0" index="1" bw="512" slack="0"/>
<pin id="1206" dir="1" index="2" bw="512" slack="1"/>
</pin_list>
<bind>
<opcode="add(8) " fcode="add"/>
<opset="z0_125/5 "/>
</bind>
</comp>

<comp id="1209" class="1004" name="shl_ln173_12_fu_1209">
<pin_list>
<pin id="1210" dir="0" index="0" bw="388" slack="0"/>
<pin id="1211" dir="0" index="1" bw="260" slack="1"/>
<pin id="1212" dir="0" index="2" bw="1" slack="0"/>
<pin id="1213" dir="1" index="3" bw="388" slack="0"/>
</pin_list>
<bind>
<opcode="bitconcatenate(1004) " fcode="bitconcatenate"/>
<opset="shl_ln173_12/5 "/>
</bind>
</comp>

<comp id="1216" class="1004" name="sext_ln139_fu_1216">
<pin_list>
<pin id="1217" dir="0" index="0" bw="388" slack="0"/>
<pin id="1218" dir="1" index="1" bw="512" slack="0"/>
</pin_list>
<bind>
<opcode="sext(35) " fcode="sext"/>
<opset="sext_ln139/5 "/>
</bind>
</comp>

<comp id="1220" class="1004" name="z2_173_fu_1220">
<pin_list>
<pin id="1221" dir="0" index="0" bw="512" slack="0"/>
<pin id="1222" dir="0" index="1" bw="256" slack="2"/>
<pin id="1223" dir="0" index="2" bw="256" slack="2"/>
<pin id="1224" dir="1" index="3" bw="512" slack="0"/>
</pin_list>
<bind>
<opcode="bitconcatenate(1004) " fcode="bitconcatenate"/>
<opset="z2_173/5 "/>
</bind>
</comp>

<comp id="1226" class="1004" name="z2_174_fu_1226">
<pin_list>
<pin id="1227" dir="0" index="0" bw="388" slack="0"/>
<pin id="1228" dir="0" index="1" bw="512" slack="0"/>
<pin id="1229" dir="1" index="2" bw="512" slack="1"/>
</pin_list>
<bind>
<opcode="add(8) " fcode="add"/>
<opset="z2_174/5 "/>
</bind>
</comp>

<comp id="1232" class="1004" name="zext_ln173_45_fu_1232">
<pin_list>
<pin id="1233" dir="0" index="0" bw="132" slack="1"/>
<pin id="1234" dir="1" index="1" bw="133" slack="0"/>
</pin_list>
<bind>
<opcode="zext(34) " fcode="zext"/>
<opset="zext_ln173_45/5 "/>
</bind>
</comp>

<comp id="1236" class="1004" name="zext_ln173_48_fu_1236">
<pin_list>
<pin id="1237" dir="0" index="0" bw="131" slack="1"/>
<pin id="1238" dir="1" index="1" bw="133" slack="0"/>
</pin_list>
<bind>
<opcode="zext(34) " fcode="zext"/>
<opset="zext_ln173_48/5 "/>
</bind>
</comp>

<comp id="1239" class="1004" name="sub_ln173_fu_1239">
<pin_list>
<pin id="1240" dir="0" index="0" bw="132" slack="0"/>
<pin id="1241" dir="0" index="1" bw="131" slack="0"/>
<pin id="1242" dir="1" index="2" bw="133" slack="0"/>
</pin_list>
<bind>
<opcode="sub(10) " fcode="sub"/>
<opset="sub_ln173/5 "/>
</bind>
</comp>

<comp id="1245" class="1004" name="tmp_216_fu_1245">
<pin_list>
<pin id="1246" dir="0" index="0" bw="197" slack="0"/>
<pin id="1247" dir="0" index="1" bw="133" slack="0"/>
<pin id="1248" dir="0" index="2" bw="1" slack="0"/>
<pin id="1249" dir="1" index="3" bw="197" slack="0"/>
</pin_list>
<bind>
<opcode="bitconcatenate(1004) " fcode="bitconcatenate"/>
<opset="tmp_216/5 "/>
</bind>
</comp>

<comp id="1253" class="1004" name="sext_ln172_fu_1253">
<pin_list>
<pin id="1254" dir="0" index="0" bw="197" slack="0"/>
<pin id="1255" dir="1" index="1" bw="260" slack="0"/>
</pin_list>
<bind>
<opcode="sext(35) " fcode="sext"/>
<opset="sext_ln172/5 "/>
</bind>
</comp>

<comp id="1257" class="1004" name="res_242_fu_1257">
<pin_list>
<pin id="1258" dir="0" index="0" bw="258" slack="0"/>
<pin id="1259" dir="0" index="1" bw="130" slack="1"/>
<pin id="1260" dir="0" index="2" bw="128" slack="1"/>
<pin id="1261" dir="1" index="3" bw="258" slack="0"/>
</pin_list>
<bind>
<opcode="bitconcatenate(1004) " fcode="bitconcatenate"/>
<opset="res_242/5 "/>
</bind>
</comp>

<comp id="1265" class="1004" name="zext_ln174_67_fu_1265">
<pin_list>
<pin id="1266" dir="0" index="0" bw="258" slack="0"/>
<pin id="1267" dir="1" index="1" bw="260" slack="0"/>
</pin_list>
<bind>
<opcode="zext(34) " fcode="zext"/>
<opset="zext_ln174_67/5 "/>
</bind>
</comp>

<comp id="1269" class="1004" name="res_243_fu_1269">
<pin_list>
<pin id="1270" dir="0" index="0" bw="197" slack="0"/>
<pin id="1271" dir="0" index="1" bw="258" slack="0"/>
<pin id="1272" dir="1" index="2" bw="260" slack="0"/>
</pin_list>
<bind>
<opcode="add(8) " fcode="add"/>
<opset="res_243/5 "/>
</bind>
</comp>

<comp id="1275" class="1004" name="zext_ln121_189_fu_1275">
<pin_list>
<pin id="1276" dir="0" index="0" bw="2" slack="2"/>
<pin id="1277" dir="1" index="1" bw="4" slack="0"/>
</pin_list>
<bind>
<opcode="zext(34) " fcode="zext"/>
<opset="zext_ln121_189/5 "/>
</bind>
</comp>

<comp id="1278" class="1004" name="zext_ln121_190_fu_1278">
<pin_list>
<pin id="1279" dir="0" index="0" bw="2" slack="2"/>
<pin id="1280" dir="1" index="1" bw="4" slack="0"/>
</pin_list>
<bind>
<opcode="zext(34) " fcode="zext"/>
<opset="zext_ln121_190/5 "/>
</bind>
</comp>

<comp id="1281" class="1004" name="z2_175_fu_1281">
<pin_list>
<pin id="1282" dir="0" index="0" bw="2" slack="0"/>
<pin id="1283" dir="0" index="1" bw="2" slack="0"/>
<pin id="1284" dir="1" index="2" bw="4" slack="0"/>
</pin_list>
<bind>
<opcode="mul(12) " fcode="mul"/>
<opset="z2_175/5 "/>
</bind>
</comp>

<comp id="1287" class="1004" name="zext_ln150_20_fu_1287">
<pin_list>
<pin id="1288" dir="0" index="0" bw="130" slack="1"/>
<pin id="1289" dir="1" index="1" bw="131" slack="0"/>
</pin_list>
<bind>
<opcode="zext(34) " fcode="zext"/>
<opset="zext_ln150_20/5 "/>
</bind>
</comp>

<comp id="1291" class="1004" name="zext_ln167_86_fu_1291">
<pin_list>
<pin id="1292" dir="0" index="0" bw="128" slack="1"/>
<pin id="1293" dir="1" index="1" bw="257" slack="0"/>
</pin_list>
<bind>
<opcode="zext(34) " fcode="zext"/>
<opset="zext_ln167_86/5 "/>
</bind>
</comp>

<comp id="1295" class="1004" name="zext_ln167_87_fu_1295">
<pin_list>
<pin id="1296" dir="0" index="0" bw="128" slack="1"/>
<pin id="1297" dir="1" index="1" bw="129" slack="0"/>
</pin_list>
<bind>
<opcode="zext(34) " fcode="zext"/>
<opset="zext_ln167_87/5 "/>
</bind>
</comp>

<comp id="1299" class="1004" name="add_ln169_95_fu_1299">
<pin_list>
<pin id="1300" dir="0" index="0" bw="129" slack="1"/>
<pin id="1301" dir="0" index="1" bw="128" slack="0"/>
<pin id="1302" dir="1" index="2" bw="129" slack="0"/>
</pin_list>
<bind>
<opcode="add(8) " fcode="add"/>
<opset="add_ln169_95/5 "/>
</bind>
</comp>

<comp id="1304" class="1004" name="zext_ln169_20_fu_1304">
<pin_list>
<pin id="1305" dir="0" index="0" bw="129" slack="0"/>
<pin id="1306" dir="1" index="1" bw="131" slack="0"/>
</pin_list>
<bind>
<opcode="zext(34) " fcode="zext"/>
<opset="zext_ln169_20/5 "/>
</bind>
</comp>

<comp id="1308" class="1004" name="z1e_67_fu_1308">
<pin_list>
<pin id="1309" dir="0" index="0" bw="130" slack="0"/>
<pin id="1310" dir="0" index="1" bw="129" slack="0"/>
<pin id="1311" dir="1" index="2" bw="131" slack="0"/>
</pin_list>
<bind>
<opcode="sub(10) " fcode="sub"/>
<opset="z1e_67/5 "/>
</bind>
</comp>

<comp id="1314" class="1004" name="tmp_221_fu_1314">
<pin_list>
<pin id="1315" dir="0" index="0" bw="195" slack="0"/>
<pin id="1316" dir="0" index="1" bw="131" slack="0"/>
<pin id="1317" dir="0" index="2" bw="1" slack="0"/>
<pin id="1318" dir="1" index="3" bw="195" slack="0"/>
</pin_list>
<bind>
<opcode="bitconcatenate(1004) " fcode="bitconcatenate"/>
<opset="tmp_221/5 "/>
</bind>
</comp>

<comp id="1322" class="1004" name="sext_ln174_38_fu_1322">
<pin_list>
<pin id="1323" dir="0" index="0" bw="195" slack="0"/>
<pin id="1324" dir="1" index="1" bw="259" slack="0"/>
</pin_list>
<bind>
<opcode="sext(35) " fcode="sext"/>
<opset="sext_ln174_38/5 "/>
</bind>
</comp>

<comp id="1326" class="1004" name="shl_ln174_2_fu_1326">
<pin_list>
<pin id="1327" dir="0" index="0" bw="257" slack="0"/>
<pin id="1328" dir="0" index="1" bw="129" slack="1"/>
<pin id="1329" dir="0" index="2" bw="1" slack="0"/>
<pin id="1330" dir="1" index="3" bw="257" slack="0"/>
</pin_list>
<bind>
<opcode="bitconcatenate(1004) " fcode="bitconcatenate"/>
<opset="shl_ln174_2/5 "/>
</bind>
</comp>

<comp id="1333" class="1004" name="zext_ln172_42_fu_1333">
<pin_list>
<pin id="1334" dir="0" index="0" bw="257" slack="0"/>
<pin id="1335" dir="1" index="1" bw="259" slack="0"/>
</pin_list>
<bind>
<opcode="zext(34) " fcode="zext"/>
<opset="zext_ln172_42/5 "/>
</bind>
</comp>

<comp id="1337" class="1004" name="zext_ln168_58_fu_1337">
<pin_list>
<pin id="1338" dir="0" index="0" bw="4" slack="0"/>
<pin id="1339" dir="1" index="1" bw="256" slack="0"/>
</pin_list>
<bind>
<opcode="zext(34) " fcode="zext"/>
<opset="zext_ln168_58/5 "/>
</bind>
</comp>

<comp id="1341" class="1004" name="add_ln173_28_fu_1341">
<pin_list>
<pin id="1342" dir="0" index="0" bw="4" slack="0"/>
<pin id="1343" dir="0" index="1" bw="256" slack="1"/>
<pin id="1344" dir="1" index="2" bw="256" slack="0"/>
</pin_list>
<bind>
<opcode="add(8) " fcode="add"/>
<opset="add_ln173_28/5 "/>
</bind>
</comp>

<comp id="1346" class="1004" name="zext_ln174_68_fu_1346">
<pin_list>
<pin id="1347" dir="0" index="0" bw="256" slack="0"/>
<pin id="1348" dir="1" index="1" bw="257" slack="0"/>
</pin_list>
<bind>
<opcode="zext(34) " fcode="zext"/>
<opset="zext_ln174_68/5 "/>
</bind>
</comp>

<comp id="1350" class="1004" name="res_fu_1350">
<pin_list>
<pin id="1351" dir="0" index="0" bw="128" slack="0"/>
<pin id="1352" dir="0" index="1" bw="256" slack="0"/>
<pin id="1353" dir="1" index="2" bw="257" slack="0"/>
</pin_list>
<bind>
<opcode="sub(10) " fcode="sub"/>
<opset="res/5 "/>
</bind>
</comp>

<comp id="1356" class="1004" name="sext_ln169_41_fu_1356">
<pin_list>
<pin id="1357" dir="0" index="0" bw="257" slack="0"/>
<pin id="1358" dir="1" index="1" bw="259" slack="0"/>
</pin_list>
<bind>
<opcode="sext(35) " fcode="sext"/>
<opset="sext_ln169_41/5 "/>
</bind>
</comp>

<comp id="1360" class="1004" name="add_ln169_97_fu_1360">
<pin_list>
<pin id="1361" dir="0" index="0" bw="257" slack="0"/>
<pin id="1362" dir="0" index="1" bw="195" slack="0"/>
<pin id="1363" dir="1" index="2" bw="259" slack="0"/>
</pin_list>
<bind>
<opcode="add(8) " fcode="add"/>
<opset="add_ln169_97/5 "/>
</bind>
</comp>

<comp id="1366" class="1004" name="z1e_68_fu_1366">
<pin_list>
<pin id="1367" dir="0" index="0" bw="259" slack="0"/>
<pin id="1368" dir="0" index="1" bw="257" slack="0"/>
<pin id="1369" dir="1" index="2" bw="259" slack="1"/>
</pin_list>
<bind>
<opcode="add(8) " fcode="add"/>
<opset="z1e_68/5 "/>
</bind>
</comp>

<comp id="1372" class="1004" name="zext_ln172_43_fu_1372">
<pin_list>
<pin id="1373" dir="0" index="0" bw="256" slack="1"/>
<pin id="1374" dir="1" index="1" bw="257" slack="0"/>
</pin_list>
<bind>
<opcode="zext(34) " fcode="zext"/>
<opset="zext_ln172_43/5 "/>
</bind>
</comp>

<comp id="1375" class="1004" name="trunc_ln174_fu_1375">
<pin_list>
<pin id="1376" dir="0" index="0" bw="4" slack="0"/>
<pin id="1377" dir="1" index="1" bw="3" slack="0"/>
</pin_list>
<bind>
<opcode="trunc(33) " fcode="trunc"/>
<opset="trunc_ln174/5 "/>
</bind>
</comp>

<comp id="1379" class="1004" name="shl_ln174_3_fu_1379">
<pin_list>
<pin id="1380" dir="0" index="0" bw="259" slack="0"/>
<pin id="1381" dir="0" index="1" bw="3" slack="0"/>
<pin id="1382" dir="0" index="2" bw="1" slack="0"/>
<pin id="1383" dir="1" index="3" bw="259" slack="0"/>
</pin_list>
<bind>
<opcode="bitconcatenate(1004) " fcode="bitconcatenate"/>
<opset="shl_ln174_3/5 "/>
</bind>
</comp>

<comp id="1387" class="1004" name="zext_ln172_44_fu_1387">
<pin_list>
<pin id="1388" dir="0" index="0" bw="259" slack="0"/>
<pin id="1389" dir="1" index="1" bw="260" slack="0"/>
</pin_list>
<bind>
<opcode="zext(34) " fcode="zext"/>
<opset="zext_ln172_44/5 "/>
</bind>
</comp>

<comp id="1391" class="1004" name="zext_ln167_88_fu_1391">
<pin_list>
<pin id="1392" dir="0" index="0" bw="256" slack="1"/>
<pin id="1393" dir="1" index="1" bw="257" slack="0"/>
</pin_list>
<bind>
<opcode="zext(34) " fcode="zext"/>
<opset="zext_ln167_88/5 "/>
</bind>
</comp>

<comp id="1394" class="1004" name="sext_ln168_fu_1394">
<pin_list>
<pin id="1395" dir="0" index="0" bw="260" slack="0"/>
<pin id="1396" dir="1" index="1" bw="384" slack="0"/>
</pin_list>
<bind>
<opcode="sext(35) " fcode="sext"/>
<opset="sext_ln168/5 "/>
</bind>
</comp>

<comp id="1398" class="1004" name="zext_ln168_59_fu_1398">
<pin_list>
<pin id="1399" dir="0" index="0" bw="260" slack="0"/>
<pin id="1400" dir="1" index="1" bw="386" slack="0"/>
</pin_list>
<bind>
<opcode="zext(34) " fcode="zext"/>
<opset="zext_ln168_59/5 "/>
</bind>
</comp>

<comp id="1402" class="1004" name="res_244_fu_1402">
<pin_list>
<pin id="1403" dir="0" index="0" bw="256" slack="0"/>
<pin id="1404" dir="0" index="1" bw="256" slack="0"/>
<pin id="1405" dir="1" index="2" bw="257" slack="0"/>
</pin_list>
<bind>
<opcode="sub(10) " fcode="sub"/>
<opset="res_244/5 "/>
</bind>
</comp>

<comp id="1408" class="1004" name="sext_ln174_fu_1408">
<pin_list>
<pin id="1409" dir="0" index="0" bw="257" slack="0"/>
<pin id="1410" dir="1" index="1" bw="260" slack="0"/>
</pin_list>
<bind>
<opcode="sext(35) " fcode="sext"/>
<opset="sext_ln174/5 "/>
</bind>
</comp>

<comp id="1412" class="1004" name="res_245_fu_1412">
<pin_list>
<pin id="1413" dir="0" index="0" bw="257" slack="0"/>
<pin id="1414" dir="0" index="1" bw="259" slack="0"/>
<pin id="1415" dir="1" index="2" bw="260" slack="0"/>
</pin_list>
<bind>
<opcode="add(8) " fcode="add"/>
<opset="res_245/5 "/>
</bind>
</comp>

<comp id="1418" class="1004" name="sext_ln169_39_fu_1418">
<pin_list>
<pin id="1419" dir="0" index="0" bw="260" slack="0"/>
<pin id="1420" dir="1" index="1" bw="386" slack="0"/>
</pin_list>
<bind>
<opcode="sext(35) " fcode="sext"/>
<opset="sext_ln169_39/5 "/>
</bind>
</comp>

<comp id="1422" class="1004" name="sub_ln169_fu_1422">
<pin_list>
<pin id="1423" dir="0" index="0" bw="260" slack="0"/>
<pin id="1424" dir="0" index="1" bw="384" slack="0"/>
<pin id="1425" dir="1" index="2" bw="386" slack="1"/>
</pin_list>
<bind>
<opcode="sub(10) " fcode="sub"/>
<opset="sub_ln169/5 "/>
</bind>
</comp>

<comp id="1428" class="1004" name="shl_ln173_s_fu_1428">
<pin_list>
<pin id="1429" dir="0" index="0" bw="387" slack="0"/>
<pin id="1430" dir="0" index="1" bw="259" slack="1"/>
<pin id="1431" dir="0" index="2" bw="1" slack="0"/>
<pin id="1432" dir="1" index="3" bw="387" slack="0"/>
</pin_list>
<bind>
<opcode="bitconcatenate(1004) " fcode="bitconcatenate"/>
<opset="shl_ln173_s/6 "/>
</bind>
</comp>

<comp id="1435" class="1004" name="sext_ln172_29_fu_1435">
<pin_list>
<pin id="1436" dir="0" index="0" bw="387" slack="0"/>
<pin id="1437" dir="1" index="1" bw="388" slack="0"/>
</pin_list>
<bind>
<opcode="sext(35) " fcode="sext"/>
<opset="sext_ln172_29/6 "/>
</bind>
</comp>

<comp id="1439" class="1004" name="sext_ln169_42_fu_1439">
<pin_list>
<pin id="1440" dir="0" index="0" bw="386" slack="1"/>
<pin id="1441" dir="1" index="1" bw="388" slack="0"/>
</pin_list>
<bind>
<opcode="sext(35) " fcode="sext"/>
<opset="sext_ln169_42/6 "/>
</bind>
</comp>

<comp id="1442" class="1004" name="z1e_69_fu_1442">
<pin_list>
<pin id="1443" dir="0" index="0" bw="386" slack="0"/>
<pin id="1444" dir="0" index="1" bw="387" slack="0"/>
<pin id="1445" dir="1" index="2" bw="388" slack="0"/>
</pin_list>
<bind>
<opcode="add(8) " fcode="add"/>
<opset="z1e_69/6 "/>
</bind>
</comp>

<comp id="1448" class="1004" name="shl_ln173_13_fu_1448">
<pin_list>
<pin id="1449" dir="0" index="0" bw="516" slack="0"/>
<pin id="1450" dir="0" index="1" bw="388" slack="0"/>
<pin id="1451" dir="0" index="2" bw="1" slack="0"/>
<pin id="1452" dir="1" index="3" bw="516" slack="0"/>
</pin_list>
<bind>
<opcode="bitconcatenate(1004) " fcode="bitconcatenate"/>
<opset="shl_ln173_13/6 "/>
</bind>
</comp>

<comp id="1456" class="1004" name="sext_ln172_30_fu_1456">
<pin_list>
<pin id="1457" dir="0" index="0" bw="516" slack="0"/>
<pin id="1458" dir="1" index="1" bw="518" slack="0"/>
</pin_list>
<bind>
<opcode="sext(35) " fcode="sext"/>
<opset="sext_ln172_30/6 "/>
</bind>
</comp>

<comp id="1460" class="1004" name="zext_ln167_89_fu_1460">
<pin_list>
<pin id="1461" dir="0" index="0" bw="512" slack="1"/>
<pin id="1462" dir="1" index="1" bw="517" slack="0"/>
</pin_list>
<bind>
<opcode="zext(34) " fcode="zext"/>
<opset="zext_ln167_89/6 "/>
</bind>
</comp>

<comp id="1463" class="1004" name="zext_ln168_60_fu_1463">
<pin_list>
<pin id="1464" dir="0" index="0" bw="512" slack="1"/>
<pin id="1465" dir="1" index="1" bw="517" slack="0"/>
</pin_list>
<bind>
<opcode="zext(34) " fcode="zext"/>
<opset="zext_ln168_60/6 "/>
</bind>
</comp>

<comp id="1466" class="1004" name="res_4_fu_1466">
<pin_list>
<pin id="1467" dir="0" index="0" bw="516" slack="0"/>
<pin id="1468" dir="0" index="1" bw="260" slack="1"/>
<pin id="1469" dir="0" index="2" bw="256" slack="2"/>
<pin id="1470" dir="1" index="3" bw="516" slack="0"/>
</pin_list>
<bind>
<opcode="bitconcatenate(1004) " fcode="bitconcatenate"/>
<opset="res_4/6 "/>
</bind>
</comp>

<comp id="1472" class="1004" name="sext_ln174_39_fu_1472">
<pin_list>
<pin id="1473" dir="0" index="0" bw="516" slack="0"/>
<pin id="1474" dir="1" index="1" bw="517" slack="0"/>
</pin_list>
<bind>
<opcode="sext(35) " fcode="sext"/>
<opset="sext_ln174_39/6 "/>
</bind>
</comp>

<comp id="1476" class="1004" name="res_246_fu_1476">
<pin_list>
<pin id="1477" dir="0" index="0" bw="516" slack="0"/>
<pin id="1478" dir="0" index="1" bw="512" slack="0"/>
<pin id="1479" dir="1" index="2" bw="517" slack="0"/>
</pin_list>
<bind>
<opcode="sub(10) " fcode="sub"/>
<opset="res_246/6 "/>
</bind>
</comp>

<comp id="1482" class="1004" name="sub_ln169_10_fu_1482">
<pin_list>
<pin id="1483" dir="0" index="0" bw="517" slack="0"/>
<pin id="1484" dir="0" index="1" bw="512" slack="0"/>
<pin id="1485" dir="1" index="2" bw="517" slack="0"/>
</pin_list>
<bind>
<opcode="sub(10) " fcode="sub"/>
<opset="sub_ln169_10/6 "/>
</bind>
</comp>

<comp id="1488" class="1004" name="sext_ln169_43_fu_1488">
<pin_list>
<pin id="1489" dir="0" index="0" bw="517" slack="0"/>
<pin id="1490" dir="1" index="1" bw="518" slack="0"/>
</pin_list>
<bind>
<opcode="sext(35) " fcode="sext"/>
<opset="sext_ln169_43/6 "/>
</bind>
</comp>

<comp id="1492" class="1004" name="z1e_70_fu_1492">
<pin_list>
<pin id="1493" dir="0" index="0" bw="517" slack="0"/>
<pin id="1494" dir="0" index="1" bw="516" slack="0"/>
<pin id="1495" dir="1" index="2" bw="518" slack="1"/>
</pin_list>
<bind>
<opcode="add(8) " fcode="add"/>
<opset="z1e_70/6 "/>
</bind>
</comp>

<comp id="1498" class="1004" name="shl_ln173_14_fu_1498">
<pin_list>
<pin id="1499" dir="0" index="0" bw="774" slack="0"/>
<pin id="1500" dir="0" index="1" bw="518" slack="1"/>
<pin id="1501" dir="0" index="2" bw="1" slack="0"/>
<pin id="1502" dir="1" index="3" bw="774" slack="0"/>
</pin_list>
<bind>
<opcode="bitconcatenate(1004) " fcode="bitconcatenate"/>
<opset="shl_ln173_14/7 "/>
</bind>
</comp>

<comp id="1505" class="1004" name="sext_ln172_31_fu_1505">
<pin_list>
<pin id="1506" dir="0" index="0" bw="774" slack="0"/>
<pin id="1507" dir="1" index="1" bw="896" slack="0"/>
</pin_list>
<bind>
<opcode="sext(35) " fcode="sext"/>
<opset="sext_ln172_31/7 "/>
</bind>
</comp>

<comp id="1509" class="1004" name="zext_ln172_45_fu_1509">
<pin_list>
<pin id="1510" dir="0" index="0" bw="774" slack="0"/>
<pin id="1511" dir="1" index="1" bw="1024" slack="0"/>
</pin_list>
<bind>
<opcode="zext(34) " fcode="zext"/>
<opset="zext_ln172_45/7 "/>
</bind>
</comp>

<comp id="1513" class="1004" name="res_247_fu_1513">
<pin_list>
<pin id="1514" dir="0" index="0" bw="1024" slack="0"/>
<pin id="1515" dir="0" index="1" bw="512" slack="2"/>
<pin id="1516" dir="0" index="2" bw="512" slack="2"/>
<pin id="1517" dir="1" index="3" bw="1024" slack="0"/>
</pin_list>
<bind>
<opcode="bitconcatenate(1004) " fcode="bitconcatenate"/>
<opset="res_247/7 "/>
</bind>
</comp>

<comp id="1519" class="1004" name="res_248_fu_1519">
<pin_list>
<pin id="1520" dir="0" index="0" bw="896" slack="0"/>
<pin id="1521" dir="0" index="1" bw="1024" slack="0"/>
<pin id="1522" dir="1" index="2" bw="1024" slack="1"/>
</pin_list>
<bind>
<opcode="add(8) " fcode="add"/>
<opset="res_248/7 "/>
</bind>
</comp>

<comp id="1525" class="1005" name="B_loc_reg_1525">
<pin_list>
<pin id="1526" dir="0" index="0" bw="512" slack="0"/>
<pin id="1527" dir="1" index="1" bw="512" slack="0"/>
</pin_list>
<bind>
<opset="B_loc "/>
</bind>
</comp>

<comp id="1531" class="1005" name="A_1_loc_reg_1531">
<pin_list>
<pin id="1532" dir="0" index="0" bw="512" slack="0"/>
<pin id="1533" dir="1" index="1" bw="512" slack="0"/>
</pin_list>
<bind>
<opset="A_1_loc "/>
</bind>
</comp>

<comp id="1537" class="1005" name="z0_reg_1537">
<pin_list>
<pin id="1538" dir="0" index="0" bw="256" slack="1"/>
<pin id="1539" dir="1" index="1" bw="256" slack="1"/>
</pin_list>
<bind>
<opset="z0 "/>
</bind>
</comp>

<comp id="1543" class="1005" name="z2_169_reg_1543">
<pin_list>
<pin id="1544" dir="0" index="0" bw="256" slack="1"/>
<pin id="1545" dir="1" index="1" bw="256" slack="1"/>
</pin_list>
<bind>
<opset="z2_169 "/>
</bind>
</comp>

<comp id="1549" class="1005" name="z0_126_reg_1549">
<pin_list>
<pin id="1550" dir="0" index="0" bw="256" slack="1"/>
<pin id="1551" dir="1" index="1" bw="256" slack="1"/>
</pin_list>
<bind>
<opset="z0_126 "/>
</bind>
</comp>

<comp id="1555" class="1005" name="z2_171_reg_1555">
<pin_list>
<pin id="1556" dir="0" index="0" bw="256" slack="1"/>
<pin id="1557" dir="1" index="1" bw="256" slack="1"/>
</pin_list>
<bind>
<opset="z2_171 "/>
</bind>
</comp>

<comp id="1561" class="1005" name="t_97_reg_1561">
<pin_list>
<pin id="1562" dir="0" index="0" bw="132" slack="1"/>
<pin id="1563" dir="1" index="1" bw="132" slack="1"/>
</pin_list>
<bind>
<opset="t_97 "/>
</bind>
</comp>

<comp id="1566" class="1005" name="a0_77_reg_1566">
<pin_list>
<pin id="1567" dir="0" index="0" bw="128" slack="1"/>
<pin id="1568" dir="1" index="1" bw="128" slack="1"/>
</pin_list>
<bind>
<opset="a0_77 "/>
</bind>
</comp>

<comp id="1571" class="1005" name="b0_61_reg_1571">
<pin_list>
<pin id="1572" dir="0" index="0" bw="128" slack="1"/>
<pin id="1573" dir="1" index="1" bw="128" slack="1"/>
</pin_list>
<bind>
<opset="b0_61 "/>
</bind>
</comp>

<comp id="1576" class="1005" name="a0_78_reg_1576">
<pin_list>
<pin id="1577" dir="0" index="0" bw="64" slack="1"/>
<pin id="1578" dir="1" index="1" bw="64" slack="1"/>
</pin_list>
<bind>
<opset="a0_78 "/>
</bind>
</comp>

<comp id="1582" class="1005" name="b0_62_reg_1582">
<pin_list>
<pin id="1583" dir="0" index="0" bw="64" slack="1"/>
<pin id="1584" dir="1" index="1" bw="64" slack="1"/>
</pin_list>
<bind>
<opset="b0_62 "/>
</bind>
</comp>

<comp id="1588" class="1005" name="tmp_214_reg_1588">
<pin_list>
<pin id="1589" dir="0" index="0" bw="65" slack="1"/>
<pin id="1590" dir="1" index="1" bw="65" slack="1"/>
</pin_list>
<bind>
<opset="tmp_214 "/>
</bind>
</comp>

<comp id="1594" class="1005" name="tmp_215_reg_1594">
<pin_list>
<pin id="1595" dir="0" index="0" bw="65" slack="1"/>
<pin id="1596" dir="1" index="1" bw="65" slack="1"/>
</pin_list>
<bind>
<opset="tmp_215 "/>
</bind>
</comp>

<comp id="1600" class="1005" name="a0_79_reg_1600">
<pin_list>
<pin id="1601" dir="0" index="0" bw="128" slack="1"/>
<pin id="1602" dir="1" index="1" bw="128" slack="1"/>
</pin_list>
<bind>
<opset="a0_79 "/>
</bind>
</comp>

<comp id="1606" class="1005" name="b0_63_reg_1606">
<pin_list>
<pin id="1607" dir="0" index="0" bw="128" slack="1"/>
<pin id="1608" dir="1" index="1" bw="128" slack="1"/>
</pin_list>
<bind>
<opset="b0_63 "/>
</bind>
</comp>

<comp id="1612" class="1005" name="tmp_219_reg_1612">
<pin_list>
<pin id="1613" dir="0" index="0" bw="2" slack="1"/>
<pin id="1614" dir="1" index="1" bw="2" slack="1"/>
</pin_list>
<bind>
<opset="tmp_219 "/>
</bind>
</comp>

<comp id="1618" class="1005" name="tmp_220_reg_1618">
<pin_list>
<pin id="1619" dir="0" index="0" bw="2" slack="1"/>
<pin id="1620" dir="1" index="1" bw="2" slack="1"/>
</pin_list>
<bind>
<opset="tmp_220 "/>
</bind>
</comp>

<comp id="1624" class="1005" name="z1e_64_reg_1624">
<pin_list>
<pin id="1625" dir="0" index="0" bw="260" slack="1"/>
<pin id="1626" dir="1" index="1" bw="260" slack="1"/>
</pin_list>
<bind>
<opset="z1e_64 "/>
</bind>
</comp>

<comp id="1629" class="1005" name="z1e_66_reg_1629">
<pin_list>
<pin id="1630" dir="0" index="0" bw="260" slack="1"/>
<pin id="1631" dir="1" index="1" bw="260" slack="1"/>
</pin_list>
<bind>
<opset="z1e_66 "/>
</bind>
</comp>

<comp id="1634" class="1005" name="z0_128_reg_1634">
<pin_list>
<pin id="1635" dir="0" index="0" bw="256" slack="1"/>
<pin id="1636" dir="1" index="1" bw="256" slack="1"/>
</pin_list>
<bind>
<opset="z0_128 "/>
</bind>
</comp>

<comp id="1640" class="1005" name="add_ln173_27_reg_1640">
<pin_list>
<pin id="1641" dir="0" index="0" bw="131" slack="1"/>
<pin id="1642" dir="1" index="1" bw="131" slack="1"/>
</pin_list>
<bind>
<opset="add_ln173_27 "/>
</bind>
</comp>

<comp id="1645" class="1005" name="z0_129_reg_1645">
<pin_list>
<pin id="1646" dir="0" index="0" bw="256" slack="1"/>
<pin id="1647" dir="1" index="1" bw="256" slack="1"/>
</pin_list>
<bind>
<opset="z0_129 "/>
</bind>
</comp>

<comp id="1651" class="1005" name="z2_176_reg_1651">
<pin_list>
<pin id="1652" dir="0" index="0" bw="129" slack="1"/>
<pin id="1653" dir="1" index="1" bw="129" slack="1"/>
</pin_list>
<bind>
<opset="z2_176 "/>
</bind>
</comp>

<comp id="1657" class="1005" name="z0_125_reg_1657">
<pin_list>
<pin id="1658" dir="0" index="0" bw="512" slack="1"/>
<pin id="1659" dir="1" index="1" bw="512" slack="1"/>
</pin_list>
<bind>
<opset="z0_125 "/>
</bind>
</comp>

<comp id="1663" class="1005" name="z2_174_reg_1663">
<pin_list>
<pin id="1664" dir="0" index="0" bw="512" slack="1"/>
<pin id="1665" dir="1" index="1" bw="512" slack="1"/>
</pin_list>
<bind>
<opset="z2_174 "/>
</bind>
</comp>

<comp id="1669" class="1005" name="res_243_reg_1669">
<pin_list>
<pin id="1670" dir="0" index="0" bw="260" slack="1"/>
<pin id="1671" dir="1" index="1" bw="260" slack="1"/>
</pin_list>
<bind>
<opset="res_243 "/>
</bind>
</comp>

<comp id="1674" class="1005" name="z1e_68_reg_1674">
<pin_list>
<pin id="1675" dir="0" index="0" bw="259" slack="1"/>
<pin id="1676" dir="1" index="1" bw="259" slack="1"/>
</pin_list>
<bind>
<opset="z1e_68 "/>
</bind>
</comp>

<comp id="1679" class="1005" name="sub_ln169_reg_1679">
<pin_list>
<pin id="1680" dir="0" index="0" bw="386" slack="1"/>
<pin id="1681" dir="1" index="1" bw="386" slack="1"/>
</pin_list>
<bind>
<opset="sub_ln169 "/>
</bind>
</comp>

<comp id="1684" class="1005" name="z1e_70_reg_1684">
<pin_list>
<pin id="1685" dir="0" index="0" bw="518" slack="1"/>
<pin id="1686" dir="1" index="1" bw="518" slack="1"/>
</pin_list>
<bind>
<opset="z1e_70 "/>
</bind>
</comp>

<comp id="1689" class="1005" name="res_248_reg_1689">
<pin_list>
<pin id="1690" dir="0" index="0" bw="1024" slack="1"/>
<pin id="1691" dir="1" index="1" bw="1024" slack="1"/>
</pin_list>
<bind>
<opset="res_248 "/>
</bind>
</comp>

</comp_list>

<net_list>
<net id="89"><net_src comp="6" pin="0"/><net_sink comp="86" pin=0"/></net>

<net id="93"><net_src comp="6" pin="0"/><net_sink comp="90" pin=0"/></net>

<net id="99"><net_src comp="8" pin="0"/><net_sink comp="94" pin=0"/></net>

<net id="100"><net_src comp="0" pin="0"/><net_sink comp="94" pin=1"/></net>

<net id="106"><net_src comp="10" pin="0"/><net_sink comp="101" pin=0"/></net>

<net id="107"><net_src comp="2" pin="0"/><net_sink comp="101" pin=1"/></net>

<net id="113"><net_src comp="84" pin="0"/><net_sink comp="108" pin=0"/></net>

<net id="114"><net_src comp="4" pin="0"/><net_sink comp="108" pin=2"/></net>

<net id="162"><net_src comp="115" pin="2"/><net_sink comp="159" pin=0"/></net>

<net id="166"><net_src comp="127" pin="2"/><net_sink comp="163" pin=0"/></net>

<net id="170"><net_src comp="135" pin="2"/><net_sink comp="167" pin=0"/></net>

<net id="174"><net_src comp="119" pin="2"/><net_sink comp="171" pin=0"/></net>

<net id="178"><net_src comp="131" pin="2"/><net_sink comp="175" pin=0"/></net>

<net id="188"><net_src comp="179" pin="1"/><net_sink comp="185" pin=0"/></net>

<net id="192"><net_src comp="179" pin="1"/><net_sink comp="189" pin=0"/></net>

<net id="196"><net_src comp="182" pin="1"/><net_sink comp="193" pin=0"/></net>

<net id="200"><net_src comp="182" pin="1"/><net_sink comp="197" pin=0"/></net>

<net id="204"><net_src comp="179" pin="1"/><net_sink comp="201" pin=0"/></net>

<net id="208"><net_src comp="182" pin="1"/><net_sink comp="205" pin=0"/></net>

<net id="215"><net_src comp="12" pin="0"/><net_sink comp="209" pin=0"/></net>

<net id="216"><net_src comp="179" pin="1"/><net_sink comp="209" pin=1"/></net>

<net id="217"><net_src comp="14" pin="0"/><net_sink comp="209" pin=2"/></net>

<net id="218"><net_src comp="16" pin="0"/><net_sink comp="209" pin=3"/></net>

<net id="222"><net_src comp="209" pin="4"/><net_sink comp="219" pin=0"/></net>

<net id="223"><net_src comp="219" pin="1"/><net_sink comp="147" pin=1"/></net>

<net id="230"><net_src comp="12" pin="0"/><net_sink comp="224" pin=0"/></net>

<net id="231"><net_src comp="182" pin="1"/><net_sink comp="224" pin=1"/></net>

<net id="232"><net_src comp="14" pin="0"/><net_sink comp="224" pin=2"/></net>

<net id="233"><net_src comp="16" pin="0"/><net_sink comp="224" pin=3"/></net>

<net id="237"><net_src comp="224" pin="4"/><net_sink comp="234" pin=0"/></net>

<net id="238"><net_src comp="234" pin="1"/><net_sink comp="147" pin=0"/></net>

<net id="242"><net_src comp="201" pin="1"/><net_sink comp="239" pin=0"/></net>

<net id="243"><net_src comp="239" pin="1"/><net_sink comp="143" pin=1"/></net>

<net id="247"><net_src comp="205" pin="1"/><net_sink comp="244" pin=0"/></net>

<net id="248"><net_src comp="244" pin="1"/><net_sink comp="143" pin=0"/></net>

<net id="252"><net_src comp="201" pin="1"/><net_sink comp="249" pin=0"/></net>

<net id="256"><net_src comp="209" pin="4"/><net_sink comp="253" pin=0"/></net>

<net id="263"><net_src comp="18" pin="0"/><net_sink comp="257" pin=0"/></net>

<net id="264"><net_src comp="179" pin="1"/><net_sink comp="257" pin=1"/></net>

<net id="265"><net_src comp="14" pin="0"/><net_sink comp="257" pin=2"/></net>

<net id="266"><net_src comp="20" pin="0"/><net_sink comp="257" pin=3"/></net>

<net id="270"><net_src comp="179" pin="1"/><net_sink comp="267" pin=0"/></net>

<net id="275"><net_src comp="253" pin="1"/><net_sink comp="271" pin=0"/></net>

<net id="276"><net_src comp="249" pin="1"/><net_sink comp="271" pin=1"/></net>

<net id="280"><net_src comp="205" pin="1"/><net_sink comp="277" pin=0"/></net>

<net id="284"><net_src comp="224" pin="4"/><net_sink comp="281" pin=0"/></net>

<net id="291"><net_src comp="18" pin="0"/><net_sink comp="285" pin=0"/></net>

<net id="292"><net_src comp="182" pin="1"/><net_sink comp="285" pin=1"/></net>

<net id="293"><net_src comp="14" pin="0"/><net_sink comp="285" pin=2"/></net>

<net id="294"><net_src comp="20" pin="0"/><net_sink comp="285" pin=3"/></net>

<net id="298"><net_src comp="182" pin="1"/><net_sink comp="295" pin=0"/></net>

<net id="303"><net_src comp="281" pin="1"/><net_sink comp="299" pin=0"/></net>

<net id="304"><net_src comp="277" pin="1"/><net_sink comp="299" pin=1"/></net>

<net id="309"><net_src comp="257" pin="4"/><net_sink comp="305" pin=0"/></net>

<net id="310"><net_src comp="267" pin="1"/><net_sink comp="305" pin=1"/></net>

<net id="315"><net_src comp="285" pin="4"/><net_sink comp="311" pin=0"/></net>

<net id="316"><net_src comp="295" pin="1"/><net_sink comp="311" pin=1"/></net>

<net id="323"><net_src comp="22" pin="0"/><net_sink comp="317" pin=0"/></net>

<net id="324"><net_src comp="271" pin="2"/><net_sink comp="317" pin=1"/></net>

<net id="325"><net_src comp="24" pin="0"/><net_sink comp="317" pin=2"/></net>

<net id="326"><net_src comp="14" pin="0"/><net_sink comp="317" pin=3"/></net>

<net id="333"><net_src comp="22" pin="0"/><net_sink comp="327" pin=0"/></net>

<net id="334"><net_src comp="299" pin="2"/><net_sink comp="327" pin=1"/></net>

<net id="335"><net_src comp="24" pin="0"/><net_sink comp="327" pin=2"/></net>

<net id="336"><net_src comp="14" pin="0"/><net_sink comp="327" pin=3"/></net>

<net id="340"><net_src comp="305" pin="2"/><net_sink comp="337" pin=0"/></net>

<net id="341"><net_src comp="337" pin="1"/><net_sink comp="115" pin=1"/></net>

<net id="345"><net_src comp="311" pin="2"/><net_sink comp="342" pin=0"/></net>

<net id="346"><net_src comp="342" pin="1"/><net_sink comp="115" pin=0"/></net>

<net id="350"><net_src comp="317" pin="4"/><net_sink comp="347" pin=0"/></net>

<net id="351"><net_src comp="347" pin="1"/><net_sink comp="127" pin=1"/></net>

<net id="355"><net_src comp="327" pin="4"/><net_sink comp="352" pin=0"/></net>

<net id="356"><net_src comp="352" pin="1"/><net_sink comp="127" pin=0"/></net>

<net id="360"><net_src comp="305" pin="2"/><net_sink comp="357" pin=0"/></net>

<net id="364"><net_src comp="317" pin="4"/><net_sink comp="361" pin=0"/></net>

<net id="369"><net_src comp="361" pin="1"/><net_sink comp="365" pin=0"/></net>

<net id="370"><net_src comp="357" pin="1"/><net_sink comp="365" pin=1"/></net>

<net id="374"><net_src comp="311" pin="2"/><net_sink comp="371" pin=0"/></net>

<net id="378"><net_src comp="327" pin="4"/><net_sink comp="375" pin=0"/></net>

<net id="383"><net_src comp="375" pin="1"/><net_sink comp="379" pin=0"/></net>

<net id="384"><net_src comp="371" pin="1"/><net_sink comp="379" pin=1"/></net>

<net id="388"><net_src comp="365" pin="2"/><net_sink comp="385" pin=0"/></net>

<net id="389"><net_src comp="385" pin="1"/><net_sink comp="135" pin=1"/></net>

<net id="393"><net_src comp="379" pin="2"/><net_sink comp="390" pin=0"/></net>

<net id="394"><net_src comp="390" pin="1"/><net_sink comp="135" pin=0"/></net>

<net id="401"><net_src comp="12" pin="0"/><net_sink comp="395" pin=0"/></net>

<net id="402"><net_src comp="179" pin="1"/><net_sink comp="395" pin=1"/></net>

<net id="403"><net_src comp="26" pin="0"/><net_sink comp="395" pin=2"/></net>

<net id="404"><net_src comp="28" pin="0"/><net_sink comp="395" pin=3"/></net>

<net id="411"><net_src comp="18" pin="0"/><net_sink comp="405" pin=0"/></net>

<net id="412"><net_src comp="179" pin="1"/><net_sink comp="405" pin=1"/></net>

<net id="413"><net_src comp="26" pin="0"/><net_sink comp="405" pin=2"/></net>

<net id="414"><net_src comp="30" pin="0"/><net_sink comp="405" pin=3"/></net>

<net id="421"><net_src comp="12" pin="0"/><net_sink comp="415" pin=0"/></net>

<net id="422"><net_src comp="182" pin="1"/><net_sink comp="415" pin=1"/></net>

<net id="423"><net_src comp="26" pin="0"/><net_sink comp="415" pin=2"/></net>

<net id="424"><net_src comp="28" pin="0"/><net_sink comp="415" pin=3"/></net>

<net id="431"><net_src comp="18" pin="0"/><net_sink comp="425" pin=0"/></net>

<net id="432"><net_src comp="182" pin="1"/><net_sink comp="425" pin=1"/></net>

<net id="433"><net_src comp="26" pin="0"/><net_sink comp="425" pin=2"/></net>

<net id="434"><net_src comp="30" pin="0"/><net_sink comp="425" pin=3"/></net>

<net id="438"><net_src comp="395" pin="4"/><net_sink comp="435" pin=0"/></net>

<net id="439"><net_src comp="435" pin="1"/><net_sink comp="151" pin=1"/></net>

<net id="443"><net_src comp="415" pin="4"/><net_sink comp="440" pin=0"/></net>

<net id="444"><net_src comp="440" pin="1"/><net_sink comp="151" pin=0"/></net>

<net id="451"><net_src comp="12" pin="0"/><net_sink comp="445" pin=0"/></net>

<net id="452"><net_src comp="179" pin="1"/><net_sink comp="445" pin=1"/></net>

<net id="453"><net_src comp="32" pin="0"/><net_sink comp="445" pin=2"/></net>

<net id="454"><net_src comp="34" pin="0"/><net_sink comp="445" pin=3"/></net>

<net id="461"><net_src comp="18" pin="0"/><net_sink comp="455" pin=0"/></net>

<net id="462"><net_src comp="179" pin="1"/><net_sink comp="455" pin=1"/></net>

<net id="463"><net_src comp="32" pin="0"/><net_sink comp="455" pin=2"/></net>

<net id="464"><net_src comp="36" pin="0"/><net_sink comp="455" pin=3"/></net>

<net id="468"><net_src comp="445" pin="4"/><net_sink comp="465" pin=0"/></net>

<net id="469"><net_src comp="465" pin="1"/><net_sink comp="155" pin=1"/></net>

<net id="476"><net_src comp="12" pin="0"/><net_sink comp="470" pin=0"/></net>

<net id="477"><net_src comp="182" pin="1"/><net_sink comp="470" pin=1"/></net>

<net id="478"><net_src comp="32" pin="0"/><net_sink comp="470" pin=2"/></net>

<net id="479"><net_src comp="34" pin="0"/><net_sink comp="470" pin=3"/></net>

<net id="486"><net_src comp="18" pin="0"/><net_sink comp="480" pin=0"/></net>

<net id="487"><net_src comp="182" pin="1"/><net_sink comp="480" pin=1"/></net>

<net id="488"><net_src comp="32" pin="0"/><net_sink comp="480" pin=2"/></net>

<net id="489"><net_src comp="36" pin="0"/><net_sink comp="480" pin=3"/></net>

<net id="493"><net_src comp="470" pin="4"/><net_sink comp="490" pin=0"/></net>

<net id="494"><net_src comp="490" pin="1"/><net_sink comp="155" pin=0"/></net>

<net id="498"><net_src comp="395" pin="4"/><net_sink comp="495" pin=0"/></net>

<net id="502"><net_src comp="445" pin="4"/><net_sink comp="499" pin=0"/></net>

<net id="507"><net_src comp="405" pin="4"/><net_sink comp="503" pin=0"/></net>

<net id="508"><net_src comp="455" pin="4"/><net_sink comp="503" pin=1"/></net>

<net id="513"><net_src comp="495" pin="1"/><net_sink comp="509" pin=0"/></net>

<net id="514"><net_src comp="499" pin="1"/><net_sink comp="509" pin=1"/></net>

<net id="518"><net_src comp="415" pin="4"/><net_sink comp="515" pin=0"/></net>

<net id="522"><net_src comp="470" pin="4"/><net_sink comp="519" pin=0"/></net>

<net id="527"><net_src comp="425" pin="4"/><net_sink comp="523" pin=0"/></net>

<net id="528"><net_src comp="480" pin="4"/><net_sink comp="523" pin=1"/></net>

<net id="533"><net_src comp="515" pin="1"/><net_sink comp="529" pin=0"/></net>

<net id="534"><net_src comp="519" pin="1"/><net_sink comp="529" pin=1"/></net>

<net id="541"><net_src comp="22" pin="0"/><net_sink comp="535" pin=0"/></net>

<net id="542"><net_src comp="509" pin="2"/><net_sink comp="535" pin=1"/></net>

<net id="543"><net_src comp="24" pin="0"/><net_sink comp="535" pin=2"/></net>

<net id="544"><net_src comp="14" pin="0"/><net_sink comp="535" pin=3"/></net>

<net id="551"><net_src comp="22" pin="0"/><net_sink comp="545" pin=0"/></net>

<net id="552"><net_src comp="529" pin="2"/><net_sink comp="545" pin=1"/></net>

<net id="553"><net_src comp="24" pin="0"/><net_sink comp="545" pin=2"/></net>

<net id="554"><net_src comp="14" pin="0"/><net_sink comp="545" pin=3"/></net>

<net id="558"><net_src comp="503" pin="2"/><net_sink comp="555" pin=0"/></net>

<net id="559"><net_src comp="555" pin="1"/><net_sink comp="119" pin=1"/></net>

<net id="563"><net_src comp="523" pin="2"/><net_sink comp="560" pin=0"/></net>

<net id="564"><net_src comp="560" pin="1"/><net_sink comp="119" pin=0"/></net>

<net id="568"><net_src comp="535" pin="4"/><net_sink comp="565" pin=0"/></net>

<net id="569"><net_src comp="565" pin="1"/><net_sink comp="131" pin=1"/></net>

<net id="573"><net_src comp="545" pin="4"/><net_sink comp="570" pin=0"/></net>

<net id="574"><net_src comp="570" pin="1"/><net_sink comp="131" pin=0"/></net>

<net id="578"><net_src comp="503" pin="2"/><net_sink comp="575" pin=0"/></net>

<net id="582"><net_src comp="535" pin="4"/><net_sink comp="579" pin=0"/></net>

<net id="587"><net_src comp="579" pin="1"/><net_sink comp="583" pin=0"/></net>

<net id="588"><net_src comp="575" pin="1"/><net_sink comp="583" pin=1"/></net>

<net id="592"><net_src comp="523" pin="2"/><net_sink comp="589" pin=0"/></net>

<net id="596"><net_src comp="545" pin="4"/><net_sink comp="593" pin=0"/></net>

<net id="601"><net_src comp="593" pin="1"/><net_sink comp="597" pin=0"/></net>

<net id="602"><net_src comp="589" pin="1"/><net_sink comp="597" pin=1"/></net>

<net id="606"><net_src comp="583" pin="2"/><net_sink comp="603" pin=0"/></net>

<net id="607"><net_src comp="603" pin="1"/><net_sink comp="139" pin=1"/></net>

<net id="611"><net_src comp="597" pin="2"/><net_sink comp="608" pin=0"/></net>

<net id="612"><net_src comp="608" pin="1"/><net_sink comp="139" pin=0"/></net>

<net id="616"><net_src comp="185" pin="1"/><net_sink comp="613" pin=0"/></net>

<net id="623"><net_src comp="38" pin="0"/><net_sink comp="617" pin=0"/></net>

<net id="624"><net_src comp="179" pin="1"/><net_sink comp="617" pin=1"/></net>

<net id="625"><net_src comp="26" pin="0"/><net_sink comp="617" pin=2"/></net>

<net id="626"><net_src comp="34" pin="0"/><net_sink comp="617" pin=3"/></net>

<net id="633"><net_src comp="40" pin="0"/><net_sink comp="627" pin=0"/></net>

<net id="634"><net_src comp="179" pin="1"/><net_sink comp="627" pin=1"/></net>

<net id="635"><net_src comp="26" pin="0"/><net_sink comp="627" pin=2"/></net>

<net id="636"><net_src comp="36" pin="0"/><net_sink comp="627" pin=3"/></net>

<net id="640"><net_src comp="617" pin="4"/><net_sink comp="637" pin=0"/></net>

<net id="645"><net_src comp="627" pin="4"/><net_sink comp="641" pin=0"/></net>

<net id="646"><net_src comp="189" pin="1"/><net_sink comp="641" pin=1"/></net>

<net id="651"><net_src comp="637" pin="1"/><net_sink comp="647" pin=0"/></net>

<net id="652"><net_src comp="613" pin="1"/><net_sink comp="647" pin=1"/></net>

<net id="656"><net_src comp="193" pin="1"/><net_sink comp="653" pin=0"/></net>

<net id="663"><net_src comp="38" pin="0"/><net_sink comp="657" pin=0"/></net>

<net id="664"><net_src comp="182" pin="1"/><net_sink comp="657" pin=1"/></net>

<net id="665"><net_src comp="26" pin="0"/><net_sink comp="657" pin=2"/></net>

<net id="666"><net_src comp="34" pin="0"/><net_sink comp="657" pin=3"/></net>

<net id="673"><net_src comp="40" pin="0"/><net_sink comp="667" pin=0"/></net>

<net id="674"><net_src comp="182" pin="1"/><net_sink comp="667" pin=1"/></net>

<net id="675"><net_src comp="26" pin="0"/><net_sink comp="667" pin=2"/></net>

<net id="676"><net_src comp="36" pin="0"/><net_sink comp="667" pin=3"/></net>

<net id="680"><net_src comp="657" pin="4"/><net_sink comp="677" pin=0"/></net>

<net id="685"><net_src comp="667" pin="4"/><net_sink comp="681" pin=0"/></net>

<net id="686"><net_src comp="197" pin="1"/><net_sink comp="681" pin=1"/></net>

<net id="691"><net_src comp="677" pin="1"/><net_sink comp="687" pin=0"/></net>

<net id="692"><net_src comp="653" pin="1"/><net_sink comp="687" pin=1"/></net>

<net id="696"><net_src comp="641" pin="2"/><net_sink comp="693" pin=0"/></net>

<net id="700"><net_src comp="681" pin="2"/><net_sink comp="697" pin=0"/></net>

<net id="704"><net_src comp="693" pin="1"/><net_sink comp="701" pin=0"/></net>

<net id="708"><net_src comp="697" pin="1"/><net_sink comp="705" pin=0"/></net>

<net id="715"><net_src comp="42" pin="0"/><net_sink comp="709" pin=0"/></net>

<net id="716"><net_src comp="641" pin="2"/><net_sink comp="709" pin=1"/></net>

<net id="717"><net_src comp="14" pin="0"/><net_sink comp="709" pin=2"/></net>

<net id="718"><net_src comp="20" pin="0"/><net_sink comp="709" pin=3"/></net>

<net id="725"><net_src comp="42" pin="0"/><net_sink comp="719" pin=0"/></net>

<net id="726"><net_src comp="681" pin="2"/><net_sink comp="719" pin=1"/></net>

<net id="727"><net_src comp="14" pin="0"/><net_sink comp="719" pin=2"/></net>

<net id="728"><net_src comp="20" pin="0"/><net_sink comp="719" pin=3"/></net>

<net id="735"><net_src comp="44" pin="0"/><net_sink comp="729" pin=0"/></net>

<net id="736"><net_src comp="647" pin="2"/><net_sink comp="729" pin=1"/></net>

<net id="737"><net_src comp="46" pin="0"/><net_sink comp="729" pin=2"/></net>

<net id="738"><net_src comp="26" pin="0"/><net_sink comp="729" pin=3"/></net>

<net id="745"><net_src comp="44" pin="0"/><net_sink comp="739" pin=0"/></net>

<net id="746"><net_src comp="687" pin="2"/><net_sink comp="739" pin=1"/></net>

<net id="747"><net_src comp="46" pin="0"/><net_sink comp="739" pin=2"/></net>

<net id="748"><net_src comp="26" pin="0"/><net_sink comp="739" pin=3"/></net>

<net id="755"><net_src comp="48" pin="0"/><net_sink comp="749" pin=0"/></net>

<net id="756"><net_src comp="647" pin="2"/><net_sink comp="749" pin=1"/></net>

<net id="757"><net_src comp="14" pin="0"/><net_sink comp="749" pin=2"/></net>

<net id="758"><net_src comp="26" pin="0"/><net_sink comp="749" pin=3"/></net>

<net id="762"><net_src comp="749" pin="4"/><net_sink comp="759" pin=0"/></net>

<net id="767"><net_src comp="759" pin="1"/><net_sink comp="763" pin=0"/></net>

<net id="768"><net_src comp="701" pin="1"/><net_sink comp="763" pin=1"/></net>

<net id="775"><net_src comp="48" pin="0"/><net_sink comp="769" pin=0"/></net>

<net id="776"><net_src comp="687" pin="2"/><net_sink comp="769" pin=1"/></net>

<net id="777"><net_src comp="14" pin="0"/><net_sink comp="769" pin=2"/></net>

<net id="778"><net_src comp="26" pin="0"/><net_sink comp="769" pin=3"/></net>

<net id="782"><net_src comp="769" pin="4"/><net_sink comp="779" pin=0"/></net>

<net id="787"><net_src comp="779" pin="1"/><net_sink comp="783" pin=0"/></net>

<net id="788"><net_src comp="705" pin="1"/><net_sink comp="783" pin=1"/></net>

<net id="792"><net_src comp="763" pin="2"/><net_sink comp="789" pin=0"/></net>

<net id="796"><net_src comp="783" pin="2"/><net_sink comp="793" pin=0"/></net>

<net id="803"><net_src comp="50" pin="0"/><net_sink comp="797" pin=0"/></net>

<net id="804"><net_src comp="763" pin="2"/><net_sink comp="797" pin=1"/></net>

<net id="805"><net_src comp="14" pin="0"/><net_sink comp="797" pin=2"/></net>

<net id="806"><net_src comp="52" pin="0"/><net_sink comp="797" pin=3"/></net>

<net id="813"><net_src comp="50" pin="0"/><net_sink comp="807" pin=0"/></net>

<net id="814"><net_src comp="783" pin="2"/><net_sink comp="807" pin=1"/></net>

<net id="815"><net_src comp="14" pin="0"/><net_sink comp="807" pin=2"/></net>

<net id="816"><net_src comp="52" pin="0"/><net_sink comp="807" pin=3"/></net>

<net id="820"><net_src comp="167" pin="1"/><net_sink comp="817" pin=0"/></net>

<net id="824"><net_src comp="159" pin="1"/><net_sink comp="821" pin=0"/></net>

<net id="828"><net_src comp="159" pin="1"/><net_sink comp="825" pin=0"/></net>

<net id="832"><net_src comp="163" pin="1"/><net_sink comp="829" pin=0"/></net>

<net id="837"><net_src comp="829" pin="1"/><net_sink comp="833" pin=0"/></net>

<net id="838"><net_src comp="825" pin="1"/><net_sink comp="833" pin=1"/></net>

<net id="842"><net_src comp="833" pin="2"/><net_sink comp="839" pin=0"/></net>

<net id="847"><net_src comp="817" pin="1"/><net_sink comp="843" pin=0"/></net>

<net id="848"><net_src comp="839" pin="1"/><net_sink comp="843" pin=1"/></net>

<net id="854"><net_src comp="54" pin="0"/><net_sink comp="849" pin=0"/></net>

<net id="855"><net_src comp="843" pin="2"/><net_sink comp="849" pin=1"/></net>

<net id="856"><net_src comp="56" pin="0"/><net_sink comp="849" pin=2"/></net>

<net id="860"><net_src comp="849" pin="3"/><net_sink comp="857" pin=0"/></net>

<net id="866"><net_src comp="58" pin="0"/><net_sink comp="861" pin=0"/></net>

<net id="867"><net_src comp="163" pin="1"/><net_sink comp="861" pin=1"/></net>

<net id="868"><net_src comp="60" pin="0"/><net_sink comp="861" pin=2"/></net>

<net id="872"><net_src comp="861" pin="3"/><net_sink comp="869" pin=0"/></net>

<net id="883"><net_src comp="876" pin="1"/><net_sink comp="879" pin=0"/></net>

<net id="884"><net_src comp="873" pin="1"/><net_sink comp="879" pin=1"/></net>

<net id="888"><net_src comp="879" pin="2"/><net_sink comp="885" pin=0"/></net>

<net id="893"><net_src comp="821" pin="1"/><net_sink comp="889" pin=0"/></net>

<net id="894"><net_src comp="885" pin="1"/><net_sink comp="889" pin=1"/></net>

<net id="898"><net_src comp="889" pin="2"/><net_sink comp="895" pin=0"/></net>

<net id="903"><net_src comp="869" pin="1"/><net_sink comp="899" pin=0"/></net>

<net id="904"><net_src comp="857" pin="1"/><net_sink comp="899" pin=1"/></net>

<net id="909"><net_src comp="899" pin="2"/><net_sink comp="905" pin=0"/></net>

<net id="910"><net_src comp="895" pin="1"/><net_sink comp="905" pin=1"/></net>

<net id="917"><net_src comp="171" pin="1"/><net_sink comp="914" pin=0"/></net>

<net id="921"><net_src comp="171" pin="1"/><net_sink comp="918" pin=0"/></net>

<net id="925"><net_src comp="175" pin="1"/><net_sink comp="922" pin=0"/></net>

<net id="930"><net_src comp="922" pin="1"/><net_sink comp="926" pin=0"/></net>

<net id="931"><net_src comp="918" pin="1"/><net_sink comp="926" pin=1"/></net>

<net id="935"><net_src comp="926" pin="2"/><net_sink comp="932" pin=0"/></net>

<net id="940"><net_src comp="911" pin="1"/><net_sink comp="936" pin=0"/></net>

<net id="941"><net_src comp="932" pin="1"/><net_sink comp="936" pin=1"/></net>

<net id="947"><net_src comp="54" pin="0"/><net_sink comp="942" pin=0"/></net>

<net id="948"><net_src comp="936" pin="2"/><net_sink comp="942" pin=1"/></net>

<net id="949"><net_src comp="56" pin="0"/><net_sink comp="942" pin=2"/></net>

<net id="953"><net_src comp="942" pin="3"/><net_sink comp="950" pin=0"/></net>

<net id="959"><net_src comp="58" pin="0"/><net_sink comp="954" pin=0"/></net>

<net id="960"><net_src comp="175" pin="1"/><net_sink comp="954" pin=1"/></net>

<net id="961"><net_src comp="60" pin="0"/><net_sink comp="954" pin=2"/></net>

<net id="965"><net_src comp="954" pin="3"/><net_sink comp="962" pin=0"/></net>

<net id="976"><net_src comp="969" pin="1"/><net_sink comp="972" pin=0"/></net>

<net id="977"><net_src comp="966" pin="1"/><net_sink comp="972" pin=1"/></net>

<net id="981"><net_src comp="972" pin="2"/><net_sink comp="978" pin=0"/></net>

<net id="986"><net_src comp="914" pin="1"/><net_sink comp="982" pin=0"/></net>

<net id="987"><net_src comp="978" pin="1"/><net_sink comp="982" pin=1"/></net>

<net id="991"><net_src comp="982" pin="2"/><net_sink comp="988" pin=0"/></net>

<net id="996"><net_src comp="962" pin="1"/><net_sink comp="992" pin=0"/></net>

<net id="997"><net_src comp="950" pin="1"/><net_sink comp="992" pin=1"/></net>

<net id="1002"><net_src comp="992" pin="2"/><net_sink comp="998" pin=0"/></net>

<net id="1003"><net_src comp="988" pin="1"/><net_sink comp="998" pin=1"/></net>

<net id="1007"><net_src comp="1004" pin="1"/><net_sink comp="143" pin=1"/></net>

<net id="1011"><net_src comp="1008" pin="1"/><net_sink comp="143" pin=0"/></net>

<net id="1015"><net_src comp="1012" pin="1"/><net_sink comp="115" pin=1"/></net>

<net id="1019"><net_src comp="1016" pin="1"/><net_sink comp="115" pin=0"/></net>

<net id="1023"><net_src comp="1020" pin="1"/><net_sink comp="127" pin=1"/></net>

<net id="1027"><net_src comp="1024" pin="1"/><net_sink comp="127" pin=0"/></net>

<net id="1038"><net_src comp="1031" pin="1"/><net_sink comp="1034" pin=0"/></net>

<net id="1039"><net_src comp="1028" pin="1"/><net_sink comp="1034" pin=1"/></net>

<net id="1050"><net_src comp="1043" pin="1"/><net_sink comp="1046" pin=0"/></net>

<net id="1051"><net_src comp="1040" pin="1"/><net_sink comp="1046" pin=1"/></net>

<net id="1055"><net_src comp="1034" pin="2"/><net_sink comp="1052" pin=0"/></net>

<net id="1056"><net_src comp="1052" pin="1"/><net_sink comp="135" pin=1"/></net>

<net id="1060"><net_src comp="1046" pin="2"/><net_sink comp="1057" pin=0"/></net>

<net id="1061"><net_src comp="1057" pin="1"/><net_sink comp="135" pin=0"/></net>

<net id="1065"><net_src comp="115" pin="2"/><net_sink comp="1062" pin=0"/></net>

<net id="1069"><net_src comp="127" pin="2"/><net_sink comp="1066" pin=0"/></net>

<net id="1074"><net_src comp="1066" pin="1"/><net_sink comp="1070" pin=0"/></net>

<net id="1075"><net_src comp="1062" pin="1"/><net_sink comp="1070" pin=1"/></net>

<net id="1079"><net_src comp="1076" pin="1"/><net_sink comp="147" pin=1"/></net>

<net id="1083"><net_src comp="1080" pin="1"/><net_sink comp="147" pin=0"/></net>

<net id="1094"><net_src comp="1087" pin="1"/><net_sink comp="1090" pin=0"/></net>

<net id="1095"><net_src comp="1084" pin="1"/><net_sink comp="1090" pin=1"/></net>

<net id="1106"><net_src comp="1099" pin="1"/><net_sink comp="1102" pin=0"/></net>

<net id="1107"><net_src comp="1096" pin="1"/><net_sink comp="1102" pin=1"/></net>

<net id="1111"><net_src comp="1090" pin="2"/><net_sink comp="1108" pin=0"/></net>

<net id="1115"><net_src comp="1102" pin="2"/><net_sink comp="1112" pin=0"/></net>

<net id="1122"><net_src comp="22" pin="0"/><net_sink comp="1116" pin=0"/></net>

<net id="1123"><net_src comp="1090" pin="2"/><net_sink comp="1116" pin=1"/></net>

<net id="1124"><net_src comp="24" pin="0"/><net_sink comp="1116" pin=2"/></net>

<net id="1125"><net_src comp="14" pin="0"/><net_sink comp="1116" pin=3"/></net>

<net id="1129"><net_src comp="1116" pin="4"/><net_sink comp="1126" pin=0"/></net>

<net id="1130"><net_src comp="1126" pin="1"/><net_sink comp="123" pin=1"/></net>

<net id="1137"><net_src comp="22" pin="0"/><net_sink comp="1131" pin=0"/></net>

<net id="1138"><net_src comp="1102" pin="2"/><net_sink comp="1131" pin=1"/></net>

<net id="1139"><net_src comp="24" pin="0"/><net_sink comp="1131" pin=2"/></net>

<net id="1140"><net_src comp="14" pin="0"/><net_sink comp="1131" pin=3"/></net>

<net id="1144"><net_src comp="1131" pin="4"/><net_sink comp="1141" pin=0"/></net>

<net id="1145"><net_src comp="1141" pin="1"/><net_sink comp="123" pin=0"/></net>

<net id="1149"><net_src comp="1108" pin="1"/><net_sink comp="1146" pin=0"/></net>

<net id="1150"><net_src comp="1146" pin="1"/><net_sink comp="119" pin=1"/></net>

<net id="1154"><net_src comp="1112" pin="1"/><net_sink comp="1151" pin=0"/></net>

<net id="1155"><net_src comp="1151" pin="1"/><net_sink comp="119" pin=0"/></net>

<net id="1159"><net_src comp="1108" pin="1"/><net_sink comp="1156" pin=0"/></net>

<net id="1164"><net_src comp="1116" pin="4"/><net_sink comp="1160" pin=0"/></net>

<net id="1165"><net_src comp="1156" pin="1"/><net_sink comp="1160" pin=1"/></net>

<net id="1169"><net_src comp="1112" pin="1"/><net_sink comp="1166" pin=0"/></net>

<net id="1174"><net_src comp="1131" pin="4"/><net_sink comp="1170" pin=0"/></net>

<net id="1175"><net_src comp="1166" pin="1"/><net_sink comp="1170" pin=1"/></net>

<net id="1179"><net_src comp="1160" pin="2"/><net_sink comp="1176" pin=0"/></net>

<net id="1180"><net_src comp="1176" pin="1"/><net_sink comp="131" pin=1"/></net>

<net id="1184"><net_src comp="1170" pin="2"/><net_sink comp="1181" pin=0"/></net>

<net id="1185"><net_src comp="1181" pin="1"/><net_sink comp="131" pin=0"/></net>

<net id="1191"><net_src comp="62" pin="0"/><net_sink comp="1186" pin=0"/></net>

<net id="1192"><net_src comp="60" pin="0"/><net_sink comp="1186" pin=2"/></net>

<net id="1196"><net_src comp="1186" pin="3"/><net_sink comp="1193" pin=0"/></net>

<net id="1202"><net_src comp="64" pin="0"/><net_sink comp="1197" pin=0"/></net>

<net id="1207"><net_src comp="1193" pin="1"/><net_sink comp="1203" pin=0"/></net>

<net id="1208"><net_src comp="1197" pin="3"/><net_sink comp="1203" pin=1"/></net>

<net id="1214"><net_src comp="62" pin="0"/><net_sink comp="1209" pin=0"/></net>

<net id="1215"><net_src comp="60" pin="0"/><net_sink comp="1209" pin=2"/></net>

<net id="1219"><net_src comp="1209" pin="3"/><net_sink comp="1216" pin=0"/></net>

<net id="1225"><net_src comp="64" pin="0"/><net_sink comp="1220" pin=0"/></net>

<net id="1230"><net_src comp="1216" pin="1"/><net_sink comp="1226" pin=0"/></net>

<net id="1231"><net_src comp="1220" pin="3"/><net_sink comp="1226" pin=1"/></net>

<net id="1235"><net_src comp="167" pin="1"/><net_sink comp="1232" pin=0"/></net>

<net id="1243"><net_src comp="1232" pin="1"/><net_sink comp="1239" pin=0"/></net>

<net id="1244"><net_src comp="1236" pin="1"/><net_sink comp="1239" pin=1"/></net>

<net id="1250"><net_src comp="54" pin="0"/><net_sink comp="1245" pin=0"/></net>

<net id="1251"><net_src comp="1239" pin="2"/><net_sink comp="1245" pin=1"/></net>

<net id="1252"><net_src comp="56" pin="0"/><net_sink comp="1245" pin=2"/></net>

<net id="1256"><net_src comp="1245" pin="3"/><net_sink comp="1253" pin=0"/></net>

<net id="1262"><net_src comp="58" pin="0"/><net_sink comp="1257" pin=0"/></net>

<net id="1263"><net_src comp="163" pin="1"/><net_sink comp="1257" pin=1"/></net>

<net id="1264"><net_src comp="159" pin="1"/><net_sink comp="1257" pin=2"/></net>

<net id="1268"><net_src comp="1257" pin="3"/><net_sink comp="1265" pin=0"/></net>

<net id="1273"><net_src comp="1253" pin="1"/><net_sink comp="1269" pin=0"/></net>

<net id="1274"><net_src comp="1265" pin="1"/><net_sink comp="1269" pin=1"/></net>

<net id="1285"><net_src comp="1278" pin="1"/><net_sink comp="1281" pin=0"/></net>

<net id="1286"><net_src comp="1275" pin="1"/><net_sink comp="1281" pin=1"/></net>

<net id="1290"><net_src comp="175" pin="1"/><net_sink comp="1287" pin=0"/></net>

<net id="1294"><net_src comp="171" pin="1"/><net_sink comp="1291" pin=0"/></net>

<net id="1298"><net_src comp="171" pin="1"/><net_sink comp="1295" pin=0"/></net>

<net id="1303"><net_src comp="1295" pin="1"/><net_sink comp="1299" pin=1"/></net>

<net id="1307"><net_src comp="1299" pin="2"/><net_sink comp="1304" pin=0"/></net>

<net id="1312"><net_src comp="1287" pin="1"/><net_sink comp="1308" pin=0"/></net>

<net id="1313"><net_src comp="1304" pin="1"/><net_sink comp="1308" pin=1"/></net>

<net id="1319"><net_src comp="66" pin="0"/><net_sink comp="1314" pin=0"/></net>

<net id="1320"><net_src comp="1308" pin="2"/><net_sink comp="1314" pin=1"/></net>

<net id="1321"><net_src comp="56" pin="0"/><net_sink comp="1314" pin=2"/></net>

<net id="1325"><net_src comp="1314" pin="3"/><net_sink comp="1322" pin=0"/></net>

<net id="1331"><net_src comp="68" pin="0"/><net_sink comp="1326" pin=0"/></net>

<net id="1332"><net_src comp="60" pin="0"/><net_sink comp="1326" pin=2"/></net>

<net id="1336"><net_src comp="1326" pin="3"/><net_sink comp="1333" pin=0"/></net>

<net id="1340"><net_src comp="1281" pin="2"/><net_sink comp="1337" pin=0"/></net>

<net id="1345"><net_src comp="1337" pin="1"/><net_sink comp="1341" pin=0"/></net>

<net id="1349"><net_src comp="1341" pin="2"/><net_sink comp="1346" pin=0"/></net>

<net id="1354"><net_src comp="1291" pin="1"/><net_sink comp="1350" pin=0"/></net>

<net id="1355"><net_src comp="1346" pin="1"/><net_sink comp="1350" pin=1"/></net>

<net id="1359"><net_src comp="1350" pin="2"/><net_sink comp="1356" pin=0"/></net>

<net id="1364"><net_src comp="1333" pin="1"/><net_sink comp="1360" pin=0"/></net>

<net id="1365"><net_src comp="1322" pin="1"/><net_sink comp="1360" pin=1"/></net>

<net id="1370"><net_src comp="1360" pin="2"/><net_sink comp="1366" pin=0"/></net>

<net id="1371"><net_src comp="1356" pin="1"/><net_sink comp="1366" pin=1"/></net>

<net id="1378"><net_src comp="1281" pin="2"/><net_sink comp="1375" pin=0"/></net>

<net id="1384"><net_src comp="70" pin="0"/><net_sink comp="1379" pin=0"/></net>

<net id="1385"><net_src comp="1375" pin="1"/><net_sink comp="1379" pin=1"/></net>

<net id="1386"><net_src comp="72" pin="0"/><net_sink comp="1379" pin=2"/></net>

<net id="1390"><net_src comp="1379" pin="3"/><net_sink comp="1387" pin=0"/></net>

<net id="1397"><net_src comp="1269" pin="2"/><net_sink comp="1394" pin=0"/></net>

<net id="1401"><net_src comp="1394" pin="1"/><net_sink comp="1398" pin=0"/></net>

<net id="1406"><net_src comp="1372" pin="1"/><net_sink comp="1402" pin=0"/></net>

<net id="1407"><net_src comp="1391" pin="1"/><net_sink comp="1402" pin=1"/></net>

<net id="1411"><net_src comp="1402" pin="2"/><net_sink comp="1408" pin=0"/></net>

<net id="1416"><net_src comp="1408" pin="1"/><net_sink comp="1412" pin=0"/></net>

<net id="1417"><net_src comp="1387" pin="1"/><net_sink comp="1412" pin=1"/></net>

<net id="1421"><net_src comp="1412" pin="2"/><net_sink comp="1418" pin=0"/></net>

<net id="1426"><net_src comp="1418" pin="1"/><net_sink comp="1422" pin=0"/></net>

<net id="1427"><net_src comp="1398" pin="1"/><net_sink comp="1422" pin=1"/></net>

<net id="1433"><net_src comp="74" pin="0"/><net_sink comp="1428" pin=0"/></net>

<net id="1434"><net_src comp="60" pin="0"/><net_sink comp="1428" pin=2"/></net>

<net id="1438"><net_src comp="1428" pin="3"/><net_sink comp="1435" pin=0"/></net>

<net id="1446"><net_src comp="1439" pin="1"/><net_sink comp="1442" pin=0"/></net>

<net id="1447"><net_src comp="1435" pin="1"/><net_sink comp="1442" pin=1"/></net>

<net id="1453"><net_src comp="76" pin="0"/><net_sink comp="1448" pin=0"/></net>

<net id="1454"><net_src comp="1442" pin="2"/><net_sink comp="1448" pin=1"/></net>

<net id="1455"><net_src comp="60" pin="0"/><net_sink comp="1448" pin=2"/></net>

<net id="1459"><net_src comp="1448" pin="3"/><net_sink comp="1456" pin=0"/></net>

<net id="1471"><net_src comp="78" pin="0"/><net_sink comp="1466" pin=0"/></net>

<net id="1475"><net_src comp="1466" pin="3"/><net_sink comp="1472" pin=0"/></net>

<net id="1480"><net_src comp="1472" pin="1"/><net_sink comp="1476" pin=0"/></net>

<net id="1481"><net_src comp="1463" pin="1"/><net_sink comp="1476" pin=1"/></net>

<net id="1486"><net_src comp="1476" pin="2"/><net_sink comp="1482" pin=0"/></net>

<net id="1487"><net_src comp="1460" pin="1"/><net_sink comp="1482" pin=1"/></net>

<net id="1491"><net_src comp="1482" pin="2"/><net_sink comp="1488" pin=0"/></net>

<net id="1496"><net_src comp="1488" pin="1"/><net_sink comp="1492" pin=0"/></net>

<net id="1497"><net_src comp="1456" pin="1"/><net_sink comp="1492" pin=1"/></net>

<net id="1503"><net_src comp="80" pin="0"/><net_sink comp="1498" pin=0"/></net>

<net id="1504"><net_src comp="72" pin="0"/><net_sink comp="1498" pin=2"/></net>

<net id="1508"><net_src comp="1498" pin="3"/><net_sink comp="1505" pin=0"/></net>

<net id="1512"><net_src comp="1505" pin="1"/><net_sink comp="1509" pin=0"/></net>

<net id="1518"><net_src comp="82" pin="0"/><net_sink comp="1513" pin=0"/></net>

<net id="1523"><net_src comp="1509" pin="1"/><net_sink comp="1519" pin=0"/></net>

<net id="1524"><net_src comp="1513" pin="3"/><net_sink comp="1519" pin=1"/></net>

<net id="1528"><net_src comp="86" pin="1"/><net_sink comp="1525" pin=0"/></net>

<net id="1529"><net_src comp="1525" pin="1"/><net_sink comp="101" pin=2"/></net>

<net id="1530"><net_src comp="1525" pin="1"/><net_sink comp="182" pin=0"/></net>

<net id="1534"><net_src comp="90" pin="1"/><net_sink comp="1531" pin=0"/></net>

<net id="1535"><net_src comp="1531" pin="1"/><net_sink comp="94" pin=2"/></net>

<net id="1536"><net_src comp="1531" pin="1"/><net_sink comp="179" pin=0"/></net>

<net id="1540"><net_src comp="143" pin="2"/><net_sink comp="1537" pin=0"/></net>

<net id="1541"><net_src comp="1537" pin="1"/><net_sink comp="873" pin=0"/></net>

<net id="1542"><net_src comp="1537" pin="1"/><net_sink comp="1197" pin=2"/></net>

<net id="1546"><net_src comp="147" pin="2"/><net_sink comp="1543" pin=0"/></net>

<net id="1547"><net_src comp="1543" pin="1"/><net_sink comp="876" pin=0"/></net>

<net id="1548"><net_src comp="1543" pin="1"/><net_sink comp="1197" pin=1"/></net>

<net id="1552"><net_src comp="151" pin="2"/><net_sink comp="1549" pin=0"/></net>

<net id="1553"><net_src comp="1549" pin="1"/><net_sink comp="966" pin=0"/></net>

<net id="1554"><net_src comp="1549" pin="1"/><net_sink comp="1220" pin=2"/></net>

<net id="1558"><net_src comp="155" pin="2"/><net_sink comp="1555" pin=0"/></net>

<net id="1559"><net_src comp="1555" pin="1"/><net_sink comp="969" pin=0"/></net>

<net id="1560"><net_src comp="1555" pin="1"/><net_sink comp="1220" pin=1"/></net>

<net id="1564"><net_src comp="139" pin="2"/><net_sink comp="1561" pin=0"/></net>

<net id="1565"><net_src comp="1561" pin="1"/><net_sink comp="911" pin=0"/></net>

<net id="1569"><net_src comp="693" pin="1"/><net_sink comp="1566" pin=0"/></net>

<net id="1570"><net_src comp="1566" pin="1"/><net_sink comp="1004" pin=0"/></net>

<net id="1574"><net_src comp="697" pin="1"/><net_sink comp="1571" pin=0"/></net>

<net id="1575"><net_src comp="1571" pin="1"/><net_sink comp="1008" pin=0"/></net>

<net id="1579"><net_src comp="709" pin="4"/><net_sink comp="1576" pin=0"/></net>

<net id="1580"><net_src comp="1576" pin="1"/><net_sink comp="1012" pin=0"/></net>

<net id="1581"><net_src comp="1576" pin="1"/><net_sink comp="1028" pin=0"/></net>

<net id="1585"><net_src comp="719" pin="4"/><net_sink comp="1582" pin=0"/></net>

<net id="1586"><net_src comp="1582" pin="1"/><net_sink comp="1016" pin=0"/></net>

<net id="1587"><net_src comp="1582" pin="1"/><net_sink comp="1040" pin=0"/></net>

<net id="1591"><net_src comp="729" pin="4"/><net_sink comp="1588" pin=0"/></net>

<net id="1592"><net_src comp="1588" pin="1"/><net_sink comp="1020" pin=0"/></net>

<net id="1593"><net_src comp="1588" pin="1"/><net_sink comp="1031" pin=0"/></net>

<net id="1597"><net_src comp="739" pin="4"/><net_sink comp="1594" pin=0"/></net>

<net id="1598"><net_src comp="1594" pin="1"/><net_sink comp="1024" pin=0"/></net>

<net id="1599"><net_src comp="1594" pin="1"/><net_sink comp="1043" pin=0"/></net>

<net id="1603"><net_src comp="789" pin="1"/><net_sink comp="1600" pin=0"/></net>

<net id="1604"><net_src comp="1600" pin="1"/><net_sink comp="1076" pin=0"/></net>

<net id="1605"><net_src comp="1600" pin="1"/><net_sink comp="1084" pin=0"/></net>

<net id="1609"><net_src comp="793" pin="1"/><net_sink comp="1606" pin=0"/></net>

<net id="1610"><net_src comp="1606" pin="1"/><net_sink comp="1080" pin=0"/></net>

<net id="1611"><net_src comp="1606" pin="1"/><net_sink comp="1096" pin=0"/></net>

<net id="1615"><net_src comp="797" pin="4"/><net_sink comp="1612" pin=0"/></net>

<net id="1616"><net_src comp="1612" pin="1"/><net_sink comp="1087" pin=0"/></net>

<net id="1617"><net_src comp="1612" pin="1"/><net_sink comp="1275" pin=0"/></net>

<net id="1621"><net_src comp="807" pin="4"/><net_sink comp="1618" pin=0"/></net>

<net id="1622"><net_src comp="1618" pin="1"/><net_sink comp="1099" pin=0"/></net>

<net id="1623"><net_src comp="1618" pin="1"/><net_sink comp="1278" pin=0"/></net>

<net id="1627"><net_src comp="905" pin="2"/><net_sink comp="1624" pin=0"/></net>

<net id="1628"><net_src comp="1624" pin="1"/><net_sink comp="1186" pin=1"/></net>

<net id="1632"><net_src comp="998" pin="2"/><net_sink comp="1629" pin=0"/></net>

<net id="1633"><net_src comp="1629" pin="1"/><net_sink comp="1209" pin=1"/></net>

<net id="1637"><net_src comp="143" pin="2"/><net_sink comp="1634" pin=0"/></net>

<net id="1638"><net_src comp="1634" pin="1"/><net_sink comp="1391" pin=0"/></net>

<net id="1639"><net_src comp="1634" pin="1"/><net_sink comp="1466" pin=2"/></net>

<net id="1643"><net_src comp="1070" pin="2"/><net_sink comp="1640" pin=0"/></net>

<net id="1644"><net_src comp="1640" pin="1"/><net_sink comp="1236" pin=0"/></net>

<net id="1648"><net_src comp="147" pin="2"/><net_sink comp="1645" pin=0"/></net>

<net id="1649"><net_src comp="1645" pin="1"/><net_sink comp="1341" pin=1"/></net>

<net id="1650"><net_src comp="1645" pin="1"/><net_sink comp="1372" pin=0"/></net>

<net id="1654"><net_src comp="123" pin="2"/><net_sink comp="1651" pin=0"/></net>

<net id="1655"><net_src comp="1651" pin="1"/><net_sink comp="1299" pin=0"/></net>

<net id="1656"><net_src comp="1651" pin="1"/><net_sink comp="1326" pin=1"/></net>

<net id="1660"><net_src comp="1203" pin="2"/><net_sink comp="1657" pin=0"/></net>

<net id="1661"><net_src comp="1657" pin="1"/><net_sink comp="1460" pin=0"/></net>

<net id="1662"><net_src comp="1657" pin="1"/><net_sink comp="1513" pin=2"/></net>

<net id="1666"><net_src comp="1226" pin="2"/><net_sink comp="1663" pin=0"/></net>

<net id="1667"><net_src comp="1663" pin="1"/><net_sink comp="1463" pin=0"/></net>

<net id="1668"><net_src comp="1663" pin="1"/><net_sink comp="1513" pin=1"/></net>

<net id="1672"><net_src comp="1269" pin="2"/><net_sink comp="1669" pin=0"/></net>

<net id="1673"><net_src comp="1669" pin="1"/><net_sink comp="1466" pin=1"/></net>

<net id="1677"><net_src comp="1366" pin="2"/><net_sink comp="1674" pin=0"/></net>

<net id="1678"><net_src comp="1674" pin="1"/><net_sink comp="1428" pin=1"/></net>

<net id="1682"><net_src comp="1422" pin="2"/><net_sink comp="1679" pin=0"/></net>

<net id="1683"><net_src comp="1679" pin="1"/><net_sink comp="1439" pin=0"/></net>

<net id="1687"><net_src comp="1492" pin="2"/><net_sink comp="1684" pin=0"/></net>

<net id="1688"><net_src comp="1684" pin="1"/><net_sink comp="1498" pin=1"/></net>

<net id="1692"><net_src comp="1519" pin="2"/><net_sink comp="1689" pin=0"/></net>

<net id="1693"><net_src comp="1689" pin="1"/><net_sink comp="108" pin=1"/></net>

</net_list>

</model> 
---------------- Datapath Model END ------------------

* FSMD analyzer results:
  - Output states:
	Port: c | {8 9 }
 - Input state : 
	Port: mul.5019 : a | {1 2 }
	Port: mul.5019 : R_X | {1 2 }
  - Chain level:
	State 1
		call_ln0 : 1
		call_ln0 : 1
	State 2
	State 3
		a0 : 1
		trunc_ln133_10 : 1
		b0 : 1
		trunc_ln134_8 : 1
		a0_73 : 1
		b0_57 : 1
		a1 : 1
		zext_ln135 : 2
		b1 : 1
		zext_ln136 : 2
		zext_ln121 : 2
		zext_ln121_164 : 2
		z0 : 3
		z2_169 : 3
		zext_ln147 : 2
		zext_ln147_80 : 2
		a1_cast : 1
		trunc_ln147 : 1
		sa_126 : 3
		zext_ln148 : 2
		zext_ln148_64 : 2
		b1_cast : 1
		trunc_ln148 : 1
		sb_100 : 3
		a0_74 : 2
		b0_58 : 2
		a1_s : 4
		b1_s : 4
		zext_ln121_165 : 3
		zext_ln121_166 : 3
		z0_123 : 4
		zext_ln121_167 : 5
		zext_ln121_168 : 5
		z2_170 : 6
		zext_ln147_64 : 3
		zext_ln147_81 : 5
		sa : 6
		zext_ln148_50 : 3
		zext_ln148_65 : 5
		sb : 6
		zext_ln164 : 7
		zext_ln164_40 : 7
		t : 8
		a0_75 : 1
		a0_75_cast : 1
		b0_59 : 1
		b0_59_cast : 1
		zext_ln121_169 : 2
		zext_ln121_170 : 2
		z0_126 : 3
		tmp_209 : 1
		tmp_419_cast : 1
		zext_ln121_185 : 2
		tmp_210 : 1
		tmp_420_cast : 1
		zext_ln121_186 : 2
		z2_171 : 3
		zext_ln147_65 : 2
		zext_ln147_82 : 2
		a0_76 : 2
		sa_127 : 3
		zext_ln148_51 : 2
		zext_ln148_66 : 2
		b0_60 : 2
		sb_101 : 3
		a1_7 : 4
		b1_7 : 4
		zext_ln121_171 : 3
		zext_ln121_172 : 3
		z0_127 : 4
		zext_ln121_173 : 5
		zext_ln121_174 : 5
		z2_172 : 6
		zext_ln147_66 : 3
		zext_ln147_83 : 5
		sa_120 : 6
		zext_ln148_52 : 3
		zext_ln148_67 : 5
		sb_94 : 6
		zext_ln164_41 : 7
		zext_ln164_42 : 7
		t_97 : 8
		zext_ln147_67 : 2
		tmp_212 : 1
		tmp_426_cast : 1
		zext_ln147_84 : 2
		add_ln147 : 2
		sa_128 : 3
		zext_ln148_53 : 2
		tmp_213 : 1
		tmp_427_cast : 1
		zext_ln148_68 : 2
		add_ln148 : 2
		sb_102 : 3
		a0_77 : 3
		b0_61 : 3
		zext_ln121_176 : 4
		zext_ln121_178 : 4
		a0_78 : 3
		b0_62 : 3
		tmp_214 : 4
		tmp_215 : 4
		tmp_217 : 4
		zext_ln147_86 : 5
		sa_129 : 6
		tmp_218 : 4
		zext_ln148_70 : 5
		sb_103 : 6
		a0_79 : 7
		b0_63 : 7
		tmp_219 : 7
		tmp_220 : 7
	State 4
		add_ln169 : 1
		zext_ln169 : 2
		z1e : 3
		tmp_s : 4
		sext_ln174_36 : 5
		zext_ln172 : 1
		add_ln173 : 1
		zext_ln174 : 2
		res_240 : 3
		sext_ln169 : 4
		add_ln169_91 : 6
		z1e_64 : 7
		add_ln169_92 : 1
		zext_ln169_19 : 2
		z1e_65 : 3
		tmp_211 : 4
		sext_ln174_37 : 5
		zext_ln172_41 : 1
		add_ln173_26 : 1
		zext_ln174_66 : 2
		res_241 : 3
		sext_ln169_40 : 4
		add_ln169_94 : 6
		z1e_66 : 7
		z0_128 : 1
		z0_120 : 1
		z2 : 1
		sa_122 : 1
		sb_96 : 1
		zext_ln173 : 2
		zext_ln173_44 : 2
		mul_ln173 : 3
		zext_ln173_46 : 2
		zext_ln173_47 : 2
		add_ln173_27 : 3
		z0_129 : 1
		sa_130 : 1
		sb_104 : 1
		a0_80 : 2
		b0_64 : 2
		a1_15 : 2
		zext_ln135_10 : 3
		b1_13 : 2
		zext_ln136_8 : 3
		zext_ln121_183 : 3
		zext_ln121_184 : 3
		z0_130 : 4
		z2_176 : 4
		zext_ln147_70 : 3
		sa_125 : 4
		zext_ln148_56 : 3
		sb_99 : 4
		zext_ln164_43 : 5
		zext_ln164_44 : 5
		t_99 : 6
	State 5
		sext_ln138 : 1
		z0_125 : 2
		sext_ln139 : 1
		z2_174 : 2
		sub_ln173 : 1
		tmp_216 : 2
		sext_ln172 : 3
		zext_ln174_67 : 1
		res_243 : 4
		z2_175 : 1
		add_ln169_95 : 1
		zext_ln169_20 : 2
		z1e_67 : 3
		tmp_221 : 4
		sext_ln174_38 : 5
		zext_ln172_42 : 1
		zext_ln168_58 : 2
		add_ln173_28 : 3
		zext_ln174_68 : 4
		res : 5
		sext_ln169_41 : 6
		add_ln169_97 : 6
		z1e_68 : 7
		trunc_ln174 : 2
		shl_ln174_3 : 3
		zext_ln172_44 : 4
		sext_ln168 : 5
		zext_ln168_59 : 6
		res_244 : 1
		sext_ln174 : 2
		res_245 : 5
		sext_ln169_39 : 6
		sub_ln169 : 7
	State 6
		sext_ln172_29 : 1
		z1e_69 : 2
		shl_ln173_13 : 3
		sext_ln172_30 : 4
		sext_ln174_39 : 1
		res_246 : 2
		sub_ln169_10 : 3
		sext_ln169_43 : 4
		z1e_70 : 5
	State 7
		sext_ln172_31 : 1
		zext_ln172_45 : 2
		res_248 : 3
	State 8
	State 9


============================================================
+ Verbose Summary: Datapath Resource usage 
============================================================

* Functional unit list:
|----------|-------------------------------------------------|---------|---------|---------|---------|
| Operation|                 Functional Unit                 |   DSP   |  Delay  |    FF   |   LUT   |
|----------|-------------------------------------------------|---------|---------|---------|---------|
|          |                  sa_126_fu_271                  |    0    |    0    |    0    |   135   |
|          |                  sb_100_fu_299                  |    0    |    0    |    0    |   135   |
|          |                   a0_74_fu_305                  |    0    |    0    |    0    |    71   |
|          |                   b0_58_fu_311                  |    0    |    0    |    0    |    71   |
|          |                    sa_fu_365                    |    0    |    0    |    0    |    72   |
|          |                    sb_fu_379                    |    0    |    0    |    0    |    72   |
|          |                   a0_76_fu_503                  |    0    |    0    |    0    |    71   |
|          |                  sa_127_fu_509                  |    0    |    0    |    0    |   135   |
|          |                   b0_60_fu_523                  |    0    |    0    |    0    |    71   |
|          |                  sb_101_fu_529                  |    0    |    0    |    0    |   135   |
|          |                  sa_120_fu_583                  |    0    |    0    |    0    |    72   |
|          |                   sb_94_fu_597                  |    0    |    0    |    0    |    72   |
|          |                 add_ln147_fu_641                |    0    |    0    |    0    |   199   |
|          |                  sa_128_fu_647                  |    0    |    0    |    0    |   263   |
|          |                 add_ln148_fu_681                |    0    |    0    |    0    |   199   |
|          |                  sb_102_fu_687                  |    0    |    0    |    0    |   263   |
|          |                  sa_129_fu_763                  |    0    |    0    |    0    |   136   |
|          |                  sb_103_fu_783                  |    0    |    0    |    0    |   136   |
|          |                 add_ln169_fu_833                |    0    |    0    |    0    |   137   |
|          |                 add_ln173_fu_879                |    0    |    0    |    0    |   263   |
|          |               add_ln169_91_fu_899               |    0    |    0    |    0    |   260   |
|    add   |                  z1e_64_fu_905                  |    0    |    0    |    0    |   262   |
|          |               add_ln169_92_fu_926               |    0    |    0    |    0    |   137   |
|          |               add_ln173_26_fu_972               |    0    |    0    |    0    |   263   |
|          |               add_ln169_94_fu_992               |    0    |    0    |    0    |   260   |
|          |                  z1e_66_fu_998                  |    0    |    0    |    0    |   262   |
|          |                  sa_122_fu_1034                 |    0    |    0    |    0    |    72   |
|          |                  sb_96_fu_1046                  |    0    |    0    |    0    |    72   |
|          |               add_ln173_27_fu_1070              |    0    |    0    |    0    |   137   |
|          |                  sa_130_fu_1090                 |    0    |    0    |    0    |   135   |
|          |                  sb_104_fu_1102                 |    0    |    0    |    0    |   135   |
|          |                  sa_125_fu_1160                 |    0    |    0    |    0    |    72   |
|          |                  sb_99_fu_1170                  |    0    |    0    |    0    |    72   |
|          |                  z0_125_fu_1203                 |    0    |    0    |    0    |   512   |
|          |                  z2_174_fu_1226                 |    0    |    0    |    0    |   512   |
|          |                 res_243_fu_1269                 |    0    |    0    |    0    |   264   |
|          |               add_ln169_95_fu_1299              |    0    |    0    |    0    |   136   |
|          |               add_ln173_28_fu_1341              |    0    |    0    |    0    |   263   |
|          |               add_ln169_97_fu_1360              |    0    |    0    |    0    |   259   |
|          |                  z1e_68_fu_1366                 |    0    |    0    |    0    |   261   |
|          |                 res_245_fu_1412                 |    0    |    0    |    0    |   265   |
|          |                  z1e_69_fu_1442                 |    0    |    0    |    0    |   387   |
|          |                  z1e_70_fu_1492                 |    0    |    0    |    0    |   517   |
|          |                 res_248_fu_1519                 |    0    |    0    |    0    |   1024  |
|----------|-------------------------------------------------|---------|---------|---------|---------|
|          |                    z1e_fu_843                   |    0    |    0    |    0    |   139   |
|          |                  res_240_fu_889                 |    0    |    0    |    0    |   263   |
|          |                  z1e_65_fu_936                  |    0    |    0    |    0    |   139   |
|          |                  res_241_fu_982                 |    0    |    0    |    0    |   263   |
|          |                sub_ln173_fu_1239                |    0    |    0    |    0    |   139   |
|    sub   |                  z1e_67_fu_1308                 |    0    |    0    |    0    |   137   |
|          |                   res_fu_1350                   |    0    |    0    |    0    |   263   |
|          |                 res_244_fu_1402                 |    0    |    0    |    0    |   263   |
|          |                sub_ln169_fu_1422                |    0    |    0    |    0    |   384   |
|          |                 res_246_fu_1476                 |    0    |    0    |    0    |   517   |
|          |               sub_ln169_10_fu_1482              |    0    |    0    |    0    |   517   |
|----------|-------------------------------------------------|---------|---------|---------|---------|
|          |   grp_mul_5019_Pipeline_VITIS_LOOP_30_1_fu_94   |    0    |  0.387  |   522   |   726   |
|   call   | grp_mul_5019_Pipeline_VITIS_LOOP_30_1131_fu_101 |    0    |  0.387  |   523   |   726   |
|          |   grp_mul_5019_Pipeline_VITIS_LOOP_48_1_fu_108  |    0    |    0    |    5    |   297   |
|----------|-------------------------------------------------|---------|---------|---------|---------|
|          |                    grp_fu_115                   |    16   |    0    |    0    |    45   |
|          |                    grp_fu_119                   |    16   |    0    |    0    |    45   |
|          |                  z2_176_fu_123                  |    16   |    0    |    0    |    47   |
|          |                    grp_fu_127                   |    16   |    0    |    0    |    47   |
|          |                    grp_fu_131                   |    16   |    0    |    0    |    47   |
|    mul   |                    grp_fu_135                   |    16   |    0    |    0    |    50   |
|          |                   t_97_fu_139                   |    16   |    0    |    0    |    50   |
|          |                    grp_fu_143                   |    50   |    0    |    0    |   307   |
|          |                    grp_fu_147                   |    50   |    0    |    0    |   307   |
|          |                  z0_126_fu_151                  |    50   |    0    |    0    |   307   |
|          |                  z2_171_fu_155                  |    50   |    0    |    0    |   307   |
|          |                  z2_175_fu_1281                 |    0    |    0    |    0    |    7    |
|----------|-------------------------------------------------|---------|---------|---------|---------|
|          |                    a0_fu_185                    |    0    |    0    |    0    |    0    |
|          |              trunc_ln133_10_fu_189              |    0    |    0    |    0    |    0    |
|          |                    b0_fu_193                    |    0    |    0    |    0    |    0    |
|          |               trunc_ln134_8_fu_197              |    0    |    0    |    0    |    0    |
|          |                   a0_73_fu_201                  |    0    |    0    |    0    |    0    |
|          |                   b0_57_fu_205                  |    0    |    0    |    0    |    0    |
|          |                trunc_ln147_fu_267               |    0    |    0    |    0    |    0    |
|   trunc  |                trunc_ln148_fu_295               |    0    |    0    |    0    |    0    |
|          |                   a0_77_fu_693                  |    0    |    0    |    0    |    0    |
|          |                   b0_61_fu_697                  |    0    |    0    |    0    |    0    |
|          |                   a0_79_fu_789                  |    0    |    0    |    0    |    0    |
|          |                   b0_63_fu_793                  |    0    |    0    |    0    |    0    |
|          |                  a0_80_fu_1108                  |    0    |    0    |    0    |    0    |
|          |                  b0_64_fu_1112                  |    0    |    0    |    0    |    0    |
|          |               trunc_ln174_fu_1375               |    0    |    0    |    0    |    0    |
|----------|-------------------------------------------------|---------|---------|---------|---------|
|          |                    a1_fu_209                    |    0    |    0    |    0    |    0    |
|          |                    b1_fu_224                    |    0    |    0    |    0    |    0    |
|          |                  a1_cast_fu_257                 |    0    |    0    |    0    |    0    |
|          |                  b1_cast_fu_285                 |    0    |    0    |    0    |    0    |
|          |                   a1_s_fu_317                   |    0    |    0    |    0    |    0    |
|          |                   b1_s_fu_327                   |    0    |    0    |    0    |    0    |
|          |                   a0_75_fu_395                  |    0    |    0    |    0    |    0    |
|          |                a0_75_cast_fu_405                |    0    |    0    |    0    |    0    |
|          |                   b0_59_fu_415                  |    0    |    0    |    0    |    0    |
|          |                b0_59_cast_fu_425                |    0    |    0    |    0    |    0    |
|          |                  tmp_209_fu_445                 |    0    |    0    |    0    |    0    |
|          |               tmp_419_cast_fu_455               |    0    |    0    |    0    |    0    |
|          |                  tmp_210_fu_470                 |    0    |    0    |    0    |    0    |
|          |               tmp_420_cast_fu_480               |    0    |    0    |    0    |    0    |
|partselect|                   a1_7_fu_535                   |    0    |    0    |    0    |    0    |
|          |                   b1_7_fu_545                   |    0    |    0    |    0    |    0    |
|          |                  tmp_212_fu_617                 |    0    |    0    |    0    |    0    |
|          |               tmp_426_cast_fu_627               |    0    |    0    |    0    |    0    |
|          |                  tmp_213_fu_657                 |    0    |    0    |    0    |    0    |
|          |               tmp_427_cast_fu_667               |    0    |    0    |    0    |    0    |
|          |                   a0_78_fu_709                  |    0    |    0    |    0    |    0    |
|          |                   b0_62_fu_719                  |    0    |    0    |    0    |    0    |
|          |                  tmp_214_fu_729                 |    0    |    0    |    0    |    0    |
|          |                  tmp_215_fu_739                 |    0    |    0    |    0    |    0    |
|          |                  tmp_217_fu_749                 |    0    |    0    |    0    |    0    |
|          |                  tmp_218_fu_769                 |    0    |    0    |    0    |    0    |
|          |                  tmp_219_fu_797                 |    0    |    0    |    0    |    0    |
|          |                  tmp_220_fu_807                 |    0    |    0    |    0    |    0    |
|          |                  a1_15_fu_1116                  |    0    |    0    |    0    |    0    |
|          |                  b1_13_fu_1131                  |    0    |    0    |    0    |    0    |
|----------|-------------------------------------------------|---------|---------|---------|---------|
|          |                zext_ln135_fu_219                |    0    |    0    |    0    |    0    |
|          |                zext_ln136_fu_234                |    0    |    0    |    0    |    0    |
|          |                zext_ln121_fu_239                |    0    |    0    |    0    |    0    |
|          |              zext_ln121_164_fu_244              |    0    |    0    |    0    |    0    |
|          |                zext_ln147_fu_249                |    0    |    0    |    0    |    0    |
|          |               zext_ln147_80_fu_253              |    0    |    0    |    0    |    0    |
|          |                zext_ln148_fu_277                |    0    |    0    |    0    |    0    |
|          |               zext_ln148_64_fu_281              |    0    |    0    |    0    |    0    |
|          |              zext_ln121_165_fu_337              |    0    |    0    |    0    |    0    |
|          |              zext_ln121_166_fu_342              |    0    |    0    |    0    |    0    |
|          |              zext_ln121_167_fu_347              |    0    |    0    |    0    |    0    |
|          |              zext_ln121_168_fu_352              |    0    |    0    |    0    |    0    |
|          |               zext_ln147_64_fu_357              |    0    |    0    |    0    |    0    |
|          |               zext_ln147_81_fu_361              |    0    |    0    |    0    |    0    |
|          |               zext_ln148_50_fu_371              |    0    |    0    |    0    |    0    |
|          |               zext_ln148_65_fu_375              |    0    |    0    |    0    |    0    |
|          |                zext_ln164_fu_385                |    0    |    0    |    0    |    0    |
|          |               zext_ln164_40_fu_390              |    0    |    0    |    0    |    0    |
|          |              zext_ln121_169_fu_435              |    0    |    0    |    0    |    0    |
|          |              zext_ln121_170_fu_440              |    0    |    0    |    0    |    0    |
|          |              zext_ln121_185_fu_465              |    0    |    0    |    0    |    0    |
|          |              zext_ln121_186_fu_490              |    0    |    0    |    0    |    0    |
|          |               zext_ln147_65_fu_495              |    0    |    0    |    0    |    0    |
|          |               zext_ln147_82_fu_499              |    0    |    0    |    0    |    0    |
|          |               zext_ln148_51_fu_515              |    0    |    0    |    0    |    0    |
|          |               zext_ln148_66_fu_519              |    0    |    0    |    0    |    0    |
|          |              zext_ln121_171_fu_555              |    0    |    0    |    0    |    0    |
|          |              zext_ln121_172_fu_560              |    0    |    0    |    0    |    0    |
|          |              zext_ln121_173_fu_565              |    0    |    0    |    0    |    0    |
|          |              zext_ln121_174_fu_570              |    0    |    0    |    0    |    0    |
|          |               zext_ln147_66_fu_575              |    0    |    0    |    0    |    0    |
|          |               zext_ln147_83_fu_579              |    0    |    0    |    0    |    0    |
|          |               zext_ln148_52_fu_589              |    0    |    0    |    0    |    0    |
|          |               zext_ln148_67_fu_593              |    0    |    0    |    0    |    0    |
|          |               zext_ln164_41_fu_603              |    0    |    0    |    0    |    0    |
|          |               zext_ln164_42_fu_608              |    0    |    0    |    0    |    0    |
|          |               zext_ln147_67_fu_613              |    0    |    0    |    0    |    0    |
|          |               zext_ln147_84_fu_637              |    0    |    0    |    0    |    0    |
|          |               zext_ln148_53_fu_653              |    0    |    0    |    0    |    0    |
|          |               zext_ln148_68_fu_677              |    0    |    0    |    0    |    0    |
|          |              zext_ln121_176_fu_701              |    0    |    0    |    0    |    0    |
|          |              zext_ln121_178_fu_705              |    0    |    0    |    0    |    0    |
|          |               zext_ln147_86_fu_759              |    0    |    0    |    0    |    0    |
|          |               zext_ln148_70_fu_779              |    0    |    0    |    0    |    0    |
|          |                zext_ln150_fu_817                |    0    |    0    |    0    |    0    |
|          |                zext_ln167_fu_821                |    0    |    0    |    0    |    0    |
|          |               zext_ln167_81_fu_825              |    0    |    0    |    0    |    0    |
|          |                zext_ln168_fu_829                |    0    |    0    |    0    |    0    |
|          |                zext_ln169_fu_839                |    0    |    0    |    0    |    0    |
|          |                zext_ln172_fu_869                |    0    |    0    |    0    |    0    |
|          |               zext_ln167_82_fu_873              |    0    |    0    |    0    |    0    |
|          |               zext_ln168_55_fu_876              |    0    |    0    |    0    |    0    |
|          |                zext_ln174_fu_885                |    0    |    0    |    0    |    0    |
|          |               zext_ln150_19_fu_911              |    0    |    0    |    0    |    0    |
|   zext   |               zext_ln167_83_fu_914              |    0    |    0    |    0    |    0    |
|          |               zext_ln167_84_fu_918              |    0    |    0    |    0    |    0    |
|          |               zext_ln168_56_fu_922              |    0    |    0    |    0    |    0    |
|          |               zext_ln169_19_fu_932              |    0    |    0    |    0    |    0    |
|          |               zext_ln172_41_fu_962              |    0    |    0    |    0    |    0    |
|          |               zext_ln167_85_fu_966              |    0    |    0    |    0    |    0    |
|          |               zext_ln168_57_fu_969              |    0    |    0    |    0    |    0    |
|          |               zext_ln174_66_fu_978              |    0    |    0    |    0    |    0    |
|          |              zext_ln121_175_fu_1004             |    0    |    0    |    0    |    0    |
|          |              zext_ln121_177_fu_1008             |    0    |    0    |    0    |    0    |
|          |              zext_ln121_179_fu_1012             |    0    |    0    |    0    |    0    |
|          |              zext_ln121_180_fu_1016             |    0    |    0    |    0    |    0    |
|          |              zext_ln121_187_fu_1020             |    0    |    0    |    0    |    0    |
|          |              zext_ln121_188_fu_1024             |    0    |    0    |    0    |    0    |
|          |              zext_ln147_68_fu_1028              |    0    |    0    |    0    |    0    |
|          |              zext_ln147_85_fu_1031              |    0    |    0    |    0    |    0    |
|          |              zext_ln148_54_fu_1040              |    0    |    0    |    0    |    0    |
|          |              zext_ln148_69_fu_1043              |    0    |    0    |    0    |    0    |
|          |                zext_ln173_fu_1052               |    0    |    0    |    0    |    0    |
|          |              zext_ln173_44_fu_1057              |    0    |    0    |    0    |    0    |
|          |              zext_ln173_46_fu_1062              |    0    |    0    |    0    |    0    |
|          |              zext_ln173_47_fu_1066              |    0    |    0    |    0    |    0    |
|          |              zext_ln121_181_fu_1076             |    0    |    0    |    0    |    0    |
|          |              zext_ln121_182_fu_1080             |    0    |    0    |    0    |    0    |
|          |              zext_ln147_69_fu_1084              |    0    |    0    |    0    |    0    |
|          |              zext_ln147_87_fu_1087              |    0    |    0    |    0    |    0    |
|          |              zext_ln148_55_fu_1096              |    0    |    0    |    0    |    0    |
|          |              zext_ln148_71_fu_1099              |    0    |    0    |    0    |    0    |
|          |              zext_ln135_10_fu_1126              |    0    |    0    |    0    |    0    |
|          |               zext_ln136_8_fu_1141              |    0    |    0    |    0    |    0    |
|          |              zext_ln121_183_fu_1146             |    0    |    0    |    0    |    0    |
|          |              zext_ln121_184_fu_1151             |    0    |    0    |    0    |    0    |
|          |              zext_ln147_70_fu_1156              |    0    |    0    |    0    |    0    |
|          |              zext_ln148_56_fu_1166              |    0    |    0    |    0    |    0    |
|          |              zext_ln164_43_fu_1176              |    0    |    0    |    0    |    0    |
|          |              zext_ln164_44_fu_1181              |    0    |    0    |    0    |    0    |
|          |              zext_ln173_45_fu_1232              |    0    |    0    |    0    |    0    |
|          |              zext_ln173_48_fu_1236              |    0    |    0    |    0    |    0    |
|          |              zext_ln174_67_fu_1265              |    0    |    0    |    0    |    0    |
|          |              zext_ln121_189_fu_1275             |    0    |    0    |    0    |    0    |
|          |              zext_ln121_190_fu_1278             |    0    |    0    |    0    |    0    |
|          |              zext_ln150_20_fu_1287              |    0    |    0    |    0    |    0    |
|          |              zext_ln167_86_fu_1291              |    0    |    0    |    0    |    0    |
|          |              zext_ln167_87_fu_1295              |    0    |    0    |    0    |    0    |
|          |              zext_ln169_20_fu_1304              |    0    |    0    |    0    |    0    |
|          |              zext_ln172_42_fu_1333              |    0    |    0    |    0    |    0    |
|          |              zext_ln168_58_fu_1337              |    0    |    0    |    0    |    0    |
|          |              zext_ln174_68_fu_1346              |    0    |    0    |    0    |    0    |
|          |              zext_ln172_43_fu_1372              |    0    |    0    |    0    |    0    |
|          |              zext_ln172_44_fu_1387              |    0    |    0    |    0    |    0    |
|          |              zext_ln167_88_fu_1391              |    0    |    0    |    0    |    0    |
|          |              zext_ln168_59_fu_1398              |    0    |    0    |    0    |    0    |
|          |              zext_ln167_89_fu_1460              |    0    |    0    |    0    |    0    |
|          |              zext_ln168_60_fu_1463              |    0    |    0    |    0    |    0    |
|          |              zext_ln172_45_fu_1509              |    0    |    0    |    0    |    0    |
|----------|-------------------------------------------------|---------|---------|---------|---------|
|          |                   tmp_s_fu_849                  |    0    |    0    |    0    |    0    |
|          |                  shl_ln_fu_861                  |    0    |    0    |    0    |    0    |
|          |                  tmp_211_fu_942                 |    0    |    0    |    0    |    0    |
|          |                shl_ln174_s_fu_954               |    0    |    0    |    0    |    0    |
|          |                 shl_ln10_fu_1186                |    0    |    0    |    0    |    0    |
|          |                  z0_124_fu_1197                 |    0    |    0    |    0    |    0    |
|          |               shl_ln173_12_fu_1209              |    0    |    0    |    0    |    0    |
|          |                  z2_173_fu_1220                 |    0    |    0    |    0    |    0    |
|bitconcatenate|                 tmp_216_fu_1245                 |    0    |    0    |    0    |    0    |
|          |                 res_242_fu_1257                 |    0    |    0    |    0    |    0    |
|          |                 tmp_221_fu_1314                 |    0    |    0    |    0    |    0    |
|          |               shl_ln174_2_fu_1326               |    0    |    0    |    0    |    0    |
|          |               shl_ln174_3_fu_1379               |    0    |    0    |    0    |    0    |
|          |               shl_ln173_s_fu_1428               |    0    |    0    |    0    |    0    |
|          |               shl_ln173_13_fu_1448              |    0    |    0    |    0    |    0    |
|          |                  res_4_fu_1466                  |    0    |    0    |    0    |    0    |
|          |               shl_ln173_14_fu_1498              |    0    |    0    |    0    |    0    |
|          |                 res_247_fu_1513                 |    0    |    0    |    0    |    0    |
|----------|-------------------------------------------------|---------|---------|---------|---------|
|          |               sext_ln174_36_fu_857              |    0    |    0    |    0    |    0    |
|          |                sext_ln169_fu_895                |    0    |    0    |    0    |    0    |
|          |               sext_ln174_37_fu_950              |    0    |    0    |    0    |    0    |
|          |               sext_ln169_40_fu_988              |    0    |    0    |    0    |    0    |
|          |                sext_ln138_fu_1193               |    0    |    0    |    0    |    0    |
|          |                sext_ln139_fu_1216               |    0    |    0    |    0    |    0    |
|          |                sext_ln172_fu_1253               |    0    |    0    |    0    |    0    |
|          |              sext_ln174_38_fu_1322              |    0    |    0    |    0    |    0    |
|   sext   |              sext_ln169_41_fu_1356              |    0    |    0    |    0    |    0    |
|          |                sext_ln168_fu_1394               |    0    |    0    |    0    |    0    |
|          |                sext_ln174_fu_1408               |    0    |    0    |    0    |    0    |
|          |              sext_ln169_39_fu_1418              |    0    |    0    |    0    |    0    |
|          |              sext_ln172_29_fu_1435              |    0    |    0    |    0    |    0    |
|          |              sext_ln169_42_fu_1439              |    0    |    0    |    0    |    0    |
|          |              sext_ln172_30_fu_1456              |    0    |    0    |    0    |    0    |
|          |              sext_ln174_39_fu_1472              |    0    |    0    |    0    |    0    |
|          |              sext_ln169_43_fu_1488              |    0    |    0    |    0    |    0    |
|          |              sext_ln172_31_fu_1505              |    0    |    0    |    0    |    0    |
|----------|-------------------------------------------------|---------|---------|---------|---------|
|   Total  |                                                 |   312   |  0.774  |   1050  |  15586  |
|----------|-------------------------------------------------|---------|---------|---------|---------|

Memories:
N/A

* Register list:
+---------------------+--------+
|                     |   FF   |
+---------------------+--------+
|   A_1_loc_reg_1531  |   512  |
|    B_loc_reg_1525   |   512  |
|    a0_77_reg_1566   |   128  |
|    a0_78_reg_1576   |   64   |
|    a0_79_reg_1600   |   128  |
|add_ln173_27_reg_1640|   131  |
|    b0_61_reg_1571   |   128  |
|    b0_62_reg_1582   |   64   |
|    b0_63_reg_1606   |   128  |
|       reg_159       |   128  |
|       reg_163       |   130  |
|       reg_167       |   132  |
|       reg_171       |   128  |
|       reg_175       |   130  |
|   res_243_reg_1669  |   260  |
|   res_248_reg_1689  |  1024  |
|  sub_ln169_reg_1679 |   386  |
|    t_97_reg_1561    |   132  |
|   tmp_214_reg_1588  |   65   |
|   tmp_215_reg_1594  |   65   |
|   tmp_219_reg_1612  |    2   |
|   tmp_220_reg_1618  |    2   |
|   z0_125_reg_1657   |   512  |
|   z0_126_reg_1549   |   256  |
|   z0_128_reg_1634   |   256  |
|   z0_129_reg_1645   |   256  |
|     z0_reg_1537     |   256  |
|   z1e_64_reg_1624   |   260  |
|   z1e_66_reg_1629   |   260  |
|   z1e_68_reg_1674   |   259  |
|   z1e_70_reg_1684   |   518  |
|   z2_169_reg_1543   |   256  |
|   z2_171_reg_1555   |   256  |
|   z2_174_reg_1663   |   512  |
|   z2_176_reg_1651   |   129  |
+---------------------+--------+
|        Total        |  8365  |
+---------------------+--------+

* Multiplexer (MUX) list: 
|------------|------|------|------|--------||---------||---------||---------|
|    Comp    |  Pin | Size |  BW  | S x BW ||  Delay  ||    FF   ||   LUT   |
|------------|------|------|------|--------||---------||---------||---------|
| grp_fu_115 |  p0  |   2  |  64  |   128  ||    0    ||    9    |
| grp_fu_115 |  p1  |   2  |  64  |   128  ||    0    ||    9    |
| grp_fu_119 |  p0  |   2  |  64  |   128  ||    0    ||    9    |
| grp_fu_119 |  p1  |   2  |  64  |   128  ||    0    ||    9    |
| grp_fu_127 |  p0  |   2  |  65  |   130  ||    0    ||    9    |
| grp_fu_127 |  p1  |   2  |  65  |   130  ||    0    ||    9    |
| grp_fu_131 |  p0  |   2  |  65  |   130  ||    0    ||    9    |
| grp_fu_131 |  p1  |   2  |  65  |   130  ||    0    ||    9    |
| grp_fu_135 |  p0  |   2  |  66  |   132  ||    0    ||    9    |
| grp_fu_135 |  p1  |   2  |  66  |   132  ||    0    ||    9    |
| grp_fu_143 |  p0  |   2  |  128 |   256  ||    0    ||    9    |
| grp_fu_143 |  p1  |   2  |  128 |   256  ||    0    ||    9    |
| grp_fu_147 |  p0  |   2  |  128 |   256  ||    0    ||    9    |
| grp_fu_147 |  p1  |   2  |  128 |   256  ||    0    ||    9    |
|------------|------|------|------|--------||---------||---------||---------|
|    Total   |      |      |      |  2320  ||  5.418  ||    0    ||   126   |
|------------|------|------|------|--------||---------||---------||---------|



* Summary:
+-----------+--------+--------+--------+--------+
|           |   DSP  |  Delay |   FF   |   LUT  |
+-----------+--------+--------+--------+--------+
|  Function |   312  |    0   |  1050  |  15586 |
|   Memory  |    -   |    -   |    -   |    -   |
|Multiplexer|    -   |    5   |    0   |   126  |
|  Register |    -   |    -   |  8365  |    -   |
+-----------+--------+--------+--------+--------+
|   Total   |   312  |    6   |  9415  |  15712 |
+-----------+--------+--------+--------+--------+
