

================================================================
== Vitis HLS Report for 'mul_155'
================================================================
* Date:           Wed Sep  3 14:20:28 2025

* Version:        2024.2.2 (Build 6049644 on Mar  5 2025)
* Project:        sikep503_hls
* Solution:       solution1 (Vivado IP Flow Target)
* Product family: virtexuplus58g
* Target device:  xcvu29p-fsga2577-2L-e


================================================================
== Performance Estimates
================================================================
+ Timing: 
    * Summary: 
    +--------+----------+----------+------------+
    |  Clock |  Target  | Estimated| Uncertainty|
    +--------+----------+----------+------------+
    |ap_clk  |  10.00 ns|  7.237 ns|     2.70 ns|
    +--------+----------+----------+------------+

+ Latency: 
    * Summary: 
    +---------+---------+-----------+-----------+-----+-----+---------+
    |  Latency (cycles) |   Latency (absolute)  |  Interval | Pipeline|
    |   min   |   max   |    min    |    max    | min | max |   Type  |
    +---------+---------+-----------+-----------+-----+-----+---------+
    |        9|        9|  90.000 ns|  90.000 ns|    4|    4|      yes|
    +---------+---------+-----------+-----------+-----+-----+---------+

    + Detail: 
        * Instance: 
        N/A

        * Loop: 
        N/A

============================================================
+ Verbose Summary: Synthesis Manager
============================================================
InlineROM: 1
ExposeGlobal: 0
============================================================
+ Verbose Summary: CDFG Model
============================================================
IsTopModel: 0
ResetActiveHigh: 1
IsCombinational: 0
IsDatapathOnly: 0
HasWiredReturn: 1
HasMFsm: 2
HasVarLatency: 0
IsPipeline: 1
IsRtlPipelined: 1
IsInstanceOverlapped: 0
IsDontTouch: 0
HasImplIP: 0
IsGatedGlobalClock: 0

+ Individual pipeline summary: 
  * Pipeline-0: initiation interval (II) = 4, depth = 10


============================================================
+ Verbose Summary: Schedule
============================================================
* Number of FSM states : 10
* Pipeline : 1
  Pipeline-0 : II = 4, D = 10, States = { 1 2 3 4 5 6 7 8 9 10 }
* Dataflow Pipeline: 0

* FSM state transitions: 
1 --> 2 
2 --> 3 
3 --> 4 
4 --> 5 
5 --> 6 
6 --> 7 
7 --> 8 
8 --> 9 
9 --> 10 
10 --> 

* FSM state operations: 

State 1 <SV = 0> <Delay = 0.71>
ST_1 : Operation 11 [1/1] (0.00ns)   --->   "%a_addr = getelementptr i64 %a, i64 0, i64 0" [src/generic/mpx_packed_karatsuba.hpp:195]   --->   Operation 11 'getelementptr' 'a_addr' <Predicate = true> <Delay = 0.00>
ST_1 : Operation 12 [1/1] (0.00ns)   --->   "%a_addr_15 = getelementptr i64 %a, i64 0, i64 1" [src/generic/mpx_packed_karatsuba.hpp:37->src/generic/mpx_packed_karatsuba.hpp:187->src/generic/mpx_packed_karatsuba.hpp:226]   --->   Operation 12 'getelementptr' 'a_addr_15' <Predicate = true> <Delay = 0.00>
ST_1 : Operation 13 [2/2] (0.71ns)   --->   "%w = load i3 %a_addr" [src/generic/mpx_packed_karatsuba.hpp:37->src/generic/mpx_packed_karatsuba.hpp:187->src/generic/mpx_packed_karatsuba.hpp:226]   --->   Operation 13 'load' 'w' <Predicate = true> <Delay = 0.71> <CoreInst = "RAM">   --->   Core 82 'RAM' <Latency = 1> <II = 1> <Delay = 0.71> <Storage> <Opcode : 'load' 'store'> <Ports = 2> <Width = 64> <Depth = 8> <RAM>
ST_1 : Operation 14 [2/2] (0.71ns)   --->   "%w_132 = load i3 %a_addr_15" [src/generic/mpx_packed_karatsuba.hpp:37->src/generic/mpx_packed_karatsuba.hpp:187->src/generic/mpx_packed_karatsuba.hpp:226]   --->   Operation 14 'load' 'w_132' <Predicate = true> <Delay = 0.71> <CoreInst = "RAM">   --->   Core 82 'RAM' <Latency = 1> <II = 1> <Delay = 0.71> <Storage> <Opcode : 'load' 'store'> <Ports = 2> <Width = 64> <Depth = 8> <RAM>
ST_1 : Operation 15 [1/1] (0.00ns)   --->   "%R_X_addr = getelementptr i64 %R_X, i64 0, i64 0" [src/generic/mpx_packed_karatsuba.hpp:37->src/generic/mpx_packed_karatsuba.hpp:188->src/generic/mpx_packed_karatsuba.hpp:226]   --->   Operation 15 'getelementptr' 'R_X_addr' <Predicate = true> <Delay = 0.00>
ST_1 : Operation 16 [2/2] (0.71ns)   --->   "%w_139 = load i4 %R_X_addr" [src/generic/mpx_packed_karatsuba.hpp:37->src/generic/mpx_packed_karatsuba.hpp:188->src/generic/mpx_packed_karatsuba.hpp:226]   --->   Operation 16 'load' 'w_139' <Predicate = true> <Delay = 0.71> <CoreInst = "RAM">   --->   Core 82 'RAM' <Latency = 1> <II = 1> <Delay = 0.71> <Storage> <Opcode : 'load' 'store'> <Ports = 2> <Width = 64> <Depth = 16> <RAM>
ST_1 : Operation 17 [1/1] (0.00ns)   --->   "%R_X_addr_8 = getelementptr i64 %R_X, i64 0, i64 1" [src/generic/mpx_packed_karatsuba.hpp:37->src/generic/mpx_packed_karatsuba.hpp:188->src/generic/mpx_packed_karatsuba.hpp:226]   --->   Operation 17 'getelementptr' 'R_X_addr_8' <Predicate = true> <Delay = 0.00>
ST_1 : Operation 18 [2/2] (0.71ns)   --->   "%w_140 = load i4 %R_X_addr_8" [src/generic/mpx_packed_karatsuba.hpp:37->src/generic/mpx_packed_karatsuba.hpp:188->src/generic/mpx_packed_karatsuba.hpp:226]   --->   Operation 18 'load' 'w_140' <Predicate = true> <Delay = 0.71> <CoreInst = "RAM">   --->   Core 82 'RAM' <Latency = 1> <II = 1> <Delay = 0.71> <Storage> <Opcode : 'load' 'store'> <Ports = 2> <Width = 64> <Depth = 16> <RAM>

State 2 <SV = 1> <Delay = 6.78>
ST_2 : Operation 19 [1/1] (0.00ns)   --->   "%a_addr_16 = getelementptr i64 %a, i64 0, i64 2" [src/generic/mpx_packed_karatsuba.hpp:37->src/generic/mpx_packed_karatsuba.hpp:187->src/generic/mpx_packed_karatsuba.hpp:226]   --->   Operation 19 'getelementptr' 'a_addr_16' <Predicate = true> <Delay = 0.00>
ST_2 : Operation 20 [1/1] (0.00ns)   --->   "%a_addr_17 = getelementptr i64 %a, i64 0, i64 3" [src/generic/mpx_packed_karatsuba.hpp:37->src/generic/mpx_packed_karatsuba.hpp:187->src/generic/mpx_packed_karatsuba.hpp:226]   --->   Operation 20 'getelementptr' 'a_addr_17' <Predicate = true> <Delay = 0.00>
ST_2 : Operation 21 [1/2] ( I:0.71ns O:0.71ns )   --->   "%w = load i3 %a_addr" [src/generic/mpx_packed_karatsuba.hpp:37->src/generic/mpx_packed_karatsuba.hpp:187->src/generic/mpx_packed_karatsuba.hpp:226]   --->   Operation 21 'load' 'w' <Predicate = true> <Delay = 0.71> <CoreInst = "RAM">   --->   Core 82 'RAM' <Latency = 1> <II = 1> <Delay = 0.71> <Storage> <Opcode : 'load' 'store'> <Ports = 2> <Width = 64> <Depth = 8> <RAM>
ST_2 : Operation 22 [1/2] ( I:0.71ns O:0.71ns )   --->   "%w_132 = load i3 %a_addr_15" [src/generic/mpx_packed_karatsuba.hpp:37->src/generic/mpx_packed_karatsuba.hpp:187->src/generic/mpx_packed_karatsuba.hpp:226]   --->   Operation 22 'load' 'w_132' <Predicate = true> <Delay = 0.71> <CoreInst = "RAM">   --->   Core 82 'RAM' <Latency = 1> <II = 1> <Delay = 0.71> <Storage> <Opcode : 'load' 'store'> <Ports = 2> <Width = 64> <Depth = 8> <RAM>
ST_2 : Operation 23 [2/2] (0.71ns)   --->   "%w_133 = load i3 %a_addr_16" [src/generic/mpx_packed_karatsuba.hpp:37->src/generic/mpx_packed_karatsuba.hpp:187->src/generic/mpx_packed_karatsuba.hpp:226]   --->   Operation 23 'load' 'w_133' <Predicate = true> <Delay = 0.71> <CoreInst = "RAM">   --->   Core 82 'RAM' <Latency = 1> <II = 1> <Delay = 0.71> <Storage> <Opcode : 'load' 'store'> <Ports = 2> <Width = 64> <Depth = 8> <RAM>
ST_2 : Operation 24 [1/1] (0.00ns)   --->   "%a0_41 = bitconcatenate i128 @_ssdm_op_BitConcatenate.i128.i64.i64, i64 %w_132, i64 %w" [src/generic/mpx_packed_karatsuba.hpp:38->src/generic/mpx_packed_karatsuba.hpp:187->src/generic/mpx_packed_karatsuba.hpp:226]   --->   Operation 24 'bitconcatenate' 'a0_41' <Predicate = true> <Delay = 0.00>
ST_2 : Operation 25 [2/2] (0.71ns)   --->   "%w_134 = load i3 %a_addr_17" [src/generic/mpx_packed_karatsuba.hpp:37->src/generic/mpx_packed_karatsuba.hpp:187->src/generic/mpx_packed_karatsuba.hpp:226]   --->   Operation 25 'load' 'w_134' <Predicate = true> <Delay = 0.71> <CoreInst = "RAM">   --->   Core 82 'RAM' <Latency = 1> <II = 1> <Delay = 0.71> <Storage> <Opcode : 'load' 'store'> <Ports = 2> <Width = 64> <Depth = 8> <RAM>
ST_2 : Operation 26 [1/2] ( I:0.71ns O:0.71ns )   --->   "%w_139 = load i4 %R_X_addr" [src/generic/mpx_packed_karatsuba.hpp:37->src/generic/mpx_packed_karatsuba.hpp:188->src/generic/mpx_packed_karatsuba.hpp:226]   --->   Operation 26 'load' 'w_139' <Predicate = true> <Delay = 0.71> <CoreInst = "RAM">   --->   Core 82 'RAM' <Latency = 1> <II = 1> <Delay = 0.71> <Storage> <Opcode : 'load' 'store'> <Ports = 2> <Width = 64> <Depth = 16> <RAM>
ST_2 : Operation 27 [1/2] ( I:0.71ns O:0.71ns )   --->   "%w_140 = load i4 %R_X_addr_8" [src/generic/mpx_packed_karatsuba.hpp:37->src/generic/mpx_packed_karatsuba.hpp:188->src/generic/mpx_packed_karatsuba.hpp:226]   --->   Operation 27 'load' 'w_140' <Predicate = true> <Delay = 0.71> <CoreInst = "RAM">   --->   Core 82 'RAM' <Latency = 1> <II = 1> <Delay = 0.71> <Storage> <Opcode : 'load' 'store'> <Ports = 2> <Width = 64> <Depth = 16> <RAM>
ST_2 : Operation 28 [1/1] (0.00ns)   --->   "%R_X_addr_9 = getelementptr i64 %R_X, i64 0, i64 2" [src/generic/mpx_packed_karatsuba.hpp:37->src/generic/mpx_packed_karatsuba.hpp:188->src/generic/mpx_packed_karatsuba.hpp:226]   --->   Operation 28 'getelementptr' 'R_X_addr_9' <Predicate = true> <Delay = 0.00>
ST_2 : Operation 29 [2/2] (0.71ns)   --->   "%w_141 = load i4 %R_X_addr_9" [src/generic/mpx_packed_karatsuba.hpp:37->src/generic/mpx_packed_karatsuba.hpp:188->src/generic/mpx_packed_karatsuba.hpp:226]   --->   Operation 29 'load' 'w_141' <Predicate = true> <Delay = 0.71> <CoreInst = "RAM">   --->   Core 82 'RAM' <Latency = 1> <II = 1> <Delay = 0.71> <Storage> <Opcode : 'load' 'store'> <Ports = 2> <Width = 64> <Depth = 16> <RAM>
ST_2 : Operation 30 [1/1] (0.00ns)   --->   "%b0_41 = bitconcatenate i128 @_ssdm_op_BitConcatenate.i128.i64.i64, i64 %w_140, i64 %w_139" [src/generic/mpx_packed_karatsuba.hpp:38->src/generic/mpx_packed_karatsuba.hpp:188->src/generic/mpx_packed_karatsuba.hpp:226]   --->   Operation 30 'bitconcatenate' 'b0_41' <Predicate = true> <Delay = 0.00>
ST_2 : Operation 31 [1/1] (0.00ns)   --->   "%R_X_addr_10 = getelementptr i64 %R_X, i64 0, i64 3" [src/generic/mpx_packed_karatsuba.hpp:37->src/generic/mpx_packed_karatsuba.hpp:188->src/generic/mpx_packed_karatsuba.hpp:226]   --->   Operation 31 'getelementptr' 'R_X_addr_10' <Predicate = true> <Delay = 0.00>
ST_2 : Operation 32 [2/2] (0.71ns)   --->   "%w_142 = load i4 %R_X_addr_10" [src/generic/mpx_packed_karatsuba.hpp:37->src/generic/mpx_packed_karatsuba.hpp:188->src/generic/mpx_packed_karatsuba.hpp:226]   --->   Operation 32 'load' 'w_142' <Predicate = true> <Delay = 0.71> <CoreInst = "RAM">   --->   Core 82 'RAM' <Latency = 1> <II = 1> <Delay = 0.71> <Storage> <Opcode : 'load' 'store'> <Ports = 2> <Width = 64> <Depth = 16> <RAM>
ST_2 : Operation 33 [1/1] (0.00ns)   --->   "%zext_ln121 = zext i128 %a0_41" [src/generic/mpx_packed_karatsuba.hpp:121->src/generic/mpx_packed_karatsuba.hpp:138->src/generic/mpx_packed_karatsuba.hpp:138->src/generic/mpx_packed_karatsuba.hpp:189->src/generic/mpx_packed_karatsuba.hpp:226]   --->   Operation 33 'zext' 'zext_ln121' <Predicate = true> <Delay = 0.00>
ST_2 : Operation 34 [1/1] (0.00ns)   --->   "%zext_ln121_80 = zext i128 %b0_41" [src/generic/mpx_packed_karatsuba.hpp:121->src/generic/mpx_packed_karatsuba.hpp:138->src/generic/mpx_packed_karatsuba.hpp:138->src/generic/mpx_packed_karatsuba.hpp:189->src/generic/mpx_packed_karatsuba.hpp:226]   --->   Operation 34 'zext' 'zext_ln121_80' <Predicate = true> <Delay = 0.00>
ST_2 : Operation 35 [1/1] (6.07ns)   --->   "%z0 = mul i256 %zext_ln121_80, i256 %zext_ln121" [src/generic/mpx_packed_karatsuba.hpp:121->src/generic/mpx_packed_karatsuba.hpp:138->src/generic/mpx_packed_karatsuba.hpp:138->src/generic/mpx_packed_karatsuba.hpp:189->src/generic/mpx_packed_karatsuba.hpp:226]   --->   Operation 35 'mul' 'z0' <Predicate = true> <Delay = 6.07> <CoreInst = "Multiplier">   --->   Core 3 'Multiplier' <Latency = 0> <II = 1> <Delay = 6.07> <FuncUnit> <Opcode : 'mul'> <InPorts = 2> <OutPorts = 1>
ST_2 : Operation 36 [1/1] (0.00ns)   --->   "%w_147 = trunc i256 %z0" [src/generic/mpx_packed_karatsuba.hpp:51->src/generic/mpx_packed_karatsuba.hpp:190->src/generic/mpx_packed_karatsuba.hpp:226]   --->   Operation 36 'trunc' 'w_147' <Predicate = true> <Delay = 0.00>

State 3 <SV = 2> <Delay = 6.78>
ST_3 : Operation 37 [1/1] (0.00ns)   --->   "%a_addr_18 = getelementptr i64 %a, i64 0, i64 4" [src/generic/mpx_packed_karatsuba.hpp:37->src/generic/mpx_packed_karatsuba.hpp:187->src/generic/mpx_packed_karatsuba.hpp:226]   --->   Operation 37 'getelementptr' 'a_addr_18' <Predicate = true> <Delay = 0.00>
ST_3 : Operation 38 [1/1] (0.00ns)   --->   "%a_addr_19 = getelementptr i64 %a, i64 0, i64 5" [src/generic/mpx_packed_karatsuba.hpp:37->src/generic/mpx_packed_karatsuba.hpp:187->src/generic/mpx_packed_karatsuba.hpp:226]   --->   Operation 38 'getelementptr' 'a_addr_19' <Predicate = true> <Delay = 0.00>
ST_3 : Operation 39 [1/2] ( I:0.71ns O:0.71ns )   --->   "%w_133 = load i3 %a_addr_16" [src/generic/mpx_packed_karatsuba.hpp:37->src/generic/mpx_packed_karatsuba.hpp:187->src/generic/mpx_packed_karatsuba.hpp:226]   --->   Operation 39 'load' 'w_133' <Predicate = true> <Delay = 0.71> <CoreInst = "RAM">   --->   Core 82 'RAM' <Latency = 1> <II = 1> <Delay = 0.71> <Storage> <Opcode : 'load' 'store'> <Ports = 2> <Width = 64> <Depth = 8> <RAM>
ST_3 : Operation 40 [1/2] ( I:0.71ns O:0.71ns )   --->   "%w_134 = load i3 %a_addr_17" [src/generic/mpx_packed_karatsuba.hpp:37->src/generic/mpx_packed_karatsuba.hpp:187->src/generic/mpx_packed_karatsuba.hpp:226]   --->   Operation 40 'load' 'w_134' <Predicate = true> <Delay = 0.71> <CoreInst = "RAM">   --->   Core 82 'RAM' <Latency = 1> <II = 1> <Delay = 0.71> <Storage> <Opcode : 'load' 'store'> <Ports = 2> <Width = 64> <Depth = 8> <RAM>
ST_3 : Operation 41 [2/2] (0.71ns)   --->   "%w_135 = load i3 %a_addr_18" [src/generic/mpx_packed_karatsuba.hpp:37->src/generic/mpx_packed_karatsuba.hpp:187->src/generic/mpx_packed_karatsuba.hpp:226]   --->   Operation 41 'load' 'w_135' <Predicate = true> <Delay = 0.71> <CoreInst = "RAM">   --->   Core 82 'RAM' <Latency = 1> <II = 1> <Delay = 0.71> <Storage> <Opcode : 'load' 'store'> <Ports = 2> <Width = 64> <Depth = 8> <RAM>
ST_3 : Operation 42 [2/2] (0.71ns)   --->   "%w_136 = load i3 %a_addr_19" [src/generic/mpx_packed_karatsuba.hpp:37->src/generic/mpx_packed_karatsuba.hpp:187->src/generic/mpx_packed_karatsuba.hpp:226]   --->   Operation 42 'load' 'w_136' <Predicate = true> <Delay = 0.71> <CoreInst = "RAM">   --->   Core 82 'RAM' <Latency = 1> <II = 1> <Delay = 0.71> <Storage> <Opcode : 'load' 'store'> <Ports = 2> <Width = 64> <Depth = 8> <RAM>
ST_3 : Operation 43 [1/2] ( I:0.71ns O:0.71ns )   --->   "%w_141 = load i4 %R_X_addr_9" [src/generic/mpx_packed_karatsuba.hpp:37->src/generic/mpx_packed_karatsuba.hpp:188->src/generic/mpx_packed_karatsuba.hpp:226]   --->   Operation 43 'load' 'w_141' <Predicate = true> <Delay = 0.71> <CoreInst = "RAM">   --->   Core 82 'RAM' <Latency = 1> <II = 1> <Delay = 0.71> <Storage> <Opcode : 'load' 'store'> <Ports = 2> <Width = 64> <Depth = 16> <RAM>
ST_3 : Operation 44 [1/2] ( I:0.71ns O:0.71ns )   --->   "%w_142 = load i4 %R_X_addr_10" [src/generic/mpx_packed_karatsuba.hpp:37->src/generic/mpx_packed_karatsuba.hpp:188->src/generic/mpx_packed_karatsuba.hpp:226]   --->   Operation 44 'load' 'w_142' <Predicate = true> <Delay = 0.71> <CoreInst = "RAM">   --->   Core 82 'RAM' <Latency = 1> <II = 1> <Delay = 0.71> <Storage> <Opcode : 'load' 'store'> <Ports = 2> <Width = 64> <Depth = 16> <RAM>
ST_3 : Operation 45 [1/1] (0.00ns)   --->   "%R_X_addr_11 = getelementptr i64 %R_X, i64 0, i64 4" [src/generic/mpx_packed_karatsuba.hpp:37->src/generic/mpx_packed_karatsuba.hpp:188->src/generic/mpx_packed_karatsuba.hpp:226]   --->   Operation 45 'getelementptr' 'R_X_addr_11' <Predicate = true> <Delay = 0.00>
ST_3 : Operation 46 [2/2] (0.71ns)   --->   "%w_143 = load i4 %R_X_addr_11" [src/generic/mpx_packed_karatsuba.hpp:37->src/generic/mpx_packed_karatsuba.hpp:188->src/generic/mpx_packed_karatsuba.hpp:226]   --->   Operation 46 'load' 'w_143' <Predicate = true> <Delay = 0.71> <CoreInst = "RAM">   --->   Core 82 'RAM' <Latency = 1> <II = 1> <Delay = 0.71> <Storage> <Opcode : 'load' 'store'> <Ports = 2> <Width = 64> <Depth = 16> <RAM>
ST_3 : Operation 47 [1/1] (0.00ns)   --->   "%R_X_addr_12 = getelementptr i64 %R_X, i64 0, i64 5" [src/generic/mpx_packed_karatsuba.hpp:37->src/generic/mpx_packed_karatsuba.hpp:188->src/generic/mpx_packed_karatsuba.hpp:226]   --->   Operation 47 'getelementptr' 'R_X_addr_12' <Predicate = true> <Delay = 0.00>
ST_3 : Operation 48 [2/2] (0.71ns)   --->   "%w_144 = load i4 %R_X_addr_12" [src/generic/mpx_packed_karatsuba.hpp:37->src/generic/mpx_packed_karatsuba.hpp:188->src/generic/mpx_packed_karatsuba.hpp:226]   --->   Operation 48 'load' 'w_144' <Predicate = true> <Delay = 0.71> <CoreInst = "RAM">   --->   Core 82 'RAM' <Latency = 1> <II = 1> <Delay = 0.71> <Storage> <Opcode : 'load' 'store'> <Ports = 2> <Width = 64> <Depth = 16> <RAM>
ST_3 : Operation 49 [1/1] (0.00ns)   --->   "%a1_22 = bitconcatenate i128 @_ssdm_op_BitConcatenate.i128.i64.i64, i64 %w_134, i64 %w_133" [src/generic/mpx_packed_karatsuba.hpp:135->src/generic/mpx_packed_karatsuba.hpp:138->src/generic/mpx_packed_karatsuba.hpp:189->src/generic/mpx_packed_karatsuba.hpp:226]   --->   Operation 49 'bitconcatenate' 'a1_22' <Predicate = true> <Delay = 0.00>
ST_3 : Operation 50 [1/1] (0.00ns)   --->   "%zext_ln135 = zext i128 %a1_22" [src/generic/mpx_packed_karatsuba.hpp:135->src/generic/mpx_packed_karatsuba.hpp:138->src/generic/mpx_packed_karatsuba.hpp:189->src/generic/mpx_packed_karatsuba.hpp:226]   --->   Operation 50 'zext' 'zext_ln135' <Predicate = true> <Delay = 0.00>
ST_3 : Operation 51 [1/1] (0.00ns)   --->   "%b1_22 = bitconcatenate i128 @_ssdm_op_BitConcatenate.i128.i64.i64, i64 %w_142, i64 %w_141" [src/generic/mpx_packed_karatsuba.hpp:136->src/generic/mpx_packed_karatsuba.hpp:138->src/generic/mpx_packed_karatsuba.hpp:189->src/generic/mpx_packed_karatsuba.hpp:226]   --->   Operation 51 'bitconcatenate' 'b1_22' <Predicate = true> <Delay = 0.00>
ST_3 : Operation 52 [1/1] (0.00ns)   --->   "%zext_ln136 = zext i128 %b1_22" [src/generic/mpx_packed_karatsuba.hpp:136->src/generic/mpx_packed_karatsuba.hpp:138->src/generic/mpx_packed_karatsuba.hpp:189->src/generic/mpx_packed_karatsuba.hpp:226]   --->   Operation 52 'zext' 'zext_ln136' <Predicate = true> <Delay = 0.00>
ST_3 : Operation 53 [1/1] (6.07ns)   --->   "%z2_86 = mul i256 %zext_ln136, i256 %zext_ln135" [src/generic/mpx_packed_karatsuba.hpp:121->src/generic/mpx_packed_karatsuba.hpp:139->src/generic/mpx_packed_karatsuba.hpp:138->src/generic/mpx_packed_karatsuba.hpp:189->src/generic/mpx_packed_karatsuba.hpp:226]   --->   Operation 53 'mul' 'z2_86' <Predicate = true> <Delay = 6.07> <CoreInst = "Multiplier">   --->   Core 3 'Multiplier' <Latency = 0> <II = 1> <Delay = 6.07> <FuncUnit> <Opcode : 'mul'> <InPorts = 2> <OutPorts = 1>
ST_3 : Operation 54 [1/1] (0.00ns)   --->   "%zext_ln147 = zext i128 %a0_41" [src/generic/mpx_packed_karatsuba.hpp:147->src/generic/mpx_packed_karatsuba.hpp:138->src/generic/mpx_packed_karatsuba.hpp:189->src/generic/mpx_packed_karatsuba.hpp:226]   --->   Operation 54 'zext' 'zext_ln147' <Predicate = true> <Delay = 0.00>
ST_3 : Operation 55 [1/1] (0.00ns)   --->   "%zext_ln147_48 = zext i128 %a1_22" [src/generic/mpx_packed_karatsuba.hpp:147->src/generic/mpx_packed_karatsuba.hpp:138->src/generic/mpx_packed_karatsuba.hpp:189->src/generic/mpx_packed_karatsuba.hpp:226]   --->   Operation 55 'zext' 'zext_ln147_48' <Predicate = true> <Delay = 0.00>
ST_3 : Operation 56 [1/1] (1.14ns)   --->   "%a0_42 = add i64 %w_133, i64 %w" [src/generic/mpx_packed_karatsuba.hpp:133->src/generic/mpx_packed_karatsuba.hpp:159->src/generic/mpx_packed_karatsuba.hpp:138->src/generic/mpx_packed_karatsuba.hpp:189->src/generic/mpx_packed_karatsuba.hpp:226]   --->   Operation 56 'add' 'a0_42' <Predicate = true> <Delay = 1.14> <CoreInst = "Adder">   --->   Core 1 'Adder' <Latency = 0> <II = 1> <Delay = 1.14> <FuncUnit> <Opcode : 'add' 'sub'> <InPorts = 2> <OutPorts = 1>
ST_3 : Operation 57 [1/1] (1.49ns)   --->   "%sa_74 = add i129 %zext_ln147_48, i129 %zext_ln147" [src/generic/mpx_packed_karatsuba.hpp:147->src/generic/mpx_packed_karatsuba.hpp:138->src/generic/mpx_packed_karatsuba.hpp:189->src/generic/mpx_packed_karatsuba.hpp:226]   --->   Operation 57 'add' 'sa_74' <Predicate = true> <Delay = 1.49> <CoreInst = "Adder">   --->   Core 1 'Adder' <Latency = 0> <II = 1> <Delay = 1.49> <FuncUnit> <Opcode : 'add' 'sub'> <InPorts = 2> <OutPorts = 1>
ST_3 : Operation 58 [1/1] (0.00ns)   --->   "%zext_ln148 = zext i128 %b0_41" [src/generic/mpx_packed_karatsuba.hpp:148->src/generic/mpx_packed_karatsuba.hpp:138->src/generic/mpx_packed_karatsuba.hpp:189->src/generic/mpx_packed_karatsuba.hpp:226]   --->   Operation 58 'zext' 'zext_ln148' <Predicate = true> <Delay = 0.00>
ST_3 : Operation 59 [1/1] (0.00ns)   --->   "%zext_ln148_48 = zext i128 %b1_22" [src/generic/mpx_packed_karatsuba.hpp:148->src/generic/mpx_packed_karatsuba.hpp:138->src/generic/mpx_packed_karatsuba.hpp:189->src/generic/mpx_packed_karatsuba.hpp:226]   --->   Operation 59 'zext' 'zext_ln148_48' <Predicate = true> <Delay = 0.00>
ST_3 : Operation 60 [1/1] (1.14ns)   --->   "%b0_42 = add i64 %w_141, i64 %w_139" [src/generic/mpx_packed_karatsuba.hpp:134->src/generic/mpx_packed_karatsuba.hpp:159->src/generic/mpx_packed_karatsuba.hpp:138->src/generic/mpx_packed_karatsuba.hpp:189->src/generic/mpx_packed_karatsuba.hpp:226]   --->   Operation 60 'add' 'b0_42' <Predicate = true> <Delay = 1.14> <CoreInst = "Adder">   --->   Core 1 'Adder' <Latency = 0> <II = 1> <Delay = 1.14> <FuncUnit> <Opcode : 'add' 'sub'> <InPorts = 2> <OutPorts = 1>
ST_3 : Operation 61 [1/1] (1.49ns)   --->   "%sb_74 = add i129 %zext_ln148_48, i129 %zext_ln148" [src/generic/mpx_packed_karatsuba.hpp:148->src/generic/mpx_packed_karatsuba.hpp:138->src/generic/mpx_packed_karatsuba.hpp:189->src/generic/mpx_packed_karatsuba.hpp:226]   --->   Operation 61 'add' 'sb_74' <Predicate = true> <Delay = 1.49> <CoreInst = "Adder">   --->   Core 1 'Adder' <Latency = 0> <II = 1> <Delay = 1.49> <FuncUnit> <Opcode : 'add' 'sub'> <InPorts = 2> <OutPorts = 1>
ST_3 : Operation 62 [1/1] (0.00ns)   --->   "%a1_s = partselect i65 @_ssdm_op_PartSelect.i65.i129.i32.i32, i129 %sa_74, i32 64, i32 128" [src/generic/mpx_packed_karatsuba.hpp:135->src/generic/mpx_packed_karatsuba.hpp:159->src/generic/mpx_packed_karatsuba.hpp:138->src/generic/mpx_packed_karatsuba.hpp:189->src/generic/mpx_packed_karatsuba.hpp:226]   --->   Operation 62 'partselect' 'a1_s' <Predicate = true> <Delay = 0.00>
ST_3 : Operation 63 [1/1] (0.00ns)   --->   "%b1_s = partselect i65 @_ssdm_op_PartSelect.i65.i129.i32.i32, i129 %sb_74, i32 64, i32 128" [src/generic/mpx_packed_karatsuba.hpp:136->src/generic/mpx_packed_karatsuba.hpp:159->src/generic/mpx_packed_karatsuba.hpp:138->src/generic/mpx_packed_karatsuba.hpp:189->src/generic/mpx_packed_karatsuba.hpp:226]   --->   Operation 63 'partselect' 'b1_s' <Predicate = true> <Delay = 0.00>
ST_3 : Operation 64 [1/1] (0.00ns)   --->   "%zext_ln121_81 = zext i64 %a0_42" [src/generic/mpx_packed_karatsuba.hpp:121->src/generic/mpx_packed_karatsuba.hpp:138->src/generic/mpx_packed_karatsuba.hpp:159->src/generic/mpx_packed_karatsuba.hpp:138->src/generic/mpx_packed_karatsuba.hpp:189->src/generic/mpx_packed_karatsuba.hpp:226]   --->   Operation 64 'zext' 'zext_ln121_81' <Predicate = true> <Delay = 0.00>
ST_3 : Operation 65 [1/1] (0.00ns)   --->   "%zext_ln121_82 = zext i64 %b0_42" [src/generic/mpx_packed_karatsuba.hpp:121->src/generic/mpx_packed_karatsuba.hpp:138->src/generic/mpx_packed_karatsuba.hpp:159->src/generic/mpx_packed_karatsuba.hpp:138->src/generic/mpx_packed_karatsuba.hpp:189->src/generic/mpx_packed_karatsuba.hpp:226]   --->   Operation 65 'zext' 'zext_ln121_82' <Predicate = true> <Delay = 0.00>
ST_3 : Operation 66 [1/1] (4.43ns)   --->   "%z0_51 = mul i128 %zext_ln121_82, i128 %zext_ln121_81" [src/generic/mpx_packed_karatsuba.hpp:121->src/generic/mpx_packed_karatsuba.hpp:138->src/generic/mpx_packed_karatsuba.hpp:159->src/generic/mpx_packed_karatsuba.hpp:138->src/generic/mpx_packed_karatsuba.hpp:189->src/generic/mpx_packed_karatsuba.hpp:226]   --->   Operation 66 'mul' 'z0_51' <Predicate = true> <Delay = 4.43> <CoreInst = "Multiplier">   --->   Core 3 'Multiplier' <Latency = 0> <II = 1> <Delay = 4.43> <FuncUnit> <Opcode : 'mul'> <InPorts = 2> <OutPorts = 1>
ST_3 : Operation 67 [1/1] (0.00ns)   --->   "%zext_ln121_83 = zext i65 %a1_s" [src/generic/mpx_packed_karatsuba.hpp:121->src/generic/mpx_packed_karatsuba.hpp:139->src/generic/mpx_packed_karatsuba.hpp:159->src/generic/mpx_packed_karatsuba.hpp:138->src/generic/mpx_packed_karatsuba.hpp:189->src/generic/mpx_packed_karatsuba.hpp:226]   --->   Operation 67 'zext' 'zext_ln121_83' <Predicate = true> <Delay = 0.00>
ST_3 : Operation 68 [1/1] (0.00ns)   --->   "%zext_ln121_84 = zext i65 %b1_s" [src/generic/mpx_packed_karatsuba.hpp:121->src/generic/mpx_packed_karatsuba.hpp:139->src/generic/mpx_packed_karatsuba.hpp:159->src/generic/mpx_packed_karatsuba.hpp:138->src/generic/mpx_packed_karatsuba.hpp:189->src/generic/mpx_packed_karatsuba.hpp:226]   --->   Operation 68 'zext' 'zext_ln121_84' <Predicate = true> <Delay = 0.00>
ST_3 : Operation 69 [1/1] (4.47ns)   --->   "%z2_77 = mul i130 %zext_ln121_84, i130 %zext_ln121_83" [src/generic/mpx_packed_karatsuba.hpp:121->src/generic/mpx_packed_karatsuba.hpp:139->src/generic/mpx_packed_karatsuba.hpp:159->src/generic/mpx_packed_karatsuba.hpp:138->src/generic/mpx_packed_karatsuba.hpp:189->src/generic/mpx_packed_karatsuba.hpp:226]   --->   Operation 69 'mul' 'z2_77' <Predicate = true> <Delay = 4.47> <CoreInst = "Multiplier">   --->   Core 3 'Multiplier' <Latency = 0> <II = 1> <Delay = 4.47> <FuncUnit> <Opcode : 'mul'> <InPorts = 2> <OutPorts = 1>
ST_3 : Operation 70 [1/1] (0.00ns)   --->   "%zext_ln147_36 = zext i64 %a0_42" [src/generic/mpx_packed_karatsuba.hpp:147->src/generic/mpx_packed_karatsuba.hpp:159->src/generic/mpx_packed_karatsuba.hpp:138->src/generic/mpx_packed_karatsuba.hpp:189->src/generic/mpx_packed_karatsuba.hpp:226]   --->   Operation 70 'zext' 'zext_ln147_36' <Predicate = true> <Delay = 0.00>
ST_3 : Operation 71 [1/1] (0.00ns)   --->   "%zext_ln147_49 = zext i65 %a1_s" [src/generic/mpx_packed_karatsuba.hpp:147->src/generic/mpx_packed_karatsuba.hpp:159->src/generic/mpx_packed_karatsuba.hpp:138->src/generic/mpx_packed_karatsuba.hpp:189->src/generic/mpx_packed_karatsuba.hpp:226]   --->   Operation 71 'zext' 'zext_ln147_49' <Predicate = true> <Delay = 0.00>
ST_3 : Operation 72 [1/1] (1.15ns)   --->   "%sa = add i66 %zext_ln147_49, i66 %zext_ln147_36" [src/generic/mpx_packed_karatsuba.hpp:147->src/generic/mpx_packed_karatsuba.hpp:159->src/generic/mpx_packed_karatsuba.hpp:138->src/generic/mpx_packed_karatsuba.hpp:189->src/generic/mpx_packed_karatsuba.hpp:226]   --->   Operation 72 'add' 'sa' <Predicate = true> <Delay = 1.15> <CoreInst = "Adder">   --->   Core 1 'Adder' <Latency = 0> <II = 1> <Delay = 1.15> <FuncUnit> <Opcode : 'add' 'sub'> <InPorts = 2> <OutPorts = 1>
ST_3 : Operation 73 [1/1] (0.00ns)   --->   "%zext_ln148_36 = zext i64 %b0_42" [src/generic/mpx_packed_karatsuba.hpp:148->src/generic/mpx_packed_karatsuba.hpp:159->src/generic/mpx_packed_karatsuba.hpp:138->src/generic/mpx_packed_karatsuba.hpp:189->src/generic/mpx_packed_karatsuba.hpp:226]   --->   Operation 73 'zext' 'zext_ln148_36' <Predicate = true> <Delay = 0.00>
ST_3 : Operation 74 [1/1] (0.00ns)   --->   "%zext_ln148_49 = zext i65 %b1_s" [src/generic/mpx_packed_karatsuba.hpp:148->src/generic/mpx_packed_karatsuba.hpp:159->src/generic/mpx_packed_karatsuba.hpp:138->src/generic/mpx_packed_karatsuba.hpp:189->src/generic/mpx_packed_karatsuba.hpp:226]   --->   Operation 74 'zext' 'zext_ln148_49' <Predicate = true> <Delay = 0.00>
ST_3 : Operation 75 [1/1] (1.15ns)   --->   "%sb = add i66 %zext_ln148_49, i66 %zext_ln148_36" [src/generic/mpx_packed_karatsuba.hpp:148->src/generic/mpx_packed_karatsuba.hpp:159->src/generic/mpx_packed_karatsuba.hpp:138->src/generic/mpx_packed_karatsuba.hpp:189->src/generic/mpx_packed_karatsuba.hpp:226]   --->   Operation 75 'add' 'sb' <Predicate = true> <Delay = 1.15> <CoreInst = "Adder">   --->   Core 1 'Adder' <Latency = 0> <II = 1> <Delay = 1.15> <FuncUnit> <Opcode : 'add' 'sub'> <InPorts = 2> <OutPorts = 1>

State 4 <SV = 3> <Delay = 6.78>
ST_4 : Operation 76 [1/1] (0.00ns)   --->   "%a_addr_20 = getelementptr i64 %a, i64 0, i64 6" [src/generic/mpx_packed_karatsuba.hpp:37->src/generic/mpx_packed_karatsuba.hpp:187->src/generic/mpx_packed_karatsuba.hpp:226]   --->   Operation 76 'getelementptr' 'a_addr_20' <Predicate = true> <Delay = 0.00>
ST_4 : Operation 77 [1/1] (0.00ns)   --->   "%a_addr_21 = getelementptr i64 %a, i64 0, i64 7" [src/generic/mpx_packed_karatsuba.hpp:37->src/generic/mpx_packed_karatsuba.hpp:187->src/generic/mpx_packed_karatsuba.hpp:226]   --->   Operation 77 'getelementptr' 'a_addr_21' <Predicate = true> <Delay = 0.00>
ST_4 : Operation 78 [1/2] ( I:0.71ns O:0.71ns )   --->   "%w_135 = load i3 %a_addr_18" [src/generic/mpx_packed_karatsuba.hpp:37->src/generic/mpx_packed_karatsuba.hpp:187->src/generic/mpx_packed_karatsuba.hpp:226]   --->   Operation 78 'load' 'w_135' <Predicate = true> <Delay = 0.71> <CoreInst = "RAM">   --->   Core 82 'RAM' <Latency = 1> <II = 1> <Delay = 0.71> <Storage> <Opcode : 'load' 'store'> <Ports = 2> <Width = 64> <Depth = 8> <RAM>
ST_4 : Operation 79 [1/2] ( I:0.71ns O:0.71ns )   --->   "%w_136 = load i3 %a_addr_19" [src/generic/mpx_packed_karatsuba.hpp:37->src/generic/mpx_packed_karatsuba.hpp:187->src/generic/mpx_packed_karatsuba.hpp:226]   --->   Operation 79 'load' 'w_136' <Predicate = true> <Delay = 0.71> <CoreInst = "RAM">   --->   Core 82 'RAM' <Latency = 1> <II = 1> <Delay = 0.71> <Storage> <Opcode : 'load' 'store'> <Ports = 2> <Width = 64> <Depth = 8> <RAM>
ST_4 : Operation 80 [2/2] (0.71ns)   --->   "%w_137 = load i3 %a_addr_20" [src/generic/mpx_packed_karatsuba.hpp:37->src/generic/mpx_packed_karatsuba.hpp:187->src/generic/mpx_packed_karatsuba.hpp:226]   --->   Operation 80 'load' 'w_137' <Predicate = true> <Delay = 0.71> <CoreInst = "RAM">   --->   Core 82 'RAM' <Latency = 1> <II = 1> <Delay = 0.71> <Storage> <Opcode : 'load' 'store'> <Ports = 2> <Width = 64> <Depth = 8> <RAM>
ST_4 : Operation 81 [2/2] (0.71ns)   --->   "%w_138 = load i3 %a_addr_21" [src/generic/mpx_packed_karatsuba.hpp:37->src/generic/mpx_packed_karatsuba.hpp:187->src/generic/mpx_packed_karatsuba.hpp:226]   --->   Operation 81 'load' 'w_138' <Predicate = true> <Delay = 0.71> <CoreInst = "RAM">   --->   Core 82 'RAM' <Latency = 1> <II = 1> <Delay = 0.71> <Storage> <Opcode : 'load' 'store'> <Ports = 2> <Width = 64> <Depth = 8> <RAM>
ST_4 : Operation 82 [1/2] ( I:0.71ns O:0.71ns )   --->   "%w_143 = load i4 %R_X_addr_11" [src/generic/mpx_packed_karatsuba.hpp:37->src/generic/mpx_packed_karatsuba.hpp:188->src/generic/mpx_packed_karatsuba.hpp:226]   --->   Operation 82 'load' 'w_143' <Predicate = true> <Delay = 0.71> <CoreInst = "RAM">   --->   Core 82 'RAM' <Latency = 1> <II = 1> <Delay = 0.71> <Storage> <Opcode : 'load' 'store'> <Ports = 2> <Width = 64> <Depth = 16> <RAM>
ST_4 : Operation 83 [1/2] ( I:0.71ns O:0.71ns )   --->   "%w_144 = load i4 %R_X_addr_12" [src/generic/mpx_packed_karatsuba.hpp:37->src/generic/mpx_packed_karatsuba.hpp:188->src/generic/mpx_packed_karatsuba.hpp:226]   --->   Operation 83 'load' 'w_144' <Predicate = true> <Delay = 0.71> <CoreInst = "RAM">   --->   Core 82 'RAM' <Latency = 1> <II = 1> <Delay = 0.71> <Storage> <Opcode : 'load' 'store'> <Ports = 2> <Width = 64> <Depth = 16> <RAM>
ST_4 : Operation 84 [1/1] (0.00ns)   --->   "%R_X_addr_13 = getelementptr i64 %R_X, i64 0, i64 6" [src/generic/mpx_packed_karatsuba.hpp:37->src/generic/mpx_packed_karatsuba.hpp:188->src/generic/mpx_packed_karatsuba.hpp:226]   --->   Operation 84 'getelementptr' 'R_X_addr_13' <Predicate = true> <Delay = 0.00>
ST_4 : Operation 85 [2/2] (0.71ns)   --->   "%w_145 = load i4 %R_X_addr_13" [src/generic/mpx_packed_karatsuba.hpp:37->src/generic/mpx_packed_karatsuba.hpp:188->src/generic/mpx_packed_karatsuba.hpp:226]   --->   Operation 85 'load' 'w_145' <Predicate = true> <Delay = 0.71> <CoreInst = "RAM">   --->   Core 82 'RAM' <Latency = 1> <II = 1> <Delay = 0.71> <Storage> <Opcode : 'load' 'store'> <Ports = 2> <Width = 64> <Depth = 16> <RAM>
ST_4 : Operation 86 [1/1] (0.00ns)   --->   "%R_X_addr_14 = getelementptr i64 %R_X, i64 0, i64 7" [src/generic/mpx_packed_karatsuba.hpp:37->src/generic/mpx_packed_karatsuba.hpp:188->src/generic/mpx_packed_karatsuba.hpp:226]   --->   Operation 86 'getelementptr' 'R_X_addr_14' <Predicate = true> <Delay = 0.00>
ST_4 : Operation 87 [2/2] (0.71ns)   --->   "%w_146 = load i4 %R_X_addr_14" [src/generic/mpx_packed_karatsuba.hpp:37->src/generic/mpx_packed_karatsuba.hpp:188->src/generic/mpx_packed_karatsuba.hpp:226]   --->   Operation 87 'load' 'w_146' <Predicate = true> <Delay = 0.71> <CoreInst = "RAM">   --->   Core 82 'RAM' <Latency = 1> <II = 1> <Delay = 0.71> <Storage> <Opcode : 'load' 'store'> <Ports = 2> <Width = 64> <Depth = 16> <RAM>
ST_4 : Operation 88 [1/1] (0.00ns)   --->   "%zext_ln174 = zext i66 %sa" [src/generic/mpx_packed_karatsuba.hpp:174->src/generic/mpx_packed_karatsuba.hpp:159->src/generic/mpx_packed_karatsuba.hpp:138->src/generic/mpx_packed_karatsuba.hpp:189->src/generic/mpx_packed_karatsuba.hpp:226]   --->   Operation 88 'zext' 'zext_ln174' <Predicate = true> <Delay = 0.00>
ST_4 : Operation 89 [1/1] (0.00ns)   --->   "%zext_ln174_204 = zext i66 %sb" [src/generic/mpx_packed_karatsuba.hpp:174->src/generic/mpx_packed_karatsuba.hpp:159->src/generic/mpx_packed_karatsuba.hpp:138->src/generic/mpx_packed_karatsuba.hpp:189->src/generic/mpx_packed_karatsuba.hpp:226]   --->   Operation 89 'zext' 'zext_ln174_204' <Predicate = true> <Delay = 0.00>
ST_4 : Operation 90 [1/1] (4.51ns)   --->   "%mul_ln174 = mul i132 %zext_ln174_204, i132 %zext_ln174" [src/generic/mpx_packed_karatsuba.hpp:174->src/generic/mpx_packed_karatsuba.hpp:159->src/generic/mpx_packed_karatsuba.hpp:138->src/generic/mpx_packed_karatsuba.hpp:189->src/generic/mpx_packed_karatsuba.hpp:226]   --->   Operation 90 'mul' 'mul_ln174' <Predicate = true> <Delay = 4.51> <CoreInst = "Multiplier">   --->   Core 3 'Multiplier' <Latency = 0> <II = 1> <Delay = 4.51> <FuncUnit> <Opcode : 'mul'> <InPorts = 2> <OutPorts = 1>
ST_4 : Operation 91 [1/1] (0.00ns)   --->   "%a0_43 = bitconcatenate i128 @_ssdm_op_BitConcatenate.i128.i64.i64, i64 %w_136, i64 %w_135" [src/generic/mpx_packed_karatsuba.hpp:133->src/generic/mpx_packed_karatsuba.hpp:139->src/generic/mpx_packed_karatsuba.hpp:189->src/generic/mpx_packed_karatsuba.hpp:226]   --->   Operation 91 'bitconcatenate' 'a0_43' <Predicate = true> <Delay = 0.00>
ST_4 : Operation 92 [1/1] (0.00ns)   --->   "%b0_43 = bitconcatenate i128 @_ssdm_op_BitConcatenate.i128.i64.i64, i64 %w_144, i64 %w_143" [src/generic/mpx_packed_karatsuba.hpp:134->src/generic/mpx_packed_karatsuba.hpp:139->src/generic/mpx_packed_karatsuba.hpp:189->src/generic/mpx_packed_karatsuba.hpp:226]   --->   Operation 92 'bitconcatenate' 'b0_43' <Predicate = true> <Delay = 0.00>
ST_4 : Operation 93 [1/1] (0.00ns)   --->   "%zext_ln121_85 = zext i128 %a0_43" [src/generic/mpx_packed_karatsuba.hpp:121->src/generic/mpx_packed_karatsuba.hpp:138->src/generic/mpx_packed_karatsuba.hpp:139->src/generic/mpx_packed_karatsuba.hpp:189->src/generic/mpx_packed_karatsuba.hpp:226]   --->   Operation 93 'zext' 'zext_ln121_85' <Predicate = true> <Delay = 0.00>
ST_4 : Operation 94 [1/1] (0.00ns)   --->   "%zext_ln121_86 = zext i128 %b0_43" [src/generic/mpx_packed_karatsuba.hpp:121->src/generic/mpx_packed_karatsuba.hpp:138->src/generic/mpx_packed_karatsuba.hpp:139->src/generic/mpx_packed_karatsuba.hpp:189->src/generic/mpx_packed_karatsuba.hpp:226]   --->   Operation 94 'zext' 'zext_ln121_86' <Predicate = true> <Delay = 0.00>
ST_4 : Operation 95 [1/1] (6.07ns)   --->   "%z0_58 = mul i256 %zext_ln121_86, i256 %zext_ln121_85" [src/generic/mpx_packed_karatsuba.hpp:121->src/generic/mpx_packed_karatsuba.hpp:138->src/generic/mpx_packed_karatsuba.hpp:139->src/generic/mpx_packed_karatsuba.hpp:189->src/generic/mpx_packed_karatsuba.hpp:226]   --->   Operation 95 'mul' 'z0_58' <Predicate = true> <Delay = 6.07> <CoreInst = "Multiplier">   --->   Core 3 'Multiplier' <Latency = 0> <II = 1> <Delay = 6.07> <FuncUnit> <Opcode : 'mul'> <InPorts = 2> <OutPorts = 1>

State 5 <SV = 4> <Delay = 7.23>
ST_5 : Operation 96 [1/2] ( I:0.71ns O:0.71ns )   --->   "%w_137 = load i3 %a_addr_20" [src/generic/mpx_packed_karatsuba.hpp:37->src/generic/mpx_packed_karatsuba.hpp:187->src/generic/mpx_packed_karatsuba.hpp:226]   --->   Operation 96 'load' 'w_137' <Predicate = true> <Delay = 0.71> <CoreInst = "RAM">   --->   Core 82 'RAM' <Latency = 1> <II = 1> <Delay = 0.71> <Storage> <Opcode : 'load' 'store'> <Ports = 2> <Width = 64> <Depth = 8> <RAM>
ST_5 : Operation 97 [1/2] ( I:0.71ns O:0.71ns )   --->   "%w_138 = load i3 %a_addr_21" [src/generic/mpx_packed_karatsuba.hpp:37->src/generic/mpx_packed_karatsuba.hpp:187->src/generic/mpx_packed_karatsuba.hpp:226]   --->   Operation 97 'load' 'w_138' <Predicate = true> <Delay = 0.71> <CoreInst = "RAM">   --->   Core 82 'RAM' <Latency = 1> <II = 1> <Delay = 0.71> <Storage> <Opcode : 'load' 'store'> <Ports = 2> <Width = 64> <Depth = 8> <RAM>
ST_5 : Operation 98 [1/2] ( I:0.71ns O:0.71ns )   --->   "%w_145 = load i4 %R_X_addr_13" [src/generic/mpx_packed_karatsuba.hpp:37->src/generic/mpx_packed_karatsuba.hpp:188->src/generic/mpx_packed_karatsuba.hpp:226]   --->   Operation 98 'load' 'w_145' <Predicate = true> <Delay = 0.71> <CoreInst = "RAM">   --->   Core 82 'RAM' <Latency = 1> <II = 1> <Delay = 0.71> <Storage> <Opcode : 'load' 'store'> <Ports = 2> <Width = 64> <Depth = 16> <RAM>
ST_5 : Operation 99 [1/2] ( I:0.71ns O:0.71ns )   --->   "%w_146 = load i4 %R_X_addr_14" [src/generic/mpx_packed_karatsuba.hpp:37->src/generic/mpx_packed_karatsuba.hpp:188->src/generic/mpx_packed_karatsuba.hpp:226]   --->   Operation 99 'load' 'w_146' <Predicate = true> <Delay = 0.71> <CoreInst = "RAM">   --->   Core 82 'RAM' <Latency = 1> <II = 1> <Delay = 0.71> <Storage> <Opcode : 'load' 'store'> <Ports = 2> <Width = 64> <Depth = 16> <RAM>
ST_5 : Operation 100 [1/1] (0.00ns)   --->   "%a0 = bitconcatenate i256 @_ssdm_op_BitConcatenate.i256.i64.i64.i64.i64, i64 %w_134, i64 %w_133, i64 %w_132, i64 %w" [src/generic/mpx_packed_karatsuba.hpp:133->src/generic/mpx_packed_karatsuba.hpp:189->src/generic/mpx_packed_karatsuba.hpp:226]   --->   Operation 100 'bitconcatenate' 'a0' <Predicate = true> <Delay = 0.00>
ST_5 : Operation 101 [1/1] (0.00ns)   --->   "%a0_cast = bitconcatenate i192 @_ssdm_op_BitConcatenate.i192.i64.i64.i64, i64 %w_133, i64 %w_132, i64 %w" [src/generic/mpx_packed_karatsuba.hpp:133->src/generic/mpx_packed_karatsuba.hpp:189->src/generic/mpx_packed_karatsuba.hpp:226]   --->   Operation 101 'bitconcatenate' 'a0_cast' <Predicate = true> <Delay = 0.00>
ST_5 : Operation 102 [1/1] (0.00ns)   --->   "%b0 = bitconcatenate i256 @_ssdm_op_BitConcatenate.i256.i64.i64.i64.i64, i64 %w_142, i64 %w_141, i64 %w_140, i64 %w_139" [src/generic/mpx_packed_karatsuba.hpp:134->src/generic/mpx_packed_karatsuba.hpp:189->src/generic/mpx_packed_karatsuba.hpp:226]   --->   Operation 102 'bitconcatenate' 'b0' <Predicate = true> <Delay = 0.00>
ST_5 : Operation 103 [1/1] (0.00ns)   --->   "%b0_cast = bitconcatenate i192 @_ssdm_op_BitConcatenate.i192.i64.i64.i64, i64 %w_141, i64 %w_140, i64 %w_139" [src/generic/mpx_packed_karatsuba.hpp:134->src/generic/mpx_packed_karatsuba.hpp:189->src/generic/mpx_packed_karatsuba.hpp:226]   --->   Operation 103 'bitconcatenate' 'b0_cast' <Predicate = true> <Delay = 0.00>
ST_5 : Operation 104 [1/1] (0.00ns)   --->   "%a1 = bitconcatenate i256 @_ssdm_op_BitConcatenate.i256.i64.i64.i64.i64, i64 %w_138, i64 %w_137, i64 %w_136, i64 %w_135" [src/generic/mpx_packed_karatsuba.hpp:135->src/generic/mpx_packed_karatsuba.hpp:189->src/generic/mpx_packed_karatsuba.hpp:226]   --->   Operation 104 'bitconcatenate' 'a1' <Predicate = true> <Delay = 0.00>
ST_5 : Operation 105 [1/1] (0.00ns)   --->   "%a1_cast = bitconcatenate i192 @_ssdm_op_BitConcatenate.i192.i64.i64.i64, i64 %w_137, i64 %w_136, i64 %w_135" [src/generic/mpx_packed_karatsuba.hpp:136->src/generic/mpx_packed_karatsuba.hpp:189->src/generic/mpx_packed_karatsuba.hpp:226]   --->   Operation 105 'bitconcatenate' 'a1_cast' <Predicate = true> <Delay = 0.00>
ST_5 : Operation 106 [1/1] (0.00ns)   --->   "%b1 = bitconcatenate i256 @_ssdm_op_BitConcatenate.i256.i64.i64.i64.i64, i64 %w_146, i64 %w_145, i64 %w_144, i64 %w_143" [src/generic/mpx_packed_karatsuba.hpp:136->src/generic/mpx_packed_karatsuba.hpp:189->src/generic/mpx_packed_karatsuba.hpp:226]   --->   Operation 106 'bitconcatenate' 'b1' <Predicate = true> <Delay = 0.00>
ST_5 : Operation 107 [1/1] (0.00ns)   --->   "%b1_cast = bitconcatenate i192 @_ssdm_op_BitConcatenate.i192.i64.i64.i64, i64 %w_145, i64 %w_144, i64 %w_143" [src/generic/mpx_packed_karatsuba.hpp:116->src/generic/mpx_packed_karatsuba.hpp:138->src/generic/mpx_packed_karatsuba.hpp:189->src/generic/mpx_packed_karatsuba.hpp:226]   --->   Operation 107 'bitconcatenate' 'b1_cast' <Predicate = true> <Delay = 0.00>
ST_5 : Operation 108 [1/1] (0.00ns)   --->   "%zext_ln174_205 = zext i132 %mul_ln174" [src/generic/mpx_packed_karatsuba.hpp:174->src/generic/mpx_packed_karatsuba.hpp:159->src/generic/mpx_packed_karatsuba.hpp:138->src/generic/mpx_packed_karatsuba.hpp:189->src/generic/mpx_packed_karatsuba.hpp:226]   --->   Operation 108 'zext' 'zext_ln174_205' <Predicate = true> <Delay = 0.00>
ST_5 : Operation 109 [1/1] (0.00ns)   --->   "%zext_ln174_206 = zext i128 %z0_51" [src/generic/mpx_packed_karatsuba.hpp:174->src/generic/mpx_packed_karatsuba.hpp:159->src/generic/mpx_packed_karatsuba.hpp:138->src/generic/mpx_packed_karatsuba.hpp:189->src/generic/mpx_packed_karatsuba.hpp:226]   --->   Operation 109 'zext' 'zext_ln174_206' <Predicate = true> <Delay = 0.00>
ST_5 : Operation 110 [1/1] (0.00ns)   --->   "%zext_ln174_207 = zext i130 %z2_77" [src/generic/mpx_packed_karatsuba.hpp:174->src/generic/mpx_packed_karatsuba.hpp:159->src/generic/mpx_packed_karatsuba.hpp:138->src/generic/mpx_packed_karatsuba.hpp:189->src/generic/mpx_packed_karatsuba.hpp:226]   --->   Operation 110 'zext' 'zext_ln174_207' <Predicate = true> <Delay = 0.00>
ST_5 : Operation 111 [1/1] (1.50ns)   --->   "%add_ln174 = add i131 %zext_ln174_207, i131 %zext_ln174_206" [src/generic/mpx_packed_karatsuba.hpp:174->src/generic/mpx_packed_karatsuba.hpp:159->src/generic/mpx_packed_karatsuba.hpp:138->src/generic/mpx_packed_karatsuba.hpp:189->src/generic/mpx_packed_karatsuba.hpp:226]   --->   Operation 111 'add' 'add_ln174' <Predicate = true> <Delay = 1.50> <CoreInst = "Adder">   --->   Core 1 'Adder' <Latency = 0> <II = 1> <Delay = 1.50> <FuncUnit> <Opcode : 'add' 'sub'> <InPorts = 2> <OutPorts = 1>
ST_5 : Operation 112 [1/1] (0.00ns)   --->   "%zext_ln174_208 = zext i131 %add_ln174" [src/generic/mpx_packed_karatsuba.hpp:174->src/generic/mpx_packed_karatsuba.hpp:159->src/generic/mpx_packed_karatsuba.hpp:138->src/generic/mpx_packed_karatsuba.hpp:189->src/generic/mpx_packed_karatsuba.hpp:226]   --->   Operation 112 'zext' 'zext_ln174_208' <Predicate = true> <Delay = 0.00>
ST_5 : Operation 113 [1/1] (1.51ns)   --->   "%sub_ln174 = sub i133 %zext_ln174_205, i133 %zext_ln174_208" [src/generic/mpx_packed_karatsuba.hpp:174->src/generic/mpx_packed_karatsuba.hpp:159->src/generic/mpx_packed_karatsuba.hpp:138->src/generic/mpx_packed_karatsuba.hpp:189->src/generic/mpx_packed_karatsuba.hpp:226]   --->   Operation 113 'sub' 'sub_ln174' <Predicate = true> <Delay = 1.51> <CoreInst = "Adder">   --->   Core 1 'Adder' <Latency = 0> <II = 1> <Delay = 1.51> <FuncUnit> <Opcode : 'add' 'sub'> <InPorts = 2> <OutPorts = 1>
ST_5 : Operation 114 [1/1] (0.00ns) (grouped into LUT with out node z1e)   --->   "%tmp_306 = bitconcatenate i197 @_ssdm_op_BitConcatenate.i197.i133.i64, i133 %sub_ln174, i64 0" [src/generic/mpx_packed_karatsuba.hpp:175->src/generic/mpx_packed_karatsuba.hpp:159->src/generic/mpx_packed_karatsuba.hpp:138->src/generic/mpx_packed_karatsuba.hpp:189->src/generic/mpx_packed_karatsuba.hpp:226]   --->   Operation 114 'bitconcatenate' 'tmp_306' <Predicate = true> <Delay = 0.00>
ST_5 : Operation 115 [1/1] (0.00ns) (grouped into LUT with out node z1e)   --->   "%sext_ln175 = sext i197 %tmp_306" [src/generic/mpx_packed_karatsuba.hpp:175->src/generic/mpx_packed_karatsuba.hpp:159->src/generic/mpx_packed_karatsuba.hpp:138->src/generic/mpx_packed_karatsuba.hpp:189->src/generic/mpx_packed_karatsuba.hpp:226]   --->   Operation 115 'sext' 'sext_ln175' <Predicate = true> <Delay = 0.00>
ST_5 : Operation 116 [1/1] (0.00ns) (grouped into LUT with out node z1e)   --->   "%res = bitconcatenate i258 @_ssdm_op_BitConcatenate.i258.i130.i128, i130 %z2_77, i128 %z0_51" [src/generic/mpx_packed_karatsuba.hpp:174->src/generic/mpx_packed_karatsuba.hpp:159->src/generic/mpx_packed_karatsuba.hpp:138->src/generic/mpx_packed_karatsuba.hpp:189->src/generic/mpx_packed_karatsuba.hpp:226]   --->   Operation 116 'bitconcatenate' 'res' <Predicate = true> <Delay = 0.00>
ST_5 : Operation 117 [1/1] (0.00ns) (grouped into LUT with out node z1e)   --->   "%or_ln175 = or i258 %sext_ln175, i258 %res" [src/generic/mpx_packed_karatsuba.hpp:175->src/generic/mpx_packed_karatsuba.hpp:159->src/generic/mpx_packed_karatsuba.hpp:138->src/generic/mpx_packed_karatsuba.hpp:189->src/generic/mpx_packed_karatsuba.hpp:226]   --->   Operation 117 'or' 'or_ln175' <Predicate = true> <Delay = 0.00> <CoreInst = "LogicGate">   --->   Core 74 'LogicGate' <Latency = 0> <II = 1> <Delay = 0.29> <FuncUnit> <Opcode : 'and' 'or' 'xor'> <InPorts = 2> <OutPorts = 1>
ST_5 : Operation 118 [1/1] (0.00ns) (grouped into LUT with out node z1e)   --->   "%tmp = bitselect i1 @_ssdm_op_BitSelect.i1.i133.i32, i133 %sub_ln174, i32 132" [src/generic/mpx_packed_karatsuba.hpp:175->src/generic/mpx_packed_karatsuba.hpp:159->src/generic/mpx_packed_karatsuba.hpp:138->src/generic/mpx_packed_karatsuba.hpp:189->src/generic/mpx_packed_karatsuba.hpp:226]   --->   Operation 118 'bitselect' 'tmp' <Predicate = true> <Delay = 0.00>
ST_5 : Operation 119 [1/1] (0.00ns) (grouped into LUT with out node z1e)   --->   "%res_107 = bitconcatenate i259 @_ssdm_op_BitConcatenate.i259.i1.i258, i1 %tmp, i258 %or_ln175" [src/generic/mpx_packed_karatsuba.hpp:175->src/generic/mpx_packed_karatsuba.hpp:159->src/generic/mpx_packed_karatsuba.hpp:138->src/generic/mpx_packed_karatsuba.hpp:189->src/generic/mpx_packed_karatsuba.hpp:226]   --->   Operation 119 'bitconcatenate' 'res_107' <Predicate = true> <Delay = 0.00>
ST_5 : Operation 120 [1/1] (0.00ns) (grouped into LUT with out node z1e)   --->   "%sext_ln172 = sext i259 %res_107" [src/generic/mpx_packed_karatsuba.hpp:172->src/generic/mpx_packed_karatsuba.hpp:159->src/generic/mpx_packed_karatsuba.hpp:138->src/generic/mpx_packed_karatsuba.hpp:189->src/generic/mpx_packed_karatsuba.hpp:226]   --->   Operation 120 'sext' 'sext_ln172' <Predicate = true> <Delay = 0.00>
ST_5 : Operation 121 [1/1] (0.00ns)   --->   "%zext_ln167 = zext i256 %z0" [src/generic/mpx_packed_karatsuba.hpp:167->src/generic/mpx_packed_karatsuba.hpp:138->src/generic/mpx_packed_karatsuba.hpp:189->src/generic/mpx_packed_karatsuba.hpp:226]   --->   Operation 121 'zext' 'zext_ln167' <Predicate = true> <Delay = 0.00>
ST_5 : Operation 122 [1/1] (0.00ns)   --->   "%zext_ln168 = zext i256 %z2_86" [src/generic/mpx_packed_karatsuba.hpp:168->src/generic/mpx_packed_karatsuba.hpp:138->src/generic/mpx_packed_karatsuba.hpp:189->src/generic/mpx_packed_karatsuba.hpp:226]   --->   Operation 122 'zext' 'zext_ln168' <Predicate = true> <Delay = 0.00>
ST_5 : Operation 123 [1/1] (2.05ns)   --->   "%add_ln169 = add i257 %zext_ln168, i257 %zext_ln167" [src/generic/mpx_packed_karatsuba.hpp:169->src/generic/mpx_packed_karatsuba.hpp:138->src/generic/mpx_packed_karatsuba.hpp:189->src/generic/mpx_packed_karatsuba.hpp:226]   --->   Operation 123 'add' 'add_ln169' <Predicate = true> <Delay = 2.05> <CoreInst = "Adder">   --->   Core 1 'Adder' <Latency = 0> <II = 1> <Delay = 2.05> <FuncUnit> <Opcode : 'add' 'sub'> <InPorts = 2> <OutPorts = 1>
ST_5 : Operation 124 [1/1] (0.00ns) (grouped into LUT with out node z1e)   --->   "%zext_ln169 = zext i257 %add_ln169" [src/generic/mpx_packed_karatsuba.hpp:169->src/generic/mpx_packed_karatsuba.hpp:138->src/generic/mpx_packed_karatsuba.hpp:189->src/generic/mpx_packed_karatsuba.hpp:226]   --->   Operation 124 'zext' 'zext_ln169' <Predicate = true> <Delay = 0.00>
ST_5 : Operation 125 [1/1] (2.06ns) (out node of the LUT)   --->   "%z1e = sub i260 %sext_ln172, i260 %zext_ln169" [src/generic/mpx_packed_karatsuba.hpp:169->src/generic/mpx_packed_karatsuba.hpp:138->src/generic/mpx_packed_karatsuba.hpp:189->src/generic/mpx_packed_karatsuba.hpp:226]   --->   Operation 125 'sub' 'z1e' <Predicate = true> <Delay = 2.06> <CoreInst = "Adder">   --->   Core 1 'Adder' <Latency = 0> <II = 1> <Delay = 2.06> <FuncUnit> <Opcode : 'add' 'sub'> <InPorts = 2> <OutPorts = 1>
ST_5 : Operation 126 [1/1] (0.00ns)   --->   "%shl_ln = bitconcatenate i388 @_ssdm_op_BitConcatenate.i388.i260.i128, i260 %z1e, i128 0" [src/generic/mpx_packed_karatsuba.hpp:174->src/generic/mpx_packed_karatsuba.hpp:138->src/generic/mpx_packed_karatsuba.hpp:189->src/generic/mpx_packed_karatsuba.hpp:226]   --->   Operation 126 'bitconcatenate' 'shl_ln' <Predicate = true> <Delay = 0.00>
ST_5 : Operation 127 [1/1] (0.00ns)   --->   "%sext_ln138 = sext i388 %shl_ln" [src/generic/mpx_packed_karatsuba.hpp:138->src/generic/mpx_packed_karatsuba.hpp:189->src/generic/mpx_packed_karatsuba.hpp:226]   --->   Operation 127 'sext' 'sext_ln138' <Predicate = true> <Delay = 0.00>
ST_5 : Operation 128 [1/1] (0.00ns)   --->   "%z0_56 = bitconcatenate i512 @_ssdm_op_BitConcatenate.i512.i256.i256, i256 %z2_86, i256 %z0" [src/generic/mpx_packed_karatsuba.hpp:174->src/generic/mpx_packed_karatsuba.hpp:138->src/generic/mpx_packed_karatsuba.hpp:189->src/generic/mpx_packed_karatsuba.hpp:226]   --->   Operation 128 'bitconcatenate' 'z0_56' <Predicate = true> <Delay = 0.00>
ST_5 : Operation 129 [1/1] (0.29ns)   --->   "%z0_57 = or i512 %sext_ln138, i512 %z0_56" [src/generic/mpx_packed_karatsuba.hpp:175->src/generic/mpx_packed_karatsuba.hpp:138->src/generic/mpx_packed_karatsuba.hpp:189->src/generic/mpx_packed_karatsuba.hpp:226]   --->   Operation 129 'or' 'z0_57' <Predicate = true> <Delay = 0.29> <CoreInst = "LogicGate">   --->   Core 74 'LogicGate' <Latency = 0> <II = 1> <Delay = 0.29> <FuncUnit> <Opcode : 'and' 'or' 'xor'> <InPorts = 2> <OutPorts = 1>
ST_5 : Operation 130 [1/1] (0.00ns)   --->   "%a1_6 = bitconcatenate i128 @_ssdm_op_BitConcatenate.i128.i64.i64, i64 %w_138, i64 %w_137" [src/generic/mpx_packed_karatsuba.hpp:135->src/generic/mpx_packed_karatsuba.hpp:139->src/generic/mpx_packed_karatsuba.hpp:189->src/generic/mpx_packed_karatsuba.hpp:226]   --->   Operation 130 'bitconcatenate' 'a1_6' <Predicate = true> <Delay = 0.00>
ST_5 : Operation 131 [1/1] (0.00ns)   --->   "%b1_6 = bitconcatenate i128 @_ssdm_op_BitConcatenate.i128.i64.i64, i64 %w_146, i64 %w_145" [src/generic/mpx_packed_karatsuba.hpp:136->src/generic/mpx_packed_karatsuba.hpp:139->src/generic/mpx_packed_karatsuba.hpp:189->src/generic/mpx_packed_karatsuba.hpp:226]   --->   Operation 131 'bitconcatenate' 'b1_6' <Predicate = true> <Delay = 0.00>
ST_5 : Operation 132 [1/1] (0.00ns)   --->   "%zext_ln121_101 = zext i128 %a1_6" [src/generic/mpx_packed_karatsuba.hpp:121->src/generic/mpx_packed_karatsuba.hpp:139->src/generic/mpx_packed_karatsuba.hpp:139->src/generic/mpx_packed_karatsuba.hpp:189->src/generic/mpx_packed_karatsuba.hpp:226]   --->   Operation 132 'zext' 'zext_ln121_101' <Predicate = true> <Delay = 0.00>
ST_5 : Operation 133 [1/1] (0.00ns)   --->   "%zext_ln121_102 = zext i128 %b1_6" [src/generic/mpx_packed_karatsuba.hpp:121->src/generic/mpx_packed_karatsuba.hpp:139->src/generic/mpx_packed_karatsuba.hpp:139->src/generic/mpx_packed_karatsuba.hpp:189->src/generic/mpx_packed_karatsuba.hpp:226]   --->   Operation 133 'zext' 'zext_ln121_102' <Predicate = true> <Delay = 0.00>
ST_5 : Operation 134 [1/1] (6.07ns)   --->   "%z2_87 = mul i256 %zext_ln121_102, i256 %zext_ln121_101" [src/generic/mpx_packed_karatsuba.hpp:121->src/generic/mpx_packed_karatsuba.hpp:139->src/generic/mpx_packed_karatsuba.hpp:139->src/generic/mpx_packed_karatsuba.hpp:189->src/generic/mpx_packed_karatsuba.hpp:226]   --->   Operation 134 'mul' 'z2_87' <Predicate = true> <Delay = 6.07> <CoreInst = "Multiplier">   --->   Core 3 'Multiplier' <Latency = 0> <II = 1> <Delay = 6.07> <FuncUnit> <Opcode : 'mul'> <InPorts = 2> <OutPorts = 1>
ST_5 : Operation 135 [1/1] (0.00ns)   --->   "%zext_ln147_37 = zext i128 %a0_43" [src/generic/mpx_packed_karatsuba.hpp:147->src/generic/mpx_packed_karatsuba.hpp:139->src/generic/mpx_packed_karatsuba.hpp:189->src/generic/mpx_packed_karatsuba.hpp:226]   --->   Operation 135 'zext' 'zext_ln147_37' <Predicate = true> <Delay = 0.00>
ST_5 : Operation 136 [1/1] (0.00ns)   --->   "%zext_ln147_50 = zext i128 %a1_6" [src/generic/mpx_packed_karatsuba.hpp:147->src/generic/mpx_packed_karatsuba.hpp:139->src/generic/mpx_packed_karatsuba.hpp:189->src/generic/mpx_packed_karatsuba.hpp:226]   --->   Operation 136 'zext' 'zext_ln147_50' <Predicate = true> <Delay = 0.00>
ST_5 : Operation 137 [1/1] (1.14ns)   --->   "%a0_44 = add i64 %w_135, i64 %w_137" [src/generic/mpx_packed_karatsuba.hpp:133->src/generic/mpx_packed_karatsuba.hpp:159->src/generic/mpx_packed_karatsuba.hpp:139->src/generic/mpx_packed_karatsuba.hpp:189->src/generic/mpx_packed_karatsuba.hpp:226]   --->   Operation 137 'add' 'a0_44' <Predicate = true> <Delay = 1.14> <CoreInst = "Adder">   --->   Core 1 'Adder' <Latency = 0> <II = 1> <Delay = 1.14> <FuncUnit> <Opcode : 'add' 'sub'> <InPorts = 2> <OutPorts = 1>
ST_5 : Operation 138 [1/1] (1.49ns)   --->   "%sa_75 = add i129 %zext_ln147_37, i129 %zext_ln147_50" [src/generic/mpx_packed_karatsuba.hpp:147->src/generic/mpx_packed_karatsuba.hpp:139->src/generic/mpx_packed_karatsuba.hpp:189->src/generic/mpx_packed_karatsuba.hpp:226]   --->   Operation 138 'add' 'sa_75' <Predicate = true> <Delay = 1.49> <CoreInst = "Adder">   --->   Core 1 'Adder' <Latency = 0> <II = 1> <Delay = 1.49> <FuncUnit> <Opcode : 'add' 'sub'> <InPorts = 2> <OutPorts = 1>
ST_5 : Operation 139 [1/1] (0.00ns)   --->   "%zext_ln148_37 = zext i128 %b0_43" [src/generic/mpx_packed_karatsuba.hpp:148->src/generic/mpx_packed_karatsuba.hpp:139->src/generic/mpx_packed_karatsuba.hpp:189->src/generic/mpx_packed_karatsuba.hpp:226]   --->   Operation 139 'zext' 'zext_ln148_37' <Predicate = true> <Delay = 0.00>
ST_5 : Operation 140 [1/1] (0.00ns)   --->   "%zext_ln148_50 = zext i128 %b1_6" [src/generic/mpx_packed_karatsuba.hpp:148->src/generic/mpx_packed_karatsuba.hpp:139->src/generic/mpx_packed_karatsuba.hpp:189->src/generic/mpx_packed_karatsuba.hpp:226]   --->   Operation 140 'zext' 'zext_ln148_50' <Predicate = true> <Delay = 0.00>
ST_5 : Operation 141 [1/1] (1.14ns)   --->   "%b0_44 = add i64 %w_143, i64 %w_145" [src/generic/mpx_packed_karatsuba.hpp:134->src/generic/mpx_packed_karatsuba.hpp:159->src/generic/mpx_packed_karatsuba.hpp:139->src/generic/mpx_packed_karatsuba.hpp:189->src/generic/mpx_packed_karatsuba.hpp:226]   --->   Operation 141 'add' 'b0_44' <Predicate = true> <Delay = 1.14> <CoreInst = "Adder">   --->   Core 1 'Adder' <Latency = 0> <II = 1> <Delay = 1.14> <FuncUnit> <Opcode : 'add' 'sub'> <InPorts = 2> <OutPorts = 1>
ST_5 : Operation 142 [1/1] (1.49ns)   --->   "%sb_75 = add i129 %zext_ln148_37, i129 %zext_ln148_50" [src/generic/mpx_packed_karatsuba.hpp:148->src/generic/mpx_packed_karatsuba.hpp:139->src/generic/mpx_packed_karatsuba.hpp:189->src/generic/mpx_packed_karatsuba.hpp:226]   --->   Operation 142 'add' 'sb_75' <Predicate = true> <Delay = 1.49> <CoreInst = "Adder">   --->   Core 1 'Adder' <Latency = 0> <II = 1> <Delay = 1.49> <FuncUnit> <Opcode : 'add' 'sub'> <InPorts = 2> <OutPorts = 1>
ST_5 : Operation 143 [1/1] (0.00ns)   --->   "%a1_7 = partselect i65 @_ssdm_op_PartSelect.i65.i129.i32.i32, i129 %sa_75, i32 64, i32 128" [src/generic/mpx_packed_karatsuba.hpp:135->src/generic/mpx_packed_karatsuba.hpp:159->src/generic/mpx_packed_karatsuba.hpp:139->src/generic/mpx_packed_karatsuba.hpp:189->src/generic/mpx_packed_karatsuba.hpp:226]   --->   Operation 143 'partselect' 'a1_7' <Predicate = true> <Delay = 0.00>
ST_5 : Operation 144 [1/1] (0.00ns)   --->   "%b1_7 = partselect i65 @_ssdm_op_PartSelect.i65.i129.i32.i32, i129 %sb_75, i32 64, i32 128" [src/generic/mpx_packed_karatsuba.hpp:136->src/generic/mpx_packed_karatsuba.hpp:159->src/generic/mpx_packed_karatsuba.hpp:139->src/generic/mpx_packed_karatsuba.hpp:189->src/generic/mpx_packed_karatsuba.hpp:226]   --->   Operation 144 'partselect' 'b1_7' <Predicate = true> <Delay = 0.00>
ST_5 : Operation 145 [1/1] (0.00ns)   --->   "%zext_ln121_87 = zext i64 %a0_44" [src/generic/mpx_packed_karatsuba.hpp:121->src/generic/mpx_packed_karatsuba.hpp:138->src/generic/mpx_packed_karatsuba.hpp:159->src/generic/mpx_packed_karatsuba.hpp:139->src/generic/mpx_packed_karatsuba.hpp:189->src/generic/mpx_packed_karatsuba.hpp:226]   --->   Operation 145 'zext' 'zext_ln121_87' <Predicate = true> <Delay = 0.00>
ST_5 : Operation 146 [1/1] (0.00ns)   --->   "%zext_ln121_88 = zext i64 %b0_44" [src/generic/mpx_packed_karatsuba.hpp:121->src/generic/mpx_packed_karatsuba.hpp:138->src/generic/mpx_packed_karatsuba.hpp:159->src/generic/mpx_packed_karatsuba.hpp:139->src/generic/mpx_packed_karatsuba.hpp:189->src/generic/mpx_packed_karatsuba.hpp:226]   --->   Operation 146 'zext' 'zext_ln121_88' <Predicate = true> <Delay = 0.00>
ST_5 : Operation 147 [1/1] (4.43ns)   --->   "%z0_52 = mul i128 %zext_ln121_88, i128 %zext_ln121_87" [src/generic/mpx_packed_karatsuba.hpp:121->src/generic/mpx_packed_karatsuba.hpp:138->src/generic/mpx_packed_karatsuba.hpp:159->src/generic/mpx_packed_karatsuba.hpp:139->src/generic/mpx_packed_karatsuba.hpp:189->src/generic/mpx_packed_karatsuba.hpp:226]   --->   Operation 147 'mul' 'z0_52' <Predicate = true> <Delay = 4.43> <CoreInst = "Multiplier">   --->   Core 3 'Multiplier' <Latency = 0> <II = 1> <Delay = 4.43> <FuncUnit> <Opcode : 'mul'> <InPorts = 2> <OutPorts = 1>
ST_5 : Operation 148 [1/1] (0.00ns)   --->   "%zext_ln121_89 = zext i65 %a1_7" [src/generic/mpx_packed_karatsuba.hpp:121->src/generic/mpx_packed_karatsuba.hpp:139->src/generic/mpx_packed_karatsuba.hpp:159->src/generic/mpx_packed_karatsuba.hpp:139->src/generic/mpx_packed_karatsuba.hpp:189->src/generic/mpx_packed_karatsuba.hpp:226]   --->   Operation 148 'zext' 'zext_ln121_89' <Predicate = true> <Delay = 0.00>
ST_5 : Operation 149 [1/1] (0.00ns)   --->   "%zext_ln121_90 = zext i65 %b1_7" [src/generic/mpx_packed_karatsuba.hpp:121->src/generic/mpx_packed_karatsuba.hpp:139->src/generic/mpx_packed_karatsuba.hpp:159->src/generic/mpx_packed_karatsuba.hpp:139->src/generic/mpx_packed_karatsuba.hpp:189->src/generic/mpx_packed_karatsuba.hpp:226]   --->   Operation 149 'zext' 'zext_ln121_90' <Predicate = true> <Delay = 0.00>
ST_5 : Operation 150 [1/1] (4.47ns)   --->   "%z2_79 = mul i130 %zext_ln121_90, i130 %zext_ln121_89" [src/generic/mpx_packed_karatsuba.hpp:121->src/generic/mpx_packed_karatsuba.hpp:139->src/generic/mpx_packed_karatsuba.hpp:159->src/generic/mpx_packed_karatsuba.hpp:139->src/generic/mpx_packed_karatsuba.hpp:189->src/generic/mpx_packed_karatsuba.hpp:226]   --->   Operation 150 'mul' 'z2_79' <Predicate = true> <Delay = 4.47> <CoreInst = "Multiplier">   --->   Core 3 'Multiplier' <Latency = 0> <II = 1> <Delay = 4.47> <FuncUnit> <Opcode : 'mul'> <InPorts = 2> <OutPorts = 1>
ST_5 : Operation 151 [1/1] (0.00ns)   --->   "%zext_ln147_38 = zext i64 %a0_44" [src/generic/mpx_packed_karatsuba.hpp:147->src/generic/mpx_packed_karatsuba.hpp:159->src/generic/mpx_packed_karatsuba.hpp:139->src/generic/mpx_packed_karatsuba.hpp:189->src/generic/mpx_packed_karatsuba.hpp:226]   --->   Operation 151 'zext' 'zext_ln147_38' <Predicate = true> <Delay = 0.00>
ST_5 : Operation 152 [1/1] (0.00ns)   --->   "%zext_ln147_51 = zext i65 %a1_7" [src/generic/mpx_packed_karatsuba.hpp:147->src/generic/mpx_packed_karatsuba.hpp:159->src/generic/mpx_packed_karatsuba.hpp:139->src/generic/mpx_packed_karatsuba.hpp:189->src/generic/mpx_packed_karatsuba.hpp:226]   --->   Operation 152 'zext' 'zext_ln147_51' <Predicate = true> <Delay = 0.00>
ST_5 : Operation 153 [1/1] (1.15ns)   --->   "%sa_68 = add i66 %zext_ln147_51, i66 %zext_ln147_38" [src/generic/mpx_packed_karatsuba.hpp:147->src/generic/mpx_packed_karatsuba.hpp:159->src/generic/mpx_packed_karatsuba.hpp:139->src/generic/mpx_packed_karatsuba.hpp:189->src/generic/mpx_packed_karatsuba.hpp:226]   --->   Operation 153 'add' 'sa_68' <Predicate = true> <Delay = 1.15> <CoreInst = "Adder">   --->   Core 1 'Adder' <Latency = 0> <II = 1> <Delay = 1.15> <FuncUnit> <Opcode : 'add' 'sub'> <InPorts = 2> <OutPorts = 1>
ST_5 : Operation 154 [1/1] (0.00ns)   --->   "%zext_ln148_38 = zext i64 %b0_44" [src/generic/mpx_packed_karatsuba.hpp:148->src/generic/mpx_packed_karatsuba.hpp:159->src/generic/mpx_packed_karatsuba.hpp:139->src/generic/mpx_packed_karatsuba.hpp:189->src/generic/mpx_packed_karatsuba.hpp:226]   --->   Operation 154 'zext' 'zext_ln148_38' <Predicate = true> <Delay = 0.00>
ST_5 : Operation 155 [1/1] (0.00ns)   --->   "%zext_ln148_51 = zext i65 %b1_7" [src/generic/mpx_packed_karatsuba.hpp:148->src/generic/mpx_packed_karatsuba.hpp:159->src/generic/mpx_packed_karatsuba.hpp:139->src/generic/mpx_packed_karatsuba.hpp:189->src/generic/mpx_packed_karatsuba.hpp:226]   --->   Operation 155 'zext' 'zext_ln148_51' <Predicate = true> <Delay = 0.00>
ST_5 : Operation 156 [1/1] (1.15ns)   --->   "%sb_68 = add i66 %zext_ln148_51, i66 %zext_ln148_38" [src/generic/mpx_packed_karatsuba.hpp:148->src/generic/mpx_packed_karatsuba.hpp:159->src/generic/mpx_packed_karatsuba.hpp:139->src/generic/mpx_packed_karatsuba.hpp:189->src/generic/mpx_packed_karatsuba.hpp:226]   --->   Operation 156 'add' 'sb_68' <Predicate = true> <Delay = 1.15> <CoreInst = "Adder">   --->   Core 1 'Adder' <Latency = 0> <II = 1> <Delay = 1.15> <FuncUnit> <Opcode : 'add' 'sub'> <InPorts = 2> <OutPorts = 1>
ST_5 : Operation 157 [1/1] (0.00ns)   --->   "%zext_ln147_39 = zext i256 %a0" [src/generic/mpx_packed_karatsuba.hpp:147->src/generic/mpx_packed_karatsuba.hpp:189->src/generic/mpx_packed_karatsuba.hpp:226]   --->   Operation 157 'zext' 'zext_ln147_39' <Predicate = true> <Delay = 0.00>
ST_5 : Operation 158 [1/1] (0.00ns)   --->   "%zext_ln147_52 = zext i256 %a1" [src/generic/mpx_packed_karatsuba.hpp:147->src/generic/mpx_packed_karatsuba.hpp:189->src/generic/mpx_packed_karatsuba.hpp:226]   --->   Operation 158 'zext' 'zext_ln147_52' <Predicate = true> <Delay = 0.00>
ST_5 : Operation 159 [1/1] (1.78ns)   --->   "%add_ln147 = add i192 %a1_cast, i192 %a0_cast" [src/generic/mpx_packed_karatsuba.hpp:147->src/generic/mpx_packed_karatsuba.hpp:189->src/generic/mpx_packed_karatsuba.hpp:226]   --->   Operation 159 'add' 'add_ln147' <Predicate = true> <Delay = 1.78> <CoreInst = "Adder">   --->   Core 1 'Adder' <Latency = 0> <II = 1> <Delay = 1.78> <FuncUnit> <Opcode : 'add' 'sub'> <InPorts = 2> <OutPorts = 1>
ST_5 : Operation 160 [1/1] (2.05ns)   --->   "%sa_76 = add i257 %zext_ln147_52, i257 %zext_ln147_39" [src/generic/mpx_packed_karatsuba.hpp:147->src/generic/mpx_packed_karatsuba.hpp:189->src/generic/mpx_packed_karatsuba.hpp:226]   --->   Operation 160 'add' 'sa_76' <Predicate = true> <Delay = 2.05> <CoreInst = "Adder">   --->   Core 1 'Adder' <Latency = 0> <II = 1> <Delay = 2.05> <FuncUnit> <Opcode : 'add' 'sub'> <InPorts = 2> <OutPorts = 1>
ST_5 : Operation 161 [1/1] (0.00ns)   --->   "%zext_ln148_39 = zext i256 %b0" [src/generic/mpx_packed_karatsuba.hpp:148->src/generic/mpx_packed_karatsuba.hpp:189->src/generic/mpx_packed_karatsuba.hpp:226]   --->   Operation 161 'zext' 'zext_ln148_39' <Predicate = true> <Delay = 0.00>
ST_5 : Operation 162 [1/1] (0.00ns)   --->   "%zext_ln148_52 = zext i256 %b1" [src/generic/mpx_packed_karatsuba.hpp:148->src/generic/mpx_packed_karatsuba.hpp:189->src/generic/mpx_packed_karatsuba.hpp:226]   --->   Operation 162 'zext' 'zext_ln148_52' <Predicate = true> <Delay = 0.00>
ST_5 : Operation 163 [1/1] (1.78ns)   --->   "%add_ln148 = add i192 %b1_cast, i192 %b0_cast" [src/generic/mpx_packed_karatsuba.hpp:148->src/generic/mpx_packed_karatsuba.hpp:189->src/generic/mpx_packed_karatsuba.hpp:226]   --->   Operation 163 'add' 'add_ln148' <Predicate = true> <Delay = 1.78> <CoreInst = "Adder">   --->   Core 1 'Adder' <Latency = 0> <II = 1> <Delay = 1.78> <FuncUnit> <Opcode : 'add' 'sub'> <InPorts = 2> <OutPorts = 1>
ST_5 : Operation 164 [1/1] (2.05ns)   --->   "%sb_76 = add i257 %zext_ln148_52, i257 %zext_ln148_39" [src/generic/mpx_packed_karatsuba.hpp:148->src/generic/mpx_packed_karatsuba.hpp:189->src/generic/mpx_packed_karatsuba.hpp:226]   --->   Operation 164 'add' 'sb_76' <Predicate = true> <Delay = 2.05> <CoreInst = "Adder">   --->   Core 1 'Adder' <Latency = 0> <II = 1> <Delay = 2.05> <FuncUnit> <Opcode : 'add' 'sub'> <InPorts = 2> <OutPorts = 1>
ST_5 : Operation 165 [1/1] (0.00ns)   --->   "%a0_45 = trunc i192 %add_ln147" [src/generic/mpx_packed_karatsuba.hpp:133->src/generic/mpx_packed_karatsuba.hpp:159->src/generic/mpx_packed_karatsuba.hpp:189->src/generic/mpx_packed_karatsuba.hpp:226]   --->   Operation 165 'trunc' 'a0_45' <Predicate = true> <Delay = 0.00>
ST_5 : Operation 166 [1/1] (0.00ns)   --->   "%b0_45 = trunc i192 %add_ln148" [src/generic/mpx_packed_karatsuba.hpp:134->src/generic/mpx_packed_karatsuba.hpp:159->src/generic/mpx_packed_karatsuba.hpp:189->src/generic/mpx_packed_karatsuba.hpp:226]   --->   Operation 166 'trunc' 'b0_45' <Predicate = true> <Delay = 0.00>
ST_5 : Operation 167 [1/1] (0.00ns)   --->   "%zext_ln121_92 = zext i128 %a0_45" [src/generic/mpx_packed_karatsuba.hpp:121->src/generic/mpx_packed_karatsuba.hpp:138->src/generic/mpx_packed_karatsuba.hpp:159->src/generic/mpx_packed_karatsuba.hpp:189->src/generic/mpx_packed_karatsuba.hpp:226]   --->   Operation 167 'zext' 'zext_ln121_92' <Predicate = true> <Delay = 0.00>
ST_5 : Operation 168 [1/1] (0.00ns)   --->   "%zext_ln121_94 = zext i128 %b0_45" [src/generic/mpx_packed_karatsuba.hpp:121->src/generic/mpx_packed_karatsuba.hpp:138->src/generic/mpx_packed_karatsuba.hpp:159->src/generic/mpx_packed_karatsuba.hpp:189->src/generic/mpx_packed_karatsuba.hpp:226]   --->   Operation 168 'zext' 'zext_ln121_94' <Predicate = true> <Delay = 0.00>
ST_5 : Operation 169 [1/1] (0.00ns)   --->   "%a0_46 = partselect i64 @_ssdm_op_PartSelect.i64.i192.i32.i32, i192 %add_ln147, i32 128, i32 191" [src/generic/mpx_packed_karatsuba.hpp:133->src/generic/mpx_packed_karatsuba.hpp:139->src/generic/mpx_packed_karatsuba.hpp:159->src/generic/mpx_packed_karatsuba.hpp:189->src/generic/mpx_packed_karatsuba.hpp:226]   --->   Operation 169 'partselect' 'a0_46' <Predicate = true> <Delay = 0.00>
ST_5 : Operation 170 [1/1] (0.00ns)   --->   "%b0_46 = partselect i64 @_ssdm_op_PartSelect.i64.i192.i32.i32, i192 %add_ln148, i32 128, i32 191" [src/generic/mpx_packed_karatsuba.hpp:134->src/generic/mpx_packed_karatsuba.hpp:139->src/generic/mpx_packed_karatsuba.hpp:159->src/generic/mpx_packed_karatsuba.hpp:189->src/generic/mpx_packed_karatsuba.hpp:226]   --->   Operation 170 'partselect' 'b0_46' <Predicate = true> <Delay = 0.00>
ST_5 : Operation 171 [1/1] (0.00ns)   --->   "%zext_ln121_95 = zext i64 %a0_46" [src/generic/mpx_packed_karatsuba.hpp:121->src/generic/mpx_packed_karatsuba.hpp:138->src/generic/mpx_packed_karatsuba.hpp:139->src/generic/mpx_packed_karatsuba.hpp:159->src/generic/mpx_packed_karatsuba.hpp:189->src/generic/mpx_packed_karatsuba.hpp:226]   --->   Operation 171 'zext' 'zext_ln121_95' <Predicate = true> <Delay = 0.00>
ST_5 : Operation 172 [1/1] (0.00ns)   --->   "%zext_ln121_96 = zext i64 %b0_46" [src/generic/mpx_packed_karatsuba.hpp:121->src/generic/mpx_packed_karatsuba.hpp:138->src/generic/mpx_packed_karatsuba.hpp:139->src/generic/mpx_packed_karatsuba.hpp:159->src/generic/mpx_packed_karatsuba.hpp:189->src/generic/mpx_packed_karatsuba.hpp:226]   --->   Operation 172 'zext' 'zext_ln121_96' <Predicate = true> <Delay = 0.00>
ST_5 : Operation 173 [1/1] (4.43ns)   --->   "%z0_53 = mul i128 %zext_ln121_96, i128 %zext_ln121_95" [src/generic/mpx_packed_karatsuba.hpp:121->src/generic/mpx_packed_karatsuba.hpp:138->src/generic/mpx_packed_karatsuba.hpp:139->src/generic/mpx_packed_karatsuba.hpp:159->src/generic/mpx_packed_karatsuba.hpp:189->src/generic/mpx_packed_karatsuba.hpp:226]   --->   Operation 173 'mul' 'z0_53' <Predicate = true> <Delay = 4.43> <CoreInst = "Multiplier">   --->   Core 3 'Multiplier' <Latency = 0> <II = 1> <Delay = 4.43> <FuncUnit> <Opcode : 'mul'> <InPorts = 2> <OutPorts = 1>
ST_5 : Operation 174 [1/1] (0.00ns)   --->   "%tmp_307 = partselect i65 @_ssdm_op_PartSelect.i65.i257.i32.i32, i257 %sa_76, i32 192, i32 256" [src/generic/mpx_packed_karatsuba.hpp:121->src/generic/mpx_packed_karatsuba.hpp:139->src/generic/mpx_packed_karatsuba.hpp:139->src/generic/mpx_packed_karatsuba.hpp:159->src/generic/mpx_packed_karatsuba.hpp:189->src/generic/mpx_packed_karatsuba.hpp:226]   --->   Operation 174 'partselect' 'tmp_307' <Predicate = true> <Delay = 0.00>
ST_5 : Operation 175 [1/1] (0.00ns)   --->   "%zext_ln121_103 = zext i65 %tmp_307" [src/generic/mpx_packed_karatsuba.hpp:121->src/generic/mpx_packed_karatsuba.hpp:139->src/generic/mpx_packed_karatsuba.hpp:139->src/generic/mpx_packed_karatsuba.hpp:159->src/generic/mpx_packed_karatsuba.hpp:189->src/generic/mpx_packed_karatsuba.hpp:226]   --->   Operation 175 'zext' 'zext_ln121_103' <Predicate = true> <Delay = 0.00>
ST_5 : Operation 176 [1/1] (0.00ns)   --->   "%tmp_308 = partselect i65 @_ssdm_op_PartSelect.i65.i257.i32.i32, i257 %sb_76, i32 192, i32 256" [src/generic/mpx_packed_karatsuba.hpp:121->src/generic/mpx_packed_karatsuba.hpp:139->src/generic/mpx_packed_karatsuba.hpp:139->src/generic/mpx_packed_karatsuba.hpp:159->src/generic/mpx_packed_karatsuba.hpp:189->src/generic/mpx_packed_karatsuba.hpp:226]   --->   Operation 176 'partselect' 'tmp_308' <Predicate = true> <Delay = 0.00>
ST_5 : Operation 177 [1/1] (0.00ns)   --->   "%zext_ln121_104 = zext i65 %tmp_308" [src/generic/mpx_packed_karatsuba.hpp:121->src/generic/mpx_packed_karatsuba.hpp:139->src/generic/mpx_packed_karatsuba.hpp:139->src/generic/mpx_packed_karatsuba.hpp:159->src/generic/mpx_packed_karatsuba.hpp:189->src/generic/mpx_packed_karatsuba.hpp:226]   --->   Operation 177 'zext' 'zext_ln121_104' <Predicate = true> <Delay = 0.00>
ST_5 : Operation 178 [1/1] (4.47ns)   --->   "%z2 = mul i130 %zext_ln121_104, i130 %zext_ln121_103" [src/generic/mpx_packed_karatsuba.hpp:121->src/generic/mpx_packed_karatsuba.hpp:139->src/generic/mpx_packed_karatsuba.hpp:139->src/generic/mpx_packed_karatsuba.hpp:159->src/generic/mpx_packed_karatsuba.hpp:189->src/generic/mpx_packed_karatsuba.hpp:226]   --->   Operation 178 'mul' 'z2' <Predicate = true> <Delay = 4.47> <CoreInst = "Multiplier">   --->   Core 3 'Multiplier' <Latency = 0> <II = 1> <Delay = 4.47> <FuncUnit> <Opcode : 'mul'> <InPorts = 2> <OutPorts = 1>
ST_5 : Operation 179 [1/1] (0.00ns)   --->   "%zext_ln147_40 = zext i64 %a0_46" [src/generic/mpx_packed_karatsuba.hpp:147->src/generic/mpx_packed_karatsuba.hpp:139->src/generic/mpx_packed_karatsuba.hpp:159->src/generic/mpx_packed_karatsuba.hpp:189->src/generic/mpx_packed_karatsuba.hpp:226]   --->   Operation 179 'zext' 'zext_ln147_40' <Predicate = true> <Delay = 0.00>
ST_5 : Operation 180 [1/1] (0.00ns)   --->   "%zext_ln147_53 = zext i65 %tmp_307" [src/generic/mpx_packed_karatsuba.hpp:147->src/generic/mpx_packed_karatsuba.hpp:139->src/generic/mpx_packed_karatsuba.hpp:159->src/generic/mpx_packed_karatsuba.hpp:189->src/generic/mpx_packed_karatsuba.hpp:226]   --->   Operation 180 'zext' 'zext_ln147_53' <Predicate = true> <Delay = 0.00>
ST_5 : Operation 181 [1/1] (1.15ns)   --->   "%sa_70 = add i66 %zext_ln147_53, i66 %zext_ln147_40" [src/generic/mpx_packed_karatsuba.hpp:147->src/generic/mpx_packed_karatsuba.hpp:139->src/generic/mpx_packed_karatsuba.hpp:159->src/generic/mpx_packed_karatsuba.hpp:189->src/generic/mpx_packed_karatsuba.hpp:226]   --->   Operation 181 'add' 'sa_70' <Predicate = true> <Delay = 1.15> <CoreInst = "Adder">   --->   Core 1 'Adder' <Latency = 0> <II = 1> <Delay = 1.15> <FuncUnit> <Opcode : 'add' 'sub'> <InPorts = 2> <OutPorts = 1>
ST_5 : Operation 182 [1/1] (0.00ns)   --->   "%zext_ln148_40 = zext i64 %b0_46" [src/generic/mpx_packed_karatsuba.hpp:148->src/generic/mpx_packed_karatsuba.hpp:139->src/generic/mpx_packed_karatsuba.hpp:159->src/generic/mpx_packed_karatsuba.hpp:189->src/generic/mpx_packed_karatsuba.hpp:226]   --->   Operation 182 'zext' 'zext_ln148_40' <Predicate = true> <Delay = 0.00>
ST_5 : Operation 183 [1/1] (0.00ns)   --->   "%zext_ln148_53 = zext i65 %tmp_308" [src/generic/mpx_packed_karatsuba.hpp:148->src/generic/mpx_packed_karatsuba.hpp:139->src/generic/mpx_packed_karatsuba.hpp:159->src/generic/mpx_packed_karatsuba.hpp:189->src/generic/mpx_packed_karatsuba.hpp:226]   --->   Operation 183 'zext' 'zext_ln148_53' <Predicate = true> <Delay = 0.00>
ST_5 : Operation 184 [1/1] (1.15ns)   --->   "%sb_70 = add i66 %zext_ln148_53, i66 %zext_ln148_40" [src/generic/mpx_packed_karatsuba.hpp:148->src/generic/mpx_packed_karatsuba.hpp:139->src/generic/mpx_packed_karatsuba.hpp:159->src/generic/mpx_packed_karatsuba.hpp:189->src/generic/mpx_packed_karatsuba.hpp:226]   --->   Operation 184 'add' 'sb_70' <Predicate = true> <Delay = 1.15> <CoreInst = "Adder">   --->   Core 1 'Adder' <Latency = 0> <II = 1> <Delay = 1.15> <FuncUnit> <Opcode : 'add' 'sub'> <InPorts = 2> <OutPorts = 1>
ST_5 : Operation 185 [1/1] (0.00ns)   --->   "%tmp_313 = partselect i129 @_ssdm_op_PartSelect.i129.i257.i32.i32, i257 %sa_76, i32 128, i32 256" [src/generic/mpx_packed_karatsuba.hpp:147->src/generic/mpx_packed_karatsuba.hpp:159->src/generic/mpx_packed_karatsuba.hpp:189->src/generic/mpx_packed_karatsuba.hpp:226]   --->   Operation 185 'partselect' 'tmp_313' <Predicate = true> <Delay = 0.00>
ST_5 : Operation 186 [1/1] (0.00ns)   --->   "%zext_ln147_54 = zext i129 %tmp_313" [src/generic/mpx_packed_karatsuba.hpp:147->src/generic/mpx_packed_karatsuba.hpp:159->src/generic/mpx_packed_karatsuba.hpp:189->src/generic/mpx_packed_karatsuba.hpp:226]   --->   Operation 186 'zext' 'zext_ln147_54' <Predicate = true> <Delay = 0.00>
ST_5 : Operation 187 [1/1] (1.50ns)   --->   "%sa_77 = add i130 %zext_ln147_54, i130 %zext_ln121_92" [src/generic/mpx_packed_karatsuba.hpp:147->src/generic/mpx_packed_karatsuba.hpp:159->src/generic/mpx_packed_karatsuba.hpp:189->src/generic/mpx_packed_karatsuba.hpp:226]   --->   Operation 187 'add' 'sa_77' <Predicate = true> <Delay = 1.50> <CoreInst = "Adder">   --->   Core 1 'Adder' <Latency = 0> <II = 1> <Delay = 1.50> <FuncUnit> <Opcode : 'add' 'sub'> <InPorts = 2> <OutPorts = 1>
ST_5 : Operation 188 [1/1] (0.00ns)   --->   "%tmp_314 = partselect i129 @_ssdm_op_PartSelect.i129.i257.i32.i32, i257 %sb_76, i32 128, i32 256" [src/generic/mpx_packed_karatsuba.hpp:148->src/generic/mpx_packed_karatsuba.hpp:159->src/generic/mpx_packed_karatsuba.hpp:189->src/generic/mpx_packed_karatsuba.hpp:226]   --->   Operation 188 'partselect' 'tmp_314' <Predicate = true> <Delay = 0.00>
ST_5 : Operation 189 [1/1] (0.00ns)   --->   "%zext_ln148_54 = zext i129 %tmp_314" [src/generic/mpx_packed_karatsuba.hpp:148->src/generic/mpx_packed_karatsuba.hpp:159->src/generic/mpx_packed_karatsuba.hpp:189->src/generic/mpx_packed_karatsuba.hpp:226]   --->   Operation 189 'zext' 'zext_ln148_54' <Predicate = true> <Delay = 0.00>
ST_5 : Operation 190 [1/1] (1.50ns)   --->   "%sb_77 = add i130 %zext_ln148_54, i130 %zext_ln121_94" [src/generic/mpx_packed_karatsuba.hpp:148->src/generic/mpx_packed_karatsuba.hpp:159->src/generic/mpx_packed_karatsuba.hpp:189->src/generic/mpx_packed_karatsuba.hpp:226]   --->   Operation 190 'add' 'sb_77' <Predicate = true> <Delay = 1.50> <CoreInst = "Adder">   --->   Core 1 'Adder' <Latency = 0> <II = 1> <Delay = 1.50> <FuncUnit> <Opcode : 'add' 'sub'> <InPorts = 2> <OutPorts = 1>
ST_5 : Operation 191 [1/1] (0.00ns)   --->   "%a0_47 = trunc i130 %sa_77" [src/generic/mpx_packed_karatsuba.hpp:133->src/generic/mpx_packed_karatsuba.hpp:159->src/generic/mpx_packed_karatsuba.hpp:159->src/generic/mpx_packed_karatsuba.hpp:189->src/generic/mpx_packed_karatsuba.hpp:226]   --->   Operation 191 'trunc' 'a0_47' <Predicate = true> <Delay = 0.00>
ST_5 : Operation 192 [1/1] (0.00ns)   --->   "%b0_47 = trunc i130 %sb_77" [src/generic/mpx_packed_karatsuba.hpp:134->src/generic/mpx_packed_karatsuba.hpp:159->src/generic/mpx_packed_karatsuba.hpp:159->src/generic/mpx_packed_karatsuba.hpp:189->src/generic/mpx_packed_karatsuba.hpp:226]   --->   Operation 192 'trunc' 'b0_47' <Predicate = true> <Delay = 0.00>
ST_5 : Operation 193 [1/1] (0.00ns)   --->   "%tmp_315 = partselect i2 @_ssdm_op_PartSelect.i2.i130.i32.i32, i130 %sa_77, i32 128, i32 129" [src/generic/mpx_packed_karatsuba.hpp:121->src/generic/mpx_packed_karatsuba.hpp:139->src/generic/mpx_packed_karatsuba.hpp:159->src/generic/mpx_packed_karatsuba.hpp:159->src/generic/mpx_packed_karatsuba.hpp:189->src/generic/mpx_packed_karatsuba.hpp:226]   --->   Operation 193 'partselect' 'tmp_315' <Predicate = true> <Delay = 0.00>
ST_5 : Operation 194 [1/1] (0.00ns)   --->   "%tmp_316 = partselect i2 @_ssdm_op_PartSelect.i2.i130.i32.i32, i130 %sb_77, i32 128, i32 129" [src/generic/mpx_packed_karatsuba.hpp:121->src/generic/mpx_packed_karatsuba.hpp:139->src/generic/mpx_packed_karatsuba.hpp:159->src/generic/mpx_packed_karatsuba.hpp:159->src/generic/mpx_packed_karatsuba.hpp:189->src/generic/mpx_packed_karatsuba.hpp:226]   --->   Operation 194 'partselect' 'tmp_316' <Predicate = true> <Delay = 0.00>

State 6 <SV = 5> <Delay = 6.32>
ST_6 : Operation 195 [1/1] (0.00ns)   --->   "%zext_ln174_209 = zext i66 %sa_68" [src/generic/mpx_packed_karatsuba.hpp:174->src/generic/mpx_packed_karatsuba.hpp:159->src/generic/mpx_packed_karatsuba.hpp:139->src/generic/mpx_packed_karatsuba.hpp:189->src/generic/mpx_packed_karatsuba.hpp:226]   --->   Operation 195 'zext' 'zext_ln174_209' <Predicate = true> <Delay = 0.00>
ST_6 : Operation 196 [1/1] (0.00ns)   --->   "%zext_ln174_210 = zext i66 %sb_68" [src/generic/mpx_packed_karatsuba.hpp:174->src/generic/mpx_packed_karatsuba.hpp:159->src/generic/mpx_packed_karatsuba.hpp:139->src/generic/mpx_packed_karatsuba.hpp:189->src/generic/mpx_packed_karatsuba.hpp:226]   --->   Operation 196 'zext' 'zext_ln174_210' <Predicate = true> <Delay = 0.00>
ST_6 : Operation 197 [1/1] (4.51ns)   --->   "%mul_ln174_16 = mul i132 %zext_ln174_210, i132 %zext_ln174_209" [src/generic/mpx_packed_karatsuba.hpp:174->src/generic/mpx_packed_karatsuba.hpp:159->src/generic/mpx_packed_karatsuba.hpp:139->src/generic/mpx_packed_karatsuba.hpp:189->src/generic/mpx_packed_karatsuba.hpp:226]   --->   Operation 197 'mul' 'mul_ln174_16' <Predicate = true> <Delay = 4.51> <CoreInst = "Multiplier">   --->   Core 3 'Multiplier' <Latency = 0> <II = 1> <Delay = 4.51> <FuncUnit> <Opcode : 'mul'> <InPorts = 2> <OutPorts = 1>
ST_6 : Operation 198 [1/1] (0.00ns)   --->   "%zext_ln121_91 = zext i128 %a0_45" [src/generic/mpx_packed_karatsuba.hpp:121->src/generic/mpx_packed_karatsuba.hpp:138->src/generic/mpx_packed_karatsuba.hpp:159->src/generic/mpx_packed_karatsuba.hpp:189->src/generic/mpx_packed_karatsuba.hpp:226]   --->   Operation 198 'zext' 'zext_ln121_91' <Predicate = true> <Delay = 0.00>
ST_6 : Operation 199 [1/1] (0.00ns)   --->   "%zext_ln121_93 = zext i128 %b0_45" [src/generic/mpx_packed_karatsuba.hpp:121->src/generic/mpx_packed_karatsuba.hpp:138->src/generic/mpx_packed_karatsuba.hpp:159->src/generic/mpx_packed_karatsuba.hpp:189->src/generic/mpx_packed_karatsuba.hpp:226]   --->   Operation 199 'zext' 'zext_ln121_93' <Predicate = true> <Delay = 0.00>
ST_6 : Operation 200 [1/1] (6.07ns)   --->   "%z0_59 = mul i256 %zext_ln121_93, i256 %zext_ln121_91" [src/generic/mpx_packed_karatsuba.hpp:121->src/generic/mpx_packed_karatsuba.hpp:138->src/generic/mpx_packed_karatsuba.hpp:159->src/generic/mpx_packed_karatsuba.hpp:189->src/generic/mpx_packed_karatsuba.hpp:226]   --->   Operation 200 'mul' 'z0_59' <Predicate = true> <Delay = 6.07> <CoreInst = "Multiplier">   --->   Core 3 'Multiplier' <Latency = 0> <II = 1> <Delay = 6.07> <FuncUnit> <Opcode : 'mul'> <InPorts = 2> <OutPorts = 1>
ST_6 : Operation 201 [1/1] (0.00ns)   --->   "%zext_ln174_215 = zext i66 %sa_70" [src/generic/mpx_packed_karatsuba.hpp:174->src/generic/mpx_packed_karatsuba.hpp:139->src/generic/mpx_packed_karatsuba.hpp:159->src/generic/mpx_packed_karatsuba.hpp:189->src/generic/mpx_packed_karatsuba.hpp:226]   --->   Operation 201 'zext' 'zext_ln174_215' <Predicate = true> <Delay = 0.00>
ST_6 : Operation 202 [1/1] (0.00ns)   --->   "%zext_ln174_216 = zext i66 %sb_70" [src/generic/mpx_packed_karatsuba.hpp:174->src/generic/mpx_packed_karatsuba.hpp:139->src/generic/mpx_packed_karatsuba.hpp:159->src/generic/mpx_packed_karatsuba.hpp:189->src/generic/mpx_packed_karatsuba.hpp:226]   --->   Operation 202 'zext' 'zext_ln174_216' <Predicate = true> <Delay = 0.00>
ST_6 : Operation 203 [1/1] (4.51ns)   --->   "%mul_ln174_17 = mul i132 %zext_ln174_216, i132 %zext_ln174_215" [src/generic/mpx_packed_karatsuba.hpp:174->src/generic/mpx_packed_karatsuba.hpp:139->src/generic/mpx_packed_karatsuba.hpp:159->src/generic/mpx_packed_karatsuba.hpp:189->src/generic/mpx_packed_karatsuba.hpp:226]   --->   Operation 203 'mul' 'mul_ln174_17' <Predicate = true> <Delay = 4.51> <CoreInst = "Multiplier">   --->   Core 3 'Multiplier' <Latency = 0> <II = 1> <Delay = 4.51> <FuncUnit> <Opcode : 'mul'> <InPorts = 2> <OutPorts = 1>
ST_6 : Operation 204 [1/1] (0.00ns)   --->   "%zext_ln174_217 = zext i132 %mul_ln174_17" [src/generic/mpx_packed_karatsuba.hpp:174->src/generic/mpx_packed_karatsuba.hpp:139->src/generic/mpx_packed_karatsuba.hpp:159->src/generic/mpx_packed_karatsuba.hpp:189->src/generic/mpx_packed_karatsuba.hpp:226]   --->   Operation 204 'zext' 'zext_ln174_217' <Predicate = true> <Delay = 0.00>
ST_6 : Operation 205 [1/1] (0.00ns)   --->   "%zext_ln174_218 = zext i128 %z0_53" [src/generic/mpx_packed_karatsuba.hpp:174->src/generic/mpx_packed_karatsuba.hpp:139->src/generic/mpx_packed_karatsuba.hpp:159->src/generic/mpx_packed_karatsuba.hpp:189->src/generic/mpx_packed_karatsuba.hpp:226]   --->   Operation 205 'zext' 'zext_ln174_218' <Predicate = true> <Delay = 0.00>
ST_6 : Operation 206 [1/1] (0.00ns)   --->   "%zext_ln174_219 = zext i130 %z2" [src/generic/mpx_packed_karatsuba.hpp:174->src/generic/mpx_packed_karatsuba.hpp:139->src/generic/mpx_packed_karatsuba.hpp:159->src/generic/mpx_packed_karatsuba.hpp:189->src/generic/mpx_packed_karatsuba.hpp:226]   --->   Operation 206 'zext' 'zext_ln174_219' <Predicate = true> <Delay = 0.00>
ST_6 : Operation 207 [1/1] (1.50ns)   --->   "%add_ln174_66 = add i131 %zext_ln174_219, i131 %zext_ln174_218" [src/generic/mpx_packed_karatsuba.hpp:174->src/generic/mpx_packed_karatsuba.hpp:139->src/generic/mpx_packed_karatsuba.hpp:159->src/generic/mpx_packed_karatsuba.hpp:189->src/generic/mpx_packed_karatsuba.hpp:226]   --->   Operation 207 'add' 'add_ln174_66' <Predicate = true> <Delay = 1.50> <CoreInst = "Adder">   --->   Core 1 'Adder' <Latency = 0> <II = 1> <Delay = 1.50> <FuncUnit> <Opcode : 'add' 'sub'> <InPorts = 2> <OutPorts = 1>
ST_6 : Operation 208 [1/1] (0.00ns)   --->   "%zext_ln174_220 = zext i131 %add_ln174_66" [src/generic/mpx_packed_karatsuba.hpp:174->src/generic/mpx_packed_karatsuba.hpp:139->src/generic/mpx_packed_karatsuba.hpp:159->src/generic/mpx_packed_karatsuba.hpp:189->src/generic/mpx_packed_karatsuba.hpp:226]   --->   Operation 208 'zext' 'zext_ln174_220' <Predicate = true> <Delay = 0.00>
ST_6 : Operation 209 [1/1] (1.51ns)   --->   "%sub_ln174_17 = sub i133 %zext_ln174_217, i133 %zext_ln174_220" [src/generic/mpx_packed_karatsuba.hpp:174->src/generic/mpx_packed_karatsuba.hpp:139->src/generic/mpx_packed_karatsuba.hpp:159->src/generic/mpx_packed_karatsuba.hpp:189->src/generic/mpx_packed_karatsuba.hpp:226]   --->   Operation 209 'sub' 'sub_ln174_17' <Predicate = true> <Delay = 1.51> <CoreInst = "Adder">   --->   Core 1 'Adder' <Latency = 0> <II = 1> <Delay = 1.51> <FuncUnit> <Opcode : 'add' 'sub'> <InPorts = 2> <OutPorts = 1>
ST_6 : Operation 210 [1/1] (0.00ns)   --->   "%tmp_311 = bitconcatenate i197 @_ssdm_op_BitConcatenate.i197.i133.i64, i133 %sub_ln174_17, i64 0" [src/generic/mpx_packed_karatsuba.hpp:175->src/generic/mpx_packed_karatsuba.hpp:139->src/generic/mpx_packed_karatsuba.hpp:159->src/generic/mpx_packed_karatsuba.hpp:189->src/generic/mpx_packed_karatsuba.hpp:226]   --->   Operation 210 'bitconcatenate' 'tmp_311' <Predicate = true> <Delay = 0.00>
ST_6 : Operation 211 [1/1] (0.00ns)   --->   "%sext_ln175_22 = sext i197 %tmp_311" [src/generic/mpx_packed_karatsuba.hpp:175->src/generic/mpx_packed_karatsuba.hpp:139->src/generic/mpx_packed_karatsuba.hpp:159->src/generic/mpx_packed_karatsuba.hpp:189->src/generic/mpx_packed_karatsuba.hpp:226]   --->   Operation 211 'sext' 'sext_ln175_22' <Predicate = true> <Delay = 0.00>
ST_6 : Operation 212 [1/1] (0.00ns)   --->   "%res_109 = bitconcatenate i258 @_ssdm_op_BitConcatenate.i258.i130.i128, i130 %z2, i128 %z0_53" [src/generic/mpx_packed_karatsuba.hpp:174->src/generic/mpx_packed_karatsuba.hpp:139->src/generic/mpx_packed_karatsuba.hpp:159->src/generic/mpx_packed_karatsuba.hpp:189->src/generic/mpx_packed_karatsuba.hpp:226]   --->   Operation 212 'bitconcatenate' 'res_109' <Predicate = true> <Delay = 0.00>
ST_6 : Operation 213 [1/1] (0.29ns)   --->   "%or_ln175_44 = or i258 %sext_ln175_22, i258 %res_109" [src/generic/mpx_packed_karatsuba.hpp:175->src/generic/mpx_packed_karatsuba.hpp:139->src/generic/mpx_packed_karatsuba.hpp:159->src/generic/mpx_packed_karatsuba.hpp:189->src/generic/mpx_packed_karatsuba.hpp:226]   --->   Operation 213 'or' 'or_ln175_44' <Predicate = true> <Delay = 0.29> <CoreInst = "LogicGate">   --->   Core 74 'LogicGate' <Latency = 0> <II = 1> <Delay = 0.29> <FuncUnit> <Opcode : 'and' 'or' 'xor'> <InPorts = 2> <OutPorts = 1>
ST_6 : Operation 214 [1/1] (0.00ns)   --->   "%tmp_312 = bitselect i1 @_ssdm_op_BitSelect.i1.i133.i32, i133 %sub_ln174_17, i32 132" [src/generic/mpx_packed_karatsuba.hpp:175->src/generic/mpx_packed_karatsuba.hpp:139->src/generic/mpx_packed_karatsuba.hpp:159->src/generic/mpx_packed_karatsuba.hpp:189->src/generic/mpx_packed_karatsuba.hpp:226]   --->   Operation 214 'bitselect' 'tmp_312' <Predicate = true> <Delay = 0.00>
ST_6 : Operation 215 [1/1] (0.00ns)   --->   "%zext_ln121_97 = zext i128 %a0_47" [src/generic/mpx_packed_karatsuba.hpp:121->src/generic/mpx_packed_karatsuba.hpp:138->src/generic/mpx_packed_karatsuba.hpp:159->src/generic/mpx_packed_karatsuba.hpp:159->src/generic/mpx_packed_karatsuba.hpp:189->src/generic/mpx_packed_karatsuba.hpp:226]   --->   Operation 215 'zext' 'zext_ln121_97' <Predicate = true> <Delay = 0.00>
ST_6 : Operation 216 [1/1] (0.00ns)   --->   "%zext_ln121_98 = zext i128 %b0_47" [src/generic/mpx_packed_karatsuba.hpp:121->src/generic/mpx_packed_karatsuba.hpp:138->src/generic/mpx_packed_karatsuba.hpp:159->src/generic/mpx_packed_karatsuba.hpp:159->src/generic/mpx_packed_karatsuba.hpp:189->src/generic/mpx_packed_karatsuba.hpp:226]   --->   Operation 216 'zext' 'zext_ln121_98' <Predicate = true> <Delay = 0.00>
ST_6 : Operation 217 [1/1] (6.07ns)   --->   "%z0_60 = mul i256 %zext_ln121_98, i256 %zext_ln121_97" [src/generic/mpx_packed_karatsuba.hpp:121->src/generic/mpx_packed_karatsuba.hpp:138->src/generic/mpx_packed_karatsuba.hpp:159->src/generic/mpx_packed_karatsuba.hpp:159->src/generic/mpx_packed_karatsuba.hpp:189->src/generic/mpx_packed_karatsuba.hpp:226]   --->   Operation 217 'mul' 'z0_60' <Predicate = true> <Delay = 6.07> <CoreInst = "Multiplier">   --->   Core 3 'Multiplier' <Latency = 0> <II = 1> <Delay = 6.07> <FuncUnit> <Opcode : 'mul'> <InPorts = 2> <OutPorts = 1>

State 7 <SV = 6> <Delay = 5.96>
ST_7 : Operation 218 [1/1] (0.00ns)   --->   "%zext_ln174_211 = zext i132 %mul_ln174_16" [src/generic/mpx_packed_karatsuba.hpp:174->src/generic/mpx_packed_karatsuba.hpp:159->src/generic/mpx_packed_karatsuba.hpp:139->src/generic/mpx_packed_karatsuba.hpp:189->src/generic/mpx_packed_karatsuba.hpp:226]   --->   Operation 218 'zext' 'zext_ln174_211' <Predicate = true> <Delay = 0.00>
ST_7 : Operation 219 [1/1] (0.00ns)   --->   "%zext_ln174_212 = zext i128 %z0_52" [src/generic/mpx_packed_karatsuba.hpp:174->src/generic/mpx_packed_karatsuba.hpp:159->src/generic/mpx_packed_karatsuba.hpp:139->src/generic/mpx_packed_karatsuba.hpp:189->src/generic/mpx_packed_karatsuba.hpp:226]   --->   Operation 219 'zext' 'zext_ln174_212' <Predicate = true> <Delay = 0.00>
ST_7 : Operation 220 [1/1] (0.00ns)   --->   "%zext_ln174_213 = zext i130 %z2_79" [src/generic/mpx_packed_karatsuba.hpp:174->src/generic/mpx_packed_karatsuba.hpp:159->src/generic/mpx_packed_karatsuba.hpp:139->src/generic/mpx_packed_karatsuba.hpp:189->src/generic/mpx_packed_karatsuba.hpp:226]   --->   Operation 220 'zext' 'zext_ln174_213' <Predicate = true> <Delay = 0.00>
ST_7 : Operation 221 [1/1] (1.50ns)   --->   "%add_ln174_65 = add i131 %zext_ln174_213, i131 %zext_ln174_212" [src/generic/mpx_packed_karatsuba.hpp:174->src/generic/mpx_packed_karatsuba.hpp:159->src/generic/mpx_packed_karatsuba.hpp:139->src/generic/mpx_packed_karatsuba.hpp:189->src/generic/mpx_packed_karatsuba.hpp:226]   --->   Operation 221 'add' 'add_ln174_65' <Predicate = true> <Delay = 1.50> <CoreInst = "Adder">   --->   Core 1 'Adder' <Latency = 0> <II = 1> <Delay = 1.50> <FuncUnit> <Opcode : 'add' 'sub'> <InPorts = 2> <OutPorts = 1>
ST_7 : Operation 222 [1/1] (0.00ns)   --->   "%zext_ln174_214 = zext i131 %add_ln174_65" [src/generic/mpx_packed_karatsuba.hpp:174->src/generic/mpx_packed_karatsuba.hpp:159->src/generic/mpx_packed_karatsuba.hpp:139->src/generic/mpx_packed_karatsuba.hpp:189->src/generic/mpx_packed_karatsuba.hpp:226]   --->   Operation 222 'zext' 'zext_ln174_214' <Predicate = true> <Delay = 0.00>
ST_7 : Operation 223 [1/1] (1.51ns)   --->   "%sub_ln174_16 = sub i133 %zext_ln174_211, i133 %zext_ln174_214" [src/generic/mpx_packed_karatsuba.hpp:174->src/generic/mpx_packed_karatsuba.hpp:159->src/generic/mpx_packed_karatsuba.hpp:139->src/generic/mpx_packed_karatsuba.hpp:189->src/generic/mpx_packed_karatsuba.hpp:226]   --->   Operation 223 'sub' 'sub_ln174_16' <Predicate = true> <Delay = 1.51> <CoreInst = "Adder">   --->   Core 1 'Adder' <Latency = 0> <II = 1> <Delay = 1.51> <FuncUnit> <Opcode : 'add' 'sub'> <InPorts = 2> <OutPorts = 1>
ST_7 : Operation 224 [1/1] (0.00ns) (grouped into LUT with out node z1e_21)   --->   "%tmp_s = bitconcatenate i197 @_ssdm_op_BitConcatenate.i197.i133.i64, i133 %sub_ln174_16, i64 0" [src/generic/mpx_packed_karatsuba.hpp:175->src/generic/mpx_packed_karatsuba.hpp:159->src/generic/mpx_packed_karatsuba.hpp:139->src/generic/mpx_packed_karatsuba.hpp:189->src/generic/mpx_packed_karatsuba.hpp:226]   --->   Operation 224 'bitconcatenate' 'tmp_s' <Predicate = true> <Delay = 0.00>
ST_7 : Operation 225 [1/1] (0.00ns) (grouped into LUT with out node z1e_21)   --->   "%sext_ln175_21 = sext i197 %tmp_s" [src/generic/mpx_packed_karatsuba.hpp:175->src/generic/mpx_packed_karatsuba.hpp:159->src/generic/mpx_packed_karatsuba.hpp:139->src/generic/mpx_packed_karatsuba.hpp:189->src/generic/mpx_packed_karatsuba.hpp:226]   --->   Operation 225 'sext' 'sext_ln175_21' <Predicate = true> <Delay = 0.00>
ST_7 : Operation 226 [1/1] (0.00ns) (grouped into LUT with out node z1e_21)   --->   "%res_7 = bitconcatenate i258 @_ssdm_op_BitConcatenate.i258.i130.i128, i130 %z2_79, i128 %z0_52" [src/generic/mpx_packed_karatsuba.hpp:174->src/generic/mpx_packed_karatsuba.hpp:159->src/generic/mpx_packed_karatsuba.hpp:139->src/generic/mpx_packed_karatsuba.hpp:189->src/generic/mpx_packed_karatsuba.hpp:226]   --->   Operation 226 'bitconcatenate' 'res_7' <Predicate = true> <Delay = 0.00>
ST_7 : Operation 227 [1/1] (0.00ns) (grouped into LUT with out node z1e_21)   --->   "%or_ln175_42 = or i258 %sext_ln175_21, i258 %res_7" [src/generic/mpx_packed_karatsuba.hpp:175->src/generic/mpx_packed_karatsuba.hpp:159->src/generic/mpx_packed_karatsuba.hpp:139->src/generic/mpx_packed_karatsuba.hpp:189->src/generic/mpx_packed_karatsuba.hpp:226]   --->   Operation 227 'or' 'or_ln175_42' <Predicate = true> <Delay = 0.00> <CoreInst = "LogicGate">   --->   Core 74 'LogicGate' <Latency = 0> <II = 1> <Delay = 0.29> <FuncUnit> <Opcode : 'and' 'or' 'xor'> <InPorts = 2> <OutPorts = 1>
ST_7 : Operation 228 [1/1] (0.00ns) (grouped into LUT with out node z1e_21)   --->   "%tmp_309 = bitselect i1 @_ssdm_op_BitSelect.i1.i133.i32, i133 %sub_ln174_16, i32 132" [src/generic/mpx_packed_karatsuba.hpp:175->src/generic/mpx_packed_karatsuba.hpp:159->src/generic/mpx_packed_karatsuba.hpp:139->src/generic/mpx_packed_karatsuba.hpp:189->src/generic/mpx_packed_karatsuba.hpp:226]   --->   Operation 228 'bitselect' 'tmp_309' <Predicate = true> <Delay = 0.00>
ST_7 : Operation 229 [1/1] (0.00ns) (grouped into LUT with out node z1e_21)   --->   "%res_108 = bitconcatenate i259 @_ssdm_op_BitConcatenate.i259.i1.i258, i1 %tmp_309, i258 %or_ln175_42" [src/generic/mpx_packed_karatsuba.hpp:175->src/generic/mpx_packed_karatsuba.hpp:159->src/generic/mpx_packed_karatsuba.hpp:139->src/generic/mpx_packed_karatsuba.hpp:189->src/generic/mpx_packed_karatsuba.hpp:226]   --->   Operation 229 'bitconcatenate' 'res_108' <Predicate = true> <Delay = 0.00>
ST_7 : Operation 230 [1/1] (0.00ns) (grouped into LUT with out node z1e_21)   --->   "%sext_ln172_11 = sext i259 %res_108" [src/generic/mpx_packed_karatsuba.hpp:172->src/generic/mpx_packed_karatsuba.hpp:159->src/generic/mpx_packed_karatsuba.hpp:139->src/generic/mpx_packed_karatsuba.hpp:189->src/generic/mpx_packed_karatsuba.hpp:226]   --->   Operation 230 'sext' 'sext_ln172_11' <Predicate = true> <Delay = 0.00>
ST_7 : Operation 231 [1/1] (0.00ns)   --->   "%zext_ln167_16 = zext i256 %z0_58" [src/generic/mpx_packed_karatsuba.hpp:167->src/generic/mpx_packed_karatsuba.hpp:139->src/generic/mpx_packed_karatsuba.hpp:189->src/generic/mpx_packed_karatsuba.hpp:226]   --->   Operation 231 'zext' 'zext_ln167_16' <Predicate = true> <Delay = 0.00>
ST_7 : Operation 232 [1/1] (0.00ns)   --->   "%zext_ln168_21 = zext i256 %z2_87" [src/generic/mpx_packed_karatsuba.hpp:168->src/generic/mpx_packed_karatsuba.hpp:139->src/generic/mpx_packed_karatsuba.hpp:189->src/generic/mpx_packed_karatsuba.hpp:226]   --->   Operation 232 'zext' 'zext_ln168_21' <Predicate = true> <Delay = 0.00>
ST_7 : Operation 233 [1/1] (2.05ns)   --->   "%add_ln169_21 = add i257 %zext_ln168_21, i257 %zext_ln167_16" [src/generic/mpx_packed_karatsuba.hpp:169->src/generic/mpx_packed_karatsuba.hpp:139->src/generic/mpx_packed_karatsuba.hpp:189->src/generic/mpx_packed_karatsuba.hpp:226]   --->   Operation 233 'add' 'add_ln169_21' <Predicate = true> <Delay = 2.05> <CoreInst = "Adder">   --->   Core 1 'Adder' <Latency = 0> <II = 1> <Delay = 2.05> <FuncUnit> <Opcode : 'add' 'sub'> <InPorts = 2> <OutPorts = 1>
ST_7 : Operation 234 [1/1] (0.00ns) (grouped into LUT with out node z1e_21)   --->   "%zext_ln169_21 = zext i257 %add_ln169_21" [src/generic/mpx_packed_karatsuba.hpp:169->src/generic/mpx_packed_karatsuba.hpp:139->src/generic/mpx_packed_karatsuba.hpp:189->src/generic/mpx_packed_karatsuba.hpp:226]   --->   Operation 234 'zext' 'zext_ln169_21' <Predicate = true> <Delay = 0.00>
ST_7 : Operation 235 [1/1] (2.06ns) (out node of the LUT)   --->   "%z1e_21 = sub i260 %sext_ln172_11, i260 %zext_ln169_21" [src/generic/mpx_packed_karatsuba.hpp:169->src/generic/mpx_packed_karatsuba.hpp:139->src/generic/mpx_packed_karatsuba.hpp:189->src/generic/mpx_packed_karatsuba.hpp:226]   --->   Operation 235 'sub' 'z1e_21' <Predicate = true> <Delay = 2.06> <CoreInst = "Adder">   --->   Core 1 'Adder' <Latency = 0> <II = 1> <Delay = 2.06> <FuncUnit> <Opcode : 'add' 'sub'> <InPorts = 2> <OutPorts = 1>
ST_7 : Operation 236 [1/1] (0.00ns)   --->   "%zext_ln147_41 = zext i128 %a0_47" [src/generic/mpx_packed_karatsuba.hpp:147->src/generic/mpx_packed_karatsuba.hpp:159->src/generic/mpx_packed_karatsuba.hpp:159->src/generic/mpx_packed_karatsuba.hpp:189->src/generic/mpx_packed_karatsuba.hpp:226]   --->   Operation 236 'zext' 'zext_ln147_41' <Predicate = true> <Delay = 0.00>
ST_7 : Operation 237 [1/1] (0.00ns)   --->   "%zext_ln147_55 = zext i2 %tmp_315" [src/generic/mpx_packed_karatsuba.hpp:147->src/generic/mpx_packed_karatsuba.hpp:159->src/generic/mpx_packed_karatsuba.hpp:159->src/generic/mpx_packed_karatsuba.hpp:189->src/generic/mpx_packed_karatsuba.hpp:226]   --->   Operation 237 'zext' 'zext_ln147_55' <Predicate = true> <Delay = 0.00>
ST_7 : Operation 238 [1/1] (1.49ns)   --->   "%sa_78 = add i129 %zext_ln147_55, i129 %zext_ln147_41" [src/generic/mpx_packed_karatsuba.hpp:147->src/generic/mpx_packed_karatsuba.hpp:159->src/generic/mpx_packed_karatsuba.hpp:159->src/generic/mpx_packed_karatsuba.hpp:189->src/generic/mpx_packed_karatsuba.hpp:226]   --->   Operation 238 'add' 'sa_78' <Predicate = true> <Delay = 1.49> <CoreInst = "Adder">   --->   Core 1 'Adder' <Latency = 0> <II = 1> <Delay = 1.49> <FuncUnit> <Opcode : 'add' 'sub'> <InPorts = 2> <OutPorts = 1>
ST_7 : Operation 239 [1/1] (0.00ns)   --->   "%zext_ln148_41 = zext i128 %b0_47" [src/generic/mpx_packed_karatsuba.hpp:148->src/generic/mpx_packed_karatsuba.hpp:159->src/generic/mpx_packed_karatsuba.hpp:159->src/generic/mpx_packed_karatsuba.hpp:189->src/generic/mpx_packed_karatsuba.hpp:226]   --->   Operation 239 'zext' 'zext_ln148_41' <Predicate = true> <Delay = 0.00>
ST_7 : Operation 240 [1/1] (0.00ns)   --->   "%zext_ln148_55 = zext i2 %tmp_316" [src/generic/mpx_packed_karatsuba.hpp:148->src/generic/mpx_packed_karatsuba.hpp:159->src/generic/mpx_packed_karatsuba.hpp:159->src/generic/mpx_packed_karatsuba.hpp:189->src/generic/mpx_packed_karatsuba.hpp:226]   --->   Operation 240 'zext' 'zext_ln148_55' <Predicate = true> <Delay = 0.00>
ST_7 : Operation 241 [1/1] (1.49ns)   --->   "%sb_78 = add i129 %zext_ln148_55, i129 %zext_ln148_41" [src/generic/mpx_packed_karatsuba.hpp:148->src/generic/mpx_packed_karatsuba.hpp:159->src/generic/mpx_packed_karatsuba.hpp:159->src/generic/mpx_packed_karatsuba.hpp:189->src/generic/mpx_packed_karatsuba.hpp:226]   --->   Operation 241 'add' 'sb_78' <Predicate = true> <Delay = 1.49> <CoreInst = "Adder">   --->   Core 1 'Adder' <Latency = 0> <II = 1> <Delay = 1.49> <FuncUnit> <Opcode : 'add' 'sub'> <InPorts = 2> <OutPorts = 1>
ST_7 : Operation 242 [1/1] (0.00ns)   --->   "%a0_48 = trunc i129 %sa_78" [src/generic/mpx_packed_karatsuba.hpp:133->src/generic/mpx_packed_karatsuba.hpp:159->src/generic/mpx_packed_karatsuba.hpp:159->src/generic/mpx_packed_karatsuba.hpp:159->src/generic/mpx_packed_karatsuba.hpp:189->src/generic/mpx_packed_karatsuba.hpp:226]   --->   Operation 242 'trunc' 'a0_48' <Predicate = true> <Delay = 0.00>
ST_7 : Operation 243 [1/1] (0.00ns)   --->   "%b0_48 = trunc i129 %sb_78" [src/generic/mpx_packed_karatsuba.hpp:134->src/generic/mpx_packed_karatsuba.hpp:159->src/generic/mpx_packed_karatsuba.hpp:159->src/generic/mpx_packed_karatsuba.hpp:159->src/generic/mpx_packed_karatsuba.hpp:189->src/generic/mpx_packed_karatsuba.hpp:226]   --->   Operation 243 'trunc' 'b0_48' <Predicate = true> <Delay = 0.00>
ST_7 : Operation 244 [1/1] (0.00ns)   --->   "%a1_23 = partselect i65 @_ssdm_op_PartSelect.i65.i129.i32.i32, i129 %sa_78, i32 64, i32 128" [src/generic/mpx_packed_karatsuba.hpp:135->src/generic/mpx_packed_karatsuba.hpp:159->src/generic/mpx_packed_karatsuba.hpp:159->src/generic/mpx_packed_karatsuba.hpp:159->src/generic/mpx_packed_karatsuba.hpp:189->src/generic/mpx_packed_karatsuba.hpp:226]   --->   Operation 244 'partselect' 'a1_23' <Predicate = true> <Delay = 0.00>
ST_7 : Operation 245 [1/1] (0.00ns)   --->   "%zext_ln135_6 = zext i65 %a1_23" [src/generic/mpx_packed_karatsuba.hpp:135->src/generic/mpx_packed_karatsuba.hpp:159->src/generic/mpx_packed_karatsuba.hpp:159->src/generic/mpx_packed_karatsuba.hpp:159->src/generic/mpx_packed_karatsuba.hpp:189->src/generic/mpx_packed_karatsuba.hpp:226]   --->   Operation 245 'zext' 'zext_ln135_6' <Predicate = true> <Delay = 0.00>
ST_7 : Operation 246 [1/1] (0.00ns)   --->   "%b1_23 = partselect i65 @_ssdm_op_PartSelect.i65.i129.i32.i32, i129 %sb_78, i32 64, i32 128" [src/generic/mpx_packed_karatsuba.hpp:136->src/generic/mpx_packed_karatsuba.hpp:159->src/generic/mpx_packed_karatsuba.hpp:159->src/generic/mpx_packed_karatsuba.hpp:159->src/generic/mpx_packed_karatsuba.hpp:189->src/generic/mpx_packed_karatsuba.hpp:226]   --->   Operation 246 'partselect' 'b1_23' <Predicate = true> <Delay = 0.00>
ST_7 : Operation 247 [1/1] (0.00ns)   --->   "%zext_ln136_6 = zext i65 %b1_23" [src/generic/mpx_packed_karatsuba.hpp:136->src/generic/mpx_packed_karatsuba.hpp:159->src/generic/mpx_packed_karatsuba.hpp:159->src/generic/mpx_packed_karatsuba.hpp:159->src/generic/mpx_packed_karatsuba.hpp:189->src/generic/mpx_packed_karatsuba.hpp:226]   --->   Operation 247 'zext' 'zext_ln136_6' <Predicate = true> <Delay = 0.00>
ST_7 : Operation 248 [1/1] (0.00ns)   --->   "%zext_ln121_99 = zext i64 %a0_48" [src/generic/mpx_packed_karatsuba.hpp:121->src/generic/mpx_packed_karatsuba.hpp:138->src/generic/mpx_packed_karatsuba.hpp:159->src/generic/mpx_packed_karatsuba.hpp:159->src/generic/mpx_packed_karatsuba.hpp:159->src/generic/mpx_packed_karatsuba.hpp:189->src/generic/mpx_packed_karatsuba.hpp:226]   --->   Operation 248 'zext' 'zext_ln121_99' <Predicate = true> <Delay = 0.00>
ST_7 : Operation 249 [1/1] (0.00ns)   --->   "%zext_ln121_100 = zext i64 %b0_48" [src/generic/mpx_packed_karatsuba.hpp:121->src/generic/mpx_packed_karatsuba.hpp:138->src/generic/mpx_packed_karatsuba.hpp:159->src/generic/mpx_packed_karatsuba.hpp:159->src/generic/mpx_packed_karatsuba.hpp:159->src/generic/mpx_packed_karatsuba.hpp:189->src/generic/mpx_packed_karatsuba.hpp:226]   --->   Operation 249 'zext' 'zext_ln121_100' <Predicate = true> <Delay = 0.00>
ST_7 : Operation 250 [1/1] (4.43ns)   --->   "%z0_55 = mul i128 %zext_ln121_100, i128 %zext_ln121_99" [src/generic/mpx_packed_karatsuba.hpp:121->src/generic/mpx_packed_karatsuba.hpp:138->src/generic/mpx_packed_karatsuba.hpp:159->src/generic/mpx_packed_karatsuba.hpp:159->src/generic/mpx_packed_karatsuba.hpp:159->src/generic/mpx_packed_karatsuba.hpp:189->src/generic/mpx_packed_karatsuba.hpp:226]   --->   Operation 250 'mul' 'z0_55' <Predicate = true> <Delay = 4.43> <CoreInst = "Multiplier">   --->   Core 3 'Multiplier' <Latency = 0> <II = 1> <Delay = 4.43> <FuncUnit> <Opcode : 'mul'> <InPorts = 2> <OutPorts = 1>
ST_7 : Operation 251 [1/1] (4.47ns)   --->   "%z2_85 = mul i129 %zext_ln136_6, i129 %zext_ln135_6" [src/generic/mpx_packed_karatsuba.hpp:121->src/generic/mpx_packed_karatsuba.hpp:139->src/generic/mpx_packed_karatsuba.hpp:159->src/generic/mpx_packed_karatsuba.hpp:159->src/generic/mpx_packed_karatsuba.hpp:159->src/generic/mpx_packed_karatsuba.hpp:189->src/generic/mpx_packed_karatsuba.hpp:226]   --->   Operation 251 'mul' 'z2_85' <Predicate = true> <Delay = 4.47> <CoreInst = "Multiplier">   --->   Core 3 'Multiplier' <Latency = 0> <II = 1> <Delay = 4.47> <FuncUnit> <Opcode : 'mul'> <InPorts = 2> <OutPorts = 1>
ST_7 : Operation 252 [1/1] (0.00ns)   --->   "%zext_ln147_42 = zext i64 %a0_48" [src/generic/mpx_packed_karatsuba.hpp:147->src/generic/mpx_packed_karatsuba.hpp:159->src/generic/mpx_packed_karatsuba.hpp:159->src/generic/mpx_packed_karatsuba.hpp:159->src/generic/mpx_packed_karatsuba.hpp:189->src/generic/mpx_packed_karatsuba.hpp:226]   --->   Operation 252 'zext' 'zext_ln147_42' <Predicate = true> <Delay = 0.00>
ST_7 : Operation 253 [1/1] (1.15ns)   --->   "%sa_73 = add i65 %a1_23, i65 %zext_ln147_42" [src/generic/mpx_packed_karatsuba.hpp:147->src/generic/mpx_packed_karatsuba.hpp:159->src/generic/mpx_packed_karatsuba.hpp:159->src/generic/mpx_packed_karatsuba.hpp:159->src/generic/mpx_packed_karatsuba.hpp:189->src/generic/mpx_packed_karatsuba.hpp:226]   --->   Operation 253 'add' 'sa_73' <Predicate = true> <Delay = 1.15> <CoreInst = "Adder">   --->   Core 1 'Adder' <Latency = 0> <II = 1> <Delay = 1.15> <FuncUnit> <Opcode : 'add' 'sub'> <InPorts = 2> <OutPorts = 1>
ST_7 : Operation 254 [1/1] (0.00ns)   --->   "%zext_ln148_42 = zext i64 %b0_48" [src/generic/mpx_packed_karatsuba.hpp:148->src/generic/mpx_packed_karatsuba.hpp:159->src/generic/mpx_packed_karatsuba.hpp:159->src/generic/mpx_packed_karatsuba.hpp:159->src/generic/mpx_packed_karatsuba.hpp:189->src/generic/mpx_packed_karatsuba.hpp:226]   --->   Operation 254 'zext' 'zext_ln148_42' <Predicate = true> <Delay = 0.00>
ST_7 : Operation 255 [1/1] (1.15ns)   --->   "%sb_73 = add i65 %b1_23, i65 %zext_ln148_42" [src/generic/mpx_packed_karatsuba.hpp:148->src/generic/mpx_packed_karatsuba.hpp:159->src/generic/mpx_packed_karatsuba.hpp:159->src/generic/mpx_packed_karatsuba.hpp:159->src/generic/mpx_packed_karatsuba.hpp:189->src/generic/mpx_packed_karatsuba.hpp:226]   --->   Operation 255 'add' 'sb_73' <Predicate = true> <Delay = 1.15> <CoreInst = "Adder">   --->   Core 1 'Adder' <Latency = 0> <II = 1> <Delay = 1.15> <FuncUnit> <Opcode : 'add' 'sub'> <InPorts = 2> <OutPorts = 1>

State 8 <SV = 7> <Delay = 4.47>
ST_8 : Operation 256 [1/1] (0.00ns)   --->   "%zext_ln121_105 = zext i2 %tmp_315" [src/generic/mpx_packed_karatsuba.hpp:121->src/generic/mpx_packed_karatsuba.hpp:139->src/generic/mpx_packed_karatsuba.hpp:159->src/generic/mpx_packed_karatsuba.hpp:159->src/generic/mpx_packed_karatsuba.hpp:189->src/generic/mpx_packed_karatsuba.hpp:226]   --->   Operation 256 'zext' 'zext_ln121_105' <Predicate = true> <Delay = 0.00>
ST_8 : Operation 257 [1/1] (0.00ns)   --->   "%zext_ln121_106 = zext i2 %tmp_316" [src/generic/mpx_packed_karatsuba.hpp:121->src/generic/mpx_packed_karatsuba.hpp:139->src/generic/mpx_packed_karatsuba.hpp:159->src/generic/mpx_packed_karatsuba.hpp:159->src/generic/mpx_packed_karatsuba.hpp:189->src/generic/mpx_packed_karatsuba.hpp:226]   --->   Operation 257 'zext' 'zext_ln121_106' <Predicate = true> <Delay = 0.00>
ST_8 : Operation 258 [1/1] (0.40ns)   --->   "%z2_90 = mul i4 %zext_ln121_106, i4 %zext_ln121_105" [src/generic/mpx_packed_karatsuba.hpp:121->src/generic/mpx_packed_karatsuba.hpp:139->src/generic/mpx_packed_karatsuba.hpp:159->src/generic/mpx_packed_karatsuba.hpp:159->src/generic/mpx_packed_karatsuba.hpp:189->src/generic/mpx_packed_karatsuba.hpp:226]   --->   Operation 258 'mul' 'z2_90' <Predicate = true> <Delay = 0.40> <CoreInst = "Multiplier">   --->   Core 3 'Multiplier' <Latency = 0> <II = 1> <Delay = 0.40> <FuncUnit> <Opcode : 'mul'> <InPorts = 2> <OutPorts = 1>
ST_8 : Operation 259 [1/1] (0.00ns)   --->   "%zext_ln174_221 = zext i65 %sa_73" [src/generic/mpx_packed_karatsuba.hpp:174->src/generic/mpx_packed_karatsuba.hpp:159->src/generic/mpx_packed_karatsuba.hpp:159->src/generic/mpx_packed_karatsuba.hpp:159->src/generic/mpx_packed_karatsuba.hpp:189->src/generic/mpx_packed_karatsuba.hpp:226]   --->   Operation 259 'zext' 'zext_ln174_221' <Predicate = true> <Delay = 0.00>
ST_8 : Operation 260 [1/1] (0.00ns)   --->   "%zext_ln174_222 = zext i65 %sb_73" [src/generic/mpx_packed_karatsuba.hpp:174->src/generic/mpx_packed_karatsuba.hpp:159->src/generic/mpx_packed_karatsuba.hpp:159->src/generic/mpx_packed_karatsuba.hpp:159->src/generic/mpx_packed_karatsuba.hpp:189->src/generic/mpx_packed_karatsuba.hpp:226]   --->   Operation 260 'zext' 'zext_ln174_222' <Predicate = true> <Delay = 0.00>
ST_8 : Operation 261 [1/1] (4.47ns)   --->   "%mul_ln174_18 = mul i130 %zext_ln174_222, i130 %zext_ln174_221" [src/generic/mpx_packed_karatsuba.hpp:174->src/generic/mpx_packed_karatsuba.hpp:159->src/generic/mpx_packed_karatsuba.hpp:159->src/generic/mpx_packed_karatsuba.hpp:159->src/generic/mpx_packed_karatsuba.hpp:189->src/generic/mpx_packed_karatsuba.hpp:226]   --->   Operation 261 'mul' 'mul_ln174_18' <Predicate = true> <Delay = 4.47> <CoreInst = "Multiplier">   --->   Core 3 'Multiplier' <Latency = 0> <II = 1> <Delay = 4.47> <FuncUnit> <Opcode : 'mul'> <InPorts = 2> <OutPorts = 1>
ST_8 : Operation 262 [1/1] (0.00ns)   --->   "%zext_ln174_224 = zext i128 %z0_55" [src/generic/mpx_packed_karatsuba.hpp:174->src/generic/mpx_packed_karatsuba.hpp:159->src/generic/mpx_packed_karatsuba.hpp:159->src/generic/mpx_packed_karatsuba.hpp:159->src/generic/mpx_packed_karatsuba.hpp:189->src/generic/mpx_packed_karatsuba.hpp:226]   --->   Operation 262 'zext' 'zext_ln174_224' <Predicate = true> <Delay = 0.00>
ST_8 : Operation 263 [1/1] (1.50ns)   --->   "%add_ln174_67 = add i129 %z2_85, i129 %zext_ln174_224" [src/generic/mpx_packed_karatsuba.hpp:174->src/generic/mpx_packed_karatsuba.hpp:159->src/generic/mpx_packed_karatsuba.hpp:159->src/generic/mpx_packed_karatsuba.hpp:159->src/generic/mpx_packed_karatsuba.hpp:189->src/generic/mpx_packed_karatsuba.hpp:226]   --->   Operation 263 'add' 'add_ln174_67' <Predicate = true> <Delay = 1.50> <CoreInst = "Adder">   --->   Core 1 'Adder' <Latency = 0> <II = 1> <Delay = 1.50> <FuncUnit> <Opcode : 'add' 'sub'> <InPorts = 2> <OutPorts = 1>

State 9 <SV = 8> <Delay = 6.71>
ST_9 : Operation 264 [1/1] (0.00ns)   --->   "%shl_ln174_s = bitconcatenate i388 @_ssdm_op_BitConcatenate.i388.i260.i128, i260 %z1e_21, i128 0" [src/generic/mpx_packed_karatsuba.hpp:174->src/generic/mpx_packed_karatsuba.hpp:139->src/generic/mpx_packed_karatsuba.hpp:189->src/generic/mpx_packed_karatsuba.hpp:226]   --->   Operation 264 'bitconcatenate' 'shl_ln174_s' <Predicate = true> <Delay = 0.00>
ST_9 : Operation 265 [1/1] (0.00ns)   --->   "%sext_ln139 = sext i388 %shl_ln174_s" [src/generic/mpx_packed_karatsuba.hpp:139->src/generic/mpx_packed_karatsuba.hpp:189->src/generic/mpx_packed_karatsuba.hpp:226]   --->   Operation 265 'sext' 'sext_ln139' <Predicate = true> <Delay = 0.00>
ST_9 : Operation 266 [1/1] (0.00ns)   --->   "%z2_88 = bitconcatenate i512 @_ssdm_op_BitConcatenate.i512.i256.i256, i256 %z2_87, i256 %z0_58" [src/generic/mpx_packed_karatsuba.hpp:174->src/generic/mpx_packed_karatsuba.hpp:139->src/generic/mpx_packed_karatsuba.hpp:189->src/generic/mpx_packed_karatsuba.hpp:226]   --->   Operation 266 'bitconcatenate' 'z2_88' <Predicate = true> <Delay = 0.00>
ST_9 : Operation 267 [1/1] (0.29ns)   --->   "%z2_89 = or i512 %sext_ln139, i512 %z2_88" [src/generic/mpx_packed_karatsuba.hpp:175->src/generic/mpx_packed_karatsuba.hpp:139->src/generic/mpx_packed_karatsuba.hpp:189->src/generic/mpx_packed_karatsuba.hpp:226]   --->   Operation 267 'or' 'z2_89' <Predicate = true> <Delay = 0.29> <CoreInst = "LogicGate">   --->   Core 74 'LogicGate' <Latency = 0> <II = 1> <Delay = 0.29> <FuncUnit> <Opcode : 'and' 'or' 'xor'> <InPorts = 2> <OutPorts = 1>
ST_9 : Operation 268 [1/1] (0.00ns)   --->   "%res_110 = bitconcatenate i259 @_ssdm_op_BitConcatenate.i259.i1.i258, i1 %tmp_312, i258 %or_ln175_44" [src/generic/mpx_packed_karatsuba.hpp:175->src/generic/mpx_packed_karatsuba.hpp:139->src/generic/mpx_packed_karatsuba.hpp:159->src/generic/mpx_packed_karatsuba.hpp:189->src/generic/mpx_packed_karatsuba.hpp:226]   --->   Operation 268 'bitconcatenate' 'res_110' <Predicate = true> <Delay = 0.00>
ST_9 : Operation 269 [1/1] (0.00ns)   --->   "%zext_ln174_223 = zext i130 %mul_ln174_18" [src/generic/mpx_packed_karatsuba.hpp:174->src/generic/mpx_packed_karatsuba.hpp:159->src/generic/mpx_packed_karatsuba.hpp:159->src/generic/mpx_packed_karatsuba.hpp:159->src/generic/mpx_packed_karatsuba.hpp:189->src/generic/mpx_packed_karatsuba.hpp:226]   --->   Operation 269 'zext' 'zext_ln174_223' <Predicate = true> <Delay = 0.00>
ST_9 : Operation 270 [1/1] (0.00ns)   --->   "%zext_ln174_225 = zext i129 %add_ln174_67" [src/generic/mpx_packed_karatsuba.hpp:174->src/generic/mpx_packed_karatsuba.hpp:159->src/generic/mpx_packed_karatsuba.hpp:159->src/generic/mpx_packed_karatsuba.hpp:159->src/generic/mpx_packed_karatsuba.hpp:189->src/generic/mpx_packed_karatsuba.hpp:226]   --->   Operation 270 'zext' 'zext_ln174_225' <Predicate = true> <Delay = 0.00>
ST_9 : Operation 271 [1/1] (1.50ns)   --->   "%sub_ln174_18 = sub i131 %zext_ln174_223, i131 %zext_ln174_225" [src/generic/mpx_packed_karatsuba.hpp:174->src/generic/mpx_packed_karatsuba.hpp:159->src/generic/mpx_packed_karatsuba.hpp:159->src/generic/mpx_packed_karatsuba.hpp:159->src/generic/mpx_packed_karatsuba.hpp:189->src/generic/mpx_packed_karatsuba.hpp:226]   --->   Operation 271 'sub' 'sub_ln174_18' <Predicate = true> <Delay = 1.50> <CoreInst = "Adder">   --->   Core 1 'Adder' <Latency = 0> <II = 1> <Delay = 1.50> <FuncUnit> <Opcode : 'add' 'sub'> <InPorts = 2> <OutPorts = 1>
ST_9 : Operation 272 [1/1] (0.00ns) (grouped into LUT with out node z1e_22)   --->   "%tmp_317 = bitconcatenate i195 @_ssdm_op_BitConcatenate.i195.i131.i64, i131 %sub_ln174_18, i64 0" [src/generic/mpx_packed_karatsuba.hpp:175->src/generic/mpx_packed_karatsuba.hpp:159->src/generic/mpx_packed_karatsuba.hpp:159->src/generic/mpx_packed_karatsuba.hpp:159->src/generic/mpx_packed_karatsuba.hpp:189->src/generic/mpx_packed_karatsuba.hpp:226]   --->   Operation 272 'bitconcatenate' 'tmp_317' <Predicate = true> <Delay = 0.00>
ST_9 : Operation 273 [1/1] (0.00ns) (grouped into LUT with out node z1e_22)   --->   "%sext_ln175_23 = sext i195 %tmp_317" [src/generic/mpx_packed_karatsuba.hpp:175->src/generic/mpx_packed_karatsuba.hpp:159->src/generic/mpx_packed_karatsuba.hpp:159->src/generic/mpx_packed_karatsuba.hpp:159->src/generic/mpx_packed_karatsuba.hpp:189->src/generic/mpx_packed_karatsuba.hpp:226]   --->   Operation 273 'sext' 'sext_ln175_23' <Predicate = true> <Delay = 0.00>
ST_9 : Operation 274 [1/1] (0.00ns) (grouped into LUT with out node z1e_22)   --->   "%res_9 = bitconcatenate i257 @_ssdm_op_BitConcatenate.i257.i129.i128, i129 %z2_85, i128 %z0_55" [src/generic/mpx_packed_karatsuba.hpp:174->src/generic/mpx_packed_karatsuba.hpp:159->src/generic/mpx_packed_karatsuba.hpp:159->src/generic/mpx_packed_karatsuba.hpp:159->src/generic/mpx_packed_karatsuba.hpp:189->src/generic/mpx_packed_karatsuba.hpp:226]   --->   Operation 274 'bitconcatenate' 'res_9' <Predicate = true> <Delay = 0.00>
ST_9 : Operation 275 [1/1] (0.00ns) (grouped into LUT with out node z1e_22)   --->   "%or_ln175_45 = or i257 %sext_ln175_23, i257 %res_9" [src/generic/mpx_packed_karatsuba.hpp:175->src/generic/mpx_packed_karatsuba.hpp:159->src/generic/mpx_packed_karatsuba.hpp:159->src/generic/mpx_packed_karatsuba.hpp:159->src/generic/mpx_packed_karatsuba.hpp:189->src/generic/mpx_packed_karatsuba.hpp:226]   --->   Operation 275 'or' 'or_ln175_45' <Predicate = true> <Delay = 0.00> <CoreInst = "LogicGate">   --->   Core 74 'LogicGate' <Latency = 0> <II = 1> <Delay = 0.29> <FuncUnit> <Opcode : 'and' 'or' 'xor'> <InPorts = 2> <OutPorts = 1>
ST_9 : Operation 276 [1/1] (0.00ns) (grouped into LUT with out node z1e_22)   --->   "%tmp_318 = bitselect i1 @_ssdm_op_BitSelect.i1.i131.i32, i131 %sub_ln174_18, i32 130" [src/generic/mpx_packed_karatsuba.hpp:175->src/generic/mpx_packed_karatsuba.hpp:159->src/generic/mpx_packed_karatsuba.hpp:159->src/generic/mpx_packed_karatsuba.hpp:159->src/generic/mpx_packed_karatsuba.hpp:189->src/generic/mpx_packed_karatsuba.hpp:226]   --->   Operation 276 'bitselect' 'tmp_318' <Predicate = true> <Delay = 0.00>
ST_9 : Operation 277 [1/1] (0.00ns) (grouped into LUT with out node z1e_22)   --->   "%res_111 = bitconcatenate i258 @_ssdm_op_BitConcatenate.i258.i1.i257, i1 %tmp_318, i257 %or_ln175_45" [src/generic/mpx_packed_karatsuba.hpp:175->src/generic/mpx_packed_karatsuba.hpp:159->src/generic/mpx_packed_karatsuba.hpp:159->src/generic/mpx_packed_karatsuba.hpp:159->src/generic/mpx_packed_karatsuba.hpp:189->src/generic/mpx_packed_karatsuba.hpp:226]   --->   Operation 277 'bitconcatenate' 'res_111' <Predicate = true> <Delay = 0.00>
ST_9 : Operation 278 [1/1] (0.00ns) (grouped into LUT with out node z1e_22)   --->   "%sext_ln172_12 = sext i258 %res_111" [src/generic/mpx_packed_karatsuba.hpp:172->src/generic/mpx_packed_karatsuba.hpp:159->src/generic/mpx_packed_karatsuba.hpp:159->src/generic/mpx_packed_karatsuba.hpp:159->src/generic/mpx_packed_karatsuba.hpp:189->src/generic/mpx_packed_karatsuba.hpp:226]   --->   Operation 278 'sext' 'sext_ln172_12' <Predicate = true> <Delay = 0.00>
ST_9 : Operation 279 [1/1] (0.00ns)   --->   "%zext_ln168_22 = zext i4 %z2_90" [src/generic/mpx_packed_karatsuba.hpp:168->src/generic/mpx_packed_karatsuba.hpp:159->src/generic/mpx_packed_karatsuba.hpp:159->src/generic/mpx_packed_karatsuba.hpp:189->src/generic/mpx_packed_karatsuba.hpp:226]   --->   Operation 279 'zext' 'zext_ln168_22' <Predicate = true> <Delay = 0.00>
ST_9 : Operation 280 [1/1] (2.05ns)   --->   "%add_ln169_22 = add i256 %zext_ln168_22, i256 %z0_60" [src/generic/mpx_packed_karatsuba.hpp:169->src/generic/mpx_packed_karatsuba.hpp:159->src/generic/mpx_packed_karatsuba.hpp:159->src/generic/mpx_packed_karatsuba.hpp:189->src/generic/mpx_packed_karatsuba.hpp:226]   --->   Operation 280 'add' 'add_ln169_22' <Predicate = true> <Delay = 2.05> <CoreInst = "Adder">   --->   Core 1 'Adder' <Latency = 0> <II = 1> <Delay = 2.05> <FuncUnit> <Opcode : 'add' 'sub'> <InPorts = 2> <OutPorts = 1>
ST_9 : Operation 281 [1/1] (0.00ns) (grouped into LUT with out node z1e_22)   --->   "%zext_ln169_22 = zext i256 %add_ln169_22" [src/generic/mpx_packed_karatsuba.hpp:169->src/generic/mpx_packed_karatsuba.hpp:159->src/generic/mpx_packed_karatsuba.hpp:159->src/generic/mpx_packed_karatsuba.hpp:189->src/generic/mpx_packed_karatsuba.hpp:226]   --->   Operation 281 'zext' 'zext_ln169_22' <Predicate = true> <Delay = 0.00>
ST_9 : Operation 282 [1/1] (2.05ns) (out node of the LUT)   --->   "%z1e_22 = sub i259 %sext_ln172_12, i259 %zext_ln169_22" [src/generic/mpx_packed_karatsuba.hpp:169->src/generic/mpx_packed_karatsuba.hpp:159->src/generic/mpx_packed_karatsuba.hpp:159->src/generic/mpx_packed_karatsuba.hpp:189->src/generic/mpx_packed_karatsuba.hpp:226]   --->   Operation 282 'sub' 'z1e_22' <Predicate = true> <Delay = 2.05> <CoreInst = "Adder">   --->   Core 1 'Adder' <Latency = 0> <II = 1> <Delay = 2.05> <FuncUnit> <Opcode : 'add' 'sub'> <InPorts = 2> <OutPorts = 1>
ST_9 : Operation 283 [1/1] (0.00ns) (grouped into LUT with out node z1e_23)   --->   "%trunc_ln175_6 = trunc i259 %z1e_22" [src/generic/mpx_packed_karatsuba.hpp:175->src/generic/mpx_packed_karatsuba.hpp:159->src/generic/mpx_packed_karatsuba.hpp:159->src/generic/mpx_packed_karatsuba.hpp:189->src/generic/mpx_packed_karatsuba.hpp:226]   --->   Operation 283 'trunc' 'trunc_ln175_6' <Predicate = true> <Delay = 0.00>
ST_9 : Operation 284 [1/1] (0.00ns) (grouped into LUT with out node z1e_23)   --->   "%shl_ln175_s = bitconcatenate i260 @_ssdm_op_BitConcatenate.i260.i132.i128, i132 %trunc_ln175_6, i128 0" [src/generic/mpx_packed_karatsuba.hpp:175->src/generic/mpx_packed_karatsuba.hpp:159->src/generic/mpx_packed_karatsuba.hpp:159->src/generic/mpx_packed_karatsuba.hpp:189->src/generic/mpx_packed_karatsuba.hpp:226]   --->   Operation 284 'bitconcatenate' 'shl_ln175_s' <Predicate = true> <Delay = 0.00>
ST_9 : Operation 285 [1/1] (0.00ns) (grouped into LUT with out node z1e_23)   --->   "%res_10 = bitconcatenate i260 @_ssdm_op_BitConcatenate.i260.i4.i256, i4 %z2_90, i256 %z0_60" [src/generic/mpx_packed_karatsuba.hpp:174->src/generic/mpx_packed_karatsuba.hpp:159->src/generic/mpx_packed_karatsuba.hpp:159->src/generic/mpx_packed_karatsuba.hpp:189->src/generic/mpx_packed_karatsuba.hpp:226]   --->   Operation 285 'bitconcatenate' 'res_10' <Predicate = true> <Delay = 0.00>
ST_9 : Operation 286 [1/1] (0.00ns) (grouped into LUT with out node z1e_23)   --->   "%or_ln175_46 = or i260 %shl_ln175_s, i260 %res_10" [src/generic/mpx_packed_karatsuba.hpp:175->src/generic/mpx_packed_karatsuba.hpp:159->src/generic/mpx_packed_karatsuba.hpp:159->src/generic/mpx_packed_karatsuba.hpp:189->src/generic/mpx_packed_karatsuba.hpp:226]   --->   Operation 286 'or' 'or_ln175_46' <Predicate = true> <Delay = 0.00> <CoreInst = "LogicGate">   --->   Core 74 'LogicGate' <Latency = 0> <II = 1> <Delay = 0.29> <FuncUnit> <Opcode : 'and' 'or' 'xor'> <InPorts = 2> <OutPorts = 1>
ST_9 : Operation 287 [1/1] (0.00ns) (grouped into LUT with out node z1e_23)   --->   "%tmp_319 = partselect i127 @_ssdm_op_PartSelect.i127.i259.i32.i32, i259 %z1e_22, i32 132, i32 258" [src/generic/mpx_packed_karatsuba.hpp:175->src/generic/mpx_packed_karatsuba.hpp:159->src/generic/mpx_packed_karatsuba.hpp:159->src/generic/mpx_packed_karatsuba.hpp:189->src/generic/mpx_packed_karatsuba.hpp:226]   --->   Operation 287 'partselect' 'tmp_319' <Predicate = true> <Delay = 0.00>
ST_9 : Operation 288 [1/1] (0.00ns) (grouped into LUT with out node z1e_23)   --->   "%tmp_320 = bitconcatenate i387 @_ssdm_op_BitConcatenate.i387.i127.i260, i127 %tmp_319, i260 %or_ln175_46" [src/generic/mpx_packed_karatsuba.hpp:175->src/generic/mpx_packed_karatsuba.hpp:159->src/generic/mpx_packed_karatsuba.hpp:159->src/generic/mpx_packed_karatsuba.hpp:189->src/generic/mpx_packed_karatsuba.hpp:226]   --->   Operation 288 'bitconcatenate' 'tmp_320' <Predicate = true> <Delay = 0.00>
ST_9 : Operation 289 [1/1] (0.00ns) (grouped into LUT with out node z1e_23)   --->   "%res_112 = sext i387 %tmp_320" [src/generic/mpx_packed_karatsuba.hpp:175->src/generic/mpx_packed_karatsuba.hpp:159->src/generic/mpx_packed_karatsuba.hpp:159->src/generic/mpx_packed_karatsuba.hpp:189->src/generic/mpx_packed_karatsuba.hpp:226]   --->   Operation 289 'sext' 'res_112' <Predicate = true> <Delay = 0.00>
ST_9 : Operation 290 [1/1] (0.00ns)   --->   "%zext_ln167_17 = zext i256 %z0_59" [src/generic/mpx_packed_karatsuba.hpp:167->src/generic/mpx_packed_karatsuba.hpp:159->src/generic/mpx_packed_karatsuba.hpp:189->src/generic/mpx_packed_karatsuba.hpp:226]   --->   Operation 290 'zext' 'zext_ln167_17' <Predicate = true> <Delay = 0.00>
ST_9 : Operation 291 [1/1] (0.00ns)   --->   "%sext_ln168 = sext i259 %res_110" [src/generic/mpx_packed_karatsuba.hpp:168->src/generic/mpx_packed_karatsuba.hpp:159->src/generic/mpx_packed_karatsuba.hpp:189->src/generic/mpx_packed_karatsuba.hpp:226]   --->   Operation 291 'sext' 'sext_ln168' <Predicate = true> <Delay = 0.00>
ST_9 : Operation 292 [1/1] (0.00ns)   --->   "%zext_ln168_23 = zext i384 %sext_ln168" [src/generic/mpx_packed_karatsuba.hpp:168->src/generic/mpx_packed_karatsuba.hpp:159->src/generic/mpx_packed_karatsuba.hpp:189->src/generic/mpx_packed_karatsuba.hpp:226]   --->   Operation 292 'zext' 'zext_ln168_23' <Predicate = true> <Delay = 0.00>
ST_9 : Operation 293 [1/1] (2.59ns)   --->   "%add_ln169_23 = add i385 %zext_ln168_23, i385 %zext_ln167_17" [src/generic/mpx_packed_karatsuba.hpp:169->src/generic/mpx_packed_karatsuba.hpp:159->src/generic/mpx_packed_karatsuba.hpp:189->src/generic/mpx_packed_karatsuba.hpp:226]   --->   Operation 293 'add' 'add_ln169_23' <Predicate = true> <Delay = 2.59> <CoreInst = "Adder">   --->   Core 1 'Adder' <Latency = 0> <II = 1> <Delay = 2.59> <FuncUnit> <Opcode : 'add' 'sub'> <InPorts = 2> <OutPorts = 1>
ST_9 : Operation 294 [1/1] (0.00ns) (grouped into LUT with out node z1e_23)   --->   "%zext_ln169_23 = zext i385 %add_ln169_23" [src/generic/mpx_packed_karatsuba.hpp:169->src/generic/mpx_packed_karatsuba.hpp:159->src/generic/mpx_packed_karatsuba.hpp:189->src/generic/mpx_packed_karatsuba.hpp:226]   --->   Operation 294 'zext' 'zext_ln169_23' <Predicate = true> <Delay = 0.00>
ST_9 : Operation 295 [1/1] (2.60ns) (out node of the LUT)   --->   "%z1e_23 = sub i512 %res_112, i512 %zext_ln169_23" [src/generic/mpx_packed_karatsuba.hpp:169->src/generic/mpx_packed_karatsuba.hpp:159->src/generic/mpx_packed_karatsuba.hpp:189->src/generic/mpx_packed_karatsuba.hpp:226]   --->   Operation 295 'sub' 'z1e_23' <Predicate = true> <Delay = 2.60> <CoreInst = "Adder">   --->   Core 1 'Adder' <Latency = 0> <II = 1> <Delay = 2.60> <FuncUnit> <Opcode : 'add' 'sub'> <InPorts = 2> <OutPorts = 1>
ST_9 : Operation 296 [1/1] (0.00ns)   --->   "%zext_ln167_18 = zext i512 %z0_57" [src/generic/mpx_packed_karatsuba.hpp:167->src/generic/mpx_packed_karatsuba.hpp:189->src/generic/mpx_packed_karatsuba.hpp:226]   --->   Operation 296 'zext' 'zext_ln167_18' <Predicate = true> <Delay = 0.00>
ST_9 : Operation 297 [1/1] (0.00ns)   --->   "%zext_ln168_24 = zext i512 %z2_89" [src/generic/mpx_packed_karatsuba.hpp:168->src/generic/mpx_packed_karatsuba.hpp:189->src/generic/mpx_packed_karatsuba.hpp:226]   --->   Operation 297 'zext' 'zext_ln168_24' <Predicate = true> <Delay = 0.00>
ST_9 : Operation 298 [1/1] (3.30ns)   --->   "%add_ln169_24 = add i513 %zext_ln168_24, i513 %zext_ln167_18" [src/generic/mpx_packed_karatsuba.hpp:169->src/generic/mpx_packed_karatsuba.hpp:189->src/generic/mpx_packed_karatsuba.hpp:226]   --->   Operation 298 'add' 'add_ln169_24' <Predicate = true> <Delay = 3.30> <CoreInst = "Adder">   --->   Core 1 'Adder' <Latency = 0> <II = 1> <Delay = 3.30> <FuncUnit> <Opcode : 'add' 'sub'> <InPorts = 2> <OutPorts = 1>
ST_9 : Operation 299 [1/1] (0.00ns)   --->   "%w_161 = partselect i64 @_ssdm_op_PartSelect.i64.i512.i32.i32, i512 %z2_89, i32 384, i32 447" [src/generic/mpx_packed_karatsuba.hpp:51->src/generic/mpx_packed_karatsuba.hpp:190->src/generic/mpx_packed_karatsuba.hpp:226]   --->   Operation 299 'partselect' 'w_161' <Predicate = true> <Delay = 0.00>
ST_9 : Operation 300 [1/1] (0.00ns)   --->   "%w_162 = partselect i64 @_ssdm_op_PartSelect.i64.i512.i32.i32, i512 %z2_89, i32 448, i32 511" [src/generic/mpx_packed_karatsuba.hpp:51->src/generic/mpx_packed_karatsuba.hpp:190->src/generic/mpx_packed_karatsuba.hpp:226]   --->   Operation 300 'partselect' 'w_162' <Predicate = true> <Delay = 0.00>

State 10 <SV = 9> <Delay = 4.34>
ST_10 : Operation 301 [1/1] (0.00ns) (grouped into LUT with out node or_ln175_48)   --->   "%trunc_ln174 = trunc i256 %z2_87" [src/generic/mpx_packed_karatsuba.hpp:174->src/generic/mpx_packed_karatsuba.hpp:139->src/generic/mpx_packed_karatsuba.hpp:189->src/generic/mpx_packed_karatsuba.hpp:226]   --->   Operation 301 'trunc' 'trunc_ln174' <Predicate = true> <Delay = 0.00>
ST_10 : Operation 302 [1/1] (0.00ns) (grouped into LUT with out node or_ln175_48)   --->   "%tmp_74 = bitconcatenate i384 @_ssdm_op_BitConcatenate.i384.i128.i256, i128 %trunc_ln174, i256 %z0_58" [src/generic/mpx_packed_karatsuba.hpp:175->src/generic/mpx_packed_karatsuba.hpp:139->src/generic/mpx_packed_karatsuba.hpp:189->src/generic/mpx_packed_karatsuba.hpp:226]   --->   Operation 302 'bitconcatenate' 'tmp_74' <Predicate = true> <Delay = 0.00>
ST_10 : Operation 303 [1/1] (0.00ns) (grouped into LUT with out node or_ln175_48)   --->   "%trunc_ln175 = trunc i260 %z1e_21" [src/generic/mpx_packed_karatsuba.hpp:175->src/generic/mpx_packed_karatsuba.hpp:139->src/generic/mpx_packed_karatsuba.hpp:189->src/generic/mpx_packed_karatsuba.hpp:226]   --->   Operation 303 'trunc' 'trunc_ln175' <Predicate = true> <Delay = 0.00>
ST_10 : Operation 304 [1/1] (0.00ns) (grouped into LUT with out node or_ln175_48)   --->   "%tmp_310 = bitconcatenate i384 @_ssdm_op_BitConcatenate.i384.i256.i128, i256 %trunc_ln175, i128 0" [src/generic/mpx_packed_karatsuba.hpp:175->src/generic/mpx_packed_karatsuba.hpp:139->src/generic/mpx_packed_karatsuba.hpp:189->src/generic/mpx_packed_karatsuba.hpp:226]   --->   Operation 304 'bitconcatenate' 'tmp_310' <Predicate = true> <Delay = 0.00>
ST_10 : Operation 305 [1/1] (0.00ns) (grouped into LUT with out node z1e_24)   --->   "%shl_ln174_3 = bitconcatenate i640 @_ssdm_op_BitConcatenate.i640.i512.i128, i512 %z1e_23, i128 0" [src/generic/mpx_packed_karatsuba.hpp:174->src/generic/mpx_packed_karatsuba.hpp:159->src/generic/mpx_packed_karatsuba.hpp:189->src/generic/mpx_packed_karatsuba.hpp:226]   --->   Operation 305 'bitconcatenate' 'shl_ln174_3' <Predicate = true> <Delay = 0.00>
ST_10 : Operation 306 [1/1] (0.00ns) (grouped into LUT with out node z1e_24)   --->   "%res_12 = bitconcatenate i515 @_ssdm_op_BitConcatenate.i515.i1.i258.i256, i1 %tmp_312, i258 %or_ln175_44, i256 %z0_59" [src/generic/mpx_packed_karatsuba.hpp:174->src/generic/mpx_packed_karatsuba.hpp:159->src/generic/mpx_packed_karatsuba.hpp:189->src/generic/mpx_packed_karatsuba.hpp:226]   --->   Operation 306 'bitconcatenate' 'res_12' <Predicate = true> <Delay = 0.00>
ST_10 : Operation 307 [1/1] (0.00ns) (grouped into LUT with out node z1e_24)   --->   "%sext_ln174 = sext i515 %res_12" [src/generic/mpx_packed_karatsuba.hpp:174->src/generic/mpx_packed_karatsuba.hpp:159->src/generic/mpx_packed_karatsuba.hpp:189->src/generic/mpx_packed_karatsuba.hpp:226]   --->   Operation 307 'sext' 'sext_ln174' <Predicate = true> <Delay = 0.00>
ST_10 : Operation 308 [1/1] (0.00ns) (grouped into LUT with out node z1e_24)   --->   "%res_113 = or i640 %shl_ln174_3, i640 %sext_ln174" [src/generic/mpx_packed_karatsuba.hpp:175->src/generic/mpx_packed_karatsuba.hpp:159->src/generic/mpx_packed_karatsuba.hpp:189->src/generic/mpx_packed_karatsuba.hpp:226]   --->   Operation 308 'or' 'res_113' <Predicate = true> <Delay = 0.00> <CoreInst = "LogicGate">   --->   Core 74 'LogicGate' <Latency = 0> <II = 1> <Delay = 0.29> <FuncUnit> <Opcode : 'and' 'or' 'xor'> <InPorts = 2> <OutPorts = 1>
ST_10 : Operation 309 [1/1] (0.00ns) (grouped into LUT with out node z1e_24)   --->   "%zext_ln169_24 = zext i513 %add_ln169_24" [src/generic/mpx_packed_karatsuba.hpp:169->src/generic/mpx_packed_karatsuba.hpp:189->src/generic/mpx_packed_karatsuba.hpp:226]   --->   Operation 309 'zext' 'zext_ln169_24' <Predicate = true> <Delay = 0.00>
ST_10 : Operation 310 [1/1] (3.99ns) (out node of the LUT)   --->   "%z1e_24 = sub i640 %res_113, i640 %zext_ln169_24" [src/generic/mpx_packed_karatsuba.hpp:169->src/generic/mpx_packed_karatsuba.hpp:189->src/generic/mpx_packed_karatsuba.hpp:226]   --->   Operation 310 'sub' 'z1e_24' <Predicate = true> <Delay = 3.99> <CoreInst = "Adder">   --->   Core 1 'Adder' <Latency = 0> <II = 1> <Delay = 3.99> <FuncUnit> <Opcode : 'add' 'sub'> <InPorts = 2> <OutPorts = 1>
ST_10 : Operation 311 [1/1] (0.00ns) (grouped into LUT with out node or_ln175_48)   --->   "%shl_ln174_4 = bitconcatenate i896 @_ssdm_op_BitConcatenate.i896.i640.i256, i640 %z1e_24, i256 0" [src/generic/mpx_packed_karatsuba.hpp:174->src/generic/mpx_packed_karatsuba.hpp:189->src/generic/mpx_packed_karatsuba.hpp:226]   --->   Operation 311 'bitconcatenate' 'shl_ln174_4' <Predicate = true> <Delay = 0.00>
ST_10 : Operation 312 [1/1] (0.00ns) (grouped into LUT with out node or_ln175_48)   --->   "%or_ln174 = or i384 %tmp_310, i384 %tmp_74" [src/generic/mpx_packed_karatsuba.hpp:174->src/generic/mpx_packed_karatsuba.hpp:189->src/generic/mpx_packed_karatsuba.hpp:226]   --->   Operation 312 'or' 'or_ln174' <Predicate = true> <Delay = 0.00> <CoreInst = "LogicGate">   --->   Core 74 'LogicGate' <Latency = 0> <II = 1> <Delay = 0.25> <FuncUnit> <Opcode : 'and' 'or' 'xor'> <InPorts = 2> <OutPorts = 1>
ST_10 : Operation 313 [1/1] (0.00ns) (grouped into LUT with out node or_ln175_48)   --->   "%tmp_81 = bitconcatenate i896 @_ssdm_op_BitConcatenate.i896.i384.i512, i384 %or_ln174, i512 %z0_57" [src/generic/mpx_packed_karatsuba.hpp:175->src/generic/mpx_packed_karatsuba.hpp:189->src/generic/mpx_packed_karatsuba.hpp:226]   --->   Operation 313 'bitconcatenate' 'tmp_81' <Predicate = true> <Delay = 0.00>
ST_10 : Operation 314 [1/1] (0.35ns) (out node of the LUT)   --->   "%or_ln175_48 = or i896 %tmp_81, i896 %shl_ln174_4" [src/generic/mpx_packed_karatsuba.hpp:175->src/generic/mpx_packed_karatsuba.hpp:189->src/generic/mpx_packed_karatsuba.hpp:226]   --->   Operation 314 'or' 'or_ln175_48' <Predicate = true> <Delay = 0.35> <CoreInst = "LogicGate">   --->   Core 74 'LogicGate' <Latency = 0> <II = 1> <Delay = 0.35> <FuncUnit> <Opcode : 'and' 'or' 'xor'> <InPorts = 2> <OutPorts = 1>
ST_10 : Operation 315 [1/1] (0.00ns)   --->   "%w_148 = partselect i64 @_ssdm_op_PartSelect.i64.i896.i32.i32, i896 %or_ln175_48, i32 64, i32 127" [src/generic/mpx_packed_karatsuba.hpp:51->src/generic/mpx_packed_karatsuba.hpp:190->src/generic/mpx_packed_karatsuba.hpp:226]   --->   Operation 315 'partselect' 'w_148' <Predicate = true> <Delay = 0.00>
ST_10 : Operation 316 [1/1] (0.00ns)   --->   "%w_149 = partselect i64 @_ssdm_op_PartSelect.i64.i896.i32.i32, i896 %or_ln175_48, i32 128, i32 191" [src/generic/mpx_packed_karatsuba.hpp:51->src/generic/mpx_packed_karatsuba.hpp:190->src/generic/mpx_packed_karatsuba.hpp:226]   --->   Operation 316 'partselect' 'w_149' <Predicate = true> <Delay = 0.00>
ST_10 : Operation 317 [1/1] (0.00ns)   --->   "%w_150 = partselect i64 @_ssdm_op_PartSelect.i64.i896.i32.i32, i896 %or_ln175_48, i32 192, i32 255" [src/generic/mpx_packed_karatsuba.hpp:51->src/generic/mpx_packed_karatsuba.hpp:190->src/generic/mpx_packed_karatsuba.hpp:226]   --->   Operation 317 'partselect' 'w_150' <Predicate = true> <Delay = 0.00>
ST_10 : Operation 318 [1/1] (0.00ns)   --->   "%w_151 = partselect i64 @_ssdm_op_PartSelect.i64.i896.i32.i32, i896 %or_ln175_48, i32 256, i32 319" [src/generic/mpx_packed_karatsuba.hpp:51->src/generic/mpx_packed_karatsuba.hpp:190->src/generic/mpx_packed_karatsuba.hpp:226]   --->   Operation 318 'partselect' 'w_151' <Predicate = true> <Delay = 0.00>
ST_10 : Operation 319 [1/1] (0.00ns)   --->   "%w_152 = partselect i64 @_ssdm_op_PartSelect.i64.i896.i32.i32, i896 %or_ln175_48, i32 320, i32 383" [src/generic/mpx_packed_karatsuba.hpp:51->src/generic/mpx_packed_karatsuba.hpp:190->src/generic/mpx_packed_karatsuba.hpp:226]   --->   Operation 319 'partselect' 'w_152' <Predicate = true> <Delay = 0.00>
ST_10 : Operation 320 [1/1] (0.00ns)   --->   "%w_153 = partselect i64 @_ssdm_op_PartSelect.i64.i896.i32.i32, i896 %or_ln175_48, i32 384, i32 447" [src/generic/mpx_packed_karatsuba.hpp:51->src/generic/mpx_packed_karatsuba.hpp:190->src/generic/mpx_packed_karatsuba.hpp:226]   --->   Operation 320 'partselect' 'w_153' <Predicate = true> <Delay = 0.00>
ST_10 : Operation 321 [1/1] (0.00ns)   --->   "%w_154 = partselect i64 @_ssdm_op_PartSelect.i64.i896.i32.i32, i896 %or_ln175_48, i32 448, i32 511" [src/generic/mpx_packed_karatsuba.hpp:51->src/generic/mpx_packed_karatsuba.hpp:190->src/generic/mpx_packed_karatsuba.hpp:226]   --->   Operation 321 'partselect' 'w_154' <Predicate = true> <Delay = 0.00>
ST_10 : Operation 322 [1/1] (0.00ns)   --->   "%w_155 = partselect i64 @_ssdm_op_PartSelect.i64.i896.i32.i32, i896 %or_ln175_48, i32 512, i32 575" [src/generic/mpx_packed_karatsuba.hpp:51->src/generic/mpx_packed_karatsuba.hpp:190->src/generic/mpx_packed_karatsuba.hpp:226]   --->   Operation 322 'partselect' 'w_155' <Predicate = true> <Delay = 0.00>
ST_10 : Operation 323 [1/1] (0.00ns)   --->   "%w_156 = partselect i64 @_ssdm_op_PartSelect.i64.i896.i32.i32, i896 %or_ln175_48, i32 576, i32 639" [src/generic/mpx_packed_karatsuba.hpp:51->src/generic/mpx_packed_karatsuba.hpp:190->src/generic/mpx_packed_karatsuba.hpp:226]   --->   Operation 323 'partselect' 'w_156' <Predicate = true> <Delay = 0.00>
ST_10 : Operation 324 [1/1] (0.00ns)   --->   "%w_157 = partselect i64 @_ssdm_op_PartSelect.i64.i896.i32.i32, i896 %or_ln175_48, i32 640, i32 703" [src/generic/mpx_packed_karatsuba.hpp:51->src/generic/mpx_packed_karatsuba.hpp:190->src/generic/mpx_packed_karatsuba.hpp:226]   --->   Operation 324 'partselect' 'w_157' <Predicate = true> <Delay = 0.00>
ST_10 : Operation 325 [1/1] (0.00ns)   --->   "%w_158 = partselect i64 @_ssdm_op_PartSelect.i64.i896.i32.i32, i896 %or_ln175_48, i32 704, i32 767" [src/generic/mpx_packed_karatsuba.hpp:51->src/generic/mpx_packed_karatsuba.hpp:190->src/generic/mpx_packed_karatsuba.hpp:226]   --->   Operation 325 'partselect' 'w_158' <Predicate = true> <Delay = 0.00>
ST_10 : Operation 326 [1/1] (0.00ns)   --->   "%w_159 = partselect i64 @_ssdm_op_PartSelect.i64.i896.i32.i32, i896 %or_ln175_48, i32 768, i32 831" [src/generic/mpx_packed_karatsuba.hpp:51->src/generic/mpx_packed_karatsuba.hpp:190->src/generic/mpx_packed_karatsuba.hpp:226]   --->   Operation 326 'partselect' 'w_159' <Predicate = true> <Delay = 0.00>
ST_10 : Operation 327 [1/1] (0.00ns)   --->   "%w_160 = partselect i64 @_ssdm_op_PartSelect.i64.i896.i32.i32, i896 %or_ln175_48, i32 832, i32 895" [src/generic/mpx_packed_karatsuba.hpp:51->src/generic/mpx_packed_karatsuba.hpp:190->src/generic/mpx_packed_karatsuba.hpp:226]   --->   Operation 327 'partselect' 'w_160' <Predicate = true> <Delay = 0.00>
ST_10 : Operation 328 [1/1] (0.00ns)   --->   "%mrv = insertvalue i1024 <undef>, i64 %w_147" [src/generic/mpx_packed_karatsuba.hpp:238]   --->   Operation 328 'insertvalue' 'mrv' <Predicate = true> <Delay = 0.00>
ST_10 : Operation 329 [1/1] (0.00ns)   --->   "%mrv_1 = insertvalue i1024 %mrv, i64 %w_148" [src/generic/mpx_packed_karatsuba.hpp:238]   --->   Operation 329 'insertvalue' 'mrv_1' <Predicate = true> <Delay = 0.00>
ST_10 : Operation 330 [1/1] (0.00ns)   --->   "%mrv_2 = insertvalue i1024 %mrv_1, i64 %w_149" [src/generic/mpx_packed_karatsuba.hpp:238]   --->   Operation 330 'insertvalue' 'mrv_2' <Predicate = true> <Delay = 0.00>
ST_10 : Operation 331 [1/1] (0.00ns)   --->   "%mrv_3 = insertvalue i1024 %mrv_2, i64 %w_150" [src/generic/mpx_packed_karatsuba.hpp:238]   --->   Operation 331 'insertvalue' 'mrv_3' <Predicate = true> <Delay = 0.00>
ST_10 : Operation 332 [1/1] (0.00ns)   --->   "%mrv_4 = insertvalue i1024 %mrv_3, i64 %w_151" [src/generic/mpx_packed_karatsuba.hpp:238]   --->   Operation 332 'insertvalue' 'mrv_4' <Predicate = true> <Delay = 0.00>
ST_10 : Operation 333 [1/1] (0.00ns)   --->   "%mrv_5 = insertvalue i1024 %mrv_4, i64 %w_152" [src/generic/mpx_packed_karatsuba.hpp:238]   --->   Operation 333 'insertvalue' 'mrv_5' <Predicate = true> <Delay = 0.00>
ST_10 : Operation 334 [1/1] (0.00ns)   --->   "%mrv_6 = insertvalue i1024 %mrv_5, i64 %w_153" [src/generic/mpx_packed_karatsuba.hpp:238]   --->   Operation 334 'insertvalue' 'mrv_6' <Predicate = true> <Delay = 0.00>
ST_10 : Operation 335 [1/1] (0.00ns)   --->   "%mrv_7 = insertvalue i1024 %mrv_6, i64 %w_154" [src/generic/mpx_packed_karatsuba.hpp:238]   --->   Operation 335 'insertvalue' 'mrv_7' <Predicate = true> <Delay = 0.00>
ST_10 : Operation 336 [1/1] (0.00ns)   --->   "%mrv_8 = insertvalue i1024 %mrv_7, i64 %w_155" [src/generic/mpx_packed_karatsuba.hpp:238]   --->   Operation 336 'insertvalue' 'mrv_8' <Predicate = true> <Delay = 0.00>
ST_10 : Operation 337 [1/1] (0.00ns)   --->   "%mrv_9 = insertvalue i1024 %mrv_8, i64 %w_156" [src/generic/mpx_packed_karatsuba.hpp:238]   --->   Operation 337 'insertvalue' 'mrv_9' <Predicate = true> <Delay = 0.00>
ST_10 : Operation 338 [1/1] (0.00ns)   --->   "%mrv_10 = insertvalue i1024 %mrv_9, i64 %w_157" [src/generic/mpx_packed_karatsuba.hpp:238]   --->   Operation 338 'insertvalue' 'mrv_10' <Predicate = true> <Delay = 0.00>
ST_10 : Operation 339 [1/1] (0.00ns)   --->   "%mrv_11 = insertvalue i1024 %mrv_10, i64 %w_158" [src/generic/mpx_packed_karatsuba.hpp:238]   --->   Operation 339 'insertvalue' 'mrv_11' <Predicate = true> <Delay = 0.00>
ST_10 : Operation 340 [1/1] (0.00ns)   --->   "%mrv_12 = insertvalue i1024 %mrv_11, i64 %w_159" [src/generic/mpx_packed_karatsuba.hpp:238]   --->   Operation 340 'insertvalue' 'mrv_12' <Predicate = true> <Delay = 0.00>
ST_10 : Operation 341 [1/1] (0.00ns)   --->   "%mrv_13 = insertvalue i1024 %mrv_12, i64 %w_160" [src/generic/mpx_packed_karatsuba.hpp:238]   --->   Operation 341 'insertvalue' 'mrv_13' <Predicate = true> <Delay = 0.00>
ST_10 : Operation 342 [1/1] (0.00ns)   --->   "%mrv_14 = insertvalue i1024 %mrv_13, i64 %w_161" [src/generic/mpx_packed_karatsuba.hpp:238]   --->   Operation 342 'insertvalue' 'mrv_14' <Predicate = true> <Delay = 0.00>
ST_10 : Operation 343 [1/1] (0.00ns)   --->   "%mrv_s = insertvalue i1024 %mrv_14, i64 %w_162" [src/generic/mpx_packed_karatsuba.hpp:238]   --->   Operation 343 'insertvalue' 'mrv_s' <Predicate = true> <Delay = 0.00>
ST_10 : Operation 344 [1/1] (0.00ns)   --->   "%ret_ln238 = ret i1024 %mrv_s" [src/generic/mpx_packed_karatsuba.hpp:238]   --->   Operation 344 'ret' 'ret_ln238' <Predicate = true> <Delay = 0.00>


============================================================
+ Verbose Summary: Binding
============================================================
STG Binding: 
---------------- STG Properties BEGIN ----------------
- Is combinational: 0
- Is one-state seq: 0
- Is datapath-only: 0
- Is pipelined: 1
- Is top level: 0
Port [ Return ] is wired: 1; IO mode=ap_ctrl_hs:ce=0
Port [ a]:  wired=1; compound=1; hidden=0; nouse=0; global=0; static=0; extern=0; dir=0; type=1; pingpong=0; private_global=0; MemPort=[11]; IO mode=ap_memory:ce=0
Port [ R_X]:  wired=1; compound=1; hidden=0; nouse=0; global=0; static=0; extern=0; dir=0; type=1; pingpong=0; private_global=0; MemPort=[11]; IO mode=ap_memory:ce=0
---------------- STG Properties END ------------------

---------------- Datapath Model BEGIN ----------------

<LifeTime>
<method=bitvector/>
a_addr         (getelementptr ) [ 00100000000]
a_addr_15      (getelementptr ) [ 00100000000]
R_X_addr       (getelementptr ) [ 00100000000]
R_X_addr_8     (getelementptr ) [ 00100000000]
a_addr_16      (getelementptr ) [ 00010000000]
a_addr_17      (getelementptr ) [ 00010000000]
w              (load          ) [ 01011100000]
w_132          (load          ) [ 01011100000]
a0_41          (bitconcatenate) [ 00010000000]
w_139          (load          ) [ 01011100000]
w_140          (load          ) [ 01011100000]
R_X_addr_9     (getelementptr ) [ 00010000000]
b0_41          (bitconcatenate) [ 00010000000]
R_X_addr_10    (getelementptr ) [ 00010000000]
zext_ln121     (zext          ) [ 00000000000]
zext_ln121_80  (zext          ) [ 00000000000]
z0             (mul           ) [ 01011100000]
w_147          (trunc         ) [ 01111111111]
a_addr_18      (getelementptr ) [ 00001000000]
a_addr_19      (getelementptr ) [ 00001000000]
w_133          (load          ) [ 01001100000]
w_134          (load          ) [ 01001100000]
w_141          (load          ) [ 01001100000]
w_142          (load          ) [ 01001100000]
R_X_addr_11    (getelementptr ) [ 00001000000]
R_X_addr_12    (getelementptr ) [ 00001000000]
a1_22          (bitconcatenate) [ 00000000000]
zext_ln135     (zext          ) [ 00000000000]
b1_22          (bitconcatenate) [ 00000000000]
zext_ln136     (zext          ) [ 00000000000]
z2_86          (mul           ) [ 01001100000]
zext_ln147     (zext          ) [ 00000000000]
zext_ln147_48  (zext          ) [ 00000000000]
a0_42          (add           ) [ 00000000000]
sa_74          (add           ) [ 00000000000]
zext_ln148     (zext          ) [ 00000000000]
zext_ln148_48  (zext          ) [ 00000000000]
b0_42          (add           ) [ 00000000000]
sb_74          (add           ) [ 00000000000]
a1_s           (partselect    ) [ 00000000000]
b1_s           (partselect    ) [ 00000000000]
zext_ln121_81  (zext          ) [ 00000000000]
zext_ln121_82  (zext          ) [ 00000000000]
z0_51          (mul           ) [ 01001100000]
zext_ln121_83  (zext          ) [ 00000000000]
zext_ln121_84  (zext          ) [ 00000000000]
z2_77          (mul           ) [ 01001100000]
zext_ln147_36  (zext          ) [ 00000000000]
zext_ln147_49  (zext          ) [ 00000000000]
sa             (add           ) [ 00001000000]
zext_ln148_36  (zext          ) [ 00000000000]
zext_ln148_49  (zext          ) [ 00000000000]
sb             (add           ) [ 00001000000]
a_addr_20      (getelementptr ) [ 01000100000]
a_addr_21      (getelementptr ) [ 01000100000]
w_135          (load          ) [ 01000100000]
w_136          (load          ) [ 01000100000]
w_143          (load          ) [ 01000100000]
w_144          (load          ) [ 01000100000]
R_X_addr_13    (getelementptr ) [ 01000100000]
R_X_addr_14    (getelementptr ) [ 01000100000]
zext_ln174     (zext          ) [ 00000000000]
zext_ln174_204 (zext          ) [ 00000000000]
mul_ln174      (mul           ) [ 01000100000]
a0_43          (bitconcatenate) [ 01000100000]
b0_43          (bitconcatenate) [ 01000100000]
zext_ln121_85  (zext          ) [ 00000000000]
zext_ln121_86  (zext          ) [ 00000000000]
z0_58          (mul           ) [ 01111111111]
w_137          (load          ) [ 00000000000]
w_138          (load          ) [ 00000000000]
w_145          (load          ) [ 00000000000]
w_146          (load          ) [ 00000000000]
a0             (bitconcatenate) [ 00000000000]
a0_cast        (bitconcatenate) [ 00000000000]
b0             (bitconcatenate) [ 00000000000]
b0_cast        (bitconcatenate) [ 00000000000]
a1             (bitconcatenate) [ 00000000000]
a1_cast        (bitconcatenate) [ 00000000000]
b1             (bitconcatenate) [ 00000000000]
b1_cast        (bitconcatenate) [ 00000000000]
zext_ln174_205 (zext          ) [ 00000000000]
zext_ln174_206 (zext          ) [ 00000000000]
zext_ln174_207 (zext          ) [ 00000000000]
add_ln174      (add           ) [ 00000000000]
zext_ln174_208 (zext          ) [ 00000000000]
sub_ln174      (sub           ) [ 00000000000]
tmp_306        (bitconcatenate) [ 00000000000]
sext_ln175     (sext          ) [ 00000000000]
res            (bitconcatenate) [ 00000000000]
or_ln175       (or            ) [ 00000000000]
tmp            (bitselect     ) [ 00000000000]
res_107        (bitconcatenate) [ 00000000000]
sext_ln172     (sext          ) [ 00000000000]
zext_ln167     (zext          ) [ 00000000000]
zext_ln168     (zext          ) [ 00000000000]
add_ln169      (add           ) [ 00000000000]
zext_ln169     (zext          ) [ 00000000000]
z1e            (sub           ) [ 00000000000]
shl_ln         (bitconcatenate) [ 00000000000]
sext_ln138     (sext          ) [ 00000000000]
z0_56          (bitconcatenate) [ 00000000000]
z0_57          (or            ) [ 01111011111]
a1_6           (bitconcatenate) [ 00000000000]
b1_6           (bitconcatenate) [ 00000000000]
zext_ln121_101 (zext          ) [ 00000000000]
zext_ln121_102 (zext          ) [ 00000000000]
z2_87          (mul           ) [ 01111011111]
zext_ln147_37  (zext          ) [ 00000000000]
zext_ln147_50  (zext          ) [ 00000000000]
a0_44          (add           ) [ 00000000000]
sa_75          (add           ) [ 00000000000]
zext_ln148_37  (zext          ) [ 00000000000]
zext_ln148_50  (zext          ) [ 00000000000]
b0_44          (add           ) [ 00000000000]
sb_75          (add           ) [ 00000000000]
a1_7           (partselect    ) [ 00000000000]
b1_7           (partselect    ) [ 00000000000]
zext_ln121_87  (zext          ) [ 00000000000]
zext_ln121_88  (zext          ) [ 00000000000]
z0_52          (mul           ) [ 00110011000]
zext_ln121_89  (zext          ) [ 00000000000]
zext_ln121_90  (zext          ) [ 00000000000]
z2_79          (mul           ) [ 00110011000]
zext_ln147_38  (zext          ) [ 00000000000]
zext_ln147_51  (zext          ) [ 00000000000]
sa_68          (add           ) [ 00100010000]
zext_ln148_38  (zext          ) [ 00000000000]
zext_ln148_51  (zext          ) [ 00000000000]
sb_68          (add           ) [ 00100010000]
zext_ln147_39  (zext          ) [ 00000000000]
zext_ln147_52  (zext          ) [ 00000000000]
add_ln147      (add           ) [ 00000000000]
sa_76          (add           ) [ 00000000000]
zext_ln148_39  (zext          ) [ 00000000000]
zext_ln148_52  (zext          ) [ 00000000000]
add_ln148      (add           ) [ 00000000000]
sb_76          (add           ) [ 00000000000]
a0_45          (trunc         ) [ 00100010000]
b0_45          (trunc         ) [ 00100010000]
zext_ln121_92  (zext          ) [ 00000000000]
zext_ln121_94  (zext          ) [ 00000000000]
a0_46          (partselect    ) [ 00000000000]
b0_46          (partselect    ) [ 00000000000]
zext_ln121_95  (zext          ) [ 00000000000]
zext_ln121_96  (zext          ) [ 00000000000]
z0_53          (mul           ) [ 00100010000]
tmp_307        (partselect    ) [ 00000000000]
zext_ln121_103 (zext          ) [ 00000000000]
tmp_308        (partselect    ) [ 00000000000]
zext_ln121_104 (zext          ) [ 00000000000]
z2             (mul           ) [ 00100010000]
zext_ln147_40  (zext          ) [ 00000000000]
zext_ln147_53  (zext          ) [ 00000000000]
sa_70          (add           ) [ 00100010000]
zext_ln148_40  (zext          ) [ 00000000000]
zext_ln148_53  (zext          ) [ 00000000000]
sb_70          (add           ) [ 00100010000]
tmp_313        (partselect    ) [ 00000000000]
zext_ln147_54  (zext          ) [ 00000000000]
sa_77          (add           ) [ 00000000000]
tmp_314        (partselect    ) [ 00000000000]
zext_ln148_54  (zext          ) [ 00000000000]
sb_77          (add           ) [ 00000000000]
a0_47          (trunc         ) [ 00110011000]
b0_47          (trunc         ) [ 00110011000]
tmp_315        (partselect    ) [ 00111011100]
tmp_316        (partselect    ) [ 00111011100]
zext_ln174_209 (zext          ) [ 00000000000]
zext_ln174_210 (zext          ) [ 00000000000]
mul_ln174_16   (mul           ) [ 00010001000]
zext_ln121_91  (zext          ) [ 00000000000]
zext_ln121_93  (zext          ) [ 00000000000]
z0_59          (mul           ) [ 01111001111]
zext_ln174_215 (zext          ) [ 00000000000]
zext_ln174_216 (zext          ) [ 00000000000]
mul_ln174_17   (mul           ) [ 00000000000]
zext_ln174_217 (zext          ) [ 00000000000]
zext_ln174_218 (zext          ) [ 00000000000]
zext_ln174_219 (zext          ) [ 00000000000]
add_ln174_66   (add           ) [ 00000000000]
zext_ln174_220 (zext          ) [ 00000000000]
sub_ln174_17   (sub           ) [ 00000000000]
tmp_311        (bitconcatenate) [ 00000000000]
sext_ln175_22  (sext          ) [ 00000000000]
res_109        (bitconcatenate) [ 00000000000]
or_ln175_44    (or            ) [ 01111001111]
tmp_312        (bitselect     ) [ 01111001111]
zext_ln121_97  (zext          ) [ 00000000000]
zext_ln121_98  (zext          ) [ 00000000000]
z0_60          (mul           ) [ 01011001110]
zext_ln174_211 (zext          ) [ 00000000000]
zext_ln174_212 (zext          ) [ 00000000000]
zext_ln174_213 (zext          ) [ 00000000000]
add_ln174_65   (add           ) [ 00000000000]
zext_ln174_214 (zext          ) [ 00000000000]
sub_ln174_16   (sub           ) [ 00000000000]
tmp_s          (bitconcatenate) [ 00000000000]
sext_ln175_21  (sext          ) [ 00000000000]
res_7          (bitconcatenate) [ 00000000000]
or_ln175_42    (or            ) [ 00000000000]
tmp_309        (bitselect     ) [ 00000000000]
res_108        (bitconcatenate) [ 00000000000]
sext_ln172_11  (sext          ) [ 00000000000]
zext_ln167_16  (zext          ) [ 00000000000]
zext_ln168_21  (zext          ) [ 00000000000]
add_ln169_21   (add           ) [ 00000000000]
zext_ln169_21  (zext          ) [ 00000000000]
z1e_21         (sub           ) [ 01101000111]
zext_ln147_41  (zext          ) [ 00000000000]
zext_ln147_55  (zext          ) [ 00000000000]
sa_78          (add           ) [ 00000000000]
zext_ln148_41  (zext          ) [ 00000000000]
zext_ln148_55  (zext          ) [ 00000000000]
sb_78          (add           ) [ 00000000000]
a0_48          (trunc         ) [ 00000000000]
b0_48          (trunc         ) [ 00000000000]
a1_23          (partselect    ) [ 00000000000]
zext_ln135_6   (zext          ) [ 00000000000]
b1_23          (partselect    ) [ 00000000000]
zext_ln136_6   (zext          ) [ 00000000000]
zext_ln121_99  (zext          ) [ 00000000000]
zext_ln121_100 (zext          ) [ 00000000000]
z0_55          (mul           ) [ 01001000110]
z2_85          (mul           ) [ 01001000110]
zext_ln147_42  (zext          ) [ 00000000000]
sa_73          (add           ) [ 00001000100]
zext_ln148_42  (zext          ) [ 00000000000]
sb_73          (add           ) [ 00001000100]
zext_ln121_105 (zext          ) [ 00000000000]
zext_ln121_106 (zext          ) [ 00000000000]
z2_90          (mul           ) [ 01000000010]
zext_ln174_221 (zext          ) [ 00000000000]
zext_ln174_222 (zext          ) [ 00000000000]
mul_ln174_18   (mul           ) [ 01000000010]
zext_ln174_224 (zext          ) [ 00000000000]
add_ln174_67   (add           ) [ 01000000010]
shl_ln174_s    (bitconcatenate) [ 00000000000]
sext_ln139     (sext          ) [ 00000000000]
z2_88          (bitconcatenate) [ 00000000000]
z2_89          (or            ) [ 00000000000]
res_110        (bitconcatenate) [ 00000000000]
zext_ln174_223 (zext          ) [ 00000000000]
zext_ln174_225 (zext          ) [ 00000000000]
sub_ln174_18   (sub           ) [ 00000000000]
tmp_317        (bitconcatenate) [ 00000000000]
sext_ln175_23  (sext          ) [ 00000000000]
res_9          (bitconcatenate) [ 00000000000]
or_ln175_45    (or            ) [ 00000000000]
tmp_318        (bitselect     ) [ 00000000000]
res_111        (bitconcatenate) [ 00000000000]
sext_ln172_12  (sext          ) [ 00000000000]
zext_ln168_22  (zext          ) [ 00000000000]
add_ln169_22   (add           ) [ 00000000000]
zext_ln169_22  (zext          ) [ 00000000000]
z1e_22         (sub           ) [ 00000000000]
trunc_ln175_6  (trunc         ) [ 00000000000]
shl_ln175_s    (bitconcatenate) [ 00000000000]
res_10         (bitconcatenate) [ 00000000000]
or_ln175_46    (or            ) [ 00000000000]
tmp_319        (partselect    ) [ 00000000000]
tmp_320        (bitconcatenate) [ 00000000000]
res_112        (sext          ) [ 00000000000]
zext_ln167_17  (zext          ) [ 00000000000]
sext_ln168     (sext          ) [ 00000000000]
zext_ln168_23  (zext          ) [ 00000000000]
add_ln169_23   (add           ) [ 00000000000]
zext_ln169_23  (zext          ) [ 00000000000]
z1e_23         (sub           ) [ 00100000001]
zext_ln167_18  (zext          ) [ 00000000000]
zext_ln168_24  (zext          ) [ 00000000000]
add_ln169_24   (add           ) [ 00100000001]
w_161          (partselect    ) [ 00100000001]
w_162          (partselect    ) [ 00100000001]
trunc_ln174    (trunc         ) [ 00000000000]
tmp_74         (bitconcatenate) [ 00000000000]
trunc_ln175    (trunc         ) [ 00000000000]
tmp_310        (bitconcatenate) [ 00000000000]
shl_ln174_3    (bitconcatenate) [ 00000000000]
res_12         (bitconcatenate) [ 00000000000]
sext_ln174     (sext          ) [ 00000000000]
res_113        (or            ) [ 00000000000]
zext_ln169_24  (zext          ) [ 00000000000]
z1e_24         (sub           ) [ 00000000000]
shl_ln174_4    (bitconcatenate) [ 00000000000]
or_ln174       (or            ) [ 00000000000]
tmp_81         (bitconcatenate) [ 00000000000]
or_ln175_48    (or            ) [ 00000000000]
w_148          (partselect    ) [ 00000000000]
w_149          (partselect    ) [ 00000000000]
w_150          (partselect    ) [ 00000000000]
w_151          (partselect    ) [ 00000000000]
w_152          (partselect    ) [ 00000000000]
w_153          (partselect    ) [ 00000000000]
w_154          (partselect    ) [ 00000000000]
w_155          (partselect    ) [ 00000000000]
w_156          (partselect    ) [ 00000000000]
w_157          (partselect    ) [ 00000000000]
w_158          (partselect    ) [ 00000000000]
w_159          (partselect    ) [ 00000000000]
w_160          (partselect    ) [ 00000000000]
mrv            (insertvalue   ) [ 00000000000]
mrv_1          (insertvalue   ) [ 00000000000]
mrv_2          (insertvalue   ) [ 00000000000]
mrv_3          (insertvalue   ) [ 00000000000]
mrv_4          (insertvalue   ) [ 00000000000]
mrv_5          (insertvalue   ) [ 00000000000]
mrv_6          (insertvalue   ) [ 00000000000]
mrv_7          (insertvalue   ) [ 00000000000]
mrv_8          (insertvalue   ) [ 00000000000]
mrv_9          (insertvalue   ) [ 00000000000]
mrv_10         (insertvalue   ) [ 00000000000]
mrv_11         (insertvalue   ) [ 00000000000]
mrv_12         (insertvalue   ) [ 00000000000]
mrv_13         (insertvalue   ) [ 00000000000]
mrv_14         (insertvalue   ) [ 00000000000]
mrv_s          (insertvalue   ) [ 00000000000]
ret_ln238      (ret           ) [ 00000000000]
</LifeTime>

<model>

<comp_list>
<comp id="0" class="1000" name="a">
<pin_list>
<pin id="1" dir="1" index="0" bw="1" slack="0"/>
</pin_list>
<bind>
<StgValue><ssdm name="a"/><MemPortTyVec>1 1 </MemPortTyVec>
</StgValue>
</bind>
</comp>

<comp id="2" class="1000" name="R_X">
<pin_list>
<pin id="3" dir="1" index="0" bw="1" slack="0"/>
</pin_list>
<bind>
<StgValue><ssdm name="R_X"/><MemPortTyVec>1 1 </MemPortTyVec>
</StgValue>
</bind>
</comp>

<comp id="4" class="1001" name="const_4">
<pin_list>
<pin id="5" dir="1" index="0" bw="1" slack="0"/>
</pin_list>
<bind>
<StgValue><ssdm name=""/></StgValue>
</bind>
</comp>

<comp id="6" class="1001" name="const_6">
<pin_list>
<pin id="7" dir="1" index="0" bw="1" slack="0"/>
</pin_list>
<bind>
<StgValue><ssdm name=""/></StgValue>
</bind>
</comp>

<comp id="8" class="1001" name="const_8">
<pin_list>
<pin id="9" dir="1" index="0" bw="1" slack="0"/>
</pin_list>
<bind>
<StgValue><ssdm name=""/></StgValue>
</bind>
</comp>

<comp id="10" class="1001" name="const_10">
<pin_list>
<pin id="11" dir="1" index="0" bw="1" slack="0"/>
</pin_list>
<bind>
<StgValue><ssdm name=""/></StgValue>
</bind>
</comp>

<comp id="12" class="1001" name="const_12">
<pin_list>
<pin id="13" dir="1" index="0" bw="1" slack="0"/>
</pin_list>
<bind>
<StgValue><ssdm name="_ssdm_op_BitConcatenate.i128.i64.i64"/></StgValue>
</bind>
</comp>

<comp id="14" class="1001" name="const_14">
<pin_list>
<pin id="15" dir="1" index="0" bw="1" slack="0"/>
</pin_list>
<bind>
<StgValue><ssdm name=""/></StgValue>
</bind>
</comp>

<comp id="16" class="1001" name="const_16">
<pin_list>
<pin id="17" dir="1" index="0" bw="1" slack="0"/>
</pin_list>
<bind>
<StgValue><ssdm name=""/></StgValue>
</bind>
</comp>

<comp id="18" class="1001" name="const_18">
<pin_list>
<pin id="19" dir="1" index="0" bw="1" slack="0"/>
</pin_list>
<bind>
<StgValue><ssdm name="_ssdm_op_PartSelect.i65.i129.i32.i32"/></StgValue>
</bind>
</comp>

<comp id="20" class="1001" name="const_20">
<pin_list>
<pin id="21" dir="1" index="0" bw="1" slack="0"/>
</pin_list>
<bind>
<StgValue><ssdm name=""/></StgValue>
</bind>
</comp>

<comp id="22" class="1001" name="const_22">
<pin_list>
<pin id="23" dir="1" index="0" bw="1" slack="0"/>
</pin_list>
<bind>
<StgValue><ssdm name=""/></StgValue>
</bind>
</comp>

<comp id="24" class="1001" name="const_24">
<pin_list>
<pin id="25" dir="1" index="0" bw="1" slack="0"/>
</pin_list>
<bind>
<StgValue><ssdm name=""/></StgValue>
</bind>
</comp>

<comp id="26" class="1001" name="const_26">
<pin_list>
<pin id="27" dir="1" index="0" bw="1" slack="0"/>
</pin_list>
<bind>
<StgValue><ssdm name=""/></StgValue>
</bind>
</comp>

<comp id="28" class="1001" name="const_28">
<pin_list>
<pin id="29" dir="1" index="0" bw="1" slack="0"/>
</pin_list>
<bind>
<StgValue><ssdm name="_ssdm_op_BitConcatenate.i256.i64.i64.i64.i64"/></StgValue>
</bind>
</comp>

<comp id="30" class="1001" name="const_30">
<pin_list>
<pin id="31" dir="1" index="0" bw="1" slack="0"/>
</pin_list>
<bind>
<StgValue><ssdm name="_ssdm_op_BitConcatenate.i192.i64.i64.i64"/></StgValue>
</bind>
</comp>

<comp id="32" class="1001" name="const_32">
<pin_list>
<pin id="33" dir="1" index="0" bw="1" slack="0"/>
</pin_list>
<bind>
<StgValue><ssdm name="_ssdm_op_BitConcatenate.i197.i133.i64"/></StgValue>
</bind>
</comp>

<comp id="34" class="1001" name="const_34">
<pin_list>
<pin id="35" dir="1" index="0" bw="1" slack="0"/>
</pin_list>
<bind>
<StgValue><ssdm name="_ssdm_op_BitConcatenate.i258.i130.i128"/></StgValue>
</bind>
</comp>

<comp id="36" class="1001" name="const_36">
<pin_list>
<pin id="37" dir="1" index="0" bw="1" slack="0"/>
</pin_list>
<bind>
<StgValue><ssdm name="_ssdm_op_BitSelect.i1.i133.i32"/></StgValue>
</bind>
</comp>

<comp id="38" class="1001" name="const_38">
<pin_list>
<pin id="39" dir="1" index="0" bw="1" slack="0"/>
</pin_list>
<bind>
<StgValue><ssdm name=""/></StgValue>
</bind>
</comp>

<comp id="40" class="1001" name="const_40">
<pin_list>
<pin id="41" dir="1" index="0" bw="1" slack="0"/>
</pin_list>
<bind>
<StgValue><ssdm name="_ssdm_op_BitConcatenate.i259.i1.i258"/></StgValue>
</bind>
</comp>

<comp id="42" class="1001" name="const_42">
<pin_list>
<pin id="43" dir="1" index="0" bw="1" slack="0"/>
</pin_list>
<bind>
<StgValue><ssdm name="_ssdm_op_BitConcatenate.i388.i260.i128"/></StgValue>
</bind>
</comp>

<comp id="44" class="1001" name="const_44">
<pin_list>
<pin id="45" dir="1" index="0" bw="1" slack="0"/>
</pin_list>
<bind>
<StgValue><ssdm name=""/></StgValue>
</bind>
</comp>

<comp id="46" class="1001" name="const_46">
<pin_list>
<pin id="47" dir="1" index="0" bw="1" slack="0"/>
</pin_list>
<bind>
<StgValue><ssdm name="_ssdm_op_BitConcatenate.i512.i256.i256"/></StgValue>
</bind>
</comp>

<comp id="48" class="1001" name="const_48">
<pin_list>
<pin id="49" dir="1" index="0" bw="1" slack="0"/>
</pin_list>
<bind>
<StgValue><ssdm name="_ssdm_op_PartSelect.i64.i192.i32.i32"/></StgValue>
</bind>
</comp>

<comp id="50" class="1001" name="const_50">
<pin_list>
<pin id="51" dir="1" index="0" bw="1" slack="0"/>
</pin_list>
<bind>
<StgValue><ssdm name=""/></StgValue>
</bind>
</comp>

<comp id="52" class="1001" name="const_52">
<pin_list>
<pin id="53" dir="1" index="0" bw="1" slack="0"/>
</pin_list>
<bind>
<StgValue><ssdm name="_ssdm_op_PartSelect.i65.i257.i32.i32"/></StgValue>
</bind>
</comp>

<comp id="54" class="1001" name="const_54">
<pin_list>
<pin id="55" dir="1" index="0" bw="1" slack="0"/>
</pin_list>
<bind>
<StgValue><ssdm name=""/></StgValue>
</bind>
</comp>

<comp id="56" class="1001" name="const_56">
<pin_list>
<pin id="57" dir="1" index="0" bw="1" slack="0"/>
</pin_list>
<bind>
<StgValue><ssdm name=""/></StgValue>
</bind>
</comp>

<comp id="58" class="1001" name="const_58">
<pin_list>
<pin id="59" dir="1" index="0" bw="1" slack="0"/>
</pin_list>
<bind>
<StgValue><ssdm name="_ssdm_op_PartSelect.i129.i257.i32.i32"/></StgValue>
</bind>
</comp>

<comp id="60" class="1001" name="const_60">
<pin_list>
<pin id="61" dir="1" index="0" bw="1" slack="0"/>
</pin_list>
<bind>
<StgValue><ssdm name="_ssdm_op_PartSelect.i2.i130.i32.i32"/></StgValue>
</bind>
</comp>

<comp id="62" class="1001" name="const_62">
<pin_list>
<pin id="63" dir="1" index="0" bw="1" slack="0"/>
</pin_list>
<bind>
<StgValue><ssdm name=""/></StgValue>
</bind>
</comp>

<comp id="64" class="1001" name="const_64">
<pin_list>
<pin id="65" dir="1" index="0" bw="1" slack="0"/>
</pin_list>
<bind>
<StgValue><ssdm name="_ssdm_op_BitConcatenate.i195.i131.i64"/></StgValue>
</bind>
</comp>

<comp id="66" class="1001" name="const_66">
<pin_list>
<pin id="67" dir="1" index="0" bw="1" slack="0"/>
</pin_list>
<bind>
<StgValue><ssdm name="_ssdm_op_BitConcatenate.i257.i129.i128"/></StgValue>
</bind>
</comp>

<comp id="68" class="1001" name="const_68">
<pin_list>
<pin id="69" dir="1" index="0" bw="1" slack="0"/>
</pin_list>
<bind>
<StgValue><ssdm name="_ssdm_op_BitSelect.i1.i131.i32"/></StgValue>
</bind>
</comp>

<comp id="70" class="1001" name="const_70">
<pin_list>
<pin id="71" dir="1" index="0" bw="1" slack="0"/>
</pin_list>
<bind>
<StgValue><ssdm name=""/></StgValue>
</bind>
</comp>

<comp id="72" class="1001" name="const_72">
<pin_list>
<pin id="73" dir="1" index="0" bw="1" slack="0"/>
</pin_list>
<bind>
<StgValue><ssdm name="_ssdm_op_BitConcatenate.i258.i1.i257"/></StgValue>
</bind>
</comp>

<comp id="74" class="1001" name="const_74">
<pin_list>
<pin id="75" dir="1" index="0" bw="1" slack="0"/>
</pin_list>
<bind>
<StgValue><ssdm name="_ssdm_op_BitConcatenate.i260.i132.i128"/></StgValue>
</bind>
</comp>

<comp id="76" class="1001" name="const_76">
<pin_list>
<pin id="77" dir="1" index="0" bw="1" slack="0"/>
</pin_list>
<bind>
<StgValue><ssdm name="_ssdm_op_BitConcatenate.i260.i4.i256"/></StgValue>
</bind>
</comp>

<comp id="78" class="1001" name="const_78">
<pin_list>
<pin id="79" dir="1" index="0" bw="1" slack="0"/>
</pin_list>
<bind>
<StgValue><ssdm name="_ssdm_op_PartSelect.i127.i259.i32.i32"/></StgValue>
</bind>
</comp>

<comp id="80" class="1001" name="const_80">
<pin_list>
<pin id="81" dir="1" index="0" bw="1" slack="0"/>
</pin_list>
<bind>
<StgValue><ssdm name=""/></StgValue>
</bind>
</comp>

<comp id="82" class="1001" name="const_82">
<pin_list>
<pin id="83" dir="1" index="0" bw="1" slack="0"/>
</pin_list>
<bind>
<StgValue><ssdm name="_ssdm_op_BitConcatenate.i387.i127.i260"/></StgValue>
</bind>
</comp>

<comp id="84" class="1001" name="const_84">
<pin_list>
<pin id="85" dir="1" index="0" bw="1" slack="0"/>
</pin_list>
<bind>
<StgValue><ssdm name="_ssdm_op_PartSelect.i64.i512.i32.i32"/></StgValue>
</bind>
</comp>

<comp id="86" class="1001" name="const_86">
<pin_list>
<pin id="87" dir="1" index="0" bw="1" slack="0"/>
</pin_list>
<bind>
<StgValue><ssdm name=""/></StgValue>
</bind>
</comp>

<comp id="88" class="1001" name="const_88">
<pin_list>
<pin id="89" dir="1" index="0" bw="1" slack="0"/>
</pin_list>
<bind>
<StgValue><ssdm name=""/></StgValue>
</bind>
</comp>

<comp id="90" class="1001" name="const_90">
<pin_list>
<pin id="91" dir="1" index="0" bw="1" slack="0"/>
</pin_list>
<bind>
<StgValue><ssdm name=""/></StgValue>
</bind>
</comp>

<comp id="92" class="1001" name="const_92">
<pin_list>
<pin id="93" dir="1" index="0" bw="1" slack="0"/>
</pin_list>
<bind>
<StgValue><ssdm name=""/></StgValue>
</bind>
</comp>

<comp id="94" class="1001" name="const_94">
<pin_list>
<pin id="95" dir="1" index="0" bw="1" slack="0"/>
</pin_list>
<bind>
<StgValue><ssdm name="_ssdm_op_BitConcatenate.i384.i128.i256"/></StgValue>
</bind>
</comp>

<comp id="96" class="1001" name="const_96">
<pin_list>
<pin id="97" dir="1" index="0" bw="1" slack="0"/>
</pin_list>
<bind>
<StgValue><ssdm name="_ssdm_op_BitConcatenate.i384.i256.i128"/></StgValue>
</bind>
</comp>

<comp id="98" class="1001" name="const_98">
<pin_list>
<pin id="99" dir="1" index="0" bw="1" slack="0"/>
</pin_list>
<bind>
<StgValue><ssdm name="_ssdm_op_BitConcatenate.i640.i512.i128"/></StgValue>
</bind>
</comp>

<comp id="100" class="1001" name="const_100">
<pin_list>
<pin id="101" dir="1" index="0" bw="1" slack="0"/>
</pin_list>
<bind>
<StgValue><ssdm name="_ssdm_op_BitConcatenate.i515.i1.i258.i256"/></StgValue>
</bind>
</comp>

<comp id="102" class="1001" name="const_102">
<pin_list>
<pin id="103" dir="1" index="0" bw="1" slack="0"/>
</pin_list>
<bind>
<StgValue><ssdm name="_ssdm_op_BitConcatenate.i896.i640.i256"/></StgValue>
</bind>
</comp>

<comp id="104" class="1001" name="const_104">
<pin_list>
<pin id="105" dir="1" index="0" bw="1" slack="0"/>
</pin_list>
<bind>
<StgValue><ssdm name=""/></StgValue>
</bind>
</comp>

<comp id="106" class="1001" name="const_106">
<pin_list>
<pin id="107" dir="1" index="0" bw="1" slack="0"/>
</pin_list>
<bind>
<StgValue><ssdm name="_ssdm_op_BitConcatenate.i896.i384.i512"/></StgValue>
</bind>
</comp>

<comp id="108" class="1001" name="const_108">
<pin_list>
<pin id="109" dir="1" index="0" bw="1" slack="0"/>
</pin_list>
<bind>
<StgValue><ssdm name="_ssdm_op_PartSelect.i64.i896.i32.i32"/></StgValue>
</bind>
</comp>

<comp id="110" class="1001" name="const_110">
<pin_list>
<pin id="111" dir="1" index="0" bw="1" slack="0"/>
</pin_list>
<bind>
<StgValue><ssdm name=""/></StgValue>
</bind>
</comp>

<comp id="112" class="1001" name="const_112">
<pin_list>
<pin id="113" dir="1" index="0" bw="1" slack="0"/>
</pin_list>
<bind>
<StgValue><ssdm name=""/></StgValue>
</bind>
</comp>

<comp id="114" class="1001" name="const_114">
<pin_list>
<pin id="115" dir="1" index="0" bw="1" slack="0"/>
</pin_list>
<bind>
<StgValue><ssdm name=""/></StgValue>
</bind>
</comp>

<comp id="116" class="1001" name="const_116">
<pin_list>
<pin id="117" dir="1" index="0" bw="1" slack="0"/>
</pin_list>
<bind>
<StgValue><ssdm name=""/></StgValue>
</bind>
</comp>

<comp id="118" class="1001" name="const_118">
<pin_list>
<pin id="119" dir="1" index="0" bw="1" slack="0"/>
</pin_list>
<bind>
<StgValue><ssdm name=""/></StgValue>
</bind>
</comp>

<comp id="120" class="1001" name="const_120">
<pin_list>
<pin id="121" dir="1" index="0" bw="1" slack="0"/>
</pin_list>
<bind>
<StgValue><ssdm name=""/></StgValue>
</bind>
</comp>

<comp id="122" class="1001" name="const_122">
<pin_list>
<pin id="123" dir="1" index="0" bw="1" slack="0"/>
</pin_list>
<bind>
<StgValue><ssdm name=""/></StgValue>
</bind>
</comp>

<comp id="124" class="1001" name="const_124">
<pin_list>
<pin id="125" dir="1" index="0" bw="1" slack="0"/>
</pin_list>
<bind>
<StgValue><ssdm name=""/></StgValue>
</bind>
</comp>

<comp id="126" class="1001" name="const_126">
<pin_list>
<pin id="127" dir="1" index="0" bw="1" slack="0"/>
</pin_list>
<bind>
<StgValue><ssdm name=""/></StgValue>
</bind>
</comp>

<comp id="128" class="1001" name="const_128">
<pin_list>
<pin id="129" dir="1" index="0" bw="1" slack="0"/>
</pin_list>
<bind>
<StgValue><ssdm name=""/></StgValue>
</bind>
</comp>

<comp id="130" class="1001" name="const_130">
<pin_list>
<pin id="131" dir="1" index="0" bw="1" slack="0"/>
</pin_list>
<bind>
<StgValue><ssdm name=""/></StgValue>
</bind>
</comp>

<comp id="132" class="1001" name="const_132">
<pin_list>
<pin id="133" dir="1" index="0" bw="1" slack="0"/>
</pin_list>
<bind>
<StgValue><ssdm name=""/></StgValue>
</bind>
</comp>

<comp id="134" class="1001" name="const_134">
<pin_list>
<pin id="135" dir="1" index="0" bw="1" slack="0"/>
</pin_list>
<bind>
<StgValue><ssdm name=""/></StgValue>
</bind>
</comp>

<comp id="136" class="1001" name="const_136">
<pin_list>
<pin id="137" dir="1" index="0" bw="1" slack="0"/>
</pin_list>
<bind>
<StgValue><ssdm name=""/></StgValue>
</bind>
</comp>

<comp id="138" class="1001" name="const_138">
<pin_list>
<pin id="139" dir="1" index="0" bw="1" slack="0"/>
</pin_list>
<bind>
<StgValue><ssdm name=""/></StgValue>
</bind>
</comp>

<comp id="140" class="1001" name="const_140">
<pin_list>
<pin id="141" dir="1" index="0" bw="1" slack="0"/>
</pin_list>
<bind>
<StgValue><ssdm name=""/></StgValue>
</bind>
</comp>

<comp id="142" class="1001" name="const_142">
<pin_list>
<pin id="143" dir="1" index="0" bw="1" slack="0"/>
</pin_list>
<bind>
<StgValue><ssdm name=""/></StgValue>
</bind>
</comp>

<comp id="144" class="1001" name="const_144">
<pin_list>
<pin id="145" dir="1" index="0" bw="1" slack="0"/>
</pin_list>
<bind>
<StgValue><ssdm name=""/></StgValue>
</bind>
</comp>

<comp id="146" class="1004" name="a_addr_gep_fu_146">
<pin_list>
<pin id="147" dir="0" index="0" bw="64" slack="0"/>
<pin id="148" dir="0" index="1" bw="1" slack="0"/>
<pin id="149" dir="0" index="2" bw="1" slack="0"/>
<pin id="150" dir="1" index="3" bw="3" slack="0"/>
</pin_list>
<bind>
<opcode="getelementptr(29) " fcode="getelementptr"/>
<opset="a_addr/1 "/>
</bind>
</comp>

<comp id="154" class="1004" name="a_addr_15_gep_fu_154">
<pin_list>
<pin id="155" dir="0" index="0" bw="64" slack="0"/>
<pin id="156" dir="0" index="1" bw="1" slack="0"/>
<pin id="157" dir="0" index="2" bw="1" slack="0"/>
<pin id="158" dir="1" index="3" bw="3" slack="0"/>
</pin_list>
<bind>
<opcode="getelementptr(29) " fcode="getelementptr"/>
<opset="a_addr_15/1 "/>
</bind>
</comp>

<comp id="162" class="1004" name="grp_access_fu_162">
<pin_list>
<pin id="163" dir="0" index="0" bw="3" slack="0"/>
<pin id="164" dir="0" index="1" bw="64" slack="2147483647"/>
<pin id="165" dir="0" index="2" bw="0" slack="0"/>
<pin id="167" dir="0" index="4" bw="3" slack="2147483647"/>
<pin id="168" dir="0" index="5" bw="64" slack="2147483647"/>
<pin id="169" dir="0" index="6" bw="0" slack="2147483647"/>
<pin id="166" dir="1" index="3" bw="64" slack="0"/>
<pin id="170" dir="1" index="7" bw="64" slack="0"/>
</pin_list>
<bind>
<opcode="load(27) " fcode="load"/>
<opset="w/1 w_132/1 w_133/2 w_134/2 w_135/3 w_136/3 w_137/4 w_138/4 "/>
</bind>
</comp>

<comp id="173" class="1004" name="R_X_addr_gep_fu_173">
<pin_list>
<pin id="174" dir="0" index="0" bw="64" slack="0"/>
<pin id="175" dir="0" index="1" bw="1" slack="0"/>
<pin id="176" dir="0" index="2" bw="1" slack="0"/>
<pin id="177" dir="1" index="3" bw="4" slack="0"/>
</pin_list>
<bind>
<opcode="getelementptr(29) " fcode="getelementptr"/>
<opset="R_X_addr/1 "/>
</bind>
</comp>

<comp id="181" class="1004" name="grp_access_fu_181">
<pin_list>
<pin id="182" dir="0" index="0" bw="4" slack="0"/>
<pin id="183" dir="0" index="1" bw="64" slack="2147483647"/>
<pin id="184" dir="0" index="2" bw="0" slack="0"/>
<pin id="186" dir="0" index="4" bw="4" slack="2147483647"/>
<pin id="187" dir="0" index="5" bw="64" slack="2147483647"/>
<pin id="188" dir="0" index="6" bw="0" slack="2147483647"/>
<pin id="185" dir="1" index="3" bw="64" slack="0"/>
<pin id="189" dir="1" index="7" bw="64" slack="0"/>
</pin_list>
<bind>
<opcode="load(27) " fcode="load"/>
<opset="w_139/1 w_140/1 w_141/2 w_142/2 w_143/3 w_144/3 w_145/4 w_146/4 "/>
</bind>
</comp>

<comp id="191" class="1004" name="R_X_addr_8_gep_fu_191">
<pin_list>
<pin id="192" dir="0" index="0" bw="64" slack="0"/>
<pin id="193" dir="0" index="1" bw="1" slack="0"/>
<pin id="194" dir="0" index="2" bw="1" slack="0"/>
<pin id="195" dir="1" index="3" bw="4" slack="0"/>
</pin_list>
<bind>
<opcode="getelementptr(29) " fcode="getelementptr"/>
<opset="R_X_addr_8/1 "/>
</bind>
</comp>

<comp id="200" class="1004" name="a_addr_16_gep_fu_200">
<pin_list>
<pin id="201" dir="0" index="0" bw="64" slack="0"/>
<pin id="202" dir="0" index="1" bw="1" slack="0"/>
<pin id="203" dir="0" index="2" bw="3" slack="0"/>
<pin id="204" dir="1" index="3" bw="3" slack="0"/>
</pin_list>
<bind>
<opcode="getelementptr(29) " fcode="getelementptr"/>
<opset="a_addr_16/2 "/>
</bind>
</comp>

<comp id="208" class="1004" name="a_addr_17_gep_fu_208">
<pin_list>
<pin id="209" dir="0" index="0" bw="64" slack="0"/>
<pin id="210" dir="0" index="1" bw="1" slack="0"/>
<pin id="211" dir="0" index="2" bw="3" slack="0"/>
<pin id="212" dir="1" index="3" bw="3" slack="0"/>
</pin_list>
<bind>
<opcode="getelementptr(29) " fcode="getelementptr"/>
<opset="a_addr_17/2 "/>
</bind>
</comp>

<comp id="218" class="1004" name="R_X_addr_9_gep_fu_218">
<pin_list>
<pin id="219" dir="0" index="0" bw="64" slack="0"/>
<pin id="220" dir="0" index="1" bw="1" slack="0"/>
<pin id="221" dir="0" index="2" bw="3" slack="0"/>
<pin id="222" dir="1" index="3" bw="4" slack="0"/>
</pin_list>
<bind>
<opcode="getelementptr(29) " fcode="getelementptr"/>
<opset="R_X_addr_9/2 "/>
</bind>
</comp>

<comp id="227" class="1004" name="R_X_addr_10_gep_fu_227">
<pin_list>
<pin id="228" dir="0" index="0" bw="64" slack="0"/>
<pin id="229" dir="0" index="1" bw="1" slack="0"/>
<pin id="230" dir="0" index="2" bw="3" slack="0"/>
<pin id="231" dir="1" index="3" bw="4" slack="0"/>
</pin_list>
<bind>
<opcode="getelementptr(29) " fcode="getelementptr"/>
<opset="R_X_addr_10/2 "/>
</bind>
</comp>

<comp id="236" class="1004" name="a_addr_18_gep_fu_236">
<pin_list>
<pin id="237" dir="0" index="0" bw="64" slack="0"/>
<pin id="238" dir="0" index="1" bw="1" slack="0"/>
<pin id="239" dir="0" index="2" bw="4" slack="0"/>
<pin id="240" dir="1" index="3" bw="3" slack="0"/>
</pin_list>
<bind>
<opcode="getelementptr(29) " fcode="getelementptr"/>
<opset="a_addr_18/3 "/>
</bind>
</comp>

<comp id="244" class="1004" name="a_addr_19_gep_fu_244">
<pin_list>
<pin id="245" dir="0" index="0" bw="64" slack="0"/>
<pin id="246" dir="0" index="1" bw="1" slack="0"/>
<pin id="247" dir="0" index="2" bw="4" slack="0"/>
<pin id="248" dir="1" index="3" bw="3" slack="0"/>
</pin_list>
<bind>
<opcode="getelementptr(29) " fcode="getelementptr"/>
<opset="a_addr_19/3 "/>
</bind>
</comp>

<comp id="254" class="1004" name="R_X_addr_11_gep_fu_254">
<pin_list>
<pin id="255" dir="0" index="0" bw="64" slack="0"/>
<pin id="256" dir="0" index="1" bw="1" slack="0"/>
<pin id="257" dir="0" index="2" bw="4" slack="0"/>
<pin id="258" dir="1" index="3" bw="4" slack="0"/>
</pin_list>
<bind>
<opcode="getelementptr(29) " fcode="getelementptr"/>
<opset="R_X_addr_11/3 "/>
</bind>
</comp>

<comp id="263" class="1004" name="R_X_addr_12_gep_fu_263">
<pin_list>
<pin id="264" dir="0" index="0" bw="64" slack="0"/>
<pin id="265" dir="0" index="1" bw="1" slack="0"/>
<pin id="266" dir="0" index="2" bw="4" slack="0"/>
<pin id="267" dir="1" index="3" bw="4" slack="0"/>
</pin_list>
<bind>
<opcode="getelementptr(29) " fcode="getelementptr"/>
<opset="R_X_addr_12/3 "/>
</bind>
</comp>

<comp id="272" class="1004" name="a_addr_20_gep_fu_272">
<pin_list>
<pin id="273" dir="0" index="0" bw="64" slack="0"/>
<pin id="274" dir="0" index="1" bw="1" slack="0"/>
<pin id="275" dir="0" index="2" bw="4" slack="0"/>
<pin id="276" dir="1" index="3" bw="3" slack="0"/>
</pin_list>
<bind>
<opcode="getelementptr(29) " fcode="getelementptr"/>
<opset="a_addr_20/4 "/>
</bind>
</comp>

<comp id="280" class="1004" name="a_addr_21_gep_fu_280">
<pin_list>
<pin id="281" dir="0" index="0" bw="64" slack="0"/>
<pin id="282" dir="0" index="1" bw="1" slack="0"/>
<pin id="283" dir="0" index="2" bw="4" slack="0"/>
<pin id="284" dir="1" index="3" bw="3" slack="0"/>
</pin_list>
<bind>
<opcode="getelementptr(29) " fcode="getelementptr"/>
<opset="a_addr_21/4 "/>
</bind>
</comp>

<comp id="290" class="1004" name="R_X_addr_13_gep_fu_290">
<pin_list>
<pin id="291" dir="0" index="0" bw="64" slack="0"/>
<pin id="292" dir="0" index="1" bw="1" slack="0"/>
<pin id="293" dir="0" index="2" bw="4" slack="0"/>
<pin id="294" dir="1" index="3" bw="4" slack="0"/>
</pin_list>
<bind>
<opcode="getelementptr(29) " fcode="getelementptr"/>
<opset="R_X_addr_13/4 "/>
</bind>
</comp>

<comp id="299" class="1004" name="R_X_addr_14_gep_fu_299">
<pin_list>
<pin id="300" dir="0" index="0" bw="64" slack="0"/>
<pin id="301" dir="0" index="1" bw="1" slack="0"/>
<pin id="302" dir="0" index="2" bw="4" slack="0"/>
<pin id="303" dir="1" index="3" bw="4" slack="0"/>
</pin_list>
<bind>
<opcode="getelementptr(29) " fcode="getelementptr"/>
<opset="R_X_addr_14/4 "/>
</bind>
</comp>

<comp id="308" class="1004" name="grp_fu_308">
<pin_list>
<pin id="309" dir="0" index="0" bw="64" slack="0"/>
<pin id="310" dir="0" index="1" bw="64" slack="0"/>
<pin id="311" dir="1" index="2" bw="128" slack="2"/>
</pin_list>
<bind>
<opcode="mul(12) " fcode="mul"/>
<opset="z0_51/3 z0_52/5 "/>
</bind>
</comp>

<comp id="312" class="1004" name="grp_fu_312">
<pin_list>
<pin id="313" dir="0" index="0" bw="64" slack="0"/>
<pin id="314" dir="0" index="1" bw="64" slack="0"/>
<pin id="315" dir="1" index="2" bw="128" slack="1"/>
</pin_list>
<bind>
<opcode="mul(12) " fcode="mul"/>
<opset="z0_53/5 z0_55/7 "/>
</bind>
</comp>

<comp id="316" class="1004" name="z2_85_fu_316">
<pin_list>
<pin id="317" dir="0" index="0" bw="65" slack="0"/>
<pin id="318" dir="0" index="1" bw="65" slack="0"/>
<pin id="319" dir="1" index="2" bw="129" slack="1"/>
</pin_list>
<bind>
<opcode="mul(12) " fcode="mul"/>
<opset="z2_85/7 "/>
</bind>
</comp>

<comp id="320" class="1004" name="grp_fu_320">
<pin_list>
<pin id="321" dir="0" index="0" bw="65" slack="0"/>
<pin id="322" dir="0" index="1" bw="65" slack="0"/>
<pin id="323" dir="1" index="2" bw="130" slack="1"/>
</pin_list>
<bind>
<opcode="mul(12) " fcode="mul"/>
<opset="z2_77/3 z2_79/5 mul_ln174_18/8 "/>
</bind>
</comp>

<comp id="324" class="1004" name="z2_fu_324">
<pin_list>
<pin id="325" dir="0" index="0" bw="65" slack="0"/>
<pin id="326" dir="0" index="1" bw="65" slack="0"/>
<pin id="327" dir="1" index="2" bw="130" slack="1"/>
</pin_list>
<bind>
<opcode="mul(12) " fcode="mul"/>
<opset="z2/5 "/>
</bind>
</comp>

<comp id="328" class="1004" name="grp_fu_328">
<pin_list>
<pin id="329" dir="0" index="0" bw="66" slack="0"/>
<pin id="330" dir="0" index="1" bw="66" slack="0"/>
<pin id="331" dir="1" index="2" bw="132" slack="1"/>
</pin_list>
<bind>
<opcode="mul(12) " fcode="mul"/>
<opset="mul_ln174/4 mul_ln174_16/6 "/>
</bind>
</comp>

<comp id="332" class="1004" name="mul_ln174_17_fu_332">
<pin_list>
<pin id="333" dir="0" index="0" bw="66" slack="0"/>
<pin id="334" dir="0" index="1" bw="66" slack="0"/>
<pin id="335" dir="1" index="2" bw="132" slack="0"/>
</pin_list>
<bind>
<opcode="mul(12) " fcode="mul"/>
<opset="mul_ln174_17/6 "/>
</bind>
</comp>

<comp id="336" class="1004" name="grp_fu_336">
<pin_list>
<pin id="337" dir="0" index="0" bw="128" slack="0"/>
<pin id="338" dir="0" index="1" bw="128" slack="0"/>
<pin id="339" dir="1" index="2" bw="256" slack="0"/>
</pin_list>
<bind>
<opcode="mul(12) " fcode="mul"/>
<opset="z0/2 z2_86/3 z0_58/4 z2_87/5 "/>
</bind>
</comp>

<comp id="340" class="1004" name="z0_59_fu_340">
<pin_list>
<pin id="341" dir="0" index="0" bw="128" slack="0"/>
<pin id="342" dir="0" index="1" bw="128" slack="0"/>
<pin id="343" dir="1" index="2" bw="256" slack="3"/>
</pin_list>
<bind>
<opcode="mul(12) " fcode="mul"/>
<opset="z0_59/6 "/>
</bind>
</comp>

<comp id="344" class="1004" name="z0_60_fu_344">
<pin_list>
<pin id="345" dir="0" index="0" bw="128" slack="0"/>
<pin id="346" dir="0" index="1" bw="128" slack="0"/>
<pin id="347" dir="1" index="2" bw="256" slack="3"/>
</pin_list>
<bind>
<opcode="mul(12) " fcode="mul"/>
<opset="z0_60/6 "/>
</bind>
</comp>

<comp id="348" class="1005" name="reg_348">
<pin_list>
<pin id="349" dir="0" index="0" bw="128" slack="2"/>
<pin id="350" dir="1" index="1" bw="128" slack="2"/>
</pin_list>
<bind>
<opset="z0_51 z0_52 "/>
</bind>
</comp>

<comp id="352" class="1005" name="reg_352">
<pin_list>
<pin id="353" dir="0" index="0" bw="130" slack="2"/>
<pin id="354" dir="1" index="1" bw="130" slack="2"/>
</pin_list>
<bind>
<opset="z2_77 z2_79 "/>
</bind>
</comp>

<comp id="356" class="1005" name="reg_356">
<pin_list>
<pin id="357" dir="0" index="0" bw="132" slack="1"/>
<pin id="358" dir="1" index="1" bw="132" slack="1"/>
</pin_list>
<bind>
<opset="mul_ln174 mul_ln174_16 "/>
</bind>
</comp>

<comp id="360" class="1005" name="reg_360">
<pin_list>
<pin id="361" dir="0" index="0" bw="128" slack="1"/>
<pin id="362" dir="1" index="1" bw="128" slack="1"/>
</pin_list>
<bind>
<opset="z0_53 z0_55 "/>
</bind>
</comp>

<comp id="364" class="1004" name="a0_41_fu_364">
<pin_list>
<pin id="365" dir="0" index="0" bw="128" slack="0"/>
<pin id="366" dir="0" index="1" bw="64" slack="0"/>
<pin id="367" dir="0" index="2" bw="64" slack="0"/>
<pin id="368" dir="1" index="3" bw="128" slack="0"/>
</pin_list>
<bind>
<opcode="bitconcatenate(1004) " fcode="bitconcatenate"/>
<opset="a0_41/2 "/>
</bind>
</comp>

<comp id="372" class="1004" name="b0_41_fu_372">
<pin_list>
<pin id="373" dir="0" index="0" bw="128" slack="0"/>
<pin id="374" dir="0" index="1" bw="64" slack="0"/>
<pin id="375" dir="0" index="2" bw="64" slack="0"/>
<pin id="376" dir="1" index="3" bw="128" slack="0"/>
</pin_list>
<bind>
<opcode="bitconcatenate(1004) " fcode="bitconcatenate"/>
<opset="b0_41/2 "/>
</bind>
</comp>

<comp id="380" class="1004" name="zext_ln121_fu_380">
<pin_list>
<pin id="381" dir="0" index="0" bw="128" slack="0"/>
<pin id="382" dir="1" index="1" bw="256" slack="0"/>
</pin_list>
<bind>
<opcode="zext(34) " fcode="zext"/>
<opset="zext_ln121/2 "/>
</bind>
</comp>

<comp id="385" class="1004" name="zext_ln121_80_fu_385">
<pin_list>
<pin id="386" dir="0" index="0" bw="128" slack="0"/>
<pin id="387" dir="1" index="1" bw="256" slack="0"/>
</pin_list>
<bind>
<opcode="zext(34) " fcode="zext"/>
<opset="zext_ln121_80/2 "/>
</bind>
</comp>

<comp id="390" class="1004" name="w_147_fu_390">
<pin_list>
<pin id="391" dir="0" index="0" bw="256" slack="0"/>
<pin id="392" dir="1" index="1" bw="64" slack="8"/>
</pin_list>
<bind>
<opcode="trunc(33) " fcode="trunc"/>
<opset="w_147/2 "/>
</bind>
</comp>

<comp id="394" class="1004" name="a1_22_fu_394">
<pin_list>
<pin id="395" dir="0" index="0" bw="128" slack="0"/>
<pin id="396" dir="0" index="1" bw="64" slack="0"/>
<pin id="397" dir="0" index="2" bw="64" slack="0"/>
<pin id="398" dir="1" index="3" bw="128" slack="0"/>
</pin_list>
<bind>
<opcode="bitconcatenate(1004) " fcode="bitconcatenate"/>
<opset="a1_22/3 "/>
</bind>
</comp>

<comp id="402" class="1004" name="zext_ln135_fu_402">
<pin_list>
<pin id="403" dir="0" index="0" bw="128" slack="0"/>
<pin id="404" dir="1" index="1" bw="256" slack="0"/>
</pin_list>
<bind>
<opcode="zext(34) " fcode="zext"/>
<opset="zext_ln135/3 "/>
</bind>
</comp>

<comp id="407" class="1004" name="b1_22_fu_407">
<pin_list>
<pin id="408" dir="0" index="0" bw="128" slack="0"/>
<pin id="409" dir="0" index="1" bw="64" slack="0"/>
<pin id="410" dir="0" index="2" bw="64" slack="0"/>
<pin id="411" dir="1" index="3" bw="128" slack="0"/>
</pin_list>
<bind>
<opcode="bitconcatenate(1004) " fcode="bitconcatenate"/>
<opset="b1_22/3 "/>
</bind>
</comp>

<comp id="415" class="1004" name="zext_ln136_fu_415">
<pin_list>
<pin id="416" dir="0" index="0" bw="128" slack="0"/>
<pin id="417" dir="1" index="1" bw="256" slack="0"/>
</pin_list>
<bind>
<opcode="zext(34) " fcode="zext"/>
<opset="zext_ln136/3 "/>
</bind>
</comp>

<comp id="420" class="1004" name="zext_ln147_fu_420">
<pin_list>
<pin id="421" dir="0" index="0" bw="128" slack="1"/>
<pin id="422" dir="1" index="1" bw="129" slack="0"/>
</pin_list>
<bind>
<opcode="zext(34) " fcode="zext"/>
<opset="zext_ln147/3 "/>
</bind>
</comp>

<comp id="423" class="1004" name="zext_ln147_48_fu_423">
<pin_list>
<pin id="424" dir="0" index="0" bw="128" slack="0"/>
<pin id="425" dir="1" index="1" bw="129" slack="0"/>
</pin_list>
<bind>
<opcode="zext(34) " fcode="zext"/>
<opset="zext_ln147_48/3 "/>
</bind>
</comp>

<comp id="427" class="1004" name="a0_42_fu_427">
<pin_list>
<pin id="428" dir="0" index="0" bw="64" slack="0"/>
<pin id="429" dir="0" index="1" bw="64" slack="1"/>
<pin id="430" dir="1" index="2" bw="64" slack="0"/>
</pin_list>
<bind>
<opcode="add(8) " fcode="add"/>
<opset="a0_42/3 "/>
</bind>
</comp>

<comp id="432" class="1004" name="sa_74_fu_432">
<pin_list>
<pin id="433" dir="0" index="0" bw="128" slack="0"/>
<pin id="434" dir="0" index="1" bw="128" slack="0"/>
<pin id="435" dir="1" index="2" bw="129" slack="0"/>
</pin_list>
<bind>
<opcode="add(8) " fcode="add"/>
<opset="sa_74/3 "/>
</bind>
</comp>

<comp id="438" class="1004" name="zext_ln148_fu_438">
<pin_list>
<pin id="439" dir="0" index="0" bw="128" slack="1"/>
<pin id="440" dir="1" index="1" bw="129" slack="0"/>
</pin_list>
<bind>
<opcode="zext(34) " fcode="zext"/>
<opset="zext_ln148/3 "/>
</bind>
</comp>

<comp id="441" class="1004" name="zext_ln148_48_fu_441">
<pin_list>
<pin id="442" dir="0" index="0" bw="128" slack="0"/>
<pin id="443" dir="1" index="1" bw="129" slack="0"/>
</pin_list>
<bind>
<opcode="zext(34) " fcode="zext"/>
<opset="zext_ln148_48/3 "/>
</bind>
</comp>

<comp id="445" class="1004" name="b0_42_fu_445">
<pin_list>
<pin id="446" dir="0" index="0" bw="64" slack="0"/>
<pin id="447" dir="0" index="1" bw="64" slack="1"/>
<pin id="448" dir="1" index="2" bw="64" slack="0"/>
</pin_list>
<bind>
<opcode="add(8) " fcode="add"/>
<opset="b0_42/3 "/>
</bind>
</comp>

<comp id="450" class="1004" name="sb_74_fu_450">
<pin_list>
<pin id="451" dir="0" index="0" bw="128" slack="0"/>
<pin id="452" dir="0" index="1" bw="128" slack="0"/>
<pin id="453" dir="1" index="2" bw="129" slack="0"/>
</pin_list>
<bind>
<opcode="add(8) " fcode="add"/>
<opset="sb_74/3 "/>
</bind>
</comp>

<comp id="456" class="1004" name="a1_s_fu_456">
<pin_list>
<pin id="457" dir="0" index="0" bw="65" slack="0"/>
<pin id="458" dir="0" index="1" bw="129" slack="0"/>
<pin id="459" dir="0" index="2" bw="8" slack="0"/>
<pin id="460" dir="0" index="3" bw="9" slack="0"/>
<pin id="461" dir="1" index="4" bw="65" slack="0"/>
</pin_list>
<bind>
<opcode="partselect(1002) " fcode="partselect"/>
<opset="a1_s/3 "/>
</bind>
</comp>

<comp id="466" class="1004" name="b1_s_fu_466">
<pin_list>
<pin id="467" dir="0" index="0" bw="65" slack="0"/>
<pin id="468" dir="0" index="1" bw="129" slack="0"/>
<pin id="469" dir="0" index="2" bw="8" slack="0"/>
<pin id="470" dir="0" index="3" bw="9" slack="0"/>
<pin id="471" dir="1" index="4" bw="65" slack="0"/>
</pin_list>
<bind>
<opcode="partselect(1002) " fcode="partselect"/>
<opset="b1_s/3 "/>
</bind>
</comp>

<comp id="476" class="1004" name="zext_ln121_81_fu_476">
<pin_list>
<pin id="477" dir="0" index="0" bw="64" slack="0"/>
<pin id="478" dir="1" index="1" bw="128" slack="0"/>
</pin_list>
<bind>
<opcode="zext(34) " fcode="zext"/>
<opset="zext_ln121_81/3 "/>
</bind>
</comp>

<comp id="481" class="1004" name="zext_ln121_82_fu_481">
<pin_list>
<pin id="482" dir="0" index="0" bw="64" slack="0"/>
<pin id="483" dir="1" index="1" bw="128" slack="0"/>
</pin_list>
<bind>
<opcode="zext(34) " fcode="zext"/>
<opset="zext_ln121_82/3 "/>
</bind>
</comp>

<comp id="486" class="1004" name="zext_ln121_83_fu_486">
<pin_list>
<pin id="487" dir="0" index="0" bw="65" slack="0"/>
<pin id="488" dir="1" index="1" bw="130" slack="0"/>
</pin_list>
<bind>
<opcode="zext(34) " fcode="zext"/>
<opset="zext_ln121_83/3 "/>
</bind>
</comp>

<comp id="491" class="1004" name="zext_ln121_84_fu_491">
<pin_list>
<pin id="492" dir="0" index="0" bw="65" slack="0"/>
<pin id="493" dir="1" index="1" bw="130" slack="0"/>
</pin_list>
<bind>
<opcode="zext(34) " fcode="zext"/>
<opset="zext_ln121_84/3 "/>
</bind>
</comp>

<comp id="496" class="1004" name="zext_ln147_36_fu_496">
<pin_list>
<pin id="497" dir="0" index="0" bw="64" slack="0"/>
<pin id="498" dir="1" index="1" bw="66" slack="0"/>
</pin_list>
<bind>
<opcode="zext(34) " fcode="zext"/>
<opset="zext_ln147_36/3 "/>
</bind>
</comp>

<comp id="500" class="1004" name="zext_ln147_49_fu_500">
<pin_list>
<pin id="501" dir="0" index="0" bw="65" slack="0"/>
<pin id="502" dir="1" index="1" bw="66" slack="0"/>
</pin_list>
<bind>
<opcode="zext(34) " fcode="zext"/>
<opset="zext_ln147_49/3 "/>
</bind>
</comp>

<comp id="504" class="1004" name="sa_fu_504">
<pin_list>
<pin id="505" dir="0" index="0" bw="65" slack="0"/>
<pin id="506" dir="0" index="1" bw="64" slack="0"/>
<pin id="507" dir="1" index="2" bw="66" slack="1"/>
</pin_list>
<bind>
<opcode="add(8) " fcode="add"/>
<opset="sa/3 "/>
</bind>
</comp>

<comp id="510" class="1004" name="zext_ln148_36_fu_510">
<pin_list>
<pin id="511" dir="0" index="0" bw="64" slack="0"/>
<pin id="512" dir="1" index="1" bw="66" slack="0"/>
</pin_list>
<bind>
<opcode="zext(34) " fcode="zext"/>
<opset="zext_ln148_36/3 "/>
</bind>
</comp>

<comp id="514" class="1004" name="zext_ln148_49_fu_514">
<pin_list>
<pin id="515" dir="0" index="0" bw="65" slack="0"/>
<pin id="516" dir="1" index="1" bw="66" slack="0"/>
</pin_list>
<bind>
<opcode="zext(34) " fcode="zext"/>
<opset="zext_ln148_49/3 "/>
</bind>
</comp>

<comp id="518" class="1004" name="sb_fu_518">
<pin_list>
<pin id="519" dir="0" index="0" bw="65" slack="0"/>
<pin id="520" dir="0" index="1" bw="64" slack="0"/>
<pin id="521" dir="1" index="2" bw="66" slack="1"/>
</pin_list>
<bind>
<opcode="add(8) " fcode="add"/>
<opset="sb/3 "/>
</bind>
</comp>

<comp id="524" class="1004" name="zext_ln174_fu_524">
<pin_list>
<pin id="525" dir="0" index="0" bw="66" slack="1"/>
<pin id="526" dir="1" index="1" bw="132" slack="0"/>
</pin_list>
<bind>
<opcode="zext(34) " fcode="zext"/>
<opset="zext_ln174/4 "/>
</bind>
</comp>

<comp id="528" class="1004" name="zext_ln174_204_fu_528">
<pin_list>
<pin id="529" dir="0" index="0" bw="66" slack="1"/>
<pin id="530" dir="1" index="1" bw="132" slack="0"/>
</pin_list>
<bind>
<opcode="zext(34) " fcode="zext"/>
<opset="zext_ln174_204/4 "/>
</bind>
</comp>

<comp id="532" class="1004" name="a0_43_fu_532">
<pin_list>
<pin id="533" dir="0" index="0" bw="128" slack="0"/>
<pin id="534" dir="0" index="1" bw="64" slack="0"/>
<pin id="535" dir="0" index="2" bw="64" slack="0"/>
<pin id="536" dir="1" index="3" bw="128" slack="0"/>
</pin_list>
<bind>
<opcode="bitconcatenate(1004) " fcode="bitconcatenate"/>
<opset="a0_43/4 "/>
</bind>
</comp>

<comp id="540" class="1004" name="b0_43_fu_540">
<pin_list>
<pin id="541" dir="0" index="0" bw="128" slack="0"/>
<pin id="542" dir="0" index="1" bw="64" slack="0"/>
<pin id="543" dir="0" index="2" bw="64" slack="0"/>
<pin id="544" dir="1" index="3" bw="128" slack="0"/>
</pin_list>
<bind>
<opcode="bitconcatenate(1004) " fcode="bitconcatenate"/>
<opset="b0_43/4 "/>
</bind>
</comp>

<comp id="548" class="1004" name="zext_ln121_85_fu_548">
<pin_list>
<pin id="549" dir="0" index="0" bw="128" slack="0"/>
<pin id="550" dir="1" index="1" bw="256" slack="0"/>
</pin_list>
<bind>
<opcode="zext(34) " fcode="zext"/>
<opset="zext_ln121_85/4 "/>
</bind>
</comp>

<comp id="553" class="1004" name="zext_ln121_86_fu_553">
<pin_list>
<pin id="554" dir="0" index="0" bw="128" slack="0"/>
<pin id="555" dir="1" index="1" bw="256" slack="0"/>
</pin_list>
<bind>
<opcode="zext(34) " fcode="zext"/>
<opset="zext_ln121_86/4 "/>
</bind>
</comp>

<comp id="558" class="1004" name="a0_fu_558">
<pin_list>
<pin id="559" dir="0" index="0" bw="256" slack="0"/>
<pin id="560" dir="0" index="1" bw="64" slack="2"/>
<pin id="561" dir="0" index="2" bw="64" slack="2"/>
<pin id="562" dir="0" index="3" bw="64" slack="3"/>
<pin id="563" dir="0" index="4" bw="64" slack="3"/>
<pin id="564" dir="1" index="5" bw="256" slack="0"/>
</pin_list>
<bind>
<opcode="bitconcatenate(1004) " fcode="bitconcatenate"/>
<opset="a0/5 "/>
</bind>
</comp>

<comp id="566" class="1004" name="a0_cast_fu_566">
<pin_list>
<pin id="567" dir="0" index="0" bw="192" slack="0"/>
<pin id="568" dir="0" index="1" bw="64" slack="2"/>
<pin id="569" dir="0" index="2" bw="64" slack="3"/>
<pin id="570" dir="0" index="3" bw="64" slack="3"/>
<pin id="571" dir="1" index="4" bw="192" slack="0"/>
</pin_list>
<bind>
<opcode="bitconcatenate(1004) " fcode="bitconcatenate"/>
<opset="a0_cast/5 "/>
</bind>
</comp>

<comp id="573" class="1004" name="b0_fu_573">
<pin_list>
<pin id="574" dir="0" index="0" bw="256" slack="0"/>
<pin id="575" dir="0" index="1" bw="64" slack="2"/>
<pin id="576" dir="0" index="2" bw="64" slack="2"/>
<pin id="577" dir="0" index="3" bw="64" slack="3"/>
<pin id="578" dir="0" index="4" bw="64" slack="3"/>
<pin id="579" dir="1" index="5" bw="256" slack="0"/>
</pin_list>
<bind>
<opcode="bitconcatenate(1004) " fcode="bitconcatenate"/>
<opset="b0/5 "/>
</bind>
</comp>

<comp id="581" class="1004" name="b0_cast_fu_581">
<pin_list>
<pin id="582" dir="0" index="0" bw="192" slack="0"/>
<pin id="583" dir="0" index="1" bw="64" slack="2"/>
<pin id="584" dir="0" index="2" bw="64" slack="3"/>
<pin id="585" dir="0" index="3" bw="64" slack="3"/>
<pin id="586" dir="1" index="4" bw="192" slack="0"/>
</pin_list>
<bind>
<opcode="bitconcatenate(1004) " fcode="bitconcatenate"/>
<opset="b0_cast/5 "/>
</bind>
</comp>

<comp id="588" class="1004" name="a1_fu_588">
<pin_list>
<pin id="589" dir="0" index="0" bw="256" slack="0"/>
<pin id="590" dir="0" index="1" bw="64" slack="0"/>
<pin id="591" dir="0" index="2" bw="64" slack="0"/>
<pin id="592" dir="0" index="3" bw="64" slack="1"/>
<pin id="593" dir="0" index="4" bw="64" slack="1"/>
<pin id="594" dir="1" index="5" bw="256" slack="0"/>
</pin_list>
<bind>
<opcode="bitconcatenate(1004) " fcode="bitconcatenate"/>
<opset="a1/5 "/>
</bind>
</comp>

<comp id="598" class="1004" name="a1_cast_fu_598">
<pin_list>
<pin id="599" dir="0" index="0" bw="192" slack="0"/>
<pin id="600" dir="0" index="1" bw="64" slack="0"/>
<pin id="601" dir="0" index="2" bw="64" slack="1"/>
<pin id="602" dir="0" index="3" bw="64" slack="1"/>
<pin id="603" dir="1" index="4" bw="192" slack="0"/>
</pin_list>
<bind>
<opcode="bitconcatenate(1004) " fcode="bitconcatenate"/>
<opset="a1_cast/5 "/>
</bind>
</comp>

<comp id="606" class="1004" name="b1_fu_606">
<pin_list>
<pin id="607" dir="0" index="0" bw="256" slack="0"/>
<pin id="608" dir="0" index="1" bw="64" slack="0"/>
<pin id="609" dir="0" index="2" bw="64" slack="0"/>
<pin id="610" dir="0" index="3" bw="64" slack="1"/>
<pin id="611" dir="0" index="4" bw="64" slack="1"/>
<pin id="612" dir="1" index="5" bw="256" slack="0"/>
</pin_list>
<bind>
<opcode="bitconcatenate(1004) " fcode="bitconcatenate"/>
<opset="b1/5 "/>
</bind>
</comp>

<comp id="616" class="1004" name="b1_cast_fu_616">
<pin_list>
<pin id="617" dir="0" index="0" bw="192" slack="0"/>
<pin id="618" dir="0" index="1" bw="64" slack="0"/>
<pin id="619" dir="0" index="2" bw="64" slack="1"/>
<pin id="620" dir="0" index="3" bw="64" slack="1"/>
<pin id="621" dir="1" index="4" bw="192" slack="0"/>
</pin_list>
<bind>
<opcode="bitconcatenate(1004) " fcode="bitconcatenate"/>
<opset="b1_cast/5 "/>
</bind>
</comp>

<comp id="624" class="1004" name="zext_ln174_205_fu_624">
<pin_list>
<pin id="625" dir="0" index="0" bw="132" slack="1"/>
<pin id="626" dir="1" index="1" bw="133" slack="0"/>
</pin_list>
<bind>
<opcode="zext(34) " fcode="zext"/>
<opset="zext_ln174_205/5 "/>
</bind>
</comp>

<comp id="628" class="1004" name="zext_ln174_206_fu_628">
<pin_list>
<pin id="629" dir="0" index="0" bw="128" slack="2"/>
<pin id="630" dir="1" index="1" bw="131" slack="0"/>
</pin_list>
<bind>
<opcode="zext(34) " fcode="zext"/>
<opset="zext_ln174_206/5 "/>
</bind>
</comp>

<comp id="632" class="1004" name="zext_ln174_207_fu_632">
<pin_list>
<pin id="633" dir="0" index="0" bw="130" slack="2"/>
<pin id="634" dir="1" index="1" bw="131" slack="0"/>
</pin_list>
<bind>
<opcode="zext(34) " fcode="zext"/>
<opset="zext_ln174_207/5 "/>
</bind>
</comp>

<comp id="636" class="1004" name="add_ln174_fu_636">
<pin_list>
<pin id="637" dir="0" index="0" bw="130" slack="0"/>
<pin id="638" dir="0" index="1" bw="128" slack="0"/>
<pin id="639" dir="1" index="2" bw="131" slack="0"/>
</pin_list>
<bind>
<opcode="add(8) " fcode="add"/>
<opset="add_ln174/5 "/>
</bind>
</comp>

<comp id="642" class="1004" name="zext_ln174_208_fu_642">
<pin_list>
<pin id="643" dir="0" index="0" bw="131" slack="0"/>
<pin id="644" dir="1" index="1" bw="133" slack="0"/>
</pin_list>
<bind>
<opcode="zext(34) " fcode="zext"/>
<opset="zext_ln174_208/5 "/>
</bind>
</comp>

<comp id="646" class="1004" name="sub_ln174_fu_646">
<pin_list>
<pin id="647" dir="0" index="0" bw="132" slack="0"/>
<pin id="648" dir="0" index="1" bw="131" slack="0"/>
<pin id="649" dir="1" index="2" bw="133" slack="0"/>
</pin_list>
<bind>
<opcode="sub(10) " fcode="sub"/>
<opset="sub_ln174/5 "/>
</bind>
</comp>

<comp id="652" class="1004" name="tmp_306_fu_652">
<pin_list>
<pin id="653" dir="0" index="0" bw="197" slack="0"/>
<pin id="654" dir="0" index="1" bw="133" slack="0"/>
<pin id="655" dir="0" index="2" bw="1" slack="0"/>
<pin id="656" dir="1" index="3" bw="197" slack="0"/>
</pin_list>
<bind>
<opcode="bitconcatenate(1004) " fcode="bitconcatenate"/>
<opset="tmp_306/5 "/>
</bind>
</comp>

<comp id="660" class="1004" name="sext_ln175_fu_660">
<pin_list>
<pin id="661" dir="0" index="0" bw="197" slack="0"/>
<pin id="662" dir="1" index="1" bw="258" slack="0"/>
</pin_list>
<bind>
<opcode="sext(35) " fcode="sext"/>
<opset="sext_ln175/5 "/>
</bind>
</comp>

<comp id="664" class="1004" name="res_fu_664">
<pin_list>
<pin id="665" dir="0" index="0" bw="258" slack="0"/>
<pin id="666" dir="0" index="1" bw="130" slack="2"/>
<pin id="667" dir="0" index="2" bw="128" slack="2"/>
<pin id="668" dir="1" index="3" bw="258" slack="0"/>
</pin_list>
<bind>
<opcode="bitconcatenate(1004) " fcode="bitconcatenate"/>
<opset="res/5 "/>
</bind>
</comp>

<comp id="672" class="1004" name="or_ln175_fu_672">
<pin_list>
<pin id="673" dir="0" index="0" bw="197" slack="0"/>
<pin id="674" dir="0" index="1" bw="258" slack="0"/>
<pin id="675" dir="1" index="2" bw="258" slack="0"/>
</pin_list>
<bind>
<opcode="or(24) " fcode="or"/>
<opset="or_ln175/5 "/>
</bind>
</comp>

<comp id="678" class="1004" name="tmp_fu_678">
<pin_list>
<pin id="679" dir="0" index="0" bw="1" slack="0"/>
<pin id="680" dir="0" index="1" bw="133" slack="0"/>
<pin id="681" dir="0" index="2" bw="9" slack="0"/>
<pin id="682" dir="1" index="3" bw="1" slack="0"/>
</pin_list>
<bind>
<opcode="bitselect(1000) " fcode="bitselect"/>
<opset="tmp/5 "/>
</bind>
</comp>

<comp id="686" class="1004" name="res_107_fu_686">
<pin_list>
<pin id="687" dir="0" index="0" bw="259" slack="0"/>
<pin id="688" dir="0" index="1" bw="1" slack="0"/>
<pin id="689" dir="0" index="2" bw="258" slack="0"/>
<pin id="690" dir="1" index="3" bw="259" slack="0"/>
</pin_list>
<bind>
<opcode="bitconcatenate(1004) " fcode="bitconcatenate"/>
<opset="res_107/5 "/>
</bind>
</comp>

<comp id="694" class="1004" name="sext_ln172_fu_694">
<pin_list>
<pin id="695" dir="0" index="0" bw="259" slack="0"/>
<pin id="696" dir="1" index="1" bw="260" slack="0"/>
</pin_list>
<bind>
<opcode="sext(35) " fcode="sext"/>
<opset="sext_ln172/5 "/>
</bind>
</comp>

<comp id="698" class="1004" name="zext_ln167_fu_698">
<pin_list>
<pin id="699" dir="0" index="0" bw="256" slack="3"/>
<pin id="700" dir="1" index="1" bw="257" slack="0"/>
</pin_list>
<bind>
<opcode="zext(34) " fcode="zext"/>
<opset="zext_ln167/5 "/>
</bind>
</comp>

<comp id="701" class="1004" name="zext_ln168_fu_701">
<pin_list>
<pin id="702" dir="0" index="0" bw="256" slack="2"/>
<pin id="703" dir="1" index="1" bw="257" slack="0"/>
</pin_list>
<bind>
<opcode="zext(34) " fcode="zext"/>
<opset="zext_ln168/5 "/>
</bind>
</comp>

<comp id="704" class="1004" name="add_ln169_fu_704">
<pin_list>
<pin id="705" dir="0" index="0" bw="256" slack="0"/>
<pin id="706" dir="0" index="1" bw="256" slack="0"/>
<pin id="707" dir="1" index="2" bw="257" slack="0"/>
</pin_list>
<bind>
<opcode="add(8) " fcode="add"/>
<opset="add_ln169/5 "/>
</bind>
</comp>

<comp id="710" class="1004" name="zext_ln169_fu_710">
<pin_list>
<pin id="711" dir="0" index="0" bw="257" slack="0"/>
<pin id="712" dir="1" index="1" bw="260" slack="0"/>
</pin_list>
<bind>
<opcode="zext(34) " fcode="zext"/>
<opset="zext_ln169/5 "/>
</bind>
</comp>

<comp id="714" class="1004" name="z1e_fu_714">
<pin_list>
<pin id="715" dir="0" index="0" bw="259" slack="0"/>
<pin id="716" dir="0" index="1" bw="257" slack="0"/>
<pin id="717" dir="1" index="2" bw="260" slack="0"/>
</pin_list>
<bind>
<opcode="sub(10) " fcode="sub"/>
<opset="z1e/5 "/>
</bind>
</comp>

<comp id="720" class="1004" name="shl_ln_fu_720">
<pin_list>
<pin id="721" dir="0" index="0" bw="388" slack="0"/>
<pin id="722" dir="0" index="1" bw="260" slack="0"/>
<pin id="723" dir="0" index="2" bw="1" slack="0"/>
<pin id="724" dir="1" index="3" bw="388" slack="0"/>
</pin_list>
<bind>
<opcode="bitconcatenate(1004) " fcode="bitconcatenate"/>
<opset="shl_ln/5 "/>
</bind>
</comp>

<comp id="728" class="1004" name="sext_ln138_fu_728">
<pin_list>
<pin id="729" dir="0" index="0" bw="388" slack="0"/>
<pin id="730" dir="1" index="1" bw="512" slack="0"/>
</pin_list>
<bind>
<opcode="sext(35) " fcode="sext"/>
<opset="sext_ln138/5 "/>
</bind>
</comp>

<comp id="732" class="1004" name="z0_56_fu_732">
<pin_list>
<pin id="733" dir="0" index="0" bw="512" slack="0"/>
<pin id="734" dir="0" index="1" bw="256" slack="2"/>
<pin id="735" dir="0" index="2" bw="256" slack="3"/>
<pin id="736" dir="1" index="3" bw="512" slack="0"/>
</pin_list>
<bind>
<opcode="bitconcatenate(1004) " fcode="bitconcatenate"/>
<opset="z0_56/5 "/>
</bind>
</comp>

<comp id="738" class="1004" name="z0_57_fu_738">
<pin_list>
<pin id="739" dir="0" index="0" bw="388" slack="0"/>
<pin id="740" dir="0" index="1" bw="512" slack="0"/>
<pin id="741" dir="1" index="2" bw="512" slack="4"/>
</pin_list>
<bind>
<opcode="or(24) " fcode="or"/>
<opset="z0_57/5 "/>
</bind>
</comp>

<comp id="744" class="1004" name="a1_6_fu_744">
<pin_list>
<pin id="745" dir="0" index="0" bw="128" slack="0"/>
<pin id="746" dir="0" index="1" bw="64" slack="0"/>
<pin id="747" dir="0" index="2" bw="64" slack="0"/>
<pin id="748" dir="1" index="3" bw="128" slack="0"/>
</pin_list>
<bind>
<opcode="bitconcatenate(1004) " fcode="bitconcatenate"/>
<opset="a1_6/5 "/>
</bind>
</comp>

<comp id="752" class="1004" name="b1_6_fu_752">
<pin_list>
<pin id="753" dir="0" index="0" bw="128" slack="0"/>
<pin id="754" dir="0" index="1" bw="64" slack="0"/>
<pin id="755" dir="0" index="2" bw="64" slack="0"/>
<pin id="756" dir="1" index="3" bw="128" slack="0"/>
</pin_list>
<bind>
<opcode="bitconcatenate(1004) " fcode="bitconcatenate"/>
<opset="b1_6/5 "/>
</bind>
</comp>

<comp id="760" class="1004" name="zext_ln121_101_fu_760">
<pin_list>
<pin id="761" dir="0" index="0" bw="128" slack="0"/>
<pin id="762" dir="1" index="1" bw="256" slack="0"/>
</pin_list>
<bind>
<opcode="zext(34) " fcode="zext"/>
<opset="zext_ln121_101/5 "/>
</bind>
</comp>

<comp id="765" class="1004" name="zext_ln121_102_fu_765">
<pin_list>
<pin id="766" dir="0" index="0" bw="128" slack="0"/>
<pin id="767" dir="1" index="1" bw="256" slack="0"/>
</pin_list>
<bind>
<opcode="zext(34) " fcode="zext"/>
<opset="zext_ln121_102/5 "/>
</bind>
</comp>

<comp id="770" class="1004" name="zext_ln147_37_fu_770">
<pin_list>
<pin id="771" dir="0" index="0" bw="128" slack="1"/>
<pin id="772" dir="1" index="1" bw="129" slack="0"/>
</pin_list>
<bind>
<opcode="zext(34) " fcode="zext"/>
<opset="zext_ln147_37/5 "/>
</bind>
</comp>

<comp id="773" class="1004" name="zext_ln147_50_fu_773">
<pin_list>
<pin id="774" dir="0" index="0" bw="128" slack="0"/>
<pin id="775" dir="1" index="1" bw="129" slack="0"/>
</pin_list>
<bind>
<opcode="zext(34) " fcode="zext"/>
<opset="zext_ln147_50/5 "/>
</bind>
</comp>

<comp id="777" class="1004" name="a0_44_fu_777">
<pin_list>
<pin id="778" dir="0" index="0" bw="64" slack="1"/>
<pin id="779" dir="0" index="1" bw="64" slack="0"/>
<pin id="780" dir="1" index="2" bw="64" slack="0"/>
</pin_list>
<bind>
<opcode="add(8) " fcode="add"/>
<opset="a0_44/5 "/>
</bind>
</comp>

<comp id="782" class="1004" name="sa_75_fu_782">
<pin_list>
<pin id="783" dir="0" index="0" bw="128" slack="0"/>
<pin id="784" dir="0" index="1" bw="128" slack="0"/>
<pin id="785" dir="1" index="2" bw="129" slack="0"/>
</pin_list>
<bind>
<opcode="add(8) " fcode="add"/>
<opset="sa_75/5 "/>
</bind>
</comp>

<comp id="788" class="1004" name="zext_ln148_37_fu_788">
<pin_list>
<pin id="789" dir="0" index="0" bw="128" slack="1"/>
<pin id="790" dir="1" index="1" bw="129" slack="0"/>
</pin_list>
<bind>
<opcode="zext(34) " fcode="zext"/>
<opset="zext_ln148_37/5 "/>
</bind>
</comp>

<comp id="791" class="1004" name="zext_ln148_50_fu_791">
<pin_list>
<pin id="792" dir="0" index="0" bw="128" slack="0"/>
<pin id="793" dir="1" index="1" bw="129" slack="0"/>
</pin_list>
<bind>
<opcode="zext(34) " fcode="zext"/>
<opset="zext_ln148_50/5 "/>
</bind>
</comp>

<comp id="795" class="1004" name="b0_44_fu_795">
<pin_list>
<pin id="796" dir="0" index="0" bw="64" slack="1"/>
<pin id="797" dir="0" index="1" bw="64" slack="0"/>
<pin id="798" dir="1" index="2" bw="64" slack="0"/>
</pin_list>
<bind>
<opcode="add(8) " fcode="add"/>
<opset="b0_44/5 "/>
</bind>
</comp>

<comp id="800" class="1004" name="sb_75_fu_800">
<pin_list>
<pin id="801" dir="0" index="0" bw="128" slack="0"/>
<pin id="802" dir="0" index="1" bw="128" slack="0"/>
<pin id="803" dir="1" index="2" bw="129" slack="0"/>
</pin_list>
<bind>
<opcode="add(8) " fcode="add"/>
<opset="sb_75/5 "/>
</bind>
</comp>

<comp id="806" class="1004" name="a1_7_fu_806">
<pin_list>
<pin id="807" dir="0" index="0" bw="65" slack="0"/>
<pin id="808" dir="0" index="1" bw="129" slack="0"/>
<pin id="809" dir="0" index="2" bw="8" slack="0"/>
<pin id="810" dir="0" index="3" bw="9" slack="0"/>
<pin id="811" dir="1" index="4" bw="65" slack="0"/>
</pin_list>
<bind>
<opcode="partselect(1002) " fcode="partselect"/>
<opset="a1_7/5 "/>
</bind>
</comp>

<comp id="816" class="1004" name="b1_7_fu_816">
<pin_list>
<pin id="817" dir="0" index="0" bw="65" slack="0"/>
<pin id="818" dir="0" index="1" bw="129" slack="0"/>
<pin id="819" dir="0" index="2" bw="8" slack="0"/>
<pin id="820" dir="0" index="3" bw="9" slack="0"/>
<pin id="821" dir="1" index="4" bw="65" slack="0"/>
</pin_list>
<bind>
<opcode="partselect(1002) " fcode="partselect"/>
<opset="b1_7/5 "/>
</bind>
</comp>

<comp id="826" class="1004" name="zext_ln121_87_fu_826">
<pin_list>
<pin id="827" dir="0" index="0" bw="64" slack="0"/>
<pin id="828" dir="1" index="1" bw="128" slack="0"/>
</pin_list>
<bind>
<opcode="zext(34) " fcode="zext"/>
<opset="zext_ln121_87/5 "/>
</bind>
</comp>

<comp id="831" class="1004" name="zext_ln121_88_fu_831">
<pin_list>
<pin id="832" dir="0" index="0" bw="64" slack="0"/>
<pin id="833" dir="1" index="1" bw="128" slack="0"/>
</pin_list>
<bind>
<opcode="zext(34) " fcode="zext"/>
<opset="zext_ln121_88/5 "/>
</bind>
</comp>

<comp id="836" class="1004" name="zext_ln121_89_fu_836">
<pin_list>
<pin id="837" dir="0" index="0" bw="65" slack="0"/>
<pin id="838" dir="1" index="1" bw="130" slack="0"/>
</pin_list>
<bind>
<opcode="zext(34) " fcode="zext"/>
<opset="zext_ln121_89/5 "/>
</bind>
</comp>

<comp id="841" class="1004" name="zext_ln121_90_fu_841">
<pin_list>
<pin id="842" dir="0" index="0" bw="65" slack="0"/>
<pin id="843" dir="1" index="1" bw="130" slack="0"/>
</pin_list>
<bind>
<opcode="zext(34) " fcode="zext"/>
<opset="zext_ln121_90/5 "/>
</bind>
</comp>

<comp id="846" class="1004" name="zext_ln147_38_fu_846">
<pin_list>
<pin id="847" dir="0" index="0" bw="64" slack="0"/>
<pin id="848" dir="1" index="1" bw="66" slack="0"/>
</pin_list>
<bind>
<opcode="zext(34) " fcode="zext"/>
<opset="zext_ln147_38/5 "/>
</bind>
</comp>

<comp id="850" class="1004" name="zext_ln147_51_fu_850">
<pin_list>
<pin id="851" dir="0" index="0" bw="65" slack="0"/>
<pin id="852" dir="1" index="1" bw="66" slack="0"/>
</pin_list>
<bind>
<opcode="zext(34) " fcode="zext"/>
<opset="zext_ln147_51/5 "/>
</bind>
</comp>

<comp id="854" class="1004" name="sa_68_fu_854">
<pin_list>
<pin id="855" dir="0" index="0" bw="65" slack="0"/>
<pin id="856" dir="0" index="1" bw="64" slack="0"/>
<pin id="857" dir="1" index="2" bw="66" slack="1"/>
</pin_list>
<bind>
<opcode="add(8) " fcode="add"/>
<opset="sa_68/5 "/>
</bind>
</comp>

<comp id="860" class="1004" name="zext_ln148_38_fu_860">
<pin_list>
<pin id="861" dir="0" index="0" bw="64" slack="0"/>
<pin id="862" dir="1" index="1" bw="66" slack="0"/>
</pin_list>
<bind>
<opcode="zext(34) " fcode="zext"/>
<opset="zext_ln148_38/5 "/>
</bind>
</comp>

<comp id="864" class="1004" name="zext_ln148_51_fu_864">
<pin_list>
<pin id="865" dir="0" index="0" bw="65" slack="0"/>
<pin id="866" dir="1" index="1" bw="66" slack="0"/>
</pin_list>
<bind>
<opcode="zext(34) " fcode="zext"/>
<opset="zext_ln148_51/5 "/>
</bind>
</comp>

<comp id="868" class="1004" name="sb_68_fu_868">
<pin_list>
<pin id="869" dir="0" index="0" bw="65" slack="0"/>
<pin id="870" dir="0" index="1" bw="64" slack="0"/>
<pin id="871" dir="1" index="2" bw="66" slack="1"/>
</pin_list>
<bind>
<opcode="add(8) " fcode="add"/>
<opset="sb_68/5 "/>
</bind>
</comp>

<comp id="874" class="1004" name="zext_ln147_39_fu_874">
<pin_list>
<pin id="875" dir="0" index="0" bw="256" slack="0"/>
<pin id="876" dir="1" index="1" bw="257" slack="0"/>
</pin_list>
<bind>
<opcode="zext(34) " fcode="zext"/>
<opset="zext_ln147_39/5 "/>
</bind>
</comp>

<comp id="878" class="1004" name="zext_ln147_52_fu_878">
<pin_list>
<pin id="879" dir="0" index="0" bw="256" slack="0"/>
<pin id="880" dir="1" index="1" bw="257" slack="0"/>
</pin_list>
<bind>
<opcode="zext(34) " fcode="zext"/>
<opset="zext_ln147_52/5 "/>
</bind>
</comp>

<comp id="882" class="1004" name="add_ln147_fu_882">
<pin_list>
<pin id="883" dir="0" index="0" bw="192" slack="0"/>
<pin id="884" dir="0" index="1" bw="192" slack="0"/>
<pin id="885" dir="1" index="2" bw="192" slack="0"/>
</pin_list>
<bind>
<opcode="add(8) " fcode="add"/>
<opset="add_ln147/5 "/>
</bind>
</comp>

<comp id="888" class="1004" name="sa_76_fu_888">
<pin_list>
<pin id="889" dir="0" index="0" bw="256" slack="0"/>
<pin id="890" dir="0" index="1" bw="256" slack="0"/>
<pin id="891" dir="1" index="2" bw="257" slack="0"/>
</pin_list>
<bind>
<opcode="add(8) " fcode="add"/>
<opset="sa_76/5 "/>
</bind>
</comp>

<comp id="894" class="1004" name="zext_ln148_39_fu_894">
<pin_list>
<pin id="895" dir="0" index="0" bw="256" slack="0"/>
<pin id="896" dir="1" index="1" bw="257" slack="0"/>
</pin_list>
<bind>
<opcode="zext(34) " fcode="zext"/>
<opset="zext_ln148_39/5 "/>
</bind>
</comp>

<comp id="898" class="1004" name="zext_ln148_52_fu_898">
<pin_list>
<pin id="899" dir="0" index="0" bw="256" slack="0"/>
<pin id="900" dir="1" index="1" bw="257" slack="0"/>
</pin_list>
<bind>
<opcode="zext(34) " fcode="zext"/>
<opset="zext_ln148_52/5 "/>
</bind>
</comp>

<comp id="902" class="1004" name="add_ln148_fu_902">
<pin_list>
<pin id="903" dir="0" index="0" bw="192" slack="0"/>
<pin id="904" dir="0" index="1" bw="192" slack="0"/>
<pin id="905" dir="1" index="2" bw="192" slack="0"/>
</pin_list>
<bind>
<opcode="add(8) " fcode="add"/>
<opset="add_ln148/5 "/>
</bind>
</comp>

<comp id="908" class="1004" name="sb_76_fu_908">
<pin_list>
<pin id="909" dir="0" index="0" bw="256" slack="0"/>
<pin id="910" dir="0" index="1" bw="256" slack="0"/>
<pin id="911" dir="1" index="2" bw="257" slack="0"/>
</pin_list>
<bind>
<opcode="add(8) " fcode="add"/>
<opset="sb_76/5 "/>
</bind>
</comp>

<comp id="914" class="1004" name="a0_45_fu_914">
<pin_list>
<pin id="915" dir="0" index="0" bw="192" slack="0"/>
<pin id="916" dir="1" index="1" bw="128" slack="0"/>
</pin_list>
<bind>
<opcode="trunc(33) " fcode="trunc"/>
<opset="a0_45/5 "/>
</bind>
</comp>

<comp id="918" class="1004" name="b0_45_fu_918">
<pin_list>
<pin id="919" dir="0" index="0" bw="192" slack="0"/>
<pin id="920" dir="1" index="1" bw="128" slack="0"/>
</pin_list>
<bind>
<opcode="trunc(33) " fcode="trunc"/>
<opset="b0_45/5 "/>
</bind>
</comp>

<comp id="922" class="1004" name="zext_ln121_92_fu_922">
<pin_list>
<pin id="923" dir="0" index="0" bw="128" slack="0"/>
<pin id="924" dir="1" index="1" bw="130" slack="0"/>
</pin_list>
<bind>
<opcode="zext(34) " fcode="zext"/>
<opset="zext_ln121_92/5 "/>
</bind>
</comp>

<comp id="926" class="1004" name="zext_ln121_94_fu_926">
<pin_list>
<pin id="927" dir="0" index="0" bw="128" slack="0"/>
<pin id="928" dir="1" index="1" bw="130" slack="0"/>
</pin_list>
<bind>
<opcode="zext(34) " fcode="zext"/>
<opset="zext_ln121_94/5 "/>
</bind>
</comp>

<comp id="930" class="1004" name="a0_46_fu_930">
<pin_list>
<pin id="931" dir="0" index="0" bw="64" slack="0"/>
<pin id="932" dir="0" index="1" bw="192" slack="0"/>
<pin id="933" dir="0" index="2" bw="9" slack="0"/>
<pin id="934" dir="0" index="3" bw="9" slack="0"/>
<pin id="935" dir="1" index="4" bw="64" slack="0"/>
</pin_list>
<bind>
<opcode="partselect(1002) " fcode="partselect"/>
<opset="a0_46/5 "/>
</bind>
</comp>

<comp id="940" class="1004" name="b0_46_fu_940">
<pin_list>
<pin id="941" dir="0" index="0" bw="64" slack="0"/>
<pin id="942" dir="0" index="1" bw="192" slack="0"/>
<pin id="943" dir="0" index="2" bw="9" slack="0"/>
<pin id="944" dir="0" index="3" bw="9" slack="0"/>
<pin id="945" dir="1" index="4" bw="64" slack="0"/>
</pin_list>
<bind>
<opcode="partselect(1002) " fcode="partselect"/>
<opset="b0_46/5 "/>
</bind>
</comp>

<comp id="950" class="1004" name="zext_ln121_95_fu_950">
<pin_list>
<pin id="951" dir="0" index="0" bw="64" slack="0"/>
<pin id="952" dir="1" index="1" bw="128" slack="0"/>
</pin_list>
<bind>
<opcode="zext(34) " fcode="zext"/>
<opset="zext_ln121_95/5 "/>
</bind>
</comp>

<comp id="955" class="1004" name="zext_ln121_96_fu_955">
<pin_list>
<pin id="956" dir="0" index="0" bw="64" slack="0"/>
<pin id="957" dir="1" index="1" bw="128" slack="0"/>
</pin_list>
<bind>
<opcode="zext(34) " fcode="zext"/>
<opset="zext_ln121_96/5 "/>
</bind>
</comp>

<comp id="960" class="1004" name="tmp_307_fu_960">
<pin_list>
<pin id="961" dir="0" index="0" bw="65" slack="0"/>
<pin id="962" dir="0" index="1" bw="257" slack="0"/>
<pin id="963" dir="0" index="2" bw="9" slack="0"/>
<pin id="964" dir="0" index="3" bw="10" slack="0"/>
<pin id="965" dir="1" index="4" bw="65" slack="0"/>
</pin_list>
<bind>
<opcode="partselect(1002) " fcode="partselect"/>
<opset="tmp_307/5 "/>
</bind>
</comp>

<comp id="970" class="1004" name="zext_ln121_103_fu_970">
<pin_list>
<pin id="971" dir="0" index="0" bw="65" slack="0"/>
<pin id="972" dir="1" index="1" bw="130" slack="0"/>
</pin_list>
<bind>
<opcode="zext(34) " fcode="zext"/>
<opset="zext_ln121_103/5 "/>
</bind>
</comp>

<comp id="975" class="1004" name="tmp_308_fu_975">
<pin_list>
<pin id="976" dir="0" index="0" bw="65" slack="0"/>
<pin id="977" dir="0" index="1" bw="257" slack="0"/>
<pin id="978" dir="0" index="2" bw="9" slack="0"/>
<pin id="979" dir="0" index="3" bw="10" slack="0"/>
<pin id="980" dir="1" index="4" bw="65" slack="0"/>
</pin_list>
<bind>
<opcode="partselect(1002) " fcode="partselect"/>
<opset="tmp_308/5 "/>
</bind>
</comp>

<comp id="985" class="1004" name="zext_ln121_104_fu_985">
<pin_list>
<pin id="986" dir="0" index="0" bw="65" slack="0"/>
<pin id="987" dir="1" index="1" bw="130" slack="0"/>
</pin_list>
<bind>
<opcode="zext(34) " fcode="zext"/>
<opset="zext_ln121_104/5 "/>
</bind>
</comp>

<comp id="990" class="1004" name="zext_ln147_40_fu_990">
<pin_list>
<pin id="991" dir="0" index="0" bw="64" slack="0"/>
<pin id="992" dir="1" index="1" bw="66" slack="0"/>
</pin_list>
<bind>
<opcode="zext(34) " fcode="zext"/>
<opset="zext_ln147_40/5 "/>
</bind>
</comp>

<comp id="994" class="1004" name="zext_ln147_53_fu_994">
<pin_list>
<pin id="995" dir="0" index="0" bw="65" slack="0"/>
<pin id="996" dir="1" index="1" bw="66" slack="0"/>
</pin_list>
<bind>
<opcode="zext(34) " fcode="zext"/>
<opset="zext_ln147_53/5 "/>
</bind>
</comp>

<comp id="998" class="1004" name="sa_70_fu_998">
<pin_list>
<pin id="999" dir="0" index="0" bw="65" slack="0"/>
<pin id="1000" dir="0" index="1" bw="64" slack="0"/>
<pin id="1001" dir="1" index="2" bw="66" slack="1"/>
</pin_list>
<bind>
<opcode="add(8) " fcode="add"/>
<opset="sa_70/5 "/>
</bind>
</comp>

<comp id="1004" class="1004" name="zext_ln148_40_fu_1004">
<pin_list>
<pin id="1005" dir="0" index="0" bw="64" slack="0"/>
<pin id="1006" dir="1" index="1" bw="66" slack="0"/>
</pin_list>
<bind>
<opcode="zext(34) " fcode="zext"/>
<opset="zext_ln148_40/5 "/>
</bind>
</comp>

<comp id="1008" class="1004" name="zext_ln148_53_fu_1008">
<pin_list>
<pin id="1009" dir="0" index="0" bw="65" slack="0"/>
<pin id="1010" dir="1" index="1" bw="66" slack="0"/>
</pin_list>
<bind>
<opcode="zext(34) " fcode="zext"/>
<opset="zext_ln148_53/5 "/>
</bind>
</comp>

<comp id="1012" class="1004" name="sb_70_fu_1012">
<pin_list>
<pin id="1013" dir="0" index="0" bw="65" slack="0"/>
<pin id="1014" dir="0" index="1" bw="64" slack="0"/>
<pin id="1015" dir="1" index="2" bw="66" slack="1"/>
</pin_list>
<bind>
<opcode="add(8) " fcode="add"/>
<opset="sb_70/5 "/>
</bind>
</comp>

<comp id="1018" class="1004" name="tmp_313_fu_1018">
<pin_list>
<pin id="1019" dir="0" index="0" bw="129" slack="0"/>
<pin id="1020" dir="0" index="1" bw="257" slack="0"/>
<pin id="1021" dir="0" index="2" bw="9" slack="0"/>
<pin id="1022" dir="0" index="3" bw="10" slack="0"/>
<pin id="1023" dir="1" index="4" bw="129" slack="0"/>
</pin_list>
<bind>
<opcode="partselect(1002) " fcode="partselect"/>
<opset="tmp_313/5 "/>
</bind>
</comp>

<comp id="1028" class="1004" name="zext_ln147_54_fu_1028">
<pin_list>
<pin id="1029" dir="0" index="0" bw="129" slack="0"/>
<pin id="1030" dir="1" index="1" bw="130" slack="0"/>
</pin_list>
<bind>
<opcode="zext(34) " fcode="zext"/>
<opset="zext_ln147_54/5 "/>
</bind>
</comp>

<comp id="1032" class="1004" name="sa_77_fu_1032">
<pin_list>
<pin id="1033" dir="0" index="0" bw="129" slack="0"/>
<pin id="1034" dir="0" index="1" bw="128" slack="0"/>
<pin id="1035" dir="1" index="2" bw="130" slack="0"/>
</pin_list>
<bind>
<opcode="add(8) " fcode="add"/>
<opset="sa_77/5 "/>
</bind>
</comp>

<comp id="1038" class="1004" name="tmp_314_fu_1038">
<pin_list>
<pin id="1039" dir="0" index="0" bw="129" slack="0"/>
<pin id="1040" dir="0" index="1" bw="257" slack="0"/>
<pin id="1041" dir="0" index="2" bw="9" slack="0"/>
<pin id="1042" dir="0" index="3" bw="10" slack="0"/>
<pin id="1043" dir="1" index="4" bw="129" slack="0"/>
</pin_list>
<bind>
<opcode="partselect(1002) " fcode="partselect"/>
<opset="tmp_314/5 "/>
</bind>
</comp>

<comp id="1048" class="1004" name="zext_ln148_54_fu_1048">
<pin_list>
<pin id="1049" dir="0" index="0" bw="129" slack="0"/>
<pin id="1050" dir="1" index="1" bw="130" slack="0"/>
</pin_list>
<bind>
<opcode="zext(34) " fcode="zext"/>
<opset="zext_ln148_54/5 "/>
</bind>
</comp>

<comp id="1052" class="1004" name="sb_77_fu_1052">
<pin_list>
<pin id="1053" dir="0" index="0" bw="129" slack="0"/>
<pin id="1054" dir="0" index="1" bw="128" slack="0"/>
<pin id="1055" dir="1" index="2" bw="130" slack="0"/>
</pin_list>
<bind>
<opcode="add(8) " fcode="add"/>
<opset="sb_77/5 "/>
</bind>
</comp>

<comp id="1058" class="1004" name="a0_47_fu_1058">
<pin_list>
<pin id="1059" dir="0" index="0" bw="130" slack="0"/>
<pin id="1060" dir="1" index="1" bw="128" slack="1"/>
</pin_list>
<bind>
<opcode="trunc(33) " fcode="trunc"/>
<opset="a0_47/5 "/>
</bind>
</comp>

<comp id="1062" class="1004" name="b0_47_fu_1062">
<pin_list>
<pin id="1063" dir="0" index="0" bw="130" slack="0"/>
<pin id="1064" dir="1" index="1" bw="128" slack="1"/>
</pin_list>
<bind>
<opcode="trunc(33) " fcode="trunc"/>
<opset="b0_47/5 "/>
</bind>
</comp>

<comp id="1066" class="1004" name="tmp_315_fu_1066">
<pin_list>
<pin id="1067" dir="0" index="0" bw="2" slack="0"/>
<pin id="1068" dir="0" index="1" bw="130" slack="0"/>
<pin id="1069" dir="0" index="2" bw="9" slack="0"/>
<pin id="1070" dir="0" index="3" bw="9" slack="0"/>
<pin id="1071" dir="1" index="4" bw="2" slack="2"/>
</pin_list>
<bind>
<opcode="partselect(1002) " fcode="partselect"/>
<opset="tmp_315/5 "/>
</bind>
</comp>

<comp id="1076" class="1004" name="tmp_316_fu_1076">
<pin_list>
<pin id="1077" dir="0" index="0" bw="2" slack="0"/>
<pin id="1078" dir="0" index="1" bw="130" slack="0"/>
<pin id="1079" dir="0" index="2" bw="9" slack="0"/>
<pin id="1080" dir="0" index="3" bw="9" slack="0"/>
<pin id="1081" dir="1" index="4" bw="2" slack="2"/>
</pin_list>
<bind>
<opcode="partselect(1002) " fcode="partselect"/>
<opset="tmp_316/5 "/>
</bind>
</comp>

<comp id="1086" class="1004" name="zext_ln174_209_fu_1086">
<pin_list>
<pin id="1087" dir="0" index="0" bw="66" slack="1"/>
<pin id="1088" dir="1" index="1" bw="132" slack="0"/>
</pin_list>
<bind>
<opcode="zext(34) " fcode="zext"/>
<opset="zext_ln174_209/6 "/>
</bind>
</comp>

<comp id="1090" class="1004" name="zext_ln174_210_fu_1090">
<pin_list>
<pin id="1091" dir="0" index="0" bw="66" slack="1"/>
<pin id="1092" dir="1" index="1" bw="132" slack="0"/>
</pin_list>
<bind>
<opcode="zext(34) " fcode="zext"/>
<opset="zext_ln174_210/6 "/>
</bind>
</comp>

<comp id="1094" class="1004" name="zext_ln121_91_fu_1094">
<pin_list>
<pin id="1095" dir="0" index="0" bw="128" slack="1"/>
<pin id="1096" dir="1" index="1" bw="256" slack="0"/>
</pin_list>
<bind>
<opcode="zext(34) " fcode="zext"/>
<opset="zext_ln121_91/6 "/>
</bind>
</comp>

<comp id="1098" class="1004" name="zext_ln121_93_fu_1098">
<pin_list>
<pin id="1099" dir="0" index="0" bw="128" slack="1"/>
<pin id="1100" dir="1" index="1" bw="256" slack="0"/>
</pin_list>
<bind>
<opcode="zext(34) " fcode="zext"/>
<opset="zext_ln121_93/6 "/>
</bind>
</comp>

<comp id="1102" class="1004" name="zext_ln174_215_fu_1102">
<pin_list>
<pin id="1103" dir="0" index="0" bw="66" slack="1"/>
<pin id="1104" dir="1" index="1" bw="132" slack="0"/>
</pin_list>
<bind>
<opcode="zext(34) " fcode="zext"/>
<opset="zext_ln174_215/6 "/>
</bind>
</comp>

<comp id="1106" class="1004" name="zext_ln174_216_fu_1106">
<pin_list>
<pin id="1107" dir="0" index="0" bw="66" slack="1"/>
<pin id="1108" dir="1" index="1" bw="132" slack="0"/>
</pin_list>
<bind>
<opcode="zext(34) " fcode="zext"/>
<opset="zext_ln174_216/6 "/>
</bind>
</comp>

<comp id="1110" class="1004" name="zext_ln174_217_fu_1110">
<pin_list>
<pin id="1111" dir="0" index="0" bw="132" slack="0"/>
<pin id="1112" dir="1" index="1" bw="133" slack="0"/>
</pin_list>
<bind>
<opcode="zext(34) " fcode="zext"/>
<opset="zext_ln174_217/6 "/>
</bind>
</comp>

<comp id="1114" class="1004" name="zext_ln174_218_fu_1114">
<pin_list>
<pin id="1115" dir="0" index="0" bw="128" slack="1"/>
<pin id="1116" dir="1" index="1" bw="131" slack="0"/>
</pin_list>
<bind>
<opcode="zext(34) " fcode="zext"/>
<opset="zext_ln174_218/6 "/>
</bind>
</comp>

<comp id="1118" class="1004" name="zext_ln174_219_fu_1118">
<pin_list>
<pin id="1119" dir="0" index="0" bw="130" slack="1"/>
<pin id="1120" dir="1" index="1" bw="131" slack="0"/>
</pin_list>
<bind>
<opcode="zext(34) " fcode="zext"/>
<opset="zext_ln174_219/6 "/>
</bind>
</comp>

<comp id="1121" class="1004" name="add_ln174_66_fu_1121">
<pin_list>
<pin id="1122" dir="0" index="0" bw="130" slack="0"/>
<pin id="1123" dir="0" index="1" bw="128" slack="0"/>
<pin id="1124" dir="1" index="2" bw="131" slack="0"/>
</pin_list>
<bind>
<opcode="add(8) " fcode="add"/>
<opset="add_ln174_66/6 "/>
</bind>
</comp>

<comp id="1127" class="1004" name="zext_ln174_220_fu_1127">
<pin_list>
<pin id="1128" dir="0" index="0" bw="131" slack="0"/>
<pin id="1129" dir="1" index="1" bw="133" slack="0"/>
</pin_list>
<bind>
<opcode="zext(34) " fcode="zext"/>
<opset="zext_ln174_220/6 "/>
</bind>
</comp>

<comp id="1131" class="1004" name="sub_ln174_17_fu_1131">
<pin_list>
<pin id="1132" dir="0" index="0" bw="132" slack="0"/>
<pin id="1133" dir="0" index="1" bw="131" slack="0"/>
<pin id="1134" dir="1" index="2" bw="133" slack="0"/>
</pin_list>
<bind>
<opcode="sub(10) " fcode="sub"/>
<opset="sub_ln174_17/6 "/>
</bind>
</comp>

<comp id="1137" class="1004" name="tmp_311_fu_1137">
<pin_list>
<pin id="1138" dir="0" index="0" bw="197" slack="0"/>
<pin id="1139" dir="0" index="1" bw="133" slack="0"/>
<pin id="1140" dir="0" index="2" bw="1" slack="0"/>
<pin id="1141" dir="1" index="3" bw="197" slack="0"/>
</pin_list>
<bind>
<opcode="bitconcatenate(1004) " fcode="bitconcatenate"/>
<opset="tmp_311/6 "/>
</bind>
</comp>

<comp id="1145" class="1004" name="sext_ln175_22_fu_1145">
<pin_list>
<pin id="1146" dir="0" index="0" bw="197" slack="0"/>
<pin id="1147" dir="1" index="1" bw="258" slack="0"/>
</pin_list>
<bind>
<opcode="sext(35) " fcode="sext"/>
<opset="sext_ln175_22/6 "/>
</bind>
</comp>

<comp id="1149" class="1004" name="res_109_fu_1149">
<pin_list>
<pin id="1150" dir="0" index="0" bw="258" slack="0"/>
<pin id="1151" dir="0" index="1" bw="130" slack="1"/>
<pin id="1152" dir="0" index="2" bw="128" slack="1"/>
<pin id="1153" dir="1" index="3" bw="258" slack="0"/>
</pin_list>
<bind>
<opcode="bitconcatenate(1004) " fcode="bitconcatenate"/>
<opset="res_109/6 "/>
</bind>
</comp>

<comp id="1156" class="1004" name="or_ln175_44_fu_1156">
<pin_list>
<pin id="1157" dir="0" index="0" bw="197" slack="0"/>
<pin id="1158" dir="0" index="1" bw="258" slack="0"/>
<pin id="1159" dir="1" index="2" bw="258" slack="3"/>
</pin_list>
<bind>
<opcode="or(24) " fcode="or"/>
<opset="or_ln175_44/6 "/>
</bind>
</comp>

<comp id="1162" class="1004" name="tmp_312_fu_1162">
<pin_list>
<pin id="1163" dir="0" index="0" bw="1" slack="0"/>
<pin id="1164" dir="0" index="1" bw="133" slack="0"/>
<pin id="1165" dir="0" index="2" bw="9" slack="0"/>
<pin id="1166" dir="1" index="3" bw="1" slack="3"/>
</pin_list>
<bind>
<opcode="bitselect(1000) " fcode="bitselect"/>
<opset="tmp_312/6 "/>
</bind>
</comp>

<comp id="1170" class="1004" name="zext_ln121_97_fu_1170">
<pin_list>
<pin id="1171" dir="0" index="0" bw="128" slack="1"/>
<pin id="1172" dir="1" index="1" bw="256" slack="0"/>
</pin_list>
<bind>
<opcode="zext(34) " fcode="zext"/>
<opset="zext_ln121_97/6 "/>
</bind>
</comp>

<comp id="1174" class="1004" name="zext_ln121_98_fu_1174">
<pin_list>
<pin id="1175" dir="0" index="0" bw="128" slack="1"/>
<pin id="1176" dir="1" index="1" bw="256" slack="0"/>
</pin_list>
<bind>
<opcode="zext(34) " fcode="zext"/>
<opset="zext_ln121_98/6 "/>
</bind>
</comp>

<comp id="1178" class="1004" name="zext_ln174_211_fu_1178">
<pin_list>
<pin id="1179" dir="0" index="0" bw="132" slack="1"/>
<pin id="1180" dir="1" index="1" bw="133" slack="0"/>
</pin_list>
<bind>
<opcode="zext(34) " fcode="zext"/>
<opset="zext_ln174_211/7 "/>
</bind>
</comp>

<comp id="1182" class="1004" name="zext_ln174_212_fu_1182">
<pin_list>
<pin id="1183" dir="0" index="0" bw="128" slack="2"/>
<pin id="1184" dir="1" index="1" bw="131" slack="0"/>
</pin_list>
<bind>
<opcode="zext(34) " fcode="zext"/>
<opset="zext_ln174_212/7 "/>
</bind>
</comp>

<comp id="1186" class="1004" name="zext_ln174_213_fu_1186">
<pin_list>
<pin id="1187" dir="0" index="0" bw="130" slack="2"/>
<pin id="1188" dir="1" index="1" bw="131" slack="0"/>
</pin_list>
<bind>
<opcode="zext(34) " fcode="zext"/>
<opset="zext_ln174_213/7 "/>
</bind>
</comp>

<comp id="1190" class="1004" name="add_ln174_65_fu_1190">
<pin_list>
<pin id="1191" dir="0" index="0" bw="130" slack="0"/>
<pin id="1192" dir="0" index="1" bw="128" slack="0"/>
<pin id="1193" dir="1" index="2" bw="131" slack="0"/>
</pin_list>
<bind>
<opcode="add(8) " fcode="add"/>
<opset="add_ln174_65/7 "/>
</bind>
</comp>

<comp id="1196" class="1004" name="zext_ln174_214_fu_1196">
<pin_list>
<pin id="1197" dir="0" index="0" bw="131" slack="0"/>
<pin id="1198" dir="1" index="1" bw="133" slack="0"/>
</pin_list>
<bind>
<opcode="zext(34) " fcode="zext"/>
<opset="zext_ln174_214/7 "/>
</bind>
</comp>

<comp id="1200" class="1004" name="sub_ln174_16_fu_1200">
<pin_list>
<pin id="1201" dir="0" index="0" bw="132" slack="0"/>
<pin id="1202" dir="0" index="1" bw="131" slack="0"/>
<pin id="1203" dir="1" index="2" bw="133" slack="0"/>
</pin_list>
<bind>
<opcode="sub(10) " fcode="sub"/>
<opset="sub_ln174_16/7 "/>
</bind>
</comp>

<comp id="1206" class="1004" name="tmp_s_fu_1206">
<pin_list>
<pin id="1207" dir="0" index="0" bw="197" slack="0"/>
<pin id="1208" dir="0" index="1" bw="133" slack="0"/>
<pin id="1209" dir="0" index="2" bw="1" slack="0"/>
<pin id="1210" dir="1" index="3" bw="197" slack="0"/>
</pin_list>
<bind>
<opcode="bitconcatenate(1004) " fcode="bitconcatenate"/>
<opset="tmp_s/7 "/>
</bind>
</comp>

<comp id="1214" class="1004" name="sext_ln175_21_fu_1214">
<pin_list>
<pin id="1215" dir="0" index="0" bw="197" slack="0"/>
<pin id="1216" dir="1" index="1" bw="258" slack="0"/>
</pin_list>
<bind>
<opcode="sext(35) " fcode="sext"/>
<opset="sext_ln175_21/7 "/>
</bind>
</comp>

<comp id="1218" class="1004" name="res_7_fu_1218">
<pin_list>
<pin id="1219" dir="0" index="0" bw="258" slack="0"/>
<pin id="1220" dir="0" index="1" bw="130" slack="2"/>
<pin id="1221" dir="0" index="2" bw="128" slack="2"/>
<pin id="1222" dir="1" index="3" bw="258" slack="0"/>
</pin_list>
<bind>
<opcode="bitconcatenate(1004) " fcode="bitconcatenate"/>
<opset="res_7/7 "/>
</bind>
</comp>

<comp id="1226" class="1004" name="or_ln175_42_fu_1226">
<pin_list>
<pin id="1227" dir="0" index="0" bw="197" slack="0"/>
<pin id="1228" dir="0" index="1" bw="258" slack="0"/>
<pin id="1229" dir="1" index="2" bw="258" slack="0"/>
</pin_list>
<bind>
<opcode="or(24) " fcode="or"/>
<opset="or_ln175_42/7 "/>
</bind>
</comp>

<comp id="1232" class="1004" name="tmp_309_fu_1232">
<pin_list>
<pin id="1233" dir="0" index="0" bw="1" slack="0"/>
<pin id="1234" dir="0" index="1" bw="133" slack="0"/>
<pin id="1235" dir="0" index="2" bw="9" slack="0"/>
<pin id="1236" dir="1" index="3" bw="1" slack="0"/>
</pin_list>
<bind>
<opcode="bitselect(1000) " fcode="bitselect"/>
<opset="tmp_309/7 "/>
</bind>
</comp>

<comp id="1240" class="1004" name="res_108_fu_1240">
<pin_list>
<pin id="1241" dir="0" index="0" bw="259" slack="0"/>
<pin id="1242" dir="0" index="1" bw="1" slack="0"/>
<pin id="1243" dir="0" index="2" bw="258" slack="0"/>
<pin id="1244" dir="1" index="3" bw="259" slack="0"/>
</pin_list>
<bind>
<opcode="bitconcatenate(1004) " fcode="bitconcatenate"/>
<opset="res_108/7 "/>
</bind>
</comp>

<comp id="1248" class="1004" name="sext_ln172_11_fu_1248">
<pin_list>
<pin id="1249" dir="0" index="0" bw="259" slack="0"/>
<pin id="1250" dir="1" index="1" bw="260" slack="0"/>
</pin_list>
<bind>
<opcode="sext(35) " fcode="sext"/>
<opset="sext_ln172_11/7 "/>
</bind>
</comp>

<comp id="1252" class="1004" name="zext_ln167_16_fu_1252">
<pin_list>
<pin id="1253" dir="0" index="0" bw="256" slack="3"/>
<pin id="1254" dir="1" index="1" bw="257" slack="0"/>
</pin_list>
<bind>
<opcode="zext(34) " fcode="zext"/>
<opset="zext_ln167_16/7 "/>
</bind>
</comp>

<comp id="1255" class="1004" name="zext_ln168_21_fu_1255">
<pin_list>
<pin id="1256" dir="0" index="0" bw="256" slack="2"/>
<pin id="1257" dir="1" index="1" bw="257" slack="0"/>
</pin_list>
<bind>
<opcode="zext(34) " fcode="zext"/>
<opset="zext_ln168_21/7 "/>
</bind>
</comp>

<comp id="1258" class="1004" name="add_ln169_21_fu_1258">
<pin_list>
<pin id="1259" dir="0" index="0" bw="256" slack="0"/>
<pin id="1260" dir="0" index="1" bw="256" slack="0"/>
<pin id="1261" dir="1" index="2" bw="257" slack="0"/>
</pin_list>
<bind>
<opcode="add(8) " fcode="add"/>
<opset="add_ln169_21/7 "/>
</bind>
</comp>

<comp id="1264" class="1004" name="zext_ln169_21_fu_1264">
<pin_list>
<pin id="1265" dir="0" index="0" bw="257" slack="0"/>
<pin id="1266" dir="1" index="1" bw="260" slack="0"/>
</pin_list>
<bind>
<opcode="zext(34) " fcode="zext"/>
<opset="zext_ln169_21/7 "/>
</bind>
</comp>

<comp id="1268" class="1004" name="z1e_21_fu_1268">
<pin_list>
<pin id="1269" dir="0" index="0" bw="259" slack="0"/>
<pin id="1270" dir="0" index="1" bw="257" slack="0"/>
<pin id="1271" dir="1" index="2" bw="260" slack="2"/>
</pin_list>
<bind>
<opcode="sub(10) " fcode="sub"/>
<opset="z1e_21/7 "/>
</bind>
</comp>

<comp id="1274" class="1004" name="zext_ln147_41_fu_1274">
<pin_list>
<pin id="1275" dir="0" index="0" bw="128" slack="2"/>
<pin id="1276" dir="1" index="1" bw="129" slack="0"/>
</pin_list>
<bind>
<opcode="zext(34) " fcode="zext"/>
<opset="zext_ln147_41/7 "/>
</bind>
</comp>

<comp id="1277" class="1004" name="zext_ln147_55_fu_1277">
<pin_list>
<pin id="1278" dir="0" index="0" bw="2" slack="2"/>
<pin id="1279" dir="1" index="1" bw="129" slack="0"/>
</pin_list>
<bind>
<opcode="zext(34) " fcode="zext"/>
<opset="zext_ln147_55/7 "/>
</bind>
</comp>

<comp id="1280" class="1004" name="sa_78_fu_1280">
<pin_list>
<pin id="1281" dir="0" index="0" bw="2" slack="0"/>
<pin id="1282" dir="0" index="1" bw="128" slack="0"/>
<pin id="1283" dir="1" index="2" bw="129" slack="0"/>
</pin_list>
<bind>
<opcode="add(8) " fcode="add"/>
<opset="sa_78/7 "/>
</bind>
</comp>

<comp id="1286" class="1004" name="zext_ln148_41_fu_1286">
<pin_list>
<pin id="1287" dir="0" index="0" bw="128" slack="2"/>
<pin id="1288" dir="1" index="1" bw="129" slack="0"/>
</pin_list>
<bind>
<opcode="zext(34) " fcode="zext"/>
<opset="zext_ln148_41/7 "/>
</bind>
</comp>

<comp id="1289" class="1004" name="zext_ln148_55_fu_1289">
<pin_list>
<pin id="1290" dir="0" index="0" bw="2" slack="2"/>
<pin id="1291" dir="1" index="1" bw="129" slack="0"/>
</pin_list>
<bind>
<opcode="zext(34) " fcode="zext"/>
<opset="zext_ln148_55/7 "/>
</bind>
</comp>

<comp id="1292" class="1004" name="sb_78_fu_1292">
<pin_list>
<pin id="1293" dir="0" index="0" bw="2" slack="0"/>
<pin id="1294" dir="0" index="1" bw="128" slack="0"/>
<pin id="1295" dir="1" index="2" bw="129" slack="0"/>
</pin_list>
<bind>
<opcode="add(8) " fcode="add"/>
<opset="sb_78/7 "/>
</bind>
</comp>

<comp id="1298" class="1004" name="a0_48_fu_1298">
<pin_list>
<pin id="1299" dir="0" index="0" bw="129" slack="0"/>
<pin id="1300" dir="1" index="1" bw="64" slack="0"/>
</pin_list>
<bind>
<opcode="trunc(33) " fcode="trunc"/>
<opset="a0_48/7 "/>
</bind>
</comp>

<comp id="1302" class="1004" name="b0_48_fu_1302">
<pin_list>
<pin id="1303" dir="0" index="0" bw="129" slack="0"/>
<pin id="1304" dir="1" index="1" bw="64" slack="0"/>
</pin_list>
<bind>
<opcode="trunc(33) " fcode="trunc"/>
<opset="b0_48/7 "/>
</bind>
</comp>

<comp id="1306" class="1004" name="a1_23_fu_1306">
<pin_list>
<pin id="1307" dir="0" index="0" bw="65" slack="0"/>
<pin id="1308" dir="0" index="1" bw="129" slack="0"/>
<pin id="1309" dir="0" index="2" bw="8" slack="0"/>
<pin id="1310" dir="0" index="3" bw="9" slack="0"/>
<pin id="1311" dir="1" index="4" bw="65" slack="0"/>
</pin_list>
<bind>
<opcode="partselect(1002) " fcode="partselect"/>
<opset="a1_23/7 "/>
</bind>
</comp>

<comp id="1316" class="1004" name="zext_ln135_6_fu_1316">
<pin_list>
<pin id="1317" dir="0" index="0" bw="65" slack="0"/>
<pin id="1318" dir="1" index="1" bw="129" slack="0"/>
</pin_list>
<bind>
<opcode="zext(34) " fcode="zext"/>
<opset="zext_ln135_6/7 "/>
</bind>
</comp>

<comp id="1321" class="1004" name="b1_23_fu_1321">
<pin_list>
<pin id="1322" dir="0" index="0" bw="65" slack="0"/>
<pin id="1323" dir="0" index="1" bw="129" slack="0"/>
<pin id="1324" dir="0" index="2" bw="8" slack="0"/>
<pin id="1325" dir="0" index="3" bw="9" slack="0"/>
<pin id="1326" dir="1" index="4" bw="65" slack="0"/>
</pin_list>
<bind>
<opcode="partselect(1002) " fcode="partselect"/>
<opset="b1_23/7 "/>
</bind>
</comp>

<comp id="1331" class="1004" name="zext_ln136_6_fu_1331">
<pin_list>
<pin id="1332" dir="0" index="0" bw="65" slack="0"/>
<pin id="1333" dir="1" index="1" bw="129" slack="0"/>
</pin_list>
<bind>
<opcode="zext(34) " fcode="zext"/>
<opset="zext_ln136_6/7 "/>
</bind>
</comp>

<comp id="1336" class="1004" name="zext_ln121_99_fu_1336">
<pin_list>
<pin id="1337" dir="0" index="0" bw="64" slack="0"/>
<pin id="1338" dir="1" index="1" bw="128" slack="0"/>
</pin_list>
<bind>
<opcode="zext(34) " fcode="zext"/>
<opset="zext_ln121_99/7 "/>
</bind>
</comp>

<comp id="1341" class="1004" name="zext_ln121_100_fu_1341">
<pin_list>
<pin id="1342" dir="0" index="0" bw="64" slack="0"/>
<pin id="1343" dir="1" index="1" bw="128" slack="0"/>
</pin_list>
<bind>
<opcode="zext(34) " fcode="zext"/>
<opset="zext_ln121_100/7 "/>
</bind>
</comp>

<comp id="1346" class="1004" name="zext_ln147_42_fu_1346">
<pin_list>
<pin id="1347" dir="0" index="0" bw="64" slack="0"/>
<pin id="1348" dir="1" index="1" bw="65" slack="0"/>
</pin_list>
<bind>
<opcode="zext(34) " fcode="zext"/>
<opset="zext_ln147_42/7 "/>
</bind>
</comp>

<comp id="1350" class="1004" name="sa_73_fu_1350">
<pin_list>
<pin id="1351" dir="0" index="0" bw="65" slack="0"/>
<pin id="1352" dir="0" index="1" bw="64" slack="0"/>
<pin id="1353" dir="1" index="2" bw="65" slack="1"/>
</pin_list>
<bind>
<opcode="add(8) " fcode="add"/>
<opset="sa_73/7 "/>
</bind>
</comp>

<comp id="1356" class="1004" name="zext_ln148_42_fu_1356">
<pin_list>
<pin id="1357" dir="0" index="0" bw="64" slack="0"/>
<pin id="1358" dir="1" index="1" bw="65" slack="0"/>
</pin_list>
<bind>
<opcode="zext(34) " fcode="zext"/>
<opset="zext_ln148_42/7 "/>
</bind>
</comp>

<comp id="1360" class="1004" name="sb_73_fu_1360">
<pin_list>
<pin id="1361" dir="0" index="0" bw="65" slack="0"/>
<pin id="1362" dir="0" index="1" bw="64" slack="0"/>
<pin id="1363" dir="1" index="2" bw="65" slack="1"/>
</pin_list>
<bind>
<opcode="add(8) " fcode="add"/>
<opset="sb_73/7 "/>
</bind>
</comp>

<comp id="1366" class="1004" name="zext_ln121_105_fu_1366">
<pin_list>
<pin id="1367" dir="0" index="0" bw="2" slack="3"/>
<pin id="1368" dir="1" index="1" bw="4" slack="0"/>
</pin_list>
<bind>
<opcode="zext(34) " fcode="zext"/>
<opset="zext_ln121_105/8 "/>
</bind>
</comp>

<comp id="1369" class="1004" name="zext_ln121_106_fu_1369">
<pin_list>
<pin id="1370" dir="0" index="0" bw="2" slack="3"/>
<pin id="1371" dir="1" index="1" bw="4" slack="0"/>
</pin_list>
<bind>
<opcode="zext(34) " fcode="zext"/>
<opset="zext_ln121_106/8 "/>
</bind>
</comp>

<comp id="1372" class="1004" name="z2_90_fu_1372">
<pin_list>
<pin id="1373" dir="0" index="0" bw="2" slack="0"/>
<pin id="1374" dir="0" index="1" bw="2" slack="0"/>
<pin id="1375" dir="1" index="2" bw="4" slack="1"/>
</pin_list>
<bind>
<opcode="mul(12) " fcode="mul"/>
<opset="z2_90/8 "/>
</bind>
</comp>

<comp id="1378" class="1004" name="zext_ln174_221_fu_1378">
<pin_list>
<pin id="1379" dir="0" index="0" bw="65" slack="1"/>
<pin id="1380" dir="1" index="1" bw="130" slack="0"/>
</pin_list>
<bind>
<opcode="zext(34) " fcode="zext"/>
<opset="zext_ln174_221/8 "/>
</bind>
</comp>

<comp id="1382" class="1004" name="zext_ln174_222_fu_1382">
<pin_list>
<pin id="1383" dir="0" index="0" bw="65" slack="1"/>
<pin id="1384" dir="1" index="1" bw="130" slack="0"/>
</pin_list>
<bind>
<opcode="zext(34) " fcode="zext"/>
<opset="zext_ln174_222/8 "/>
</bind>
</comp>

<comp id="1386" class="1004" name="zext_ln174_224_fu_1386">
<pin_list>
<pin id="1387" dir="0" index="0" bw="128" slack="1"/>
<pin id="1388" dir="1" index="1" bw="129" slack="0"/>
</pin_list>
<bind>
<opcode="zext(34) " fcode="zext"/>
<opset="zext_ln174_224/8 "/>
</bind>
</comp>

<comp id="1390" class="1004" name="add_ln174_67_fu_1390">
<pin_list>
<pin id="1391" dir="0" index="0" bw="129" slack="1"/>
<pin id="1392" dir="0" index="1" bw="128" slack="0"/>
<pin id="1393" dir="1" index="2" bw="129" slack="1"/>
</pin_list>
<bind>
<opcode="add(8) " fcode="add"/>
<opset="add_ln174_67/8 "/>
</bind>
</comp>

<comp id="1395" class="1004" name="shl_ln174_s_fu_1395">
<pin_list>
<pin id="1396" dir="0" index="0" bw="388" slack="0"/>
<pin id="1397" dir="0" index="1" bw="260" slack="2"/>
<pin id="1398" dir="0" index="2" bw="1" slack="0"/>
<pin id="1399" dir="1" index="3" bw="388" slack="0"/>
</pin_list>
<bind>
<opcode="bitconcatenate(1004) " fcode="bitconcatenate"/>
<opset="shl_ln174_s/9 "/>
</bind>
</comp>

<comp id="1402" class="1004" name="sext_ln139_fu_1402">
<pin_list>
<pin id="1403" dir="0" index="0" bw="388" slack="0"/>
<pin id="1404" dir="1" index="1" bw="512" slack="0"/>
</pin_list>
<bind>
<opcode="sext(35) " fcode="sext"/>
<opset="sext_ln139/9 "/>
</bind>
</comp>

<comp id="1406" class="1004" name="z2_88_fu_1406">
<pin_list>
<pin id="1407" dir="0" index="0" bw="512" slack="0"/>
<pin id="1408" dir="0" index="1" bw="256" slack="4"/>
<pin id="1409" dir="0" index="2" bw="256" slack="5"/>
<pin id="1410" dir="1" index="3" bw="512" slack="0"/>
</pin_list>
<bind>
<opcode="bitconcatenate(1004) " fcode="bitconcatenate"/>
<opset="z2_88/9 "/>
</bind>
</comp>

<comp id="1412" class="1004" name="z2_89_fu_1412">
<pin_list>
<pin id="1413" dir="0" index="0" bw="388" slack="0"/>
<pin id="1414" dir="0" index="1" bw="512" slack="0"/>
<pin id="1415" dir="1" index="2" bw="512" slack="0"/>
</pin_list>
<bind>
<opcode="or(24) " fcode="or"/>
<opset="z2_89/9 "/>
</bind>
</comp>

<comp id="1418" class="1004" name="res_110_fu_1418">
<pin_list>
<pin id="1419" dir="0" index="0" bw="259" slack="0"/>
<pin id="1420" dir="0" index="1" bw="1" slack="3"/>
<pin id="1421" dir="0" index="2" bw="258" slack="3"/>
<pin id="1422" dir="1" index="3" bw="259" slack="0"/>
</pin_list>
<bind>
<opcode="bitconcatenate(1004) " fcode="bitconcatenate"/>
<opset="res_110/9 "/>
</bind>
</comp>

<comp id="1424" class="1004" name="zext_ln174_223_fu_1424">
<pin_list>
<pin id="1425" dir="0" index="0" bw="130" slack="1"/>
<pin id="1426" dir="1" index="1" bw="131" slack="0"/>
</pin_list>
<bind>
<opcode="zext(34) " fcode="zext"/>
<opset="zext_ln174_223/9 "/>
</bind>
</comp>

<comp id="1427" class="1004" name="zext_ln174_225_fu_1427">
<pin_list>
<pin id="1428" dir="0" index="0" bw="129" slack="1"/>
<pin id="1429" dir="1" index="1" bw="131" slack="0"/>
</pin_list>
<bind>
<opcode="zext(34) " fcode="zext"/>
<opset="zext_ln174_225/9 "/>
</bind>
</comp>

<comp id="1430" class="1004" name="sub_ln174_18_fu_1430">
<pin_list>
<pin id="1431" dir="0" index="0" bw="130" slack="0"/>
<pin id="1432" dir="0" index="1" bw="129" slack="0"/>
<pin id="1433" dir="1" index="2" bw="131" slack="0"/>
</pin_list>
<bind>
<opcode="sub(10) " fcode="sub"/>
<opset="sub_ln174_18/9 "/>
</bind>
</comp>

<comp id="1436" class="1004" name="tmp_317_fu_1436">
<pin_list>
<pin id="1437" dir="0" index="0" bw="195" slack="0"/>
<pin id="1438" dir="0" index="1" bw="131" slack="0"/>
<pin id="1439" dir="0" index="2" bw="1" slack="0"/>
<pin id="1440" dir="1" index="3" bw="195" slack="0"/>
</pin_list>
<bind>
<opcode="bitconcatenate(1004) " fcode="bitconcatenate"/>
<opset="tmp_317/9 "/>
</bind>
</comp>

<comp id="1444" class="1004" name="sext_ln175_23_fu_1444">
<pin_list>
<pin id="1445" dir="0" index="0" bw="195" slack="0"/>
<pin id="1446" dir="1" index="1" bw="257" slack="0"/>
</pin_list>
<bind>
<opcode="sext(35) " fcode="sext"/>
<opset="sext_ln175_23/9 "/>
</bind>
</comp>

<comp id="1448" class="1004" name="res_9_fu_1448">
<pin_list>
<pin id="1449" dir="0" index="0" bw="257" slack="0"/>
<pin id="1450" dir="0" index="1" bw="129" slack="2"/>
<pin id="1451" dir="0" index="2" bw="128" slack="2"/>
<pin id="1452" dir="1" index="3" bw="257" slack="0"/>
</pin_list>
<bind>
<opcode="bitconcatenate(1004) " fcode="bitconcatenate"/>
<opset="res_9/9 "/>
</bind>
</comp>

<comp id="1455" class="1004" name="or_ln175_45_fu_1455">
<pin_list>
<pin id="1456" dir="0" index="0" bw="195" slack="0"/>
<pin id="1457" dir="0" index="1" bw="257" slack="0"/>
<pin id="1458" dir="1" index="2" bw="257" slack="0"/>
</pin_list>
<bind>
<opcode="or(24) " fcode="or"/>
<opset="or_ln175_45/9 "/>
</bind>
</comp>

<comp id="1461" class="1004" name="tmp_318_fu_1461">
<pin_list>
<pin id="1462" dir="0" index="0" bw="1" slack="0"/>
<pin id="1463" dir="0" index="1" bw="131" slack="0"/>
<pin id="1464" dir="0" index="2" bw="9" slack="0"/>
<pin id="1465" dir="1" index="3" bw="1" slack="0"/>
</pin_list>
<bind>
<opcode="bitselect(1000) " fcode="bitselect"/>
<opset="tmp_318/9 "/>
</bind>
</comp>

<comp id="1469" class="1004" name="res_111_fu_1469">
<pin_list>
<pin id="1470" dir="0" index="0" bw="258" slack="0"/>
<pin id="1471" dir="0" index="1" bw="1" slack="0"/>
<pin id="1472" dir="0" index="2" bw="257" slack="0"/>
<pin id="1473" dir="1" index="3" bw="258" slack="0"/>
</pin_list>
<bind>
<opcode="bitconcatenate(1004) " fcode="bitconcatenate"/>
<opset="res_111/9 "/>
</bind>
</comp>

<comp id="1477" class="1004" name="sext_ln172_12_fu_1477">
<pin_list>
<pin id="1478" dir="0" index="0" bw="258" slack="0"/>
<pin id="1479" dir="1" index="1" bw="259" slack="0"/>
</pin_list>
<bind>
<opcode="sext(35) " fcode="sext"/>
<opset="sext_ln172_12/9 "/>
</bind>
</comp>

<comp id="1481" class="1004" name="zext_ln168_22_fu_1481">
<pin_list>
<pin id="1482" dir="0" index="0" bw="4" slack="1"/>
<pin id="1483" dir="1" index="1" bw="256" slack="0"/>
</pin_list>
<bind>
<opcode="zext(34) " fcode="zext"/>
<opset="zext_ln168_22/9 "/>
</bind>
</comp>

<comp id="1484" class="1004" name="add_ln169_22_fu_1484">
<pin_list>
<pin id="1485" dir="0" index="0" bw="4" slack="0"/>
<pin id="1486" dir="0" index="1" bw="256" slack="3"/>
<pin id="1487" dir="1" index="2" bw="256" slack="0"/>
</pin_list>
<bind>
<opcode="add(8) " fcode="add"/>
<opset="add_ln169_22/9 "/>
</bind>
</comp>

<comp id="1489" class="1004" name="zext_ln169_22_fu_1489">
<pin_list>
<pin id="1490" dir="0" index="0" bw="256" slack="0"/>
<pin id="1491" dir="1" index="1" bw="259" slack="0"/>
</pin_list>
<bind>
<opcode="zext(34) " fcode="zext"/>
<opset="zext_ln169_22/9 "/>
</bind>
</comp>

<comp id="1493" class="1004" name="z1e_22_fu_1493">
<pin_list>
<pin id="1494" dir="0" index="0" bw="258" slack="0"/>
<pin id="1495" dir="0" index="1" bw="256" slack="0"/>
<pin id="1496" dir="1" index="2" bw="259" slack="0"/>
</pin_list>
<bind>
<opcode="sub(10) " fcode="sub"/>
<opset="z1e_22/9 "/>
</bind>
</comp>

<comp id="1499" class="1004" name="trunc_ln175_6_fu_1499">
<pin_list>
<pin id="1500" dir="0" index="0" bw="259" slack="0"/>
<pin id="1501" dir="1" index="1" bw="132" slack="0"/>
</pin_list>
<bind>
<opcode="trunc(33) " fcode="trunc"/>
<opset="trunc_ln175_6/9 "/>
</bind>
</comp>

<comp id="1503" class="1004" name="shl_ln175_s_fu_1503">
<pin_list>
<pin id="1504" dir="0" index="0" bw="260" slack="0"/>
<pin id="1505" dir="0" index="1" bw="132" slack="0"/>
<pin id="1506" dir="0" index="2" bw="1" slack="0"/>
<pin id="1507" dir="1" index="3" bw="260" slack="0"/>
</pin_list>
<bind>
<opcode="bitconcatenate(1004) " fcode="bitconcatenate"/>
<opset="shl_ln175_s/9 "/>
</bind>
</comp>

<comp id="1511" class="1004" name="res_10_fu_1511">
<pin_list>
<pin id="1512" dir="0" index="0" bw="260" slack="0"/>
<pin id="1513" dir="0" index="1" bw="4" slack="1"/>
<pin id="1514" dir="0" index="2" bw="256" slack="3"/>
<pin id="1515" dir="1" index="3" bw="260" slack="0"/>
</pin_list>
<bind>
<opcode="bitconcatenate(1004) " fcode="bitconcatenate"/>
<opset="res_10/9 "/>
</bind>
</comp>

<comp id="1517" class="1004" name="or_ln175_46_fu_1517">
<pin_list>
<pin id="1518" dir="0" index="0" bw="260" slack="0"/>
<pin id="1519" dir="0" index="1" bw="260" slack="0"/>
<pin id="1520" dir="1" index="2" bw="260" slack="0"/>
</pin_list>
<bind>
<opcode="or(24) " fcode="or"/>
<opset="or_ln175_46/9 "/>
</bind>
</comp>

<comp id="1523" class="1004" name="tmp_319_fu_1523">
<pin_list>
<pin id="1524" dir="0" index="0" bw="127" slack="0"/>
<pin id="1525" dir="0" index="1" bw="259" slack="0"/>
<pin id="1526" dir="0" index="2" bw="9" slack="0"/>
<pin id="1527" dir="0" index="3" bw="10" slack="0"/>
<pin id="1528" dir="1" index="4" bw="127" slack="0"/>
</pin_list>
<bind>
<opcode="partselect(1002) " fcode="partselect"/>
<opset="tmp_319/9 "/>
</bind>
</comp>

<comp id="1533" class="1004" name="tmp_320_fu_1533">
<pin_list>
<pin id="1534" dir="0" index="0" bw="387" slack="0"/>
<pin id="1535" dir="0" index="1" bw="127" slack="0"/>
<pin id="1536" dir="0" index="2" bw="260" slack="0"/>
<pin id="1537" dir="1" index="3" bw="387" slack="0"/>
</pin_list>
<bind>
<opcode="bitconcatenate(1004) " fcode="bitconcatenate"/>
<opset="tmp_320/9 "/>
</bind>
</comp>

<comp id="1541" class="1004" name="res_112_fu_1541">
<pin_list>
<pin id="1542" dir="0" index="0" bw="387" slack="0"/>
<pin id="1543" dir="1" index="1" bw="512" slack="0"/>
</pin_list>
<bind>
<opcode="sext(35) " fcode="sext"/>
<opset="res_112/9 "/>
</bind>
</comp>

<comp id="1545" class="1004" name="zext_ln167_17_fu_1545">
<pin_list>
<pin id="1546" dir="0" index="0" bw="256" slack="3"/>
<pin id="1547" dir="1" index="1" bw="385" slack="0"/>
</pin_list>
<bind>
<opcode="zext(34) " fcode="zext"/>
<opset="zext_ln167_17/9 "/>
</bind>
</comp>

<comp id="1548" class="1004" name="sext_ln168_fu_1548">
<pin_list>
<pin id="1549" dir="0" index="0" bw="259" slack="0"/>
<pin id="1550" dir="1" index="1" bw="384" slack="0"/>
</pin_list>
<bind>
<opcode="sext(35) " fcode="sext"/>
<opset="sext_ln168/9 "/>
</bind>
</comp>

<comp id="1552" class="1004" name="zext_ln168_23_fu_1552">
<pin_list>
<pin id="1553" dir="0" index="0" bw="259" slack="0"/>
<pin id="1554" dir="1" index="1" bw="385" slack="0"/>
</pin_list>
<bind>
<opcode="zext(34) " fcode="zext"/>
<opset="zext_ln168_23/9 "/>
</bind>
</comp>

<comp id="1556" class="1004" name="add_ln169_23_fu_1556">
<pin_list>
<pin id="1557" dir="0" index="0" bw="384" slack="0"/>
<pin id="1558" dir="0" index="1" bw="256" slack="0"/>
<pin id="1559" dir="1" index="2" bw="385" slack="0"/>
</pin_list>
<bind>
<opcode="add(8) " fcode="add"/>
<opset="add_ln169_23/9 "/>
</bind>
</comp>

<comp id="1562" class="1004" name="zext_ln169_23_fu_1562">
<pin_list>
<pin id="1563" dir="0" index="0" bw="385" slack="0"/>
<pin id="1564" dir="1" index="1" bw="512" slack="0"/>
</pin_list>
<bind>
<opcode="zext(34) " fcode="zext"/>
<opset="zext_ln169_23/9 "/>
</bind>
</comp>

<comp id="1566" class="1004" name="z1e_23_fu_1566">
<pin_list>
<pin id="1567" dir="0" index="0" bw="387" slack="0"/>
<pin id="1568" dir="0" index="1" bw="385" slack="0"/>
<pin id="1569" dir="1" index="2" bw="512" slack="1"/>
</pin_list>
<bind>
<opcode="sub(10) " fcode="sub"/>
<opset="z1e_23/9 "/>
</bind>
</comp>

<comp id="1572" class="1004" name="zext_ln167_18_fu_1572">
<pin_list>
<pin id="1573" dir="0" index="0" bw="512" slack="4"/>
<pin id="1574" dir="1" index="1" bw="513" slack="0"/>
</pin_list>
<bind>
<opcode="zext(34) " fcode="zext"/>
<opset="zext_ln167_18/9 "/>
</bind>
</comp>

<comp id="1575" class="1004" name="zext_ln168_24_fu_1575">
<pin_list>
<pin id="1576" dir="0" index="0" bw="512" slack="0"/>
<pin id="1577" dir="1" index="1" bw="513" slack="0"/>
</pin_list>
<bind>
<opcode="zext(34) " fcode="zext"/>
<opset="zext_ln168_24/9 "/>
</bind>
</comp>

<comp id="1579" class="1004" name="add_ln169_24_fu_1579">
<pin_list>
<pin id="1580" dir="0" index="0" bw="512" slack="0"/>
<pin id="1581" dir="0" index="1" bw="512" slack="0"/>
<pin id="1582" dir="1" index="2" bw="513" slack="1"/>
</pin_list>
<bind>
<opcode="add(8) " fcode="add"/>
<opset="add_ln169_24/9 "/>
</bind>
</comp>

<comp id="1585" class="1004" name="w_161_fu_1585">
<pin_list>
<pin id="1586" dir="0" index="0" bw="64" slack="0"/>
<pin id="1587" dir="0" index="1" bw="512" slack="0"/>
<pin id="1588" dir="0" index="2" bw="10" slack="0"/>
<pin id="1589" dir="0" index="3" bw="10" slack="0"/>
<pin id="1590" dir="1" index="4" bw="64" slack="1"/>
</pin_list>
<bind>
<opcode="partselect(1002) " fcode="partselect"/>
<opset="w_161/9 "/>
</bind>
</comp>

<comp id="1595" class="1004" name="w_162_fu_1595">
<pin_list>
<pin id="1596" dir="0" index="0" bw="64" slack="0"/>
<pin id="1597" dir="0" index="1" bw="512" slack="0"/>
<pin id="1598" dir="0" index="2" bw="10" slack="0"/>
<pin id="1599" dir="0" index="3" bw="10" slack="0"/>
<pin id="1600" dir="1" index="4" bw="64" slack="1"/>
</pin_list>
<bind>
<opcode="partselect(1002) " fcode="partselect"/>
<opset="w_162/9 "/>
</bind>
</comp>

<comp id="1605" class="1004" name="trunc_ln174_fu_1605">
<pin_list>
<pin id="1606" dir="0" index="0" bw="256" slack="5"/>
<pin id="1607" dir="1" index="1" bw="128" slack="0"/>
</pin_list>
<bind>
<opcode="trunc(33) " fcode="trunc"/>
<opset="trunc_ln174/10 "/>
</bind>
</comp>

<comp id="1608" class="1004" name="tmp_74_fu_1608">
<pin_list>
<pin id="1609" dir="0" index="0" bw="384" slack="0"/>
<pin id="1610" dir="0" index="1" bw="128" slack="0"/>
<pin id="1611" dir="0" index="2" bw="256" slack="6"/>
<pin id="1612" dir="1" index="3" bw="384" slack="0"/>
</pin_list>
<bind>
<opcode="bitconcatenate(1004) " fcode="bitconcatenate"/>
<opset="tmp_74/10 "/>
</bind>
</comp>

<comp id="1615" class="1004" name="trunc_ln175_fu_1615">
<pin_list>
<pin id="1616" dir="0" index="0" bw="260" slack="3"/>
<pin id="1617" dir="1" index="1" bw="256" slack="0"/>
</pin_list>
<bind>
<opcode="trunc(33) " fcode="trunc"/>
<opset="trunc_ln175/10 "/>
</bind>
</comp>

<comp id="1618" class="1004" name="tmp_310_fu_1618">
<pin_list>
<pin id="1619" dir="0" index="0" bw="384" slack="0"/>
<pin id="1620" dir="0" index="1" bw="256" slack="0"/>
<pin id="1621" dir="0" index="2" bw="1" slack="0"/>
<pin id="1622" dir="1" index="3" bw="384" slack="0"/>
</pin_list>
<bind>
<opcode="bitconcatenate(1004) " fcode="bitconcatenate"/>
<opset="tmp_310/10 "/>
</bind>
</comp>

<comp id="1626" class="1004" name="shl_ln174_3_fu_1626">
<pin_list>
<pin id="1627" dir="0" index="0" bw="640" slack="0"/>
<pin id="1628" dir="0" index="1" bw="389" slack="1"/>
<pin id="1629" dir="0" index="2" bw="1" slack="0"/>
<pin id="1630" dir="1" index="3" bw="640" slack="0"/>
</pin_list>
<bind>
<opcode="bitconcatenate(1004) " fcode="bitconcatenate"/>
<opset="shl_ln174_3/10 "/>
</bind>
</comp>

<comp id="1633" class="1004" name="res_12_fu_1633">
<pin_list>
<pin id="1634" dir="0" index="0" bw="515" slack="0"/>
<pin id="1635" dir="0" index="1" bw="1" slack="4"/>
<pin id="1636" dir="0" index="2" bw="258" slack="4"/>
<pin id="1637" dir="0" index="3" bw="256" slack="4"/>
<pin id="1638" dir="1" index="4" bw="515" slack="0"/>
</pin_list>
<bind>
<opcode="bitconcatenate(1004) " fcode="bitconcatenate"/>
<opset="res_12/10 "/>
</bind>
</comp>

<comp id="1640" class="1004" name="sext_ln174_fu_1640">
<pin_list>
<pin id="1641" dir="0" index="0" bw="515" slack="0"/>
<pin id="1642" dir="1" index="1" bw="640" slack="0"/>
</pin_list>
<bind>
<opcode="sext(35) " fcode="sext"/>
<opset="sext_ln174/10 "/>
</bind>
</comp>

<comp id="1644" class="1004" name="res_113_fu_1644">
<pin_list>
<pin id="1645" dir="0" index="0" bw="640" slack="0"/>
<pin id="1646" dir="0" index="1" bw="515" slack="0"/>
<pin id="1647" dir="1" index="2" bw="640" slack="0"/>
</pin_list>
<bind>
<opcode="or(24) " fcode="or"/>
<opset="res_113/10 "/>
</bind>
</comp>

<comp id="1650" class="1004" name="zext_ln169_24_fu_1650">
<pin_list>
<pin id="1651" dir="0" index="0" bw="513" slack="1"/>
<pin id="1652" dir="1" index="1" bw="640" slack="0"/>
</pin_list>
<bind>
<opcode="zext(34) " fcode="zext"/>
<opset="zext_ln169_24/10 "/>
</bind>
</comp>

<comp id="1653" class="1004" name="z1e_24_fu_1653">
<pin_list>
<pin id="1654" dir="0" index="0" bw="640" slack="0"/>
<pin id="1655" dir="0" index="1" bw="513" slack="0"/>
<pin id="1656" dir="1" index="2" bw="640" slack="0"/>
</pin_list>
<bind>
<opcode="sub(10) " fcode="sub"/>
<opset="z1e_24/10 "/>
</bind>
</comp>

<comp id="1659" class="1004" name="shl_ln174_4_fu_1659">
<pin_list>
<pin id="1660" dir="0" index="0" bw="896" slack="0"/>
<pin id="1661" dir="0" index="1" bw="640" slack="0"/>
<pin id="1662" dir="0" index="2" bw="1" slack="0"/>
<pin id="1663" dir="1" index="3" bw="896" slack="0"/>
</pin_list>
<bind>
<opcode="bitconcatenate(1004) " fcode="bitconcatenate"/>
<opset="shl_ln174_4/10 "/>
</bind>
</comp>

<comp id="1667" class="1004" name="or_ln174_fu_1667">
<pin_list>
<pin id="1668" dir="0" index="0" bw="384" slack="0"/>
<pin id="1669" dir="0" index="1" bw="384" slack="0"/>
<pin id="1670" dir="1" index="2" bw="384" slack="0"/>
</pin_list>
<bind>
<opcode="or(24) " fcode="or"/>
<opset="or_ln174/10 "/>
</bind>
</comp>

<comp id="1673" class="1004" name="tmp_81_fu_1673">
<pin_list>
<pin id="1674" dir="0" index="0" bw="896" slack="0"/>
<pin id="1675" dir="0" index="1" bw="384" slack="0"/>
<pin id="1676" dir="0" index="2" bw="512" slack="5"/>
<pin id="1677" dir="1" index="3" bw="896" slack="0"/>
</pin_list>
<bind>
<opcode="bitconcatenate(1004) " fcode="bitconcatenate"/>
<opset="tmp_81/10 "/>
</bind>
</comp>

<comp id="1680" class="1004" name="or_ln175_48_fu_1680">
<pin_list>
<pin id="1681" dir="0" index="0" bw="896" slack="0"/>
<pin id="1682" dir="0" index="1" bw="896" slack="0"/>
<pin id="1683" dir="1" index="2" bw="896" slack="0"/>
</pin_list>
<bind>
<opcode="or(24) " fcode="or"/>
<opset="or_ln175_48/10 "/>
</bind>
</comp>

<comp id="1686" class="1004" name="w_148_fu_1686">
<pin_list>
<pin id="1687" dir="0" index="0" bw="64" slack="0"/>
<pin id="1688" dir="0" index="1" bw="896" slack="0"/>
<pin id="1689" dir="0" index="2" bw="8" slack="0"/>
<pin id="1690" dir="0" index="3" bw="8" slack="0"/>
<pin id="1691" dir="1" index="4" bw="64" slack="0"/>
</pin_list>
<bind>
<opcode="partselect(1002) " fcode="partselect"/>
<opset="w_148/10 "/>
</bind>
</comp>

<comp id="1696" class="1004" name="w_149_fu_1696">
<pin_list>
<pin id="1697" dir="0" index="0" bw="64" slack="0"/>
<pin id="1698" dir="0" index="1" bw="896" slack="0"/>
<pin id="1699" dir="0" index="2" bw="9" slack="0"/>
<pin id="1700" dir="0" index="3" bw="9" slack="0"/>
<pin id="1701" dir="1" index="4" bw="64" slack="0"/>
</pin_list>
<bind>
<opcode="partselect(1002) " fcode="partselect"/>
<opset="w_149/10 "/>
</bind>
</comp>

<comp id="1706" class="1004" name="w_150_fu_1706">
<pin_list>
<pin id="1707" dir="0" index="0" bw="64" slack="0"/>
<pin id="1708" dir="0" index="1" bw="896" slack="0"/>
<pin id="1709" dir="0" index="2" bw="9" slack="0"/>
<pin id="1710" dir="0" index="3" bw="9" slack="0"/>
<pin id="1711" dir="1" index="4" bw="64" slack="0"/>
</pin_list>
<bind>
<opcode="partselect(1002) " fcode="partselect"/>
<opset="w_150/10 "/>
</bind>
</comp>

<comp id="1716" class="1004" name="w_151_fu_1716">
<pin_list>
<pin id="1717" dir="0" index="0" bw="64" slack="0"/>
<pin id="1718" dir="0" index="1" bw="896" slack="0"/>
<pin id="1719" dir="0" index="2" bw="10" slack="0"/>
<pin id="1720" dir="0" index="3" bw="10" slack="0"/>
<pin id="1721" dir="1" index="4" bw="64" slack="0"/>
</pin_list>
<bind>
<opcode="partselect(1002) " fcode="partselect"/>
<opset="w_151/10 "/>
</bind>
</comp>

<comp id="1726" class="1004" name="w_152_fu_1726">
<pin_list>
<pin id="1727" dir="0" index="0" bw="64" slack="0"/>
<pin id="1728" dir="0" index="1" bw="896" slack="0"/>
<pin id="1729" dir="0" index="2" bw="10" slack="0"/>
<pin id="1730" dir="0" index="3" bw="10" slack="0"/>
<pin id="1731" dir="1" index="4" bw="64" slack="0"/>
</pin_list>
<bind>
<opcode="partselect(1002) " fcode="partselect"/>
<opset="w_152/10 "/>
</bind>
</comp>

<comp id="1736" class="1004" name="w_153_fu_1736">
<pin_list>
<pin id="1737" dir="0" index="0" bw="64" slack="0"/>
<pin id="1738" dir="0" index="1" bw="896" slack="0"/>
<pin id="1739" dir="0" index="2" bw="10" slack="0"/>
<pin id="1740" dir="0" index="3" bw="10" slack="0"/>
<pin id="1741" dir="1" index="4" bw="64" slack="0"/>
</pin_list>
<bind>
<opcode="partselect(1002) " fcode="partselect"/>
<opset="w_153/10 "/>
</bind>
</comp>

<comp id="1746" class="1004" name="w_154_fu_1746">
<pin_list>
<pin id="1747" dir="0" index="0" bw="64" slack="0"/>
<pin id="1748" dir="0" index="1" bw="896" slack="0"/>
<pin id="1749" dir="0" index="2" bw="10" slack="0"/>
<pin id="1750" dir="0" index="3" bw="10" slack="0"/>
<pin id="1751" dir="1" index="4" bw="64" slack="0"/>
</pin_list>
<bind>
<opcode="partselect(1002) " fcode="partselect"/>
<opset="w_154/10 "/>
</bind>
</comp>

<comp id="1756" class="1004" name="w_155_fu_1756">
<pin_list>
<pin id="1757" dir="0" index="0" bw="64" slack="0"/>
<pin id="1758" dir="0" index="1" bw="896" slack="0"/>
<pin id="1759" dir="0" index="2" bw="11" slack="0"/>
<pin id="1760" dir="0" index="3" bw="11" slack="0"/>
<pin id="1761" dir="1" index="4" bw="64" slack="0"/>
</pin_list>
<bind>
<opcode="partselect(1002) " fcode="partselect"/>
<opset="w_155/10 "/>
</bind>
</comp>

<comp id="1766" class="1004" name="w_156_fu_1766">
<pin_list>
<pin id="1767" dir="0" index="0" bw="64" slack="0"/>
<pin id="1768" dir="0" index="1" bw="896" slack="0"/>
<pin id="1769" dir="0" index="2" bw="11" slack="0"/>
<pin id="1770" dir="0" index="3" bw="11" slack="0"/>
<pin id="1771" dir="1" index="4" bw="64" slack="0"/>
</pin_list>
<bind>
<opcode="partselect(1002) " fcode="partselect"/>
<opset="w_156/10 "/>
</bind>
</comp>

<comp id="1776" class="1004" name="w_157_fu_1776">
<pin_list>
<pin id="1777" dir="0" index="0" bw="64" slack="0"/>
<pin id="1778" dir="0" index="1" bw="896" slack="0"/>
<pin id="1779" dir="0" index="2" bw="11" slack="0"/>
<pin id="1780" dir="0" index="3" bw="11" slack="0"/>
<pin id="1781" dir="1" index="4" bw="64" slack="0"/>
</pin_list>
<bind>
<opcode="partselect(1002) " fcode="partselect"/>
<opset="w_157/10 "/>
</bind>
</comp>

<comp id="1786" class="1004" name="w_158_fu_1786">
<pin_list>
<pin id="1787" dir="0" index="0" bw="64" slack="0"/>
<pin id="1788" dir="0" index="1" bw="896" slack="0"/>
<pin id="1789" dir="0" index="2" bw="11" slack="0"/>
<pin id="1790" dir="0" index="3" bw="11" slack="0"/>
<pin id="1791" dir="1" index="4" bw="64" slack="0"/>
</pin_list>
<bind>
<opcode="partselect(1002) " fcode="partselect"/>
<opset="w_158/10 "/>
</bind>
</comp>

<comp id="1796" class="1004" name="w_159_fu_1796">
<pin_list>
<pin id="1797" dir="0" index="0" bw="64" slack="0"/>
<pin id="1798" dir="0" index="1" bw="896" slack="0"/>
<pin id="1799" dir="0" index="2" bw="11" slack="0"/>
<pin id="1800" dir="0" index="3" bw="11" slack="0"/>
<pin id="1801" dir="1" index="4" bw="64" slack="0"/>
</pin_list>
<bind>
<opcode="partselect(1002) " fcode="partselect"/>
<opset="w_159/10 "/>
</bind>
</comp>

<comp id="1806" class="1004" name="w_160_fu_1806">
<pin_list>
<pin id="1807" dir="0" index="0" bw="64" slack="0"/>
<pin id="1808" dir="0" index="1" bw="896" slack="0"/>
<pin id="1809" dir="0" index="2" bw="11" slack="0"/>
<pin id="1810" dir="0" index="3" bw="11" slack="0"/>
<pin id="1811" dir="1" index="4" bw="64" slack="0"/>
</pin_list>
<bind>
<opcode="partselect(1002) " fcode="partselect"/>
<opset="w_160/10 "/>
</bind>
</comp>

<comp id="1816" class="1004" name="mrv_fu_1816">
<pin_list>
<pin id="1817" dir="0" index="0" bw="1024" slack="0"/>
<pin id="1818" dir="0" index="1" bw="64" slack="8"/>
<pin id="1819" dir="1" index="2" bw="1024" slack="0"/>
</pin_list>
<bind>
<opcode="insertvalue(57) " fcode="insertvalue"/>
<opset="mrv/10 "/>
</bind>
</comp>

<comp id="1821" class="1004" name="mrv_1_fu_1821">
<pin_list>
<pin id="1822" dir="0" index="0" bw="1024" slack="0"/>
<pin id="1823" dir="0" index="1" bw="64" slack="0"/>
<pin id="1824" dir="1" index="2" bw="1024" slack="0"/>
</pin_list>
<bind>
<opcode="insertvalue(57) " fcode="insertvalue"/>
<opset="mrv_1/10 "/>
</bind>
</comp>

<comp id="1827" class="1004" name="mrv_2_fu_1827">
<pin_list>
<pin id="1828" dir="0" index="0" bw="1024" slack="0"/>
<pin id="1829" dir="0" index="1" bw="64" slack="0"/>
<pin id="1830" dir="1" index="2" bw="1024" slack="0"/>
</pin_list>
<bind>
<opcode="insertvalue(57) " fcode="insertvalue"/>
<opset="mrv_2/10 "/>
</bind>
</comp>

<comp id="1833" class="1004" name="mrv_3_fu_1833">
<pin_list>
<pin id="1834" dir="0" index="0" bw="1024" slack="0"/>
<pin id="1835" dir="0" index="1" bw="64" slack="0"/>
<pin id="1836" dir="1" index="2" bw="1024" slack="0"/>
</pin_list>
<bind>
<opcode="insertvalue(57) " fcode="insertvalue"/>
<opset="mrv_3/10 "/>
</bind>
</comp>

<comp id="1839" class="1004" name="mrv_4_fu_1839">
<pin_list>
<pin id="1840" dir="0" index="0" bw="1024" slack="0"/>
<pin id="1841" dir="0" index="1" bw="64" slack="0"/>
<pin id="1842" dir="1" index="2" bw="1024" slack="0"/>
</pin_list>
<bind>
<opcode="insertvalue(57) " fcode="insertvalue"/>
<opset="mrv_4/10 "/>
</bind>
</comp>

<comp id="1845" class="1004" name="mrv_5_fu_1845">
<pin_list>
<pin id="1846" dir="0" index="0" bw="1024" slack="0"/>
<pin id="1847" dir="0" index="1" bw="64" slack="0"/>
<pin id="1848" dir="1" index="2" bw="1024" slack="0"/>
</pin_list>
<bind>
<opcode="insertvalue(57) " fcode="insertvalue"/>
<opset="mrv_5/10 "/>
</bind>
</comp>

<comp id="1851" class="1004" name="mrv_6_fu_1851">
<pin_list>
<pin id="1852" dir="0" index="0" bw="1024" slack="0"/>
<pin id="1853" dir="0" index="1" bw="64" slack="0"/>
<pin id="1854" dir="1" index="2" bw="1024" slack="0"/>
</pin_list>
<bind>
<opcode="insertvalue(57) " fcode="insertvalue"/>
<opset="mrv_6/10 "/>
</bind>
</comp>

<comp id="1857" class="1004" name="mrv_7_fu_1857">
<pin_list>
<pin id="1858" dir="0" index="0" bw="1024" slack="0"/>
<pin id="1859" dir="0" index="1" bw="64" slack="0"/>
<pin id="1860" dir="1" index="2" bw="1024" slack="0"/>
</pin_list>
<bind>
<opcode="insertvalue(57) " fcode="insertvalue"/>
<opset="mrv_7/10 "/>
</bind>
</comp>

<comp id="1863" class="1004" name="mrv_8_fu_1863">
<pin_list>
<pin id="1864" dir="0" index="0" bw="1024" slack="0"/>
<pin id="1865" dir="0" index="1" bw="64" slack="0"/>
<pin id="1866" dir="1" index="2" bw="1024" slack="0"/>
</pin_list>
<bind>
<opcode="insertvalue(57) " fcode="insertvalue"/>
<opset="mrv_8/10 "/>
</bind>
</comp>

<comp id="1869" class="1004" name="mrv_9_fu_1869">
<pin_list>
<pin id="1870" dir="0" index="0" bw="1024" slack="0"/>
<pin id="1871" dir="0" index="1" bw="64" slack="0"/>
<pin id="1872" dir="1" index="2" bw="1024" slack="0"/>
</pin_list>
<bind>
<opcode="insertvalue(57) " fcode="insertvalue"/>
<opset="mrv_9/10 "/>
</bind>
</comp>

<comp id="1875" class="1004" name="mrv_10_fu_1875">
<pin_list>
<pin id="1876" dir="0" index="0" bw="1024" slack="0"/>
<pin id="1877" dir="0" index="1" bw="64" slack="0"/>
<pin id="1878" dir="1" index="2" bw="1024" slack="0"/>
</pin_list>
<bind>
<opcode="insertvalue(57) " fcode="insertvalue"/>
<opset="mrv_10/10 "/>
</bind>
</comp>

<comp id="1881" class="1004" name="mrv_11_fu_1881">
<pin_list>
<pin id="1882" dir="0" index="0" bw="1024" slack="0"/>
<pin id="1883" dir="0" index="1" bw="64" slack="0"/>
<pin id="1884" dir="1" index="2" bw="1024" slack="0"/>
</pin_list>
<bind>
<opcode="insertvalue(57) " fcode="insertvalue"/>
<opset="mrv_11/10 "/>
</bind>
</comp>

<comp id="1887" class="1004" name="mrv_12_fu_1887">
<pin_list>
<pin id="1888" dir="0" index="0" bw="1024" slack="0"/>
<pin id="1889" dir="0" index="1" bw="64" slack="0"/>
<pin id="1890" dir="1" index="2" bw="1024" slack="0"/>
</pin_list>
<bind>
<opcode="insertvalue(57) " fcode="insertvalue"/>
<opset="mrv_12/10 "/>
</bind>
</comp>

<comp id="1893" class="1004" name="mrv_13_fu_1893">
<pin_list>
<pin id="1894" dir="0" index="0" bw="1024" slack="0"/>
<pin id="1895" dir="0" index="1" bw="64" slack="0"/>
<pin id="1896" dir="1" index="2" bw="1024" slack="0"/>
</pin_list>
<bind>
<opcode="insertvalue(57) " fcode="insertvalue"/>
<opset="mrv_13/10 "/>
</bind>
</comp>

<comp id="1899" class="1004" name="mrv_14_fu_1899">
<pin_list>
<pin id="1900" dir="0" index="0" bw="1024" slack="0"/>
<pin id="1901" dir="0" index="1" bw="64" slack="1"/>
<pin id="1902" dir="1" index="2" bw="1024" slack="0"/>
</pin_list>
<bind>
<opcode="insertvalue(57) " fcode="insertvalue"/>
<opset="mrv_14/10 "/>
</bind>
</comp>

<comp id="1904" class="1004" name="mrv_s_fu_1904">
<pin_list>
<pin id="1905" dir="0" index="0" bw="1024" slack="0"/>
<pin id="1906" dir="0" index="1" bw="64" slack="1"/>
<pin id="1907" dir="1" index="2" bw="1024" slack="2147483647"/>
</pin_list>
<bind>
<opcode="insertvalue(57) " fcode="insertvalue"/>
<opset="mrv_s/10 "/>
</bind>
</comp>

<comp id="1909" class="1005" name="a_addr_reg_1909">
<pin_list>
<pin id="1910" dir="0" index="0" bw="3" slack="1"/>
<pin id="1911" dir="1" index="1" bw="3" slack="1"/>
</pin_list>
<bind>
<opset="a_addr "/>
</bind>
</comp>

<comp id="1914" class="1005" name="a_addr_15_reg_1914">
<pin_list>
<pin id="1915" dir="0" index="0" bw="3" slack="1"/>
<pin id="1916" dir="1" index="1" bw="3" slack="1"/>
</pin_list>
<bind>
<opset="a_addr_15 "/>
</bind>
</comp>

<comp id="1919" class="1005" name="R_X_addr_reg_1919">
<pin_list>
<pin id="1920" dir="0" index="0" bw="4" slack="1"/>
<pin id="1921" dir="1" index="1" bw="4" slack="1"/>
</pin_list>
<bind>
<opset="R_X_addr "/>
</bind>
</comp>

<comp id="1924" class="1005" name="R_X_addr_8_reg_1924">
<pin_list>
<pin id="1925" dir="0" index="0" bw="4" slack="1"/>
<pin id="1926" dir="1" index="1" bw="4" slack="1"/>
</pin_list>
<bind>
<opset="R_X_addr_8 "/>
</bind>
</comp>

<comp id="1929" class="1005" name="a_addr_16_reg_1929">
<pin_list>
<pin id="1930" dir="0" index="0" bw="3" slack="1"/>
<pin id="1931" dir="1" index="1" bw="3" slack="1"/>
</pin_list>
<bind>
<opset="a_addr_16 "/>
</bind>
</comp>

<comp id="1934" class="1005" name="a_addr_17_reg_1934">
<pin_list>
<pin id="1935" dir="0" index="0" bw="3" slack="1"/>
<pin id="1936" dir="1" index="1" bw="3" slack="1"/>
</pin_list>
<bind>
<opset="a_addr_17 "/>
</bind>
</comp>

<comp id="1939" class="1005" name="w_reg_1939">
<pin_list>
<pin id="1940" dir="0" index="0" bw="64" slack="1"/>
<pin id="1941" dir="1" index="1" bw="64" slack="1"/>
</pin_list>
<bind>
<opset="w "/>
</bind>
</comp>

<comp id="1946" class="1005" name="w_132_reg_1946">
<pin_list>
<pin id="1947" dir="0" index="0" bw="64" slack="3"/>
<pin id="1948" dir="1" index="1" bw="64" slack="3"/>
</pin_list>
<bind>
<opset="w_132 "/>
</bind>
</comp>

<comp id="1952" class="1005" name="a0_41_reg_1952">
<pin_list>
<pin id="1953" dir="0" index="0" bw="128" slack="1"/>
<pin id="1954" dir="1" index="1" bw="128" slack="1"/>
</pin_list>
<bind>
<opset="a0_41 "/>
</bind>
</comp>

<comp id="1957" class="1005" name="w_139_reg_1957">
<pin_list>
<pin id="1958" dir="0" index="0" bw="64" slack="1"/>
<pin id="1959" dir="1" index="1" bw="64" slack="1"/>
</pin_list>
<bind>
<opset="w_139 "/>
</bind>
</comp>

<comp id="1964" class="1005" name="w_140_reg_1964">
<pin_list>
<pin id="1965" dir="0" index="0" bw="64" slack="3"/>
<pin id="1966" dir="1" index="1" bw="64" slack="3"/>
</pin_list>
<bind>
<opset="w_140 "/>
</bind>
</comp>

<comp id="1970" class="1005" name="R_X_addr_9_reg_1970">
<pin_list>
<pin id="1971" dir="0" index="0" bw="4" slack="1"/>
<pin id="1972" dir="1" index="1" bw="4" slack="1"/>
</pin_list>
<bind>
<opset="R_X_addr_9 "/>
</bind>
</comp>

<comp id="1975" class="1005" name="b0_41_reg_1975">
<pin_list>
<pin id="1976" dir="0" index="0" bw="128" slack="1"/>
<pin id="1977" dir="1" index="1" bw="128" slack="1"/>
</pin_list>
<bind>
<opset="b0_41 "/>
</bind>
</comp>

<comp id="1980" class="1005" name="R_X_addr_10_reg_1980">
<pin_list>
<pin id="1981" dir="0" index="0" bw="4" slack="1"/>
<pin id="1982" dir="1" index="1" bw="4" slack="1"/>
</pin_list>
<bind>
<opset="R_X_addr_10 "/>
</bind>
</comp>

<comp id="1985" class="1005" name="z0_reg_1985">
<pin_list>
<pin id="1986" dir="0" index="0" bw="256" slack="3"/>
<pin id="1987" dir="1" index="1" bw="256" slack="3"/>
</pin_list>
<bind>
<opset="z0 "/>
</bind>
</comp>

<comp id="1991" class="1005" name="w_147_reg_1991">
<pin_list>
<pin id="1992" dir="0" index="0" bw="64" slack="8"/>
<pin id="1993" dir="1" index="1" bw="64" slack="8"/>
</pin_list>
<bind>
<opset="w_147 "/>
</bind>
</comp>

<comp id="1996" class="1005" name="a_addr_18_reg_1996">
<pin_list>
<pin id="1997" dir="0" index="0" bw="3" slack="1"/>
<pin id="1998" dir="1" index="1" bw="3" slack="1"/>
</pin_list>
<bind>
<opset="a_addr_18 "/>
</bind>
</comp>

<comp id="2001" class="1005" name="a_addr_19_reg_2001">
<pin_list>
<pin id="2002" dir="0" index="0" bw="3" slack="1"/>
<pin id="2003" dir="1" index="1" bw="3" slack="1"/>
</pin_list>
<bind>
<opset="a_addr_19 "/>
</bind>
</comp>

<comp id="2006" class="1005" name="w_133_reg_2006">
<pin_list>
<pin id="2007" dir="0" index="0" bw="64" slack="2"/>
<pin id="2008" dir="1" index="1" bw="64" slack="2"/>
</pin_list>
<bind>
<opset="w_133 "/>
</bind>
</comp>

<comp id="2012" class="1005" name="w_134_reg_2012">
<pin_list>
<pin id="2013" dir="0" index="0" bw="64" slack="2"/>
<pin id="2014" dir="1" index="1" bw="64" slack="2"/>
</pin_list>
<bind>
<opset="w_134 "/>
</bind>
</comp>

<comp id="2017" class="1005" name="w_141_reg_2017">
<pin_list>
<pin id="2018" dir="0" index="0" bw="64" slack="2"/>
<pin id="2019" dir="1" index="1" bw="64" slack="2"/>
</pin_list>
<bind>
<opset="w_141 "/>
</bind>
</comp>

<comp id="2023" class="1005" name="w_142_reg_2023">
<pin_list>
<pin id="2024" dir="0" index="0" bw="64" slack="2"/>
<pin id="2025" dir="1" index="1" bw="64" slack="2"/>
</pin_list>
<bind>
<opset="w_142 "/>
</bind>
</comp>

<comp id="2028" class="1005" name="R_X_addr_11_reg_2028">
<pin_list>
<pin id="2029" dir="0" index="0" bw="4" slack="1"/>
<pin id="2030" dir="1" index="1" bw="4" slack="1"/>
</pin_list>
<bind>
<opset="R_X_addr_11 "/>
</bind>
</comp>

<comp id="2033" class="1005" name="R_X_addr_12_reg_2033">
<pin_list>
<pin id="2034" dir="0" index="0" bw="4" slack="1"/>
<pin id="2035" dir="1" index="1" bw="4" slack="1"/>
</pin_list>
<bind>
<opset="R_X_addr_12 "/>
</bind>
</comp>

<comp id="2038" class="1005" name="z2_86_reg_2038">
<pin_list>
<pin id="2039" dir="0" index="0" bw="256" slack="2"/>
<pin id="2040" dir="1" index="1" bw="256" slack="2"/>
</pin_list>
<bind>
<opset="z2_86 "/>
</bind>
</comp>

<comp id="2044" class="1005" name="sa_reg_2044">
<pin_list>
<pin id="2045" dir="0" index="0" bw="66" slack="1"/>
<pin id="2046" dir="1" index="1" bw="66" slack="1"/>
</pin_list>
<bind>
<opset="sa "/>
</bind>
</comp>

<comp id="2049" class="1005" name="sb_reg_2049">
<pin_list>
<pin id="2050" dir="0" index="0" bw="66" slack="1"/>
<pin id="2051" dir="1" index="1" bw="66" slack="1"/>
</pin_list>
<bind>
<opset="sb "/>
</bind>
</comp>

<comp id="2054" class="1005" name="a_addr_20_reg_2054">
<pin_list>
<pin id="2055" dir="0" index="0" bw="3" slack="1"/>
<pin id="2056" dir="1" index="1" bw="3" slack="1"/>
</pin_list>
<bind>
<opset="a_addr_20 "/>
</bind>
</comp>

<comp id="2059" class="1005" name="a_addr_21_reg_2059">
<pin_list>
<pin id="2060" dir="0" index="0" bw="3" slack="1"/>
<pin id="2061" dir="1" index="1" bw="3" slack="1"/>
</pin_list>
<bind>
<opset="a_addr_21 "/>
</bind>
</comp>

<comp id="2064" class="1005" name="w_135_reg_2064">
<pin_list>
<pin id="2065" dir="0" index="0" bw="64" slack="1"/>
<pin id="2066" dir="1" index="1" bw="64" slack="1"/>
</pin_list>
<bind>
<opset="w_135 "/>
</bind>
</comp>

<comp id="2071" class="1005" name="w_136_reg_2071">
<pin_list>
<pin id="2072" dir="0" index="0" bw="64" slack="1"/>
<pin id="2073" dir="1" index="1" bw="64" slack="1"/>
</pin_list>
<bind>
<opset="w_136 "/>
</bind>
</comp>

<comp id="2077" class="1005" name="w_143_reg_2077">
<pin_list>
<pin id="2078" dir="0" index="0" bw="64" slack="1"/>
<pin id="2079" dir="1" index="1" bw="64" slack="1"/>
</pin_list>
<bind>
<opset="w_143 "/>
</bind>
</comp>

<comp id="2084" class="1005" name="w_144_reg_2084">
<pin_list>
<pin id="2085" dir="0" index="0" bw="64" slack="1"/>
<pin id="2086" dir="1" index="1" bw="64" slack="1"/>
</pin_list>
<bind>
<opset="w_144 "/>
</bind>
</comp>

<comp id="2090" class="1005" name="R_X_addr_13_reg_2090">
<pin_list>
<pin id="2091" dir="0" index="0" bw="4" slack="1"/>
<pin id="2092" dir="1" index="1" bw="4" slack="1"/>
</pin_list>
<bind>
<opset="R_X_addr_13 "/>
</bind>
</comp>

<comp id="2095" class="1005" name="R_X_addr_14_reg_2095">
<pin_list>
<pin id="2096" dir="0" index="0" bw="4" slack="1"/>
<pin id="2097" dir="1" index="1" bw="4" slack="1"/>
</pin_list>
<bind>
<opset="R_X_addr_14 "/>
</bind>
</comp>

<comp id="2100" class="1005" name="a0_43_reg_2100">
<pin_list>
<pin id="2101" dir="0" index="0" bw="128" slack="1"/>
<pin id="2102" dir="1" index="1" bw="128" slack="1"/>
</pin_list>
<bind>
<opset="a0_43 "/>
</bind>
</comp>

<comp id="2105" class="1005" name="b0_43_reg_2105">
<pin_list>
<pin id="2106" dir="0" index="0" bw="128" slack="1"/>
<pin id="2107" dir="1" index="1" bw="128" slack="1"/>
</pin_list>
<bind>
<opset="b0_43 "/>
</bind>
</comp>

<comp id="2110" class="1005" name="z0_58_reg_2110">
<pin_list>
<pin id="2111" dir="0" index="0" bw="256" slack="3"/>
<pin id="2112" dir="1" index="1" bw="256" slack="3"/>
</pin_list>
<bind>
<opset="z0_58 "/>
</bind>
</comp>

<comp id="2117" class="1005" name="z0_57_reg_2117">
<pin_list>
<pin id="2118" dir="0" index="0" bw="512" slack="4"/>
<pin id="2119" dir="1" index="1" bw="512" slack="4"/>
</pin_list>
<bind>
<opset="z0_57 "/>
</bind>
</comp>

<comp id="2123" class="1005" name="z2_87_reg_2123">
<pin_list>
<pin id="2124" dir="0" index="0" bw="256" slack="2"/>
<pin id="2125" dir="1" index="1" bw="256" slack="2"/>
</pin_list>
<bind>
<opset="z2_87 "/>
</bind>
</comp>

<comp id="2130" class="1005" name="sa_68_reg_2130">
<pin_list>
<pin id="2131" dir="0" index="0" bw="66" slack="1"/>
<pin id="2132" dir="1" index="1" bw="66" slack="1"/>
</pin_list>
<bind>
<opset="sa_68 "/>
</bind>
</comp>

<comp id="2135" class="1005" name="sb_68_reg_2135">
<pin_list>
<pin id="2136" dir="0" index="0" bw="66" slack="1"/>
<pin id="2137" dir="1" index="1" bw="66" slack="1"/>
</pin_list>
<bind>
<opset="sb_68 "/>
</bind>
</comp>

<comp id="2140" class="1005" name="a0_45_reg_2140">
<pin_list>
<pin id="2141" dir="0" index="0" bw="128" slack="1"/>
<pin id="2142" dir="1" index="1" bw="128" slack="1"/>
</pin_list>
<bind>
<opset="a0_45 "/>
</bind>
</comp>

<comp id="2145" class="1005" name="b0_45_reg_2145">
<pin_list>
<pin id="2146" dir="0" index="0" bw="128" slack="1"/>
<pin id="2147" dir="1" index="1" bw="128" slack="1"/>
</pin_list>
<bind>
<opset="b0_45 "/>
</bind>
</comp>

<comp id="2150" class="1005" name="z2_reg_2150">
<pin_list>
<pin id="2151" dir="0" index="0" bw="130" slack="1"/>
<pin id="2152" dir="1" index="1" bw="130" slack="1"/>
</pin_list>
<bind>
<opset="z2 "/>
</bind>
</comp>

<comp id="2156" class="1005" name="sa_70_reg_2156">
<pin_list>
<pin id="2157" dir="0" index="0" bw="66" slack="1"/>
<pin id="2158" dir="1" index="1" bw="66" slack="1"/>
</pin_list>
<bind>
<opset="sa_70 "/>
</bind>
</comp>

<comp id="2161" class="1005" name="sb_70_reg_2161">
<pin_list>
<pin id="2162" dir="0" index="0" bw="66" slack="1"/>
<pin id="2163" dir="1" index="1" bw="66" slack="1"/>
</pin_list>
<bind>
<opset="sb_70 "/>
</bind>
</comp>

<comp id="2166" class="1005" name="a0_47_reg_2166">
<pin_list>
<pin id="2167" dir="0" index="0" bw="128" slack="1"/>
<pin id="2168" dir="1" index="1" bw="128" slack="1"/>
</pin_list>
<bind>
<opset="a0_47 "/>
</bind>
</comp>

<comp id="2172" class="1005" name="b0_47_reg_2172">
<pin_list>
<pin id="2173" dir="0" index="0" bw="128" slack="1"/>
<pin id="2174" dir="1" index="1" bw="128" slack="1"/>
</pin_list>
<bind>
<opset="b0_47 "/>
</bind>
</comp>

<comp id="2178" class="1005" name="tmp_315_reg_2178">
<pin_list>
<pin id="2179" dir="0" index="0" bw="2" slack="2"/>
<pin id="2180" dir="1" index="1" bw="2" slack="2"/>
</pin_list>
<bind>
<opset="tmp_315 "/>
</bind>
</comp>

<comp id="2184" class="1005" name="tmp_316_reg_2184">
<pin_list>
<pin id="2185" dir="0" index="0" bw="2" slack="2"/>
<pin id="2186" dir="1" index="1" bw="2" slack="2"/>
</pin_list>
<bind>
<opset="tmp_316 "/>
</bind>
</comp>

<comp id="2190" class="1005" name="z0_59_reg_2190">
<pin_list>
<pin id="2191" dir="0" index="0" bw="256" slack="3"/>
<pin id="2192" dir="1" index="1" bw="256" slack="3"/>
</pin_list>
<bind>
<opset="z0_59 "/>
</bind>
</comp>

<comp id="2196" class="1005" name="or_ln175_44_reg_2196">
<pin_list>
<pin id="2197" dir="0" index="0" bw="258" slack="3"/>
<pin id="2198" dir="1" index="1" bw="258" slack="3"/>
</pin_list>
<bind>
<opset="or_ln175_44 "/>
</bind>
</comp>

<comp id="2202" class="1005" name="tmp_312_reg_2202">
<pin_list>
<pin id="2203" dir="0" index="0" bw="1" slack="3"/>
<pin id="2204" dir="1" index="1" bw="1" slack="3"/>
</pin_list>
<bind>
<opset="tmp_312 "/>
</bind>
</comp>

<comp id="2208" class="1005" name="z0_60_reg_2208">
<pin_list>
<pin id="2209" dir="0" index="0" bw="256" slack="3"/>
<pin id="2210" dir="1" index="1" bw="256" slack="3"/>
</pin_list>
<bind>
<opset="z0_60 "/>
</bind>
</comp>

<comp id="2214" class="1005" name="z1e_21_reg_2214">
<pin_list>
<pin id="2215" dir="0" index="0" bw="260" slack="2"/>
<pin id="2216" dir="1" index="1" bw="260" slack="2"/>
</pin_list>
<bind>
<opset="z1e_21 "/>
</bind>
</comp>

<comp id="2220" class="1005" name="z2_85_reg_2220">
<pin_list>
<pin id="2221" dir="0" index="0" bw="129" slack="1"/>
<pin id="2222" dir="1" index="1" bw="129" slack="1"/>
</pin_list>
<bind>
<opset="z2_85 "/>
</bind>
</comp>

<comp id="2226" class="1005" name="sa_73_reg_2226">
<pin_list>
<pin id="2227" dir="0" index="0" bw="65" slack="1"/>
<pin id="2228" dir="1" index="1" bw="65" slack="1"/>
</pin_list>
<bind>
<opset="sa_73 "/>
</bind>
</comp>

<comp id="2231" class="1005" name="sb_73_reg_2231">
<pin_list>
<pin id="2232" dir="0" index="0" bw="65" slack="1"/>
<pin id="2233" dir="1" index="1" bw="65" slack="1"/>
</pin_list>
<bind>
<opset="sb_73 "/>
</bind>
</comp>

<comp id="2236" class="1005" name="z2_90_reg_2236">
<pin_list>
<pin id="2237" dir="0" index="0" bw="4" slack="1"/>
<pin id="2238" dir="1" index="1" bw="4" slack="1"/>
</pin_list>
<bind>
<opset="z2_90 "/>
</bind>
</comp>

<comp id="2242" class="1005" name="mul_ln174_18_reg_2242">
<pin_list>
<pin id="2243" dir="0" index="0" bw="130" slack="1"/>
<pin id="2244" dir="1" index="1" bw="130" slack="1"/>
</pin_list>
<bind>
<opset="mul_ln174_18 "/>
</bind>
</comp>

<comp id="2247" class="1005" name="add_ln174_67_reg_2247">
<pin_list>
<pin id="2248" dir="0" index="0" bw="129" slack="1"/>
<pin id="2249" dir="1" index="1" bw="129" slack="1"/>
</pin_list>
<bind>
<opset="add_ln174_67 "/>
</bind>
</comp>

<comp id="2252" class="1005" name="z1e_23_reg_2252">
<pin_list>
<pin id="2253" dir="0" index="0" bw="512" slack="1"/>
<pin id="2254" dir="1" index="1" bw="512" slack="1"/>
</pin_list>
<bind>
<opset="z1e_23 "/>
</bind>
</comp>

<comp id="2257" class="1005" name="add_ln169_24_reg_2257">
<pin_list>
<pin id="2258" dir="0" index="0" bw="513" slack="1"/>
<pin id="2259" dir="1" index="1" bw="513" slack="1"/>
</pin_list>
<bind>
<opset="add_ln169_24 "/>
</bind>
</comp>

<comp id="2262" class="1005" name="w_161_reg_2262">
<pin_list>
<pin id="2263" dir="0" index="0" bw="64" slack="1"/>
<pin id="2264" dir="1" index="1" bw="64" slack="1"/>
</pin_list>
<bind>
<opset="w_161 "/>
</bind>
</comp>

<comp id="2267" class="1005" name="w_162_reg_2267">
<pin_list>
<pin id="2268" dir="0" index="0" bw="64" slack="1"/>
<pin id="2269" dir="1" index="1" bw="64" slack="1"/>
</pin_list>
<bind>
<opset="w_162 "/>
</bind>
</comp>

</comp_list>

<net_list>
<net id="151"><net_src comp="0" pin="0"/><net_sink comp="146" pin=0"/></net>

<net id="152"><net_src comp="4" pin="0"/><net_sink comp="146" pin=1"/></net>

<net id="153"><net_src comp="4" pin="0"/><net_sink comp="146" pin=2"/></net>

<net id="159"><net_src comp="0" pin="0"/><net_sink comp="154" pin=0"/></net>

<net id="160"><net_src comp="4" pin="0"/><net_sink comp="154" pin=1"/></net>

<net id="161"><net_src comp="6" pin="0"/><net_sink comp="154" pin=2"/></net>

<net id="171"><net_src comp="146" pin="3"/><net_sink comp="162" pin=2"/></net>

<net id="172"><net_src comp="154" pin="3"/><net_sink comp="162" pin=0"/></net>

<net id="178"><net_src comp="2" pin="0"/><net_sink comp="173" pin=0"/></net>

<net id="179"><net_src comp="4" pin="0"/><net_sink comp="173" pin=1"/></net>

<net id="180"><net_src comp="4" pin="0"/><net_sink comp="173" pin=2"/></net>

<net id="190"><net_src comp="173" pin="3"/><net_sink comp="181" pin=2"/></net>

<net id="196"><net_src comp="2" pin="0"/><net_sink comp="191" pin=0"/></net>

<net id="197"><net_src comp="4" pin="0"/><net_sink comp="191" pin=1"/></net>

<net id="198"><net_src comp="6" pin="0"/><net_sink comp="191" pin=2"/></net>

<net id="199"><net_src comp="191" pin="3"/><net_sink comp="181" pin=0"/></net>

<net id="205"><net_src comp="0" pin="0"/><net_sink comp="200" pin=0"/></net>

<net id="206"><net_src comp="4" pin="0"/><net_sink comp="200" pin=1"/></net>

<net id="207"><net_src comp="8" pin="0"/><net_sink comp="200" pin=2"/></net>

<net id="213"><net_src comp="0" pin="0"/><net_sink comp="208" pin=0"/></net>

<net id="214"><net_src comp="4" pin="0"/><net_sink comp="208" pin=1"/></net>

<net id="215"><net_src comp="10" pin="0"/><net_sink comp="208" pin=2"/></net>

<net id="216"><net_src comp="200" pin="3"/><net_sink comp="162" pin=2"/></net>

<net id="217"><net_src comp="208" pin="3"/><net_sink comp="162" pin=0"/></net>

<net id="223"><net_src comp="2" pin="0"/><net_sink comp="218" pin=0"/></net>

<net id="224"><net_src comp="4" pin="0"/><net_sink comp="218" pin=1"/></net>

<net id="225"><net_src comp="8" pin="0"/><net_sink comp="218" pin=2"/></net>

<net id="226"><net_src comp="218" pin="3"/><net_sink comp="181" pin=2"/></net>

<net id="232"><net_src comp="2" pin="0"/><net_sink comp="227" pin=0"/></net>

<net id="233"><net_src comp="4" pin="0"/><net_sink comp="227" pin=1"/></net>

<net id="234"><net_src comp="10" pin="0"/><net_sink comp="227" pin=2"/></net>

<net id="235"><net_src comp="227" pin="3"/><net_sink comp="181" pin=0"/></net>

<net id="241"><net_src comp="0" pin="0"/><net_sink comp="236" pin=0"/></net>

<net id="242"><net_src comp="4" pin="0"/><net_sink comp="236" pin=1"/></net>

<net id="243"><net_src comp="14" pin="0"/><net_sink comp="236" pin=2"/></net>

<net id="249"><net_src comp="0" pin="0"/><net_sink comp="244" pin=0"/></net>

<net id="250"><net_src comp="4" pin="0"/><net_sink comp="244" pin=1"/></net>

<net id="251"><net_src comp="16" pin="0"/><net_sink comp="244" pin=2"/></net>

<net id="252"><net_src comp="236" pin="3"/><net_sink comp="162" pin=2"/></net>

<net id="253"><net_src comp="244" pin="3"/><net_sink comp="162" pin=0"/></net>

<net id="259"><net_src comp="2" pin="0"/><net_sink comp="254" pin=0"/></net>

<net id="260"><net_src comp="4" pin="0"/><net_sink comp="254" pin=1"/></net>

<net id="261"><net_src comp="14" pin="0"/><net_sink comp="254" pin=2"/></net>

<net id="262"><net_src comp="254" pin="3"/><net_sink comp="181" pin=2"/></net>

<net id="268"><net_src comp="2" pin="0"/><net_sink comp="263" pin=0"/></net>

<net id="269"><net_src comp="4" pin="0"/><net_sink comp="263" pin=1"/></net>

<net id="270"><net_src comp="16" pin="0"/><net_sink comp="263" pin=2"/></net>

<net id="271"><net_src comp="263" pin="3"/><net_sink comp="181" pin=0"/></net>

<net id="277"><net_src comp="0" pin="0"/><net_sink comp="272" pin=0"/></net>

<net id="278"><net_src comp="4" pin="0"/><net_sink comp="272" pin=1"/></net>

<net id="279"><net_src comp="24" pin="0"/><net_sink comp="272" pin=2"/></net>

<net id="285"><net_src comp="0" pin="0"/><net_sink comp="280" pin=0"/></net>

<net id="286"><net_src comp="4" pin="0"/><net_sink comp="280" pin=1"/></net>

<net id="287"><net_src comp="26" pin="0"/><net_sink comp="280" pin=2"/></net>

<net id="288"><net_src comp="272" pin="3"/><net_sink comp="162" pin=2"/></net>

<net id="289"><net_src comp="280" pin="3"/><net_sink comp="162" pin=0"/></net>

<net id="295"><net_src comp="2" pin="0"/><net_sink comp="290" pin=0"/></net>

<net id="296"><net_src comp="4" pin="0"/><net_sink comp="290" pin=1"/></net>

<net id="297"><net_src comp="24" pin="0"/><net_sink comp="290" pin=2"/></net>

<net id="298"><net_src comp="290" pin="3"/><net_sink comp="181" pin=2"/></net>

<net id="304"><net_src comp="2" pin="0"/><net_sink comp="299" pin=0"/></net>

<net id="305"><net_src comp="4" pin="0"/><net_sink comp="299" pin=1"/></net>

<net id="306"><net_src comp="26" pin="0"/><net_sink comp="299" pin=2"/></net>

<net id="307"><net_src comp="299" pin="3"/><net_sink comp="181" pin=0"/></net>

<net id="351"><net_src comp="308" pin="2"/><net_sink comp="348" pin=0"/></net>

<net id="355"><net_src comp="320" pin="2"/><net_sink comp="352" pin=0"/></net>

<net id="359"><net_src comp="328" pin="2"/><net_sink comp="356" pin=0"/></net>

<net id="363"><net_src comp="312" pin="2"/><net_sink comp="360" pin=0"/></net>

<net id="369"><net_src comp="12" pin="0"/><net_sink comp="364" pin=0"/></net>

<net id="370"><net_src comp="162" pin="3"/><net_sink comp="364" pin=1"/></net>

<net id="371"><net_src comp="162" pin="7"/><net_sink comp="364" pin=2"/></net>

<net id="377"><net_src comp="12" pin="0"/><net_sink comp="372" pin=0"/></net>

<net id="378"><net_src comp="181" pin="3"/><net_sink comp="372" pin=1"/></net>

<net id="379"><net_src comp="181" pin="7"/><net_sink comp="372" pin=2"/></net>

<net id="383"><net_src comp="364" pin="3"/><net_sink comp="380" pin=0"/></net>

<net id="384"><net_src comp="380" pin="1"/><net_sink comp="336" pin=1"/></net>

<net id="388"><net_src comp="372" pin="3"/><net_sink comp="385" pin=0"/></net>

<net id="389"><net_src comp="385" pin="1"/><net_sink comp="336" pin=0"/></net>

<net id="393"><net_src comp="336" pin="2"/><net_sink comp="390" pin=0"/></net>

<net id="399"><net_src comp="12" pin="0"/><net_sink comp="394" pin=0"/></net>

<net id="400"><net_src comp="162" pin="3"/><net_sink comp="394" pin=1"/></net>

<net id="401"><net_src comp="162" pin="7"/><net_sink comp="394" pin=2"/></net>

<net id="405"><net_src comp="394" pin="3"/><net_sink comp="402" pin=0"/></net>

<net id="406"><net_src comp="402" pin="1"/><net_sink comp="336" pin=1"/></net>

<net id="412"><net_src comp="12" pin="0"/><net_sink comp="407" pin=0"/></net>

<net id="413"><net_src comp="181" pin="3"/><net_sink comp="407" pin=1"/></net>

<net id="414"><net_src comp="181" pin="7"/><net_sink comp="407" pin=2"/></net>

<net id="418"><net_src comp="407" pin="3"/><net_sink comp="415" pin=0"/></net>

<net id="419"><net_src comp="415" pin="1"/><net_sink comp="336" pin=0"/></net>

<net id="426"><net_src comp="394" pin="3"/><net_sink comp="423" pin=0"/></net>

<net id="431"><net_src comp="162" pin="7"/><net_sink comp="427" pin=0"/></net>

<net id="436"><net_src comp="423" pin="1"/><net_sink comp="432" pin=0"/></net>

<net id="437"><net_src comp="420" pin="1"/><net_sink comp="432" pin=1"/></net>

<net id="444"><net_src comp="407" pin="3"/><net_sink comp="441" pin=0"/></net>

<net id="449"><net_src comp="181" pin="7"/><net_sink comp="445" pin=0"/></net>

<net id="454"><net_src comp="441" pin="1"/><net_sink comp="450" pin=0"/></net>

<net id="455"><net_src comp="438" pin="1"/><net_sink comp="450" pin=1"/></net>

<net id="462"><net_src comp="18" pin="0"/><net_sink comp="456" pin=0"/></net>

<net id="463"><net_src comp="432" pin="2"/><net_sink comp="456" pin=1"/></net>

<net id="464"><net_src comp="20" pin="0"/><net_sink comp="456" pin=2"/></net>

<net id="465"><net_src comp="22" pin="0"/><net_sink comp="456" pin=3"/></net>

<net id="472"><net_src comp="18" pin="0"/><net_sink comp="466" pin=0"/></net>

<net id="473"><net_src comp="450" pin="2"/><net_sink comp="466" pin=1"/></net>

<net id="474"><net_src comp="20" pin="0"/><net_sink comp="466" pin=2"/></net>

<net id="475"><net_src comp="22" pin="0"/><net_sink comp="466" pin=3"/></net>

<net id="479"><net_src comp="427" pin="2"/><net_sink comp="476" pin=0"/></net>

<net id="480"><net_src comp="476" pin="1"/><net_sink comp="308" pin=1"/></net>

<net id="484"><net_src comp="445" pin="2"/><net_sink comp="481" pin=0"/></net>

<net id="485"><net_src comp="481" pin="1"/><net_sink comp="308" pin=0"/></net>

<net id="489"><net_src comp="456" pin="4"/><net_sink comp="486" pin=0"/></net>

<net id="490"><net_src comp="486" pin="1"/><net_sink comp="320" pin=1"/></net>

<net id="494"><net_src comp="466" pin="4"/><net_sink comp="491" pin=0"/></net>

<net id="495"><net_src comp="491" pin="1"/><net_sink comp="320" pin=0"/></net>

<net id="499"><net_src comp="427" pin="2"/><net_sink comp="496" pin=0"/></net>

<net id="503"><net_src comp="456" pin="4"/><net_sink comp="500" pin=0"/></net>

<net id="508"><net_src comp="500" pin="1"/><net_sink comp="504" pin=0"/></net>

<net id="509"><net_src comp="496" pin="1"/><net_sink comp="504" pin=1"/></net>

<net id="513"><net_src comp="445" pin="2"/><net_sink comp="510" pin=0"/></net>

<net id="517"><net_src comp="466" pin="4"/><net_sink comp="514" pin=0"/></net>

<net id="522"><net_src comp="514" pin="1"/><net_sink comp="518" pin=0"/></net>

<net id="523"><net_src comp="510" pin="1"/><net_sink comp="518" pin=1"/></net>

<net id="527"><net_src comp="524" pin="1"/><net_sink comp="328" pin=1"/></net>

<net id="531"><net_src comp="528" pin="1"/><net_sink comp="328" pin=0"/></net>

<net id="537"><net_src comp="12" pin="0"/><net_sink comp="532" pin=0"/></net>

<net id="538"><net_src comp="162" pin="3"/><net_sink comp="532" pin=1"/></net>

<net id="539"><net_src comp="162" pin="7"/><net_sink comp="532" pin=2"/></net>

<net id="545"><net_src comp="12" pin="0"/><net_sink comp="540" pin=0"/></net>

<net id="546"><net_src comp="181" pin="3"/><net_sink comp="540" pin=1"/></net>

<net id="547"><net_src comp="181" pin="7"/><net_sink comp="540" pin=2"/></net>

<net id="551"><net_src comp="532" pin="3"/><net_sink comp="548" pin=0"/></net>

<net id="552"><net_src comp="548" pin="1"/><net_sink comp="336" pin=1"/></net>

<net id="556"><net_src comp="540" pin="3"/><net_sink comp="553" pin=0"/></net>

<net id="557"><net_src comp="553" pin="1"/><net_sink comp="336" pin=0"/></net>

<net id="565"><net_src comp="28" pin="0"/><net_sink comp="558" pin=0"/></net>

<net id="572"><net_src comp="30" pin="0"/><net_sink comp="566" pin=0"/></net>

<net id="580"><net_src comp="28" pin="0"/><net_sink comp="573" pin=0"/></net>

<net id="587"><net_src comp="30" pin="0"/><net_sink comp="581" pin=0"/></net>

<net id="595"><net_src comp="28" pin="0"/><net_sink comp="588" pin=0"/></net>

<net id="596"><net_src comp="162" pin="3"/><net_sink comp="588" pin=1"/></net>

<net id="597"><net_src comp="162" pin="7"/><net_sink comp="588" pin=2"/></net>

<net id="604"><net_src comp="30" pin="0"/><net_sink comp="598" pin=0"/></net>

<net id="605"><net_src comp="162" pin="7"/><net_sink comp="598" pin=1"/></net>

<net id="613"><net_src comp="28" pin="0"/><net_sink comp="606" pin=0"/></net>

<net id="614"><net_src comp="181" pin="3"/><net_sink comp="606" pin=1"/></net>

<net id="615"><net_src comp="181" pin="7"/><net_sink comp="606" pin=2"/></net>

<net id="622"><net_src comp="30" pin="0"/><net_sink comp="616" pin=0"/></net>

<net id="623"><net_src comp="181" pin="7"/><net_sink comp="616" pin=1"/></net>

<net id="627"><net_src comp="356" pin="1"/><net_sink comp="624" pin=0"/></net>

<net id="631"><net_src comp="348" pin="1"/><net_sink comp="628" pin=0"/></net>

<net id="635"><net_src comp="352" pin="1"/><net_sink comp="632" pin=0"/></net>

<net id="640"><net_src comp="632" pin="1"/><net_sink comp="636" pin=0"/></net>

<net id="641"><net_src comp="628" pin="1"/><net_sink comp="636" pin=1"/></net>

<net id="645"><net_src comp="636" pin="2"/><net_sink comp="642" pin=0"/></net>

<net id="650"><net_src comp="624" pin="1"/><net_sink comp="646" pin=0"/></net>

<net id="651"><net_src comp="642" pin="1"/><net_sink comp="646" pin=1"/></net>

<net id="657"><net_src comp="32" pin="0"/><net_sink comp="652" pin=0"/></net>

<net id="658"><net_src comp="646" pin="2"/><net_sink comp="652" pin=1"/></net>

<net id="659"><net_src comp="4" pin="0"/><net_sink comp="652" pin=2"/></net>

<net id="663"><net_src comp="652" pin="3"/><net_sink comp="660" pin=0"/></net>

<net id="669"><net_src comp="34" pin="0"/><net_sink comp="664" pin=0"/></net>

<net id="670"><net_src comp="352" pin="1"/><net_sink comp="664" pin=1"/></net>

<net id="671"><net_src comp="348" pin="1"/><net_sink comp="664" pin=2"/></net>

<net id="676"><net_src comp="660" pin="1"/><net_sink comp="672" pin=0"/></net>

<net id="677"><net_src comp="664" pin="3"/><net_sink comp="672" pin=1"/></net>

<net id="683"><net_src comp="36" pin="0"/><net_sink comp="678" pin=0"/></net>

<net id="684"><net_src comp="646" pin="2"/><net_sink comp="678" pin=1"/></net>

<net id="685"><net_src comp="38" pin="0"/><net_sink comp="678" pin=2"/></net>

<net id="691"><net_src comp="40" pin="0"/><net_sink comp="686" pin=0"/></net>

<net id="692"><net_src comp="678" pin="3"/><net_sink comp="686" pin=1"/></net>

<net id="693"><net_src comp="672" pin="2"/><net_sink comp="686" pin=2"/></net>

<net id="697"><net_src comp="686" pin="3"/><net_sink comp="694" pin=0"/></net>

<net id="708"><net_src comp="701" pin="1"/><net_sink comp="704" pin=0"/></net>

<net id="709"><net_src comp="698" pin="1"/><net_sink comp="704" pin=1"/></net>

<net id="713"><net_src comp="704" pin="2"/><net_sink comp="710" pin=0"/></net>

<net id="718"><net_src comp="694" pin="1"/><net_sink comp="714" pin=0"/></net>

<net id="719"><net_src comp="710" pin="1"/><net_sink comp="714" pin=1"/></net>

<net id="725"><net_src comp="42" pin="0"/><net_sink comp="720" pin=0"/></net>

<net id="726"><net_src comp="714" pin="2"/><net_sink comp="720" pin=1"/></net>

<net id="727"><net_src comp="44" pin="0"/><net_sink comp="720" pin=2"/></net>

<net id="731"><net_src comp="720" pin="3"/><net_sink comp="728" pin=0"/></net>

<net id="737"><net_src comp="46" pin="0"/><net_sink comp="732" pin=0"/></net>

<net id="742"><net_src comp="728" pin="1"/><net_sink comp="738" pin=0"/></net>

<net id="743"><net_src comp="732" pin="3"/><net_sink comp="738" pin=1"/></net>

<net id="749"><net_src comp="12" pin="0"/><net_sink comp="744" pin=0"/></net>

<net id="750"><net_src comp="162" pin="3"/><net_sink comp="744" pin=1"/></net>

<net id="751"><net_src comp="162" pin="7"/><net_sink comp="744" pin=2"/></net>

<net id="757"><net_src comp="12" pin="0"/><net_sink comp="752" pin=0"/></net>

<net id="758"><net_src comp="181" pin="3"/><net_sink comp="752" pin=1"/></net>

<net id="759"><net_src comp="181" pin="7"/><net_sink comp="752" pin=2"/></net>

<net id="763"><net_src comp="744" pin="3"/><net_sink comp="760" pin=0"/></net>

<net id="764"><net_src comp="760" pin="1"/><net_sink comp="336" pin=1"/></net>

<net id="768"><net_src comp="752" pin="3"/><net_sink comp="765" pin=0"/></net>

<net id="769"><net_src comp="765" pin="1"/><net_sink comp="336" pin=0"/></net>

<net id="776"><net_src comp="744" pin="3"/><net_sink comp="773" pin=0"/></net>

<net id="781"><net_src comp="162" pin="7"/><net_sink comp="777" pin=1"/></net>

<net id="786"><net_src comp="770" pin="1"/><net_sink comp="782" pin=0"/></net>

<net id="787"><net_src comp="773" pin="1"/><net_sink comp="782" pin=1"/></net>

<net id="794"><net_src comp="752" pin="3"/><net_sink comp="791" pin=0"/></net>

<net id="799"><net_src comp="181" pin="7"/><net_sink comp="795" pin=1"/></net>

<net id="804"><net_src comp="788" pin="1"/><net_sink comp="800" pin=0"/></net>

<net id="805"><net_src comp="791" pin="1"/><net_sink comp="800" pin=1"/></net>

<net id="812"><net_src comp="18" pin="0"/><net_sink comp="806" pin=0"/></net>

<net id="813"><net_src comp="782" pin="2"/><net_sink comp="806" pin=1"/></net>

<net id="814"><net_src comp="20" pin="0"/><net_sink comp="806" pin=2"/></net>

<net id="815"><net_src comp="22" pin="0"/><net_sink comp="806" pin=3"/></net>

<net id="822"><net_src comp="18" pin="0"/><net_sink comp="816" pin=0"/></net>

<net id="823"><net_src comp="800" pin="2"/><net_sink comp="816" pin=1"/></net>

<net id="824"><net_src comp="20" pin="0"/><net_sink comp="816" pin=2"/></net>

<net id="825"><net_src comp="22" pin="0"/><net_sink comp="816" pin=3"/></net>

<net id="829"><net_src comp="777" pin="2"/><net_sink comp="826" pin=0"/></net>

<net id="830"><net_src comp="826" pin="1"/><net_sink comp="308" pin=1"/></net>

<net id="834"><net_src comp="795" pin="2"/><net_sink comp="831" pin=0"/></net>

<net id="835"><net_src comp="831" pin="1"/><net_sink comp="308" pin=0"/></net>

<net id="839"><net_src comp="806" pin="4"/><net_sink comp="836" pin=0"/></net>

<net id="840"><net_src comp="836" pin="1"/><net_sink comp="320" pin=1"/></net>

<net id="844"><net_src comp="816" pin="4"/><net_sink comp="841" pin=0"/></net>

<net id="845"><net_src comp="841" pin="1"/><net_sink comp="320" pin=0"/></net>

<net id="849"><net_src comp="777" pin="2"/><net_sink comp="846" pin=0"/></net>

<net id="853"><net_src comp="806" pin="4"/><net_sink comp="850" pin=0"/></net>

<net id="858"><net_src comp="850" pin="1"/><net_sink comp="854" pin=0"/></net>

<net id="859"><net_src comp="846" pin="1"/><net_sink comp="854" pin=1"/></net>

<net id="863"><net_src comp="795" pin="2"/><net_sink comp="860" pin=0"/></net>

<net id="867"><net_src comp="816" pin="4"/><net_sink comp="864" pin=0"/></net>

<net id="872"><net_src comp="864" pin="1"/><net_sink comp="868" pin=0"/></net>

<net id="873"><net_src comp="860" pin="1"/><net_sink comp="868" pin=1"/></net>

<net id="877"><net_src comp="558" pin="5"/><net_sink comp="874" pin=0"/></net>

<net id="881"><net_src comp="588" pin="5"/><net_sink comp="878" pin=0"/></net>

<net id="886"><net_src comp="598" pin="4"/><net_sink comp="882" pin=0"/></net>

<net id="887"><net_src comp="566" pin="4"/><net_sink comp="882" pin=1"/></net>

<net id="892"><net_src comp="878" pin="1"/><net_sink comp="888" pin=0"/></net>

<net id="893"><net_src comp="874" pin="1"/><net_sink comp="888" pin=1"/></net>

<net id="897"><net_src comp="573" pin="5"/><net_sink comp="894" pin=0"/></net>

<net id="901"><net_src comp="606" pin="5"/><net_sink comp="898" pin=0"/></net>

<net id="906"><net_src comp="616" pin="4"/><net_sink comp="902" pin=0"/></net>

<net id="907"><net_src comp="581" pin="4"/><net_sink comp="902" pin=1"/></net>

<net id="912"><net_src comp="898" pin="1"/><net_sink comp="908" pin=0"/></net>

<net id="913"><net_src comp="894" pin="1"/><net_sink comp="908" pin=1"/></net>

<net id="917"><net_src comp="882" pin="2"/><net_sink comp="914" pin=0"/></net>

<net id="921"><net_src comp="902" pin="2"/><net_sink comp="918" pin=0"/></net>

<net id="925"><net_src comp="914" pin="1"/><net_sink comp="922" pin=0"/></net>

<net id="929"><net_src comp="918" pin="1"/><net_sink comp="926" pin=0"/></net>

<net id="936"><net_src comp="48" pin="0"/><net_sink comp="930" pin=0"/></net>

<net id="937"><net_src comp="882" pin="2"/><net_sink comp="930" pin=1"/></net>

<net id="938"><net_src comp="22" pin="0"/><net_sink comp="930" pin=2"/></net>

<net id="939"><net_src comp="50" pin="0"/><net_sink comp="930" pin=3"/></net>

<net id="946"><net_src comp="48" pin="0"/><net_sink comp="940" pin=0"/></net>

<net id="947"><net_src comp="902" pin="2"/><net_sink comp="940" pin=1"/></net>

<net id="948"><net_src comp="22" pin="0"/><net_sink comp="940" pin=2"/></net>

<net id="949"><net_src comp="50" pin="0"/><net_sink comp="940" pin=3"/></net>

<net id="953"><net_src comp="930" pin="4"/><net_sink comp="950" pin=0"/></net>

<net id="954"><net_src comp="950" pin="1"/><net_sink comp="312" pin=1"/></net>

<net id="958"><net_src comp="940" pin="4"/><net_sink comp="955" pin=0"/></net>

<net id="959"><net_src comp="955" pin="1"/><net_sink comp="312" pin=0"/></net>

<net id="966"><net_src comp="52" pin="0"/><net_sink comp="960" pin=0"/></net>

<net id="967"><net_src comp="888" pin="2"/><net_sink comp="960" pin=1"/></net>

<net id="968"><net_src comp="54" pin="0"/><net_sink comp="960" pin=2"/></net>

<net id="969"><net_src comp="56" pin="0"/><net_sink comp="960" pin=3"/></net>

<net id="973"><net_src comp="960" pin="4"/><net_sink comp="970" pin=0"/></net>

<net id="974"><net_src comp="970" pin="1"/><net_sink comp="324" pin=1"/></net>

<net id="981"><net_src comp="52" pin="0"/><net_sink comp="975" pin=0"/></net>

<net id="982"><net_src comp="908" pin="2"/><net_sink comp="975" pin=1"/></net>

<net id="983"><net_src comp="54" pin="0"/><net_sink comp="975" pin=2"/></net>

<net id="984"><net_src comp="56" pin="0"/><net_sink comp="975" pin=3"/></net>

<net id="988"><net_src comp="975" pin="4"/><net_sink comp="985" pin=0"/></net>

<net id="989"><net_src comp="985" pin="1"/><net_sink comp="324" pin=0"/></net>

<net id="993"><net_src comp="930" pin="4"/><net_sink comp="990" pin=0"/></net>

<net id="997"><net_src comp="960" pin="4"/><net_sink comp="994" pin=0"/></net>

<net id="1002"><net_src comp="994" pin="1"/><net_sink comp="998" pin=0"/></net>

<net id="1003"><net_src comp="990" pin="1"/><net_sink comp="998" pin=1"/></net>

<net id="1007"><net_src comp="940" pin="4"/><net_sink comp="1004" pin=0"/></net>

<net id="1011"><net_src comp="975" pin="4"/><net_sink comp="1008" pin=0"/></net>

<net id="1016"><net_src comp="1008" pin="1"/><net_sink comp="1012" pin=0"/></net>

<net id="1017"><net_src comp="1004" pin="1"/><net_sink comp="1012" pin=1"/></net>

<net id="1024"><net_src comp="58" pin="0"/><net_sink comp="1018" pin=0"/></net>

<net id="1025"><net_src comp="888" pin="2"/><net_sink comp="1018" pin=1"/></net>

<net id="1026"><net_src comp="22" pin="0"/><net_sink comp="1018" pin=2"/></net>

<net id="1027"><net_src comp="56" pin="0"/><net_sink comp="1018" pin=3"/></net>

<net id="1031"><net_src comp="1018" pin="4"/><net_sink comp="1028" pin=0"/></net>

<net id="1036"><net_src comp="1028" pin="1"/><net_sink comp="1032" pin=0"/></net>

<net id="1037"><net_src comp="922" pin="1"/><net_sink comp="1032" pin=1"/></net>

<net id="1044"><net_src comp="58" pin="0"/><net_sink comp="1038" pin=0"/></net>

<net id="1045"><net_src comp="908" pin="2"/><net_sink comp="1038" pin=1"/></net>

<net id="1046"><net_src comp="22" pin="0"/><net_sink comp="1038" pin=2"/></net>

<net id="1047"><net_src comp="56" pin="0"/><net_sink comp="1038" pin=3"/></net>

<net id="1051"><net_src comp="1038" pin="4"/><net_sink comp="1048" pin=0"/></net>

<net id="1056"><net_src comp="1048" pin="1"/><net_sink comp="1052" pin=0"/></net>

<net id="1057"><net_src comp="926" pin="1"/><net_sink comp="1052" pin=1"/></net>

<net id="1061"><net_src comp="1032" pin="2"/><net_sink comp="1058" pin=0"/></net>

<net id="1065"><net_src comp="1052" pin="2"/><net_sink comp="1062" pin=0"/></net>

<net id="1072"><net_src comp="60" pin="0"/><net_sink comp="1066" pin=0"/></net>

<net id="1073"><net_src comp="1032" pin="2"/><net_sink comp="1066" pin=1"/></net>

<net id="1074"><net_src comp="22" pin="0"/><net_sink comp="1066" pin=2"/></net>

<net id="1075"><net_src comp="62" pin="0"/><net_sink comp="1066" pin=3"/></net>

<net id="1082"><net_src comp="60" pin="0"/><net_sink comp="1076" pin=0"/></net>

<net id="1083"><net_src comp="1052" pin="2"/><net_sink comp="1076" pin=1"/></net>

<net id="1084"><net_src comp="22" pin="0"/><net_sink comp="1076" pin=2"/></net>

<net id="1085"><net_src comp="62" pin="0"/><net_sink comp="1076" pin=3"/></net>

<net id="1089"><net_src comp="1086" pin="1"/><net_sink comp="328" pin=1"/></net>

<net id="1093"><net_src comp="1090" pin="1"/><net_sink comp="328" pin=0"/></net>

<net id="1097"><net_src comp="1094" pin="1"/><net_sink comp="340" pin=1"/></net>

<net id="1101"><net_src comp="1098" pin="1"/><net_sink comp="340" pin=0"/></net>

<net id="1105"><net_src comp="1102" pin="1"/><net_sink comp="332" pin=1"/></net>

<net id="1109"><net_src comp="1106" pin="1"/><net_sink comp="332" pin=0"/></net>

<net id="1113"><net_src comp="332" pin="2"/><net_sink comp="1110" pin=0"/></net>

<net id="1117"><net_src comp="360" pin="1"/><net_sink comp="1114" pin=0"/></net>

<net id="1125"><net_src comp="1118" pin="1"/><net_sink comp="1121" pin=0"/></net>

<net id="1126"><net_src comp="1114" pin="1"/><net_sink comp="1121" pin=1"/></net>

<net id="1130"><net_src comp="1121" pin="2"/><net_sink comp="1127" pin=0"/></net>

<net id="1135"><net_src comp="1110" pin="1"/><net_sink comp="1131" pin=0"/></net>

<net id="1136"><net_src comp="1127" pin="1"/><net_sink comp="1131" pin=1"/></net>

<net id="1142"><net_src comp="32" pin="0"/><net_sink comp="1137" pin=0"/></net>

<net id="1143"><net_src comp="1131" pin="2"/><net_sink comp="1137" pin=1"/></net>

<net id="1144"><net_src comp="4" pin="0"/><net_sink comp="1137" pin=2"/></net>

<net id="1148"><net_src comp="1137" pin="3"/><net_sink comp="1145" pin=0"/></net>

<net id="1154"><net_src comp="34" pin="0"/><net_sink comp="1149" pin=0"/></net>

<net id="1155"><net_src comp="360" pin="1"/><net_sink comp="1149" pin=2"/></net>

<net id="1160"><net_src comp="1145" pin="1"/><net_sink comp="1156" pin=0"/></net>

<net id="1161"><net_src comp="1149" pin="3"/><net_sink comp="1156" pin=1"/></net>

<net id="1167"><net_src comp="36" pin="0"/><net_sink comp="1162" pin=0"/></net>

<net id="1168"><net_src comp="1131" pin="2"/><net_sink comp="1162" pin=1"/></net>

<net id="1169"><net_src comp="38" pin="0"/><net_sink comp="1162" pin=2"/></net>

<net id="1173"><net_src comp="1170" pin="1"/><net_sink comp="344" pin=1"/></net>

<net id="1177"><net_src comp="1174" pin="1"/><net_sink comp="344" pin=0"/></net>

<net id="1181"><net_src comp="356" pin="1"/><net_sink comp="1178" pin=0"/></net>

<net id="1185"><net_src comp="348" pin="1"/><net_sink comp="1182" pin=0"/></net>

<net id="1189"><net_src comp="352" pin="1"/><net_sink comp="1186" pin=0"/></net>

<net id="1194"><net_src comp="1186" pin="1"/><net_sink comp="1190" pin=0"/></net>

<net id="1195"><net_src comp="1182" pin="1"/><net_sink comp="1190" pin=1"/></net>

<net id="1199"><net_src comp="1190" pin="2"/><net_sink comp="1196" pin=0"/></net>

<net id="1204"><net_src comp="1178" pin="1"/><net_sink comp="1200" pin=0"/></net>

<net id="1205"><net_src comp="1196" pin="1"/><net_sink comp="1200" pin=1"/></net>

<net id="1211"><net_src comp="32" pin="0"/><net_sink comp="1206" pin=0"/></net>

<net id="1212"><net_src comp="1200" pin="2"/><net_sink comp="1206" pin=1"/></net>

<net id="1213"><net_src comp="4" pin="0"/><net_sink comp="1206" pin=2"/></net>

<net id="1217"><net_src comp="1206" pin="3"/><net_sink comp="1214" pin=0"/></net>

<net id="1223"><net_src comp="34" pin="0"/><net_sink comp="1218" pin=0"/></net>

<net id="1224"><net_src comp="352" pin="1"/><net_sink comp="1218" pin=1"/></net>

<net id="1225"><net_src comp="348" pin="1"/><net_sink comp="1218" pin=2"/></net>

<net id="1230"><net_src comp="1214" pin="1"/><net_sink comp="1226" pin=0"/></net>

<net id="1231"><net_src comp="1218" pin="3"/><net_sink comp="1226" pin=1"/></net>

<net id="1237"><net_src comp="36" pin="0"/><net_sink comp="1232" pin=0"/></net>

<net id="1238"><net_src comp="1200" pin="2"/><net_sink comp="1232" pin=1"/></net>

<net id="1239"><net_src comp="38" pin="0"/><net_sink comp="1232" pin=2"/></net>

<net id="1245"><net_src comp="40" pin="0"/><net_sink comp="1240" pin=0"/></net>

<net id="1246"><net_src comp="1232" pin="3"/><net_sink comp="1240" pin=1"/></net>

<net id="1247"><net_src comp="1226" pin="2"/><net_sink comp="1240" pin=2"/></net>

<net id="1251"><net_src comp="1240" pin="3"/><net_sink comp="1248" pin=0"/></net>

<net id="1262"><net_src comp="1255" pin="1"/><net_sink comp="1258" pin=0"/></net>

<net id="1263"><net_src comp="1252" pin="1"/><net_sink comp="1258" pin=1"/></net>

<net id="1267"><net_src comp="1258" pin="2"/><net_sink comp="1264" pin=0"/></net>

<net id="1272"><net_src comp="1248" pin="1"/><net_sink comp="1268" pin=0"/></net>

<net id="1273"><net_src comp="1264" pin="1"/><net_sink comp="1268" pin=1"/></net>

<net id="1284"><net_src comp="1277" pin="1"/><net_sink comp="1280" pin=0"/></net>

<net id="1285"><net_src comp="1274" pin="1"/><net_sink comp="1280" pin=1"/></net>

<net id="1296"><net_src comp="1289" pin="1"/><net_sink comp="1292" pin=0"/></net>

<net id="1297"><net_src comp="1286" pin="1"/><net_sink comp="1292" pin=1"/></net>

<net id="1301"><net_src comp="1280" pin="2"/><net_sink comp="1298" pin=0"/></net>

<net id="1305"><net_src comp="1292" pin="2"/><net_sink comp="1302" pin=0"/></net>

<net id="1312"><net_src comp="18" pin="0"/><net_sink comp="1306" pin=0"/></net>

<net id="1313"><net_src comp="1280" pin="2"/><net_sink comp="1306" pin=1"/></net>

<net id="1314"><net_src comp="20" pin="0"/><net_sink comp="1306" pin=2"/></net>

<net id="1315"><net_src comp="22" pin="0"/><net_sink comp="1306" pin=3"/></net>

<net id="1319"><net_src comp="1306" pin="4"/><net_sink comp="1316" pin=0"/></net>

<net id="1320"><net_src comp="1316" pin="1"/><net_sink comp="316" pin=1"/></net>

<net id="1327"><net_src comp="18" pin="0"/><net_sink comp="1321" pin=0"/></net>

<net id="1328"><net_src comp="1292" pin="2"/><net_sink comp="1321" pin=1"/></net>

<net id="1329"><net_src comp="20" pin="0"/><net_sink comp="1321" pin=2"/></net>

<net id="1330"><net_src comp="22" pin="0"/><net_sink comp="1321" pin=3"/></net>

<net id="1334"><net_src comp="1321" pin="4"/><net_sink comp="1331" pin=0"/></net>

<net id="1335"><net_src comp="1331" pin="1"/><net_sink comp="316" pin=0"/></net>

<net id="1339"><net_src comp="1298" pin="1"/><net_sink comp="1336" pin=0"/></net>

<net id="1340"><net_src comp="1336" pin="1"/><net_sink comp="312" pin=1"/></net>

<net id="1344"><net_src comp="1302" pin="1"/><net_sink comp="1341" pin=0"/></net>

<net id="1345"><net_src comp="1341" pin="1"/><net_sink comp="312" pin=0"/></net>

<net id="1349"><net_src comp="1298" pin="1"/><net_sink comp="1346" pin=0"/></net>

<net id="1354"><net_src comp="1306" pin="4"/><net_sink comp="1350" pin=0"/></net>

<net id="1355"><net_src comp="1346" pin="1"/><net_sink comp="1350" pin=1"/></net>

<net id="1359"><net_src comp="1302" pin="1"/><net_sink comp="1356" pin=0"/></net>

<net id="1364"><net_src comp="1321" pin="4"/><net_sink comp="1360" pin=0"/></net>

<net id="1365"><net_src comp="1356" pin="1"/><net_sink comp="1360" pin=1"/></net>

<net id="1376"><net_src comp="1369" pin="1"/><net_sink comp="1372" pin=0"/></net>

<net id="1377"><net_src comp="1366" pin="1"/><net_sink comp="1372" pin=1"/></net>

<net id="1381"><net_src comp="1378" pin="1"/><net_sink comp="320" pin=1"/></net>

<net id="1385"><net_src comp="1382" pin="1"/><net_sink comp="320" pin=0"/></net>

<net id="1389"><net_src comp="360" pin="1"/><net_sink comp="1386" pin=0"/></net>

<net id="1394"><net_src comp="1386" pin="1"/><net_sink comp="1390" pin=1"/></net>

<net id="1400"><net_src comp="42" pin="0"/><net_sink comp="1395" pin=0"/></net>

<net id="1401"><net_src comp="44" pin="0"/><net_sink comp="1395" pin=2"/></net>

<net id="1405"><net_src comp="1395" pin="3"/><net_sink comp="1402" pin=0"/></net>

<net id="1411"><net_src comp="46" pin="0"/><net_sink comp="1406" pin=0"/></net>

<net id="1416"><net_src comp="1402" pin="1"/><net_sink comp="1412" pin=0"/></net>

<net id="1417"><net_src comp="1406" pin="3"/><net_sink comp="1412" pin=1"/></net>

<net id="1423"><net_src comp="40" pin="0"/><net_sink comp="1418" pin=0"/></net>

<net id="1434"><net_src comp="1424" pin="1"/><net_sink comp="1430" pin=0"/></net>

<net id="1435"><net_src comp="1427" pin="1"/><net_sink comp="1430" pin=1"/></net>

<net id="1441"><net_src comp="64" pin="0"/><net_sink comp="1436" pin=0"/></net>

<net id="1442"><net_src comp="1430" pin="2"/><net_sink comp="1436" pin=1"/></net>

<net id="1443"><net_src comp="4" pin="0"/><net_sink comp="1436" pin=2"/></net>

<net id="1447"><net_src comp="1436" pin="3"/><net_sink comp="1444" pin=0"/></net>

<net id="1453"><net_src comp="66" pin="0"/><net_sink comp="1448" pin=0"/></net>

<net id="1454"><net_src comp="360" pin="1"/><net_sink comp="1448" pin=2"/></net>

<net id="1459"><net_src comp="1444" pin="1"/><net_sink comp="1455" pin=0"/></net>

<net id="1460"><net_src comp="1448" pin="3"/><net_sink comp="1455" pin=1"/></net>

<net id="1466"><net_src comp="68" pin="0"/><net_sink comp="1461" pin=0"/></net>

<net id="1467"><net_src comp="1430" pin="2"/><net_sink comp="1461" pin=1"/></net>

<net id="1468"><net_src comp="70" pin="0"/><net_sink comp="1461" pin=2"/></net>

<net id="1474"><net_src comp="72" pin="0"/><net_sink comp="1469" pin=0"/></net>

<net id="1475"><net_src comp="1461" pin="3"/><net_sink comp="1469" pin=1"/></net>

<net id="1476"><net_src comp="1455" pin="2"/><net_sink comp="1469" pin=2"/></net>

<net id="1480"><net_src comp="1469" pin="3"/><net_sink comp="1477" pin=0"/></net>

<net id="1488"><net_src comp="1481" pin="1"/><net_sink comp="1484" pin=0"/></net>

<net id="1492"><net_src comp="1484" pin="2"/><net_sink comp="1489" pin=0"/></net>

<net id="1497"><net_src comp="1477" pin="1"/><net_sink comp="1493" pin=0"/></net>

<net id="1498"><net_src comp="1489" pin="1"/><net_sink comp="1493" pin=1"/></net>

<net id="1502"><net_src comp="1493" pin="2"/><net_sink comp="1499" pin=0"/></net>

<net id="1508"><net_src comp="74" pin="0"/><net_sink comp="1503" pin=0"/></net>

<net id="1509"><net_src comp="1499" pin="1"/><net_sink comp="1503" pin=1"/></net>

<net id="1510"><net_src comp="44" pin="0"/><net_sink comp="1503" pin=2"/></net>

<net id="1516"><net_src comp="76" pin="0"/><net_sink comp="1511" pin=0"/></net>

<net id="1521"><net_src comp="1503" pin="3"/><net_sink comp="1517" pin=0"/></net>

<net id="1522"><net_src comp="1511" pin="3"/><net_sink comp="1517" pin=1"/></net>

<net id="1529"><net_src comp="78" pin="0"/><net_sink comp="1523" pin=0"/></net>

<net id="1530"><net_src comp="1493" pin="2"/><net_sink comp="1523" pin=1"/></net>

<net id="1531"><net_src comp="38" pin="0"/><net_sink comp="1523" pin=2"/></net>

<net id="1532"><net_src comp="80" pin="0"/><net_sink comp="1523" pin=3"/></net>

<net id="1538"><net_src comp="82" pin="0"/><net_sink comp="1533" pin=0"/></net>

<net id="1539"><net_src comp="1523" pin="4"/><net_sink comp="1533" pin=1"/></net>

<net id="1540"><net_src comp="1517" pin="2"/><net_sink comp="1533" pin=2"/></net>

<net id="1544"><net_src comp="1533" pin="3"/><net_sink comp="1541" pin=0"/></net>

<net id="1551"><net_src comp="1418" pin="3"/><net_sink comp="1548" pin=0"/></net>

<net id="1555"><net_src comp="1548" pin="1"/><net_sink comp="1552" pin=0"/></net>

<net id="1560"><net_src comp="1552" pin="1"/><net_sink comp="1556" pin=0"/></net>

<net id="1561"><net_src comp="1545" pin="1"/><net_sink comp="1556" pin=1"/></net>

<net id="1565"><net_src comp="1556" pin="2"/><net_sink comp="1562" pin=0"/></net>

<net id="1570"><net_src comp="1541" pin="1"/><net_sink comp="1566" pin=0"/></net>

<net id="1571"><net_src comp="1562" pin="1"/><net_sink comp="1566" pin=1"/></net>

<net id="1578"><net_src comp="1412" pin="2"/><net_sink comp="1575" pin=0"/></net>

<net id="1583"><net_src comp="1575" pin="1"/><net_sink comp="1579" pin=0"/></net>

<net id="1584"><net_src comp="1572" pin="1"/><net_sink comp="1579" pin=1"/></net>

<net id="1591"><net_src comp="84" pin="0"/><net_sink comp="1585" pin=0"/></net>

<net id="1592"><net_src comp="1412" pin="2"/><net_sink comp="1585" pin=1"/></net>

<net id="1593"><net_src comp="86" pin="0"/><net_sink comp="1585" pin=2"/></net>

<net id="1594"><net_src comp="88" pin="0"/><net_sink comp="1585" pin=3"/></net>

<net id="1601"><net_src comp="84" pin="0"/><net_sink comp="1595" pin=0"/></net>

<net id="1602"><net_src comp="1412" pin="2"/><net_sink comp="1595" pin=1"/></net>

<net id="1603"><net_src comp="90" pin="0"/><net_sink comp="1595" pin=2"/></net>

<net id="1604"><net_src comp="92" pin="0"/><net_sink comp="1595" pin=3"/></net>

<net id="1613"><net_src comp="94" pin="0"/><net_sink comp="1608" pin=0"/></net>

<net id="1614"><net_src comp="1605" pin="1"/><net_sink comp="1608" pin=1"/></net>

<net id="1623"><net_src comp="96" pin="0"/><net_sink comp="1618" pin=0"/></net>

<net id="1624"><net_src comp="1615" pin="1"/><net_sink comp="1618" pin=1"/></net>

<net id="1625"><net_src comp="44" pin="0"/><net_sink comp="1618" pin=2"/></net>

<net id="1631"><net_src comp="98" pin="0"/><net_sink comp="1626" pin=0"/></net>

<net id="1632"><net_src comp="44" pin="0"/><net_sink comp="1626" pin=2"/></net>

<net id="1639"><net_src comp="100" pin="0"/><net_sink comp="1633" pin=0"/></net>

<net id="1643"><net_src comp="1633" pin="4"/><net_sink comp="1640" pin=0"/></net>

<net id="1648"><net_src comp="1626" pin="3"/><net_sink comp="1644" pin=0"/></net>

<net id="1649"><net_src comp="1640" pin="1"/><net_sink comp="1644" pin=1"/></net>

<net id="1657"><net_src comp="1644" pin="2"/><net_sink comp="1653" pin=0"/></net>

<net id="1658"><net_src comp="1650" pin="1"/><net_sink comp="1653" pin=1"/></net>

<net id="1664"><net_src comp="102" pin="0"/><net_sink comp="1659" pin=0"/></net>

<net id="1665"><net_src comp="1653" pin="2"/><net_sink comp="1659" pin=1"/></net>

<net id="1666"><net_src comp="104" pin="0"/><net_sink comp="1659" pin=2"/></net>

<net id="1671"><net_src comp="1618" pin="3"/><net_sink comp="1667" pin=0"/></net>

<net id="1672"><net_src comp="1608" pin="3"/><net_sink comp="1667" pin=1"/></net>

<net id="1678"><net_src comp="106" pin="0"/><net_sink comp="1673" pin=0"/></net>

<net id="1679"><net_src comp="1667" pin="2"/><net_sink comp="1673" pin=1"/></net>

<net id="1684"><net_src comp="1673" pin="3"/><net_sink comp="1680" pin=0"/></net>

<net id="1685"><net_src comp="1659" pin="3"/><net_sink comp="1680" pin=1"/></net>

<net id="1692"><net_src comp="108" pin="0"/><net_sink comp="1686" pin=0"/></net>

<net id="1693"><net_src comp="1680" pin="2"/><net_sink comp="1686" pin=1"/></net>

<net id="1694"><net_src comp="20" pin="0"/><net_sink comp="1686" pin=2"/></net>

<net id="1695"><net_src comp="110" pin="0"/><net_sink comp="1686" pin=3"/></net>

<net id="1702"><net_src comp="108" pin="0"/><net_sink comp="1696" pin=0"/></net>

<net id="1703"><net_src comp="1680" pin="2"/><net_sink comp="1696" pin=1"/></net>

<net id="1704"><net_src comp="22" pin="0"/><net_sink comp="1696" pin=2"/></net>

<net id="1705"><net_src comp="50" pin="0"/><net_sink comp="1696" pin=3"/></net>

<net id="1712"><net_src comp="108" pin="0"/><net_sink comp="1706" pin=0"/></net>

<net id="1713"><net_src comp="1680" pin="2"/><net_sink comp="1706" pin=1"/></net>

<net id="1714"><net_src comp="54" pin="0"/><net_sink comp="1706" pin=2"/></net>

<net id="1715"><net_src comp="112" pin="0"/><net_sink comp="1706" pin=3"/></net>

<net id="1722"><net_src comp="108" pin="0"/><net_sink comp="1716" pin=0"/></net>

<net id="1723"><net_src comp="1680" pin="2"/><net_sink comp="1716" pin=1"/></net>

<net id="1724"><net_src comp="56" pin="0"/><net_sink comp="1716" pin=2"/></net>

<net id="1725"><net_src comp="114" pin="0"/><net_sink comp="1716" pin=3"/></net>

<net id="1732"><net_src comp="108" pin="0"/><net_sink comp="1726" pin=0"/></net>

<net id="1733"><net_src comp="1680" pin="2"/><net_sink comp="1726" pin=1"/></net>

<net id="1734"><net_src comp="116" pin="0"/><net_sink comp="1726" pin=2"/></net>

<net id="1735"><net_src comp="118" pin="0"/><net_sink comp="1726" pin=3"/></net>

<net id="1742"><net_src comp="108" pin="0"/><net_sink comp="1736" pin=0"/></net>

<net id="1743"><net_src comp="1680" pin="2"/><net_sink comp="1736" pin=1"/></net>

<net id="1744"><net_src comp="86" pin="0"/><net_sink comp="1736" pin=2"/></net>

<net id="1745"><net_src comp="88" pin="0"/><net_sink comp="1736" pin=3"/></net>

<net id="1752"><net_src comp="108" pin="0"/><net_sink comp="1746" pin=0"/></net>

<net id="1753"><net_src comp="1680" pin="2"/><net_sink comp="1746" pin=1"/></net>

<net id="1754"><net_src comp="90" pin="0"/><net_sink comp="1746" pin=2"/></net>

<net id="1755"><net_src comp="92" pin="0"/><net_sink comp="1746" pin=3"/></net>

<net id="1762"><net_src comp="108" pin="0"/><net_sink comp="1756" pin=0"/></net>

<net id="1763"><net_src comp="1680" pin="2"/><net_sink comp="1756" pin=1"/></net>

<net id="1764"><net_src comp="120" pin="0"/><net_sink comp="1756" pin=2"/></net>

<net id="1765"><net_src comp="122" pin="0"/><net_sink comp="1756" pin=3"/></net>

<net id="1772"><net_src comp="108" pin="0"/><net_sink comp="1766" pin=0"/></net>

<net id="1773"><net_src comp="1680" pin="2"/><net_sink comp="1766" pin=1"/></net>

<net id="1774"><net_src comp="124" pin="0"/><net_sink comp="1766" pin=2"/></net>

<net id="1775"><net_src comp="126" pin="0"/><net_sink comp="1766" pin=3"/></net>

<net id="1782"><net_src comp="108" pin="0"/><net_sink comp="1776" pin=0"/></net>

<net id="1783"><net_src comp="1680" pin="2"/><net_sink comp="1776" pin=1"/></net>

<net id="1784"><net_src comp="128" pin="0"/><net_sink comp="1776" pin=2"/></net>

<net id="1785"><net_src comp="130" pin="0"/><net_sink comp="1776" pin=3"/></net>

<net id="1792"><net_src comp="108" pin="0"/><net_sink comp="1786" pin=0"/></net>

<net id="1793"><net_src comp="1680" pin="2"/><net_sink comp="1786" pin=1"/></net>

<net id="1794"><net_src comp="132" pin="0"/><net_sink comp="1786" pin=2"/></net>

<net id="1795"><net_src comp="134" pin="0"/><net_sink comp="1786" pin=3"/></net>

<net id="1802"><net_src comp="108" pin="0"/><net_sink comp="1796" pin=0"/></net>

<net id="1803"><net_src comp="1680" pin="2"/><net_sink comp="1796" pin=1"/></net>

<net id="1804"><net_src comp="136" pin="0"/><net_sink comp="1796" pin=2"/></net>

<net id="1805"><net_src comp="138" pin="0"/><net_sink comp="1796" pin=3"/></net>

<net id="1812"><net_src comp="108" pin="0"/><net_sink comp="1806" pin=0"/></net>

<net id="1813"><net_src comp="1680" pin="2"/><net_sink comp="1806" pin=1"/></net>

<net id="1814"><net_src comp="140" pin="0"/><net_sink comp="1806" pin=2"/></net>

<net id="1815"><net_src comp="142" pin="0"/><net_sink comp="1806" pin=3"/></net>

<net id="1820"><net_src comp="144" pin="0"/><net_sink comp="1816" pin=0"/></net>

<net id="1825"><net_src comp="1816" pin="2"/><net_sink comp="1821" pin=0"/></net>

<net id="1826"><net_src comp="1686" pin="4"/><net_sink comp="1821" pin=1"/></net>

<net id="1831"><net_src comp="1821" pin="2"/><net_sink comp="1827" pin=0"/></net>

<net id="1832"><net_src comp="1696" pin="4"/><net_sink comp="1827" pin=1"/></net>

<net id="1837"><net_src comp="1827" pin="2"/><net_sink comp="1833" pin=0"/></net>

<net id="1838"><net_src comp="1706" pin="4"/><net_sink comp="1833" pin=1"/></net>

<net id="1843"><net_src comp="1833" pin="2"/><net_sink comp="1839" pin=0"/></net>

<net id="1844"><net_src comp="1716" pin="4"/><net_sink comp="1839" pin=1"/></net>

<net id="1849"><net_src comp="1839" pin="2"/><net_sink comp="1845" pin=0"/></net>

<net id="1850"><net_src comp="1726" pin="4"/><net_sink comp="1845" pin=1"/></net>

<net id="1855"><net_src comp="1845" pin="2"/><net_sink comp="1851" pin=0"/></net>

<net id="1856"><net_src comp="1736" pin="4"/><net_sink comp="1851" pin=1"/></net>

<net id="1861"><net_src comp="1851" pin="2"/><net_sink comp="1857" pin=0"/></net>

<net id="1862"><net_src comp="1746" pin="4"/><net_sink comp="1857" pin=1"/></net>

<net id="1867"><net_src comp="1857" pin="2"/><net_sink comp="1863" pin=0"/></net>

<net id="1868"><net_src comp="1756" pin="4"/><net_sink comp="1863" pin=1"/></net>

<net id="1873"><net_src comp="1863" pin="2"/><net_sink comp="1869" pin=0"/></net>

<net id="1874"><net_src comp="1766" pin="4"/><net_sink comp="1869" pin=1"/></net>

<net id="1879"><net_src comp="1869" pin="2"/><net_sink comp="1875" pin=0"/></net>

<net id="1880"><net_src comp="1776" pin="4"/><net_sink comp="1875" pin=1"/></net>

<net id="1885"><net_src comp="1875" pin="2"/><net_sink comp="1881" pin=0"/></net>

<net id="1886"><net_src comp="1786" pin="4"/><net_sink comp="1881" pin=1"/></net>

<net id="1891"><net_src comp="1881" pin="2"/><net_sink comp="1887" pin=0"/></net>

<net id="1892"><net_src comp="1796" pin="4"/><net_sink comp="1887" pin=1"/></net>

<net id="1897"><net_src comp="1887" pin="2"/><net_sink comp="1893" pin=0"/></net>

<net id="1898"><net_src comp="1806" pin="4"/><net_sink comp="1893" pin=1"/></net>

<net id="1903"><net_src comp="1893" pin="2"/><net_sink comp="1899" pin=0"/></net>

<net id="1908"><net_src comp="1899" pin="2"/><net_sink comp="1904" pin=0"/></net>

<net id="1912"><net_src comp="146" pin="3"/><net_sink comp="1909" pin=0"/></net>

<net id="1913"><net_src comp="1909" pin="1"/><net_sink comp="162" pin=2"/></net>

<net id="1917"><net_src comp="154" pin="3"/><net_sink comp="1914" pin=0"/></net>

<net id="1918"><net_src comp="1914" pin="1"/><net_sink comp="162" pin=0"/></net>

<net id="1922"><net_src comp="173" pin="3"/><net_sink comp="1919" pin=0"/></net>

<net id="1923"><net_src comp="1919" pin="1"/><net_sink comp="181" pin=2"/></net>

<net id="1927"><net_src comp="191" pin="3"/><net_sink comp="1924" pin=0"/></net>

<net id="1928"><net_src comp="1924" pin="1"/><net_sink comp="181" pin=0"/></net>

<net id="1932"><net_src comp="200" pin="3"/><net_sink comp="1929" pin=0"/></net>

<net id="1933"><net_src comp="1929" pin="1"/><net_sink comp="162" pin=2"/></net>

<net id="1937"><net_src comp="208" pin="3"/><net_sink comp="1934" pin=0"/></net>

<net id="1938"><net_src comp="1934" pin="1"/><net_sink comp="162" pin=0"/></net>

<net id="1942"><net_src comp="162" pin="7"/><net_sink comp="1939" pin=0"/></net>

<net id="1943"><net_src comp="1939" pin="1"/><net_sink comp="427" pin=1"/></net>

<net id="1944"><net_src comp="1939" pin="1"/><net_sink comp="558" pin=4"/></net>

<net id="1945"><net_src comp="1939" pin="1"/><net_sink comp="566" pin=3"/></net>

<net id="1949"><net_src comp="162" pin="3"/><net_sink comp="1946" pin=0"/></net>

<net id="1950"><net_src comp="1946" pin="1"/><net_sink comp="558" pin=3"/></net>

<net id="1951"><net_src comp="1946" pin="1"/><net_sink comp="566" pin=2"/></net>

<net id="1955"><net_src comp="364" pin="3"/><net_sink comp="1952" pin=0"/></net>

<net id="1956"><net_src comp="1952" pin="1"/><net_sink comp="420" pin=0"/></net>

<net id="1960"><net_src comp="181" pin="7"/><net_sink comp="1957" pin=0"/></net>

<net id="1961"><net_src comp="1957" pin="1"/><net_sink comp="445" pin=1"/></net>

<net id="1962"><net_src comp="1957" pin="1"/><net_sink comp="573" pin=4"/></net>

<net id="1963"><net_src comp="1957" pin="1"/><net_sink comp="581" pin=3"/></net>

<net id="1967"><net_src comp="181" pin="3"/><net_sink comp="1964" pin=0"/></net>

<net id="1968"><net_src comp="1964" pin="1"/><net_sink comp="573" pin=3"/></net>

<net id="1969"><net_src comp="1964" pin="1"/><net_sink comp="581" pin=2"/></net>

<net id="1973"><net_src comp="218" pin="3"/><net_sink comp="1970" pin=0"/></net>

<net id="1974"><net_src comp="1970" pin="1"/><net_sink comp="181" pin=2"/></net>

<net id="1978"><net_src comp="372" pin="3"/><net_sink comp="1975" pin=0"/></net>

<net id="1979"><net_src comp="1975" pin="1"/><net_sink comp="438" pin=0"/></net>

<net id="1983"><net_src comp="227" pin="3"/><net_sink comp="1980" pin=0"/></net>

<net id="1984"><net_src comp="1980" pin="1"/><net_sink comp="181" pin=0"/></net>

<net id="1988"><net_src comp="336" pin="2"/><net_sink comp="1985" pin=0"/></net>

<net id="1989"><net_src comp="1985" pin="1"/><net_sink comp="698" pin=0"/></net>

<net id="1990"><net_src comp="1985" pin="1"/><net_sink comp="732" pin=2"/></net>

<net id="1994"><net_src comp="390" pin="1"/><net_sink comp="1991" pin=0"/></net>

<net id="1995"><net_src comp="1991" pin="1"/><net_sink comp="1816" pin=1"/></net>

<net id="1999"><net_src comp="236" pin="3"/><net_sink comp="1996" pin=0"/></net>

<net id="2000"><net_src comp="1996" pin="1"/><net_sink comp="162" pin=2"/></net>

<net id="2004"><net_src comp="244" pin="3"/><net_sink comp="2001" pin=0"/></net>

<net id="2005"><net_src comp="2001" pin="1"/><net_sink comp="162" pin=0"/></net>

<net id="2009"><net_src comp="162" pin="7"/><net_sink comp="2006" pin=0"/></net>

<net id="2010"><net_src comp="2006" pin="1"/><net_sink comp="558" pin=2"/></net>

<net id="2011"><net_src comp="2006" pin="1"/><net_sink comp="566" pin=1"/></net>

<net id="2015"><net_src comp="162" pin="3"/><net_sink comp="2012" pin=0"/></net>

<net id="2016"><net_src comp="2012" pin="1"/><net_sink comp="558" pin=1"/></net>

<net id="2020"><net_src comp="181" pin="7"/><net_sink comp="2017" pin=0"/></net>

<net id="2021"><net_src comp="2017" pin="1"/><net_sink comp="573" pin=2"/></net>

<net id="2022"><net_src comp="2017" pin="1"/><net_sink comp="581" pin=1"/></net>

<net id="2026"><net_src comp="181" pin="3"/><net_sink comp="2023" pin=0"/></net>

<net id="2027"><net_src comp="2023" pin="1"/><net_sink comp="573" pin=1"/></net>

<net id="2031"><net_src comp="254" pin="3"/><net_sink comp="2028" pin=0"/></net>

<net id="2032"><net_src comp="2028" pin="1"/><net_sink comp="181" pin=2"/></net>

<net id="2036"><net_src comp="263" pin="3"/><net_sink comp="2033" pin=0"/></net>

<net id="2037"><net_src comp="2033" pin="1"/><net_sink comp="181" pin=0"/></net>

<net id="2041"><net_src comp="336" pin="2"/><net_sink comp="2038" pin=0"/></net>

<net id="2042"><net_src comp="2038" pin="1"/><net_sink comp="701" pin=0"/></net>

<net id="2043"><net_src comp="2038" pin="1"/><net_sink comp="732" pin=1"/></net>

<net id="2047"><net_src comp="504" pin="2"/><net_sink comp="2044" pin=0"/></net>

<net id="2048"><net_src comp="2044" pin="1"/><net_sink comp="524" pin=0"/></net>

<net id="2052"><net_src comp="518" pin="2"/><net_sink comp="2049" pin=0"/></net>

<net id="2053"><net_src comp="2049" pin="1"/><net_sink comp="528" pin=0"/></net>

<net id="2057"><net_src comp="272" pin="3"/><net_sink comp="2054" pin=0"/></net>

<net id="2058"><net_src comp="2054" pin="1"/><net_sink comp="162" pin=2"/></net>

<net id="2062"><net_src comp="280" pin="3"/><net_sink comp="2059" pin=0"/></net>

<net id="2063"><net_src comp="2059" pin="1"/><net_sink comp="162" pin=0"/></net>

<net id="2067"><net_src comp="162" pin="7"/><net_sink comp="2064" pin=0"/></net>

<net id="2068"><net_src comp="2064" pin="1"/><net_sink comp="588" pin=4"/></net>

<net id="2069"><net_src comp="2064" pin="1"/><net_sink comp="598" pin=3"/></net>

<net id="2070"><net_src comp="2064" pin="1"/><net_sink comp="777" pin=0"/></net>

<net id="2074"><net_src comp="162" pin="3"/><net_sink comp="2071" pin=0"/></net>

<net id="2075"><net_src comp="2071" pin="1"/><net_sink comp="588" pin=3"/></net>

<net id="2076"><net_src comp="2071" pin="1"/><net_sink comp="598" pin=2"/></net>

<net id="2080"><net_src comp="181" pin="7"/><net_sink comp="2077" pin=0"/></net>

<net id="2081"><net_src comp="2077" pin="1"/><net_sink comp="606" pin=4"/></net>

<net id="2082"><net_src comp="2077" pin="1"/><net_sink comp="616" pin=3"/></net>

<net id="2083"><net_src comp="2077" pin="1"/><net_sink comp="795" pin=0"/></net>

<net id="2087"><net_src comp="181" pin="3"/><net_sink comp="2084" pin=0"/></net>

<net id="2088"><net_src comp="2084" pin="1"/><net_sink comp="606" pin=3"/></net>

<net id="2089"><net_src comp="2084" pin="1"/><net_sink comp="616" pin=2"/></net>

<net id="2093"><net_src comp="290" pin="3"/><net_sink comp="2090" pin=0"/></net>

<net id="2094"><net_src comp="2090" pin="1"/><net_sink comp="181" pin=2"/></net>

<net id="2098"><net_src comp="299" pin="3"/><net_sink comp="2095" pin=0"/></net>

<net id="2099"><net_src comp="2095" pin="1"/><net_sink comp="181" pin=0"/></net>

<net id="2103"><net_src comp="532" pin="3"/><net_sink comp="2100" pin=0"/></net>

<net id="2104"><net_src comp="2100" pin="1"/><net_sink comp="770" pin=0"/></net>

<net id="2108"><net_src comp="540" pin="3"/><net_sink comp="2105" pin=0"/></net>

<net id="2109"><net_src comp="2105" pin="1"/><net_sink comp="788" pin=0"/></net>

<net id="2113"><net_src comp="336" pin="2"/><net_sink comp="2110" pin=0"/></net>

<net id="2114"><net_src comp="2110" pin="1"/><net_sink comp="1252" pin=0"/></net>

<net id="2115"><net_src comp="2110" pin="1"/><net_sink comp="1406" pin=2"/></net>

<net id="2116"><net_src comp="2110" pin="1"/><net_sink comp="1608" pin=2"/></net>

<net id="2120"><net_src comp="738" pin="2"/><net_sink comp="2117" pin=0"/></net>

<net id="2121"><net_src comp="2117" pin="1"/><net_sink comp="1572" pin=0"/></net>

<net id="2122"><net_src comp="2117" pin="1"/><net_sink comp="1673" pin=2"/></net>

<net id="2126"><net_src comp="336" pin="2"/><net_sink comp="2123" pin=0"/></net>

<net id="2127"><net_src comp="2123" pin="1"/><net_sink comp="1255" pin=0"/></net>

<net id="2128"><net_src comp="2123" pin="1"/><net_sink comp="1406" pin=1"/></net>

<net id="2129"><net_src comp="2123" pin="1"/><net_sink comp="1605" pin=0"/></net>

<net id="2133"><net_src comp="854" pin="2"/><net_sink comp="2130" pin=0"/></net>

<net id="2134"><net_src comp="2130" pin="1"/><net_sink comp="1086" pin=0"/></net>

<net id="2138"><net_src comp="868" pin="2"/><net_sink comp="2135" pin=0"/></net>

<net id="2139"><net_src comp="2135" pin="1"/><net_sink comp="1090" pin=0"/></net>

<net id="2143"><net_src comp="914" pin="1"/><net_sink comp="2140" pin=0"/></net>

<net id="2144"><net_src comp="2140" pin="1"/><net_sink comp="1094" pin=0"/></net>

<net id="2148"><net_src comp="918" pin="1"/><net_sink comp="2145" pin=0"/></net>

<net id="2149"><net_src comp="2145" pin="1"/><net_sink comp="1098" pin=0"/></net>

<net id="2153"><net_src comp="324" pin="2"/><net_sink comp="2150" pin=0"/></net>

<net id="2154"><net_src comp="2150" pin="1"/><net_sink comp="1118" pin=0"/></net>

<net id="2155"><net_src comp="2150" pin="1"/><net_sink comp="1149" pin=1"/></net>

<net id="2159"><net_src comp="998" pin="2"/><net_sink comp="2156" pin=0"/></net>

<net id="2160"><net_src comp="2156" pin="1"/><net_sink comp="1102" pin=0"/></net>

<net id="2164"><net_src comp="1012" pin="2"/><net_sink comp="2161" pin=0"/></net>

<net id="2165"><net_src comp="2161" pin="1"/><net_sink comp="1106" pin=0"/></net>

<net id="2169"><net_src comp="1058" pin="1"/><net_sink comp="2166" pin=0"/></net>

<net id="2170"><net_src comp="2166" pin="1"/><net_sink comp="1170" pin=0"/></net>

<net id="2171"><net_src comp="2166" pin="1"/><net_sink comp="1274" pin=0"/></net>

<net id="2175"><net_src comp="1062" pin="1"/><net_sink comp="2172" pin=0"/></net>

<net id="2176"><net_src comp="2172" pin="1"/><net_sink comp="1174" pin=0"/></net>

<net id="2177"><net_src comp="2172" pin="1"/><net_sink comp="1286" pin=0"/></net>

<net id="2181"><net_src comp="1066" pin="4"/><net_sink comp="2178" pin=0"/></net>

<net id="2182"><net_src comp="2178" pin="1"/><net_sink comp="1277" pin=0"/></net>

<net id="2183"><net_src comp="2178" pin="1"/><net_sink comp="1366" pin=0"/></net>

<net id="2187"><net_src comp="1076" pin="4"/><net_sink comp="2184" pin=0"/></net>

<net id="2188"><net_src comp="2184" pin="1"/><net_sink comp="1289" pin=0"/></net>

<net id="2189"><net_src comp="2184" pin="1"/><net_sink comp="1369" pin=0"/></net>

<net id="2193"><net_src comp="340" pin="2"/><net_sink comp="2190" pin=0"/></net>

<net id="2194"><net_src comp="2190" pin="1"/><net_sink comp="1545" pin=0"/></net>

<net id="2195"><net_src comp="2190" pin="1"/><net_sink comp="1633" pin=3"/></net>

<net id="2199"><net_src comp="1156" pin="2"/><net_sink comp="2196" pin=0"/></net>

<net id="2200"><net_src comp="2196" pin="1"/><net_sink comp="1418" pin=2"/></net>

<net id="2201"><net_src comp="2196" pin="1"/><net_sink comp="1633" pin=2"/></net>

<net id="2205"><net_src comp="1162" pin="3"/><net_sink comp="2202" pin=0"/></net>

<net id="2206"><net_src comp="2202" pin="1"/><net_sink comp="1418" pin=1"/></net>

<net id="2207"><net_src comp="2202" pin="1"/><net_sink comp="1633" pin=1"/></net>

<net id="2211"><net_src comp="344" pin="2"/><net_sink comp="2208" pin=0"/></net>

<net id="2212"><net_src comp="2208" pin="1"/><net_sink comp="1484" pin=1"/></net>

<net id="2213"><net_src comp="2208" pin="1"/><net_sink comp="1511" pin=2"/></net>

<net id="2217"><net_src comp="1268" pin="2"/><net_sink comp="2214" pin=0"/></net>

<net id="2218"><net_src comp="2214" pin="1"/><net_sink comp="1395" pin=1"/></net>

<net id="2219"><net_src comp="2214" pin="1"/><net_sink comp="1615" pin=0"/></net>

<net id="2223"><net_src comp="316" pin="2"/><net_sink comp="2220" pin=0"/></net>

<net id="2224"><net_src comp="2220" pin="1"/><net_sink comp="1390" pin=0"/></net>

<net id="2225"><net_src comp="2220" pin="1"/><net_sink comp="1448" pin=1"/></net>

<net id="2229"><net_src comp="1350" pin="2"/><net_sink comp="2226" pin=0"/></net>

<net id="2230"><net_src comp="2226" pin="1"/><net_sink comp="1378" pin=0"/></net>

<net id="2234"><net_src comp="1360" pin="2"/><net_sink comp="2231" pin=0"/></net>

<net id="2235"><net_src comp="2231" pin="1"/><net_sink comp="1382" pin=0"/></net>

<net id="2239"><net_src comp="1372" pin="2"/><net_sink comp="2236" pin=0"/></net>

<net id="2240"><net_src comp="2236" pin="1"/><net_sink comp="1481" pin=0"/></net>

<net id="2241"><net_src comp="2236" pin="1"/><net_sink comp="1511" pin=1"/></net>

<net id="2245"><net_src comp="320" pin="2"/><net_sink comp="2242" pin=0"/></net>

<net id="2246"><net_src comp="2242" pin="1"/><net_sink comp="1424" pin=0"/></net>

<net id="2250"><net_src comp="1390" pin="2"/><net_sink comp="2247" pin=0"/></net>

<net id="2251"><net_src comp="2247" pin="1"/><net_sink comp="1427" pin=0"/></net>

<net id="2255"><net_src comp="1566" pin="2"/><net_sink comp="2252" pin=0"/></net>

<net id="2256"><net_src comp="2252" pin="1"/><net_sink comp="1626" pin=1"/></net>

<net id="2260"><net_src comp="1579" pin="2"/><net_sink comp="2257" pin=0"/></net>

<net id="2261"><net_src comp="2257" pin="1"/><net_sink comp="1650" pin=0"/></net>

<net id="2265"><net_src comp="1585" pin="4"/><net_sink comp="2262" pin=0"/></net>

<net id="2266"><net_src comp="2262" pin="1"/><net_sink comp="1899" pin=1"/></net>

<net id="2270"><net_src comp="1595" pin="4"/><net_sink comp="2267" pin=0"/></net>

<net id="2271"><net_src comp="2267" pin="1"/><net_sink comp="1904" pin=1"/></net>

</net_list>

</model> 
---------------- Datapath Model END ------------------

* FSMD analyzer results:
  - Output states:
 - Input state : 
	Port: mul.155 : a | {1 2 3 4 5 }
	Port: mul.155 : R_X | {1 2 3 4 5 }
  - Chain level:
	State 1
		w : 1
		w_132 : 1
		w_139 : 1
		w_140 : 1
	State 2
		w_133 : 1
		a0_41 : 1
		w_134 : 1
		w_141 : 1
		b0_41 : 1
		w_142 : 1
		zext_ln121 : 2
		zext_ln121_80 : 2
		z0 : 3
		w_147 : 4
	State 3
		w_135 : 1
		w_136 : 1
		w_143 : 1
		w_144 : 1
		a1_22 : 1
		zext_ln135 : 2
		b1_22 : 1
		zext_ln136 : 2
		z2_86 : 3
		zext_ln147_48 : 2
		a0_42 : 1
		sa_74 : 3
		zext_ln148_48 : 2
		b0_42 : 1
		sb_74 : 3
		a1_s : 4
		b1_s : 4
		zext_ln121_81 : 2
		zext_ln121_82 : 2
		z0_51 : 3
		zext_ln121_83 : 5
		zext_ln121_84 : 5
		z2_77 : 6
		zext_ln147_36 : 2
		zext_ln147_49 : 5
		sa : 6
		zext_ln148_36 : 2
		zext_ln148_49 : 5
		sb : 6
	State 4
		w_137 : 1
		w_138 : 1
		w_145 : 1
		w_146 : 1
		mul_ln174 : 1
		a0_43 : 1
		b0_43 : 1
		zext_ln121_85 : 2
		zext_ln121_86 : 2
		z0_58 : 3
	State 5
		a1 : 1
		a1_cast : 1
		b1 : 1
		b1_cast : 1
		add_ln174 : 1
		zext_ln174_208 : 2
		sub_ln174 : 3
		tmp_306 : 4
		sext_ln175 : 5
		or_ln175 : 6
		tmp : 4
		res_107 : 6
		sext_ln172 : 7
		add_ln169 : 1
		zext_ln169 : 2
		z1e : 8
		shl_ln : 9
		sext_ln138 : 10
		z0_57 : 11
		a1_6 : 1
		b1_6 : 1
		zext_ln121_101 : 2
		zext_ln121_102 : 2
		z2_87 : 3
		zext_ln147_50 : 2
		a0_44 : 1
		sa_75 : 3
		zext_ln148_50 : 2
		b0_44 : 1
		sb_75 : 3
		a1_7 : 4
		b1_7 : 4
		zext_ln121_87 : 2
		zext_ln121_88 : 2
		z0_52 : 3
		zext_ln121_89 : 5
		zext_ln121_90 : 5
		z2_79 : 6
		zext_ln147_38 : 2
		zext_ln147_51 : 5
		sa_68 : 6
		zext_ln148_38 : 2
		zext_ln148_51 : 5
		sb_68 : 6
		zext_ln147_39 : 1
		zext_ln147_52 : 2
		add_ln147 : 2
		sa_76 : 3
		zext_ln148_39 : 1
		zext_ln148_52 : 2
		add_ln148 : 2
		sb_76 : 3
		a0_45 : 3
		b0_45 : 3
		zext_ln121_92 : 4
		zext_ln121_94 : 4
		a0_46 : 3
		b0_46 : 3
		zext_ln121_95 : 4
		zext_ln121_96 : 4
		z0_53 : 5
		tmp_307 : 4
		zext_ln121_103 : 5
		tmp_308 : 4
		zext_ln121_104 : 5
		z2 : 6
		zext_ln147_40 : 4
		zext_ln147_53 : 5
		sa_70 : 6
		zext_ln148_40 : 4
		zext_ln148_53 : 5
		sb_70 : 6
		tmp_313 : 4
		zext_ln147_54 : 5
		sa_77 : 6
		tmp_314 : 4
		zext_ln148_54 : 5
		sb_77 : 6
		a0_47 : 7
		b0_47 : 7
		tmp_315 : 7
		tmp_316 : 7
	State 6
		mul_ln174_16 : 1
		z0_59 : 1
		mul_ln174_17 : 1
		zext_ln174_217 : 2
		add_ln174_66 : 1
		zext_ln174_220 : 2
		sub_ln174_17 : 3
		tmp_311 : 4
		sext_ln175_22 : 5
		or_ln175_44 : 6
		tmp_312 : 4
		z0_60 : 1
	State 7
		add_ln174_65 : 1
		zext_ln174_214 : 2
		sub_ln174_16 : 3
		tmp_s : 4
		sext_ln175_21 : 5
		or_ln175_42 : 6
		tmp_309 : 4
		res_108 : 6
		sext_ln172_11 : 7
		add_ln169_21 : 1
		zext_ln169_21 : 2
		z1e_21 : 8
		sa_78 : 1
		sb_78 : 1
		a0_48 : 2
		b0_48 : 2
		a1_23 : 2
		zext_ln135_6 : 3
		b1_23 : 2
		zext_ln136_6 : 3
		zext_ln121_99 : 3
		zext_ln121_100 : 3
		z0_55 : 4
		z2_85 : 4
		zext_ln147_42 : 3
		sa_73 : 4
		zext_ln148_42 : 3
		sb_73 : 4
	State 8
		z2_90 : 1
		mul_ln174_18 : 1
		add_ln174_67 : 1
	State 9
		sext_ln139 : 1
		z2_89 : 2
		sub_ln174_18 : 1
		tmp_317 : 2
		sext_ln175_23 : 3
		or_ln175_45 : 4
		tmp_318 : 2
		res_111 : 4
		sext_ln172_12 : 5
		add_ln169_22 : 1
		zext_ln169_22 : 2
		z1e_22 : 6
		trunc_ln175_6 : 7
		shl_ln175_s : 8
		or_ln175_46 : 9
		tmp_319 : 7
		tmp_320 : 9
		res_112 : 10
		sext_ln168 : 1
		zext_ln168_23 : 2
		add_ln169_23 : 3
		zext_ln169_23 : 4
		z1e_23 : 11
		zext_ln168_24 : 2
		add_ln169_24 : 3
		w_161 : 2
		w_162 : 2
	State 10
		tmp_74 : 1
		tmp_310 : 1
		sext_ln174 : 1
		res_113 : 2
		z1e_24 : 2
		shl_ln174_4 : 3
		or_ln174 : 2
		tmp_81 : 2
		or_ln175_48 : 4
		w_148 : 4
		w_149 : 4
		w_150 : 4
		w_151 : 4
		w_152 : 4
		w_153 : 4
		w_154 : 4
		w_155 : 4
		w_156 : 4
		w_157 : 4
		w_158 : 4
		w_159 : 4
		w_160 : 4
		mrv_1 : 5
		mrv_2 : 6
		mrv_3 : 7
		mrv_4 : 8
		mrv_5 : 9
		mrv_6 : 10
		mrv_7 : 11
		mrv_8 : 12
		mrv_9 : 13
		mrv_10 : 14
		mrv_11 : 15
		mrv_12 : 16
		mrv_13 : 17
		mrv_14 : 18
		mrv_s : 19
		ret_ln238 : 20


============================================================
+ Verbose Summary: Datapath Resource usage 
============================================================

* Functional unit list:
|----------|------------------------|---------|---------|---------|
| Operation|     Functional Unit    |   DSP   |    FF   |   LUT   |
|----------|------------------------|---------|---------|---------|
|          |      a0_42_fu_427      |    0    |    0    |    71   |
|          |      sa_74_fu_432      |    0    |    0    |   135   |
|          |      b0_42_fu_445      |    0    |    0    |    71   |
|          |      sb_74_fu_450      |    0    |    0    |   135   |
|          |        sa_fu_504       |    0    |    0    |    72   |
|          |        sb_fu_518       |    0    |    0    |    72   |
|          |    add_ln174_fu_636    |    0    |    0    |   137   |
|          |    add_ln169_fu_704    |    0    |    0    |   263   |
|          |      a0_44_fu_777      |    0    |    0    |    71   |
|          |      sa_75_fu_782      |    0    |    0    |   135   |
|          |      b0_44_fu_795      |    0    |    0    |    71   |
|          |      sb_75_fu_800      |    0    |    0    |   135   |
|          |      sa_68_fu_854      |    0    |    0    |    72   |
|          |      sb_68_fu_868      |    0    |    0    |    72   |
|          |    add_ln147_fu_882    |    0    |    0    |   199   |
|          |      sa_76_fu_888      |    0    |    0    |   263   |
|    add   |    add_ln148_fu_902    |    0    |    0    |   199   |
|          |      sb_76_fu_908      |    0    |    0    |   263   |
|          |      sa_70_fu_998      |    0    |    0    |    72   |
|          |      sb_70_fu_1012     |    0    |    0    |    72   |
|          |      sa_77_fu_1032     |    0    |    0    |   136   |
|          |      sb_77_fu_1052     |    0    |    0    |   136   |
|          |  add_ln174_66_fu_1121  |    0    |    0    |   137   |
|          |  add_ln174_65_fu_1190  |    0    |    0    |   137   |
|          |  add_ln169_21_fu_1258  |    0    |    0    |   263   |
|          |      sa_78_fu_1280     |    0    |    0    |   135   |
|          |      sb_78_fu_1292     |    0    |    0    |   135   |
|          |      sa_73_fu_1350     |    0    |    0    |    72   |
|          |      sb_73_fu_1360     |    0    |    0    |    72   |
|          |  add_ln174_67_fu_1390  |    0    |    0    |   136   |
|          |  add_ln169_22_fu_1484  |    0    |    0    |   263   |
|          |  add_ln169_23_fu_1556  |    0    |    0    |   384   |
|          |  add_ln169_24_fu_1579  |    0    |    0    |   512   |
|----------|------------------------|---------|---------|---------|
|          |     or_ln175_fu_672    |    0    |    0    |   258   |
|          |      z0_57_fu_738      |    0    |    0    |   511   |
|          |   or_ln175_44_fu_1156  |    0    |    0    |   258   |
|          |   or_ln175_42_fu_1226  |    0    |    0    |   258   |
|    or    |      z2_89_fu_1412     |    0    |    0    |   511   |
|          |   or_ln175_45_fu_1455  |    0    |    0    |   257   |
|          |   or_ln175_46_fu_1517  |    0    |    0    |   260   |
|          |     res_113_fu_1644    |    0    |    0    |   639   |
|          |    or_ln174_fu_1667    |    0    |    0    |   384   |
|          |   or_ln175_48_fu_1680  |    0    |    0    |   895   |
|----------|------------------------|---------|---------|---------|
|          |    sub_ln174_fu_646    |    0    |    0    |   139   |
|          |       z1e_fu_714       |    0    |    0    |   265   |
|          |  sub_ln174_17_fu_1131  |    0    |    0    |   139   |
|          |  sub_ln174_16_fu_1200  |    0    |    0    |   139   |
|    sub   |     z1e_21_fu_1268     |    0    |    0    |   265   |
|          |  sub_ln174_18_fu_1430  |    0    |    0    |   137   |
|          |     z1e_22_fu_1493     |    0    |    0    |   264   |
|          |     z1e_23_fu_1566     |    0    |    0    |   387   |
|          |     z1e_24_fu_1653     |    0    |    0    |   640   |
|----------|------------------------|---------|---------|---------|
|          |       grp_fu_308       |    16   |    0    |    45   |
|          |       grp_fu_312       |    16   |    0    |    45   |
|          |      z2_85_fu_316      |    16   |    0    |    47   |
|          |       grp_fu_320       |    16   |    0    |    47   |
|          |        z2_fu_324       |    16   |    0    |    47   |
|    mul   |       grp_fu_328       |    16   |    0    |    50   |
|          |   mul_ln174_17_fu_332  |    16   |    0    |    50   |
|          |       grp_fu_336       |    50   |    0    |   307   |
|          |      z0_59_fu_340      |    50   |    0    |   307   |
|          |      z0_60_fu_344      |    50   |    0    |   307   |
|          |      z2_90_fu_1372     |    0    |    0    |    7    |
|----------|------------------------|---------|---------|---------|
|          |      a0_41_fu_364      |    0    |    0    |    0    |
|          |      b0_41_fu_372      |    0    |    0    |    0    |
|          |      a1_22_fu_394      |    0    |    0    |    0    |
|          |      b1_22_fu_407      |    0    |    0    |    0    |
|          |      a0_43_fu_532      |    0    |    0    |    0    |
|          |      b0_43_fu_540      |    0    |    0    |    0    |
|          |        a0_fu_558       |    0    |    0    |    0    |
|          |     a0_cast_fu_566     |    0    |    0    |    0    |
|          |        b0_fu_573       |    0    |    0    |    0    |
|          |     b0_cast_fu_581     |    0    |    0    |    0    |
|          |        a1_fu_588       |    0    |    0    |    0    |
|          |     a1_cast_fu_598     |    0    |    0    |    0    |
|          |        b1_fu_606       |    0    |    0    |    0    |
|          |     b1_cast_fu_616     |    0    |    0    |    0    |
|          |     tmp_306_fu_652     |    0    |    0    |    0    |
|          |       res_fu_664       |    0    |    0    |    0    |
|          |     res_107_fu_686     |    0    |    0    |    0    |
|          |      shl_ln_fu_720     |    0    |    0    |    0    |
|          |      z0_56_fu_732      |    0    |    0    |    0    |
|          |       a1_6_fu_744      |    0    |    0    |    0    |
|bitconcatenate|       b1_6_fu_752      |    0    |    0    |    0    |
|          |     tmp_311_fu_1137    |    0    |    0    |    0    |
|          |     res_109_fu_1149    |    0    |    0    |    0    |
|          |      tmp_s_fu_1206     |    0    |    0    |    0    |
|          |      res_7_fu_1218     |    0    |    0    |    0    |
|          |     res_108_fu_1240    |    0    |    0    |    0    |
|          |   shl_ln174_s_fu_1395  |    0    |    0    |    0    |
|          |      z2_88_fu_1406     |    0    |    0    |    0    |
|          |     res_110_fu_1418    |    0    |    0    |    0    |
|          |     tmp_317_fu_1436    |    0    |    0    |    0    |
|          |      res_9_fu_1448     |    0    |    0    |    0    |
|          |     res_111_fu_1469    |    0    |    0    |    0    |
|          |   shl_ln175_s_fu_1503  |    0    |    0    |    0    |
|          |     res_10_fu_1511     |    0    |    0    |    0    |
|          |     tmp_320_fu_1533    |    0    |    0    |    0    |
|          |     tmp_74_fu_1608     |    0    |    0    |    0    |
|          |     tmp_310_fu_1618    |    0    |    0    |    0    |
|          |   shl_ln174_3_fu_1626  |    0    |    0    |    0    |
|          |     res_12_fu_1633     |    0    |    0    |    0    |
|          |   shl_ln174_4_fu_1659  |    0    |    0    |    0    |
|          |     tmp_81_fu_1673     |    0    |    0    |    0    |
|----------|------------------------|---------|---------|---------|
|          |    zext_ln121_fu_380   |    0    |    0    |    0    |
|          |  zext_ln121_80_fu_385  |    0    |    0    |    0    |
|          |    zext_ln135_fu_402   |    0    |    0    |    0    |
|          |    zext_ln136_fu_415   |    0    |    0    |    0    |
|          |    zext_ln147_fu_420   |    0    |    0    |    0    |
|          |  zext_ln147_48_fu_423  |    0    |    0    |    0    |
|          |    zext_ln148_fu_438   |    0    |    0    |    0    |
|          |  zext_ln148_48_fu_441  |    0    |    0    |    0    |
|          |  zext_ln121_81_fu_476  |    0    |    0    |    0    |
|          |  zext_ln121_82_fu_481  |    0    |    0    |    0    |
|          |  zext_ln121_83_fu_486  |    0    |    0    |    0    |
|          |  zext_ln121_84_fu_491  |    0    |    0    |    0    |
|          |  zext_ln147_36_fu_496  |    0    |    0    |    0    |
|          |  zext_ln147_49_fu_500  |    0    |    0    |    0    |
|          |  zext_ln148_36_fu_510  |    0    |    0    |    0    |
|          |  zext_ln148_49_fu_514  |    0    |    0    |    0    |
|          |    zext_ln174_fu_524   |    0    |    0    |    0    |
|          |  zext_ln174_204_fu_528 |    0    |    0    |    0    |
|          |  zext_ln121_85_fu_548  |    0    |    0    |    0    |
|          |  zext_ln121_86_fu_553  |    0    |    0    |    0    |
|          |  zext_ln174_205_fu_624 |    0    |    0    |    0    |
|          |  zext_ln174_206_fu_628 |    0    |    0    |    0    |
|          |  zext_ln174_207_fu_632 |    0    |    0    |    0    |
|          |  zext_ln174_208_fu_642 |    0    |    0    |    0    |
|          |    zext_ln167_fu_698   |    0    |    0    |    0    |
|          |    zext_ln168_fu_701   |    0    |    0    |    0    |
|          |    zext_ln169_fu_710   |    0    |    0    |    0    |
|          |  zext_ln121_101_fu_760 |    0    |    0    |    0    |
|          |  zext_ln121_102_fu_765 |    0    |    0    |    0    |
|          |  zext_ln147_37_fu_770  |    0    |    0    |    0    |
|          |  zext_ln147_50_fu_773  |    0    |    0    |    0    |
|          |  zext_ln148_37_fu_788  |    0    |    0    |    0    |
|          |  zext_ln148_50_fu_791  |    0    |    0    |    0    |
|          |  zext_ln121_87_fu_826  |    0    |    0    |    0    |
|          |  zext_ln121_88_fu_831  |    0    |    0    |    0    |
|          |  zext_ln121_89_fu_836  |    0    |    0    |    0    |
|          |  zext_ln121_90_fu_841  |    0    |    0    |    0    |
|          |  zext_ln147_38_fu_846  |    0    |    0    |    0    |
|          |  zext_ln147_51_fu_850  |    0    |    0    |    0    |
|          |  zext_ln148_38_fu_860  |    0    |    0    |    0    |
|          |  zext_ln148_51_fu_864  |    0    |    0    |    0    |
|          |  zext_ln147_39_fu_874  |    0    |    0    |    0    |
|          |  zext_ln147_52_fu_878  |    0    |    0    |    0    |
|          |  zext_ln148_39_fu_894  |    0    |    0    |    0    |
|          |  zext_ln148_52_fu_898  |    0    |    0    |    0    |
|          |  zext_ln121_92_fu_922  |    0    |    0    |    0    |
|          |  zext_ln121_94_fu_926  |    0    |    0    |    0    |
|          |  zext_ln121_95_fu_950  |    0    |    0    |    0    |
|          |  zext_ln121_96_fu_955  |    0    |    0    |    0    |
|          |  zext_ln121_103_fu_970 |    0    |    0    |    0    |
|   zext   |  zext_ln121_104_fu_985 |    0    |    0    |    0    |
|          |  zext_ln147_40_fu_990  |    0    |    0    |    0    |
|          |  zext_ln147_53_fu_994  |    0    |    0    |    0    |
|          |  zext_ln148_40_fu_1004 |    0    |    0    |    0    |
|          |  zext_ln148_53_fu_1008 |    0    |    0    |    0    |
|          |  zext_ln147_54_fu_1028 |    0    |    0    |    0    |
|          |  zext_ln148_54_fu_1048 |    0    |    0    |    0    |
|          | zext_ln174_209_fu_1086 |    0    |    0    |    0    |
|          | zext_ln174_210_fu_1090 |    0    |    0    |    0    |
|          |  zext_ln121_91_fu_1094 |    0    |    0    |    0    |
|          |  zext_ln121_93_fu_1098 |    0    |    0    |    0    |
|          | zext_ln174_215_fu_1102 |    0    |    0    |    0    |
|          | zext_ln174_216_fu_1106 |    0    |    0    |    0    |
|          | zext_ln174_217_fu_1110 |    0    |    0    |    0    |
|          | zext_ln174_218_fu_1114 |    0    |    0    |    0    |
|          | zext_ln174_219_fu_1118 |    0    |    0    |    0    |
|          | zext_ln174_220_fu_1127 |    0    |    0    |    0    |
|          |  zext_ln121_97_fu_1170 |    0    |    0    |    0    |
|          |  zext_ln121_98_fu_1174 |    0    |    0    |    0    |
|          | zext_ln174_211_fu_1178 |    0    |    0    |    0    |
|          | zext_ln174_212_fu_1182 |    0    |    0    |    0    |
|          | zext_ln174_213_fu_1186 |    0    |    0    |    0    |
|          | zext_ln174_214_fu_1196 |    0    |    0    |    0    |
|          |  zext_ln167_16_fu_1252 |    0    |    0    |    0    |
|          |  zext_ln168_21_fu_1255 |    0    |    0    |    0    |
|          |  zext_ln169_21_fu_1264 |    0    |    0    |    0    |
|          |  zext_ln147_41_fu_1274 |    0    |    0    |    0    |
|          |  zext_ln147_55_fu_1277 |    0    |    0    |    0    |
|          |  zext_ln148_41_fu_1286 |    0    |    0    |    0    |
|          |  zext_ln148_55_fu_1289 |    0    |    0    |    0    |
|          |  zext_ln135_6_fu_1316  |    0    |    0    |    0    |
|          |  zext_ln136_6_fu_1331  |    0    |    0    |    0    |
|          |  zext_ln121_99_fu_1336 |    0    |    0    |    0    |
|          | zext_ln121_100_fu_1341 |    0    |    0    |    0    |
|          |  zext_ln147_42_fu_1346 |    0    |    0    |    0    |
|          |  zext_ln148_42_fu_1356 |    0    |    0    |    0    |
|          | zext_ln121_105_fu_1366 |    0    |    0    |    0    |
|          | zext_ln121_106_fu_1369 |    0    |    0    |    0    |
|          | zext_ln174_221_fu_1378 |    0    |    0    |    0    |
|          | zext_ln174_222_fu_1382 |    0    |    0    |    0    |
|          | zext_ln174_224_fu_1386 |    0    |    0    |    0    |
|          | zext_ln174_223_fu_1424 |    0    |    0    |    0    |
|          | zext_ln174_225_fu_1427 |    0    |    0    |    0    |
|          |  zext_ln168_22_fu_1481 |    0    |    0    |    0    |
|          |  zext_ln169_22_fu_1489 |    0    |    0    |    0    |
|          |  zext_ln167_17_fu_1545 |    0    |    0    |    0    |
|          |  zext_ln168_23_fu_1552 |    0    |    0    |    0    |
|          |  zext_ln169_23_fu_1562 |    0    |    0    |    0    |
|          |  zext_ln167_18_fu_1572 |    0    |    0    |    0    |
|          |  zext_ln168_24_fu_1575 |    0    |    0    |    0    |
|          |  zext_ln169_24_fu_1650 |    0    |    0    |    0    |
|----------|------------------------|---------|---------|---------|
|          |      w_147_fu_390      |    0    |    0    |    0    |
|          |      a0_45_fu_914      |    0    |    0    |    0    |
|          |      b0_45_fu_918      |    0    |    0    |    0    |
|          |      a0_47_fu_1058     |    0    |    0    |    0    |
|   trunc  |      b0_47_fu_1062     |    0    |    0    |    0    |
|          |      a0_48_fu_1298     |    0    |    0    |    0    |
|          |      b0_48_fu_1302     |    0    |    0    |    0    |
|          |  trunc_ln175_6_fu_1499 |    0    |    0    |    0    |
|          |   trunc_ln174_fu_1605  |    0    |    0    |    0    |
|          |   trunc_ln175_fu_1615  |    0    |    0    |    0    |
|----------|------------------------|---------|---------|---------|
|          |       a1_s_fu_456      |    0    |    0    |    0    |
|          |       b1_s_fu_466      |    0    |    0    |    0    |
|          |       a1_7_fu_806      |    0    |    0    |    0    |
|          |       b1_7_fu_816      |    0    |    0    |    0    |
|          |      a0_46_fu_930      |    0    |    0    |    0    |
|          |      b0_46_fu_940      |    0    |    0    |    0    |
|          |     tmp_307_fu_960     |    0    |    0    |    0    |
|          |     tmp_308_fu_975     |    0    |    0    |    0    |
|          |     tmp_313_fu_1018    |    0    |    0    |    0    |
|          |     tmp_314_fu_1038    |    0    |    0    |    0    |
|          |     tmp_315_fu_1066    |    0    |    0    |    0    |
|          |     tmp_316_fu_1076    |    0    |    0    |    0    |
|          |      a1_23_fu_1306     |    0    |    0    |    0    |
|          |      b1_23_fu_1321     |    0    |    0    |    0    |
|partselect|     tmp_319_fu_1523    |    0    |    0    |    0    |
|          |      w_161_fu_1585     |    0    |    0    |    0    |
|          |      w_162_fu_1595     |    0    |    0    |    0    |
|          |      w_148_fu_1686     |    0    |    0    |    0    |
|          |      w_149_fu_1696     |    0    |    0    |    0    |
|          |      w_150_fu_1706     |    0    |    0    |    0    |
|          |      w_151_fu_1716     |    0    |    0    |    0    |
|          |      w_152_fu_1726     |    0    |    0    |    0    |
|          |      w_153_fu_1736     |    0    |    0    |    0    |
|          |      w_154_fu_1746     |    0    |    0    |    0    |
|          |      w_155_fu_1756     |    0    |    0    |    0    |
|          |      w_156_fu_1766     |    0    |    0    |    0    |
|          |      w_157_fu_1776     |    0    |    0    |    0    |
|          |      w_158_fu_1786     |    0    |    0    |    0    |
|          |      w_159_fu_1796     |    0    |    0    |    0    |
|          |      w_160_fu_1806     |    0    |    0    |    0    |
|----------|------------------------|---------|---------|---------|
|          |    sext_ln175_fu_660   |    0    |    0    |    0    |
|          |    sext_ln172_fu_694   |    0    |    0    |    0    |
|          |    sext_ln138_fu_728   |    0    |    0    |    0    |
|          |  sext_ln175_22_fu_1145 |    0    |    0    |    0    |
|          |  sext_ln175_21_fu_1214 |    0    |    0    |    0    |
|   sext   |  sext_ln172_11_fu_1248 |    0    |    0    |    0    |
|          |   sext_ln139_fu_1402   |    0    |    0    |    0    |
|          |  sext_ln175_23_fu_1444 |    0    |    0    |    0    |
|          |  sext_ln172_12_fu_1477 |    0    |    0    |    0    |
|          |     res_112_fu_1541    |    0    |    0    |    0    |
|          |   sext_ln168_fu_1548   |    0    |    0    |    0    |
|          |   sext_ln174_fu_1640   |    0    |    0    |    0    |
|----------|------------------------|---------|---------|---------|
|          |       tmp_fu_678       |    0    |    0    |    0    |
| bitselect|     tmp_312_fu_1162    |    0    |    0    |    0    |
|          |     tmp_309_fu_1232    |    0    |    0    |    0    |
|          |     tmp_318_fu_1461    |    0    |    0    |    0    |
|----------|------------------------|---------|---------|---------|
|          |       mrv_fu_1816      |    0    |    0    |    0    |
|          |      mrv_1_fu_1821     |    0    |    0    |    0    |
|          |      mrv_2_fu_1827     |    0    |    0    |    0    |
|          |      mrv_3_fu_1833     |    0    |    0    |    0    |
|          |      mrv_4_fu_1839     |    0    |    0    |    0    |
|          |      mrv_5_fu_1845     |    0    |    0    |    0    |
|          |      mrv_6_fu_1851     |    0    |    0    |    0    |
|insertvalue|      mrv_7_fu_1857     |    0    |    0    |    0    |
|          |      mrv_8_fu_1863     |    0    |    0    |    0    |
|          |      mrv_9_fu_1869     |    0    |    0    |    0    |
|          |     mrv_10_fu_1875     |    0    |    0    |    0    |
|          |     mrv_11_fu_1881     |    0    |    0    |    0    |
|          |     mrv_12_fu_1887     |    0    |    0    |    0    |
|          |     mrv_13_fu_1893     |    0    |    0    |    0    |
|          |     mrv_14_fu_1899     |    0    |    0    |    0    |
|          |      mrv_s_fu_1904     |    0    |    0    |    0    |
|----------|------------------------|---------|---------|---------|
|   Total  |                        |   262   |    0    |  12963  |
|----------|------------------------|---------|---------|---------|

Memories:
N/A

* Register list:
+---------------------+--------+
|                     |   FF   |
+---------------------+--------+
| R_X_addr_10_reg_1980|    4   |
| R_X_addr_11_reg_2028|    4   |
| R_X_addr_12_reg_2033|    4   |
| R_X_addr_13_reg_2090|    4   |
| R_X_addr_14_reg_2095|    4   |
| R_X_addr_8_reg_1924 |    4   |
| R_X_addr_9_reg_1970 |    4   |
|  R_X_addr_reg_1919  |    4   |
|    a0_41_reg_1952   |   128  |
|    a0_43_reg_2100   |   128  |
|    a0_45_reg_2140   |   128  |
|    a0_47_reg_2166   |   128  |
|  a_addr_15_reg_1914 |    3   |
|  a_addr_16_reg_1929 |    3   |
|  a_addr_17_reg_1934 |    3   |
|  a_addr_18_reg_1996 |    3   |
|  a_addr_19_reg_2001 |    3   |
|  a_addr_20_reg_2054 |    3   |
|  a_addr_21_reg_2059 |    3   |
|   a_addr_reg_1909   |    3   |
|add_ln169_24_reg_2257|   513  |
|add_ln174_67_reg_2247|   129  |
|    b0_41_reg_1975   |   128  |
|    b0_43_reg_2105   |   128  |
|    b0_45_reg_2145   |   128  |
|    b0_47_reg_2172   |   128  |
|mul_ln174_18_reg_2242|   130  |
| or_ln175_44_reg_2196|   258  |
|       reg_348       |   128  |
|       reg_352       |   130  |
|       reg_356       |   132  |
|       reg_360       |   128  |
|    sa_68_reg_2130   |   66   |
|    sa_70_reg_2156   |   66   |
|    sa_73_reg_2226   |   65   |
|     sa_reg_2044     |   66   |
|    sb_68_reg_2135   |   66   |
|    sb_70_reg_2161   |   66   |
|    sb_73_reg_2231   |   65   |
|     sb_reg_2049     |   66   |
|   tmp_312_reg_2202  |    1   |
|   tmp_315_reg_2178  |    2   |
|   tmp_316_reg_2184  |    2   |
|    w_132_reg_1946   |   64   |
|    w_133_reg_2006   |   64   |
|    w_134_reg_2012   |   64   |
|    w_135_reg_2064   |   64   |
|    w_136_reg_2071   |   64   |
|    w_139_reg_1957   |   64   |
|    w_140_reg_1964   |   64   |
|    w_141_reg_2017   |   64   |
|    w_142_reg_2023   |   64   |
|    w_143_reg_2077   |   64   |
|    w_144_reg_2084   |   64   |
|    w_147_reg_1991   |   64   |
|    w_161_reg_2262   |   64   |
|    w_162_reg_2267   |   64   |
|      w_reg_1939     |   64   |
|    z0_57_reg_2117   |   512  |
|    z0_58_reg_2110   |   256  |
|    z0_59_reg_2190   |   256  |
|    z0_60_reg_2208   |   256  |
|     z0_reg_1985     |   256  |
|   z1e_21_reg_2214   |   260  |
|   z1e_23_reg_2252   |   512  |
|    z2_85_reg_2220   |   129  |
|    z2_86_reg_2038   |   256  |
|    z2_87_reg_2123   |   256  |
|    z2_90_reg_2236   |    4   |
|     z2_reg_2150     |   130  |
+---------------------+--------+
|        Total        |  7202  |
+---------------------+--------+

* Multiplexer (MUX) list: 
|-------------------|------|------|------|--------||---------||---------||---------|
|        Comp       |  Pin | Size |  BW  | S x BW ||  Delay  ||    FF   ||   LUT   |
|-------------------|------|------|------|--------||---------||---------||---------|
| grp_access_fu_162 |  p0  |   8  |   3  |   24   ||    0    ||    43   |
| grp_access_fu_162 |  p2  |   8  |   0  |    0   ||    0    ||    43   |
| grp_access_fu_181 |  p0  |   8  |   4  |   32   ||    0    ||    43   |
| grp_access_fu_181 |  p2  |   8  |   0  |    0   ||    0    ||    43   |
|     grp_fu_308    |  p0  |   2  |  64  |   128  ||    0    ||    9    |
|     grp_fu_308    |  p1  |   2  |  64  |   128  ||    0    ||    9    |
|     grp_fu_312    |  p0  |   2  |  64  |   128  ||    0    ||    9    |
|     grp_fu_312    |  p1  |   2  |  64  |   128  ||    0    ||    9    |
|     grp_fu_320    |  p0  |   3  |  65  |   195  ||    0    ||    14   |
|     grp_fu_320    |  p1  |   3  |  65  |   195  ||    0    ||    14   |
|     grp_fu_328    |  p0  |   2  |  66  |   132  ||    0    ||    9    |
|     grp_fu_328    |  p1  |   2  |  66  |   132  ||    0    ||    9    |
|     grp_fu_336    |  p0  |   4  |  128 |   512  ||    0    ||    20   |
|     grp_fu_336    |  p1  |   4  |  128 |   512  ||    0    ||    20   |
|-------------------|------|------|------|--------||---------||---------||---------|
|       Total       |      |      |      |  2246  || 6.40371 ||    0    ||   294   |
|-------------------|------|------|------|--------||---------||---------||---------|



* Summary:
+-----------+--------+--------+--------+--------+
|           |   DSP  |  Delay |   FF   |   LUT  |
+-----------+--------+--------+--------+--------+
|  Function |   262  |    -   |    0   |  12963 |
|   Memory  |    -   |    -   |    -   |    -   |
|Multiplexer|    -   |    6   |    0   |   294  |
|  Register |    -   |    -   |  7202  |    -   |
+-----------+--------+--------+--------+--------+
|   Total   |   262  |    6   |  7202  |  13257 |
+-----------+--------+--------+--------+--------+
