

================================================================
== Vitis HLS Report for 'mul_4118'
================================================================
* Date:           Wed Sep  3 15:13:28 2025

* Version:        2024.2.2 (Build 6049644 on Mar  5 2025)
* Project:        sikep503_hls
* Solution:       solution1 (Vivado IP Flow Target)
* Product family: virtexuplus58g
* Target device:  xcvu29p-fsga2577-2L-e


================================================================
== Performance Estimates
================================================================
+ Timing: 
    * Summary: 
    +--------+----------+----------+------------+
    |  Clock |  Target  | Estimated| Uncertainty|
    +--------+----------+----------+------------+
    |ap_clk  |  10.00 ns|  7.162 ns|     2.70 ns|
    +--------+----------+----------+------------+

+ Latency: 
    * Summary: 
    +---------+---------+----------+----------+-----+-----+---------+
    |  Latency (cycles) |  Latency (absolute) |  Interval | Pipeline|
    |   min   |   max   |    min   |    max   | min | max |   Type  |
    +---------+---------+----------+----------+-----+-----+---------+
    |       36|       36|  0.360 us|  0.360 us|   36|   36|       no|
    +---------+---------+----------+----------+-----+-----+---------+

    + Detail: 
        * Instance: 
        N/A

        * Loop: 
        N/A

============================================================
+ Verbose Summary: Synthesis Manager
============================================================
InlineROM: 1
ExposeGlobal: 0
============================================================
+ Verbose Summary: CDFG Model
============================================================
IsTopModel: 0
ResetActiveHigh: 1
IsCombinational: 0
IsDatapathOnly: 0
HasWiredReturn: 1
HasMFsm: 0
HasVarLatency: 1
IsPipeline: 0
IsRtlPipelined: 0
IsInstanceOverlapped: 0
IsDontTouch: 0
HasImplIP: 0
IsGatedGlobalClock: 0


============================================================
+ Verbose Summary: Schedule
============================================================
* Number of FSM states : 9
* Pipeline : 0
* Dataflow Pipeline: 0

* FSM state transitions: 
1 --> 2 
2 --> 3 
3 --> 4 
4 --> 5 
5 --> 6 
6 --> 7 
7 --> 8 
8 --> 9 
9 --> 

* FSM state operations: 

State 1 <SV = 0> <Delay = 1.42>
ST_1 : Operation 10 [1/1] (0.00ns)   --->   "%b_offset1_read = read i1 @_ssdm_op_Read.ap_auto.i1, i1 %b_offset1"   --->   Operation 10 'read' 'b_offset1_read' <Predicate = true> <Delay = 0.00>
ST_1 : Operation 11 [1/1] (0.00ns)   --->   "%a_offset_read = read i1 @_ssdm_op_Read.ap_auto.i1, i1 %a_offset"   --->   Operation 11 'read' 'a_offset_read' <Predicate = true> <Delay = 0.00>
ST_1 : Operation 12 [1/1] (0.00ns)   --->   "%B_loc = alloca i64 1"   --->   Operation 12 'alloca' 'B_loc' <Predicate = true> <Delay = 0.00>
ST_1 : Operation 13 [1/1] (0.00ns)   --->   "%A_1_loc = alloca i64 1"   --->   Operation 13 'alloca' 'A_1_loc' <Predicate = true> <Delay = 0.00>
ST_1 : Operation 14 [1/1] (0.00ns)   --->   "%tmp = bitconcatenate i4 @_ssdm_op_BitConcatenate.i4.i1.i3, i1 %b_offset1_read, i3 0" [src/generic/mpx_packed_karatsuba.hpp:37->src/generic/mpx_packed_karatsuba.hpp:187->src/generic/mpx_packed_karatsuba.hpp:225]   --->   Operation 14 'bitconcatenate' 'tmp' <Predicate = true> <Delay = 0.00>
ST_1 : Operation 15 [1/1] (0.00ns)   --->   "%tmp_s = bitconcatenate i4 @_ssdm_op_BitConcatenate.i4.i1.i3, i1 %a_offset_read, i3 0" [src/generic/mpx_packed_karatsuba.hpp:37->src/generic/mpx_packed_karatsuba.hpp:186->src/generic/mpx_packed_karatsuba.hpp:225]   --->   Operation 15 'bitconcatenate' 'tmp_s' <Predicate = true> <Delay = 0.00>
ST_1 : Operation 16 [2/2] (1.42ns)   --->   "%call_ln37 = call void @mul.4118_Pipeline_VITIS_LOOP_30_1, i4 %tmp_s, i64 %a, i512 %A_1_loc" [src/generic/mpx_packed_karatsuba.hpp:37->src/generic/mpx_packed_karatsuba.hpp:186->src/generic/mpx_packed_karatsuba.hpp:225]   --->   Operation 16 'call' 'call_ln37' <Predicate = true> <Delay = 1.42> <CoreType = "Generic">   --->   Generic Core
ST_1 : Operation 17 [2/2] (1.42ns)   --->   "%call_ln37 = call void @mul.4118_Pipeline_VITIS_LOOP_30_1139, i4 %tmp, i64 %b, i512 %B_loc" [src/generic/mpx_packed_karatsuba.hpp:37->src/generic/mpx_packed_karatsuba.hpp:187->src/generic/mpx_packed_karatsuba.hpp:225]   --->   Operation 17 'call' 'call_ln37' <Predicate = true> <Delay = 1.42> <CoreType = "Generic">   --->   Generic Core

State 2 <SV = 1> <Delay = 1.48>
ST_2 : Operation 18 [1/2] (1.48ns)   --->   "%call_ln37 = call void @mul.4118_Pipeline_VITIS_LOOP_30_1, i4 %tmp_s, i64 %a, i512 %A_1_loc" [src/generic/mpx_packed_karatsuba.hpp:37->src/generic/mpx_packed_karatsuba.hpp:186->src/generic/mpx_packed_karatsuba.hpp:225]   --->   Operation 18 'call' 'call_ln37' <Predicate = true> <Delay = 1.48> <CoreType = "Generic">   --->   Generic Core
ST_2 : Operation 19 [1/2] (1.48ns)   --->   "%call_ln37 = call void @mul.4118_Pipeline_VITIS_LOOP_30_1139, i4 %tmp, i64 %b, i512 %B_loc" [src/generic/mpx_packed_karatsuba.hpp:37->src/generic/mpx_packed_karatsuba.hpp:187->src/generic/mpx_packed_karatsuba.hpp:225]   --->   Operation 19 'call' 'call_ln37' <Predicate = true> <Delay = 1.48> <CoreType = "Generic">   --->   Generic Core

State 3 <SV = 2> <Delay = 7.16>
ST_3 : Operation 20 [1/1] (0.00ns)   --->   "%A_1_loc_load = load i512 %A_1_loc"   --->   Operation 20 'load' 'A_1_loc_load' <Predicate = true> <Delay = 0.00>
ST_3 : Operation 21 [1/1] (0.00ns)   --->   "%B_loc_load = load i512 %B_loc"   --->   Operation 21 'load' 'B_loc_load' <Predicate = true> <Delay = 0.00>
ST_3 : Operation 22 [1/1] (0.00ns)   --->   "%a0 = trunc i512 %A_1_loc_load" [src/generic/mpx_packed_karatsuba.hpp:133->src/generic/mpx_packed_karatsuba.hpp:188->src/generic/mpx_packed_karatsuba.hpp:225]   --->   Operation 22 'trunc' 'a0' <Predicate = true> <Delay = 0.00>
ST_3 : Operation 23 [1/1] (0.00ns)   --->   "%trunc_ln133_18 = trunc i512 %A_1_loc_load" [src/generic/mpx_packed_karatsuba.hpp:133->src/generic/mpx_packed_karatsuba.hpp:188->src/generic/mpx_packed_karatsuba.hpp:225]   --->   Operation 23 'trunc' 'trunc_ln133_18' <Predicate = true> <Delay = 0.00>
ST_3 : Operation 24 [1/1] (0.00ns)   --->   "%b0 = trunc i512 %B_loc_load" [src/generic/mpx_packed_karatsuba.hpp:134->src/generic/mpx_packed_karatsuba.hpp:188->src/generic/mpx_packed_karatsuba.hpp:225]   --->   Operation 24 'trunc' 'b0' <Predicate = true> <Delay = 0.00>
ST_3 : Operation 25 [1/1] (0.00ns)   --->   "%trunc_ln134_16 = trunc i512 %B_loc_load" [src/generic/mpx_packed_karatsuba.hpp:134->src/generic/mpx_packed_karatsuba.hpp:188->src/generic/mpx_packed_karatsuba.hpp:225]   --->   Operation 25 'trunc' 'trunc_ln134_16' <Predicate = true> <Delay = 0.00>
ST_3 : Operation 26 [1/1] (0.00ns)   --->   "%a0_137 = trunc i512 %A_1_loc_load" [src/generic/mpx_packed_karatsuba.hpp:133->src/generic/mpx_packed_karatsuba.hpp:138->src/generic/mpx_packed_karatsuba.hpp:188->src/generic/mpx_packed_karatsuba.hpp:225]   --->   Operation 26 'trunc' 'a0_137' <Predicate = true> <Delay = 0.00>
ST_3 : Operation 27 [1/1] (0.00ns)   --->   "%b0_121 = trunc i512 %B_loc_load" [src/generic/mpx_packed_karatsuba.hpp:134->src/generic/mpx_packed_karatsuba.hpp:138->src/generic/mpx_packed_karatsuba.hpp:188->src/generic/mpx_packed_karatsuba.hpp:225]   --->   Operation 27 'trunc' 'b0_121' <Predicate = true> <Delay = 0.00>
ST_3 : Operation 28 [1/1] (0.00ns)   --->   "%a1 = partselect i128 @_ssdm_op_PartSelect.i128.i512.i32.i32, i512 %A_1_loc_load, i32 128, i32 255" [src/generic/mpx_packed_karatsuba.hpp:135->src/generic/mpx_packed_karatsuba.hpp:138->src/generic/mpx_packed_karatsuba.hpp:188->src/generic/mpx_packed_karatsuba.hpp:225]   --->   Operation 28 'partselect' 'a1' <Predicate = true> <Delay = 0.00>
ST_3 : Operation 29 [1/1] (0.00ns)   --->   "%zext_ln135 = zext i128 %a1" [src/generic/mpx_packed_karatsuba.hpp:135->src/generic/mpx_packed_karatsuba.hpp:138->src/generic/mpx_packed_karatsuba.hpp:188->src/generic/mpx_packed_karatsuba.hpp:225]   --->   Operation 29 'zext' 'zext_ln135' <Predicate = true> <Delay = 0.00>
ST_3 : Operation 30 [1/1] (0.00ns)   --->   "%b1 = partselect i128 @_ssdm_op_PartSelect.i128.i512.i32.i32, i512 %B_loc_load, i32 128, i32 255" [src/generic/mpx_packed_karatsuba.hpp:136->src/generic/mpx_packed_karatsuba.hpp:138->src/generic/mpx_packed_karatsuba.hpp:188->src/generic/mpx_packed_karatsuba.hpp:225]   --->   Operation 30 'partselect' 'b1' <Predicate = true> <Delay = 0.00>
ST_3 : Operation 31 [1/1] (0.00ns)   --->   "%zext_ln136 = zext i128 %b1" [src/generic/mpx_packed_karatsuba.hpp:136->src/generic/mpx_packed_karatsuba.hpp:138->src/generic/mpx_packed_karatsuba.hpp:188->src/generic/mpx_packed_karatsuba.hpp:225]   --->   Operation 31 'zext' 'zext_ln136' <Predicate = true> <Delay = 0.00>
ST_3 : Operation 32 [1/1] (0.00ns)   --->   "%zext_ln121 = zext i128 %a0_137" [src/generic/mpx_packed_karatsuba.hpp:121->src/generic/mpx_packed_karatsuba.hpp:138->src/generic/mpx_packed_karatsuba.hpp:138->src/generic/mpx_packed_karatsuba.hpp:188->src/generic/mpx_packed_karatsuba.hpp:225]   --->   Operation 32 'zext' 'zext_ln121' <Predicate = true> <Delay = 0.00>
ST_3 : Operation 33 [1/1] (0.00ns)   --->   "%zext_ln121_296 = zext i128 %b0_121" [src/generic/mpx_packed_karatsuba.hpp:121->src/generic/mpx_packed_karatsuba.hpp:138->src/generic/mpx_packed_karatsuba.hpp:138->src/generic/mpx_packed_karatsuba.hpp:188->src/generic/mpx_packed_karatsuba.hpp:225]   --->   Operation 33 'zext' 'zext_ln121_296' <Predicate = true> <Delay = 0.00>
ST_3 : Operation 34 [1/1] (6.07ns)   --->   "%z0 = mul i256 %zext_ln121_296, i256 %zext_ln121" [src/generic/mpx_packed_karatsuba.hpp:121->src/generic/mpx_packed_karatsuba.hpp:138->src/generic/mpx_packed_karatsuba.hpp:138->src/generic/mpx_packed_karatsuba.hpp:188->src/generic/mpx_packed_karatsuba.hpp:225]   --->   Operation 34 'mul' 'z0' <Predicate = true> <Delay = 6.07> <CoreInst = "Multiplier">   --->   Core 3 'Multiplier' <Latency = 0> <II = 1> <Delay = 6.07> <FuncUnit> <Opcode : 'mul'> <InPorts = 2> <OutPorts = 1>
ST_3 : Operation 35 [1/1] (6.07ns)   --->   "%z2_315 = mul i256 %zext_ln136, i256 %zext_ln135" [src/generic/mpx_packed_karatsuba.hpp:121->src/generic/mpx_packed_karatsuba.hpp:139->src/generic/mpx_packed_karatsuba.hpp:138->src/generic/mpx_packed_karatsuba.hpp:188->src/generic/mpx_packed_karatsuba.hpp:225]   --->   Operation 35 'mul' 'z2_315' <Predicate = true> <Delay = 6.07> <CoreInst = "Multiplier">   --->   Core 3 'Multiplier' <Latency = 0> <II = 1> <Delay = 6.07> <FuncUnit> <Opcode : 'mul'> <InPorts = 2> <OutPorts = 1>
ST_3 : Operation 36 [1/1] (0.00ns)   --->   "%zext_ln147 = zext i128 %a0_137" [src/generic/mpx_packed_karatsuba.hpp:147->src/generic/mpx_packed_karatsuba.hpp:138->src/generic/mpx_packed_karatsuba.hpp:188->src/generic/mpx_packed_karatsuba.hpp:225]   --->   Operation 36 'zext' 'zext_ln147' <Predicate = true> <Delay = 0.00>
ST_3 : Operation 37 [1/1] (0.00ns)   --->   "%zext_ln147_144 = zext i128 %a1" [src/generic/mpx_packed_karatsuba.hpp:147->src/generic/mpx_packed_karatsuba.hpp:138->src/generic/mpx_packed_karatsuba.hpp:188->src/generic/mpx_packed_karatsuba.hpp:225]   --->   Operation 37 'zext' 'zext_ln147_144' <Predicate = true> <Delay = 0.00>
ST_3 : Operation 38 [1/1] (0.00ns)   --->   "%a1_cast = partselect i64 @_ssdm_op_PartSelect.i64.i512.i32.i32, i512 %A_1_loc_load, i32 128, i32 191" [src/generic/mpx_packed_karatsuba.hpp:147->src/generic/mpx_packed_karatsuba.hpp:138->src/generic/mpx_packed_karatsuba.hpp:188->src/generic/mpx_packed_karatsuba.hpp:225]   --->   Operation 38 'partselect' 'a1_cast' <Predicate = true> <Delay = 0.00>
ST_3 : Operation 39 [1/1] (0.00ns)   --->   "%trunc_ln147 = trunc i512 %A_1_loc_load" [src/generic/mpx_packed_karatsuba.hpp:147->src/generic/mpx_packed_karatsuba.hpp:138->src/generic/mpx_packed_karatsuba.hpp:188->src/generic/mpx_packed_karatsuba.hpp:225]   --->   Operation 39 'trunc' 'trunc_ln147' <Predicate = true> <Delay = 0.00>
ST_3 : Operation 40 [1/1] (1.49ns)   --->   "%sa_230 = add i129 %zext_ln147_144, i129 %zext_ln147" [src/generic/mpx_packed_karatsuba.hpp:147->src/generic/mpx_packed_karatsuba.hpp:138->src/generic/mpx_packed_karatsuba.hpp:188->src/generic/mpx_packed_karatsuba.hpp:225]   --->   Operation 40 'add' 'sa_230' <Predicate = true> <Delay = 1.49> <CoreInst = "Adder">   --->   Core 1 'Adder' <Latency = 0> <II = 1> <Delay = 1.49> <FuncUnit> <Opcode : 'add' 'sub'> <InPorts = 2> <OutPorts = 1>
ST_3 : Operation 41 [1/1] (0.00ns)   --->   "%zext_ln148 = zext i128 %b0_121" [src/generic/mpx_packed_karatsuba.hpp:148->src/generic/mpx_packed_karatsuba.hpp:138->src/generic/mpx_packed_karatsuba.hpp:188->src/generic/mpx_packed_karatsuba.hpp:225]   --->   Operation 41 'zext' 'zext_ln148' <Predicate = true> <Delay = 0.00>
ST_3 : Operation 42 [1/1] (0.00ns)   --->   "%zext_ln148_128 = zext i128 %b1" [src/generic/mpx_packed_karatsuba.hpp:148->src/generic/mpx_packed_karatsuba.hpp:138->src/generic/mpx_packed_karatsuba.hpp:188->src/generic/mpx_packed_karatsuba.hpp:225]   --->   Operation 42 'zext' 'zext_ln148_128' <Predicate = true> <Delay = 0.00>
ST_3 : Operation 43 [1/1] (0.00ns)   --->   "%b1_cast = partselect i64 @_ssdm_op_PartSelect.i64.i512.i32.i32, i512 %B_loc_load, i32 128, i32 191" [src/generic/mpx_packed_karatsuba.hpp:148->src/generic/mpx_packed_karatsuba.hpp:138->src/generic/mpx_packed_karatsuba.hpp:188->src/generic/mpx_packed_karatsuba.hpp:225]   --->   Operation 43 'partselect' 'b1_cast' <Predicate = true> <Delay = 0.00>
ST_3 : Operation 44 [1/1] (0.00ns)   --->   "%trunc_ln148 = trunc i512 %B_loc_load" [src/generic/mpx_packed_karatsuba.hpp:148->src/generic/mpx_packed_karatsuba.hpp:138->src/generic/mpx_packed_karatsuba.hpp:188->src/generic/mpx_packed_karatsuba.hpp:225]   --->   Operation 44 'trunc' 'trunc_ln148' <Predicate = true> <Delay = 0.00>
ST_3 : Operation 45 [1/1] (1.49ns)   --->   "%sb_204 = add i129 %zext_ln148_128, i129 %zext_ln148" [src/generic/mpx_packed_karatsuba.hpp:148->src/generic/mpx_packed_karatsuba.hpp:138->src/generic/mpx_packed_karatsuba.hpp:188->src/generic/mpx_packed_karatsuba.hpp:225]   --->   Operation 45 'add' 'sb_204' <Predicate = true> <Delay = 1.49> <CoreInst = "Adder">   --->   Core 1 'Adder' <Latency = 0> <II = 1> <Delay = 1.49> <FuncUnit> <Opcode : 'add' 'sub'> <InPorts = 2> <OutPorts = 1>
ST_3 : Operation 46 [1/1] (1.14ns)   --->   "%a0_138 = add i64 %a1_cast, i64 %trunc_ln147" [src/generic/mpx_packed_karatsuba.hpp:133->src/generic/mpx_packed_karatsuba.hpp:159->src/generic/mpx_packed_karatsuba.hpp:138->src/generic/mpx_packed_karatsuba.hpp:188->src/generic/mpx_packed_karatsuba.hpp:225]   --->   Operation 46 'add' 'a0_138' <Predicate = true> <Delay = 1.14> <CoreInst = "Adder">   --->   Core 1 'Adder' <Latency = 0> <II = 1> <Delay = 1.14> <FuncUnit> <Opcode : 'add' 'sub'> <InPorts = 2> <OutPorts = 1>
ST_3 : Operation 47 [1/1] (1.14ns)   --->   "%b0_122 = add i64 %b1_cast, i64 %trunc_ln148" [src/generic/mpx_packed_karatsuba.hpp:134->src/generic/mpx_packed_karatsuba.hpp:159->src/generic/mpx_packed_karatsuba.hpp:138->src/generic/mpx_packed_karatsuba.hpp:188->src/generic/mpx_packed_karatsuba.hpp:225]   --->   Operation 47 'add' 'b0_122' <Predicate = true> <Delay = 1.14> <CoreInst = "Adder">   --->   Core 1 'Adder' <Latency = 0> <II = 1> <Delay = 1.14> <FuncUnit> <Opcode : 'add' 'sub'> <InPorts = 2> <OutPorts = 1>
ST_3 : Operation 48 [1/1] (0.00ns)   --->   "%a1_s = partselect i65 @_ssdm_op_PartSelect.i65.i129.i32.i32, i129 %sa_230, i32 64, i32 128" [src/generic/mpx_packed_karatsuba.hpp:135->src/generic/mpx_packed_karatsuba.hpp:159->src/generic/mpx_packed_karatsuba.hpp:138->src/generic/mpx_packed_karatsuba.hpp:188->src/generic/mpx_packed_karatsuba.hpp:225]   --->   Operation 48 'partselect' 'a1_s' <Predicate = true> <Delay = 0.00>
ST_3 : Operation 49 [1/1] (0.00ns)   --->   "%b1_s = partselect i65 @_ssdm_op_PartSelect.i65.i129.i32.i32, i129 %sb_204, i32 64, i32 128" [src/generic/mpx_packed_karatsuba.hpp:136->src/generic/mpx_packed_karatsuba.hpp:159->src/generic/mpx_packed_karatsuba.hpp:138->src/generic/mpx_packed_karatsuba.hpp:188->src/generic/mpx_packed_karatsuba.hpp:225]   --->   Operation 49 'partselect' 'b1_s' <Predicate = true> <Delay = 0.00>
ST_3 : Operation 50 [1/1] (0.00ns)   --->   "%zext_ln121_297 = zext i64 %a0_138" [src/generic/mpx_packed_karatsuba.hpp:121->src/generic/mpx_packed_karatsuba.hpp:138->src/generic/mpx_packed_karatsuba.hpp:159->src/generic/mpx_packed_karatsuba.hpp:138->src/generic/mpx_packed_karatsuba.hpp:188->src/generic/mpx_packed_karatsuba.hpp:225]   --->   Operation 50 'zext' 'zext_ln121_297' <Predicate = true> <Delay = 0.00>
ST_3 : Operation 51 [1/1] (0.00ns)   --->   "%zext_ln121_298 = zext i64 %b0_122" [src/generic/mpx_packed_karatsuba.hpp:121->src/generic/mpx_packed_karatsuba.hpp:138->src/generic/mpx_packed_karatsuba.hpp:159->src/generic/mpx_packed_karatsuba.hpp:138->src/generic/mpx_packed_karatsuba.hpp:188->src/generic/mpx_packed_karatsuba.hpp:225]   --->   Operation 51 'zext' 'zext_ln121_298' <Predicate = true> <Delay = 0.00>
ST_3 : Operation 52 [1/1] (4.43ns)   --->   "%z0_227 = mul i128 %zext_ln121_298, i128 %zext_ln121_297" [src/generic/mpx_packed_karatsuba.hpp:121->src/generic/mpx_packed_karatsuba.hpp:138->src/generic/mpx_packed_karatsuba.hpp:159->src/generic/mpx_packed_karatsuba.hpp:138->src/generic/mpx_packed_karatsuba.hpp:188->src/generic/mpx_packed_karatsuba.hpp:225]   --->   Operation 52 'mul' 'z0_227' <Predicate = true> <Delay = 4.43> <CoreInst = "Multiplier">   --->   Core 3 'Multiplier' <Latency = 0> <II = 1> <Delay = 4.43> <FuncUnit> <Opcode : 'mul'> <InPorts = 2> <OutPorts = 1>
ST_3 : Operation 53 [1/1] (0.00ns)   --->   "%zext_ln121_299 = zext i65 %a1_s" [src/generic/mpx_packed_karatsuba.hpp:121->src/generic/mpx_packed_karatsuba.hpp:139->src/generic/mpx_packed_karatsuba.hpp:159->src/generic/mpx_packed_karatsuba.hpp:138->src/generic/mpx_packed_karatsuba.hpp:188->src/generic/mpx_packed_karatsuba.hpp:225]   --->   Operation 53 'zext' 'zext_ln121_299' <Predicate = true> <Delay = 0.00>
ST_3 : Operation 54 [1/1] (0.00ns)   --->   "%zext_ln121_300 = zext i65 %b1_s" [src/generic/mpx_packed_karatsuba.hpp:121->src/generic/mpx_packed_karatsuba.hpp:139->src/generic/mpx_packed_karatsuba.hpp:159->src/generic/mpx_packed_karatsuba.hpp:138->src/generic/mpx_packed_karatsuba.hpp:188->src/generic/mpx_packed_karatsuba.hpp:225]   --->   Operation 54 'zext' 'zext_ln121_300' <Predicate = true> <Delay = 0.00>
ST_3 : Operation 55 [1/1] (4.47ns)   --->   "%z2_316 = mul i130 %zext_ln121_300, i130 %zext_ln121_299" [src/generic/mpx_packed_karatsuba.hpp:121->src/generic/mpx_packed_karatsuba.hpp:139->src/generic/mpx_packed_karatsuba.hpp:159->src/generic/mpx_packed_karatsuba.hpp:138->src/generic/mpx_packed_karatsuba.hpp:188->src/generic/mpx_packed_karatsuba.hpp:225]   --->   Operation 55 'mul' 'z2_316' <Predicate = true> <Delay = 4.47> <CoreInst = "Multiplier">   --->   Core 3 'Multiplier' <Latency = 0> <II = 1> <Delay = 4.47> <FuncUnit> <Opcode : 'mul'> <InPorts = 2> <OutPorts = 1>
ST_3 : Operation 56 [1/1] (0.00ns)   --->   "%zext_ln147_120 = zext i64 %a0_138" [src/generic/mpx_packed_karatsuba.hpp:147->src/generic/mpx_packed_karatsuba.hpp:159->src/generic/mpx_packed_karatsuba.hpp:138->src/generic/mpx_packed_karatsuba.hpp:188->src/generic/mpx_packed_karatsuba.hpp:225]   --->   Operation 56 'zext' 'zext_ln147_120' <Predicate = true> <Delay = 0.00>
ST_3 : Operation 57 [1/1] (0.00ns)   --->   "%zext_ln147_145 = zext i65 %a1_s" [src/generic/mpx_packed_karatsuba.hpp:147->src/generic/mpx_packed_karatsuba.hpp:159->src/generic/mpx_packed_karatsuba.hpp:138->src/generic/mpx_packed_karatsuba.hpp:188->src/generic/mpx_packed_karatsuba.hpp:225]   --->   Operation 57 'zext' 'zext_ln147_145' <Predicate = true> <Delay = 0.00>
ST_3 : Operation 58 [1/1] (1.15ns)   --->   "%sa = add i66 %zext_ln147_145, i66 %zext_ln147_120" [src/generic/mpx_packed_karatsuba.hpp:147->src/generic/mpx_packed_karatsuba.hpp:159->src/generic/mpx_packed_karatsuba.hpp:138->src/generic/mpx_packed_karatsuba.hpp:188->src/generic/mpx_packed_karatsuba.hpp:225]   --->   Operation 58 'add' 'sa' <Predicate = true> <Delay = 1.15> <CoreInst = "Adder">   --->   Core 1 'Adder' <Latency = 0> <II = 1> <Delay = 1.15> <FuncUnit> <Opcode : 'add' 'sub'> <InPorts = 2> <OutPorts = 1>
ST_3 : Operation 59 [1/1] (0.00ns)   --->   "%zext_ln148_106 = zext i64 %b0_122" [src/generic/mpx_packed_karatsuba.hpp:148->src/generic/mpx_packed_karatsuba.hpp:159->src/generic/mpx_packed_karatsuba.hpp:138->src/generic/mpx_packed_karatsuba.hpp:188->src/generic/mpx_packed_karatsuba.hpp:225]   --->   Operation 59 'zext' 'zext_ln148_106' <Predicate = true> <Delay = 0.00>
ST_3 : Operation 60 [1/1] (0.00ns)   --->   "%zext_ln148_129 = zext i65 %b1_s" [src/generic/mpx_packed_karatsuba.hpp:148->src/generic/mpx_packed_karatsuba.hpp:159->src/generic/mpx_packed_karatsuba.hpp:138->src/generic/mpx_packed_karatsuba.hpp:188->src/generic/mpx_packed_karatsuba.hpp:225]   --->   Operation 60 'zext' 'zext_ln148_129' <Predicate = true> <Delay = 0.00>
ST_3 : Operation 61 [1/1] (1.15ns)   --->   "%sb = add i66 %zext_ln148_129, i66 %zext_ln148_106" [src/generic/mpx_packed_karatsuba.hpp:148->src/generic/mpx_packed_karatsuba.hpp:159->src/generic/mpx_packed_karatsuba.hpp:138->src/generic/mpx_packed_karatsuba.hpp:188->src/generic/mpx_packed_karatsuba.hpp:225]   --->   Operation 61 'add' 'sb' <Predicate = true> <Delay = 1.15> <CoreInst = "Adder">   --->   Core 1 'Adder' <Latency = 0> <II = 1> <Delay = 1.15> <FuncUnit> <Opcode : 'add' 'sub'> <InPorts = 2> <OutPorts = 1>
ST_3 : Operation 62 [1/1] (0.00ns)   --->   "%zext_ln164 = zext i66 %sa" [src/generic/mpx_packed_karatsuba.hpp:164->src/generic/mpx_packed_karatsuba.hpp:159->src/generic/mpx_packed_karatsuba.hpp:138->src/generic/mpx_packed_karatsuba.hpp:188->src/generic/mpx_packed_karatsuba.hpp:225]   --->   Operation 62 'zext' 'zext_ln164' <Predicate = true> <Delay = 0.00>
ST_3 : Operation 63 [1/1] (0.00ns)   --->   "%zext_ln164_80 = zext i66 %sb" [src/generic/mpx_packed_karatsuba.hpp:164->src/generic/mpx_packed_karatsuba.hpp:159->src/generic/mpx_packed_karatsuba.hpp:138->src/generic/mpx_packed_karatsuba.hpp:188->src/generic/mpx_packed_karatsuba.hpp:225]   --->   Operation 63 'zext' 'zext_ln164_80' <Predicate = true> <Delay = 0.00>
ST_3 : Operation 64 [1/1] (4.51ns)   --->   "%t = mul i132 %zext_ln164_80, i132 %zext_ln164" [src/generic/mpx_packed_karatsuba.hpp:164->src/generic/mpx_packed_karatsuba.hpp:159->src/generic/mpx_packed_karatsuba.hpp:138->src/generic/mpx_packed_karatsuba.hpp:188->src/generic/mpx_packed_karatsuba.hpp:225]   --->   Operation 64 'mul' 't' <Predicate = true> <Delay = 4.51> <CoreInst = "Multiplier">   --->   Core 3 'Multiplier' <Latency = 0> <II = 1> <Delay = 4.51> <FuncUnit> <Opcode : 'mul'> <InPorts = 2> <OutPorts = 1>
ST_3 : Operation 65 [1/1] (0.00ns)   --->   "%a0_139 = partselect i128 @_ssdm_op_PartSelect.i128.i512.i32.i32, i512 %A_1_loc_load, i32 256, i32 383" [src/generic/mpx_packed_karatsuba.hpp:133->src/generic/mpx_packed_karatsuba.hpp:139->src/generic/mpx_packed_karatsuba.hpp:188->src/generic/mpx_packed_karatsuba.hpp:225]   --->   Operation 65 'partselect' 'a0_139' <Predicate = true> <Delay = 0.00>
ST_3 : Operation 66 [1/1] (0.00ns)   --->   "%a0_139_cast = partselect i64 @_ssdm_op_PartSelect.i64.i512.i32.i32, i512 %A_1_loc_load, i32 256, i32 319" [src/generic/mpx_packed_karatsuba.hpp:133->src/generic/mpx_packed_karatsuba.hpp:139->src/generic/mpx_packed_karatsuba.hpp:188->src/generic/mpx_packed_karatsuba.hpp:225]   --->   Operation 66 'partselect' 'a0_139_cast' <Predicate = true> <Delay = 0.00>
ST_3 : Operation 67 [1/1] (0.00ns)   --->   "%b0_123 = partselect i128 @_ssdm_op_PartSelect.i128.i512.i32.i32, i512 %B_loc_load, i32 256, i32 383" [src/generic/mpx_packed_karatsuba.hpp:134->src/generic/mpx_packed_karatsuba.hpp:139->src/generic/mpx_packed_karatsuba.hpp:188->src/generic/mpx_packed_karatsuba.hpp:225]   --->   Operation 67 'partselect' 'b0_123' <Predicate = true> <Delay = 0.00>
ST_3 : Operation 68 [1/1] (0.00ns)   --->   "%b0_123_cast = partselect i64 @_ssdm_op_PartSelect.i64.i512.i32.i32, i512 %B_loc_load, i32 256, i32 319" [src/generic/mpx_packed_karatsuba.hpp:134->src/generic/mpx_packed_karatsuba.hpp:139->src/generic/mpx_packed_karatsuba.hpp:188->src/generic/mpx_packed_karatsuba.hpp:225]   --->   Operation 68 'partselect' 'b0_123_cast' <Predicate = true> <Delay = 0.00>
ST_3 : Operation 69 [1/1] (0.00ns)   --->   "%zext_ln121_301 = zext i128 %a0_139" [src/generic/mpx_packed_karatsuba.hpp:121->src/generic/mpx_packed_karatsuba.hpp:138->src/generic/mpx_packed_karatsuba.hpp:139->src/generic/mpx_packed_karatsuba.hpp:188->src/generic/mpx_packed_karatsuba.hpp:225]   --->   Operation 69 'zext' 'zext_ln121_301' <Predicate = true> <Delay = 0.00>
ST_3 : Operation 70 [1/1] (0.00ns)   --->   "%zext_ln121_302 = zext i128 %b0_123" [src/generic/mpx_packed_karatsuba.hpp:121->src/generic/mpx_packed_karatsuba.hpp:138->src/generic/mpx_packed_karatsuba.hpp:139->src/generic/mpx_packed_karatsuba.hpp:188->src/generic/mpx_packed_karatsuba.hpp:225]   --->   Operation 70 'zext' 'zext_ln121_302' <Predicate = true> <Delay = 0.00>
ST_3 : Operation 71 [1/1] (6.07ns)   --->   "%z0_230 = mul i256 %zext_ln121_302, i256 %zext_ln121_301" [src/generic/mpx_packed_karatsuba.hpp:121->src/generic/mpx_packed_karatsuba.hpp:138->src/generic/mpx_packed_karatsuba.hpp:139->src/generic/mpx_packed_karatsuba.hpp:188->src/generic/mpx_packed_karatsuba.hpp:225]   --->   Operation 71 'mul' 'z0_230' <Predicate = true> <Delay = 6.07> <CoreInst = "Multiplier">   --->   Core 3 'Multiplier' <Latency = 0> <II = 1> <Delay = 6.07> <FuncUnit> <Opcode : 'mul'> <InPorts = 2> <OutPorts = 1>
ST_3 : Operation 72 [1/1] (0.00ns)   --->   "%tmp_315 = partselect i128 @_ssdm_op_PartSelect.i128.i512.i32.i32, i512 %A_1_loc_load, i32 384, i32 511" [src/generic/mpx_packed_karatsuba.hpp:121->src/generic/mpx_packed_karatsuba.hpp:139->src/generic/mpx_packed_karatsuba.hpp:139->src/generic/mpx_packed_karatsuba.hpp:188->src/generic/mpx_packed_karatsuba.hpp:225]   --->   Operation 72 'partselect' 'tmp_315' <Predicate = true> <Delay = 0.00>
ST_3 : Operation 73 [1/1] (0.00ns)   --->   "%tmp_658_cast = partselect i64 @_ssdm_op_PartSelect.i64.i512.i32.i32, i512 %A_1_loc_load, i32 384, i32 447" [src/generic/mpx_packed_karatsuba.hpp:121->src/generic/mpx_packed_karatsuba.hpp:139->src/generic/mpx_packed_karatsuba.hpp:139->src/generic/mpx_packed_karatsuba.hpp:188->src/generic/mpx_packed_karatsuba.hpp:225]   --->   Operation 73 'partselect' 'tmp_658_cast' <Predicate = true> <Delay = 0.00>
ST_3 : Operation 74 [1/1] (0.00ns)   --->   "%zext_ln121_317 = zext i128 %tmp_315" [src/generic/mpx_packed_karatsuba.hpp:121->src/generic/mpx_packed_karatsuba.hpp:139->src/generic/mpx_packed_karatsuba.hpp:139->src/generic/mpx_packed_karatsuba.hpp:188->src/generic/mpx_packed_karatsuba.hpp:225]   --->   Operation 74 'zext' 'zext_ln121_317' <Predicate = true> <Delay = 0.00>
ST_3 : Operation 75 [1/1] (0.00ns)   --->   "%tmp_316 = partselect i128 @_ssdm_op_PartSelect.i128.i512.i32.i32, i512 %B_loc_load, i32 384, i32 511" [src/generic/mpx_packed_karatsuba.hpp:121->src/generic/mpx_packed_karatsuba.hpp:139->src/generic/mpx_packed_karatsuba.hpp:139->src/generic/mpx_packed_karatsuba.hpp:188->src/generic/mpx_packed_karatsuba.hpp:225]   --->   Operation 75 'partselect' 'tmp_316' <Predicate = true> <Delay = 0.00>
ST_3 : Operation 76 [1/1] (0.00ns)   --->   "%tmp_659_cast = partselect i64 @_ssdm_op_PartSelect.i64.i512.i32.i32, i512 %B_loc_load, i32 384, i32 447" [src/generic/mpx_packed_karatsuba.hpp:121->src/generic/mpx_packed_karatsuba.hpp:139->src/generic/mpx_packed_karatsuba.hpp:139->src/generic/mpx_packed_karatsuba.hpp:188->src/generic/mpx_packed_karatsuba.hpp:225]   --->   Operation 76 'partselect' 'tmp_659_cast' <Predicate = true> <Delay = 0.00>
ST_3 : Operation 77 [1/1] (0.00ns)   --->   "%zext_ln121_318 = zext i128 %tmp_316" [src/generic/mpx_packed_karatsuba.hpp:121->src/generic/mpx_packed_karatsuba.hpp:139->src/generic/mpx_packed_karatsuba.hpp:139->src/generic/mpx_packed_karatsuba.hpp:188->src/generic/mpx_packed_karatsuba.hpp:225]   --->   Operation 77 'zext' 'zext_ln121_318' <Predicate = true> <Delay = 0.00>
ST_3 : Operation 78 [1/1] (6.07ns)   --->   "%z2_317 = mul i256 %zext_ln121_318, i256 %zext_ln121_317" [src/generic/mpx_packed_karatsuba.hpp:121->src/generic/mpx_packed_karatsuba.hpp:139->src/generic/mpx_packed_karatsuba.hpp:139->src/generic/mpx_packed_karatsuba.hpp:188->src/generic/mpx_packed_karatsuba.hpp:225]   --->   Operation 78 'mul' 'z2_317' <Predicate = true> <Delay = 6.07> <CoreInst = "Multiplier">   --->   Core 3 'Multiplier' <Latency = 0> <II = 1> <Delay = 6.07> <FuncUnit> <Opcode : 'mul'> <InPorts = 2> <OutPorts = 1>
ST_3 : Operation 79 [1/1] (0.00ns)   --->   "%zext_ln147_121 = zext i128 %a0_139" [src/generic/mpx_packed_karatsuba.hpp:147->src/generic/mpx_packed_karatsuba.hpp:139->src/generic/mpx_packed_karatsuba.hpp:188->src/generic/mpx_packed_karatsuba.hpp:225]   --->   Operation 79 'zext' 'zext_ln147_121' <Predicate = true> <Delay = 0.00>
ST_3 : Operation 80 [1/1] (0.00ns)   --->   "%zext_ln147_146 = zext i128 %tmp_315" [src/generic/mpx_packed_karatsuba.hpp:147->src/generic/mpx_packed_karatsuba.hpp:139->src/generic/mpx_packed_karatsuba.hpp:188->src/generic/mpx_packed_karatsuba.hpp:225]   --->   Operation 80 'zext' 'zext_ln147_146' <Predicate = true> <Delay = 0.00>
ST_3 : Operation 81 [1/1] (1.14ns)   --->   "%a0_140 = add i64 %a0_139_cast, i64 %tmp_658_cast" [src/generic/mpx_packed_karatsuba.hpp:133->src/generic/mpx_packed_karatsuba.hpp:159->src/generic/mpx_packed_karatsuba.hpp:139->src/generic/mpx_packed_karatsuba.hpp:188->src/generic/mpx_packed_karatsuba.hpp:225]   --->   Operation 81 'add' 'a0_140' <Predicate = true> <Delay = 1.14> <CoreInst = "Adder">   --->   Core 1 'Adder' <Latency = 0> <II = 1> <Delay = 1.14> <FuncUnit> <Opcode : 'add' 'sub'> <InPorts = 2> <OutPorts = 1>
ST_3 : Operation 82 [1/1] (1.49ns)   --->   "%sa_231 = add i129 %zext_ln147_121, i129 %zext_ln147_146" [src/generic/mpx_packed_karatsuba.hpp:147->src/generic/mpx_packed_karatsuba.hpp:139->src/generic/mpx_packed_karatsuba.hpp:188->src/generic/mpx_packed_karatsuba.hpp:225]   --->   Operation 82 'add' 'sa_231' <Predicate = true> <Delay = 1.49> <CoreInst = "Adder">   --->   Core 1 'Adder' <Latency = 0> <II = 1> <Delay = 1.49> <FuncUnit> <Opcode : 'add' 'sub'> <InPorts = 2> <OutPorts = 1>
ST_3 : Operation 83 [1/1] (0.00ns)   --->   "%zext_ln148_107 = zext i128 %b0_123" [src/generic/mpx_packed_karatsuba.hpp:148->src/generic/mpx_packed_karatsuba.hpp:139->src/generic/mpx_packed_karatsuba.hpp:188->src/generic/mpx_packed_karatsuba.hpp:225]   --->   Operation 83 'zext' 'zext_ln148_107' <Predicate = true> <Delay = 0.00>
ST_3 : Operation 84 [1/1] (0.00ns)   --->   "%zext_ln148_130 = zext i128 %tmp_316" [src/generic/mpx_packed_karatsuba.hpp:148->src/generic/mpx_packed_karatsuba.hpp:139->src/generic/mpx_packed_karatsuba.hpp:188->src/generic/mpx_packed_karatsuba.hpp:225]   --->   Operation 84 'zext' 'zext_ln148_130' <Predicate = true> <Delay = 0.00>
ST_3 : Operation 85 [1/1] (1.14ns)   --->   "%b0_124 = add i64 %b0_123_cast, i64 %tmp_659_cast" [src/generic/mpx_packed_karatsuba.hpp:134->src/generic/mpx_packed_karatsuba.hpp:159->src/generic/mpx_packed_karatsuba.hpp:139->src/generic/mpx_packed_karatsuba.hpp:188->src/generic/mpx_packed_karatsuba.hpp:225]   --->   Operation 85 'add' 'b0_124' <Predicate = true> <Delay = 1.14> <CoreInst = "Adder">   --->   Core 1 'Adder' <Latency = 0> <II = 1> <Delay = 1.14> <FuncUnit> <Opcode : 'add' 'sub'> <InPorts = 2> <OutPorts = 1>
ST_3 : Operation 86 [1/1] (1.49ns)   --->   "%sb_205 = add i129 %zext_ln148_107, i129 %zext_ln148_130" [src/generic/mpx_packed_karatsuba.hpp:148->src/generic/mpx_packed_karatsuba.hpp:139->src/generic/mpx_packed_karatsuba.hpp:188->src/generic/mpx_packed_karatsuba.hpp:225]   --->   Operation 86 'add' 'sb_205' <Predicate = true> <Delay = 1.49> <CoreInst = "Adder">   --->   Core 1 'Adder' <Latency = 0> <II = 1> <Delay = 1.49> <FuncUnit> <Opcode : 'add' 'sub'> <InPorts = 2> <OutPorts = 1>
ST_3 : Operation 87 [1/1] (0.00ns)   --->   "%a1_23 = partselect i65 @_ssdm_op_PartSelect.i65.i129.i32.i32, i129 %sa_231, i32 64, i32 128" [src/generic/mpx_packed_karatsuba.hpp:135->src/generic/mpx_packed_karatsuba.hpp:159->src/generic/mpx_packed_karatsuba.hpp:139->src/generic/mpx_packed_karatsuba.hpp:188->src/generic/mpx_packed_karatsuba.hpp:225]   --->   Operation 87 'partselect' 'a1_23' <Predicate = true> <Delay = 0.00>
ST_3 : Operation 88 [1/1] (0.00ns)   --->   "%b1_23 = partselect i65 @_ssdm_op_PartSelect.i65.i129.i32.i32, i129 %sb_205, i32 64, i32 128" [src/generic/mpx_packed_karatsuba.hpp:136->src/generic/mpx_packed_karatsuba.hpp:159->src/generic/mpx_packed_karatsuba.hpp:139->src/generic/mpx_packed_karatsuba.hpp:188->src/generic/mpx_packed_karatsuba.hpp:225]   --->   Operation 88 'partselect' 'b1_23' <Predicate = true> <Delay = 0.00>
ST_3 : Operation 89 [1/1] (0.00ns)   --->   "%zext_ln121_303 = zext i64 %a0_140" [src/generic/mpx_packed_karatsuba.hpp:121->src/generic/mpx_packed_karatsuba.hpp:138->src/generic/mpx_packed_karatsuba.hpp:159->src/generic/mpx_packed_karatsuba.hpp:139->src/generic/mpx_packed_karatsuba.hpp:188->src/generic/mpx_packed_karatsuba.hpp:225]   --->   Operation 89 'zext' 'zext_ln121_303' <Predicate = true> <Delay = 0.00>
ST_3 : Operation 90 [1/1] (0.00ns)   --->   "%zext_ln121_304 = zext i64 %b0_124" [src/generic/mpx_packed_karatsuba.hpp:121->src/generic/mpx_packed_karatsuba.hpp:138->src/generic/mpx_packed_karatsuba.hpp:159->src/generic/mpx_packed_karatsuba.hpp:139->src/generic/mpx_packed_karatsuba.hpp:188->src/generic/mpx_packed_karatsuba.hpp:225]   --->   Operation 90 'zext' 'zext_ln121_304' <Predicate = true> <Delay = 0.00>
ST_3 : Operation 91 [1/1] (4.43ns)   --->   "%z0_231 = mul i128 %zext_ln121_304, i128 %zext_ln121_303" [src/generic/mpx_packed_karatsuba.hpp:121->src/generic/mpx_packed_karatsuba.hpp:138->src/generic/mpx_packed_karatsuba.hpp:159->src/generic/mpx_packed_karatsuba.hpp:139->src/generic/mpx_packed_karatsuba.hpp:188->src/generic/mpx_packed_karatsuba.hpp:225]   --->   Operation 91 'mul' 'z0_231' <Predicate = true> <Delay = 4.43> <CoreInst = "Multiplier">   --->   Core 3 'Multiplier' <Latency = 0> <II = 1> <Delay = 4.43> <FuncUnit> <Opcode : 'mul'> <InPorts = 2> <OutPorts = 1>
ST_3 : Operation 92 [1/1] (0.00ns)   --->   "%zext_ln121_305 = zext i65 %a1_23" [src/generic/mpx_packed_karatsuba.hpp:121->src/generic/mpx_packed_karatsuba.hpp:139->src/generic/mpx_packed_karatsuba.hpp:159->src/generic/mpx_packed_karatsuba.hpp:139->src/generic/mpx_packed_karatsuba.hpp:188->src/generic/mpx_packed_karatsuba.hpp:225]   --->   Operation 92 'zext' 'zext_ln121_305' <Predicate = true> <Delay = 0.00>
ST_3 : Operation 93 [1/1] (0.00ns)   --->   "%zext_ln121_306 = zext i65 %b1_23" [src/generic/mpx_packed_karatsuba.hpp:121->src/generic/mpx_packed_karatsuba.hpp:139->src/generic/mpx_packed_karatsuba.hpp:159->src/generic/mpx_packed_karatsuba.hpp:139->src/generic/mpx_packed_karatsuba.hpp:188->src/generic/mpx_packed_karatsuba.hpp:225]   --->   Operation 93 'zext' 'zext_ln121_306' <Predicate = true> <Delay = 0.00>
ST_3 : Operation 94 [1/1] (4.47ns)   --->   "%z2_318 = mul i130 %zext_ln121_306, i130 %zext_ln121_305" [src/generic/mpx_packed_karatsuba.hpp:121->src/generic/mpx_packed_karatsuba.hpp:139->src/generic/mpx_packed_karatsuba.hpp:159->src/generic/mpx_packed_karatsuba.hpp:139->src/generic/mpx_packed_karatsuba.hpp:188->src/generic/mpx_packed_karatsuba.hpp:225]   --->   Operation 94 'mul' 'z2_318' <Predicate = true> <Delay = 4.47> <CoreInst = "Multiplier">   --->   Core 3 'Multiplier' <Latency = 0> <II = 1> <Delay = 4.47> <FuncUnit> <Opcode : 'mul'> <InPorts = 2> <OutPorts = 1>
ST_3 : Operation 95 [1/1] (0.00ns)   --->   "%zext_ln147_122 = zext i64 %a0_140" [src/generic/mpx_packed_karatsuba.hpp:147->src/generic/mpx_packed_karatsuba.hpp:159->src/generic/mpx_packed_karatsuba.hpp:139->src/generic/mpx_packed_karatsuba.hpp:188->src/generic/mpx_packed_karatsuba.hpp:225]   --->   Operation 95 'zext' 'zext_ln147_122' <Predicate = true> <Delay = 0.00>
ST_3 : Operation 96 [1/1] (0.00ns)   --->   "%zext_ln147_147 = zext i65 %a1_23" [src/generic/mpx_packed_karatsuba.hpp:147->src/generic/mpx_packed_karatsuba.hpp:159->src/generic/mpx_packed_karatsuba.hpp:139->src/generic/mpx_packed_karatsuba.hpp:188->src/generic/mpx_packed_karatsuba.hpp:225]   --->   Operation 96 'zext' 'zext_ln147_147' <Predicate = true> <Delay = 0.00>
ST_3 : Operation 97 [1/1] (1.15ns)   --->   "%sa_224 = add i66 %zext_ln147_147, i66 %zext_ln147_122" [src/generic/mpx_packed_karatsuba.hpp:147->src/generic/mpx_packed_karatsuba.hpp:159->src/generic/mpx_packed_karatsuba.hpp:139->src/generic/mpx_packed_karatsuba.hpp:188->src/generic/mpx_packed_karatsuba.hpp:225]   --->   Operation 97 'add' 'sa_224' <Predicate = true> <Delay = 1.15> <CoreInst = "Adder">   --->   Core 1 'Adder' <Latency = 0> <II = 1> <Delay = 1.15> <FuncUnit> <Opcode : 'add' 'sub'> <InPorts = 2> <OutPorts = 1>
ST_3 : Operation 98 [1/1] (0.00ns)   --->   "%zext_ln148_108 = zext i64 %b0_124" [src/generic/mpx_packed_karatsuba.hpp:148->src/generic/mpx_packed_karatsuba.hpp:159->src/generic/mpx_packed_karatsuba.hpp:139->src/generic/mpx_packed_karatsuba.hpp:188->src/generic/mpx_packed_karatsuba.hpp:225]   --->   Operation 98 'zext' 'zext_ln148_108' <Predicate = true> <Delay = 0.00>
ST_3 : Operation 99 [1/1] (0.00ns)   --->   "%zext_ln148_131 = zext i65 %b1_23" [src/generic/mpx_packed_karatsuba.hpp:148->src/generic/mpx_packed_karatsuba.hpp:159->src/generic/mpx_packed_karatsuba.hpp:139->src/generic/mpx_packed_karatsuba.hpp:188->src/generic/mpx_packed_karatsuba.hpp:225]   --->   Operation 99 'zext' 'zext_ln148_131' <Predicate = true> <Delay = 0.00>
ST_3 : Operation 100 [1/1] (1.15ns)   --->   "%sb_198 = add i66 %zext_ln148_131, i66 %zext_ln148_108" [src/generic/mpx_packed_karatsuba.hpp:148->src/generic/mpx_packed_karatsuba.hpp:159->src/generic/mpx_packed_karatsuba.hpp:139->src/generic/mpx_packed_karatsuba.hpp:188->src/generic/mpx_packed_karatsuba.hpp:225]   --->   Operation 100 'add' 'sb_198' <Predicate = true> <Delay = 1.15> <CoreInst = "Adder">   --->   Core 1 'Adder' <Latency = 0> <II = 1> <Delay = 1.15> <FuncUnit> <Opcode : 'add' 'sub'> <InPorts = 2> <OutPorts = 1>
ST_3 : Operation 101 [1/1] (0.00ns)   --->   "%zext_ln164_81 = zext i66 %sa_224" [src/generic/mpx_packed_karatsuba.hpp:164->src/generic/mpx_packed_karatsuba.hpp:159->src/generic/mpx_packed_karatsuba.hpp:139->src/generic/mpx_packed_karatsuba.hpp:188->src/generic/mpx_packed_karatsuba.hpp:225]   --->   Operation 101 'zext' 'zext_ln164_81' <Predicate = true> <Delay = 0.00>
ST_3 : Operation 102 [1/1] (0.00ns)   --->   "%zext_ln164_82 = zext i66 %sb_198" [src/generic/mpx_packed_karatsuba.hpp:164->src/generic/mpx_packed_karatsuba.hpp:159->src/generic/mpx_packed_karatsuba.hpp:139->src/generic/mpx_packed_karatsuba.hpp:188->src/generic/mpx_packed_karatsuba.hpp:225]   --->   Operation 102 'zext' 'zext_ln164_82' <Predicate = true> <Delay = 0.00>
ST_3 : Operation 103 [1/1] (4.51ns)   --->   "%t_153 = mul i132 %zext_ln164_82, i132 %zext_ln164_81" [src/generic/mpx_packed_karatsuba.hpp:164->src/generic/mpx_packed_karatsuba.hpp:159->src/generic/mpx_packed_karatsuba.hpp:139->src/generic/mpx_packed_karatsuba.hpp:188->src/generic/mpx_packed_karatsuba.hpp:225]   --->   Operation 103 'mul' 't_153' <Predicate = true> <Delay = 4.51> <CoreInst = "Multiplier">   --->   Core 3 'Multiplier' <Latency = 0> <II = 1> <Delay = 4.51> <FuncUnit> <Opcode : 'mul'> <InPorts = 2> <OutPorts = 1>
ST_3 : Operation 104 [1/1] (0.00ns)   --->   "%zext_ln147_123 = zext i256 %a0" [src/generic/mpx_packed_karatsuba.hpp:147->src/generic/mpx_packed_karatsuba.hpp:188->src/generic/mpx_packed_karatsuba.hpp:225]   --->   Operation 104 'zext' 'zext_ln147_123' <Predicate = true> <Delay = 0.00>
ST_3 : Operation 105 [1/1] (0.00ns)   --->   "%tmp_318 = partselect i256 @_ssdm_op_PartSelect.i256.i512.i32.i32, i512 %A_1_loc_load, i32 256, i32 511" [src/generic/mpx_packed_karatsuba.hpp:147->src/generic/mpx_packed_karatsuba.hpp:188->src/generic/mpx_packed_karatsuba.hpp:225]   --->   Operation 105 'partselect' 'tmp_318' <Predicate = true> <Delay = 0.00>
ST_3 : Operation 106 [1/1] (0.00ns)   --->   "%tmp_665_cast = partselect i192 @_ssdm_op_PartSelect.i192.i512.i32.i32, i512 %A_1_loc_load, i32 256, i32 447" [src/generic/mpx_packed_karatsuba.hpp:147->src/generic/mpx_packed_karatsuba.hpp:188->src/generic/mpx_packed_karatsuba.hpp:225]   --->   Operation 106 'partselect' 'tmp_665_cast' <Predicate = true> <Delay = 0.00>
ST_3 : Operation 107 [1/1] (0.00ns)   --->   "%zext_ln147_148 = zext i256 %tmp_318" [src/generic/mpx_packed_karatsuba.hpp:147->src/generic/mpx_packed_karatsuba.hpp:188->src/generic/mpx_packed_karatsuba.hpp:225]   --->   Operation 107 'zext' 'zext_ln147_148' <Predicate = true> <Delay = 0.00>
ST_3 : Operation 108 [1/1] (1.78ns)   --->   "%add_ln147 = add i192 %tmp_665_cast, i192 %trunc_ln133_18" [src/generic/mpx_packed_karatsuba.hpp:147->src/generic/mpx_packed_karatsuba.hpp:188->src/generic/mpx_packed_karatsuba.hpp:225]   --->   Operation 108 'add' 'add_ln147' <Predicate = true> <Delay = 1.78> <CoreInst = "Adder">   --->   Core 1 'Adder' <Latency = 0> <II = 1> <Delay = 1.78> <FuncUnit> <Opcode : 'add' 'sub'> <InPorts = 2> <OutPorts = 1>
ST_3 : Operation 109 [1/1] (2.05ns)   --->   "%sa_232 = add i257 %zext_ln147_148, i257 %zext_ln147_123" [src/generic/mpx_packed_karatsuba.hpp:147->src/generic/mpx_packed_karatsuba.hpp:188->src/generic/mpx_packed_karatsuba.hpp:225]   --->   Operation 109 'add' 'sa_232' <Predicate = true> <Delay = 2.05> <CoreInst = "Adder">   --->   Core 1 'Adder' <Latency = 0> <II = 1> <Delay = 2.05> <FuncUnit> <Opcode : 'add' 'sub'> <InPorts = 2> <OutPorts = 1>
ST_3 : Operation 110 [1/1] (0.00ns)   --->   "%zext_ln148_109 = zext i256 %b0" [src/generic/mpx_packed_karatsuba.hpp:148->src/generic/mpx_packed_karatsuba.hpp:188->src/generic/mpx_packed_karatsuba.hpp:225]   --->   Operation 110 'zext' 'zext_ln148_109' <Predicate = true> <Delay = 0.00>
ST_3 : Operation 111 [1/1] (0.00ns)   --->   "%tmp_319 = partselect i256 @_ssdm_op_PartSelect.i256.i512.i32.i32, i512 %B_loc_load, i32 256, i32 511" [src/generic/mpx_packed_karatsuba.hpp:148->src/generic/mpx_packed_karatsuba.hpp:188->src/generic/mpx_packed_karatsuba.hpp:225]   --->   Operation 111 'partselect' 'tmp_319' <Predicate = true> <Delay = 0.00>
ST_3 : Operation 112 [1/1] (0.00ns)   --->   "%tmp_666_cast = partselect i192 @_ssdm_op_PartSelect.i192.i512.i32.i32, i512 %B_loc_load, i32 256, i32 447" [src/generic/mpx_packed_karatsuba.hpp:148->src/generic/mpx_packed_karatsuba.hpp:188->src/generic/mpx_packed_karatsuba.hpp:225]   --->   Operation 112 'partselect' 'tmp_666_cast' <Predicate = true> <Delay = 0.00>
ST_3 : Operation 113 [1/1] (0.00ns)   --->   "%zext_ln148_132 = zext i256 %tmp_319" [src/generic/mpx_packed_karatsuba.hpp:148->src/generic/mpx_packed_karatsuba.hpp:188->src/generic/mpx_packed_karatsuba.hpp:225]   --->   Operation 113 'zext' 'zext_ln148_132' <Predicate = true> <Delay = 0.00>
ST_3 : Operation 114 [1/1] (1.78ns)   --->   "%add_ln148 = add i192 %tmp_666_cast, i192 %trunc_ln134_16" [src/generic/mpx_packed_karatsuba.hpp:148->src/generic/mpx_packed_karatsuba.hpp:188->src/generic/mpx_packed_karatsuba.hpp:225]   --->   Operation 114 'add' 'add_ln148' <Predicate = true> <Delay = 1.78> <CoreInst = "Adder">   --->   Core 1 'Adder' <Latency = 0> <II = 1> <Delay = 1.78> <FuncUnit> <Opcode : 'add' 'sub'> <InPorts = 2> <OutPorts = 1>
ST_3 : Operation 115 [1/1] (2.05ns)   --->   "%sb_206 = add i257 %zext_ln148_132, i257 %zext_ln148_109" [src/generic/mpx_packed_karatsuba.hpp:148->src/generic/mpx_packed_karatsuba.hpp:188->src/generic/mpx_packed_karatsuba.hpp:225]   --->   Operation 115 'add' 'sb_206' <Predicate = true> <Delay = 2.05> <CoreInst = "Adder">   --->   Core 1 'Adder' <Latency = 0> <II = 1> <Delay = 2.05> <FuncUnit> <Opcode : 'add' 'sub'> <InPorts = 2> <OutPorts = 1>
ST_3 : Operation 116 [1/1] (0.00ns)   --->   "%a0_141 = trunc i192 %add_ln147" [src/generic/mpx_packed_karatsuba.hpp:133->src/generic/mpx_packed_karatsuba.hpp:159->src/generic/mpx_packed_karatsuba.hpp:188->src/generic/mpx_packed_karatsuba.hpp:225]   --->   Operation 116 'trunc' 'a0_141' <Predicate = true> <Delay = 0.00>
ST_3 : Operation 117 [1/1] (0.00ns)   --->   "%b0_125 = trunc i192 %add_ln148" [src/generic/mpx_packed_karatsuba.hpp:134->src/generic/mpx_packed_karatsuba.hpp:159->src/generic/mpx_packed_karatsuba.hpp:188->src/generic/mpx_packed_karatsuba.hpp:225]   --->   Operation 117 'trunc' 'b0_125' <Predicate = true> <Delay = 0.00>
ST_3 : Operation 118 [1/1] (0.00ns)   --->   "%zext_ln121_308 = zext i128 %a0_141" [src/generic/mpx_packed_karatsuba.hpp:121->src/generic/mpx_packed_karatsuba.hpp:138->src/generic/mpx_packed_karatsuba.hpp:159->src/generic/mpx_packed_karatsuba.hpp:188->src/generic/mpx_packed_karatsuba.hpp:225]   --->   Operation 118 'zext' 'zext_ln121_308' <Predicate = true> <Delay = 0.00>
ST_3 : Operation 119 [1/1] (0.00ns)   --->   "%zext_ln121_310 = zext i128 %b0_125" [src/generic/mpx_packed_karatsuba.hpp:121->src/generic/mpx_packed_karatsuba.hpp:138->src/generic/mpx_packed_karatsuba.hpp:159->src/generic/mpx_packed_karatsuba.hpp:188->src/generic/mpx_packed_karatsuba.hpp:225]   --->   Operation 119 'zext' 'zext_ln121_310' <Predicate = true> <Delay = 0.00>
ST_3 : Operation 120 [1/1] (0.00ns)   --->   "%a0_142 = partselect i64 @_ssdm_op_PartSelect.i64.i192.i32.i32, i192 %add_ln147, i32 128, i32 191" [src/generic/mpx_packed_karatsuba.hpp:133->src/generic/mpx_packed_karatsuba.hpp:139->src/generic/mpx_packed_karatsuba.hpp:159->src/generic/mpx_packed_karatsuba.hpp:188->src/generic/mpx_packed_karatsuba.hpp:225]   --->   Operation 120 'partselect' 'a0_142' <Predicate = true> <Delay = 0.00>
ST_3 : Operation 121 [1/1] (0.00ns)   --->   "%b0_126 = partselect i64 @_ssdm_op_PartSelect.i64.i192.i32.i32, i192 %add_ln148, i32 128, i32 191" [src/generic/mpx_packed_karatsuba.hpp:134->src/generic/mpx_packed_karatsuba.hpp:139->src/generic/mpx_packed_karatsuba.hpp:159->src/generic/mpx_packed_karatsuba.hpp:188->src/generic/mpx_packed_karatsuba.hpp:225]   --->   Operation 121 'partselect' 'b0_126' <Predicate = true> <Delay = 0.00>
ST_3 : Operation 122 [1/1] (0.00ns)   --->   "%tmp_320 = partselect i65 @_ssdm_op_PartSelect.i65.i257.i32.i32, i257 %sa_232, i32 192, i32 256" [src/generic/mpx_packed_karatsuba.hpp:121->src/generic/mpx_packed_karatsuba.hpp:139->src/generic/mpx_packed_karatsuba.hpp:139->src/generic/mpx_packed_karatsuba.hpp:159->src/generic/mpx_packed_karatsuba.hpp:188->src/generic/mpx_packed_karatsuba.hpp:225]   --->   Operation 122 'partselect' 'tmp_320' <Predicate = true> <Delay = 0.00>
ST_3 : Operation 123 [1/1] (0.00ns)   --->   "%tmp_321 = partselect i65 @_ssdm_op_PartSelect.i65.i257.i32.i32, i257 %sb_206, i32 192, i32 256" [src/generic/mpx_packed_karatsuba.hpp:121->src/generic/mpx_packed_karatsuba.hpp:139->src/generic/mpx_packed_karatsuba.hpp:139->src/generic/mpx_packed_karatsuba.hpp:159->src/generic/mpx_packed_karatsuba.hpp:188->src/generic/mpx_packed_karatsuba.hpp:225]   --->   Operation 123 'partselect' 'tmp_321' <Predicate = true> <Delay = 0.00>
ST_3 : Operation 124 [1/1] (0.00ns)   --->   "%tmp_323 = partselect i129 @_ssdm_op_PartSelect.i129.i257.i32.i32, i257 %sa_232, i32 128, i32 256" [src/generic/mpx_packed_karatsuba.hpp:147->src/generic/mpx_packed_karatsuba.hpp:159->src/generic/mpx_packed_karatsuba.hpp:188->src/generic/mpx_packed_karatsuba.hpp:225]   --->   Operation 124 'partselect' 'tmp_323' <Predicate = true> <Delay = 0.00>
ST_3 : Operation 125 [1/1] (0.00ns)   --->   "%zext_ln147_150 = zext i129 %tmp_323" [src/generic/mpx_packed_karatsuba.hpp:147->src/generic/mpx_packed_karatsuba.hpp:159->src/generic/mpx_packed_karatsuba.hpp:188->src/generic/mpx_packed_karatsuba.hpp:225]   --->   Operation 125 'zext' 'zext_ln147_150' <Predicate = true> <Delay = 0.00>
ST_3 : Operation 126 [1/1] (1.50ns)   --->   "%sa_233 = add i130 %zext_ln147_150, i130 %zext_ln121_308" [src/generic/mpx_packed_karatsuba.hpp:147->src/generic/mpx_packed_karatsuba.hpp:159->src/generic/mpx_packed_karatsuba.hpp:188->src/generic/mpx_packed_karatsuba.hpp:225]   --->   Operation 126 'add' 'sa_233' <Predicate = true> <Delay = 1.50> <CoreInst = "Adder">   --->   Core 1 'Adder' <Latency = 0> <II = 1> <Delay = 1.50> <FuncUnit> <Opcode : 'add' 'sub'> <InPorts = 2> <OutPorts = 1>
ST_3 : Operation 127 [1/1] (0.00ns)   --->   "%tmp_324 = partselect i129 @_ssdm_op_PartSelect.i129.i257.i32.i32, i257 %sb_206, i32 128, i32 256" [src/generic/mpx_packed_karatsuba.hpp:148->src/generic/mpx_packed_karatsuba.hpp:159->src/generic/mpx_packed_karatsuba.hpp:188->src/generic/mpx_packed_karatsuba.hpp:225]   --->   Operation 127 'partselect' 'tmp_324' <Predicate = true> <Delay = 0.00>
ST_3 : Operation 128 [1/1] (0.00ns)   --->   "%zext_ln148_134 = zext i129 %tmp_324" [src/generic/mpx_packed_karatsuba.hpp:148->src/generic/mpx_packed_karatsuba.hpp:159->src/generic/mpx_packed_karatsuba.hpp:188->src/generic/mpx_packed_karatsuba.hpp:225]   --->   Operation 128 'zext' 'zext_ln148_134' <Predicate = true> <Delay = 0.00>
ST_3 : Operation 129 [1/1] (1.50ns)   --->   "%sb_207 = add i130 %zext_ln148_134, i130 %zext_ln121_310" [src/generic/mpx_packed_karatsuba.hpp:148->src/generic/mpx_packed_karatsuba.hpp:159->src/generic/mpx_packed_karatsuba.hpp:188->src/generic/mpx_packed_karatsuba.hpp:225]   --->   Operation 129 'add' 'sb_207' <Predicate = true> <Delay = 1.50> <CoreInst = "Adder">   --->   Core 1 'Adder' <Latency = 0> <II = 1> <Delay = 1.50> <FuncUnit> <Opcode : 'add' 'sub'> <InPorts = 2> <OutPorts = 1>
ST_3 : Operation 130 [1/1] (0.00ns)   --->   "%a0_143 = trunc i130 %sa_233" [src/generic/mpx_packed_karatsuba.hpp:133->src/generic/mpx_packed_karatsuba.hpp:159->src/generic/mpx_packed_karatsuba.hpp:159->src/generic/mpx_packed_karatsuba.hpp:188->src/generic/mpx_packed_karatsuba.hpp:225]   --->   Operation 130 'trunc' 'a0_143' <Predicate = true> <Delay = 0.00>
ST_3 : Operation 131 [1/1] (0.00ns)   --->   "%b0_127 = trunc i130 %sb_207" [src/generic/mpx_packed_karatsuba.hpp:134->src/generic/mpx_packed_karatsuba.hpp:159->src/generic/mpx_packed_karatsuba.hpp:159->src/generic/mpx_packed_karatsuba.hpp:188->src/generic/mpx_packed_karatsuba.hpp:225]   --->   Operation 131 'trunc' 'b0_127' <Predicate = true> <Delay = 0.00>
ST_3 : Operation 132 [1/1] (0.00ns)   --->   "%tmp_325 = partselect i2 @_ssdm_op_PartSelect.i2.i130.i32.i32, i130 %sa_233, i32 128, i32 129" [src/generic/mpx_packed_karatsuba.hpp:121->src/generic/mpx_packed_karatsuba.hpp:139->src/generic/mpx_packed_karatsuba.hpp:159->src/generic/mpx_packed_karatsuba.hpp:159->src/generic/mpx_packed_karatsuba.hpp:188->src/generic/mpx_packed_karatsuba.hpp:225]   --->   Operation 132 'partselect' 'tmp_325' <Predicate = true> <Delay = 0.00>
ST_3 : Operation 133 [1/1] (0.00ns)   --->   "%tmp_326 = partselect i2 @_ssdm_op_PartSelect.i2.i130.i32.i32, i130 %sb_207, i32 128, i32 129" [src/generic/mpx_packed_karatsuba.hpp:121->src/generic/mpx_packed_karatsuba.hpp:139->src/generic/mpx_packed_karatsuba.hpp:159->src/generic/mpx_packed_karatsuba.hpp:159->src/generic/mpx_packed_karatsuba.hpp:188->src/generic/mpx_packed_karatsuba.hpp:225]   --->   Operation 133 'partselect' 'tmp_326' <Predicate = true> <Delay = 0.00>

State 4 <SV = 3> <Delay = 7.12>
ST_4 : Operation 134 [1/1] (0.00ns)   --->   "%zext_ln150 = zext i132 %t" [src/generic/mpx_packed_karatsuba.hpp:150->src/generic/mpx_packed_karatsuba.hpp:159->src/generic/mpx_packed_karatsuba.hpp:138->src/generic/mpx_packed_karatsuba.hpp:188->src/generic/mpx_packed_karatsuba.hpp:225]   --->   Operation 134 'zext' 'zext_ln150' <Predicate = true> <Delay = 0.00>
ST_4 : Operation 135 [1/1] (0.00ns)   --->   "%zext_ln167 = zext i128 %z0_227" [src/generic/mpx_packed_karatsuba.hpp:167->src/generic/mpx_packed_karatsuba.hpp:159->src/generic/mpx_packed_karatsuba.hpp:138->src/generic/mpx_packed_karatsuba.hpp:188->src/generic/mpx_packed_karatsuba.hpp:225]   --->   Operation 135 'zext' 'zext_ln167' <Predicate = true> <Delay = 0.00>
ST_4 : Operation 136 [1/1] (0.00ns)   --->   "%zext_ln167_153 = zext i128 %z0_227" [src/generic/mpx_packed_karatsuba.hpp:167->src/generic/mpx_packed_karatsuba.hpp:159->src/generic/mpx_packed_karatsuba.hpp:138->src/generic/mpx_packed_karatsuba.hpp:188->src/generic/mpx_packed_karatsuba.hpp:225]   --->   Operation 136 'zext' 'zext_ln167_153' <Predicate = true> <Delay = 0.00>
ST_4 : Operation 137 [1/1] (0.00ns)   --->   "%zext_ln168 = zext i130 %z2_316" [src/generic/mpx_packed_karatsuba.hpp:168->src/generic/mpx_packed_karatsuba.hpp:159->src/generic/mpx_packed_karatsuba.hpp:138->src/generic/mpx_packed_karatsuba.hpp:188->src/generic/mpx_packed_karatsuba.hpp:225]   --->   Operation 137 'zext' 'zext_ln168' <Predicate = true> <Delay = 0.00>
ST_4 : Operation 138 [1/1] (1.50ns)   --->   "%add_ln169 = add i131 %zext_ln168, i131 %zext_ln167_153" [src/generic/mpx_packed_karatsuba.hpp:169->src/generic/mpx_packed_karatsuba.hpp:159->src/generic/mpx_packed_karatsuba.hpp:138->src/generic/mpx_packed_karatsuba.hpp:188->src/generic/mpx_packed_karatsuba.hpp:225]   --->   Operation 138 'add' 'add_ln169' <Predicate = true> <Delay = 1.50> <CoreInst = "Adder">   --->   Core 1 'Adder' <Latency = 0> <II = 1> <Delay = 1.50> <FuncUnit> <Opcode : 'add' 'sub'> <InPorts = 2> <OutPorts = 1>
ST_4 : Operation 139 [1/1] (0.00ns)   --->   "%zext_ln169 = zext i131 %add_ln169" [src/generic/mpx_packed_karatsuba.hpp:169->src/generic/mpx_packed_karatsuba.hpp:159->src/generic/mpx_packed_karatsuba.hpp:138->src/generic/mpx_packed_karatsuba.hpp:188->src/generic/mpx_packed_karatsuba.hpp:225]   --->   Operation 139 'zext' 'zext_ln169' <Predicate = true> <Delay = 0.00>
ST_4 : Operation 140 [1/1] (1.51ns)   --->   "%z1e = sub i133 %zext_ln150, i133 %zext_ln169" [src/generic/mpx_packed_karatsuba.hpp:169->src/generic/mpx_packed_karatsuba.hpp:159->src/generic/mpx_packed_karatsuba.hpp:138->src/generic/mpx_packed_karatsuba.hpp:188->src/generic/mpx_packed_karatsuba.hpp:225]   --->   Operation 140 'sub' 'z1e' <Predicate = true> <Delay = 1.51> <CoreInst = "Adder">   --->   Core 1 'Adder' <Latency = 0> <II = 1> <Delay = 1.51> <FuncUnit> <Opcode : 'add' 'sub'> <InPorts = 2> <OutPorts = 1>
ST_4 : Operation 141 [1/1] (0.00ns)   --->   "%tmp_314 = bitconcatenate i197 @_ssdm_op_BitConcatenate.i197.i133.i64, i133 %z1e, i64 0" [src/generic/mpx_packed_karatsuba.hpp:173->src/generic/mpx_packed_karatsuba.hpp:159->src/generic/mpx_packed_karatsuba.hpp:138->src/generic/mpx_packed_karatsuba.hpp:188->src/generic/mpx_packed_karatsuba.hpp:225]   --->   Operation 141 'bitconcatenate' 'tmp_314' <Predicate = true> <Delay = 0.00>
ST_4 : Operation 142 [1/1] (0.00ns)   --->   "%sext_ln174_68 = sext i197 %tmp_314" [src/generic/mpx_packed_karatsuba.hpp:174->src/generic/mpx_packed_karatsuba.hpp:159->src/generic/mpx_packed_karatsuba.hpp:138->src/generic/mpx_packed_karatsuba.hpp:188->src/generic/mpx_packed_karatsuba.hpp:225]   --->   Operation 142 'sext' 'sext_ln174_68' <Predicate = true> <Delay = 0.00>
ST_4 : Operation 143 [1/1] (0.00ns)   --->   "%shl_ln = bitconcatenate i258 @_ssdm_op_BitConcatenate.i258.i130.i128, i130 %z2_316, i128 0" [src/generic/mpx_packed_karatsuba.hpp:174->src/generic/mpx_packed_karatsuba.hpp:159->src/generic/mpx_packed_karatsuba.hpp:138->src/generic/mpx_packed_karatsuba.hpp:188->src/generic/mpx_packed_karatsuba.hpp:225]   --->   Operation 143 'bitconcatenate' 'shl_ln' <Predicate = true> <Delay = 0.00>
ST_4 : Operation 144 [1/1] (0.00ns)   --->   "%zext_ln172 = zext i258 %shl_ln" [src/generic/mpx_packed_karatsuba.hpp:172->src/generic/mpx_packed_karatsuba.hpp:159->src/generic/mpx_packed_karatsuba.hpp:138->src/generic/mpx_packed_karatsuba.hpp:188->src/generic/mpx_packed_karatsuba.hpp:225]   --->   Operation 144 'zext' 'zext_ln172' <Predicate = true> <Delay = 0.00>
ST_4 : Operation 145 [1/1] (0.00ns)   --->   "%zext_ln167_154 = zext i256 %z0" [src/generic/mpx_packed_karatsuba.hpp:167->src/generic/mpx_packed_karatsuba.hpp:138->src/generic/mpx_packed_karatsuba.hpp:188->src/generic/mpx_packed_karatsuba.hpp:225]   --->   Operation 145 'zext' 'zext_ln167_154' <Predicate = true> <Delay = 0.00>
ST_4 : Operation 146 [1/1] (0.00ns)   --->   "%zext_ln168_103 = zext i256 %z2_315" [src/generic/mpx_packed_karatsuba.hpp:168->src/generic/mpx_packed_karatsuba.hpp:138->src/generic/mpx_packed_karatsuba.hpp:188->src/generic/mpx_packed_karatsuba.hpp:225]   --->   Operation 146 'zext' 'zext_ln168_103' <Predicate = true> <Delay = 0.00>
ST_4 : Operation 147 [1/1] (2.05ns)   --->   "%add_ln173 = add i257 %zext_ln168_103, i257 %zext_ln167_154" [src/generic/mpx_packed_karatsuba.hpp:173->src/generic/mpx_packed_karatsuba.hpp:159->src/generic/mpx_packed_karatsuba.hpp:138->src/generic/mpx_packed_karatsuba.hpp:188->src/generic/mpx_packed_karatsuba.hpp:225]   --->   Operation 147 'add' 'add_ln173' <Predicate = true> <Delay = 2.05> <CoreInst = "Adder">   --->   Core 1 'Adder' <Latency = 0> <II = 1> <Delay = 2.05> <FuncUnit> <Opcode : 'add' 'sub'> <InPorts = 2> <OutPorts = 1>
ST_4 : Operation 148 [1/1] (0.00ns)   --->   "%zext_ln174 = zext i257 %add_ln173" [src/generic/mpx_packed_karatsuba.hpp:174->src/generic/mpx_packed_karatsuba.hpp:159->src/generic/mpx_packed_karatsuba.hpp:138->src/generic/mpx_packed_karatsuba.hpp:188->src/generic/mpx_packed_karatsuba.hpp:225]   --->   Operation 148 'zext' 'zext_ln174' <Predicate = true> <Delay = 0.00>
ST_4 : Operation 149 [1/1] (2.05ns)   --->   "%res_440 = sub i258 %zext_ln167, i258 %zext_ln174" [src/generic/mpx_packed_karatsuba.hpp:174->src/generic/mpx_packed_karatsuba.hpp:159->src/generic/mpx_packed_karatsuba.hpp:138->src/generic/mpx_packed_karatsuba.hpp:188->src/generic/mpx_packed_karatsuba.hpp:225]   --->   Operation 149 'sub' 'res_440' <Predicate = true> <Delay = 2.05> <CoreInst = "Adder">   --->   Core 1 'Adder' <Latency = 0> <II = 1> <Delay = 2.05> <FuncUnit> <Opcode : 'add' 'sub'> <InPorts = 2> <OutPorts = 1>
ST_4 : Operation 150 [1/1] (0.00ns)   --->   "%sext_ln169 = sext i258 %res_440" [src/generic/mpx_packed_karatsuba.hpp:169->src/generic/mpx_packed_karatsuba.hpp:138->src/generic/mpx_packed_karatsuba.hpp:188->src/generic/mpx_packed_karatsuba.hpp:225]   --->   Operation 150 'sext' 'sext_ln169' <Predicate = true> <Delay = 0.00>
ST_4 : Operation 151 [1/1] (0.00ns) (grouped into TernaryAdder)   --->   "%add_ln169_172 = add i260 %zext_ln172, i260 %sext_ln174_68" [src/generic/mpx_packed_karatsuba.hpp:169->src/generic/mpx_packed_karatsuba.hpp:138->src/generic/mpx_packed_karatsuba.hpp:188->src/generic/mpx_packed_karatsuba.hpp:225]   --->   Operation 151 'add' 'add_ln169_172' <Predicate = true> <Delay = 0.00> <CoreInst = "TAddSub">   --->   Core 10 'TAddSub' <Latency = 0> <II = 1> <Delay = 1.19> <IPBlock> <Opcode : '' 'add' 'sub'> <InPorts = 3> <OutPorts = 1> <Sync> <CReg>
ST_4 : Operation 152 [1/1] (1.50ns) (root node of TernaryAdder)   --->   "%z1e_120 = add i260 %add_ln169_172, i260 %sext_ln169" [src/generic/mpx_packed_karatsuba.hpp:169->src/generic/mpx_packed_karatsuba.hpp:138->src/generic/mpx_packed_karatsuba.hpp:188->src/generic/mpx_packed_karatsuba.hpp:225]   --->   Operation 152 'add' 'z1e_120' <Predicate = true> <Delay = 1.50> <CoreInst = "TAddSub">   --->   Core 10 'TAddSub' <Latency = 0> <II = 1> <Delay = 1.19> <IPBlock> <Opcode : '' 'add' 'sub'> <InPorts = 3> <OutPorts = 1> <Sync> <CReg>
ST_4 : Operation 153 [1/1] (0.00ns)   --->   "%zext_ln150_35 = zext i132 %t_153" [src/generic/mpx_packed_karatsuba.hpp:150->src/generic/mpx_packed_karatsuba.hpp:159->src/generic/mpx_packed_karatsuba.hpp:139->src/generic/mpx_packed_karatsuba.hpp:188->src/generic/mpx_packed_karatsuba.hpp:225]   --->   Operation 153 'zext' 'zext_ln150_35' <Predicate = true> <Delay = 0.00>
ST_4 : Operation 154 [1/1] (0.00ns)   --->   "%zext_ln167_155 = zext i128 %z0_231" [src/generic/mpx_packed_karatsuba.hpp:167->src/generic/mpx_packed_karatsuba.hpp:159->src/generic/mpx_packed_karatsuba.hpp:139->src/generic/mpx_packed_karatsuba.hpp:188->src/generic/mpx_packed_karatsuba.hpp:225]   --->   Operation 154 'zext' 'zext_ln167_155' <Predicate = true> <Delay = 0.00>
ST_4 : Operation 155 [1/1] (0.00ns)   --->   "%zext_ln167_156 = zext i128 %z0_231" [src/generic/mpx_packed_karatsuba.hpp:167->src/generic/mpx_packed_karatsuba.hpp:159->src/generic/mpx_packed_karatsuba.hpp:139->src/generic/mpx_packed_karatsuba.hpp:188->src/generic/mpx_packed_karatsuba.hpp:225]   --->   Operation 155 'zext' 'zext_ln167_156' <Predicate = true> <Delay = 0.00>
ST_4 : Operation 156 [1/1] (0.00ns)   --->   "%zext_ln168_104 = zext i130 %z2_318" [src/generic/mpx_packed_karatsuba.hpp:168->src/generic/mpx_packed_karatsuba.hpp:159->src/generic/mpx_packed_karatsuba.hpp:139->src/generic/mpx_packed_karatsuba.hpp:188->src/generic/mpx_packed_karatsuba.hpp:225]   --->   Operation 156 'zext' 'zext_ln168_104' <Predicate = true> <Delay = 0.00>
ST_4 : Operation 157 [1/1] (1.50ns)   --->   "%add_ln169_171 = add i131 %zext_ln168_104, i131 %zext_ln167_156" [src/generic/mpx_packed_karatsuba.hpp:169->src/generic/mpx_packed_karatsuba.hpp:159->src/generic/mpx_packed_karatsuba.hpp:139->src/generic/mpx_packed_karatsuba.hpp:188->src/generic/mpx_packed_karatsuba.hpp:225]   --->   Operation 157 'add' 'add_ln169_171' <Predicate = true> <Delay = 1.50> <CoreInst = "Adder">   --->   Core 1 'Adder' <Latency = 0> <II = 1> <Delay = 1.50> <FuncUnit> <Opcode : 'add' 'sub'> <InPorts = 2> <OutPorts = 1>
ST_4 : Operation 158 [1/1] (0.00ns)   --->   "%zext_ln169_35 = zext i131 %add_ln169_171" [src/generic/mpx_packed_karatsuba.hpp:169->src/generic/mpx_packed_karatsuba.hpp:159->src/generic/mpx_packed_karatsuba.hpp:139->src/generic/mpx_packed_karatsuba.hpp:188->src/generic/mpx_packed_karatsuba.hpp:225]   --->   Operation 158 'zext' 'zext_ln169_35' <Predicate = true> <Delay = 0.00>
ST_4 : Operation 159 [1/1] (1.51ns)   --->   "%z1e_121 = sub i133 %zext_ln150_35, i133 %zext_ln169_35" [src/generic/mpx_packed_karatsuba.hpp:169->src/generic/mpx_packed_karatsuba.hpp:159->src/generic/mpx_packed_karatsuba.hpp:139->src/generic/mpx_packed_karatsuba.hpp:188->src/generic/mpx_packed_karatsuba.hpp:225]   --->   Operation 159 'sub' 'z1e_121' <Predicate = true> <Delay = 1.51> <CoreInst = "Adder">   --->   Core 1 'Adder' <Latency = 0> <II = 1> <Delay = 1.51> <FuncUnit> <Opcode : 'add' 'sub'> <InPorts = 2> <OutPorts = 1>
ST_4 : Operation 160 [1/1] (0.00ns)   --->   "%tmp_317 = bitconcatenate i197 @_ssdm_op_BitConcatenate.i197.i133.i64, i133 %z1e_121, i64 0" [src/generic/mpx_packed_karatsuba.hpp:173->src/generic/mpx_packed_karatsuba.hpp:159->src/generic/mpx_packed_karatsuba.hpp:139->src/generic/mpx_packed_karatsuba.hpp:188->src/generic/mpx_packed_karatsuba.hpp:225]   --->   Operation 160 'bitconcatenate' 'tmp_317' <Predicate = true> <Delay = 0.00>
ST_4 : Operation 161 [1/1] (0.00ns)   --->   "%sext_ln174_69 = sext i197 %tmp_317" [src/generic/mpx_packed_karatsuba.hpp:174->src/generic/mpx_packed_karatsuba.hpp:159->src/generic/mpx_packed_karatsuba.hpp:139->src/generic/mpx_packed_karatsuba.hpp:188->src/generic/mpx_packed_karatsuba.hpp:225]   --->   Operation 161 'sext' 'sext_ln174_69' <Predicate = true> <Delay = 0.00>
ST_4 : Operation 162 [1/1] (0.00ns)   --->   "%shl_ln174_s = bitconcatenate i258 @_ssdm_op_BitConcatenate.i258.i130.i128, i130 %z2_318, i128 0" [src/generic/mpx_packed_karatsuba.hpp:174->src/generic/mpx_packed_karatsuba.hpp:159->src/generic/mpx_packed_karatsuba.hpp:139->src/generic/mpx_packed_karatsuba.hpp:188->src/generic/mpx_packed_karatsuba.hpp:225]   --->   Operation 162 'bitconcatenate' 'shl_ln174_s' <Predicate = true> <Delay = 0.00>
ST_4 : Operation 163 [1/1] (0.00ns)   --->   "%zext_ln172_81 = zext i258 %shl_ln174_s" [src/generic/mpx_packed_karatsuba.hpp:172->src/generic/mpx_packed_karatsuba.hpp:159->src/generic/mpx_packed_karatsuba.hpp:139->src/generic/mpx_packed_karatsuba.hpp:188->src/generic/mpx_packed_karatsuba.hpp:225]   --->   Operation 163 'zext' 'zext_ln172_81' <Predicate = true> <Delay = 0.00>
ST_4 : Operation 164 [1/1] (0.00ns)   --->   "%zext_ln167_157 = zext i256 %z0_230" [src/generic/mpx_packed_karatsuba.hpp:167->src/generic/mpx_packed_karatsuba.hpp:139->src/generic/mpx_packed_karatsuba.hpp:188->src/generic/mpx_packed_karatsuba.hpp:225]   --->   Operation 164 'zext' 'zext_ln167_157' <Predicate = true> <Delay = 0.00>
ST_4 : Operation 165 [1/1] (0.00ns)   --->   "%zext_ln168_105 = zext i256 %z2_317" [src/generic/mpx_packed_karatsuba.hpp:168->src/generic/mpx_packed_karatsuba.hpp:139->src/generic/mpx_packed_karatsuba.hpp:188->src/generic/mpx_packed_karatsuba.hpp:225]   --->   Operation 165 'zext' 'zext_ln168_105' <Predicate = true> <Delay = 0.00>
ST_4 : Operation 166 [1/1] (2.05ns)   --->   "%add_ln173_50 = add i257 %zext_ln168_105, i257 %zext_ln167_157" [src/generic/mpx_packed_karatsuba.hpp:173->src/generic/mpx_packed_karatsuba.hpp:159->src/generic/mpx_packed_karatsuba.hpp:139->src/generic/mpx_packed_karatsuba.hpp:188->src/generic/mpx_packed_karatsuba.hpp:225]   --->   Operation 166 'add' 'add_ln173_50' <Predicate = true> <Delay = 2.05> <CoreInst = "Adder">   --->   Core 1 'Adder' <Latency = 0> <II = 1> <Delay = 2.05> <FuncUnit> <Opcode : 'add' 'sub'> <InPorts = 2> <OutPorts = 1>
ST_4 : Operation 167 [1/1] (0.00ns)   --->   "%zext_ln174_90 = zext i257 %add_ln173_50" [src/generic/mpx_packed_karatsuba.hpp:174->src/generic/mpx_packed_karatsuba.hpp:159->src/generic/mpx_packed_karatsuba.hpp:139->src/generic/mpx_packed_karatsuba.hpp:188->src/generic/mpx_packed_karatsuba.hpp:225]   --->   Operation 167 'zext' 'zext_ln174_90' <Predicate = true> <Delay = 0.00>
ST_4 : Operation 168 [1/1] (2.05ns)   --->   "%res_441 = sub i258 %zext_ln167_155, i258 %zext_ln174_90" [src/generic/mpx_packed_karatsuba.hpp:174->src/generic/mpx_packed_karatsuba.hpp:159->src/generic/mpx_packed_karatsuba.hpp:139->src/generic/mpx_packed_karatsuba.hpp:188->src/generic/mpx_packed_karatsuba.hpp:225]   --->   Operation 168 'sub' 'res_441' <Predicate = true> <Delay = 2.05> <CoreInst = "Adder">   --->   Core 1 'Adder' <Latency = 0> <II = 1> <Delay = 2.05> <FuncUnit> <Opcode : 'add' 'sub'> <InPorts = 2> <OutPorts = 1>
ST_4 : Operation 169 [1/1] (0.00ns)   --->   "%sext_ln169_72 = sext i258 %res_441" [src/generic/mpx_packed_karatsuba.hpp:169->src/generic/mpx_packed_karatsuba.hpp:139->src/generic/mpx_packed_karatsuba.hpp:188->src/generic/mpx_packed_karatsuba.hpp:225]   --->   Operation 169 'sext' 'sext_ln169_72' <Predicate = true> <Delay = 0.00>
ST_4 : Operation 170 [1/1] (0.00ns) (grouped into TernaryAdder)   --->   "%add_ln169_175 = add i260 %zext_ln172_81, i260 %sext_ln174_69" [src/generic/mpx_packed_karatsuba.hpp:169->src/generic/mpx_packed_karatsuba.hpp:139->src/generic/mpx_packed_karatsuba.hpp:188->src/generic/mpx_packed_karatsuba.hpp:225]   --->   Operation 170 'add' 'add_ln169_175' <Predicate = true> <Delay = 0.00> <CoreInst = "TAddSub">   --->   Core 10 'TAddSub' <Latency = 0> <II = 1> <Delay = 1.19> <IPBlock> <Opcode : '' 'add' 'sub'> <InPorts = 3> <OutPorts = 1> <Sync> <CReg>
ST_4 : Operation 171 [1/1] (1.50ns) (root node of TernaryAdder)   --->   "%z1e_122 = add i260 %add_ln169_175, i260 %sext_ln169_72" [src/generic/mpx_packed_karatsuba.hpp:169->src/generic/mpx_packed_karatsuba.hpp:139->src/generic/mpx_packed_karatsuba.hpp:188->src/generic/mpx_packed_karatsuba.hpp:225]   --->   Operation 171 'add' 'z1e_122' <Predicate = true> <Delay = 1.50> <CoreInst = "TAddSub">   --->   Core 10 'TAddSub' <Latency = 0> <II = 1> <Delay = 1.19> <IPBlock> <Opcode : '' 'add' 'sub'> <InPorts = 3> <OutPorts = 1> <Sync> <CReg>
ST_4 : Operation 172 [1/1] (0.00ns)   --->   "%zext_ln121_307 = zext i128 %a0_141" [src/generic/mpx_packed_karatsuba.hpp:121->src/generic/mpx_packed_karatsuba.hpp:138->src/generic/mpx_packed_karatsuba.hpp:159->src/generic/mpx_packed_karatsuba.hpp:188->src/generic/mpx_packed_karatsuba.hpp:225]   --->   Operation 172 'zext' 'zext_ln121_307' <Predicate = true> <Delay = 0.00>
ST_4 : Operation 173 [1/1] (0.00ns)   --->   "%zext_ln121_309 = zext i128 %b0_125" [src/generic/mpx_packed_karatsuba.hpp:121->src/generic/mpx_packed_karatsuba.hpp:138->src/generic/mpx_packed_karatsuba.hpp:159->src/generic/mpx_packed_karatsuba.hpp:188->src/generic/mpx_packed_karatsuba.hpp:225]   --->   Operation 173 'zext' 'zext_ln121_309' <Predicate = true> <Delay = 0.00>
ST_4 : Operation 174 [1/1] (6.07ns)   --->   "%z0_232 = mul i256 %zext_ln121_309, i256 %zext_ln121_307" [src/generic/mpx_packed_karatsuba.hpp:121->src/generic/mpx_packed_karatsuba.hpp:138->src/generic/mpx_packed_karatsuba.hpp:159->src/generic/mpx_packed_karatsuba.hpp:188->src/generic/mpx_packed_karatsuba.hpp:225]   --->   Operation 174 'mul' 'z0_232' <Predicate = true> <Delay = 6.07> <CoreInst = "Multiplier">   --->   Core 3 'Multiplier' <Latency = 0> <II = 1> <Delay = 6.07> <FuncUnit> <Opcode : 'mul'> <InPorts = 2> <OutPorts = 1>
ST_4 : Operation 175 [1/1] (0.00ns)   --->   "%zext_ln121_311 = zext i64 %a0_142" [src/generic/mpx_packed_karatsuba.hpp:121->src/generic/mpx_packed_karatsuba.hpp:138->src/generic/mpx_packed_karatsuba.hpp:139->src/generic/mpx_packed_karatsuba.hpp:159->src/generic/mpx_packed_karatsuba.hpp:188->src/generic/mpx_packed_karatsuba.hpp:225]   --->   Operation 175 'zext' 'zext_ln121_311' <Predicate = true> <Delay = 0.00>
ST_4 : Operation 176 [1/1] (0.00ns)   --->   "%zext_ln121_312 = zext i64 %b0_126" [src/generic/mpx_packed_karatsuba.hpp:121->src/generic/mpx_packed_karatsuba.hpp:138->src/generic/mpx_packed_karatsuba.hpp:139->src/generic/mpx_packed_karatsuba.hpp:159->src/generic/mpx_packed_karatsuba.hpp:188->src/generic/mpx_packed_karatsuba.hpp:225]   --->   Operation 176 'zext' 'zext_ln121_312' <Predicate = true> <Delay = 0.00>
ST_4 : Operation 177 [1/1] (4.43ns)   --->   "%z0_224 = mul i128 %zext_ln121_312, i128 %zext_ln121_311" [src/generic/mpx_packed_karatsuba.hpp:121->src/generic/mpx_packed_karatsuba.hpp:138->src/generic/mpx_packed_karatsuba.hpp:139->src/generic/mpx_packed_karatsuba.hpp:159->src/generic/mpx_packed_karatsuba.hpp:188->src/generic/mpx_packed_karatsuba.hpp:225]   --->   Operation 177 'mul' 'z0_224' <Predicate = true> <Delay = 4.43> <CoreInst = "Multiplier">   --->   Core 3 'Multiplier' <Latency = 0> <II = 1> <Delay = 4.43> <FuncUnit> <Opcode : 'mul'> <InPorts = 2> <OutPorts = 1>
ST_4 : Operation 178 [1/1] (0.00ns)   --->   "%zext_ln121_319 = zext i65 %tmp_320" [src/generic/mpx_packed_karatsuba.hpp:121->src/generic/mpx_packed_karatsuba.hpp:139->src/generic/mpx_packed_karatsuba.hpp:139->src/generic/mpx_packed_karatsuba.hpp:159->src/generic/mpx_packed_karatsuba.hpp:188->src/generic/mpx_packed_karatsuba.hpp:225]   --->   Operation 178 'zext' 'zext_ln121_319' <Predicate = true> <Delay = 0.00>
ST_4 : Operation 179 [1/1] (0.00ns)   --->   "%zext_ln121_320 = zext i65 %tmp_321" [src/generic/mpx_packed_karatsuba.hpp:121->src/generic/mpx_packed_karatsuba.hpp:139->src/generic/mpx_packed_karatsuba.hpp:139->src/generic/mpx_packed_karatsuba.hpp:159->src/generic/mpx_packed_karatsuba.hpp:188->src/generic/mpx_packed_karatsuba.hpp:225]   --->   Operation 179 'zext' 'zext_ln121_320' <Predicate = true> <Delay = 0.00>
ST_4 : Operation 180 [1/1] (4.47ns)   --->   "%z2 = mul i130 %zext_ln121_320, i130 %zext_ln121_319" [src/generic/mpx_packed_karatsuba.hpp:121->src/generic/mpx_packed_karatsuba.hpp:139->src/generic/mpx_packed_karatsuba.hpp:139->src/generic/mpx_packed_karatsuba.hpp:159->src/generic/mpx_packed_karatsuba.hpp:188->src/generic/mpx_packed_karatsuba.hpp:225]   --->   Operation 180 'mul' 'z2' <Predicate = true> <Delay = 4.47> <CoreInst = "Multiplier">   --->   Core 3 'Multiplier' <Latency = 0> <II = 1> <Delay = 4.47> <FuncUnit> <Opcode : 'mul'> <InPorts = 2> <OutPorts = 1>
ST_4 : Operation 181 [1/1] (0.00ns)   --->   "%zext_ln147_124 = zext i64 %a0_142" [src/generic/mpx_packed_karatsuba.hpp:147->src/generic/mpx_packed_karatsuba.hpp:139->src/generic/mpx_packed_karatsuba.hpp:159->src/generic/mpx_packed_karatsuba.hpp:188->src/generic/mpx_packed_karatsuba.hpp:225]   --->   Operation 181 'zext' 'zext_ln147_124' <Predicate = true> <Delay = 0.00>
ST_4 : Operation 182 [1/1] (0.00ns)   --->   "%zext_ln147_149 = zext i65 %tmp_320" [src/generic/mpx_packed_karatsuba.hpp:147->src/generic/mpx_packed_karatsuba.hpp:139->src/generic/mpx_packed_karatsuba.hpp:159->src/generic/mpx_packed_karatsuba.hpp:188->src/generic/mpx_packed_karatsuba.hpp:225]   --->   Operation 182 'zext' 'zext_ln147_149' <Predicate = true> <Delay = 0.00>
ST_4 : Operation 183 [1/1] (1.15ns)   --->   "%sa_226 = add i66 %zext_ln147_149, i66 %zext_ln147_124" [src/generic/mpx_packed_karatsuba.hpp:147->src/generic/mpx_packed_karatsuba.hpp:139->src/generic/mpx_packed_karatsuba.hpp:159->src/generic/mpx_packed_karatsuba.hpp:188->src/generic/mpx_packed_karatsuba.hpp:225]   --->   Operation 183 'add' 'sa_226' <Predicate = true> <Delay = 1.15> <CoreInst = "Adder">   --->   Core 1 'Adder' <Latency = 0> <II = 1> <Delay = 1.15> <FuncUnit> <Opcode : 'add' 'sub'> <InPorts = 2> <OutPorts = 1>
ST_4 : Operation 184 [1/1] (0.00ns)   --->   "%zext_ln148_110 = zext i64 %b0_126" [src/generic/mpx_packed_karatsuba.hpp:148->src/generic/mpx_packed_karatsuba.hpp:139->src/generic/mpx_packed_karatsuba.hpp:159->src/generic/mpx_packed_karatsuba.hpp:188->src/generic/mpx_packed_karatsuba.hpp:225]   --->   Operation 184 'zext' 'zext_ln148_110' <Predicate = true> <Delay = 0.00>
ST_4 : Operation 185 [1/1] (0.00ns)   --->   "%zext_ln148_133 = zext i65 %tmp_321" [src/generic/mpx_packed_karatsuba.hpp:148->src/generic/mpx_packed_karatsuba.hpp:139->src/generic/mpx_packed_karatsuba.hpp:159->src/generic/mpx_packed_karatsuba.hpp:188->src/generic/mpx_packed_karatsuba.hpp:225]   --->   Operation 185 'zext' 'zext_ln148_133' <Predicate = true> <Delay = 0.00>
ST_4 : Operation 186 [1/1] (1.15ns)   --->   "%sb_200 = add i66 %zext_ln148_133, i66 %zext_ln148_110" [src/generic/mpx_packed_karatsuba.hpp:148->src/generic/mpx_packed_karatsuba.hpp:139->src/generic/mpx_packed_karatsuba.hpp:159->src/generic/mpx_packed_karatsuba.hpp:188->src/generic/mpx_packed_karatsuba.hpp:225]   --->   Operation 186 'add' 'sb_200' <Predicate = true> <Delay = 1.15> <CoreInst = "Adder">   --->   Core 1 'Adder' <Latency = 0> <II = 1> <Delay = 1.15> <FuncUnit> <Opcode : 'add' 'sub'> <InPorts = 2> <OutPorts = 1>
ST_4 : Operation 187 [1/1] (0.00ns)   --->   "%zext_ln173 = zext i66 %sa_226" [src/generic/mpx_packed_karatsuba.hpp:173->src/generic/mpx_packed_karatsuba.hpp:139->src/generic/mpx_packed_karatsuba.hpp:159->src/generic/mpx_packed_karatsuba.hpp:188->src/generic/mpx_packed_karatsuba.hpp:225]   --->   Operation 187 'zext' 'zext_ln173' <Predicate = true> <Delay = 0.00>
ST_4 : Operation 188 [1/1] (0.00ns)   --->   "%zext_ln173_84 = zext i66 %sb_200" [src/generic/mpx_packed_karatsuba.hpp:173->src/generic/mpx_packed_karatsuba.hpp:139->src/generic/mpx_packed_karatsuba.hpp:159->src/generic/mpx_packed_karatsuba.hpp:188->src/generic/mpx_packed_karatsuba.hpp:225]   --->   Operation 188 'zext' 'zext_ln173_84' <Predicate = true> <Delay = 0.00>
ST_4 : Operation 189 [1/1] (4.51ns)   --->   "%mul_ln173 = mul i132 %zext_ln173_84, i132 %zext_ln173" [src/generic/mpx_packed_karatsuba.hpp:173->src/generic/mpx_packed_karatsuba.hpp:139->src/generic/mpx_packed_karatsuba.hpp:159->src/generic/mpx_packed_karatsuba.hpp:188->src/generic/mpx_packed_karatsuba.hpp:225]   --->   Operation 189 'mul' 'mul_ln173' <Predicate = true> <Delay = 4.51> <CoreInst = "Multiplier">   --->   Core 3 'Multiplier' <Latency = 0> <II = 1> <Delay = 4.51> <FuncUnit> <Opcode : 'mul'> <InPorts = 2> <OutPorts = 1>
ST_4 : Operation 190 [1/1] (0.00ns)   --->   "%zext_ln173_86 = zext i128 %z0_224" [src/generic/mpx_packed_karatsuba.hpp:173->src/generic/mpx_packed_karatsuba.hpp:139->src/generic/mpx_packed_karatsuba.hpp:159->src/generic/mpx_packed_karatsuba.hpp:188->src/generic/mpx_packed_karatsuba.hpp:225]   --->   Operation 190 'zext' 'zext_ln173_86' <Predicate = true> <Delay = 0.00>
ST_4 : Operation 191 [1/1] (0.00ns)   --->   "%zext_ln173_87 = zext i130 %z2" [src/generic/mpx_packed_karatsuba.hpp:173->src/generic/mpx_packed_karatsuba.hpp:139->src/generic/mpx_packed_karatsuba.hpp:159->src/generic/mpx_packed_karatsuba.hpp:188->src/generic/mpx_packed_karatsuba.hpp:225]   --->   Operation 191 'zext' 'zext_ln173_87' <Predicate = true> <Delay = 0.00>
ST_4 : Operation 192 [1/1] (1.50ns)   --->   "%add_ln173_51 = add i131 %zext_ln173_87, i131 %zext_ln173_86" [src/generic/mpx_packed_karatsuba.hpp:173->src/generic/mpx_packed_karatsuba.hpp:139->src/generic/mpx_packed_karatsuba.hpp:159->src/generic/mpx_packed_karatsuba.hpp:188->src/generic/mpx_packed_karatsuba.hpp:225]   --->   Operation 192 'add' 'add_ln173_51' <Predicate = true> <Delay = 1.50> <CoreInst = "Adder">   --->   Core 1 'Adder' <Latency = 0> <II = 1> <Delay = 1.50> <FuncUnit> <Opcode : 'add' 'sub'> <InPorts = 2> <OutPorts = 1>
ST_4 : Operation 193 [1/1] (0.00ns)   --->   "%zext_ln121_313 = zext i128 %a0_143" [src/generic/mpx_packed_karatsuba.hpp:121->src/generic/mpx_packed_karatsuba.hpp:138->src/generic/mpx_packed_karatsuba.hpp:159->src/generic/mpx_packed_karatsuba.hpp:159->src/generic/mpx_packed_karatsuba.hpp:188->src/generic/mpx_packed_karatsuba.hpp:225]   --->   Operation 193 'zext' 'zext_ln121_313' <Predicate = true> <Delay = 0.00>
ST_4 : Operation 194 [1/1] (0.00ns)   --->   "%zext_ln121_314 = zext i128 %b0_127" [src/generic/mpx_packed_karatsuba.hpp:121->src/generic/mpx_packed_karatsuba.hpp:138->src/generic/mpx_packed_karatsuba.hpp:159->src/generic/mpx_packed_karatsuba.hpp:159->src/generic/mpx_packed_karatsuba.hpp:188->src/generic/mpx_packed_karatsuba.hpp:225]   --->   Operation 194 'zext' 'zext_ln121_314' <Predicate = true> <Delay = 0.00>
ST_4 : Operation 195 [1/1] (6.07ns)   --->   "%z0_233 = mul i256 %zext_ln121_314, i256 %zext_ln121_313" [src/generic/mpx_packed_karatsuba.hpp:121->src/generic/mpx_packed_karatsuba.hpp:138->src/generic/mpx_packed_karatsuba.hpp:159->src/generic/mpx_packed_karatsuba.hpp:159->src/generic/mpx_packed_karatsuba.hpp:188->src/generic/mpx_packed_karatsuba.hpp:225]   --->   Operation 195 'mul' 'z0_233' <Predicate = true> <Delay = 6.07> <CoreInst = "Multiplier">   --->   Core 3 'Multiplier' <Latency = 0> <II = 1> <Delay = 6.07> <FuncUnit> <Opcode : 'mul'> <InPorts = 2> <OutPorts = 1>
ST_4 : Operation 196 [1/1] (0.00ns)   --->   "%zext_ln147_125 = zext i128 %a0_143" [src/generic/mpx_packed_karatsuba.hpp:147->src/generic/mpx_packed_karatsuba.hpp:159->src/generic/mpx_packed_karatsuba.hpp:159->src/generic/mpx_packed_karatsuba.hpp:188->src/generic/mpx_packed_karatsuba.hpp:225]   --->   Operation 196 'zext' 'zext_ln147_125' <Predicate = true> <Delay = 0.00>
ST_4 : Operation 197 [1/1] (0.00ns)   --->   "%zext_ln147_151 = zext i2 %tmp_325" [src/generic/mpx_packed_karatsuba.hpp:147->src/generic/mpx_packed_karatsuba.hpp:159->src/generic/mpx_packed_karatsuba.hpp:159->src/generic/mpx_packed_karatsuba.hpp:188->src/generic/mpx_packed_karatsuba.hpp:225]   --->   Operation 197 'zext' 'zext_ln147_151' <Predicate = true> <Delay = 0.00>
ST_4 : Operation 198 [1/1] (1.49ns)   --->   "%sa_234 = add i129 %zext_ln147_151, i129 %zext_ln147_125" [src/generic/mpx_packed_karatsuba.hpp:147->src/generic/mpx_packed_karatsuba.hpp:159->src/generic/mpx_packed_karatsuba.hpp:159->src/generic/mpx_packed_karatsuba.hpp:188->src/generic/mpx_packed_karatsuba.hpp:225]   --->   Operation 198 'add' 'sa_234' <Predicate = true> <Delay = 1.49> <CoreInst = "Adder">   --->   Core 1 'Adder' <Latency = 0> <II = 1> <Delay = 1.49> <FuncUnit> <Opcode : 'add' 'sub'> <InPorts = 2> <OutPorts = 1>
ST_4 : Operation 199 [1/1] (0.00ns)   --->   "%zext_ln148_111 = zext i128 %b0_127" [src/generic/mpx_packed_karatsuba.hpp:148->src/generic/mpx_packed_karatsuba.hpp:159->src/generic/mpx_packed_karatsuba.hpp:159->src/generic/mpx_packed_karatsuba.hpp:188->src/generic/mpx_packed_karatsuba.hpp:225]   --->   Operation 199 'zext' 'zext_ln148_111' <Predicate = true> <Delay = 0.00>
ST_4 : Operation 200 [1/1] (0.00ns)   --->   "%zext_ln148_135 = zext i2 %tmp_326" [src/generic/mpx_packed_karatsuba.hpp:148->src/generic/mpx_packed_karatsuba.hpp:159->src/generic/mpx_packed_karatsuba.hpp:159->src/generic/mpx_packed_karatsuba.hpp:188->src/generic/mpx_packed_karatsuba.hpp:225]   --->   Operation 200 'zext' 'zext_ln148_135' <Predicate = true> <Delay = 0.00>
ST_4 : Operation 201 [1/1] (1.49ns)   --->   "%sb_208 = add i129 %zext_ln148_135, i129 %zext_ln148_111" [src/generic/mpx_packed_karatsuba.hpp:148->src/generic/mpx_packed_karatsuba.hpp:159->src/generic/mpx_packed_karatsuba.hpp:159->src/generic/mpx_packed_karatsuba.hpp:188->src/generic/mpx_packed_karatsuba.hpp:225]   --->   Operation 201 'add' 'sb_208' <Predicate = true> <Delay = 1.49> <CoreInst = "Adder">   --->   Core 1 'Adder' <Latency = 0> <II = 1> <Delay = 1.49> <FuncUnit> <Opcode : 'add' 'sub'> <InPorts = 2> <OutPorts = 1>
ST_4 : Operation 202 [1/1] (0.00ns)   --->   "%a0_144 = trunc i129 %sa_234" [src/generic/mpx_packed_karatsuba.hpp:133->src/generic/mpx_packed_karatsuba.hpp:159->src/generic/mpx_packed_karatsuba.hpp:159->src/generic/mpx_packed_karatsuba.hpp:159->src/generic/mpx_packed_karatsuba.hpp:188->src/generic/mpx_packed_karatsuba.hpp:225]   --->   Operation 202 'trunc' 'a0_144' <Predicate = true> <Delay = 0.00>
ST_4 : Operation 203 [1/1] (0.00ns)   --->   "%b0_128 = trunc i129 %sb_208" [src/generic/mpx_packed_karatsuba.hpp:134->src/generic/mpx_packed_karatsuba.hpp:159->src/generic/mpx_packed_karatsuba.hpp:159->src/generic/mpx_packed_karatsuba.hpp:159->src/generic/mpx_packed_karatsuba.hpp:188->src/generic/mpx_packed_karatsuba.hpp:225]   --->   Operation 203 'trunc' 'b0_128' <Predicate = true> <Delay = 0.00>
ST_4 : Operation 204 [1/1] (0.00ns)   --->   "%a1_24 = partselect i65 @_ssdm_op_PartSelect.i65.i129.i32.i32, i129 %sa_234, i32 64, i32 128" [src/generic/mpx_packed_karatsuba.hpp:135->src/generic/mpx_packed_karatsuba.hpp:159->src/generic/mpx_packed_karatsuba.hpp:159->src/generic/mpx_packed_karatsuba.hpp:159->src/generic/mpx_packed_karatsuba.hpp:188->src/generic/mpx_packed_karatsuba.hpp:225]   --->   Operation 204 'partselect' 'a1_24' <Predicate = true> <Delay = 0.00>
ST_4 : Operation 205 [1/1] (0.00ns)   --->   "%zext_ln135_18 = zext i65 %a1_24" [src/generic/mpx_packed_karatsuba.hpp:135->src/generic/mpx_packed_karatsuba.hpp:159->src/generic/mpx_packed_karatsuba.hpp:159->src/generic/mpx_packed_karatsuba.hpp:159->src/generic/mpx_packed_karatsuba.hpp:188->src/generic/mpx_packed_karatsuba.hpp:225]   --->   Operation 205 'zext' 'zext_ln135_18' <Predicate = true> <Delay = 0.00>
ST_4 : Operation 206 [1/1] (0.00ns)   --->   "%b1_24 = partselect i65 @_ssdm_op_PartSelect.i65.i129.i32.i32, i129 %sb_208, i32 64, i32 128" [src/generic/mpx_packed_karatsuba.hpp:136->src/generic/mpx_packed_karatsuba.hpp:159->src/generic/mpx_packed_karatsuba.hpp:159->src/generic/mpx_packed_karatsuba.hpp:159->src/generic/mpx_packed_karatsuba.hpp:188->src/generic/mpx_packed_karatsuba.hpp:225]   --->   Operation 206 'partselect' 'b1_24' <Predicate = true> <Delay = 0.00>
ST_4 : Operation 207 [1/1] (0.00ns)   --->   "%zext_ln136_16 = zext i65 %b1_24" [src/generic/mpx_packed_karatsuba.hpp:136->src/generic/mpx_packed_karatsuba.hpp:159->src/generic/mpx_packed_karatsuba.hpp:159->src/generic/mpx_packed_karatsuba.hpp:159->src/generic/mpx_packed_karatsuba.hpp:188->src/generic/mpx_packed_karatsuba.hpp:225]   --->   Operation 207 'zext' 'zext_ln136_16' <Predicate = true> <Delay = 0.00>
ST_4 : Operation 208 [1/1] (0.00ns)   --->   "%zext_ln121_315 = zext i64 %a0_144" [src/generic/mpx_packed_karatsuba.hpp:121->src/generic/mpx_packed_karatsuba.hpp:138->src/generic/mpx_packed_karatsuba.hpp:159->src/generic/mpx_packed_karatsuba.hpp:159->src/generic/mpx_packed_karatsuba.hpp:159->src/generic/mpx_packed_karatsuba.hpp:188->src/generic/mpx_packed_karatsuba.hpp:225]   --->   Operation 208 'zext' 'zext_ln121_315' <Predicate = true> <Delay = 0.00>
ST_4 : Operation 209 [1/1] (0.00ns)   --->   "%zext_ln121_316 = zext i64 %b0_128" [src/generic/mpx_packed_karatsuba.hpp:121->src/generic/mpx_packed_karatsuba.hpp:138->src/generic/mpx_packed_karatsuba.hpp:159->src/generic/mpx_packed_karatsuba.hpp:159->src/generic/mpx_packed_karatsuba.hpp:159->src/generic/mpx_packed_karatsuba.hpp:188->src/generic/mpx_packed_karatsuba.hpp:225]   --->   Operation 209 'zext' 'zext_ln121_316' <Predicate = true> <Delay = 0.00>
ST_4 : Operation 210 [1/1] (4.43ns)   --->   "%z0_234 = mul i128 %zext_ln121_316, i128 %zext_ln121_315" [src/generic/mpx_packed_karatsuba.hpp:121->src/generic/mpx_packed_karatsuba.hpp:138->src/generic/mpx_packed_karatsuba.hpp:159->src/generic/mpx_packed_karatsuba.hpp:159->src/generic/mpx_packed_karatsuba.hpp:159->src/generic/mpx_packed_karatsuba.hpp:188->src/generic/mpx_packed_karatsuba.hpp:225]   --->   Operation 210 'mul' 'z0_234' <Predicate = true> <Delay = 4.43> <CoreInst = "Multiplier">   --->   Core 3 'Multiplier' <Latency = 0> <II = 1> <Delay = 4.43> <FuncUnit> <Opcode : 'mul'> <InPorts = 2> <OutPorts = 1>
ST_4 : Operation 211 [1/1] (4.47ns)   --->   "%z2_322 = mul i129 %zext_ln136_16, i129 %zext_ln135_18" [src/generic/mpx_packed_karatsuba.hpp:121->src/generic/mpx_packed_karatsuba.hpp:139->src/generic/mpx_packed_karatsuba.hpp:159->src/generic/mpx_packed_karatsuba.hpp:159->src/generic/mpx_packed_karatsuba.hpp:159->src/generic/mpx_packed_karatsuba.hpp:188->src/generic/mpx_packed_karatsuba.hpp:225]   --->   Operation 211 'mul' 'z2_322' <Predicate = true> <Delay = 4.47> <CoreInst = "Multiplier">   --->   Core 3 'Multiplier' <Latency = 0> <II = 1> <Delay = 4.47> <FuncUnit> <Opcode : 'mul'> <InPorts = 2> <OutPorts = 1>
ST_4 : Operation 212 [1/1] (0.00ns)   --->   "%zext_ln147_126 = zext i64 %a0_144" [src/generic/mpx_packed_karatsuba.hpp:147->src/generic/mpx_packed_karatsuba.hpp:159->src/generic/mpx_packed_karatsuba.hpp:159->src/generic/mpx_packed_karatsuba.hpp:159->src/generic/mpx_packed_karatsuba.hpp:188->src/generic/mpx_packed_karatsuba.hpp:225]   --->   Operation 212 'zext' 'zext_ln147_126' <Predicate = true> <Delay = 0.00>
ST_4 : Operation 213 [1/1] (1.15ns)   --->   "%sa_229 = add i65 %a1_24, i65 %zext_ln147_126" [src/generic/mpx_packed_karatsuba.hpp:147->src/generic/mpx_packed_karatsuba.hpp:159->src/generic/mpx_packed_karatsuba.hpp:159->src/generic/mpx_packed_karatsuba.hpp:159->src/generic/mpx_packed_karatsuba.hpp:188->src/generic/mpx_packed_karatsuba.hpp:225]   --->   Operation 213 'add' 'sa_229' <Predicate = true> <Delay = 1.15> <CoreInst = "Adder">   --->   Core 1 'Adder' <Latency = 0> <II = 1> <Delay = 1.15> <FuncUnit> <Opcode : 'add' 'sub'> <InPorts = 2> <OutPorts = 1>
ST_4 : Operation 214 [1/1] (0.00ns)   --->   "%zext_ln148_112 = zext i64 %b0_128" [src/generic/mpx_packed_karatsuba.hpp:148->src/generic/mpx_packed_karatsuba.hpp:159->src/generic/mpx_packed_karatsuba.hpp:159->src/generic/mpx_packed_karatsuba.hpp:159->src/generic/mpx_packed_karatsuba.hpp:188->src/generic/mpx_packed_karatsuba.hpp:225]   --->   Operation 214 'zext' 'zext_ln148_112' <Predicate = true> <Delay = 0.00>
ST_4 : Operation 215 [1/1] (1.15ns)   --->   "%sb_203 = add i65 %b1_24, i65 %zext_ln148_112" [src/generic/mpx_packed_karatsuba.hpp:148->src/generic/mpx_packed_karatsuba.hpp:159->src/generic/mpx_packed_karatsuba.hpp:159->src/generic/mpx_packed_karatsuba.hpp:159->src/generic/mpx_packed_karatsuba.hpp:188->src/generic/mpx_packed_karatsuba.hpp:225]   --->   Operation 215 'add' 'sb_203' <Predicate = true> <Delay = 1.15> <CoreInst = "Adder">   --->   Core 1 'Adder' <Latency = 0> <II = 1> <Delay = 1.15> <FuncUnit> <Opcode : 'add' 'sub'> <InPorts = 2> <OutPorts = 1>
ST_4 : Operation 216 [1/1] (0.00ns)   --->   "%zext_ln164_83 = zext i65 %sa_229" [src/generic/mpx_packed_karatsuba.hpp:164->src/generic/mpx_packed_karatsuba.hpp:159->src/generic/mpx_packed_karatsuba.hpp:159->src/generic/mpx_packed_karatsuba.hpp:159->src/generic/mpx_packed_karatsuba.hpp:188->src/generic/mpx_packed_karatsuba.hpp:225]   --->   Operation 216 'zext' 'zext_ln164_83' <Predicate = true> <Delay = 0.00>
ST_4 : Operation 217 [1/1] (0.00ns)   --->   "%zext_ln164_84 = zext i65 %sb_203" [src/generic/mpx_packed_karatsuba.hpp:164->src/generic/mpx_packed_karatsuba.hpp:159->src/generic/mpx_packed_karatsuba.hpp:159->src/generic/mpx_packed_karatsuba.hpp:159->src/generic/mpx_packed_karatsuba.hpp:188->src/generic/mpx_packed_karatsuba.hpp:225]   --->   Operation 217 'zext' 'zext_ln164_84' <Predicate = true> <Delay = 0.00>
ST_4 : Operation 218 [1/1] (4.47ns)   --->   "%t_155 = mul i130 %zext_ln164_84, i130 %zext_ln164_83" [src/generic/mpx_packed_karatsuba.hpp:164->src/generic/mpx_packed_karatsuba.hpp:159->src/generic/mpx_packed_karatsuba.hpp:159->src/generic/mpx_packed_karatsuba.hpp:159->src/generic/mpx_packed_karatsuba.hpp:188->src/generic/mpx_packed_karatsuba.hpp:225]   --->   Operation 218 'mul' 't_155' <Predicate = true> <Delay = 4.47> <CoreInst = "Multiplier">   --->   Core 3 'Multiplier' <Latency = 0> <II = 1> <Delay = 4.47> <FuncUnit> <Opcode : 'mul'> <InPorts = 2> <OutPorts = 1>

State 5 <SV = 4> <Delay = 6.70>
ST_5 : Operation 219 [1/1] (0.00ns)   --->   "%shl_ln18 = bitconcatenate i388 @_ssdm_op_BitConcatenate.i388.i260.i128, i260 %z1e_120, i128 0" [src/generic/mpx_packed_karatsuba.hpp:173->src/generic/mpx_packed_karatsuba.hpp:138->src/generic/mpx_packed_karatsuba.hpp:188->src/generic/mpx_packed_karatsuba.hpp:225]   --->   Operation 219 'bitconcatenate' 'shl_ln18' <Predicate = true> <Delay = 0.00>
ST_5 : Operation 220 [1/1] (0.00ns)   --->   "%sext_ln138 = sext i388 %shl_ln18" [src/generic/mpx_packed_karatsuba.hpp:138->src/generic/mpx_packed_karatsuba.hpp:188->src/generic/mpx_packed_karatsuba.hpp:225]   --->   Operation 220 'sext' 'sext_ln138' <Predicate = true> <Delay = 0.00>
ST_5 : Operation 221 [1/1] (0.00ns)   --->   "%z0_228 = bitconcatenate i512 @_ssdm_op_BitConcatenate.i512.i256.i256, i256 %z2_315, i256 %z0" [src/generic/mpx_packed_karatsuba.hpp:173->src/generic/mpx_packed_karatsuba.hpp:138->src/generic/mpx_packed_karatsuba.hpp:188->src/generic/mpx_packed_karatsuba.hpp:225]   --->   Operation 221 'bitconcatenate' 'z0_228' <Predicate = true> <Delay = 0.00>
ST_5 : Operation 222 [1/1] (3.30ns)   --->   "%z0_229 = add i512 %sext_ln138, i512 %z0_228" [src/generic/mpx_packed_karatsuba.hpp:174->src/generic/mpx_packed_karatsuba.hpp:138->src/generic/mpx_packed_karatsuba.hpp:188->src/generic/mpx_packed_karatsuba.hpp:225]   --->   Operation 222 'add' 'z0_229' <Predicate = true> <Delay = 3.30> <CoreInst = "Adder">   --->   Core 1 'Adder' <Latency = 0> <II = 1> <Delay = 3.30> <FuncUnit> <Opcode : 'add' 'sub'> <InPorts = 2> <OutPorts = 1>
ST_5 : Operation 223 [1/1] (0.00ns)   --->   "%shl_ln173_25 = bitconcatenate i388 @_ssdm_op_BitConcatenate.i388.i260.i128, i260 %z1e_122, i128 0" [src/generic/mpx_packed_karatsuba.hpp:173->src/generic/mpx_packed_karatsuba.hpp:139->src/generic/mpx_packed_karatsuba.hpp:188->src/generic/mpx_packed_karatsuba.hpp:225]   --->   Operation 223 'bitconcatenate' 'shl_ln173_25' <Predicate = true> <Delay = 0.00>
ST_5 : Operation 224 [1/1] (0.00ns)   --->   "%sext_ln139 = sext i388 %shl_ln173_25" [src/generic/mpx_packed_karatsuba.hpp:139->src/generic/mpx_packed_karatsuba.hpp:188->src/generic/mpx_packed_karatsuba.hpp:225]   --->   Operation 224 'sext' 'sext_ln139' <Predicate = true> <Delay = 0.00>
ST_5 : Operation 225 [1/1] (0.00ns)   --->   "%z2_319 = bitconcatenate i512 @_ssdm_op_BitConcatenate.i512.i256.i256, i256 %z2_317, i256 %z0_230" [src/generic/mpx_packed_karatsuba.hpp:173->src/generic/mpx_packed_karatsuba.hpp:139->src/generic/mpx_packed_karatsuba.hpp:188->src/generic/mpx_packed_karatsuba.hpp:225]   --->   Operation 225 'bitconcatenate' 'z2_319' <Predicate = true> <Delay = 0.00>
ST_5 : Operation 226 [1/1] (3.30ns)   --->   "%z2_320 = add i512 %sext_ln139, i512 %z2_319" [src/generic/mpx_packed_karatsuba.hpp:174->src/generic/mpx_packed_karatsuba.hpp:139->src/generic/mpx_packed_karatsuba.hpp:188->src/generic/mpx_packed_karatsuba.hpp:225]   --->   Operation 226 'add' 'z2_320' <Predicate = true> <Delay = 3.30> <CoreInst = "Adder">   --->   Core 1 'Adder' <Latency = 0> <II = 1> <Delay = 3.30> <FuncUnit> <Opcode : 'add' 'sub'> <InPorts = 2> <OutPorts = 1>
ST_5 : Operation 227 [1/1] (0.00ns)   --->   "%zext_ln173_85 = zext i132 %mul_ln173" [src/generic/mpx_packed_karatsuba.hpp:173->src/generic/mpx_packed_karatsuba.hpp:139->src/generic/mpx_packed_karatsuba.hpp:159->src/generic/mpx_packed_karatsuba.hpp:188->src/generic/mpx_packed_karatsuba.hpp:225]   --->   Operation 227 'zext' 'zext_ln173_85' <Predicate = true> <Delay = 0.00>
ST_5 : Operation 228 [1/1] (0.00ns)   --->   "%zext_ln173_88 = zext i131 %add_ln173_51" [src/generic/mpx_packed_karatsuba.hpp:173->src/generic/mpx_packed_karatsuba.hpp:139->src/generic/mpx_packed_karatsuba.hpp:159->src/generic/mpx_packed_karatsuba.hpp:188->src/generic/mpx_packed_karatsuba.hpp:225]   --->   Operation 228 'zext' 'zext_ln173_88' <Predicate = true> <Delay = 0.00>
ST_5 : Operation 229 [1/1] (1.51ns)   --->   "%sub_ln173 = sub i133 %zext_ln173_85, i133 %zext_ln173_88" [src/generic/mpx_packed_karatsuba.hpp:173->src/generic/mpx_packed_karatsuba.hpp:139->src/generic/mpx_packed_karatsuba.hpp:159->src/generic/mpx_packed_karatsuba.hpp:188->src/generic/mpx_packed_karatsuba.hpp:225]   --->   Operation 229 'sub' 'sub_ln173' <Predicate = true> <Delay = 1.51> <CoreInst = "Adder">   --->   Core 1 'Adder' <Latency = 0> <II = 1> <Delay = 1.51> <FuncUnit> <Opcode : 'add' 'sub'> <InPorts = 2> <OutPorts = 1>
ST_5 : Operation 230 [1/1] (0.00ns)   --->   "%tmp_322 = bitconcatenate i197 @_ssdm_op_BitConcatenate.i197.i133.i64, i133 %sub_ln173, i64 0" [src/generic/mpx_packed_karatsuba.hpp:173->src/generic/mpx_packed_karatsuba.hpp:139->src/generic/mpx_packed_karatsuba.hpp:159->src/generic/mpx_packed_karatsuba.hpp:188->src/generic/mpx_packed_karatsuba.hpp:225]   --->   Operation 230 'bitconcatenate' 'tmp_322' <Predicate = true> <Delay = 0.00>
ST_5 : Operation 231 [1/1] (0.00ns)   --->   "%sext_ln172 = sext i197 %tmp_322" [src/generic/mpx_packed_karatsuba.hpp:172->src/generic/mpx_packed_karatsuba.hpp:139->src/generic/mpx_packed_karatsuba.hpp:159->src/generic/mpx_packed_karatsuba.hpp:188->src/generic/mpx_packed_karatsuba.hpp:225]   --->   Operation 231 'sext' 'sext_ln172' <Predicate = true> <Delay = 0.00>
ST_5 : Operation 232 [1/1] (0.00ns)   --->   "%res_442 = bitconcatenate i258 @_ssdm_op_BitConcatenate.i258.i130.i128, i130 %z2, i128 %z0_224" [src/generic/mpx_packed_karatsuba.hpp:173->src/generic/mpx_packed_karatsuba.hpp:139->src/generic/mpx_packed_karatsuba.hpp:159->src/generic/mpx_packed_karatsuba.hpp:188->src/generic/mpx_packed_karatsuba.hpp:225]   --->   Operation 232 'bitconcatenate' 'res_442' <Predicate = true> <Delay = 0.00>
ST_5 : Operation 233 [1/1] (0.00ns)   --->   "%zext_ln174_91 = zext i258 %res_442" [src/generic/mpx_packed_karatsuba.hpp:174->src/generic/mpx_packed_karatsuba.hpp:139->src/generic/mpx_packed_karatsuba.hpp:159->src/generic/mpx_packed_karatsuba.hpp:188->src/generic/mpx_packed_karatsuba.hpp:225]   --->   Operation 233 'zext' 'zext_ln174_91' <Predicate = true> <Delay = 0.00>
ST_5 : Operation 234 [1/1] (2.05ns)   --->   "%res_443 = add i260 %sext_ln172, i260 %zext_ln174_91" [src/generic/mpx_packed_karatsuba.hpp:174->src/generic/mpx_packed_karatsuba.hpp:139->src/generic/mpx_packed_karatsuba.hpp:159->src/generic/mpx_packed_karatsuba.hpp:188->src/generic/mpx_packed_karatsuba.hpp:225]   --->   Operation 234 'add' 'res_443' <Predicate = true> <Delay = 2.05> <CoreInst = "Adder">   --->   Core 1 'Adder' <Latency = 0> <II = 1> <Delay = 2.05> <FuncUnit> <Opcode : 'add' 'sub'> <InPorts = 2> <OutPorts = 1>
ST_5 : Operation 235 [1/1] (0.00ns)   --->   "%zext_ln121_321 = zext i2 %tmp_325" [src/generic/mpx_packed_karatsuba.hpp:121->src/generic/mpx_packed_karatsuba.hpp:139->src/generic/mpx_packed_karatsuba.hpp:159->src/generic/mpx_packed_karatsuba.hpp:159->src/generic/mpx_packed_karatsuba.hpp:188->src/generic/mpx_packed_karatsuba.hpp:225]   --->   Operation 235 'zext' 'zext_ln121_321' <Predicate = true> <Delay = 0.00>
ST_5 : Operation 236 [1/1] (0.00ns)   --->   "%zext_ln121_322 = zext i2 %tmp_326" [src/generic/mpx_packed_karatsuba.hpp:121->src/generic/mpx_packed_karatsuba.hpp:139->src/generic/mpx_packed_karatsuba.hpp:159->src/generic/mpx_packed_karatsuba.hpp:159->src/generic/mpx_packed_karatsuba.hpp:188->src/generic/mpx_packed_karatsuba.hpp:225]   --->   Operation 236 'zext' 'zext_ln121_322' <Predicate = true> <Delay = 0.00>
ST_5 : Operation 237 [1/1] (0.40ns)   --->   "%z2_321 = mul i4 %zext_ln121_322, i4 %zext_ln121_321" [src/generic/mpx_packed_karatsuba.hpp:121->src/generic/mpx_packed_karatsuba.hpp:139->src/generic/mpx_packed_karatsuba.hpp:159->src/generic/mpx_packed_karatsuba.hpp:159->src/generic/mpx_packed_karatsuba.hpp:188->src/generic/mpx_packed_karatsuba.hpp:225]   --->   Operation 237 'mul' 'z2_321' <Predicate = true> <Delay = 0.40> <CoreInst = "Multiplier">   --->   Core 3 'Multiplier' <Latency = 0> <II = 1> <Delay = 0.40> <FuncUnit> <Opcode : 'mul'> <InPorts = 2> <OutPorts = 1>
ST_5 : Operation 238 [1/1] (0.00ns)   --->   "%zext_ln150_36 = zext i130 %t_155" [src/generic/mpx_packed_karatsuba.hpp:150->src/generic/mpx_packed_karatsuba.hpp:159->src/generic/mpx_packed_karatsuba.hpp:159->src/generic/mpx_packed_karatsuba.hpp:159->src/generic/mpx_packed_karatsuba.hpp:188->src/generic/mpx_packed_karatsuba.hpp:225]   --->   Operation 238 'zext' 'zext_ln150_36' <Predicate = true> <Delay = 0.00>
ST_5 : Operation 239 [1/1] (0.00ns)   --->   "%zext_ln167_158 = zext i128 %z0_234" [src/generic/mpx_packed_karatsuba.hpp:167->src/generic/mpx_packed_karatsuba.hpp:159->src/generic/mpx_packed_karatsuba.hpp:159->src/generic/mpx_packed_karatsuba.hpp:159->src/generic/mpx_packed_karatsuba.hpp:188->src/generic/mpx_packed_karatsuba.hpp:225]   --->   Operation 239 'zext' 'zext_ln167_158' <Predicate = true> <Delay = 0.00>
ST_5 : Operation 240 [1/1] (0.00ns)   --->   "%zext_ln167_159 = zext i128 %z0_234" [src/generic/mpx_packed_karatsuba.hpp:167->src/generic/mpx_packed_karatsuba.hpp:159->src/generic/mpx_packed_karatsuba.hpp:159->src/generic/mpx_packed_karatsuba.hpp:159->src/generic/mpx_packed_karatsuba.hpp:188->src/generic/mpx_packed_karatsuba.hpp:225]   --->   Operation 240 'zext' 'zext_ln167_159' <Predicate = true> <Delay = 0.00>
ST_5 : Operation 241 [1/1] (1.50ns)   --->   "%add_ln169_174 = add i129 %z2_322, i129 %zext_ln167_159" [src/generic/mpx_packed_karatsuba.hpp:169->src/generic/mpx_packed_karatsuba.hpp:159->src/generic/mpx_packed_karatsuba.hpp:159->src/generic/mpx_packed_karatsuba.hpp:159->src/generic/mpx_packed_karatsuba.hpp:188->src/generic/mpx_packed_karatsuba.hpp:225]   --->   Operation 241 'add' 'add_ln169_174' <Predicate = true> <Delay = 1.50> <CoreInst = "Adder">   --->   Core 1 'Adder' <Latency = 0> <II = 1> <Delay = 1.50> <FuncUnit> <Opcode : 'add' 'sub'> <InPorts = 2> <OutPorts = 1>
ST_5 : Operation 242 [1/1] (0.00ns)   --->   "%zext_ln169_36 = zext i129 %add_ln169_174" [src/generic/mpx_packed_karatsuba.hpp:169->src/generic/mpx_packed_karatsuba.hpp:159->src/generic/mpx_packed_karatsuba.hpp:159->src/generic/mpx_packed_karatsuba.hpp:159->src/generic/mpx_packed_karatsuba.hpp:188->src/generic/mpx_packed_karatsuba.hpp:225]   --->   Operation 242 'zext' 'zext_ln169_36' <Predicate = true> <Delay = 0.00>
ST_5 : Operation 243 [1/1] (1.50ns)   --->   "%z1e_123 = sub i131 %zext_ln150_36, i131 %zext_ln169_36" [src/generic/mpx_packed_karatsuba.hpp:169->src/generic/mpx_packed_karatsuba.hpp:159->src/generic/mpx_packed_karatsuba.hpp:159->src/generic/mpx_packed_karatsuba.hpp:159->src/generic/mpx_packed_karatsuba.hpp:188->src/generic/mpx_packed_karatsuba.hpp:225]   --->   Operation 243 'sub' 'z1e_123' <Predicate = true> <Delay = 1.50> <CoreInst = "Adder">   --->   Core 1 'Adder' <Latency = 0> <II = 1> <Delay = 1.50> <FuncUnit> <Opcode : 'add' 'sub'> <InPorts = 2> <OutPorts = 1>
ST_5 : Operation 244 [1/1] (0.00ns)   --->   "%tmp_327 = bitconcatenate i195 @_ssdm_op_BitConcatenate.i195.i131.i64, i131 %z1e_123, i64 0" [src/generic/mpx_packed_karatsuba.hpp:173->src/generic/mpx_packed_karatsuba.hpp:159->src/generic/mpx_packed_karatsuba.hpp:159->src/generic/mpx_packed_karatsuba.hpp:159->src/generic/mpx_packed_karatsuba.hpp:188->src/generic/mpx_packed_karatsuba.hpp:225]   --->   Operation 244 'bitconcatenate' 'tmp_327' <Predicate = true> <Delay = 0.00>
ST_5 : Operation 245 [1/1] (0.00ns)   --->   "%sext_ln174_70 = sext i195 %tmp_327" [src/generic/mpx_packed_karatsuba.hpp:174->src/generic/mpx_packed_karatsuba.hpp:159->src/generic/mpx_packed_karatsuba.hpp:159->src/generic/mpx_packed_karatsuba.hpp:159->src/generic/mpx_packed_karatsuba.hpp:188->src/generic/mpx_packed_karatsuba.hpp:225]   --->   Operation 245 'sext' 'sext_ln174_70' <Predicate = true> <Delay = 0.00>
ST_5 : Operation 246 [1/1] (0.00ns)   --->   "%shl_ln174_18 = bitconcatenate i257 @_ssdm_op_BitConcatenate.i257.i129.i128, i129 %z2_322, i128 0" [src/generic/mpx_packed_karatsuba.hpp:174->src/generic/mpx_packed_karatsuba.hpp:159->src/generic/mpx_packed_karatsuba.hpp:159->src/generic/mpx_packed_karatsuba.hpp:159->src/generic/mpx_packed_karatsuba.hpp:188->src/generic/mpx_packed_karatsuba.hpp:225]   --->   Operation 246 'bitconcatenate' 'shl_ln174_18' <Predicate = true> <Delay = 0.00>
ST_5 : Operation 247 [1/1] (0.00ns)   --->   "%zext_ln172_82 = zext i257 %shl_ln174_18" [src/generic/mpx_packed_karatsuba.hpp:172->src/generic/mpx_packed_karatsuba.hpp:159->src/generic/mpx_packed_karatsuba.hpp:159->src/generic/mpx_packed_karatsuba.hpp:159->src/generic/mpx_packed_karatsuba.hpp:188->src/generic/mpx_packed_karatsuba.hpp:225]   --->   Operation 247 'zext' 'zext_ln172_82' <Predicate = true> <Delay = 0.00>
ST_5 : Operation 248 [1/1] (0.00ns)   --->   "%zext_ln168_106 = zext i4 %z2_321" [src/generic/mpx_packed_karatsuba.hpp:168->src/generic/mpx_packed_karatsuba.hpp:159->src/generic/mpx_packed_karatsuba.hpp:159->src/generic/mpx_packed_karatsuba.hpp:188->src/generic/mpx_packed_karatsuba.hpp:225]   --->   Operation 248 'zext' 'zext_ln168_106' <Predicate = true> <Delay = 0.00>
ST_5 : Operation 249 [1/1] (2.05ns)   --->   "%add_ln173_52 = add i256 %zext_ln168_106, i256 %z0_233" [src/generic/mpx_packed_karatsuba.hpp:173->src/generic/mpx_packed_karatsuba.hpp:159->src/generic/mpx_packed_karatsuba.hpp:159->src/generic/mpx_packed_karatsuba.hpp:159->src/generic/mpx_packed_karatsuba.hpp:188->src/generic/mpx_packed_karatsuba.hpp:225]   --->   Operation 249 'add' 'add_ln173_52' <Predicate = true> <Delay = 2.05> <CoreInst = "Adder">   --->   Core 1 'Adder' <Latency = 0> <II = 1> <Delay = 2.05> <FuncUnit> <Opcode : 'add' 'sub'> <InPorts = 2> <OutPorts = 1>
ST_5 : Operation 250 [1/1] (0.00ns)   --->   "%zext_ln174_92 = zext i256 %add_ln173_52" [src/generic/mpx_packed_karatsuba.hpp:174->src/generic/mpx_packed_karatsuba.hpp:159->src/generic/mpx_packed_karatsuba.hpp:159->src/generic/mpx_packed_karatsuba.hpp:159->src/generic/mpx_packed_karatsuba.hpp:188->src/generic/mpx_packed_karatsuba.hpp:225]   --->   Operation 250 'zext' 'zext_ln174_92' <Predicate = true> <Delay = 0.00>
ST_5 : Operation 251 [1/1] (2.05ns)   --->   "%res = sub i257 %zext_ln167_158, i257 %zext_ln174_92" [src/generic/mpx_packed_karatsuba.hpp:174->src/generic/mpx_packed_karatsuba.hpp:159->src/generic/mpx_packed_karatsuba.hpp:159->src/generic/mpx_packed_karatsuba.hpp:159->src/generic/mpx_packed_karatsuba.hpp:188->src/generic/mpx_packed_karatsuba.hpp:225]   --->   Operation 251 'sub' 'res' <Predicate = true> <Delay = 2.05> <CoreInst = "Adder">   --->   Core 1 'Adder' <Latency = 0> <II = 1> <Delay = 2.05> <FuncUnit> <Opcode : 'add' 'sub'> <InPorts = 2> <OutPorts = 1>
ST_5 : Operation 252 [1/1] (0.00ns)   --->   "%sext_ln169_73 = sext i257 %res" [src/generic/mpx_packed_karatsuba.hpp:169->src/generic/mpx_packed_karatsuba.hpp:159->src/generic/mpx_packed_karatsuba.hpp:159->src/generic/mpx_packed_karatsuba.hpp:188->src/generic/mpx_packed_karatsuba.hpp:225]   --->   Operation 252 'sext' 'sext_ln169_73' <Predicate = true> <Delay = 0.00>
ST_5 : Operation 253 [1/1] (0.00ns) (grouped into TernaryAdder)   --->   "%add_ln169_177 = add i259 %zext_ln172_82, i259 %sext_ln174_70" [src/generic/mpx_packed_karatsuba.hpp:169->src/generic/mpx_packed_karatsuba.hpp:159->src/generic/mpx_packed_karatsuba.hpp:159->src/generic/mpx_packed_karatsuba.hpp:188->src/generic/mpx_packed_karatsuba.hpp:225]   --->   Operation 253 'add' 'add_ln169_177' <Predicate = true> <Delay = 0.00> <CoreInst = "TAddSub">   --->   Core 10 'TAddSub' <Latency = 0> <II = 1> <Delay = 1.19> <IPBlock> <Opcode : '' 'add' 'sub'> <InPorts = 3> <OutPorts = 1> <Sync> <CReg>
ST_5 : Operation 254 [1/1] (1.50ns) (root node of TernaryAdder)   --->   "%z1e_124 = add i259 %add_ln169_177, i259 %sext_ln169_73" [src/generic/mpx_packed_karatsuba.hpp:169->src/generic/mpx_packed_karatsuba.hpp:159->src/generic/mpx_packed_karatsuba.hpp:159->src/generic/mpx_packed_karatsuba.hpp:188->src/generic/mpx_packed_karatsuba.hpp:225]   --->   Operation 254 'add' 'z1e_124' <Predicate = true> <Delay = 1.50> <CoreInst = "TAddSub">   --->   Core 10 'TAddSub' <Latency = 0> <II = 1> <Delay = 1.19> <IPBlock> <Opcode : '' 'add' 'sub'> <InPorts = 3> <OutPorts = 1> <Sync> <CReg>
ST_5 : Operation 255 [1/1] (0.00ns)   --->   "%zext_ln172_83 = zext i256 %z0_233" [src/generic/mpx_packed_karatsuba.hpp:172->src/generic/mpx_packed_karatsuba.hpp:159->src/generic/mpx_packed_karatsuba.hpp:159->src/generic/mpx_packed_karatsuba.hpp:188->src/generic/mpx_packed_karatsuba.hpp:225]   --->   Operation 255 'zext' 'zext_ln172_83' <Predicate = true> <Delay = 0.00>
ST_5 : Operation 256 [1/1] (0.00ns)   --->   "%trunc_ln174 = trunc i4 %z2_321" [src/generic/mpx_packed_karatsuba.hpp:174->src/generic/mpx_packed_karatsuba.hpp:159->src/generic/mpx_packed_karatsuba.hpp:159->src/generic/mpx_packed_karatsuba.hpp:188->src/generic/mpx_packed_karatsuba.hpp:225]   --->   Operation 256 'trunc' 'trunc_ln174' <Predicate = true> <Delay = 0.00>
ST_5 : Operation 257 [1/1] (0.00ns)   --->   "%shl_ln174_19 = bitconcatenate i259 @_ssdm_op_BitConcatenate.i259.i3.i256, i3 %trunc_ln174, i256 0" [src/generic/mpx_packed_karatsuba.hpp:174->src/generic/mpx_packed_karatsuba.hpp:159->src/generic/mpx_packed_karatsuba.hpp:159->src/generic/mpx_packed_karatsuba.hpp:188->src/generic/mpx_packed_karatsuba.hpp:225]   --->   Operation 257 'bitconcatenate' 'shl_ln174_19' <Predicate = true> <Delay = 0.00>
ST_5 : Operation 258 [1/1] (0.00ns)   --->   "%zext_ln172_84 = zext i259 %shl_ln174_19" [src/generic/mpx_packed_karatsuba.hpp:172->src/generic/mpx_packed_karatsuba.hpp:159->src/generic/mpx_packed_karatsuba.hpp:159->src/generic/mpx_packed_karatsuba.hpp:188->src/generic/mpx_packed_karatsuba.hpp:225]   --->   Operation 258 'zext' 'zext_ln172_84' <Predicate = true> <Delay = 0.00>
ST_5 : Operation 259 [1/1] (0.00ns)   --->   "%zext_ln167_160 = zext i256 %z0_232" [src/generic/mpx_packed_karatsuba.hpp:167->src/generic/mpx_packed_karatsuba.hpp:159->src/generic/mpx_packed_karatsuba.hpp:188->src/generic/mpx_packed_karatsuba.hpp:225]   --->   Operation 259 'zext' 'zext_ln167_160' <Predicate = true> <Delay = 0.00>
ST_5 : Operation 260 [1/1] (0.00ns)   --->   "%sext_ln168 = sext i260 %res_443" [src/generic/mpx_packed_karatsuba.hpp:168->src/generic/mpx_packed_karatsuba.hpp:159->src/generic/mpx_packed_karatsuba.hpp:188->src/generic/mpx_packed_karatsuba.hpp:225]   --->   Operation 260 'sext' 'sext_ln168' <Predicate = true> <Delay = 0.00>
ST_5 : Operation 261 [1/1] (0.00ns)   --->   "%zext_ln168_107 = zext i384 %sext_ln168" [src/generic/mpx_packed_karatsuba.hpp:168->src/generic/mpx_packed_karatsuba.hpp:159->src/generic/mpx_packed_karatsuba.hpp:188->src/generic/mpx_packed_karatsuba.hpp:225]   --->   Operation 261 'zext' 'zext_ln168_107' <Predicate = true> <Delay = 0.00>
ST_5 : Operation 262 [1/1] (2.05ns)   --->   "%res_444 = sub i257 %zext_ln172_83, i257 %zext_ln167_160" [src/generic/mpx_packed_karatsuba.hpp:173->src/generic/mpx_packed_karatsuba.hpp:159->src/generic/mpx_packed_karatsuba.hpp:159->src/generic/mpx_packed_karatsuba.hpp:188->src/generic/mpx_packed_karatsuba.hpp:225]   --->   Operation 262 'sub' 'res_444' <Predicate = true> <Delay = 2.05> <CoreInst = "Adder">   --->   Core 1 'Adder' <Latency = 0> <II = 1> <Delay = 2.05> <FuncUnit> <Opcode : 'add' 'sub'> <InPorts = 2> <OutPorts = 1>
ST_5 : Operation 263 [1/1] (0.00ns)   --->   "%sext_ln174 = sext i257 %res_444" [src/generic/mpx_packed_karatsuba.hpp:174->src/generic/mpx_packed_karatsuba.hpp:159->src/generic/mpx_packed_karatsuba.hpp:159->src/generic/mpx_packed_karatsuba.hpp:188->src/generic/mpx_packed_karatsuba.hpp:225]   --->   Operation 263 'sext' 'sext_ln174' <Predicate = true> <Delay = 0.00>
ST_5 : Operation 264 [1/1] (2.06ns)   --->   "%res_445 = add i260 %sext_ln174, i260 %zext_ln172_84" [src/generic/mpx_packed_karatsuba.hpp:174->src/generic/mpx_packed_karatsuba.hpp:159->src/generic/mpx_packed_karatsuba.hpp:159->src/generic/mpx_packed_karatsuba.hpp:188->src/generic/mpx_packed_karatsuba.hpp:225]   --->   Operation 264 'add' 'res_445' <Predicate = true> <Delay = 2.06> <CoreInst = "Adder">   --->   Core 1 'Adder' <Latency = 0> <II = 1> <Delay = 2.06> <FuncUnit> <Opcode : 'add' 'sub'> <InPorts = 2> <OutPorts = 1>
ST_5 : Operation 265 [1/1] (0.00ns)   --->   "%sext_ln169_71 = sext i260 %res_445" [src/generic/mpx_packed_karatsuba.hpp:169->src/generic/mpx_packed_karatsuba.hpp:159->src/generic/mpx_packed_karatsuba.hpp:188->src/generic/mpx_packed_karatsuba.hpp:225]   --->   Operation 265 'sext' 'sext_ln169_71' <Predicate = true> <Delay = 0.00>
ST_5 : Operation 266 [1/1] (2.59ns)   --->   "%sub_ln169 = sub i386 %sext_ln169_71, i386 %zext_ln168_107" [src/generic/mpx_packed_karatsuba.hpp:169->src/generic/mpx_packed_karatsuba.hpp:159->src/generic/mpx_packed_karatsuba.hpp:188->src/generic/mpx_packed_karatsuba.hpp:225]   --->   Operation 266 'sub' 'sub_ln169' <Predicate = true> <Delay = 2.59> <CoreInst = "Adder">   --->   Core 1 'Adder' <Latency = 0> <II = 1> <Delay = 2.59> <FuncUnit> <Opcode : 'add' 'sub'> <InPorts = 2> <OutPorts = 1>

State 6 <SV = 5> <Delay = 5.94>
ST_6 : Operation 267 [1/1] (0.00ns)   --->   "%shl_ln173_s = bitconcatenate i387 @_ssdm_op_BitConcatenate.i387.i259.i128, i259 %z1e_124, i128 0" [src/generic/mpx_packed_karatsuba.hpp:173->src/generic/mpx_packed_karatsuba.hpp:159->src/generic/mpx_packed_karatsuba.hpp:159->src/generic/mpx_packed_karatsuba.hpp:188->src/generic/mpx_packed_karatsuba.hpp:225]   --->   Operation 267 'bitconcatenate' 'shl_ln173_s' <Predicate = true> <Delay = 0.00>
ST_6 : Operation 268 [1/1] (0.00ns)   --->   "%sext_ln172_53 = sext i387 %shl_ln173_s" [src/generic/mpx_packed_karatsuba.hpp:172->src/generic/mpx_packed_karatsuba.hpp:159->src/generic/mpx_packed_karatsuba.hpp:159->src/generic/mpx_packed_karatsuba.hpp:188->src/generic/mpx_packed_karatsuba.hpp:225]   --->   Operation 268 'sext' 'sext_ln172_53' <Predicate = true> <Delay = 0.00>
ST_6 : Operation 269 [1/1] (0.00ns)   --->   "%sext_ln169_74 = sext i386 %sub_ln169" [src/generic/mpx_packed_karatsuba.hpp:169->src/generic/mpx_packed_karatsuba.hpp:159->src/generic/mpx_packed_karatsuba.hpp:188->src/generic/mpx_packed_karatsuba.hpp:225]   --->   Operation 269 'sext' 'sext_ln169_74' <Predicate = true> <Delay = 0.00>
ST_6 : Operation 270 [1/1] (2.60ns)   --->   "%z1e_125 = add i388 %sext_ln169_74, i388 %sext_ln172_53" [src/generic/mpx_packed_karatsuba.hpp:169->src/generic/mpx_packed_karatsuba.hpp:159->src/generic/mpx_packed_karatsuba.hpp:188->src/generic/mpx_packed_karatsuba.hpp:225]   --->   Operation 270 'add' 'z1e_125' <Predicate = true> <Delay = 2.60> <CoreInst = "Adder">   --->   Core 1 'Adder' <Latency = 0> <II = 1> <Delay = 2.60> <FuncUnit> <Opcode : 'add' 'sub'> <InPorts = 2> <OutPorts = 1>
ST_6 : Operation 271 [1/1] (0.00ns)   --->   "%shl_ln173_31 = bitconcatenate i516 @_ssdm_op_BitConcatenate.i516.i388.i128, i388 %z1e_125, i128 0" [src/generic/mpx_packed_karatsuba.hpp:173->src/generic/mpx_packed_karatsuba.hpp:159->src/generic/mpx_packed_karatsuba.hpp:188->src/generic/mpx_packed_karatsuba.hpp:225]   --->   Operation 271 'bitconcatenate' 'shl_ln173_31' <Predicate = true> <Delay = 0.00>
ST_6 : Operation 272 [1/1] (0.00ns)   --->   "%sext_ln172_54 = sext i516 %shl_ln173_31" [src/generic/mpx_packed_karatsuba.hpp:172->src/generic/mpx_packed_karatsuba.hpp:159->src/generic/mpx_packed_karatsuba.hpp:188->src/generic/mpx_packed_karatsuba.hpp:225]   --->   Operation 272 'sext' 'sext_ln172_54' <Predicate = true> <Delay = 0.00>
ST_6 : Operation 273 [1/1] (0.00ns)   --->   "%zext_ln167_161 = zext i512 %z0_229" [src/generic/mpx_packed_karatsuba.hpp:167->src/generic/mpx_packed_karatsuba.hpp:188->src/generic/mpx_packed_karatsuba.hpp:225]   --->   Operation 273 'zext' 'zext_ln167_161' <Predicate = true> <Delay = 0.00>
ST_6 : Operation 274 [1/1] (0.00ns)   --->   "%zext_ln168_108 = zext i512 %z2_320" [src/generic/mpx_packed_karatsuba.hpp:168->src/generic/mpx_packed_karatsuba.hpp:188->src/generic/mpx_packed_karatsuba.hpp:225]   --->   Operation 274 'zext' 'zext_ln168_108' <Predicate = true> <Delay = 0.00>
ST_6 : Operation 275 [1/1] (0.00ns)   --->   "%res_8 = bitconcatenate i516 @_ssdm_op_BitConcatenate.i516.i260.i256, i260 %res_443, i256 %z0_232" [src/generic/mpx_packed_karatsuba.hpp:173->src/generic/mpx_packed_karatsuba.hpp:159->src/generic/mpx_packed_karatsuba.hpp:188->src/generic/mpx_packed_karatsuba.hpp:225]   --->   Operation 275 'bitconcatenate' 'res_8' <Predicate = true> <Delay = 0.00>
ST_6 : Operation 276 [1/1] (0.00ns)   --->   "%sext_ln174_71 = sext i516 %res_8" [src/generic/mpx_packed_karatsuba.hpp:174->src/generic/mpx_packed_karatsuba.hpp:159->src/generic/mpx_packed_karatsuba.hpp:188->src/generic/mpx_packed_karatsuba.hpp:225]   --->   Operation 276 'sext' 'sext_ln174_71' <Predicate = true> <Delay = 0.00>
ST_6 : Operation 277 [1/1] (0.00ns) (grouped into TernaryAdder)   --->   "%res_446 = sub i517 %sext_ln174_71, i517 %zext_ln168_108" [src/generic/mpx_packed_karatsuba.hpp:174->src/generic/mpx_packed_karatsuba.hpp:159->src/generic/mpx_packed_karatsuba.hpp:188->src/generic/mpx_packed_karatsuba.hpp:225]   --->   Operation 277 'sub' 'res_446' <Predicate = true> <Delay = 0.00> <CoreInst = "TAddSub">   --->   Core 10 'TAddSub' <Latency = 0> <II = 1> <Delay = 1.19> <IPBlock> <Opcode : '' 'add' 'sub'> <InPorts = 3> <OutPorts = 1> <Sync> <CReg>
ST_6 : Operation 278 [1/1] (2.38ns) (root node of TernaryAdder)   --->   "%sub_ln169_18 = sub i517 %res_446, i517 %zext_ln167_161" [src/generic/mpx_packed_karatsuba.hpp:169->src/generic/mpx_packed_karatsuba.hpp:188->src/generic/mpx_packed_karatsuba.hpp:225]   --->   Operation 278 'sub' 'sub_ln169_18' <Predicate = true> <Delay = 2.38> <CoreInst = "TAddSub">   --->   Core 10 'TAddSub' <Latency = 0> <II = 1> <Delay = 1.19> <IPBlock> <Opcode : '' 'add' 'sub'> <InPorts = 3> <OutPorts = 1> <Sync> <CReg>
ST_6 : Operation 279 [1/1] (0.00ns)   --->   "%sext_ln169_75 = sext i517 %sub_ln169_18" [src/generic/mpx_packed_karatsuba.hpp:169->src/generic/mpx_packed_karatsuba.hpp:188->src/generic/mpx_packed_karatsuba.hpp:225]   --->   Operation 279 'sext' 'sext_ln169_75' <Predicate = true> <Delay = 0.00>
ST_6 : Operation 280 [1/1] (3.33ns)   --->   "%z1e_126 = add i518 %sext_ln169_75, i518 %sext_ln172_54" [src/generic/mpx_packed_karatsuba.hpp:169->src/generic/mpx_packed_karatsuba.hpp:188->src/generic/mpx_packed_karatsuba.hpp:225]   --->   Operation 280 'add' 'z1e_126' <Predicate = true> <Delay = 3.33> <CoreInst = "Adder">   --->   Core 1 'Adder' <Latency = 0> <II = 1> <Delay = 3.33> <FuncUnit> <Opcode : 'add' 'sub'> <InPorts = 2> <OutPorts = 1>

State 7 <SV = 6> <Delay = 6.05>
ST_7 : Operation 281 [1/1] (0.00ns)   --->   "%shl_ln173_32 = bitconcatenate i774 @_ssdm_op_BitConcatenate.i774.i518.i256, i518 %z1e_126, i256 0" [src/generic/mpx_packed_karatsuba.hpp:173->src/generic/mpx_packed_karatsuba.hpp:188->src/generic/mpx_packed_karatsuba.hpp:225]   --->   Operation 281 'bitconcatenate' 'shl_ln173_32' <Predicate = true> <Delay = 0.00>
ST_7 : Operation 282 [1/1] (0.00ns)   --->   "%sext_ln172_55 = sext i774 %shl_ln173_32" [src/generic/mpx_packed_karatsuba.hpp:172->src/generic/mpx_packed_karatsuba.hpp:188->src/generic/mpx_packed_karatsuba.hpp:225]   --->   Operation 282 'sext' 'sext_ln172_55' <Predicate = true> <Delay = 0.00>
ST_7 : Operation 283 [1/1] (0.00ns)   --->   "%zext_ln172_85 = zext i896 %sext_ln172_55" [src/generic/mpx_packed_karatsuba.hpp:172->src/generic/mpx_packed_karatsuba.hpp:188->src/generic/mpx_packed_karatsuba.hpp:225]   --->   Operation 283 'zext' 'zext_ln172_85' <Predicate = true> <Delay = 0.00>
ST_7 : Operation 284 [1/1] (0.00ns)   --->   "%res_447 = bitconcatenate i1024 @_ssdm_op_BitConcatenate.i1024.i512.i512, i512 %z2_320, i512 %z0_229" [src/generic/mpx_packed_karatsuba.hpp:173->src/generic/mpx_packed_karatsuba.hpp:188->src/generic/mpx_packed_karatsuba.hpp:225]   --->   Operation 284 'bitconcatenate' 'res_447' <Predicate = true> <Delay = 0.00>
ST_7 : Operation 285 [1/1] (6.05ns)   --->   "%res_448 = add i1024 %zext_ln172_85, i1024 %res_447" [src/generic/mpx_packed_karatsuba.hpp:174->src/generic/mpx_packed_karatsuba.hpp:188->src/generic/mpx_packed_karatsuba.hpp:225]   --->   Operation 285 'add' 'res_448' <Predicate = true> <Delay = 6.05> <CoreInst = "Adder">   --->   Core 1 'Adder' <Latency = 0> <II = 1> <Delay = 6.05> <FuncUnit> <Opcode : 'add' 'sub'> <InPorts = 2> <OutPorts = 1>

State 8 <SV = 7> <Delay = 1.96>
ST_8 : Operation 286 [2/2] (1.96ns)   --->   "%call_ln174 = call void @mul.4118_Pipeline_VITIS_LOOP_48_1, i1024 %res_448, i64 %c" [src/generic/mpx_packed_karatsuba.hpp:174->src/generic/mpx_packed_karatsuba.hpp:188->src/generic/mpx_packed_karatsuba.hpp:225]   --->   Operation 286 'call' 'call_ln174' <Predicate = true> <Delay = 1.96> <CoreType = "Generic">   --->   Generic Core

State 9 <SV = 8> <Delay = 1.48>
ST_9 : Operation 287 [1/2] (1.48ns)   --->   "%call_ln174 = call void @mul.4118_Pipeline_VITIS_LOOP_48_1, i1024 %res_448, i64 %c" [src/generic/mpx_packed_karatsuba.hpp:174->src/generic/mpx_packed_karatsuba.hpp:188->src/generic/mpx_packed_karatsuba.hpp:225]   --->   Operation 287 'call' 'call_ln174' <Predicate = true> <Delay = 1.48> <CoreType = "Generic">   --->   Generic Core
ST_9 : Operation 288 [1/1] (0.00ns)   --->   "%ret_ln230 = ret" [src/generic/mpx_packed_karatsuba.hpp:230]   --->   Operation 288 'ret' 'ret_ln230' <Predicate = true> <Delay = 0.00>


============================================================
+ Verbose Summary: Timing violations
============================================================
Target clock period: 10.000ns, clock uncertainty: 2.700ns.

 <State 1>: 1.422ns
The critical path consists of the following:
	wire read operation ('a_offset_read') on port 'a_offset' [7]  (0.000 ns)
	'call' operation 0 bit ('call_ln37', src/generic/mpx_packed_karatsuba.hpp:37->src/generic/mpx_packed_karatsuba.hpp:186->src/generic/mpx_packed_karatsuba.hpp:225) to 'mul.4118_Pipeline_VITIS_LOOP_30_1' [12]  (1.422 ns)

 <State 2>: 1.482ns
The critical path consists of the following:
	'call' operation 0 bit ('call_ln37', src/generic/mpx_packed_karatsuba.hpp:37->src/generic/mpx_packed_karatsuba.hpp:186->src/generic/mpx_packed_karatsuba.hpp:225) to 'mul.4118_Pipeline_VITIS_LOOP_30_1' [12]  (1.482 ns)

 <State 3>: 7.162ns
The critical path consists of the following:
	'load' operation 512 bit ('A_1_loc_load') on local variable 'A_1_loc' [13]  (0.000 ns)
	'add' operation 129 bit ('sa', src/generic/mpx_packed_karatsuba.hpp:147->src/generic/mpx_packed_karatsuba.hpp:138->src/generic/mpx_packed_karatsuba.hpp:188->src/generic/mpx_packed_karatsuba.hpp:225) [34]  (1.497 ns)
	'add' operation 66 bit ('sa', src/generic/mpx_packed_karatsuba.hpp:147->src/generic/mpx_packed_karatsuba.hpp:159->src/generic/mpx_packed_karatsuba.hpp:138->src/generic/mpx_packed_karatsuba.hpp:188->src/generic/mpx_packed_karatsuba.hpp:225) [52]  (1.153 ns)
	'mul' operation 132 bit ('t', src/generic/mpx_packed_karatsuba.hpp:164->src/generic/mpx_packed_karatsuba.hpp:159->src/generic/mpx_packed_karatsuba.hpp:138->src/generic/mpx_packed_karatsuba.hpp:188->src/generic/mpx_packed_karatsuba.hpp:225) [58]  (4.512 ns)

 <State 4>: 7.121ns
The critical path consists of the following:
	'add' operation 129 bit ('sa', src/generic/mpx_packed_karatsuba.hpp:147->src/generic/mpx_packed_karatsuba.hpp:159->src/generic/mpx_packed_karatsuba.hpp:159->src/generic/mpx_packed_karatsuba.hpp:188->src/generic/mpx_packed_karatsuba.hpp:225) [211]  (1.497 ns)
	'add' operation 65 bit ('sa', src/generic/mpx_packed_karatsuba.hpp:147->src/generic/mpx_packed_karatsuba.hpp:159->src/generic/mpx_packed_karatsuba.hpp:159->src/generic/mpx_packed_karatsuba.hpp:159->src/generic/mpx_packed_karatsuba.hpp:188->src/generic/mpx_packed_karatsuba.hpp:225) [226]  (1.153 ns)
	'mul' operation 130 bit ('t', src/generic/mpx_packed_karatsuba.hpp:164->src/generic/mpx_packed_karatsuba.hpp:159->src/generic/mpx_packed_karatsuba.hpp:159->src/generic/mpx_packed_karatsuba.hpp:159->src/generic/mpx_packed_karatsuba.hpp:188->src/generic/mpx_packed_karatsuba.hpp:225) [231]  (4.471 ns)

 <State 5>: 6.704ns
The critical path consists of the following:
	'sub' operation 257 bit ('res_444', src/generic/mpx_packed_karatsuba.hpp:173->src/generic/mpx_packed_karatsuba.hpp:159->src/generic/mpx_packed_karatsuba.hpp:159->src/generic/mpx_packed_karatsuba.hpp:188->src/generic/mpx_packed_karatsuba.hpp:225) [258]  (2.052 ns)
	'add' operation 260 bit ('res_445', src/generic/mpx_packed_karatsuba.hpp:174->src/generic/mpx_packed_karatsuba.hpp:159->src/generic/mpx_packed_karatsuba.hpp:159->src/generic/mpx_packed_karatsuba.hpp:188->src/generic/mpx_packed_karatsuba.hpp:225) [260]  (2.062 ns)
	'sub' operation 386 bit ('sub_ln169', src/generic/mpx_packed_karatsuba.hpp:169->src/generic/mpx_packed_karatsuba.hpp:159->src/generic/mpx_packed_karatsuba.hpp:188->src/generic/mpx_packed_karatsuba.hpp:225) [262]  (2.590 ns)

 <State 6>: 5.941ns
The critical path consists of the following:
	'add' operation 388 bit ('z1e', src/generic/mpx_packed_karatsuba.hpp:169->src/generic/mpx_packed_karatsuba.hpp:159->src/generic/mpx_packed_karatsuba.hpp:188->src/generic/mpx_packed_karatsuba.hpp:225) [264]  (2.605 ns)
	'add' operation 518 bit ('z1e', src/generic/mpx_packed_karatsuba.hpp:169->src/generic/mpx_packed_karatsuba.hpp:188->src/generic/mpx_packed_karatsuba.hpp:225) [274]  (3.336 ns)

 <State 7>: 6.053ns
The critical path consists of the following:
	'add' operation 1024 bit ('res', src/generic/mpx_packed_karatsuba.hpp:174->src/generic/mpx_packed_karatsuba.hpp:188->src/generic/mpx_packed_karatsuba.hpp:225) [279]  (6.053 ns)

 <State 8>: 1.969ns
The critical path consists of the following:
	'call' operation 0 bit ('call_ln174', src/generic/mpx_packed_karatsuba.hpp:174->src/generic/mpx_packed_karatsuba.hpp:188->src/generic/mpx_packed_karatsuba.hpp:225) to 'mul.4118_Pipeline_VITIS_LOOP_48_1' [280]  (1.969 ns)

 <State 9>: 1.481ns
The critical path consists of the following:
	'call' operation 0 bit ('call_ln174', src/generic/mpx_packed_karatsuba.hpp:174->src/generic/mpx_packed_karatsuba.hpp:188->src/generic/mpx_packed_karatsuba.hpp:225) to 'mul.4118_Pipeline_VITIS_LOOP_48_1' [280]  (1.481 ns)


============================================================
+ Verbose Summary: Binding
============================================================
N/A
* FSMD analyzer results:
  - Output states:
 - Input state : 
  - Chain level:
	State 1
	State 2
	State 3
	State 4
	State 5
	State 6
	State 7
	State 8
	State 9


============================================================
+ Verbose Summary: Datapath Resource usage 
============================================================
N/A
