,AESL_inst_sikep503_kem_enc_hw,,module_status1.csv
,grp_sikep503_kem_enc_hw_Pipeline_VITIS_LOOP_27_1_fu_213,,module_status2.csv
,grp_sikep503_kem_enc_hw_Pipeline_2_fu_227,,module_status3.csv
,grp_cshake256_simple_32_fu_238,,module_status4.csv
grp_cshake256_simple_32_fu_238,grp_cshake256_simple_32_Pipeline_VITIS_LOOP_612_1_fu_102,,module_status5.csv
grp_cshake256_simple_32_fu_238,grp_KeccakF1600_StatePermute_fu_108,,module_status6.csv
grp_cshake256_simple_32_fu_238.grp_KeccakF1600_StatePermute_fu_108,grp_KeccakF1600_StatePermute_Pipeline_VITIS_LOOP_122_1_fu_396,,module_status7.csv
grp_cshake256_simple_32_fu_238,grp_cshake256_simple_32_Pipeline_VITIS_LOOP_393_2_fu_115,,module_status8.csv
grp_cshake256_simple_32_fu_238,grp_cshake256_simple_32_Pipeline_VITIS_LOOP_402_3_fu_129,,module_status9.csv
grp_cshake256_simple_32_fu_238,grp_cshake256_simple_32_Pipeline_VITIS_LOOP_438_2_fu_142,,module_status10.csv
grp_cshake256_simple_32_fu_238,grp_cshake256_simple_32_Pipeline_VITIS_LOOP_670_1_fu_151,,module_status11.csv
,grp_EphemeralKeyGeneration_A_1_fu_249,,module_status12.csv
grp_EphemeralKeyGeneration_A_1_fu_249,grp_EphemeralKeyGeneration_A_1_Pipeline_1_fu_1285,,module_status13.csv
grp_EphemeralKeyGeneration_A_1_fu_249,grp_EphemeralKeyGeneration_A_1_Pipeline_2_fu_1290,,module_status14.csv
grp_EphemeralKeyGeneration_A_1_fu_249,grp_EphemeralKeyGeneration_A_1_Pipeline_VITIS_LOOP_14_1_fu_1295,,module_status15.csv
grp_EphemeralKeyGeneration_A_1_fu_249,grp_EphemeralKeyGeneration_A_1_Pipeline_VITIS_LOOP_14_1246_fu_1302,,module_status16.csv
grp_EphemeralKeyGeneration_A_1_fu_249,grp_EphemeralKeyGeneration_A_1_Pipeline_VITIS_LOOP_14_1242_fu_1309,,module_status17.csv
grp_EphemeralKeyGeneration_A_1_fu_249,grp_EphemeralKeyGeneration_A_1_Pipeline_VITIS_LOOP_14_1247_fu_1316,,module_status18.csv
grp_EphemeralKeyGeneration_A_1_fu_249,grp_EphemeralKeyGeneration_A_1_Pipeline_VITIS_LOOP_14_1243_fu_1323,,module_status19.csv
grp_EphemeralKeyGeneration_A_1_fu_249,grp_EphemeralKeyGeneration_A_1_Pipeline_VITIS_LOOP_14_1248_fu_1330,,module_status20.csv
grp_EphemeralKeyGeneration_A_1_fu_249,grp_EphemeralKeyGeneration_A_1_Pipeline_VITIS_LOOP_23_1_fu_1337,,module_status21.csv
grp_EphemeralKeyGeneration_A_1_fu_249,grp_EphemeralKeyGeneration_A_1_Pipeline_VITIS_LOOP_14_1244_fu_1342,,module_status22.csv
grp_EphemeralKeyGeneration_A_1_fu_249,grp_EphemeralKeyGeneration_A_1_Pipeline_VITIS_LOOP_14_1249_fu_1349,,module_status23.csv
grp_EphemeralKeyGeneration_A_1_fu_249,grp_EphemeralKeyGeneration_A_1_Pipeline_VITIS_LOOP_14_1245_fu_1356,,module_status24.csv
grp_EphemeralKeyGeneration_A_1_fu_249,grp_fpadd503_149_3_fu_1363,,module_status25.csv
grp_EphemeralKeyGeneration_A_1_fu_249.grp_fpadd503_149_3_fu_1363,grp_fpadd503_149_3_Pipeline_VITIS_LOOP_23_1_fu_40,,module_status26.csv
grp_EphemeralKeyGeneration_A_1_fu_249.grp_fpadd503_149_3_fu_1363,grp_fpadd503_149_3_Pipeline_VITIS_LOOP_28_2_fu_50,,module_status27.csv
grp_EphemeralKeyGeneration_A_1_fu_249.grp_fpadd503_149_3_fu_1363,grp_fpadd503_149_3_Pipeline_VITIS_LOOP_34_3_fu_60,,module_status28.csv
grp_EphemeralKeyGeneration_A_1_fu_249,grp_LADDER3PT_75_76_1_fu_1377,,module_status29.csv
grp_EphemeralKeyGeneration_A_1_fu_249.grp_LADDER3PT_75_76_1_fu_1377,grp_LADDER3PT_75_76_1_Pipeline_1_fu_889,,module_status30.csv
grp_EphemeralKeyGeneration_A_1_fu_249.grp_LADDER3PT_75_76_1_fu_1377,grp_LADDER3PT_75_76_1_Pipeline_VITIS_LOOP_14_1223_fu_897,,module_status31.csv
grp_EphemeralKeyGeneration_A_1_fu_249.grp_LADDER3PT_75_76_1_fu_1377,grp_LADDER3PT_75_76_1_Pipeline_VITIS_LOOP_14_1_fu_905,,module_status32.csv
grp_EphemeralKeyGeneration_A_1_fu_249.grp_LADDER3PT_75_76_1_fu_1377,grp_LADDER3PT_75_76_1_Pipeline_VITIS_LOOP_14_1224_fu_913,,module_status33.csv
grp_EphemeralKeyGeneration_A_1_fu_249.grp_LADDER3PT_75_76_1_fu_1377,grp_fpadd503_59_61_fu_921,,module_status34.csv
grp_EphemeralKeyGeneration_A_1_fu_249.grp_LADDER3PT_75_76_1_fu_1377.grp_fpadd503_59_61_fu_921,grp_fpadd503_59_61_Pipeline_VITIS_LOOP_23_1_fu_36,,module_status35.csv
grp_EphemeralKeyGeneration_A_1_fu_249.grp_LADDER3PT_75_76_1_fu_1377.grp_fpadd503_59_61_fu_921,grp_fpadd503_59_61_Pipeline_VITIS_LOOP_28_2_fu_48,,module_status36.csv
grp_EphemeralKeyGeneration_A_1_fu_249.grp_LADDER3PT_75_76_1_fu_1377.grp_fpadd503_59_61_fu_921,grp_fpadd503_59_61_Pipeline_VITIS_LOOP_34_3_fu_61,,module_status37.csv
grp_EphemeralKeyGeneration_A_1_fu_249.grp_LADDER3PT_75_76_1_fu_1377,grp_LADDER3PT_75_76_1_Pipeline_VITIS_LOOP_14_1220_fu_935,,module_status38.csv
grp_EphemeralKeyGeneration_A_1_fu_249.grp_LADDER3PT_75_76_1_fu_1377,grp_LADDER3PT_75_76_1_Pipeline_VITIS_LOOP_14_1221_fu_942,,module_status39.csv
grp_EphemeralKeyGeneration_A_1_fu_249.grp_LADDER3PT_75_76_1_fu_1377,grp_fpadd503_61_6270_fu_949,,module_status40.csv
grp_EphemeralKeyGeneration_A_1_fu_249.grp_LADDER3PT_75_76_1_fu_1377.grp_fpadd503_61_6270_fu_949,grp_fpadd503_61_6270_Pipeline_VITIS_LOOP_23_1_fu_50,,module_status41.csv
grp_EphemeralKeyGeneration_A_1_fu_249.grp_LADDER3PT_75_76_1_fu_1377.grp_fpadd503_61_6270_fu_949,grp_fpadd503_61_6270_Pipeline_VITIS_LOOP_28_2_fu_65,,module_status42.csv
grp_EphemeralKeyGeneration_A_1_fu_249.grp_LADDER3PT_75_76_1_fu_1377.grp_fpadd503_61_6270_fu_949,grp_fpadd503_61_6270_Pipeline_VITIS_LOOP_34_3_fu_78,,module_status43.csv
grp_EphemeralKeyGeneration_A_1_fu_249.grp_LADDER3PT_75_76_1_fu_1377,grp_LADDER3PT_75_76_1_Pipeline_VITIS_LOOP_14_1217_fu_968,,module_status44.csv
grp_EphemeralKeyGeneration_A_1_fu_249.grp_LADDER3PT_75_76_1_fu_1377,grp_LADDER3PT_75_76_1_Pipeline_VITIS_LOOP_14_1219_fu_975,,module_status45.csv
grp_EphemeralKeyGeneration_A_1_fu_249.grp_LADDER3PT_75_76_1_fu_1377,grp_LADDER3PT_75_76_1_Pipeline_VITIS_LOOP_14_1218_fu_982,,module_status46.csv
grp_EphemeralKeyGeneration_A_1_fu_249.grp_LADDER3PT_75_76_1_fu_1377,grp_LADDER3PT_75_76_1_Pipeline_VITIS_LOOP_14_1222_fu_987,,module_status47.csv
grp_EphemeralKeyGeneration_A_1_fu_249.grp_LADDER3PT_75_76_1_fu_1377,grp_fp2div2_503_fu_994,,module_status48.csv
grp_EphemeralKeyGeneration_A_1_fu_249.grp_LADDER3PT_75_76_1_fu_1377.grp_fp2div2_503_fu_994,grp_fp2div2_503_Pipeline_VITIS_LOOP_78_1_fu_74,,module_status49.csv
grp_EphemeralKeyGeneration_A_1_fu_249.grp_LADDER3PT_75_76_1_fu_1377.grp_fp2div2_503_fu_994,grp_fp2div2_503_Pipeline_VITIS_LOOP_392_1_fu_85,,module_status50.csv
grp_EphemeralKeyGeneration_A_1_fu_249.grp_LADDER3PT_75_76_1_fu_1377.grp_fp2div2_503_fu_994,grp_fp2div2_503_Pipeline_VITIS_LOOP_78_1215_fu_93,,module_status51.csv
grp_EphemeralKeyGeneration_A_1_fu_249.grp_LADDER3PT_75_76_1_fu_1377.grp_fp2div2_503_fu_994,grp_fp2div2_503_Pipeline_VITIS_LOOP_392_1216_fu_104,,module_status52.csv
grp_EphemeralKeyGeneration_A_1_fu_249.grp_LADDER3PT_75_76_1_fu_1377,grp_LADDER3PT_75_76_1_Pipeline_VITIS_LOOP_14_1225_fu_1002,,module_status53.csv
grp_EphemeralKeyGeneration_A_1_fu_249.grp_LADDER3PT_75_76_1_fu_1377,grp_LADDER3PT_75_76_1_Pipeline_VITIS_LOOP_23_1_fu_1010,,module_status54.csv
grp_EphemeralKeyGeneration_A_1_fu_249.grp_LADDER3PT_75_76_1_fu_1377,grp_LADDER3PT_75_76_1_Pipeline_VITIS_LOOP_269_1_fu_1016,,module_status55.csv
grp_EphemeralKeyGeneration_A_1_fu_249.grp_LADDER3PT_75_76_1_fu_1377,grp_fpadd503_15184_fu_1029,,module_status56.csv
grp_EphemeralKeyGeneration_A_1_fu_249.grp_LADDER3PT_75_76_1_fu_1377.grp_fpadd503_15184_fu_1029,grp_fpadd503_15184_Pipeline_VITIS_LOOP_23_1_fu_50,,module_status57.csv
grp_EphemeralKeyGeneration_A_1_fu_249.grp_LADDER3PT_75_76_1_fu_1377.grp_fpadd503_15184_fu_1029,grp_fpadd503_15184_Pipeline_VITIS_LOOP_28_2_fu_63,,module_status58.csv
grp_EphemeralKeyGeneration_A_1_fu_249.grp_LADDER3PT_75_76_1_fu_1377.grp_fpadd503_15184_fu_1029,grp_fpadd503_15184_Pipeline_VITIS_LOOP_34_3_fu_73,,module_status59.csv
grp_EphemeralKeyGeneration_A_1_fu_249.grp_LADDER3PT_75_76_1_fu_1377,grp_fpsub503_143_fu_1047,,module_status60.csv
grp_EphemeralKeyGeneration_A_1_fu_249.grp_LADDER3PT_75_76_1_fu_1377.grp_fpsub503_143_fu_1047,grp_fpsub503_143_Pipeline_VITIS_LOOP_47_1_fu_32,,module_status61.csv
grp_EphemeralKeyGeneration_A_1_fu_249.grp_LADDER3PT_75_76_1_fu_1377.grp_fpsub503_143_fu_1047,grp_fpsub503_143_Pipeline_VITIS_LOOP_53_2_fu_44,,module_status62.csv
grp_EphemeralKeyGeneration_A_1_fu_249.grp_LADDER3PT_75_76_1_fu_1377,grp_fpsub503_14682_fu_1059,,module_status63.csv
grp_EphemeralKeyGeneration_A_1_fu_249.grp_LADDER3PT_75_76_1_fu_1377.grp_fpsub503_14682_fu_1059,grp_fpsub503_14682_Pipeline_VITIS_LOOP_47_1_fu_48,,module_status64.csv
grp_EphemeralKeyGeneration_A_1_fu_249.grp_LADDER3PT_75_76_1_fu_1377.grp_fpsub503_14682_fu_1059,grp_fpsub503_14682_Pipeline_VITIS_LOOP_53_2_fu_62,,module_status65.csv
grp_EphemeralKeyGeneration_A_1_fu_249.grp_LADDER3PT_75_76_1_fu_1377,grp_fpadd503_148_fu_1077,,module_status66.csv
grp_EphemeralKeyGeneration_A_1_fu_249.grp_LADDER3PT_75_76_1_fu_1377.grp_fpadd503_148_fu_1077,grp_fpadd503_148_Pipeline_VITIS_LOOP_23_1_fu_18,,module_status67.csv
grp_EphemeralKeyGeneration_A_1_fu_249.grp_LADDER3PT_75_76_1_fu_1377.grp_fpadd503_148_fu_1077,grp_fpadd503_148_Pipeline_VITIS_LOOP_28_2_fu_26,,module_status68.csv
grp_EphemeralKeyGeneration_A_1_fu_249.grp_LADDER3PT_75_76_1_fu_1377.grp_fpadd503_148_fu_1077,grp_fpadd503_148_Pipeline_VITIS_LOOP_34_3_fu_35,,module_status69.csv
grp_EphemeralKeyGeneration_A_1_fu_249.grp_LADDER3PT_75_76_1_fu_1377,grp_fpcorrection503_fu_1085,,module_status70.csv
grp_EphemeralKeyGeneration_A_1_fu_249.grp_LADDER3PT_75_76_1_fu_1377.grp_fpcorrection503_fu_1085,grp_fpcorrection503_Pipeline_VITIS_LOOP_91_1_fu_28,,module_status71.csv
grp_EphemeralKeyGeneration_A_1_fu_249.grp_LADDER3PT_75_76_1_fu_1377.grp_fpcorrection503_fu_1085,grp_fpcorrection503_Pipeline_VITIS_LOOP_97_2_fu_38,,module_status72.csv
grp_EphemeralKeyGeneration_A_1_fu_249.grp_LADDER3PT_75_76_1_fu_1377,grp_fp2sqr503_mont_fu_1095,,module_status73.csv
grp_EphemeralKeyGeneration_A_1_fu_249.grp_LADDER3PT_75_76_1_fu_1377.grp_fp2sqr503_mont_fu_1095,grp_fp2sqr503_mont_Pipeline_VITIS_LOOP_350_1_fu_56,,module_status74.csv
grp_EphemeralKeyGeneration_A_1_fu_249.grp_LADDER3PT_75_76_1_fu_1377.grp_fp2sqr503_mont_fu_1095,grp_fp2sqr503_mont_Pipeline_5_fu_64,,module_status75.csv
grp_EphemeralKeyGeneration_A_1_fu_249.grp_LADDER3PT_75_76_1_fu_1377.grp_fp2sqr503_mont_fu_1095,grp_fp2sqr503_mont_Pipeline_6_fu_70,,module_status76.csv
grp_EphemeralKeyGeneration_A_1_fu_249.grp_LADDER3PT_75_76_1_fu_1377.grp_fp2sqr503_mont_fu_1095,grp_fp2sqr503_mont_Pipeline_VITIS_LOOP_47_1_fu_76,,module_status77.csv
grp_EphemeralKeyGeneration_A_1_fu_249.grp_LADDER3PT_75_76_1_fu_1377.grp_fp2sqr503_mont_fu_1095,grp_fp2sqr503_mont_Pipeline_VITIS_LOOP_53_2_fu_84,,module_status78.csv
grp_EphemeralKeyGeneration_A_1_fu_249.grp_LADDER3PT_75_76_1_fu_1377.grp_fp2sqr503_mont_fu_1095,grp_fp2sqr503_mont_Pipeline_VITIS_LOOP_350_1139_fu_92,,module_status79.csv
grp_EphemeralKeyGeneration_A_1_fu_249.grp_LADDER3PT_75_76_1_fu_1377.grp_fp2sqr503_mont_fu_1095,grp_mp_mul_152_fu_99,,module_status80.csv
grp_EphemeralKeyGeneration_A_1_fu_249.grp_LADDER3PT_75_76_1_fu_1377.grp_fp2sqr503_mont_fu_1095.grp_mp_mul_152_fu_99,grp_mp_mul_152_Pipeline_VITIS_LOOP_145_2_fu_112,,module_status81.csv
grp_EphemeralKeyGeneration_A_1_fu_249.grp_LADDER3PT_75_76_1_fu_1377.grp_fp2sqr503_mont_fu_1095.grp_mp_mul_152_fu_99,grp_mp_mul_152_Pipeline_VITIS_LOOP_159_4_fu_127,,module_status82.csv
grp_EphemeralKeyGeneration_A_1_fu_249.grp_LADDER3PT_75_76_1_fu_1377.grp_fp2sqr503_mont_fu_1095,grp_mp_mul_150_fu_106,,module_status83.csv
grp_EphemeralKeyGeneration_A_1_fu_249.grp_LADDER3PT_75_76_1_fu_1377.grp_fp2sqr503_mont_fu_1095.grp_mp_mul_150_fu_106,grp_mp_mul_150_Pipeline_VITIS_LOOP_145_2_fu_112,,module_status84.csv
grp_EphemeralKeyGeneration_A_1_fu_249.grp_LADDER3PT_75_76_1_fu_1377.grp_fp2sqr503_mont_fu_1095.grp_mp_mul_150_fu_106,grp_mp_mul_150_Pipeline_VITIS_LOOP_159_4_fu_127,,module_status85.csv
grp_EphemeralKeyGeneration_A_1_fu_249.grp_LADDER3PT_75_76_1_fu_1377.grp_fp2sqr503_mont_fu_1095,grp_rdc_mont_14186_fu_114,,module_status86.csv
grp_EphemeralKeyGeneration_A_1_fu_249.grp_LADDER3PT_75_76_1_fu_1377.grp_fp2sqr503_mont_fu_1095.grp_rdc_mont_14186_fu_114,grp_rdc_mont_14186_Pipeline_VITIS_LOOP_182_1_fu_192,,module_status87.csv
grp_EphemeralKeyGeneration_A_1_fu_249.grp_LADDER3PT_75_76_1_fu_1377.grp_fp2sqr503_mont_fu_1095.grp_rdc_mont_14186_fu_114,grp_rdc_mont_14186_Pipeline_VITIS_LOOP_187_3_fu_199,,module_status88.csv
grp_EphemeralKeyGeneration_A_1_fu_249.grp_LADDER3PT_75_76_1_fu_1377.grp_fp2sqr503_mont_fu_1095.grp_rdc_mont_14186_fu_114,grp_rdc_mont_14186_Pipeline_VITIS_LOOP_208_5_fu_216,,module_status89.csv
grp_EphemeralKeyGeneration_A_1_fu_249.grp_LADDER3PT_75_76_1_fu_1377,grp_fp2mul503_mont_133_2_fu_1105,,module_status90.csv
grp_EphemeralKeyGeneration_A_1_fu_249.grp_LADDER3PT_75_76_1_fu_1377.grp_fp2mul503_mont_133_2_fu_1105,grp_mp_mul_148_fu_56,,module_status91.csv
grp_EphemeralKeyGeneration_A_1_fu_249.grp_LADDER3PT_75_76_1_fu_1377.grp_fp2mul503_mont_133_2_fu_1105.grp_mp_mul_148_fu_56,grp_mp_mul_148_Pipeline_VITIS_LOOP_145_2_fu_134,,module_status92.csv
grp_EphemeralKeyGeneration_A_1_fu_249.grp_LADDER3PT_75_76_1_fu_1377.grp_fp2mul503_mont_133_2_fu_1105.grp_mp_mul_148_fu_56,grp_mp_mul_148_Pipeline_VITIS_LOOP_159_4_fu_151,,module_status93.csv
grp_EphemeralKeyGeneration_A_1_fu_249.grp_LADDER3PT_75_76_1_fu_1377.grp_fp2mul503_mont_133_2_fu_1105,grp_fp2mul503_mont_133_2_Pipeline_VITIS_LOOP_350_1_fu_72,,module_status94.csv
grp_EphemeralKeyGeneration_A_1_fu_249.grp_LADDER3PT_75_76_1_fu_1377.grp_fp2mul503_mont_133_2_fu_1105,grp_fp2mul503_mont_133_2_Pipeline_VITIS_LOOP_350_1182_fu_79,,module_status95.csv
grp_EphemeralKeyGeneration_A_1_fu_249.grp_LADDER3PT_75_76_1_fu_1377.grp_fp2mul503_mont_133_2_fu_1105,grp_fp2mul503_mont_133_2_Pipeline_VITIS_LOOP_170_1_fu_86,,module_status96.csv
grp_EphemeralKeyGeneration_A_1_fu_249.grp_LADDER3PT_75_76_1_fu_1377.grp_fp2mul503_mont_133_2_fu_1105,grp_fp2mul503_mont_133_2_Pipeline_VITIS_LOOP_200_1_fu_94,,module_status97.csv
grp_EphemeralKeyGeneration_A_1_fu_249.grp_LADDER3PT_75_76_1_fu_1377.grp_fp2mul503_mont_133_2_fu_1105,grp_fp2mul503_mont_133_2_Pipeline_VITIS_LOOP_350_1183_fu_102,,module_status98.csv
grp_EphemeralKeyGeneration_A_1_fu_249.grp_LADDER3PT_75_76_1_fu_1377.grp_fp2mul503_mont_133_2_fu_1105,grp_rdc_mont_140_fu_108,,module_status99.csv
grp_EphemeralKeyGeneration_A_1_fu_249.grp_LADDER3PT_75_76_1_fu_1377.grp_fp2mul503_mont_133_2_fu_1105.grp_rdc_mont_140_fu_108,grp_rdc_mont_140_Pipeline_VITIS_LOOP_182_1_fu_192,,module_status100.csv
grp_EphemeralKeyGeneration_A_1_fu_249.grp_LADDER3PT_75_76_1_fu_1377.grp_fp2mul503_mont_133_2_fu_1105.grp_rdc_mont_140_fu_108,grp_rdc_mont_140_Pipeline_VITIS_LOOP_187_3_fu_199,,module_status101.csv
grp_EphemeralKeyGeneration_A_1_fu_249.grp_LADDER3PT_75_76_1_fu_1377.grp_fp2mul503_mont_133_2_fu_1105.grp_rdc_mont_140_fu_108,grp_rdc_mont_140_Pipeline_VITIS_LOOP_208_5_fu_216,,module_status102.csv
grp_EphemeralKeyGeneration_A_1_fu_249.grp_LADDER3PT_75_76_1_fu_1377.grp_fp2mul503_mont_133_2_fu_1105,grp_mp_mul_152_fu_120,,module_status103.csv
grp_EphemeralKeyGeneration_A_1_fu_249.grp_LADDER3PT_75_76_1_fu_1377.grp_fp2mul503_mont_133_2_fu_1105.grp_mp_mul_152_fu_120,grp_mp_mul_152_Pipeline_VITIS_LOOP_145_2_fu_112,,module_status104.csv
grp_EphemeralKeyGeneration_A_1_fu_249.grp_LADDER3PT_75_76_1_fu_1377.grp_fp2mul503_mont_133_2_fu_1105.grp_mp_mul_152_fu_120,grp_mp_mul_152_Pipeline_VITIS_LOOP_159_4_fu_127,,module_status105.csv
grp_EphemeralKeyGeneration_A_1_fu_249.grp_LADDER3PT_75_76_1_fu_1377.grp_fp2mul503_mont_133_2_fu_1105,grp_fp2mul503_mont_133_2_Pipeline_VITIS_LOOP_170_1184_fu_127,,module_status106.csv
grp_EphemeralKeyGeneration_A_1_fu_249.grp_LADDER3PT_75_76_1_fu_1377,grp_fp2mul503_mont_65_66_fu_1115,,module_status107.csv
grp_EphemeralKeyGeneration_A_1_fu_249.grp_LADDER3PT_75_76_1_fu_1377.grp_fp2mul503_mont_65_66_fu_1115,grp_mp_mul_fu_58,,module_status108.csv
grp_EphemeralKeyGeneration_A_1_fu_249.grp_LADDER3PT_75_76_1_fu_1377.grp_fp2mul503_mont_65_66_fu_1115.grp_mp_mul_fu_58,grp_mp_mul_Pipeline_VITIS_LOOP_145_2_fu_126,,module_status109.csv
grp_EphemeralKeyGeneration_A_1_fu_249.grp_LADDER3PT_75_76_1_fu_1377.grp_fp2mul503_mont_65_66_fu_1115.grp_mp_mul_fu_58,grp_mp_mul_Pipeline_VITIS_LOOP_159_4_fu_142,,module_status110.csv
grp_EphemeralKeyGeneration_A_1_fu_249.grp_LADDER3PT_75_76_1_fu_1377.grp_fp2mul503_mont_65_66_fu_1115,grp_fp2mul503_mont_65_66_Pipeline_VITIS_LOOP_350_1_fu_72,,module_status111.csv
grp_EphemeralKeyGeneration_A_1_fu_249.grp_LADDER3PT_75_76_1_fu_1377.grp_fp2mul503_mont_65_66_fu_1115,grp_fp2mul503_mont_65_66_Pipeline_VITIS_LOOP_350_1161_fu_79,,module_status112.csv
grp_EphemeralKeyGeneration_A_1_fu_249.grp_LADDER3PT_75_76_1_fu_1377.grp_fp2mul503_mont_65_66_fu_1115,grp_fp2mul503_mont_65_66_Pipeline_VITIS_LOOP_170_1_fu_88,,module_status113.csv
grp_EphemeralKeyGeneration_A_1_fu_249.grp_LADDER3PT_75_76_1_fu_1377.grp_fp2mul503_mont_65_66_fu_1115,grp_fp2mul503_mont_65_66_Pipeline_VITIS_LOOP_200_1_fu_96,,module_status114.csv
grp_EphemeralKeyGeneration_A_1_fu_249.grp_LADDER3PT_75_76_1_fu_1377.grp_fp2mul503_mont_65_66_fu_1115,grp_fp2mul503_mont_65_66_Pipeline_VITIS_LOOP_350_1162_fu_104,,module_status115.csv
grp_EphemeralKeyGeneration_A_1_fu_249.grp_LADDER3PT_75_76_1_fu_1377.grp_fp2mul503_mont_65_66_fu_1115,grp_rdc_mont_140_fu_110,,module_status116.csv
grp_EphemeralKeyGeneration_A_1_fu_249.grp_LADDER3PT_75_76_1_fu_1377.grp_fp2mul503_mont_65_66_fu_1115.grp_rdc_mont_140_fu_110,grp_rdc_mont_140_Pipeline_VITIS_LOOP_182_1_fu_192,,module_status117.csv
grp_EphemeralKeyGeneration_A_1_fu_249.grp_LADDER3PT_75_76_1_fu_1377.grp_fp2mul503_mont_65_66_fu_1115.grp_rdc_mont_140_fu_110,grp_rdc_mont_140_Pipeline_VITIS_LOOP_187_3_fu_199,,module_status118.csv
grp_EphemeralKeyGeneration_A_1_fu_249.grp_LADDER3PT_75_76_1_fu_1377.grp_fp2mul503_mont_65_66_fu_1115.grp_rdc_mont_140_fu_110,grp_rdc_mont_140_Pipeline_VITIS_LOOP_208_5_fu_216,,module_status119.csv
grp_EphemeralKeyGeneration_A_1_fu_249.grp_LADDER3PT_75_76_1_fu_1377.grp_fp2mul503_mont_65_66_fu_1115,grp_mp_mul_152_fu_122,,module_status120.csv
grp_EphemeralKeyGeneration_A_1_fu_249.grp_LADDER3PT_75_76_1_fu_1377.grp_fp2mul503_mont_65_66_fu_1115.grp_mp_mul_152_fu_122,grp_mp_mul_152_Pipeline_VITIS_LOOP_145_2_fu_112,,module_status121.csv
grp_EphemeralKeyGeneration_A_1_fu_249.grp_LADDER3PT_75_76_1_fu_1377.grp_fp2mul503_mont_65_66_fu_1115.grp_mp_mul_152_fu_122,grp_mp_mul_152_Pipeline_VITIS_LOOP_159_4_fu_127,,module_status122.csv
grp_EphemeralKeyGeneration_A_1_fu_249.grp_LADDER3PT_75_76_1_fu_1377.grp_fp2mul503_mont_65_66_fu_1115,grp_fp2mul503_mont_65_66_Pipeline_VITIS_LOOP_170_1163_fu_129,,module_status123.csv
grp_EphemeralKeyGeneration_A_1_fu_249.grp_LADDER3PT_75_76_1_fu_1377,grp_fpsub503_fu_1126,,module_status124.csv
grp_EphemeralKeyGeneration_A_1_fu_249.grp_LADDER3PT_75_76_1_fu_1377.grp_fpsub503_fu_1126,grp_fpsub503_Pipeline_VITIS_LOOP_47_1_fu_40,,module_status125.csv
grp_EphemeralKeyGeneration_A_1_fu_249.grp_LADDER3PT_75_76_1_fu_1377.grp_fpsub503_fu_1126,grp_fpsub503_Pipeline_VITIS_LOOP_53_2_fu_53,,module_status126.csv
grp_EphemeralKeyGeneration_A_1_fu_249.grp_LADDER3PT_75_76_1_fu_1377,grp_fp2mul503_mont_fu_1141,,module_status127.csv
grp_EphemeralKeyGeneration_A_1_fu_249.grp_LADDER3PT_75_76_1_fu_1377.grp_fp2mul503_mont_fu_1141,grp_mp_mul_146_fu_56,,module_status128.csv
grp_EphemeralKeyGeneration_A_1_fu_249.grp_LADDER3PT_75_76_1_fu_1377.grp_fp2mul503_mont_fu_1141.grp_mp_mul_146_fu_56,grp_mp_mul_146_Pipeline_VITIS_LOOP_145_2_fu_134,,module_status129.csv
grp_EphemeralKeyGeneration_A_1_fu_249.grp_LADDER3PT_75_76_1_fu_1377.grp_fp2mul503_mont_fu_1141.grp_mp_mul_146_fu_56,grp_mp_mul_146_Pipeline_VITIS_LOOP_159_4_fu_151,,module_status130.csv
grp_EphemeralKeyGeneration_A_1_fu_249.grp_LADDER3PT_75_76_1_fu_1377.grp_fp2mul503_mont_fu_1141,grp_fp2mul503_mont_Pipeline_VITIS_LOOP_350_1_fu_72,,module_status131.csv
grp_EphemeralKeyGeneration_A_1_fu_249.grp_LADDER3PT_75_76_1_fu_1377.grp_fp2mul503_mont_fu_1141,grp_fp2mul503_mont_Pipeline_VITIS_LOOP_350_1212_fu_79,,module_status132.csv
grp_EphemeralKeyGeneration_A_1_fu_249.grp_LADDER3PT_75_76_1_fu_1377.grp_fp2mul503_mont_fu_1141,grp_fp2mul503_mont_Pipeline_VITIS_LOOP_170_1_fu_86,,module_status133.csv
grp_EphemeralKeyGeneration_A_1_fu_249.grp_LADDER3PT_75_76_1_fu_1377.grp_fp2mul503_mont_fu_1141,grp_fp2mul503_mont_Pipeline_VITIS_LOOP_200_1_fu_94,,module_status134.csv
grp_EphemeralKeyGeneration_A_1_fu_249.grp_LADDER3PT_75_76_1_fu_1377.grp_fp2mul503_mont_fu_1141,grp_fp2mul503_mont_Pipeline_VITIS_LOOP_350_1213_fu_102,,module_status135.csv
grp_EphemeralKeyGeneration_A_1_fu_249.grp_LADDER3PT_75_76_1_fu_1377.grp_fp2mul503_mont_fu_1141,grp_rdc_mont_14186_fu_108,,module_status136.csv
grp_EphemeralKeyGeneration_A_1_fu_249.grp_LADDER3PT_75_76_1_fu_1377.grp_fp2mul503_mont_fu_1141.grp_rdc_mont_14186_fu_108,grp_rdc_mont_14186_Pipeline_VITIS_LOOP_182_1_fu_192,,module_status137.csv
grp_EphemeralKeyGeneration_A_1_fu_249.grp_LADDER3PT_75_76_1_fu_1377.grp_fp2mul503_mont_fu_1141.grp_rdc_mont_14186_fu_108,grp_rdc_mont_14186_Pipeline_VITIS_LOOP_187_3_fu_199,,module_status138.csv
grp_EphemeralKeyGeneration_A_1_fu_249.grp_LADDER3PT_75_76_1_fu_1377.grp_fp2mul503_mont_fu_1141.grp_rdc_mont_14186_fu_108,grp_rdc_mont_14186_Pipeline_VITIS_LOOP_208_5_fu_216,,module_status139.csv
grp_EphemeralKeyGeneration_A_1_fu_249.grp_LADDER3PT_75_76_1_fu_1377.grp_fp2mul503_mont_fu_1141,grp_mp_mul_152_fu_120,,module_status140.csv
grp_EphemeralKeyGeneration_A_1_fu_249.grp_LADDER3PT_75_76_1_fu_1377.grp_fp2mul503_mont_fu_1141.grp_mp_mul_152_fu_120,grp_mp_mul_152_Pipeline_VITIS_LOOP_145_2_fu_112,,module_status141.csv
grp_EphemeralKeyGeneration_A_1_fu_249.grp_LADDER3PT_75_76_1_fu_1377.grp_fp2mul503_mont_fu_1141.grp_mp_mul_152_fu_120,grp_mp_mul_152_Pipeline_VITIS_LOOP_159_4_fu_127,,module_status142.csv
grp_EphemeralKeyGeneration_A_1_fu_249.grp_LADDER3PT_75_76_1_fu_1377.grp_fp2mul503_mont_fu_1141,grp_fp2mul503_mont_Pipeline_VITIS_LOOP_170_1214_fu_127,,module_status143.csv
grp_EphemeralKeyGeneration_A_1_fu_249.grp_LADDER3PT_75_76_1_fu_1377,grp_fp2mul503_mont_67_70_fu_1151,,module_status144.csv
grp_EphemeralKeyGeneration_A_1_fu_249.grp_LADDER3PT_75_76_1_fu_1377.grp_fp2mul503_mont_67_70_fu_1151,grp_mp_mul_68_69_fu_62,,module_status145.csv
grp_EphemeralKeyGeneration_A_1_fu_249.grp_LADDER3PT_75_76_1_fu_1377.grp_fp2mul503_mont_67_70_fu_1151.grp_mp_mul_68_69_fu_62,grp_mp_mul_68_69_Pipeline_VITIS_LOOP_145_2_fu_148,,module_status146.csv
grp_EphemeralKeyGeneration_A_1_fu_249.grp_LADDER3PT_75_76_1_fu_1377.grp_fp2mul503_mont_67_70_fu_1151.grp_mp_mul_68_69_fu_62,grp_mp_mul_68_69_Pipeline_VITIS_LOOP_159_4_fu_168,,module_status147.csv
grp_EphemeralKeyGeneration_A_1_fu_249.grp_LADDER3PT_75_76_1_fu_1377.grp_fp2mul503_mont_67_70_fu_1151,grp_fp2mul503_mont_67_70_Pipeline_VITIS_LOOP_350_1_fu_83,,module_status148.csv
grp_EphemeralKeyGeneration_A_1_fu_249.grp_LADDER3PT_75_76_1_fu_1377.grp_fp2mul503_mont_67_70_fu_1151,grp_fp2mul503_mont_67_70_Pipeline_VITIS_LOOP_350_1158_fu_90,,module_status149.csv
grp_EphemeralKeyGeneration_A_1_fu_249.grp_LADDER3PT_75_76_1_fu_1377.grp_fp2mul503_mont_67_70_fu_1151,grp_fp2mul503_mont_67_70_Pipeline_VITIS_LOOP_170_1_fu_99,,module_status150.csv
grp_EphemeralKeyGeneration_A_1_fu_249.grp_LADDER3PT_75_76_1_fu_1377.grp_fp2mul503_mont_67_70_fu_1151,grp_fp2mul503_mont_67_70_Pipeline_VITIS_LOOP_200_1_fu_107,,module_status151.csv
grp_EphemeralKeyGeneration_A_1_fu_249.grp_LADDER3PT_75_76_1_fu_1377.grp_fp2mul503_mont_67_70_fu_1151,grp_fp2mul503_mont_67_70_Pipeline_VITIS_LOOP_350_1159_fu_115,,module_status152.csv
grp_EphemeralKeyGeneration_A_1_fu_249.grp_LADDER3PT_75_76_1_fu_1377.grp_fp2mul503_mont_67_70_fu_1151,grp_rdc_mont_fu_121,,module_status153.csv
grp_EphemeralKeyGeneration_A_1_fu_249.grp_LADDER3PT_75_76_1_fu_1377.grp_fp2mul503_mont_67_70_fu_1151.grp_rdc_mont_fu_121,grp_rdc_mont_Pipeline_VITIS_LOOP_182_1_fu_177,,module_status154.csv
grp_EphemeralKeyGeneration_A_1_fu_249.grp_LADDER3PT_75_76_1_fu_1377.grp_fp2mul503_mont_67_70_fu_1151.grp_rdc_mont_fu_121,grp_rdc_mont_Pipeline_VITIS_LOOP_187_3_fu_183,,module_status155.csv
grp_EphemeralKeyGeneration_A_1_fu_249.grp_LADDER3PT_75_76_1_fu_1377.grp_fp2mul503_mont_67_70_fu_1151.grp_rdc_mont_fu_121,grp_rdc_mont_Pipeline_VITIS_LOOP_208_5_fu_199,,module_status156.csv
grp_EphemeralKeyGeneration_A_1_fu_249.grp_LADDER3PT_75_76_1_fu_1377.grp_fp2mul503_mont_67_70_fu_1151,grp_mp_mul_152_fu_131,,module_status157.csv
grp_EphemeralKeyGeneration_A_1_fu_249.grp_LADDER3PT_75_76_1_fu_1377.grp_fp2mul503_mont_67_70_fu_1151.grp_mp_mul_152_fu_131,grp_mp_mul_152_Pipeline_VITIS_LOOP_145_2_fu_112,,module_status158.csv
grp_EphemeralKeyGeneration_A_1_fu_249.grp_LADDER3PT_75_76_1_fu_1377.grp_fp2mul503_mont_67_70_fu_1151.grp_mp_mul_152_fu_131,grp_mp_mul_152_Pipeline_VITIS_LOOP_159_4_fu_127,,module_status159.csv
grp_EphemeralKeyGeneration_A_1_fu_249.grp_LADDER3PT_75_76_1_fu_1377.grp_fp2mul503_mont_67_70_fu_1151,grp_fp2mul503_mont_67_70_Pipeline_VITIS_LOOP_170_1160_fu_138,,module_status160.csv
grp_EphemeralKeyGeneration_A_1_fu_249.grp_LADDER3PT_75_76_1_fu_1377,grp_fpadd503_147_fu_1164,,module_status161.csv
grp_EphemeralKeyGeneration_A_1_fu_249.grp_LADDER3PT_75_76_1_fu_1377.grp_fpadd503_147_fu_1164,grp_fpadd503_147_Pipeline_VITIS_LOOP_23_1_fu_32,,module_status162.csv
grp_EphemeralKeyGeneration_A_1_fu_249.grp_LADDER3PT_75_76_1_fu_1377.grp_fpadd503_147_fu_1164,grp_fpadd503_147_Pipeline_VITIS_LOOP_28_2_fu_41,,module_status163.csv
grp_EphemeralKeyGeneration_A_1_fu_249.grp_LADDER3PT_75_76_1_fu_1377.grp_fpadd503_147_fu_1164,grp_fpadd503_147_Pipeline_VITIS_LOOP_34_3_fu_51,,module_status164.csv
grp_EphemeralKeyGeneration_A_1_fu_249.grp_LADDER3PT_75_76_1_fu_1377,grp_fp2sqr503_mont_71_72_fu_1175,,module_status165.csv
grp_EphemeralKeyGeneration_A_1_fu_249.grp_LADDER3PT_75_76_1_fu_1377.grp_fp2sqr503_mont_71_72_fu_1175,grp_fp2sqr503_mont_71_72_Pipeline_VITIS_LOOP_350_1_fu_52,,module_status166.csv
grp_EphemeralKeyGeneration_A_1_fu_249.grp_LADDER3PT_75_76_1_fu_1377.grp_fp2sqr503_mont_71_72_fu_1175,grp_fp2sqr503_mont_71_72_Pipeline_5_fu_62,,module_status167.csv
grp_EphemeralKeyGeneration_A_1_fu_249.grp_LADDER3PT_75_76_1_fu_1377.grp_fp2sqr503_mont_71_72_fu_1175,grp_fp2sqr503_mont_71_72_Pipeline_6_fu_68,,module_status168.csv
grp_EphemeralKeyGeneration_A_1_fu_249.grp_LADDER3PT_75_76_1_fu_1377.grp_fp2sqr503_mont_71_72_fu_1175,grp_fp2sqr503_mont_71_72_Pipeline_VITIS_LOOP_47_1_fu_74,,module_status169.csv
grp_EphemeralKeyGeneration_A_1_fu_249.grp_LADDER3PT_75_76_1_fu_1377.grp_fp2sqr503_mont_71_72_fu_1175,grp_fp2sqr503_mont_71_72_Pipeline_VITIS_LOOP_53_2_fu_84,,module_status170.csv
grp_EphemeralKeyGeneration_A_1_fu_249.grp_LADDER3PT_75_76_1_fu_1377.grp_fp2sqr503_mont_71_72_fu_1175,grp_fp2sqr503_mont_71_72_Pipeline_VITIS_LOOP_350_1130_fu_92,,module_status171.csv
grp_EphemeralKeyGeneration_A_1_fu_249.grp_LADDER3PT_75_76_1_fu_1377.grp_fp2sqr503_mont_71_72_fu_1175,grp_mp_mul_152_fu_99,,module_status172.csv
grp_EphemeralKeyGeneration_A_1_fu_249.grp_LADDER3PT_75_76_1_fu_1377.grp_fp2sqr503_mont_71_72_fu_1175.grp_mp_mul_152_fu_99,grp_mp_mul_152_Pipeline_VITIS_LOOP_145_2_fu_112,,module_status173.csv
grp_EphemeralKeyGeneration_A_1_fu_249.grp_LADDER3PT_75_76_1_fu_1377.grp_fp2sqr503_mont_71_72_fu_1175.grp_mp_mul_152_fu_99,grp_mp_mul_152_Pipeline_VITIS_LOOP_159_4_fu_127,,module_status174.csv
grp_EphemeralKeyGeneration_A_1_fu_249.grp_LADDER3PT_75_76_1_fu_1377.grp_fp2sqr503_mont_71_72_fu_1175,grp_mp_mul_1108_fu_106,,module_status175.csv
grp_EphemeralKeyGeneration_A_1_fu_249.grp_LADDER3PT_75_76_1_fu_1377.grp_fp2sqr503_mont_71_72_fu_1175.grp_mp_mul_1108_fu_106,grp_mp_mul_1108_Pipeline_VITIS_LOOP_145_2_fu_112,,module_status176.csv
grp_EphemeralKeyGeneration_A_1_fu_249.grp_LADDER3PT_75_76_1_fu_1377.grp_fp2sqr503_mont_71_72_fu_1175.grp_mp_mul_1108_fu_106,grp_mp_mul_1108_Pipeline_VITIS_LOOP_159_4_fu_127,,module_status177.csv
grp_EphemeralKeyGeneration_A_1_fu_249.grp_LADDER3PT_75_76_1_fu_1377.grp_fp2sqr503_mont_71_72_fu_1175,grp_rdc_mont_fu_114,,module_status178.csv
grp_EphemeralKeyGeneration_A_1_fu_249.grp_LADDER3PT_75_76_1_fu_1377.grp_fp2sqr503_mont_71_72_fu_1175.grp_rdc_mont_fu_114,grp_rdc_mont_Pipeline_VITIS_LOOP_182_1_fu_177,,module_status179.csv
grp_EphemeralKeyGeneration_A_1_fu_249.grp_LADDER3PT_75_76_1_fu_1377.grp_fp2sqr503_mont_71_72_fu_1175.grp_rdc_mont_fu_114,grp_rdc_mont_Pipeline_VITIS_LOOP_187_3_fu_183,,module_status180.csv
grp_EphemeralKeyGeneration_A_1_fu_249.grp_LADDER3PT_75_76_1_fu_1377.grp_fp2sqr503_mont_71_72_fu_1175.grp_rdc_mont_fu_114,grp_rdc_mont_Pipeline_VITIS_LOOP_208_5_fu_199,,module_status181.csv
grp_EphemeralKeyGeneration_A_1_fu_249.grp_LADDER3PT_75_76_1_fu_1377.grp_fp2sqr503_mont_71_72_fu_1175,grp_rdc_mont_fu_123,,module_status182.csv
grp_EphemeralKeyGeneration_A_1_fu_249.grp_LADDER3PT_75_76_1_fu_1377.grp_fp2sqr503_mont_71_72_fu_1175.grp_rdc_mont_fu_123,grp_rdc_mont_Pipeline_VITIS_LOOP_182_1_fu_177,,module_status183.csv
grp_EphemeralKeyGeneration_A_1_fu_249.grp_LADDER3PT_75_76_1_fu_1377.grp_fp2sqr503_mont_71_72_fu_1175.grp_rdc_mont_fu_123,grp_rdc_mont_Pipeline_VITIS_LOOP_187_3_fu_183,,module_status184.csv
grp_EphemeralKeyGeneration_A_1_fu_249.grp_LADDER3PT_75_76_1_fu_1377.grp_fp2sqr503_mont_71_72_fu_1175.grp_rdc_mont_fu_123,grp_rdc_mont_Pipeline_VITIS_LOOP_208_5_fu_199,,module_status185.csv
grp_EphemeralKeyGeneration_A_1_fu_249.grp_LADDER3PT_75_76_1_fu_1377,grp_fpadd503_fu_1185,,module_status186.csv
grp_EphemeralKeyGeneration_A_1_fu_249.grp_LADDER3PT_75_76_1_fu_1377.grp_fpadd503_fu_1185,grp_fpadd503_Pipeline_VITIS_LOOP_23_1_fu_42,,module_status187.csv
grp_EphemeralKeyGeneration_A_1_fu_249.grp_LADDER3PT_75_76_1_fu_1377.grp_fpadd503_fu_1185,grp_fpadd503_Pipeline_VITIS_LOOP_28_2_fu_54,,module_status188.csv
grp_EphemeralKeyGeneration_A_1_fu_249.grp_LADDER3PT_75_76_1_fu_1377.grp_fpadd503_fu_1185,grp_fpadd503_Pipeline_VITIS_LOOP_34_3_fu_63,,module_status189.csv
grp_EphemeralKeyGeneration_A_1_fu_249.grp_LADDER3PT_75_76_1_fu_1377,grp_fp2mul503_mont_73_74_1_fu_1200,,module_status190.csv
grp_EphemeralKeyGeneration_A_1_fu_249.grp_LADDER3PT_75_76_1_fu_1377.grp_fp2mul503_mont_73_74_1_fu_1200,grp_mp_mul_1_fu_56,,module_status191.csv
grp_EphemeralKeyGeneration_A_1_fu_249.grp_LADDER3PT_75_76_1_fu_1377.grp_fp2mul503_mont_73_74_1_fu_1200.grp_mp_mul_1_fu_56,grp_mp_mul_1_Pipeline_VITIS_LOOP_145_2_fu_112,,module_status192.csv
grp_EphemeralKeyGeneration_A_1_fu_249.grp_LADDER3PT_75_76_1_fu_1377.grp_fp2mul503_mont_73_74_1_fu_1200.grp_mp_mul_1_fu_56,grp_mp_mul_1_Pipeline_VITIS_LOOP_159_4_fu_127,,module_status193.csv
grp_EphemeralKeyGeneration_A_1_fu_249.grp_LADDER3PT_75_76_1_fu_1377.grp_fp2mul503_mont_73_74_1_fu_1200,grp_mp_mul_2_fu_66,,module_status194.csv
grp_EphemeralKeyGeneration_A_1_fu_249.grp_LADDER3PT_75_76_1_fu_1377.grp_fp2mul503_mont_73_74_1_fu_1200.grp_mp_mul_2_fu_66,grp_mp_mul_2_Pipeline_VITIS_LOOP_145_2_fu_112,,module_status195.csv
grp_EphemeralKeyGeneration_A_1_fu_249.grp_LADDER3PT_75_76_1_fu_1377.grp_fp2mul503_mont_73_74_1_fu_1200.grp_mp_mul_2_fu_66,grp_mp_mul_2_Pipeline_VITIS_LOOP_159_4_fu_127,,module_status196.csv
grp_EphemeralKeyGeneration_A_1_fu_249.grp_LADDER3PT_75_76_1_fu_1377.grp_fp2mul503_mont_73_74_1_fu_1200,grp_fp2mul503_mont_73_74_1_Pipeline_VITIS_LOOP_350_1_fu_75,,module_status197.csv
grp_EphemeralKeyGeneration_A_1_fu_249.grp_LADDER3PT_75_76_1_fu_1377.grp_fp2mul503_mont_73_74_1_fu_1200,grp_fp2mul503_mont_73_74_1_Pipeline_VITIS_LOOP_350_1152_fu_84,,module_status198.csv
grp_EphemeralKeyGeneration_A_1_fu_249.grp_LADDER3PT_75_76_1_fu_1377.grp_fp2mul503_mont_73_74_1_fu_1200,grp_fp2mul503_mont_73_74_1_Pipeline_VITIS_LOOP_170_1_fu_91,,module_status199.csv
grp_EphemeralKeyGeneration_A_1_fu_249.grp_LADDER3PT_75_76_1_fu_1377.grp_fp2mul503_mont_73_74_1_fu_1200,grp_fp2mul503_mont_73_74_1_Pipeline_VITIS_LOOP_200_1_fu_99,,module_status200.csv
grp_EphemeralKeyGeneration_A_1_fu_249.grp_LADDER3PT_75_76_1_fu_1377.grp_fp2mul503_mont_73_74_1_fu_1200,grp_fp2mul503_mont_73_74_1_Pipeline_VITIS_LOOP_350_1153_fu_107,,module_status201.csv
grp_EphemeralKeyGeneration_A_1_fu_249.grp_LADDER3PT_75_76_1_fu_1377.grp_fp2mul503_mont_73_74_1_fu_1200,grp_rdc_mont_fu_113,,module_status202.csv
grp_EphemeralKeyGeneration_A_1_fu_249.grp_LADDER3PT_75_76_1_fu_1377.grp_fp2mul503_mont_73_74_1_fu_1200.grp_rdc_mont_fu_113,grp_rdc_mont_Pipeline_VITIS_LOOP_182_1_fu_177,,module_status203.csv
grp_EphemeralKeyGeneration_A_1_fu_249.grp_LADDER3PT_75_76_1_fu_1377.grp_fp2mul503_mont_73_74_1_fu_1200.grp_rdc_mont_fu_113,grp_rdc_mont_Pipeline_VITIS_LOOP_187_3_fu_183,,module_status204.csv
grp_EphemeralKeyGeneration_A_1_fu_249.grp_LADDER3PT_75_76_1_fu_1377.grp_fp2mul503_mont_73_74_1_fu_1200.grp_rdc_mont_fu_113,grp_rdc_mont_Pipeline_VITIS_LOOP_208_5_fu_199,,module_status205.csv
grp_EphemeralKeyGeneration_A_1_fu_249.grp_LADDER3PT_75_76_1_fu_1377.grp_fp2mul503_mont_73_74_1_fu_1200,grp_mp_mul_152_fu_123,,module_status206.csv
grp_EphemeralKeyGeneration_A_1_fu_249.grp_LADDER3PT_75_76_1_fu_1377.grp_fp2mul503_mont_73_74_1_fu_1200.grp_mp_mul_152_fu_123,grp_mp_mul_152_Pipeline_VITIS_LOOP_145_2_fu_112,,module_status207.csv
grp_EphemeralKeyGeneration_A_1_fu_249.grp_LADDER3PT_75_76_1_fu_1377.grp_fp2mul503_mont_73_74_1_fu_1200.grp_mp_mul_152_fu_123,grp_mp_mul_152_Pipeline_VITIS_LOOP_159_4_fu_127,,module_status208.csv
grp_EphemeralKeyGeneration_A_1_fu_249.grp_LADDER3PT_75_76_1_fu_1377.grp_fp2mul503_mont_73_74_1_fu_1200,grp_fp2mul503_mont_73_74_1_Pipeline_VITIS_LOOP_170_1154_fu_130,,module_status209.csv
grp_EphemeralKeyGeneration_A_1_fu_249.grp_LADDER3PT_75_76_1_fu_1377,grp_fp2mul503_mont_1339880_fu_1213,,module_status210.csv
grp_EphemeralKeyGeneration_A_1_fu_249.grp_LADDER3PT_75_76_1_fu_1377.grp_fp2mul503_mont_1339880_fu_1213,grp_mp_mul_14788_fu_56,,module_status211.csv
grp_EphemeralKeyGeneration_A_1_fu_249.grp_LADDER3PT_75_76_1_fu_1377.grp_fp2mul503_mont_1339880_fu_1213.grp_mp_mul_14788_fu_56,grp_mp_mul_14788_Pipeline_VITIS_LOOP_145_2_fu_134,,module_status212.csv
grp_EphemeralKeyGeneration_A_1_fu_249.grp_LADDER3PT_75_76_1_fu_1377.grp_fp2mul503_mont_1339880_fu_1213.grp_mp_mul_14788_fu_56,grp_mp_mul_14788_Pipeline_VITIS_LOOP_159_4_fu_151,,module_status213.csv
grp_EphemeralKeyGeneration_A_1_fu_249.grp_LADDER3PT_75_76_1_fu_1377.grp_fp2mul503_mont_1339880_fu_1213,grp_fp2mul503_mont_1339880_Pipeline_VITIS_LOOP_350_1_fu_72,,module_status214.csv
grp_EphemeralKeyGeneration_A_1_fu_249.grp_LADDER3PT_75_76_1_fu_1377.grp_fp2mul503_mont_1339880_fu_1213,grp_fp2mul503_mont_1339880_Pipeline_VITIS_LOOP_350_1179_fu_79,,module_status215.csv
grp_EphemeralKeyGeneration_A_1_fu_249.grp_LADDER3PT_75_76_1_fu_1377.grp_fp2mul503_mont_1339880_fu_1213,grp_fp2mul503_mont_1339880_Pipeline_VITIS_LOOP_170_1_fu_86,,module_status216.csv
grp_EphemeralKeyGeneration_A_1_fu_249.grp_LADDER3PT_75_76_1_fu_1377.grp_fp2mul503_mont_1339880_fu_1213,grp_fp2mul503_mont_1339880_Pipeline_VITIS_LOOP_200_1_fu_94,,module_status217.csv
grp_EphemeralKeyGeneration_A_1_fu_249.grp_LADDER3PT_75_76_1_fu_1377.grp_fp2mul503_mont_1339880_fu_1213,grp_fp2mul503_mont_1339880_Pipeline_VITIS_LOOP_350_1180_fu_102,,module_status218.csv
grp_EphemeralKeyGeneration_A_1_fu_249.grp_LADDER3PT_75_76_1_fu_1377.grp_fp2mul503_mont_1339880_fu_1213,grp_rdc_mont_14186_fu_108,,module_status219.csv
grp_EphemeralKeyGeneration_A_1_fu_249.grp_LADDER3PT_75_76_1_fu_1377.grp_fp2mul503_mont_1339880_fu_1213.grp_rdc_mont_14186_fu_108,grp_rdc_mont_14186_Pipeline_VITIS_LOOP_182_1_fu_192,,module_status220.csv
grp_EphemeralKeyGeneration_A_1_fu_249.grp_LADDER3PT_75_76_1_fu_1377.grp_fp2mul503_mont_1339880_fu_1213.grp_rdc_mont_14186_fu_108,grp_rdc_mont_14186_Pipeline_VITIS_LOOP_187_3_fu_199,,module_status221.csv
grp_EphemeralKeyGeneration_A_1_fu_249.grp_LADDER3PT_75_76_1_fu_1377.grp_fp2mul503_mont_1339880_fu_1213.grp_rdc_mont_14186_fu_108,grp_rdc_mont_14186_Pipeline_VITIS_LOOP_208_5_fu_216,,module_status222.csv
grp_EphemeralKeyGeneration_A_1_fu_249.grp_LADDER3PT_75_76_1_fu_1377.grp_fp2mul503_mont_1339880_fu_1213,grp_mp_mul_152_fu_120,,module_status223.csv
grp_EphemeralKeyGeneration_A_1_fu_249.grp_LADDER3PT_75_76_1_fu_1377.grp_fp2mul503_mont_1339880_fu_1213.grp_mp_mul_152_fu_120,grp_mp_mul_152_Pipeline_VITIS_LOOP_145_2_fu_112,,module_status224.csv
grp_EphemeralKeyGeneration_A_1_fu_249.grp_LADDER3PT_75_76_1_fu_1377.grp_fp2mul503_mont_1339880_fu_1213.grp_mp_mul_152_fu_120,grp_mp_mul_152_Pipeline_VITIS_LOOP_159_4_fu_127,,module_status225.csv
grp_EphemeralKeyGeneration_A_1_fu_249.grp_LADDER3PT_75_76_1_fu_1377.grp_fp2mul503_mont_1339880_fu_1213,grp_fp2mul503_mont_1339880_Pipeline_VITIS_LOOP_170_1181_fu_127,,module_status226.csv
grp_EphemeralKeyGeneration_A_1_fu_249,grp_fpsub503_3_fu_1405,,module_status227.csv
grp_EphemeralKeyGeneration_A_1_fu_249.grp_fpsub503_3_fu_1405,grp_fpsub503_3_Pipeline_VITIS_LOOP_47_1_fu_20,,module_status228.csv
grp_EphemeralKeyGeneration_A_1_fu_249.grp_fpsub503_3_fu_1405,grp_fpsub503_3_Pipeline_VITIS_LOOP_53_2_fu_31,,module_status229.csv
grp_EphemeralKeyGeneration_A_1_fu_249,grp_EphemeralKeyGeneration_A_1_Pipeline_VITIS_LOOP_14_1250_fu_1414,,module_status230.csv
grp_EphemeralKeyGeneration_A_1_fu_249,grp_EphemeralKeyGeneration_A_1_Pipeline_VITIS_LOOP_14_1252_fu_1421,,module_status231.csv
grp_EphemeralKeyGeneration_A_1_fu_249,grp_EphemeralKeyGeneration_A_1_Pipeline_VITIS_LOOP_14_1251_fu_1428,,module_status232.csv
grp_EphemeralKeyGeneration_A_1_fu_249,grp_EphemeralKeyGeneration_A_1_Pipeline_VITIS_LOOP_14_1253_fu_1435,,module_status233.csv
grp_EphemeralKeyGeneration_A_1_fu_249,grp_fpsub503_1_fu_1442,,module_status234.csv
grp_EphemeralKeyGeneration_A_1_fu_249.grp_fpsub503_1_fu_1442,grp_fpsub503_1_Pipeline_VITIS_LOOP_47_1_fu_18,,module_status235.csv
grp_EphemeralKeyGeneration_A_1_fu_249.grp_fpsub503_1_fu_1442,grp_fpsub503_1_Pipeline_VITIS_LOOP_53_2_fu_29,,module_status236.csv
grp_EphemeralKeyGeneration_A_1_fu_249,grp_fpsub503_2_fu_1451,,module_status237.csv
grp_EphemeralKeyGeneration_A_1_fu_249.grp_fpsub503_2_fu_1451,grp_fpsub503_2_Pipeline_VITIS_LOOP_47_1_fu_18,,module_status238.csv
grp_EphemeralKeyGeneration_A_1_fu_249.grp_fpsub503_2_fu_1451,grp_fpsub503_2_Pipeline_VITIS_LOOP_53_2_fu_29,,module_status239.csv
grp_EphemeralKeyGeneration_A_1_fu_249,grp_fpadd503_1_fu_1460,,module_status240.csv
grp_EphemeralKeyGeneration_A_1_fu_249.grp_fpadd503_1_fu_1460,grp_fpadd503_1_Pipeline_VITIS_LOOP_23_1_fu_20,,module_status241.csv
grp_EphemeralKeyGeneration_A_1_fu_249.grp_fpadd503_1_fu_1460,grp_fpadd503_1_Pipeline_VITIS_LOOP_28_2_fu_30,,module_status242.csv
grp_EphemeralKeyGeneration_A_1_fu_249.grp_fpadd503_1_fu_1460,grp_fpadd503_1_Pipeline_VITIS_LOOP_34_3_fu_39,,module_status243.csv
grp_EphemeralKeyGeneration_A_1_fu_249,grp_fp2sqr503_mont_136_2_fu_1469,,module_status244.csv
grp_EphemeralKeyGeneration_A_1_fu_249.grp_fp2sqr503_mont_136_2_fu_1469,grp_fp2sqr503_mont_136_2_Pipeline_VITIS_LOOP_350_1_fu_54,,module_status245.csv
grp_EphemeralKeyGeneration_A_1_fu_249.grp_fp2sqr503_mont_136_2_fu_1469,grp_fp2sqr503_mont_136_2_Pipeline_5_fu_62,,module_status246.csv
grp_EphemeralKeyGeneration_A_1_fu_249.grp_fp2sqr503_mont_136_2_fu_1469,grp_fp2sqr503_mont_136_2_Pipeline_6_fu_68,,module_status247.csv
grp_EphemeralKeyGeneration_A_1_fu_249.grp_fp2sqr503_mont_136_2_fu_1469,grp_fp2sqr503_mont_136_2_Pipeline_VITIS_LOOP_47_1_fu_74,,module_status248.csv
grp_EphemeralKeyGeneration_A_1_fu_249.grp_fp2sqr503_mont_136_2_fu_1469,grp_fp2sqr503_mont_136_2_Pipeline_VITIS_LOOP_53_2_fu_82,,module_status249.csv
grp_EphemeralKeyGeneration_A_1_fu_249.grp_fp2sqr503_mont_136_2_fu_1469,grp_fp2sqr503_mont_136_2_Pipeline_VITIS_LOOP_350_1134_fu_90,,module_status250.csv
grp_EphemeralKeyGeneration_A_1_fu_249.grp_fp2sqr503_mont_136_2_fu_1469,grp_mp_mul_152_fu_97,,module_status251.csv
grp_EphemeralKeyGeneration_A_1_fu_249.grp_fp2sqr503_mont_136_2_fu_1469.grp_mp_mul_152_fu_97,grp_mp_mul_152_Pipeline_VITIS_LOOP_145_2_fu_112,,module_status252.csv
grp_EphemeralKeyGeneration_A_1_fu_249.grp_fp2sqr503_mont_136_2_fu_1469.grp_mp_mul_152_fu_97,grp_mp_mul_152_Pipeline_VITIS_LOOP_159_4_fu_127,,module_status253.csv
grp_EphemeralKeyGeneration_A_1_fu_249.grp_fp2sqr503_mont_136_2_fu_1469,grp_rdc_mont_140_fu_104,,module_status254.csv
grp_EphemeralKeyGeneration_A_1_fu_249.grp_fp2sqr503_mont_136_2_fu_1469.grp_rdc_mont_140_fu_104,grp_rdc_mont_140_Pipeline_VITIS_LOOP_182_1_fu_192,,module_status255.csv
grp_EphemeralKeyGeneration_A_1_fu_249.grp_fp2sqr503_mont_136_2_fu_1469.grp_rdc_mont_140_fu_104,grp_rdc_mont_140_Pipeline_VITIS_LOOP_187_3_fu_199,,module_status256.csv
grp_EphemeralKeyGeneration_A_1_fu_249.grp_fp2sqr503_mont_136_2_fu_1469.grp_rdc_mont_140_fu_104,grp_rdc_mont_140_Pipeline_VITIS_LOOP_208_5_fu_216,,module_status257.csv
grp_EphemeralKeyGeneration_A_1_fu_249.grp_fp2sqr503_mont_136_2_fu_1469,grp_mp_mul_150_fu_116,,module_status258.csv
grp_EphemeralKeyGeneration_A_1_fu_249.grp_fp2sqr503_mont_136_2_fu_1469.grp_mp_mul_150_fu_116,grp_mp_mul_150_Pipeline_VITIS_LOOP_145_2_fu_112,,module_status259.csv
grp_EphemeralKeyGeneration_A_1_fu_249.grp_fp2sqr503_mont_136_2_fu_1469.grp_mp_mul_150_fu_116,grp_mp_mul_150_Pipeline_VITIS_LOOP_159_4_fu_127,,module_status260.csv
grp_EphemeralKeyGeneration_A_1_fu_249,grp_fpadd503_2_fu_1478,,module_status261.csv
grp_EphemeralKeyGeneration_A_1_fu_249.grp_fpadd503_2_fu_1478,grp_fpadd503_2_Pipeline_VITIS_LOOP_23_1_fu_20,,module_status262.csv
grp_EphemeralKeyGeneration_A_1_fu_249.grp_fpadd503_2_fu_1478,grp_fpadd503_2_Pipeline_VITIS_LOOP_28_2_fu_30,,module_status263.csv
grp_EphemeralKeyGeneration_A_1_fu_249.grp_fpadd503_2_fu_1478,grp_fpadd503_2_Pipeline_VITIS_LOOP_34_3_fu_39,,module_status264.csv
grp_EphemeralKeyGeneration_A_1_fu_249,grp_fp2mul503_mont_1_fu_1487,,module_status265.csv
grp_EphemeralKeyGeneration_A_1_fu_249.grp_fp2mul503_mont_1_fu_1487,grp_mp_mul_148_fu_60,,module_status266.csv
grp_EphemeralKeyGeneration_A_1_fu_249.grp_fp2mul503_mont_1_fu_1487.grp_mp_mul_148_fu_60,grp_mp_mul_148_Pipeline_VITIS_LOOP_145_2_fu_134,,module_status267.csv
grp_EphemeralKeyGeneration_A_1_fu_249.grp_fp2mul503_mont_1_fu_1487.grp_mp_mul_148_fu_60,grp_mp_mul_148_Pipeline_VITIS_LOOP_159_4_fu_151,,module_status268.csv
grp_EphemeralKeyGeneration_A_1_fu_249.grp_fp2mul503_mont_1_fu_1487,grp_fp2mul503_mont_1_Pipeline_VITIS_LOOP_350_1_fu_76,,module_status269.csv
grp_EphemeralKeyGeneration_A_1_fu_249.grp_fp2mul503_mont_1_fu_1487,grp_fp2mul503_mont_1_Pipeline_VITIS_LOOP_350_1209_fu_83,,module_status270.csv
grp_EphemeralKeyGeneration_A_1_fu_249.grp_fp2mul503_mont_1_fu_1487,grp_fp2mul503_mont_1_Pipeline_VITIS_LOOP_170_1_fu_90,,module_status271.csv
grp_EphemeralKeyGeneration_A_1_fu_249.grp_fp2mul503_mont_1_fu_1487,grp_fp2mul503_mont_1_Pipeline_VITIS_LOOP_200_1_fu_98,,module_status272.csv
grp_EphemeralKeyGeneration_A_1_fu_249.grp_fp2mul503_mont_1_fu_1487,grp_fp2mul503_mont_1_Pipeline_VITIS_LOOP_350_1210_fu_106,,module_status273.csv
grp_EphemeralKeyGeneration_A_1_fu_249.grp_fp2mul503_mont_1_fu_1487,grp_rdc_mont_1_fu_112,,module_status274.csv
grp_EphemeralKeyGeneration_A_1_fu_249.grp_fp2mul503_mont_1_fu_1487.grp_rdc_mont_1_fu_112,grp_rdc_mont_1_Pipeline_VITIS_LOOP_182_1_fu_178,,module_status275.csv
grp_EphemeralKeyGeneration_A_1_fu_249.grp_fp2mul503_mont_1_fu_1487.grp_rdc_mont_1_fu_112,grp_rdc_mont_1_Pipeline_VITIS_LOOP_187_3_fu_184,,module_status276.csv
grp_EphemeralKeyGeneration_A_1_fu_249.grp_fp2mul503_mont_1_fu_1487.grp_rdc_mont_1_fu_112,grp_rdc_mont_1_Pipeline_VITIS_LOOP_208_5_fu_200,,module_status277.csv
grp_EphemeralKeyGeneration_A_1_fu_249.grp_fp2mul503_mont_1_fu_1487,grp_mp_mul_152_fu_121,,module_status278.csv
grp_EphemeralKeyGeneration_A_1_fu_249.grp_fp2mul503_mont_1_fu_1487.grp_mp_mul_152_fu_121,grp_mp_mul_152_Pipeline_VITIS_LOOP_145_2_fu_112,,module_status279.csv
grp_EphemeralKeyGeneration_A_1_fu_249.grp_fp2mul503_mont_1_fu_1487.grp_mp_mul_152_fu_121,grp_mp_mul_152_Pipeline_VITIS_LOOP_159_4_fu_127,,module_status280.csv
grp_EphemeralKeyGeneration_A_1_fu_249.grp_fp2mul503_mont_1_fu_1487,grp_fp2mul503_mont_1_Pipeline_VITIS_LOOP_170_1211_fu_128,,module_status281.csv
grp_EphemeralKeyGeneration_A_1_fu_249.grp_fp2mul503_mont_1_fu_1487,grp_rdc_mont_2_fu_134,,module_status282.csv
grp_EphemeralKeyGeneration_A_1_fu_249.grp_fp2mul503_mont_1_fu_1487.grp_rdc_mont_2_fu_134,grp_rdc_mont_2_Pipeline_VITIS_LOOP_182_1_fu_180,,module_status283.csv
grp_EphemeralKeyGeneration_A_1_fu_249.grp_fp2mul503_mont_1_fu_1487.grp_rdc_mont_2_fu_134,grp_rdc_mont_2_Pipeline_VITIS_LOOP_187_3_fu_186,,module_status284.csv
grp_EphemeralKeyGeneration_A_1_fu_249.grp_fp2mul503_mont_1_fu_1487.grp_rdc_mont_2_fu_134,grp_rdc_mont_2_Pipeline_VITIS_LOOP_208_5_fu_202,,module_status285.csv
grp_EphemeralKeyGeneration_A_1_fu_249,grp_fp2mul503_mont_2_fu_1498,,module_status286.csv
grp_EphemeralKeyGeneration_A_1_fu_249.grp_fp2mul503_mont_2_fu_1498,grp_mp_mul_221_fu_58,,module_status287.csv
grp_EphemeralKeyGeneration_A_1_fu_249.grp_fp2mul503_mont_2_fu_1498.grp_mp_mul_221_fu_58,grp_mp_mul_221_Pipeline_VITIS_LOOP_145_2_fu_112,,module_status288.csv
grp_EphemeralKeyGeneration_A_1_fu_249.grp_fp2mul503_mont_2_fu_1498.grp_mp_mul_221_fu_58,grp_mp_mul_221_Pipeline_VITIS_LOOP_159_4_fu_127,,module_status289.csv
grp_EphemeralKeyGeneration_A_1_fu_249.grp_fp2mul503_mont_2_fu_1498,grp_mp_mul_319_fu_68,,module_status290.csv
grp_EphemeralKeyGeneration_A_1_fu_249.grp_fp2mul503_mont_2_fu_1498.grp_mp_mul_319_fu_68,grp_mp_mul_319_Pipeline_VITIS_LOOP_145_2_fu_112,,module_status291.csv
grp_EphemeralKeyGeneration_A_1_fu_249.grp_fp2mul503_mont_2_fu_1498.grp_mp_mul_319_fu_68,grp_mp_mul_319_Pipeline_VITIS_LOOP_159_4_fu_127,,module_status292.csv
grp_EphemeralKeyGeneration_A_1_fu_249.grp_fp2mul503_mont_2_fu_1498,grp_fp2mul503_mont_2_Pipeline_VITIS_LOOP_350_1_fu_77,,module_status293.csv
grp_EphemeralKeyGeneration_A_1_fu_249.grp_fp2mul503_mont_2_fu_1498,grp_fp2mul503_mont_2_Pipeline_VITIS_LOOP_350_1176_fu_84,,module_status294.csv
grp_EphemeralKeyGeneration_A_1_fu_249.grp_fp2mul503_mont_2_fu_1498,grp_fp2mul503_mont_2_Pipeline_VITIS_LOOP_170_1_fu_91,,module_status295.csv
grp_EphemeralKeyGeneration_A_1_fu_249.grp_fp2mul503_mont_2_fu_1498,grp_fp2mul503_mont_2_Pipeline_VITIS_LOOP_200_1_fu_99,,module_status296.csv
grp_EphemeralKeyGeneration_A_1_fu_249.grp_fp2mul503_mont_2_fu_1498,grp_fp2mul503_mont_2_Pipeline_VITIS_LOOP_350_1177_fu_107,,module_status297.csv
grp_EphemeralKeyGeneration_A_1_fu_249.grp_fp2mul503_mont_2_fu_1498,grp_rdc_mont_1_fu_113,,module_status298.csv
grp_EphemeralKeyGeneration_A_1_fu_249.grp_fp2mul503_mont_2_fu_1498.grp_rdc_mont_1_fu_113,grp_rdc_mont_1_Pipeline_VITIS_LOOP_182_1_fu_178,,module_status299.csv
grp_EphemeralKeyGeneration_A_1_fu_249.grp_fp2mul503_mont_2_fu_1498.grp_rdc_mont_1_fu_113,grp_rdc_mont_1_Pipeline_VITIS_LOOP_187_3_fu_184,,module_status300.csv
grp_EphemeralKeyGeneration_A_1_fu_249.grp_fp2mul503_mont_2_fu_1498.grp_rdc_mont_1_fu_113,grp_rdc_mont_1_Pipeline_VITIS_LOOP_208_5_fu_200,,module_status301.csv
grp_EphemeralKeyGeneration_A_1_fu_249.grp_fp2mul503_mont_2_fu_1498,grp_mp_mul_152_fu_122,,module_status302.csv
grp_EphemeralKeyGeneration_A_1_fu_249.grp_fp2mul503_mont_2_fu_1498.grp_mp_mul_152_fu_122,grp_mp_mul_152_Pipeline_VITIS_LOOP_145_2_fu_112,,module_status303.csv
grp_EphemeralKeyGeneration_A_1_fu_249.grp_fp2mul503_mont_2_fu_1498.grp_mp_mul_152_fu_122,grp_mp_mul_152_Pipeline_VITIS_LOOP_159_4_fu_127,,module_status304.csv
grp_EphemeralKeyGeneration_A_1_fu_249.grp_fp2mul503_mont_2_fu_1498,grp_fp2mul503_mont_2_Pipeline_VITIS_LOOP_170_1178_fu_129,,module_status305.csv
grp_EphemeralKeyGeneration_A_1_fu_249.grp_fp2mul503_mont_2_fu_1498,grp_rdc_mont_2_fu_135,,module_status306.csv
grp_EphemeralKeyGeneration_A_1_fu_249.grp_fp2mul503_mont_2_fu_1498.grp_rdc_mont_2_fu_135,grp_rdc_mont_2_Pipeline_VITIS_LOOP_182_1_fu_180,,module_status307.csv
grp_EphemeralKeyGeneration_A_1_fu_249.grp_fp2mul503_mont_2_fu_1498.grp_rdc_mont_2_fu_135,grp_rdc_mont_2_Pipeline_VITIS_LOOP_187_3_fu_186,,module_status308.csv
grp_EphemeralKeyGeneration_A_1_fu_249.grp_fp2mul503_mont_2_fu_1498.grp_rdc_mont_2_fu_135,grp_rdc_mont_2_Pipeline_VITIS_LOOP_208_5_fu_202,,module_status309.csv
grp_EphemeralKeyGeneration_A_1_fu_249,grp_fpsub503_144_2_fu_1509,,module_status310.csv
grp_EphemeralKeyGeneration_A_1_fu_249.grp_fpsub503_144_2_fu_1509,grp_fpsub503_144_2_Pipeline_VITIS_LOOP_47_1_fu_38,,module_status311.csv
grp_EphemeralKeyGeneration_A_1_fu_249.grp_fpsub503_144_2_fu_1509,grp_fpsub503_144_2_Pipeline_VITIS_LOOP_53_2_fu_49,,module_status312.csv
grp_EphemeralKeyGeneration_A_1_fu_249,grp_fp2mul503_mont_133_fu_1523,,module_status313.csv
grp_EphemeralKeyGeneration_A_1_fu_249.grp_fp2mul503_mont_133_fu_1523,grp_mp_mul_148_fu_58,,module_status314.csv
grp_EphemeralKeyGeneration_A_1_fu_249.grp_fp2mul503_mont_133_fu_1523.grp_mp_mul_148_fu_58,grp_mp_mul_148_Pipeline_VITIS_LOOP_145_2_fu_134,,module_status315.csv
grp_EphemeralKeyGeneration_A_1_fu_249.grp_fp2mul503_mont_133_fu_1523.grp_mp_mul_148_fu_58,grp_mp_mul_148_Pipeline_VITIS_LOOP_159_4_fu_151,,module_status316.csv
grp_EphemeralKeyGeneration_A_1_fu_249.grp_fp2mul503_mont_133_fu_1523,grp_fp2mul503_mont_133_Pipeline_VITIS_LOOP_350_1_fu_74,,module_status317.csv
grp_EphemeralKeyGeneration_A_1_fu_249.grp_fp2mul503_mont_133_fu_1523,grp_fp2mul503_mont_133_Pipeline_VITIS_LOOP_350_1188_fu_81,,module_status318.csv
grp_EphemeralKeyGeneration_A_1_fu_249.grp_fp2mul503_mont_133_fu_1523,grp_fp2mul503_mont_133_Pipeline_VITIS_LOOP_170_1_fu_88,,module_status319.csv
grp_EphemeralKeyGeneration_A_1_fu_249.grp_fp2mul503_mont_133_fu_1523,grp_fp2mul503_mont_133_Pipeline_VITIS_LOOP_200_1_fu_96,,module_status320.csv
grp_EphemeralKeyGeneration_A_1_fu_249.grp_fp2mul503_mont_133_fu_1523,grp_fp2mul503_mont_133_Pipeline_VITIS_LOOP_350_1189_fu_104,,module_status321.csv
grp_EphemeralKeyGeneration_A_1_fu_249.grp_fp2mul503_mont_133_fu_1523,grp_rdc_mont_140_fu_110,,module_status322.csv
grp_EphemeralKeyGeneration_A_1_fu_249.grp_fp2mul503_mont_133_fu_1523.grp_rdc_mont_140_fu_110,grp_rdc_mont_140_Pipeline_VITIS_LOOP_182_1_fu_192,,module_status323.csv
grp_EphemeralKeyGeneration_A_1_fu_249.grp_fp2mul503_mont_133_fu_1523.grp_rdc_mont_140_fu_110,grp_rdc_mont_140_Pipeline_VITIS_LOOP_187_3_fu_199,,module_status324.csv
grp_EphemeralKeyGeneration_A_1_fu_249.grp_fp2mul503_mont_133_fu_1523.grp_rdc_mont_140_fu_110,grp_rdc_mont_140_Pipeline_VITIS_LOOP_208_5_fu_216,,module_status325.csv
grp_EphemeralKeyGeneration_A_1_fu_249.grp_fp2mul503_mont_133_fu_1523,grp_mp_mul_152_fu_122,,module_status326.csv
grp_EphemeralKeyGeneration_A_1_fu_249.grp_fp2mul503_mont_133_fu_1523.grp_mp_mul_152_fu_122,grp_mp_mul_152_Pipeline_VITIS_LOOP_145_2_fu_112,,module_status327.csv
grp_EphemeralKeyGeneration_A_1_fu_249.grp_fp2mul503_mont_133_fu_1523.grp_mp_mul_152_fu_122,grp_mp_mul_152_Pipeline_VITIS_LOOP_159_4_fu_127,,module_status328.csv
grp_EphemeralKeyGeneration_A_1_fu_249.grp_fp2mul503_mont_133_fu_1523,grp_fp2mul503_mont_133_Pipeline_VITIS_LOOP_170_1190_fu_129,,module_status329.csv
grp_EphemeralKeyGeneration_A_1_fu_249,grp_fpadd503_3_fu_1534,,module_status330.csv
grp_EphemeralKeyGeneration_A_1_fu_249.grp_fpadd503_3_fu_1534,grp_fpadd503_3_Pipeline_VITIS_LOOP_23_1_fu_18,,module_status331.csv
grp_EphemeralKeyGeneration_A_1_fu_249.grp_fpadd503_3_fu_1534,grp_fpadd503_3_Pipeline_VITIS_LOOP_28_2_fu_26,,module_status332.csv
grp_EphemeralKeyGeneration_A_1_fu_249.grp_fpadd503_3_fu_1534,grp_fpadd503_3_Pipeline_VITIS_LOOP_34_3_fu_35,,module_status333.csv
grp_EphemeralKeyGeneration_A_1_fu_249,grp_fpadd503_4_fu_1542,,module_status334.csv
grp_EphemeralKeyGeneration_A_1_fu_249.grp_fpadd503_4_fu_1542,grp_fpadd503_4_Pipeline_VITIS_LOOP_23_1_fu_18,,module_status335.csv
grp_EphemeralKeyGeneration_A_1_fu_249.grp_fpadd503_4_fu_1542,grp_fpadd503_4_Pipeline_VITIS_LOOP_28_2_fu_26,,module_status336.csv
grp_EphemeralKeyGeneration_A_1_fu_249.grp_fpadd503_4_fu_1542,grp_fpadd503_4_Pipeline_VITIS_LOOP_34_3_fu_35,,module_status337.csv
grp_EphemeralKeyGeneration_A_1_fu_249,grp_fp2mul503_mont_3_fu_1550,,module_status338.csv
grp_EphemeralKeyGeneration_A_1_fu_249.grp_fp2mul503_mont_3_fu_1550,grp_mp_mul_3_fu_56,,module_status339.csv
grp_EphemeralKeyGeneration_A_1_fu_249.grp_fp2mul503_mont_3_fu_1550.grp_mp_mul_3_fu_56,grp_mp_mul_3_Pipeline_VITIS_LOOP_145_2_fu_112,,module_status340.csv
grp_EphemeralKeyGeneration_A_1_fu_249.grp_fp2mul503_mont_3_fu_1550.grp_mp_mul_3_fu_56,grp_mp_mul_3_Pipeline_VITIS_LOOP_159_4_fu_127,,module_status341.csv
grp_EphemeralKeyGeneration_A_1_fu_249.grp_fp2mul503_mont_3_fu_1550,grp_mp_mul_4_fu_66,,module_status342.csv
grp_EphemeralKeyGeneration_A_1_fu_249.grp_fp2mul503_mont_3_fu_1550.grp_mp_mul_4_fu_66,grp_mp_mul_4_Pipeline_VITIS_LOOP_145_2_fu_112,,module_status343.csv
grp_EphemeralKeyGeneration_A_1_fu_249.grp_fp2mul503_mont_3_fu_1550.grp_mp_mul_4_fu_66,grp_mp_mul_4_Pipeline_VITIS_LOOP_159_4_fu_127,,module_status344.csv
grp_EphemeralKeyGeneration_A_1_fu_249.grp_fp2mul503_mont_3_fu_1550,grp_fp2mul503_mont_3_Pipeline_VITIS_LOOP_350_1_fu_75,,module_status345.csv
grp_EphemeralKeyGeneration_A_1_fu_249.grp_fp2mul503_mont_3_fu_1550,grp_fp2mul503_mont_3_Pipeline_VITIS_LOOP_350_1173_fu_82,,module_status346.csv
grp_EphemeralKeyGeneration_A_1_fu_249.grp_fp2mul503_mont_3_fu_1550,grp_fp2mul503_mont_3_Pipeline_VITIS_LOOP_170_1_fu_89,,module_status347.csv
grp_EphemeralKeyGeneration_A_1_fu_249.grp_fp2mul503_mont_3_fu_1550,grp_fp2mul503_mont_3_Pipeline_VITIS_LOOP_200_1_fu_97,,module_status348.csv
grp_EphemeralKeyGeneration_A_1_fu_249.grp_fp2mul503_mont_3_fu_1550,grp_fp2mul503_mont_3_Pipeline_VITIS_LOOP_350_1174_fu_105,,module_status349.csv
grp_EphemeralKeyGeneration_A_1_fu_249.grp_fp2mul503_mont_3_fu_1550,grp_rdc_mont_1_fu_111,,module_status350.csv
grp_EphemeralKeyGeneration_A_1_fu_249.grp_fp2mul503_mont_3_fu_1550.grp_rdc_mont_1_fu_111,grp_rdc_mont_1_Pipeline_VITIS_LOOP_182_1_fu_178,,module_status351.csv
grp_EphemeralKeyGeneration_A_1_fu_249.grp_fp2mul503_mont_3_fu_1550.grp_rdc_mont_1_fu_111,grp_rdc_mont_1_Pipeline_VITIS_LOOP_187_3_fu_184,,module_status352.csv
grp_EphemeralKeyGeneration_A_1_fu_249.grp_fp2mul503_mont_3_fu_1550.grp_rdc_mont_1_fu_111,grp_rdc_mont_1_Pipeline_VITIS_LOOP_208_5_fu_200,,module_status353.csv
grp_EphemeralKeyGeneration_A_1_fu_249.grp_fp2mul503_mont_3_fu_1550,grp_mp_mul_152_fu_120,,module_status354.csv
grp_EphemeralKeyGeneration_A_1_fu_249.grp_fp2mul503_mont_3_fu_1550.grp_mp_mul_152_fu_120,grp_mp_mul_152_Pipeline_VITIS_LOOP_145_2_fu_112,,module_status355.csv
grp_EphemeralKeyGeneration_A_1_fu_249.grp_fp2mul503_mont_3_fu_1550.grp_mp_mul_152_fu_120,grp_mp_mul_152_Pipeline_VITIS_LOOP_159_4_fu_127,,module_status356.csv
grp_EphemeralKeyGeneration_A_1_fu_249.grp_fp2mul503_mont_3_fu_1550,grp_fp2mul503_mont_3_Pipeline_VITIS_LOOP_170_1175_fu_127,,module_status357.csv
grp_EphemeralKeyGeneration_A_1_fu_249.grp_fp2mul503_mont_3_fu_1550,grp_rdc_mont_2_fu_133,,module_status358.csv
grp_EphemeralKeyGeneration_A_1_fu_249.grp_fp2mul503_mont_3_fu_1550.grp_rdc_mont_2_fu_133,grp_rdc_mont_2_Pipeline_VITIS_LOOP_182_1_fu_180,,module_status359.csv
grp_EphemeralKeyGeneration_A_1_fu_249.grp_fp2mul503_mont_3_fu_1550.grp_rdc_mont_2_fu_133,grp_rdc_mont_2_Pipeline_VITIS_LOOP_187_3_fu_186,,module_status360.csv
grp_EphemeralKeyGeneration_A_1_fu_249.grp_fp2mul503_mont_3_fu_1550.grp_rdc_mont_2_fu_133,grp_rdc_mont_2_Pipeline_VITIS_LOOP_208_5_fu_202,,module_status361.csv
grp_EphemeralKeyGeneration_A_1_fu_249,grp_fpsub503_4_fu_1560,,module_status362.csv
grp_EphemeralKeyGeneration_A_1_fu_249.grp_fpsub503_4_fu_1560,grp_fpsub503_4_Pipeline_VITIS_LOOP_47_1_fu_20,,module_status363.csv
grp_EphemeralKeyGeneration_A_1_fu_249.grp_fpsub503_4_fu_1560,grp_fpsub503_4_Pipeline_VITIS_LOOP_53_2_fu_31,,module_status364.csv
grp_EphemeralKeyGeneration_A_1_fu_249,grp_fpadd503_5_fu_1569,,module_status365.csv
grp_EphemeralKeyGeneration_A_1_fu_249.grp_fpadd503_5_fu_1569,grp_fpadd503_5_Pipeline_VITIS_LOOP_23_1_fu_22,,module_status366.csv
grp_EphemeralKeyGeneration_A_1_fu_249.grp_fpadd503_5_fu_1569,grp_fpadd503_5_Pipeline_VITIS_LOOP_28_2_fu_32,,module_status367.csv
grp_EphemeralKeyGeneration_A_1_fu_249.grp_fpadd503_5_fu_1569,grp_fpadd503_5_Pipeline_VITIS_LOOP_34_3_fu_41,,module_status368.csv
grp_EphemeralKeyGeneration_A_1_fu_249,grp_fpadd503_6_fu_1578,,module_status369.csv
grp_EphemeralKeyGeneration_A_1_fu_249.grp_fpadd503_6_fu_1578,grp_fpadd503_6_Pipeline_VITIS_LOOP_23_1_fu_22,,module_status370.csv
grp_EphemeralKeyGeneration_A_1_fu_249.grp_fpadd503_6_fu_1578,grp_fpadd503_6_Pipeline_VITIS_LOOP_28_2_fu_32,,module_status371.csv
grp_EphemeralKeyGeneration_A_1_fu_249.grp_fpadd503_6_fu_1578,grp_fpadd503_6_Pipeline_VITIS_LOOP_34_3_fu_41,,module_status372.csv
grp_EphemeralKeyGeneration_A_1_fu_249,grp_fp2sqr503_mont_1_fu_1587,,module_status373.csv
grp_EphemeralKeyGeneration_A_1_fu_249.grp_fp2sqr503_mont_1_fu_1587,grp_fp2sqr503_mont_1_Pipeline_VITIS_LOOP_350_1_fu_58,,module_status374.csv
grp_EphemeralKeyGeneration_A_1_fu_249.grp_fp2sqr503_mont_1_fu_1587,grp_fp2sqr503_mont_1_Pipeline_5_fu_66,,module_status375.csv
grp_EphemeralKeyGeneration_A_1_fu_249.grp_fp2sqr503_mont_1_fu_1587,grp_fp2sqr503_mont_1_Pipeline_6_fu_72,,module_status376.csv
grp_EphemeralKeyGeneration_A_1_fu_249.grp_fp2sqr503_mont_1_fu_1587,grp_fp2sqr503_mont_1_Pipeline_VITIS_LOOP_47_1_fu_78,,module_status377.csv
grp_EphemeralKeyGeneration_A_1_fu_249.grp_fp2sqr503_mont_1_fu_1587,grp_fp2sqr503_mont_1_Pipeline_VITIS_LOOP_53_2_fu_86,,module_status378.csv
grp_EphemeralKeyGeneration_A_1_fu_249.grp_fp2sqr503_mont_1_fu_1587,grp_fp2sqr503_mont_1_Pipeline_VITIS_LOOP_350_1138_fu_94,,module_status379.csv
grp_EphemeralKeyGeneration_A_1_fu_249.grp_fp2sqr503_mont_1_fu_1587,grp_mp_mul_152_fu_101,,module_status380.csv
grp_EphemeralKeyGeneration_A_1_fu_249.grp_fp2sqr503_mont_1_fu_1587.grp_mp_mul_152_fu_101,grp_mp_mul_152_Pipeline_VITIS_LOOP_145_2_fu_112,,module_status381.csv
grp_EphemeralKeyGeneration_A_1_fu_249.grp_fp2sqr503_mont_1_fu_1587.grp_mp_mul_152_fu_101,grp_mp_mul_152_Pipeline_VITIS_LOOP_159_4_fu_127,,module_status382.csv
grp_EphemeralKeyGeneration_A_1_fu_249.grp_fp2sqr503_mont_1_fu_1587,grp_mp_mul_320_fu_108,,module_status383.csv
grp_EphemeralKeyGeneration_A_1_fu_249.grp_fp2sqr503_mont_1_fu_1587.grp_mp_mul_320_fu_108,grp_mp_mul_320_Pipeline_VITIS_LOOP_145_2_fu_112,,module_status384.csv
grp_EphemeralKeyGeneration_A_1_fu_249.grp_fp2sqr503_mont_1_fu_1587.grp_mp_mul_320_fu_108,grp_mp_mul_320_Pipeline_VITIS_LOOP_159_4_fu_127,,module_status385.csv
grp_EphemeralKeyGeneration_A_1_fu_249.grp_fp2sqr503_mont_1_fu_1587,grp_rdc_mont_3_fu_116,,module_status386.csv
grp_EphemeralKeyGeneration_A_1_fu_249.grp_fp2sqr503_mont_1_fu_1587.grp_rdc_mont_3_fu_116,grp_rdc_mont_3_Pipeline_VITIS_LOOP_182_1_fu_181,,module_status387.csv
grp_EphemeralKeyGeneration_A_1_fu_249.grp_fp2sqr503_mont_1_fu_1587.grp_rdc_mont_3_fu_116,grp_rdc_mont_3_Pipeline_VITIS_LOOP_187_3_fu_187,,module_status388.csv
grp_EphemeralKeyGeneration_A_1_fu_249.grp_fp2sqr503_mont_1_fu_1587.grp_rdc_mont_3_fu_116,grp_rdc_mont_3_Pipeline_VITIS_LOOP_208_5_fu_203,,module_status389.csv
grp_EphemeralKeyGeneration_A_1_fu_249.grp_fp2sqr503_mont_1_fu_1587,grp_rdc_mont_4_fu_125,,module_status390.csv
grp_EphemeralKeyGeneration_A_1_fu_249.grp_fp2sqr503_mont_1_fu_1587.grp_rdc_mont_4_fu_125,grp_rdc_mont_4_Pipeline_VITIS_LOOP_182_1_fu_198,,module_status391.csv
grp_EphemeralKeyGeneration_A_1_fu_249.grp_fp2sqr503_mont_1_fu_1587.grp_rdc_mont_4_fu_125,grp_rdc_mont_4_Pipeline_VITIS_LOOP_187_3_fu_207,,module_status392.csv
grp_EphemeralKeyGeneration_A_1_fu_249.grp_fp2sqr503_mont_1_fu_1587.grp_rdc_mont_4_fu_125,grp_rdc_mont_4_Pipeline_VITIS_LOOP_208_5_fu_224,,module_status393.csv
grp_EphemeralKeyGeneration_A_1_fu_249,grp_fp2sqr503_mont_3_fu_1597,,module_status394.csv
grp_EphemeralKeyGeneration_A_1_fu_249.grp_fp2sqr503_mont_3_fu_1597,grp_fp2sqr503_mont_3_Pipeline_VITIS_LOOP_350_1_fu_56,,module_status395.csv
grp_EphemeralKeyGeneration_A_1_fu_249.grp_fp2sqr503_mont_3_fu_1597,grp_fp2sqr503_mont_3_Pipeline_5_fu_64,,module_status396.csv
grp_EphemeralKeyGeneration_A_1_fu_249.grp_fp2sqr503_mont_3_fu_1597,grp_fp2sqr503_mont_3_Pipeline_6_fu_70,,module_status397.csv
grp_EphemeralKeyGeneration_A_1_fu_249.grp_fp2sqr503_mont_3_fu_1597,grp_fp2sqr503_mont_3_Pipeline_VITIS_LOOP_47_1_fu_76,,module_status398.csv
grp_EphemeralKeyGeneration_A_1_fu_249.grp_fp2sqr503_mont_3_fu_1597,grp_fp2sqr503_mont_3_Pipeline_VITIS_LOOP_53_2_fu_84,,module_status399.csv
grp_EphemeralKeyGeneration_A_1_fu_249.grp_fp2sqr503_mont_3_fu_1597,grp_fp2sqr503_mont_3_Pipeline_VITIS_LOOP_350_1131_fu_92,,module_status400.csv
grp_EphemeralKeyGeneration_A_1_fu_249.grp_fp2sqr503_mont_3_fu_1597,grp_mp_mul_152_fu_99,,module_status401.csv
grp_EphemeralKeyGeneration_A_1_fu_249.grp_fp2sqr503_mont_3_fu_1597.grp_mp_mul_152_fu_99,grp_mp_mul_152_Pipeline_VITIS_LOOP_145_2_fu_112,,module_status402.csv
grp_EphemeralKeyGeneration_A_1_fu_249.grp_fp2sqr503_mont_3_fu_1597.grp_mp_mul_152_fu_99,grp_mp_mul_152_Pipeline_VITIS_LOOP_159_4_fu_127,,module_status403.csv
grp_EphemeralKeyGeneration_A_1_fu_249.grp_fp2sqr503_mont_3_fu_1597,grp_mp_mul_320_fu_106,,module_status404.csv
grp_EphemeralKeyGeneration_A_1_fu_249.grp_fp2sqr503_mont_3_fu_1597.grp_mp_mul_320_fu_106,grp_mp_mul_320_Pipeline_VITIS_LOOP_145_2_fu_112,,module_status405.csv
grp_EphemeralKeyGeneration_A_1_fu_249.grp_fp2sqr503_mont_3_fu_1597.grp_mp_mul_320_fu_106,grp_mp_mul_320_Pipeline_VITIS_LOOP_159_4_fu_127,,module_status406.csv
grp_EphemeralKeyGeneration_A_1_fu_249.grp_fp2sqr503_mont_3_fu_1597,grp_rdc_mont_140_fu_114,,module_status407.csv
grp_EphemeralKeyGeneration_A_1_fu_249.grp_fp2sqr503_mont_3_fu_1597.grp_rdc_mont_140_fu_114,grp_rdc_mont_140_Pipeline_VITIS_LOOP_182_1_fu_192,,module_status408.csv
grp_EphemeralKeyGeneration_A_1_fu_249.grp_fp2sqr503_mont_3_fu_1597.grp_rdc_mont_140_fu_114,grp_rdc_mont_140_Pipeline_VITIS_LOOP_187_3_fu_199,,module_status409.csv
grp_EphemeralKeyGeneration_A_1_fu_249.grp_fp2sqr503_mont_3_fu_1597.grp_rdc_mont_140_fu_114,grp_rdc_mont_140_Pipeline_VITIS_LOOP_208_5_fu_216,,module_status410.csv
grp_EphemeralKeyGeneration_A_1_fu_249,grp_fpadd503_7_fu_1607,,module_status411.csv
grp_EphemeralKeyGeneration_A_1_fu_249.grp_fpadd503_7_fu_1607,grp_fpadd503_7_Pipeline_VITIS_LOOP_23_1_fu_18,,module_status412.csv
grp_EphemeralKeyGeneration_A_1_fu_249.grp_fpadd503_7_fu_1607,grp_fpadd503_7_Pipeline_VITIS_LOOP_28_2_fu_24,,module_status413.csv
grp_EphemeralKeyGeneration_A_1_fu_249.grp_fpadd503_7_fu_1607,grp_fpadd503_7_Pipeline_VITIS_LOOP_34_3_fu_33,,module_status414.csv
grp_EphemeralKeyGeneration_A_1_fu_249,grp_fpadd503_149_2_fu_1614,,module_status415.csv
grp_EphemeralKeyGeneration_A_1_fu_249.grp_fpadd503_149_2_fu_1614,grp_fpadd503_149_2_Pipeline_VITIS_LOOP_23_1_fu_30,,module_status416.csv
grp_EphemeralKeyGeneration_A_1_fu_249.grp_fpadd503_149_2_fu_1614,grp_fpadd503_149_2_Pipeline_VITIS_LOOP_28_2_fu_37,,module_status417.csv
grp_EphemeralKeyGeneration_A_1_fu_249.grp_fpadd503_149_2_fu_1614,grp_fpadd503_149_2_Pipeline_VITIS_LOOP_34_3_fu_47,,module_status418.csv
grp_EphemeralKeyGeneration_A_1_fu_249,grp_fpadd503_8_fu_1624,,module_status419.csv
grp_EphemeralKeyGeneration_A_1_fu_249.grp_fpadd503_8_fu_1624,grp_fpadd503_8_Pipeline_VITIS_LOOP_23_1_fu_18,,module_status420.csv
grp_EphemeralKeyGeneration_A_1_fu_249.grp_fpadd503_8_fu_1624,grp_fpadd503_8_Pipeline_VITIS_LOOP_28_2_fu_24,,module_status421.csv
grp_EphemeralKeyGeneration_A_1_fu_249.grp_fpadd503_8_fu_1624,grp_fpadd503_8_Pipeline_VITIS_LOOP_34_3_fu_33,,module_status422.csv
grp_EphemeralKeyGeneration_A_1_fu_249,grp_fp2sqr503_mont_2_fu_1631,,module_status423.csv
grp_EphemeralKeyGeneration_A_1_fu_249.grp_fp2sqr503_mont_2_fu_1631,grp_fp2sqr503_mont_2_Pipeline_VITIS_LOOP_350_1_fu_58,,module_status424.csv
grp_EphemeralKeyGeneration_A_1_fu_249.grp_fp2sqr503_mont_2_fu_1631,grp_fp2sqr503_mont_2_Pipeline_5_fu_66,,module_status425.csv
grp_EphemeralKeyGeneration_A_1_fu_249.grp_fp2sqr503_mont_2_fu_1631,grp_fp2sqr503_mont_2_Pipeline_6_fu_72,,module_status426.csv
grp_EphemeralKeyGeneration_A_1_fu_249.grp_fp2sqr503_mont_2_fu_1631,grp_fp2sqr503_mont_2_Pipeline_VITIS_LOOP_47_1_fu_78,,module_status427.csv
grp_EphemeralKeyGeneration_A_1_fu_249.grp_fp2sqr503_mont_2_fu_1631,grp_fp2sqr503_mont_2_Pipeline_VITIS_LOOP_53_2_fu_86,,module_status428.csv
grp_EphemeralKeyGeneration_A_1_fu_249.grp_fp2sqr503_mont_2_fu_1631,grp_fp2sqr503_mont_2_Pipeline_VITIS_LOOP_350_1132_fu_94,,module_status429.csv
grp_EphemeralKeyGeneration_A_1_fu_249.grp_fp2sqr503_mont_2_fu_1631,grp_mp_mul_152_fu_101,,module_status430.csv
grp_EphemeralKeyGeneration_A_1_fu_249.grp_fp2sqr503_mont_2_fu_1631.grp_mp_mul_152_fu_101,grp_mp_mul_152_Pipeline_VITIS_LOOP_145_2_fu_112,,module_status431.csv
grp_EphemeralKeyGeneration_A_1_fu_249.grp_fp2sqr503_mont_2_fu_1631.grp_mp_mul_152_fu_101,grp_mp_mul_152_Pipeline_VITIS_LOOP_159_4_fu_127,,module_status432.csv
grp_EphemeralKeyGeneration_A_1_fu_249.grp_fp2sqr503_mont_2_fu_1631,grp_mp_mul_685_fu_108,,module_status433.csv
grp_EphemeralKeyGeneration_A_1_fu_249.grp_fp2sqr503_mont_2_fu_1631.grp_mp_mul_685_fu_108,grp_mp_mul_685_Pipeline_VITIS_LOOP_145_2_fu_114,,module_status434.csv
grp_EphemeralKeyGeneration_A_1_fu_249.grp_fp2sqr503_mont_2_fu_1631.grp_mp_mul_685_fu_108,grp_mp_mul_685_Pipeline_VITIS_LOOP_159_4_fu_129,,module_status435.csv
grp_EphemeralKeyGeneration_A_1_fu_249.grp_fp2sqr503_mont_2_fu_1631,grp_rdc_mont_140_fu_116,,module_status436.csv
grp_EphemeralKeyGeneration_A_1_fu_249.grp_fp2sqr503_mont_2_fu_1631.grp_rdc_mont_140_fu_116,grp_rdc_mont_140_Pipeline_VITIS_LOOP_182_1_fu_192,,module_status437.csv
grp_EphemeralKeyGeneration_A_1_fu_249.grp_fp2sqr503_mont_2_fu_1631.grp_rdc_mont_140_fu_116,grp_rdc_mont_140_Pipeline_VITIS_LOOP_187_3_fu_199,,module_status438.csv
grp_EphemeralKeyGeneration_A_1_fu_249.grp_fp2sqr503_mont_2_fu_1631.grp_rdc_mont_140_fu_116,grp_rdc_mont_140_Pipeline_VITIS_LOOP_208_5_fu_216,,module_status439.csv
grp_EphemeralKeyGeneration_A_1_fu_249,grp_EphemeralKeyGeneration_A_1_Outline_VITIS_LOOP_130_4_fu_1641,,module_status440.csv
grp_EphemeralKeyGeneration_A_1_fu_249.grp_EphemeralKeyGeneration_A_1_Outline_VITIS_LOOP_130_4_fu_1641,grp_fpadd503_150_fu_82,,module_status441.csv
grp_EphemeralKeyGeneration_A_1_fu_249.grp_EphemeralKeyGeneration_A_1_Outline_VITIS_LOOP_130_4_fu_1641.grp_fpadd503_150_fu_82,grp_fpadd503_150_Pipeline_VITIS_LOOP_23_1_fu_70,,module_status442.csv
grp_EphemeralKeyGeneration_A_1_fu_249.grp_EphemeralKeyGeneration_A_1_Outline_VITIS_LOOP_130_4_fu_1641.grp_fpadd503_150_fu_82,grp_fpadd503_150_Pipeline_VITIS_LOOP_28_2_fu_83,,module_status443.csv
grp_EphemeralKeyGeneration_A_1_fu_249.grp_EphemeralKeyGeneration_A_1_Outline_VITIS_LOOP_130_4_fu_1641.grp_fpadd503_150_fu_82,grp_fpadd503_150_Pipeline_VITIS_LOOP_34_3_fu_93,,module_status444.csv
grp_EphemeralKeyGeneration_A_1_fu_249.grp_EphemeralKeyGeneration_A_1_Outline_VITIS_LOOP_130_4_fu_1641,grp_fpsub503_144_fu_104,,module_status445.csv
grp_EphemeralKeyGeneration_A_1_fu_249.grp_EphemeralKeyGeneration_A_1_Outline_VITIS_LOOP_130_4_fu_1641.grp_fpsub503_144_fu_104,grp_fpsub503_144_Pipeline_VITIS_LOOP_47_1_fu_68,,module_status446.csv
grp_EphemeralKeyGeneration_A_1_fu_249.grp_EphemeralKeyGeneration_A_1_Outline_VITIS_LOOP_130_4_fu_1641.grp_fpsub503_144_fu_104,grp_fpsub503_144_Pipeline_VITIS_LOOP_53_2_fu_82,,module_status447.csv
grp_EphemeralKeyGeneration_A_1_fu_249.grp_EphemeralKeyGeneration_A_1_Outline_VITIS_LOOP_130_4_fu_1641,grp_fp2mul503_mont_6_fu_126,,module_status448.csv
grp_EphemeralKeyGeneration_A_1_fu_249.grp_EphemeralKeyGeneration_A_1_Outline_VITIS_LOOP_130_4_fu_1641.grp_fp2mul503_mont_6_fu_126,grp_mp_mul_5_fu_82,,module_status449.csv
grp_EphemeralKeyGeneration_A_1_fu_249.grp_EphemeralKeyGeneration_A_1_Outline_VITIS_LOOP_130_4_fu_1641.grp_fp2mul503_mont_6_fu_126.grp_mp_mul_5_fu_82,grp_mp_mul_5_Pipeline_VITIS_LOOP_145_2_fu_138,,module_status450.csv
grp_EphemeralKeyGeneration_A_1_fu_249.grp_EphemeralKeyGeneration_A_1_Outline_VITIS_LOOP_130_4_fu_1641.grp_fp2mul503_mont_6_fu_126.grp_mp_mul_5_fu_82,grp_mp_mul_5_Pipeline_VITIS_LOOP_159_4_fu_155,,module_status451.csv
grp_EphemeralKeyGeneration_A_1_fu_249.grp_EphemeralKeyGeneration_A_1_Outline_VITIS_LOOP_130_4_fu_1641.grp_fp2mul503_mont_6_fu_126,grp_fp2mul503_mont_6_Pipeline_VITIS_LOOP_350_1_fu_97,,module_status452.csv
grp_EphemeralKeyGeneration_A_1_fu_249.grp_EphemeralKeyGeneration_A_1_Outline_VITIS_LOOP_130_4_fu_1641.grp_fp2mul503_mont_6_fu_126,grp_fp2mul503_mont_6_Pipeline_VITIS_LOOP_350_1164_fu_104,,module_status453.csv
grp_EphemeralKeyGeneration_A_1_fu_249.grp_EphemeralKeyGeneration_A_1_Outline_VITIS_LOOP_130_4_fu_1641.grp_fp2mul503_mont_6_fu_126,grp_fp2mul503_mont_6_Pipeline_VITIS_LOOP_170_1_fu_113,,module_status454.csv
grp_EphemeralKeyGeneration_A_1_fu_249.grp_EphemeralKeyGeneration_A_1_Outline_VITIS_LOOP_130_4_fu_1641.grp_fp2mul503_mont_6_fu_126,grp_fp2mul503_mont_6_Pipeline_VITIS_LOOP_200_1_fu_121,,module_status455.csv
grp_EphemeralKeyGeneration_A_1_fu_249.grp_EphemeralKeyGeneration_A_1_Outline_VITIS_LOOP_130_4_fu_1641.grp_fp2mul503_mont_6_fu_126,grp_fp2mul503_mont_6_Pipeline_VITIS_LOOP_350_1165_fu_129,,module_status456.csv
grp_EphemeralKeyGeneration_A_1_fu_249.grp_EphemeralKeyGeneration_A_1_Outline_VITIS_LOOP_130_4_fu_1641.grp_fp2mul503_mont_6_fu_126,grp_rdc_mont_138_fu_135,,module_status457.csv
grp_EphemeralKeyGeneration_A_1_fu_249.grp_EphemeralKeyGeneration_A_1_Outline_VITIS_LOOP_130_4_fu_1641.grp_fp2mul503_mont_6_fu_126.grp_rdc_mont_138_fu_135,grp_rdc_mont_138_Pipeline_VITIS_LOOP_182_1_fu_202,,module_status458.csv
grp_EphemeralKeyGeneration_A_1_fu_249.grp_EphemeralKeyGeneration_A_1_Outline_VITIS_LOOP_130_4_fu_1641.grp_fp2mul503_mont_6_fu_126.grp_rdc_mont_138_fu_135,grp_rdc_mont_138_Pipeline_VITIS_LOOP_187_3_fu_209,,module_status459.csv
grp_EphemeralKeyGeneration_A_1_fu_249.grp_EphemeralKeyGeneration_A_1_Outline_VITIS_LOOP_130_4_fu_1641.grp_fp2mul503_mont_6_fu_126.grp_rdc_mont_138_fu_135,grp_rdc_mont_138_Pipeline_VITIS_LOOP_208_5_fu_227,,module_status460.csv
grp_EphemeralKeyGeneration_A_1_fu_249.grp_EphemeralKeyGeneration_A_1_Outline_VITIS_LOOP_130_4_fu_1641.grp_fp2mul503_mont_6_fu_126,grp_mp_mul_152_fu_149,,module_status461.csv
grp_EphemeralKeyGeneration_A_1_fu_249.grp_EphemeralKeyGeneration_A_1_Outline_VITIS_LOOP_130_4_fu_1641.grp_fp2mul503_mont_6_fu_126.grp_mp_mul_152_fu_149,grp_mp_mul_152_Pipeline_VITIS_LOOP_145_2_fu_112,,module_status462.csv
grp_EphemeralKeyGeneration_A_1_fu_249.grp_EphemeralKeyGeneration_A_1_Outline_VITIS_LOOP_130_4_fu_1641.grp_fp2mul503_mont_6_fu_126.grp_mp_mul_152_fu_149,grp_mp_mul_152_Pipeline_VITIS_LOOP_159_4_fu_127,,module_status463.csv
grp_EphemeralKeyGeneration_A_1_fu_249.grp_EphemeralKeyGeneration_A_1_Outline_VITIS_LOOP_130_4_fu_1641.grp_fp2mul503_mont_6_fu_126,grp_fp2mul503_mont_6_Pipeline_VITIS_LOOP_170_1166_fu_156,,module_status464.csv
grp_EphemeralKeyGeneration_A_1_fu_249.grp_EphemeralKeyGeneration_A_1_Outline_VITIS_LOOP_130_4_fu_1641,grp_fp2mul503_mont_133_2_fu_144,,module_status465.csv
grp_EphemeralKeyGeneration_A_1_fu_249.grp_EphemeralKeyGeneration_A_1_Outline_VITIS_LOOP_130_4_fu_1641.grp_fp2mul503_mont_133_2_fu_144,grp_mp_mul_148_fu_56,,module_status466.csv
grp_EphemeralKeyGeneration_A_1_fu_249.grp_EphemeralKeyGeneration_A_1_Outline_VITIS_LOOP_130_4_fu_1641.grp_fp2mul503_mont_133_2_fu_144.grp_mp_mul_148_fu_56,grp_mp_mul_148_Pipeline_VITIS_LOOP_145_2_fu_134,,module_status467.csv
grp_EphemeralKeyGeneration_A_1_fu_249.grp_EphemeralKeyGeneration_A_1_Outline_VITIS_LOOP_130_4_fu_1641.grp_fp2mul503_mont_133_2_fu_144.grp_mp_mul_148_fu_56,grp_mp_mul_148_Pipeline_VITIS_LOOP_159_4_fu_151,,module_status468.csv
grp_EphemeralKeyGeneration_A_1_fu_249.grp_EphemeralKeyGeneration_A_1_Outline_VITIS_LOOP_130_4_fu_1641.grp_fp2mul503_mont_133_2_fu_144,grp_fp2mul503_mont_133_2_Pipeline_VITIS_LOOP_350_1_fu_72,,module_status469.csv
grp_EphemeralKeyGeneration_A_1_fu_249.grp_EphemeralKeyGeneration_A_1_Outline_VITIS_LOOP_130_4_fu_1641.grp_fp2mul503_mont_133_2_fu_144,grp_fp2mul503_mont_133_2_Pipeline_VITIS_LOOP_350_1182_fu_79,,module_status470.csv
grp_EphemeralKeyGeneration_A_1_fu_249.grp_EphemeralKeyGeneration_A_1_Outline_VITIS_LOOP_130_4_fu_1641.grp_fp2mul503_mont_133_2_fu_144,grp_fp2mul503_mont_133_2_Pipeline_VITIS_LOOP_170_1_fu_86,,module_status471.csv
grp_EphemeralKeyGeneration_A_1_fu_249.grp_EphemeralKeyGeneration_A_1_Outline_VITIS_LOOP_130_4_fu_1641.grp_fp2mul503_mont_133_2_fu_144,grp_fp2mul503_mont_133_2_Pipeline_VITIS_LOOP_200_1_fu_94,,module_status472.csv
grp_EphemeralKeyGeneration_A_1_fu_249.grp_EphemeralKeyGeneration_A_1_Outline_VITIS_LOOP_130_4_fu_1641.grp_fp2mul503_mont_133_2_fu_144,grp_fp2mul503_mont_133_2_Pipeline_VITIS_LOOP_350_1183_fu_102,,module_status473.csv
grp_EphemeralKeyGeneration_A_1_fu_249.grp_EphemeralKeyGeneration_A_1_Outline_VITIS_LOOP_130_4_fu_1641.grp_fp2mul503_mont_133_2_fu_144,grp_rdc_mont_140_fu_108,,module_status474.csv
grp_EphemeralKeyGeneration_A_1_fu_249.grp_EphemeralKeyGeneration_A_1_Outline_VITIS_LOOP_130_4_fu_1641.grp_fp2mul503_mont_133_2_fu_144.grp_rdc_mont_140_fu_108,grp_rdc_mont_140_Pipeline_VITIS_LOOP_182_1_fu_192,,module_status475.csv
grp_EphemeralKeyGeneration_A_1_fu_249.grp_EphemeralKeyGeneration_A_1_Outline_VITIS_LOOP_130_4_fu_1641.grp_fp2mul503_mont_133_2_fu_144.grp_rdc_mont_140_fu_108,grp_rdc_mont_140_Pipeline_VITIS_LOOP_187_3_fu_199,,module_status476.csv
grp_EphemeralKeyGeneration_A_1_fu_249.grp_EphemeralKeyGeneration_A_1_Outline_VITIS_LOOP_130_4_fu_1641.grp_fp2mul503_mont_133_2_fu_144.grp_rdc_mont_140_fu_108,grp_rdc_mont_140_Pipeline_VITIS_LOOP_208_5_fu_216,,module_status477.csv
grp_EphemeralKeyGeneration_A_1_fu_249.grp_EphemeralKeyGeneration_A_1_Outline_VITIS_LOOP_130_4_fu_1641.grp_fp2mul503_mont_133_2_fu_144,grp_mp_mul_152_fu_120,,module_status478.csv
grp_EphemeralKeyGeneration_A_1_fu_249.grp_EphemeralKeyGeneration_A_1_Outline_VITIS_LOOP_130_4_fu_1641.grp_fp2mul503_mont_133_2_fu_144.grp_mp_mul_152_fu_120,grp_mp_mul_152_Pipeline_VITIS_LOOP_145_2_fu_112,,module_status479.csv
grp_EphemeralKeyGeneration_A_1_fu_249.grp_EphemeralKeyGeneration_A_1_Outline_VITIS_LOOP_130_4_fu_1641.grp_fp2mul503_mont_133_2_fu_144.grp_mp_mul_152_fu_120,grp_mp_mul_152_Pipeline_VITIS_LOOP_159_4_fu_127,,module_status480.csv
grp_EphemeralKeyGeneration_A_1_fu_249.grp_EphemeralKeyGeneration_A_1_Outline_VITIS_LOOP_130_4_fu_1641.grp_fp2mul503_mont_133_2_fu_144,grp_fp2mul503_mont_133_2_Pipeline_VITIS_LOOP_170_1184_fu_127,,module_status481.csv
grp_EphemeralKeyGeneration_A_1_fu_249.grp_EphemeralKeyGeneration_A_1_Outline_VITIS_LOOP_130_4_fu_1641,grp_fp2mul503_mont_7_fu_154,,module_status482.csv
grp_EphemeralKeyGeneration_A_1_fu_249.grp_EphemeralKeyGeneration_A_1_Outline_VITIS_LOOP_130_4_fu_1641.grp_fp2mul503_mont_7_fu_154,grp_mp_mul_10_fu_62,,module_status483.csv
grp_EphemeralKeyGeneration_A_1_fu_249.grp_EphemeralKeyGeneration_A_1_Outline_VITIS_LOOP_130_4_fu_1641.grp_fp2mul503_mont_7_fu_154.grp_mp_mul_10_fu_62,grp_mp_mul_10_Pipeline_VITIS_LOOP_145_2_fu_114,,module_status484.csv
grp_EphemeralKeyGeneration_A_1_fu_249.grp_EphemeralKeyGeneration_A_1_Outline_VITIS_LOOP_130_4_fu_1641.grp_fp2mul503_mont_7_fu_154.grp_mp_mul_10_fu_62,grp_mp_mul_10_Pipeline_VITIS_LOOP_159_4_fu_129,,module_status485.csv
grp_EphemeralKeyGeneration_A_1_fu_249.grp_EphemeralKeyGeneration_A_1_Outline_VITIS_LOOP_130_4_fu_1641.grp_fp2mul503_mont_7_fu_154,grp_mp_mul_5_fu_72,,module_status486.csv
grp_EphemeralKeyGeneration_A_1_fu_249.grp_EphemeralKeyGeneration_A_1_Outline_VITIS_LOOP_130_4_fu_1641.grp_fp2mul503_mont_7_fu_154.grp_mp_mul_5_fu_72,grp_mp_mul_5_Pipeline_VITIS_LOOP_145_2_fu_138,,module_status487.csv
grp_EphemeralKeyGeneration_A_1_fu_249.grp_EphemeralKeyGeneration_A_1_Outline_VITIS_LOOP_130_4_fu_1641.grp_fp2mul503_mont_7_fu_154.grp_mp_mul_5_fu_72,grp_mp_mul_5_Pipeline_VITIS_LOOP_159_4_fu_155,,module_status488.csv
grp_EphemeralKeyGeneration_A_1_fu_249.grp_EphemeralKeyGeneration_A_1_Outline_VITIS_LOOP_130_4_fu_1641.grp_fp2mul503_mont_7_fu_154,grp_fp2mul503_mont_7_Pipeline_VITIS_LOOP_350_1_fu_85,,module_status489.csv
grp_EphemeralKeyGeneration_A_1_fu_249.grp_EphemeralKeyGeneration_A_1_Outline_VITIS_LOOP_130_4_fu_1641.grp_fp2mul503_mont_7_fu_154,grp_fp2mul503_mont_7_Pipeline_VITIS_LOOP_350_1155_fu_92,,module_status490.csv
grp_EphemeralKeyGeneration_A_1_fu_249.grp_EphemeralKeyGeneration_A_1_Outline_VITIS_LOOP_130_4_fu_1641.grp_fp2mul503_mont_7_fu_154,grp_fp2mul503_mont_7_Pipeline_VITIS_LOOP_170_1_fu_99,,module_status491.csv
grp_EphemeralKeyGeneration_A_1_fu_249.grp_EphemeralKeyGeneration_A_1_Outline_VITIS_LOOP_130_4_fu_1641.grp_fp2mul503_mont_7_fu_154,grp_fp2mul503_mont_7_Pipeline_VITIS_LOOP_200_1_fu_107,,module_status492.csv
grp_EphemeralKeyGeneration_A_1_fu_249.grp_EphemeralKeyGeneration_A_1_Outline_VITIS_LOOP_130_4_fu_1641.grp_fp2mul503_mont_7_fu_154,grp_fp2mul503_mont_7_Pipeline_VITIS_LOOP_350_1156_fu_115,,module_status493.csv
grp_EphemeralKeyGeneration_A_1_fu_249.grp_EphemeralKeyGeneration_A_1_Outline_VITIS_LOOP_130_4_fu_1641.grp_fp2mul503_mont_7_fu_154,grp_rdc_mont_140_fu_121,,module_status494.csv
grp_EphemeralKeyGeneration_A_1_fu_249.grp_EphemeralKeyGeneration_A_1_Outline_VITIS_LOOP_130_4_fu_1641.grp_fp2mul503_mont_7_fu_154.grp_rdc_mont_140_fu_121,grp_rdc_mont_140_Pipeline_VITIS_LOOP_182_1_fu_192,,module_status495.csv
grp_EphemeralKeyGeneration_A_1_fu_249.grp_EphemeralKeyGeneration_A_1_Outline_VITIS_LOOP_130_4_fu_1641.grp_fp2mul503_mont_7_fu_154.grp_rdc_mont_140_fu_121,grp_rdc_mont_140_Pipeline_VITIS_LOOP_187_3_fu_199,,module_status496.csv
grp_EphemeralKeyGeneration_A_1_fu_249.grp_EphemeralKeyGeneration_A_1_Outline_VITIS_LOOP_130_4_fu_1641.grp_fp2mul503_mont_7_fu_154.grp_rdc_mont_140_fu_121,grp_rdc_mont_140_Pipeline_VITIS_LOOP_208_5_fu_216,,module_status497.csv
grp_EphemeralKeyGeneration_A_1_fu_249.grp_EphemeralKeyGeneration_A_1_Outline_VITIS_LOOP_130_4_fu_1641.grp_fp2mul503_mont_7_fu_154,grp_mp_mul_152_fu_133,,module_status498.csv
grp_EphemeralKeyGeneration_A_1_fu_249.grp_EphemeralKeyGeneration_A_1_Outline_VITIS_LOOP_130_4_fu_1641.grp_fp2mul503_mont_7_fu_154.grp_mp_mul_152_fu_133,grp_mp_mul_152_Pipeline_VITIS_LOOP_145_2_fu_112,,module_status499.csv
grp_EphemeralKeyGeneration_A_1_fu_249.grp_EphemeralKeyGeneration_A_1_Outline_VITIS_LOOP_130_4_fu_1641.grp_fp2mul503_mont_7_fu_154.grp_mp_mul_152_fu_133,grp_mp_mul_152_Pipeline_VITIS_LOOP_159_4_fu_127,,module_status500.csv
grp_EphemeralKeyGeneration_A_1_fu_249.grp_EphemeralKeyGeneration_A_1_Outline_VITIS_LOOP_130_4_fu_1641.grp_fp2mul503_mont_7_fu_154,grp_fp2mul503_mont_7_Pipeline_VITIS_LOOP_170_1157_fu_140,,module_status501.csv
grp_EphemeralKeyGeneration_A_1_fu_249.grp_EphemeralKeyGeneration_A_1_Outline_VITIS_LOOP_130_4_fu_1641,grp_fpsub503_144_275_fu_165,,module_status502.csv
grp_EphemeralKeyGeneration_A_1_fu_249.grp_EphemeralKeyGeneration_A_1_Outline_VITIS_LOOP_130_4_fu_1641.grp_fpsub503_144_275_fu_165,grp_fpsub503_144_275_Pipeline_VITIS_LOOP_47_1_fu_56,,module_status503.csv
grp_EphemeralKeyGeneration_A_1_fu_249.grp_EphemeralKeyGeneration_A_1_Outline_VITIS_LOOP_130_4_fu_1641.grp_fpsub503_144_275_fu_165,grp_fpsub503_144_275_Pipeline_VITIS_LOOP_53_2_fu_67,,module_status504.csv
grp_EphemeralKeyGeneration_A_1_fu_249.grp_EphemeralKeyGeneration_A_1_Outline_VITIS_LOOP_130_4_fu_1641,grp_fp2sqr503_mont_136_2_fu_183,,module_status505.csv
grp_EphemeralKeyGeneration_A_1_fu_249.grp_EphemeralKeyGeneration_A_1_Outline_VITIS_LOOP_130_4_fu_1641.grp_fp2sqr503_mont_136_2_fu_183,grp_fp2sqr503_mont_136_2_Pipeline_VITIS_LOOP_350_1_fu_54,,module_status506.csv
grp_EphemeralKeyGeneration_A_1_fu_249.grp_EphemeralKeyGeneration_A_1_Outline_VITIS_LOOP_130_4_fu_1641.grp_fp2sqr503_mont_136_2_fu_183,grp_fp2sqr503_mont_136_2_Pipeline_5_fu_62,,module_status507.csv
grp_EphemeralKeyGeneration_A_1_fu_249.grp_EphemeralKeyGeneration_A_1_Outline_VITIS_LOOP_130_4_fu_1641.grp_fp2sqr503_mont_136_2_fu_183,grp_fp2sqr503_mont_136_2_Pipeline_6_fu_68,,module_status508.csv
grp_EphemeralKeyGeneration_A_1_fu_249.grp_EphemeralKeyGeneration_A_1_Outline_VITIS_LOOP_130_4_fu_1641.grp_fp2sqr503_mont_136_2_fu_183,grp_fp2sqr503_mont_136_2_Pipeline_VITIS_LOOP_47_1_fu_74,,module_status509.csv
grp_EphemeralKeyGeneration_A_1_fu_249.grp_EphemeralKeyGeneration_A_1_Outline_VITIS_LOOP_130_4_fu_1641.grp_fp2sqr503_mont_136_2_fu_183,grp_fp2sqr503_mont_136_2_Pipeline_VITIS_LOOP_53_2_fu_82,,module_status510.csv
grp_EphemeralKeyGeneration_A_1_fu_249.grp_EphemeralKeyGeneration_A_1_Outline_VITIS_LOOP_130_4_fu_1641.grp_fp2sqr503_mont_136_2_fu_183,grp_fp2sqr503_mont_136_2_Pipeline_VITIS_LOOP_350_1134_fu_90,,module_status511.csv
grp_EphemeralKeyGeneration_A_1_fu_249.grp_EphemeralKeyGeneration_A_1_Outline_VITIS_LOOP_130_4_fu_1641.grp_fp2sqr503_mont_136_2_fu_183,grp_mp_mul_152_fu_97,,module_status512.csv
grp_EphemeralKeyGeneration_A_1_fu_249.grp_EphemeralKeyGeneration_A_1_Outline_VITIS_LOOP_130_4_fu_1641.grp_fp2sqr503_mont_136_2_fu_183.grp_mp_mul_152_fu_97,grp_mp_mul_152_Pipeline_VITIS_LOOP_145_2_fu_112,,module_status513.csv
grp_EphemeralKeyGeneration_A_1_fu_249.grp_EphemeralKeyGeneration_A_1_Outline_VITIS_LOOP_130_4_fu_1641.grp_fp2sqr503_mont_136_2_fu_183.grp_mp_mul_152_fu_97,grp_mp_mul_152_Pipeline_VITIS_LOOP_159_4_fu_127,,module_status514.csv
grp_EphemeralKeyGeneration_A_1_fu_249.grp_EphemeralKeyGeneration_A_1_Outline_VITIS_LOOP_130_4_fu_1641.grp_fp2sqr503_mont_136_2_fu_183,grp_rdc_mont_140_fu_104,,module_status515.csv
grp_EphemeralKeyGeneration_A_1_fu_249.grp_EphemeralKeyGeneration_A_1_Outline_VITIS_LOOP_130_4_fu_1641.grp_fp2sqr503_mont_136_2_fu_183.grp_rdc_mont_140_fu_104,grp_rdc_mont_140_Pipeline_VITIS_LOOP_182_1_fu_192,,module_status516.csv
grp_EphemeralKeyGeneration_A_1_fu_249.grp_EphemeralKeyGeneration_A_1_Outline_VITIS_LOOP_130_4_fu_1641.grp_fp2sqr503_mont_136_2_fu_183.grp_rdc_mont_140_fu_104,grp_rdc_mont_140_Pipeline_VITIS_LOOP_187_3_fu_199,,module_status517.csv
grp_EphemeralKeyGeneration_A_1_fu_249.grp_EphemeralKeyGeneration_A_1_Outline_VITIS_LOOP_130_4_fu_1641.grp_fp2sqr503_mont_136_2_fu_183.grp_rdc_mont_140_fu_104,grp_rdc_mont_140_Pipeline_VITIS_LOOP_208_5_fu_216,,module_status518.csv
grp_EphemeralKeyGeneration_A_1_fu_249.grp_EphemeralKeyGeneration_A_1_Outline_VITIS_LOOP_130_4_fu_1641.grp_fp2sqr503_mont_136_2_fu_183,grp_mp_mul_150_fu_116,,module_status519.csv
grp_EphemeralKeyGeneration_A_1_fu_249.grp_EphemeralKeyGeneration_A_1_Outline_VITIS_LOOP_130_4_fu_1641.grp_fp2sqr503_mont_136_2_fu_183.grp_mp_mul_150_fu_116,grp_mp_mul_150_Pipeline_VITIS_LOOP_145_2_fu_112,,module_status520.csv
grp_EphemeralKeyGeneration_A_1_fu_249.grp_EphemeralKeyGeneration_A_1_Outline_VITIS_LOOP_130_4_fu_1641.grp_fp2sqr503_mont_136_2_fu_183.grp_mp_mul_150_fu_116,grp_mp_mul_150_Pipeline_VITIS_LOOP_159_4_fu_127,,module_status521.csv
grp_EphemeralKeyGeneration_A_1_fu_249.grp_EphemeralKeyGeneration_A_1_Outline_VITIS_LOOP_130_4_fu_1641,grp_fp2sqr503_mont_135_fu_192,,module_status522.csv
grp_EphemeralKeyGeneration_A_1_fu_249.grp_EphemeralKeyGeneration_A_1_Outline_VITIS_LOOP_130_4_fu_1641.grp_fp2sqr503_mont_135_fu_192,grp_fp2sqr503_mont_135_Pipeline_VITIS_LOOP_350_1_fu_68,,module_status523.csv
grp_EphemeralKeyGeneration_A_1_fu_249.grp_EphemeralKeyGeneration_A_1_Outline_VITIS_LOOP_130_4_fu_1641.grp_fp2sqr503_mont_135_fu_192,grp_fp2sqr503_mont_135_Pipeline_5_fu_78,,module_status524.csv
grp_EphemeralKeyGeneration_A_1_fu_249.grp_EphemeralKeyGeneration_A_1_Outline_VITIS_LOOP_130_4_fu_1641.grp_fp2sqr503_mont_135_fu_192,grp_fp2sqr503_mont_135_Pipeline_6_fu_84,,module_status525.csv
grp_EphemeralKeyGeneration_A_1_fu_249.grp_EphemeralKeyGeneration_A_1_Outline_VITIS_LOOP_130_4_fu_1641.grp_fp2sqr503_mont_135_fu_192,grp_fp2sqr503_mont_135_Pipeline_VITIS_LOOP_47_1_fu_90,,module_status526.csv
grp_EphemeralKeyGeneration_A_1_fu_249.grp_EphemeralKeyGeneration_A_1_Outline_VITIS_LOOP_130_4_fu_1641.grp_fp2sqr503_mont_135_fu_192,grp_fp2sqr503_mont_135_Pipeline_VITIS_LOOP_53_2_fu_100,,module_status527.csv
grp_EphemeralKeyGeneration_A_1_fu_249.grp_EphemeralKeyGeneration_A_1_Outline_VITIS_LOOP_130_4_fu_1641.grp_fp2sqr503_mont_135_fu_192,grp_fp2sqr503_mont_135_Pipeline_VITIS_LOOP_350_1137_fu_108,,module_status528.csv
grp_EphemeralKeyGeneration_A_1_fu_249.grp_EphemeralKeyGeneration_A_1_Outline_VITIS_LOOP_130_4_fu_1641.grp_fp2sqr503_mont_135_fu_192,grp_mp_mul_152_fu_116,,module_status529.csv
grp_EphemeralKeyGeneration_A_1_fu_249.grp_EphemeralKeyGeneration_A_1_Outline_VITIS_LOOP_130_4_fu_1641.grp_fp2sqr503_mont_135_fu_192.grp_mp_mul_152_fu_116,grp_mp_mul_152_Pipeline_VITIS_LOOP_145_2_fu_112,,module_status530.csv
grp_EphemeralKeyGeneration_A_1_fu_249.grp_EphemeralKeyGeneration_A_1_Outline_VITIS_LOOP_130_4_fu_1641.grp_fp2sqr503_mont_135_fu_192.grp_mp_mul_152_fu_116,grp_mp_mul_152_Pipeline_VITIS_LOOP_159_4_fu_127,,module_status531.csv
grp_EphemeralKeyGeneration_A_1_fu_249.grp_EphemeralKeyGeneration_A_1_Outline_VITIS_LOOP_130_4_fu_1641.grp_fp2sqr503_mont_135_fu_192,grp_rdc_mont_138_fu_123,,module_status532.csv
grp_EphemeralKeyGeneration_A_1_fu_249.grp_EphemeralKeyGeneration_A_1_Outline_VITIS_LOOP_130_4_fu_1641.grp_fp2sqr503_mont_135_fu_192.grp_rdc_mont_138_fu_123,grp_rdc_mont_138_Pipeline_VITIS_LOOP_182_1_fu_202,,module_status533.csv
grp_EphemeralKeyGeneration_A_1_fu_249.grp_EphemeralKeyGeneration_A_1_Outline_VITIS_LOOP_130_4_fu_1641.grp_fp2sqr503_mont_135_fu_192.grp_rdc_mont_138_fu_123,grp_rdc_mont_138_Pipeline_VITIS_LOOP_187_3_fu_209,,module_status534.csv
grp_EphemeralKeyGeneration_A_1_fu_249.grp_EphemeralKeyGeneration_A_1_Outline_VITIS_LOOP_130_4_fu_1641.grp_fp2sqr503_mont_135_fu_192.grp_rdc_mont_138_fu_123,grp_rdc_mont_138_Pipeline_VITIS_LOOP_208_5_fu_227,,module_status535.csv
grp_EphemeralKeyGeneration_A_1_fu_249.grp_EphemeralKeyGeneration_A_1_Outline_VITIS_LOOP_130_4_fu_1641.grp_fp2sqr503_mont_135_fu_192,grp_mp_mul_142_fu_136,,module_status536.csv
grp_EphemeralKeyGeneration_A_1_fu_249.grp_EphemeralKeyGeneration_A_1_Outline_VITIS_LOOP_130_4_fu_1641.grp_fp2sqr503_mont_135_fu_192.grp_mp_mul_142_fu_136,grp_mp_mul_142_Pipeline_VITIS_LOOP_145_2_fu_124,,module_status537.csv
grp_EphemeralKeyGeneration_A_1_fu_249.grp_EphemeralKeyGeneration_A_1_Outline_VITIS_LOOP_130_4_fu_1641.grp_fp2sqr503_mont_135_fu_192.grp_mp_mul_142_fu_136,grp_mp_mul_142_Pipeline_VITIS_LOOP_159_4_fu_140,,module_status538.csv
grp_EphemeralKeyGeneration_A_1_fu_249.grp_EphemeralKeyGeneration_A_1_Outline_VITIS_LOOP_130_4_fu_1641,grp_fpadd503_149_fu_203,,module_status539.csv
grp_EphemeralKeyGeneration_A_1_fu_249.grp_EphemeralKeyGeneration_A_1_Outline_VITIS_LOOP_130_4_fu_1641.grp_fpadd503_149_fu_203,grp_fpadd503_149_Pipeline_VITIS_LOOP_23_1_fu_62,,module_status540.csv
grp_EphemeralKeyGeneration_A_1_fu_249.grp_EphemeralKeyGeneration_A_1_Outline_VITIS_LOOP_130_4_fu_1641.grp_fpadd503_149_fu_203,grp_fpadd503_149_Pipeline_VITIS_LOOP_28_2_fu_75,,module_status541.csv
grp_EphemeralKeyGeneration_A_1_fu_249.grp_EphemeralKeyGeneration_A_1_Outline_VITIS_LOOP_130_4_fu_1641.grp_fpadd503_149_fu_203,grp_fpadd503_149_Pipeline_VITIS_LOOP_34_3_fu_85,,module_status542.csv
grp_EphemeralKeyGeneration_A_1_fu_249.grp_EphemeralKeyGeneration_A_1_Outline_VITIS_LOOP_130_4_fu_1641,grp_fpsub503_144_1_fu_223,,module_status543.csv
grp_EphemeralKeyGeneration_A_1_fu_249.grp_EphemeralKeyGeneration_A_1_Outline_VITIS_LOOP_130_4_fu_1641.grp_fpsub503_144_1_fu_223,grp_fpsub503_144_1_Pipeline_VITIS_LOOP_47_1_fu_50,,module_status544.csv
grp_EphemeralKeyGeneration_A_1_fu_249.grp_EphemeralKeyGeneration_A_1_Outline_VITIS_LOOP_130_4_fu_1641.grp_fpsub503_144_1_fu_223,grp_fpsub503_144_1_Pipeline_VITIS_LOOP_53_2_fu_61,,module_status545.csv
grp_EphemeralKeyGeneration_A_1_fu_249.grp_EphemeralKeyGeneration_A_1_Outline_VITIS_LOOP_130_4_fu_1641,grp_fp2mul503_mont_132_fu_239,,module_status546.csv
grp_EphemeralKeyGeneration_A_1_fu_249.grp_EphemeralKeyGeneration_A_1_Outline_VITIS_LOOP_130_4_fu_1641.grp_fp2mul503_mont_132_fu_239,grp_mp_mul_141_fu_70,,module_status547.csv
grp_EphemeralKeyGeneration_A_1_fu_249.grp_EphemeralKeyGeneration_A_1_Outline_VITIS_LOOP_130_4_fu_1641.grp_fp2mul503_mont_132_fu_239.grp_mp_mul_141_fu_70,grp_mp_mul_141_Pipeline_VITIS_LOOP_145_2_fu_146,,module_status548.csv
grp_EphemeralKeyGeneration_A_1_fu_249.grp_EphemeralKeyGeneration_A_1_Outline_VITIS_LOOP_130_4_fu_1641.grp_fp2mul503_mont_132_fu_239.grp_mp_mul_141_fu_70,grp_mp_mul_141_Pipeline_VITIS_LOOP_159_4_fu_163,,module_status549.csv
grp_EphemeralKeyGeneration_A_1_fu_249.grp_EphemeralKeyGeneration_A_1_Outline_VITIS_LOOP_130_4_fu_1641.grp_fp2mul503_mont_132_fu_239,grp_fp2mul503_mont_132_Pipeline_VITIS_LOOP_350_1_fu_88,,module_status550.csv
grp_EphemeralKeyGeneration_A_1_fu_249.grp_EphemeralKeyGeneration_A_1_Outline_VITIS_LOOP_130_4_fu_1641.grp_fp2mul503_mont_132_fu_239,grp_fp2mul503_mont_132_Pipeline_VITIS_LOOP_350_1191_fu_97,,module_status551.csv
grp_EphemeralKeyGeneration_A_1_fu_249.grp_EphemeralKeyGeneration_A_1_Outline_VITIS_LOOP_130_4_fu_1641.grp_fp2mul503_mont_132_fu_239,grp_fp2mul503_mont_132_Pipeline_VITIS_LOOP_170_1_fu_104,,module_status552.csv
grp_EphemeralKeyGeneration_A_1_fu_249.grp_EphemeralKeyGeneration_A_1_Outline_VITIS_LOOP_130_4_fu_1641.grp_fp2mul503_mont_132_fu_239,grp_fp2mul503_mont_132_Pipeline_VITIS_LOOP_200_1_fu_112,,module_status553.csv
grp_EphemeralKeyGeneration_A_1_fu_249.grp_EphemeralKeyGeneration_A_1_Outline_VITIS_LOOP_130_4_fu_1641.grp_fp2mul503_mont_132_fu_239,grp_fp2mul503_mont_132_Pipeline_VITIS_LOOP_350_1192_fu_120,,module_status554.csv
grp_EphemeralKeyGeneration_A_1_fu_249.grp_EphemeralKeyGeneration_A_1_Outline_VITIS_LOOP_130_4_fu_1641.grp_fp2mul503_mont_132_fu_239,grp_rdc_mont_138_fu_126,,module_status555.csv
grp_EphemeralKeyGeneration_A_1_fu_249.grp_EphemeralKeyGeneration_A_1_Outline_VITIS_LOOP_130_4_fu_1641.grp_fp2mul503_mont_132_fu_239.grp_rdc_mont_138_fu_126,grp_rdc_mont_138_Pipeline_VITIS_LOOP_182_1_fu_202,,module_status556.csv
grp_EphemeralKeyGeneration_A_1_fu_249.grp_EphemeralKeyGeneration_A_1_Outline_VITIS_LOOP_130_4_fu_1641.grp_fp2mul503_mont_132_fu_239.grp_rdc_mont_138_fu_126,grp_rdc_mont_138_Pipeline_VITIS_LOOP_187_3_fu_209,,module_status557.csv
grp_EphemeralKeyGeneration_A_1_fu_249.grp_EphemeralKeyGeneration_A_1_Outline_VITIS_LOOP_130_4_fu_1641.grp_fp2mul503_mont_132_fu_239.grp_rdc_mont_138_fu_126,grp_rdc_mont_138_Pipeline_VITIS_LOOP_208_5_fu_227,,module_status558.csv
grp_EphemeralKeyGeneration_A_1_fu_249.grp_EphemeralKeyGeneration_A_1_Outline_VITIS_LOOP_130_4_fu_1641.grp_fp2mul503_mont_132_fu_239,grp_mp_mul_152_fu_139,,module_status559.csv
grp_EphemeralKeyGeneration_A_1_fu_249.grp_EphemeralKeyGeneration_A_1_Outline_VITIS_LOOP_130_4_fu_1641.grp_fp2mul503_mont_132_fu_239.grp_mp_mul_152_fu_139,grp_mp_mul_152_Pipeline_VITIS_LOOP_145_2_fu_112,,module_status560.csv
grp_EphemeralKeyGeneration_A_1_fu_249.grp_EphemeralKeyGeneration_A_1_Outline_VITIS_LOOP_130_4_fu_1641.grp_fp2mul503_mont_132_fu_239.grp_mp_mul_152_fu_139,grp_mp_mul_152_Pipeline_VITIS_LOOP_159_4_fu_127,,module_status561.csv
grp_EphemeralKeyGeneration_A_1_fu_249.grp_EphemeralKeyGeneration_A_1_Outline_VITIS_LOOP_130_4_fu_1641.grp_fp2mul503_mont_132_fu_239,grp_fp2mul503_mont_132_Pipeline_VITIS_LOOP_170_1193_fu_146,,module_status562.csv
grp_EphemeralKeyGeneration_A_1_fu_249,grp_eval_4_isog_2_fu_1655,,module_status563.csv
grp_EphemeralKeyGeneration_A_1_fu_249.grp_eval_4_isog_2_fu_1655,grp_fpadd503_15184_fu_54,,module_status564.csv
grp_EphemeralKeyGeneration_A_1_fu_249.grp_eval_4_isog_2_fu_1655.grp_fpadd503_15184_fu_54,grp_fpadd503_15184_Pipeline_VITIS_LOOP_23_1_fu_50,,module_status565.csv
grp_EphemeralKeyGeneration_A_1_fu_249.grp_eval_4_isog_2_fu_1655.grp_fpadd503_15184_fu_54,grp_fpadd503_15184_Pipeline_VITIS_LOOP_28_2_fu_63,,module_status566.csv
grp_EphemeralKeyGeneration_A_1_fu_249.grp_eval_4_isog_2_fu_1655.grp_fpadd503_15184_fu_54,grp_fpadd503_15184_Pipeline_VITIS_LOOP_34_3_fu_73,,module_status567.csv
grp_EphemeralKeyGeneration_A_1_fu_249.grp_eval_4_isog_2_fu_1655,grp_fpsub503_14682_fu_75,,module_status568.csv
grp_EphemeralKeyGeneration_A_1_fu_249.grp_eval_4_isog_2_fu_1655.grp_fpsub503_14682_fu_75,grp_fpsub503_14682_Pipeline_VITIS_LOOP_47_1_fu_48,,module_status569.csv
grp_EphemeralKeyGeneration_A_1_fu_249.grp_eval_4_isog_2_fu_1655.grp_fpsub503_14682_fu_75,grp_fpsub503_14682_Pipeline_VITIS_LOOP_53_2_fu_62,,module_status570.csv
grp_EphemeralKeyGeneration_A_1_fu_249.grp_eval_4_isog_2_fu_1655,grp_fp2mul503_mont_781110_fu_95,,module_status571.csv
grp_EphemeralKeyGeneration_A_1_fu_249.grp_eval_4_isog_2_fu_1655.grp_fp2mul503_mont_781110_fu_95,grp_mp_mul_5_fu_72,,module_status572.csv
grp_EphemeralKeyGeneration_A_1_fu_249.grp_eval_4_isog_2_fu_1655.grp_fp2mul503_mont_781110_fu_95.grp_mp_mul_5_fu_72,grp_mp_mul_5_Pipeline_VITIS_LOOP_145_2_fu_138,,module_status573.csv
grp_EphemeralKeyGeneration_A_1_fu_249.grp_eval_4_isog_2_fu_1655.grp_fp2mul503_mont_781110_fu_95.grp_mp_mul_5_fu_72,grp_mp_mul_5_Pipeline_VITIS_LOOP_159_4_fu_155,,module_status574.csv
grp_EphemeralKeyGeneration_A_1_fu_249.grp_eval_4_isog_2_fu_1655.grp_fp2mul503_mont_781110_fu_95,grp_fp2mul503_mont_781110_Pipeline_VITIS_LOOP_350_1_fu_87,,module_status575.csv
grp_EphemeralKeyGeneration_A_1_fu_249.grp_eval_4_isog_2_fu_1655.grp_fp2mul503_mont_781110_fu_95,grp_fp2mul503_mont_781110_Pipeline_VITIS_LOOP_350_1143_fu_94,,module_status576.csv
grp_EphemeralKeyGeneration_A_1_fu_249.grp_eval_4_isog_2_fu_1655.grp_fp2mul503_mont_781110_fu_95,grp_fp2mul503_mont_781110_Pipeline_VITIS_LOOP_170_1_fu_103,,module_status577.csv
grp_EphemeralKeyGeneration_A_1_fu_249.grp_eval_4_isog_2_fu_1655.grp_fp2mul503_mont_781110_fu_95,grp_fp2mul503_mont_781110_Pipeline_VITIS_LOOP_200_1_fu_111,,module_status578.csv
grp_EphemeralKeyGeneration_A_1_fu_249.grp_eval_4_isog_2_fu_1655.grp_fp2mul503_mont_781110_fu_95,grp_fp2mul503_mont_781110_Pipeline_VITIS_LOOP_350_1144_fu_119,,module_status579.csv
grp_EphemeralKeyGeneration_A_1_fu_249.grp_eval_4_isog_2_fu_1655.grp_fp2mul503_mont_781110_fu_95,grp_rdc_mont_14186_fu_125,,module_status580.csv
grp_EphemeralKeyGeneration_A_1_fu_249.grp_eval_4_isog_2_fu_1655.grp_fp2mul503_mont_781110_fu_95.grp_rdc_mont_14186_fu_125,grp_rdc_mont_14186_Pipeline_VITIS_LOOP_182_1_fu_192,,module_status581.csv
grp_EphemeralKeyGeneration_A_1_fu_249.grp_eval_4_isog_2_fu_1655.grp_fp2mul503_mont_781110_fu_95.grp_rdc_mont_14186_fu_125,grp_rdc_mont_14186_Pipeline_VITIS_LOOP_187_3_fu_199,,module_status582.csv
grp_EphemeralKeyGeneration_A_1_fu_249.grp_eval_4_isog_2_fu_1655.grp_fp2mul503_mont_781110_fu_95.grp_rdc_mont_14186_fu_125,grp_rdc_mont_14186_Pipeline_VITIS_LOOP_208_5_fu_216,,module_status583.csv
grp_EphemeralKeyGeneration_A_1_fu_249.grp_eval_4_isog_2_fu_1655.grp_fp2mul503_mont_781110_fu_95,grp_mp_mul_152_fu_137,,module_status584.csv
grp_EphemeralKeyGeneration_A_1_fu_249.grp_eval_4_isog_2_fu_1655.grp_fp2mul503_mont_781110_fu_95.grp_mp_mul_152_fu_137,grp_mp_mul_152_Pipeline_VITIS_LOOP_145_2_fu_112,,module_status585.csv
grp_EphemeralKeyGeneration_A_1_fu_249.grp_eval_4_isog_2_fu_1655.grp_fp2mul503_mont_781110_fu_95.grp_mp_mul_152_fu_137,grp_mp_mul_152_Pipeline_VITIS_LOOP_159_4_fu_127,,module_status586.csv
grp_EphemeralKeyGeneration_A_1_fu_249.grp_eval_4_isog_2_fu_1655.grp_fp2mul503_mont_781110_fu_95,grp_fp2mul503_mont_781110_Pipeline_VITIS_LOOP_170_1145_fu_144,,module_status587.csv
grp_EphemeralKeyGeneration_A_1_fu_249.grp_eval_4_isog_2_fu_1655,grp_fp2mul503_mont_133_2_fu_112,,module_status588.csv
grp_EphemeralKeyGeneration_A_1_fu_249.grp_eval_4_isog_2_fu_1655.grp_fp2mul503_mont_133_2_fu_112,grp_mp_mul_148_fu_56,,module_status589.csv
grp_EphemeralKeyGeneration_A_1_fu_249.grp_eval_4_isog_2_fu_1655.grp_fp2mul503_mont_133_2_fu_112.grp_mp_mul_148_fu_56,grp_mp_mul_148_Pipeline_VITIS_LOOP_145_2_fu_134,,module_status590.csv
grp_EphemeralKeyGeneration_A_1_fu_249.grp_eval_4_isog_2_fu_1655.grp_fp2mul503_mont_133_2_fu_112.grp_mp_mul_148_fu_56,grp_mp_mul_148_Pipeline_VITIS_LOOP_159_4_fu_151,,module_status591.csv
grp_EphemeralKeyGeneration_A_1_fu_249.grp_eval_4_isog_2_fu_1655.grp_fp2mul503_mont_133_2_fu_112,grp_fp2mul503_mont_133_2_Pipeline_VITIS_LOOP_350_1_fu_72,,module_status592.csv
grp_EphemeralKeyGeneration_A_1_fu_249.grp_eval_4_isog_2_fu_1655.grp_fp2mul503_mont_133_2_fu_112,grp_fp2mul503_mont_133_2_Pipeline_VITIS_LOOP_350_1182_fu_79,,module_status593.csv
grp_EphemeralKeyGeneration_A_1_fu_249.grp_eval_4_isog_2_fu_1655.grp_fp2mul503_mont_133_2_fu_112,grp_fp2mul503_mont_133_2_Pipeline_VITIS_LOOP_170_1_fu_86,,module_status594.csv
grp_EphemeralKeyGeneration_A_1_fu_249.grp_eval_4_isog_2_fu_1655.grp_fp2mul503_mont_133_2_fu_112,grp_fp2mul503_mont_133_2_Pipeline_VITIS_LOOP_200_1_fu_94,,module_status595.csv
grp_EphemeralKeyGeneration_A_1_fu_249.grp_eval_4_isog_2_fu_1655.grp_fp2mul503_mont_133_2_fu_112,grp_fp2mul503_mont_133_2_Pipeline_VITIS_LOOP_350_1183_fu_102,,module_status596.csv
grp_EphemeralKeyGeneration_A_1_fu_249.grp_eval_4_isog_2_fu_1655.grp_fp2mul503_mont_133_2_fu_112,grp_rdc_mont_140_fu_108,,module_status597.csv
grp_EphemeralKeyGeneration_A_1_fu_249.grp_eval_4_isog_2_fu_1655.grp_fp2mul503_mont_133_2_fu_112.grp_rdc_mont_140_fu_108,grp_rdc_mont_140_Pipeline_VITIS_LOOP_182_1_fu_192,,module_status598.csv
grp_EphemeralKeyGeneration_A_1_fu_249.grp_eval_4_isog_2_fu_1655.grp_fp2mul503_mont_133_2_fu_112.grp_rdc_mont_140_fu_108,grp_rdc_mont_140_Pipeline_VITIS_LOOP_187_3_fu_199,,module_status599.csv
grp_EphemeralKeyGeneration_A_1_fu_249.grp_eval_4_isog_2_fu_1655.grp_fp2mul503_mont_133_2_fu_112.grp_rdc_mont_140_fu_108,grp_rdc_mont_140_Pipeline_VITIS_LOOP_208_5_fu_216,,module_status600.csv
grp_EphemeralKeyGeneration_A_1_fu_249.grp_eval_4_isog_2_fu_1655.grp_fp2mul503_mont_133_2_fu_112,grp_mp_mul_152_fu_120,,module_status601.csv
grp_EphemeralKeyGeneration_A_1_fu_249.grp_eval_4_isog_2_fu_1655.grp_fp2mul503_mont_133_2_fu_112.grp_mp_mul_152_fu_120,grp_mp_mul_152_Pipeline_VITIS_LOOP_145_2_fu_112,,module_status602.csv
grp_EphemeralKeyGeneration_A_1_fu_249.grp_eval_4_isog_2_fu_1655.grp_fp2mul503_mont_133_2_fu_112.grp_mp_mul_152_fu_120,grp_mp_mul_152_Pipeline_VITIS_LOOP_159_4_fu_127,,module_status603.csv
grp_EphemeralKeyGeneration_A_1_fu_249.grp_eval_4_isog_2_fu_1655.grp_fp2mul503_mont_133_2_fu_112,grp_fp2mul503_mont_133_2_Pipeline_VITIS_LOOP_170_1184_fu_127,,module_status604.csv
grp_EphemeralKeyGeneration_A_1_fu_249.grp_eval_4_isog_2_fu_1655,grp_fp2mul503_mont_7_fu_122,,module_status605.csv
grp_EphemeralKeyGeneration_A_1_fu_249.grp_eval_4_isog_2_fu_1655.grp_fp2mul503_mont_7_fu_122,grp_mp_mul_10_fu_62,,module_status606.csv
grp_EphemeralKeyGeneration_A_1_fu_249.grp_eval_4_isog_2_fu_1655.grp_fp2mul503_mont_7_fu_122.grp_mp_mul_10_fu_62,grp_mp_mul_10_Pipeline_VITIS_LOOP_145_2_fu_114,,module_status607.csv
grp_EphemeralKeyGeneration_A_1_fu_249.grp_eval_4_isog_2_fu_1655.grp_fp2mul503_mont_7_fu_122.grp_mp_mul_10_fu_62,grp_mp_mul_10_Pipeline_VITIS_LOOP_159_4_fu_129,,module_status608.csv
grp_EphemeralKeyGeneration_A_1_fu_249.grp_eval_4_isog_2_fu_1655.grp_fp2mul503_mont_7_fu_122,grp_mp_mul_5_fu_72,,module_status609.csv
grp_EphemeralKeyGeneration_A_1_fu_249.grp_eval_4_isog_2_fu_1655.grp_fp2mul503_mont_7_fu_122.grp_mp_mul_5_fu_72,grp_mp_mul_5_Pipeline_VITIS_LOOP_145_2_fu_138,,module_status610.csv
grp_EphemeralKeyGeneration_A_1_fu_249.grp_eval_4_isog_2_fu_1655.grp_fp2mul503_mont_7_fu_122.grp_mp_mul_5_fu_72,grp_mp_mul_5_Pipeline_VITIS_LOOP_159_4_fu_155,,module_status611.csv
grp_EphemeralKeyGeneration_A_1_fu_249.grp_eval_4_isog_2_fu_1655.grp_fp2mul503_mont_7_fu_122,grp_fp2mul503_mont_7_Pipeline_VITIS_LOOP_350_1_fu_85,,module_status612.csv
grp_EphemeralKeyGeneration_A_1_fu_249.grp_eval_4_isog_2_fu_1655.grp_fp2mul503_mont_7_fu_122,grp_fp2mul503_mont_7_Pipeline_VITIS_LOOP_350_1155_fu_92,,module_status613.csv
grp_EphemeralKeyGeneration_A_1_fu_249.grp_eval_4_isog_2_fu_1655.grp_fp2mul503_mont_7_fu_122,grp_fp2mul503_mont_7_Pipeline_VITIS_LOOP_170_1_fu_99,,module_status614.csv
grp_EphemeralKeyGeneration_A_1_fu_249.grp_eval_4_isog_2_fu_1655.grp_fp2mul503_mont_7_fu_122,grp_fp2mul503_mont_7_Pipeline_VITIS_LOOP_200_1_fu_107,,module_status615.csv
grp_EphemeralKeyGeneration_A_1_fu_249.grp_eval_4_isog_2_fu_1655.grp_fp2mul503_mont_7_fu_122,grp_fp2mul503_mont_7_Pipeline_VITIS_LOOP_350_1156_fu_115,,module_status616.csv
grp_EphemeralKeyGeneration_A_1_fu_249.grp_eval_4_isog_2_fu_1655.grp_fp2mul503_mont_7_fu_122,grp_rdc_mont_140_fu_121,,module_status617.csv
grp_EphemeralKeyGeneration_A_1_fu_249.grp_eval_4_isog_2_fu_1655.grp_fp2mul503_mont_7_fu_122.grp_rdc_mont_140_fu_121,grp_rdc_mont_140_Pipeline_VITIS_LOOP_182_1_fu_192,,module_status618.csv
grp_EphemeralKeyGeneration_A_1_fu_249.grp_eval_4_isog_2_fu_1655.grp_fp2mul503_mont_7_fu_122.grp_rdc_mont_140_fu_121,grp_rdc_mont_140_Pipeline_VITIS_LOOP_187_3_fu_199,,module_status619.csv
grp_EphemeralKeyGeneration_A_1_fu_249.grp_eval_4_isog_2_fu_1655.grp_fp2mul503_mont_7_fu_122.grp_rdc_mont_140_fu_121,grp_rdc_mont_140_Pipeline_VITIS_LOOP_208_5_fu_216,,module_status620.csv
grp_EphemeralKeyGeneration_A_1_fu_249.grp_eval_4_isog_2_fu_1655.grp_fp2mul503_mont_7_fu_122,grp_mp_mul_152_fu_133,,module_status621.csv
grp_EphemeralKeyGeneration_A_1_fu_249.grp_eval_4_isog_2_fu_1655.grp_fp2mul503_mont_7_fu_122.grp_mp_mul_152_fu_133,grp_mp_mul_152_Pipeline_VITIS_LOOP_145_2_fu_112,,module_status622.csv
grp_EphemeralKeyGeneration_A_1_fu_249.grp_eval_4_isog_2_fu_1655.grp_fp2mul503_mont_7_fu_122.grp_mp_mul_152_fu_133,grp_mp_mul_152_Pipeline_VITIS_LOOP_159_4_fu_127,,module_status623.csv
grp_EphemeralKeyGeneration_A_1_fu_249.grp_eval_4_isog_2_fu_1655.grp_fp2mul503_mont_7_fu_122,grp_fp2mul503_mont_7_Pipeline_VITIS_LOOP_170_1157_fu_140,,module_status624.csv
grp_EphemeralKeyGeneration_A_1_fu_249.grp_eval_4_isog_2_fu_1655,grp_fpsub503_144_278_fu_133,,module_status625.csv
grp_EphemeralKeyGeneration_A_1_fu_249.grp_eval_4_isog_2_fu_1655.grp_fpsub503_144_278_fu_133,grp_fpsub503_144_278_Pipeline_VITIS_LOOP_47_1_fu_38,,module_status626.csv
grp_EphemeralKeyGeneration_A_1_fu_249.grp_eval_4_isog_2_fu_1655.grp_fpsub503_144_278_fu_133,grp_fpsub503_144_278_Pipeline_VITIS_LOOP_53_2_fu_49,,module_status627.csv
grp_EphemeralKeyGeneration_A_1_fu_249.grp_eval_4_isog_2_fu_1655,grp_fp2sqr503_mont_136_2_fu_149,,module_status628.csv
grp_EphemeralKeyGeneration_A_1_fu_249.grp_eval_4_isog_2_fu_1655.grp_fp2sqr503_mont_136_2_fu_149,grp_fp2sqr503_mont_136_2_Pipeline_VITIS_LOOP_350_1_fu_54,,module_status629.csv
grp_EphemeralKeyGeneration_A_1_fu_249.grp_eval_4_isog_2_fu_1655.grp_fp2sqr503_mont_136_2_fu_149,grp_fp2sqr503_mont_136_2_Pipeline_5_fu_62,,module_status630.csv
grp_EphemeralKeyGeneration_A_1_fu_249.grp_eval_4_isog_2_fu_1655.grp_fp2sqr503_mont_136_2_fu_149,grp_fp2sqr503_mont_136_2_Pipeline_6_fu_68,,module_status631.csv
grp_EphemeralKeyGeneration_A_1_fu_249.grp_eval_4_isog_2_fu_1655.grp_fp2sqr503_mont_136_2_fu_149,grp_fp2sqr503_mont_136_2_Pipeline_VITIS_LOOP_47_1_fu_74,,module_status632.csv
grp_EphemeralKeyGeneration_A_1_fu_249.grp_eval_4_isog_2_fu_1655.grp_fp2sqr503_mont_136_2_fu_149,grp_fp2sqr503_mont_136_2_Pipeline_VITIS_LOOP_53_2_fu_82,,module_status633.csv
grp_EphemeralKeyGeneration_A_1_fu_249.grp_eval_4_isog_2_fu_1655.grp_fp2sqr503_mont_136_2_fu_149,grp_fp2sqr503_mont_136_2_Pipeline_VITIS_LOOP_350_1134_fu_90,,module_status634.csv
grp_EphemeralKeyGeneration_A_1_fu_249.grp_eval_4_isog_2_fu_1655.grp_fp2sqr503_mont_136_2_fu_149,grp_mp_mul_152_fu_97,,module_status635.csv
grp_EphemeralKeyGeneration_A_1_fu_249.grp_eval_4_isog_2_fu_1655.grp_fp2sqr503_mont_136_2_fu_149.grp_mp_mul_152_fu_97,grp_mp_mul_152_Pipeline_VITIS_LOOP_145_2_fu_112,,module_status636.csv
grp_EphemeralKeyGeneration_A_1_fu_249.grp_eval_4_isog_2_fu_1655.grp_fp2sqr503_mont_136_2_fu_149.grp_mp_mul_152_fu_97,grp_mp_mul_152_Pipeline_VITIS_LOOP_159_4_fu_127,,module_status637.csv
grp_EphemeralKeyGeneration_A_1_fu_249.grp_eval_4_isog_2_fu_1655.grp_fp2sqr503_mont_136_2_fu_149,grp_rdc_mont_140_fu_104,,module_status638.csv
grp_EphemeralKeyGeneration_A_1_fu_249.grp_eval_4_isog_2_fu_1655.grp_fp2sqr503_mont_136_2_fu_149.grp_rdc_mont_140_fu_104,grp_rdc_mont_140_Pipeline_VITIS_LOOP_182_1_fu_192,,module_status639.csv
grp_EphemeralKeyGeneration_A_1_fu_249.grp_eval_4_isog_2_fu_1655.grp_fp2sqr503_mont_136_2_fu_149.grp_rdc_mont_140_fu_104,grp_rdc_mont_140_Pipeline_VITIS_LOOP_187_3_fu_199,,module_status640.csv
grp_EphemeralKeyGeneration_A_1_fu_249.grp_eval_4_isog_2_fu_1655.grp_fp2sqr503_mont_136_2_fu_149.grp_rdc_mont_140_fu_104,grp_rdc_mont_140_Pipeline_VITIS_LOOP_208_5_fu_216,,module_status641.csv
grp_EphemeralKeyGeneration_A_1_fu_249.grp_eval_4_isog_2_fu_1655.grp_fp2sqr503_mont_136_2_fu_149,grp_mp_mul_150_fu_116,,module_status642.csv
grp_EphemeralKeyGeneration_A_1_fu_249.grp_eval_4_isog_2_fu_1655.grp_fp2sqr503_mont_136_2_fu_149.grp_mp_mul_150_fu_116,grp_mp_mul_150_Pipeline_VITIS_LOOP_145_2_fu_112,,module_status643.csv
grp_EphemeralKeyGeneration_A_1_fu_249.grp_eval_4_isog_2_fu_1655.grp_fp2sqr503_mont_136_2_fu_149.grp_mp_mul_150_fu_116,grp_mp_mul_150_Pipeline_VITIS_LOOP_159_4_fu_127,,module_status644.csv
grp_EphemeralKeyGeneration_A_1_fu_249.grp_eval_4_isog_2_fu_1655,grp_fp2sqr503_mont_13673_fu_158,,module_status645.csv
grp_EphemeralKeyGeneration_A_1_fu_249.grp_eval_4_isog_2_fu_1655.grp_fp2sqr503_mont_13673_fu_158,grp_fp2sqr503_mont_13673_Pipeline_VITIS_LOOP_350_1_fu_54,,module_status646.csv
grp_EphemeralKeyGeneration_A_1_fu_249.grp_eval_4_isog_2_fu_1655.grp_fp2sqr503_mont_13673_fu_158,grp_fp2sqr503_mont_13673_Pipeline_5_fu_62,,module_status647.csv
grp_EphemeralKeyGeneration_A_1_fu_249.grp_eval_4_isog_2_fu_1655.grp_fp2sqr503_mont_13673_fu_158,grp_fp2sqr503_mont_13673_Pipeline_6_fu_68,,module_status648.csv
grp_EphemeralKeyGeneration_A_1_fu_249.grp_eval_4_isog_2_fu_1655.grp_fp2sqr503_mont_13673_fu_158,grp_fp2sqr503_mont_13673_Pipeline_VITIS_LOOP_47_1_fu_74,,module_status649.csv
grp_EphemeralKeyGeneration_A_1_fu_249.grp_eval_4_isog_2_fu_1655.grp_fp2sqr503_mont_13673_fu_158,grp_fp2sqr503_mont_13673_Pipeline_VITIS_LOOP_53_2_fu_82,,module_status650.csv
grp_EphemeralKeyGeneration_A_1_fu_249.grp_eval_4_isog_2_fu_1655.grp_fp2sqr503_mont_13673_fu_158,grp_fp2sqr503_mont_13673_Pipeline_VITIS_LOOP_350_1133_fu_90,,module_status651.csv
grp_EphemeralKeyGeneration_A_1_fu_249.grp_eval_4_isog_2_fu_1655.grp_fp2sqr503_mont_13673_fu_158,grp_mp_mul_152_fu_97,,module_status652.csv
grp_EphemeralKeyGeneration_A_1_fu_249.grp_eval_4_isog_2_fu_1655.grp_fp2sqr503_mont_13673_fu_158.grp_mp_mul_152_fu_97,grp_mp_mul_152_Pipeline_VITIS_LOOP_145_2_fu_112,,module_status653.csv
grp_EphemeralKeyGeneration_A_1_fu_249.grp_eval_4_isog_2_fu_1655.grp_fp2sqr503_mont_13673_fu_158.grp_mp_mul_152_fu_97,grp_mp_mul_152_Pipeline_VITIS_LOOP_159_4_fu_127,,module_status654.csv
grp_EphemeralKeyGeneration_A_1_fu_249.grp_eval_4_isog_2_fu_1655.grp_fp2sqr503_mont_13673_fu_158,grp_rdc_mont_14186_fu_104,,module_status655.csv
grp_EphemeralKeyGeneration_A_1_fu_249.grp_eval_4_isog_2_fu_1655.grp_fp2sqr503_mont_13673_fu_158.grp_rdc_mont_14186_fu_104,grp_rdc_mont_14186_Pipeline_VITIS_LOOP_182_1_fu_192,,module_status656.csv
grp_EphemeralKeyGeneration_A_1_fu_249.grp_eval_4_isog_2_fu_1655.grp_fp2sqr503_mont_13673_fu_158.grp_rdc_mont_14186_fu_104,grp_rdc_mont_14186_Pipeline_VITIS_LOOP_187_3_fu_199,,module_status657.csv
grp_EphemeralKeyGeneration_A_1_fu_249.grp_eval_4_isog_2_fu_1655.grp_fp2sqr503_mont_13673_fu_158.grp_rdc_mont_14186_fu_104,grp_rdc_mont_14186_Pipeline_VITIS_LOOP_208_5_fu_216,,module_status658.csv
grp_EphemeralKeyGeneration_A_1_fu_249.grp_eval_4_isog_2_fu_1655.grp_fp2sqr503_mont_13673_fu_158,grp_mp_mul_149_fu_116,,module_status659.csv
grp_EphemeralKeyGeneration_A_1_fu_249.grp_eval_4_isog_2_fu_1655.grp_fp2sqr503_mont_13673_fu_158.grp_mp_mul_149_fu_116,grp_mp_mul_149_Pipeline_VITIS_LOOP_145_2_fu_112,,module_status660.csv
grp_EphemeralKeyGeneration_A_1_fu_249.grp_eval_4_isog_2_fu_1655.grp_fp2sqr503_mont_13673_fu_158.grp_mp_mul_149_fu_116,grp_mp_mul_149_Pipeline_VITIS_LOOP_159_4_fu_127,,module_status661.csv
grp_EphemeralKeyGeneration_A_1_fu_249.grp_eval_4_isog_2_fu_1655,grp_fpadd503_152109_fu_168,,module_status662.csv
grp_EphemeralKeyGeneration_A_1_fu_249.grp_eval_4_isog_2_fu_1655.grp_fpadd503_152109_fu_168,grp_fpadd503_152109_Pipeline_VITIS_LOOP_23_1_fu_50,,module_status663.csv
grp_EphemeralKeyGeneration_A_1_fu_249.grp_eval_4_isog_2_fu_1655.grp_fpadd503_152109_fu_168,grp_fpadd503_152109_Pipeline_VITIS_LOOP_28_2_fu_63,,module_status664.csv
grp_EphemeralKeyGeneration_A_1_fu_249.grp_eval_4_isog_2_fu_1655.grp_fpadd503_152109_fu_168,grp_fpadd503_152109_Pipeline_VITIS_LOOP_34_3_fu_73,,module_status665.csv
grp_EphemeralKeyGeneration_A_1_fu_249.grp_eval_4_isog_2_fu_1655,grp_fpsub503_144_277111_fu_187,,module_status666.csv
grp_EphemeralKeyGeneration_A_1_fu_249.grp_eval_4_isog_2_fu_1655.grp_fpsub503_144_277111_fu_187,grp_fpsub503_144_277111_Pipeline_VITIS_LOOP_47_1_fu_38,,module_status667.csv
grp_EphemeralKeyGeneration_A_1_fu_249.grp_eval_4_isog_2_fu_1655.grp_fpsub503_144_277111_fu_187,grp_fpsub503_144_277111_Pipeline_VITIS_LOOP_53_2_fu_49,,module_status668.csv
grp_EphemeralKeyGeneration_A_1_fu_249.grp_eval_4_isog_2_fu_1655,grp_fp2mul503_mont_1339880_fu_202,,module_status669.csv
grp_EphemeralKeyGeneration_A_1_fu_249.grp_eval_4_isog_2_fu_1655.grp_fp2mul503_mont_1339880_fu_202,grp_mp_mul_14788_fu_56,,module_status670.csv
grp_EphemeralKeyGeneration_A_1_fu_249.grp_eval_4_isog_2_fu_1655.grp_fp2mul503_mont_1339880_fu_202.grp_mp_mul_14788_fu_56,grp_mp_mul_14788_Pipeline_VITIS_LOOP_145_2_fu_134,,module_status671.csv
grp_EphemeralKeyGeneration_A_1_fu_249.grp_eval_4_isog_2_fu_1655.grp_fp2mul503_mont_1339880_fu_202.grp_mp_mul_14788_fu_56,grp_mp_mul_14788_Pipeline_VITIS_LOOP_159_4_fu_151,,module_status672.csv
grp_EphemeralKeyGeneration_A_1_fu_249.grp_eval_4_isog_2_fu_1655.grp_fp2mul503_mont_1339880_fu_202,grp_fp2mul503_mont_1339880_Pipeline_VITIS_LOOP_350_1_fu_72,,module_status673.csv
grp_EphemeralKeyGeneration_A_1_fu_249.grp_eval_4_isog_2_fu_1655.grp_fp2mul503_mont_1339880_fu_202,grp_fp2mul503_mont_1339880_Pipeline_VITIS_LOOP_350_1179_fu_79,,module_status674.csv
grp_EphemeralKeyGeneration_A_1_fu_249.grp_eval_4_isog_2_fu_1655.grp_fp2mul503_mont_1339880_fu_202,grp_fp2mul503_mont_1339880_Pipeline_VITIS_LOOP_170_1_fu_86,,module_status675.csv
grp_EphemeralKeyGeneration_A_1_fu_249.grp_eval_4_isog_2_fu_1655.grp_fp2mul503_mont_1339880_fu_202,grp_fp2mul503_mont_1339880_Pipeline_VITIS_LOOP_200_1_fu_94,,module_status676.csv
grp_EphemeralKeyGeneration_A_1_fu_249.grp_eval_4_isog_2_fu_1655.grp_fp2mul503_mont_1339880_fu_202,grp_fp2mul503_mont_1339880_Pipeline_VITIS_LOOP_350_1180_fu_102,,module_status677.csv
grp_EphemeralKeyGeneration_A_1_fu_249.grp_eval_4_isog_2_fu_1655.grp_fp2mul503_mont_1339880_fu_202,grp_rdc_mont_14186_fu_108,,module_status678.csv
grp_EphemeralKeyGeneration_A_1_fu_249.grp_eval_4_isog_2_fu_1655.grp_fp2mul503_mont_1339880_fu_202.grp_rdc_mont_14186_fu_108,grp_rdc_mont_14186_Pipeline_VITIS_LOOP_182_1_fu_192,,module_status679.csv
grp_EphemeralKeyGeneration_A_1_fu_249.grp_eval_4_isog_2_fu_1655.grp_fp2mul503_mont_1339880_fu_202.grp_rdc_mont_14186_fu_108,grp_rdc_mont_14186_Pipeline_VITIS_LOOP_187_3_fu_199,,module_status680.csv
grp_EphemeralKeyGeneration_A_1_fu_249.grp_eval_4_isog_2_fu_1655.grp_fp2mul503_mont_1339880_fu_202.grp_rdc_mont_14186_fu_108,grp_rdc_mont_14186_Pipeline_VITIS_LOOP_208_5_fu_216,,module_status681.csv
grp_EphemeralKeyGeneration_A_1_fu_249.grp_eval_4_isog_2_fu_1655.grp_fp2mul503_mont_1339880_fu_202,grp_mp_mul_152_fu_120,,module_status682.csv
grp_EphemeralKeyGeneration_A_1_fu_249.grp_eval_4_isog_2_fu_1655.grp_fp2mul503_mont_1339880_fu_202.grp_mp_mul_152_fu_120,grp_mp_mul_152_Pipeline_VITIS_LOOP_145_2_fu_112,,module_status683.csv
grp_EphemeralKeyGeneration_A_1_fu_249.grp_eval_4_isog_2_fu_1655.grp_fp2mul503_mont_1339880_fu_202.grp_mp_mul_152_fu_120,grp_mp_mul_152_Pipeline_VITIS_LOOP_159_4_fu_127,,module_status684.csv
grp_EphemeralKeyGeneration_A_1_fu_249.grp_eval_4_isog_2_fu_1655.grp_fp2mul503_mont_1339880_fu_202,grp_fp2mul503_mont_1339880_Pipeline_VITIS_LOOP_170_1181_fu_127,,module_status685.csv
grp_EphemeralKeyGeneration_A_1_fu_249,grp_EphemeralKeyGeneration_A_1_Pipeline_VITIS_LOOP_14_1254_fu_1668,,module_status686.csv
grp_EphemeralKeyGeneration_A_1_fu_249,grp_EphemeralKeyGeneration_A_1_Pipeline_VITIS_LOOP_14_1256_fu_1675,,module_status687.csv
grp_EphemeralKeyGeneration_A_1_fu_249,grp_EphemeralKeyGeneration_A_1_Pipeline_VITIS_LOOP_14_1255_fu_1682,,module_status688.csv
grp_EphemeralKeyGeneration_A_1_fu_249,grp_EphemeralKeyGeneration_A_1_Pipeline_VITIS_LOOP_14_1257_fu_1689,,module_status689.csv
grp_EphemeralKeyGeneration_A_1_fu_249,grp_fp2mul503_mont_131_fu_1696,,module_status690.csv
grp_EphemeralKeyGeneration_A_1_fu_249.grp_fp2mul503_mont_131_fu_1696,grp_mp_mul_146_fu_58,,module_status691.csv
grp_EphemeralKeyGeneration_A_1_fu_249.grp_fp2mul503_mont_131_fu_1696.grp_mp_mul_146_fu_58,grp_mp_mul_146_Pipeline_VITIS_LOOP_145_2_fu_134,,module_status692.csv
grp_EphemeralKeyGeneration_A_1_fu_249.grp_fp2mul503_mont_131_fu_1696.grp_mp_mul_146_fu_58,grp_mp_mul_146_Pipeline_VITIS_LOOP_159_4_fu_151,,module_status693.csv
grp_EphemeralKeyGeneration_A_1_fu_249.grp_fp2mul503_mont_131_fu_1696,grp_fp2mul503_mont_131_Pipeline_VITIS_LOOP_350_1_fu_74,,module_status694.csv
grp_EphemeralKeyGeneration_A_1_fu_249.grp_fp2mul503_mont_131_fu_1696,grp_fp2mul503_mont_131_Pipeline_VITIS_LOOP_350_1194_fu_81,,module_status695.csv
grp_EphemeralKeyGeneration_A_1_fu_249.grp_fp2mul503_mont_131_fu_1696,grp_fp2mul503_mont_131_Pipeline_VITIS_LOOP_170_1_fu_88,,module_status696.csv
grp_EphemeralKeyGeneration_A_1_fu_249.grp_fp2mul503_mont_131_fu_1696,grp_fp2mul503_mont_131_Pipeline_VITIS_LOOP_200_1_fu_96,,module_status697.csv
grp_EphemeralKeyGeneration_A_1_fu_249.grp_fp2mul503_mont_131_fu_1696,grp_fp2mul503_mont_131_Pipeline_VITIS_LOOP_350_1195_fu_104,,module_status698.csv
grp_EphemeralKeyGeneration_A_1_fu_249.grp_fp2mul503_mont_131_fu_1696,grp_rdc_mont_140_fu_110,,module_status699.csv
grp_EphemeralKeyGeneration_A_1_fu_249.grp_fp2mul503_mont_131_fu_1696.grp_rdc_mont_140_fu_110,grp_rdc_mont_140_Pipeline_VITIS_LOOP_182_1_fu_192,,module_status700.csv
grp_EphemeralKeyGeneration_A_1_fu_249.grp_fp2mul503_mont_131_fu_1696.grp_rdc_mont_140_fu_110,grp_rdc_mont_140_Pipeline_VITIS_LOOP_187_3_fu_199,,module_status701.csv
grp_EphemeralKeyGeneration_A_1_fu_249.grp_fp2mul503_mont_131_fu_1696.grp_rdc_mont_140_fu_110,grp_rdc_mont_140_Pipeline_VITIS_LOOP_208_5_fu_216,,module_status702.csv
grp_EphemeralKeyGeneration_A_1_fu_249.grp_fp2mul503_mont_131_fu_1696,grp_mp_mul_152_fu_122,,module_status703.csv
grp_EphemeralKeyGeneration_A_1_fu_249.grp_fp2mul503_mont_131_fu_1696.grp_mp_mul_152_fu_122,grp_mp_mul_152_Pipeline_VITIS_LOOP_145_2_fu_112,,module_status704.csv
grp_EphemeralKeyGeneration_A_1_fu_249.grp_fp2mul503_mont_131_fu_1696.grp_mp_mul_152_fu_122,grp_mp_mul_152_Pipeline_VITIS_LOOP_159_4_fu_127,,module_status705.csv
grp_EphemeralKeyGeneration_A_1_fu_249.grp_fp2mul503_mont_131_fu_1696,grp_fp2mul503_mont_131_Pipeline_VITIS_LOOP_170_1196_fu_129,,module_status706.csv
grp_EphemeralKeyGeneration_A_1_fu_249,grp_fp2mul503_mont_130_fu_1707,,module_status707.csv
grp_EphemeralKeyGeneration_A_1_fu_249.grp_fp2mul503_mont_130_fu_1707,grp_mp_mul_14788_fu_58,,module_status708.csv
grp_EphemeralKeyGeneration_A_1_fu_249.grp_fp2mul503_mont_130_fu_1707.grp_mp_mul_14788_fu_58,grp_mp_mul_14788_Pipeline_VITIS_LOOP_145_2_fu_134,,module_status709.csv
grp_EphemeralKeyGeneration_A_1_fu_249.grp_fp2mul503_mont_130_fu_1707.grp_mp_mul_14788_fu_58,grp_mp_mul_14788_Pipeline_VITIS_LOOP_159_4_fu_151,,module_status710.csv
grp_EphemeralKeyGeneration_A_1_fu_249.grp_fp2mul503_mont_130_fu_1707,grp_fp2mul503_mont_130_Pipeline_VITIS_LOOP_350_1_fu_74,,module_status711.csv
grp_EphemeralKeyGeneration_A_1_fu_249.grp_fp2mul503_mont_130_fu_1707,grp_fp2mul503_mont_130_Pipeline_VITIS_LOOP_350_1197_fu_81,,module_status712.csv
grp_EphemeralKeyGeneration_A_1_fu_249.grp_fp2mul503_mont_130_fu_1707,grp_fp2mul503_mont_130_Pipeline_VITIS_LOOP_170_1_fu_88,,module_status713.csv
grp_EphemeralKeyGeneration_A_1_fu_249.grp_fp2mul503_mont_130_fu_1707,grp_fp2mul503_mont_130_Pipeline_VITIS_LOOP_200_1_fu_96,,module_status714.csv
grp_EphemeralKeyGeneration_A_1_fu_249.grp_fp2mul503_mont_130_fu_1707,grp_fp2mul503_mont_130_Pipeline_VITIS_LOOP_350_1198_fu_104,,module_status715.csv
grp_EphemeralKeyGeneration_A_1_fu_249.grp_fp2mul503_mont_130_fu_1707,grp_rdc_mont_140_fu_110,,module_status716.csv
grp_EphemeralKeyGeneration_A_1_fu_249.grp_fp2mul503_mont_130_fu_1707.grp_rdc_mont_140_fu_110,grp_rdc_mont_140_Pipeline_VITIS_LOOP_182_1_fu_192,,module_status717.csv
grp_EphemeralKeyGeneration_A_1_fu_249.grp_fp2mul503_mont_130_fu_1707.grp_rdc_mont_140_fu_110,grp_rdc_mont_140_Pipeline_VITIS_LOOP_187_3_fu_199,,module_status718.csv
grp_EphemeralKeyGeneration_A_1_fu_249.grp_fp2mul503_mont_130_fu_1707.grp_rdc_mont_140_fu_110,grp_rdc_mont_140_Pipeline_VITIS_LOOP_208_5_fu_216,,module_status719.csv
grp_EphemeralKeyGeneration_A_1_fu_249.grp_fp2mul503_mont_130_fu_1707,grp_mp_mul_152_fu_122,,module_status720.csv
grp_EphemeralKeyGeneration_A_1_fu_249.grp_fp2mul503_mont_130_fu_1707.grp_mp_mul_152_fu_122,grp_mp_mul_152_Pipeline_VITIS_LOOP_145_2_fu_112,,module_status721.csv
grp_EphemeralKeyGeneration_A_1_fu_249.grp_fp2mul503_mont_130_fu_1707.grp_mp_mul_152_fu_122,grp_mp_mul_152_Pipeline_VITIS_LOOP_159_4_fu_127,,module_status722.csv
grp_EphemeralKeyGeneration_A_1_fu_249.grp_fp2mul503_mont_130_fu_1707,grp_fp2mul503_mont_130_Pipeline_VITIS_LOOP_170_1199_fu_129,,module_status723.csv
grp_EphemeralKeyGeneration_A_1_fu_249,grp_fp2inv503_mont_fu_1718,,module_status724.csv
grp_EphemeralKeyGeneration_A_1_fu_249.grp_fp2inv503_mont_fu_1718,grp_fp2inv503_mont_Pipeline_1_fu_94,,module_status725.csv
grp_EphemeralKeyGeneration_A_1_fu_249.grp_fp2inv503_mont_fu_1718,grp_fp2inv503_mont_Pipeline_2_fu_100,,module_status726.csv
grp_EphemeralKeyGeneration_A_1_fu_249.grp_fp2inv503_mont_fu_1718,grp_fp2inv503_mont_Pipeline_7_fu_106,,module_status727.csv
grp_EphemeralKeyGeneration_A_1_fu_249.grp_fp2inv503_mont_fu_1718,grp_fp2inv503_mont_Pipeline_8_fu_112,,module_status728.csv
grp_EphemeralKeyGeneration_A_1_fu_249.grp_fp2inv503_mont_fu_1718,grp_fp2inv503_mont_Pipeline_9_fu_118,,module_status729.csv
grp_EphemeralKeyGeneration_A_1_fu_249.grp_fp2inv503_mont_fu_1718,grp_fp2inv503_mont_Pipeline_11_fu_124,,module_status730.csv
grp_EphemeralKeyGeneration_A_1_fu_249.grp_fp2inv503_mont_fu_1718,grp_fp2inv503_mont_Pipeline_12_fu_130,,module_status731.csv
grp_EphemeralKeyGeneration_A_1_fu_249.grp_fp2inv503_mont_fu_1718,grp_mp_mul_141_1_fu_136,,module_status732.csv
grp_EphemeralKeyGeneration_A_1_fu_249.grp_fp2inv503_mont_fu_1718.grp_mp_mul_141_1_fu_136,grp_mp_mul_141_1_Pipeline_VITIS_LOOP_145_2_fu_124,,module_status733.csv
grp_EphemeralKeyGeneration_A_1_fu_249.grp_fp2inv503_mont_fu_1718.grp_mp_mul_141_1_fu_136,grp_mp_mul_141_1_Pipeline_VITIS_LOOP_159_4_fu_138,,module_status734.csv
grp_EphemeralKeyGeneration_A_1_fu_249.grp_fp2inv503_mont_fu_1718,grp_rdc_mont_142_fu_146,,module_status735.csv
grp_EphemeralKeyGeneration_A_1_fu_249.grp_fp2inv503_mont_fu_1718.grp_rdc_mont_142_fu_146,grp_rdc_mont_142_Pipeline_VITIS_LOOP_182_1_fu_178,,module_status736.csv
grp_EphemeralKeyGeneration_A_1_fu_249.grp_fp2inv503_mont_fu_1718.grp_rdc_mont_142_fu_146,grp_rdc_mont_142_Pipeline_VITIS_LOOP_187_3_fu_184,,module_status737.csv
grp_EphemeralKeyGeneration_A_1_fu_249.grp_fp2inv503_mont_fu_1718.grp_rdc_mont_142_fu_146,grp_rdc_mont_142_Pipeline_VITIS_LOOP_208_5_fu_200,,module_status738.csv
grp_EphemeralKeyGeneration_A_1_fu_249.grp_fp2inv503_mont_fu_1718,grp_fp2inv503_mont_Pipeline_VITIS_LOOP_23_1_fu_154,,module_status739.csv
grp_EphemeralKeyGeneration_A_1_fu_249.grp_fp2inv503_mont_fu_1718,grp_fp2inv503_mont_Pipeline_VITIS_LOOP_28_2_fu_160,,module_status740.csv
grp_EphemeralKeyGeneration_A_1_fu_249.grp_fp2inv503_mont_fu_1718,grp_fp2inv503_mont_Pipeline_VITIS_LOOP_34_3_fu_168,,module_status741.csv
grp_EphemeralKeyGeneration_A_1_fu_249.grp_fp2inv503_mont_fu_1718,grp_fp2inv503_mont_Pipeline_VITIS_LOOP_14_1_fu_176,,module_status742.csv
grp_EphemeralKeyGeneration_A_1_fu_249.grp_fp2inv503_mont_fu_1718,grp_fp2inv503_mont_Pipeline_VITIS_LOOP_64_1_fu_182,,module_status743.csv
grp_EphemeralKeyGeneration_A_1_fu_249.grp_fp2inv503_mont_fu_1718,grp_fpinv503_chain_mont_fu_190,,module_status744.csv
grp_EphemeralKeyGeneration_A_1_fu_249.grp_fp2inv503_mont_fu_1718.grp_fpinv503_chain_mont_fu_190,grp_fpinv503_chain_mont_Pipeline_1_fu_395,,module_status745.csv
grp_EphemeralKeyGeneration_A_1_fu_249.grp_fp2inv503_mont_fu_1718.grp_fpinv503_chain_mont_fu_190,grp_fpinv503_chain_mont_Pipeline_2_fu_401,,module_status746.csv
grp_EphemeralKeyGeneration_A_1_fu_249.grp_fp2inv503_mont_fu_1718.grp_fpinv503_chain_mont_fu_190,grp_mp_mul_141_2_fu_407,,module_status747.csv
grp_EphemeralKeyGeneration_A_1_fu_249.grp_fp2inv503_mont_fu_1718.grp_fpinv503_chain_mont_fu_190.grp_mp_mul_141_2_fu_407,grp_mp_mul_141_2_Pipeline_VITIS_LOOP_145_2_fu_110,,module_status748.csv
grp_EphemeralKeyGeneration_A_1_fu_249.grp_fp2inv503_mont_fu_1718.grp_fpinv503_chain_mont_fu_190.grp_mp_mul_141_2_fu_407,grp_mp_mul_141_2_Pipeline_VITIS_LOOP_159_4_fu_123,,module_status749.csv
grp_EphemeralKeyGeneration_A_1_fu_249.grp_fp2inv503_mont_fu_1718.grp_fpinv503_chain_mont_fu_190,grp_rdc_mont_142_fu_414,,module_status750.csv
grp_EphemeralKeyGeneration_A_1_fu_249.grp_fp2inv503_mont_fu_1718.grp_fpinv503_chain_mont_fu_190.grp_rdc_mont_142_fu_414,grp_rdc_mont_142_Pipeline_VITIS_LOOP_182_1_fu_178,,module_status751.csv
grp_EphemeralKeyGeneration_A_1_fu_249.grp_fp2inv503_mont_fu_1718.grp_fpinv503_chain_mont_fu_190.grp_rdc_mont_142_fu_414,grp_rdc_mont_142_Pipeline_VITIS_LOOP_187_3_fu_184,,module_status752.csv
grp_EphemeralKeyGeneration_A_1_fu_249.grp_fp2inv503_mont_fu_1718.grp_fpinv503_chain_mont_fu_190.grp_rdc_mont_142_fu_414,grp_rdc_mont_142_Pipeline_VITIS_LOOP_208_5_fu_200,,module_status753.csv
grp_EphemeralKeyGeneration_A_1_fu_249.grp_fp2inv503_mont_fu_1718.grp_fpinv503_chain_mont_fu_190,grp_mp_mul_152_fu_422,,module_status754.csv
grp_EphemeralKeyGeneration_A_1_fu_249.grp_fp2inv503_mont_fu_1718.grp_fpinv503_chain_mont_fu_190.grp_mp_mul_152_fu_422,grp_mp_mul_152_Pipeline_VITIS_LOOP_145_2_fu_112,,module_status755.csv
grp_EphemeralKeyGeneration_A_1_fu_249.grp_fp2inv503_mont_fu_1718.grp_fpinv503_chain_mont_fu_190.grp_mp_mul_152_fu_422,grp_mp_mul_152_Pipeline_VITIS_LOOP_159_4_fu_127,,module_status756.csv
grp_EphemeralKeyGeneration_A_1_fu_249.grp_fp2inv503_mont_fu_1718.grp_fpinv503_chain_mont_fu_190,grp_rdc_mont_139_fu_430,,module_status757.csv
grp_EphemeralKeyGeneration_A_1_fu_249.grp_fp2inv503_mont_fu_1718.grp_fpinv503_chain_mont_fu_190.grp_rdc_mont_139_fu_430,grp_rdc_mont_139_Pipeline_VITIS_LOOP_182_1_fu_192,,module_status758.csv
grp_EphemeralKeyGeneration_A_1_fu_249.grp_fp2inv503_mont_fu_1718.grp_fpinv503_chain_mont_fu_190.grp_rdc_mont_139_fu_430,grp_rdc_mont_139_Pipeline_VITIS_LOOP_187_3_fu_199,,module_status759.csv
grp_EphemeralKeyGeneration_A_1_fu_249.grp_fp2inv503_mont_fu_1718.grp_fpinv503_chain_mont_fu_190.grp_rdc_mont_139_fu_430,grp_rdc_mont_139_Pipeline_VITIS_LOOP_208_5_fu_216,,module_status760.csv
grp_EphemeralKeyGeneration_A_1_fu_249.grp_fp2inv503_mont_fu_1718.grp_fpinv503_chain_mont_fu_190,grp_fpinv503_chain_mont_Pipeline_VITIS_LOOP_14_1_fu_440,,module_status761.csv
grp_EphemeralKeyGeneration_A_1_fu_249.grp_fp2inv503_mont_fu_1718.grp_fpinv503_chain_mont_fu_190,grp_fpinv503_chain_mont_Pipeline_3_fu_447,,module_status762.csv
grp_EphemeralKeyGeneration_A_1_fu_249.grp_fp2inv503_mont_fu_1718.grp_fpinv503_chain_mont_fu_190,grp_mp_mul_143_fu_452,,module_status763.csv
grp_EphemeralKeyGeneration_A_1_fu_249.grp_fp2inv503_mont_fu_1718.grp_fpinv503_chain_mont_fu_190.grp_mp_mul_143_fu_452,grp_mp_mul_143_Pipeline_VITIS_LOOP_145_2_fu_126,,module_status764.csv
grp_EphemeralKeyGeneration_A_1_fu_249.grp_fp2inv503_mont_fu_1718.grp_fpinv503_chain_mont_fu_190.grp_mp_mul_143_fu_452,grp_mp_mul_143_Pipeline_VITIS_LOOP_159_4_fu_142,,module_status765.csv
grp_EphemeralKeyGeneration_A_1_fu_249.grp_fp2inv503_mont_fu_1718.grp_fpinv503_chain_mont_fu_190,grp_fpsqr503_mont_1_fu_460,,module_status766.csv
grp_EphemeralKeyGeneration_A_1_fu_249.grp_fp2inv503_mont_fu_1718.grp_fpinv503_chain_mont_fu_190.grp_fpsqr503_mont_1_fu_460,grp_mp_mul_141_2_fu_53,,module_status767.csv
grp_EphemeralKeyGeneration_A_1_fu_249.grp_fp2inv503_mont_fu_1718.grp_fpinv503_chain_mont_fu_190.grp_fpsqr503_mont_1_fu_460.grp_mp_mul_141_2_fu_53,grp_mp_mul_141_2_Pipeline_VITIS_LOOP_145_2_fu_110,,module_status768.csv
grp_EphemeralKeyGeneration_A_1_fu_249.grp_fp2inv503_mont_fu_1718.grp_fpinv503_chain_mont_fu_190.grp_fpsqr503_mont_1_fu_460.grp_mp_mul_141_2_fu_53,grp_mp_mul_141_2_Pipeline_VITIS_LOOP_159_4_fu_123,,module_status769.csv
grp_EphemeralKeyGeneration_A_1_fu_249.grp_fp2inv503_mont_fu_1718.grp_fpinv503_chain_mont_fu_190.grp_fpsqr503_mont_1_fu_460,grp_rdc_mont_142_fu_60,,module_status770.csv
grp_EphemeralKeyGeneration_A_1_fu_249.grp_fp2inv503_mont_fu_1718.grp_fpinv503_chain_mont_fu_190.grp_fpsqr503_mont_1_fu_460.grp_rdc_mont_142_fu_60,grp_rdc_mont_142_Pipeline_VITIS_LOOP_182_1_fu_178,,module_status771.csv
grp_EphemeralKeyGeneration_A_1_fu_249.grp_fp2inv503_mont_fu_1718.grp_fpinv503_chain_mont_fu_190.grp_fpsqr503_mont_1_fu_460.grp_rdc_mont_142_fu_60,grp_rdc_mont_142_Pipeline_VITIS_LOOP_187_3_fu_184,,module_status772.csv
grp_EphemeralKeyGeneration_A_1_fu_249.grp_fp2inv503_mont_fu_1718.grp_fpinv503_chain_mont_fu_190.grp_fpsqr503_mont_1_fu_460.grp_rdc_mont_142_fu_60,grp_rdc_mont_142_Pipeline_VITIS_LOOP_208_5_fu_200,,module_status773.csv
grp_EphemeralKeyGeneration_A_1_fu_249.grp_fp2inv503_mont_fu_1718.grp_fpinv503_chain_mont_fu_190,grp_fpmul503_mont_2_fu_467,,module_status774.csv
grp_EphemeralKeyGeneration_A_1_fu_249.grp_fp2inv503_mont_fu_1718.grp_fpinv503_chain_mont_fu_190.grp_fpmul503_mont_2_fu_467,grp_mp_mul_152_fu_55,,module_status775.csv
grp_EphemeralKeyGeneration_A_1_fu_249.grp_fp2inv503_mont_fu_1718.grp_fpinv503_chain_mont_fu_190.grp_fpmul503_mont_2_fu_467.grp_mp_mul_152_fu_55,grp_mp_mul_152_Pipeline_VITIS_LOOP_145_2_fu_112,,module_status776.csv
grp_EphemeralKeyGeneration_A_1_fu_249.grp_fp2inv503_mont_fu_1718.grp_fpinv503_chain_mont_fu_190.grp_fpmul503_mont_2_fu_467.grp_mp_mul_152_fu_55,grp_mp_mul_152_Pipeline_VITIS_LOOP_159_4_fu_127,,module_status777.csv
grp_EphemeralKeyGeneration_A_1_fu_249.grp_fp2inv503_mont_fu_1718.grp_fpinv503_chain_mont_fu_190.grp_fpmul503_mont_2_fu_467,grp_rdc_mont_142_fu_64,,module_status778.csv
grp_EphemeralKeyGeneration_A_1_fu_249.grp_fp2inv503_mont_fu_1718.grp_fpinv503_chain_mont_fu_190.grp_fpmul503_mont_2_fu_467.grp_rdc_mont_142_fu_64,grp_rdc_mont_142_Pipeline_VITIS_LOOP_182_1_fu_178,,module_status779.csv
grp_EphemeralKeyGeneration_A_1_fu_249.grp_fp2inv503_mont_fu_1718.grp_fpinv503_chain_mont_fu_190.grp_fpmul503_mont_2_fu_467.grp_rdc_mont_142_fu_64,grp_rdc_mont_142_Pipeline_VITIS_LOOP_187_3_fu_184,,module_status780.csv
grp_EphemeralKeyGeneration_A_1_fu_249.grp_fp2inv503_mont_fu_1718.grp_fpinv503_chain_mont_fu_190.grp_fpmul503_mont_2_fu_467.grp_rdc_mont_142_fu_64,grp_rdc_mont_142_Pipeline_VITIS_LOOP_208_5_fu_200,,module_status781.csv
grp_EphemeralKeyGeneration_A_1_fu_249.grp_fp2inv503_mont_fu_1718.grp_fpinv503_chain_mont_fu_190,grp_fpmul503_mont_1_fu_476,,module_status782.csv
grp_EphemeralKeyGeneration_A_1_fu_249.grp_fp2inv503_mont_fu_1718.grp_fpinv503_chain_mont_fu_190.grp_fpmul503_mont_1_fu_476,grp_mp_mul_143_fu_65,,module_status783.csv
grp_EphemeralKeyGeneration_A_1_fu_249.grp_fp2inv503_mont_fu_1718.grp_fpinv503_chain_mont_fu_190.grp_fpmul503_mont_1_fu_476.grp_mp_mul_143_fu_65,grp_mp_mul_143_Pipeline_VITIS_LOOP_145_2_fu_126,,module_status784.csv
grp_EphemeralKeyGeneration_A_1_fu_249.grp_fp2inv503_mont_fu_1718.grp_fpinv503_chain_mont_fu_190.grp_fpmul503_mont_1_fu_476.grp_mp_mul_143_fu_65,grp_mp_mul_143_Pipeline_VITIS_LOOP_159_4_fu_142,,module_status785.csv
grp_EphemeralKeyGeneration_A_1_fu_249.grp_fp2inv503_mont_fu_1718.grp_fpinv503_chain_mont_fu_190.grp_fpmul503_mont_1_fu_476,grp_rdc_mont_142_fu_75,,module_status786.csv
grp_EphemeralKeyGeneration_A_1_fu_249.grp_fp2inv503_mont_fu_1718.grp_fpinv503_chain_mont_fu_190.grp_fpmul503_mont_1_fu_476.grp_rdc_mont_142_fu_75,grp_rdc_mont_142_Pipeline_VITIS_LOOP_182_1_fu_178,,module_status787.csv
grp_EphemeralKeyGeneration_A_1_fu_249.grp_fp2inv503_mont_fu_1718.grp_fpinv503_chain_mont_fu_190.grp_fpmul503_mont_1_fu_476.grp_rdc_mont_142_fu_75,grp_rdc_mont_142_Pipeline_VITIS_LOOP_187_3_fu_184,,module_status788.csv
grp_EphemeralKeyGeneration_A_1_fu_249.grp_fp2inv503_mont_fu_1718.grp_fpinv503_chain_mont_fu_190.grp_fpmul503_mont_1_fu_476.grp_rdc_mont_142_fu_75,grp_rdc_mont_142_Pipeline_VITIS_LOOP_208_5_fu_200,,module_status789.csv
grp_EphemeralKeyGeneration_A_1_fu_249.grp_fp2inv503_mont_fu_1718.grp_fpinv503_chain_mont_fu_190,grp_fpinv503_chain_mont_Pipeline_VITIS_LOOP_14_1127_fu_500,,module_status790.csv
grp_EphemeralKeyGeneration_A_1_fu_249.grp_fp2inv503_mont_fu_1718,grp_mp_mul_141_2_fu_197,,module_status791.csv
grp_EphemeralKeyGeneration_A_1_fu_249.grp_fp2inv503_mont_fu_1718.grp_mp_mul_141_2_fu_197,grp_mp_mul_141_2_Pipeline_VITIS_LOOP_145_2_fu_110,,module_status792.csv
grp_EphemeralKeyGeneration_A_1_fu_249.grp_fp2inv503_mont_fu_1718.grp_mp_mul_141_2_fu_197,grp_mp_mul_141_2_Pipeline_VITIS_LOOP_159_4_fu_123,,module_status793.csv
grp_EphemeralKeyGeneration_A_1_fu_249.grp_fp2inv503_mont_fu_1718,grp_mp_mul_152_fu_203,,module_status794.csv
grp_EphemeralKeyGeneration_A_1_fu_249.grp_fp2inv503_mont_fu_1718.grp_mp_mul_152_fu_203,grp_mp_mul_152_Pipeline_VITIS_LOOP_145_2_fu_112,,module_status795.csv
grp_EphemeralKeyGeneration_A_1_fu_249.grp_fp2inv503_mont_fu_1718.grp_mp_mul_152_fu_203,grp_mp_mul_152_Pipeline_VITIS_LOOP_159_4_fu_127,,module_status796.csv
grp_EphemeralKeyGeneration_A_1_fu_249.grp_fp2inv503_mont_fu_1718,grp_mp_mul_145_fu_210,,module_status797.csv
grp_EphemeralKeyGeneration_A_1_fu_249.grp_fp2inv503_mont_fu_1718.grp_mp_mul_145_fu_210,grp_mp_mul_145_Pipeline_VITIS_LOOP_145_2_fu_126,,module_status798.csv
grp_EphemeralKeyGeneration_A_1_fu_249.grp_fp2inv503_mont_fu_1718.grp_mp_mul_145_fu_210,grp_mp_mul_145_Pipeline_VITIS_LOOP_159_4_fu_142,,module_status799.csv
grp_EphemeralKeyGeneration_A_1_fu_249.grp_fp2inv503_mont_fu_1718,grp_rdc_mont_140_fu_221,,module_status800.csv
grp_EphemeralKeyGeneration_A_1_fu_249.grp_fp2inv503_mont_fu_1718.grp_rdc_mont_140_fu_221,grp_rdc_mont_140_Pipeline_VITIS_LOOP_182_1_fu_192,,module_status801.csv
grp_EphemeralKeyGeneration_A_1_fu_249.grp_fp2inv503_mont_fu_1718.grp_rdc_mont_140_fu_221,grp_rdc_mont_140_Pipeline_VITIS_LOOP_187_3_fu_199,,module_status802.csv
grp_EphemeralKeyGeneration_A_1_fu_249.grp_fp2inv503_mont_fu_1718.grp_rdc_mont_140_fu_221,grp_rdc_mont_140_Pipeline_VITIS_LOOP_208_5_fu_216,,module_status803.csv
grp_EphemeralKeyGeneration_A_1_fu_249,grp_fp2mul503_mont_129_fu_1727,,module_status804.csv
grp_EphemeralKeyGeneration_A_1_fu_249.grp_fp2mul503_mont_129_fu_1727,grp_mp_mul_151_fu_58,,module_status805.csv
grp_EphemeralKeyGeneration_A_1_fu_249.grp_fp2mul503_mont_129_fu_1727.grp_mp_mul_151_fu_58,grp_mp_mul_151_Pipeline_VITIS_LOOP_145_2_fu_134,,module_status806.csv
grp_EphemeralKeyGeneration_A_1_fu_249.grp_fp2mul503_mont_129_fu_1727.grp_mp_mul_151_fu_58,grp_mp_mul_151_Pipeline_VITIS_LOOP_159_4_fu_151,,module_status807.csv
grp_EphemeralKeyGeneration_A_1_fu_249.grp_fp2mul503_mont_129_fu_1727,grp_fp2mul503_mont_129_Pipeline_VITIS_LOOP_350_1_fu_74,,module_status808.csv
grp_EphemeralKeyGeneration_A_1_fu_249.grp_fp2mul503_mont_129_fu_1727,grp_fp2mul503_mont_129_Pipeline_VITIS_LOOP_350_1200_fu_81,,module_status809.csv
grp_EphemeralKeyGeneration_A_1_fu_249.grp_fp2mul503_mont_129_fu_1727,grp_fp2mul503_mont_129_Pipeline_VITIS_LOOP_170_1_fu_88,,module_status810.csv
grp_EphemeralKeyGeneration_A_1_fu_249.grp_fp2mul503_mont_129_fu_1727,grp_fp2mul503_mont_129_Pipeline_VITIS_LOOP_200_1_fu_96,,module_status811.csv
grp_EphemeralKeyGeneration_A_1_fu_249.grp_fp2mul503_mont_129_fu_1727,grp_fp2mul503_mont_129_Pipeline_VITIS_LOOP_350_1201_fu_104,,module_status812.csv
grp_EphemeralKeyGeneration_A_1_fu_249.grp_fp2mul503_mont_129_fu_1727,grp_rdc_mont_140_fu_110,,module_status813.csv
grp_EphemeralKeyGeneration_A_1_fu_249.grp_fp2mul503_mont_129_fu_1727.grp_rdc_mont_140_fu_110,grp_rdc_mont_140_Pipeline_VITIS_LOOP_182_1_fu_192,,module_status814.csv
grp_EphemeralKeyGeneration_A_1_fu_249.grp_fp2mul503_mont_129_fu_1727.grp_rdc_mont_140_fu_110,grp_rdc_mont_140_Pipeline_VITIS_LOOP_187_3_fu_199,,module_status815.csv
grp_EphemeralKeyGeneration_A_1_fu_249.grp_fp2mul503_mont_129_fu_1727.grp_rdc_mont_140_fu_110,grp_rdc_mont_140_Pipeline_VITIS_LOOP_208_5_fu_216,,module_status816.csv
grp_EphemeralKeyGeneration_A_1_fu_249.grp_fp2mul503_mont_129_fu_1727,grp_mp_mul_152_fu_122,,module_status817.csv
grp_EphemeralKeyGeneration_A_1_fu_249.grp_fp2mul503_mont_129_fu_1727.grp_mp_mul_152_fu_122,grp_mp_mul_152_Pipeline_VITIS_LOOP_145_2_fu_112,,module_status818.csv
grp_EphemeralKeyGeneration_A_1_fu_249.grp_fp2mul503_mont_129_fu_1727.grp_mp_mul_152_fu_122,grp_mp_mul_152_Pipeline_VITIS_LOOP_159_4_fu_127,,module_status819.csv
grp_EphemeralKeyGeneration_A_1_fu_249.grp_fp2mul503_mont_129_fu_1727,grp_fp2mul503_mont_129_Pipeline_VITIS_LOOP_170_1202_fu_129,,module_status820.csv
grp_EphemeralKeyGeneration_A_1_fu_249,grp_fp2mul503_mont_127_fu_1738,,module_status821.csv
grp_EphemeralKeyGeneration_A_1_fu_249.grp_fp2mul503_mont_127_fu_1738,grp_mp_mul_148_fu_58,,module_status822.csv
grp_EphemeralKeyGeneration_A_1_fu_249.grp_fp2mul503_mont_127_fu_1738.grp_mp_mul_148_fu_58,grp_mp_mul_148_Pipeline_VITIS_LOOP_145_2_fu_134,,module_status823.csv
grp_EphemeralKeyGeneration_A_1_fu_249.grp_fp2mul503_mont_127_fu_1738.grp_mp_mul_148_fu_58,grp_mp_mul_148_Pipeline_VITIS_LOOP_159_4_fu_151,,module_status824.csv
grp_EphemeralKeyGeneration_A_1_fu_249.grp_fp2mul503_mont_127_fu_1738,grp_fp2mul503_mont_127_Pipeline_VITIS_LOOP_350_1_fu_74,,module_status825.csv
grp_EphemeralKeyGeneration_A_1_fu_249.grp_fp2mul503_mont_127_fu_1738,grp_fp2mul503_mont_127_Pipeline_VITIS_LOOP_350_1206_fu_81,,module_status826.csv
grp_EphemeralKeyGeneration_A_1_fu_249.grp_fp2mul503_mont_127_fu_1738,grp_fp2mul503_mont_127_Pipeline_VITIS_LOOP_170_1_fu_88,,module_status827.csv
grp_EphemeralKeyGeneration_A_1_fu_249.grp_fp2mul503_mont_127_fu_1738,grp_fp2mul503_mont_127_Pipeline_VITIS_LOOP_200_1_fu_96,,module_status828.csv
grp_EphemeralKeyGeneration_A_1_fu_249.grp_fp2mul503_mont_127_fu_1738,grp_fp2mul503_mont_127_Pipeline_VITIS_LOOP_350_1207_fu_104,,module_status829.csv
grp_EphemeralKeyGeneration_A_1_fu_249.grp_fp2mul503_mont_127_fu_1738,grp_rdc_mont_14186_fu_110,,module_status830.csv
grp_EphemeralKeyGeneration_A_1_fu_249.grp_fp2mul503_mont_127_fu_1738.grp_rdc_mont_14186_fu_110,grp_rdc_mont_14186_Pipeline_VITIS_LOOP_182_1_fu_192,,module_status831.csv
grp_EphemeralKeyGeneration_A_1_fu_249.grp_fp2mul503_mont_127_fu_1738.grp_rdc_mont_14186_fu_110,grp_rdc_mont_14186_Pipeline_VITIS_LOOP_187_3_fu_199,,module_status832.csv
grp_EphemeralKeyGeneration_A_1_fu_249.grp_fp2mul503_mont_127_fu_1738.grp_rdc_mont_14186_fu_110,grp_rdc_mont_14186_Pipeline_VITIS_LOOP_208_5_fu_216,,module_status833.csv
grp_EphemeralKeyGeneration_A_1_fu_249.grp_fp2mul503_mont_127_fu_1738,grp_mp_mul_152_fu_122,,module_status834.csv
grp_EphemeralKeyGeneration_A_1_fu_249.grp_fp2mul503_mont_127_fu_1738.grp_mp_mul_152_fu_122,grp_mp_mul_152_Pipeline_VITIS_LOOP_145_2_fu_112,,module_status835.csv
grp_EphemeralKeyGeneration_A_1_fu_249.grp_fp2mul503_mont_127_fu_1738.grp_mp_mul_152_fu_122,grp_mp_mul_152_Pipeline_VITIS_LOOP_159_4_fu_127,,module_status836.csv
grp_EphemeralKeyGeneration_A_1_fu_249.grp_fp2mul503_mont_127_fu_1738,grp_fp2mul503_mont_127_Pipeline_VITIS_LOOP_170_1208_fu_129,,module_status837.csv
grp_EphemeralKeyGeneration_A_1_fu_249,grp_fp2mul503_mont_128_fu_1749,,module_status838.csv
grp_EphemeralKeyGeneration_A_1_fu_249.grp_fp2mul503_mont_128_fu_1749,grp_mp_mul_151_fu_58,,module_status839.csv
grp_EphemeralKeyGeneration_A_1_fu_249.grp_fp2mul503_mont_128_fu_1749.grp_mp_mul_151_fu_58,grp_mp_mul_151_Pipeline_VITIS_LOOP_145_2_fu_134,,module_status840.csv
grp_EphemeralKeyGeneration_A_1_fu_249.grp_fp2mul503_mont_128_fu_1749.grp_mp_mul_151_fu_58,grp_mp_mul_151_Pipeline_VITIS_LOOP_159_4_fu_151,,module_status841.csv
grp_EphemeralKeyGeneration_A_1_fu_249.grp_fp2mul503_mont_128_fu_1749,grp_fp2mul503_mont_128_Pipeline_VITIS_LOOP_350_1_fu_74,,module_status842.csv
grp_EphemeralKeyGeneration_A_1_fu_249.grp_fp2mul503_mont_128_fu_1749,grp_fp2mul503_mont_128_Pipeline_VITIS_LOOP_350_1203_fu_81,,module_status843.csv
grp_EphemeralKeyGeneration_A_1_fu_249.grp_fp2mul503_mont_128_fu_1749,grp_fp2mul503_mont_128_Pipeline_VITIS_LOOP_170_1_fu_88,,module_status844.csv
grp_EphemeralKeyGeneration_A_1_fu_249.grp_fp2mul503_mont_128_fu_1749,grp_fp2mul503_mont_128_Pipeline_VITIS_LOOP_200_1_fu_96,,module_status845.csv
grp_EphemeralKeyGeneration_A_1_fu_249.grp_fp2mul503_mont_128_fu_1749,grp_fp2mul503_mont_128_Pipeline_VITIS_LOOP_350_1204_fu_104,,module_status846.csv
grp_EphemeralKeyGeneration_A_1_fu_249.grp_fp2mul503_mont_128_fu_1749,grp_rdc_mont_14186_fu_110,,module_status847.csv
grp_EphemeralKeyGeneration_A_1_fu_249.grp_fp2mul503_mont_128_fu_1749.grp_rdc_mont_14186_fu_110,grp_rdc_mont_14186_Pipeline_VITIS_LOOP_182_1_fu_192,,module_status848.csv
grp_EphemeralKeyGeneration_A_1_fu_249.grp_fp2mul503_mont_128_fu_1749.grp_rdc_mont_14186_fu_110,grp_rdc_mont_14186_Pipeline_VITIS_LOOP_187_3_fu_199,,module_status849.csv
grp_EphemeralKeyGeneration_A_1_fu_249.grp_fp2mul503_mont_128_fu_1749.grp_rdc_mont_14186_fu_110,grp_rdc_mont_14186_Pipeline_VITIS_LOOP_208_5_fu_216,,module_status850.csv
grp_EphemeralKeyGeneration_A_1_fu_249.grp_fp2mul503_mont_128_fu_1749,grp_mp_mul_152_fu_122,,module_status851.csv
grp_EphemeralKeyGeneration_A_1_fu_249.grp_fp2mul503_mont_128_fu_1749.grp_mp_mul_152_fu_122,grp_mp_mul_152_Pipeline_VITIS_LOOP_145_2_fu_112,,module_status852.csv
grp_EphemeralKeyGeneration_A_1_fu_249.grp_fp2mul503_mont_128_fu_1749.grp_mp_mul_152_fu_122,grp_mp_mul_152_Pipeline_VITIS_LOOP_159_4_fu_127,,module_status853.csv
grp_EphemeralKeyGeneration_A_1_fu_249.grp_fp2mul503_mont_128_fu_1749,grp_fp2mul503_mont_128_Pipeline_VITIS_LOOP_170_1205_fu_129,,module_status854.csv
grp_EphemeralKeyGeneration_A_1_fu_249,grp_fp2mul503_mont_fu_1760,,module_status855.csv
grp_EphemeralKeyGeneration_A_1_fu_249.grp_fp2mul503_mont_fu_1760,grp_mp_mul_146_fu_56,,module_status856.csv
grp_EphemeralKeyGeneration_A_1_fu_249.grp_fp2mul503_mont_fu_1760.grp_mp_mul_146_fu_56,grp_mp_mul_146_Pipeline_VITIS_LOOP_145_2_fu_134,,module_status857.csv
grp_EphemeralKeyGeneration_A_1_fu_249.grp_fp2mul503_mont_fu_1760.grp_mp_mul_146_fu_56,grp_mp_mul_146_Pipeline_VITIS_LOOP_159_4_fu_151,,module_status858.csv
grp_EphemeralKeyGeneration_A_1_fu_249.grp_fp2mul503_mont_fu_1760,grp_fp2mul503_mont_Pipeline_VITIS_LOOP_350_1_fu_72,,module_status859.csv
grp_EphemeralKeyGeneration_A_1_fu_249.grp_fp2mul503_mont_fu_1760,grp_fp2mul503_mont_Pipeline_VITIS_LOOP_350_1212_fu_79,,module_status860.csv
grp_EphemeralKeyGeneration_A_1_fu_249.grp_fp2mul503_mont_fu_1760,grp_fp2mul503_mont_Pipeline_VITIS_LOOP_170_1_fu_86,,module_status861.csv
grp_EphemeralKeyGeneration_A_1_fu_249.grp_fp2mul503_mont_fu_1760,grp_fp2mul503_mont_Pipeline_VITIS_LOOP_200_1_fu_94,,module_status862.csv
grp_EphemeralKeyGeneration_A_1_fu_249.grp_fp2mul503_mont_fu_1760,grp_fp2mul503_mont_Pipeline_VITIS_LOOP_350_1213_fu_102,,module_status863.csv
grp_EphemeralKeyGeneration_A_1_fu_249.grp_fp2mul503_mont_fu_1760,grp_rdc_mont_14186_fu_108,,module_status864.csv
grp_EphemeralKeyGeneration_A_1_fu_249.grp_fp2mul503_mont_fu_1760.grp_rdc_mont_14186_fu_108,grp_rdc_mont_14186_Pipeline_VITIS_LOOP_182_1_fu_192,,module_status865.csv
grp_EphemeralKeyGeneration_A_1_fu_249.grp_fp2mul503_mont_fu_1760.grp_rdc_mont_14186_fu_108,grp_rdc_mont_14186_Pipeline_VITIS_LOOP_187_3_fu_199,,module_status866.csv
grp_EphemeralKeyGeneration_A_1_fu_249.grp_fp2mul503_mont_fu_1760.grp_rdc_mont_14186_fu_108,grp_rdc_mont_14186_Pipeline_VITIS_LOOP_208_5_fu_216,,module_status867.csv
grp_EphemeralKeyGeneration_A_1_fu_249.grp_fp2mul503_mont_fu_1760,grp_mp_mul_152_fu_120,,module_status868.csv
grp_EphemeralKeyGeneration_A_1_fu_249.grp_fp2mul503_mont_fu_1760.grp_mp_mul_152_fu_120,grp_mp_mul_152_Pipeline_VITIS_LOOP_145_2_fu_112,,module_status869.csv
grp_EphemeralKeyGeneration_A_1_fu_249.grp_fp2mul503_mont_fu_1760.grp_mp_mul_152_fu_120,grp_mp_mul_152_Pipeline_VITIS_LOOP_159_4_fu_127,,module_status870.csv
grp_EphemeralKeyGeneration_A_1_fu_249.grp_fp2mul503_mont_fu_1760,grp_fp2mul503_mont_Pipeline_VITIS_LOOP_170_1214_fu_127,,module_status871.csv
grp_EphemeralKeyGeneration_A_1_fu_249,grp_EphemeralKeyGeneration_A_1_Pipeline_VITIS_LOOP_14_1258_fu_1770,,module_status872.csv
grp_EphemeralKeyGeneration_A_1_fu_249,grp_from_mont_25_fu_1776,,module_status873.csv
grp_EphemeralKeyGeneration_A_1_fu_249.grp_from_mont_25_fu_1776,grp_from_mont_25_Pipeline_1_fu_32,,module_status874.csv
grp_EphemeralKeyGeneration_A_1_fu_249.grp_from_mont_25_fu_1776,grp_mp_mul_144_fu_38,,module_status875.csv
grp_EphemeralKeyGeneration_A_1_fu_249.grp_from_mont_25_fu_1776.grp_mp_mul_144_fu_38,grp_mp_mul_144_Pipeline_VITIS_LOOP_145_2_fu_126,,module_status876.csv
grp_EphemeralKeyGeneration_A_1_fu_249.grp_from_mont_25_fu_1776.grp_mp_mul_144_fu_38,grp_mp_mul_144_Pipeline_VITIS_LOOP_159_4_fu_142,,module_status877.csv
grp_EphemeralKeyGeneration_A_1_fu_249.grp_from_mont_25_fu_1776,grp_rdc_mont_1_fu_49,,module_status878.csv
grp_EphemeralKeyGeneration_A_1_fu_249.grp_from_mont_25_fu_1776.grp_rdc_mont_1_fu_49,grp_rdc_mont_1_Pipeline_VITIS_LOOP_182_1_fu_178,,module_status879.csv
grp_EphemeralKeyGeneration_A_1_fu_249.grp_from_mont_25_fu_1776.grp_rdc_mont_1_fu_49,grp_rdc_mont_1_Pipeline_VITIS_LOOP_187_3_fu_184,,module_status880.csv
grp_EphemeralKeyGeneration_A_1_fu_249.grp_from_mont_25_fu_1776.grp_rdc_mont_1_fu_49,grp_rdc_mont_1_Pipeline_VITIS_LOOP_208_5_fu_200,,module_status881.csv
grp_EphemeralKeyGeneration_A_1_fu_249.grp_from_mont_25_fu_1776,grp_from_mont_25_Pipeline_VITIS_LOOP_91_1_fu_58,,module_status882.csv
grp_EphemeralKeyGeneration_A_1_fu_249.grp_from_mont_25_fu_1776,grp_from_mont_25_Pipeline_VITIS_LOOP_97_2_fu_67,,module_status883.csv
grp_EphemeralKeyGeneration_A_1_fu_249,grp_EphemeralKeyGeneration_A_1_Pipeline_VITIS_LOOP_14_1259_fu_1788,,module_status884.csv
grp_EphemeralKeyGeneration_A_1_fu_249,grp_from_mont_2_fu_1794,,module_status885.csv
grp_EphemeralKeyGeneration_A_1_fu_249.grp_from_mont_2_fu_1794,grp_from_mont_2_Pipeline_1_fu_32,,module_status886.csv
grp_EphemeralKeyGeneration_A_1_fu_249.grp_from_mont_2_fu_1794,grp_mp_mul_144_fu_38,,module_status887.csv
grp_EphemeralKeyGeneration_A_1_fu_249.grp_from_mont_2_fu_1794.grp_mp_mul_144_fu_38,grp_mp_mul_144_Pipeline_VITIS_LOOP_145_2_fu_126,,module_status888.csv
grp_EphemeralKeyGeneration_A_1_fu_249.grp_from_mont_2_fu_1794.grp_mp_mul_144_fu_38,grp_mp_mul_144_Pipeline_VITIS_LOOP_159_4_fu_142,,module_status889.csv
grp_EphemeralKeyGeneration_A_1_fu_249.grp_from_mont_2_fu_1794,grp_rdc_mont_2_fu_49,,module_status890.csv
grp_EphemeralKeyGeneration_A_1_fu_249.grp_from_mont_2_fu_1794.grp_rdc_mont_2_fu_49,grp_rdc_mont_2_Pipeline_VITIS_LOOP_182_1_fu_180,,module_status891.csv
grp_EphemeralKeyGeneration_A_1_fu_249.grp_from_mont_2_fu_1794.grp_rdc_mont_2_fu_49,grp_rdc_mont_2_Pipeline_VITIS_LOOP_187_3_fu_186,,module_status892.csv
grp_EphemeralKeyGeneration_A_1_fu_249.grp_from_mont_2_fu_1794.grp_rdc_mont_2_fu_49,grp_rdc_mont_2_Pipeline_VITIS_LOOP_208_5_fu_202,,module_status893.csv
grp_EphemeralKeyGeneration_A_1_fu_249.grp_from_mont_2_fu_1794,grp_from_mont_2_Pipeline_VITIS_LOOP_91_1_fu_58,,module_status894.csv
grp_EphemeralKeyGeneration_A_1_fu_249.grp_from_mont_2_fu_1794,grp_from_mont_2_Pipeline_VITIS_LOOP_97_2_fu_67,,module_status895.csv
grp_EphemeralKeyGeneration_A_1_fu_249,grp_EphemeralKeyGeneration_A_1_Pipeline_VITIS_LOOP_42_1_fu_1806,,module_status896.csv
grp_EphemeralKeyGeneration_A_1_fu_249,grp_EphemeralKeyGeneration_A_1_Pipeline_VITIS_LOOP_42_1260_fu_1814,,module_status897.csv
grp_EphemeralKeyGeneration_A_1_fu_249,grp_EphemeralKeyGeneration_A_1_Pipeline_VITIS_LOOP_42_1261_fu_1822,,module_status898.csv
,grp_EphemeralSecretAgreement_A_1_fu_283,,module_status899.csv
grp_EphemeralSecretAgreement_A_1_fu_283,grp_EphemeralSecretAgreement_A_1_Pipeline_1_fu_403,,module_status900.csv
grp_EphemeralSecretAgreement_A_1_fu_283,grp_EphemeralSecretAgreement_A_1_Pipeline_2_fu_409,,module_status901.csv
grp_EphemeralSecretAgreement_A_1_fu_283,grp_EphemeralSecretAgreement_A_1_Pipeline_3_fu_417,,module_status902.csv
grp_EphemeralSecretAgreement_A_1_fu_283,grp_fp2_decode_1_fu_423,,module_status903.csv
grp_EphemeralSecretAgreement_A_1_fu_283.grp_fp2_decode_1_fu_423,grp_fp2_decode_1_Pipeline_VITIS_LOOP_53_1_fu_66,,module_status904.csv
grp_EphemeralSecretAgreement_A_1_fu_283.grp_fp2_decode_1_fu_423,grp_fp2_decode_1_Pipeline_3_fu_72,,module_status905.csv
grp_EphemeralSecretAgreement_A_1_fu_283.grp_fp2_decode_1_fu_423,grp_fp2_decode_1_Pipeline_4_fu_78,,module_status906.csv
grp_EphemeralSecretAgreement_A_1_fu_283.grp_fp2_decode_1_fu_423,grp_fp2_decode_1_Pipeline_VITIS_LOOP_55_2_fu_84,,module_status907.csv
grp_EphemeralSecretAgreement_A_1_fu_283.grp_fp2_decode_1_fu_423,grp_mp_mul_6_fu_94,,module_status908.csv
grp_EphemeralSecretAgreement_A_1_fu_283.grp_fp2_decode_1_fu_423.grp_mp_mul_6_fu_94,grp_mp_mul_6_Pipeline_VITIS_LOOP_145_2_fu_114,,module_status909.csv
grp_EphemeralSecretAgreement_A_1_fu_283.grp_fp2_decode_1_fu_423.grp_mp_mul_6_fu_94,grp_mp_mul_6_Pipeline_VITIS_LOOP_159_4_fu_129,,module_status910.csv
grp_EphemeralSecretAgreement_A_1_fu_283.grp_fp2_decode_1_fu_423,grp_rdc_mont_3_fu_103,,module_status911.csv
grp_EphemeralSecretAgreement_A_1_fu_283.grp_fp2_decode_1_fu_423.grp_rdc_mont_3_fu_103,grp_rdc_mont_3_Pipeline_VITIS_LOOP_182_1_fu_181,,module_status912.csv
grp_EphemeralSecretAgreement_A_1_fu_283.grp_fp2_decode_1_fu_423.grp_rdc_mont_3_fu_103,grp_rdc_mont_3_Pipeline_VITIS_LOOP_187_3_fu_187,,module_status913.csv
grp_EphemeralSecretAgreement_A_1_fu_283.grp_fp2_decode_1_fu_423.grp_rdc_mont_3_fu_103,grp_rdc_mont_3_Pipeline_VITIS_LOOP_208_5_fu_203,,module_status914.csv
grp_EphemeralSecretAgreement_A_1_fu_283.grp_fp2_decode_1_fu_423,grp_mp_mul_862_fu_112,,module_status915.csv
grp_EphemeralSecretAgreement_A_1_fu_283.grp_fp2_decode_1_fu_423.grp_mp_mul_862_fu_112,grp_mp_mul_862_Pipeline_VITIS_LOOP_145_2_fu_124,,module_status916.csv
grp_EphemeralSecretAgreement_A_1_fu_283.grp_fp2_decode_1_fu_423.grp_mp_mul_862_fu_112,grp_mp_mul_862_Pipeline_VITIS_LOOP_159_4_fu_140,,module_status917.csv
grp_EphemeralSecretAgreement_A_1_fu_283.grp_fp2_decode_1_fu_423,grp_rdc_mont_4_fu_123,,module_status918.csv
grp_EphemeralSecretAgreement_A_1_fu_283.grp_fp2_decode_1_fu_423.grp_rdc_mont_4_fu_123,grp_rdc_mont_4_Pipeline_VITIS_LOOP_182_1_fu_198,,module_status919.csv
grp_EphemeralSecretAgreement_A_1_fu_283.grp_fp2_decode_1_fu_423.grp_rdc_mont_4_fu_123,grp_rdc_mont_4_Pipeline_VITIS_LOOP_187_3_fu_207,,module_status920.csv
grp_EphemeralSecretAgreement_A_1_fu_283.grp_fp2_decode_1_fu_423.grp_rdc_mont_4_fu_123,grp_rdc_mont_4_Pipeline_VITIS_LOOP_208_5_fu_224,,module_status921.csv
grp_EphemeralSecretAgreement_A_1_fu_283,grp_fp2_decode_2_fu_437,,module_status922.csv
grp_EphemeralSecretAgreement_A_1_fu_283.grp_fp2_decode_2_fu_437,grp_fp2_decode_2_Pipeline_VITIS_LOOP_53_1_fu_82,,module_status923.csv
grp_EphemeralSecretAgreement_A_1_fu_283.grp_fp2_decode_2_fu_437,grp_fp2_decode_2_Pipeline_3_fu_90,,module_status924.csv
grp_EphemeralSecretAgreement_A_1_fu_283.grp_fp2_decode_2_fu_437,grp_fp2_decode_2_Pipeline_4_fu_96,,module_status925.csv
grp_EphemeralSecretAgreement_A_1_fu_283.grp_fp2_decode_2_fu_437,grp_fp2_decode_2_Pipeline_VITIS_LOOP_55_2_fu_102,,module_status926.csv
grp_EphemeralSecretAgreement_A_1_fu_283.grp_fp2_decode_2_fu_437,grp_mp_mul_862_fu_115,,module_status927.csv
grp_EphemeralSecretAgreement_A_1_fu_283.grp_fp2_decode_2_fu_437.grp_mp_mul_862_fu_115,grp_mp_mul_862_Pipeline_VITIS_LOOP_145_2_fu_124,,module_status928.csv
grp_EphemeralSecretAgreement_A_1_fu_283.grp_fp2_decode_2_fu_437.grp_mp_mul_862_fu_115,grp_mp_mul_862_Pipeline_VITIS_LOOP_159_4_fu_140,,module_status929.csv
grp_EphemeralSecretAgreement_A_1_fu_283.grp_fp2_decode_2_fu_437,grp_rdc_mont_4_fu_125,,module_status930.csv
grp_EphemeralSecretAgreement_A_1_fu_283.grp_fp2_decode_2_fu_437.grp_rdc_mont_4_fu_125,grp_rdc_mont_4_Pipeline_VITIS_LOOP_182_1_fu_198,,module_status931.csv
grp_EphemeralSecretAgreement_A_1_fu_283.grp_fp2_decode_2_fu_437.grp_rdc_mont_4_fu_125,grp_rdc_mont_4_Pipeline_VITIS_LOOP_187_3_fu_207,,module_status932.csv
grp_EphemeralSecretAgreement_A_1_fu_283.grp_fp2_decode_2_fu_437.grp_rdc_mont_4_fu_125,grp_rdc_mont_4_Pipeline_VITIS_LOOP_208_5_fu_224,,module_status933.csv
grp_EphemeralSecretAgreement_A_1_fu_283,grp_fpadd503_77_78_fu_455,,module_status934.csv
grp_EphemeralSecretAgreement_A_1_fu_283.grp_fpadd503_77_78_fu_455,grp_fpadd503_77_78_Pipeline_VITIS_LOOP_23_1_fu_20,,module_status935.csv
grp_EphemeralSecretAgreement_A_1_fu_283.grp_fpadd503_77_78_fu_455,grp_fpadd503_77_78_Pipeline_VITIS_LOOP_28_2_fu_30,,module_status936.csv
grp_EphemeralSecretAgreement_A_1_fu_283.grp_fpadd503_77_78_fu_455,grp_fpadd503_77_78_Pipeline_VITIS_LOOP_34_3_fu_41,,module_status937.csv
grp_EphemeralSecretAgreement_A_1_fu_283,grp_fpadd503_9_fu_465,,module_status938.csv
grp_EphemeralSecretAgreement_A_1_fu_283.grp_fpadd503_9_fu_465,grp_fpadd503_9_Pipeline_VITIS_LOOP_23_1_fu_20,,module_status939.csv
grp_EphemeralSecretAgreement_A_1_fu_283.grp_fpadd503_9_fu_465,grp_fpadd503_9_Pipeline_VITIS_LOOP_28_2_fu_28,,module_status940.csv
grp_EphemeralSecretAgreement_A_1_fu_283.grp_fpadd503_9_fu_465,grp_fpadd503_9_Pipeline_VITIS_LOOP_34_3_fu_37,,module_status941.csv
grp_EphemeralSecretAgreement_A_1_fu_283,grp_fpadd503_10_fu_473,,module_status942.csv
grp_EphemeralSecretAgreement_A_1_fu_283.grp_fpadd503_10_fu_473,grp_fpadd503_10_Pipeline_VITIS_LOOP_23_1_fu_20,,module_status943.csv
grp_EphemeralSecretAgreement_A_1_fu_283.grp_fpadd503_10_fu_473,grp_fpadd503_10_Pipeline_VITIS_LOOP_28_2_fu_28,,module_status944.csv
grp_EphemeralSecretAgreement_A_1_fu_283.grp_fpadd503_10_fu_473,grp_fpadd503_10_Pipeline_VITIS_LOOP_34_3_fu_37,,module_status945.csv
grp_EphemeralSecretAgreement_A_1_fu_283,grp_fp2mul503_mont_4_fu_481,,module_status946.csv
grp_EphemeralSecretAgreement_A_1_fu_283.grp_fp2mul503_mont_4_fu_481,grp_mp_mul_8_fu_60,,module_status947.csv
grp_EphemeralSecretAgreement_A_1_fu_283.grp_fp2mul503_mont_4_fu_481.grp_mp_mul_8_fu_60,grp_mp_mul_8_Pipeline_VITIS_LOOP_145_2_fu_112,,module_status948.csv
grp_EphemeralSecretAgreement_A_1_fu_283.grp_fp2mul503_mont_4_fu_481.grp_mp_mul_8_fu_60,grp_mp_mul_8_Pipeline_VITIS_LOOP_159_4_fu_125,,module_status949.csv
grp_EphemeralSecretAgreement_A_1_fu_283.grp_fp2mul503_mont_4_fu_481,grp_mp_mul_9_fu_68,,module_status950.csv
grp_EphemeralSecretAgreement_A_1_fu_283.grp_fp2mul503_mont_4_fu_481.grp_mp_mul_9_fu_68,grp_mp_mul_9_Pipeline_VITIS_LOOP_145_2_fu_112,,module_status951.csv
grp_EphemeralSecretAgreement_A_1_fu_283.grp_fp2mul503_mont_4_fu_481.grp_mp_mul_9_fu_68,grp_mp_mul_9_Pipeline_VITIS_LOOP_159_4_fu_125,,module_status952.csv
grp_EphemeralSecretAgreement_A_1_fu_283.grp_fp2mul503_mont_4_fu_481,grp_fp2mul503_mont_4_Pipeline_VITIS_LOOP_350_1_fu_75,,module_status953.csv
grp_EphemeralSecretAgreement_A_1_fu_283.grp_fp2mul503_mont_4_fu_481,grp_fp2mul503_mont_4_Pipeline_VITIS_LOOP_170_1_fu_82,,module_status954.csv
grp_EphemeralSecretAgreement_A_1_fu_283.grp_fp2mul503_mont_4_fu_481,grp_fp2mul503_mont_4_Pipeline_VITIS_LOOP_350_1170_fu_90,,module_status955.csv
grp_EphemeralSecretAgreement_A_1_fu_283.grp_fp2mul503_mont_4_fu_481,grp_fp2mul503_mont_4_Pipeline_VITIS_LOOP_200_1_fu_97,,module_status956.csv
grp_EphemeralSecretAgreement_A_1_fu_283.grp_fp2mul503_mont_4_fu_481,grp_fp2mul503_mont_4_Pipeline_VITIS_LOOP_350_1171_fu_105,,module_status957.csv
grp_EphemeralSecretAgreement_A_1_fu_283.grp_fp2mul503_mont_4_fu_481,grp_rdc_mont_140_fu_111,,module_status958.csv
grp_EphemeralSecretAgreement_A_1_fu_283.grp_fp2mul503_mont_4_fu_481.grp_rdc_mont_140_fu_111,grp_rdc_mont_140_Pipeline_VITIS_LOOP_182_1_fu_192,,module_status959.csv
grp_EphemeralSecretAgreement_A_1_fu_283.grp_fp2mul503_mont_4_fu_481.grp_rdc_mont_140_fu_111,grp_rdc_mont_140_Pipeline_VITIS_LOOP_187_3_fu_199,,module_status960.csv
grp_EphemeralSecretAgreement_A_1_fu_283.grp_fp2mul503_mont_4_fu_481.grp_rdc_mont_140_fu_111,grp_rdc_mont_140_Pipeline_VITIS_LOOP_208_5_fu_216,,module_status961.csv
grp_EphemeralSecretAgreement_A_1_fu_283.grp_fp2mul503_mont_4_fu_481,grp_mp_mul_152_fu_123,,module_status962.csv
grp_EphemeralSecretAgreement_A_1_fu_283.grp_fp2mul503_mont_4_fu_481.grp_mp_mul_152_fu_123,grp_mp_mul_152_Pipeline_VITIS_LOOP_145_2_fu_112,,module_status963.csv
grp_EphemeralSecretAgreement_A_1_fu_283.grp_fp2mul503_mont_4_fu_481.grp_mp_mul_152_fu_123,grp_mp_mul_152_Pipeline_VITIS_LOOP_159_4_fu_127,,module_status964.csv
grp_EphemeralSecretAgreement_A_1_fu_283.grp_fp2mul503_mont_4_fu_481,grp_fp2mul503_mont_4_Pipeline_VITIS_LOOP_170_1172_fu_130,,module_status965.csv
grp_EphemeralSecretAgreement_A_1_fu_283,grp_fp2mul503_mont_5_fu_491,,module_status966.csv
grp_EphemeralSecretAgreement_A_1_fu_283.grp_fp2mul503_mont_5_fu_491,grp_mp_mul_7_fu_64,,module_status967.csv
grp_EphemeralSecretAgreement_A_1_fu_283.grp_fp2mul503_mont_5_fu_491.grp_mp_mul_7_fu_64,grp_mp_mul_7_Pipeline_VITIS_LOOP_145_2_fu_138,,module_status968.csv
grp_EphemeralSecretAgreement_A_1_fu_283.grp_fp2mul503_mont_5_fu_491.grp_mp_mul_7_fu_64,grp_mp_mul_7_Pipeline_VITIS_LOOP_159_4_fu_155,,module_status969.csv
grp_EphemeralSecretAgreement_A_1_fu_283.grp_fp2mul503_mont_5_fu_491,grp_fp2mul503_mont_5_Pipeline_VITIS_LOOP_350_1_fu_80,,module_status970.csv
grp_EphemeralSecretAgreement_A_1_fu_283.grp_fp2mul503_mont_5_fu_491,grp_fp2mul503_mont_5_Pipeline_VITIS_LOOP_350_1167_fu_87,,module_status971.csv
grp_EphemeralSecretAgreement_A_1_fu_283.grp_fp2mul503_mont_5_fu_491,grp_fp2mul503_mont_5_Pipeline_VITIS_LOOP_170_1_fu_94,,module_status972.csv
grp_EphemeralSecretAgreement_A_1_fu_283.grp_fp2mul503_mont_5_fu_491,grp_fp2mul503_mont_5_Pipeline_VITIS_LOOP_200_1_fu_102,,module_status973.csv
grp_EphemeralSecretAgreement_A_1_fu_283.grp_fp2mul503_mont_5_fu_491,grp_fp2mul503_mont_5_Pipeline_VITIS_LOOP_350_1168_fu_110,,module_status974.csv
grp_EphemeralSecretAgreement_A_1_fu_283.grp_fp2mul503_mont_5_fu_491,grp_rdc_mont_140_fu_116,,module_status975.csv
grp_EphemeralSecretAgreement_A_1_fu_283.grp_fp2mul503_mont_5_fu_491.grp_rdc_mont_140_fu_116,grp_rdc_mont_140_Pipeline_VITIS_LOOP_182_1_fu_192,,module_status976.csv
grp_EphemeralSecretAgreement_A_1_fu_283.grp_fp2mul503_mont_5_fu_491.grp_rdc_mont_140_fu_116,grp_rdc_mont_140_Pipeline_VITIS_LOOP_187_3_fu_199,,module_status977.csv
grp_EphemeralSecretAgreement_A_1_fu_283.grp_fp2mul503_mont_5_fu_491.grp_rdc_mont_140_fu_116,grp_rdc_mont_140_Pipeline_VITIS_LOOP_208_5_fu_216,,module_status978.csv
grp_EphemeralSecretAgreement_A_1_fu_283.grp_fp2mul503_mont_5_fu_491,grp_mp_mul_152_fu_128,,module_status979.csv
grp_EphemeralSecretAgreement_A_1_fu_283.grp_fp2mul503_mont_5_fu_491.grp_mp_mul_152_fu_128,grp_mp_mul_152_Pipeline_VITIS_LOOP_145_2_fu_112,,module_status980.csv
grp_EphemeralSecretAgreement_A_1_fu_283.grp_fp2mul503_mont_5_fu_491.grp_mp_mul_152_fu_128,grp_mp_mul_152_Pipeline_VITIS_LOOP_159_4_fu_127,,module_status981.csv
grp_EphemeralSecretAgreement_A_1_fu_283.grp_fp2mul503_mont_5_fu_491,grp_fp2mul503_mont_5_Pipeline_VITIS_LOOP_170_1169_fu_135,,module_status982.csv
grp_EphemeralSecretAgreement_A_1_fu_283,grp_fpadd503_149_1_fu_502,,module_status983.csv
grp_EphemeralSecretAgreement_A_1_fu_283.grp_fpadd503_149_1_fu_502,grp_fpadd503_149_1_Pipeline_VITIS_LOOP_23_1_fu_40,,module_status984.csv
grp_EphemeralSecretAgreement_A_1_fu_283.grp_fpadd503_149_1_fu_502,grp_fpadd503_149_1_Pipeline_VITIS_LOOP_28_2_fu_50,,module_status985.csv
grp_EphemeralSecretAgreement_A_1_fu_283.grp_fpadd503_149_1_fu_502,grp_fpadd503_149_1_Pipeline_VITIS_LOOP_34_3_fu_60,,module_status986.csv
grp_EphemeralSecretAgreement_A_1_fu_283,grp_fp2mul503_mont_78_1_fu_516,,module_status987.csv
grp_EphemeralSecretAgreement_A_1_fu_283.grp_fp2mul503_mont_78_1_fu_516,grp_mp_mul_5_fu_62,,module_status988.csv
grp_EphemeralSecretAgreement_A_1_fu_283.grp_fp2mul503_mont_78_1_fu_516.grp_mp_mul_5_fu_62,grp_mp_mul_5_Pipeline_VITIS_LOOP_145_2_fu_138,,module_status989.csv
grp_EphemeralSecretAgreement_A_1_fu_283.grp_fp2mul503_mont_78_1_fu_516.grp_mp_mul_5_fu_62,grp_mp_mul_5_Pipeline_VITIS_LOOP_159_4_fu_155,,module_status990.csv
grp_EphemeralSecretAgreement_A_1_fu_283.grp_fp2mul503_mont_78_1_fu_516,grp_fp2mul503_mont_78_1_Pipeline_VITIS_LOOP_350_1_fu_78,,module_status991.csv
grp_EphemeralSecretAgreement_A_1_fu_283.grp_fp2mul503_mont_78_1_fu_516,grp_fp2mul503_mont_78_1_Pipeline_VITIS_LOOP_350_1146_fu_85,,module_status992.csv
grp_EphemeralSecretAgreement_A_1_fu_283.grp_fp2mul503_mont_78_1_fu_516,grp_fp2mul503_mont_78_1_Pipeline_VITIS_LOOP_170_1_fu_92,,module_status993.csv
grp_EphemeralSecretAgreement_A_1_fu_283.grp_fp2mul503_mont_78_1_fu_516,grp_fp2mul503_mont_78_1_Pipeline_VITIS_LOOP_200_1_fu_100,,module_status994.csv
grp_EphemeralSecretAgreement_A_1_fu_283.grp_fp2mul503_mont_78_1_fu_516,grp_fp2mul503_mont_78_1_Pipeline_VITIS_LOOP_350_1147_fu_108,,module_status995.csv
grp_EphemeralSecretAgreement_A_1_fu_283.grp_fp2mul503_mont_78_1_fu_516,grp_rdc_mont_140_fu_114,,module_status996.csv
grp_EphemeralSecretAgreement_A_1_fu_283.grp_fp2mul503_mont_78_1_fu_516.grp_rdc_mont_140_fu_114,grp_rdc_mont_140_Pipeline_VITIS_LOOP_182_1_fu_192,,module_status997.csv
grp_EphemeralSecretAgreement_A_1_fu_283.grp_fp2mul503_mont_78_1_fu_516.grp_rdc_mont_140_fu_114,grp_rdc_mont_140_Pipeline_VITIS_LOOP_187_3_fu_199,,module_status998.csv
grp_EphemeralSecretAgreement_A_1_fu_283.grp_fp2mul503_mont_78_1_fu_516.grp_rdc_mont_140_fu_114,grp_rdc_mont_140_Pipeline_VITIS_LOOP_208_5_fu_216,,module_status999.csv
grp_EphemeralSecretAgreement_A_1_fu_283.grp_fp2mul503_mont_78_1_fu_516,grp_mp_mul_152_fu_126,,module_status1000.csv
grp_EphemeralSecretAgreement_A_1_fu_283.grp_fp2mul503_mont_78_1_fu_516.grp_mp_mul_152_fu_126,grp_mp_mul_152_Pipeline_VITIS_LOOP_145_2_fu_112,,module_status1001.csv
grp_EphemeralSecretAgreement_A_1_fu_283.grp_fp2mul503_mont_78_1_fu_516.grp_mp_mul_152_fu_126,grp_mp_mul_152_Pipeline_VITIS_LOOP_159_4_fu_127,,module_status1002.csv
grp_EphemeralSecretAgreement_A_1_fu_283.grp_fp2mul503_mont_78_1_fu_516,grp_fp2mul503_mont_78_1_Pipeline_VITIS_LOOP_170_1148_fu_133,,module_status1003.csv
grp_EphemeralSecretAgreement_A_1_fu_283,grp_fpsub503_144_2_fu_526,,module_status1004.csv
grp_EphemeralSecretAgreement_A_1_fu_283.grp_fpsub503_144_2_fu_526,grp_fpsub503_144_2_Pipeline_VITIS_LOOP_47_1_fu_38,,module_status1005.csv
grp_EphemeralSecretAgreement_A_1_fu_283.grp_fpsub503_144_2_fu_526,grp_fpsub503_144_2_Pipeline_VITIS_LOOP_53_2_fu_49,,module_status1006.csv
grp_EphemeralSecretAgreement_A_1_fu_283,grp_fpadd503_149_2_fu_541,,module_status1007.csv
grp_EphemeralSecretAgreement_A_1_fu_283.grp_fpadd503_149_2_fu_541,grp_fpadd503_149_2_Pipeline_VITIS_LOOP_23_1_fu_30,,module_status1008.csv
grp_EphemeralSecretAgreement_A_1_fu_283.grp_fpadd503_149_2_fu_541,grp_fpadd503_149_2_Pipeline_VITIS_LOOP_28_2_fu_37,,module_status1009.csv
grp_EphemeralSecretAgreement_A_1_fu_283.grp_fpadd503_149_2_fu_541,grp_fpadd503_149_2_Pipeline_VITIS_LOOP_34_3_fu_47,,module_status1010.csv
grp_EphemeralSecretAgreement_A_1_fu_283,grp_fpadd503_11_fu_551,,module_status1011.csv
grp_EphemeralSecretAgreement_A_1_fu_283.grp_fpadd503_11_fu_551,grp_fpadd503_11_Pipeline_VITIS_LOOP_23_1_fu_44,,module_status1012.csv
grp_EphemeralSecretAgreement_A_1_fu_283.grp_fpadd503_11_fu_551,grp_fpadd503_11_Pipeline_VITIS_LOOP_28_2_fu_55,,module_status1013.csv
grp_EphemeralSecretAgreement_A_1_fu_283.grp_fpadd503_11_fu_551,grp_fpadd503_11_Pipeline_VITIS_LOOP_34_3_fu_65,,module_status1014.csv
grp_EphemeralSecretAgreement_A_1_fu_283,grp_fp2sqr503_mont_136_2_fu_565,,module_status1015.csv
grp_EphemeralSecretAgreement_A_1_fu_283.grp_fp2sqr503_mont_136_2_fu_565,grp_fp2sqr503_mont_136_2_Pipeline_VITIS_LOOP_350_1_fu_54,,module_status1016.csv
grp_EphemeralSecretAgreement_A_1_fu_283.grp_fp2sqr503_mont_136_2_fu_565,grp_fp2sqr503_mont_136_2_Pipeline_5_fu_62,,module_status1017.csv
grp_EphemeralSecretAgreement_A_1_fu_283.grp_fp2sqr503_mont_136_2_fu_565,grp_fp2sqr503_mont_136_2_Pipeline_6_fu_68,,module_status1018.csv
grp_EphemeralSecretAgreement_A_1_fu_283.grp_fp2sqr503_mont_136_2_fu_565,grp_fp2sqr503_mont_136_2_Pipeline_VITIS_LOOP_47_1_fu_74,,module_status1019.csv
grp_EphemeralSecretAgreement_A_1_fu_283.grp_fp2sqr503_mont_136_2_fu_565,grp_fp2sqr503_mont_136_2_Pipeline_VITIS_LOOP_53_2_fu_82,,module_status1020.csv
grp_EphemeralSecretAgreement_A_1_fu_283.grp_fp2sqr503_mont_136_2_fu_565,grp_fp2sqr503_mont_136_2_Pipeline_VITIS_LOOP_350_1134_fu_90,,module_status1021.csv
grp_EphemeralSecretAgreement_A_1_fu_283.grp_fp2sqr503_mont_136_2_fu_565,grp_mp_mul_152_fu_97,,module_status1022.csv
grp_EphemeralSecretAgreement_A_1_fu_283.grp_fp2sqr503_mont_136_2_fu_565.grp_mp_mul_152_fu_97,grp_mp_mul_152_Pipeline_VITIS_LOOP_145_2_fu_112,,module_status1023.csv
grp_EphemeralSecretAgreement_A_1_fu_283.grp_fp2sqr503_mont_136_2_fu_565.grp_mp_mul_152_fu_97,grp_mp_mul_152_Pipeline_VITIS_LOOP_159_4_fu_127,,module_status1024.csv
grp_EphemeralSecretAgreement_A_1_fu_283.grp_fp2sqr503_mont_136_2_fu_565,grp_rdc_mont_140_fu_104,,module_status1025.csv
grp_EphemeralSecretAgreement_A_1_fu_283.grp_fp2sqr503_mont_136_2_fu_565.grp_rdc_mont_140_fu_104,grp_rdc_mont_140_Pipeline_VITIS_LOOP_182_1_fu_192,,module_status1026.csv
grp_EphemeralSecretAgreement_A_1_fu_283.grp_fp2sqr503_mont_136_2_fu_565.grp_rdc_mont_140_fu_104,grp_rdc_mont_140_Pipeline_VITIS_LOOP_187_3_fu_199,,module_status1027.csv
grp_EphemeralSecretAgreement_A_1_fu_283.grp_fp2sqr503_mont_136_2_fu_565.grp_rdc_mont_140_fu_104,grp_rdc_mont_140_Pipeline_VITIS_LOOP_208_5_fu_216,,module_status1028.csv
grp_EphemeralSecretAgreement_A_1_fu_283.grp_fp2sqr503_mont_136_2_fu_565,grp_mp_mul_150_fu_116,,module_status1029.csv
grp_EphemeralSecretAgreement_A_1_fu_283.grp_fp2sqr503_mont_136_2_fu_565.grp_mp_mul_150_fu_116,grp_mp_mul_150_Pipeline_VITIS_LOOP_145_2_fu_112,,module_status1030.csv
grp_EphemeralSecretAgreement_A_1_fu_283.grp_fp2sqr503_mont_136_2_fu_565.grp_mp_mul_150_fu_116,grp_mp_mul_150_Pipeline_VITIS_LOOP_159_4_fu_127,,module_status1031.csv
grp_EphemeralSecretAgreement_A_1_fu_283,grp_fp2inv503_mont_fu_574,,module_status1032.csv
grp_EphemeralSecretAgreement_A_1_fu_283.grp_fp2inv503_mont_fu_574,grp_fp2inv503_mont_Pipeline_1_fu_94,,module_status1033.csv
grp_EphemeralSecretAgreement_A_1_fu_283.grp_fp2inv503_mont_fu_574,grp_fp2inv503_mont_Pipeline_2_fu_100,,module_status1034.csv
grp_EphemeralSecretAgreement_A_1_fu_283.grp_fp2inv503_mont_fu_574,grp_fp2inv503_mont_Pipeline_7_fu_106,,module_status1035.csv
grp_EphemeralSecretAgreement_A_1_fu_283.grp_fp2inv503_mont_fu_574,grp_fp2inv503_mont_Pipeline_8_fu_112,,module_status1036.csv
grp_EphemeralSecretAgreement_A_1_fu_283.grp_fp2inv503_mont_fu_574,grp_fp2inv503_mont_Pipeline_9_fu_118,,module_status1037.csv
grp_EphemeralSecretAgreement_A_1_fu_283.grp_fp2inv503_mont_fu_574,grp_fp2inv503_mont_Pipeline_11_fu_124,,module_status1038.csv
grp_EphemeralSecretAgreement_A_1_fu_283.grp_fp2inv503_mont_fu_574,grp_fp2inv503_mont_Pipeline_12_fu_130,,module_status1039.csv
grp_EphemeralSecretAgreement_A_1_fu_283.grp_fp2inv503_mont_fu_574,grp_mp_mul_141_1_fu_136,,module_status1040.csv
grp_EphemeralSecretAgreement_A_1_fu_283.grp_fp2inv503_mont_fu_574.grp_mp_mul_141_1_fu_136,grp_mp_mul_141_1_Pipeline_VITIS_LOOP_145_2_fu_124,,module_status1041.csv
grp_EphemeralSecretAgreement_A_1_fu_283.grp_fp2inv503_mont_fu_574.grp_mp_mul_141_1_fu_136,grp_mp_mul_141_1_Pipeline_VITIS_LOOP_159_4_fu_138,,module_status1042.csv
grp_EphemeralSecretAgreement_A_1_fu_283.grp_fp2inv503_mont_fu_574,grp_rdc_mont_142_fu_146,,module_status1043.csv
grp_EphemeralSecretAgreement_A_1_fu_283.grp_fp2inv503_mont_fu_574.grp_rdc_mont_142_fu_146,grp_rdc_mont_142_Pipeline_VITIS_LOOP_182_1_fu_178,,module_status1044.csv
grp_EphemeralSecretAgreement_A_1_fu_283.grp_fp2inv503_mont_fu_574.grp_rdc_mont_142_fu_146,grp_rdc_mont_142_Pipeline_VITIS_LOOP_187_3_fu_184,,module_status1045.csv
grp_EphemeralSecretAgreement_A_1_fu_283.grp_fp2inv503_mont_fu_574.grp_rdc_mont_142_fu_146,grp_rdc_mont_142_Pipeline_VITIS_LOOP_208_5_fu_200,,module_status1046.csv
grp_EphemeralSecretAgreement_A_1_fu_283.grp_fp2inv503_mont_fu_574,grp_fp2inv503_mont_Pipeline_VITIS_LOOP_23_1_fu_154,,module_status1047.csv
grp_EphemeralSecretAgreement_A_1_fu_283.grp_fp2inv503_mont_fu_574,grp_fp2inv503_mont_Pipeline_VITIS_LOOP_28_2_fu_160,,module_status1048.csv
grp_EphemeralSecretAgreement_A_1_fu_283.grp_fp2inv503_mont_fu_574,grp_fp2inv503_mont_Pipeline_VITIS_LOOP_34_3_fu_168,,module_status1049.csv
grp_EphemeralSecretAgreement_A_1_fu_283.grp_fp2inv503_mont_fu_574,grp_fp2inv503_mont_Pipeline_VITIS_LOOP_14_1_fu_176,,module_status1050.csv
grp_EphemeralSecretAgreement_A_1_fu_283.grp_fp2inv503_mont_fu_574,grp_fp2inv503_mont_Pipeline_VITIS_LOOP_64_1_fu_182,,module_status1051.csv
grp_EphemeralSecretAgreement_A_1_fu_283.grp_fp2inv503_mont_fu_574,grp_fpinv503_chain_mont_fu_190,,module_status1052.csv
grp_EphemeralSecretAgreement_A_1_fu_283.grp_fp2inv503_mont_fu_574.grp_fpinv503_chain_mont_fu_190,grp_fpinv503_chain_mont_Pipeline_1_fu_395,,module_status1053.csv
grp_EphemeralSecretAgreement_A_1_fu_283.grp_fp2inv503_mont_fu_574.grp_fpinv503_chain_mont_fu_190,grp_fpinv503_chain_mont_Pipeline_2_fu_401,,module_status1054.csv
grp_EphemeralSecretAgreement_A_1_fu_283.grp_fp2inv503_mont_fu_574.grp_fpinv503_chain_mont_fu_190,grp_mp_mul_141_2_fu_407,,module_status1055.csv
grp_EphemeralSecretAgreement_A_1_fu_283.grp_fp2inv503_mont_fu_574.grp_fpinv503_chain_mont_fu_190.grp_mp_mul_141_2_fu_407,grp_mp_mul_141_2_Pipeline_VITIS_LOOP_145_2_fu_110,,module_status1056.csv
grp_EphemeralSecretAgreement_A_1_fu_283.grp_fp2inv503_mont_fu_574.grp_fpinv503_chain_mont_fu_190.grp_mp_mul_141_2_fu_407,grp_mp_mul_141_2_Pipeline_VITIS_LOOP_159_4_fu_123,,module_status1057.csv
grp_EphemeralSecretAgreement_A_1_fu_283.grp_fp2inv503_mont_fu_574.grp_fpinv503_chain_mont_fu_190,grp_rdc_mont_142_fu_414,,module_status1058.csv
grp_EphemeralSecretAgreement_A_1_fu_283.grp_fp2inv503_mont_fu_574.grp_fpinv503_chain_mont_fu_190.grp_rdc_mont_142_fu_414,grp_rdc_mont_142_Pipeline_VITIS_LOOP_182_1_fu_178,,module_status1059.csv
grp_EphemeralSecretAgreement_A_1_fu_283.grp_fp2inv503_mont_fu_574.grp_fpinv503_chain_mont_fu_190.grp_rdc_mont_142_fu_414,grp_rdc_mont_142_Pipeline_VITIS_LOOP_187_3_fu_184,,module_status1060.csv
grp_EphemeralSecretAgreement_A_1_fu_283.grp_fp2inv503_mont_fu_574.grp_fpinv503_chain_mont_fu_190.grp_rdc_mont_142_fu_414,grp_rdc_mont_142_Pipeline_VITIS_LOOP_208_5_fu_200,,module_status1061.csv
grp_EphemeralSecretAgreement_A_1_fu_283.grp_fp2inv503_mont_fu_574.grp_fpinv503_chain_mont_fu_190,grp_mp_mul_152_fu_422,,module_status1062.csv
grp_EphemeralSecretAgreement_A_1_fu_283.grp_fp2inv503_mont_fu_574.grp_fpinv503_chain_mont_fu_190.grp_mp_mul_152_fu_422,grp_mp_mul_152_Pipeline_VITIS_LOOP_145_2_fu_112,,module_status1063.csv
grp_EphemeralSecretAgreement_A_1_fu_283.grp_fp2inv503_mont_fu_574.grp_fpinv503_chain_mont_fu_190.grp_mp_mul_152_fu_422,grp_mp_mul_152_Pipeline_VITIS_LOOP_159_4_fu_127,,module_status1064.csv
grp_EphemeralSecretAgreement_A_1_fu_283.grp_fp2inv503_mont_fu_574.grp_fpinv503_chain_mont_fu_190,grp_rdc_mont_139_fu_430,,module_status1065.csv
grp_EphemeralSecretAgreement_A_1_fu_283.grp_fp2inv503_mont_fu_574.grp_fpinv503_chain_mont_fu_190.grp_rdc_mont_139_fu_430,grp_rdc_mont_139_Pipeline_VITIS_LOOP_182_1_fu_192,,module_status1066.csv
grp_EphemeralSecretAgreement_A_1_fu_283.grp_fp2inv503_mont_fu_574.grp_fpinv503_chain_mont_fu_190.grp_rdc_mont_139_fu_430,grp_rdc_mont_139_Pipeline_VITIS_LOOP_187_3_fu_199,,module_status1067.csv
grp_EphemeralSecretAgreement_A_1_fu_283.grp_fp2inv503_mont_fu_574.grp_fpinv503_chain_mont_fu_190.grp_rdc_mont_139_fu_430,grp_rdc_mont_139_Pipeline_VITIS_LOOP_208_5_fu_216,,module_status1068.csv
grp_EphemeralSecretAgreement_A_1_fu_283.grp_fp2inv503_mont_fu_574.grp_fpinv503_chain_mont_fu_190,grp_fpinv503_chain_mont_Pipeline_VITIS_LOOP_14_1_fu_440,,module_status1069.csv
grp_EphemeralSecretAgreement_A_1_fu_283.grp_fp2inv503_mont_fu_574.grp_fpinv503_chain_mont_fu_190,grp_fpinv503_chain_mont_Pipeline_3_fu_447,,module_status1070.csv
grp_EphemeralSecretAgreement_A_1_fu_283.grp_fp2inv503_mont_fu_574.grp_fpinv503_chain_mont_fu_190,grp_mp_mul_143_fu_452,,module_status1071.csv
grp_EphemeralSecretAgreement_A_1_fu_283.grp_fp2inv503_mont_fu_574.grp_fpinv503_chain_mont_fu_190.grp_mp_mul_143_fu_452,grp_mp_mul_143_Pipeline_VITIS_LOOP_145_2_fu_126,,module_status1072.csv
grp_EphemeralSecretAgreement_A_1_fu_283.grp_fp2inv503_mont_fu_574.grp_fpinv503_chain_mont_fu_190.grp_mp_mul_143_fu_452,grp_mp_mul_143_Pipeline_VITIS_LOOP_159_4_fu_142,,module_status1073.csv
grp_EphemeralSecretAgreement_A_1_fu_283.grp_fp2inv503_mont_fu_574.grp_fpinv503_chain_mont_fu_190,grp_fpsqr503_mont_1_fu_460,,module_status1074.csv
grp_EphemeralSecretAgreement_A_1_fu_283.grp_fp2inv503_mont_fu_574.grp_fpinv503_chain_mont_fu_190.grp_fpsqr503_mont_1_fu_460,grp_mp_mul_141_2_fu_53,,module_status1075.csv
grp_EphemeralSecretAgreement_A_1_fu_283.grp_fp2inv503_mont_fu_574.grp_fpinv503_chain_mont_fu_190.grp_fpsqr503_mont_1_fu_460.grp_mp_mul_141_2_fu_53,grp_mp_mul_141_2_Pipeline_VITIS_LOOP_145_2_fu_110,,module_status1076.csv
grp_EphemeralSecretAgreement_A_1_fu_283.grp_fp2inv503_mont_fu_574.grp_fpinv503_chain_mont_fu_190.grp_fpsqr503_mont_1_fu_460.grp_mp_mul_141_2_fu_53,grp_mp_mul_141_2_Pipeline_VITIS_LOOP_159_4_fu_123,,module_status1077.csv
grp_EphemeralSecretAgreement_A_1_fu_283.grp_fp2inv503_mont_fu_574.grp_fpinv503_chain_mont_fu_190.grp_fpsqr503_mont_1_fu_460,grp_rdc_mont_142_fu_60,,module_status1078.csv
grp_EphemeralSecretAgreement_A_1_fu_283.grp_fp2inv503_mont_fu_574.grp_fpinv503_chain_mont_fu_190.grp_fpsqr503_mont_1_fu_460.grp_rdc_mont_142_fu_60,grp_rdc_mont_142_Pipeline_VITIS_LOOP_182_1_fu_178,,module_status1079.csv
grp_EphemeralSecretAgreement_A_1_fu_283.grp_fp2inv503_mont_fu_574.grp_fpinv503_chain_mont_fu_190.grp_fpsqr503_mont_1_fu_460.grp_rdc_mont_142_fu_60,grp_rdc_mont_142_Pipeline_VITIS_LOOP_187_3_fu_184,,module_status1080.csv
grp_EphemeralSecretAgreement_A_1_fu_283.grp_fp2inv503_mont_fu_574.grp_fpinv503_chain_mont_fu_190.grp_fpsqr503_mont_1_fu_460.grp_rdc_mont_142_fu_60,grp_rdc_mont_142_Pipeline_VITIS_LOOP_208_5_fu_200,,module_status1081.csv
grp_EphemeralSecretAgreement_A_1_fu_283.grp_fp2inv503_mont_fu_574.grp_fpinv503_chain_mont_fu_190,grp_fpmul503_mont_2_fu_467,,module_status1082.csv
grp_EphemeralSecretAgreement_A_1_fu_283.grp_fp2inv503_mont_fu_574.grp_fpinv503_chain_mont_fu_190.grp_fpmul503_mont_2_fu_467,grp_mp_mul_152_fu_55,,module_status1083.csv
grp_EphemeralSecretAgreement_A_1_fu_283.grp_fp2inv503_mont_fu_574.grp_fpinv503_chain_mont_fu_190.grp_fpmul503_mont_2_fu_467.grp_mp_mul_152_fu_55,grp_mp_mul_152_Pipeline_VITIS_LOOP_145_2_fu_112,,module_status1084.csv
grp_EphemeralSecretAgreement_A_1_fu_283.grp_fp2inv503_mont_fu_574.grp_fpinv503_chain_mont_fu_190.grp_fpmul503_mont_2_fu_467.grp_mp_mul_152_fu_55,grp_mp_mul_152_Pipeline_VITIS_LOOP_159_4_fu_127,,module_status1085.csv
grp_EphemeralSecretAgreement_A_1_fu_283.grp_fp2inv503_mont_fu_574.grp_fpinv503_chain_mont_fu_190.grp_fpmul503_mont_2_fu_467,grp_rdc_mont_142_fu_64,,module_status1086.csv
grp_EphemeralSecretAgreement_A_1_fu_283.grp_fp2inv503_mont_fu_574.grp_fpinv503_chain_mont_fu_190.grp_fpmul503_mont_2_fu_467.grp_rdc_mont_142_fu_64,grp_rdc_mont_142_Pipeline_VITIS_LOOP_182_1_fu_178,,module_status1087.csv
grp_EphemeralSecretAgreement_A_1_fu_283.grp_fp2inv503_mont_fu_574.grp_fpinv503_chain_mont_fu_190.grp_fpmul503_mont_2_fu_467.grp_rdc_mont_142_fu_64,grp_rdc_mont_142_Pipeline_VITIS_LOOP_187_3_fu_184,,module_status1088.csv
grp_EphemeralSecretAgreement_A_1_fu_283.grp_fp2inv503_mont_fu_574.grp_fpinv503_chain_mont_fu_190.grp_fpmul503_mont_2_fu_467.grp_rdc_mont_142_fu_64,grp_rdc_mont_142_Pipeline_VITIS_LOOP_208_5_fu_200,,module_status1089.csv
grp_EphemeralSecretAgreement_A_1_fu_283.grp_fp2inv503_mont_fu_574.grp_fpinv503_chain_mont_fu_190,grp_fpmul503_mont_1_fu_476,,module_status1090.csv
grp_EphemeralSecretAgreement_A_1_fu_283.grp_fp2inv503_mont_fu_574.grp_fpinv503_chain_mont_fu_190.grp_fpmul503_mont_1_fu_476,grp_mp_mul_143_fu_65,,module_status1091.csv
grp_EphemeralSecretAgreement_A_1_fu_283.grp_fp2inv503_mont_fu_574.grp_fpinv503_chain_mont_fu_190.grp_fpmul503_mont_1_fu_476.grp_mp_mul_143_fu_65,grp_mp_mul_143_Pipeline_VITIS_LOOP_145_2_fu_126,,module_status1092.csv
grp_EphemeralSecretAgreement_A_1_fu_283.grp_fp2inv503_mont_fu_574.grp_fpinv503_chain_mont_fu_190.grp_fpmul503_mont_1_fu_476.grp_mp_mul_143_fu_65,grp_mp_mul_143_Pipeline_VITIS_LOOP_159_4_fu_142,,module_status1093.csv
grp_EphemeralSecretAgreement_A_1_fu_283.grp_fp2inv503_mont_fu_574.grp_fpinv503_chain_mont_fu_190.grp_fpmul503_mont_1_fu_476,grp_rdc_mont_142_fu_75,,module_status1094.csv
grp_EphemeralSecretAgreement_A_1_fu_283.grp_fp2inv503_mont_fu_574.grp_fpinv503_chain_mont_fu_190.grp_fpmul503_mont_1_fu_476.grp_rdc_mont_142_fu_75,grp_rdc_mont_142_Pipeline_VITIS_LOOP_182_1_fu_178,,module_status1095.csv
grp_EphemeralSecretAgreement_A_1_fu_283.grp_fp2inv503_mont_fu_574.grp_fpinv503_chain_mont_fu_190.grp_fpmul503_mont_1_fu_476.grp_rdc_mont_142_fu_75,grp_rdc_mont_142_Pipeline_VITIS_LOOP_187_3_fu_184,,module_status1096.csv
grp_EphemeralSecretAgreement_A_1_fu_283.grp_fp2inv503_mont_fu_574.grp_fpinv503_chain_mont_fu_190.grp_fpmul503_mont_1_fu_476.grp_rdc_mont_142_fu_75,grp_rdc_mont_142_Pipeline_VITIS_LOOP_208_5_fu_200,,module_status1097.csv
grp_EphemeralSecretAgreement_A_1_fu_283.grp_fp2inv503_mont_fu_574.grp_fpinv503_chain_mont_fu_190,grp_fpinv503_chain_mont_Pipeline_VITIS_LOOP_14_1127_fu_500,,module_status1098.csv
grp_EphemeralSecretAgreement_A_1_fu_283.grp_fp2inv503_mont_fu_574,grp_mp_mul_141_2_fu_197,,module_status1099.csv
grp_EphemeralSecretAgreement_A_1_fu_283.grp_fp2inv503_mont_fu_574.grp_mp_mul_141_2_fu_197,grp_mp_mul_141_2_Pipeline_VITIS_LOOP_145_2_fu_110,,module_status1100.csv
grp_EphemeralSecretAgreement_A_1_fu_283.grp_fp2inv503_mont_fu_574.grp_mp_mul_141_2_fu_197,grp_mp_mul_141_2_Pipeline_VITIS_LOOP_159_4_fu_123,,module_status1101.csv
grp_EphemeralSecretAgreement_A_1_fu_283.grp_fp2inv503_mont_fu_574,grp_mp_mul_152_fu_203,,module_status1102.csv
grp_EphemeralSecretAgreement_A_1_fu_283.grp_fp2inv503_mont_fu_574.grp_mp_mul_152_fu_203,grp_mp_mul_152_Pipeline_VITIS_LOOP_145_2_fu_112,,module_status1103.csv
grp_EphemeralSecretAgreement_A_1_fu_283.grp_fp2inv503_mont_fu_574.grp_mp_mul_152_fu_203,grp_mp_mul_152_Pipeline_VITIS_LOOP_159_4_fu_127,,module_status1104.csv
grp_EphemeralSecretAgreement_A_1_fu_283.grp_fp2inv503_mont_fu_574,grp_mp_mul_145_fu_210,,module_status1105.csv
grp_EphemeralSecretAgreement_A_1_fu_283.grp_fp2inv503_mont_fu_574.grp_mp_mul_145_fu_210,grp_mp_mul_145_Pipeline_VITIS_LOOP_145_2_fu_126,,module_status1106.csv
grp_EphemeralSecretAgreement_A_1_fu_283.grp_fp2inv503_mont_fu_574.grp_mp_mul_145_fu_210,grp_mp_mul_145_Pipeline_VITIS_LOOP_159_4_fu_142,,module_status1107.csv
grp_EphemeralSecretAgreement_A_1_fu_283.grp_fp2inv503_mont_fu_574,grp_rdc_mont_140_fu_221,,module_status1108.csv
grp_EphemeralSecretAgreement_A_1_fu_283.grp_fp2inv503_mont_fu_574.grp_rdc_mont_140_fu_221,grp_rdc_mont_140_Pipeline_VITIS_LOOP_182_1_fu_192,,module_status1109.csv
grp_EphemeralSecretAgreement_A_1_fu_283.grp_fp2inv503_mont_fu_574.grp_rdc_mont_140_fu_221,grp_rdc_mont_140_Pipeline_VITIS_LOOP_187_3_fu_199,,module_status1110.csv
grp_EphemeralSecretAgreement_A_1_fu_283.grp_fp2inv503_mont_fu_574.grp_rdc_mont_140_fu_221,grp_rdc_mont_140_Pipeline_VITIS_LOOP_208_5_fu_216,,module_status1111.csv
grp_EphemeralSecretAgreement_A_1_fu_283,grp_fp2mul503_mont_133_2_fu_583,,module_status1112.csv
grp_EphemeralSecretAgreement_A_1_fu_283.grp_fp2mul503_mont_133_2_fu_583,grp_mp_mul_148_fu_56,,module_status1113.csv
grp_EphemeralSecretAgreement_A_1_fu_283.grp_fp2mul503_mont_133_2_fu_583.grp_mp_mul_148_fu_56,grp_mp_mul_148_Pipeline_VITIS_LOOP_145_2_fu_134,,module_status1114.csv
grp_EphemeralSecretAgreement_A_1_fu_283.grp_fp2mul503_mont_133_2_fu_583.grp_mp_mul_148_fu_56,grp_mp_mul_148_Pipeline_VITIS_LOOP_159_4_fu_151,,module_status1115.csv
grp_EphemeralSecretAgreement_A_1_fu_283.grp_fp2mul503_mont_133_2_fu_583,grp_fp2mul503_mont_133_2_Pipeline_VITIS_LOOP_350_1_fu_72,,module_status1116.csv
grp_EphemeralSecretAgreement_A_1_fu_283.grp_fp2mul503_mont_133_2_fu_583,grp_fp2mul503_mont_133_2_Pipeline_VITIS_LOOP_350_1182_fu_79,,module_status1117.csv
grp_EphemeralSecretAgreement_A_1_fu_283.grp_fp2mul503_mont_133_2_fu_583,grp_fp2mul503_mont_133_2_Pipeline_VITIS_LOOP_170_1_fu_86,,module_status1118.csv
grp_EphemeralSecretAgreement_A_1_fu_283.grp_fp2mul503_mont_133_2_fu_583,grp_fp2mul503_mont_133_2_Pipeline_VITIS_LOOP_200_1_fu_94,,module_status1119.csv
grp_EphemeralSecretAgreement_A_1_fu_283.grp_fp2mul503_mont_133_2_fu_583,grp_fp2mul503_mont_133_2_Pipeline_VITIS_LOOP_350_1183_fu_102,,module_status1120.csv
grp_EphemeralSecretAgreement_A_1_fu_283.grp_fp2mul503_mont_133_2_fu_583,grp_rdc_mont_140_fu_108,,module_status1121.csv
grp_EphemeralSecretAgreement_A_1_fu_283.grp_fp2mul503_mont_133_2_fu_583.grp_rdc_mont_140_fu_108,grp_rdc_mont_140_Pipeline_VITIS_LOOP_182_1_fu_192,,module_status1122.csv
grp_EphemeralSecretAgreement_A_1_fu_283.grp_fp2mul503_mont_133_2_fu_583.grp_rdc_mont_140_fu_108,grp_rdc_mont_140_Pipeline_VITIS_LOOP_187_3_fu_199,,module_status1123.csv
grp_EphemeralSecretAgreement_A_1_fu_283.grp_fp2mul503_mont_133_2_fu_583.grp_rdc_mont_140_fu_108,grp_rdc_mont_140_Pipeline_VITIS_LOOP_208_5_fu_216,,module_status1124.csv
grp_EphemeralSecretAgreement_A_1_fu_283.grp_fp2mul503_mont_133_2_fu_583,grp_mp_mul_152_fu_120,,module_status1125.csv
grp_EphemeralSecretAgreement_A_1_fu_283.grp_fp2mul503_mont_133_2_fu_583.grp_mp_mul_152_fu_120,grp_mp_mul_152_Pipeline_VITIS_LOOP_145_2_fu_112,,module_status1126.csv
grp_EphemeralSecretAgreement_A_1_fu_283.grp_fp2mul503_mont_133_2_fu_583.grp_mp_mul_152_fu_120,grp_mp_mul_152_Pipeline_VITIS_LOOP_159_4_fu_127,,module_status1127.csv
grp_EphemeralSecretAgreement_A_1_fu_283.grp_fp2mul503_mont_133_2_fu_583,grp_fp2mul503_mont_133_2_Pipeline_VITIS_LOOP_170_1184_fu_127,,module_status1128.csv
grp_EphemeralSecretAgreement_A_1_fu_283,grp_fpadd503_79_80_fu_593,,module_status1129.csv
grp_EphemeralSecretAgreement_A_1_fu_283.grp_fpadd503_79_80_fu_593,grp_fpadd503_79_80_Pipeline_VITIS_LOOP_23_1_fu_60,,module_status1130.csv
grp_EphemeralSecretAgreement_A_1_fu_283.grp_fpadd503_79_80_fu_593,grp_fpadd503_79_80_Pipeline_VITIS_LOOP_28_2_fu_78,,module_status1131.csv
grp_EphemeralSecretAgreement_A_1_fu_283.grp_fpadd503_79_80_fu_593,grp_fpadd503_79_80_Pipeline_VITIS_LOOP_34_3_fu_88,,module_status1132.csv
grp_EphemeralSecretAgreement_A_1_fu_283,grp_fpadd503_59_60_fu_615,,module_status1133.csv
grp_EphemeralSecretAgreement_A_1_fu_283.grp_fpadd503_59_60_fu_615,grp_fpadd503_59_60_Pipeline_VITIS_LOOP_23_1_fu_18,,module_status1134.csv
grp_EphemeralSecretAgreement_A_1_fu_283.grp_fpadd503_59_60_fu_615,grp_fpadd503_59_60_Pipeline_VITIS_LOOP_28_2_fu_26,,module_status1135.csv
grp_EphemeralSecretAgreement_A_1_fu_283.grp_fpadd503_59_60_fu_615,grp_fpadd503_59_60_Pipeline_VITIS_LOOP_34_3_fu_37,,module_status1136.csv
grp_EphemeralSecretAgreement_A_1_fu_283,grp_LADDER3PT_1_fu_623,,module_status1137.csv
grp_EphemeralSecretAgreement_A_1_fu_283.grp_LADDER3PT_1_fu_623,grp_LADDER3PT_1_Pipeline_1_fu_883,,module_status1138.csv
grp_EphemeralSecretAgreement_A_1_fu_283.grp_LADDER3PT_1_fu_623,grp_LADDER3PT_1_Pipeline_VITIS_LOOP_14_1_fu_891,,module_status1139.csv
grp_EphemeralSecretAgreement_A_1_fu_283.grp_LADDER3PT_1_fu_623,grp_fpadd503_59_61_fu_899,,module_status1140.csv
grp_EphemeralSecretAgreement_A_1_fu_283.grp_LADDER3PT_1_fu_623.grp_fpadd503_59_61_fu_899,grp_fpadd503_59_61_Pipeline_VITIS_LOOP_23_1_fu_36,,module_status1141.csv
grp_EphemeralSecretAgreement_A_1_fu_283.grp_LADDER3PT_1_fu_623.grp_fpadd503_59_61_fu_899,grp_fpadd503_59_61_Pipeline_VITIS_LOOP_28_2_fu_48,,module_status1142.csv
grp_EphemeralSecretAgreement_A_1_fu_283.grp_LADDER3PT_1_fu_623.grp_fpadd503_59_61_fu_899,grp_fpadd503_59_61_Pipeline_VITIS_LOOP_34_3_fu_61,,module_status1143.csv
grp_EphemeralSecretAgreement_A_1_fu_283.grp_LADDER3PT_1_fu_623,grp_LADDER3PT_1_Pipeline_VITIS_LOOP_14_1226_fu_913,,module_status1144.csv
grp_EphemeralSecretAgreement_A_1_fu_283.grp_LADDER3PT_1_fu_623,grp_LADDER3PT_1_Pipeline_VITIS_LOOP_14_1228_fu_920,,module_status1145.csv
grp_EphemeralSecretAgreement_A_1_fu_283.grp_LADDER3PT_1_fu_623,grp_LADDER3PT_1_Pipeline_VITIS_LOOP_14_1227_fu_927,,module_status1146.csv
grp_EphemeralSecretAgreement_A_1_fu_283.grp_LADDER3PT_1_fu_623,grp_LADDER3PT_1_Pipeline_VITIS_LOOP_14_1231_fu_934,,module_status1147.csv
grp_EphemeralSecretAgreement_A_1_fu_283.grp_LADDER3PT_1_fu_623,grp_fpadd503_61_6270_fu_941,,module_status1148.csv
grp_EphemeralSecretAgreement_A_1_fu_283.grp_LADDER3PT_1_fu_623.grp_fpadd503_61_6270_fu_941,grp_fpadd503_61_6270_Pipeline_VITIS_LOOP_23_1_fu_50,,module_status1149.csv
grp_EphemeralSecretAgreement_A_1_fu_283.grp_LADDER3PT_1_fu_623.grp_fpadd503_61_6270_fu_941,grp_fpadd503_61_6270_Pipeline_VITIS_LOOP_28_2_fu_65,,module_status1150.csv
grp_EphemeralSecretAgreement_A_1_fu_283.grp_LADDER3PT_1_fu_623.grp_fpadd503_61_6270_fu_941,grp_fpadd503_61_6270_Pipeline_VITIS_LOOP_34_3_fu_78,,module_status1151.csv
grp_EphemeralSecretAgreement_A_1_fu_283.grp_LADDER3PT_1_fu_623,grp_LADDER3PT_1_Pipeline_VITIS_LOOP_14_1229_fu_960,,module_status1152.csv
grp_EphemeralSecretAgreement_A_1_fu_283.grp_LADDER3PT_1_fu_623,grp_LADDER3PT_1_Pipeline_VITIS_LOOP_14_1234_fu_967,,module_status1153.csv
grp_EphemeralSecretAgreement_A_1_fu_283.grp_LADDER3PT_1_fu_623,grp_LADDER3PT_1_Pipeline_VITIS_LOOP_14_1230_fu_975,,module_status1154.csv
grp_EphemeralSecretAgreement_A_1_fu_283.grp_LADDER3PT_1_fu_623,grp_LADDER3PT_1_Pipeline_VITIS_LOOP_23_1_fu_982,,module_status1155.csv
grp_EphemeralSecretAgreement_A_1_fu_283.grp_LADDER3PT_1_fu_623,grp_fp2div2_503_fu_988,,module_status1156.csv
grp_EphemeralSecretAgreement_A_1_fu_283.grp_LADDER3PT_1_fu_623.grp_fp2div2_503_fu_988,grp_fp2div2_503_Pipeline_VITIS_LOOP_78_1_fu_74,,module_status1157.csv
grp_EphemeralSecretAgreement_A_1_fu_283.grp_LADDER3PT_1_fu_623.grp_fp2div2_503_fu_988,grp_fp2div2_503_Pipeline_VITIS_LOOP_392_1_fu_85,,module_status1158.csv
grp_EphemeralSecretAgreement_A_1_fu_283.grp_LADDER3PT_1_fu_623.grp_fp2div2_503_fu_988,grp_fp2div2_503_Pipeline_VITIS_LOOP_78_1215_fu_93,,module_status1159.csv
grp_EphemeralSecretAgreement_A_1_fu_283.grp_LADDER3PT_1_fu_623.grp_fp2div2_503_fu_988,grp_fp2div2_503_Pipeline_VITIS_LOOP_392_1216_fu_104,,module_status1160.csv
grp_EphemeralSecretAgreement_A_1_fu_283.grp_LADDER3PT_1_fu_623,grp_LADDER3PT_1_Pipeline_VITIS_LOOP_14_1232_fu_996,,module_status1161.csv
grp_EphemeralSecretAgreement_A_1_fu_283.grp_LADDER3PT_1_fu_623,grp_LADDER3PT_1_Pipeline_VITIS_LOOP_14_1233_fu_1004,,module_status1162.csv
grp_EphemeralSecretAgreement_A_1_fu_283.grp_LADDER3PT_1_fu_623,grp_LADDER3PT_1_Pipeline_VITIS_LOOP_269_1_fu_1012,,module_status1163.csv
grp_EphemeralSecretAgreement_A_1_fu_283.grp_LADDER3PT_1_fu_623,grp_fpadd503_15184_fu_1025,,module_status1164.csv
grp_EphemeralSecretAgreement_A_1_fu_283.grp_LADDER3PT_1_fu_623.grp_fpadd503_15184_fu_1025,grp_fpadd503_15184_Pipeline_VITIS_LOOP_23_1_fu_50,,module_status1165.csv
grp_EphemeralSecretAgreement_A_1_fu_283.grp_LADDER3PT_1_fu_623.grp_fpadd503_15184_fu_1025,grp_fpadd503_15184_Pipeline_VITIS_LOOP_28_2_fu_63,,module_status1166.csv
grp_EphemeralSecretAgreement_A_1_fu_283.grp_LADDER3PT_1_fu_623.grp_fpadd503_15184_fu_1025,grp_fpadd503_15184_Pipeline_VITIS_LOOP_34_3_fu_73,,module_status1167.csv
grp_EphemeralSecretAgreement_A_1_fu_283.grp_LADDER3PT_1_fu_623,grp_fpsub503_143_fu_1043,,module_status1168.csv
grp_EphemeralSecretAgreement_A_1_fu_283.grp_LADDER3PT_1_fu_623.grp_fpsub503_143_fu_1043,grp_fpsub503_143_Pipeline_VITIS_LOOP_47_1_fu_32,,module_status1169.csv
grp_EphemeralSecretAgreement_A_1_fu_283.grp_LADDER3PT_1_fu_623.grp_fpsub503_143_fu_1043,grp_fpsub503_143_Pipeline_VITIS_LOOP_53_2_fu_44,,module_status1170.csv
grp_EphemeralSecretAgreement_A_1_fu_283.grp_LADDER3PT_1_fu_623,grp_fpsub503_14682_fu_1055,,module_status1171.csv
grp_EphemeralSecretAgreement_A_1_fu_283.grp_LADDER3PT_1_fu_623.grp_fpsub503_14682_fu_1055,grp_fpsub503_14682_Pipeline_VITIS_LOOP_47_1_fu_48,,module_status1172.csv
grp_EphemeralSecretAgreement_A_1_fu_283.grp_LADDER3PT_1_fu_623.grp_fpsub503_14682_fu_1055,grp_fpsub503_14682_Pipeline_VITIS_LOOP_53_2_fu_62,,module_status1173.csv
grp_EphemeralSecretAgreement_A_1_fu_283.grp_LADDER3PT_1_fu_623,grp_fpadd503_148_fu_1073,,module_status1174.csv
grp_EphemeralSecretAgreement_A_1_fu_283.grp_LADDER3PT_1_fu_623.grp_fpadd503_148_fu_1073,grp_fpadd503_148_Pipeline_VITIS_LOOP_23_1_fu_18,,module_status1175.csv
grp_EphemeralSecretAgreement_A_1_fu_283.grp_LADDER3PT_1_fu_623.grp_fpadd503_148_fu_1073,grp_fpadd503_148_Pipeline_VITIS_LOOP_28_2_fu_26,,module_status1176.csv
grp_EphemeralSecretAgreement_A_1_fu_283.grp_LADDER3PT_1_fu_623.grp_fpadd503_148_fu_1073,grp_fpadd503_148_Pipeline_VITIS_LOOP_34_3_fu_35,,module_status1177.csv
grp_EphemeralSecretAgreement_A_1_fu_283.grp_LADDER3PT_1_fu_623,grp_fpcorrection503_fu_1081,,module_status1178.csv
grp_EphemeralSecretAgreement_A_1_fu_283.grp_LADDER3PT_1_fu_623.grp_fpcorrection503_fu_1081,grp_fpcorrection503_Pipeline_VITIS_LOOP_91_1_fu_28,,module_status1179.csv
grp_EphemeralSecretAgreement_A_1_fu_283.grp_LADDER3PT_1_fu_623.grp_fpcorrection503_fu_1081,grp_fpcorrection503_Pipeline_VITIS_LOOP_97_2_fu_38,,module_status1180.csv
grp_EphemeralSecretAgreement_A_1_fu_283.grp_LADDER3PT_1_fu_623,grp_fp2sqr503_mont_fu_1091,,module_status1181.csv
grp_EphemeralSecretAgreement_A_1_fu_283.grp_LADDER3PT_1_fu_623.grp_fp2sqr503_mont_fu_1091,grp_fp2sqr503_mont_Pipeline_VITIS_LOOP_350_1_fu_56,,module_status1182.csv
grp_EphemeralSecretAgreement_A_1_fu_283.grp_LADDER3PT_1_fu_623.grp_fp2sqr503_mont_fu_1091,grp_fp2sqr503_mont_Pipeline_5_fu_64,,module_status1183.csv
grp_EphemeralSecretAgreement_A_1_fu_283.grp_LADDER3PT_1_fu_623.grp_fp2sqr503_mont_fu_1091,grp_fp2sqr503_mont_Pipeline_6_fu_70,,module_status1184.csv
grp_EphemeralSecretAgreement_A_1_fu_283.grp_LADDER3PT_1_fu_623.grp_fp2sqr503_mont_fu_1091,grp_fp2sqr503_mont_Pipeline_VITIS_LOOP_47_1_fu_76,,module_status1185.csv
grp_EphemeralSecretAgreement_A_1_fu_283.grp_LADDER3PT_1_fu_623.grp_fp2sqr503_mont_fu_1091,grp_fp2sqr503_mont_Pipeline_VITIS_LOOP_53_2_fu_84,,module_status1186.csv
grp_EphemeralSecretAgreement_A_1_fu_283.grp_LADDER3PT_1_fu_623.grp_fp2sqr503_mont_fu_1091,grp_fp2sqr503_mont_Pipeline_VITIS_LOOP_350_1139_fu_92,,module_status1187.csv
grp_EphemeralSecretAgreement_A_1_fu_283.grp_LADDER3PT_1_fu_623.grp_fp2sqr503_mont_fu_1091,grp_mp_mul_152_fu_99,,module_status1188.csv
grp_EphemeralSecretAgreement_A_1_fu_283.grp_LADDER3PT_1_fu_623.grp_fp2sqr503_mont_fu_1091.grp_mp_mul_152_fu_99,grp_mp_mul_152_Pipeline_VITIS_LOOP_145_2_fu_112,,module_status1189.csv
grp_EphemeralSecretAgreement_A_1_fu_283.grp_LADDER3PT_1_fu_623.grp_fp2sqr503_mont_fu_1091.grp_mp_mul_152_fu_99,grp_mp_mul_152_Pipeline_VITIS_LOOP_159_4_fu_127,,module_status1190.csv
grp_EphemeralSecretAgreement_A_1_fu_283.grp_LADDER3PT_1_fu_623.grp_fp2sqr503_mont_fu_1091,grp_mp_mul_150_fu_106,,module_status1191.csv
grp_EphemeralSecretAgreement_A_1_fu_283.grp_LADDER3PT_1_fu_623.grp_fp2sqr503_mont_fu_1091.grp_mp_mul_150_fu_106,grp_mp_mul_150_Pipeline_VITIS_LOOP_145_2_fu_112,,module_status1192.csv
grp_EphemeralSecretAgreement_A_1_fu_283.grp_LADDER3PT_1_fu_623.grp_fp2sqr503_mont_fu_1091.grp_mp_mul_150_fu_106,grp_mp_mul_150_Pipeline_VITIS_LOOP_159_4_fu_127,,module_status1193.csv
grp_EphemeralSecretAgreement_A_1_fu_283.grp_LADDER3PT_1_fu_623.grp_fp2sqr503_mont_fu_1091,grp_rdc_mont_14186_fu_114,,module_status1194.csv
grp_EphemeralSecretAgreement_A_1_fu_283.grp_LADDER3PT_1_fu_623.grp_fp2sqr503_mont_fu_1091.grp_rdc_mont_14186_fu_114,grp_rdc_mont_14186_Pipeline_VITIS_LOOP_182_1_fu_192,,module_status1195.csv
grp_EphemeralSecretAgreement_A_1_fu_283.grp_LADDER3PT_1_fu_623.grp_fp2sqr503_mont_fu_1091.grp_rdc_mont_14186_fu_114,grp_rdc_mont_14186_Pipeline_VITIS_LOOP_187_3_fu_199,,module_status1196.csv
grp_EphemeralSecretAgreement_A_1_fu_283.grp_LADDER3PT_1_fu_623.grp_fp2sqr503_mont_fu_1091.grp_rdc_mont_14186_fu_114,grp_rdc_mont_14186_Pipeline_VITIS_LOOP_208_5_fu_216,,module_status1197.csv
grp_EphemeralSecretAgreement_A_1_fu_283.grp_LADDER3PT_1_fu_623,grp_fp2mul503_mont_133_2_fu_1101,,module_status1198.csv
grp_EphemeralSecretAgreement_A_1_fu_283.grp_LADDER3PT_1_fu_623.grp_fp2mul503_mont_133_2_fu_1101,grp_mp_mul_148_fu_56,,module_status1199.csv
grp_EphemeralSecretAgreement_A_1_fu_283.grp_LADDER3PT_1_fu_623.grp_fp2mul503_mont_133_2_fu_1101.grp_mp_mul_148_fu_56,grp_mp_mul_148_Pipeline_VITIS_LOOP_145_2_fu_134,,module_status1200.csv
grp_EphemeralSecretAgreement_A_1_fu_283.grp_LADDER3PT_1_fu_623.grp_fp2mul503_mont_133_2_fu_1101.grp_mp_mul_148_fu_56,grp_mp_mul_148_Pipeline_VITIS_LOOP_159_4_fu_151,,module_status1201.csv
grp_EphemeralSecretAgreement_A_1_fu_283.grp_LADDER3PT_1_fu_623.grp_fp2mul503_mont_133_2_fu_1101,grp_fp2mul503_mont_133_2_Pipeline_VITIS_LOOP_350_1_fu_72,,module_status1202.csv
grp_EphemeralSecretAgreement_A_1_fu_283.grp_LADDER3PT_1_fu_623.grp_fp2mul503_mont_133_2_fu_1101,grp_fp2mul503_mont_133_2_Pipeline_VITIS_LOOP_350_1182_fu_79,,module_status1203.csv
grp_EphemeralSecretAgreement_A_1_fu_283.grp_LADDER3PT_1_fu_623.grp_fp2mul503_mont_133_2_fu_1101,grp_fp2mul503_mont_133_2_Pipeline_VITIS_LOOP_170_1_fu_86,,module_status1204.csv
grp_EphemeralSecretAgreement_A_1_fu_283.grp_LADDER3PT_1_fu_623.grp_fp2mul503_mont_133_2_fu_1101,grp_fp2mul503_mont_133_2_Pipeline_VITIS_LOOP_200_1_fu_94,,module_status1205.csv
grp_EphemeralSecretAgreement_A_1_fu_283.grp_LADDER3PT_1_fu_623.grp_fp2mul503_mont_133_2_fu_1101,grp_fp2mul503_mont_133_2_Pipeline_VITIS_LOOP_350_1183_fu_102,,module_status1206.csv
grp_EphemeralSecretAgreement_A_1_fu_283.grp_LADDER3PT_1_fu_623.grp_fp2mul503_mont_133_2_fu_1101,grp_rdc_mont_140_fu_108,,module_status1207.csv
grp_EphemeralSecretAgreement_A_1_fu_283.grp_LADDER3PT_1_fu_623.grp_fp2mul503_mont_133_2_fu_1101.grp_rdc_mont_140_fu_108,grp_rdc_mont_140_Pipeline_VITIS_LOOP_182_1_fu_192,,module_status1208.csv
grp_EphemeralSecretAgreement_A_1_fu_283.grp_LADDER3PT_1_fu_623.grp_fp2mul503_mont_133_2_fu_1101.grp_rdc_mont_140_fu_108,grp_rdc_mont_140_Pipeline_VITIS_LOOP_187_3_fu_199,,module_status1209.csv
grp_EphemeralSecretAgreement_A_1_fu_283.grp_LADDER3PT_1_fu_623.grp_fp2mul503_mont_133_2_fu_1101.grp_rdc_mont_140_fu_108,grp_rdc_mont_140_Pipeline_VITIS_LOOP_208_5_fu_216,,module_status1210.csv
grp_EphemeralSecretAgreement_A_1_fu_283.grp_LADDER3PT_1_fu_623.grp_fp2mul503_mont_133_2_fu_1101,grp_mp_mul_152_fu_120,,module_status1211.csv
grp_EphemeralSecretAgreement_A_1_fu_283.grp_LADDER3PT_1_fu_623.grp_fp2mul503_mont_133_2_fu_1101.grp_mp_mul_152_fu_120,grp_mp_mul_152_Pipeline_VITIS_LOOP_145_2_fu_112,,module_status1212.csv
grp_EphemeralSecretAgreement_A_1_fu_283.grp_LADDER3PT_1_fu_623.grp_fp2mul503_mont_133_2_fu_1101.grp_mp_mul_152_fu_120,grp_mp_mul_152_Pipeline_VITIS_LOOP_159_4_fu_127,,module_status1213.csv
grp_EphemeralSecretAgreement_A_1_fu_283.grp_LADDER3PT_1_fu_623.grp_fp2mul503_mont_133_2_fu_1101,grp_fp2mul503_mont_133_2_Pipeline_VITIS_LOOP_170_1184_fu_127,,module_status1214.csv
grp_EphemeralSecretAgreement_A_1_fu_283.grp_LADDER3PT_1_fu_623,grp_fp2mul503_mont_65_66_fu_1111,,module_status1215.csv
grp_EphemeralSecretAgreement_A_1_fu_283.grp_LADDER3PT_1_fu_623.grp_fp2mul503_mont_65_66_fu_1111,grp_mp_mul_fu_58,,module_status1216.csv
grp_EphemeralSecretAgreement_A_1_fu_283.grp_LADDER3PT_1_fu_623.grp_fp2mul503_mont_65_66_fu_1111.grp_mp_mul_fu_58,grp_mp_mul_Pipeline_VITIS_LOOP_145_2_fu_126,,module_status1217.csv
grp_EphemeralSecretAgreement_A_1_fu_283.grp_LADDER3PT_1_fu_623.grp_fp2mul503_mont_65_66_fu_1111.grp_mp_mul_fu_58,grp_mp_mul_Pipeline_VITIS_LOOP_159_4_fu_142,,module_status1218.csv
grp_EphemeralSecretAgreement_A_1_fu_283.grp_LADDER3PT_1_fu_623.grp_fp2mul503_mont_65_66_fu_1111,grp_fp2mul503_mont_65_66_Pipeline_VITIS_LOOP_350_1_fu_72,,module_status1219.csv
grp_EphemeralSecretAgreement_A_1_fu_283.grp_LADDER3PT_1_fu_623.grp_fp2mul503_mont_65_66_fu_1111,grp_fp2mul503_mont_65_66_Pipeline_VITIS_LOOP_350_1161_fu_79,,module_status1220.csv
grp_EphemeralSecretAgreement_A_1_fu_283.grp_LADDER3PT_1_fu_623.grp_fp2mul503_mont_65_66_fu_1111,grp_fp2mul503_mont_65_66_Pipeline_VITIS_LOOP_170_1_fu_88,,module_status1221.csv
grp_EphemeralSecretAgreement_A_1_fu_283.grp_LADDER3PT_1_fu_623.grp_fp2mul503_mont_65_66_fu_1111,grp_fp2mul503_mont_65_66_Pipeline_VITIS_LOOP_200_1_fu_96,,module_status1222.csv
grp_EphemeralSecretAgreement_A_1_fu_283.grp_LADDER3PT_1_fu_623.grp_fp2mul503_mont_65_66_fu_1111,grp_fp2mul503_mont_65_66_Pipeline_VITIS_LOOP_350_1162_fu_104,,module_status1223.csv
grp_EphemeralSecretAgreement_A_1_fu_283.grp_LADDER3PT_1_fu_623.grp_fp2mul503_mont_65_66_fu_1111,grp_rdc_mont_140_fu_110,,module_status1224.csv
grp_EphemeralSecretAgreement_A_1_fu_283.grp_LADDER3PT_1_fu_623.grp_fp2mul503_mont_65_66_fu_1111.grp_rdc_mont_140_fu_110,grp_rdc_mont_140_Pipeline_VITIS_LOOP_182_1_fu_192,,module_status1225.csv
grp_EphemeralSecretAgreement_A_1_fu_283.grp_LADDER3PT_1_fu_623.grp_fp2mul503_mont_65_66_fu_1111.grp_rdc_mont_140_fu_110,grp_rdc_mont_140_Pipeline_VITIS_LOOP_187_3_fu_199,,module_status1226.csv
grp_EphemeralSecretAgreement_A_1_fu_283.grp_LADDER3PT_1_fu_623.grp_fp2mul503_mont_65_66_fu_1111.grp_rdc_mont_140_fu_110,grp_rdc_mont_140_Pipeline_VITIS_LOOP_208_5_fu_216,,module_status1227.csv
grp_EphemeralSecretAgreement_A_1_fu_283.grp_LADDER3PT_1_fu_623.grp_fp2mul503_mont_65_66_fu_1111,grp_mp_mul_152_fu_122,,module_status1228.csv
grp_EphemeralSecretAgreement_A_1_fu_283.grp_LADDER3PT_1_fu_623.grp_fp2mul503_mont_65_66_fu_1111.grp_mp_mul_152_fu_122,grp_mp_mul_152_Pipeline_VITIS_LOOP_145_2_fu_112,,module_status1229.csv
grp_EphemeralSecretAgreement_A_1_fu_283.grp_LADDER3PT_1_fu_623.grp_fp2mul503_mont_65_66_fu_1111.grp_mp_mul_152_fu_122,grp_mp_mul_152_Pipeline_VITIS_LOOP_159_4_fu_127,,module_status1230.csv
grp_EphemeralSecretAgreement_A_1_fu_283.grp_LADDER3PT_1_fu_623.grp_fp2mul503_mont_65_66_fu_1111,grp_fp2mul503_mont_65_66_Pipeline_VITIS_LOOP_170_1163_fu_129,,module_status1231.csv
grp_EphemeralSecretAgreement_A_1_fu_283.grp_LADDER3PT_1_fu_623,grp_fpsub503_fu_1122,,module_status1232.csv
grp_EphemeralSecretAgreement_A_1_fu_283.grp_LADDER3PT_1_fu_623.grp_fpsub503_fu_1122,grp_fpsub503_Pipeline_VITIS_LOOP_47_1_fu_40,,module_status1233.csv
grp_EphemeralSecretAgreement_A_1_fu_283.grp_LADDER3PT_1_fu_623.grp_fpsub503_fu_1122,grp_fpsub503_Pipeline_VITIS_LOOP_53_2_fu_53,,module_status1234.csv
grp_EphemeralSecretAgreement_A_1_fu_283.grp_LADDER3PT_1_fu_623,grp_fp2mul503_mont_fu_1137,,module_status1235.csv
grp_EphemeralSecretAgreement_A_1_fu_283.grp_LADDER3PT_1_fu_623.grp_fp2mul503_mont_fu_1137,grp_mp_mul_146_fu_56,,module_status1236.csv
grp_EphemeralSecretAgreement_A_1_fu_283.grp_LADDER3PT_1_fu_623.grp_fp2mul503_mont_fu_1137.grp_mp_mul_146_fu_56,grp_mp_mul_146_Pipeline_VITIS_LOOP_145_2_fu_134,,module_status1237.csv
grp_EphemeralSecretAgreement_A_1_fu_283.grp_LADDER3PT_1_fu_623.grp_fp2mul503_mont_fu_1137.grp_mp_mul_146_fu_56,grp_mp_mul_146_Pipeline_VITIS_LOOP_159_4_fu_151,,module_status1238.csv
grp_EphemeralSecretAgreement_A_1_fu_283.grp_LADDER3PT_1_fu_623.grp_fp2mul503_mont_fu_1137,grp_fp2mul503_mont_Pipeline_VITIS_LOOP_350_1_fu_72,,module_status1239.csv
grp_EphemeralSecretAgreement_A_1_fu_283.grp_LADDER3PT_1_fu_623.grp_fp2mul503_mont_fu_1137,grp_fp2mul503_mont_Pipeline_VITIS_LOOP_350_1212_fu_79,,module_status1240.csv
grp_EphemeralSecretAgreement_A_1_fu_283.grp_LADDER3PT_1_fu_623.grp_fp2mul503_mont_fu_1137,grp_fp2mul503_mont_Pipeline_VITIS_LOOP_170_1_fu_86,,module_status1241.csv
grp_EphemeralSecretAgreement_A_1_fu_283.grp_LADDER3PT_1_fu_623.grp_fp2mul503_mont_fu_1137,grp_fp2mul503_mont_Pipeline_VITIS_LOOP_200_1_fu_94,,module_status1242.csv
grp_EphemeralSecretAgreement_A_1_fu_283.grp_LADDER3PT_1_fu_623.grp_fp2mul503_mont_fu_1137,grp_fp2mul503_mont_Pipeline_VITIS_LOOP_350_1213_fu_102,,module_status1243.csv
grp_EphemeralSecretAgreement_A_1_fu_283.grp_LADDER3PT_1_fu_623.grp_fp2mul503_mont_fu_1137,grp_rdc_mont_14186_fu_108,,module_status1244.csv
grp_EphemeralSecretAgreement_A_1_fu_283.grp_LADDER3PT_1_fu_623.grp_fp2mul503_mont_fu_1137.grp_rdc_mont_14186_fu_108,grp_rdc_mont_14186_Pipeline_VITIS_LOOP_182_1_fu_192,,module_status1245.csv
grp_EphemeralSecretAgreement_A_1_fu_283.grp_LADDER3PT_1_fu_623.grp_fp2mul503_mont_fu_1137.grp_rdc_mont_14186_fu_108,grp_rdc_mont_14186_Pipeline_VITIS_LOOP_187_3_fu_199,,module_status1246.csv
grp_EphemeralSecretAgreement_A_1_fu_283.grp_LADDER3PT_1_fu_623.grp_fp2mul503_mont_fu_1137.grp_rdc_mont_14186_fu_108,grp_rdc_mont_14186_Pipeline_VITIS_LOOP_208_5_fu_216,,module_status1247.csv
grp_EphemeralSecretAgreement_A_1_fu_283.grp_LADDER3PT_1_fu_623.grp_fp2mul503_mont_fu_1137,grp_mp_mul_152_fu_120,,module_status1248.csv
grp_EphemeralSecretAgreement_A_1_fu_283.grp_LADDER3PT_1_fu_623.grp_fp2mul503_mont_fu_1137.grp_mp_mul_152_fu_120,grp_mp_mul_152_Pipeline_VITIS_LOOP_145_2_fu_112,,module_status1249.csv
grp_EphemeralSecretAgreement_A_1_fu_283.grp_LADDER3PT_1_fu_623.grp_fp2mul503_mont_fu_1137.grp_mp_mul_152_fu_120,grp_mp_mul_152_Pipeline_VITIS_LOOP_159_4_fu_127,,module_status1250.csv
grp_EphemeralSecretAgreement_A_1_fu_283.grp_LADDER3PT_1_fu_623.grp_fp2mul503_mont_fu_1137,grp_fp2mul503_mont_Pipeline_VITIS_LOOP_170_1214_fu_127,,module_status1251.csv
grp_EphemeralSecretAgreement_A_1_fu_283.grp_LADDER3PT_1_fu_623,grp_fp2mul503_mont_67_70_fu_1147,,module_status1252.csv
grp_EphemeralSecretAgreement_A_1_fu_283.grp_LADDER3PT_1_fu_623.grp_fp2mul503_mont_67_70_fu_1147,grp_mp_mul_68_69_fu_62,,module_status1253.csv
grp_EphemeralSecretAgreement_A_1_fu_283.grp_LADDER3PT_1_fu_623.grp_fp2mul503_mont_67_70_fu_1147.grp_mp_mul_68_69_fu_62,grp_mp_mul_68_69_Pipeline_VITIS_LOOP_145_2_fu_148,,module_status1254.csv
grp_EphemeralSecretAgreement_A_1_fu_283.grp_LADDER3PT_1_fu_623.grp_fp2mul503_mont_67_70_fu_1147.grp_mp_mul_68_69_fu_62,grp_mp_mul_68_69_Pipeline_VITIS_LOOP_159_4_fu_168,,module_status1255.csv
grp_EphemeralSecretAgreement_A_1_fu_283.grp_LADDER3PT_1_fu_623.grp_fp2mul503_mont_67_70_fu_1147,grp_fp2mul503_mont_67_70_Pipeline_VITIS_LOOP_350_1_fu_83,,module_status1256.csv
grp_EphemeralSecretAgreement_A_1_fu_283.grp_LADDER3PT_1_fu_623.grp_fp2mul503_mont_67_70_fu_1147,grp_fp2mul503_mont_67_70_Pipeline_VITIS_LOOP_350_1158_fu_90,,module_status1257.csv
grp_EphemeralSecretAgreement_A_1_fu_283.grp_LADDER3PT_1_fu_623.grp_fp2mul503_mont_67_70_fu_1147,grp_fp2mul503_mont_67_70_Pipeline_VITIS_LOOP_170_1_fu_99,,module_status1258.csv
grp_EphemeralSecretAgreement_A_1_fu_283.grp_LADDER3PT_1_fu_623.grp_fp2mul503_mont_67_70_fu_1147,grp_fp2mul503_mont_67_70_Pipeline_VITIS_LOOP_200_1_fu_107,,module_status1259.csv
grp_EphemeralSecretAgreement_A_1_fu_283.grp_LADDER3PT_1_fu_623.grp_fp2mul503_mont_67_70_fu_1147,grp_fp2mul503_mont_67_70_Pipeline_VITIS_LOOP_350_1159_fu_115,,module_status1260.csv
grp_EphemeralSecretAgreement_A_1_fu_283.grp_LADDER3PT_1_fu_623.grp_fp2mul503_mont_67_70_fu_1147,grp_rdc_mont_fu_121,,module_status1261.csv
grp_EphemeralSecretAgreement_A_1_fu_283.grp_LADDER3PT_1_fu_623.grp_fp2mul503_mont_67_70_fu_1147.grp_rdc_mont_fu_121,grp_rdc_mont_Pipeline_VITIS_LOOP_182_1_fu_177,,module_status1262.csv
grp_EphemeralSecretAgreement_A_1_fu_283.grp_LADDER3PT_1_fu_623.grp_fp2mul503_mont_67_70_fu_1147.grp_rdc_mont_fu_121,grp_rdc_mont_Pipeline_VITIS_LOOP_187_3_fu_183,,module_status1263.csv
grp_EphemeralSecretAgreement_A_1_fu_283.grp_LADDER3PT_1_fu_623.grp_fp2mul503_mont_67_70_fu_1147.grp_rdc_mont_fu_121,grp_rdc_mont_Pipeline_VITIS_LOOP_208_5_fu_199,,module_status1264.csv
grp_EphemeralSecretAgreement_A_1_fu_283.grp_LADDER3PT_1_fu_623.grp_fp2mul503_mont_67_70_fu_1147,grp_mp_mul_152_fu_131,,module_status1265.csv
grp_EphemeralSecretAgreement_A_1_fu_283.grp_LADDER3PT_1_fu_623.grp_fp2mul503_mont_67_70_fu_1147.grp_mp_mul_152_fu_131,grp_mp_mul_152_Pipeline_VITIS_LOOP_145_2_fu_112,,module_status1266.csv
grp_EphemeralSecretAgreement_A_1_fu_283.grp_LADDER3PT_1_fu_623.grp_fp2mul503_mont_67_70_fu_1147.grp_mp_mul_152_fu_131,grp_mp_mul_152_Pipeline_VITIS_LOOP_159_4_fu_127,,module_status1267.csv
grp_EphemeralSecretAgreement_A_1_fu_283.grp_LADDER3PT_1_fu_623.grp_fp2mul503_mont_67_70_fu_1147,grp_fp2mul503_mont_67_70_Pipeline_VITIS_LOOP_170_1160_fu_138,,module_status1268.csv
grp_EphemeralSecretAgreement_A_1_fu_283.grp_LADDER3PT_1_fu_623,grp_fpadd503_147_fu_1160,,module_status1269.csv
grp_EphemeralSecretAgreement_A_1_fu_283.grp_LADDER3PT_1_fu_623.grp_fpadd503_147_fu_1160,grp_fpadd503_147_Pipeline_VITIS_LOOP_23_1_fu_32,,module_status1270.csv
grp_EphemeralSecretAgreement_A_1_fu_283.grp_LADDER3PT_1_fu_623.grp_fpadd503_147_fu_1160,grp_fpadd503_147_Pipeline_VITIS_LOOP_28_2_fu_41,,module_status1271.csv
grp_EphemeralSecretAgreement_A_1_fu_283.grp_LADDER3PT_1_fu_623.grp_fpadd503_147_fu_1160,grp_fpadd503_147_Pipeline_VITIS_LOOP_34_3_fu_51,,module_status1272.csv
grp_EphemeralSecretAgreement_A_1_fu_283.grp_LADDER3PT_1_fu_623,grp_fp2sqr503_mont_71_72_fu_1171,,module_status1273.csv
grp_EphemeralSecretAgreement_A_1_fu_283.grp_LADDER3PT_1_fu_623.grp_fp2sqr503_mont_71_72_fu_1171,grp_fp2sqr503_mont_71_72_Pipeline_VITIS_LOOP_350_1_fu_52,,module_status1274.csv
grp_EphemeralSecretAgreement_A_1_fu_283.grp_LADDER3PT_1_fu_623.grp_fp2sqr503_mont_71_72_fu_1171,grp_fp2sqr503_mont_71_72_Pipeline_5_fu_62,,module_status1275.csv
grp_EphemeralSecretAgreement_A_1_fu_283.grp_LADDER3PT_1_fu_623.grp_fp2sqr503_mont_71_72_fu_1171,grp_fp2sqr503_mont_71_72_Pipeline_6_fu_68,,module_status1276.csv
grp_EphemeralSecretAgreement_A_1_fu_283.grp_LADDER3PT_1_fu_623.grp_fp2sqr503_mont_71_72_fu_1171,grp_fp2sqr503_mont_71_72_Pipeline_VITIS_LOOP_47_1_fu_74,,module_status1277.csv
grp_EphemeralSecretAgreement_A_1_fu_283.grp_LADDER3PT_1_fu_623.grp_fp2sqr503_mont_71_72_fu_1171,grp_fp2sqr503_mont_71_72_Pipeline_VITIS_LOOP_53_2_fu_84,,module_status1278.csv
grp_EphemeralSecretAgreement_A_1_fu_283.grp_LADDER3PT_1_fu_623.grp_fp2sqr503_mont_71_72_fu_1171,grp_fp2sqr503_mont_71_72_Pipeline_VITIS_LOOP_350_1130_fu_92,,module_status1279.csv
grp_EphemeralSecretAgreement_A_1_fu_283.grp_LADDER3PT_1_fu_623.grp_fp2sqr503_mont_71_72_fu_1171,grp_mp_mul_152_fu_99,,module_status1280.csv
grp_EphemeralSecretAgreement_A_1_fu_283.grp_LADDER3PT_1_fu_623.grp_fp2sqr503_mont_71_72_fu_1171.grp_mp_mul_152_fu_99,grp_mp_mul_152_Pipeline_VITIS_LOOP_145_2_fu_112,,module_status1281.csv
grp_EphemeralSecretAgreement_A_1_fu_283.grp_LADDER3PT_1_fu_623.grp_fp2sqr503_mont_71_72_fu_1171.grp_mp_mul_152_fu_99,grp_mp_mul_152_Pipeline_VITIS_LOOP_159_4_fu_127,,module_status1282.csv
grp_EphemeralSecretAgreement_A_1_fu_283.grp_LADDER3PT_1_fu_623.grp_fp2sqr503_mont_71_72_fu_1171,grp_mp_mul_1108_fu_106,,module_status1283.csv
grp_EphemeralSecretAgreement_A_1_fu_283.grp_LADDER3PT_1_fu_623.grp_fp2sqr503_mont_71_72_fu_1171.grp_mp_mul_1108_fu_106,grp_mp_mul_1108_Pipeline_VITIS_LOOP_145_2_fu_112,,module_status1284.csv
grp_EphemeralSecretAgreement_A_1_fu_283.grp_LADDER3PT_1_fu_623.grp_fp2sqr503_mont_71_72_fu_1171.grp_mp_mul_1108_fu_106,grp_mp_mul_1108_Pipeline_VITIS_LOOP_159_4_fu_127,,module_status1285.csv
grp_EphemeralSecretAgreement_A_1_fu_283.grp_LADDER3PT_1_fu_623.grp_fp2sqr503_mont_71_72_fu_1171,grp_rdc_mont_fu_114,,module_status1286.csv
grp_EphemeralSecretAgreement_A_1_fu_283.grp_LADDER3PT_1_fu_623.grp_fp2sqr503_mont_71_72_fu_1171.grp_rdc_mont_fu_114,grp_rdc_mont_Pipeline_VITIS_LOOP_182_1_fu_177,,module_status1287.csv
grp_EphemeralSecretAgreement_A_1_fu_283.grp_LADDER3PT_1_fu_623.grp_fp2sqr503_mont_71_72_fu_1171.grp_rdc_mont_fu_114,grp_rdc_mont_Pipeline_VITIS_LOOP_187_3_fu_183,,module_status1288.csv
grp_EphemeralSecretAgreement_A_1_fu_283.grp_LADDER3PT_1_fu_623.grp_fp2sqr503_mont_71_72_fu_1171.grp_rdc_mont_fu_114,grp_rdc_mont_Pipeline_VITIS_LOOP_208_5_fu_199,,module_status1289.csv
grp_EphemeralSecretAgreement_A_1_fu_283.grp_LADDER3PT_1_fu_623.grp_fp2sqr503_mont_71_72_fu_1171,grp_rdc_mont_fu_123,,module_status1290.csv
grp_EphemeralSecretAgreement_A_1_fu_283.grp_LADDER3PT_1_fu_623.grp_fp2sqr503_mont_71_72_fu_1171.grp_rdc_mont_fu_123,grp_rdc_mont_Pipeline_VITIS_LOOP_182_1_fu_177,,module_status1291.csv
grp_EphemeralSecretAgreement_A_1_fu_283.grp_LADDER3PT_1_fu_623.grp_fp2sqr503_mont_71_72_fu_1171.grp_rdc_mont_fu_123,grp_rdc_mont_Pipeline_VITIS_LOOP_187_3_fu_183,,module_status1292.csv
grp_EphemeralSecretAgreement_A_1_fu_283.grp_LADDER3PT_1_fu_623.grp_fp2sqr503_mont_71_72_fu_1171.grp_rdc_mont_fu_123,grp_rdc_mont_Pipeline_VITIS_LOOP_208_5_fu_199,,module_status1293.csv
grp_EphemeralSecretAgreement_A_1_fu_283.grp_LADDER3PT_1_fu_623,grp_fpadd503_fu_1181,,module_status1294.csv
grp_EphemeralSecretAgreement_A_1_fu_283.grp_LADDER3PT_1_fu_623.grp_fpadd503_fu_1181,grp_fpadd503_Pipeline_VITIS_LOOP_23_1_fu_42,,module_status1295.csv
grp_EphemeralSecretAgreement_A_1_fu_283.grp_LADDER3PT_1_fu_623.grp_fpadd503_fu_1181,grp_fpadd503_Pipeline_VITIS_LOOP_28_2_fu_54,,module_status1296.csv
grp_EphemeralSecretAgreement_A_1_fu_283.grp_LADDER3PT_1_fu_623.grp_fpadd503_fu_1181,grp_fpadd503_Pipeline_VITIS_LOOP_34_3_fu_63,,module_status1297.csv
grp_EphemeralSecretAgreement_A_1_fu_283.grp_LADDER3PT_1_fu_623,grp_fp2mul503_mont_73_74_1_fu_1196,,module_status1298.csv
grp_EphemeralSecretAgreement_A_1_fu_283.grp_LADDER3PT_1_fu_623.grp_fp2mul503_mont_73_74_1_fu_1196,grp_mp_mul_1_fu_56,,module_status1299.csv
grp_EphemeralSecretAgreement_A_1_fu_283.grp_LADDER3PT_1_fu_623.grp_fp2mul503_mont_73_74_1_fu_1196.grp_mp_mul_1_fu_56,grp_mp_mul_1_Pipeline_VITIS_LOOP_145_2_fu_112,,module_status1300.csv
grp_EphemeralSecretAgreement_A_1_fu_283.grp_LADDER3PT_1_fu_623.grp_fp2mul503_mont_73_74_1_fu_1196.grp_mp_mul_1_fu_56,grp_mp_mul_1_Pipeline_VITIS_LOOP_159_4_fu_127,,module_status1301.csv
grp_EphemeralSecretAgreement_A_1_fu_283.grp_LADDER3PT_1_fu_623.grp_fp2mul503_mont_73_74_1_fu_1196,grp_mp_mul_2_fu_66,,module_status1302.csv
grp_EphemeralSecretAgreement_A_1_fu_283.grp_LADDER3PT_1_fu_623.grp_fp2mul503_mont_73_74_1_fu_1196.grp_mp_mul_2_fu_66,grp_mp_mul_2_Pipeline_VITIS_LOOP_145_2_fu_112,,module_status1303.csv
grp_EphemeralSecretAgreement_A_1_fu_283.grp_LADDER3PT_1_fu_623.grp_fp2mul503_mont_73_74_1_fu_1196.grp_mp_mul_2_fu_66,grp_mp_mul_2_Pipeline_VITIS_LOOP_159_4_fu_127,,module_status1304.csv
grp_EphemeralSecretAgreement_A_1_fu_283.grp_LADDER3PT_1_fu_623.grp_fp2mul503_mont_73_74_1_fu_1196,grp_fp2mul503_mont_73_74_1_Pipeline_VITIS_LOOP_350_1_fu_75,,module_status1305.csv
grp_EphemeralSecretAgreement_A_1_fu_283.grp_LADDER3PT_1_fu_623.grp_fp2mul503_mont_73_74_1_fu_1196,grp_fp2mul503_mont_73_74_1_Pipeline_VITIS_LOOP_350_1152_fu_84,,module_status1306.csv
grp_EphemeralSecretAgreement_A_1_fu_283.grp_LADDER3PT_1_fu_623.grp_fp2mul503_mont_73_74_1_fu_1196,grp_fp2mul503_mont_73_74_1_Pipeline_VITIS_LOOP_170_1_fu_91,,module_status1307.csv
grp_EphemeralSecretAgreement_A_1_fu_283.grp_LADDER3PT_1_fu_623.grp_fp2mul503_mont_73_74_1_fu_1196,grp_fp2mul503_mont_73_74_1_Pipeline_VITIS_LOOP_200_1_fu_99,,module_status1308.csv
grp_EphemeralSecretAgreement_A_1_fu_283.grp_LADDER3PT_1_fu_623.grp_fp2mul503_mont_73_74_1_fu_1196,grp_fp2mul503_mont_73_74_1_Pipeline_VITIS_LOOP_350_1153_fu_107,,module_status1309.csv
grp_EphemeralSecretAgreement_A_1_fu_283.grp_LADDER3PT_1_fu_623.grp_fp2mul503_mont_73_74_1_fu_1196,grp_rdc_mont_fu_113,,module_status1310.csv
grp_EphemeralSecretAgreement_A_1_fu_283.grp_LADDER3PT_1_fu_623.grp_fp2mul503_mont_73_74_1_fu_1196.grp_rdc_mont_fu_113,grp_rdc_mont_Pipeline_VITIS_LOOP_182_1_fu_177,,module_status1311.csv
grp_EphemeralSecretAgreement_A_1_fu_283.grp_LADDER3PT_1_fu_623.grp_fp2mul503_mont_73_74_1_fu_1196.grp_rdc_mont_fu_113,grp_rdc_mont_Pipeline_VITIS_LOOP_187_3_fu_183,,module_status1312.csv
grp_EphemeralSecretAgreement_A_1_fu_283.grp_LADDER3PT_1_fu_623.grp_fp2mul503_mont_73_74_1_fu_1196.grp_rdc_mont_fu_113,grp_rdc_mont_Pipeline_VITIS_LOOP_208_5_fu_199,,module_status1313.csv
grp_EphemeralSecretAgreement_A_1_fu_283.grp_LADDER3PT_1_fu_623.grp_fp2mul503_mont_73_74_1_fu_1196,grp_mp_mul_152_fu_123,,module_status1314.csv
grp_EphemeralSecretAgreement_A_1_fu_283.grp_LADDER3PT_1_fu_623.grp_fp2mul503_mont_73_74_1_fu_1196.grp_mp_mul_152_fu_123,grp_mp_mul_152_Pipeline_VITIS_LOOP_145_2_fu_112,,module_status1315.csv
grp_EphemeralSecretAgreement_A_1_fu_283.grp_LADDER3PT_1_fu_623.grp_fp2mul503_mont_73_74_1_fu_1196.grp_mp_mul_152_fu_123,grp_mp_mul_152_Pipeline_VITIS_LOOP_159_4_fu_127,,module_status1316.csv
grp_EphemeralSecretAgreement_A_1_fu_283.grp_LADDER3PT_1_fu_623.grp_fp2mul503_mont_73_74_1_fu_1196,grp_fp2mul503_mont_73_74_1_Pipeline_VITIS_LOOP_170_1154_fu_130,,module_status1317.csv
grp_EphemeralSecretAgreement_A_1_fu_283.grp_LADDER3PT_1_fu_623,grp_fp2mul503_mont_1339880_fu_1209,,module_status1318.csv
grp_EphemeralSecretAgreement_A_1_fu_283.grp_LADDER3PT_1_fu_623.grp_fp2mul503_mont_1339880_fu_1209,grp_mp_mul_14788_fu_56,,module_status1319.csv
grp_EphemeralSecretAgreement_A_1_fu_283.grp_LADDER3PT_1_fu_623.grp_fp2mul503_mont_1339880_fu_1209.grp_mp_mul_14788_fu_56,grp_mp_mul_14788_Pipeline_VITIS_LOOP_145_2_fu_134,,module_status1320.csv
grp_EphemeralSecretAgreement_A_1_fu_283.grp_LADDER3PT_1_fu_623.grp_fp2mul503_mont_1339880_fu_1209.grp_mp_mul_14788_fu_56,grp_mp_mul_14788_Pipeline_VITIS_LOOP_159_4_fu_151,,module_status1321.csv
grp_EphemeralSecretAgreement_A_1_fu_283.grp_LADDER3PT_1_fu_623.grp_fp2mul503_mont_1339880_fu_1209,grp_fp2mul503_mont_1339880_Pipeline_VITIS_LOOP_350_1_fu_72,,module_status1322.csv
grp_EphemeralSecretAgreement_A_1_fu_283.grp_LADDER3PT_1_fu_623.grp_fp2mul503_mont_1339880_fu_1209,grp_fp2mul503_mont_1339880_Pipeline_VITIS_LOOP_350_1179_fu_79,,module_status1323.csv
grp_EphemeralSecretAgreement_A_1_fu_283.grp_LADDER3PT_1_fu_623.grp_fp2mul503_mont_1339880_fu_1209,grp_fp2mul503_mont_1339880_Pipeline_VITIS_LOOP_170_1_fu_86,,module_status1324.csv
grp_EphemeralSecretAgreement_A_1_fu_283.grp_LADDER3PT_1_fu_623.grp_fp2mul503_mont_1339880_fu_1209,grp_fp2mul503_mont_1339880_Pipeline_VITIS_LOOP_200_1_fu_94,,module_status1325.csv
grp_EphemeralSecretAgreement_A_1_fu_283.grp_LADDER3PT_1_fu_623.grp_fp2mul503_mont_1339880_fu_1209,grp_fp2mul503_mont_1339880_Pipeline_VITIS_LOOP_350_1180_fu_102,,module_status1326.csv
grp_EphemeralSecretAgreement_A_1_fu_283.grp_LADDER3PT_1_fu_623.grp_fp2mul503_mont_1339880_fu_1209,grp_rdc_mont_14186_fu_108,,module_status1327.csv
grp_EphemeralSecretAgreement_A_1_fu_283.grp_LADDER3PT_1_fu_623.grp_fp2mul503_mont_1339880_fu_1209.grp_rdc_mont_14186_fu_108,grp_rdc_mont_14186_Pipeline_VITIS_LOOP_182_1_fu_192,,module_status1328.csv
grp_EphemeralSecretAgreement_A_1_fu_283.grp_LADDER3PT_1_fu_623.grp_fp2mul503_mont_1339880_fu_1209.grp_rdc_mont_14186_fu_108,grp_rdc_mont_14186_Pipeline_VITIS_LOOP_187_3_fu_199,,module_status1329.csv
grp_EphemeralSecretAgreement_A_1_fu_283.grp_LADDER3PT_1_fu_623.grp_fp2mul503_mont_1339880_fu_1209.grp_rdc_mont_14186_fu_108,grp_rdc_mont_14186_Pipeline_VITIS_LOOP_208_5_fu_216,,module_status1330.csv
grp_EphemeralSecretAgreement_A_1_fu_283.grp_LADDER3PT_1_fu_623.grp_fp2mul503_mont_1339880_fu_1209,grp_mp_mul_152_fu_120,,module_status1331.csv
grp_EphemeralSecretAgreement_A_1_fu_283.grp_LADDER3PT_1_fu_623.grp_fp2mul503_mont_1339880_fu_1209.grp_mp_mul_152_fu_120,grp_mp_mul_152_Pipeline_VITIS_LOOP_145_2_fu_112,,module_status1332.csv
grp_EphemeralSecretAgreement_A_1_fu_283.grp_LADDER3PT_1_fu_623.grp_fp2mul503_mont_1339880_fu_1209.grp_mp_mul_152_fu_120,grp_mp_mul_152_Pipeline_VITIS_LOOP_159_4_fu_127,,module_status1333.csv
grp_EphemeralSecretAgreement_A_1_fu_283.grp_LADDER3PT_1_fu_623.grp_fp2mul503_mont_1339880_fu_1209,grp_fp2mul503_mont_1339880_Pipeline_VITIS_LOOP_170_1181_fu_127,,module_status1334.csv
grp_EphemeralSecretAgreement_A_1_fu_283,grp_fpsub503_3_fu_641,,module_status1335.csv
grp_EphemeralSecretAgreement_A_1_fu_283.grp_fpsub503_3_fu_641,grp_fpsub503_3_Pipeline_VITIS_LOOP_47_1_fu_20,,module_status1336.csv
grp_EphemeralSecretAgreement_A_1_fu_283.grp_fpsub503_3_fu_641,grp_fpsub503_3_Pipeline_VITIS_LOOP_53_2_fu_31,,module_status1337.csv
grp_EphemeralSecretAgreement_A_1_fu_283,grp_EphemeralSecretAgreement_A_1_Pipeline_VITIS_LOOP_14_1_fu_650,,module_status1338.csv
grp_EphemeralSecretAgreement_A_1_fu_283,grp_EphemeralSecretAgreement_A_1_Pipeline_VITIS_LOOP_14_1236_fu_657,,module_status1339.csv
grp_EphemeralSecretAgreement_A_1_fu_283,grp_EphemeralSecretAgreement_A_1_Pipeline_VITIS_LOOP_14_1235_fu_664,,module_status1340.csv
grp_EphemeralSecretAgreement_A_1_fu_283,grp_EphemeralSecretAgreement_A_1_Pipeline_VITIS_LOOP_14_1237_fu_671,,module_status1341.csv
grp_EphemeralSecretAgreement_A_1_fu_283,grp_fpsub503_1_fu_678,,module_status1342.csv
grp_EphemeralSecretAgreement_A_1_fu_283.grp_fpsub503_1_fu_678,grp_fpsub503_1_Pipeline_VITIS_LOOP_47_1_fu_18,,module_status1343.csv
grp_EphemeralSecretAgreement_A_1_fu_283.grp_fpsub503_1_fu_678,grp_fpsub503_1_Pipeline_VITIS_LOOP_53_2_fu_29,,module_status1344.csv
grp_EphemeralSecretAgreement_A_1_fu_283,grp_fpsub503_2_fu_687,,module_status1345.csv
grp_EphemeralSecretAgreement_A_1_fu_283.grp_fpsub503_2_fu_687,grp_fpsub503_2_Pipeline_VITIS_LOOP_47_1_fu_18,,module_status1346.csv
grp_EphemeralSecretAgreement_A_1_fu_283.grp_fpsub503_2_fu_687,grp_fpsub503_2_Pipeline_VITIS_LOOP_53_2_fu_29,,module_status1347.csv
grp_EphemeralSecretAgreement_A_1_fu_283,grp_fpadd503_1_fu_696,,module_status1348.csv
grp_EphemeralSecretAgreement_A_1_fu_283.grp_fpadd503_1_fu_696,grp_fpadd503_1_Pipeline_VITIS_LOOP_23_1_fu_20,,module_status1349.csv
grp_EphemeralSecretAgreement_A_1_fu_283.grp_fpadd503_1_fu_696,grp_fpadd503_1_Pipeline_VITIS_LOOP_28_2_fu_30,,module_status1350.csv
grp_EphemeralSecretAgreement_A_1_fu_283.grp_fpadd503_1_fu_696,grp_fpadd503_1_Pipeline_VITIS_LOOP_34_3_fu_39,,module_status1351.csv
grp_EphemeralSecretAgreement_A_1_fu_283,grp_fpadd503_2_fu_705,,module_status1352.csv
grp_EphemeralSecretAgreement_A_1_fu_283.grp_fpadd503_2_fu_705,grp_fpadd503_2_Pipeline_VITIS_LOOP_23_1_fu_20,,module_status1353.csv
grp_EphemeralSecretAgreement_A_1_fu_283.grp_fpadd503_2_fu_705,grp_fpadd503_2_Pipeline_VITIS_LOOP_28_2_fu_30,,module_status1354.csv
grp_EphemeralSecretAgreement_A_1_fu_283.grp_fpadd503_2_fu_705,grp_fpadd503_2_Pipeline_VITIS_LOOP_34_3_fu_39,,module_status1355.csv
grp_EphemeralSecretAgreement_A_1_fu_283,grp_fp2mul503_mont_89_92_1_fu_714,,module_status1356.csv
grp_EphemeralSecretAgreement_A_1_fu_283.grp_fp2mul503_mont_89_92_1_fu_714,grp_mp_mul_90_91_fu_62,,module_status1357.csv
grp_EphemeralSecretAgreement_A_1_fu_283.grp_fp2mul503_mont_89_92_1_fu_714.grp_mp_mul_90_91_fu_62,grp_mp_mul_90_91_Pipeline_VITIS_LOOP_145_2_fu_148,,module_status1358.csv
grp_EphemeralSecretAgreement_A_1_fu_283.grp_fp2mul503_mont_89_92_1_fu_714.grp_mp_mul_90_91_fu_62,grp_mp_mul_90_91_Pipeline_VITIS_LOOP_159_4_fu_168,,module_status1359.csv
grp_EphemeralSecretAgreement_A_1_fu_283.grp_fp2mul503_mont_89_92_1_fu_714,grp_fp2mul503_mont_89_92_1_Pipeline_VITIS_LOOP_350_1_fu_83,,module_status1360.csv
grp_EphemeralSecretAgreement_A_1_fu_283.grp_fp2mul503_mont_89_92_1_fu_714,grp_fp2mul503_mont_89_92_1_Pipeline_VITIS_LOOP_350_1140_fu_92,,module_status1361.csv
grp_EphemeralSecretAgreement_A_1_fu_283.grp_fp2mul503_mont_89_92_1_fu_714,grp_fp2mul503_mont_89_92_1_Pipeline_VITIS_LOOP_170_1_fu_99,,module_status1362.csv
grp_EphemeralSecretAgreement_A_1_fu_283.grp_fp2mul503_mont_89_92_1_fu_714,grp_fp2mul503_mont_89_92_1_Pipeline_VITIS_LOOP_200_1_fu_107,,module_status1363.csv
grp_EphemeralSecretAgreement_A_1_fu_283.grp_fp2mul503_mont_89_92_1_fu_714,grp_fp2mul503_mont_89_92_1_Pipeline_VITIS_LOOP_350_1141_fu_115,,module_status1364.csv
grp_EphemeralSecretAgreement_A_1_fu_283.grp_fp2mul503_mont_89_92_1_fu_714,grp_rdc_mont_1_fu_121,,module_status1365.csv
grp_EphemeralSecretAgreement_A_1_fu_283.grp_fp2mul503_mont_89_92_1_fu_714.grp_rdc_mont_1_fu_121,grp_rdc_mont_1_Pipeline_VITIS_LOOP_182_1_fu_178,,module_status1366.csv
grp_EphemeralSecretAgreement_A_1_fu_283.grp_fp2mul503_mont_89_92_1_fu_714.grp_rdc_mont_1_fu_121,grp_rdc_mont_1_Pipeline_VITIS_LOOP_187_3_fu_184,,module_status1367.csv
grp_EphemeralSecretAgreement_A_1_fu_283.grp_fp2mul503_mont_89_92_1_fu_714.grp_rdc_mont_1_fu_121,grp_rdc_mont_1_Pipeline_VITIS_LOOP_208_5_fu_200,,module_status1368.csv
grp_EphemeralSecretAgreement_A_1_fu_283.grp_fp2mul503_mont_89_92_1_fu_714,grp_mp_mul_152_fu_130,,module_status1369.csv
grp_EphemeralSecretAgreement_A_1_fu_283.grp_fp2mul503_mont_89_92_1_fu_714.grp_mp_mul_152_fu_130,grp_mp_mul_152_Pipeline_VITIS_LOOP_145_2_fu_112,,module_status1370.csv
grp_EphemeralSecretAgreement_A_1_fu_283.grp_fp2mul503_mont_89_92_1_fu_714.grp_mp_mul_152_fu_130,grp_mp_mul_152_Pipeline_VITIS_LOOP_159_4_fu_127,,module_status1371.csv
grp_EphemeralSecretAgreement_A_1_fu_283.grp_fp2mul503_mont_89_92_1_fu_714,grp_fp2mul503_mont_89_92_1_Pipeline_VITIS_LOOP_170_1142_fu_137,,module_status1372.csv
grp_EphemeralSecretAgreement_A_1_fu_283.grp_fp2mul503_mont_89_92_1_fu_714,grp_rdc_mont_2_fu_143,,module_status1373.csv
grp_EphemeralSecretAgreement_A_1_fu_283.grp_fp2mul503_mont_89_92_1_fu_714.grp_rdc_mont_2_fu_143,grp_rdc_mont_2_Pipeline_VITIS_LOOP_182_1_fu_180,,module_status1374.csv
grp_EphemeralSecretAgreement_A_1_fu_283.grp_fp2mul503_mont_89_92_1_fu_714.grp_rdc_mont_2_fu_143,grp_rdc_mont_2_Pipeline_VITIS_LOOP_187_3_fu_186,,module_status1375.csv
grp_EphemeralSecretAgreement_A_1_fu_283.grp_fp2mul503_mont_89_92_1_fu_714.grp_rdc_mont_2_fu_143,grp_rdc_mont_2_Pipeline_VITIS_LOOP_208_5_fu_202,,module_status1376.csv
grp_EphemeralSecretAgreement_A_1_fu_283,grp_fp2mul503_mont_2_fu_726,,module_status1377.csv
grp_EphemeralSecretAgreement_A_1_fu_283.grp_fp2mul503_mont_2_fu_726,grp_mp_mul_221_fu_58,,module_status1378.csv
grp_EphemeralSecretAgreement_A_1_fu_283.grp_fp2mul503_mont_2_fu_726.grp_mp_mul_221_fu_58,grp_mp_mul_221_Pipeline_VITIS_LOOP_145_2_fu_112,,module_status1379.csv
grp_EphemeralSecretAgreement_A_1_fu_283.grp_fp2mul503_mont_2_fu_726.grp_mp_mul_221_fu_58,grp_mp_mul_221_Pipeline_VITIS_LOOP_159_4_fu_127,,module_status1380.csv
grp_EphemeralSecretAgreement_A_1_fu_283.grp_fp2mul503_mont_2_fu_726,grp_mp_mul_319_fu_68,,module_status1381.csv
grp_EphemeralSecretAgreement_A_1_fu_283.grp_fp2mul503_mont_2_fu_726.grp_mp_mul_319_fu_68,grp_mp_mul_319_Pipeline_VITIS_LOOP_145_2_fu_112,,module_status1382.csv
grp_EphemeralSecretAgreement_A_1_fu_283.grp_fp2mul503_mont_2_fu_726.grp_mp_mul_319_fu_68,grp_mp_mul_319_Pipeline_VITIS_LOOP_159_4_fu_127,,module_status1383.csv
grp_EphemeralSecretAgreement_A_1_fu_283.grp_fp2mul503_mont_2_fu_726,grp_fp2mul503_mont_2_Pipeline_VITIS_LOOP_350_1_fu_77,,module_status1384.csv
grp_EphemeralSecretAgreement_A_1_fu_283.grp_fp2mul503_mont_2_fu_726,grp_fp2mul503_mont_2_Pipeline_VITIS_LOOP_350_1176_fu_84,,module_status1385.csv
grp_EphemeralSecretAgreement_A_1_fu_283.grp_fp2mul503_mont_2_fu_726,grp_fp2mul503_mont_2_Pipeline_VITIS_LOOP_170_1_fu_91,,module_status1386.csv
grp_EphemeralSecretAgreement_A_1_fu_283.grp_fp2mul503_mont_2_fu_726,grp_fp2mul503_mont_2_Pipeline_VITIS_LOOP_200_1_fu_99,,module_status1387.csv
grp_EphemeralSecretAgreement_A_1_fu_283.grp_fp2mul503_mont_2_fu_726,grp_fp2mul503_mont_2_Pipeline_VITIS_LOOP_350_1177_fu_107,,module_status1388.csv
grp_EphemeralSecretAgreement_A_1_fu_283.grp_fp2mul503_mont_2_fu_726,grp_rdc_mont_1_fu_113,,module_status1389.csv
grp_EphemeralSecretAgreement_A_1_fu_283.grp_fp2mul503_mont_2_fu_726.grp_rdc_mont_1_fu_113,grp_rdc_mont_1_Pipeline_VITIS_LOOP_182_1_fu_178,,module_status1390.csv
grp_EphemeralSecretAgreement_A_1_fu_283.grp_fp2mul503_mont_2_fu_726.grp_rdc_mont_1_fu_113,grp_rdc_mont_1_Pipeline_VITIS_LOOP_187_3_fu_184,,module_status1391.csv
grp_EphemeralSecretAgreement_A_1_fu_283.grp_fp2mul503_mont_2_fu_726.grp_rdc_mont_1_fu_113,grp_rdc_mont_1_Pipeline_VITIS_LOOP_208_5_fu_200,,module_status1392.csv
grp_EphemeralSecretAgreement_A_1_fu_283.grp_fp2mul503_mont_2_fu_726,grp_mp_mul_152_fu_122,,module_status1393.csv
grp_EphemeralSecretAgreement_A_1_fu_283.grp_fp2mul503_mont_2_fu_726.grp_mp_mul_152_fu_122,grp_mp_mul_152_Pipeline_VITIS_LOOP_145_2_fu_112,,module_status1394.csv
grp_EphemeralSecretAgreement_A_1_fu_283.grp_fp2mul503_mont_2_fu_726.grp_mp_mul_152_fu_122,grp_mp_mul_152_Pipeline_VITIS_LOOP_159_4_fu_127,,module_status1395.csv
grp_EphemeralSecretAgreement_A_1_fu_283.grp_fp2mul503_mont_2_fu_726,grp_fp2mul503_mont_2_Pipeline_VITIS_LOOP_170_1178_fu_129,,module_status1396.csv
grp_EphemeralSecretAgreement_A_1_fu_283.grp_fp2mul503_mont_2_fu_726,grp_rdc_mont_2_fu_135,,module_status1397.csv
grp_EphemeralSecretAgreement_A_1_fu_283.grp_fp2mul503_mont_2_fu_726.grp_rdc_mont_2_fu_135,grp_rdc_mont_2_Pipeline_VITIS_LOOP_182_1_fu_180,,module_status1398.csv
grp_EphemeralSecretAgreement_A_1_fu_283.grp_fp2mul503_mont_2_fu_726.grp_rdc_mont_2_fu_135,grp_rdc_mont_2_Pipeline_VITIS_LOOP_187_3_fu_186,,module_status1399.csv
grp_EphemeralSecretAgreement_A_1_fu_283.grp_fp2mul503_mont_2_fu_726.grp_rdc_mont_2_fu_135,grp_rdc_mont_2_Pipeline_VITIS_LOOP_208_5_fu_202,,module_status1400.csv
grp_EphemeralSecretAgreement_A_1_fu_283,grp_fp2mul503_mont_133_fu_737,,module_status1401.csv
grp_EphemeralSecretAgreement_A_1_fu_283.grp_fp2mul503_mont_133_fu_737,grp_mp_mul_148_fu_58,,module_status1402.csv
grp_EphemeralSecretAgreement_A_1_fu_283.grp_fp2mul503_mont_133_fu_737.grp_mp_mul_148_fu_58,grp_mp_mul_148_Pipeline_VITIS_LOOP_145_2_fu_134,,module_status1403.csv
grp_EphemeralSecretAgreement_A_1_fu_283.grp_fp2mul503_mont_133_fu_737.grp_mp_mul_148_fu_58,grp_mp_mul_148_Pipeline_VITIS_LOOP_159_4_fu_151,,module_status1404.csv
grp_EphemeralSecretAgreement_A_1_fu_283.grp_fp2mul503_mont_133_fu_737,grp_fp2mul503_mont_133_Pipeline_VITIS_LOOP_350_1_fu_74,,module_status1405.csv
grp_EphemeralSecretAgreement_A_1_fu_283.grp_fp2mul503_mont_133_fu_737,grp_fp2mul503_mont_133_Pipeline_VITIS_LOOP_350_1188_fu_81,,module_status1406.csv
grp_EphemeralSecretAgreement_A_1_fu_283.grp_fp2mul503_mont_133_fu_737,grp_fp2mul503_mont_133_Pipeline_VITIS_LOOP_170_1_fu_88,,module_status1407.csv
grp_EphemeralSecretAgreement_A_1_fu_283.grp_fp2mul503_mont_133_fu_737,grp_fp2mul503_mont_133_Pipeline_VITIS_LOOP_200_1_fu_96,,module_status1408.csv
grp_EphemeralSecretAgreement_A_1_fu_283.grp_fp2mul503_mont_133_fu_737,grp_fp2mul503_mont_133_Pipeline_VITIS_LOOP_350_1189_fu_104,,module_status1409.csv
grp_EphemeralSecretAgreement_A_1_fu_283.grp_fp2mul503_mont_133_fu_737,grp_rdc_mont_140_fu_110,,module_status1410.csv
grp_EphemeralSecretAgreement_A_1_fu_283.grp_fp2mul503_mont_133_fu_737.grp_rdc_mont_140_fu_110,grp_rdc_mont_140_Pipeline_VITIS_LOOP_182_1_fu_192,,module_status1411.csv
grp_EphemeralSecretAgreement_A_1_fu_283.grp_fp2mul503_mont_133_fu_737.grp_rdc_mont_140_fu_110,grp_rdc_mont_140_Pipeline_VITIS_LOOP_187_3_fu_199,,module_status1412.csv
grp_EphemeralSecretAgreement_A_1_fu_283.grp_fp2mul503_mont_133_fu_737.grp_rdc_mont_140_fu_110,grp_rdc_mont_140_Pipeline_VITIS_LOOP_208_5_fu_216,,module_status1413.csv
grp_EphemeralSecretAgreement_A_1_fu_283.grp_fp2mul503_mont_133_fu_737,grp_mp_mul_152_fu_122,,module_status1414.csv
grp_EphemeralSecretAgreement_A_1_fu_283.grp_fp2mul503_mont_133_fu_737.grp_mp_mul_152_fu_122,grp_mp_mul_152_Pipeline_VITIS_LOOP_145_2_fu_112,,module_status1415.csv
grp_EphemeralSecretAgreement_A_1_fu_283.grp_fp2mul503_mont_133_fu_737.grp_mp_mul_152_fu_122,grp_mp_mul_152_Pipeline_VITIS_LOOP_159_4_fu_127,,module_status1416.csv
grp_EphemeralSecretAgreement_A_1_fu_283.grp_fp2mul503_mont_133_fu_737,grp_fp2mul503_mont_133_Pipeline_VITIS_LOOP_170_1190_fu_129,,module_status1417.csv
grp_EphemeralSecretAgreement_A_1_fu_283,grp_fpadd503_3_fu_748,,module_status1418.csv
grp_EphemeralSecretAgreement_A_1_fu_283.grp_fpadd503_3_fu_748,grp_fpadd503_3_Pipeline_VITIS_LOOP_23_1_fu_18,,module_status1419.csv
grp_EphemeralSecretAgreement_A_1_fu_283.grp_fpadd503_3_fu_748,grp_fpadd503_3_Pipeline_VITIS_LOOP_28_2_fu_26,,module_status1420.csv
grp_EphemeralSecretAgreement_A_1_fu_283.grp_fpadd503_3_fu_748,grp_fpadd503_3_Pipeline_VITIS_LOOP_34_3_fu_35,,module_status1421.csv
grp_EphemeralSecretAgreement_A_1_fu_283,grp_fpadd503_4_fu_756,,module_status1422.csv
grp_EphemeralSecretAgreement_A_1_fu_283.grp_fpadd503_4_fu_756,grp_fpadd503_4_Pipeline_VITIS_LOOP_23_1_fu_18,,module_status1423.csv
grp_EphemeralSecretAgreement_A_1_fu_283.grp_fpadd503_4_fu_756,grp_fpadd503_4_Pipeline_VITIS_LOOP_28_2_fu_26,,module_status1424.csv
grp_EphemeralSecretAgreement_A_1_fu_283.grp_fpadd503_4_fu_756,grp_fpadd503_4_Pipeline_VITIS_LOOP_34_3_fu_35,,module_status1425.csv
grp_EphemeralSecretAgreement_A_1_fu_283,grp_fp2mul503_mont_3_fu_764,,module_status1426.csv
grp_EphemeralSecretAgreement_A_1_fu_283.grp_fp2mul503_mont_3_fu_764,grp_mp_mul_3_fu_56,,module_status1427.csv
grp_EphemeralSecretAgreement_A_1_fu_283.grp_fp2mul503_mont_3_fu_764.grp_mp_mul_3_fu_56,grp_mp_mul_3_Pipeline_VITIS_LOOP_145_2_fu_112,,module_status1428.csv
grp_EphemeralSecretAgreement_A_1_fu_283.grp_fp2mul503_mont_3_fu_764.grp_mp_mul_3_fu_56,grp_mp_mul_3_Pipeline_VITIS_LOOP_159_4_fu_127,,module_status1429.csv
grp_EphemeralSecretAgreement_A_1_fu_283.grp_fp2mul503_mont_3_fu_764,grp_mp_mul_4_fu_66,,module_status1430.csv
grp_EphemeralSecretAgreement_A_1_fu_283.grp_fp2mul503_mont_3_fu_764.grp_mp_mul_4_fu_66,grp_mp_mul_4_Pipeline_VITIS_LOOP_145_2_fu_112,,module_status1431.csv
grp_EphemeralSecretAgreement_A_1_fu_283.grp_fp2mul503_mont_3_fu_764.grp_mp_mul_4_fu_66,grp_mp_mul_4_Pipeline_VITIS_LOOP_159_4_fu_127,,module_status1432.csv
grp_EphemeralSecretAgreement_A_1_fu_283.grp_fp2mul503_mont_3_fu_764,grp_fp2mul503_mont_3_Pipeline_VITIS_LOOP_350_1_fu_75,,module_status1433.csv
grp_EphemeralSecretAgreement_A_1_fu_283.grp_fp2mul503_mont_3_fu_764,grp_fp2mul503_mont_3_Pipeline_VITIS_LOOP_350_1173_fu_82,,module_status1434.csv
grp_EphemeralSecretAgreement_A_1_fu_283.grp_fp2mul503_mont_3_fu_764,grp_fp2mul503_mont_3_Pipeline_VITIS_LOOP_170_1_fu_89,,module_status1435.csv
grp_EphemeralSecretAgreement_A_1_fu_283.grp_fp2mul503_mont_3_fu_764,grp_fp2mul503_mont_3_Pipeline_VITIS_LOOP_200_1_fu_97,,module_status1436.csv
grp_EphemeralSecretAgreement_A_1_fu_283.grp_fp2mul503_mont_3_fu_764,grp_fp2mul503_mont_3_Pipeline_VITIS_LOOP_350_1174_fu_105,,module_status1437.csv
grp_EphemeralSecretAgreement_A_1_fu_283.grp_fp2mul503_mont_3_fu_764,grp_rdc_mont_1_fu_111,,module_status1438.csv
grp_EphemeralSecretAgreement_A_1_fu_283.grp_fp2mul503_mont_3_fu_764.grp_rdc_mont_1_fu_111,grp_rdc_mont_1_Pipeline_VITIS_LOOP_182_1_fu_178,,module_status1439.csv
grp_EphemeralSecretAgreement_A_1_fu_283.grp_fp2mul503_mont_3_fu_764.grp_rdc_mont_1_fu_111,grp_rdc_mont_1_Pipeline_VITIS_LOOP_187_3_fu_184,,module_status1440.csv
grp_EphemeralSecretAgreement_A_1_fu_283.grp_fp2mul503_mont_3_fu_764.grp_rdc_mont_1_fu_111,grp_rdc_mont_1_Pipeline_VITIS_LOOP_208_5_fu_200,,module_status1441.csv
grp_EphemeralSecretAgreement_A_1_fu_283.grp_fp2mul503_mont_3_fu_764,grp_mp_mul_152_fu_120,,module_status1442.csv
grp_EphemeralSecretAgreement_A_1_fu_283.grp_fp2mul503_mont_3_fu_764.grp_mp_mul_152_fu_120,grp_mp_mul_152_Pipeline_VITIS_LOOP_145_2_fu_112,,module_status1443.csv
grp_EphemeralSecretAgreement_A_1_fu_283.grp_fp2mul503_mont_3_fu_764.grp_mp_mul_152_fu_120,grp_mp_mul_152_Pipeline_VITIS_LOOP_159_4_fu_127,,module_status1444.csv
grp_EphemeralSecretAgreement_A_1_fu_283.grp_fp2mul503_mont_3_fu_764,grp_fp2mul503_mont_3_Pipeline_VITIS_LOOP_170_1175_fu_127,,module_status1445.csv
grp_EphemeralSecretAgreement_A_1_fu_283.grp_fp2mul503_mont_3_fu_764,grp_rdc_mont_2_fu_133,,module_status1446.csv
grp_EphemeralSecretAgreement_A_1_fu_283.grp_fp2mul503_mont_3_fu_764.grp_rdc_mont_2_fu_133,grp_rdc_mont_2_Pipeline_VITIS_LOOP_182_1_fu_180,,module_status1447.csv
grp_EphemeralSecretAgreement_A_1_fu_283.grp_fp2mul503_mont_3_fu_764.grp_rdc_mont_2_fu_133,grp_rdc_mont_2_Pipeline_VITIS_LOOP_187_3_fu_186,,module_status1448.csv
grp_EphemeralSecretAgreement_A_1_fu_283.grp_fp2mul503_mont_3_fu_764.grp_rdc_mont_2_fu_133,grp_rdc_mont_2_Pipeline_VITIS_LOOP_208_5_fu_202,,module_status1449.csv
grp_EphemeralSecretAgreement_A_1_fu_283,grp_fpsub503_4_fu_774,,module_status1450.csv
grp_EphemeralSecretAgreement_A_1_fu_283.grp_fpsub503_4_fu_774,grp_fpsub503_4_Pipeline_VITIS_LOOP_47_1_fu_20,,module_status1451.csv
grp_EphemeralSecretAgreement_A_1_fu_283.grp_fpsub503_4_fu_774,grp_fpsub503_4_Pipeline_VITIS_LOOP_53_2_fu_31,,module_status1452.csv
grp_EphemeralSecretAgreement_A_1_fu_283,grp_fpadd503_5_fu_783,,module_status1453.csv
grp_EphemeralSecretAgreement_A_1_fu_283.grp_fpadd503_5_fu_783,grp_fpadd503_5_Pipeline_VITIS_LOOP_23_1_fu_22,,module_status1454.csv
grp_EphemeralSecretAgreement_A_1_fu_283.grp_fpadd503_5_fu_783,grp_fpadd503_5_Pipeline_VITIS_LOOP_28_2_fu_32,,module_status1455.csv
grp_EphemeralSecretAgreement_A_1_fu_283.grp_fpadd503_5_fu_783,grp_fpadd503_5_Pipeline_VITIS_LOOP_34_3_fu_41,,module_status1456.csv
grp_EphemeralSecretAgreement_A_1_fu_283,grp_fpadd503_6_fu_792,,module_status1457.csv
grp_EphemeralSecretAgreement_A_1_fu_283.grp_fpadd503_6_fu_792,grp_fpadd503_6_Pipeline_VITIS_LOOP_23_1_fu_22,,module_status1458.csv
grp_EphemeralSecretAgreement_A_1_fu_283.grp_fpadd503_6_fu_792,grp_fpadd503_6_Pipeline_VITIS_LOOP_28_2_fu_32,,module_status1459.csv
grp_EphemeralSecretAgreement_A_1_fu_283.grp_fpadd503_6_fu_792,grp_fpadd503_6_Pipeline_VITIS_LOOP_34_3_fu_41,,module_status1460.csv
grp_EphemeralSecretAgreement_A_1_fu_283,grp_fp2sqr503_mont_1_fu_801,,module_status1461.csv
grp_EphemeralSecretAgreement_A_1_fu_283.grp_fp2sqr503_mont_1_fu_801,grp_fp2sqr503_mont_1_Pipeline_VITIS_LOOP_350_1_fu_58,,module_status1462.csv
grp_EphemeralSecretAgreement_A_1_fu_283.grp_fp2sqr503_mont_1_fu_801,grp_fp2sqr503_mont_1_Pipeline_5_fu_66,,module_status1463.csv
grp_EphemeralSecretAgreement_A_1_fu_283.grp_fp2sqr503_mont_1_fu_801,grp_fp2sqr503_mont_1_Pipeline_6_fu_72,,module_status1464.csv
grp_EphemeralSecretAgreement_A_1_fu_283.grp_fp2sqr503_mont_1_fu_801,grp_fp2sqr503_mont_1_Pipeline_VITIS_LOOP_47_1_fu_78,,module_status1465.csv
grp_EphemeralSecretAgreement_A_1_fu_283.grp_fp2sqr503_mont_1_fu_801,grp_fp2sqr503_mont_1_Pipeline_VITIS_LOOP_53_2_fu_86,,module_status1466.csv
grp_EphemeralSecretAgreement_A_1_fu_283.grp_fp2sqr503_mont_1_fu_801,grp_fp2sqr503_mont_1_Pipeline_VITIS_LOOP_350_1138_fu_94,,module_status1467.csv
grp_EphemeralSecretAgreement_A_1_fu_283.grp_fp2sqr503_mont_1_fu_801,grp_mp_mul_152_fu_101,,module_status1468.csv
grp_EphemeralSecretAgreement_A_1_fu_283.grp_fp2sqr503_mont_1_fu_801.grp_mp_mul_152_fu_101,grp_mp_mul_152_Pipeline_VITIS_LOOP_145_2_fu_112,,module_status1469.csv
grp_EphemeralSecretAgreement_A_1_fu_283.grp_fp2sqr503_mont_1_fu_801.grp_mp_mul_152_fu_101,grp_mp_mul_152_Pipeline_VITIS_LOOP_159_4_fu_127,,module_status1470.csv
grp_EphemeralSecretAgreement_A_1_fu_283.grp_fp2sqr503_mont_1_fu_801,grp_mp_mul_320_fu_108,,module_status1471.csv
grp_EphemeralSecretAgreement_A_1_fu_283.grp_fp2sqr503_mont_1_fu_801.grp_mp_mul_320_fu_108,grp_mp_mul_320_Pipeline_VITIS_LOOP_145_2_fu_112,,module_status1472.csv
grp_EphemeralSecretAgreement_A_1_fu_283.grp_fp2sqr503_mont_1_fu_801.grp_mp_mul_320_fu_108,grp_mp_mul_320_Pipeline_VITIS_LOOP_159_4_fu_127,,module_status1473.csv
grp_EphemeralSecretAgreement_A_1_fu_283.grp_fp2sqr503_mont_1_fu_801,grp_rdc_mont_3_fu_116,,module_status1474.csv
grp_EphemeralSecretAgreement_A_1_fu_283.grp_fp2sqr503_mont_1_fu_801.grp_rdc_mont_3_fu_116,grp_rdc_mont_3_Pipeline_VITIS_LOOP_182_1_fu_181,,module_status1475.csv
grp_EphemeralSecretAgreement_A_1_fu_283.grp_fp2sqr503_mont_1_fu_801.grp_rdc_mont_3_fu_116,grp_rdc_mont_3_Pipeline_VITIS_LOOP_187_3_fu_187,,module_status1476.csv
grp_EphemeralSecretAgreement_A_1_fu_283.grp_fp2sqr503_mont_1_fu_801.grp_rdc_mont_3_fu_116,grp_rdc_mont_3_Pipeline_VITIS_LOOP_208_5_fu_203,,module_status1477.csv
grp_EphemeralSecretAgreement_A_1_fu_283.grp_fp2sqr503_mont_1_fu_801,grp_rdc_mont_4_fu_125,,module_status1478.csv
grp_EphemeralSecretAgreement_A_1_fu_283.grp_fp2sqr503_mont_1_fu_801.grp_rdc_mont_4_fu_125,grp_rdc_mont_4_Pipeline_VITIS_LOOP_182_1_fu_198,,module_status1479.csv
grp_EphemeralSecretAgreement_A_1_fu_283.grp_fp2sqr503_mont_1_fu_801.grp_rdc_mont_4_fu_125,grp_rdc_mont_4_Pipeline_VITIS_LOOP_187_3_fu_207,,module_status1480.csv
grp_EphemeralSecretAgreement_A_1_fu_283.grp_fp2sqr503_mont_1_fu_801.grp_rdc_mont_4_fu_125,grp_rdc_mont_4_Pipeline_VITIS_LOOP_208_5_fu_224,,module_status1481.csv
grp_EphemeralSecretAgreement_A_1_fu_283,grp_fp2sqr503_mont_3_fu_811,,module_status1482.csv
grp_EphemeralSecretAgreement_A_1_fu_283.grp_fp2sqr503_mont_3_fu_811,grp_fp2sqr503_mont_3_Pipeline_VITIS_LOOP_350_1_fu_56,,module_status1483.csv
grp_EphemeralSecretAgreement_A_1_fu_283.grp_fp2sqr503_mont_3_fu_811,grp_fp2sqr503_mont_3_Pipeline_5_fu_64,,module_status1484.csv
grp_EphemeralSecretAgreement_A_1_fu_283.grp_fp2sqr503_mont_3_fu_811,grp_fp2sqr503_mont_3_Pipeline_6_fu_70,,module_status1485.csv
grp_EphemeralSecretAgreement_A_1_fu_283.grp_fp2sqr503_mont_3_fu_811,grp_fp2sqr503_mont_3_Pipeline_VITIS_LOOP_47_1_fu_76,,module_status1486.csv
grp_EphemeralSecretAgreement_A_1_fu_283.grp_fp2sqr503_mont_3_fu_811,grp_fp2sqr503_mont_3_Pipeline_VITIS_LOOP_53_2_fu_84,,module_status1487.csv
grp_EphemeralSecretAgreement_A_1_fu_283.grp_fp2sqr503_mont_3_fu_811,grp_fp2sqr503_mont_3_Pipeline_VITIS_LOOP_350_1131_fu_92,,module_status1488.csv
grp_EphemeralSecretAgreement_A_1_fu_283.grp_fp2sqr503_mont_3_fu_811,grp_mp_mul_152_fu_99,,module_status1489.csv
grp_EphemeralSecretAgreement_A_1_fu_283.grp_fp2sqr503_mont_3_fu_811.grp_mp_mul_152_fu_99,grp_mp_mul_152_Pipeline_VITIS_LOOP_145_2_fu_112,,module_status1490.csv
grp_EphemeralSecretAgreement_A_1_fu_283.grp_fp2sqr503_mont_3_fu_811.grp_mp_mul_152_fu_99,grp_mp_mul_152_Pipeline_VITIS_LOOP_159_4_fu_127,,module_status1491.csv
grp_EphemeralSecretAgreement_A_1_fu_283.grp_fp2sqr503_mont_3_fu_811,grp_mp_mul_320_fu_106,,module_status1492.csv
grp_EphemeralSecretAgreement_A_1_fu_283.grp_fp2sqr503_mont_3_fu_811.grp_mp_mul_320_fu_106,grp_mp_mul_320_Pipeline_VITIS_LOOP_145_2_fu_112,,module_status1493.csv
grp_EphemeralSecretAgreement_A_1_fu_283.grp_fp2sqr503_mont_3_fu_811.grp_mp_mul_320_fu_106,grp_mp_mul_320_Pipeline_VITIS_LOOP_159_4_fu_127,,module_status1494.csv
grp_EphemeralSecretAgreement_A_1_fu_283.grp_fp2sqr503_mont_3_fu_811,grp_rdc_mont_140_fu_114,,module_status1495.csv
grp_EphemeralSecretAgreement_A_1_fu_283.grp_fp2sqr503_mont_3_fu_811.grp_rdc_mont_140_fu_114,grp_rdc_mont_140_Pipeline_VITIS_LOOP_182_1_fu_192,,module_status1496.csv
grp_EphemeralSecretAgreement_A_1_fu_283.grp_fp2sqr503_mont_3_fu_811.grp_rdc_mont_140_fu_114,grp_rdc_mont_140_Pipeline_VITIS_LOOP_187_3_fu_199,,module_status1497.csv
grp_EphemeralSecretAgreement_A_1_fu_283.grp_fp2sqr503_mont_3_fu_811.grp_rdc_mont_140_fu_114,grp_rdc_mont_140_Pipeline_VITIS_LOOP_208_5_fu_216,,module_status1498.csv
grp_EphemeralSecretAgreement_A_1_fu_283,grp_fpadd503_7_fu_821,,module_status1499.csv
grp_EphemeralSecretAgreement_A_1_fu_283.grp_fpadd503_7_fu_821,grp_fpadd503_7_Pipeline_VITIS_LOOP_23_1_fu_18,,module_status1500.csv
grp_EphemeralSecretAgreement_A_1_fu_283.grp_fpadd503_7_fu_821,grp_fpadd503_7_Pipeline_VITIS_LOOP_28_2_fu_24,,module_status1501.csv
grp_EphemeralSecretAgreement_A_1_fu_283.grp_fpadd503_7_fu_821,grp_fpadd503_7_Pipeline_VITIS_LOOP_34_3_fu_33,,module_status1502.csv
grp_EphemeralSecretAgreement_A_1_fu_283,grp_fpadd503_8_fu_828,,module_status1503.csv
grp_EphemeralSecretAgreement_A_1_fu_283.grp_fpadd503_8_fu_828,grp_fpadd503_8_Pipeline_VITIS_LOOP_23_1_fu_18,,module_status1504.csv
grp_EphemeralSecretAgreement_A_1_fu_283.grp_fpadd503_8_fu_828,grp_fpadd503_8_Pipeline_VITIS_LOOP_28_2_fu_24,,module_status1505.csv
grp_EphemeralSecretAgreement_A_1_fu_283.grp_fpadd503_8_fu_828,grp_fpadd503_8_Pipeline_VITIS_LOOP_34_3_fu_33,,module_status1506.csv
grp_EphemeralSecretAgreement_A_1_fu_283,grp_fp2sqr503_mont_81_84_1_fu_835,,module_status1507.csv
grp_EphemeralSecretAgreement_A_1_fu_283.grp_fp2sqr503_mont_81_84_1_fu_835,grp_fp2sqr503_mont_81_84_1_Pipeline_VITIS_LOOP_350_1_fu_60,,module_status1508.csv
grp_EphemeralSecretAgreement_A_1_fu_283.grp_fp2sqr503_mont_81_84_1_fu_835,grp_fp2sqr503_mont_81_84_1_Pipeline_5_fu_68,,module_status1509.csv
grp_EphemeralSecretAgreement_A_1_fu_283.grp_fp2sqr503_mont_81_84_1_fu_835,grp_fp2sqr503_mont_81_84_1_Pipeline_6_fu_74,,module_status1510.csv
grp_EphemeralSecretAgreement_A_1_fu_283.grp_fp2sqr503_mont_81_84_1_fu_835,grp_fp2sqr503_mont_81_84_1_Pipeline_VITIS_LOOP_47_1_fu_80,,module_status1511.csv
grp_EphemeralSecretAgreement_A_1_fu_283.grp_fp2sqr503_mont_81_84_1_fu_835,grp_fp2sqr503_mont_81_84_1_Pipeline_VITIS_LOOP_53_2_fu_88,,module_status1512.csv
grp_EphemeralSecretAgreement_A_1_fu_283.grp_fp2sqr503_mont_81_84_1_fu_835,grp_fp2sqr503_mont_81_84_1_Pipeline_VITIS_LOOP_350_1129_fu_96,,module_status1513.csv
grp_EphemeralSecretAgreement_A_1_fu_283.grp_fp2sqr503_mont_81_84_1_fu_835,grp_mp_mul_152_fu_103,,module_status1514.csv
grp_EphemeralSecretAgreement_A_1_fu_283.grp_fp2sqr503_mont_81_84_1_fu_835.grp_mp_mul_152_fu_103,grp_mp_mul_152_Pipeline_VITIS_LOOP_145_2_fu_112,,module_status1515.csv
grp_EphemeralSecretAgreement_A_1_fu_283.grp_fp2sqr503_mont_81_84_1_fu_835.grp_mp_mul_152_fu_103,grp_mp_mul_152_Pipeline_VITIS_LOOP_159_4_fu_127,,module_status1516.csv
grp_EphemeralSecretAgreement_A_1_fu_283.grp_fp2sqr503_mont_81_84_1_fu_835,grp_mp_mul_685_fu_110,,module_status1517.csv
grp_EphemeralSecretAgreement_A_1_fu_283.grp_fp2sqr503_mont_81_84_1_fu_835.grp_mp_mul_685_fu_110,grp_mp_mul_685_Pipeline_VITIS_LOOP_145_2_fu_114,,module_status1518.csv
grp_EphemeralSecretAgreement_A_1_fu_283.grp_fp2sqr503_mont_81_84_1_fu_835.grp_mp_mul_685_fu_110,grp_mp_mul_685_Pipeline_VITIS_LOOP_159_4_fu_129,,module_status1519.csv
grp_EphemeralSecretAgreement_A_1_fu_283.grp_fp2sqr503_mont_81_84_1_fu_835,grp_rdc_mont_82_83_fu_118,,module_status1520.csv
grp_EphemeralSecretAgreement_A_1_fu_283.grp_fp2sqr503_mont_81_84_1_fu_835.grp_rdc_mont_82_83_fu_118,grp_rdc_mont_82_83_Pipeline_VITIS_LOOP_182_1_fu_227,,module_status1521.csv
grp_EphemeralSecretAgreement_A_1_fu_283.grp_fp2sqr503_mont_81_84_1_fu_835.grp_rdc_mont_82_83_fu_118,grp_rdc_mont_82_83_Pipeline_VITIS_LOOP_187_3_fu_241,,module_status1522.csv
grp_EphemeralSecretAgreement_A_1_fu_283.grp_fp2sqr503_mont_81_84_1_fu_835.grp_rdc_mont_82_83_fu_118,grp_rdc_mont_82_83_Pipeline_VITIS_LOOP_208_5_fu_261,,module_status1523.csv
grp_EphemeralSecretAgreement_A_1_fu_283,grp_EphemeralSecretAgreement_A_1_Outline_VITIS_LOOP_298_3_fu_846,,module_status1524.csv
grp_EphemeralSecretAgreement_A_1_fu_283.grp_EphemeralSecretAgreement_A_1_Outline_VITIS_LOOP_298_3_fu_846,grp_fpadd503_150_fu_82,,module_status1525.csv
grp_EphemeralSecretAgreement_A_1_fu_283.grp_EphemeralSecretAgreement_A_1_Outline_VITIS_LOOP_298_3_fu_846.grp_fpadd503_150_fu_82,grp_fpadd503_150_Pipeline_VITIS_LOOP_23_1_fu_70,,module_status1526.csv
grp_EphemeralSecretAgreement_A_1_fu_283.grp_EphemeralSecretAgreement_A_1_Outline_VITIS_LOOP_298_3_fu_846.grp_fpadd503_150_fu_82,grp_fpadd503_150_Pipeline_VITIS_LOOP_28_2_fu_83,,module_status1527.csv
grp_EphemeralSecretAgreement_A_1_fu_283.grp_EphemeralSecretAgreement_A_1_Outline_VITIS_LOOP_298_3_fu_846.grp_fpadd503_150_fu_82,grp_fpadd503_150_Pipeline_VITIS_LOOP_34_3_fu_93,,module_status1528.csv
grp_EphemeralSecretAgreement_A_1_fu_283.grp_EphemeralSecretAgreement_A_1_Outline_VITIS_LOOP_298_3_fu_846,grp_fpsub503_144_fu_104,,module_status1529.csv
grp_EphemeralSecretAgreement_A_1_fu_283.grp_EphemeralSecretAgreement_A_1_Outline_VITIS_LOOP_298_3_fu_846.grp_fpsub503_144_fu_104,grp_fpsub503_144_Pipeline_VITIS_LOOP_47_1_fu_68,,module_status1530.csv
grp_EphemeralSecretAgreement_A_1_fu_283.grp_EphemeralSecretAgreement_A_1_Outline_VITIS_LOOP_298_3_fu_846.grp_fpsub503_144_fu_104,grp_fpsub503_144_Pipeline_VITIS_LOOP_53_2_fu_82,,module_status1531.csv
grp_EphemeralSecretAgreement_A_1_fu_283.grp_EphemeralSecretAgreement_A_1_Outline_VITIS_LOOP_298_3_fu_846,grp_fp2mul503_mont_78_fu_126,,module_status1532.csv
grp_EphemeralSecretAgreement_A_1_fu_283.grp_EphemeralSecretAgreement_A_1_Outline_VITIS_LOOP_298_3_fu_846.grp_fp2mul503_mont_78_fu_126,grp_mp_mul_5_fu_82,,module_status1533.csv
grp_EphemeralSecretAgreement_A_1_fu_283.grp_EphemeralSecretAgreement_A_1_Outline_VITIS_LOOP_298_3_fu_846.grp_fp2mul503_mont_78_fu_126.grp_mp_mul_5_fu_82,grp_mp_mul_5_Pipeline_VITIS_LOOP_145_2_fu_138,,module_status1534.csv
grp_EphemeralSecretAgreement_A_1_fu_283.grp_EphemeralSecretAgreement_A_1_Outline_VITIS_LOOP_298_3_fu_846.grp_fp2mul503_mont_78_fu_126.grp_mp_mul_5_fu_82,grp_mp_mul_5_Pipeline_VITIS_LOOP_159_4_fu_155,,module_status1535.csv
grp_EphemeralSecretAgreement_A_1_fu_283.grp_EphemeralSecretAgreement_A_1_Outline_VITIS_LOOP_298_3_fu_846.grp_fp2mul503_mont_78_fu_126,grp_fp2mul503_mont_78_Pipeline_VITIS_LOOP_350_1_fu_97,,module_status1536.csv
grp_EphemeralSecretAgreement_A_1_fu_283.grp_EphemeralSecretAgreement_A_1_Outline_VITIS_LOOP_298_3_fu_846.grp_fp2mul503_mont_78_fu_126,grp_fp2mul503_mont_78_Pipeline_VITIS_LOOP_350_1149_fu_104,,module_status1537.csv
grp_EphemeralSecretAgreement_A_1_fu_283.grp_EphemeralSecretAgreement_A_1_Outline_VITIS_LOOP_298_3_fu_846.grp_fp2mul503_mont_78_fu_126,grp_fp2mul503_mont_78_Pipeline_VITIS_LOOP_170_1_fu_113,,module_status1538.csv
grp_EphemeralSecretAgreement_A_1_fu_283.grp_EphemeralSecretAgreement_A_1_Outline_VITIS_LOOP_298_3_fu_846.grp_fp2mul503_mont_78_fu_126,grp_fp2mul503_mont_78_Pipeline_VITIS_LOOP_200_1_fu_121,,module_status1539.csv
grp_EphemeralSecretAgreement_A_1_fu_283.grp_EphemeralSecretAgreement_A_1_Outline_VITIS_LOOP_298_3_fu_846.grp_fp2mul503_mont_78_fu_126,grp_fp2mul503_mont_78_Pipeline_VITIS_LOOP_350_1150_fu_129,,module_status1540.csv
grp_EphemeralSecretAgreement_A_1_fu_283.grp_EphemeralSecretAgreement_A_1_Outline_VITIS_LOOP_298_3_fu_846.grp_fp2mul503_mont_78_fu_126,grp_rdc_mont_138_fu_135,,module_status1541.csv
grp_EphemeralSecretAgreement_A_1_fu_283.grp_EphemeralSecretAgreement_A_1_Outline_VITIS_LOOP_298_3_fu_846.grp_fp2mul503_mont_78_fu_126.grp_rdc_mont_138_fu_135,grp_rdc_mont_138_Pipeline_VITIS_LOOP_182_1_fu_202,,module_status1542.csv
grp_EphemeralSecretAgreement_A_1_fu_283.grp_EphemeralSecretAgreement_A_1_Outline_VITIS_LOOP_298_3_fu_846.grp_fp2mul503_mont_78_fu_126.grp_rdc_mont_138_fu_135,grp_rdc_mont_138_Pipeline_VITIS_LOOP_187_3_fu_209,,module_status1543.csv
grp_EphemeralSecretAgreement_A_1_fu_283.grp_EphemeralSecretAgreement_A_1_Outline_VITIS_LOOP_298_3_fu_846.grp_fp2mul503_mont_78_fu_126.grp_rdc_mont_138_fu_135,grp_rdc_mont_138_Pipeline_VITIS_LOOP_208_5_fu_227,,module_status1544.csv
grp_EphemeralSecretAgreement_A_1_fu_283.grp_EphemeralSecretAgreement_A_1_Outline_VITIS_LOOP_298_3_fu_846.grp_fp2mul503_mont_78_fu_126,grp_mp_mul_152_fu_149,,module_status1545.csv
grp_EphemeralSecretAgreement_A_1_fu_283.grp_EphemeralSecretAgreement_A_1_Outline_VITIS_LOOP_298_3_fu_846.grp_fp2mul503_mont_78_fu_126.grp_mp_mul_152_fu_149,grp_mp_mul_152_Pipeline_VITIS_LOOP_145_2_fu_112,,module_status1546.csv
grp_EphemeralSecretAgreement_A_1_fu_283.grp_EphemeralSecretAgreement_A_1_Outline_VITIS_LOOP_298_3_fu_846.grp_fp2mul503_mont_78_fu_126.grp_mp_mul_152_fu_149,grp_mp_mul_152_Pipeline_VITIS_LOOP_159_4_fu_127,,module_status1547.csv
grp_EphemeralSecretAgreement_A_1_fu_283.grp_EphemeralSecretAgreement_A_1_Outline_VITIS_LOOP_298_3_fu_846.grp_fp2mul503_mont_78_fu_126,grp_fp2mul503_mont_78_Pipeline_VITIS_LOOP_170_1151_fu_156,,module_status1548.csv
grp_EphemeralSecretAgreement_A_1_fu_283.grp_EphemeralSecretAgreement_A_1_Outline_VITIS_LOOP_298_3_fu_846,grp_fp2mul503_mont_133_2_fu_144,,module_status1549.csv
grp_EphemeralSecretAgreement_A_1_fu_283.grp_EphemeralSecretAgreement_A_1_Outline_VITIS_LOOP_298_3_fu_846.grp_fp2mul503_mont_133_2_fu_144,grp_mp_mul_148_fu_56,,module_status1550.csv
grp_EphemeralSecretAgreement_A_1_fu_283.grp_EphemeralSecretAgreement_A_1_Outline_VITIS_LOOP_298_3_fu_846.grp_fp2mul503_mont_133_2_fu_144.grp_mp_mul_148_fu_56,grp_mp_mul_148_Pipeline_VITIS_LOOP_145_2_fu_134,,module_status1551.csv
grp_EphemeralSecretAgreement_A_1_fu_283.grp_EphemeralSecretAgreement_A_1_Outline_VITIS_LOOP_298_3_fu_846.grp_fp2mul503_mont_133_2_fu_144.grp_mp_mul_148_fu_56,grp_mp_mul_148_Pipeline_VITIS_LOOP_159_4_fu_151,,module_status1552.csv
grp_EphemeralSecretAgreement_A_1_fu_283.grp_EphemeralSecretAgreement_A_1_Outline_VITIS_LOOP_298_3_fu_846.grp_fp2mul503_mont_133_2_fu_144,grp_fp2mul503_mont_133_2_Pipeline_VITIS_LOOP_350_1_fu_72,,module_status1553.csv
grp_EphemeralSecretAgreement_A_1_fu_283.grp_EphemeralSecretAgreement_A_1_Outline_VITIS_LOOP_298_3_fu_846.grp_fp2mul503_mont_133_2_fu_144,grp_fp2mul503_mont_133_2_Pipeline_VITIS_LOOP_350_1182_fu_79,,module_status1554.csv
grp_EphemeralSecretAgreement_A_1_fu_283.grp_EphemeralSecretAgreement_A_1_Outline_VITIS_LOOP_298_3_fu_846.grp_fp2mul503_mont_133_2_fu_144,grp_fp2mul503_mont_133_2_Pipeline_VITIS_LOOP_170_1_fu_86,,module_status1555.csv
grp_EphemeralSecretAgreement_A_1_fu_283.grp_EphemeralSecretAgreement_A_1_Outline_VITIS_LOOP_298_3_fu_846.grp_fp2mul503_mont_133_2_fu_144,grp_fp2mul503_mont_133_2_Pipeline_VITIS_LOOP_200_1_fu_94,,module_status1556.csv
grp_EphemeralSecretAgreement_A_1_fu_283.grp_EphemeralSecretAgreement_A_1_Outline_VITIS_LOOP_298_3_fu_846.grp_fp2mul503_mont_133_2_fu_144,grp_fp2mul503_mont_133_2_Pipeline_VITIS_LOOP_350_1183_fu_102,,module_status1557.csv
grp_EphemeralSecretAgreement_A_1_fu_283.grp_EphemeralSecretAgreement_A_1_Outline_VITIS_LOOP_298_3_fu_846.grp_fp2mul503_mont_133_2_fu_144,grp_rdc_mont_140_fu_108,,module_status1558.csv
grp_EphemeralSecretAgreement_A_1_fu_283.grp_EphemeralSecretAgreement_A_1_Outline_VITIS_LOOP_298_3_fu_846.grp_fp2mul503_mont_133_2_fu_144.grp_rdc_mont_140_fu_108,grp_rdc_mont_140_Pipeline_VITIS_LOOP_182_1_fu_192,,module_status1559.csv
grp_EphemeralSecretAgreement_A_1_fu_283.grp_EphemeralSecretAgreement_A_1_Outline_VITIS_LOOP_298_3_fu_846.grp_fp2mul503_mont_133_2_fu_144.grp_rdc_mont_140_fu_108,grp_rdc_mont_140_Pipeline_VITIS_LOOP_187_3_fu_199,,module_status1560.csv
grp_EphemeralSecretAgreement_A_1_fu_283.grp_EphemeralSecretAgreement_A_1_Outline_VITIS_LOOP_298_3_fu_846.grp_fp2mul503_mont_133_2_fu_144.grp_rdc_mont_140_fu_108,grp_rdc_mont_140_Pipeline_VITIS_LOOP_208_5_fu_216,,module_status1561.csv
grp_EphemeralSecretAgreement_A_1_fu_283.grp_EphemeralSecretAgreement_A_1_Outline_VITIS_LOOP_298_3_fu_846.grp_fp2mul503_mont_133_2_fu_144,grp_mp_mul_152_fu_120,,module_status1562.csv
grp_EphemeralSecretAgreement_A_1_fu_283.grp_EphemeralSecretAgreement_A_1_Outline_VITIS_LOOP_298_3_fu_846.grp_fp2mul503_mont_133_2_fu_144.grp_mp_mul_152_fu_120,grp_mp_mul_152_Pipeline_VITIS_LOOP_145_2_fu_112,,module_status1563.csv
grp_EphemeralSecretAgreement_A_1_fu_283.grp_EphemeralSecretAgreement_A_1_Outline_VITIS_LOOP_298_3_fu_846.grp_fp2mul503_mont_133_2_fu_144.grp_mp_mul_152_fu_120,grp_mp_mul_152_Pipeline_VITIS_LOOP_159_4_fu_127,,module_status1564.csv
grp_EphemeralSecretAgreement_A_1_fu_283.grp_EphemeralSecretAgreement_A_1_Outline_VITIS_LOOP_298_3_fu_846.grp_fp2mul503_mont_133_2_fu_144,grp_fp2mul503_mont_133_2_Pipeline_VITIS_LOOP_170_1184_fu_127,,module_status1565.csv
grp_EphemeralSecretAgreement_A_1_fu_283.grp_EphemeralSecretAgreement_A_1_Outline_VITIS_LOOP_298_3_fu_846,grp_fp2mul503_mont_7_fu_154,,module_status1566.csv
grp_EphemeralSecretAgreement_A_1_fu_283.grp_EphemeralSecretAgreement_A_1_Outline_VITIS_LOOP_298_3_fu_846.grp_fp2mul503_mont_7_fu_154,grp_mp_mul_10_fu_62,,module_status1567.csv
grp_EphemeralSecretAgreement_A_1_fu_283.grp_EphemeralSecretAgreement_A_1_Outline_VITIS_LOOP_298_3_fu_846.grp_fp2mul503_mont_7_fu_154.grp_mp_mul_10_fu_62,grp_mp_mul_10_Pipeline_VITIS_LOOP_145_2_fu_114,,module_status1568.csv
grp_EphemeralSecretAgreement_A_1_fu_283.grp_EphemeralSecretAgreement_A_1_Outline_VITIS_LOOP_298_3_fu_846.grp_fp2mul503_mont_7_fu_154.grp_mp_mul_10_fu_62,grp_mp_mul_10_Pipeline_VITIS_LOOP_159_4_fu_129,,module_status1569.csv
grp_EphemeralSecretAgreement_A_1_fu_283.grp_EphemeralSecretAgreement_A_1_Outline_VITIS_LOOP_298_3_fu_846.grp_fp2mul503_mont_7_fu_154,grp_mp_mul_5_fu_72,,module_status1570.csv
grp_EphemeralSecretAgreement_A_1_fu_283.grp_EphemeralSecretAgreement_A_1_Outline_VITIS_LOOP_298_3_fu_846.grp_fp2mul503_mont_7_fu_154.grp_mp_mul_5_fu_72,grp_mp_mul_5_Pipeline_VITIS_LOOP_145_2_fu_138,,module_status1571.csv
grp_EphemeralSecretAgreement_A_1_fu_283.grp_EphemeralSecretAgreement_A_1_Outline_VITIS_LOOP_298_3_fu_846.grp_fp2mul503_mont_7_fu_154.grp_mp_mul_5_fu_72,grp_mp_mul_5_Pipeline_VITIS_LOOP_159_4_fu_155,,module_status1572.csv
grp_EphemeralSecretAgreement_A_1_fu_283.grp_EphemeralSecretAgreement_A_1_Outline_VITIS_LOOP_298_3_fu_846.grp_fp2mul503_mont_7_fu_154,grp_fp2mul503_mont_7_Pipeline_VITIS_LOOP_350_1_fu_85,,module_status1573.csv
grp_EphemeralSecretAgreement_A_1_fu_283.grp_EphemeralSecretAgreement_A_1_Outline_VITIS_LOOP_298_3_fu_846.grp_fp2mul503_mont_7_fu_154,grp_fp2mul503_mont_7_Pipeline_VITIS_LOOP_350_1155_fu_92,,module_status1574.csv
grp_EphemeralSecretAgreement_A_1_fu_283.grp_EphemeralSecretAgreement_A_1_Outline_VITIS_LOOP_298_3_fu_846.grp_fp2mul503_mont_7_fu_154,grp_fp2mul503_mont_7_Pipeline_VITIS_LOOP_170_1_fu_99,,module_status1575.csv
grp_EphemeralSecretAgreement_A_1_fu_283.grp_EphemeralSecretAgreement_A_1_Outline_VITIS_LOOP_298_3_fu_846.grp_fp2mul503_mont_7_fu_154,grp_fp2mul503_mont_7_Pipeline_VITIS_LOOP_200_1_fu_107,,module_status1576.csv
grp_EphemeralSecretAgreement_A_1_fu_283.grp_EphemeralSecretAgreement_A_1_Outline_VITIS_LOOP_298_3_fu_846.grp_fp2mul503_mont_7_fu_154,grp_fp2mul503_mont_7_Pipeline_VITIS_LOOP_350_1156_fu_115,,module_status1577.csv
grp_EphemeralSecretAgreement_A_1_fu_283.grp_EphemeralSecretAgreement_A_1_Outline_VITIS_LOOP_298_3_fu_846.grp_fp2mul503_mont_7_fu_154,grp_rdc_mont_140_fu_121,,module_status1578.csv
grp_EphemeralSecretAgreement_A_1_fu_283.grp_EphemeralSecretAgreement_A_1_Outline_VITIS_LOOP_298_3_fu_846.grp_fp2mul503_mont_7_fu_154.grp_rdc_mont_140_fu_121,grp_rdc_mont_140_Pipeline_VITIS_LOOP_182_1_fu_192,,module_status1579.csv
grp_EphemeralSecretAgreement_A_1_fu_283.grp_EphemeralSecretAgreement_A_1_Outline_VITIS_LOOP_298_3_fu_846.grp_fp2mul503_mont_7_fu_154.grp_rdc_mont_140_fu_121,grp_rdc_mont_140_Pipeline_VITIS_LOOP_187_3_fu_199,,module_status1580.csv
grp_EphemeralSecretAgreement_A_1_fu_283.grp_EphemeralSecretAgreement_A_1_Outline_VITIS_LOOP_298_3_fu_846.grp_fp2mul503_mont_7_fu_154.grp_rdc_mont_140_fu_121,grp_rdc_mont_140_Pipeline_VITIS_LOOP_208_5_fu_216,,module_status1581.csv
grp_EphemeralSecretAgreement_A_1_fu_283.grp_EphemeralSecretAgreement_A_1_Outline_VITIS_LOOP_298_3_fu_846.grp_fp2mul503_mont_7_fu_154,grp_mp_mul_152_fu_133,,module_status1582.csv
grp_EphemeralSecretAgreement_A_1_fu_283.grp_EphemeralSecretAgreement_A_1_Outline_VITIS_LOOP_298_3_fu_846.grp_fp2mul503_mont_7_fu_154.grp_mp_mul_152_fu_133,grp_mp_mul_152_Pipeline_VITIS_LOOP_145_2_fu_112,,module_status1583.csv
grp_EphemeralSecretAgreement_A_1_fu_283.grp_EphemeralSecretAgreement_A_1_Outline_VITIS_LOOP_298_3_fu_846.grp_fp2mul503_mont_7_fu_154.grp_mp_mul_152_fu_133,grp_mp_mul_152_Pipeline_VITIS_LOOP_159_4_fu_127,,module_status1584.csv
grp_EphemeralSecretAgreement_A_1_fu_283.grp_EphemeralSecretAgreement_A_1_Outline_VITIS_LOOP_298_3_fu_846.grp_fp2mul503_mont_7_fu_154,grp_fp2mul503_mont_7_Pipeline_VITIS_LOOP_170_1157_fu_140,,module_status1585.csv
grp_EphemeralSecretAgreement_A_1_fu_283.grp_EphemeralSecretAgreement_A_1_Outline_VITIS_LOOP_298_3_fu_846,grp_fpsub503_144_275_fu_165,,module_status1586.csv
grp_EphemeralSecretAgreement_A_1_fu_283.grp_EphemeralSecretAgreement_A_1_Outline_VITIS_LOOP_298_3_fu_846.grp_fpsub503_144_275_fu_165,grp_fpsub503_144_275_Pipeline_VITIS_LOOP_47_1_fu_56,,module_status1587.csv
grp_EphemeralSecretAgreement_A_1_fu_283.grp_EphemeralSecretAgreement_A_1_Outline_VITIS_LOOP_298_3_fu_846.grp_fpsub503_144_275_fu_165,grp_fpsub503_144_275_Pipeline_VITIS_LOOP_53_2_fu_67,,module_status1588.csv
grp_EphemeralSecretAgreement_A_1_fu_283.grp_EphemeralSecretAgreement_A_1_Outline_VITIS_LOOP_298_3_fu_846,grp_fp2sqr503_mont_136_2_fu_183,,module_status1589.csv
grp_EphemeralSecretAgreement_A_1_fu_283.grp_EphemeralSecretAgreement_A_1_Outline_VITIS_LOOP_298_3_fu_846.grp_fp2sqr503_mont_136_2_fu_183,grp_fp2sqr503_mont_136_2_Pipeline_VITIS_LOOP_350_1_fu_54,,module_status1590.csv
grp_EphemeralSecretAgreement_A_1_fu_283.grp_EphemeralSecretAgreement_A_1_Outline_VITIS_LOOP_298_3_fu_846.grp_fp2sqr503_mont_136_2_fu_183,grp_fp2sqr503_mont_136_2_Pipeline_5_fu_62,,module_status1591.csv
grp_EphemeralSecretAgreement_A_1_fu_283.grp_EphemeralSecretAgreement_A_1_Outline_VITIS_LOOP_298_3_fu_846.grp_fp2sqr503_mont_136_2_fu_183,grp_fp2sqr503_mont_136_2_Pipeline_6_fu_68,,module_status1592.csv
grp_EphemeralSecretAgreement_A_1_fu_283.grp_EphemeralSecretAgreement_A_1_Outline_VITIS_LOOP_298_3_fu_846.grp_fp2sqr503_mont_136_2_fu_183,grp_fp2sqr503_mont_136_2_Pipeline_VITIS_LOOP_47_1_fu_74,,module_status1593.csv
grp_EphemeralSecretAgreement_A_1_fu_283.grp_EphemeralSecretAgreement_A_1_Outline_VITIS_LOOP_298_3_fu_846.grp_fp2sqr503_mont_136_2_fu_183,grp_fp2sqr503_mont_136_2_Pipeline_VITIS_LOOP_53_2_fu_82,,module_status1594.csv
grp_EphemeralSecretAgreement_A_1_fu_283.grp_EphemeralSecretAgreement_A_1_Outline_VITIS_LOOP_298_3_fu_846.grp_fp2sqr503_mont_136_2_fu_183,grp_fp2sqr503_mont_136_2_Pipeline_VITIS_LOOP_350_1134_fu_90,,module_status1595.csv
grp_EphemeralSecretAgreement_A_1_fu_283.grp_EphemeralSecretAgreement_A_1_Outline_VITIS_LOOP_298_3_fu_846.grp_fp2sqr503_mont_136_2_fu_183,grp_mp_mul_152_fu_97,,module_status1596.csv
grp_EphemeralSecretAgreement_A_1_fu_283.grp_EphemeralSecretAgreement_A_1_Outline_VITIS_LOOP_298_3_fu_846.grp_fp2sqr503_mont_136_2_fu_183.grp_mp_mul_152_fu_97,grp_mp_mul_152_Pipeline_VITIS_LOOP_145_2_fu_112,,module_status1597.csv
grp_EphemeralSecretAgreement_A_1_fu_283.grp_EphemeralSecretAgreement_A_1_Outline_VITIS_LOOP_298_3_fu_846.grp_fp2sqr503_mont_136_2_fu_183.grp_mp_mul_152_fu_97,grp_mp_mul_152_Pipeline_VITIS_LOOP_159_4_fu_127,,module_status1598.csv
grp_EphemeralSecretAgreement_A_1_fu_283.grp_EphemeralSecretAgreement_A_1_Outline_VITIS_LOOP_298_3_fu_846.grp_fp2sqr503_mont_136_2_fu_183,grp_rdc_mont_140_fu_104,,module_status1599.csv
grp_EphemeralSecretAgreement_A_1_fu_283.grp_EphemeralSecretAgreement_A_1_Outline_VITIS_LOOP_298_3_fu_846.grp_fp2sqr503_mont_136_2_fu_183.grp_rdc_mont_140_fu_104,grp_rdc_mont_140_Pipeline_VITIS_LOOP_182_1_fu_192,,module_status1600.csv
grp_EphemeralSecretAgreement_A_1_fu_283.grp_EphemeralSecretAgreement_A_1_Outline_VITIS_LOOP_298_3_fu_846.grp_fp2sqr503_mont_136_2_fu_183.grp_rdc_mont_140_fu_104,grp_rdc_mont_140_Pipeline_VITIS_LOOP_187_3_fu_199,,module_status1601.csv
grp_EphemeralSecretAgreement_A_1_fu_283.grp_EphemeralSecretAgreement_A_1_Outline_VITIS_LOOP_298_3_fu_846.grp_fp2sqr503_mont_136_2_fu_183.grp_rdc_mont_140_fu_104,grp_rdc_mont_140_Pipeline_VITIS_LOOP_208_5_fu_216,,module_status1602.csv
grp_EphemeralSecretAgreement_A_1_fu_283.grp_EphemeralSecretAgreement_A_1_Outline_VITIS_LOOP_298_3_fu_846.grp_fp2sqr503_mont_136_2_fu_183,grp_mp_mul_150_fu_116,,module_status1603.csv
grp_EphemeralSecretAgreement_A_1_fu_283.grp_EphemeralSecretAgreement_A_1_Outline_VITIS_LOOP_298_3_fu_846.grp_fp2sqr503_mont_136_2_fu_183.grp_mp_mul_150_fu_116,grp_mp_mul_150_Pipeline_VITIS_LOOP_145_2_fu_112,,module_status1604.csv
grp_EphemeralSecretAgreement_A_1_fu_283.grp_EphemeralSecretAgreement_A_1_Outline_VITIS_LOOP_298_3_fu_846.grp_fp2sqr503_mont_136_2_fu_183.grp_mp_mul_150_fu_116,grp_mp_mul_150_Pipeline_VITIS_LOOP_159_4_fu_127,,module_status1605.csv
grp_EphemeralSecretAgreement_A_1_fu_283.grp_EphemeralSecretAgreement_A_1_Outline_VITIS_LOOP_298_3_fu_846,grp_fp2sqr503_mont_136_1_fu_192,,module_status1606.csv
grp_EphemeralSecretAgreement_A_1_fu_283.grp_EphemeralSecretAgreement_A_1_Outline_VITIS_LOOP_298_3_fu_846.grp_fp2sqr503_mont_136_1_fu_192,grp_fp2sqr503_mont_136_1_Pipeline_VITIS_LOOP_350_1_fu_68,,module_status1607.csv
grp_EphemeralSecretAgreement_A_1_fu_283.grp_EphemeralSecretAgreement_A_1_Outline_VITIS_LOOP_298_3_fu_846.grp_fp2sqr503_mont_136_1_fu_192,grp_fp2sqr503_mont_136_1_Pipeline_5_fu_78,,module_status1608.csv
grp_EphemeralSecretAgreement_A_1_fu_283.grp_EphemeralSecretAgreement_A_1_Outline_VITIS_LOOP_298_3_fu_846.grp_fp2sqr503_mont_136_1_fu_192,grp_fp2sqr503_mont_136_1_Pipeline_6_fu_84,,module_status1609.csv
grp_EphemeralSecretAgreement_A_1_fu_283.grp_EphemeralSecretAgreement_A_1_Outline_VITIS_LOOP_298_3_fu_846.grp_fp2sqr503_mont_136_1_fu_192,grp_fp2sqr503_mont_136_1_Pipeline_VITIS_LOOP_47_1_fu_90,,module_status1610.csv
grp_EphemeralSecretAgreement_A_1_fu_283.grp_EphemeralSecretAgreement_A_1_Outline_VITIS_LOOP_298_3_fu_846.grp_fp2sqr503_mont_136_1_fu_192,grp_fp2sqr503_mont_136_1_Pipeline_VITIS_LOOP_53_2_fu_100,,module_status1611.csv
grp_EphemeralSecretAgreement_A_1_fu_283.grp_EphemeralSecretAgreement_A_1_Outline_VITIS_LOOP_298_3_fu_846.grp_fp2sqr503_mont_136_1_fu_192,grp_fp2sqr503_mont_136_1_Pipeline_VITIS_LOOP_350_1135_fu_108,,module_status1612.csv
grp_EphemeralSecretAgreement_A_1_fu_283.grp_EphemeralSecretAgreement_A_1_Outline_VITIS_LOOP_298_3_fu_846.grp_fp2sqr503_mont_136_1_fu_192,grp_mp_mul_152_fu_116,,module_status1613.csv
grp_EphemeralSecretAgreement_A_1_fu_283.grp_EphemeralSecretAgreement_A_1_Outline_VITIS_LOOP_298_3_fu_846.grp_fp2sqr503_mont_136_1_fu_192.grp_mp_mul_152_fu_116,grp_mp_mul_152_Pipeline_VITIS_LOOP_145_2_fu_112,,module_status1614.csv
grp_EphemeralSecretAgreement_A_1_fu_283.grp_EphemeralSecretAgreement_A_1_Outline_VITIS_LOOP_298_3_fu_846.grp_fp2sqr503_mont_136_1_fu_192.grp_mp_mul_152_fu_116,grp_mp_mul_152_Pipeline_VITIS_LOOP_159_4_fu_127,,module_status1615.csv
grp_EphemeralSecretAgreement_A_1_fu_283.grp_EphemeralSecretAgreement_A_1_Outline_VITIS_LOOP_298_3_fu_846.grp_fp2sqr503_mont_136_1_fu_192,grp_rdc_mont_138_fu_123,,module_status1616.csv
grp_EphemeralSecretAgreement_A_1_fu_283.grp_EphemeralSecretAgreement_A_1_Outline_VITIS_LOOP_298_3_fu_846.grp_fp2sqr503_mont_136_1_fu_192.grp_rdc_mont_138_fu_123,grp_rdc_mont_138_Pipeline_VITIS_LOOP_182_1_fu_202,,module_status1617.csv
grp_EphemeralSecretAgreement_A_1_fu_283.grp_EphemeralSecretAgreement_A_1_Outline_VITIS_LOOP_298_3_fu_846.grp_fp2sqr503_mont_136_1_fu_192.grp_rdc_mont_138_fu_123,grp_rdc_mont_138_Pipeline_VITIS_LOOP_187_3_fu_209,,module_status1618.csv
grp_EphemeralSecretAgreement_A_1_fu_283.grp_EphemeralSecretAgreement_A_1_Outline_VITIS_LOOP_298_3_fu_846.grp_fp2sqr503_mont_136_1_fu_192.grp_rdc_mont_138_fu_123,grp_rdc_mont_138_Pipeline_VITIS_LOOP_208_5_fu_227,,module_status1619.csv
grp_EphemeralSecretAgreement_A_1_fu_283.grp_EphemeralSecretAgreement_A_1_Outline_VITIS_LOOP_298_3_fu_846.grp_fp2sqr503_mont_136_1_fu_192,grp_mp_mul_142_fu_136,,module_status1620.csv
grp_EphemeralSecretAgreement_A_1_fu_283.grp_EphemeralSecretAgreement_A_1_Outline_VITIS_LOOP_298_3_fu_846.grp_fp2sqr503_mont_136_1_fu_192.grp_mp_mul_142_fu_136,grp_mp_mul_142_Pipeline_VITIS_LOOP_145_2_fu_124,,module_status1621.csv
grp_EphemeralSecretAgreement_A_1_fu_283.grp_EphemeralSecretAgreement_A_1_Outline_VITIS_LOOP_298_3_fu_846.grp_fp2sqr503_mont_136_1_fu_192.grp_mp_mul_142_fu_136,grp_mp_mul_142_Pipeline_VITIS_LOOP_159_4_fu_140,,module_status1622.csv
grp_EphemeralSecretAgreement_A_1_fu_283.grp_EphemeralSecretAgreement_A_1_Outline_VITIS_LOOP_298_3_fu_846,grp_fpadd503_149_fu_203,,module_status1623.csv
grp_EphemeralSecretAgreement_A_1_fu_283.grp_EphemeralSecretAgreement_A_1_Outline_VITIS_LOOP_298_3_fu_846.grp_fpadd503_149_fu_203,grp_fpadd503_149_Pipeline_VITIS_LOOP_23_1_fu_62,,module_status1624.csv
grp_EphemeralSecretAgreement_A_1_fu_283.grp_EphemeralSecretAgreement_A_1_Outline_VITIS_LOOP_298_3_fu_846.grp_fpadd503_149_fu_203,grp_fpadd503_149_Pipeline_VITIS_LOOP_28_2_fu_75,,module_status1625.csv
grp_EphemeralSecretAgreement_A_1_fu_283.grp_EphemeralSecretAgreement_A_1_Outline_VITIS_LOOP_298_3_fu_846.grp_fpadd503_149_fu_203,grp_fpadd503_149_Pipeline_VITIS_LOOP_34_3_fu_85,,module_status1626.csv
grp_EphemeralSecretAgreement_A_1_fu_283.grp_EphemeralSecretAgreement_A_1_Outline_VITIS_LOOP_298_3_fu_846,grp_fpsub503_144_1_fu_223,,module_status1627.csv
grp_EphemeralSecretAgreement_A_1_fu_283.grp_EphemeralSecretAgreement_A_1_Outline_VITIS_LOOP_298_3_fu_846.grp_fpsub503_144_1_fu_223,grp_fpsub503_144_1_Pipeline_VITIS_LOOP_47_1_fu_50,,module_status1628.csv
grp_EphemeralSecretAgreement_A_1_fu_283.grp_EphemeralSecretAgreement_A_1_Outline_VITIS_LOOP_298_3_fu_846.grp_fpsub503_144_1_fu_223,grp_fpsub503_144_1_Pipeline_VITIS_LOOP_53_2_fu_61,,module_status1629.csv
grp_EphemeralSecretAgreement_A_1_fu_283.grp_EphemeralSecretAgreement_A_1_Outline_VITIS_LOOP_298_3_fu_846,grp_fp2mul503_mont_133_1_fu_239,,module_status1630.csv
grp_EphemeralSecretAgreement_A_1_fu_283.grp_EphemeralSecretAgreement_A_1_Outline_VITIS_LOOP_298_3_fu_846.grp_fp2mul503_mont_133_1_fu_239,grp_mp_mul_141_fu_70,,module_status1631.csv
grp_EphemeralSecretAgreement_A_1_fu_283.grp_EphemeralSecretAgreement_A_1_Outline_VITIS_LOOP_298_3_fu_846.grp_fp2mul503_mont_133_1_fu_239.grp_mp_mul_141_fu_70,grp_mp_mul_141_Pipeline_VITIS_LOOP_145_2_fu_146,,module_status1632.csv
grp_EphemeralSecretAgreement_A_1_fu_283.grp_EphemeralSecretAgreement_A_1_Outline_VITIS_LOOP_298_3_fu_846.grp_fp2mul503_mont_133_1_fu_239.grp_mp_mul_141_fu_70,grp_mp_mul_141_Pipeline_VITIS_LOOP_159_4_fu_163,,module_status1633.csv
grp_EphemeralSecretAgreement_A_1_fu_283.grp_EphemeralSecretAgreement_A_1_Outline_VITIS_LOOP_298_3_fu_846.grp_fp2mul503_mont_133_1_fu_239,grp_fp2mul503_mont_133_1_Pipeline_VITIS_LOOP_350_1_fu_88,,module_status1634.csv
grp_EphemeralSecretAgreement_A_1_fu_283.grp_EphemeralSecretAgreement_A_1_Outline_VITIS_LOOP_298_3_fu_846.grp_fp2mul503_mont_133_1_fu_239,grp_fp2mul503_mont_133_1_Pipeline_VITIS_LOOP_350_1185_fu_97,,module_status1635.csv
grp_EphemeralSecretAgreement_A_1_fu_283.grp_EphemeralSecretAgreement_A_1_Outline_VITIS_LOOP_298_3_fu_846.grp_fp2mul503_mont_133_1_fu_239,grp_fp2mul503_mont_133_1_Pipeline_VITIS_LOOP_170_1_fu_104,,module_status1636.csv
grp_EphemeralSecretAgreement_A_1_fu_283.grp_EphemeralSecretAgreement_A_1_Outline_VITIS_LOOP_298_3_fu_846.grp_fp2mul503_mont_133_1_fu_239,grp_fp2mul503_mont_133_1_Pipeline_VITIS_LOOP_200_1_fu_112,,module_status1637.csv
grp_EphemeralSecretAgreement_A_1_fu_283.grp_EphemeralSecretAgreement_A_1_Outline_VITIS_LOOP_298_3_fu_846.grp_fp2mul503_mont_133_1_fu_239,grp_fp2mul503_mont_133_1_Pipeline_VITIS_LOOP_350_1186_fu_120,,module_status1638.csv
grp_EphemeralSecretAgreement_A_1_fu_283.grp_EphemeralSecretAgreement_A_1_Outline_VITIS_LOOP_298_3_fu_846.grp_fp2mul503_mont_133_1_fu_239,grp_rdc_mont_138_fu_126,,module_status1639.csv
grp_EphemeralSecretAgreement_A_1_fu_283.grp_EphemeralSecretAgreement_A_1_Outline_VITIS_LOOP_298_3_fu_846.grp_fp2mul503_mont_133_1_fu_239.grp_rdc_mont_138_fu_126,grp_rdc_mont_138_Pipeline_VITIS_LOOP_182_1_fu_202,,module_status1640.csv
grp_EphemeralSecretAgreement_A_1_fu_283.grp_EphemeralSecretAgreement_A_1_Outline_VITIS_LOOP_298_3_fu_846.grp_fp2mul503_mont_133_1_fu_239.grp_rdc_mont_138_fu_126,grp_rdc_mont_138_Pipeline_VITIS_LOOP_187_3_fu_209,,module_status1641.csv
grp_EphemeralSecretAgreement_A_1_fu_283.grp_EphemeralSecretAgreement_A_1_Outline_VITIS_LOOP_298_3_fu_846.grp_fp2mul503_mont_133_1_fu_239.grp_rdc_mont_138_fu_126,grp_rdc_mont_138_Pipeline_VITIS_LOOP_208_5_fu_227,,module_status1642.csv
grp_EphemeralSecretAgreement_A_1_fu_283.grp_EphemeralSecretAgreement_A_1_Outline_VITIS_LOOP_298_3_fu_846.grp_fp2mul503_mont_133_1_fu_239,grp_mp_mul_152_fu_139,,module_status1643.csv
grp_EphemeralSecretAgreement_A_1_fu_283.grp_EphemeralSecretAgreement_A_1_Outline_VITIS_LOOP_298_3_fu_846.grp_fp2mul503_mont_133_1_fu_239.grp_mp_mul_152_fu_139,grp_mp_mul_152_Pipeline_VITIS_LOOP_145_2_fu_112,,module_status1644.csv
grp_EphemeralSecretAgreement_A_1_fu_283.grp_EphemeralSecretAgreement_A_1_Outline_VITIS_LOOP_298_3_fu_846.grp_fp2mul503_mont_133_1_fu_239.grp_mp_mul_152_fu_139,grp_mp_mul_152_Pipeline_VITIS_LOOP_159_4_fu_127,,module_status1645.csv
grp_EphemeralSecretAgreement_A_1_fu_283.grp_EphemeralSecretAgreement_A_1_Outline_VITIS_LOOP_298_3_fu_846.grp_fp2mul503_mont_133_1_fu_239,grp_fp2mul503_mont_133_1_Pipeline_VITIS_LOOP_170_1187_fu_146,,module_status1646.csv
grp_EphemeralSecretAgreement_A_1_fu_283,grp_EphemeralSecretAgreement_A_1_Pipeline_VITIS_LOOP_14_1238_fu_860,,module_status1647.csv
grp_EphemeralSecretAgreement_A_1_fu_283,grp_EphemeralSecretAgreement_A_1_Pipeline_VITIS_LOOP_14_1240_fu_867,,module_status1648.csv
grp_EphemeralSecretAgreement_A_1_fu_283,grp_EphemeralSecretAgreement_A_1_Pipeline_VITIS_LOOP_14_1239_fu_874,,module_status1649.csv
grp_EphemeralSecretAgreement_A_1_fu_283,grp_EphemeralSecretAgreement_A_1_Pipeline_VITIS_LOOP_14_1241_fu_881,,module_status1650.csv
grp_EphemeralSecretAgreement_A_1_fu_283,grp_fp2div2_503_fu_888,,module_status1651.csv
grp_EphemeralSecretAgreement_A_1_fu_283.grp_fp2div2_503_fu_888,grp_fp2div2_503_Pipeline_VITIS_LOOP_78_1_fu_74,,module_status1652.csv
grp_EphemeralSecretAgreement_A_1_fu_283.grp_fp2div2_503_fu_888,grp_fp2div2_503_Pipeline_VITIS_LOOP_392_1_fu_85,,module_status1653.csv
grp_EphemeralSecretAgreement_A_1_fu_283.grp_fp2div2_503_fu_888,grp_fp2div2_503_Pipeline_VITIS_LOOP_78_1215_fu_93,,module_status1654.csv
grp_EphemeralSecretAgreement_A_1_fu_283.grp_fp2div2_503_fu_888,grp_fp2div2_503_Pipeline_VITIS_LOOP_392_1216_fu_104,,module_status1655.csv
grp_EphemeralSecretAgreement_A_1_fu_283,grp_fpsub503_85_86_fu_896,,module_status1656.csv
grp_EphemeralSecretAgreement_A_1_fu_283.grp_fpsub503_85_86_fu_896,grp_fpsub503_85_86_Pipeline_VITIS_LOOP_47_1_fu_48,,module_status1657.csv
grp_EphemeralSecretAgreement_A_1_fu_283.grp_fpsub503_85_86_fu_896,grp_fpsub503_85_86_Pipeline_VITIS_LOOP_53_2_fu_64,,module_status1658.csv
grp_EphemeralSecretAgreement_A_1_fu_283,grp_fp2sqr503_mont_136_fu_914,,module_status1659.csv
grp_EphemeralSecretAgreement_A_1_fu_283.grp_fp2sqr503_mont_136_fu_914,grp_fp2sqr503_mont_136_Pipeline_VITIS_LOOP_350_1_fu_56,,module_status1660.csv
grp_EphemeralSecretAgreement_A_1_fu_283.grp_fp2sqr503_mont_136_fu_914,grp_fp2sqr503_mont_136_Pipeline_5_fu_64,,module_status1661.csv
grp_EphemeralSecretAgreement_A_1_fu_283.grp_fp2sqr503_mont_136_fu_914,grp_fp2sqr503_mont_136_Pipeline_6_fu_70,,module_status1662.csv
grp_EphemeralSecretAgreement_A_1_fu_283.grp_fp2sqr503_mont_136_fu_914,grp_fp2sqr503_mont_136_Pipeline_VITIS_LOOP_47_1_fu_76,,module_status1663.csv
grp_EphemeralSecretAgreement_A_1_fu_283.grp_fp2sqr503_mont_136_fu_914,grp_fp2sqr503_mont_136_Pipeline_VITIS_LOOP_53_2_fu_84,,module_status1664.csv
grp_EphemeralSecretAgreement_A_1_fu_283.grp_fp2sqr503_mont_136_fu_914,grp_fp2sqr503_mont_136_Pipeline_VITIS_LOOP_350_1136_fu_92,,module_status1665.csv
grp_EphemeralSecretAgreement_A_1_fu_283.grp_fp2sqr503_mont_136_fu_914,grp_mp_mul_152_fu_99,,module_status1666.csv
grp_EphemeralSecretAgreement_A_1_fu_283.grp_fp2sqr503_mont_136_fu_914.grp_mp_mul_152_fu_99,grp_mp_mul_152_Pipeline_VITIS_LOOP_145_2_fu_112,,module_status1667.csv
grp_EphemeralSecretAgreement_A_1_fu_283.grp_fp2sqr503_mont_136_fu_914.grp_mp_mul_152_fu_99,grp_mp_mul_152_Pipeline_VITIS_LOOP_159_4_fu_127,,module_status1668.csv
grp_EphemeralSecretAgreement_A_1_fu_283.grp_fp2sqr503_mont_136_fu_914,grp_mp_mul_150_fu_106,,module_status1669.csv
grp_EphemeralSecretAgreement_A_1_fu_283.grp_fp2sqr503_mont_136_fu_914.grp_mp_mul_150_fu_106,grp_mp_mul_150_Pipeline_VITIS_LOOP_145_2_fu_112,,module_status1670.csv
grp_EphemeralSecretAgreement_A_1_fu_283.grp_fp2sqr503_mont_136_fu_914.grp_mp_mul_150_fu_106,grp_mp_mul_150_Pipeline_VITIS_LOOP_159_4_fu_127,,module_status1671.csv
grp_EphemeralSecretAgreement_A_1_fu_283.grp_fp2sqr503_mont_136_fu_914,grp_rdc_mont_140_fu_114,,module_status1672.csv
grp_EphemeralSecretAgreement_A_1_fu_283.grp_fp2sqr503_mont_136_fu_914.grp_rdc_mont_140_fu_114,grp_rdc_mont_140_Pipeline_VITIS_LOOP_182_1_fu_192,,module_status1673.csv
grp_EphemeralSecretAgreement_A_1_fu_283.grp_fp2sqr503_mont_136_fu_914.grp_rdc_mont_140_fu_114,grp_rdc_mont_140_Pipeline_VITIS_LOOP_187_3_fu_199,,module_status1674.csv
grp_EphemeralSecretAgreement_A_1_fu_283.grp_fp2sqr503_mont_136_fu_914.grp_rdc_mont_140_fu_114,grp_rdc_mont_140_Pipeline_VITIS_LOOP_208_5_fu_216,,module_status1675.csv
grp_EphemeralSecretAgreement_A_1_fu_283,grp_fp2sqr503_mont_87_88_fu_924,,module_status1676.csv
grp_EphemeralSecretAgreement_A_1_fu_283.grp_fp2sqr503_mont_87_88_fu_924,grp_fp2sqr503_mont_87_88_Pipeline_VITIS_LOOP_350_1_fu_58,,module_status1677.csv
grp_EphemeralSecretAgreement_A_1_fu_283.grp_fp2sqr503_mont_87_88_fu_924,grp_fp2sqr503_mont_87_88_Pipeline_5_fu_68,,module_status1678.csv
grp_EphemeralSecretAgreement_A_1_fu_283.grp_fp2sqr503_mont_87_88_fu_924,grp_fp2sqr503_mont_87_88_Pipeline_6_fu_74,,module_status1679.csv
grp_EphemeralSecretAgreement_A_1_fu_283.grp_fp2sqr503_mont_87_88_fu_924,grp_fp2sqr503_mont_87_88_Pipeline_VITIS_LOOP_47_1_fu_80,,module_status1680.csv
grp_EphemeralSecretAgreement_A_1_fu_283.grp_fp2sqr503_mont_87_88_fu_924,grp_fp2sqr503_mont_87_88_Pipeline_VITIS_LOOP_53_2_fu_90,,module_status1681.csv
grp_EphemeralSecretAgreement_A_1_fu_283.grp_fp2sqr503_mont_87_88_fu_924,grp_fp2sqr503_mont_87_88_Pipeline_VITIS_LOOP_350_1128_fu_98,,module_status1682.csv
grp_EphemeralSecretAgreement_A_1_fu_283.grp_fp2sqr503_mont_87_88_fu_924,grp_mp_mul_152_fu_107,,module_status1683.csv
grp_EphemeralSecretAgreement_A_1_fu_283.grp_fp2sqr503_mont_87_88_fu_924.grp_mp_mul_152_fu_107,grp_mp_mul_152_Pipeline_VITIS_LOOP_145_2_fu_112,,module_status1684.csv
grp_EphemeralSecretAgreement_A_1_fu_283.grp_fp2sqr503_mont_87_88_fu_924.grp_mp_mul_152_fu_107,grp_mp_mul_152_Pipeline_VITIS_LOOP_159_4_fu_127,,module_status1685.csv
grp_EphemeralSecretAgreement_A_1_fu_283.grp_fp2sqr503_mont_87_88_fu_924,grp_mp_mul_68_70_fu_114,,module_status1686.csv
grp_EphemeralSecretAgreement_A_1_fu_283.grp_fp2sqr503_mont_87_88_fu_924.grp_mp_mul_68_70_fu_114,grp_mp_mul_68_70_Pipeline_VITIS_LOOP_145_2_fu_114,,module_status1687.csv
grp_EphemeralSecretAgreement_A_1_fu_283.grp_fp2sqr503_mont_87_88_fu_924.grp_mp_mul_68_70_fu_114,grp_mp_mul_68_70_Pipeline_VITIS_LOOP_159_4_fu_131,,module_status1688.csv
grp_EphemeralSecretAgreement_A_1_fu_283.grp_fp2sqr503_mont_87_88_fu_924,grp_rdc_mont_140_fu_124,,module_status1689.csv
grp_EphemeralSecretAgreement_A_1_fu_283.grp_fp2sqr503_mont_87_88_fu_924.grp_rdc_mont_140_fu_124,grp_rdc_mont_140_Pipeline_VITIS_LOOP_182_1_fu_192,,module_status1690.csv
grp_EphemeralSecretAgreement_A_1_fu_283.grp_fp2sqr503_mont_87_88_fu_924.grp_rdc_mont_140_fu_124,grp_rdc_mont_140_Pipeline_VITIS_LOOP_187_3_fu_199,,module_status1691.csv
grp_EphemeralSecretAgreement_A_1_fu_283.grp_fp2sqr503_mont_87_88_fu_924.grp_rdc_mont_140_fu_124,grp_rdc_mont_140_Pipeline_VITIS_LOOP_208_5_fu_216,,module_status1692.csv
grp_EphemeralSecretAgreement_A_1_fu_283,grp_fpadd503_149_3_fu_935,,module_status1693.csv
grp_EphemeralSecretAgreement_A_1_fu_283.grp_fpadd503_149_3_fu_935,grp_fpadd503_149_3_Pipeline_VITIS_LOOP_23_1_fu_40,,module_status1694.csv
grp_EphemeralSecretAgreement_A_1_fu_283.grp_fpadd503_149_3_fu_935,grp_fpadd503_149_3_Pipeline_VITIS_LOOP_28_2_fu_50,,module_status1695.csv
grp_EphemeralSecretAgreement_A_1_fu_283.grp_fpadd503_149_3_fu_935,grp_fpadd503_149_3_Pipeline_VITIS_LOOP_34_3_fu_60,,module_status1696.csv
grp_EphemeralSecretAgreement_A_1_fu_283,grp_fpsub503_144_276_fu_949,,module_status1697.csv
grp_EphemeralSecretAgreement_A_1_fu_283.grp_fpsub503_144_276_fu_949,grp_fpsub503_144_276_Pipeline_VITIS_LOOP_47_1_fu_38,,module_status1698.csv
grp_EphemeralSecretAgreement_A_1_fu_283.grp_fpsub503_144_276_fu_949,grp_fpsub503_144_276_Pipeline_VITIS_LOOP_53_2_fu_49,,module_status1699.csv
grp_EphemeralSecretAgreement_A_1_fu_283,grp_fpsub503_145_fu_963,,module_status1700.csv
grp_EphemeralSecretAgreement_A_1_fu_283.grp_fpsub503_145_fu_963,grp_fpsub503_145_Pipeline_VITIS_LOOP_47_1_fu_48,,module_status1701.csv
grp_EphemeralSecretAgreement_A_1_fu_283.grp_fpsub503_145_fu_963,grp_fpsub503_145_Pipeline_VITIS_LOOP_53_2_fu_62,,module_status1702.csv
grp_EphemeralSecretAgreement_A_1_fu_283,grp_from_mont_1_fu_981,,module_status1703.csv
grp_EphemeralSecretAgreement_A_1_fu_283.grp_from_mont_1_fu_981,grp_from_mont_1_Pipeline_1_fu_30,,module_status1704.csv
grp_EphemeralSecretAgreement_A_1_fu_283.grp_from_mont_1_fu_981,grp_mp_mul_140_fu_36,,module_status1705.csv
grp_EphemeralSecretAgreement_A_1_fu_283.grp_from_mont_1_fu_981.grp_mp_mul_140_fu_36,grp_mp_mul_140_Pipeline_VITIS_LOOP_145_2_fu_104,,module_status1706.csv
grp_EphemeralSecretAgreement_A_1_fu_283.grp_from_mont_1_fu_981.grp_mp_mul_140_fu_36,grp_mp_mul_140_Pipeline_VITIS_LOOP_159_4_fu_117,,module_status1707.csv
grp_EphemeralSecretAgreement_A_1_fu_283.grp_from_mont_1_fu_981,grp_rdc_mont_1_fu_45,,module_status1708.csv
grp_EphemeralSecretAgreement_A_1_fu_283.grp_from_mont_1_fu_981.grp_rdc_mont_1_fu_45,grp_rdc_mont_1_Pipeline_VITIS_LOOP_182_1_fu_178,,module_status1709.csv
grp_EphemeralSecretAgreement_A_1_fu_283.grp_from_mont_1_fu_981.grp_rdc_mont_1_fu_45,grp_rdc_mont_1_Pipeline_VITIS_LOOP_187_3_fu_184,,module_status1710.csv
grp_EphemeralSecretAgreement_A_1_fu_283.grp_from_mont_1_fu_981.grp_rdc_mont_1_fu_45,grp_rdc_mont_1_Pipeline_VITIS_LOOP_208_5_fu_200,,module_status1711.csv
grp_EphemeralSecretAgreement_A_1_fu_283.grp_from_mont_1_fu_981,grp_from_mont_1_Pipeline_VITIS_LOOP_91_1_fu_54,,module_status1712.csv
grp_EphemeralSecretAgreement_A_1_fu_283.grp_from_mont_1_fu_981,grp_from_mont_1_Pipeline_VITIS_LOOP_97_2_fu_63,,module_status1713.csv
grp_EphemeralSecretAgreement_A_1_fu_283,grp_from_mont_3_fu_993,,module_status1714.csv
grp_EphemeralSecretAgreement_A_1_fu_283.grp_from_mont_3_fu_993,grp_from_mont_3_Pipeline_1_fu_32,,module_status1715.csv
grp_EphemeralSecretAgreement_A_1_fu_283.grp_from_mont_3_fu_993,grp_mp_mul_145_fu_38,,module_status1716.csv
grp_EphemeralSecretAgreement_A_1_fu_283.grp_from_mont_3_fu_993.grp_mp_mul_145_fu_38,grp_mp_mul_145_Pipeline_VITIS_LOOP_145_2_fu_126,,module_status1717.csv
grp_EphemeralSecretAgreement_A_1_fu_283.grp_from_mont_3_fu_993.grp_mp_mul_145_fu_38,grp_mp_mul_145_Pipeline_VITIS_LOOP_159_4_fu_142,,module_status1718.csv
grp_EphemeralSecretAgreement_A_1_fu_283.grp_from_mont_3_fu_993,grp_rdc_mont_2_fu_49,,module_status1719.csv
grp_EphemeralSecretAgreement_A_1_fu_283.grp_from_mont_3_fu_993.grp_rdc_mont_2_fu_49,grp_rdc_mont_2_Pipeline_VITIS_LOOP_182_1_fu_180,,module_status1720.csv
grp_EphemeralSecretAgreement_A_1_fu_283.grp_from_mont_3_fu_993.grp_rdc_mont_2_fu_49,grp_rdc_mont_2_Pipeline_VITIS_LOOP_187_3_fu_186,,module_status1721.csv
grp_EphemeralSecretAgreement_A_1_fu_283.grp_from_mont_3_fu_993.grp_rdc_mont_2_fu_49,grp_rdc_mont_2_Pipeline_VITIS_LOOP_208_5_fu_202,,module_status1722.csv
grp_EphemeralSecretAgreement_A_1_fu_283.grp_from_mont_3_fu_993,grp_from_mont_3_Pipeline_VITIS_LOOP_91_1_fu_58,,module_status1723.csv
grp_EphemeralSecretAgreement_A_1_fu_283.grp_from_mont_3_fu_993,grp_from_mont_3_Pipeline_VITIS_LOOP_97_2_fu_67,,module_status1724.csv
grp_EphemeralSecretAgreement_A_1_fu_283,grp_EphemeralSecretAgreement_A_1_Pipeline_VITIS_LOOP_42_1_fu_1005,,module_status1725.csv
,grp_cshake256_simple_32_clone_fu_311,,module_status1726.csv
grp_cshake256_simple_32_clone_fu_311,grp_cshake256_simple_32_clone_Pipeline_VITIS_LOOP_612_1_fu_66,,module_status1727.csv
grp_cshake256_simple_32_clone_fu_311,grp_KeccakF1600_StatePermute_fu_72,,module_status1728.csv
grp_cshake256_simple_32_clone_fu_311.grp_KeccakF1600_StatePermute_fu_72,grp_KeccakF1600_StatePermute_Pipeline_VITIS_LOOP_122_1_fu_396,,module_status1729.csv
grp_cshake256_simple_32_clone_fu_311,grp_cshake256_simple_32_clone_Pipeline_VITIS_LOOP_402_3_fu_79,,module_status1730.csv
grp_cshake256_simple_32_clone_fu_311,grp_cshake256_simple_32_clone_Pipeline_VITIS_LOOP_438_2_fu_92,,module_status1731.csv
grp_cshake256_simple_32_clone_fu_311,grp_cshake256_simple_32_clone_Pipeline_VITIS_LOOP_670_1_fu_101,,module_status1732.csv
,grp_sikep503_kem_enc_hw_Pipeline_VITIS_LOOP_59_1_fu_322,,module_status1733.csv
,grp_sikep503_kem_enc_hw_Pipeline_4_fu_334,,module_status1734.csv
,grp_cshake256_simple_1_fu_345,,module_status1735.csv
grp_cshake256_simple_1_fu_345,grp_cshake256_simple_1_Pipeline_VITIS_LOOP_612_1_fu_144,,module_status1736.csv
grp_cshake256_simple_1_fu_345,grp_KeccakF1600_StatePermute_fu_150,,module_status1737.csv
grp_cshake256_simple_1_fu_345.grp_KeccakF1600_StatePermute_fu_150,grp_KeccakF1600_StatePermute_Pipeline_VITIS_LOOP_122_1_fu_396,,module_status1738.csv
grp_cshake256_simple_1_fu_345,grp_cshake256_simple_1_Pipeline_VITIS_LOOP_393_2_fu_157,,module_status1739.csv
grp_cshake256_simple_1_fu_345,grp_cshake256_simple_1_Pipeline_VITIS_LOOP_402_3_fu_171,,module_status1740.csv
grp_cshake256_simple_1_fu_345,grp_cshake256_simple_1_Pipeline_VITIS_LOOP_438_2_fu_184,,module_status1741.csv
grp_cshake256_simple_1_fu_345,grp_cshake256_simple_1_Pipeline_VITIS_LOOP_670_1_fu_193,,module_status1742.csv
