

================================================================
== Vitis HLS Report for 'rdc_mont_2'
================================================================
* Date:           Tue May 27 14:12:03 2025

* Version:        2024.2.2 (Build 6049644 on Mar  5 2025)
* Project:        sikep503_hls
* Solution:       solution1 (Vivado IP Flow Target)
* Product family: zynq
* Target device:  xc7z020-clg484-1


================================================================
== Performance Estimates
================================================================
+ Timing: 
    * Summary: 
    +--------+----------+----------+------------+
    |  Clock |  Target  | Estimated| Uncertainty|
    +--------+----------+----------+------------+
    |ap_clk  |  10.00 ns|  7.040 ns|     2.70 ns|
    +--------+----------+----------+------------+

+ Latency: 
    * Summary: 
    +---------+---------+----------+----------+-----+-----+---------+
    |  Latency (cycles) |  Latency (absolute) |  Interval | Pipeline|
    |   min   |   max   |    min   |    max   | min | max |   Type  |
    +---------+---------+----------+----------+-----+-----+---------+
    |      190|      352|  1.900 us|  3.520 us|  190|  352|       no|
    +---------+---------+----------+----------+-----+-----+---------+

    + Detail: 
        * Instance: 
        +-------------------------------------------------+--------------------------------------+---------+---------+-----------+----------+-----+-----+------------------------------------------------+
        |                                                 |                                      |  Latency (cycles) |  Latency (absolute)  |  Interval |                    Pipeline                    |
        |                     Instance                    |                Module                |   min   |   max   |    min    |    max   | min | max |                      Type                      |
        +-------------------------------------------------+--------------------------------------+---------+---------+-----------+----------+-----+-----+------------------------------------------------+
        |grp_rdc_mont_2_Pipeline_VITIS_LOOP_182_1_fu_180  |rdc_mont_2_Pipeline_VITIS_LOOP_182_1  |       10|       10|   0.100 us|  0.100 us|    9|    9|  loop auto-rewind stp (delay=0 clock cycles(s))|
        |grp_rdc_mont_2_Pipeline_VITIS_LOOP_187_3_fu_186  |rdc_mont_2_Pipeline_VITIS_LOOP_187_3  |        2|       17|  20.000 ns|  0.170 us|    1|    8|  loop auto-rewind stp (delay=0 clock cycles(s))|
        |grp_rdc_mont_2_Pipeline_VITIS_LOOP_208_5_fu_202  |rdc_mont_2_Pipeline_VITIS_LOOP_208_5  |       11|       17|   0.110 us|  0.170 us|    2|    8|  loop auto-rewind stp (delay=0 clock cycles(s))|
        +-------------------------------------------------+--------------------------------------+---------+---------+-----------+----------+-----+-----+------------------------------------------------+

        * Loop: 
        +--------------------+---------+---------+----------+-----------+-----------+------+----------+
        |                    |  Latency (cycles) | Iteration|  Initiation Interval  | Trip |          |
        |      Loop Name     |   min   |   max   |  Latency |  achieved |   target  | Count| Pipelined|
        +--------------------+---------+---------+----------+-----------+-----------+------+----------+
        |- VITIS_LOOP_186_2  |       56|      176|    7 ~ 22|          -|          -|     8|        no|
        |- VITIS_LOOP_204_4  |      119|      161|   17 ~ 23|          -|          -|     7|        no|
        +--------------------+---------+---------+----------+-----------+-----------+------+----------+

============================================================
+ Verbose Summary: Synthesis Manager
============================================================
InlineROM: 1
ExposeGlobal: 0
============================================================
+ Verbose Summary: CDFG Model
============================================================
IsTopModel: 0
ResetActiveHigh: 1
IsCombinational: 0
IsDatapathOnly: 0
HasWiredReturn: 1
HasMFsm: 0
HasVarLatency: 1
IsPipeline: 0
IsRtlPipelined: 0
IsInstanceOverlapped: 0
IsDontTouch: 0
HasImplIP: 0
IsGatedGlobalClock: 0


============================================================
+ Verbose Summary: Schedule
============================================================
* Number of FSM states : 15
* Pipeline : 0
* Dataflow Pipeline: 0

* FSM state transitions: 
1 --> 2 
2 --> 3 
3 --> 4 8 
4 --> 5 
5 --> 6 
6 --> 7 
7 --> 3 
8 --> 9 14 
9 --> 10 
10 --> 11 
11 --> 12 
12 --> 13 
13 --> 8 
14 --> 15 
15 --> 

* FSM state operations: 

State 1 <SV = 0> <Delay = 1.58>
ST_1 : Operation 16 [1/1] (0.00ns)   --->   "%i_7 = alloca i32 1" [src/generic/fp_generic.c:179]   --->   Operation 16 'alloca' 'i_7' <Predicate = true> <Delay = 0.00>
ST_1 : Operation 17 [1/1] (0.00ns)   --->   "%u_024 = alloca i32 1" [src/generic/fp_generic.c:180]   --->   Operation 17 'alloca' 'u_024' <Predicate = true> <Delay = 0.00>
ST_1 : Operation 18 [1/1] (0.00ns)   --->   "%v_025 = alloca i32 1" [src/generic/fp_generic.c:180]   --->   Operation 18 'alloca' 'v_025' <Predicate = true> <Delay = 0.00>
ST_1 : Operation 19 [1/1] (0.00ns)   --->   "%t_20_loc = alloca i64 1"   --->   Operation 19 'alloca' 't_20_loc' <Predicate = true> <Delay = 0.00>
ST_1 : Operation 20 [1/1] (0.00ns)   --->   "%u_39_loc = alloca i64 1"   --->   Operation 20 'alloca' 'u_39_loc' <Predicate = true> <Delay = 0.00>
ST_1 : Operation 21 [1/1] (0.00ns)   --->   "%v_43_loc = alloca i64 1"   --->   Operation 21 'alloca' 'v_43_loc' <Predicate = true> <Delay = 0.00>
ST_1 : Operation 22 [1/1] (0.00ns)   --->   "%t_loc = alloca i64 1"   --->   Operation 22 'alloca' 't_loc' <Predicate = true> <Delay = 0.00>
ST_1 : Operation 23 [1/1] (0.00ns)   --->   "%u_35_loc = alloca i64 1"   --->   Operation 23 'alloca' 'u_35_loc' <Predicate = true> <Delay = 0.00>
ST_1 : Operation 24 [1/1] (0.00ns)   --->   "%v_39_loc = alloca i64 1"   --->   Operation 24 'alloca' 'v_39_loc' <Predicate = true> <Delay = 0.00>
ST_1 : Operation 25 [2/2] (0.00ns)   --->   "%call_ln0 = call void @rdc_mont.2_Pipeline_VITIS_LOOP_182_1, i64 %R_Z"   --->   Operation 25 'call' 'call_ln0' <Predicate = true> <Delay = 0.00> <CoreType = "Generic">   --->   Generic Core
ST_1 : Operation 26 [1/1] (1.58ns)   --->   "%store_ln180 = store i64 0, i64 %v_025" [src/generic/fp_generic.c:180]   --->   Operation 26 'store' 'store_ln180' <Predicate = true> <Delay = 1.58>
ST_1 : Operation 27 [1/1] (1.58ns)   --->   "%store_ln180 = store i64 0, i64 %u_024" [src/generic/fp_generic.c:180]   --->   Operation 27 'store' 'store_ln180' <Predicate = true> <Delay = 1.58>
ST_1 : Operation 28 [1/1] (1.58ns)   --->   "%store_ln179 = store i4 0, i4 %i_7" [src/generic/fp_generic.c:179]   --->   Operation 28 'store' 'store_ln179' <Predicate = true> <Delay = 1.58>

State 2 <SV = 1> <Delay = 4.91>
ST_2 : Operation 29 [1/2] (4.91ns)   --->   "%call_ln0 = call void @rdc_mont.2_Pipeline_VITIS_LOOP_182_1, i64 %R_Z"   --->   Operation 29 'call' 'call_ln0' <Predicate = true> <Delay = 4.91> <CoreType = "Generic">   --->   Generic Core
ST_2 : Operation 30 [1/1] (0.00ns)   --->   "%br_ln186 = br void %VITIS_LOOP_187_3" [src/generic/fp_generic.c:186]   --->   Operation 30 'br' 'br_ln186' <Predicate = true> <Delay = 0.00>

State 3 <SV = 2> <Delay = 5.70>
ST_3 : Operation 31 [1/1] (0.00ns)   --->   "%i = load i4 %i_7" [src/generic/fp_generic.c:186]   --->   Operation 31 'load' 'i' <Predicate = true> <Delay = 0.00>
ST_3 : Operation 32 [1/1] (0.00ns)   --->   "%u_36 = load i64 %u_024"   --->   Operation 32 'load' 'u_36' <Predicate = true> <Delay = 0.00>
ST_3 : Operation 33 [1/1] (0.00ns)   --->   "%v_40 = load i64 %v_025"   --->   Operation 33 'load' 'v_40' <Predicate = true> <Delay = 0.00>
ST_3 : Operation 34 [1/1] (1.73ns)   --->   "%icmp_ln186 = icmp_eq  i4 %i, i4 8" [src/generic/fp_generic.c:186]   --->   Operation 34 'icmp' 'icmp_ln186' <Predicate = true> <Delay = 1.73> <CoreInst = "Cmp">   --->   Core 9 'Cmp' <Latency = 0> <II = 1> <Delay = 1.73> <FuncUnit> <Opcode : 'seteq' 'setne' 'setle' 'setge' 'setlt' 'setgt'> <InPorts = 2> <OutPorts = 1>
ST_3 : Operation 35 [1/1] (1.73ns)   --->   "%add_ln186 = add i4 %i, i4 1" [src/generic/fp_generic.c:186]   --->   Operation 35 'add' 'add_ln186' <Predicate = true> <Delay = 1.73> <CoreInst = "Adder">   --->   Core 1 'Adder' <Latency = 0> <II = 1> <Delay = 1.73> <FuncUnit> <Opcode : 'add' 'sub'> <InPorts = 2> <OutPorts = 1>
ST_3 : Operation 36 [1/1] (0.00ns)   --->   "%br_ln186 = br i1 %icmp_ln186, void %VITIS_LOOP_187_3.split, void %for.body56.preheader" [src/generic/fp_generic.c:186]   --->   Operation 36 'br' 'br_ln186' <Predicate = true> <Delay = 0.00>
ST_3 : Operation 37 [1/1] (0.00ns)   --->   "%trunc_ln186 = trunc i4 %i" [src/generic/fp_generic.c:186]   --->   Operation 37 'trunc' 'trunc_ln186' <Predicate = (!icmp_ln186)> <Delay = 0.00>
ST_3 : Operation 38 [1/1] (0.00ns)   --->   "%zext_ln187 = zext i3 %trunc_ln186" [src/generic/fp_generic.c:187]   --->   Operation 38 'zext' 'zext_ln187' <Predicate = (!icmp_ln186)> <Delay = 0.00>
ST_3 : Operation 39 [1/1] (1.65ns)   --->   "%add_ln187 = add i4 %zext_ln187, i4 14" [src/generic/fp_generic.c:187]   --->   Operation 39 'add' 'add_ln187' <Predicate = (!icmp_ln186)> <Delay = 1.65> <CoreInst = "Adder">   --->   Core 1 'Adder' <Latency = 0> <II = 1> <Delay = 1.65> <FuncUnit> <Opcode : 'add' 'sub'> <InPorts = 2> <OutPorts = 1>
ST_3 : Operation 40 [2/2] (3.97ns)   --->   "%call_ln186 = call void @rdc_mont.2_Pipeline_VITIS_LOOP_187_3, i64 %v_40, i64 %u_36, i3 %trunc_ln186, i4 %add_ln187, i64 %R_Z, i3 %trunc_ln186, i64 %v_39_loc, i64 %u_35_loc, i64 %t_loc, i64 %p503p1_1" [src/generic/fp_generic.c:186]   --->   Operation 40 'call' 'call_ln186' <Predicate = (!icmp_ln186)> <Delay = 3.97> <CoreType = "Generic">   --->   Generic Core
ST_3 : Operation 41 [1/1] (1.58ns)   --->   "%store_ln179 = store i4 %add_ln186, i4 %i_7" [src/generic/fp_generic.c:179]   --->   Operation 41 'store' 'store_ln179' <Predicate = (!icmp_ln186)> <Delay = 1.58>
ST_3 : Operation 42 [1/1] (0.00ns)   --->   "%count = alloca i32 1" [src/generic/fp_generic.c:179]   --->   Operation 42 'alloca' 'count' <Predicate = (icmp_ln186)> <Delay = 0.00>
ST_3 : Operation 43 [1/1] (0.00ns)   --->   "%u = alloca i32 1" [src/generic/fp_generic.c:180]   --->   Operation 43 'alloca' 'u' <Predicate = (icmp_ln186)> <Delay = 0.00>
ST_3 : Operation 44 [1/1] (0.00ns)   --->   "%v_36 = alloca i32 1" [src/generic/fp_generic.c:180]   --->   Operation 44 'alloca' 'v_36' <Predicate = (icmp_ln186)> <Delay = 0.00>
ST_3 : Operation 45 [1/1] (0.00ns)   --->   "%indvars_iv = alloca i32 1"   --->   Operation 45 'alloca' 'indvars_iv' <Predicate = (icmp_ln186)> <Delay = 0.00>
ST_3 : Operation 46 [1/1] (0.00ns)   --->   "%i_8 = alloca i32 1" [src/generic/fp_generic.c:179]   --->   Operation 46 'alloca' 'i_8' <Predicate = (icmp_ln186)> <Delay = 0.00>
ST_3 : Operation 47 [1/1] (1.58ns)   --->   "%store_ln179 = store i4 8, i4 %i_8" [src/generic/fp_generic.c:179]   --->   Operation 47 'store' 'store_ln179' <Predicate = (icmp_ln186)> <Delay = 1.58>
ST_3 : Operation 48 [1/1] (1.58ns)   --->   "%store_ln0 = store i4 1, i4 %indvars_iv"   --->   Operation 48 'store' 'store_ln0' <Predicate = (icmp_ln186)> <Delay = 1.58>
ST_3 : Operation 49 [1/1] (1.58ns)   --->   "%store_ln180 = store i64 %v_40, i64 %v_36" [src/generic/fp_generic.c:180]   --->   Operation 49 'store' 'store_ln180' <Predicate = (icmp_ln186)> <Delay = 1.58>
ST_3 : Operation 50 [1/1] (1.58ns)   --->   "%store_ln180 = store i64 %u_36, i64 %u" [src/generic/fp_generic.c:180]   --->   Operation 50 'store' 'store_ln180' <Predicate = (icmp_ln186)> <Delay = 1.58>
ST_3 : Operation 51 [1/1] (1.58ns)   --->   "%store_ln179 = store i32 3, i32 %count" [src/generic/fp_generic.c:179]   --->   Operation 51 'store' 'store_ln179' <Predicate = (icmp_ln186)> <Delay = 1.58>
ST_3 : Operation 52 [1/1] (0.00ns)   --->   "%br_ln204 = br void %for.body56" [src/generic/fp_generic.c:204]   --->   Operation 52 'br' 'br_ln204' <Predicate = (icmp_ln186)> <Delay = 0.00>

State 4 <SV = 3> <Delay = 3.25>
ST_4 : Operation 53 [1/1] (0.00ns)   --->   "%zext_ln186 = zext i4 %i" [src/generic/fp_generic.c:186]   --->   Operation 53 'zext' 'zext_ln186' <Predicate = true> <Delay = 0.00>
ST_4 : Operation 54 [1/2] (0.00ns)   --->   "%call_ln186 = call void @rdc_mont.2_Pipeline_VITIS_LOOP_187_3, i64 %v_40, i64 %u_36, i3 %trunc_ln186, i4 %add_ln187, i64 %R_Z, i3 %trunc_ln186, i64 %v_39_loc, i64 %u_35_loc, i64 %t_loc, i64 %p503p1_1" [src/generic/fp_generic.c:186]   --->   Operation 54 'call' 'call_ln186' <Predicate = true> <Delay = 0.00> <CoreType = "Generic">   --->   Generic Core
ST_4 : Operation 55 [1/1] (0.00ns)   --->   "%ma_addr_7 = getelementptr i64 %ma, i64 0, i64 %zext_ln186" [src/generic/fp_generic.c:195]   --->   Operation 55 'getelementptr' 'ma_addr_7' <Predicate = true> <Delay = 0.00>
ST_4 : Operation 56 [2/2] (3.25ns)   --->   "%ma_load_7 = load i4 %ma_addr_7" [src/generic/fp_generic.c:195]   --->   Operation 56 'load' 'ma_load_7' <Predicate = true> <Delay = 3.25> <CoreInst = "RAM">   --->   Core 81 'RAM' <Latency = 1> <II = 1> <Delay = 3.25> <Storage> <Opcode : 'load' 'store'> <Ports = 2> <Width = 64> <Depth = 16> <RAM>

State 5 <SV = 4> <Delay = 6.77>
ST_5 : Operation 57 [1/1] (0.00ns)   --->   "%v_39_loc_load = load i64 %v_39_loc"   --->   Operation 57 'load' 'v_39_loc_load' <Predicate = true> <Delay = 0.00>
ST_5 : Operation 58 [1/2] ( I:3.25ns O:3.25ns )   --->   "%ma_load_7 = load i4 %ma_addr_7" [src/generic/fp_generic.c:195]   --->   Operation 58 'load' 'ma_load_7' <Predicate = true> <Delay = 3.25> <CoreInst = "RAM">   --->   Core 81 'RAM' <Latency = 1> <II = 1> <Delay = 3.25> <Storage> <Opcode : 'load' 'store'> <Ports = 2> <Width = 64> <Depth = 16> <RAM>
ST_5 : Operation 59 [1/1] (3.52ns)   --->   "%v_42 = add i64 %ma_load_7, i64 %v_39_loc_load" [src/generic/fp_generic.c:195]   --->   Operation 59 'add' 'v_42' <Predicate = true> <Delay = 3.52> <CoreInst = "Adder">   --->   Core 1 'Adder' <Latency = 0> <II = 1> <Delay = 3.52> <FuncUnit> <Opcode : 'add' 'sub'> <InPorts = 2> <OutPorts = 1>

State 6 <SV = 5> <Delay = 7.04>
ST_6 : Operation 60 [1/1] (0.00ns)   --->   "%u_35_loc_load = load i64 %u_35_loc"   --->   Operation 60 'load' 'u_35_loc_load' <Predicate = true> <Delay = 0.00>
ST_6 : Operation 61 [1/1] (0.00ns)   --->   "%t_loc_load = load i64 %t_loc"   --->   Operation 61 'load' 't_loc_load' <Predicate = true> <Delay = 0.00>
ST_6 : Operation 62 [1/1] (0.00ns) (grouped into LUT with out node v_46)   --->   "%xor_ln105 = xor i64 %v_39_loc_load, i64 %v_42" [src/config.h:105->src/generic/fp_generic.c:195]   --->   Operation 62 'xor' 'xor_ln105' <Predicate = true> <Delay = 0.00> <CoreInst = "LogicGate">   --->   Core 74 'LogicGate' <Latency = 0> <II = 1> <Delay = 0.99> <FuncUnit> <Opcode : 'and' 'or' 'xor'> <InPorts = 2> <OutPorts = 1>
ST_6 : Operation 63 [1/1] (0.00ns) (grouped into LUT with out node v_46)   --->   "%xor_ln105_64 = xor i64 %ma_load_7, i64 %v_39_loc_load" [src/config.h:105->src/generic/fp_generic.c:195]   --->   Operation 63 'xor' 'xor_ln105_64' <Predicate = true> <Delay = 0.00> <CoreInst = "LogicGate">   --->   Core 74 'LogicGate' <Latency = 0> <II = 1> <Delay = 0.99> <FuncUnit> <Opcode : 'and' 'or' 'xor'> <InPorts = 2> <OutPorts = 1>
ST_6 : Operation 64 [1/1] (0.00ns) (grouped into LUT with out node v_46)   --->   "%or_ln105 = or i64 %xor_ln105_64, i64 %xor_ln105" [src/config.h:105->src/generic/fp_generic.c:195]   --->   Operation 64 'or' 'or_ln105' <Predicate = true> <Delay = 0.00> <CoreInst = "LogicGate">   --->   Core 74 'LogicGate' <Latency = 0> <II = 1> <Delay = 0.99> <FuncUnit> <Opcode : 'and' 'or' 'xor'> <InPorts = 2> <OutPorts = 1>
ST_6 : Operation 65 [1/1] (0.00ns) (grouped into LUT with out node v_46)   --->   "%xor_ln105_65 = xor i64 %or_ln105, i64 %v_42" [src/config.h:105->src/generic/fp_generic.c:195]   --->   Operation 65 'xor' 'xor_ln105_65' <Predicate = true> <Delay = 0.00> <CoreInst = "LogicGate">   --->   Core 74 'LogicGate' <Latency = 0> <II = 1> <Delay = 0.99> <FuncUnit> <Opcode : 'and' 'or' 'xor'> <InPorts = 2> <OutPorts = 1>
ST_6 : Operation 66 [1/1] (0.00ns) (grouped into LUT with out node v_46)   --->   "%carry = bitselect i1 @_ssdm_op_BitSelect.i1.i64.i32, i64 %xor_ln105_65, i32 63" [src/config.h:105->src/generic/fp_generic.c:195]   --->   Operation 66 'bitselect' 'carry' <Predicate = true> <Delay = 0.00>
ST_6 : Operation 67 [1/1] (0.00ns) (grouped into LUT with out node v_46)   --->   "%zext_ln105 = zext i1 %carry" [src/config.h:105->src/generic/fp_generic.c:195]   --->   Operation 67 'zext' 'zext_ln105' <Predicate = true> <Delay = 0.00>
ST_6 : Operation 68 [1/1] (3.52ns) (out node of the LUT)   --->   "%v_46 = add i64 %u_35_loc_load, i64 %zext_ln105" [src/generic/fp_generic.c:196]   --->   Operation 68 'add' 'v_46' <Predicate = true> <Delay = 3.52> <CoreInst = "Adder">   --->   Core 1 'Adder' <Latency = 0> <II = 1> <Delay = 3.52> <FuncUnit> <Opcode : 'add' 'sub'> <InPorts = 2> <OutPorts = 1>
ST_6 : Operation 69 [1/1] (0.00ns) (grouped into LUT with out node u_41)   --->   "%bit_sel1 = bitselect i1 @_ssdm_op_BitSelect.i1.i64.i64, i64 %v_46, i64 63" [src/config.h:105->src/generic/fp_generic.c:196]   --->   Operation 69 'bitselect' 'bit_sel1' <Predicate = true> <Delay = 0.00>
ST_6 : Operation 70 [1/1] (0.00ns) (grouped into LUT with out node u_41)   --->   "%xor_ln105_66 = xor i1 %bit_sel1, i1 1" [src/config.h:105->src/generic/fp_generic.c:196]   --->   Operation 70 'xor' 'xor_ln105_66' <Predicate = true> <Delay = 0.00> <CoreInst = "LogicGate">   --->   Core 74 'LogicGate' <Latency = 0> <II = 1> <Delay = 0.97> <FuncUnit> <Opcode : 'and' 'or' 'xor'> <InPorts = 2> <OutPorts = 1>
ST_6 : Operation 71 [1/1] (0.00ns) (grouped into LUT with out node u_41)   --->   "%trunc_ln105 = trunc i64 %v_46" [src/config.h:105->src/generic/fp_generic.c:196]   --->   Operation 71 'trunc' 'trunc_ln105' <Predicate = true> <Delay = 0.00>
ST_6 : Operation 72 [1/1] (0.00ns) (grouped into LUT with out node u_41)   --->   "%xor_ln105_s = bitconcatenate i64 @_ssdm_op_BitConcatenate.i64.i1.i63, i1 %xor_ln105_66, i63 %trunc_ln105" [src/config.h:105->src/generic/fp_generic.c:196]   --->   Operation 72 'bitconcatenate' 'xor_ln105_s' <Predicate = true> <Delay = 0.00>
ST_6 : Operation 73 [1/1] (0.00ns) (grouped into LUT with out node u_41)   --->   "%and_ln105 = and i64 %u_35_loc_load, i64 %xor_ln105_s" [src/config.h:105->src/generic/fp_generic.c:196]   --->   Operation 73 'and' 'and_ln105' <Predicate = true> <Delay = 0.00> <CoreInst = "LogicGate">   --->   Core 74 'LogicGate' <Latency = 0> <II = 1> <Delay = 0.99> <FuncUnit> <Opcode : 'and' 'or' 'xor'> <InPorts = 2> <OutPorts = 1>
ST_6 : Operation 74 [1/1] (0.00ns) (grouped into LUT with out node u_41)   --->   "%carry_20 = bitselect i1 @_ssdm_op_BitSelect.i1.i64.i32, i64 %and_ln105, i32 63" [src/config.h:105->src/generic/fp_generic.c:196]   --->   Operation 74 'bitselect' 'carry_20' <Predicate = true> <Delay = 0.00>
ST_6 : Operation 75 [1/1] (0.00ns) (grouped into LUT with out node u_41)   --->   "%zext_ln105_21 = zext i1 %carry_20" [src/config.h:105->src/generic/fp_generic.c:196]   --->   Operation 75 'zext' 'zext_ln105_21' <Predicate = true> <Delay = 0.00>
ST_6 : Operation 76 [1/1] (3.52ns) (out node of the LUT)   --->   "%u_41 = add i64 %t_loc_load, i64 %zext_ln105_21" [src/generic/fp_generic.c:197]   --->   Operation 76 'add' 'u_41' <Predicate = true> <Delay = 3.52> <CoreInst = "Adder">   --->   Core 1 'Adder' <Latency = 0> <II = 1> <Delay = 3.52> <FuncUnit> <Opcode : 'add' 'sub'> <InPorts = 2> <OutPorts = 1>
ST_6 : Operation 77 [1/1] (0.00ns)   --->   "%zext_ln = bitconcatenate i4 @_ssdm_op_BitConcatenate.i4.i1.i3, i1 1, i3 %trunc_ln186" [src/generic/fp_generic.c:198]   --->   Operation 77 'bitconcatenate' 'zext_ln' <Predicate = true> <Delay = 0.00>
ST_6 : Operation 78 [1/1] (0.00ns)   --->   "%zext_ln198 = zext i4 %zext_ln" [src/generic/fp_generic.c:198]   --->   Operation 78 'zext' 'zext_ln198' <Predicate = true> <Delay = 0.00>
ST_6 : Operation 79 [1/1] (0.00ns)   --->   "%R_Z_addr = getelementptr i64 %R_Z, i64 0, i64 %zext_ln198" [src/generic/fp_generic.c:198]   --->   Operation 79 'getelementptr' 'R_Z_addr' <Predicate = true> <Delay = 0.00>
ST_6 : Operation 80 [1/1] ( I:3.25ns O:3.25ns )   --->   "%store_ln198 = store i64 %v_42, i4 %R_Z_addr" [src/generic/fp_generic.c:198]   --->   Operation 80 'store' 'store_ln198' <Predicate = true> <Delay = 3.25> <CoreInst = "RAM">   --->   Core 81 'RAM' <Latency = 1> <II = 1> <Delay = 3.25> <Storage> <Opcode : 'load' 'store'> <Ports = 2> <Width = 64> <Depth = 16> <RAM>
ST_6 : Operation 81 [1/1] (1.58ns)   --->   "%store_ln180 = store i64 %v_46, i64 %v_025" [src/generic/fp_generic.c:180]   --->   Operation 81 'store' 'store_ln180' <Predicate = true> <Delay = 1.58>

State 7 <SV = 6> <Delay = 1.58>
ST_7 : Operation 82 [1/1] (0.00ns)   --->   "%speclooptripcount_ln179 = speclooptripcount void @_ssdm_op_SpecLoopTripCount, i64 8, i64 8, i64 8" [src/generic/fp_generic.c:179]   --->   Operation 82 'speclooptripcount' 'speclooptripcount_ln179' <Predicate = true> <Delay = 0.00>
ST_7 : Operation 83 [1/1] (0.00ns)   --->   "%specloopname_ln186 = specloopname void @_ssdm_op_SpecLoopName, void @empty_39" [src/generic/fp_generic.c:186]   --->   Operation 83 'specloopname' 'specloopname_ln186' <Predicate = true> <Delay = 0.00>
ST_7 : Operation 84 [1/1] (1.58ns)   --->   "%store_ln180 = store i64 %u_41, i64 %u_024" [src/generic/fp_generic.c:180]   --->   Operation 84 'store' 'store_ln180' <Predicate = true> <Delay = 1.58>
ST_7 : Operation 85 [1/1] (0.00ns)   --->   "%br_ln186 = br void %VITIS_LOOP_187_3" [src/generic/fp_generic.c:186]   --->   Operation 85 'br' 'br_ln186' <Predicate = true> <Delay = 0.00>

State 8 <SV = 3> <Delay = 5.80>
ST_8 : Operation 86 [1/1] (0.00ns)   --->   "%i_9 = load i4 %i_8" [src/generic/fp_generic.c:204]   --->   Operation 86 'load' 'i_9' <Predicate = true> <Delay = 0.00>
ST_8 : Operation 87 [1/1] (1.73ns)   --->   "%icmp_ln204 = icmp_eq  i4 %i_9, i4 15" [src/generic/fp_generic.c:204]   --->   Operation 87 'icmp' 'icmp_ln204' <Predicate = true> <Delay = 1.73> <CoreInst = "Cmp">   --->   Core 9 'Cmp' <Latency = 0> <II = 1> <Delay = 1.73> <FuncUnit> <Opcode : 'seteq' 'setne' 'setle' 'setge' 'setlt' 'setgt'> <InPorts = 2> <OutPorts = 1>
ST_8 : Operation 88 [1/1] (0.00ns)   --->   "%br_ln204 = br i1 %icmp_ln204, void %for.body56.split, void %for.end120" [src/generic/fp_generic.c:204]   --->   Operation 88 'br' 'br_ln204' <Predicate = true> <Delay = 0.00>
ST_8 : Operation 89 [1/1] (0.00ns)   --->   "%count_load = load i32 %count" [src/generic/fp_generic.c:206]   --->   Operation 89 'load' 'count_load' <Predicate = (!icmp_ln204)> <Delay = 0.00>
ST_8 : Operation 90 [1/1] (2.55ns)   --->   "%icmp_ln205 = icmp_ne  i32 %count_load, i32 0" [src/generic/fp_generic.c:205]   --->   Operation 90 'icmp' 'icmp_ln205' <Predicate = (!icmp_ln204)> <Delay = 2.55> <CoreInst = "Cmp">   --->   Core 9 'Cmp' <Latency = 0> <II = 1> <Delay = 2.55> <FuncUnit> <Opcode : 'seteq' 'setne' 'setle' 'setge' 'setlt' 'setgt'> <InPorts = 2> <OutPorts = 1>
ST_8 : Operation 91 [1/1] (2.55ns)   --->   "%add_ln206 = add i32 %count_load, i32 4294967295" [src/generic/fp_generic.c:206]   --->   Operation 91 'add' 'add_ln206' <Predicate = (!icmp_ln204)> <Delay = 2.55> <CoreInst = "Adder">   --->   Core 1 'Adder' <Latency = 0> <II = 1> <Delay = 2.55> <FuncUnit> <Opcode : 'add' 'sub'> <InPorts = 2> <OutPorts = 1>
ST_8 : Operation 92 [1/1] (0.69ns)   --->   "%count_4 = select i1 %icmp_ln205, i32 %add_ln206, i32 0" [src/generic/fp_generic.c:205]   --->   Operation 92 'select' 'count_4' <Predicate = (!icmp_ln204)> <Delay = 0.69> <CoreInst = "Sel">   --->   Core 73 'Sel' <Latency = 0> <II = 1> <Delay = 0.69> <FuncUnit> <Opcode : 'select'> <InPorts = 3> <OutPorts = 1>
ST_8 : Operation 93 [1/1] (2.55ns)   --->   "%sub66 = sub i32 8, i32 %count_4" [src/generic/fp_generic.c:205]   --->   Operation 93 'sub' 'sub66' <Predicate = (!icmp_ln204)> <Delay = 2.55> <CoreInst = "Adder">   --->   Core 1 'Adder' <Latency = 0> <II = 1> <Delay = 2.55> <FuncUnit> <Opcode : 'add' 'sub'> <InPorts = 2> <OutPorts = 1>
ST_8 : Operation 94 [1/1] (1.73ns)   --->   "%add_ln204 = add i4 %i_9, i4 1" [src/generic/fp_generic.c:204]   --->   Operation 94 'add' 'add_ln204' <Predicate = (!icmp_ln204)> <Delay = 1.73> <CoreInst = "Adder">   --->   Core 1 'Adder' <Latency = 0> <II = 1> <Delay = 1.73> <FuncUnit> <Opcode : 'add' 'sub'> <InPorts = 2> <OutPorts = 1>
ST_8 : Operation 95 [1/1] (1.58ns)   --->   "%store_ln179 = store i4 %add_ln204, i4 %i_8" [src/generic/fp_generic.c:179]   --->   Operation 95 'store' 'store_ln179' <Predicate = (!icmp_ln204)> <Delay = 1.58>
ST_8 : Operation 96 [1/1] (1.58ns)   --->   "%store_ln179 = store i32 %count_4, i32 %count" [src/generic/fp_generic.c:179]   --->   Operation 96 'store' 'store_ln179' <Predicate = (!icmp_ln204)> <Delay = 1.58>
ST_8 : Operation 97 [1/1] (0.00ns)   --->   "%ma_addr = getelementptr i64 %ma, i64 0, i64 15" [src/generic/fp_generic.c:224]   --->   Operation 97 'getelementptr' 'ma_addr' <Predicate = (icmp_ln204)> <Delay = 0.00>
ST_8 : Operation 98 [2/2] (3.25ns)   --->   "%ma_load = load i4 %ma_addr" [src/generic/fp_generic.c:224]   --->   Operation 98 'load' 'ma_load' <Predicate = (icmp_ln204)> <Delay = 3.25> <CoreInst = "RAM">   --->   Core 81 'RAM' <Latency = 1> <II = 1> <Delay = 3.25> <Storage> <Opcode : 'load' 'store'> <Ports = 2> <Width = 64> <Depth = 16> <RAM>

State 9 <SV = 4> <Delay = 5.82>
ST_9 : Operation 99 [1/1] (0.00ns)   --->   "%u_load = load i64 %u"   --->   Operation 99 'load' 'u_load' <Predicate = true> <Delay = 0.00>
ST_9 : Operation 100 [1/1] (0.00ns)   --->   "%v_36_load_1 = load i64 %v_36"   --->   Operation 100 'load' 'v_36_load_1' <Predicate = true> <Delay = 0.00>
ST_9 : Operation 101 [1/1] (0.00ns)   --->   "%indvars_iv_load = load i4 %indvars_iv" [src/generic/fp_generic.c:204]   --->   Operation 101 'load' 'indvars_iv_load' <Predicate = true> <Delay = 0.00>
ST_9 : Operation 102 [1/1] (0.00ns)   --->   "%trunc_ln204 = trunc i4 %indvars_iv_load" [src/generic/fp_generic.c:204]   --->   Operation 102 'trunc' 'trunc_ln204' <Predicate = true> <Delay = 0.00>
ST_9 : Operation 103 [1/1] (0.00ns)   --->   "%trunc_ln204_5 = trunc i4 %i_9" [src/generic/fp_generic.c:204]   --->   Operation 103 'trunc' 'trunc_ln204_5' <Predicate = true> <Delay = 0.00>
ST_9 : Operation 104 [2/2] (5.82ns)   --->   "%call_ln204 = call void @rdc_mont.2_Pipeline_VITIS_LOOP_208_5, i3 %trunc_ln204, i64 %v_36_load_1, i64 %u_load, i32 %sub66, i64 %R_Z, i3 %trunc_ln204_5, i64 %v_43_loc, i64 %u_39_loc, i64 %t_20_loc, i64 %p503p1_1" [src/generic/fp_generic.c:204]   --->   Operation 104 'call' 'call_ln204' <Predicate = true> <Delay = 5.82> <CoreType = "Generic">   --->   Generic Core
ST_9 : Operation 105 [1/1] (1.73ns)   --->   "%add_ln204_4 = add i4 %indvars_iv_load, i4 1" [src/generic/fp_generic.c:204]   --->   Operation 105 'add' 'add_ln204_4' <Predicate = true> <Delay = 1.73> <CoreInst = "Adder">   --->   Core 1 'Adder' <Latency = 0> <II = 1> <Delay = 1.73> <FuncUnit> <Opcode : 'add' 'sub'> <InPorts = 2> <OutPorts = 1>
ST_9 : Operation 106 [1/1] (1.58ns)   --->   "%store_ln204 = store i4 %add_ln204_4, i4 %indvars_iv" [src/generic/fp_generic.c:204]   --->   Operation 106 'store' 'store_ln204' <Predicate = true> <Delay = 1.58>

State 10 <SV = 5> <Delay = 3.25>
ST_10 : Operation 107 [1/1] (0.00ns)   --->   "%zext_ln204 = zext i4 %i_9" [src/generic/fp_generic.c:204]   --->   Operation 107 'zext' 'zext_ln204' <Predicate = true> <Delay = 0.00>
ST_10 : Operation 108 [1/2] (0.00ns)   --->   "%call_ln204 = call void @rdc_mont.2_Pipeline_VITIS_LOOP_208_5, i3 %trunc_ln204, i64 %v_36_load_1, i64 %u_load, i32 %sub66, i64 %R_Z, i3 %trunc_ln204_5, i64 %v_43_loc, i64 %u_39_loc, i64 %t_20_loc, i64 %p503p1_1" [src/generic/fp_generic.c:204]   --->   Operation 108 'call' 'call_ln204' <Predicate = true> <Delay = 0.00> <CoreType = "Generic">   --->   Generic Core
ST_10 : Operation 109 [1/1] (0.00ns)   --->   "%ma_addr_8 = getelementptr i64 %ma, i64 0, i64 %zext_ln204" [src/generic/fp_generic.c:216]   --->   Operation 109 'getelementptr' 'ma_addr_8' <Predicate = true> <Delay = 0.00>
ST_10 : Operation 110 [2/2] (3.25ns)   --->   "%ma_load_8 = load i4 %ma_addr_8" [src/generic/fp_generic.c:216]   --->   Operation 110 'load' 'ma_load_8' <Predicate = true> <Delay = 3.25> <CoreInst = "RAM">   --->   Core 81 'RAM' <Latency = 1> <II = 1> <Delay = 3.25> <Storage> <Opcode : 'load' 'store'> <Ports = 2> <Width = 64> <Depth = 16> <RAM>

State 11 <SV = 6> <Delay = 6.77>
ST_11 : Operation 111 [1/1] (0.00ns)   --->   "%v_43_loc_load = load i64 %v_43_loc"   --->   Operation 111 'load' 'v_43_loc_load' <Predicate = true> <Delay = 0.00>
ST_11 : Operation 112 [1/2] ( I:3.25ns O:3.25ns )   --->   "%ma_load_8 = load i4 %ma_addr_8" [src/generic/fp_generic.c:216]   --->   Operation 112 'load' 'ma_load_8' <Predicate = true> <Delay = 3.25> <CoreInst = "RAM">   --->   Core 81 'RAM' <Latency = 1> <II = 1> <Delay = 3.25> <Storage> <Opcode : 'load' 'store'> <Ports = 2> <Width = 64> <Depth = 16> <RAM>
ST_11 : Operation 113 [1/1] (3.52ns)   --->   "%v_44 = add i64 %ma_load_8, i64 %v_43_loc_load" [src/generic/fp_generic.c:216]   --->   Operation 113 'add' 'v_44' <Predicate = true> <Delay = 3.52> <CoreInst = "Adder">   --->   Core 1 'Adder' <Latency = 0> <II = 1> <Delay = 3.52> <FuncUnit> <Opcode : 'add' 'sub'> <InPorts = 2> <OutPorts = 1>

State 12 <SV = 7> <Delay = 7.04>
ST_12 : Operation 114 [1/1] (0.00ns)   --->   "%u_39_loc_load = load i64 %u_39_loc"   --->   Operation 114 'load' 'u_39_loc_load' <Predicate = true> <Delay = 0.00>
ST_12 : Operation 115 [1/1] (0.00ns)   --->   "%t_20_loc_load = load i64 %t_20_loc"   --->   Operation 115 'load' 't_20_loc_load' <Predicate = true> <Delay = 0.00>
ST_12 : Operation 116 [1/1] (0.00ns) (grouped into LUT with out node tempReg)   --->   "%xor_ln105_67 = xor i64 %v_43_loc_load, i64 %v_44" [src/config.h:105->src/generic/fp_generic.c:216]   --->   Operation 116 'xor' 'xor_ln105_67' <Predicate = true> <Delay = 0.00> <CoreInst = "LogicGate">   --->   Core 74 'LogicGate' <Latency = 0> <II = 1> <Delay = 0.99> <FuncUnit> <Opcode : 'and' 'or' 'xor'> <InPorts = 2> <OutPorts = 1>
ST_12 : Operation 117 [1/1] (0.00ns) (grouped into LUT with out node tempReg)   --->   "%xor_ln105_68 = xor i64 %ma_load_8, i64 %v_43_loc_load" [src/config.h:105->src/generic/fp_generic.c:216]   --->   Operation 117 'xor' 'xor_ln105_68' <Predicate = true> <Delay = 0.00> <CoreInst = "LogicGate">   --->   Core 74 'LogicGate' <Latency = 0> <II = 1> <Delay = 0.99> <FuncUnit> <Opcode : 'and' 'or' 'xor'> <InPorts = 2> <OutPorts = 1>
ST_12 : Operation 118 [1/1] (0.00ns) (grouped into LUT with out node tempReg)   --->   "%or_ln105_12 = or i64 %xor_ln105_68, i64 %xor_ln105_67" [src/config.h:105->src/generic/fp_generic.c:216]   --->   Operation 118 'or' 'or_ln105_12' <Predicate = true> <Delay = 0.00> <CoreInst = "LogicGate">   --->   Core 74 'LogicGate' <Latency = 0> <II = 1> <Delay = 0.99> <FuncUnit> <Opcode : 'and' 'or' 'xor'> <InPorts = 2> <OutPorts = 1>
ST_12 : Operation 119 [1/1] (0.00ns) (grouped into LUT with out node tempReg)   --->   "%xor_ln105_69 = xor i64 %or_ln105_12, i64 %v_44" [src/config.h:105->src/generic/fp_generic.c:216]   --->   Operation 119 'xor' 'xor_ln105_69' <Predicate = true> <Delay = 0.00> <CoreInst = "LogicGate">   --->   Core 74 'LogicGate' <Latency = 0> <II = 1> <Delay = 0.99> <FuncUnit> <Opcode : 'and' 'or' 'xor'> <InPorts = 2> <OutPorts = 1>
ST_12 : Operation 120 [1/1] (0.00ns) (grouped into LUT with out node tempReg)   --->   "%carry_21 = bitselect i1 @_ssdm_op_BitSelect.i1.i64.i32, i64 %xor_ln105_69, i32 63" [src/config.h:105->src/generic/fp_generic.c:216]   --->   Operation 120 'bitselect' 'carry_21' <Predicate = true> <Delay = 0.00>
ST_12 : Operation 121 [1/1] (0.00ns) (grouped into LUT with out node tempReg)   --->   "%zext_ln105_22 = zext i1 %carry_21" [src/config.h:105->src/generic/fp_generic.c:216]   --->   Operation 121 'zext' 'zext_ln105_22' <Predicate = true> <Delay = 0.00>
ST_12 : Operation 122 [1/1] (3.52ns) (out node of the LUT)   --->   "%tempReg = add i64 %u_39_loc_load, i64 %zext_ln105_22" [src/generic/fp_generic.c:217]   --->   Operation 122 'add' 'tempReg' <Predicate = true> <Delay = 3.52> <CoreInst = "Adder">   --->   Core 1 'Adder' <Latency = 0> <II = 1> <Delay = 3.52> <FuncUnit> <Opcode : 'add' 'sub'> <InPorts = 2> <OutPorts = 1>
ST_12 : Operation 123 [1/1] (0.00ns) (grouped into LUT with out node t)   --->   "%bit_sel2 = bitselect i1 @_ssdm_op_BitSelect.i1.i64.i64, i64 %tempReg, i64 63" [src/config.h:105->src/generic/fp_generic.c:217]   --->   Operation 123 'bitselect' 'bit_sel2' <Predicate = true> <Delay = 0.00>
ST_12 : Operation 124 [1/1] (0.00ns) (grouped into LUT with out node t)   --->   "%xor_ln105_70 = xor i1 %bit_sel2, i1 1" [src/config.h:105->src/generic/fp_generic.c:217]   --->   Operation 124 'xor' 'xor_ln105_70' <Predicate = true> <Delay = 0.00> <CoreInst = "LogicGate">   --->   Core 74 'LogicGate' <Latency = 0> <II = 1> <Delay = 0.97> <FuncUnit> <Opcode : 'and' 'or' 'xor'> <InPorts = 2> <OutPorts = 1>
ST_12 : Operation 125 [1/1] (0.00ns) (grouped into LUT with out node t)   --->   "%trunc_ln105_14 = trunc i64 %tempReg" [src/config.h:105->src/generic/fp_generic.c:217]   --->   Operation 125 'trunc' 'trunc_ln105_14' <Predicate = true> <Delay = 0.00>
ST_12 : Operation 126 [1/1] (0.00ns) (grouped into LUT with out node t)   --->   "%xor_ln105_3 = bitconcatenate i64 @_ssdm_op_BitConcatenate.i64.i1.i63, i1 %xor_ln105_70, i63 %trunc_ln105_14" [src/config.h:105->src/generic/fp_generic.c:217]   --->   Operation 126 'bitconcatenate' 'xor_ln105_3' <Predicate = true> <Delay = 0.00>
ST_12 : Operation 127 [1/1] (0.00ns) (grouped into LUT with out node t)   --->   "%and_ln105_4 = and i64 %u_39_loc_load, i64 %xor_ln105_3" [src/config.h:105->src/generic/fp_generic.c:217]   --->   Operation 127 'and' 'and_ln105_4' <Predicate = true> <Delay = 0.00> <CoreInst = "LogicGate">   --->   Core 74 'LogicGate' <Latency = 0> <II = 1> <Delay = 0.99> <FuncUnit> <Opcode : 'and' 'or' 'xor'> <InPorts = 2> <OutPorts = 1>
ST_12 : Operation 128 [1/1] (0.00ns) (grouped into LUT with out node t)   --->   "%carry_22 = bitselect i1 @_ssdm_op_BitSelect.i1.i64.i32, i64 %and_ln105_4, i32 63" [src/config.h:105->src/generic/fp_generic.c:217]   --->   Operation 128 'bitselect' 'carry_22' <Predicate = true> <Delay = 0.00>
ST_12 : Operation 129 [1/1] (0.00ns) (grouped into LUT with out node t)   --->   "%zext_ln105_23 = zext i1 %carry_22" [src/config.h:105->src/generic/fp_generic.c:217]   --->   Operation 129 'zext' 'zext_ln105_23' <Predicate = true> <Delay = 0.00>
ST_12 : Operation 130 [1/1] (3.52ns) (out node of the LUT)   --->   "%t = add i64 %t_20_loc_load, i64 %zext_ln105_23" [src/generic/fp_generic.c:218]   --->   Operation 130 'add' 't' <Predicate = true> <Delay = 3.52> <CoreInst = "Adder">   --->   Core 1 'Adder' <Latency = 0> <II = 1> <Delay = 3.52> <FuncUnit> <Opcode : 'add' 'sub'> <InPorts = 2> <OutPorts = 1>
ST_12 : Operation 131 [1/1] (0.00ns)   --->   "%R_Z_addr_2 = getelementptr i64 %R_Z, i64 0, i64 %zext_ln204" [src/generic/fp_generic.c:219]   --->   Operation 131 'getelementptr' 'R_Z_addr_2' <Predicate = true> <Delay = 0.00>
ST_12 : Operation 132 [1/1] ( I:3.25ns O:3.25ns )   --->   "%store_ln219 = store i64 %v_44, i4 %R_Z_addr_2" [src/generic/fp_generic.c:219]   --->   Operation 132 'store' 'store_ln219' <Predicate = true> <Delay = 3.25> <CoreInst = "RAM">   --->   Core 81 'RAM' <Latency = 1> <II = 1> <Delay = 3.25> <Storage> <Opcode : 'load' 'store'> <Ports = 2> <Width = 64> <Depth = 16> <RAM>
ST_12 : Operation 133 [1/1] (1.58ns)   --->   "%store_ln180 = store i64 %tempReg, i64 %v_36" [src/generic/fp_generic.c:180]   --->   Operation 133 'store' 'store_ln180' <Predicate = true> <Delay = 1.58>

State 13 <SV = 8> <Delay = 1.58>
ST_13 : Operation 134 [1/1] (0.00ns)   --->   "%speclooptripcount_ln179 = speclooptripcount void @_ssdm_op_SpecLoopTripCount, i64 7, i64 7, i64 7" [src/generic/fp_generic.c:179]   --->   Operation 134 'speclooptripcount' 'speclooptripcount_ln179' <Predicate = true> <Delay = 0.00>
ST_13 : Operation 135 [1/1] (0.00ns)   --->   "%specloopname_ln204 = specloopname void @_ssdm_op_SpecLoopName, void @empty_97" [src/generic/fp_generic.c:204]   --->   Operation 135 'specloopname' 'specloopname_ln204' <Predicate = true> <Delay = 0.00>
ST_13 : Operation 136 [1/1] (1.58ns)   --->   "%store_ln180 = store i64 %t, i64 %u" [src/generic/fp_generic.c:180]   --->   Operation 136 'store' 'store_ln180' <Predicate = true> <Delay = 1.58>
ST_13 : Operation 137 [1/1] (0.00ns)   --->   "%br_ln204 = br void %for.body56" [src/generic/fp_generic.c:204]   --->   Operation 137 'br' 'br_ln204' <Predicate = true> <Delay = 0.00>

State 14 <SV = 4> <Delay = 3.25>
ST_14 : Operation 138 [1/2] ( I:3.25ns O:3.25ns )   --->   "%ma_load = load i4 %ma_addr" [src/generic/fp_generic.c:224]   --->   Operation 138 'load' 'ma_load' <Predicate = true> <Delay = 3.25> <CoreInst = "RAM">   --->   Core 81 'RAM' <Latency = 1> <II = 1> <Delay = 3.25> <Storage> <Opcode : 'load' 'store'> <Ports = 2> <Width = 64> <Depth = 16> <RAM>

State 15 <SV = 5> <Delay = 6.77>
ST_15 : Operation 139 [1/1] (0.00ns)   --->   "%v_36_load = load i64 %v_36" [src/generic/fp_generic.c:224]   --->   Operation 139 'load' 'v_36_load' <Predicate = true> <Delay = 0.00>
ST_15 : Operation 140 [1/1] (3.52ns)   --->   "%v = add i64 %ma_load, i64 %v_36_load" [src/generic/fp_generic.c:224]   --->   Operation 140 'add' 'v' <Predicate = true> <Delay = 3.52> <CoreInst = "Adder">   --->   Core 1 'Adder' <Latency = 0> <II = 1> <Delay = 3.52> <FuncUnit> <Opcode : 'add' 'sub'> <InPorts = 2> <OutPorts = 1>
ST_15 : Operation 141 [1/1] (0.00ns)   --->   "%R_Z_addr_1 = getelementptr i64 %R_Z, i64 0, i64 15" [src/generic/fp_generic.c:225]   --->   Operation 141 'getelementptr' 'R_Z_addr_1' <Predicate = true> <Delay = 0.00>
ST_15 : Operation 142 [1/1] ( I:3.25ns O:3.25ns )   --->   "%store_ln225 = store i64 %v, i4 %R_Z_addr_1" [src/generic/fp_generic.c:225]   --->   Operation 142 'store' 'store_ln225' <Predicate = true> <Delay = 3.25> <CoreInst = "RAM">   --->   Core 81 'RAM' <Latency = 1> <II = 1> <Delay = 3.25> <Storage> <Opcode : 'load' 'store'> <Ports = 2> <Width = 64> <Depth = 16> <RAM>
ST_15 : Operation 143 [1/1] (0.00ns)   --->   "%ret_ln226 = ret" [src/generic/fp_generic.c:226]   --->   Operation 143 'ret' 'ret_ln226' <Predicate = true> <Delay = 0.00>


============================================================
+ Verbose Summary: Binding
============================================================
STG Binding: 
---------------- STG Properties BEGIN ----------------
- Is combinational: 0
- Is one-state seq: 0
- Is datapath-only: 0
- Is pipelined: 0
- Is top level: 0
Port [ Return ] is wired: 1; IO mode=ap_ctrl_hs:ce=0
Port [ ma]:  wired=1; compound=1; hidden=0; nouse=0; global=0; static=0; extern=0; dir=0; type=1; pingpong=0; private_global=0; MemPort=[13]; IO mode=ap_memory:ce=0
Port [ R_Z]:  wired=1; compound=1; hidden=0; nouse=0; global=0; static=0; extern=0; dir=2; type=1; pingpong=0; private_global=0; MemPort=[23]; IO mode=ap_memory:ce=0
Port [ p503p1_1]:  wired=0; compound=1; hidden=1; nouse=1; global=1; static=1; extern=0; dir=0; type=1; pingpong=0; private_global=0; MemPort=[1]; IO mode=ap_memory:ce=0
---------------- STG Properties END ------------------

---------------- Datapath Model BEGIN ----------------

<LifeTime>
<method=bitvector/>
i_7                     (alloca           ) [ 0111111100000000]
u_024                   (alloca           ) [ 0111111100000000]
v_025                   (alloca           ) [ 0111111100000000]
t_20_loc                (alloca           ) [ 0011111111111100]
u_39_loc                (alloca           ) [ 0011111111111100]
v_43_loc                (alloca           ) [ 0011111111111100]
t_loc                   (alloca           ) [ 0011111100000000]
u_35_loc                (alloca           ) [ 0011111100000000]
v_39_loc                (alloca           ) [ 0011111100000000]
store_ln180             (store            ) [ 0000000000000000]
store_ln180             (store            ) [ 0000000000000000]
store_ln179             (store            ) [ 0000000000000000]
call_ln0                (call             ) [ 0000000000000000]
br_ln186                (br               ) [ 0000000000000000]
i                       (load             ) [ 0000100000000000]
u_36                    (load             ) [ 0000100000000000]
v_40                    (load             ) [ 0000100000000000]
icmp_ln186              (icmp             ) [ 0001111100000000]
add_ln186               (add              ) [ 0000000000000000]
br_ln186                (br               ) [ 0000000000000000]
trunc_ln186             (trunc            ) [ 0000111000000000]
zext_ln187              (zext             ) [ 0000000000000000]
add_ln187               (add              ) [ 0000100000000000]
store_ln179             (store            ) [ 0000000000000000]
count                   (alloca           ) [ 0001111111111100]
u                       (alloca           ) [ 0001111111111100]
v_36                    (alloca           ) [ 0001111111111111]
indvars_iv              (alloca           ) [ 0001111111111100]
i_8                     (alloca           ) [ 0001111111111100]
store_ln179             (store            ) [ 0000000000000000]
store_ln0               (store            ) [ 0000000000000000]
store_ln180             (store            ) [ 0000000000000000]
store_ln180             (store            ) [ 0000000000000000]
store_ln179             (store            ) [ 0000000000000000]
br_ln204                (br               ) [ 0000000000000000]
zext_ln186              (zext             ) [ 0000000000000000]
call_ln186              (call             ) [ 0000000000000000]
ma_addr_7               (getelementptr    ) [ 0000010000000000]
v_39_loc_load           (load             ) [ 0000001000000000]
ma_load_7               (load             ) [ 0000001000000000]
v_42                    (add              ) [ 0000001000000000]
u_35_loc_load           (load             ) [ 0000000000000000]
t_loc_load              (load             ) [ 0000000000000000]
xor_ln105               (xor              ) [ 0000000000000000]
xor_ln105_64            (xor              ) [ 0000000000000000]
or_ln105                (or               ) [ 0000000000000000]
xor_ln105_65            (xor              ) [ 0000000000000000]
carry                   (bitselect        ) [ 0000000000000000]
zext_ln105              (zext             ) [ 0000000000000000]
v_46                    (add              ) [ 0000000000000000]
bit_sel1                (bitselect        ) [ 0000000000000000]
xor_ln105_66            (xor              ) [ 0000000000000000]
trunc_ln105             (trunc            ) [ 0000000000000000]
xor_ln105_s             (bitconcatenate   ) [ 0000000000000000]
and_ln105               (and              ) [ 0000000000000000]
carry_20                (bitselect        ) [ 0000000000000000]
zext_ln105_21           (zext             ) [ 0000000000000000]
u_41                    (add              ) [ 0000000100000000]
zext_ln                 (bitconcatenate   ) [ 0000000000000000]
zext_ln198              (zext             ) [ 0000000000000000]
R_Z_addr                (getelementptr    ) [ 0000000000000000]
store_ln198             (store            ) [ 0000000000000000]
store_ln180             (store            ) [ 0000000000000000]
speclooptripcount_ln179 (speclooptripcount) [ 0000000000000000]
specloopname_ln186      (specloopname     ) [ 0000000000000000]
store_ln180             (store            ) [ 0000000000000000]
br_ln186                (br               ) [ 0000000000000000]
i_9                     (load             ) [ 0000000001100000]
icmp_ln204              (icmp             ) [ 0000000011111100]
br_ln204                (br               ) [ 0000000000000000]
count_load              (load             ) [ 0000000000000000]
icmp_ln205              (icmp             ) [ 0000000000000000]
add_ln206               (add              ) [ 0000000000000000]
count_4                 (select           ) [ 0000000000000000]
sub66                   (sub              ) [ 0000000001100000]
add_ln204               (add              ) [ 0000000000000000]
store_ln179             (store            ) [ 0000000000000000]
store_ln179             (store            ) [ 0000000000000000]
ma_addr                 (getelementptr    ) [ 0000000000000010]
u_load                  (load             ) [ 0000000000100000]
v_36_load_1             (load             ) [ 0000000000100000]
indvars_iv_load         (load             ) [ 0000000000000000]
trunc_ln204             (trunc            ) [ 0000000000100000]
trunc_ln204_5           (trunc            ) [ 0000000000100000]
add_ln204_4             (add              ) [ 0000000000000000]
store_ln204             (store            ) [ 0000000000000000]
zext_ln204              (zext             ) [ 0000000000011000]
call_ln204              (call             ) [ 0000000000000000]
ma_addr_8               (getelementptr    ) [ 0000000000010000]
v_43_loc_load           (load             ) [ 0000000000001000]
ma_load_8               (load             ) [ 0000000000001000]
v_44                    (add              ) [ 0000000000001000]
u_39_loc_load           (load             ) [ 0000000000000000]
t_20_loc_load           (load             ) [ 0000000000000000]
xor_ln105_67            (xor              ) [ 0000000000000000]
xor_ln105_68            (xor              ) [ 0000000000000000]
or_ln105_12             (or               ) [ 0000000000000000]
xor_ln105_69            (xor              ) [ 0000000000000000]
carry_21                (bitselect        ) [ 0000000000000000]
zext_ln105_22           (zext             ) [ 0000000000000000]
tempReg                 (add              ) [ 0000000000000000]
bit_sel2                (bitselect        ) [ 0000000000000000]
xor_ln105_70            (xor              ) [ 0000000000000000]
trunc_ln105_14          (trunc            ) [ 0000000000000000]
xor_ln105_3             (bitconcatenate   ) [ 0000000000000000]
and_ln105_4             (and              ) [ 0000000000000000]
carry_22                (bitselect        ) [ 0000000000000000]
zext_ln105_23           (zext             ) [ 0000000000000000]
t                       (add              ) [ 0000000000000100]
R_Z_addr_2              (getelementptr    ) [ 0000000000000000]
store_ln219             (store            ) [ 0000000000000000]
store_ln180             (store            ) [ 0000000000000000]
speclooptripcount_ln179 (speclooptripcount) [ 0000000000000000]
specloopname_ln204      (specloopname     ) [ 0000000000000000]
store_ln180             (store            ) [ 0000000000000000]
br_ln204                (br               ) [ 0000000000000000]
ma_load                 (load             ) [ 0000000000000001]
v_36_load               (load             ) [ 0000000000000000]
v                       (add              ) [ 0000000000000000]
R_Z_addr_1              (getelementptr    ) [ 0000000000000000]
store_ln225             (store            ) [ 0000000000000000]
ret_ln226               (ret              ) [ 0000000000000000]
</LifeTime>

<model>

<comp_list>
<comp id="0" class="1000" name="ma">
<pin_list>
<pin id="1" dir="1" index="0" bw="1" slack="0"/>
</pin_list>
<bind>
<StgValue><ssdm name="ma"/><MemPortTyVec>1 3 </MemPortTyVec>
</StgValue>
</bind>
</comp>

<comp id="2" class="1000" name="R_Z">
<pin_list>
<pin id="3" dir="1" index="0" bw="1" slack="0"/>
</pin_list>
<bind>
<StgValue><ssdm name="R_Z"/><MemPortTyVec>2 3 </MemPortTyVec>
</StgValue>
</bind>
</comp>

<comp id="4" class="1000" name="p503p1_1">
<pin_list>
<pin id="5" dir="1" index="0" bw="1" slack="0"/>
</pin_list>
<bind>
<StgValue><ssdm name="p503p1_1"/><MemPortTyVec>1 </MemPortTyVec>
</StgValue>
</bind>
</comp>

<comp id="6" class="1001" name="const_6">
<pin_list>
<pin id="7" dir="1" index="0" bw="1" slack="0"/>
</pin_list>
<bind>
<StgValue><ssdm name=""/></StgValue>
</bind>
</comp>

<comp id="8" class="1001" name="const_8">
<pin_list>
<pin id="9" dir="1" index="0" bw="1" slack="0"/>
</pin_list>
<bind>
<StgValue><ssdm name=""/></StgValue>
</bind>
</comp>

<comp id="10" class="1001" name="const_10">
<pin_list>
<pin id="11" dir="1" index="0" bw="1" slack="0"/>
</pin_list>
<bind>
<StgValue><ssdm name="rdc_mont.2_Pipeline_VITIS_LOOP_182_1"/></StgValue>
</bind>
</comp>

<comp id="12" class="1001" name="const_12">
<pin_list>
<pin id="13" dir="1" index="0" bw="1" slack="0"/>
</pin_list>
<bind>
<StgValue><ssdm name=""/></StgValue>
</bind>
</comp>

<comp id="14" class="1001" name="const_14">
<pin_list>
<pin id="15" dir="1" index="0" bw="1" slack="0"/>
</pin_list>
<bind>
<StgValue><ssdm name=""/></StgValue>
</bind>
</comp>

<comp id="16" class="1001" name="const_16">
<pin_list>
<pin id="17" dir="1" index="0" bw="1" slack="0"/>
</pin_list>
<bind>
<StgValue><ssdm name=""/></StgValue>
</bind>
</comp>

<comp id="18" class="1001" name="const_18">
<pin_list>
<pin id="19" dir="1" index="0" bw="1" slack="0"/>
</pin_list>
<bind>
<StgValue><ssdm name=""/></StgValue>
</bind>
</comp>

<comp id="20" class="1001" name="const_20">
<pin_list>
<pin id="21" dir="1" index="0" bw="1" slack="0"/>
</pin_list>
<bind>
<StgValue><ssdm name=""/></StgValue>
</bind>
</comp>

<comp id="22" class="1001" name="const_22">
<pin_list>
<pin id="23" dir="1" index="0" bw="1" slack="0"/>
</pin_list>
<bind>
<StgValue><ssdm name="rdc_mont.2_Pipeline_VITIS_LOOP_187_3"/></StgValue>
</bind>
</comp>

<comp id="24" class="1001" name="const_24">
<pin_list>
<pin id="25" dir="1" index="0" bw="1" slack="0"/>
</pin_list>
<bind>
<StgValue><ssdm name=""/></StgValue>
</bind>
</comp>

<comp id="26" class="1001" name="const_26">
<pin_list>
<pin id="27" dir="1" index="0" bw="1" slack="0"/>
</pin_list>
<bind>
<StgValue><ssdm name="_ssdm_op_BitSelect.i1.i64.i32"/></StgValue>
</bind>
</comp>

<comp id="28" class="1001" name="const_28">
<pin_list>
<pin id="29" dir="1" index="0" bw="1" slack="0"/>
</pin_list>
<bind>
<StgValue><ssdm name=""/></StgValue>
</bind>
</comp>

<comp id="30" class="1001" name="const_30">
<pin_list>
<pin id="31" dir="1" index="0" bw="1" slack="0"/>
</pin_list>
<bind>
<StgValue><ssdm name="_ssdm_op_BitSelect.i1.i64.i64"/></StgValue>
</bind>
</comp>

<comp id="32" class="1001" name="const_32">
<pin_list>
<pin id="33" dir="1" index="0" bw="1" slack="0"/>
</pin_list>
<bind>
<StgValue><ssdm name=""/></StgValue>
</bind>
</comp>

<comp id="34" class="1001" name="const_34">
<pin_list>
<pin id="35" dir="1" index="0" bw="1" slack="0"/>
</pin_list>
<bind>
<StgValue><ssdm name=""/></StgValue>
</bind>
</comp>

<comp id="36" class="1001" name="const_36">
<pin_list>
<pin id="37" dir="1" index="0" bw="1" slack="0"/>
</pin_list>
<bind>
<StgValue><ssdm name="_ssdm_op_BitConcatenate.i64.i1.i63"/></StgValue>
</bind>
</comp>

<comp id="38" class="1001" name="const_38">
<pin_list>
<pin id="39" dir="1" index="0" bw="1" slack="0"/>
</pin_list>
<bind>
<StgValue><ssdm name="_ssdm_op_BitConcatenate.i4.i1.i3"/></StgValue>
</bind>
</comp>

<comp id="40" class="1001" name="const_40">
<pin_list>
<pin id="41" dir="1" index="0" bw="1" slack="2147483647"/>
</pin_list>
<bind>
<StgValue><ssdm name="_ssdm_op_SpecLoopTripCount"/></StgValue>
</bind>
</comp>

<comp id="42" class="1001" name="const_42">
<pin_list>
<pin id="43" dir="1" index="0" bw="1" slack="2147483647"/>
</pin_list>
<bind>
<StgValue><ssdm name=""/></StgValue>
</bind>
</comp>

<comp id="44" class="1001" name="const_44">
<pin_list>
<pin id="45" dir="1" index="0" bw="1" slack="2147483647"/>
</pin_list>
<bind>
<StgValue><ssdm name="_ssdm_op_SpecLoopName"/></StgValue>
</bind>
</comp>

<comp id="46" class="1001" name="const_46">
<pin_list>
<pin id="47" dir="1" index="0" bw="1" slack="2147483647"/>
</pin_list>
<bind>
<StgValue><ssdm name="empty_39"/></StgValue>
</bind>
</comp>

<comp id="48" class="1001" name="const_48">
<pin_list>
<pin id="49" dir="1" index="0" bw="1" slack="0"/>
</pin_list>
<bind>
<StgValue><ssdm name=""/></StgValue>
</bind>
</comp>

<comp id="50" class="1001" name="const_50">
<pin_list>
<pin id="51" dir="1" index="0" bw="1" slack="0"/>
</pin_list>
<bind>
<StgValue><ssdm name=""/></StgValue>
</bind>
</comp>

<comp id="52" class="1001" name="const_52">
<pin_list>
<pin id="53" dir="1" index="0" bw="1" slack="0"/>
</pin_list>
<bind>
<StgValue><ssdm name=""/></StgValue>
</bind>
</comp>

<comp id="54" class="1001" name="const_54">
<pin_list>
<pin id="55" dir="1" index="0" bw="1" slack="0"/>
</pin_list>
<bind>
<StgValue><ssdm name=""/></StgValue>
</bind>
</comp>

<comp id="56" class="1001" name="const_56">
<pin_list>
<pin id="57" dir="1" index="0" bw="1" slack="0"/>
</pin_list>
<bind>
<StgValue><ssdm name=""/></StgValue>
</bind>
</comp>

<comp id="58" class="1001" name="const_58">
<pin_list>
<pin id="59" dir="1" index="0" bw="1" slack="0"/>
</pin_list>
<bind>
<StgValue><ssdm name="rdc_mont.2_Pipeline_VITIS_LOOP_208_5"/></StgValue>
</bind>
</comp>

<comp id="60" class="1001" name="const_60">
<pin_list>
<pin id="61" dir="1" index="0" bw="1" slack="2147483647"/>
</pin_list>
<bind>
<StgValue><ssdm name=""/></StgValue>
</bind>
</comp>

<comp id="62" class="1001" name="const_62">
<pin_list>
<pin id="63" dir="1" index="0" bw="1" slack="2147483647"/>
</pin_list>
<bind>
<StgValue><ssdm name="empty_97"/></StgValue>
</bind>
</comp>

<comp id="64" class="1004" name="i_7_fu_64">
<pin_list>
<pin id="65" dir="0" index="0" bw="1" slack="0"/>
<pin id="66" dir="1" index="1" bw="4" slack="0"/>
</pin_list>
<bind>
<opcode="alloca(26) " fcode="alloca"/>
<opset="i_7/1 "/>
</bind>
</comp>

<comp id="68" class="1004" name="u_024_fu_68">
<pin_list>
<pin id="69" dir="0" index="0" bw="1" slack="0"/>
<pin id="70" dir="1" index="1" bw="64" slack="0"/>
</pin_list>
<bind>
<opcode="alloca(26) " fcode="alloca"/>
<opset="u_024/1 "/>
</bind>
</comp>

<comp id="72" class="1004" name="v_025_fu_72">
<pin_list>
<pin id="73" dir="0" index="0" bw="1" slack="0"/>
<pin id="74" dir="1" index="1" bw="64" slack="0"/>
</pin_list>
<bind>
<opcode="alloca(26) " fcode="alloca"/>
<opset="v_025/1 "/>
</bind>
</comp>

<comp id="76" class="1004" name="t_20_loc_fu_76">
<pin_list>
<pin id="77" dir="0" index="0" bw="1" slack="0"/>
<pin id="78" dir="1" index="1" bw="64" slack="4"/>
</pin_list>
<bind>
<opcode="alloca(26) " fcode="alloca"/>
<opset="t_20_loc/1 "/>
</bind>
</comp>

<comp id="80" class="1004" name="u_39_loc_fu_80">
<pin_list>
<pin id="81" dir="0" index="0" bw="1" slack="0"/>
<pin id="82" dir="1" index="1" bw="64" slack="4"/>
</pin_list>
<bind>
<opcode="alloca(26) " fcode="alloca"/>
<opset="u_39_loc/1 "/>
</bind>
</comp>

<comp id="84" class="1004" name="v_43_loc_fu_84">
<pin_list>
<pin id="85" dir="0" index="0" bw="1" slack="0"/>
<pin id="86" dir="1" index="1" bw="64" slack="4"/>
</pin_list>
<bind>
<opcode="alloca(26) " fcode="alloca"/>
<opset="v_43_loc/1 "/>
</bind>
</comp>

<comp id="88" class="1004" name="t_loc_fu_88">
<pin_list>
<pin id="89" dir="0" index="0" bw="1" slack="0"/>
<pin id="90" dir="1" index="1" bw="64" slack="2"/>
</pin_list>
<bind>
<opcode="alloca(26) " fcode="alloca"/>
<opset="t_loc/1 "/>
</bind>
</comp>

<comp id="92" class="1004" name="u_35_loc_fu_92">
<pin_list>
<pin id="93" dir="0" index="0" bw="1" slack="0"/>
<pin id="94" dir="1" index="1" bw="64" slack="2"/>
</pin_list>
<bind>
<opcode="alloca(26) " fcode="alloca"/>
<opset="u_35_loc/1 "/>
</bind>
</comp>

<comp id="96" class="1004" name="v_39_loc_fu_96">
<pin_list>
<pin id="97" dir="0" index="0" bw="1" slack="0"/>
<pin id="98" dir="1" index="1" bw="64" slack="2"/>
</pin_list>
<bind>
<opcode="alloca(26) " fcode="alloca"/>
<opset="v_39_loc/1 "/>
</bind>
</comp>

<comp id="100" class="1004" name="count_fu_100">
<pin_list>
<pin id="101" dir="0" index="0" bw="1" slack="0"/>
<pin id="102" dir="1" index="1" bw="32" slack="0"/>
</pin_list>
<bind>
<opcode="alloca(26) " fcode="alloca"/>
<opset="count/3 "/>
</bind>
</comp>

<comp id="104" class="1004" name="u_fu_104">
<pin_list>
<pin id="105" dir="0" index="0" bw="1" slack="0"/>
<pin id="106" dir="1" index="1" bw="64" slack="0"/>
</pin_list>
<bind>
<opcode="alloca(26) " fcode="alloca"/>
<opset="u/3 "/>
</bind>
</comp>

<comp id="108" class="1004" name="v_36_fu_108">
<pin_list>
<pin id="109" dir="0" index="0" bw="1" slack="0"/>
<pin id="110" dir="1" index="1" bw="64" slack="0"/>
</pin_list>
<bind>
<opcode="alloca(26) " fcode="alloca"/>
<opset="v_36/3 "/>
</bind>
</comp>

<comp id="112" class="1004" name="indvars_iv_fu_112">
<pin_list>
<pin id="113" dir="0" index="0" bw="1" slack="0"/>
<pin id="114" dir="1" index="1" bw="4" slack="0"/>
</pin_list>
<bind>
<opcode="alloca(26) " fcode="alloca"/>
<opset="indvars_iv/3 "/>
</bind>
</comp>

<comp id="116" class="1004" name="i_8_fu_116">
<pin_list>
<pin id="117" dir="0" index="0" bw="1" slack="0"/>
<pin id="118" dir="1" index="1" bw="4" slack="0"/>
</pin_list>
<bind>
<opcode="alloca(26) " fcode="alloca"/>
<opset="i_8/3 "/>
</bind>
</comp>

<comp id="120" class="1004" name="ma_addr_7_gep_fu_120">
<pin_list>
<pin id="121" dir="0" index="0" bw="64" slack="0"/>
<pin id="122" dir="0" index="1" bw="1" slack="0"/>
<pin id="123" dir="0" index="2" bw="4" slack="0"/>
<pin id="124" dir="1" index="3" bw="4" slack="0"/>
</pin_list>
<bind>
<opcode="getelementptr(29) " fcode="getelementptr"/>
<opset="ma_addr_7/4 "/>
</bind>
</comp>

<comp id="127" class="1004" name="grp_access_fu_127">
<pin_list>
<pin id="128" dir="0" index="0" bw="4" slack="0"/>
<pin id="129" dir="0" index="1" bw="64" slack="2147483647"/>
<pin id="130" dir="0" index="2" bw="0" slack="2147483647"/>
<pin id="131" dir="1" index="3" bw="64" slack="0"/>
</pin_list>
<bind>
<opcode="load(27) " fcode="load"/>
<opset="ma_load_7/4 ma_load/8 ma_load_8/10 "/>
</bind>
</comp>

<comp id="133" class="1004" name="R_Z_addr_gep_fu_133">
<pin_list>
<pin id="134" dir="0" index="0" bw="64" slack="0"/>
<pin id="135" dir="0" index="1" bw="1" slack="0"/>
<pin id="136" dir="0" index="2" bw="4" slack="0"/>
<pin id="137" dir="1" index="3" bw="4" slack="0"/>
</pin_list>
<bind>
<opcode="getelementptr(29) " fcode="getelementptr"/>
<opset="R_Z_addr/6 "/>
</bind>
</comp>

<comp id="140" class="1004" name="grp_access_fu_140">
<pin_list>
<pin id="141" dir="0" index="0" bw="4" slack="0"/>
<pin id="142" dir="0" index="1" bw="64" slack="0"/>
<pin id="143" dir="0" index="2" bw="0" slack="2147483647"/>
<pin id="144" dir="1" index="3" bw="64" slack="2147483647"/>
</pin_list>
<bind>
<opcode="store(28) " fcode="store"/>
<opset="store_ln198/6 store_ln219/12 store_ln225/15 "/>
</bind>
</comp>

<comp id="146" class="1004" name="ma_addr_gep_fu_146">
<pin_list>
<pin id="147" dir="0" index="0" bw="64" slack="0"/>
<pin id="148" dir="0" index="1" bw="1" slack="0"/>
<pin id="149" dir="0" index="2" bw="5" slack="0"/>
<pin id="150" dir="1" index="3" bw="4" slack="0"/>
</pin_list>
<bind>
<opcode="getelementptr(29) " fcode="getelementptr"/>
<opset="ma_addr/8 "/>
</bind>
</comp>

<comp id="155" class="1004" name="ma_addr_8_gep_fu_155">
<pin_list>
<pin id="156" dir="0" index="0" bw="64" slack="0"/>
<pin id="157" dir="0" index="1" bw="1" slack="0"/>
<pin id="158" dir="0" index="2" bw="4" slack="0"/>
<pin id="159" dir="1" index="3" bw="4" slack="0"/>
</pin_list>
<bind>
<opcode="getelementptr(29) " fcode="getelementptr"/>
<opset="ma_addr_8/10 "/>
</bind>
</comp>

<comp id="163" class="1004" name="R_Z_addr_2_gep_fu_163">
<pin_list>
<pin id="164" dir="0" index="0" bw="64" slack="0"/>
<pin id="165" dir="0" index="1" bw="1" slack="0"/>
<pin id="166" dir="0" index="2" bw="4" slack="2"/>
<pin id="167" dir="1" index="3" bw="4" slack="0"/>
</pin_list>
<bind>
<opcode="getelementptr(29) " fcode="getelementptr"/>
<opset="R_Z_addr_2/12 "/>
</bind>
</comp>

<comp id="171" class="1004" name="R_Z_addr_1_gep_fu_171">
<pin_list>
<pin id="172" dir="0" index="0" bw="64" slack="0"/>
<pin id="173" dir="0" index="1" bw="1" slack="0"/>
<pin id="174" dir="0" index="2" bw="5" slack="0"/>
<pin id="175" dir="1" index="3" bw="4" slack="0"/>
</pin_list>
<bind>
<opcode="getelementptr(29) " fcode="getelementptr"/>
<opset="R_Z_addr_1/15 "/>
</bind>
</comp>

<comp id="180" class="1004" name="grp_rdc_mont_2_Pipeline_VITIS_LOOP_182_1_fu_180">
<pin_list>
<pin id="181" dir="0" index="0" bw="0" slack="0"/>
<pin id="182" dir="0" index="1" bw="64" slack="0"/>
<pin id="183" dir="1" index="2" bw="0" slack="2147483647"/>
</pin_list>
<bind>
<opcode="call(48) " fcode="call"/>
<opset="call_ln0/1 "/>
</bind>
</comp>

<comp id="186" class="1004" name="grp_rdc_mont_2_Pipeline_VITIS_LOOP_187_3_fu_186">
<pin_list>
<pin id="187" dir="0" index="0" bw="0" slack="0"/>
<pin id="188" dir="0" index="1" bw="64" slack="0"/>
<pin id="189" dir="0" index="2" bw="64" slack="0"/>
<pin id="190" dir="0" index="3" bw="3" slack="0"/>
<pin id="191" dir="0" index="4" bw="4" slack="0"/>
<pin id="192" dir="0" index="5" bw="64" slack="0"/>
<pin id="193" dir="0" index="6" bw="3" slack="0"/>
<pin id="194" dir="0" index="7" bw="64" slack="2"/>
<pin id="195" dir="0" index="8" bw="64" slack="2"/>
<pin id="196" dir="0" index="9" bw="64" slack="2"/>
<pin id="197" dir="0" index="10" bw="64" slack="0"/>
<pin id="198" dir="1" index="11" bw="0" slack="2147483647"/>
</pin_list>
<bind>
<opcode="call(48) " fcode="call"/>
<opset="call_ln186/3 "/>
</bind>
</comp>

<comp id="202" class="1004" name="grp_rdc_mont_2_Pipeline_VITIS_LOOP_208_5_fu_202">
<pin_list>
<pin id="203" dir="0" index="0" bw="0" slack="0"/>
<pin id="204" dir="0" index="1" bw="3" slack="0"/>
<pin id="205" dir="0" index="2" bw="64" slack="0"/>
<pin id="206" dir="0" index="3" bw="64" slack="0"/>
<pin id="207" dir="0" index="4" bw="32" slack="1"/>
<pin id="208" dir="0" index="5" bw="64" slack="0"/>
<pin id="209" dir="0" index="6" bw="3" slack="0"/>
<pin id="210" dir="0" index="7" bw="64" slack="4"/>
<pin id="211" dir="0" index="8" bw="64" slack="4"/>
<pin id="212" dir="0" index="9" bw="64" slack="4"/>
<pin id="213" dir="0" index="10" bw="64" slack="0"/>
<pin id="214" dir="1" index="11" bw="0" slack="2147483647"/>
</pin_list>
<bind>
<opcode="call(48) " fcode="call"/>
<opset="call_ln204/9 "/>
</bind>
</comp>

<comp id="218" class="1004" name="grp_load_fu_218">
<pin_list>
<pin id="219" dir="0" index="0" bw="64" slack="2"/>
<pin id="220" dir="1" index="1" bw="64" slack="0"/>
</pin_list>
<bind>
<opcode="load(27) " fcode="load"/>
<opset="v_36_load_1/9 v_36_load/15 "/>
</bind>
</comp>

<comp id="222" class="1005" name="reg_222">
<pin_list>
<pin id="223" dir="0" index="0" bw="64" slack="1"/>
<pin id="224" dir="1" index="1" bw="64" slack="1"/>
</pin_list>
<bind>
<opset="ma_load_7 ma_load_8 ma_load "/>
</bind>
</comp>

<comp id="226" class="1004" name="store_ln180_store_fu_226">
<pin_list>
<pin id="227" dir="0" index="0" bw="1" slack="0"/>
<pin id="228" dir="0" index="1" bw="64" slack="0"/>
<pin id="229" dir="1" index="2" bw="0" slack="2147483647"/>
</pin_list>
<bind>
<opcode="store(28) " fcode="store"/>
<opset="store_ln180/1 "/>
</bind>
</comp>

<comp id="231" class="1004" name="store_ln180_store_fu_231">
<pin_list>
<pin id="232" dir="0" index="0" bw="1" slack="0"/>
<pin id="233" dir="0" index="1" bw="64" slack="0"/>
<pin id="234" dir="1" index="2" bw="0" slack="2147483647"/>
</pin_list>
<bind>
<opcode="store(28) " fcode="store"/>
<opset="store_ln180/1 "/>
</bind>
</comp>

<comp id="236" class="1004" name="store_ln179_store_fu_236">
<pin_list>
<pin id="237" dir="0" index="0" bw="1" slack="0"/>
<pin id="238" dir="0" index="1" bw="4" slack="0"/>
<pin id="239" dir="1" index="2" bw="0" slack="2147483647"/>
</pin_list>
<bind>
<opcode="store(28) " fcode="store"/>
<opset="store_ln179/1 "/>
</bind>
</comp>

<comp id="241" class="1004" name="i_load_fu_241">
<pin_list>
<pin id="242" dir="0" index="0" bw="4" slack="2"/>
<pin id="243" dir="1" index="1" bw="4" slack="0"/>
</pin_list>
<bind>
<opcode="load(27) " fcode="load"/>
<opset="i/3 "/>
</bind>
</comp>

<comp id="244" class="1004" name="u_36_load_fu_244">
<pin_list>
<pin id="245" dir="0" index="0" bw="64" slack="2"/>
<pin id="246" dir="1" index="1" bw="64" slack="0"/>
</pin_list>
<bind>
<opcode="load(27) " fcode="load"/>
<opset="u_36/3 "/>
</bind>
</comp>

<comp id="248" class="1004" name="v_40_load_fu_248">
<pin_list>
<pin id="249" dir="0" index="0" bw="64" slack="2"/>
<pin id="250" dir="1" index="1" bw="64" slack="0"/>
</pin_list>
<bind>
<opcode="load(27) " fcode="load"/>
<opset="v_40/3 "/>
</bind>
</comp>

<comp id="252" class="1004" name="icmp_ln186_fu_252">
<pin_list>
<pin id="253" dir="0" index="0" bw="4" slack="0"/>
<pin id="254" dir="0" index="1" bw="4" slack="0"/>
<pin id="255" dir="1" index="2" bw="1" slack="2147483647"/>
</pin_list>
<bind>
<opcode="icmp(45) " fcode="icmp"/>
<opset="icmp_ln186/3 "/>
</bind>
</comp>

<comp id="258" class="1004" name="add_ln186_fu_258">
<pin_list>
<pin id="259" dir="0" index="0" bw="4" slack="0"/>
<pin id="260" dir="0" index="1" bw="1" slack="0"/>
<pin id="261" dir="1" index="2" bw="4" slack="0"/>
</pin_list>
<bind>
<opcode="add(8) " fcode="add"/>
<opset="add_ln186/3 "/>
</bind>
</comp>

<comp id="264" class="1004" name="trunc_ln186_fu_264">
<pin_list>
<pin id="265" dir="0" index="0" bw="4" slack="0"/>
<pin id="266" dir="1" index="1" bw="3" slack="0"/>
</pin_list>
<bind>
<opcode="trunc(33) " fcode="trunc"/>
<opset="trunc_ln186/3 "/>
</bind>
</comp>

<comp id="270" class="1004" name="zext_ln187_fu_270">
<pin_list>
<pin id="271" dir="0" index="0" bw="3" slack="0"/>
<pin id="272" dir="1" index="1" bw="4" slack="0"/>
</pin_list>
<bind>
<opcode="zext(34) " fcode="zext"/>
<opset="zext_ln187/3 "/>
</bind>
</comp>

<comp id="274" class="1004" name="add_ln187_fu_274">
<pin_list>
<pin id="275" dir="0" index="0" bw="3" slack="0"/>
<pin id="276" dir="0" index="1" bw="2" slack="0"/>
<pin id="277" dir="1" index="2" bw="4" slack="0"/>
</pin_list>
<bind>
<opcode="add(8) " fcode="add"/>
<opset="add_ln187/3 "/>
</bind>
</comp>

<comp id="281" class="1004" name="store_ln179_store_fu_281">
<pin_list>
<pin id="282" dir="0" index="0" bw="4" slack="0"/>
<pin id="283" dir="0" index="1" bw="4" slack="2"/>
<pin id="284" dir="1" index="2" bw="0" slack="2147483647"/>
</pin_list>
<bind>
<opcode="store(28) " fcode="store"/>
<opset="store_ln179/3 "/>
</bind>
</comp>

<comp id="286" class="1004" name="store_ln179_store_fu_286">
<pin_list>
<pin id="287" dir="0" index="0" bw="4" slack="0"/>
<pin id="288" dir="0" index="1" bw="4" slack="0"/>
<pin id="289" dir="1" index="2" bw="0" slack="2147483647"/>
</pin_list>
<bind>
<opcode="store(28) " fcode="store"/>
<opset="store_ln179/3 "/>
</bind>
</comp>

<comp id="291" class="1004" name="store_ln0_store_fu_291">
<pin_list>
<pin id="292" dir="0" index="0" bw="1" slack="0"/>
<pin id="293" dir="0" index="1" bw="4" slack="0"/>
<pin id="294" dir="1" index="2" bw="0" slack="2147483647"/>
</pin_list>
<bind>
<opcode="store(28) " fcode="store"/>
<opset="store_ln0/3 "/>
</bind>
</comp>

<comp id="296" class="1004" name="store_ln180_store_fu_296">
<pin_list>
<pin id="297" dir="0" index="0" bw="64" slack="0"/>
<pin id="298" dir="0" index="1" bw="64" slack="0"/>
<pin id="299" dir="1" index="2" bw="0" slack="2147483647"/>
</pin_list>
<bind>
<opcode="store(28) " fcode="store"/>
<opset="store_ln180/3 "/>
</bind>
</comp>

<comp id="301" class="1004" name="store_ln180_store_fu_301">
<pin_list>
<pin id="302" dir="0" index="0" bw="64" slack="0"/>
<pin id="303" dir="0" index="1" bw="64" slack="0"/>
<pin id="304" dir="1" index="2" bw="0" slack="2147483647"/>
</pin_list>
<bind>
<opcode="store(28) " fcode="store"/>
<opset="store_ln180/3 "/>
</bind>
</comp>

<comp id="306" class="1004" name="store_ln179_store_fu_306">
<pin_list>
<pin id="307" dir="0" index="0" bw="3" slack="0"/>
<pin id="308" dir="0" index="1" bw="32" slack="0"/>
<pin id="309" dir="1" index="2" bw="0" slack="2147483647"/>
</pin_list>
<bind>
<opcode="store(28) " fcode="store"/>
<opset="store_ln179/3 "/>
</bind>
</comp>

<comp id="311" class="1004" name="zext_ln186_fu_311">
<pin_list>
<pin id="312" dir="0" index="0" bw="4" slack="1"/>
<pin id="313" dir="1" index="1" bw="64" slack="0"/>
</pin_list>
<bind>
<opcode="zext(34) " fcode="zext"/>
<opset="zext_ln186/4 "/>
</bind>
</comp>

<comp id="315" class="1004" name="v_39_loc_load_load_fu_315">
<pin_list>
<pin id="316" dir="0" index="0" bw="64" slack="4"/>
<pin id="317" dir="1" index="1" bw="64" slack="0"/>
</pin_list>
<bind>
<opcode="load(27) " fcode="load"/>
<opset="v_39_loc_load/5 "/>
</bind>
</comp>

<comp id="318" class="1004" name="v_42_fu_318">
<pin_list>
<pin id="319" dir="0" index="0" bw="64" slack="0"/>
<pin id="320" dir="0" index="1" bw="64" slack="0"/>
<pin id="321" dir="1" index="2" bw="64" slack="1"/>
</pin_list>
<bind>
<opcode="add(8) " fcode="add"/>
<opset="v_42/5 "/>
</bind>
</comp>

<comp id="324" class="1004" name="u_35_loc_load_load_fu_324">
<pin_list>
<pin id="325" dir="0" index="0" bw="64" slack="5"/>
<pin id="326" dir="1" index="1" bw="64" slack="0"/>
</pin_list>
<bind>
<opcode="load(27) " fcode="load"/>
<opset="u_35_loc_load/6 "/>
</bind>
</comp>

<comp id="327" class="1004" name="t_loc_load_load_fu_327">
<pin_list>
<pin id="328" dir="0" index="0" bw="64" slack="5"/>
<pin id="329" dir="1" index="1" bw="64" slack="0"/>
</pin_list>
<bind>
<opcode="load(27) " fcode="load"/>
<opset="t_loc_load/6 "/>
</bind>
</comp>

<comp id="330" class="1004" name="xor_ln105_fu_330">
<pin_list>
<pin id="331" dir="0" index="0" bw="64" slack="2147483647"/>
<pin id="332" dir="0" index="1" bw="64" slack="1"/>
<pin id="333" dir="1" index="2" bw="64" slack="0"/>
</pin_list>
<bind>
<opcode="xor(25) " fcode="xor"/>
<opset="xor_ln105/6 "/>
</bind>
</comp>

<comp id="334" class="1004" name="xor_ln105_64_fu_334">
<pin_list>
<pin id="335" dir="0" index="0" bw="64" slack="1"/>
<pin id="336" dir="0" index="1" bw="64" slack="2147483647"/>
<pin id="337" dir="1" index="2" bw="64" slack="0"/>
</pin_list>
<bind>
<opcode="xor(25) " fcode="xor"/>
<opset="xor_ln105_64/6 "/>
</bind>
</comp>

<comp id="339" class="1004" name="or_ln105_fu_339">
<pin_list>
<pin id="340" dir="0" index="0" bw="64" slack="0"/>
<pin id="341" dir="0" index="1" bw="64" slack="0"/>
<pin id="342" dir="1" index="2" bw="64" slack="0"/>
</pin_list>
<bind>
<opcode="or(24) " fcode="or"/>
<opset="or_ln105/6 "/>
</bind>
</comp>

<comp id="345" class="1004" name="xor_ln105_65_fu_345">
<pin_list>
<pin id="346" dir="0" index="0" bw="64" slack="0"/>
<pin id="347" dir="0" index="1" bw="64" slack="1"/>
<pin id="348" dir="1" index="2" bw="64" slack="0"/>
</pin_list>
<bind>
<opcode="xor(25) " fcode="xor"/>
<opset="xor_ln105_65/6 "/>
</bind>
</comp>

<comp id="350" class="1004" name="carry_fu_350">
<pin_list>
<pin id="351" dir="0" index="0" bw="1" slack="0"/>
<pin id="352" dir="0" index="1" bw="64" slack="0"/>
<pin id="353" dir="0" index="2" bw="7" slack="0"/>
<pin id="354" dir="1" index="3" bw="1" slack="0"/>
</pin_list>
<bind>
<opcode="bitselect(1000) " fcode="bitselect"/>
<opset="carry/6 "/>
</bind>
</comp>

<comp id="358" class="1004" name="zext_ln105_fu_358">
<pin_list>
<pin id="359" dir="0" index="0" bw="1" slack="0"/>
<pin id="360" dir="1" index="1" bw="64" slack="0"/>
</pin_list>
<bind>
<opcode="zext(34) " fcode="zext"/>
<opset="zext_ln105/6 "/>
</bind>
</comp>

<comp id="362" class="1004" name="v_46_fu_362">
<pin_list>
<pin id="363" dir="0" index="0" bw="64" slack="0"/>
<pin id="364" dir="0" index="1" bw="1" slack="0"/>
<pin id="365" dir="1" index="2" bw="64" slack="0"/>
</pin_list>
<bind>
<opcode="add(8) " fcode="add"/>
<opset="v_46/6 "/>
</bind>
</comp>

<comp id="368" class="1004" name="bit_sel1_fu_368">
<pin_list>
<pin id="369" dir="0" index="0" bw="1" slack="0"/>
<pin id="370" dir="0" index="1" bw="64" slack="0"/>
<pin id="371" dir="0" index="2" bw="7" slack="0"/>
<pin id="372" dir="1" index="3" bw="1" slack="0"/>
</pin_list>
<bind>
<opcode="bitselect(1000) " fcode="bitselect"/>
<opset="bit_sel1/6 "/>
</bind>
</comp>

<comp id="376" class="1004" name="xor_ln105_66_fu_376">
<pin_list>
<pin id="377" dir="0" index="0" bw="1" slack="0"/>
<pin id="378" dir="0" index="1" bw="1" slack="0"/>
<pin id="379" dir="1" index="2" bw="1" slack="0"/>
</pin_list>
<bind>
<opcode="xor(25) " fcode="xor"/>
<opset="xor_ln105_66/6 "/>
</bind>
</comp>

<comp id="382" class="1004" name="trunc_ln105_fu_382">
<pin_list>
<pin id="383" dir="0" index="0" bw="64" slack="0"/>
<pin id="384" dir="1" index="1" bw="63" slack="0"/>
</pin_list>
<bind>
<opcode="trunc(33) " fcode="trunc"/>
<opset="trunc_ln105/6 "/>
</bind>
</comp>

<comp id="386" class="1004" name="xor_ln105_s_fu_386">
<pin_list>
<pin id="387" dir="0" index="0" bw="64" slack="0"/>
<pin id="388" dir="0" index="1" bw="1" slack="0"/>
<pin id="389" dir="0" index="2" bw="63" slack="0"/>
<pin id="390" dir="1" index="3" bw="64" slack="0"/>
</pin_list>
<bind>
<opcode="bitconcatenate(1004) " fcode="bitconcatenate"/>
<opset="xor_ln105_s/6 "/>
</bind>
</comp>

<comp id="394" class="1004" name="and_ln105_fu_394">
<pin_list>
<pin id="395" dir="0" index="0" bw="64" slack="0"/>
<pin id="396" dir="0" index="1" bw="64" slack="0"/>
<pin id="397" dir="1" index="2" bw="64" slack="0"/>
</pin_list>
<bind>
<opcode="and(23) " fcode="and"/>
<opset="and_ln105/6 "/>
</bind>
</comp>

<comp id="400" class="1004" name="carry_20_fu_400">
<pin_list>
<pin id="401" dir="0" index="0" bw="1" slack="0"/>
<pin id="402" dir="0" index="1" bw="64" slack="0"/>
<pin id="403" dir="0" index="2" bw="7" slack="0"/>
<pin id="404" dir="1" index="3" bw="1" slack="0"/>
</pin_list>
<bind>
<opcode="bitselect(1000) " fcode="bitselect"/>
<opset="carry_20/6 "/>
</bind>
</comp>

<comp id="408" class="1004" name="zext_ln105_21_fu_408">
<pin_list>
<pin id="409" dir="0" index="0" bw="1" slack="0"/>
<pin id="410" dir="1" index="1" bw="64" slack="0"/>
</pin_list>
<bind>
<opcode="zext(34) " fcode="zext"/>
<opset="zext_ln105_21/6 "/>
</bind>
</comp>

<comp id="412" class="1004" name="u_41_fu_412">
<pin_list>
<pin id="413" dir="0" index="0" bw="64" slack="0"/>
<pin id="414" dir="0" index="1" bw="1" slack="0"/>
<pin id="415" dir="1" index="2" bw="64" slack="1"/>
</pin_list>
<bind>
<opcode="add(8) " fcode="add"/>
<opset="u_41/6 "/>
</bind>
</comp>

<comp id="418" class="1004" name="zext_ln_fu_418">
<pin_list>
<pin id="419" dir="0" index="0" bw="4" slack="0"/>
<pin id="420" dir="0" index="1" bw="1" slack="0"/>
<pin id="421" dir="0" index="2" bw="3" slack="3"/>
<pin id="422" dir="1" index="3" bw="4" slack="0"/>
</pin_list>
<bind>
<opcode="bitconcatenate(1004) " fcode="bitconcatenate"/>
<opset="zext_ln/6 "/>
</bind>
</comp>

<comp id="425" class="1004" name="zext_ln198_fu_425">
<pin_list>
<pin id="426" dir="0" index="0" bw="4" slack="0"/>
<pin id="427" dir="1" index="1" bw="64" slack="0"/>
</pin_list>
<bind>
<opcode="zext(34) " fcode="zext"/>
<opset="zext_ln198/6 "/>
</bind>
</comp>

<comp id="430" class="1004" name="store_ln180_store_fu_430">
<pin_list>
<pin id="431" dir="0" index="0" bw="64" slack="0"/>
<pin id="432" dir="0" index="1" bw="64" slack="5"/>
<pin id="433" dir="1" index="2" bw="0" slack="2147483647"/>
</pin_list>
<bind>
<opcode="store(28) " fcode="store"/>
<opset="store_ln180/6 "/>
</bind>
</comp>

<comp id="435" class="1004" name="store_ln180_store_fu_435">
<pin_list>
<pin id="436" dir="0" index="0" bw="64" slack="1"/>
<pin id="437" dir="0" index="1" bw="64" slack="6"/>
<pin id="438" dir="1" index="2" bw="0" slack="2147483647"/>
</pin_list>
<bind>
<opcode="store(28) " fcode="store"/>
<opset="store_ln180/7 "/>
</bind>
</comp>

<comp id="439" class="1004" name="i_9_load_fu_439">
<pin_list>
<pin id="440" dir="0" index="0" bw="4" slack="1"/>
<pin id="441" dir="1" index="1" bw="4" slack="0"/>
</pin_list>
<bind>
<opcode="load(27) " fcode="load"/>
<opset="i_9/8 "/>
</bind>
</comp>

<comp id="442" class="1004" name="icmp_ln204_fu_442">
<pin_list>
<pin id="443" dir="0" index="0" bw="4" slack="0"/>
<pin id="444" dir="0" index="1" bw="1" slack="0"/>
<pin id="445" dir="1" index="2" bw="1" slack="2147483647"/>
</pin_list>
<bind>
<opcode="icmp(45) " fcode="icmp"/>
<opset="icmp_ln204/8 "/>
</bind>
</comp>

<comp id="448" class="1004" name="count_load_load_fu_448">
<pin_list>
<pin id="449" dir="0" index="0" bw="32" slack="1"/>
<pin id="450" dir="1" index="1" bw="32" slack="0"/>
</pin_list>
<bind>
<opcode="load(27) " fcode="load"/>
<opset="count_load/8 "/>
</bind>
</comp>

<comp id="451" class="1004" name="icmp_ln205_fu_451">
<pin_list>
<pin id="452" dir="0" index="0" bw="32" slack="0"/>
<pin id="453" dir="0" index="1" bw="1" slack="0"/>
<pin id="454" dir="1" index="2" bw="1" slack="0"/>
</pin_list>
<bind>
<opcode="icmp(45) " fcode="icmp"/>
<opset="icmp_ln205/8 "/>
</bind>
</comp>

<comp id="457" class="1004" name="add_ln206_fu_457">
<pin_list>
<pin id="458" dir="0" index="0" bw="32" slack="0"/>
<pin id="459" dir="0" index="1" bw="1" slack="0"/>
<pin id="460" dir="1" index="2" bw="32" slack="0"/>
</pin_list>
<bind>
<opcode="add(8) " fcode="add"/>
<opset="add_ln206/8 "/>
</bind>
</comp>

<comp id="463" class="1004" name="count_4_fu_463">
<pin_list>
<pin id="464" dir="0" index="0" bw="1" slack="0"/>
<pin id="465" dir="0" index="1" bw="32" slack="0"/>
<pin id="466" dir="0" index="2" bw="1" slack="0"/>
<pin id="467" dir="1" index="3" bw="32" slack="0"/>
</pin_list>
<bind>
<opcode="select(49) " fcode="select"/>
<opset="count_4/8 "/>
</bind>
</comp>

<comp id="471" class="1004" name="sub66_fu_471">
<pin_list>
<pin id="472" dir="0" index="0" bw="5" slack="0"/>
<pin id="473" dir="0" index="1" bw="32" slack="0"/>
<pin id="474" dir="1" index="2" bw="32" slack="1"/>
</pin_list>
<bind>
<opcode="sub(10) " fcode="sub"/>
<opset="sub66/8 "/>
</bind>
</comp>

<comp id="477" class="1004" name="add_ln204_fu_477">
<pin_list>
<pin id="478" dir="0" index="0" bw="4" slack="0"/>
<pin id="479" dir="0" index="1" bw="1" slack="0"/>
<pin id="480" dir="1" index="2" bw="4" slack="0"/>
</pin_list>
<bind>
<opcode="add(8) " fcode="add"/>
<opset="add_ln204/8 "/>
</bind>
</comp>

<comp id="483" class="1004" name="store_ln179_store_fu_483">
<pin_list>
<pin id="484" dir="0" index="0" bw="4" slack="0"/>
<pin id="485" dir="0" index="1" bw="4" slack="1"/>
<pin id="486" dir="1" index="2" bw="0" slack="2147483647"/>
</pin_list>
<bind>
<opcode="store(28) " fcode="store"/>
<opset="store_ln179/8 "/>
</bind>
</comp>

<comp id="488" class="1004" name="store_ln179_store_fu_488">
<pin_list>
<pin id="489" dir="0" index="0" bw="32" slack="0"/>
<pin id="490" dir="0" index="1" bw="32" slack="1"/>
<pin id="491" dir="1" index="2" bw="0" slack="2147483647"/>
</pin_list>
<bind>
<opcode="store(28) " fcode="store"/>
<opset="store_ln179/8 "/>
</bind>
</comp>

<comp id="493" class="1004" name="u_load_load_fu_493">
<pin_list>
<pin id="494" dir="0" index="0" bw="64" slack="2"/>
<pin id="495" dir="1" index="1" bw="64" slack="0"/>
</pin_list>
<bind>
<opcode="load(27) " fcode="load"/>
<opset="u_load/9 "/>
</bind>
</comp>

<comp id="497" class="1004" name="indvars_iv_load_load_fu_497">
<pin_list>
<pin id="498" dir="0" index="0" bw="4" slack="2"/>
<pin id="499" dir="1" index="1" bw="4" slack="0"/>
</pin_list>
<bind>
<opcode="load(27) " fcode="load"/>
<opset="indvars_iv_load/9 "/>
</bind>
</comp>

<comp id="500" class="1004" name="trunc_ln204_fu_500">
<pin_list>
<pin id="501" dir="0" index="0" bw="4" slack="0"/>
<pin id="502" dir="1" index="1" bw="3" slack="0"/>
</pin_list>
<bind>
<opcode="trunc(33) " fcode="trunc"/>
<opset="trunc_ln204/9 "/>
</bind>
</comp>

<comp id="505" class="1004" name="trunc_ln204_5_fu_505">
<pin_list>
<pin id="506" dir="0" index="0" bw="4" slack="1"/>
<pin id="507" dir="1" index="1" bw="3" slack="0"/>
</pin_list>
<bind>
<opcode="trunc(33) " fcode="trunc"/>
<opset="trunc_ln204_5/9 "/>
</bind>
</comp>

<comp id="509" class="1004" name="add_ln204_4_fu_509">
<pin_list>
<pin id="510" dir="0" index="0" bw="4" slack="0"/>
<pin id="511" dir="0" index="1" bw="1" slack="0"/>
<pin id="512" dir="1" index="2" bw="4" slack="0"/>
</pin_list>
<bind>
<opcode="add(8) " fcode="add"/>
<opset="add_ln204_4/9 "/>
</bind>
</comp>

<comp id="515" class="1004" name="store_ln204_store_fu_515">
<pin_list>
<pin id="516" dir="0" index="0" bw="4" slack="0"/>
<pin id="517" dir="0" index="1" bw="4" slack="2"/>
<pin id="518" dir="1" index="2" bw="0" slack="2147483647"/>
</pin_list>
<bind>
<opcode="store(28) " fcode="store"/>
<opset="store_ln204/9 "/>
</bind>
</comp>

<comp id="520" class="1004" name="zext_ln204_fu_520">
<pin_list>
<pin id="521" dir="0" index="0" bw="4" slack="2"/>
<pin id="522" dir="1" index="1" bw="64" slack="0"/>
</pin_list>
<bind>
<opcode="zext(34) " fcode="zext"/>
<opset="zext_ln204/10 "/>
</bind>
</comp>

<comp id="524" class="1004" name="v_43_loc_load_load_fu_524">
<pin_list>
<pin id="525" dir="0" index="0" bw="64" slack="6"/>
<pin id="526" dir="1" index="1" bw="64" slack="0"/>
</pin_list>
<bind>
<opcode="load(27) " fcode="load"/>
<opset="v_43_loc_load/11 "/>
</bind>
</comp>

<comp id="527" class="1004" name="v_44_fu_527">
<pin_list>
<pin id="528" dir="0" index="0" bw="64" slack="0"/>
<pin id="529" dir="0" index="1" bw="64" slack="0"/>
<pin id="530" dir="1" index="2" bw="64" slack="1"/>
</pin_list>
<bind>
<opcode="add(8) " fcode="add"/>
<opset="v_44/11 "/>
</bind>
</comp>

<comp id="533" class="1004" name="u_39_loc_load_load_fu_533">
<pin_list>
<pin id="534" dir="0" index="0" bw="64" slack="7"/>
<pin id="535" dir="1" index="1" bw="64" slack="0"/>
</pin_list>
<bind>
<opcode="load(27) " fcode="load"/>
<opset="u_39_loc_load/12 "/>
</bind>
</comp>

<comp id="536" class="1004" name="t_20_loc_load_load_fu_536">
<pin_list>
<pin id="537" dir="0" index="0" bw="64" slack="7"/>
<pin id="538" dir="1" index="1" bw="64" slack="0"/>
</pin_list>
<bind>
<opcode="load(27) " fcode="load"/>
<opset="t_20_loc_load/12 "/>
</bind>
</comp>

<comp id="539" class="1004" name="xor_ln105_67_fu_539">
<pin_list>
<pin id="540" dir="0" index="0" bw="64" slack="2147483647"/>
<pin id="541" dir="0" index="1" bw="64" slack="1"/>
<pin id="542" dir="1" index="2" bw="64" slack="0"/>
</pin_list>
<bind>
<opcode="xor(25) " fcode="xor"/>
<opset="xor_ln105_67/12 "/>
</bind>
</comp>

<comp id="543" class="1004" name="xor_ln105_68_fu_543">
<pin_list>
<pin id="544" dir="0" index="0" bw="64" slack="1"/>
<pin id="545" dir="0" index="1" bw="64" slack="2147483647"/>
<pin id="546" dir="1" index="2" bw="64" slack="0"/>
</pin_list>
<bind>
<opcode="xor(25) " fcode="xor"/>
<opset="xor_ln105_68/12 "/>
</bind>
</comp>

<comp id="548" class="1004" name="or_ln105_12_fu_548">
<pin_list>
<pin id="549" dir="0" index="0" bw="64" slack="0"/>
<pin id="550" dir="0" index="1" bw="64" slack="0"/>
<pin id="551" dir="1" index="2" bw="64" slack="0"/>
</pin_list>
<bind>
<opcode="or(24) " fcode="or"/>
<opset="or_ln105_12/12 "/>
</bind>
</comp>

<comp id="554" class="1004" name="xor_ln105_69_fu_554">
<pin_list>
<pin id="555" dir="0" index="0" bw="64" slack="0"/>
<pin id="556" dir="0" index="1" bw="64" slack="1"/>
<pin id="557" dir="1" index="2" bw="64" slack="0"/>
</pin_list>
<bind>
<opcode="xor(25) " fcode="xor"/>
<opset="xor_ln105_69/12 "/>
</bind>
</comp>

<comp id="559" class="1004" name="carry_21_fu_559">
<pin_list>
<pin id="560" dir="0" index="0" bw="1" slack="0"/>
<pin id="561" dir="0" index="1" bw="64" slack="0"/>
<pin id="562" dir="0" index="2" bw="7" slack="0"/>
<pin id="563" dir="1" index="3" bw="1" slack="0"/>
</pin_list>
<bind>
<opcode="bitselect(1000) " fcode="bitselect"/>
<opset="carry_21/12 "/>
</bind>
</comp>

<comp id="567" class="1004" name="zext_ln105_22_fu_567">
<pin_list>
<pin id="568" dir="0" index="0" bw="1" slack="0"/>
<pin id="569" dir="1" index="1" bw="64" slack="0"/>
</pin_list>
<bind>
<opcode="zext(34) " fcode="zext"/>
<opset="zext_ln105_22/12 "/>
</bind>
</comp>

<comp id="571" class="1004" name="tempReg_fu_571">
<pin_list>
<pin id="572" dir="0" index="0" bw="64" slack="0"/>
<pin id="573" dir="0" index="1" bw="1" slack="0"/>
<pin id="574" dir="1" index="2" bw="64" slack="0"/>
</pin_list>
<bind>
<opcode="add(8) " fcode="add"/>
<opset="tempReg/12 "/>
</bind>
</comp>

<comp id="577" class="1004" name="bit_sel2_fu_577">
<pin_list>
<pin id="578" dir="0" index="0" bw="1" slack="0"/>
<pin id="579" dir="0" index="1" bw="64" slack="0"/>
<pin id="580" dir="0" index="2" bw="7" slack="0"/>
<pin id="581" dir="1" index="3" bw="1" slack="0"/>
</pin_list>
<bind>
<opcode="bitselect(1000) " fcode="bitselect"/>
<opset="bit_sel2/12 "/>
</bind>
</comp>

<comp id="585" class="1004" name="xor_ln105_70_fu_585">
<pin_list>
<pin id="586" dir="0" index="0" bw="1" slack="0"/>
<pin id="587" dir="0" index="1" bw="1" slack="0"/>
<pin id="588" dir="1" index="2" bw="1" slack="0"/>
</pin_list>
<bind>
<opcode="xor(25) " fcode="xor"/>
<opset="xor_ln105_70/12 "/>
</bind>
</comp>

<comp id="591" class="1004" name="trunc_ln105_14_fu_591">
<pin_list>
<pin id="592" dir="0" index="0" bw="64" slack="0"/>
<pin id="593" dir="1" index="1" bw="63" slack="0"/>
</pin_list>
<bind>
<opcode="trunc(33) " fcode="trunc"/>
<opset="trunc_ln105_14/12 "/>
</bind>
</comp>

<comp id="595" class="1004" name="xor_ln105_3_fu_595">
<pin_list>
<pin id="596" dir="0" index="0" bw="64" slack="0"/>
<pin id="597" dir="0" index="1" bw="1" slack="0"/>
<pin id="598" dir="0" index="2" bw="63" slack="0"/>
<pin id="599" dir="1" index="3" bw="64" slack="0"/>
</pin_list>
<bind>
<opcode="bitconcatenate(1004) " fcode="bitconcatenate"/>
<opset="xor_ln105_3/12 "/>
</bind>
</comp>

<comp id="603" class="1004" name="and_ln105_4_fu_603">
<pin_list>
<pin id="604" dir="0" index="0" bw="64" slack="0"/>
<pin id="605" dir="0" index="1" bw="64" slack="0"/>
<pin id="606" dir="1" index="2" bw="64" slack="0"/>
</pin_list>
<bind>
<opcode="and(23) " fcode="and"/>
<opset="and_ln105_4/12 "/>
</bind>
</comp>

<comp id="609" class="1004" name="carry_22_fu_609">
<pin_list>
<pin id="610" dir="0" index="0" bw="1" slack="0"/>
<pin id="611" dir="0" index="1" bw="64" slack="0"/>
<pin id="612" dir="0" index="2" bw="7" slack="0"/>
<pin id="613" dir="1" index="3" bw="1" slack="0"/>
</pin_list>
<bind>
<opcode="bitselect(1000) " fcode="bitselect"/>
<opset="carry_22/12 "/>
</bind>
</comp>

<comp id="617" class="1004" name="zext_ln105_23_fu_617">
<pin_list>
<pin id="618" dir="0" index="0" bw="1" slack="0"/>
<pin id="619" dir="1" index="1" bw="64" slack="0"/>
</pin_list>
<bind>
<opcode="zext(34) " fcode="zext"/>
<opset="zext_ln105_23/12 "/>
</bind>
</comp>

<comp id="621" class="1004" name="t_fu_621">
<pin_list>
<pin id="622" dir="0" index="0" bw="64" slack="0"/>
<pin id="623" dir="0" index="1" bw="1" slack="0"/>
<pin id="624" dir="1" index="2" bw="64" slack="1"/>
</pin_list>
<bind>
<opcode="add(8) " fcode="add"/>
<opset="t/12 "/>
</bind>
</comp>

<comp id="627" class="1004" name="store_ln180_store_fu_627">
<pin_list>
<pin id="628" dir="0" index="0" bw="64" slack="0"/>
<pin id="629" dir="0" index="1" bw="64" slack="5"/>
<pin id="630" dir="1" index="2" bw="0" slack="2147483647"/>
</pin_list>
<bind>
<opcode="store(28) " fcode="store"/>
<opset="store_ln180/12 "/>
</bind>
</comp>

<comp id="632" class="1004" name="store_ln180_store_fu_632">
<pin_list>
<pin id="633" dir="0" index="0" bw="64" slack="1"/>
<pin id="634" dir="0" index="1" bw="64" slack="6"/>
<pin id="635" dir="1" index="2" bw="0" slack="2147483647"/>
</pin_list>
<bind>
<opcode="store(28) " fcode="store"/>
<opset="store_ln180/13 "/>
</bind>
</comp>

<comp id="636" class="1004" name="v_fu_636">
<pin_list>
<pin id="637" dir="0" index="0" bw="64" slack="1"/>
<pin id="638" dir="0" index="1" bw="64" slack="0"/>
<pin id="639" dir="1" index="2" bw="64" slack="0"/>
</pin_list>
<bind>
<opcode="add(8) " fcode="add"/>
<opset="v/15 "/>
</bind>
</comp>

<comp id="643" class="1005" name="i_7_reg_643">
<pin_list>
<pin id="644" dir="0" index="0" bw="4" slack="0"/>
<pin id="645" dir="1" index="1" bw="4" slack="0"/>
</pin_list>
<bind>
<opset="i_7 "/>
</bind>
</comp>

<comp id="650" class="1005" name="u_024_reg_650">
<pin_list>
<pin id="651" dir="0" index="0" bw="64" slack="0"/>
<pin id="652" dir="1" index="1" bw="64" slack="0"/>
</pin_list>
<bind>
<opset="u_024 "/>
</bind>
</comp>

<comp id="657" class="1005" name="v_025_reg_657">
<pin_list>
<pin id="658" dir="0" index="0" bw="64" slack="0"/>
<pin id="659" dir="1" index="1" bw="64" slack="0"/>
</pin_list>
<bind>
<opset="v_025 "/>
</bind>
</comp>

<comp id="664" class="1005" name="t_20_loc_reg_664">
<pin_list>
<pin id="665" dir="0" index="0" bw="64" slack="4"/>
<pin id="666" dir="1" index="1" bw="64" slack="4"/>
</pin_list>
<bind>
<opset="t_20_loc "/>
</bind>
</comp>

<comp id="670" class="1005" name="u_39_loc_reg_670">
<pin_list>
<pin id="671" dir="0" index="0" bw="64" slack="4"/>
<pin id="672" dir="1" index="1" bw="64" slack="4"/>
</pin_list>
<bind>
<opset="u_39_loc "/>
</bind>
</comp>

<comp id="676" class="1005" name="v_43_loc_reg_676">
<pin_list>
<pin id="677" dir="0" index="0" bw="64" slack="4"/>
<pin id="678" dir="1" index="1" bw="64" slack="4"/>
</pin_list>
<bind>
<opset="v_43_loc "/>
</bind>
</comp>

<comp id="682" class="1005" name="t_loc_reg_682">
<pin_list>
<pin id="683" dir="0" index="0" bw="64" slack="2"/>
<pin id="684" dir="1" index="1" bw="64" slack="2"/>
</pin_list>
<bind>
<opset="t_loc "/>
</bind>
</comp>

<comp id="688" class="1005" name="u_35_loc_reg_688">
<pin_list>
<pin id="689" dir="0" index="0" bw="64" slack="2"/>
<pin id="690" dir="1" index="1" bw="64" slack="2"/>
</pin_list>
<bind>
<opset="u_35_loc "/>
</bind>
</comp>

<comp id="694" class="1005" name="v_39_loc_reg_694">
<pin_list>
<pin id="695" dir="0" index="0" bw="64" slack="2"/>
<pin id="696" dir="1" index="1" bw="64" slack="2"/>
</pin_list>
<bind>
<opset="v_39_loc "/>
</bind>
</comp>

<comp id="700" class="1005" name="i_reg_700">
<pin_list>
<pin id="701" dir="0" index="0" bw="4" slack="1"/>
<pin id="702" dir="1" index="1" bw="4" slack="1"/>
</pin_list>
<bind>
<opset="i "/>
</bind>
</comp>

<comp id="714" class="1005" name="trunc_ln186_reg_714">
<pin_list>
<pin id="715" dir="0" index="0" bw="3" slack="1"/>
<pin id="716" dir="1" index="1" bw="3" slack="1"/>
</pin_list>
<bind>
<opset="trunc_ln186 "/>
</bind>
</comp>

<comp id="721" class="1005" name="add_ln187_reg_721">
<pin_list>
<pin id="722" dir="0" index="0" bw="4" slack="1"/>
<pin id="723" dir="1" index="1" bw="4" slack="1"/>
</pin_list>
<bind>
<opset="add_ln187 "/>
</bind>
</comp>

<comp id="726" class="1005" name="count_reg_726">
<pin_list>
<pin id="727" dir="0" index="0" bw="32" slack="0"/>
<pin id="728" dir="1" index="1" bw="32" slack="0"/>
</pin_list>
<bind>
<opset="count "/>
</bind>
</comp>

<comp id="733" class="1005" name="u_reg_733">
<pin_list>
<pin id="734" dir="0" index="0" bw="64" slack="0"/>
<pin id="735" dir="1" index="1" bw="64" slack="0"/>
</pin_list>
<bind>
<opset="u "/>
</bind>
</comp>

<comp id="740" class="1005" name="v_36_reg_740">
<pin_list>
<pin id="741" dir="0" index="0" bw="64" slack="0"/>
<pin id="742" dir="1" index="1" bw="64" slack="0"/>
</pin_list>
<bind>
<opset="v_36 "/>
</bind>
</comp>

<comp id="747" class="1005" name="indvars_iv_reg_747">
<pin_list>
<pin id="748" dir="0" index="0" bw="4" slack="0"/>
<pin id="749" dir="1" index="1" bw="4" slack="0"/>
</pin_list>
<bind>
<opset="indvars_iv "/>
</bind>
</comp>

<comp id="754" class="1005" name="i_8_reg_754">
<pin_list>
<pin id="755" dir="0" index="0" bw="4" slack="0"/>
<pin id="756" dir="1" index="1" bw="4" slack="0"/>
</pin_list>
<bind>
<opset="i_8 "/>
</bind>
</comp>

<comp id="761" class="1005" name="ma_addr_7_reg_761">
<pin_list>
<pin id="762" dir="0" index="0" bw="4" slack="1"/>
<pin id="763" dir="1" index="1" bw="4" slack="1"/>
</pin_list>
<bind>
<opset="ma_addr_7 "/>
</bind>
</comp>

<comp id="769" class="1005" name="v_42_reg_769">
<pin_list>
<pin id="770" dir="0" index="0" bw="64" slack="1"/>
<pin id="771" dir="1" index="1" bw="64" slack="1"/>
</pin_list>
<bind>
<opset="v_42 "/>
</bind>
</comp>

<comp id="776" class="1005" name="u_41_reg_776">
<pin_list>
<pin id="777" dir="0" index="0" bw="64" slack="1"/>
<pin id="778" dir="1" index="1" bw="64" slack="1"/>
</pin_list>
<bind>
<opset="u_41 "/>
</bind>
</comp>

<comp id="781" class="1005" name="i_9_reg_781">
<pin_list>
<pin id="782" dir="0" index="0" bw="4" slack="1"/>
<pin id="783" dir="1" index="1" bw="4" slack="1"/>
</pin_list>
<bind>
<opset="i_9 "/>
</bind>
</comp>

<comp id="790" class="1005" name="sub66_reg_790">
<pin_list>
<pin id="791" dir="0" index="0" bw="32" slack="1"/>
<pin id="792" dir="1" index="1" bw="32" slack="1"/>
</pin_list>
<bind>
<opset="sub66 "/>
</bind>
</comp>

<comp id="795" class="1005" name="ma_addr_reg_795">
<pin_list>
<pin id="796" dir="0" index="0" bw="4" slack="1"/>
<pin id="797" dir="1" index="1" bw="4" slack="1"/>
</pin_list>
<bind>
<opset="ma_addr "/>
</bind>
</comp>

<comp id="803" class="1005" name="v_36_load_1_reg_803">
<pin_list>
<pin id="804" dir="0" index="0" bw="64" slack="1"/>
<pin id="805" dir="1" index="1" bw="64" slack="1"/>
</pin_list>
<bind>
<opset="v_36_load_1 "/>
</bind>
</comp>

<comp id="808" class="1005" name="trunc_ln204_reg_808">
<pin_list>
<pin id="809" dir="0" index="0" bw="3" slack="1"/>
<pin id="810" dir="1" index="1" bw="3" slack="1"/>
</pin_list>
<bind>
<opset="trunc_ln204 "/>
</bind>
</comp>

<comp id="813" class="1005" name="trunc_ln204_5_reg_813">
<pin_list>
<pin id="814" dir="0" index="0" bw="3" slack="1"/>
<pin id="815" dir="1" index="1" bw="3" slack="1"/>
</pin_list>
<bind>
<opset="trunc_ln204_5 "/>
</bind>
</comp>

<comp id="818" class="1005" name="zext_ln204_reg_818">
<pin_list>
<pin id="819" dir="0" index="0" bw="64" slack="2"/>
<pin id="820" dir="1" index="1" bw="64" slack="2"/>
</pin_list>
<bind>
<opset="zext_ln204 "/>
</bind>
</comp>

<comp id="823" class="1005" name="ma_addr_8_reg_823">
<pin_list>
<pin id="824" dir="0" index="0" bw="4" slack="1"/>
<pin id="825" dir="1" index="1" bw="4" slack="1"/>
</pin_list>
<bind>
<opset="ma_addr_8 "/>
</bind>
</comp>

<comp id="831" class="1005" name="v_44_reg_831">
<pin_list>
<pin id="832" dir="0" index="0" bw="64" slack="1"/>
<pin id="833" dir="1" index="1" bw="64" slack="1"/>
</pin_list>
<bind>
<opset="v_44 "/>
</bind>
</comp>

<comp id="838" class="1005" name="t_reg_838">
<pin_list>
<pin id="839" dir="0" index="0" bw="64" slack="1"/>
<pin id="840" dir="1" index="1" bw="64" slack="1"/>
</pin_list>
<bind>
<opset="t "/>
</bind>
</comp>

</comp_list>

<net_list>
<net id="67"><net_src comp="6" pin="0"/><net_sink comp="64" pin=0"/></net>

<net id="71"><net_src comp="6" pin="0"/><net_sink comp="68" pin=0"/></net>

<net id="75"><net_src comp="6" pin="0"/><net_sink comp="72" pin=0"/></net>

<net id="79"><net_src comp="8" pin="0"/><net_sink comp="76" pin=0"/></net>

<net id="83"><net_src comp="8" pin="0"/><net_sink comp="80" pin=0"/></net>

<net id="87"><net_src comp="8" pin="0"/><net_sink comp="84" pin=0"/></net>

<net id="91"><net_src comp="8" pin="0"/><net_sink comp="88" pin=0"/></net>

<net id="95"><net_src comp="8" pin="0"/><net_sink comp="92" pin=0"/></net>

<net id="99"><net_src comp="8" pin="0"/><net_sink comp="96" pin=0"/></net>

<net id="103"><net_src comp="6" pin="0"/><net_sink comp="100" pin=0"/></net>

<net id="107"><net_src comp="6" pin="0"/><net_sink comp="104" pin=0"/></net>

<net id="111"><net_src comp="6" pin="0"/><net_sink comp="108" pin=0"/></net>

<net id="115"><net_src comp="6" pin="0"/><net_sink comp="112" pin=0"/></net>

<net id="119"><net_src comp="6" pin="0"/><net_sink comp="116" pin=0"/></net>

<net id="125"><net_src comp="0" pin="0"/><net_sink comp="120" pin=0"/></net>

<net id="126"><net_src comp="12" pin="0"/><net_sink comp="120" pin=1"/></net>

<net id="132"><net_src comp="120" pin="3"/><net_sink comp="127" pin=0"/></net>

<net id="138"><net_src comp="2" pin="0"/><net_sink comp="133" pin=0"/></net>

<net id="139"><net_src comp="12" pin="0"/><net_sink comp="133" pin=1"/></net>

<net id="145"><net_src comp="133" pin="3"/><net_sink comp="140" pin=0"/></net>

<net id="151"><net_src comp="0" pin="0"/><net_sink comp="146" pin=0"/></net>

<net id="152"><net_src comp="12" pin="0"/><net_sink comp="146" pin=1"/></net>

<net id="153"><net_src comp="56" pin="0"/><net_sink comp="146" pin=2"/></net>

<net id="154"><net_src comp="146" pin="3"/><net_sink comp="127" pin=0"/></net>

<net id="160"><net_src comp="0" pin="0"/><net_sink comp="155" pin=0"/></net>

<net id="161"><net_src comp="12" pin="0"/><net_sink comp="155" pin=1"/></net>

<net id="162"><net_src comp="155" pin="3"/><net_sink comp="127" pin=0"/></net>

<net id="168"><net_src comp="2" pin="0"/><net_sink comp="163" pin=0"/></net>

<net id="169"><net_src comp="12" pin="0"/><net_sink comp="163" pin=1"/></net>

<net id="170"><net_src comp="163" pin="3"/><net_sink comp="140" pin=0"/></net>

<net id="176"><net_src comp="2" pin="0"/><net_sink comp="171" pin=0"/></net>

<net id="177"><net_src comp="12" pin="0"/><net_sink comp="171" pin=1"/></net>

<net id="178"><net_src comp="56" pin="0"/><net_sink comp="171" pin=2"/></net>

<net id="179"><net_src comp="171" pin="3"/><net_sink comp="140" pin=0"/></net>

<net id="184"><net_src comp="10" pin="0"/><net_sink comp="180" pin=0"/></net>

<net id="185"><net_src comp="2" pin="0"/><net_sink comp="180" pin=1"/></net>

<net id="199"><net_src comp="22" pin="0"/><net_sink comp="186" pin=0"/></net>

<net id="200"><net_src comp="2" pin="0"/><net_sink comp="186" pin=5"/></net>

<net id="201"><net_src comp="4" pin="0"/><net_sink comp="186" pin=10"/></net>

<net id="215"><net_src comp="58" pin="0"/><net_sink comp="202" pin=0"/></net>

<net id="216"><net_src comp="2" pin="0"/><net_sink comp="202" pin=5"/></net>

<net id="217"><net_src comp="4" pin="0"/><net_sink comp="202" pin=10"/></net>

<net id="221"><net_src comp="218" pin="1"/><net_sink comp="202" pin=2"/></net>

<net id="225"><net_src comp="127" pin="3"/><net_sink comp="222" pin=0"/></net>

<net id="230"><net_src comp="12" pin="0"/><net_sink comp="226" pin=0"/></net>

<net id="235"><net_src comp="12" pin="0"/><net_sink comp="231" pin=0"/></net>

<net id="240"><net_src comp="14" pin="0"/><net_sink comp="236" pin=0"/></net>

<net id="247"><net_src comp="244" pin="1"/><net_sink comp="186" pin=2"/></net>

<net id="251"><net_src comp="248" pin="1"/><net_sink comp="186" pin=1"/></net>

<net id="256"><net_src comp="241" pin="1"/><net_sink comp="252" pin=0"/></net>

<net id="257"><net_src comp="16" pin="0"/><net_sink comp="252" pin=1"/></net>

<net id="262"><net_src comp="241" pin="1"/><net_sink comp="258" pin=0"/></net>

<net id="263"><net_src comp="18" pin="0"/><net_sink comp="258" pin=1"/></net>

<net id="267"><net_src comp="241" pin="1"/><net_sink comp="264" pin=0"/></net>

<net id="268"><net_src comp="264" pin="1"/><net_sink comp="186" pin=3"/></net>

<net id="269"><net_src comp="264" pin="1"/><net_sink comp="186" pin=6"/></net>

<net id="273"><net_src comp="264" pin="1"/><net_sink comp="270" pin=0"/></net>

<net id="278"><net_src comp="270" pin="1"/><net_sink comp="274" pin=0"/></net>

<net id="279"><net_src comp="20" pin="0"/><net_sink comp="274" pin=1"/></net>

<net id="280"><net_src comp="274" pin="2"/><net_sink comp="186" pin=4"/></net>

<net id="285"><net_src comp="258" pin="2"/><net_sink comp="281" pin=0"/></net>

<net id="290"><net_src comp="16" pin="0"/><net_sink comp="286" pin=0"/></net>

<net id="295"><net_src comp="18" pin="0"/><net_sink comp="291" pin=0"/></net>

<net id="300"><net_src comp="248" pin="1"/><net_sink comp="296" pin=0"/></net>

<net id="305"><net_src comp="244" pin="1"/><net_sink comp="301" pin=0"/></net>

<net id="310"><net_src comp="24" pin="0"/><net_sink comp="306" pin=0"/></net>

<net id="314"><net_src comp="311" pin="1"/><net_sink comp="120" pin=2"/></net>

<net id="322"><net_src comp="127" pin="3"/><net_sink comp="318" pin=0"/></net>

<net id="323"><net_src comp="315" pin="1"/><net_sink comp="318" pin=1"/></net>

<net id="338"><net_src comp="222" pin="1"/><net_sink comp="334" pin=0"/></net>

<net id="343"><net_src comp="334" pin="2"/><net_sink comp="339" pin=0"/></net>

<net id="344"><net_src comp="330" pin="2"/><net_sink comp="339" pin=1"/></net>

<net id="349"><net_src comp="339" pin="2"/><net_sink comp="345" pin=0"/></net>

<net id="355"><net_src comp="26" pin="0"/><net_sink comp="350" pin=0"/></net>

<net id="356"><net_src comp="345" pin="2"/><net_sink comp="350" pin=1"/></net>

<net id="357"><net_src comp="28" pin="0"/><net_sink comp="350" pin=2"/></net>

<net id="361"><net_src comp="350" pin="3"/><net_sink comp="358" pin=0"/></net>

<net id="366"><net_src comp="324" pin="1"/><net_sink comp="362" pin=0"/></net>

<net id="367"><net_src comp="358" pin="1"/><net_sink comp="362" pin=1"/></net>

<net id="373"><net_src comp="30" pin="0"/><net_sink comp="368" pin=0"/></net>

<net id="374"><net_src comp="362" pin="2"/><net_sink comp="368" pin=1"/></net>

<net id="375"><net_src comp="32" pin="0"/><net_sink comp="368" pin=2"/></net>

<net id="380"><net_src comp="368" pin="3"/><net_sink comp="376" pin=0"/></net>

<net id="381"><net_src comp="34" pin="0"/><net_sink comp="376" pin=1"/></net>

<net id="385"><net_src comp="362" pin="2"/><net_sink comp="382" pin=0"/></net>

<net id="391"><net_src comp="36" pin="0"/><net_sink comp="386" pin=0"/></net>

<net id="392"><net_src comp="376" pin="2"/><net_sink comp="386" pin=1"/></net>

<net id="393"><net_src comp="382" pin="1"/><net_sink comp="386" pin=2"/></net>

<net id="398"><net_src comp="324" pin="1"/><net_sink comp="394" pin=0"/></net>

<net id="399"><net_src comp="386" pin="3"/><net_sink comp="394" pin=1"/></net>

<net id="405"><net_src comp="26" pin="0"/><net_sink comp="400" pin=0"/></net>

<net id="406"><net_src comp="394" pin="2"/><net_sink comp="400" pin=1"/></net>

<net id="407"><net_src comp="28" pin="0"/><net_sink comp="400" pin=2"/></net>

<net id="411"><net_src comp="400" pin="3"/><net_sink comp="408" pin=0"/></net>

<net id="416"><net_src comp="327" pin="1"/><net_sink comp="412" pin=0"/></net>

<net id="417"><net_src comp="408" pin="1"/><net_sink comp="412" pin=1"/></net>

<net id="423"><net_src comp="38" pin="0"/><net_sink comp="418" pin=0"/></net>

<net id="424"><net_src comp="34" pin="0"/><net_sink comp="418" pin=1"/></net>

<net id="428"><net_src comp="418" pin="3"/><net_sink comp="425" pin=0"/></net>

<net id="429"><net_src comp="425" pin="1"/><net_sink comp="133" pin=2"/></net>

<net id="434"><net_src comp="362" pin="2"/><net_sink comp="430" pin=0"/></net>

<net id="446"><net_src comp="439" pin="1"/><net_sink comp="442" pin=0"/></net>

<net id="447"><net_src comp="48" pin="0"/><net_sink comp="442" pin=1"/></net>

<net id="455"><net_src comp="448" pin="1"/><net_sink comp="451" pin=0"/></net>

<net id="456"><net_src comp="50" pin="0"/><net_sink comp="451" pin=1"/></net>

<net id="461"><net_src comp="448" pin="1"/><net_sink comp="457" pin=0"/></net>

<net id="462"><net_src comp="52" pin="0"/><net_sink comp="457" pin=1"/></net>

<net id="468"><net_src comp="451" pin="2"/><net_sink comp="463" pin=0"/></net>

<net id="469"><net_src comp="457" pin="2"/><net_sink comp="463" pin=1"/></net>

<net id="470"><net_src comp="50" pin="0"/><net_sink comp="463" pin=2"/></net>

<net id="475"><net_src comp="54" pin="0"/><net_sink comp="471" pin=0"/></net>

<net id="476"><net_src comp="463" pin="3"/><net_sink comp="471" pin=1"/></net>

<net id="481"><net_src comp="439" pin="1"/><net_sink comp="477" pin=0"/></net>

<net id="482"><net_src comp="18" pin="0"/><net_sink comp="477" pin=1"/></net>

<net id="487"><net_src comp="477" pin="2"/><net_sink comp="483" pin=0"/></net>

<net id="492"><net_src comp="463" pin="3"/><net_sink comp="488" pin=0"/></net>

<net id="496"><net_src comp="493" pin="1"/><net_sink comp="202" pin=3"/></net>

<net id="503"><net_src comp="497" pin="1"/><net_sink comp="500" pin=0"/></net>

<net id="504"><net_src comp="500" pin="1"/><net_sink comp="202" pin=1"/></net>

<net id="508"><net_src comp="505" pin="1"/><net_sink comp="202" pin=6"/></net>

<net id="513"><net_src comp="497" pin="1"/><net_sink comp="509" pin=0"/></net>

<net id="514"><net_src comp="18" pin="0"/><net_sink comp="509" pin=1"/></net>

<net id="519"><net_src comp="509" pin="2"/><net_sink comp="515" pin=0"/></net>

<net id="523"><net_src comp="520" pin="1"/><net_sink comp="155" pin=2"/></net>

<net id="531"><net_src comp="127" pin="3"/><net_sink comp="527" pin=0"/></net>

<net id="532"><net_src comp="524" pin="1"/><net_sink comp="527" pin=1"/></net>

<net id="547"><net_src comp="222" pin="1"/><net_sink comp="543" pin=0"/></net>

<net id="552"><net_src comp="543" pin="2"/><net_sink comp="548" pin=0"/></net>

<net id="553"><net_src comp="539" pin="2"/><net_sink comp="548" pin=1"/></net>

<net id="558"><net_src comp="548" pin="2"/><net_sink comp="554" pin=0"/></net>

<net id="564"><net_src comp="26" pin="0"/><net_sink comp="559" pin=0"/></net>

<net id="565"><net_src comp="554" pin="2"/><net_sink comp="559" pin=1"/></net>

<net id="566"><net_src comp="28" pin="0"/><net_sink comp="559" pin=2"/></net>

<net id="570"><net_src comp="559" pin="3"/><net_sink comp="567" pin=0"/></net>

<net id="575"><net_src comp="533" pin="1"/><net_sink comp="571" pin=0"/></net>

<net id="576"><net_src comp="567" pin="1"/><net_sink comp="571" pin=1"/></net>

<net id="582"><net_src comp="30" pin="0"/><net_sink comp="577" pin=0"/></net>

<net id="583"><net_src comp="571" pin="2"/><net_sink comp="577" pin=1"/></net>

<net id="584"><net_src comp="32" pin="0"/><net_sink comp="577" pin=2"/></net>

<net id="589"><net_src comp="577" pin="3"/><net_sink comp="585" pin=0"/></net>

<net id="590"><net_src comp="34" pin="0"/><net_sink comp="585" pin=1"/></net>

<net id="594"><net_src comp="571" pin="2"/><net_sink comp="591" pin=0"/></net>

<net id="600"><net_src comp="36" pin="0"/><net_sink comp="595" pin=0"/></net>

<net id="601"><net_src comp="585" pin="2"/><net_sink comp="595" pin=1"/></net>

<net id="602"><net_src comp="591" pin="1"/><net_sink comp="595" pin=2"/></net>

<net id="607"><net_src comp="533" pin="1"/><net_sink comp="603" pin=0"/></net>

<net id="608"><net_src comp="595" pin="3"/><net_sink comp="603" pin=1"/></net>

<net id="614"><net_src comp="26" pin="0"/><net_sink comp="609" pin=0"/></net>

<net id="615"><net_src comp="603" pin="2"/><net_sink comp="609" pin=1"/></net>

<net id="616"><net_src comp="28" pin="0"/><net_sink comp="609" pin=2"/></net>

<net id="620"><net_src comp="609" pin="3"/><net_sink comp="617" pin=0"/></net>

<net id="625"><net_src comp="536" pin="1"/><net_sink comp="621" pin=0"/></net>

<net id="626"><net_src comp="617" pin="1"/><net_sink comp="621" pin=1"/></net>

<net id="631"><net_src comp="571" pin="2"/><net_sink comp="627" pin=0"/></net>

<net id="640"><net_src comp="222" pin="1"/><net_sink comp="636" pin=0"/></net>

<net id="641"><net_src comp="218" pin="1"/><net_sink comp="636" pin=1"/></net>

<net id="642"><net_src comp="636" pin="2"/><net_sink comp="140" pin=1"/></net>

<net id="646"><net_src comp="64" pin="1"/><net_sink comp="643" pin=0"/></net>

<net id="647"><net_src comp="643" pin="1"/><net_sink comp="236" pin=1"/></net>

<net id="648"><net_src comp="643" pin="1"/><net_sink comp="241" pin=0"/></net>

<net id="649"><net_src comp="643" pin="1"/><net_sink comp="281" pin=1"/></net>

<net id="653"><net_src comp="68" pin="1"/><net_sink comp="650" pin=0"/></net>

<net id="654"><net_src comp="650" pin="1"/><net_sink comp="231" pin=1"/></net>

<net id="655"><net_src comp="650" pin="1"/><net_sink comp="244" pin=0"/></net>

<net id="656"><net_src comp="650" pin="1"/><net_sink comp="435" pin=1"/></net>

<net id="660"><net_src comp="72" pin="1"/><net_sink comp="657" pin=0"/></net>

<net id="661"><net_src comp="657" pin="1"/><net_sink comp="226" pin=1"/></net>

<net id="662"><net_src comp="657" pin="1"/><net_sink comp="248" pin=0"/></net>

<net id="663"><net_src comp="657" pin="1"/><net_sink comp="430" pin=1"/></net>

<net id="667"><net_src comp="76" pin="1"/><net_sink comp="664" pin=0"/></net>

<net id="668"><net_src comp="664" pin="1"/><net_sink comp="202" pin=9"/></net>

<net id="669"><net_src comp="664" pin="1"/><net_sink comp="536" pin=0"/></net>

<net id="673"><net_src comp="80" pin="1"/><net_sink comp="670" pin=0"/></net>

<net id="674"><net_src comp="670" pin="1"/><net_sink comp="202" pin=8"/></net>

<net id="675"><net_src comp="670" pin="1"/><net_sink comp="533" pin=0"/></net>

<net id="679"><net_src comp="84" pin="1"/><net_sink comp="676" pin=0"/></net>

<net id="680"><net_src comp="676" pin="1"/><net_sink comp="202" pin=7"/></net>

<net id="681"><net_src comp="676" pin="1"/><net_sink comp="524" pin=0"/></net>

<net id="685"><net_src comp="88" pin="1"/><net_sink comp="682" pin=0"/></net>

<net id="686"><net_src comp="682" pin="1"/><net_sink comp="186" pin=9"/></net>

<net id="687"><net_src comp="682" pin="1"/><net_sink comp="327" pin=0"/></net>

<net id="691"><net_src comp="92" pin="1"/><net_sink comp="688" pin=0"/></net>

<net id="692"><net_src comp="688" pin="1"/><net_sink comp="186" pin=8"/></net>

<net id="693"><net_src comp="688" pin="1"/><net_sink comp="324" pin=0"/></net>

<net id="697"><net_src comp="96" pin="1"/><net_sink comp="694" pin=0"/></net>

<net id="698"><net_src comp="694" pin="1"/><net_sink comp="186" pin=7"/></net>

<net id="699"><net_src comp="694" pin="1"/><net_sink comp="315" pin=0"/></net>

<net id="703"><net_src comp="241" pin="1"/><net_sink comp="700" pin=0"/></net>

<net id="704"><net_src comp="700" pin="1"/><net_sink comp="311" pin=0"/></net>

<net id="717"><net_src comp="264" pin="1"/><net_sink comp="714" pin=0"/></net>

<net id="718"><net_src comp="714" pin="1"/><net_sink comp="186" pin=3"/></net>

<net id="719"><net_src comp="714" pin="1"/><net_sink comp="186" pin=6"/></net>

<net id="720"><net_src comp="714" pin="1"/><net_sink comp="418" pin=2"/></net>

<net id="724"><net_src comp="274" pin="2"/><net_sink comp="721" pin=0"/></net>

<net id="725"><net_src comp="721" pin="1"/><net_sink comp="186" pin=4"/></net>

<net id="729"><net_src comp="100" pin="1"/><net_sink comp="726" pin=0"/></net>

<net id="730"><net_src comp="726" pin="1"/><net_sink comp="306" pin=1"/></net>

<net id="731"><net_src comp="726" pin="1"/><net_sink comp="448" pin=0"/></net>

<net id="732"><net_src comp="726" pin="1"/><net_sink comp="488" pin=1"/></net>

<net id="736"><net_src comp="104" pin="1"/><net_sink comp="733" pin=0"/></net>

<net id="737"><net_src comp="733" pin="1"/><net_sink comp="301" pin=1"/></net>

<net id="738"><net_src comp="733" pin="1"/><net_sink comp="493" pin=0"/></net>

<net id="739"><net_src comp="733" pin="1"/><net_sink comp="632" pin=1"/></net>

<net id="743"><net_src comp="108" pin="1"/><net_sink comp="740" pin=0"/></net>

<net id="744"><net_src comp="740" pin="1"/><net_sink comp="296" pin=1"/></net>

<net id="745"><net_src comp="740" pin="1"/><net_sink comp="218" pin=0"/></net>

<net id="746"><net_src comp="740" pin="1"/><net_sink comp="627" pin=1"/></net>

<net id="750"><net_src comp="112" pin="1"/><net_sink comp="747" pin=0"/></net>

<net id="751"><net_src comp="747" pin="1"/><net_sink comp="291" pin=1"/></net>

<net id="752"><net_src comp="747" pin="1"/><net_sink comp="497" pin=0"/></net>

<net id="753"><net_src comp="747" pin="1"/><net_sink comp="515" pin=1"/></net>

<net id="757"><net_src comp="116" pin="1"/><net_sink comp="754" pin=0"/></net>

<net id="758"><net_src comp="754" pin="1"/><net_sink comp="286" pin=1"/></net>

<net id="759"><net_src comp="754" pin="1"/><net_sink comp="439" pin=0"/></net>

<net id="760"><net_src comp="754" pin="1"/><net_sink comp="483" pin=1"/></net>

<net id="764"><net_src comp="120" pin="3"/><net_sink comp="761" pin=0"/></net>

<net id="765"><net_src comp="761" pin="1"/><net_sink comp="127" pin=0"/></net>

<net id="772"><net_src comp="318" pin="2"/><net_sink comp="769" pin=0"/></net>

<net id="773"><net_src comp="769" pin="1"/><net_sink comp="330" pin=1"/></net>

<net id="774"><net_src comp="769" pin="1"/><net_sink comp="345" pin=1"/></net>

<net id="775"><net_src comp="769" pin="1"/><net_sink comp="140" pin=1"/></net>

<net id="779"><net_src comp="412" pin="2"/><net_sink comp="776" pin=0"/></net>

<net id="780"><net_src comp="776" pin="1"/><net_sink comp="435" pin=0"/></net>

<net id="784"><net_src comp="439" pin="1"/><net_sink comp="781" pin=0"/></net>

<net id="785"><net_src comp="781" pin="1"/><net_sink comp="505" pin=0"/></net>

<net id="786"><net_src comp="781" pin="1"/><net_sink comp="520" pin=0"/></net>

<net id="793"><net_src comp="471" pin="2"/><net_sink comp="790" pin=0"/></net>

<net id="794"><net_src comp="790" pin="1"/><net_sink comp="202" pin=4"/></net>

<net id="798"><net_src comp="146" pin="3"/><net_sink comp="795" pin=0"/></net>

<net id="799"><net_src comp="795" pin="1"/><net_sink comp="127" pin=0"/></net>

<net id="806"><net_src comp="218" pin="1"/><net_sink comp="803" pin=0"/></net>

<net id="807"><net_src comp="803" pin="1"/><net_sink comp="202" pin=2"/></net>

<net id="811"><net_src comp="500" pin="1"/><net_sink comp="808" pin=0"/></net>

<net id="812"><net_src comp="808" pin="1"/><net_sink comp="202" pin=1"/></net>

<net id="816"><net_src comp="505" pin="1"/><net_sink comp="813" pin=0"/></net>

<net id="817"><net_src comp="813" pin="1"/><net_sink comp="202" pin=6"/></net>

<net id="821"><net_src comp="520" pin="1"/><net_sink comp="818" pin=0"/></net>

<net id="822"><net_src comp="818" pin="1"/><net_sink comp="163" pin=2"/></net>

<net id="826"><net_src comp="155" pin="3"/><net_sink comp="823" pin=0"/></net>

<net id="827"><net_src comp="823" pin="1"/><net_sink comp="127" pin=0"/></net>

<net id="834"><net_src comp="527" pin="2"/><net_sink comp="831" pin=0"/></net>

<net id="835"><net_src comp="831" pin="1"/><net_sink comp="539" pin=1"/></net>

<net id="836"><net_src comp="831" pin="1"/><net_sink comp="554" pin=1"/></net>

<net id="837"><net_src comp="831" pin="1"/><net_sink comp="140" pin=1"/></net>

<net id="841"><net_src comp="621" pin="2"/><net_sink comp="838" pin=0"/></net>

<net id="842"><net_src comp="838" pin="1"/><net_sink comp="632" pin=0"/></net>

</net_list>

</model> 
---------------- Datapath Model END ------------------

* FSMD analyzer results:
  - Output states:
	Port: R_Z | {1 2 6 12 15 }
 - Input state : 
	Port: rdc_mont.2 : ma | {4 5 8 10 11 14 }
	Port: rdc_mont.2 : R_Z | {3 4 9 10 }
	Port: rdc_mont.2 : p503p1_1 | {3 4 9 10 }
  - Chain level:
	State 1
		store_ln180 : 1
		store_ln180 : 1
		store_ln179 : 1
	State 2
	State 3
		icmp_ln186 : 1
		add_ln186 : 1
		br_ln186 : 2
		trunc_ln186 : 1
		zext_ln187 : 2
		add_ln187 : 3
		call_ln186 : 4
		store_ln179 : 2
		store_ln179 : 1
		store_ln0 : 1
		store_ln180 : 1
		store_ln180 : 1
		store_ln179 : 1
	State 4
		ma_addr_7 : 1
		ma_load_7 : 2
	State 5
		v_42 : 1
	State 6
		zext_ln105 : 1
		v_46 : 2
		bit_sel1 : 3
		xor_ln105_66 : 4
		trunc_ln105 : 3
		xor_ln105_s : 4
		and_ln105 : 5
		carry_20 : 5
		zext_ln105_21 : 6
		u_41 : 7
		zext_ln198 : 1
		R_Z_addr : 2
		store_ln198 : 3
		store_ln180 : 3
	State 7
	State 8
		icmp_ln204 : 1
		br_ln204 : 2
		icmp_ln205 : 1
		add_ln206 : 1
		count_4 : 2
		sub66 : 3
		add_ln204 : 1
		store_ln179 : 2
		store_ln179 : 3
		ma_load : 1
	State 9
		trunc_ln204 : 1
		call_ln204 : 2
		add_ln204_4 : 1
		store_ln204 : 2
	State 10
		ma_addr_8 : 1
		ma_load_8 : 2
	State 11
		v_44 : 1
	State 12
		zext_ln105_22 : 1
		tempReg : 2
		bit_sel2 : 3
		xor_ln105_70 : 4
		trunc_ln105_14 : 3
		xor_ln105_3 : 4
		and_ln105_4 : 5
		carry_22 : 5
		zext_ln105_23 : 6
		t : 7
		store_ln219 : 1
		store_ln180 : 3
	State 13
	State 14
	State 15
		v : 1
		store_ln225 : 2


============================================================
+ Verbose Summary: Datapath Resource usage 
============================================================

* Functional unit list:
|----------|-------------------------------------------------|---------|---------|---------|---------|
| Operation|                 Functional Unit                 |   DSP   |  Delay  |    FF   |   LUT   |
|----------|-------------------------------------------------|---------|---------|---------|---------|
|          | grp_rdc_mont_2_Pipeline_VITIS_LOOP_182_1_fu_180 |    0    |    0    |    4    |    26   |
|   call   | grp_rdc_mont_2_Pipeline_VITIS_LOOP_187_3_fu_186 |    16   |  15.88  |   1734  |   1724  |
|          | grp_rdc_mont_2_Pipeline_VITIS_LOOP_208_5_fu_202 |    16   |  15.88  |   1735  |   1756  |
|----------|-------------------------------------------------|---------|---------|---------|---------|
|          |                 add_ln186_fu_258                |    0    |    0    |    0    |    13   |
|          |                 add_ln187_fu_274                |    0    |    0    |    0    |    11   |
|          |                   v_42_fu_318                   |    0    |    0    |    0    |    71   |
|          |                   v_46_fu_362                   |    0    |    0    |    0    |    71   |
|          |                   u_41_fu_412                   |    0    |    0    |    0    |    71   |
|    add   |                 add_ln206_fu_457                |    0    |    0    |    0    |    39   |
|          |                 add_ln204_fu_477                |    0    |    0    |    0    |    13   |
|          |                add_ln204_4_fu_509               |    0    |    0    |    0    |    13   |
|          |                   v_44_fu_527                   |    0    |    0    |    0    |    71   |
|          |                  tempReg_fu_571                 |    0    |    0    |    0    |    71   |
|          |                     t_fu_621                    |    0    |    0    |    0    |    71   |
|          |                     v_fu_636                    |    0    |    0    |    0    |    71   |
|----------|-------------------------------------------------|---------|---------|---------|---------|
|          |                 xor_ln105_fu_330                |    0    |    0    |    0    |    64   |
|          |               xor_ln105_64_fu_334               |    0    |    0    |    0    |    64   |
|          |               xor_ln105_65_fu_345               |    0    |    0    |    0    |    64   |
|    xor   |               xor_ln105_66_fu_376               |    0    |    0    |    0    |    2    |
|          |               xor_ln105_67_fu_539               |    0    |    0    |    0    |    64   |
|          |               xor_ln105_68_fu_543               |    0    |    0    |    0    |    64   |
|          |               xor_ln105_69_fu_554               |    0    |    0    |    0    |    64   |
|          |               xor_ln105_70_fu_585               |    0    |    0    |    0    |    2    |
|----------|-------------------------------------------------|---------|---------|---------|---------|
|    or    |                 or_ln105_fu_339                 |    0    |    0    |    0    |    64   |
|          |                or_ln105_12_fu_548               |    0    |    0    |    0    |    64   |
|----------|-------------------------------------------------|---------|---------|---------|---------|
|    and   |                 and_ln105_fu_394                |    0    |    0    |    0    |    64   |
|          |                and_ln105_4_fu_603               |    0    |    0    |    0    |    64   |
|----------|-------------------------------------------------|---------|---------|---------|---------|
|          |                icmp_ln186_fu_252                |    0    |    0    |    0    |    13   |
|   icmp   |                icmp_ln204_fu_442                |    0    |    0    |    0    |    13   |
|          |                icmp_ln205_fu_451                |    0    |    0    |    0    |    39   |
|----------|-------------------------------------------------|---------|---------|---------|---------|
|    sub   |                   sub66_fu_471                  |    0    |    0    |    0    |    39   |
|----------|-------------------------------------------------|---------|---------|---------|---------|
|  select  |                  count_4_fu_463                 |    0    |    0    |    0    |    32   |
|----------|-------------------------------------------------|---------|---------|---------|---------|
|          |                trunc_ln186_fu_264               |    0    |    0    |    0    |    0    |
|          |                trunc_ln105_fu_382               |    0    |    0    |    0    |    0    |
|   trunc  |                trunc_ln204_fu_500               |    0    |    0    |    0    |    0    |
|          |               trunc_ln204_5_fu_505              |    0    |    0    |    0    |    0    |
|          |              trunc_ln105_14_fu_591              |    0    |    0    |    0    |    0    |
|----------|-------------------------------------------------|---------|---------|---------|---------|
|          |                zext_ln187_fu_270                |    0    |    0    |    0    |    0    |
|          |                zext_ln186_fu_311                |    0    |    0    |    0    |    0    |
|          |                zext_ln105_fu_358                |    0    |    0    |    0    |    0    |
|   zext   |               zext_ln105_21_fu_408              |    0    |    0    |    0    |    0    |
|          |                zext_ln198_fu_425                |    0    |    0    |    0    |    0    |
|          |                zext_ln204_fu_520                |    0    |    0    |    0    |    0    |
|          |               zext_ln105_22_fu_567              |    0    |    0    |    0    |    0    |
|          |               zext_ln105_23_fu_617              |    0    |    0    |    0    |    0    |
|----------|-------------------------------------------------|---------|---------|---------|---------|
|          |                   carry_fu_350                  |    0    |    0    |    0    |    0    |
|          |                 bit_sel1_fu_368                 |    0    |    0    |    0    |    0    |
| bitselect|                 carry_20_fu_400                 |    0    |    0    |    0    |    0    |
|          |                 carry_21_fu_559                 |    0    |    0    |    0    |    0    |
|          |                 bit_sel2_fu_577                 |    0    |    0    |    0    |    0    |
|          |                 carry_22_fu_609                 |    0    |    0    |    0    |    0    |
|----------|-------------------------------------------------|---------|---------|---------|---------|
|          |                xor_ln105_s_fu_386               |    0    |    0    |    0    |    0    |
|bitconcatenate|                  zext_ln_fu_418                 |    0    |    0    |    0    |    0    |
|          |                xor_ln105_3_fu_595               |    0    |    0    |    0    |    0    |
|----------|-------------------------------------------------|---------|---------|---------|---------|
|   Total  |                                                 |    32   |  31.76  |   3473  |   4872  |
|----------|-------------------------------------------------|---------|---------|---------|---------|

Memories:
N/A

* Register list:
+---------------------+--------+
|                     |   FF   |
+---------------------+--------+
|  add_ln187_reg_721  |    4   |
|    count_reg_726    |   32   |
|     i_7_reg_643     |    4   |
|     i_8_reg_754     |    4   |
|     i_9_reg_781     |    4   |
|      i_reg_700      |    4   |
|  indvars_iv_reg_747 |    4   |
|  ma_addr_7_reg_761  |    4   |
|  ma_addr_8_reg_823  |    4   |
|   ma_addr_reg_795   |    4   |
|       reg_222       |   64   |
|    sub66_reg_790    |   32   |
|   t_20_loc_reg_664  |   64   |
|    t_loc_reg_682    |   64   |
|      t_reg_838      |   64   |
| trunc_ln186_reg_714 |    3   |
|trunc_ln204_5_reg_813|    3   |
| trunc_ln204_reg_808 |    3   |
|    u_024_reg_650    |   64   |
|   u_35_loc_reg_688  |   64   |
|   u_39_loc_reg_670  |   64   |
|     u_41_reg_776    |   64   |
|      u_reg_733      |   64   |
|    v_025_reg_657    |   64   |
| v_36_load_1_reg_803 |   64   |
|     v_36_reg_740    |   64   |
|   v_39_loc_reg_694  |   64   |
|     v_42_reg_769    |   64   |
|   v_43_loc_reg_676  |   64   |
|     v_44_reg_831    |   64   |
|  zext_ln204_reg_818 |   64   |
+---------------------+--------+
|        Total        |  1197  |
+---------------------+--------+

* Multiplexer (MUX) list: 
|-------------------------------------------------|------|------|------|--------||---------||---------||---------|
|                       Comp                      |  Pin | Size |  BW  | S x BW ||  Delay  ||    FF   ||   LUT   |
|-------------------------------------------------|------|------|------|--------||---------||---------||---------|
|                grp_access_fu_127                |  p0  |   6  |   4  |   24   ||    0    ||    31   |
|                grp_access_fu_140                |  p0  |   3  |   4  |   12   ||    0    ||    14   |
|                grp_access_fu_140                |  p1  |   3  |  64  |   192  ||    0    ||    14   |
| grp_rdc_mont_2_Pipeline_VITIS_LOOP_187_3_fu_186 |  p3  |   2  |   3  |    6   ||    0    ||    9    |
| grp_rdc_mont_2_Pipeline_VITIS_LOOP_187_3_fu_186 |  p4  |   2  |   4  |    8   ||    0    ||    9    |
| grp_rdc_mont_2_Pipeline_VITIS_LOOP_187_3_fu_186 |  p6  |   2  |   3  |    6   ||    0    ||    9    |
| grp_rdc_mont_2_Pipeline_VITIS_LOOP_208_5_fu_202 |  p1  |   2  |   3  |    6   ||    0    ||    9    |
| grp_rdc_mont_2_Pipeline_VITIS_LOOP_208_5_fu_202 |  p2  |   2  |  64  |   128  ||    0    ||    9    |
| grp_rdc_mont_2_Pipeline_VITIS_LOOP_208_5_fu_202 |  p6  |   2  |   3  |    6   ||    0    ||    9    |
|-------------------------------------------------|------|------|------|--------||---------||---------||---------|
|                      Total                      |      |      |      |   388  || 15.0078 ||    0    ||   113   |
|-------------------------------------------------|------|------|------|--------||---------||---------||---------|



* Summary:
+-----------+--------+--------+--------+--------+
|           |   DSP  |  Delay |   FF   |   LUT  |
+-----------+--------+--------+--------+--------+
|  Function |   32   |   31   |  3473  |  4872  |
|   Memory  |    -   |    -   |    -   |    -   |
|Multiplexer|    -   |   15   |    0   |   113  |
|  Register |    -   |    -   |  1197  |    -   |
+-----------+--------+--------+--------+--------+
|   Total   |   32   |   46   |  4670  |  4985  |
+-----------+--------+--------+--------+--------+
