

================================================================
== Vitis HLS Report for 'rdc_mont_5'
================================================================
* Date:           Mon Oct 20 14:39:51 2025

* Version:        2024.2.2 (Build 6049644 on Mar  5 2025)
* Project:        sikep503_hls
* Solution:       solution1 (Vivado IP Flow Target)
* Product family: virtexuplus58g
* Target device:  xcvu29p-fsga2577-2L-e


================================================================
== Performance Estimates
================================================================
+ Timing: 
    * Summary: 
    +--------+----------+----------+------------+
    |  Clock |  Target  | Estimated| Uncertainty|
    +--------+----------+----------+------------+
    |ap_clk  |  10.00 ns|  6.710 ns|     2.70 ns|
    +--------+----------+----------+------------+

+ Latency: 
    * Summary: 
    +---------+---------+----------+----------+-----+-----+---------+
    |  Latency (cycles) |  Latency (absolute) |  Interval | Pipeline|
    |   min   |   max   |    min   |    max   | min | max |   Type  |
    +---------+---------+----------+----------+-----+-----+---------+
    |      110|      224|  1.100 us|  2.240 us|  110|  224|       no|
    +---------+---------+----------+----------+-----+-----+---------+

    + Detail: 
        * Instance: 
        +-------------------------------------------------+--------------------------------------+---------+---------+-----------+----------+-----+-----+------------------------------------------------+
        |                                                 |                                      |  Latency (cycles) |  Latency (absolute)  |  Interval |                    Pipeline                    |
        |                     Instance                    |                Module                |   min   |   max   |    min    |    max   | min | max |                      Type                      |
        +-------------------------------------------------+--------------------------------------+---------+---------+-----------+----------+-----+-----+------------------------------------------------+
        |grp_rdc_mont_5_Pipeline_VITIS_LOOP_306_1_fu_210  |rdc_mont_5_Pipeline_VITIS_LOOP_306_1  |       10|       10|   0.100 us|  0.100 us|    9|    9|  loop auto-rewind stp (delay=0 clock cycles(s))|
        |grp_rdc_mont_5_Pipeline_VITIS_LOOP_314_3_fu_217  |rdc_mont_5_Pipeline_VITIS_LOOP_314_3  |        2|       11|  20.000 ns|  0.110 us|    1|    8|  loop auto-rewind stp (delay=0 clock cycles(s))|
        |grp_rdc_mont_5_Pipeline_VITIS_LOOP_340_5_fu_235  |rdc_mont_5_Pipeline_VITIS_LOOP_340_5  |        5|       11|  50.000 ns|  0.110 us|    2|    8|  loop auto-rewind stp (delay=0 clock cycles(s))|
        +-------------------------------------------------+--------------------------------------+---------+---------+-----------+----------+-----+-----+------------------------------------------------+

        * Loop: 
        +--------------------+---------+---------+----------+-----------+-----------+------+----------+
        |                    |  Latency (cycles) | Iteration|  Initiation Interval  | Trip |          |
        |      Loop Name     |   min   |   max   |  Latency |  achieved |   target  | Count| Pipelined|
        +--------------------+---------+---------+----------+-----------+-----------+------+----------+
        |- VITIS_LOOP_312_2  |       40|      112|    5 ~ 14|          -|          -|     8|        no|
        |- VITIS_LOOP_334_4  |       56|       98|    8 ~ 14|          -|          -|     7|        no|
        +--------------------+---------+---------+----------+-----------+-----------+------+----------+



================================================================
== Utilization Estimates
================================================================
* Summary: 
+---------------------+---------+-------+---------+---------+------+
|         Name        | BRAM_18K|  DSP  |    FF   |   LUT   | URAM |
+---------------------+---------+-------+---------+---------+------+
|DSP                  |        -|      -|        -|        -|     -|
|Expression           |        -|      -|        0|     1378|     -|
|FIFO                 |        -|      -|        -|        -|     -|
|Instance             |        0|     16|     1189|     2797|     -|
|Memory               |        -|      -|        -|        -|     -|
|Multiplexer          |        -|      -|        0|      286|     -|
|Register             |        -|      -|      447|        -|     -|
+---------------------+---------+-------+---------+---------+------+
|Total                |        0|     16|     1636|     4461|     0|
+---------------------+---------+-------+---------+---------+------+
|Available SLR        |     1344|   3072|   864000|   432000|   320|
+---------------------+---------+-------+---------+---------+------+
|Utilization SLR (%)  |        0|     ~0|       ~0|        1|     0|
+---------------------+---------+-------+---------+---------+------+
|Available            |     5376|  12288|  3456000|  1728000|  1280|
+---------------------+---------+-------+---------+---------+------+
|Utilization (%)      |        0|     ~0|       ~0|       ~0|     0|
+---------------------+---------+-------+---------+---------+------+

+ Detail: 
    * Instance: 
    +-------------------------------------------------+--------------------------------------+---------+----+-----+------+-----+
    |                     Instance                    |                Module                | BRAM_18K| DSP|  FF |  LUT | URAM|
    +-------------------------------------------------+--------------------------------------+---------+----+-----+------+-----+
    |grp_digit_x_digit_fu_923                         |digit_x_digit                         |        0|  16|  132|   483|    0|
    |grp_rdc_mont_5_Pipeline_VITIS_LOOP_306_1_fu_210  |rdc_mont_5_Pipeline_VITIS_LOOP_306_1  |        0|   0|    6|    65|    0|
    |grp_rdc_mont_5_Pipeline_VITIS_LOOP_314_3_fu_217  |rdc_mont_5_Pipeline_VITIS_LOOP_314_3  |        0|   0|  525|  1102|    0|
    |grp_rdc_mont_5_Pipeline_VITIS_LOOP_340_5_fu_235  |rdc_mont_5_Pipeline_VITIS_LOOP_340_5  |        0|   0|  526|  1147|    0|
    +-------------------------------------------------+--------------------------------------+---------+----+-----+------+-----+
    |Total                                            |                                      |        0|  16| 1189|  2797|    0|
    +-------------------------------------------------+--------------------------------------+---------+----+-----+------+-----+

    * DSP: 
    N/A

    * Memory: 
    N/A

    * FIFO: 
    N/A

    * Expression: 
    +------------------------+----------+----+---+----+------------+------------+
    |      Variable Name     | Operation| DSP| FF| LUT| Bitwidth P0| Bitwidth P1|
    +------------------------+----------+----+---+----+------------+------------+
    |add_ln312_fu_316_p2     |         +|   0|  0|  12|           4|           1|
    |add_ln314_fu_332_p2     |         +|   0|  0|  12|           4|           3|
    |add_ln327_fu_376_p2     |         +|   0|  0|  14|           7|           7|
    |add_ln334_4_fu_565_p2   |         +|   0|  0|  12|           4|           1|
    |add_ln334_fu_559_p2     |         +|   0|  0|  12|           4|           1|
    |add_ln338_fu_538_p2     |         +|   0|  0|  39|          32|           2|
    |t_fu_692_p2             |         +|   0|  0|  71|          64|          64|
    |tempReg_fu_642_p2       |         +|   0|  0|  71|          64|          64|
    |u_44_fu_487_p2          |         +|   0|  0|  71|          64|          64|
    |v_46_fu_394_p2          |         +|   0|  0|  71|          64|          64|
    |v_49_fu_599_p2          |         +|   0|  0|  71|          64|          64|
    |v_51_fu_437_p2          |         +|   0|  0|  71|          64|          64|
    |v_fu_720_p2             |         +|   0|  0|  71|          64|          64|
    |sub65_fu_552_p2         |         -|   0|  0|  39|           4|          32|
    |and_ln105_5_fu_674_p2   |       and|   0|  0|  64|          64|          64|
    |and_ln105_fu_469_p2     |       and|   0|  0|  64|          64|          64|
    |icmp_ln312_fu_310_p2    |      icmp|   0|  0|  12|           4|           5|
    |icmp_ln334_fu_506_p2    |      icmp|   0|  0|  12|           4|           2|
    |icmp_ln336_fu_532_p2    |      icmp|   0|  0|  39|          32|           1|
    |mc_we0                  |        or|   0|  0|   2|           1|           1|
    |or_ln105_14_fu_618_p2   |        or|   0|  0|  64|          64|          64|
    |or_ln105_fu_413_p2      |        or|   0|  0|  64|          64|          64|
    |count_5_fu_544_p3       |    select|   0|  0|  32|           1|          32|
    |xor_ln105_76_fu_407_p2  |       xor|   0|  0|  64|          64|          64|
    |xor_ln105_77_fu_419_p2  |       xor|   0|  0|  64|          64|          64|
    |xor_ln105_78_fu_451_p2  |       xor|   0|  0|   2|           1|           2|
    |xor_ln105_79_fu_606_p2  |       xor|   0|  0|  64|          64|          64|
    |xor_ln105_80_fu_612_p2  |       xor|   0|  0|  64|          64|          64|
    |xor_ln105_81_fu_624_p2  |       xor|   0|  0|  64|          64|          64|
    |xor_ln105_82_fu_656_p2  |       xor|   0|  0|   2|           1|           2|
    |xor_ln105_fu_401_p2     |       xor|   0|  0|  64|          64|          64|
    +------------------------+----------+----+---+----+------------+------------+
    |Total                   |          |   0|  0|1378|        1191|        1180|
    +------------------------+----------+----+---+----+------------+------------+

    * Multiplexer: 
    +-----------------------------------+----+-----------+-----+-----------+
    |                Name               | LUT| Input Size| Bits| Total Bits|
    +-----------------------------------+----+-----------+-----+-----------+
    |ap_NS_fsm                          |  54|         10|    1|         10|
    |count_fu_120                       |   9|          2|   32|         64|
    |grp_digit_x_digit_fu_923_a         |  14|          3|   64|        192|
    |grp_digit_x_digit_fu_923_ap_start  |  14|          3|    1|          3|
    |grp_digit_x_digit_fu_923_b         |  14|          3|   64|        192|
    |i_10_fu_136                        |   9|          2|    4|          8|
    |i_9_fu_84                          |   9|          2|    4|          8|
    |indvars_iv_fu_132                  |   9|          2|    4|          8|
    |ma_address0_local                  |  20|          4|    4|         16|
    |mc_address0                        |  20|          4|    7|         28|
    |mc_address0_local                  |  20|          4|    7|         28|
    |mc_ce0                             |  20|          4|    1|          4|
    |mc_d0                              |   9|          2|   64|        128|
    |mc_d0_local                        |  20|          4|   64|        256|
    |mc_we0                             |   9|          2|    1|          2|
    |u_025_fu_88                        |   9|          2|   64|        128|
    |u_fu_124                           |   9|          2|   64|        128|
    |v_026_fu_92                        |   9|          2|   64|        128|
    |v_42_fu_128                        |   9|          2|   64|        128|
    +-----------------------------------+----+-----------+-----+-----------+
    |Total                              | 286|         59|  578|       1459|
    +-----------------------------------+----+-----------+-----+-----------+

    * Register: 
    +--------------------------------------------------------------+----+----+-----+-----------+
    |                             Name                             | FF | LUT| Bits| Const Bits|
    +--------------------------------------------------------------+----+----+-----+-----------+
    |add_ln314_reg_831                                             |   4|   0|    4|          0|
    |add_ln327_reg_871                                             |   7|   0|    7|          0|
    |ap_CS_fsm                                                     |   9|   0|    9|          0|
    |count_fu_120                                                  |  32|   0|   32|          0|
    |empty_reg_755                                                 |   3|   0|    3|          0|
    |grp_rdc_mont_5_Pipeline_VITIS_LOOP_306_1_fu_210_ap_start_reg  |   1|   0|    1|          0|
    |grp_rdc_mont_5_Pipeline_VITIS_LOOP_314_3_fu_217_ap_start_reg  |   1|   0|    1|          0|
    |grp_rdc_mont_5_Pipeline_VITIS_LOOP_340_5_fu_235_ap_start_reg  |   1|   0|    1|          0|
    |i_10_fu_136                                                   |   4|   0|    4|          0|
    |i_14_reg_881                                                  |   4|   0|    4|          0|
    |i_9_fu_84                                                     |   4|   0|    4|          0|
    |i_reg_810                                                     |   4|   0|    4|          0|
    |indvars_iv_fu_132                                             |   4|   0|    4|          0|
    |mc_addr_reg_805                                               |   4|   0|    7|          3|
    |sub65_reg_908                                                 |  32|   0|   32|          0|
    |tmp_reg_798                                                   |   4|   0|    7|          3|
    |trunc_ln312_reg_825                                           |   3|   0|    3|          0|
    |trunc_ln334_5_reg_902                                         |   3|   0|    3|          0|
    |trunc_ln334_reg_897                                           |   3|   0|    3|          0|
    |u_025_fu_88                                                   |  64|   0|   64|          0|
    |u_fu_124                                                      |  64|   0|   64|          0|
    |v_026_fu_92                                                   |  64|   0|   64|          0|
    |v_42_fu_128                                                   |  64|   0|   64|          0|
    |v_42_load_1_reg_892                                           |  64|   0|   64|          0|
    +--------------------------------------------------------------+----+----+-----+-----------+
    |Total                                                         | 447|   0|  453|          6|
    +--------------------------------------------------------------+----+----+-----+-----------+



================================================================
== Interface
================================================================
* Summary: 
+-------------+-----+-----+------------+--------------+--------------+
|  RTL Ports  | Dir | Bits|  Protocol  | Source Object|    C Type    |
+-------------+-----+-----+------------+--------------+--------------+
|ap_clk       |   in|    1|  ap_ctrl_hs|    rdc_mont.5|  return value|
|ap_rst       |   in|    1|  ap_ctrl_hs|    rdc_mont.5|  return value|
|ap_start     |   in|    1|  ap_ctrl_hs|    rdc_mont.5|  return value|
|ap_done      |  out|    1|  ap_ctrl_hs|    rdc_mont.5|  return value|
|ap_idle      |  out|    1|  ap_ctrl_hs|    rdc_mont.5|  return value|
|ap_ready     |  out|    1|  ap_ctrl_hs|    rdc_mont.5|  return value|
|ma_address0  |  out|    4|   ap_memory|            ma|         array|
|ma_ce0       |  out|    1|   ap_memory|            ma|         array|
|ma_q0        |   in|   64|   ap_memory|            ma|         array|
|mc_address0  |  out|    7|   ap_memory|            mc|         array|
|mc_ce0       |  out|    1|   ap_memory|            mc|         array|
|mc_we0       |  out|    1|   ap_memory|            mc|         array|
|mc_d0        |  out|   64|   ap_memory|            mc|         array|
|mc_q0        |   in|   64|   ap_memory|            mc|         array|
|mc_offset    |   in|   32|     ap_none|     mc_offset|        scalar|
|mc_offset2   |   in|    1|     ap_none|    mc_offset2|        scalar|
+-------------+-----+-----+------------+--------------+--------------+

============================================================
+ Verbose Summary: Synthesis Manager
============================================================
InlineROM: 1
ExposeGlobal: 0
============================================================
+ Verbose Summary: CDFG Model
============================================================
IsTopModel: 0
ResetActiveHigh: 1
IsCombinational: 2
IsDatapathOnly: 2
HasWiredReturn: 1
HasMFsm: 0
HasVarLatency: 1
IsPipeline: 0
IsRtlPipelined: 0
IsInstanceOverlapped: 0
IsDontTouch: 0
HasImplIP: 0
IsGatedGlobalClock: 0


============================================================
+ Verbose Summary: Schedule
============================================================
* Number of FSM states : 9
* Pipeline : 0
* Dataflow Pipeline: 0

* FSM state transitions: 
1 --> 2 
2 --> 3 
3 --> 4 6 
4 --> 5 
5 --> 3 
6 --> 7 9 
7 --> 8 
8 --> 6 
9 --> 

* FSM state operations: 

State 1 <SV = 0> <Delay = 1.90>
ST_1 : Operation 10 [1/1] (0.00ns)   --->   "%i_9 = alloca i32 1" [src/generic/fp_generic.cpp:302]   --->   Operation 10 'alloca' 'i_9' <Predicate = true> <Delay = 0.00>
ST_1 : Operation 11 [1/1] (0.00ns)   --->   "%u_025 = alloca i32 1" [src/generic/fp_generic.cpp:303]   --->   Operation 11 'alloca' 'u_025' <Predicate = true> <Delay = 0.00>
ST_1 : Operation 12 [1/1] (0.00ns)   --->   "%v_026 = alloca i32 1" [src/generic/fp_generic.cpp:303]   --->   Operation 12 'alloca' 'v_026' <Predicate = true> <Delay = 0.00>
ST_1 : Operation 13 [1/1] (0.00ns)   --->   "%mc_offset2_read = read i1 @_ssdm_op_Read.ap_auto.i1, i1 %mc_offset2"   --->   Operation 13 'read' 'mc_offset2_read' <Predicate = true> <Delay = 0.00>
ST_1 : Operation 14 [1/1] (0.00ns)   --->   "%mc_offset_read = read i32 @_ssdm_op_Read.ap_auto.i32, i32 %mc_offset"   --->   Operation 14 'read' 'mc_offset_read' <Predicate = true> <Delay = 0.00>
ST_1 : Operation 15 [1/1] (0.00ns)   --->   "%empty = trunc i32 %mc_offset_read"   --->   Operation 15 'trunc' 'empty' <Predicate = true> <Delay = 0.00>
ST_1 : Operation 16 [1/1] (0.00ns)   --->   "%t_28_loc = alloca i64 1"   --->   Operation 16 'alloca' 't_28_loc' <Predicate = true> <Delay = 0.00>
ST_1 : Operation 17 [1/1] (0.00ns)   --->   "%u_43_loc = alloca i64 1"   --->   Operation 17 'alloca' 'u_43_loc' <Predicate = true> <Delay = 0.00>
ST_1 : Operation 18 [1/1] (0.00ns)   --->   "%v_49_loc = alloca i64 1"   --->   Operation 18 'alloca' 'v_49_loc' <Predicate = true> <Delay = 0.00>
ST_1 : Operation 19 [1/1] (0.00ns)   --->   "%t_loc = alloca i64 1"   --->   Operation 19 'alloca' 't_loc' <Predicate = true> <Delay = 0.00>
ST_1 : Operation 20 [1/1] (0.00ns)   --->   "%u_39_loc = alloca i64 1"   --->   Operation 20 'alloca' 'u_39_loc' <Predicate = true> <Delay = 0.00>
ST_1 : Operation 21 [1/1] (0.00ns)   --->   "%v_45_loc = alloca i64 1"   --->   Operation 21 'alloca' 'v_45_loc' <Predicate = true> <Delay = 0.00>
ST_1 : Operation 22 [1/1] (0.00ns)   --->   "%tmp = bitconcatenate i7 @_ssdm_op_BitConcatenate.i7.i3.i1.i3, i3 %empty, i1 %mc_offset2_read, i3 0" [src/generic/fp_generic.cpp:308]   --->   Operation 22 'bitconcatenate' 'tmp' <Predicate = true> <Delay = 0.00>
ST_1 : Operation 23 [2/2] (1.90ns)   --->   "%call_ln308 = call void @rdc_mont.5_Pipeline_VITIS_LOOP_306_1, i64 %mc, i7 %tmp" [src/generic/fp_generic.cpp:308]   --->   Operation 23 'call' 'call_ln308' <Predicate = true> <Delay = 1.90> <CoreType = "Generic">   --->   Generic Core
ST_1 : Operation 24 [1/1] (0.38ns)   --->   "%store_ln303 = store i64 0, i64 %v_026" [src/generic/fp_generic.cpp:303]   --->   Operation 24 'store' 'store_ln303' <Predicate = true> <Delay = 0.38>
ST_1 : Operation 25 [1/1] (0.38ns)   --->   "%store_ln303 = store i64 0, i64 %u_025" [src/generic/fp_generic.cpp:303]   --->   Operation 25 'store' 'store_ln303' <Predicate = true> <Delay = 0.38>
ST_1 : Operation 26 [1/1] (0.38ns)   --->   "%store_ln302 = store i4 0, i4 %i_9" [src/generic/fp_generic.cpp:302]   --->   Operation 26 'store' 'store_ln302' <Predicate = true> <Delay = 0.38>

State 2 <SV = 1> <Delay = 1.48>
ST_2 : Operation 27 [1/1] (0.00ns)   --->   "%tmp_6 = bitconcatenate i7 @_ssdm_op_BitConcatenate.i7.i3.i1.i3, i3 %empty, i1 %mc_offset2_read, i3 7" [src/generic/fp_generic.cpp:359]   --->   Operation 27 'bitconcatenate' 'tmp_6' <Predicate = true> <Delay = 0.00>
ST_2 : Operation 28 [1/1] (0.00ns)   --->   "%zext_ln359 = zext i7 %tmp_6" [src/generic/fp_generic.cpp:359]   --->   Operation 28 'zext' 'zext_ln359' <Predicate = true> <Delay = 0.00>
ST_2 : Operation 29 [1/1] (0.00ns)   --->   "%mc_addr = getelementptr i64 %mc, i64 0, i64 %zext_ln359" [src/generic/fp_generic.cpp:359]   --->   Operation 29 'getelementptr' 'mc_addr' <Predicate = true> <Delay = 0.00>
ST_2 : Operation 30 [1/1] (0.00ns)   --->   "%specmemcore_ln0 = specmemcore void @_ssdm_op_SpecMemCore, i64 %ma, i64 666, i64 207, i64 18446744073709551615"   --->   Operation 30 'specmemcore' 'specmemcore_ln0' <Predicate = true> <Delay = 0.00>
ST_2 : Operation 31 [1/1] (0.00ns)   --->   "%specmemcore_ln0 = specmemcore void @_ssdm_op_SpecMemCore, i64 %mc, i64 666, i64 207, i64 18446744073709551615"   --->   Operation 31 'specmemcore' 'specmemcore_ln0' <Predicate = true> <Delay = 0.00>
ST_2 : Operation 32 [1/2] (1.48ns)   --->   "%call_ln308 = call void @rdc_mont.5_Pipeline_VITIS_LOOP_306_1, i64 %mc, i7 %tmp" [src/generic/fp_generic.cpp:308]   --->   Operation 32 'call' 'call_ln308' <Predicate = true> <Delay = 1.48> <CoreType = "Generic">   --->   Generic Core
ST_2 : Operation 33 [1/1] (0.00ns)   --->   "%br_ln312 = br void %VITIS_LOOP_314_3" [src/generic/fp_generic.cpp:312]   --->   Operation 33 'br' 'br_ln312' <Predicate = true> <Delay = 0.00>

State 3 <SV = 2> <Delay = 1.99>
ST_3 : Operation 34 [1/1] (0.00ns)   --->   "%i = load i4 %i_9" [src/generic/fp_generic.cpp:312]   --->   Operation 34 'load' 'i' <Predicate = true> <Delay = 0.00>
ST_3 : Operation 35 [1/1] (0.00ns)   --->   "%u_39 = load i64 %u_025"   --->   Operation 35 'load' 'u_39' <Predicate = true> <Delay = 0.00>
ST_3 : Operation 36 [1/1] (0.00ns)   --->   "%v_45 = load i64 %v_026"   --->   Operation 36 'load' 'v_45' <Predicate = true> <Delay = 0.00>
ST_3 : Operation 37 [1/1] (0.70ns)   --->   "%icmp_ln312 = icmp_eq  i4 %i, i4 8" [src/generic/fp_generic.cpp:312]   --->   Operation 37 'icmp' 'icmp_ln312' <Predicate = true> <Delay = 0.70> <CoreInst = "Cmp">   --->   Core 9 'Cmp' <Latency = 0> <II = 1> <Delay = 0.70> <FuncUnit> <Opcode : 'seteq' 'setne' 'setle' 'setge' 'setlt' 'setgt'> <InPorts = 2> <OutPorts = 1>
ST_3 : Operation 38 [1/1] (0.70ns)   --->   "%add_ln312 = add i4 %i, i4 1" [src/generic/fp_generic.cpp:312]   --->   Operation 38 'add' 'add_ln312' <Predicate = true> <Delay = 0.70> <CoreInst = "Adder">   --->   Core 1 'Adder' <Latency = 0> <II = 1> <Delay = 0.70> <FuncUnit> <Opcode : 'add' 'sub'> <InPorts = 2> <OutPorts = 1>
ST_3 : Operation 39 [1/1] (0.00ns)   --->   "%br_ln312 = br i1 %icmp_ln312, void %VITIS_LOOP_314_3.split, void %for.body56.preheader" [src/generic/fp_generic.cpp:312]   --->   Operation 39 'br' 'br_ln312' <Predicate = true> <Delay = 0.00>
ST_3 : Operation 40 [1/1] (0.00ns)   --->   "%trunc_ln312 = trunc i4 %i" [src/generic/fp_generic.cpp:312]   --->   Operation 40 'trunc' 'trunc_ln312' <Predicate = (!icmp_ln312)> <Delay = 0.00>
ST_3 : Operation 41 [1/1] (0.00ns)   --->   "%zext_ln314 = zext i3 %trunc_ln312" [src/generic/fp_generic.cpp:314]   --->   Operation 41 'zext' 'zext_ln314' <Predicate = (!icmp_ln312)> <Delay = 0.00>
ST_3 : Operation 42 [1/1] (0.57ns)   --->   "%add_ln314 = add i4 %zext_ln314, i4 14" [src/generic/fp_generic.cpp:314]   --->   Operation 42 'add' 'add_ln314' <Predicate = (!icmp_ln312)> <Delay = 0.57> <CoreInst = "Adder">   --->   Core 1 'Adder' <Latency = 0> <II = 1> <Delay = 0.70> <FuncUnit> <Opcode : 'add' 'sub'> <InPorts = 2> <OutPorts = 1>
ST_3 : Operation 43 [2/2] (1.28ns)   --->   "%call_ln312 = call void @rdc_mont.5_Pipeline_VITIS_LOOP_314_3, i64 %v_45, i64 %u_39, i3 %trunc_ln312, i3 %empty, i1 %mc_offset2_read, i64 %mc, i4 %add_ln314, i3 %trunc_ln312, i64 %v_45_loc, i64 %u_39_loc, i64 %t_loc, i64 %p503p1_1" [src/generic/fp_generic.cpp:312]   --->   Operation 43 'call' 'call_ln312' <Predicate = (!icmp_ln312)> <Delay = 1.28> <CoreType = "Generic">   --->   Generic Core
ST_3 : Operation 44 [1/1] (0.38ns)   --->   "%store_ln302 = store i4 %add_ln312, i4 %i_9" [src/generic/fp_generic.cpp:302]   --->   Operation 44 'store' 'store_ln302' <Predicate = (!icmp_ln312)> <Delay = 0.38>
ST_3 : Operation 45 [1/1] (0.00ns)   --->   "%count = alloca i32 1" [src/generic/fp_generic.cpp:302]   --->   Operation 45 'alloca' 'count' <Predicate = (icmp_ln312)> <Delay = 0.00>
ST_3 : Operation 46 [1/1] (0.00ns)   --->   "%u = alloca i32 1" [src/generic/fp_generic.cpp:303]   --->   Operation 46 'alloca' 'u' <Predicate = (icmp_ln312)> <Delay = 0.00>
ST_3 : Operation 47 [1/1] (0.00ns)   --->   "%v_42 = alloca i32 1" [src/generic/fp_generic.cpp:303]   --->   Operation 47 'alloca' 'v_42' <Predicate = (icmp_ln312)> <Delay = 0.00>
ST_3 : Operation 48 [1/1] (0.00ns)   --->   "%indvars_iv = alloca i32 1"   --->   Operation 48 'alloca' 'indvars_iv' <Predicate = (icmp_ln312)> <Delay = 0.00>
ST_3 : Operation 49 [1/1] (0.00ns)   --->   "%i_10 = alloca i32 1" [src/generic/fp_generic.cpp:302]   --->   Operation 49 'alloca' 'i_10' <Predicate = (icmp_ln312)> <Delay = 0.00>
ST_3 : Operation 50 [1/1] (0.38ns)   --->   "%store_ln302 = store i4 8, i4 %i_10" [src/generic/fp_generic.cpp:302]   --->   Operation 50 'store' 'store_ln302' <Predicate = (icmp_ln312)> <Delay = 0.38>
ST_3 : Operation 51 [1/1] (0.38ns)   --->   "%store_ln0 = store i4 1, i4 %indvars_iv"   --->   Operation 51 'store' 'store_ln0' <Predicate = (icmp_ln312)> <Delay = 0.38>
ST_3 : Operation 52 [1/1] (0.38ns)   --->   "%store_ln303 = store i64 %v_45, i64 %v_42" [src/generic/fp_generic.cpp:303]   --->   Operation 52 'store' 'store_ln303' <Predicate = (icmp_ln312)> <Delay = 0.38>
ST_3 : Operation 53 [1/1] (0.38ns)   --->   "%store_ln303 = store i64 %u_39, i64 %u" [src/generic/fp_generic.cpp:303]   --->   Operation 53 'store' 'store_ln303' <Predicate = (icmp_ln312)> <Delay = 0.38>
ST_3 : Operation 54 [1/1] (0.38ns)   --->   "%store_ln302 = store i32 3, i32 %count" [src/generic/fp_generic.cpp:302]   --->   Operation 54 'store' 'store_ln302' <Predicate = (icmp_ln312)> <Delay = 0.38>
ST_3 : Operation 55 [1/1] (0.00ns)   --->   "%br_ln334 = br void %for.body56" [src/generic/fp_generic.cpp:334]   --->   Operation 55 'br' 'br_ln334' <Predicate = (icmp_ln312)> <Delay = 0.00>

State 4 <SV = 3> <Delay = 0.71>
ST_4 : Operation 56 [1/1] (0.00ns)   --->   "%zext_ln312 = zext i4 %i" [src/generic/fp_generic.cpp:312]   --->   Operation 56 'zext' 'zext_ln312' <Predicate = true> <Delay = 0.00>
ST_4 : Operation 57 [1/1] (0.00ns)   --->   "%zext_ln327 = zext i4 %i" [src/generic/fp_generic.cpp:327]   --->   Operation 57 'zext' 'zext_ln327' <Predicate = true> <Delay = 0.00>
ST_4 : Operation 58 [1/1] (0.70ns)   --->   "%add_ln327 = add i7 %tmp, i7 %zext_ln327" [src/generic/fp_generic.cpp:327]   --->   Operation 58 'add' 'add_ln327' <Predicate = true> <Delay = 0.70> <CoreInst = "Adder">   --->   Core 1 'Adder' <Latency = 0> <II = 1> <Delay = 0.70> <FuncUnit> <Opcode : 'add' 'sub'> <InPorts = 2> <OutPorts = 1>
ST_4 : Operation 59 [1/2] (0.00ns)   --->   "%call_ln312 = call void @rdc_mont.5_Pipeline_VITIS_LOOP_314_3, i64 %v_45, i64 %u_39, i3 %trunc_ln312, i3 %empty, i1 %mc_offset2_read, i64 %mc, i4 %add_ln314, i3 %trunc_ln312, i64 %v_45_loc, i64 %u_39_loc, i64 %t_loc, i64 %p503p1_1" [src/generic/fp_generic.cpp:312]   --->   Operation 59 'call' 'call_ln312' <Predicate = true> <Delay = 0.00> <CoreType = "Generic">   --->   Generic Core
ST_4 : Operation 60 [1/1] (0.00ns)   --->   "%ma_addr_7 = getelementptr i64 %ma, i64 0, i64 %zext_ln312" [src/generic/fp_generic.cpp:324]   --->   Operation 60 'getelementptr' 'ma_addr_7' <Predicate = true> <Delay = 0.00>
ST_4 : Operation 61 [2/2] (0.71ns)   --->   "%ma_load_7 = load i4 %ma_addr_7" [src/generic/fp_generic.cpp:324]   --->   Operation 61 'load' 'ma_load_7' <Predicate = true> <Delay = 0.71> <CoreInst = "RAM_1P">   --->   Core 87 'RAM_1P' <Latency = 1> <II = 1> <Delay = 0.71> <Storage> <Opcode : 'load' 'store'> <Ports = 1> <Width = 64> <Depth = 16> <RAM>

State 5 <SV = 4> <Delay = 4.54>
ST_5 : Operation 62 [1/1] (0.00ns)   --->   "%zext_ln327_2 = zext i7 %add_ln327" [src/generic/fp_generic.cpp:327]   --->   Operation 62 'zext' 'zext_ln327_2' <Predicate = true> <Delay = 0.00>
ST_5 : Operation 63 [1/1] (0.00ns)   --->   "%mc_addr_5 = getelementptr i64 %mc, i64 0, i64 %zext_ln327_2" [src/generic/fp_generic.cpp:327]   --->   Operation 63 'getelementptr' 'mc_addr_5' <Predicate = true> <Delay = 0.00>
ST_5 : Operation 64 [1/1] (0.00ns)   --->   "%speclooptripcount_ln302 = speclooptripcount void @_ssdm_op_SpecLoopTripCount, i64 8, i64 8, i64 8" [src/generic/fp_generic.cpp:302]   --->   Operation 64 'speclooptripcount' 'speclooptripcount_ln302' <Predicate = true> <Delay = 0.00>
ST_5 : Operation 65 [1/1] (0.00ns)   --->   "%specloopname_ln312 = specloopname void @_ssdm_op_SpecLoopName, void @empty_2" [src/generic/fp_generic.cpp:312]   --->   Operation 65 'specloopname' 'specloopname_ln312' <Predicate = true> <Delay = 0.00>
ST_5 : Operation 66 [1/1] (0.00ns)   --->   "%v_45_loc_load = load i64 %v_45_loc"   --->   Operation 66 'load' 'v_45_loc_load' <Predicate = true> <Delay = 0.00>
ST_5 : Operation 67 [1/1] (0.00ns)   --->   "%u_39_loc_load = load i64 %u_39_loc"   --->   Operation 67 'load' 'u_39_loc_load' <Predicate = true> <Delay = 0.00>
ST_5 : Operation 68 [1/1] (0.00ns)   --->   "%t_loc_load = load i64 %t_loc"   --->   Operation 68 'load' 't_loc_load' <Predicate = true> <Delay = 0.00>
ST_5 : Operation 69 [1/2] ( I:0.71ns O:0.71ns )   --->   "%ma_load_7 = load i4 %ma_addr_7" [src/generic/fp_generic.cpp:324]   --->   Operation 69 'load' 'ma_load_7' <Predicate = true> <Delay = 0.71> <CoreInst = "RAM_1P">   --->   Core 87 'RAM_1P' <Latency = 1> <II = 1> <Delay = 0.71> <Storage> <Opcode : 'load' 'store'> <Ports = 1> <Width = 64> <Depth = 16> <RAM>
ST_5 : Operation 70 [1/1] (1.14ns)   --->   "%v_46 = add i64 %ma_load_7, i64 %v_45_loc_load" [src/generic/fp_generic.cpp:324]   --->   Operation 70 'add' 'v_46' <Predicate = true> <Delay = 1.14> <CoreInst = "Adder">   --->   Core 1 'Adder' <Latency = 0> <II = 1> <Delay = 1.14> <FuncUnit> <Opcode : 'add' 'sub'> <InPorts = 2> <OutPorts = 1>
ST_5 : Operation 71 [1/1] (0.00ns) (grouped into LUT with out node v_51)   --->   "%xor_ln105 = xor i64 %v_45_loc_load, i64 %v_46" [src/config.h:105->src/generic/fp_generic.cpp:324]   --->   Operation 71 'xor' 'xor_ln105' <Predicate = true> <Delay = 0.00> <CoreInst = "LogicGate">   --->   Core 74 'LogicGate' <Latency = 0> <II = 1> <Delay = 0.28> <FuncUnit> <Opcode : 'and' 'or' 'xor'> <InPorts = 2> <OutPorts = 1>
ST_5 : Operation 72 [1/1] (0.00ns) (grouped into LUT with out node v_51)   --->   "%xor_ln105_76 = xor i64 %ma_load_7, i64 %v_45_loc_load" [src/config.h:105->src/generic/fp_generic.cpp:324]   --->   Operation 72 'xor' 'xor_ln105_76' <Predicate = true> <Delay = 0.00> <CoreInst = "LogicGate">   --->   Core 74 'LogicGate' <Latency = 0> <II = 1> <Delay = 0.28> <FuncUnit> <Opcode : 'and' 'or' 'xor'> <InPorts = 2> <OutPorts = 1>
ST_5 : Operation 73 [1/1] (0.00ns) (grouped into LUT with out node v_51)   --->   "%or_ln105 = or i64 %xor_ln105_76, i64 %xor_ln105" [src/config.h:105->src/generic/fp_generic.cpp:324]   --->   Operation 73 'or' 'or_ln105' <Predicate = true> <Delay = 0.00> <CoreInst = "LogicGate">   --->   Core 74 'LogicGate' <Latency = 0> <II = 1> <Delay = 0.28> <FuncUnit> <Opcode : 'and' 'or' 'xor'> <InPorts = 2> <OutPorts = 1>
ST_5 : Operation 74 [1/1] (0.00ns) (grouped into LUT with out node v_51)   --->   "%xor_ln105_77 = xor i64 %or_ln105, i64 %v_46" [src/config.h:105->src/generic/fp_generic.cpp:324]   --->   Operation 74 'xor' 'xor_ln105_77' <Predicate = true> <Delay = 0.00> <CoreInst = "LogicGate">   --->   Core 74 'LogicGate' <Latency = 0> <II = 1> <Delay = 0.28> <FuncUnit> <Opcode : 'and' 'or' 'xor'> <InPorts = 2> <OutPorts = 1>
ST_5 : Operation 75 [1/1] (0.00ns) (grouped into LUT with out node v_51)   --->   "%carry = bitselect i1 @_ssdm_op_BitSelect.i1.i64.i32, i64 %xor_ln105_77, i32 63" [src/config.h:105->src/generic/fp_generic.cpp:324]   --->   Operation 75 'bitselect' 'carry' <Predicate = true> <Delay = 0.00>
ST_5 : Operation 76 [1/1] (0.00ns) (grouped into LUT with out node v_51)   --->   "%zext_ln105 = zext i1 %carry" [src/config.h:105->src/generic/fp_generic.cpp:324]   --->   Operation 76 'zext' 'zext_ln105' <Predicate = true> <Delay = 0.00>
ST_5 : Operation 77 [1/1] (1.14ns) (out node of the LUT)   --->   "%v_51 = add i64 %u_39_loc_load, i64 %zext_ln105" [src/generic/fp_generic.cpp:325]   --->   Operation 77 'add' 'v_51' <Predicate = true> <Delay = 1.14> <CoreInst = "Adder">   --->   Core 1 'Adder' <Latency = 0> <II = 1> <Delay = 1.14> <FuncUnit> <Opcode : 'add' 'sub'> <InPorts = 2> <OutPorts = 1>
ST_5 : Operation 78 [1/1] (0.00ns) (grouped into LUT with out node u_44)   --->   "%bit_sel1 = bitselect i1 @_ssdm_op_BitSelect.i1.i64.i64, i64 %v_51, i64 63" [src/config.h:105->src/generic/fp_generic.cpp:325]   --->   Operation 78 'bitselect' 'bit_sel1' <Predicate = true> <Delay = 0.00>
ST_5 : Operation 79 [1/1] (0.00ns) (grouped into LUT with out node u_44)   --->   "%xor_ln105_78 = xor i1 %bit_sel1, i1 1" [src/config.h:105->src/generic/fp_generic.cpp:325]   --->   Operation 79 'xor' 'xor_ln105_78' <Predicate = true> <Delay = 0.00> <CoreInst = "LogicGate">   --->   Core 74 'LogicGate' <Latency = 0> <II = 1> <Delay = 0.12> <FuncUnit> <Opcode : 'and' 'or' 'xor'> <InPorts = 2> <OutPorts = 1>
ST_5 : Operation 80 [1/1] (0.00ns) (grouped into LUT with out node u_44)   --->   "%trunc_ln105 = trunc i64 %v_51" [src/config.h:105->src/generic/fp_generic.cpp:325]   --->   Operation 80 'trunc' 'trunc_ln105' <Predicate = true> <Delay = 0.00>
ST_5 : Operation 81 [1/1] (0.00ns) (grouped into LUT with out node u_44)   --->   "%xor_ln105_s = bitconcatenate i64 @_ssdm_op_BitConcatenate.i64.i1.i63, i1 %xor_ln105_78, i63 %trunc_ln105" [src/config.h:105->src/generic/fp_generic.cpp:325]   --->   Operation 81 'bitconcatenate' 'xor_ln105_s' <Predicate = true> <Delay = 0.00>
ST_5 : Operation 82 [1/1] (0.00ns) (grouped into LUT with out node u_44)   --->   "%and_ln105 = and i64 %u_39_loc_load, i64 %xor_ln105_s" [src/config.h:105->src/generic/fp_generic.cpp:325]   --->   Operation 82 'and' 'and_ln105' <Predicate = true> <Delay = 0.00> <CoreInst = "LogicGate">   --->   Core 74 'LogicGate' <Latency = 0> <II = 1> <Delay = 0.28> <FuncUnit> <Opcode : 'and' 'or' 'xor'> <InPorts = 2> <OutPorts = 1>
ST_5 : Operation 83 [1/1] (0.00ns) (grouped into LUT with out node u_44)   --->   "%carry_25 = bitselect i1 @_ssdm_op_BitSelect.i1.i64.i32, i64 %and_ln105, i32 63" [src/config.h:105->src/generic/fp_generic.cpp:325]   --->   Operation 83 'bitselect' 'carry_25' <Predicate = true> <Delay = 0.00>
ST_5 : Operation 84 [1/1] (0.00ns) (grouped into LUT with out node u_44)   --->   "%zext_ln105_13 = zext i1 %carry_25" [src/config.h:105->src/generic/fp_generic.cpp:325]   --->   Operation 84 'zext' 'zext_ln105_13' <Predicate = true> <Delay = 0.00>
ST_5 : Operation 85 [1/1] (1.14ns) (out node of the LUT)   --->   "%u_44 = add i64 %t_loc_load, i64 %zext_ln105_13" [src/generic/fp_generic.cpp:326]   --->   Operation 85 'add' 'u_44' <Predicate = true> <Delay = 1.14> <CoreInst = "Adder">   --->   Core 1 'Adder' <Latency = 0> <II = 1> <Delay = 1.14> <FuncUnit> <Opcode : 'add' 'sub'> <InPorts = 2> <OutPorts = 1>
ST_5 : Operation 86 [1/1] ( I:1.20ns O:1.20ns )   --->   "%store_ln327 = store i64 %v_46, i7 %mc_addr_5" [src/generic/fp_generic.cpp:327]   --->   Operation 86 'store' 'store_ln327' <Predicate = true> <Delay = 1.20> <CoreInst = "RAM_1P">   --->   Core 87 'RAM_1P' <Latency = 1> <II = 1> <Delay = 1.20> <Storage> <Opcode : 'load' 'store'> <Ports = 1> <Width = 64> <Depth = 112> <RAM>
ST_5 : Operation 87 [1/1] (0.38ns)   --->   "%store_ln303 = store i64 %v_51, i64 %v_026" [src/generic/fp_generic.cpp:303]   --->   Operation 87 'store' 'store_ln303' <Predicate = true> <Delay = 0.38>
ST_5 : Operation 88 [1/1] (0.38ns)   --->   "%store_ln303 = store i64 %u_44, i64 %u_025" [src/generic/fp_generic.cpp:303]   --->   Operation 88 'store' 'store_ln303' <Predicate = true> <Delay = 0.38>
ST_5 : Operation 89 [1/1] (0.00ns)   --->   "%br_ln312 = br void %VITIS_LOOP_314_3" [src/generic/fp_generic.cpp:312]   --->   Operation 89 'br' 'br_ln312' <Predicate = true> <Delay = 0.00>

State 6 <SV = 3> <Delay = 4.27>
ST_6 : Operation 90 [1/1] (0.00ns)   --->   "%i_14 = load i4 %i_10" [src/generic/fp_generic.cpp:334]   --->   Operation 90 'load' 'i_14' <Predicate = true> <Delay = 0.00>
ST_6 : Operation 91 [1/1] (0.70ns)   --->   "%icmp_ln334 = icmp_eq  i4 %i_14, i4 15" [src/generic/fp_generic.cpp:334]   --->   Operation 91 'icmp' 'icmp_ln334' <Predicate = true> <Delay = 0.70> <CoreInst = "Cmp">   --->   Core 9 'Cmp' <Latency = 0> <II = 1> <Delay = 0.70> <FuncUnit> <Opcode : 'seteq' 'setne' 'setle' 'setge' 'setlt' 'setgt'> <InPorts = 2> <OutPorts = 1>
ST_6 : Operation 92 [1/1] (0.00ns)   --->   "%br_ln334 = br i1 %icmp_ln334, void %for.body56.split, void %for.end119" [src/generic/fp_generic.cpp:334]   --->   Operation 92 'br' 'br_ln334' <Predicate = true> <Delay = 0.00>
ST_6 : Operation 93 [1/1] (0.00ns)   --->   "%count_load = load i32 %count" [src/generic/fp_generic.cpp:338]   --->   Operation 93 'load' 'count_load' <Predicate = (!icmp_ln334)> <Delay = 0.00>
ST_6 : Operation 94 [1/1] (0.00ns)   --->   "%u_load = load i64 %u"   --->   Operation 94 'load' 'u_load' <Predicate = (!icmp_ln334)> <Delay = 0.00>
ST_6 : Operation 95 [1/1] (0.00ns)   --->   "%v_42_load_1 = load i64 %v_42"   --->   Operation 95 'load' 'v_42_load_1' <Predicate = (!icmp_ln334)> <Delay = 0.00>
ST_6 : Operation 96 [1/1] (0.00ns)   --->   "%indvars_iv_load = load i4 %indvars_iv" [src/generic/fp_generic.cpp:334]   --->   Operation 96 'load' 'indvars_iv_load' <Predicate = (!icmp_ln334)> <Delay = 0.00>
ST_6 : Operation 97 [1/1] (0.00ns)   --->   "%trunc_ln334 = trunc i4 %indvars_iv_load" [src/generic/fp_generic.cpp:334]   --->   Operation 97 'trunc' 'trunc_ln334' <Predicate = (!icmp_ln334)> <Delay = 0.00>
ST_6 : Operation 98 [1/1] (0.00ns)   --->   "%trunc_ln334_5 = trunc i4 %i_14" [src/generic/fp_generic.cpp:334]   --->   Operation 98 'trunc' 'trunc_ln334_5' <Predicate = (!icmp_ln334)> <Delay = 0.00>
ST_6 : Operation 99 [1/1] (0.88ns)   --->   "%icmp_ln336 = icmp_ne  i32 %count_load, i32 0" [src/generic/fp_generic.cpp:336]   --->   Operation 99 'icmp' 'icmp_ln336' <Predicate = (!icmp_ln334)> <Delay = 0.88> <CoreInst = "Cmp">   --->   Core 9 'Cmp' <Latency = 0> <II = 1> <Delay = 0.88> <FuncUnit> <Opcode : 'seteq' 'setne' 'setle' 'setge' 'setlt' 'setgt'> <InPorts = 2> <OutPorts = 1>
ST_6 : Operation 100 [1/1] (0.88ns)   --->   "%add_ln338 = add i32 %count_load, i32 4294967295" [src/generic/fp_generic.cpp:338]   --->   Operation 100 'add' 'add_ln338' <Predicate = (!icmp_ln334)> <Delay = 0.88> <CoreInst = "Adder">   --->   Core 1 'Adder' <Latency = 0> <II = 1> <Delay = 0.88> <FuncUnit> <Opcode : 'add' 'sub'> <InPorts = 2> <OutPorts = 1>
ST_6 : Operation 101 [1/1] (0.22ns)   --->   "%count_5 = select i1 %icmp_ln336, i32 %add_ln338, i32 0" [src/generic/fp_generic.cpp:336]   --->   Operation 101 'select' 'count_5' <Predicate = (!icmp_ln334)> <Delay = 0.22> <CoreInst = "Sel">   --->   Core 73 'Sel' <Latency = 0> <II = 1> <Delay = 0.22> <FuncUnit> <Opcode : 'select'> <InPorts = 3> <OutPorts = 1>
ST_6 : Operation 102 [1/1] (0.88ns)   --->   "%sub65 = sub i32 8, i32 %count_5" [src/generic/fp_generic.cpp:336]   --->   Operation 102 'sub' 'sub65' <Predicate = (!icmp_ln334)> <Delay = 0.88> <CoreInst = "Adder">   --->   Core 1 'Adder' <Latency = 0> <II = 1> <Delay = 0.88> <FuncUnit> <Opcode : 'add' 'sub'> <InPorts = 2> <OutPorts = 1>
ST_6 : Operation 103 [2/2] (2.29ns)   --->   "%call_ln334 = call void @rdc_mont.5_Pipeline_VITIS_LOOP_340_5, i3 %trunc_ln334, i64 %v_42_load_1, i64 %u_load, i7 %tmp, i64 %mc, i32 %sub65, i3 %trunc_ln334_5, i64 %v_49_loc, i64 %u_43_loc, i64 %t_28_loc, i64 %p503p1_1" [src/generic/fp_generic.cpp:334]   --->   Operation 103 'call' 'call_ln334' <Predicate = (!icmp_ln334)> <Delay = 2.29> <CoreType = "Generic">   --->   Generic Core
ST_6 : Operation 104 [1/1] (0.70ns)   --->   "%add_ln334 = add i4 %i_14, i4 1" [src/generic/fp_generic.cpp:334]   --->   Operation 104 'add' 'add_ln334' <Predicate = (!icmp_ln334)> <Delay = 0.70> <CoreInst = "Adder">   --->   Core 1 'Adder' <Latency = 0> <II = 1> <Delay = 0.70> <FuncUnit> <Opcode : 'add' 'sub'> <InPorts = 2> <OutPorts = 1>
ST_6 : Operation 105 [1/1] (0.70ns)   --->   "%add_ln334_4 = add i4 %indvars_iv_load, i4 1" [src/generic/fp_generic.cpp:334]   --->   Operation 105 'add' 'add_ln334_4' <Predicate = (!icmp_ln334)> <Delay = 0.70> <CoreInst = "Adder">   --->   Core 1 'Adder' <Latency = 0> <II = 1> <Delay = 0.70> <FuncUnit> <Opcode : 'add' 'sub'> <InPorts = 2> <OutPorts = 1>
ST_6 : Operation 106 [1/1] (0.38ns)   --->   "%store_ln302 = store i4 %add_ln334, i4 %i_10" [src/generic/fp_generic.cpp:302]   --->   Operation 106 'store' 'store_ln302' <Predicate = (!icmp_ln334)> <Delay = 0.38>
ST_6 : Operation 107 [1/1] (0.38ns)   --->   "%store_ln334 = store i4 %add_ln334_4, i4 %indvars_iv" [src/generic/fp_generic.cpp:334]   --->   Operation 107 'store' 'store_ln334' <Predicate = (!icmp_ln334)> <Delay = 0.38>
ST_6 : Operation 108 [1/1] (0.38ns)   --->   "%store_ln302 = store i32 %count_5, i32 %count" [src/generic/fp_generic.cpp:302]   --->   Operation 108 'store' 'store_ln302' <Predicate = (!icmp_ln334)> <Delay = 0.38>
ST_6 : Operation 109 [1/1] (0.00ns)   --->   "%ma_addr = getelementptr i64 %ma, i64 0, i64 15" [src/generic/fp_generic.cpp:358]   --->   Operation 109 'getelementptr' 'ma_addr' <Predicate = (icmp_ln334)> <Delay = 0.00>
ST_6 : Operation 110 [2/2] (0.71ns)   --->   "%ma_load = load i4 %ma_addr" [src/generic/fp_generic.cpp:358]   --->   Operation 110 'load' 'ma_load' <Predicate = (icmp_ln334)> <Delay = 0.71> <CoreInst = "RAM_1P">   --->   Core 87 'RAM_1P' <Latency = 1> <II = 1> <Delay = 0.71> <Storage> <Opcode : 'load' 'store'> <Ports = 1> <Width = 64> <Depth = 16> <RAM>

State 7 <SV = 4> <Delay = 0.71>
ST_7 : Operation 111 [1/1] (0.00ns)   --->   "%zext_ln334 = zext i4 %i_14" [src/generic/fp_generic.cpp:334]   --->   Operation 111 'zext' 'zext_ln334' <Predicate = true> <Delay = 0.00>
ST_7 : Operation 112 [1/2] (0.00ns)   --->   "%call_ln334 = call void @rdc_mont.5_Pipeline_VITIS_LOOP_340_5, i3 %trunc_ln334, i64 %v_42_load_1, i64 %u_load, i7 %tmp, i64 %mc, i32 %sub65, i3 %trunc_ln334_5, i64 %v_49_loc, i64 %u_43_loc, i64 %t_28_loc, i64 %p503p1_1" [src/generic/fp_generic.cpp:334]   --->   Operation 112 'call' 'call_ln334' <Predicate = true> <Delay = 0.00> <CoreType = "Generic">   --->   Generic Core
ST_7 : Operation 113 [1/1] (0.00ns)   --->   "%ma_addr_8 = getelementptr i64 %ma, i64 0, i64 %zext_ln334" [src/generic/fp_generic.cpp:350]   --->   Operation 113 'getelementptr' 'ma_addr_8' <Predicate = true> <Delay = 0.00>
ST_7 : Operation 114 [2/2] (0.71ns)   --->   "%ma_load_8 = load i4 %ma_addr_8" [src/generic/fp_generic.cpp:350]   --->   Operation 114 'load' 'ma_load_8' <Predicate = true> <Delay = 0.71> <CoreInst = "RAM_1P">   --->   Core 87 'RAM_1P' <Latency = 1> <II = 1> <Delay = 0.71> <Storage> <Opcode : 'load' 'store'> <Ports = 1> <Width = 64> <Depth = 16> <RAM>

State 8 <SV = 5> <Delay = 4.54>
ST_8 : Operation 115 [1/1] (0.00ns)   --->   "%speclooptripcount_ln302 = speclooptripcount void @_ssdm_op_SpecLoopTripCount, i64 7, i64 7, i64 7" [src/generic/fp_generic.cpp:302]   --->   Operation 115 'speclooptripcount' 'speclooptripcount_ln302' <Predicate = true> <Delay = 0.00>
ST_8 : Operation 116 [1/1] (0.00ns)   --->   "%specloopname_ln334 = specloopname void @_ssdm_op_SpecLoopName, void @empty_35" [src/generic/fp_generic.cpp:334]   --->   Operation 116 'specloopname' 'specloopname_ln334' <Predicate = true> <Delay = 0.00>
ST_8 : Operation 117 [1/1] (0.00ns)   --->   "%v_49_loc_load = load i64 %v_49_loc"   --->   Operation 117 'load' 'v_49_loc_load' <Predicate = true> <Delay = 0.00>
ST_8 : Operation 118 [1/1] (0.00ns)   --->   "%u_43_loc_load = load i64 %u_43_loc"   --->   Operation 118 'load' 'u_43_loc_load' <Predicate = true> <Delay = 0.00>
ST_8 : Operation 119 [1/1] (0.00ns)   --->   "%t_28_loc_load = load i64 %t_28_loc"   --->   Operation 119 'load' 't_28_loc_load' <Predicate = true> <Delay = 0.00>
ST_8 : Operation 120 [1/2] ( I:0.71ns O:0.71ns )   --->   "%ma_load_8 = load i4 %ma_addr_8" [src/generic/fp_generic.cpp:350]   --->   Operation 120 'load' 'ma_load_8' <Predicate = true> <Delay = 0.71> <CoreInst = "RAM_1P">   --->   Core 87 'RAM_1P' <Latency = 1> <II = 1> <Delay = 0.71> <Storage> <Opcode : 'load' 'store'> <Ports = 1> <Width = 64> <Depth = 16> <RAM>
ST_8 : Operation 121 [1/1] (1.14ns)   --->   "%v_49 = add i64 %ma_load_8, i64 %v_49_loc_load" [src/generic/fp_generic.cpp:350]   --->   Operation 121 'add' 'v_49' <Predicate = true> <Delay = 1.14> <CoreInst = "Adder">   --->   Core 1 'Adder' <Latency = 0> <II = 1> <Delay = 1.14> <FuncUnit> <Opcode : 'add' 'sub'> <InPorts = 2> <OutPorts = 1>
ST_8 : Operation 122 [1/1] (0.00ns) (grouped into LUT with out node tempReg)   --->   "%xor_ln105_79 = xor i64 %v_49_loc_load, i64 %v_49" [src/config.h:105->src/generic/fp_generic.cpp:350]   --->   Operation 122 'xor' 'xor_ln105_79' <Predicate = true> <Delay = 0.00> <CoreInst = "LogicGate">   --->   Core 74 'LogicGate' <Latency = 0> <II = 1> <Delay = 0.28> <FuncUnit> <Opcode : 'and' 'or' 'xor'> <InPorts = 2> <OutPorts = 1>
ST_8 : Operation 123 [1/1] (0.00ns) (grouped into LUT with out node tempReg)   --->   "%xor_ln105_80 = xor i64 %ma_load_8, i64 %v_49_loc_load" [src/config.h:105->src/generic/fp_generic.cpp:350]   --->   Operation 123 'xor' 'xor_ln105_80' <Predicate = true> <Delay = 0.00> <CoreInst = "LogicGate">   --->   Core 74 'LogicGate' <Latency = 0> <II = 1> <Delay = 0.28> <FuncUnit> <Opcode : 'and' 'or' 'xor'> <InPorts = 2> <OutPorts = 1>
ST_8 : Operation 124 [1/1] (0.00ns) (grouped into LUT with out node tempReg)   --->   "%or_ln105_14 = or i64 %xor_ln105_80, i64 %xor_ln105_79" [src/config.h:105->src/generic/fp_generic.cpp:350]   --->   Operation 124 'or' 'or_ln105_14' <Predicate = true> <Delay = 0.00> <CoreInst = "LogicGate">   --->   Core 74 'LogicGate' <Latency = 0> <II = 1> <Delay = 0.28> <FuncUnit> <Opcode : 'and' 'or' 'xor'> <InPorts = 2> <OutPorts = 1>
ST_8 : Operation 125 [1/1] (0.00ns) (grouped into LUT with out node tempReg)   --->   "%xor_ln105_81 = xor i64 %or_ln105_14, i64 %v_49" [src/config.h:105->src/generic/fp_generic.cpp:350]   --->   Operation 125 'xor' 'xor_ln105_81' <Predicate = true> <Delay = 0.00> <CoreInst = "LogicGate">   --->   Core 74 'LogicGate' <Latency = 0> <II = 1> <Delay = 0.28> <FuncUnit> <Opcode : 'and' 'or' 'xor'> <InPorts = 2> <OutPorts = 1>
ST_8 : Operation 126 [1/1] (0.00ns) (grouped into LUT with out node tempReg)   --->   "%carry_26 = bitselect i1 @_ssdm_op_BitSelect.i1.i64.i32, i64 %xor_ln105_81, i32 63" [src/config.h:105->src/generic/fp_generic.cpp:350]   --->   Operation 126 'bitselect' 'carry_26' <Predicate = true> <Delay = 0.00>
ST_8 : Operation 127 [1/1] (0.00ns) (grouped into LUT with out node tempReg)   --->   "%zext_ln105_14 = zext i1 %carry_26" [src/config.h:105->src/generic/fp_generic.cpp:350]   --->   Operation 127 'zext' 'zext_ln105_14' <Predicate = true> <Delay = 0.00>
ST_8 : Operation 128 [1/1] (1.14ns) (out node of the LUT)   --->   "%tempReg = add i64 %u_43_loc_load, i64 %zext_ln105_14" [src/generic/fp_generic.cpp:351]   --->   Operation 128 'add' 'tempReg' <Predicate = true> <Delay = 1.14> <CoreInst = "Adder">   --->   Core 1 'Adder' <Latency = 0> <II = 1> <Delay = 1.14> <FuncUnit> <Opcode : 'add' 'sub'> <InPorts = 2> <OutPorts = 1>
ST_8 : Operation 129 [1/1] (0.00ns) (grouped into LUT with out node t)   --->   "%bit_sel7 = bitselect i1 @_ssdm_op_BitSelect.i1.i64.i64, i64 %tempReg, i64 63" [src/config.h:105->src/generic/fp_generic.cpp:351]   --->   Operation 129 'bitselect' 'bit_sel7' <Predicate = true> <Delay = 0.00>
ST_8 : Operation 130 [1/1] (0.00ns) (grouped into LUT with out node t)   --->   "%xor_ln105_82 = xor i1 %bit_sel7, i1 1" [src/config.h:105->src/generic/fp_generic.cpp:351]   --->   Operation 130 'xor' 'xor_ln105_82' <Predicate = true> <Delay = 0.00> <CoreInst = "LogicGate">   --->   Core 74 'LogicGate' <Latency = 0> <II = 1> <Delay = 0.12> <FuncUnit> <Opcode : 'and' 'or' 'xor'> <InPorts = 2> <OutPorts = 1>
ST_8 : Operation 131 [1/1] (0.00ns) (grouped into LUT with out node t)   --->   "%trunc_ln105_5 = trunc i64 %tempReg" [src/config.h:105->src/generic/fp_generic.cpp:351]   --->   Operation 131 'trunc' 'trunc_ln105_5' <Predicate = true> <Delay = 0.00>
ST_8 : Operation 132 [1/1] (0.00ns) (grouped into LUT with out node t)   --->   "%xor_ln105_4 = bitconcatenate i64 @_ssdm_op_BitConcatenate.i64.i1.i63, i1 %xor_ln105_82, i63 %trunc_ln105_5" [src/config.h:105->src/generic/fp_generic.cpp:351]   --->   Operation 132 'bitconcatenate' 'xor_ln105_4' <Predicate = true> <Delay = 0.00>
ST_8 : Operation 133 [1/1] (0.00ns) (grouped into LUT with out node t)   --->   "%and_ln105_5 = and i64 %u_43_loc_load, i64 %xor_ln105_4" [src/config.h:105->src/generic/fp_generic.cpp:351]   --->   Operation 133 'and' 'and_ln105_5' <Predicate = true> <Delay = 0.00> <CoreInst = "LogicGate">   --->   Core 74 'LogicGate' <Latency = 0> <II = 1> <Delay = 0.28> <FuncUnit> <Opcode : 'and' 'or' 'xor'> <InPorts = 2> <OutPorts = 1>
ST_8 : Operation 134 [1/1] (0.00ns) (grouped into LUT with out node t)   --->   "%carry_27 = bitselect i1 @_ssdm_op_BitSelect.i1.i64.i32, i64 %and_ln105_5, i32 63" [src/config.h:105->src/generic/fp_generic.cpp:351]   --->   Operation 134 'bitselect' 'carry_27' <Predicate = true> <Delay = 0.00>
ST_8 : Operation 135 [1/1] (0.00ns) (grouped into LUT with out node t)   --->   "%zext_ln105_15 = zext i1 %carry_27" [src/config.h:105->src/generic/fp_generic.cpp:351]   --->   Operation 135 'zext' 'zext_ln105_15' <Predicate = true> <Delay = 0.00>
ST_8 : Operation 136 [1/1] (1.14ns) (out node of the LUT)   --->   "%t = add i64 %t_28_loc_load, i64 %zext_ln105_15" [src/generic/fp_generic.cpp:352]   --->   Operation 136 'add' 't' <Predicate = true> <Delay = 1.14> <CoreInst = "Adder">   --->   Core 1 'Adder' <Latency = 0> <II = 1> <Delay = 1.14> <FuncUnit> <Opcode : 'add' 'sub'> <InPorts = 2> <OutPorts = 1>
ST_8 : Operation 137 [1/1] (0.00ns)   --->   "%tmp_8 = bitconcatenate i7 @_ssdm_op_BitConcatenate.i7.i3.i1.i3, i3 %empty, i1 %mc_offset2_read, i3 %trunc_ln334_5" [src/generic/fp_generic.cpp:353]   --->   Operation 137 'bitconcatenate' 'tmp_8' <Predicate = true> <Delay = 0.00>
ST_8 : Operation 138 [1/1] (0.00ns)   --->   "%zext_ln353 = zext i7 %tmp_8" [src/generic/fp_generic.cpp:353]   --->   Operation 138 'zext' 'zext_ln353' <Predicate = true> <Delay = 0.00>
ST_8 : Operation 139 [1/1] (0.00ns)   --->   "%mc_addr_6 = getelementptr i64 %mc, i64 0, i64 %zext_ln353" [src/generic/fp_generic.cpp:353]   --->   Operation 139 'getelementptr' 'mc_addr_6' <Predicate = true> <Delay = 0.00>
ST_8 : Operation 140 [1/1] ( I:1.20ns O:1.20ns )   --->   "%store_ln353 = store i64 %v_49, i7 %mc_addr_6" [src/generic/fp_generic.cpp:353]   --->   Operation 140 'store' 'store_ln353' <Predicate = true> <Delay = 1.20> <CoreInst = "RAM_1P">   --->   Core 87 'RAM_1P' <Latency = 1> <II = 1> <Delay = 1.20> <Storage> <Opcode : 'load' 'store'> <Ports = 1> <Width = 64> <Depth = 112> <RAM>
ST_8 : Operation 141 [1/1] (0.38ns)   --->   "%store_ln303 = store i64 %tempReg, i64 %v_42" [src/generic/fp_generic.cpp:303]   --->   Operation 141 'store' 'store_ln303' <Predicate = true> <Delay = 0.38>
ST_8 : Operation 142 [1/1] (0.38ns)   --->   "%store_ln303 = store i64 %t, i64 %u" [src/generic/fp_generic.cpp:303]   --->   Operation 142 'store' 'store_ln303' <Predicate = true> <Delay = 0.38>
ST_8 : Operation 143 [1/1] (0.00ns)   --->   "%br_ln334 = br void %for.body56" [src/generic/fp_generic.cpp:334]   --->   Operation 143 'br' 'br_ln334' <Predicate = true> <Delay = 0.00>

State 9 <SV = 4> <Delay = 3.06>
ST_9 : Operation 144 [1/1] (0.00ns)   --->   "%v_42_load = load i64 %v_42" [src/generic/fp_generic.cpp:358]   --->   Operation 144 'load' 'v_42_load' <Predicate = true> <Delay = 0.00>
ST_9 : Operation 145 [1/2] ( I:0.71ns O:0.71ns )   --->   "%ma_load = load i4 %ma_addr" [src/generic/fp_generic.cpp:358]   --->   Operation 145 'load' 'ma_load' <Predicate = true> <Delay = 0.71> <CoreInst = "RAM_1P">   --->   Core 87 'RAM_1P' <Latency = 1> <II = 1> <Delay = 0.71> <Storage> <Opcode : 'load' 'store'> <Ports = 1> <Width = 64> <Depth = 16> <RAM>
ST_9 : Operation 146 [1/1] (1.14ns)   --->   "%v = add i64 %ma_load, i64 %v_42_load" [src/generic/fp_generic.cpp:358]   --->   Operation 146 'add' 'v' <Predicate = true> <Delay = 1.14> <CoreInst = "Adder">   --->   Core 1 'Adder' <Latency = 0> <II = 1> <Delay = 1.14> <FuncUnit> <Opcode : 'add' 'sub'> <InPorts = 2> <OutPorts = 1>
ST_9 : Operation 147 [1/1] ( I:1.20ns O:1.20ns )   --->   "%store_ln359 = store i64 %v, i7 %mc_addr" [src/generic/fp_generic.cpp:359]   --->   Operation 147 'store' 'store_ln359' <Predicate = true> <Delay = 1.20> <CoreInst = "RAM_1P">   --->   Core 87 'RAM_1P' <Latency = 1> <II = 1> <Delay = 1.20> <Storage> <Opcode : 'load' 'store'> <Ports = 1> <Width = 64> <Depth = 112> <RAM>
ST_9 : Operation 148 [1/1] (0.00ns)   --->   "%ret_ln360 = ret" [src/generic/fp_generic.cpp:360]   --->   Operation 148 'ret' 'ret_ln360' <Predicate = true> <Delay = 0.00>


============================================================
+ Verbose Summary: Binding
============================================================
STG Binding: 
---------------- STG Properties BEGIN ----------------
- Is combinational: 0
- Is one-state seq: 0
- Is datapath-only: 0
- Is pipelined: 0
- Is top level: 0
Port [ Return ] is wired: 1; IO mode=ap_ctrl_hs:ce=0
Port [ ma]:  wired=1; compound=1; hidden=0; nouse=0; global=0; static=0; extern=0; dir=0; type=1; pingpong=0; private_global=0; MemPort=[1]; IO mode=ap_memory:ce=0
Port [ mc]:  wired=1; compound=1; hidden=0; nouse=0; global=0; static=0; extern=0; dir=2; type=1; pingpong=0; private_global=0; MemPort=[2]; IO mode=ap_memory:ce=0
Port [ mc_offset]:  wired=1; compound=0; hidden=0; nouse=0; global=0; static=0; extern=0; dir=0; type=0; pingpong=0; private_global=0; IO mode=ap_none:ce=0
Port [ mc_offset2]:  wired=1; compound=0; hidden=0; nouse=0; global=0; static=0; extern=0; dir=0; type=0; pingpong=0; private_global=0; IO mode=ap_none:ce=0
Port [ p503p1_1]:  wired=0; compound=1; hidden=1; nouse=1; global=1; static=1; extern=0; dir=0; type=1; pingpong=0; private_global=0; MemPort=[1]; IO mode=ap_memory:ce=0
---------------- STG Properties END ------------------

---------------- Datapath Model BEGIN ----------------

<LifeTime>
<method=bitvector/>
i_9                     (alloca           ) [ 0111110000]
u_025                   (alloca           ) [ 0111110000]
v_026                   (alloca           ) [ 0111110000]
mc_offset2_read         (read             ) [ 0011111110]
mc_offset_read          (read             ) [ 0000000000]
empty                   (trunc            ) [ 0011111110]
t_28_loc                (alloca           ) [ 0011111110]
u_43_loc                (alloca           ) [ 0011111110]
v_49_loc                (alloca           ) [ 0011111110]
t_loc                   (alloca           ) [ 0011110000]
u_39_loc                (alloca           ) [ 0011110000]
v_45_loc                (alloca           ) [ 0011110000]
tmp                     (bitconcatenate   ) [ 0011111110]
store_ln303             (store            ) [ 0000000000]
store_ln303             (store            ) [ 0000000000]
store_ln302             (store            ) [ 0000000000]
tmp_6                   (bitconcatenate   ) [ 0000000000]
zext_ln359              (zext             ) [ 0000000000]
mc_addr                 (getelementptr    ) [ 0001111111]
specmemcore_ln0         (specmemcore      ) [ 0000000000]
specmemcore_ln0         (specmemcore      ) [ 0000000000]
call_ln308              (call             ) [ 0000000000]
br_ln312                (br               ) [ 0000000000]
i                       (load             ) [ 0000100000]
u_39                    (load             ) [ 0000100000]
v_45                    (load             ) [ 0000100000]
icmp_ln312              (icmp             ) [ 0001110000]
add_ln312               (add              ) [ 0000000000]
br_ln312                (br               ) [ 0000000000]
trunc_ln312             (trunc            ) [ 0000100000]
zext_ln314              (zext             ) [ 0000000000]
add_ln314               (add              ) [ 0000100000]
store_ln302             (store            ) [ 0000000000]
count                   (alloca           ) [ 0001111110]
u                       (alloca           ) [ 0001111110]
v_42                    (alloca           ) [ 0001111111]
indvars_iv              (alloca           ) [ 0001111110]
i_10                    (alloca           ) [ 0001111110]
store_ln302             (store            ) [ 0000000000]
store_ln0               (store            ) [ 0000000000]
store_ln303             (store            ) [ 0000000000]
store_ln303             (store            ) [ 0000000000]
store_ln302             (store            ) [ 0000000000]
br_ln334                (br               ) [ 0000000000]
zext_ln312              (zext             ) [ 0000000000]
zext_ln327              (zext             ) [ 0000000000]
add_ln327               (add              ) [ 0000010000]
call_ln312              (call             ) [ 0000000000]
ma_addr_7               (getelementptr    ) [ 0000010000]
zext_ln327_2            (zext             ) [ 0000000000]
mc_addr_5               (getelementptr    ) [ 0000000000]
speclooptripcount_ln302 (speclooptripcount) [ 0000000000]
specloopname_ln312      (specloopname     ) [ 0000000000]
v_45_loc_load           (load             ) [ 0000000000]
u_39_loc_load           (load             ) [ 0000000000]
t_loc_load              (load             ) [ 0000000000]
ma_load_7               (load             ) [ 0000000000]
v_46                    (add              ) [ 0000000000]
xor_ln105               (xor              ) [ 0000000000]
xor_ln105_76            (xor              ) [ 0000000000]
or_ln105                (or               ) [ 0000000000]
xor_ln105_77            (xor              ) [ 0000000000]
carry                   (bitselect        ) [ 0000000000]
zext_ln105              (zext             ) [ 0000000000]
v_51                    (add              ) [ 0000000000]
bit_sel1                (bitselect        ) [ 0000000000]
xor_ln105_78            (xor              ) [ 0000000000]
trunc_ln105             (trunc            ) [ 0000000000]
xor_ln105_s             (bitconcatenate   ) [ 0000000000]
and_ln105               (and              ) [ 0000000000]
carry_25                (bitselect        ) [ 0000000000]
zext_ln105_13           (zext             ) [ 0000000000]
u_44                    (add              ) [ 0000000000]
store_ln327             (store            ) [ 0000000000]
store_ln303             (store            ) [ 0000000000]
store_ln303             (store            ) [ 0000000000]
br_ln312                (br               ) [ 0000000000]
i_14                    (load             ) [ 0000000100]
icmp_ln334              (icmp             ) [ 0000001110]
br_ln334                (br               ) [ 0000000000]
count_load              (load             ) [ 0000000000]
u_load                  (load             ) [ 0000000100]
v_42_load_1             (load             ) [ 0000000100]
indvars_iv_load         (load             ) [ 0000000000]
trunc_ln334             (trunc            ) [ 0000000100]
trunc_ln334_5           (trunc            ) [ 0000000110]
icmp_ln336              (icmp             ) [ 0000000000]
add_ln338               (add              ) [ 0000000000]
count_5                 (select           ) [ 0000000000]
sub65                   (sub              ) [ 0000000100]
add_ln334               (add              ) [ 0000000000]
add_ln334_4             (add              ) [ 0000000000]
store_ln302             (store            ) [ 0000000000]
store_ln334             (store            ) [ 0000000000]
store_ln302             (store            ) [ 0000000000]
ma_addr                 (getelementptr    ) [ 0000000001]
zext_ln334              (zext             ) [ 0000000000]
call_ln334              (call             ) [ 0000000000]
ma_addr_8               (getelementptr    ) [ 0000000010]
speclooptripcount_ln302 (speclooptripcount) [ 0000000000]
specloopname_ln334      (specloopname     ) [ 0000000000]
v_49_loc_load           (load             ) [ 0000000000]
u_43_loc_load           (load             ) [ 0000000000]
t_28_loc_load           (load             ) [ 0000000000]
ma_load_8               (load             ) [ 0000000000]
v_49                    (add              ) [ 0000000000]
xor_ln105_79            (xor              ) [ 0000000000]
xor_ln105_80            (xor              ) [ 0000000000]
or_ln105_14             (or               ) [ 0000000000]
xor_ln105_81            (xor              ) [ 0000000000]
carry_26                (bitselect        ) [ 0000000000]
zext_ln105_14           (zext             ) [ 0000000000]
tempReg                 (add              ) [ 0000000000]
bit_sel7                (bitselect        ) [ 0000000000]
xor_ln105_82            (xor              ) [ 0000000000]
trunc_ln105_5           (trunc            ) [ 0000000000]
xor_ln105_4             (bitconcatenate   ) [ 0000000000]
and_ln105_5             (and              ) [ 0000000000]
carry_27                (bitselect        ) [ 0000000000]
zext_ln105_15           (zext             ) [ 0000000000]
t                       (add              ) [ 0000000000]
tmp_8                   (bitconcatenate   ) [ 0000000000]
zext_ln353              (zext             ) [ 0000000000]
mc_addr_6               (getelementptr    ) [ 0000000000]
store_ln353             (store            ) [ 0000000000]
store_ln303             (store            ) [ 0000000000]
store_ln303             (store            ) [ 0000000000]
br_ln334                (br               ) [ 0000000000]
v_42_load               (load             ) [ 0000000000]
ma_load                 (load             ) [ 0000000000]
v                       (add              ) [ 0000000000]
store_ln359             (store            ) [ 0000000000]
ret_ln360               (ret              ) [ 0000000000]
</LifeTime>

<model>

<comp_list>
<comp id="0" class="1000" name="ma">
<pin_list>
<pin id="1" dir="1" index="0" bw="1" slack="0"/>
</pin_list>
<bind>
<StgValue><ssdm name="ma"/><MemPortTyVec>1 </MemPortTyVec>
</StgValue>
</bind>
</comp>

<comp id="2" class="1000" name="mc">
<pin_list>
<pin id="3" dir="1" index="0" bw="1" slack="0"/>
</pin_list>
<bind>
<StgValue><ssdm name="mc"/><MemPortTyVec>2 </MemPortTyVec>
</StgValue>
</bind>
</comp>

<comp id="4" class="1000" name="mc_offset">
<pin_list>
<pin id="5" dir="1" index="0" bw="1" slack="0"/>
</pin_list>
<bind>
<StgValue><ssdm name="mc_offset"/></StgValue>
</bind>
</comp>

<comp id="6" class="1000" name="mc_offset2">
<pin_list>
<pin id="7" dir="1" index="0" bw="1" slack="0"/>
</pin_list>
<bind>
<StgValue><ssdm name="mc_offset2"/></StgValue>
</bind>
</comp>

<comp id="8" class="1000" name="p503p1_1">
<pin_list>
<pin id="9" dir="1" index="0" bw="1" slack="0"/>
</pin_list>
<bind>
<StgValue><ssdm name="p503p1_1"/><MemPortTyVec>1 </MemPortTyVec>
</StgValue>
</bind>
</comp>

<comp id="10" class="1001" name="const_10">
<pin_list>
<pin id="11" dir="1" index="0" bw="1" slack="0"/>
</pin_list>
<bind>
<StgValue><ssdm name=""/></StgValue>
</bind>
</comp>

<comp id="12" class="1001" name="const_12">
<pin_list>
<pin id="13" dir="1" index="0" bw="1" slack="0"/>
</pin_list>
<bind>
<StgValue><ssdm name="_ssdm_op_Read.ap_auto.i1"/></StgValue>
</bind>
</comp>

<comp id="14" class="1001" name="const_14">
<pin_list>
<pin id="15" dir="1" index="0" bw="1" slack="0"/>
</pin_list>
<bind>
<StgValue><ssdm name="_ssdm_op_Read.ap_auto.i32"/></StgValue>
</bind>
</comp>

<comp id="16" class="1001" name="const_16">
<pin_list>
<pin id="17" dir="1" index="0" bw="1" slack="0"/>
</pin_list>
<bind>
<StgValue><ssdm name=""/></StgValue>
</bind>
</comp>

<comp id="18" class="1001" name="const_18">
<pin_list>
<pin id="19" dir="1" index="0" bw="1" slack="0"/>
</pin_list>
<bind>
<StgValue><ssdm name="_ssdm_op_BitConcatenate.i7.i3.i1.i3"/></StgValue>
</bind>
</comp>

<comp id="20" class="1001" name="const_20">
<pin_list>
<pin id="21" dir="1" index="0" bw="1" slack="0"/>
</pin_list>
<bind>
<StgValue><ssdm name=""/></StgValue>
</bind>
</comp>

<comp id="22" class="1001" name="const_22">
<pin_list>
<pin id="23" dir="1" index="0" bw="1" slack="0"/>
</pin_list>
<bind>
<StgValue><ssdm name="rdc_mont.5_Pipeline_VITIS_LOOP_306_1"/></StgValue>
</bind>
</comp>

<comp id="24" class="1001" name="const_24">
<pin_list>
<pin id="25" dir="1" index="0" bw="1" slack="0"/>
</pin_list>
<bind>
<StgValue><ssdm name=""/></StgValue>
</bind>
</comp>

<comp id="26" class="1001" name="const_26">
<pin_list>
<pin id="27" dir="1" index="0" bw="1" slack="0"/>
</pin_list>
<bind>
<StgValue><ssdm name=""/></StgValue>
</bind>
</comp>

<comp id="28" class="1001" name="const_28">
<pin_list>
<pin id="29" dir="1" index="0" bw="1" slack="0"/>
</pin_list>
<bind>
<StgValue><ssdm name=""/></StgValue>
</bind>
</comp>

<comp id="30" class="1001" name="const_30">
<pin_list>
<pin id="31" dir="1" index="0" bw="1" slack="2147483647"/>
</pin_list>
<bind>
<StgValue><ssdm name="_ssdm_op_SpecMemCore"/></StgValue>
</bind>
</comp>

<comp id="32" class="1001" name="const_32">
<pin_list>
<pin id="33" dir="1" index="0" bw="1" slack="2147483647"/>
</pin_list>
<bind>
<StgValue><ssdm name=""/></StgValue>
</bind>
</comp>

<comp id="34" class="1001" name="const_34">
<pin_list>
<pin id="35" dir="1" index="0" bw="1" slack="2147483647"/>
</pin_list>
<bind>
<StgValue><ssdm name=""/></StgValue>
</bind>
</comp>

<comp id="36" class="1001" name="const_36">
<pin_list>
<pin id="37" dir="1" index="0" bw="1" slack="2147483647"/>
</pin_list>
<bind>
<StgValue><ssdm name=""/></StgValue>
</bind>
</comp>

<comp id="38" class="1001" name="const_38">
<pin_list>
<pin id="39" dir="1" index="0" bw="1" slack="0"/>
</pin_list>
<bind>
<StgValue><ssdm name=""/></StgValue>
</bind>
</comp>

<comp id="40" class="1001" name="const_40">
<pin_list>
<pin id="41" dir="1" index="0" bw="1" slack="0"/>
</pin_list>
<bind>
<StgValue><ssdm name=""/></StgValue>
</bind>
</comp>

<comp id="42" class="1001" name="const_42">
<pin_list>
<pin id="43" dir="1" index="0" bw="1" slack="0"/>
</pin_list>
<bind>
<StgValue><ssdm name=""/></StgValue>
</bind>
</comp>

<comp id="44" class="1001" name="const_44">
<pin_list>
<pin id="45" dir="1" index="0" bw="1" slack="0"/>
</pin_list>
<bind>
<StgValue><ssdm name="rdc_mont.5_Pipeline_VITIS_LOOP_314_3"/></StgValue>
</bind>
</comp>

<comp id="46" class="1001" name="const_46">
<pin_list>
<pin id="47" dir="1" index="0" bw="1" slack="0"/>
</pin_list>
<bind>
<StgValue><ssdm name=""/></StgValue>
</bind>
</comp>

<comp id="48" class="1001" name="const_48">
<pin_list>
<pin id="49" dir="1" index="0" bw="1" slack="2147483647"/>
</pin_list>
<bind>
<StgValue><ssdm name="_ssdm_op_SpecLoopTripCount"/></StgValue>
</bind>
</comp>

<comp id="50" class="1001" name="const_50">
<pin_list>
<pin id="51" dir="1" index="0" bw="1" slack="2147483647"/>
</pin_list>
<bind>
<StgValue><ssdm name=""/></StgValue>
</bind>
</comp>

<comp id="52" class="1001" name="const_52">
<pin_list>
<pin id="53" dir="1" index="0" bw="1" slack="2147483647"/>
</pin_list>
<bind>
<StgValue><ssdm name="_ssdm_op_SpecLoopName"/></StgValue>
</bind>
</comp>

<comp id="54" class="1001" name="const_54">
<pin_list>
<pin id="55" dir="1" index="0" bw="1" slack="2147483647"/>
</pin_list>
<bind>
<StgValue><ssdm name="empty_2"/></StgValue>
</bind>
</comp>

<comp id="56" class="1001" name="const_56">
<pin_list>
<pin id="57" dir="1" index="0" bw="1" slack="0"/>
</pin_list>
<bind>
<StgValue><ssdm name="_ssdm_op_BitSelect.i1.i64.i32"/></StgValue>
</bind>
</comp>

<comp id="58" class="1001" name="const_58">
<pin_list>
<pin id="59" dir="1" index="0" bw="1" slack="0"/>
</pin_list>
<bind>
<StgValue><ssdm name=""/></StgValue>
</bind>
</comp>

<comp id="60" class="1001" name="const_60">
<pin_list>
<pin id="61" dir="1" index="0" bw="1" slack="0"/>
</pin_list>
<bind>
<StgValue><ssdm name="_ssdm_op_BitSelect.i1.i64.i64"/></StgValue>
</bind>
</comp>

<comp id="62" class="1001" name="const_62">
<pin_list>
<pin id="63" dir="1" index="0" bw="1" slack="0"/>
</pin_list>
<bind>
<StgValue><ssdm name=""/></StgValue>
</bind>
</comp>

<comp id="64" class="1001" name="const_64">
<pin_list>
<pin id="65" dir="1" index="0" bw="1" slack="0"/>
</pin_list>
<bind>
<StgValue><ssdm name=""/></StgValue>
</bind>
</comp>

<comp id="66" class="1001" name="const_66">
<pin_list>
<pin id="67" dir="1" index="0" bw="1" slack="0"/>
</pin_list>
<bind>
<StgValue><ssdm name="_ssdm_op_BitConcatenate.i64.i1.i63"/></StgValue>
</bind>
</comp>

<comp id="68" class="1001" name="const_68">
<pin_list>
<pin id="69" dir="1" index="0" bw="1" slack="0"/>
</pin_list>
<bind>
<StgValue><ssdm name=""/></StgValue>
</bind>
</comp>

<comp id="70" class="1001" name="const_70">
<pin_list>
<pin id="71" dir="1" index="0" bw="1" slack="0"/>
</pin_list>
<bind>
<StgValue><ssdm name=""/></StgValue>
</bind>
</comp>

<comp id="72" class="1001" name="const_72">
<pin_list>
<pin id="73" dir="1" index="0" bw="1" slack="0"/>
</pin_list>
<bind>
<StgValue><ssdm name=""/></StgValue>
</bind>
</comp>

<comp id="74" class="1001" name="const_74">
<pin_list>
<pin id="75" dir="1" index="0" bw="1" slack="0"/>
</pin_list>
<bind>
<StgValue><ssdm name=""/></StgValue>
</bind>
</comp>

<comp id="76" class="1001" name="const_76">
<pin_list>
<pin id="77" dir="1" index="0" bw="1" slack="0"/>
</pin_list>
<bind>
<StgValue><ssdm name="rdc_mont.5_Pipeline_VITIS_LOOP_340_5"/></StgValue>
</bind>
</comp>

<comp id="78" class="1001" name="const_78">
<pin_list>
<pin id="79" dir="1" index="0" bw="1" slack="0"/>
</pin_list>
<bind>
<StgValue><ssdm name=""/></StgValue>
</bind>
</comp>

<comp id="80" class="1001" name="const_80">
<pin_list>
<pin id="81" dir="1" index="0" bw="1" slack="2147483647"/>
</pin_list>
<bind>
<StgValue><ssdm name=""/></StgValue>
</bind>
</comp>

<comp id="82" class="1001" name="const_82">
<pin_list>
<pin id="83" dir="1" index="0" bw="1" slack="2147483647"/>
</pin_list>
<bind>
<StgValue><ssdm name="empty_35"/></StgValue>
</bind>
</comp>

<comp id="84" class="1004" name="i_9_fu_84">
<pin_list>
<pin id="85" dir="0" index="0" bw="1" slack="0"/>
<pin id="86" dir="1" index="1" bw="4" slack="0"/>
</pin_list>
<bind>
<opcode="alloca(26) " fcode="alloca"/>
<opset="i_9/1 "/>
</bind>
</comp>

<comp id="88" class="1004" name="u_025_fu_88">
<pin_list>
<pin id="89" dir="0" index="0" bw="1" slack="0"/>
<pin id="90" dir="1" index="1" bw="64" slack="0"/>
</pin_list>
<bind>
<opcode="alloca(26) " fcode="alloca"/>
<opset="u_025/1 "/>
</bind>
</comp>

<comp id="92" class="1004" name="v_026_fu_92">
<pin_list>
<pin id="93" dir="0" index="0" bw="1" slack="0"/>
<pin id="94" dir="1" index="1" bw="64" slack="0"/>
</pin_list>
<bind>
<opcode="alloca(26) " fcode="alloca"/>
<opset="v_026/1 "/>
</bind>
</comp>

<comp id="96" class="1004" name="t_28_loc_fu_96">
<pin_list>
<pin id="97" dir="0" index="0" bw="1" slack="0"/>
<pin id="98" dir="1" index="1" bw="64" slack="3"/>
</pin_list>
<bind>
<opcode="alloca(26) " fcode="alloca"/>
<opset="t_28_loc/1 "/>
</bind>
</comp>

<comp id="100" class="1004" name="u_43_loc_fu_100">
<pin_list>
<pin id="101" dir="0" index="0" bw="1" slack="0"/>
<pin id="102" dir="1" index="1" bw="64" slack="3"/>
</pin_list>
<bind>
<opcode="alloca(26) " fcode="alloca"/>
<opset="u_43_loc/1 "/>
</bind>
</comp>

<comp id="104" class="1004" name="v_49_loc_fu_104">
<pin_list>
<pin id="105" dir="0" index="0" bw="1" slack="0"/>
<pin id="106" dir="1" index="1" bw="64" slack="3"/>
</pin_list>
<bind>
<opcode="alloca(26) " fcode="alloca"/>
<opset="v_49_loc/1 "/>
</bind>
</comp>

<comp id="108" class="1004" name="t_loc_fu_108">
<pin_list>
<pin id="109" dir="0" index="0" bw="1" slack="0"/>
<pin id="110" dir="1" index="1" bw="64" slack="2"/>
</pin_list>
<bind>
<opcode="alloca(26) " fcode="alloca"/>
<opset="t_loc/1 "/>
</bind>
</comp>

<comp id="112" class="1004" name="u_39_loc_fu_112">
<pin_list>
<pin id="113" dir="0" index="0" bw="1" slack="0"/>
<pin id="114" dir="1" index="1" bw="64" slack="2"/>
</pin_list>
<bind>
<opcode="alloca(26) " fcode="alloca"/>
<opset="u_39_loc/1 "/>
</bind>
</comp>

<comp id="116" class="1004" name="v_45_loc_fu_116">
<pin_list>
<pin id="117" dir="0" index="0" bw="1" slack="0"/>
<pin id="118" dir="1" index="1" bw="64" slack="2"/>
</pin_list>
<bind>
<opcode="alloca(26) " fcode="alloca"/>
<opset="v_45_loc/1 "/>
</bind>
</comp>

<comp id="120" class="1004" name="count_fu_120">
<pin_list>
<pin id="121" dir="0" index="0" bw="1" slack="0"/>
<pin id="122" dir="1" index="1" bw="32" slack="0"/>
</pin_list>
<bind>
<opcode="alloca(26) " fcode="alloca"/>
<opset="count/3 "/>
</bind>
</comp>

<comp id="124" class="1004" name="u_fu_124">
<pin_list>
<pin id="125" dir="0" index="0" bw="1" slack="0"/>
<pin id="126" dir="1" index="1" bw="64" slack="0"/>
</pin_list>
<bind>
<opcode="alloca(26) " fcode="alloca"/>
<opset="u/3 "/>
</bind>
</comp>

<comp id="128" class="1004" name="v_42_fu_128">
<pin_list>
<pin id="129" dir="0" index="0" bw="1" slack="0"/>
<pin id="130" dir="1" index="1" bw="64" slack="0"/>
</pin_list>
<bind>
<opcode="alloca(26) " fcode="alloca"/>
<opset="v_42/3 "/>
</bind>
</comp>

<comp id="132" class="1004" name="indvars_iv_fu_132">
<pin_list>
<pin id="133" dir="0" index="0" bw="1" slack="0"/>
<pin id="134" dir="1" index="1" bw="4" slack="0"/>
</pin_list>
<bind>
<opcode="alloca(26) " fcode="alloca"/>
<opset="indvars_iv/3 "/>
</bind>
</comp>

<comp id="136" class="1004" name="i_10_fu_136">
<pin_list>
<pin id="137" dir="0" index="0" bw="1" slack="0"/>
<pin id="138" dir="1" index="1" bw="4" slack="0"/>
</pin_list>
<bind>
<opcode="alloca(26) " fcode="alloca"/>
<opset="i_10/3 "/>
</bind>
</comp>

<comp id="140" class="1004" name="mc_offset2_read_read_fu_140">
<pin_list>
<pin id="141" dir="0" index="0" bw="1" slack="0"/>
<pin id="142" dir="0" index="1" bw="1" slack="0"/>
<pin id="143" dir="1" index="2" bw="1" slack="0"/>
</pin_list>
<bind>
<opcode="read(1150) " fcode="read"/>
<opset="mc_offset2_read/1 "/>
</bind>
</comp>

<comp id="146" class="1004" name="mc_offset_read_read_fu_146">
<pin_list>
<pin id="147" dir="0" index="0" bw="32" slack="0"/>
<pin id="148" dir="0" index="1" bw="32" slack="0"/>
<pin id="149" dir="1" index="2" bw="32" slack="0"/>
</pin_list>
<bind>
<opcode="read(1150) " fcode="read"/>
<opset="mc_offset_read/1 "/>
</bind>
</comp>

<comp id="152" class="1004" name="mc_addr_gep_fu_152">
<pin_list>
<pin id="153" dir="0" index="0" bw="64" slack="0"/>
<pin id="154" dir="0" index="1" bw="1" slack="0"/>
<pin id="155" dir="0" index="2" bw="7" slack="0"/>
<pin id="156" dir="1" index="3" bw="7" slack="3"/>
</pin_list>
<bind>
<opcode="getelementptr(29) " fcode="getelementptr"/>
<opset="mc_addr/2 "/>
</bind>
</comp>

<comp id="159" class="1004" name="ma_addr_7_gep_fu_159">
<pin_list>
<pin id="160" dir="0" index="0" bw="64" slack="0"/>
<pin id="161" dir="0" index="1" bw="1" slack="0"/>
<pin id="162" dir="0" index="2" bw="4" slack="0"/>
<pin id="163" dir="1" index="3" bw="4" slack="0"/>
</pin_list>
<bind>
<opcode="getelementptr(29) " fcode="getelementptr"/>
<opset="ma_addr_7/4 "/>
</bind>
</comp>

<comp id="166" class="1004" name="grp_access_fu_166">
<pin_list>
<pin id="167" dir="0" index="0" bw="4" slack="0"/>
<pin id="168" dir="0" index="1" bw="64" slack="2147483647"/>
<pin id="169" dir="0" index="2" bw="0" slack="2147483647"/>
<pin id="170" dir="1" index="3" bw="64" slack="0"/>
</pin_list>
<bind>
<opcode="load(27) " fcode="load"/>
<opset="ma_load_7/4 ma_load/6 ma_load_8/7 "/>
</bind>
</comp>

<comp id="172" class="1004" name="mc_addr_5_gep_fu_172">
<pin_list>
<pin id="173" dir="0" index="0" bw="64" slack="0"/>
<pin id="174" dir="0" index="1" bw="1" slack="0"/>
<pin id="175" dir="0" index="2" bw="7" slack="0"/>
<pin id="176" dir="1" index="3" bw="7" slack="0"/>
</pin_list>
<bind>
<opcode="getelementptr(29) " fcode="getelementptr"/>
<opset="mc_addr_5/5 "/>
</bind>
</comp>

<comp id="179" class="1004" name="grp_access_fu_179">
<pin_list>
<pin id="180" dir="0" index="0" bw="7" slack="0"/>
<pin id="181" dir="0" index="1" bw="64" slack="0"/>
<pin id="182" dir="0" index="2" bw="0" slack="2147483647"/>
<pin id="183" dir="1" index="3" bw="64" slack="2147483647"/>
</pin_list>
<bind>
<opcode="store(28) " fcode="store"/>
<opset="store_ln327/5 store_ln353/8 store_ln359/9 "/>
</bind>
</comp>

<comp id="185" class="1004" name="ma_addr_gep_fu_185">
<pin_list>
<pin id="186" dir="0" index="0" bw="64" slack="0"/>
<pin id="187" dir="0" index="1" bw="1" slack="0"/>
<pin id="188" dir="0" index="2" bw="5" slack="0"/>
<pin id="189" dir="1" index="3" bw="4" slack="0"/>
</pin_list>
<bind>
<opcode="getelementptr(29) " fcode="getelementptr"/>
<opset="ma_addr/6 "/>
</bind>
</comp>

<comp id="194" class="1004" name="ma_addr_8_gep_fu_194">
<pin_list>
<pin id="195" dir="0" index="0" bw="64" slack="0"/>
<pin id="196" dir="0" index="1" bw="1" slack="0"/>
<pin id="197" dir="0" index="2" bw="4" slack="0"/>
<pin id="198" dir="1" index="3" bw="4" slack="0"/>
</pin_list>
<bind>
<opcode="getelementptr(29) " fcode="getelementptr"/>
<opset="ma_addr_8/7 "/>
</bind>
</comp>

<comp id="202" class="1004" name="mc_addr_6_gep_fu_202">
<pin_list>
<pin id="203" dir="0" index="0" bw="64" slack="0"/>
<pin id="204" dir="0" index="1" bw="1" slack="0"/>
<pin id="205" dir="0" index="2" bw="7" slack="0"/>
<pin id="206" dir="1" index="3" bw="7" slack="0"/>
</pin_list>
<bind>
<opcode="getelementptr(29) " fcode="getelementptr"/>
<opset="mc_addr_6/8 "/>
</bind>
</comp>

<comp id="210" class="1004" name="grp_rdc_mont_5_Pipeline_VITIS_LOOP_306_1_fu_210">
<pin_list>
<pin id="211" dir="0" index="0" bw="0" slack="0"/>
<pin id="212" dir="0" index="1" bw="64" slack="0"/>
<pin id="213" dir="0" index="2" bw="7" slack="0"/>
<pin id="214" dir="1" index="3" bw="0" slack="2147483647"/>
</pin_list>
<bind>
<opcode="call(48) " fcode="call"/>
<opset="call_ln308/1 "/>
</bind>
</comp>

<comp id="217" class="1004" name="grp_rdc_mont_5_Pipeline_VITIS_LOOP_314_3_fu_217">
<pin_list>
<pin id="218" dir="0" index="0" bw="0" slack="0"/>
<pin id="219" dir="0" index="1" bw="64" slack="0"/>
<pin id="220" dir="0" index="2" bw="64" slack="0"/>
<pin id="221" dir="0" index="3" bw="3" slack="0"/>
<pin id="222" dir="0" index="4" bw="3" slack="2"/>
<pin id="223" dir="0" index="5" bw="1" slack="2"/>
<pin id="224" dir="0" index="6" bw="64" slack="0"/>
<pin id="225" dir="0" index="7" bw="4" slack="0"/>
<pin id="226" dir="0" index="8" bw="3" slack="0"/>
<pin id="227" dir="0" index="9" bw="64" slack="2"/>
<pin id="228" dir="0" index="10" bw="64" slack="2"/>
<pin id="229" dir="0" index="11" bw="64" slack="2"/>
<pin id="230" dir="0" index="12" bw="64" slack="0"/>
<pin id="231" dir="1" index="13" bw="0" slack="2147483647"/>
</pin_list>
<bind>
<opcode="call(48) " fcode="call"/>
<opset="call_ln312/3 "/>
</bind>
</comp>

<comp id="235" class="1004" name="grp_rdc_mont_5_Pipeline_VITIS_LOOP_340_5_fu_235">
<pin_list>
<pin id="236" dir="0" index="0" bw="0" slack="0"/>
<pin id="237" dir="0" index="1" bw="3" slack="0"/>
<pin id="238" dir="0" index="2" bw="64" slack="0"/>
<pin id="239" dir="0" index="3" bw="64" slack="0"/>
<pin id="240" dir="0" index="4" bw="7" slack="3"/>
<pin id="241" dir="0" index="5" bw="64" slack="0"/>
<pin id="242" dir="0" index="6" bw="32" slack="0"/>
<pin id="243" dir="0" index="7" bw="3" slack="0"/>
<pin id="244" dir="0" index="8" bw="64" slack="3"/>
<pin id="245" dir="0" index="9" bw="64" slack="3"/>
<pin id="246" dir="0" index="10" bw="64" slack="3"/>
<pin id="247" dir="0" index="11" bw="64" slack="0"/>
<pin id="248" dir="1" index="12" bw="0" slack="2147483647"/>
</pin_list>
<bind>
<opcode="call(48) " fcode="call"/>
<opset="call_ln334/6 "/>
</bind>
</comp>

<comp id="252" class="1004" name="grp_load_fu_252">
<pin_list>
<pin id="253" dir="0" index="0" bw="64" slack="1"/>
<pin id="254" dir="1" index="1" bw="64" slack="0"/>
</pin_list>
<bind>
<opcode="load(27) " fcode="load"/>
<opset="v_42_load_1/6 v_42_load/9 "/>
</bind>
</comp>

<comp id="256" class="1004" name="empty_fu_256">
<pin_list>
<pin id="257" dir="0" index="0" bw="32" slack="0"/>
<pin id="258" dir="1" index="1" bw="3" slack="0"/>
</pin_list>
<bind>
<opcode="trunc(33) " fcode="trunc"/>
<opset="empty/1 "/>
</bind>
</comp>

<comp id="260" class="1004" name="tmp_fu_260">
<pin_list>
<pin id="261" dir="0" index="0" bw="7" slack="0"/>
<pin id="262" dir="0" index="1" bw="3" slack="0"/>
<pin id="263" dir="0" index="2" bw="1" slack="0"/>
<pin id="264" dir="0" index="3" bw="1" slack="0"/>
<pin id="265" dir="1" index="4" bw="7" slack="0"/>
</pin_list>
<bind>
<opcode="bitconcatenate(1004) " fcode="bitconcatenate"/>
<opset="tmp/1 "/>
</bind>
</comp>

<comp id="271" class="1004" name="store_ln303_store_fu_271">
<pin_list>
<pin id="272" dir="0" index="0" bw="1" slack="0"/>
<pin id="273" dir="0" index="1" bw="64" slack="0"/>
<pin id="274" dir="1" index="2" bw="0" slack="2147483647"/>
</pin_list>
<bind>
<opcode="store(28) " fcode="store"/>
<opset="store_ln303/1 "/>
</bind>
</comp>

<comp id="276" class="1004" name="store_ln303_store_fu_276">
<pin_list>
<pin id="277" dir="0" index="0" bw="1" slack="0"/>
<pin id="278" dir="0" index="1" bw="64" slack="0"/>
<pin id="279" dir="1" index="2" bw="0" slack="2147483647"/>
</pin_list>
<bind>
<opcode="store(28) " fcode="store"/>
<opset="store_ln303/1 "/>
</bind>
</comp>

<comp id="281" class="1004" name="store_ln302_store_fu_281">
<pin_list>
<pin id="282" dir="0" index="0" bw="1" slack="0"/>
<pin id="283" dir="0" index="1" bw="4" slack="0"/>
<pin id="284" dir="1" index="2" bw="0" slack="2147483647"/>
</pin_list>
<bind>
<opcode="store(28) " fcode="store"/>
<opset="store_ln302/1 "/>
</bind>
</comp>

<comp id="286" class="1004" name="tmp_6_fu_286">
<pin_list>
<pin id="287" dir="0" index="0" bw="7" slack="0"/>
<pin id="288" dir="0" index="1" bw="3" slack="1"/>
<pin id="289" dir="0" index="2" bw="1" slack="1"/>
<pin id="290" dir="0" index="3" bw="1" slack="0"/>
<pin id="291" dir="1" index="4" bw="7" slack="0"/>
</pin_list>
<bind>
<opcode="bitconcatenate(1004) " fcode="bitconcatenate"/>
<opset="tmp_6/2 "/>
</bind>
</comp>

<comp id="294" class="1004" name="zext_ln359_fu_294">
<pin_list>
<pin id="295" dir="0" index="0" bw="7" slack="0"/>
<pin id="296" dir="1" index="1" bw="64" slack="0"/>
</pin_list>
<bind>
<opcode="zext(34) " fcode="zext"/>
<opset="zext_ln359/2 "/>
</bind>
</comp>

<comp id="299" class="1004" name="i_load_fu_299">
<pin_list>
<pin id="300" dir="0" index="0" bw="4" slack="2"/>
<pin id="301" dir="1" index="1" bw="4" slack="0"/>
</pin_list>
<bind>
<opcode="load(27) " fcode="load"/>
<opset="i/3 "/>
</bind>
</comp>

<comp id="302" class="1004" name="u_39_load_fu_302">
<pin_list>
<pin id="303" dir="0" index="0" bw="64" slack="2"/>
<pin id="304" dir="1" index="1" bw="64" slack="0"/>
</pin_list>
<bind>
<opcode="load(27) " fcode="load"/>
<opset="u_39/3 "/>
</bind>
</comp>

<comp id="306" class="1004" name="v_45_load_fu_306">
<pin_list>
<pin id="307" dir="0" index="0" bw="64" slack="2"/>
<pin id="308" dir="1" index="1" bw="64" slack="0"/>
</pin_list>
<bind>
<opcode="load(27) " fcode="load"/>
<opset="v_45/3 "/>
</bind>
</comp>

<comp id="310" class="1004" name="icmp_ln312_fu_310">
<pin_list>
<pin id="311" dir="0" index="0" bw="4" slack="0"/>
<pin id="312" dir="0" index="1" bw="4" slack="0"/>
<pin id="313" dir="1" index="2" bw="1" slack="2147483647"/>
</pin_list>
<bind>
<opcode="icmp(45) " fcode="icmp"/>
<opset="icmp_ln312/3 "/>
</bind>
</comp>

<comp id="316" class="1004" name="add_ln312_fu_316">
<pin_list>
<pin id="317" dir="0" index="0" bw="4" slack="0"/>
<pin id="318" dir="0" index="1" bw="1" slack="0"/>
<pin id="319" dir="1" index="2" bw="4" slack="0"/>
</pin_list>
<bind>
<opcode="add(8) " fcode="add"/>
<opset="add_ln312/3 "/>
</bind>
</comp>

<comp id="322" class="1004" name="trunc_ln312_fu_322">
<pin_list>
<pin id="323" dir="0" index="0" bw="4" slack="0"/>
<pin id="324" dir="1" index="1" bw="3" slack="0"/>
</pin_list>
<bind>
<opcode="trunc(33) " fcode="trunc"/>
<opset="trunc_ln312/3 "/>
</bind>
</comp>

<comp id="328" class="1004" name="zext_ln314_fu_328">
<pin_list>
<pin id="329" dir="0" index="0" bw="3" slack="0"/>
<pin id="330" dir="1" index="1" bw="4" slack="0"/>
</pin_list>
<bind>
<opcode="zext(34) " fcode="zext"/>
<opset="zext_ln314/3 "/>
</bind>
</comp>

<comp id="332" class="1004" name="add_ln314_fu_332">
<pin_list>
<pin id="333" dir="0" index="0" bw="3" slack="0"/>
<pin id="334" dir="0" index="1" bw="2" slack="0"/>
<pin id="335" dir="1" index="2" bw="4" slack="0"/>
</pin_list>
<bind>
<opcode="add(8) " fcode="add"/>
<opset="add_ln314/3 "/>
</bind>
</comp>

<comp id="339" class="1004" name="store_ln302_store_fu_339">
<pin_list>
<pin id="340" dir="0" index="0" bw="4" slack="0"/>
<pin id="341" dir="0" index="1" bw="4" slack="2"/>
<pin id="342" dir="1" index="2" bw="0" slack="2147483647"/>
</pin_list>
<bind>
<opcode="store(28) " fcode="store"/>
<opset="store_ln302/3 "/>
</bind>
</comp>

<comp id="344" class="1004" name="store_ln302_store_fu_344">
<pin_list>
<pin id="345" dir="0" index="0" bw="4" slack="0"/>
<pin id="346" dir="0" index="1" bw="4" slack="0"/>
<pin id="347" dir="1" index="2" bw="0" slack="2147483647"/>
</pin_list>
<bind>
<opcode="store(28) " fcode="store"/>
<opset="store_ln302/3 "/>
</bind>
</comp>

<comp id="349" class="1004" name="store_ln0_store_fu_349">
<pin_list>
<pin id="350" dir="0" index="0" bw="1" slack="0"/>
<pin id="351" dir="0" index="1" bw="4" slack="0"/>
<pin id="352" dir="1" index="2" bw="0" slack="2147483647"/>
</pin_list>
<bind>
<opcode="store(28) " fcode="store"/>
<opset="store_ln0/3 "/>
</bind>
</comp>

<comp id="354" class="1004" name="store_ln303_store_fu_354">
<pin_list>
<pin id="355" dir="0" index="0" bw="64" slack="0"/>
<pin id="356" dir="0" index="1" bw="64" slack="0"/>
<pin id="357" dir="1" index="2" bw="0" slack="2147483647"/>
</pin_list>
<bind>
<opcode="store(28) " fcode="store"/>
<opset="store_ln303/3 "/>
</bind>
</comp>

<comp id="359" class="1004" name="store_ln303_store_fu_359">
<pin_list>
<pin id="360" dir="0" index="0" bw="64" slack="0"/>
<pin id="361" dir="0" index="1" bw="64" slack="0"/>
<pin id="362" dir="1" index="2" bw="0" slack="2147483647"/>
</pin_list>
<bind>
<opcode="store(28) " fcode="store"/>
<opset="store_ln303/3 "/>
</bind>
</comp>

<comp id="364" class="1004" name="store_ln302_store_fu_364">
<pin_list>
<pin id="365" dir="0" index="0" bw="3" slack="0"/>
<pin id="366" dir="0" index="1" bw="32" slack="0"/>
<pin id="367" dir="1" index="2" bw="0" slack="2147483647"/>
</pin_list>
<bind>
<opcode="store(28) " fcode="store"/>
<opset="store_ln302/3 "/>
</bind>
</comp>

<comp id="369" class="1004" name="zext_ln312_fu_369">
<pin_list>
<pin id="370" dir="0" index="0" bw="4" slack="1"/>
<pin id="371" dir="1" index="1" bw="64" slack="0"/>
</pin_list>
<bind>
<opcode="zext(34) " fcode="zext"/>
<opset="zext_ln312/4 "/>
</bind>
</comp>

<comp id="373" class="1004" name="zext_ln327_fu_373">
<pin_list>
<pin id="374" dir="0" index="0" bw="4" slack="1"/>
<pin id="375" dir="1" index="1" bw="7" slack="0"/>
</pin_list>
<bind>
<opcode="zext(34) " fcode="zext"/>
<opset="zext_ln327/4 "/>
</bind>
</comp>

<comp id="376" class="1004" name="add_ln327_fu_376">
<pin_list>
<pin id="377" dir="0" index="0" bw="7" slack="3"/>
<pin id="378" dir="0" index="1" bw="4" slack="0"/>
<pin id="379" dir="1" index="2" bw="7" slack="1"/>
</pin_list>
<bind>
<opcode="add(8) " fcode="add"/>
<opset="add_ln327/4 "/>
</bind>
</comp>

<comp id="381" class="1004" name="zext_ln327_2_fu_381">
<pin_list>
<pin id="382" dir="0" index="0" bw="7" slack="1"/>
<pin id="383" dir="1" index="1" bw="64" slack="0"/>
</pin_list>
<bind>
<opcode="zext(34) " fcode="zext"/>
<opset="zext_ln327_2/5 "/>
</bind>
</comp>

<comp id="385" class="1004" name="v_45_loc_load_load_fu_385">
<pin_list>
<pin id="386" dir="0" index="0" bw="64" slack="4"/>
<pin id="387" dir="1" index="1" bw="64" slack="0"/>
</pin_list>
<bind>
<opcode="load(27) " fcode="load"/>
<opset="v_45_loc_load/5 "/>
</bind>
</comp>

<comp id="388" class="1004" name="u_39_loc_load_load_fu_388">
<pin_list>
<pin id="389" dir="0" index="0" bw="64" slack="4"/>
<pin id="390" dir="1" index="1" bw="64" slack="0"/>
</pin_list>
<bind>
<opcode="load(27) " fcode="load"/>
<opset="u_39_loc_load/5 "/>
</bind>
</comp>

<comp id="391" class="1004" name="t_loc_load_load_fu_391">
<pin_list>
<pin id="392" dir="0" index="0" bw="64" slack="4"/>
<pin id="393" dir="1" index="1" bw="64" slack="0"/>
</pin_list>
<bind>
<opcode="load(27) " fcode="load"/>
<opset="t_loc_load/5 "/>
</bind>
</comp>

<comp id="394" class="1004" name="v_46_fu_394">
<pin_list>
<pin id="395" dir="0" index="0" bw="64" slack="0"/>
<pin id="396" dir="0" index="1" bw="64" slack="0"/>
<pin id="397" dir="1" index="2" bw="64" slack="0"/>
</pin_list>
<bind>
<opcode="add(8) " fcode="add"/>
<opset="v_46/5 "/>
</bind>
</comp>

<comp id="401" class="1004" name="xor_ln105_fu_401">
<pin_list>
<pin id="402" dir="0" index="0" bw="64" slack="0"/>
<pin id="403" dir="0" index="1" bw="64" slack="0"/>
<pin id="404" dir="1" index="2" bw="64" slack="0"/>
</pin_list>
<bind>
<opcode="xor(25) " fcode="xor"/>
<opset="xor_ln105/5 "/>
</bind>
</comp>

<comp id="407" class="1004" name="xor_ln105_76_fu_407">
<pin_list>
<pin id="408" dir="0" index="0" bw="64" slack="0"/>
<pin id="409" dir="0" index="1" bw="64" slack="0"/>
<pin id="410" dir="1" index="2" bw="64" slack="0"/>
</pin_list>
<bind>
<opcode="xor(25) " fcode="xor"/>
<opset="xor_ln105_76/5 "/>
</bind>
</comp>

<comp id="413" class="1004" name="or_ln105_fu_413">
<pin_list>
<pin id="414" dir="0" index="0" bw="64" slack="0"/>
<pin id="415" dir="0" index="1" bw="64" slack="0"/>
<pin id="416" dir="1" index="2" bw="64" slack="0"/>
</pin_list>
<bind>
<opcode="or(24) " fcode="or"/>
<opset="or_ln105/5 "/>
</bind>
</comp>

<comp id="419" class="1004" name="xor_ln105_77_fu_419">
<pin_list>
<pin id="420" dir="0" index="0" bw="64" slack="0"/>
<pin id="421" dir="0" index="1" bw="64" slack="0"/>
<pin id="422" dir="1" index="2" bw="64" slack="0"/>
</pin_list>
<bind>
<opcode="xor(25) " fcode="xor"/>
<opset="xor_ln105_77/5 "/>
</bind>
</comp>

<comp id="425" class="1004" name="carry_fu_425">
<pin_list>
<pin id="426" dir="0" index="0" bw="1" slack="0"/>
<pin id="427" dir="0" index="1" bw="64" slack="0"/>
<pin id="428" dir="0" index="2" bw="7" slack="0"/>
<pin id="429" dir="1" index="3" bw="1" slack="0"/>
</pin_list>
<bind>
<opcode="bitselect(1000) " fcode="bitselect"/>
<opset="carry/5 "/>
</bind>
</comp>

<comp id="433" class="1004" name="zext_ln105_fu_433">
<pin_list>
<pin id="434" dir="0" index="0" bw="1" slack="0"/>
<pin id="435" dir="1" index="1" bw="64" slack="0"/>
</pin_list>
<bind>
<opcode="zext(34) " fcode="zext"/>
<opset="zext_ln105/5 "/>
</bind>
</comp>

<comp id="437" class="1004" name="v_51_fu_437">
<pin_list>
<pin id="438" dir="0" index="0" bw="64" slack="0"/>
<pin id="439" dir="0" index="1" bw="1" slack="0"/>
<pin id="440" dir="1" index="2" bw="64" slack="0"/>
</pin_list>
<bind>
<opcode="add(8) " fcode="add"/>
<opset="v_51/5 "/>
</bind>
</comp>

<comp id="443" class="1004" name="bit_sel1_fu_443">
<pin_list>
<pin id="444" dir="0" index="0" bw="1" slack="0"/>
<pin id="445" dir="0" index="1" bw="64" slack="0"/>
<pin id="446" dir="0" index="2" bw="7" slack="0"/>
<pin id="447" dir="1" index="3" bw="1" slack="0"/>
</pin_list>
<bind>
<opcode="bitselect(1000) " fcode="bitselect"/>
<opset="bit_sel1/5 "/>
</bind>
</comp>

<comp id="451" class="1004" name="xor_ln105_78_fu_451">
<pin_list>
<pin id="452" dir="0" index="0" bw="1" slack="0"/>
<pin id="453" dir="0" index="1" bw="1" slack="0"/>
<pin id="454" dir="1" index="2" bw="1" slack="0"/>
</pin_list>
<bind>
<opcode="xor(25) " fcode="xor"/>
<opset="xor_ln105_78/5 "/>
</bind>
</comp>

<comp id="457" class="1004" name="trunc_ln105_fu_457">
<pin_list>
<pin id="458" dir="0" index="0" bw="64" slack="0"/>
<pin id="459" dir="1" index="1" bw="63" slack="0"/>
</pin_list>
<bind>
<opcode="trunc(33) " fcode="trunc"/>
<opset="trunc_ln105/5 "/>
</bind>
</comp>

<comp id="461" class="1004" name="xor_ln105_s_fu_461">
<pin_list>
<pin id="462" dir="0" index="0" bw="64" slack="0"/>
<pin id="463" dir="0" index="1" bw="1" slack="0"/>
<pin id="464" dir="0" index="2" bw="63" slack="0"/>
<pin id="465" dir="1" index="3" bw="64" slack="0"/>
</pin_list>
<bind>
<opcode="bitconcatenate(1004) " fcode="bitconcatenate"/>
<opset="xor_ln105_s/5 "/>
</bind>
</comp>

<comp id="469" class="1004" name="and_ln105_fu_469">
<pin_list>
<pin id="470" dir="0" index="0" bw="64" slack="0"/>
<pin id="471" dir="0" index="1" bw="64" slack="0"/>
<pin id="472" dir="1" index="2" bw="64" slack="0"/>
</pin_list>
<bind>
<opcode="and(23) " fcode="and"/>
<opset="and_ln105/5 "/>
</bind>
</comp>

<comp id="475" class="1004" name="carry_25_fu_475">
<pin_list>
<pin id="476" dir="0" index="0" bw="1" slack="0"/>
<pin id="477" dir="0" index="1" bw="64" slack="0"/>
<pin id="478" dir="0" index="2" bw="7" slack="0"/>
<pin id="479" dir="1" index="3" bw="1" slack="0"/>
</pin_list>
<bind>
<opcode="bitselect(1000) " fcode="bitselect"/>
<opset="carry_25/5 "/>
</bind>
</comp>

<comp id="483" class="1004" name="zext_ln105_13_fu_483">
<pin_list>
<pin id="484" dir="0" index="0" bw="1" slack="0"/>
<pin id="485" dir="1" index="1" bw="64" slack="0"/>
</pin_list>
<bind>
<opcode="zext(34) " fcode="zext"/>
<opset="zext_ln105_13/5 "/>
</bind>
</comp>

<comp id="487" class="1004" name="u_44_fu_487">
<pin_list>
<pin id="488" dir="0" index="0" bw="64" slack="0"/>
<pin id="489" dir="0" index="1" bw="1" slack="0"/>
<pin id="490" dir="1" index="2" bw="64" slack="0"/>
</pin_list>
<bind>
<opcode="add(8) " fcode="add"/>
<opset="u_44/5 "/>
</bind>
</comp>

<comp id="493" class="1004" name="store_ln303_store_fu_493">
<pin_list>
<pin id="494" dir="0" index="0" bw="64" slack="0"/>
<pin id="495" dir="0" index="1" bw="64" slack="4"/>
<pin id="496" dir="1" index="2" bw="0" slack="2147483647"/>
</pin_list>
<bind>
<opcode="store(28) " fcode="store"/>
<opset="store_ln303/5 "/>
</bind>
</comp>

<comp id="498" class="1004" name="store_ln303_store_fu_498">
<pin_list>
<pin id="499" dir="0" index="0" bw="64" slack="0"/>
<pin id="500" dir="0" index="1" bw="64" slack="4"/>
<pin id="501" dir="1" index="2" bw="0" slack="2147483647"/>
</pin_list>
<bind>
<opcode="store(28) " fcode="store"/>
<opset="store_ln303/5 "/>
</bind>
</comp>

<comp id="503" class="1004" name="i_14_load_fu_503">
<pin_list>
<pin id="504" dir="0" index="0" bw="4" slack="1"/>
<pin id="505" dir="1" index="1" bw="4" slack="0"/>
</pin_list>
<bind>
<opcode="load(27) " fcode="load"/>
<opset="i_14/6 "/>
</bind>
</comp>

<comp id="506" class="1004" name="icmp_ln334_fu_506">
<pin_list>
<pin id="507" dir="0" index="0" bw="4" slack="0"/>
<pin id="508" dir="0" index="1" bw="4" slack="0"/>
<pin id="509" dir="1" index="2" bw="1" slack="2147483647"/>
</pin_list>
<bind>
<opcode="icmp(45) " fcode="icmp"/>
<opset="icmp_ln334/6 "/>
</bind>
</comp>

<comp id="512" class="1004" name="count_load_load_fu_512">
<pin_list>
<pin id="513" dir="0" index="0" bw="32" slack="1"/>
<pin id="514" dir="1" index="1" bw="32" slack="0"/>
</pin_list>
<bind>
<opcode="load(27) " fcode="load"/>
<opset="count_load/6 "/>
</bind>
</comp>

<comp id="515" class="1004" name="u_load_load_fu_515">
<pin_list>
<pin id="516" dir="0" index="0" bw="64" slack="1"/>
<pin id="517" dir="1" index="1" bw="64" slack="0"/>
</pin_list>
<bind>
<opcode="load(27) " fcode="load"/>
<opset="u_load/6 "/>
</bind>
</comp>

<comp id="519" class="1004" name="indvars_iv_load_load_fu_519">
<pin_list>
<pin id="520" dir="0" index="0" bw="4" slack="1"/>
<pin id="521" dir="1" index="1" bw="4" slack="0"/>
</pin_list>
<bind>
<opcode="load(27) " fcode="load"/>
<opset="indvars_iv_load/6 "/>
</bind>
</comp>

<comp id="522" class="1004" name="trunc_ln334_fu_522">
<pin_list>
<pin id="523" dir="0" index="0" bw="4" slack="0"/>
<pin id="524" dir="1" index="1" bw="3" slack="0"/>
</pin_list>
<bind>
<opcode="trunc(33) " fcode="trunc"/>
<opset="trunc_ln334/6 "/>
</bind>
</comp>

<comp id="527" class="1004" name="trunc_ln334_5_fu_527">
<pin_list>
<pin id="528" dir="0" index="0" bw="4" slack="0"/>
<pin id="529" dir="1" index="1" bw="3" slack="0"/>
</pin_list>
<bind>
<opcode="trunc(33) " fcode="trunc"/>
<opset="trunc_ln334_5/6 "/>
</bind>
</comp>

<comp id="532" class="1004" name="icmp_ln336_fu_532">
<pin_list>
<pin id="533" dir="0" index="0" bw="32" slack="0"/>
<pin id="534" dir="0" index="1" bw="32" slack="0"/>
<pin id="535" dir="1" index="2" bw="1" slack="0"/>
</pin_list>
<bind>
<opcode="icmp(45) " fcode="icmp"/>
<opset="icmp_ln336/6 "/>
</bind>
</comp>

<comp id="538" class="1004" name="add_ln338_fu_538">
<pin_list>
<pin id="539" dir="0" index="0" bw="32" slack="0"/>
<pin id="540" dir="0" index="1" bw="1" slack="0"/>
<pin id="541" dir="1" index="2" bw="32" slack="0"/>
</pin_list>
<bind>
<opcode="add(8) " fcode="add"/>
<opset="add_ln338/6 "/>
</bind>
</comp>

<comp id="544" class="1004" name="count_5_fu_544">
<pin_list>
<pin id="545" dir="0" index="0" bw="1" slack="0"/>
<pin id="546" dir="0" index="1" bw="32" slack="0"/>
<pin id="547" dir="0" index="2" bw="32" slack="0"/>
<pin id="548" dir="1" index="3" bw="32" slack="0"/>
</pin_list>
<bind>
<opcode="select(49) " fcode="select"/>
<opset="count_5/6 "/>
</bind>
</comp>

<comp id="552" class="1004" name="sub65_fu_552">
<pin_list>
<pin id="553" dir="0" index="0" bw="5" slack="0"/>
<pin id="554" dir="0" index="1" bw="32" slack="0"/>
<pin id="555" dir="1" index="2" bw="32" slack="0"/>
</pin_list>
<bind>
<opcode="sub(10) " fcode="sub"/>
<opset="sub65/6 "/>
</bind>
</comp>

<comp id="559" class="1004" name="add_ln334_fu_559">
<pin_list>
<pin id="560" dir="0" index="0" bw="4" slack="0"/>
<pin id="561" dir="0" index="1" bw="1" slack="0"/>
<pin id="562" dir="1" index="2" bw="4" slack="0"/>
</pin_list>
<bind>
<opcode="add(8) " fcode="add"/>
<opset="add_ln334/6 "/>
</bind>
</comp>

<comp id="565" class="1004" name="add_ln334_4_fu_565">
<pin_list>
<pin id="566" dir="0" index="0" bw="4" slack="0"/>
<pin id="567" dir="0" index="1" bw="1" slack="0"/>
<pin id="568" dir="1" index="2" bw="4" slack="0"/>
</pin_list>
<bind>
<opcode="add(8) " fcode="add"/>
<opset="add_ln334_4/6 "/>
</bind>
</comp>

<comp id="571" class="1004" name="store_ln302_store_fu_571">
<pin_list>
<pin id="572" dir="0" index="0" bw="4" slack="0"/>
<pin id="573" dir="0" index="1" bw="4" slack="1"/>
<pin id="574" dir="1" index="2" bw="0" slack="2147483647"/>
</pin_list>
<bind>
<opcode="store(28) " fcode="store"/>
<opset="store_ln302/6 "/>
</bind>
</comp>

<comp id="576" class="1004" name="store_ln334_store_fu_576">
<pin_list>
<pin id="577" dir="0" index="0" bw="4" slack="0"/>
<pin id="578" dir="0" index="1" bw="4" slack="1"/>
<pin id="579" dir="1" index="2" bw="0" slack="2147483647"/>
</pin_list>
<bind>
<opcode="store(28) " fcode="store"/>
<opset="store_ln334/6 "/>
</bind>
</comp>

<comp id="581" class="1004" name="store_ln302_store_fu_581">
<pin_list>
<pin id="582" dir="0" index="0" bw="32" slack="0"/>
<pin id="583" dir="0" index="1" bw="32" slack="1"/>
<pin id="584" dir="1" index="2" bw="0" slack="2147483647"/>
</pin_list>
<bind>
<opcode="store(28) " fcode="store"/>
<opset="store_ln302/6 "/>
</bind>
</comp>

<comp id="586" class="1004" name="zext_ln334_fu_586">
<pin_list>
<pin id="587" dir="0" index="0" bw="4" slack="1"/>
<pin id="588" dir="1" index="1" bw="64" slack="0"/>
</pin_list>
<bind>
<opcode="zext(34) " fcode="zext"/>
<opset="zext_ln334/7 "/>
</bind>
</comp>

<comp id="590" class="1004" name="v_49_loc_load_load_fu_590">
<pin_list>
<pin id="591" dir="0" index="0" bw="64" slack="5"/>
<pin id="592" dir="1" index="1" bw="64" slack="0"/>
</pin_list>
<bind>
<opcode="load(27) " fcode="load"/>
<opset="v_49_loc_load/8 "/>
</bind>
</comp>

<comp id="593" class="1004" name="u_43_loc_load_load_fu_593">
<pin_list>
<pin id="594" dir="0" index="0" bw="64" slack="5"/>
<pin id="595" dir="1" index="1" bw="64" slack="0"/>
</pin_list>
<bind>
<opcode="load(27) " fcode="load"/>
<opset="u_43_loc_load/8 "/>
</bind>
</comp>

<comp id="596" class="1004" name="t_28_loc_load_load_fu_596">
<pin_list>
<pin id="597" dir="0" index="0" bw="64" slack="5"/>
<pin id="598" dir="1" index="1" bw="64" slack="0"/>
</pin_list>
<bind>
<opcode="load(27) " fcode="load"/>
<opset="t_28_loc_load/8 "/>
</bind>
</comp>

<comp id="599" class="1004" name="v_49_fu_599">
<pin_list>
<pin id="600" dir="0" index="0" bw="64" slack="0"/>
<pin id="601" dir="0" index="1" bw="64" slack="0"/>
<pin id="602" dir="1" index="2" bw="64" slack="0"/>
</pin_list>
<bind>
<opcode="add(8) " fcode="add"/>
<opset="v_49/8 "/>
</bind>
</comp>

<comp id="606" class="1004" name="xor_ln105_79_fu_606">
<pin_list>
<pin id="607" dir="0" index="0" bw="64" slack="0"/>
<pin id="608" dir="0" index="1" bw="64" slack="0"/>
<pin id="609" dir="1" index="2" bw="64" slack="0"/>
</pin_list>
<bind>
<opcode="xor(25) " fcode="xor"/>
<opset="xor_ln105_79/8 "/>
</bind>
</comp>

<comp id="612" class="1004" name="xor_ln105_80_fu_612">
<pin_list>
<pin id="613" dir="0" index="0" bw="64" slack="0"/>
<pin id="614" dir="0" index="1" bw="64" slack="0"/>
<pin id="615" dir="1" index="2" bw="64" slack="0"/>
</pin_list>
<bind>
<opcode="xor(25) " fcode="xor"/>
<opset="xor_ln105_80/8 "/>
</bind>
</comp>

<comp id="618" class="1004" name="or_ln105_14_fu_618">
<pin_list>
<pin id="619" dir="0" index="0" bw="64" slack="0"/>
<pin id="620" dir="0" index="1" bw="64" slack="0"/>
<pin id="621" dir="1" index="2" bw="64" slack="0"/>
</pin_list>
<bind>
<opcode="or(24) " fcode="or"/>
<opset="or_ln105_14/8 "/>
</bind>
</comp>

<comp id="624" class="1004" name="xor_ln105_81_fu_624">
<pin_list>
<pin id="625" dir="0" index="0" bw="64" slack="0"/>
<pin id="626" dir="0" index="1" bw="64" slack="0"/>
<pin id="627" dir="1" index="2" bw="64" slack="0"/>
</pin_list>
<bind>
<opcode="xor(25) " fcode="xor"/>
<opset="xor_ln105_81/8 "/>
</bind>
</comp>

<comp id="630" class="1004" name="carry_26_fu_630">
<pin_list>
<pin id="631" dir="0" index="0" bw="1" slack="0"/>
<pin id="632" dir="0" index="1" bw="64" slack="0"/>
<pin id="633" dir="0" index="2" bw="7" slack="0"/>
<pin id="634" dir="1" index="3" bw="1" slack="0"/>
</pin_list>
<bind>
<opcode="bitselect(1000) " fcode="bitselect"/>
<opset="carry_26/8 "/>
</bind>
</comp>

<comp id="638" class="1004" name="zext_ln105_14_fu_638">
<pin_list>
<pin id="639" dir="0" index="0" bw="1" slack="0"/>
<pin id="640" dir="1" index="1" bw="64" slack="0"/>
</pin_list>
<bind>
<opcode="zext(34) " fcode="zext"/>
<opset="zext_ln105_14/8 "/>
</bind>
</comp>

<comp id="642" class="1004" name="tempReg_fu_642">
<pin_list>
<pin id="643" dir="0" index="0" bw="64" slack="0"/>
<pin id="644" dir="0" index="1" bw="1" slack="0"/>
<pin id="645" dir="1" index="2" bw="64" slack="0"/>
</pin_list>
<bind>
<opcode="add(8) " fcode="add"/>
<opset="tempReg/8 "/>
</bind>
</comp>

<comp id="648" class="1004" name="bit_sel7_fu_648">
<pin_list>
<pin id="649" dir="0" index="0" bw="1" slack="0"/>
<pin id="650" dir="0" index="1" bw="64" slack="0"/>
<pin id="651" dir="0" index="2" bw="7" slack="0"/>
<pin id="652" dir="1" index="3" bw="1" slack="0"/>
</pin_list>
<bind>
<opcode="bitselect(1000) " fcode="bitselect"/>
<opset="bit_sel7/8 "/>
</bind>
</comp>

<comp id="656" class="1004" name="xor_ln105_82_fu_656">
<pin_list>
<pin id="657" dir="0" index="0" bw="1" slack="0"/>
<pin id="658" dir="0" index="1" bw="1" slack="0"/>
<pin id="659" dir="1" index="2" bw="1" slack="0"/>
</pin_list>
<bind>
<opcode="xor(25) " fcode="xor"/>
<opset="xor_ln105_82/8 "/>
</bind>
</comp>

<comp id="662" class="1004" name="trunc_ln105_5_fu_662">
<pin_list>
<pin id="663" dir="0" index="0" bw="64" slack="0"/>
<pin id="664" dir="1" index="1" bw="63" slack="0"/>
</pin_list>
<bind>
<opcode="trunc(33) " fcode="trunc"/>
<opset="trunc_ln105_5/8 "/>
</bind>
</comp>

<comp id="666" class="1004" name="xor_ln105_4_fu_666">
<pin_list>
<pin id="667" dir="0" index="0" bw="64" slack="0"/>
<pin id="668" dir="0" index="1" bw="1" slack="0"/>
<pin id="669" dir="0" index="2" bw="63" slack="0"/>
<pin id="670" dir="1" index="3" bw="64" slack="0"/>
</pin_list>
<bind>
<opcode="bitconcatenate(1004) " fcode="bitconcatenate"/>
<opset="xor_ln105_4/8 "/>
</bind>
</comp>

<comp id="674" class="1004" name="and_ln105_5_fu_674">
<pin_list>
<pin id="675" dir="0" index="0" bw="64" slack="0"/>
<pin id="676" dir="0" index="1" bw="64" slack="0"/>
<pin id="677" dir="1" index="2" bw="64" slack="0"/>
</pin_list>
<bind>
<opcode="and(23) " fcode="and"/>
<opset="and_ln105_5/8 "/>
</bind>
</comp>

<comp id="680" class="1004" name="carry_27_fu_680">
<pin_list>
<pin id="681" dir="0" index="0" bw="1" slack="0"/>
<pin id="682" dir="0" index="1" bw="64" slack="0"/>
<pin id="683" dir="0" index="2" bw="7" slack="0"/>
<pin id="684" dir="1" index="3" bw="1" slack="0"/>
</pin_list>
<bind>
<opcode="bitselect(1000) " fcode="bitselect"/>
<opset="carry_27/8 "/>
</bind>
</comp>

<comp id="688" class="1004" name="zext_ln105_15_fu_688">
<pin_list>
<pin id="689" dir="0" index="0" bw="1" slack="0"/>
<pin id="690" dir="1" index="1" bw="64" slack="0"/>
</pin_list>
<bind>
<opcode="zext(34) " fcode="zext"/>
<opset="zext_ln105_15/8 "/>
</bind>
</comp>

<comp id="692" class="1004" name="t_fu_692">
<pin_list>
<pin id="693" dir="0" index="0" bw="64" slack="0"/>
<pin id="694" dir="0" index="1" bw="1" slack="0"/>
<pin id="695" dir="1" index="2" bw="64" slack="0"/>
</pin_list>
<bind>
<opcode="add(8) " fcode="add"/>
<opset="t/8 "/>
</bind>
</comp>

<comp id="698" class="1004" name="tmp_8_fu_698">
<pin_list>
<pin id="699" dir="0" index="0" bw="7" slack="0"/>
<pin id="700" dir="0" index="1" bw="3" slack="5"/>
<pin id="701" dir="0" index="2" bw="1" slack="5"/>
<pin id="702" dir="0" index="3" bw="3" slack="2"/>
<pin id="703" dir="1" index="4" bw="7" slack="0"/>
</pin_list>
<bind>
<opcode="bitconcatenate(1004) " fcode="bitconcatenate"/>
<opset="tmp_8/8 "/>
</bind>
</comp>

<comp id="705" class="1004" name="zext_ln353_fu_705">
<pin_list>
<pin id="706" dir="0" index="0" bw="7" slack="0"/>
<pin id="707" dir="1" index="1" bw="64" slack="0"/>
</pin_list>
<bind>
<opcode="zext(34) " fcode="zext"/>
<opset="zext_ln353/8 "/>
</bind>
</comp>

<comp id="710" class="1004" name="store_ln303_store_fu_710">
<pin_list>
<pin id="711" dir="0" index="0" bw="64" slack="0"/>
<pin id="712" dir="0" index="1" bw="64" slack="3"/>
<pin id="713" dir="1" index="2" bw="0" slack="2147483647"/>
</pin_list>
<bind>
<opcode="store(28) " fcode="store"/>
<opset="store_ln303/8 "/>
</bind>
</comp>

<comp id="715" class="1004" name="store_ln303_store_fu_715">
<pin_list>
<pin id="716" dir="0" index="0" bw="64" slack="0"/>
<pin id="717" dir="0" index="1" bw="64" slack="3"/>
<pin id="718" dir="1" index="2" bw="0" slack="2147483647"/>
</pin_list>
<bind>
<opcode="store(28) " fcode="store"/>
<opset="store_ln303/8 "/>
</bind>
</comp>

<comp id="720" class="1004" name="v_fu_720">
<pin_list>
<pin id="721" dir="0" index="0" bw="64" slack="0"/>
<pin id="722" dir="0" index="1" bw="64" slack="0"/>
<pin id="723" dir="1" index="2" bw="64" slack="0"/>
</pin_list>
<bind>
<opcode="add(8) " fcode="add"/>
<opset="v/9 "/>
</bind>
</comp>

<comp id="727" class="1005" name="i_9_reg_727">
<pin_list>
<pin id="728" dir="0" index="0" bw="4" slack="0"/>
<pin id="729" dir="1" index="1" bw="4" slack="0"/>
</pin_list>
<bind>
<opset="i_9 "/>
</bind>
</comp>

<comp id="734" class="1005" name="u_025_reg_734">
<pin_list>
<pin id="735" dir="0" index="0" bw="64" slack="0"/>
<pin id="736" dir="1" index="1" bw="64" slack="0"/>
</pin_list>
<bind>
<opset="u_025 "/>
</bind>
</comp>

<comp id="741" class="1005" name="v_026_reg_741">
<pin_list>
<pin id="742" dir="0" index="0" bw="64" slack="0"/>
<pin id="743" dir="1" index="1" bw="64" slack="0"/>
</pin_list>
<bind>
<opset="v_026 "/>
</bind>
</comp>

<comp id="748" class="1005" name="mc_offset2_read_reg_748">
<pin_list>
<pin id="749" dir="0" index="0" bw="1" slack="1"/>
<pin id="750" dir="1" index="1" bw="1" slack="1"/>
</pin_list>
<bind>
<opset="mc_offset2_read "/>
</bind>
</comp>

<comp id="755" class="1005" name="empty_reg_755">
<pin_list>
<pin id="756" dir="0" index="0" bw="3" slack="1"/>
<pin id="757" dir="1" index="1" bw="3" slack="1"/>
</pin_list>
<bind>
<opset="empty "/>
</bind>
</comp>

<comp id="762" class="1005" name="t_28_loc_reg_762">
<pin_list>
<pin id="763" dir="0" index="0" bw="64" slack="3"/>
<pin id="764" dir="1" index="1" bw="64" slack="3"/>
</pin_list>
<bind>
<opset="t_28_loc "/>
</bind>
</comp>

<comp id="768" class="1005" name="u_43_loc_reg_768">
<pin_list>
<pin id="769" dir="0" index="0" bw="64" slack="3"/>
<pin id="770" dir="1" index="1" bw="64" slack="3"/>
</pin_list>
<bind>
<opset="u_43_loc "/>
</bind>
</comp>

<comp id="774" class="1005" name="v_49_loc_reg_774">
<pin_list>
<pin id="775" dir="0" index="0" bw="64" slack="3"/>
<pin id="776" dir="1" index="1" bw="64" slack="3"/>
</pin_list>
<bind>
<opset="v_49_loc "/>
</bind>
</comp>

<comp id="780" class="1005" name="t_loc_reg_780">
<pin_list>
<pin id="781" dir="0" index="0" bw="64" slack="2"/>
<pin id="782" dir="1" index="1" bw="64" slack="2"/>
</pin_list>
<bind>
<opset="t_loc "/>
</bind>
</comp>

<comp id="786" class="1005" name="u_39_loc_reg_786">
<pin_list>
<pin id="787" dir="0" index="0" bw="64" slack="2"/>
<pin id="788" dir="1" index="1" bw="64" slack="2"/>
</pin_list>
<bind>
<opset="u_39_loc "/>
</bind>
</comp>

<comp id="792" class="1005" name="v_45_loc_reg_792">
<pin_list>
<pin id="793" dir="0" index="0" bw="64" slack="2"/>
<pin id="794" dir="1" index="1" bw="64" slack="2"/>
</pin_list>
<bind>
<opset="v_45_loc "/>
</bind>
</comp>

<comp id="798" class="1005" name="tmp_reg_798">
<pin_list>
<pin id="799" dir="0" index="0" bw="7" slack="1"/>
<pin id="800" dir="1" index="1" bw="7" slack="1"/>
</pin_list>
<bind>
<opset="tmp "/>
</bind>
</comp>

<comp id="805" class="1005" name="mc_addr_reg_805">
<pin_list>
<pin id="806" dir="0" index="0" bw="7" slack="3"/>
<pin id="807" dir="1" index="1" bw="7" slack="3"/>
</pin_list>
<bind>
<opset="mc_addr "/>
</bind>
</comp>

<comp id="810" class="1005" name="i_reg_810">
<pin_list>
<pin id="811" dir="0" index="0" bw="4" slack="1"/>
<pin id="812" dir="1" index="1" bw="4" slack="1"/>
</pin_list>
<bind>
<opset="i "/>
</bind>
</comp>

<comp id="825" class="1005" name="trunc_ln312_reg_825">
<pin_list>
<pin id="826" dir="0" index="0" bw="3" slack="1"/>
<pin id="827" dir="1" index="1" bw="3" slack="1"/>
</pin_list>
<bind>
<opset="trunc_ln312 "/>
</bind>
</comp>

<comp id="831" class="1005" name="add_ln314_reg_831">
<pin_list>
<pin id="832" dir="0" index="0" bw="4" slack="1"/>
<pin id="833" dir="1" index="1" bw="4" slack="1"/>
</pin_list>
<bind>
<opset="add_ln314 "/>
</bind>
</comp>

<comp id="836" class="1005" name="count_reg_836">
<pin_list>
<pin id="837" dir="0" index="0" bw="32" slack="0"/>
<pin id="838" dir="1" index="1" bw="32" slack="0"/>
</pin_list>
<bind>
<opset="count "/>
</bind>
</comp>

<comp id="843" class="1005" name="u_reg_843">
<pin_list>
<pin id="844" dir="0" index="0" bw="64" slack="0"/>
<pin id="845" dir="1" index="1" bw="64" slack="0"/>
</pin_list>
<bind>
<opset="u "/>
</bind>
</comp>

<comp id="850" class="1005" name="v_42_reg_850">
<pin_list>
<pin id="851" dir="0" index="0" bw="64" slack="0"/>
<pin id="852" dir="1" index="1" bw="64" slack="0"/>
</pin_list>
<bind>
<opset="v_42 "/>
</bind>
</comp>

<comp id="857" class="1005" name="indvars_iv_reg_857">
<pin_list>
<pin id="858" dir="0" index="0" bw="4" slack="0"/>
<pin id="859" dir="1" index="1" bw="4" slack="0"/>
</pin_list>
<bind>
<opset="indvars_iv "/>
</bind>
</comp>

<comp id="864" class="1005" name="i_10_reg_864">
<pin_list>
<pin id="865" dir="0" index="0" bw="4" slack="0"/>
<pin id="866" dir="1" index="1" bw="4" slack="0"/>
</pin_list>
<bind>
<opset="i_10 "/>
</bind>
</comp>

<comp id="871" class="1005" name="add_ln327_reg_871">
<pin_list>
<pin id="872" dir="0" index="0" bw="7" slack="1"/>
<pin id="873" dir="1" index="1" bw="7" slack="1"/>
</pin_list>
<bind>
<opset="add_ln327 "/>
</bind>
</comp>

<comp id="876" class="1005" name="ma_addr_7_reg_876">
<pin_list>
<pin id="877" dir="0" index="0" bw="4" slack="1"/>
<pin id="878" dir="1" index="1" bw="4" slack="1"/>
</pin_list>
<bind>
<opset="ma_addr_7 "/>
</bind>
</comp>

<comp id="881" class="1005" name="i_14_reg_881">
<pin_list>
<pin id="882" dir="0" index="0" bw="4" slack="1"/>
<pin id="883" dir="1" index="1" bw="4" slack="1"/>
</pin_list>
<bind>
<opset="i_14 "/>
</bind>
</comp>

<comp id="892" class="1005" name="v_42_load_1_reg_892">
<pin_list>
<pin id="893" dir="0" index="0" bw="64" slack="1"/>
<pin id="894" dir="1" index="1" bw="64" slack="1"/>
</pin_list>
<bind>
<opset="v_42_load_1 "/>
</bind>
</comp>

<comp id="897" class="1005" name="trunc_ln334_reg_897">
<pin_list>
<pin id="898" dir="0" index="0" bw="3" slack="1"/>
<pin id="899" dir="1" index="1" bw="3" slack="1"/>
</pin_list>
<bind>
<opset="trunc_ln334 "/>
</bind>
</comp>

<comp id="902" class="1005" name="trunc_ln334_5_reg_902">
<pin_list>
<pin id="903" dir="0" index="0" bw="3" slack="1"/>
<pin id="904" dir="1" index="1" bw="3" slack="1"/>
</pin_list>
<bind>
<opset="trunc_ln334_5 "/>
</bind>
</comp>

<comp id="908" class="1005" name="sub65_reg_908">
<pin_list>
<pin id="909" dir="0" index="0" bw="32" slack="1"/>
<pin id="910" dir="1" index="1" bw="32" slack="1"/>
</pin_list>
<bind>
<opset="sub65 "/>
</bind>
</comp>

<comp id="913" class="1005" name="ma_addr_reg_913">
<pin_list>
<pin id="914" dir="0" index="0" bw="4" slack="1"/>
<pin id="915" dir="1" index="1" bw="4" slack="1"/>
</pin_list>
<bind>
<opset="ma_addr "/>
</bind>
</comp>

<comp id="918" class="1005" name="ma_addr_8_reg_918">
<pin_list>
<pin id="919" dir="0" index="0" bw="4" slack="1"/>
<pin id="920" dir="1" index="1" bw="4" slack="1"/>
</pin_list>
<bind>
<opset="ma_addr_8 "/>
</bind>
</comp>

<comp id="923" class="1004" name="grp_digit_x_digit_fu_923">
<pin_list>
<pin id="924" dir="0" index="0" bw="128" slack="2147483647"/>
<pin id="925" dir="0" index="1" bw="64" slack="2147483647"/>
<pin id="926" dir="0" index="2" bw="64" slack="2147483647"/>
<pin id="927" dir="1" index="3" bw="128" slack="2147483647"/>
</pin_list>
<bind>
<opcode="call(48) " fcode="call"/>
<opset="call_ret6/3 "/>
</bind>
</comp>

</comp_list>

<net_list>
<net id="87"><net_src comp="10" pin="0"/><net_sink comp="84" pin=0"/></net>

<net id="91"><net_src comp="10" pin="0"/><net_sink comp="88" pin=0"/></net>

<net id="95"><net_src comp="10" pin="0"/><net_sink comp="92" pin=0"/></net>

<net id="99"><net_src comp="16" pin="0"/><net_sink comp="96" pin=0"/></net>

<net id="103"><net_src comp="16" pin="0"/><net_sink comp="100" pin=0"/></net>

<net id="107"><net_src comp="16" pin="0"/><net_sink comp="104" pin=0"/></net>

<net id="111"><net_src comp="16" pin="0"/><net_sink comp="108" pin=0"/></net>

<net id="115"><net_src comp="16" pin="0"/><net_sink comp="112" pin=0"/></net>

<net id="119"><net_src comp="16" pin="0"/><net_sink comp="116" pin=0"/></net>

<net id="123"><net_src comp="10" pin="0"/><net_sink comp="120" pin=0"/></net>

<net id="127"><net_src comp="10" pin="0"/><net_sink comp="124" pin=0"/></net>

<net id="131"><net_src comp="10" pin="0"/><net_sink comp="128" pin=0"/></net>

<net id="135"><net_src comp="10" pin="0"/><net_sink comp="132" pin=0"/></net>

<net id="139"><net_src comp="10" pin="0"/><net_sink comp="136" pin=0"/></net>

<net id="144"><net_src comp="12" pin="0"/><net_sink comp="140" pin=0"/></net>

<net id="145"><net_src comp="6" pin="0"/><net_sink comp="140" pin=1"/></net>

<net id="150"><net_src comp="14" pin="0"/><net_sink comp="146" pin=0"/></net>

<net id="151"><net_src comp="4" pin="0"/><net_sink comp="146" pin=1"/></net>

<net id="157"><net_src comp="2" pin="0"/><net_sink comp="152" pin=0"/></net>

<net id="158"><net_src comp="24" pin="0"/><net_sink comp="152" pin=1"/></net>

<net id="164"><net_src comp="0" pin="0"/><net_sink comp="159" pin=0"/></net>

<net id="165"><net_src comp="24" pin="0"/><net_sink comp="159" pin=1"/></net>

<net id="171"><net_src comp="159" pin="3"/><net_sink comp="166" pin=0"/></net>

<net id="177"><net_src comp="2" pin="0"/><net_sink comp="172" pin=0"/></net>

<net id="178"><net_src comp="24" pin="0"/><net_sink comp="172" pin=1"/></net>

<net id="184"><net_src comp="172" pin="3"/><net_sink comp="179" pin=0"/></net>

<net id="190"><net_src comp="0" pin="0"/><net_sink comp="185" pin=0"/></net>

<net id="191"><net_src comp="24" pin="0"/><net_sink comp="185" pin=1"/></net>

<net id="192"><net_src comp="78" pin="0"/><net_sink comp="185" pin=2"/></net>

<net id="193"><net_src comp="185" pin="3"/><net_sink comp="166" pin=0"/></net>

<net id="199"><net_src comp="0" pin="0"/><net_sink comp="194" pin=0"/></net>

<net id="200"><net_src comp="24" pin="0"/><net_sink comp="194" pin=1"/></net>

<net id="201"><net_src comp="194" pin="3"/><net_sink comp="166" pin=0"/></net>

<net id="207"><net_src comp="2" pin="0"/><net_sink comp="202" pin=0"/></net>

<net id="208"><net_src comp="24" pin="0"/><net_sink comp="202" pin=1"/></net>

<net id="209"><net_src comp="202" pin="3"/><net_sink comp="179" pin=0"/></net>

<net id="215"><net_src comp="22" pin="0"/><net_sink comp="210" pin=0"/></net>

<net id="216"><net_src comp="2" pin="0"/><net_sink comp="210" pin=1"/></net>

<net id="232"><net_src comp="44" pin="0"/><net_sink comp="217" pin=0"/></net>

<net id="233"><net_src comp="2" pin="0"/><net_sink comp="217" pin=6"/></net>

<net id="234"><net_src comp="8" pin="0"/><net_sink comp="217" pin=12"/></net>

<net id="249"><net_src comp="76" pin="0"/><net_sink comp="235" pin=0"/></net>

<net id="250"><net_src comp="2" pin="0"/><net_sink comp="235" pin=5"/></net>

<net id="251"><net_src comp="8" pin="0"/><net_sink comp="235" pin=11"/></net>

<net id="255"><net_src comp="252" pin="1"/><net_sink comp="235" pin=2"/></net>

<net id="259"><net_src comp="146" pin="2"/><net_sink comp="256" pin=0"/></net>

<net id="266"><net_src comp="18" pin="0"/><net_sink comp="260" pin=0"/></net>

<net id="267"><net_src comp="256" pin="1"/><net_sink comp="260" pin=1"/></net>

<net id="268"><net_src comp="140" pin="2"/><net_sink comp="260" pin=2"/></net>

<net id="269"><net_src comp="20" pin="0"/><net_sink comp="260" pin=3"/></net>

<net id="270"><net_src comp="260" pin="4"/><net_sink comp="210" pin=2"/></net>

<net id="275"><net_src comp="24" pin="0"/><net_sink comp="271" pin=0"/></net>

<net id="280"><net_src comp="24" pin="0"/><net_sink comp="276" pin=0"/></net>

<net id="285"><net_src comp="26" pin="0"/><net_sink comp="281" pin=0"/></net>

<net id="292"><net_src comp="18" pin="0"/><net_sink comp="286" pin=0"/></net>

<net id="293"><net_src comp="28" pin="0"/><net_sink comp="286" pin=3"/></net>

<net id="297"><net_src comp="286" pin="4"/><net_sink comp="294" pin=0"/></net>

<net id="298"><net_src comp="294" pin="1"/><net_sink comp="152" pin=2"/></net>

<net id="305"><net_src comp="302" pin="1"/><net_sink comp="217" pin=2"/></net>

<net id="309"><net_src comp="306" pin="1"/><net_sink comp="217" pin=1"/></net>

<net id="314"><net_src comp="299" pin="1"/><net_sink comp="310" pin=0"/></net>

<net id="315"><net_src comp="38" pin="0"/><net_sink comp="310" pin=1"/></net>

<net id="320"><net_src comp="299" pin="1"/><net_sink comp="316" pin=0"/></net>

<net id="321"><net_src comp="40" pin="0"/><net_sink comp="316" pin=1"/></net>

<net id="325"><net_src comp="299" pin="1"/><net_sink comp="322" pin=0"/></net>

<net id="326"><net_src comp="322" pin="1"/><net_sink comp="217" pin=3"/></net>

<net id="327"><net_src comp="322" pin="1"/><net_sink comp="217" pin=8"/></net>

<net id="331"><net_src comp="322" pin="1"/><net_sink comp="328" pin=0"/></net>

<net id="336"><net_src comp="328" pin="1"/><net_sink comp="332" pin=0"/></net>

<net id="337"><net_src comp="42" pin="0"/><net_sink comp="332" pin=1"/></net>

<net id="338"><net_src comp="332" pin="2"/><net_sink comp="217" pin=7"/></net>

<net id="343"><net_src comp="316" pin="2"/><net_sink comp="339" pin=0"/></net>

<net id="348"><net_src comp="38" pin="0"/><net_sink comp="344" pin=0"/></net>

<net id="353"><net_src comp="40" pin="0"/><net_sink comp="349" pin=0"/></net>

<net id="358"><net_src comp="306" pin="1"/><net_sink comp="354" pin=0"/></net>

<net id="363"><net_src comp="302" pin="1"/><net_sink comp="359" pin=0"/></net>

<net id="368"><net_src comp="46" pin="0"/><net_sink comp="364" pin=0"/></net>

<net id="372"><net_src comp="369" pin="1"/><net_sink comp="159" pin=2"/></net>

<net id="380"><net_src comp="373" pin="1"/><net_sink comp="376" pin=1"/></net>

<net id="384"><net_src comp="381" pin="1"/><net_sink comp="172" pin=2"/></net>

<net id="398"><net_src comp="166" pin="3"/><net_sink comp="394" pin=0"/></net>

<net id="399"><net_src comp="385" pin="1"/><net_sink comp="394" pin=1"/></net>

<net id="400"><net_src comp="394" pin="2"/><net_sink comp="179" pin=1"/></net>

<net id="405"><net_src comp="385" pin="1"/><net_sink comp="401" pin=0"/></net>

<net id="406"><net_src comp="394" pin="2"/><net_sink comp="401" pin=1"/></net>

<net id="411"><net_src comp="166" pin="3"/><net_sink comp="407" pin=0"/></net>

<net id="412"><net_src comp="385" pin="1"/><net_sink comp="407" pin=1"/></net>

<net id="417"><net_src comp="407" pin="2"/><net_sink comp="413" pin=0"/></net>

<net id="418"><net_src comp="401" pin="2"/><net_sink comp="413" pin=1"/></net>

<net id="423"><net_src comp="413" pin="2"/><net_sink comp="419" pin=0"/></net>

<net id="424"><net_src comp="394" pin="2"/><net_sink comp="419" pin=1"/></net>

<net id="430"><net_src comp="56" pin="0"/><net_sink comp="425" pin=0"/></net>

<net id="431"><net_src comp="419" pin="2"/><net_sink comp="425" pin=1"/></net>

<net id="432"><net_src comp="58" pin="0"/><net_sink comp="425" pin=2"/></net>

<net id="436"><net_src comp="425" pin="3"/><net_sink comp="433" pin=0"/></net>

<net id="441"><net_src comp="388" pin="1"/><net_sink comp="437" pin=0"/></net>

<net id="442"><net_src comp="433" pin="1"/><net_sink comp="437" pin=1"/></net>

<net id="448"><net_src comp="60" pin="0"/><net_sink comp="443" pin=0"/></net>

<net id="449"><net_src comp="437" pin="2"/><net_sink comp="443" pin=1"/></net>

<net id="450"><net_src comp="62" pin="0"/><net_sink comp="443" pin=2"/></net>

<net id="455"><net_src comp="443" pin="3"/><net_sink comp="451" pin=0"/></net>

<net id="456"><net_src comp="64" pin="0"/><net_sink comp="451" pin=1"/></net>

<net id="460"><net_src comp="437" pin="2"/><net_sink comp="457" pin=0"/></net>

<net id="466"><net_src comp="66" pin="0"/><net_sink comp="461" pin=0"/></net>

<net id="467"><net_src comp="451" pin="2"/><net_sink comp="461" pin=1"/></net>

<net id="468"><net_src comp="457" pin="1"/><net_sink comp="461" pin=2"/></net>

<net id="473"><net_src comp="388" pin="1"/><net_sink comp="469" pin=0"/></net>

<net id="474"><net_src comp="461" pin="3"/><net_sink comp="469" pin=1"/></net>

<net id="480"><net_src comp="56" pin="0"/><net_sink comp="475" pin=0"/></net>

<net id="481"><net_src comp="469" pin="2"/><net_sink comp="475" pin=1"/></net>

<net id="482"><net_src comp="58" pin="0"/><net_sink comp="475" pin=2"/></net>

<net id="486"><net_src comp="475" pin="3"/><net_sink comp="483" pin=0"/></net>

<net id="491"><net_src comp="391" pin="1"/><net_sink comp="487" pin=0"/></net>

<net id="492"><net_src comp="483" pin="1"/><net_sink comp="487" pin=1"/></net>

<net id="497"><net_src comp="437" pin="2"/><net_sink comp="493" pin=0"/></net>

<net id="502"><net_src comp="487" pin="2"/><net_sink comp="498" pin=0"/></net>

<net id="510"><net_src comp="503" pin="1"/><net_sink comp="506" pin=0"/></net>

<net id="511"><net_src comp="68" pin="0"/><net_sink comp="506" pin=1"/></net>

<net id="518"><net_src comp="515" pin="1"/><net_sink comp="235" pin=3"/></net>

<net id="525"><net_src comp="519" pin="1"/><net_sink comp="522" pin=0"/></net>

<net id="526"><net_src comp="522" pin="1"/><net_sink comp="235" pin=1"/></net>

<net id="530"><net_src comp="503" pin="1"/><net_sink comp="527" pin=0"/></net>

<net id="531"><net_src comp="527" pin="1"/><net_sink comp="235" pin=7"/></net>

<net id="536"><net_src comp="512" pin="1"/><net_sink comp="532" pin=0"/></net>

<net id="537"><net_src comp="70" pin="0"/><net_sink comp="532" pin=1"/></net>

<net id="542"><net_src comp="512" pin="1"/><net_sink comp="538" pin=0"/></net>

<net id="543"><net_src comp="72" pin="0"/><net_sink comp="538" pin=1"/></net>

<net id="549"><net_src comp="532" pin="2"/><net_sink comp="544" pin=0"/></net>

<net id="550"><net_src comp="538" pin="2"/><net_sink comp="544" pin=1"/></net>

<net id="551"><net_src comp="70" pin="0"/><net_sink comp="544" pin=2"/></net>

<net id="556"><net_src comp="74" pin="0"/><net_sink comp="552" pin=0"/></net>

<net id="557"><net_src comp="544" pin="3"/><net_sink comp="552" pin=1"/></net>

<net id="558"><net_src comp="552" pin="2"/><net_sink comp="235" pin=6"/></net>

<net id="563"><net_src comp="503" pin="1"/><net_sink comp="559" pin=0"/></net>

<net id="564"><net_src comp="40" pin="0"/><net_sink comp="559" pin=1"/></net>

<net id="569"><net_src comp="519" pin="1"/><net_sink comp="565" pin=0"/></net>

<net id="570"><net_src comp="40" pin="0"/><net_sink comp="565" pin=1"/></net>

<net id="575"><net_src comp="559" pin="2"/><net_sink comp="571" pin=0"/></net>

<net id="580"><net_src comp="565" pin="2"/><net_sink comp="576" pin=0"/></net>

<net id="585"><net_src comp="544" pin="3"/><net_sink comp="581" pin=0"/></net>

<net id="589"><net_src comp="586" pin="1"/><net_sink comp="194" pin=2"/></net>

<net id="603"><net_src comp="166" pin="3"/><net_sink comp="599" pin=0"/></net>

<net id="604"><net_src comp="590" pin="1"/><net_sink comp="599" pin=1"/></net>

<net id="605"><net_src comp="599" pin="2"/><net_sink comp="179" pin=1"/></net>

<net id="610"><net_src comp="590" pin="1"/><net_sink comp="606" pin=0"/></net>

<net id="611"><net_src comp="599" pin="2"/><net_sink comp="606" pin=1"/></net>

<net id="616"><net_src comp="166" pin="3"/><net_sink comp="612" pin=0"/></net>

<net id="617"><net_src comp="590" pin="1"/><net_sink comp="612" pin=1"/></net>

<net id="622"><net_src comp="612" pin="2"/><net_sink comp="618" pin=0"/></net>

<net id="623"><net_src comp="606" pin="2"/><net_sink comp="618" pin=1"/></net>

<net id="628"><net_src comp="618" pin="2"/><net_sink comp="624" pin=0"/></net>

<net id="629"><net_src comp="599" pin="2"/><net_sink comp="624" pin=1"/></net>

<net id="635"><net_src comp="56" pin="0"/><net_sink comp="630" pin=0"/></net>

<net id="636"><net_src comp="624" pin="2"/><net_sink comp="630" pin=1"/></net>

<net id="637"><net_src comp="58" pin="0"/><net_sink comp="630" pin=2"/></net>

<net id="641"><net_src comp="630" pin="3"/><net_sink comp="638" pin=0"/></net>

<net id="646"><net_src comp="593" pin="1"/><net_sink comp="642" pin=0"/></net>

<net id="647"><net_src comp="638" pin="1"/><net_sink comp="642" pin=1"/></net>

<net id="653"><net_src comp="60" pin="0"/><net_sink comp="648" pin=0"/></net>

<net id="654"><net_src comp="642" pin="2"/><net_sink comp="648" pin=1"/></net>

<net id="655"><net_src comp="62" pin="0"/><net_sink comp="648" pin=2"/></net>

<net id="660"><net_src comp="648" pin="3"/><net_sink comp="656" pin=0"/></net>

<net id="661"><net_src comp="64" pin="0"/><net_sink comp="656" pin=1"/></net>

<net id="665"><net_src comp="642" pin="2"/><net_sink comp="662" pin=0"/></net>

<net id="671"><net_src comp="66" pin="0"/><net_sink comp="666" pin=0"/></net>

<net id="672"><net_src comp="656" pin="2"/><net_sink comp="666" pin=1"/></net>

<net id="673"><net_src comp="662" pin="1"/><net_sink comp="666" pin=2"/></net>

<net id="678"><net_src comp="593" pin="1"/><net_sink comp="674" pin=0"/></net>

<net id="679"><net_src comp="666" pin="3"/><net_sink comp="674" pin=1"/></net>

<net id="685"><net_src comp="56" pin="0"/><net_sink comp="680" pin=0"/></net>

<net id="686"><net_src comp="674" pin="2"/><net_sink comp="680" pin=1"/></net>

<net id="687"><net_src comp="58" pin="0"/><net_sink comp="680" pin=2"/></net>

<net id="691"><net_src comp="680" pin="3"/><net_sink comp="688" pin=0"/></net>

<net id="696"><net_src comp="596" pin="1"/><net_sink comp="692" pin=0"/></net>

<net id="697"><net_src comp="688" pin="1"/><net_sink comp="692" pin=1"/></net>

<net id="704"><net_src comp="18" pin="0"/><net_sink comp="698" pin=0"/></net>

<net id="708"><net_src comp="698" pin="4"/><net_sink comp="705" pin=0"/></net>

<net id="709"><net_src comp="705" pin="1"/><net_sink comp="202" pin=2"/></net>

<net id="714"><net_src comp="642" pin="2"/><net_sink comp="710" pin=0"/></net>

<net id="719"><net_src comp="692" pin="2"/><net_sink comp="715" pin=0"/></net>

<net id="724"><net_src comp="166" pin="3"/><net_sink comp="720" pin=0"/></net>

<net id="725"><net_src comp="252" pin="1"/><net_sink comp="720" pin=1"/></net>

<net id="726"><net_src comp="720" pin="2"/><net_sink comp="179" pin=1"/></net>

<net id="730"><net_src comp="84" pin="1"/><net_sink comp="727" pin=0"/></net>

<net id="731"><net_src comp="727" pin="1"/><net_sink comp="281" pin=1"/></net>

<net id="732"><net_src comp="727" pin="1"/><net_sink comp="299" pin=0"/></net>

<net id="733"><net_src comp="727" pin="1"/><net_sink comp="339" pin=1"/></net>

<net id="737"><net_src comp="88" pin="1"/><net_sink comp="734" pin=0"/></net>

<net id="738"><net_src comp="734" pin="1"/><net_sink comp="276" pin=1"/></net>

<net id="739"><net_src comp="734" pin="1"/><net_sink comp="302" pin=0"/></net>

<net id="740"><net_src comp="734" pin="1"/><net_sink comp="498" pin=1"/></net>

<net id="744"><net_src comp="92" pin="1"/><net_sink comp="741" pin=0"/></net>

<net id="745"><net_src comp="741" pin="1"/><net_sink comp="271" pin=1"/></net>

<net id="746"><net_src comp="741" pin="1"/><net_sink comp="306" pin=0"/></net>

<net id="747"><net_src comp="741" pin="1"/><net_sink comp="493" pin=1"/></net>

<net id="751"><net_src comp="140" pin="2"/><net_sink comp="748" pin=0"/></net>

<net id="752"><net_src comp="748" pin="1"/><net_sink comp="286" pin=2"/></net>

<net id="753"><net_src comp="748" pin="1"/><net_sink comp="217" pin=5"/></net>

<net id="754"><net_src comp="748" pin="1"/><net_sink comp="698" pin=2"/></net>

<net id="758"><net_src comp="256" pin="1"/><net_sink comp="755" pin=0"/></net>

<net id="759"><net_src comp="755" pin="1"/><net_sink comp="286" pin=1"/></net>

<net id="760"><net_src comp="755" pin="1"/><net_sink comp="217" pin=4"/></net>

<net id="761"><net_src comp="755" pin="1"/><net_sink comp="698" pin=1"/></net>

<net id="765"><net_src comp="96" pin="1"/><net_sink comp="762" pin=0"/></net>

<net id="766"><net_src comp="762" pin="1"/><net_sink comp="235" pin=10"/></net>

<net id="767"><net_src comp="762" pin="1"/><net_sink comp="596" pin=0"/></net>

<net id="771"><net_src comp="100" pin="1"/><net_sink comp="768" pin=0"/></net>

<net id="772"><net_src comp="768" pin="1"/><net_sink comp="235" pin=9"/></net>

<net id="773"><net_src comp="768" pin="1"/><net_sink comp="593" pin=0"/></net>

<net id="777"><net_src comp="104" pin="1"/><net_sink comp="774" pin=0"/></net>

<net id="778"><net_src comp="774" pin="1"/><net_sink comp="235" pin=8"/></net>

<net id="779"><net_src comp="774" pin="1"/><net_sink comp="590" pin=0"/></net>

<net id="783"><net_src comp="108" pin="1"/><net_sink comp="780" pin=0"/></net>

<net id="784"><net_src comp="780" pin="1"/><net_sink comp="217" pin=11"/></net>

<net id="785"><net_src comp="780" pin="1"/><net_sink comp="391" pin=0"/></net>

<net id="789"><net_src comp="112" pin="1"/><net_sink comp="786" pin=0"/></net>

<net id="790"><net_src comp="786" pin="1"/><net_sink comp="217" pin=10"/></net>

<net id="791"><net_src comp="786" pin="1"/><net_sink comp="388" pin=0"/></net>

<net id="795"><net_src comp="116" pin="1"/><net_sink comp="792" pin=0"/></net>

<net id="796"><net_src comp="792" pin="1"/><net_sink comp="217" pin=9"/></net>

<net id="797"><net_src comp="792" pin="1"/><net_sink comp="385" pin=0"/></net>

<net id="801"><net_src comp="260" pin="4"/><net_sink comp="798" pin=0"/></net>

<net id="802"><net_src comp="798" pin="1"/><net_sink comp="210" pin=2"/></net>

<net id="803"><net_src comp="798" pin="1"/><net_sink comp="376" pin=0"/></net>

<net id="804"><net_src comp="798" pin="1"/><net_sink comp="235" pin=4"/></net>

<net id="808"><net_src comp="152" pin="3"/><net_sink comp="805" pin=0"/></net>

<net id="809"><net_src comp="805" pin="1"/><net_sink comp="179" pin=0"/></net>

<net id="813"><net_src comp="299" pin="1"/><net_sink comp="810" pin=0"/></net>

<net id="814"><net_src comp="810" pin="1"/><net_sink comp="369" pin=0"/></net>

<net id="815"><net_src comp="810" pin="1"/><net_sink comp="373" pin=0"/></net>

<net id="828"><net_src comp="322" pin="1"/><net_sink comp="825" pin=0"/></net>

<net id="829"><net_src comp="825" pin="1"/><net_sink comp="217" pin=3"/></net>

<net id="830"><net_src comp="825" pin="1"/><net_sink comp="217" pin=8"/></net>

<net id="834"><net_src comp="332" pin="2"/><net_sink comp="831" pin=0"/></net>

<net id="835"><net_src comp="831" pin="1"/><net_sink comp="217" pin=7"/></net>

<net id="839"><net_src comp="120" pin="1"/><net_sink comp="836" pin=0"/></net>

<net id="840"><net_src comp="836" pin="1"/><net_sink comp="364" pin=1"/></net>

<net id="841"><net_src comp="836" pin="1"/><net_sink comp="512" pin=0"/></net>

<net id="842"><net_src comp="836" pin="1"/><net_sink comp="581" pin=1"/></net>

<net id="846"><net_src comp="124" pin="1"/><net_sink comp="843" pin=0"/></net>

<net id="847"><net_src comp="843" pin="1"/><net_sink comp="359" pin=1"/></net>

<net id="848"><net_src comp="843" pin="1"/><net_sink comp="515" pin=0"/></net>

<net id="849"><net_src comp="843" pin="1"/><net_sink comp="715" pin=1"/></net>

<net id="853"><net_src comp="128" pin="1"/><net_sink comp="850" pin=0"/></net>

<net id="854"><net_src comp="850" pin="1"/><net_sink comp="354" pin=1"/></net>

<net id="855"><net_src comp="850" pin="1"/><net_sink comp="252" pin=0"/></net>

<net id="856"><net_src comp="850" pin="1"/><net_sink comp="710" pin=1"/></net>

<net id="860"><net_src comp="132" pin="1"/><net_sink comp="857" pin=0"/></net>

<net id="861"><net_src comp="857" pin="1"/><net_sink comp="349" pin=1"/></net>

<net id="862"><net_src comp="857" pin="1"/><net_sink comp="519" pin=0"/></net>

<net id="863"><net_src comp="857" pin="1"/><net_sink comp="576" pin=1"/></net>

<net id="867"><net_src comp="136" pin="1"/><net_sink comp="864" pin=0"/></net>

<net id="868"><net_src comp="864" pin="1"/><net_sink comp="344" pin=1"/></net>

<net id="869"><net_src comp="864" pin="1"/><net_sink comp="503" pin=0"/></net>

<net id="870"><net_src comp="864" pin="1"/><net_sink comp="571" pin=1"/></net>

<net id="874"><net_src comp="376" pin="2"/><net_sink comp="871" pin=0"/></net>

<net id="875"><net_src comp="871" pin="1"/><net_sink comp="381" pin=0"/></net>

<net id="879"><net_src comp="159" pin="3"/><net_sink comp="876" pin=0"/></net>

<net id="880"><net_src comp="876" pin="1"/><net_sink comp="166" pin=0"/></net>

<net id="884"><net_src comp="503" pin="1"/><net_sink comp="881" pin=0"/></net>

<net id="885"><net_src comp="881" pin="1"/><net_sink comp="586" pin=0"/></net>

<net id="895"><net_src comp="252" pin="1"/><net_sink comp="892" pin=0"/></net>

<net id="896"><net_src comp="892" pin="1"/><net_sink comp="235" pin=2"/></net>

<net id="900"><net_src comp="522" pin="1"/><net_sink comp="897" pin=0"/></net>

<net id="901"><net_src comp="897" pin="1"/><net_sink comp="235" pin=1"/></net>

<net id="905"><net_src comp="527" pin="1"/><net_sink comp="902" pin=0"/></net>

<net id="906"><net_src comp="902" pin="1"/><net_sink comp="235" pin=7"/></net>

<net id="907"><net_src comp="902" pin="1"/><net_sink comp="698" pin=3"/></net>

<net id="911"><net_src comp="552" pin="2"/><net_sink comp="908" pin=0"/></net>

<net id="912"><net_src comp="908" pin="1"/><net_sink comp="235" pin=6"/></net>

<net id="916"><net_src comp="185" pin="3"/><net_sink comp="913" pin=0"/></net>

<net id="917"><net_src comp="913" pin="1"/><net_sink comp="166" pin=0"/></net>

<net id="921"><net_src comp="194" pin="3"/><net_sink comp="918" pin=0"/></net>

<net id="922"><net_src comp="918" pin="1"/><net_sink comp="166" pin=0"/></net>

</net_list>

</model> 
---------------- Datapath Model END ------------------

* FSMD analyzer results:
  - Output states:
	Port: mc | {1 2 5 8 9 }
	Port: p503p1_1 | {}
 - Input state : 
	Port: rdc_mont.5 : ma | {4 5 6 7 8 9 }
	Port: rdc_mont.5 : mc | {3 4 6 7 }
	Port: rdc_mont.5 : mc_offset | {1 }
	Port: rdc_mont.5 : mc_offset2 | {1 }
	Port: rdc_mont.5 : p503p1_1 | {3 4 6 7 }
  - Chain level:
	State 1
		tmp : 1
		call_ln308 : 2
		store_ln303 : 1
		store_ln303 : 1
		store_ln302 : 1
	State 2
		zext_ln359 : 1
		mc_addr : 2
	State 3
		icmp_ln312 : 1
		add_ln312 : 1
		br_ln312 : 2
		trunc_ln312 : 1
		zext_ln314 : 2
		add_ln314 : 3
		call_ln312 : 4
		store_ln302 : 2
		store_ln302 : 1
		store_ln0 : 1
		store_ln303 : 1
		store_ln303 : 1
		store_ln302 : 1
	State 4
		add_ln327 : 1
		ma_addr_7 : 1
		ma_load_7 : 2
	State 5
		mc_addr_5 : 1
		v_46 : 1
		xor_ln105 : 2
		xor_ln105_76 : 1
		or_ln105 : 2
		xor_ln105_77 : 2
		carry : 2
		zext_ln105 : 3
		v_51 : 4
		bit_sel1 : 5
		xor_ln105_78 : 6
		trunc_ln105 : 5
		xor_ln105_s : 6
		and_ln105 : 7
		carry_25 : 7
		zext_ln105_13 : 8
		u_44 : 9
		store_ln327 : 2
		store_ln303 : 5
		store_ln303 : 10
	State 6
		icmp_ln334 : 1
		br_ln334 : 2
		trunc_ln334 : 1
		trunc_ln334_5 : 1
		icmp_ln336 : 1
		add_ln338 : 1
		count_5 : 2
		sub65 : 3
		call_ln334 : 4
		add_ln334 : 1
		add_ln334_4 : 1
		store_ln302 : 2
		store_ln334 : 2
		store_ln302 : 3
		ma_load : 1
	State 7
		ma_addr_8 : 1
		ma_load_8 : 2
	State 8
		v_49 : 1
		xor_ln105_79 : 2
		xor_ln105_80 : 1
		or_ln105_14 : 2
		xor_ln105_81 : 2
		carry_26 : 2
		zext_ln105_14 : 3
		tempReg : 4
		bit_sel7 : 5
		xor_ln105_82 : 6
		trunc_ln105_5 : 5
		xor_ln105_4 : 6
		and_ln105_5 : 7
		carry_27 : 7
		zext_ln105_15 : 8
		t : 9
		zext_ln353 : 1
		mc_addr_6 : 2
		store_ln353 : 3
		store_ln303 : 5
		store_ln303 : 10
	State 9
		v : 1
		store_ln359 : 2


============================================================
+ Verbose Summary: Datapath Resource usage 
============================================================

* Functional unit list:
|----------|-------------------------------------------------|---------|---------|---------|---------|
| Operation|                 Functional Unit                 |   DSP   |  Delay  |    FF   |   LUT   |
|----------|-------------------------------------------------|---------|---------|---------|---------|
|          | grp_rdc_mont_5_Pipeline_VITIS_LOOP_306_1_fu_210 |    0    |    0    |    4    |    38   |
|   call   | grp_rdc_mont_5_Pipeline_VITIS_LOOP_314_3_fu_217 |    16   |  0.774  |   465   |   1400  |
|          | grp_rdc_mont_5_Pipeline_VITIS_LOOP_340_5_fu_235 |    16   |  0.774  |   466   |   1445  |
|          |             grp_digit_x_digit_fu_923            |    16   |    0    |   130   |   476   |
|----------|-------------------------------------------------|---------|---------|---------|---------|
|          |                 add_ln312_fu_316                |    0    |    0    |    0    |    12   |
|          |                 add_ln314_fu_332                |    0    |    0    |    0    |    10   |
|          |                 add_ln327_fu_376                |    0    |    0    |    0    |    14   |
|          |                   v_46_fu_394                   |    0    |    0    |    0    |    71   |
|          |                   v_51_fu_437                   |    0    |    0    |    0    |    71   |
|          |                   u_44_fu_487                   |    0    |    0    |    0    |    71   |
|    add   |                 add_ln338_fu_538                |    0    |    0    |    0    |    39   |
|          |                 add_ln334_fu_559                |    0    |    0    |    0    |    12   |
|          |                add_ln334_4_fu_565               |    0    |    0    |    0    |    12   |
|          |                   v_49_fu_599                   |    0    |    0    |    0    |    71   |
|          |                  tempReg_fu_642                 |    0    |    0    |    0    |    71   |
|          |                     t_fu_692                    |    0    |    0    |    0    |    71   |
|          |                     v_fu_720                    |    0    |    0    |    0    |    71   |
|----------|-------------------------------------------------|---------|---------|---------|---------|
|          |                 xor_ln105_fu_401                |    0    |    0    |    0    |    64   |
|          |               xor_ln105_76_fu_407               |    0    |    0    |    0    |    64   |
|          |               xor_ln105_77_fu_419               |    0    |    0    |    0    |    64   |
|    xor   |               xor_ln105_78_fu_451               |    0    |    0    |    0    |    2    |
|          |               xor_ln105_79_fu_606               |    0    |    0    |    0    |    64   |
|          |               xor_ln105_80_fu_612               |    0    |    0    |    0    |    64   |
|          |               xor_ln105_81_fu_624               |    0    |    0    |    0    |    64   |
|          |               xor_ln105_82_fu_656               |    0    |    0    |    0    |    2    |
|----------|-------------------------------------------------|---------|---------|---------|---------|
|    or    |                 or_ln105_fu_413                 |    0    |    0    |    0    |    64   |
|          |                or_ln105_14_fu_618               |    0    |    0    |    0    |    64   |
|----------|-------------------------------------------------|---------|---------|---------|---------|
|    and   |                 and_ln105_fu_469                |    0    |    0    |    0    |    64   |
|          |                and_ln105_5_fu_674               |    0    |    0    |    0    |    64   |
|----------|-------------------------------------------------|---------|---------|---------|---------|
|          |                icmp_ln312_fu_310                |    0    |    0    |    0    |    12   |
|   icmp   |                icmp_ln334_fu_506                |    0    |    0    |    0    |    12   |
|          |                icmp_ln336_fu_532                |    0    |    0    |    0    |    39   |
|----------|-------------------------------------------------|---------|---------|---------|---------|
|    sub   |                   sub65_fu_552                  |    0    |    0    |    0    |    39   |
|----------|-------------------------------------------------|---------|---------|---------|---------|
|  select  |                  count_5_fu_544                 |    0    |    0    |    0    |    32   |
|----------|-------------------------------------------------|---------|---------|---------|---------|
|   read   |           mc_offset2_read_read_fu_140           |    0    |    0    |    0    |    0    |
|          |            mc_offset_read_read_fu_146           |    0    |    0    |    0    |    0    |
|----------|-------------------------------------------------|---------|---------|---------|---------|
|          |                   empty_fu_256                  |    0    |    0    |    0    |    0    |
|          |                trunc_ln312_fu_322               |    0    |    0    |    0    |    0    |
|   trunc  |                trunc_ln105_fu_457               |    0    |    0    |    0    |    0    |
|          |                trunc_ln334_fu_522               |    0    |    0    |    0    |    0    |
|          |               trunc_ln334_5_fu_527              |    0    |    0    |    0    |    0    |
|          |               trunc_ln105_5_fu_662              |    0    |    0    |    0    |    0    |
|----------|-------------------------------------------------|---------|---------|---------|---------|
|          |                    tmp_fu_260                   |    0    |    0    |    0    |    0    |
|          |                   tmp_6_fu_286                  |    0    |    0    |    0    |    0    |
|bitconcatenate|                xor_ln105_s_fu_461               |    0    |    0    |    0    |    0    |
|          |                xor_ln105_4_fu_666               |    0    |    0    |    0    |    0    |
|          |                   tmp_8_fu_698                  |    0    |    0    |    0    |    0    |
|----------|-------------------------------------------------|---------|---------|---------|---------|
|          |                zext_ln359_fu_294                |    0    |    0    |    0    |    0    |
|          |                zext_ln314_fu_328                |    0    |    0    |    0    |    0    |
|          |                zext_ln312_fu_369                |    0    |    0    |    0    |    0    |
|          |                zext_ln327_fu_373                |    0    |    0    |    0    |    0    |
|          |               zext_ln327_2_fu_381               |    0    |    0    |    0    |    0    |
|   zext   |                zext_ln105_fu_433                |    0    |    0    |    0    |    0    |
|          |               zext_ln105_13_fu_483              |    0    |    0    |    0    |    0    |
|          |                zext_ln334_fu_586                |    0    |    0    |    0    |    0    |
|          |               zext_ln105_14_fu_638              |    0    |    0    |    0    |    0    |
|          |               zext_ln105_15_fu_688              |    0    |    0    |    0    |    0    |
|          |                zext_ln353_fu_705                |    0    |    0    |    0    |    0    |
|----------|-------------------------------------------------|---------|---------|---------|---------|
|          |                   carry_fu_425                  |    0    |    0    |    0    |    0    |
|          |                 bit_sel1_fu_443                 |    0    |    0    |    0    |    0    |
| bitselect|                 carry_25_fu_475                 |    0    |    0    |    0    |    0    |
|          |                 carry_26_fu_630                 |    0    |    0    |    0    |    0    |
|          |                 bit_sel7_fu_648                 |    0    |    0    |    0    |    0    |
|          |                 carry_27_fu_680                 |    0    |    0    |    0    |    0    |
|----------|-------------------------------------------------|---------|---------|---------|---------|
|   Total  |                                                 |    48   |  1.548  |   1065  |   4733  |
|----------|-------------------------------------------------|---------|---------|---------|---------|

Memories:
N/A

* Register list:
+-----------------------+--------+
|                       |   FF   |
+-----------------------+--------+
|   add_ln314_reg_831   |    4   |
|   add_ln327_reg_871   |    7   |
|     count_reg_836     |   32   |
|     empty_reg_755     |    3   |
|      i_10_reg_864     |    4   |
|      i_14_reg_881     |    4   |
|      i_9_reg_727      |    4   |
|       i_reg_810       |    4   |
|   indvars_iv_reg_857  |    4   |
|   ma_addr_7_reg_876   |    4   |
|   ma_addr_8_reg_918   |    4   |
|    ma_addr_reg_913    |    4   |
|    mc_addr_reg_805    |    7   |
|mc_offset2_read_reg_748|    1   |
|     sub65_reg_908     |   32   |
|    t_28_loc_reg_762   |   64   |
|     t_loc_reg_780     |   64   |
|      tmp_reg_798      |    7   |
|  trunc_ln312_reg_825  |    3   |
| trunc_ln334_5_reg_902 |    3   |
|  trunc_ln334_reg_897  |    3   |
|     u_025_reg_734     |   64   |
|    u_39_loc_reg_786   |   64   |
|    u_43_loc_reg_768   |   64   |
|       u_reg_843       |   64   |
|     v_026_reg_741     |   64   |
|  v_42_load_1_reg_892  |   64   |
|      v_42_reg_850     |   64   |
|    v_45_loc_reg_792   |   64   |
|    v_49_loc_reg_774   |   64   |
+-----------------------+--------+
|         Total         |   838  |
+-----------------------+--------+

* Multiplexer (MUX) list: 
|-------------------------------------------------|------|------|------|--------||---------||---------||---------|
|                       Comp                      |  Pin | Size |  BW  | S x BW ||  Delay  ||    FF   ||   LUT   |
|-------------------------------------------------|------|------|------|--------||---------||---------||---------|
|                grp_access_fu_166                |  p0  |   6  |   4  |   24   ||    0    ||    31   |
|                grp_access_fu_179                |  p0  |   3  |   7  |   21   ||    0    ||    14   |
|                grp_access_fu_179                |  p1  |   3  |  64  |   192  ||    0    ||    14   |
| grp_rdc_mont_5_Pipeline_VITIS_LOOP_306_1_fu_210 |  p2  |   2  |   7  |   14   ||    0    ||    9    |
| grp_rdc_mont_5_Pipeline_VITIS_LOOP_314_3_fu_217 |  p3  |   2  |   3  |    6   ||    0    ||    9    |
| grp_rdc_mont_5_Pipeline_VITIS_LOOP_314_3_fu_217 |  p7  |   2  |   4  |    8   ||    0    ||    9    |
| grp_rdc_mont_5_Pipeline_VITIS_LOOP_314_3_fu_217 |  p8  |   2  |   3  |    6   ||    0    ||    9    |
| grp_rdc_mont_5_Pipeline_VITIS_LOOP_340_5_fu_235 |  p1  |   2  |   3  |    6   ||    0    ||    9    |
| grp_rdc_mont_5_Pipeline_VITIS_LOOP_340_5_fu_235 |  p2  |   2  |  64  |   128  ||    0    ||    9    |
| grp_rdc_mont_5_Pipeline_VITIS_LOOP_340_5_fu_235 |  p6  |   2  |  32  |   64   ||    0    ||    9    |
| grp_rdc_mont_5_Pipeline_VITIS_LOOP_340_5_fu_235 |  p7  |   2  |   3  |    6   ||    0    ||    9    |
|-------------------------------------------------|------|------|------|--------||---------||---------||---------|
|                      Total                      |      |      |      |   475  || 4.45414 ||    0    ||   131   |
|-------------------------------------------------|------|------|------|--------||---------||---------||---------|



* Summary:
+-----------+--------+--------+--------+--------+
|           |   DSP  |  Delay |   FF   |   LUT  |
+-----------+--------+--------+--------+--------+
|  Function |   48   |    1   |  1065  |  4733  |
|   Memory  |    -   |    -   |    -   |    -   |
|Multiplexer|    -   |    4   |    0   |   131  |
|  Register |    -   |    -   |   838  |    -   |
+-----------+--------+--------+--------+--------+
|   Total   |   48   |    6   |  1903  |  4864  |
+-----------+--------+--------+--------+--------+
