

================================================================
== Vitis HLS Report for 'rdc_mont_172334'
================================================================
* Date:           Wed Sep  3 14:30:58 2025

* Version:        2024.2.2 (Build 6049644 on Mar  5 2025)
* Project:        sikep503_hls
* Solution:       solution1 (Vivado IP Flow Target)
* Product family: virtexuplus58g
* Target device:  xcvu29p-fsga2577-2L-e


================================================================
== Performance Estimates
================================================================
+ Timing: 
    * Summary: 
    +--------+----------+----------+------------+
    |  Clock |  Target  | Estimated| Uncertainty|
    +--------+----------+----------+------------+
    |ap_clk  |  10.00 ns|  6.854 ns|     2.70 ns|
    +--------+----------+----------+------------+

+ Latency: 
    * Summary: 
    +---------+---------+----------+----------+-----+-----+---------+
    |  Latency (cycles) |  Latency (absolute) |  Interval | Pipeline|
    |   min   |   max   |    min   |    max   | min | max |   Type  |
    +---------+---------+----------+----------+-----+-----+---------+
    |      103|      209|  1.030 us|  2.090 us|  103|  209|       no|
    +---------+---------+----------+----------+-----+-----+---------+

    + Detail: 
        * Instance: 
        +------------------------------------------------------+-------------------------------------------+---------+---------+-----------+----------+-----+-----+------------------------------------------------+
        |                                                      |                                           |  Latency (cycles) |  Latency (absolute)  |  Interval |                    Pipeline                    |
        |                       Instance                       |                   Module                  |   min   |   max   |    min    |    max   | min | max |                      Type                      |
        +------------------------------------------------------+-------------------------------------------+---------+---------+-----------+----------+-----+-----+------------------------------------------------+
        |grp_rdc_mont_172334_Pipeline_VITIS_LOOP_293_1_fu_177  |rdc_mont_172334_Pipeline_VITIS_LOOP_293_1  |       10|       10|   0.100 us|  0.100 us|    9|    9|  loop auto-rewind stp (delay=0 clock cycles(s))|
        |grp_rdc_mont_172334_Pipeline_VITIS_LOOP_299_3_fu_183  |rdc_mont_172334_Pipeline_VITIS_LOOP_299_3  |        2|       10|  20.000 ns|  0.100 us|    1|    8|  loop auto-rewind stp (delay=0 clock cycles(s))|
        |grp_rdc_mont_172334_Pipeline_VITIS_LOOP_316_5_fu_199  |rdc_mont_172334_Pipeline_VITIS_LOOP_316_5  |        4|       10|  40.000 ns|  0.100 us|    2|    8|  loop auto-rewind stp (delay=0 clock cycles(s))|
        +------------------------------------------------------+-------------------------------------------+---------+---------+-----------+----------+-----+-----+------------------------------------------------+

        * Loop: 
        +--------------------+---------+---------+----------+-----------+-----------+------+----------+
        |                    |  Latency (cycles) | Iteration|  Initiation Interval  | Trip |          |
        |      Loop Name     |   min   |   max   |  Latency |  achieved |   target  | Count| Pipelined|
        +--------------------+---------+---------+----------+-----------+-----------+------+----------+
        |- VITIS_LOOP_298_2  |       40|      104|    5 ~ 13|          -|          -|     8|        no|
        |- VITIS_LOOP_314_4  |       49|       91|    7 ~ 13|          -|          -|     7|        no|
        +--------------------+---------+---------+----------+-----------+-----------+------+----------+



================================================================
== Utilization Estimates
================================================================
* Summary: 
+---------------------+---------+-------+---------+---------+------+
|         Name        | BRAM_18K|  DSP  |    FF   |   LUT   | URAM |
+---------------------+---------+-------+---------+---------+------+
|DSP                  |        -|      -|        -|        -|     -|
|Expression           |        -|      -|        0|     1364|     -|
|FIFO                 |        -|      -|        -|        -|     -|
|Instance             |        0|     32|      863|     3364|     -|
|Memory               |        -|      -|        -|        -|     -|
|Multiplexer          |        -|      -|        0|      244|     -|
|Register             |        -|      -|      433|        -|     -|
+---------------------+---------+-------+---------+---------+------+
|Total                |        0|     32|     1296|     4972|     0|
+---------------------+---------+-------+---------+---------+------+
|Available SLR        |     1344|   3072|   864000|   432000|   320|
+---------------------+---------+-------+---------+---------+------+
|Utilization SLR (%)  |        0|      1|       ~0|        1|     0|
+---------------------+---------+-------+---------+---------+------+
|Available            |     5376|  12288|  3456000|  1728000|  1280|
+---------------------+---------+-------+---------+---------+------+
|Utilization (%)      |        0|     ~0|       ~0|       ~0|     0|
+---------------------+---------+-------+---------+---------+------+

+ Detail: 
    * Instance: 
    +------------------------------------------------------+-------------------------------------------+---------+----+-----+------+-----+
    |                       Instance                       |                   Module                  | BRAM_18K| DSP|  FF |  LUT | URAM|
    +------------------------------------------------------+-------------------------------------------+---------+----+-----+------+-----+
    |grp_rdc_mont_172334_Pipeline_VITIS_LOOP_293_1_fu_177  |rdc_mont_172334_Pipeline_VITIS_LOOP_293_1  |        0|   0|    6|    51|    0|
    |grp_rdc_mont_172334_Pipeline_VITIS_LOOP_299_3_fu_183  |rdc_mont_172334_Pipeline_VITIS_LOOP_299_3  |        0|  16|  428|  1641|    0|
    |grp_rdc_mont_172334_Pipeline_VITIS_LOOP_316_5_fu_199  |rdc_mont_172334_Pipeline_VITIS_LOOP_316_5  |        0|  16|  429|  1672|    0|
    +------------------------------------------------------+-------------------------------------------+---------+----+-----+------+-----+
    |Total                                                 |                                           |        0|  32|  863|  3364|    0|
    +------------------------------------------------------+-------------------------------------------+---------+----+-----+------+-----+

    * DSP: 
    N/A

    * Memory: 
    N/A

    * FIFO: 
    N/A

    * Expression: 
    +-------------------------+----------+----+---+----+------------+------------+
    |      Variable Name      | Operation| DSP| FF| LUT| Bitwidth P0| Bitwidth P1|
    +-------------------------+----------+----+---+----+------------+------------+
    |add_ln298_fu_251_p2      |         +|   0|  0|  12|           4|           1|
    |add_ln299_fu_267_p2      |         +|   0|  0|  12|           4|           3|
    |add_ln314_7_fu_488_p2    |         +|   0|  0|  12|           4|           1|
    |add_ln314_fu_482_p2      |         +|   0|  0|  12|           4|           1|
    |add_ln315_fu_461_p2      |         +|   0|  0|  39|          32|           2|
    |t_fu_615_p2              |         +|   0|  0|  71|          64|          64|
    |tempReg_fu_565_p2        |         +|   0|  0|  71|          64|          64|
    |u_70_fu_410_p2           |         +|   0|  0|  71|          64|          64|
    |v_78_fu_317_p2           |         +|   0|  0|  71|          64|          64|
    |v_80_fu_522_p2           |         +|   0|  0|  71|          64|          64|
    |v_82_fu_360_p2           |         +|   0|  0|  71|          64|          64|
    |v_fu_635_p2              |         +|   0|  0|  71|          64|          64|
    |sub65_fu_475_p2          |         -|   0|  0|  39|           4|          32|
    |and_ln105_8_fu_597_p2    |       and|   0|  0|  64|          64|          64|
    |and_ln105_fu_392_p2      |       and|   0|  0|  64|          64|          64|
    |icmp_ln298_fu_245_p2     |      icmp|   0|  0|  12|           4|           5|
    |icmp_ln314_fu_429_p2     |      icmp|   0|  0|  12|           4|           2|
    |icmp_ln315_fu_455_p2     |      icmp|   0|  0|  39|          32|           1|
    |mc_we0                   |        or|   0|  0|   2|           1|           1|
    |or_ln105_28_fu_541_p2    |        or|   0|  0|  64|          64|          64|
    |or_ln105_fu_336_p2       |        or|   0|  0|  64|          64|          64|
    |count_fu_467_p3          |    select|   0|  0|  32|           1|          32|
    |xor_ln105_148_fu_330_p2  |       xor|   0|  0|  64|          64|          64|
    |xor_ln105_149_fu_342_p2  |       xor|   0|  0|  64|          64|          64|
    |xor_ln105_158_fu_529_p2  |       xor|   0|  0|  64|          64|          64|
    |xor_ln105_159_fu_535_p2  |       xor|   0|  0|  64|          64|          64|
    |xor_ln105_160_fu_547_p2  |       xor|   0|  0|  64|          64|          64|
    |xor_ln105_161_fu_374_p2  |       xor|   0|  0|   2|           1|           2|
    |xor_ln105_162_fu_579_p2  |       xor|   0|  0|   2|           1|           2|
    |xor_ln105_fu_324_p2      |       xor|   0|  0|  64|          64|          64|
    +-------------------------+----------+----+---+----+------------+------------+
    |Total                    |          |   0|  0|1364|        1184|        1173|
    +-------------------------+----------+----+---+----+------------+------------+

    * Multiplexer: 
    +-------------------+----+-----------+-----+-----------+
    |        Name       | LUT| Input Size| Bits| Total Bits|
    +-------------------+----+-----------+-----+-----------+
    |ap_NS_fsm          |  54|         10|    1|         10|
    |count_8_fu_98      |   9|          2|   32|         64|
    |i_15_fu_62         |   9|          2|    4|          8|
    |i_16_fu_114        |   9|          2|    4|          8|
    |indvars_iv_fu_110  |   9|          2|    4|          8|
    |ma_address0_local  |  20|          4|    4|         16|
    |mc_address0        |  20|          4|    4|         16|
    |mc_address0_local  |  20|          4|    4|         16|
    |mc_ce0             |  20|          4|    1|          4|
    |mc_d0              |   9|          2|   64|        128|
    |mc_d0_local        |  20|          4|   64|        256|
    |mc_we0             |   9|          2|    1|          2|
    |u_025_fu_66        |   9|          2|   64|        128|
    |u_fu_102           |   9|          2|   64|        128|
    |v_026_fu_70        |   9|          2|   64|        128|
    |v_72_fu_106        |   9|          2|   64|        128|
    +-------------------+----+-----------+-----+-----------+
    |Total              | 244|         50|  443|       1048|
    +-------------------+----+-----------+-----+-----------+

    * Register: 
    +-------------------------------------------------------------------+----+----+-----+-----------+
    |                                Name                               | FF | LUT| Bits| Const Bits|
    +-------------------------------------------------------------------+----+----+-----+-----------+
    |add_ln299_reg_724                                                  |   4|   0|    4|          0|
    |ap_CS_fsm                                                          |   9|   0|    9|          0|
    |count_8_fu_98                                                      |  32|   0|   32|          0|
    |grp_rdc_mont_172334_Pipeline_VITIS_LOOP_293_1_fu_177_ap_start_reg  |   1|   0|    1|          0|
    |grp_rdc_mont_172334_Pipeline_VITIS_LOOP_299_3_fu_183_ap_start_reg  |   1|   0|    1|          0|
    |grp_rdc_mont_172334_Pipeline_VITIS_LOOP_316_5_fu_199_ap_start_reg  |   1|   0|    1|          0|
    |i_15_fu_62                                                         |   4|   0|    4|          0|
    |i_16_fu_114                                                        |   4|   0|    4|          0|
    |i_22_reg_774                                                       |   4|   0|    4|          0|
    |i_reg_704                                                          |   4|   0|    4|          0|
    |indvars_iv_fu_110                                                  |   4|   0|    4|          0|
    |sub65_reg_801                                                      |  32|   0|   32|          0|
    |trunc_ln298_reg_718                                                |   3|   0|    3|          0|
    |trunc_ln314_8_reg_795                                              |   3|   0|    3|          0|
    |trunc_ln314_reg_790                                                |   3|   0|    3|          0|
    |u_025_fu_66                                                        |  64|   0|   64|          0|
    |u_fu_102                                                           |  64|   0|   64|          0|
    |v_026_fu_70                                                        |  64|   0|   64|          0|
    |v_72_fu_106                                                        |  64|   0|   64|          0|
    |v_72_load_1_reg_785                                                |  64|   0|   64|          0|
    |zext_ln298_reg_764                                                 |   4|   0|   64|         60|
    +-------------------------------------------------------------------+----+----+-----+-----------+
    |Total                                                              | 433|   0|  493|         60|
    +-------------------------------------------------------------------+----+----+-----+-----------+



================================================================
== Interface
================================================================
* Summary: 
+-------------+-----+-----+------------+-----------------+--------------+
|  RTL Ports  | Dir | Bits|  Protocol  |  Source Object  |    C Type    |
+-------------+-----+-----+------------+-----------------+--------------+
|ap_clk       |   in|    1|  ap_ctrl_hs|  rdc_mont.172334|  return value|
|ap_rst       |   in|    1|  ap_ctrl_hs|  rdc_mont.172334|  return value|
|ap_start     |   in|    1|  ap_ctrl_hs|  rdc_mont.172334|  return value|
|ap_done      |  out|    1|  ap_ctrl_hs|  rdc_mont.172334|  return value|
|ap_idle      |  out|    1|  ap_ctrl_hs|  rdc_mont.172334|  return value|
|ap_ready     |  out|    1|  ap_ctrl_hs|  rdc_mont.172334|  return value|
|ma_address0  |  out|    4|   ap_memory|               ma|         array|
|ma_ce0       |  out|    1|   ap_memory|               ma|         array|
|ma_q0        |   in|   64|   ap_memory|               ma|         array|
|mc_address0  |  out|    4|   ap_memory|               mc|         array|
|mc_ce0       |  out|    1|   ap_memory|               mc|         array|
|mc_we0       |  out|    1|   ap_memory|               mc|         array|
|mc_d0        |  out|   64|   ap_memory|               mc|         array|
|mc_q0        |   in|   64|   ap_memory|               mc|         array|
+-------------+-----+-----+------------+-----------------+--------------+

============================================================
+ Verbose Summary: Synthesis Manager
============================================================
InlineROM: 1
ExposeGlobal: 0
============================================================
+ Verbose Summary: CDFG Model
============================================================
IsTopModel: 0
ResetActiveHigh: 1
IsCombinational: 2
IsDatapathOnly: 2
HasWiredReturn: 1
HasMFsm: 0
HasVarLatency: 1
IsPipeline: 0
IsRtlPipelined: 0
IsInstanceOverlapped: 0
IsDontTouch: 0
HasImplIP: 0
IsGatedGlobalClock: 0


============================================================
+ Verbose Summary: Schedule
============================================================
* Number of FSM states : 9
* Pipeline : 0
* Dataflow Pipeline: 0

* FSM state transitions: 
1 --> 2 
2 --> 3 
3 --> 4 6 
4 --> 5 
5 --> 3 
6 --> 7 9 
7 --> 8 
8 --> 6 
9 --> 

* FSM state operations: 

State 1 <SV = 0> <Delay = 0.38>
ST_1 : Operation 10 [1/1] (0.00ns)   --->   "%i_15 = alloca i32 1" [src/generic/fp_generic.cpp:289]   --->   Operation 10 'alloca' 'i_15' <Predicate = true> <Delay = 0.00>
ST_1 : Operation 11 [1/1] (0.00ns)   --->   "%u_025 = alloca i32 1" [src/generic/fp_generic.cpp:290]   --->   Operation 11 'alloca' 'u_025' <Predicate = true> <Delay = 0.00>
ST_1 : Operation 12 [1/1] (0.00ns)   --->   "%v_026 = alloca i32 1" [src/generic/fp_generic.cpp:290]   --->   Operation 12 'alloca' 'v_026' <Predicate = true> <Delay = 0.00>
ST_1 : Operation 13 [1/1] (0.00ns)   --->   "%t_44_loc = alloca i64 1"   --->   Operation 13 'alloca' 't_44_loc' <Predicate = true> <Delay = 0.00>
ST_1 : Operation 14 [1/1] (0.00ns)   --->   "%u_47_loc = alloca i64 1"   --->   Operation 14 'alloca' 'u_47_loc' <Predicate = true> <Delay = 0.00>
ST_1 : Operation 15 [1/1] (0.00ns)   --->   "%v_79_loc = alloca i64 1"   --->   Operation 15 'alloca' 'v_79_loc' <Predicate = true> <Delay = 0.00>
ST_1 : Operation 16 [1/1] (0.00ns)   --->   "%t_loc = alloca i64 1"   --->   Operation 16 'alloca' 't_loc' <Predicate = true> <Delay = 0.00>
ST_1 : Operation 17 [1/1] (0.00ns)   --->   "%u_64_loc = alloca i64 1"   --->   Operation 17 'alloca' 'u_64_loc' <Predicate = true> <Delay = 0.00>
ST_1 : Operation 18 [1/1] (0.00ns)   --->   "%v_75_loc = alloca i64 1"   --->   Operation 18 'alloca' 'v_75_loc' <Predicate = true> <Delay = 0.00>
ST_1 : Operation 19 [2/2] (0.00ns)   --->   "%call_ln0 = call void @rdc_mont.172334_Pipeline_VITIS_LOOP_293_1, i64 %mc"   --->   Operation 19 'call' 'call_ln0' <Predicate = true> <Delay = 0.00> <CoreType = "Generic">   --->   Generic Core
ST_1 : Operation 20 [1/1] (0.38ns)   --->   "%store_ln290 = store i64 0, i64 %v_026" [src/generic/fp_generic.cpp:290]   --->   Operation 20 'store' 'store_ln290' <Predicate = true> <Delay = 0.38>
ST_1 : Operation 21 [1/1] (0.38ns)   --->   "%store_ln290 = store i64 0, i64 %u_025" [src/generic/fp_generic.cpp:290]   --->   Operation 21 'store' 'store_ln290' <Predicate = true> <Delay = 0.38>
ST_1 : Operation 22 [1/1] (0.38ns)   --->   "%store_ln289 = store i4 0, i4 %i_15" [src/generic/fp_generic.cpp:289]   --->   Operation 22 'store' 'store_ln289' <Predicate = true> <Delay = 0.38>

State 2 <SV = 1> <Delay = 1.48>
ST_2 : Operation 23 [1/1] (0.00ns)   --->   "%mc_addr = getelementptr i64 %mc, i64 0, i64 7" [src/generic/fp_generic.cpp:330]   --->   Operation 23 'getelementptr' 'mc_addr' <Predicate = true> <Delay = 0.00>
ST_2 : Operation 24 [1/2] (1.48ns)   --->   "%call_ln0 = call void @rdc_mont.172334_Pipeline_VITIS_LOOP_293_1, i64 %mc"   --->   Operation 24 'call' 'call_ln0' <Predicate = true> <Delay = 1.48> <CoreType = "Generic">   --->   Generic Core
ST_2 : Operation 25 [1/1] (0.00ns)   --->   "%br_ln298 = br void %VITIS_LOOP_299_3" [src/generic/fp_generic.cpp:298]   --->   Operation 25 'br' 'br_ln298' <Predicate = true> <Delay = 0.00>

State 3 <SV = 2> <Delay = 1.99>
ST_3 : Operation 26 [1/1] (0.00ns)   --->   "%i = load i4 %i_15" [src/generic/fp_generic.cpp:298]   --->   Operation 26 'load' 'i' <Predicate = true> <Delay = 0.00>
ST_3 : Operation 27 [1/1] (0.00ns)   --->   "%u_65 = load i64 %u_025"   --->   Operation 27 'load' 'u_65' <Predicate = true> <Delay = 0.00>
ST_3 : Operation 28 [1/1] (0.00ns)   --->   "%v_76 = load i64 %v_026"   --->   Operation 28 'load' 'v_76' <Predicate = true> <Delay = 0.00>
ST_3 : Operation 29 [1/1] (0.70ns)   --->   "%icmp_ln298 = icmp_eq  i4 %i, i4 8" [src/generic/fp_generic.cpp:298]   --->   Operation 29 'icmp' 'icmp_ln298' <Predicate = true> <Delay = 0.70> <CoreInst = "Cmp">   --->   Core 9 'Cmp' <Latency = 0> <II = 1> <Delay = 0.70> <FuncUnit> <Opcode : 'seteq' 'setne' 'setle' 'setge' 'setlt' 'setgt'> <InPorts = 2> <OutPorts = 1>
ST_3 : Operation 30 [1/1] (0.70ns)   --->   "%add_ln298 = add i4 %i, i4 1" [src/generic/fp_generic.cpp:298]   --->   Operation 30 'add' 'add_ln298' <Predicate = true> <Delay = 0.70> <CoreInst = "Adder">   --->   Core 1 'Adder' <Latency = 0> <II = 1> <Delay = 0.70> <FuncUnit> <Opcode : 'add' 'sub'> <InPorts = 2> <OutPorts = 1>
ST_3 : Operation 31 [1/1] (0.00ns)   --->   "%br_ln298 = br i1 %icmp_ln298, void %VITIS_LOOP_299_3.split, void %for.body56.preheader" [src/generic/fp_generic.cpp:298]   --->   Operation 31 'br' 'br_ln298' <Predicate = true> <Delay = 0.00>
ST_3 : Operation 32 [1/1] (0.00ns)   --->   "%trunc_ln298 = trunc i4 %i" [src/generic/fp_generic.cpp:298]   --->   Operation 32 'trunc' 'trunc_ln298' <Predicate = (!icmp_ln298)> <Delay = 0.00>
ST_3 : Operation 33 [1/1] (0.00ns)   --->   "%zext_ln299 = zext i3 %trunc_ln298" [src/generic/fp_generic.cpp:299]   --->   Operation 33 'zext' 'zext_ln299' <Predicate = (!icmp_ln298)> <Delay = 0.00>
ST_3 : Operation 34 [1/1] (0.57ns)   --->   "%add_ln299 = add i4 %zext_ln299, i4 14" [src/generic/fp_generic.cpp:299]   --->   Operation 34 'add' 'add_ln299' <Predicate = (!icmp_ln298)> <Delay = 0.57> <CoreInst = "Adder">   --->   Core 1 'Adder' <Latency = 0> <II = 1> <Delay = 0.70> <FuncUnit> <Opcode : 'add' 'sub'> <InPorts = 2> <OutPorts = 1>
ST_3 : Operation 35 [2/2] (1.28ns)   --->   "%call_ln298 = call void @rdc_mont.172334_Pipeline_VITIS_LOOP_299_3, i64 %v_76, i64 %u_65, i3 %trunc_ln298, i64 %mc, i4 %add_ln299, i3 %trunc_ln298, i64 %v_75_loc, i64 %u_64_loc, i64 %t_loc, i64 %p503p1_1" [src/generic/fp_generic.cpp:298]   --->   Operation 35 'call' 'call_ln298' <Predicate = (!icmp_ln298)> <Delay = 1.28> <CoreType = "Generic">   --->   Generic Core
ST_3 : Operation 36 [1/1] (0.38ns)   --->   "%store_ln289 = store i4 %add_ln298, i4 %i_15" [src/generic/fp_generic.cpp:289]   --->   Operation 36 'store' 'store_ln289' <Predicate = (!icmp_ln298)> <Delay = 0.38>
ST_3 : Operation 37 [1/1] (0.00ns)   --->   "%count_8 = alloca i32 1" [src/generic/fp_generic.cpp:289]   --->   Operation 37 'alloca' 'count_8' <Predicate = (icmp_ln298)> <Delay = 0.00>
ST_3 : Operation 38 [1/1] (0.00ns)   --->   "%u = alloca i32 1" [src/generic/fp_generic.cpp:290]   --->   Operation 38 'alloca' 'u' <Predicate = (icmp_ln298)> <Delay = 0.00>
ST_3 : Operation 39 [1/1] (0.00ns)   --->   "%v_72 = alloca i32 1" [src/generic/fp_generic.cpp:290]   --->   Operation 39 'alloca' 'v_72' <Predicate = (icmp_ln298)> <Delay = 0.00>
ST_3 : Operation 40 [1/1] (0.00ns)   --->   "%indvars_iv = alloca i32 1"   --->   Operation 40 'alloca' 'indvars_iv' <Predicate = (icmp_ln298)> <Delay = 0.00>
ST_3 : Operation 41 [1/1] (0.00ns)   --->   "%i_16 = alloca i32 1" [src/generic/fp_generic.cpp:289]   --->   Operation 41 'alloca' 'i_16' <Predicate = (icmp_ln298)> <Delay = 0.00>
ST_3 : Operation 42 [1/1] (0.38ns)   --->   "%store_ln289 = store i4 8, i4 %i_16" [src/generic/fp_generic.cpp:289]   --->   Operation 42 'store' 'store_ln289' <Predicate = (icmp_ln298)> <Delay = 0.38>
ST_3 : Operation 43 [1/1] (0.38ns)   --->   "%store_ln0 = store i4 1, i4 %indvars_iv"   --->   Operation 43 'store' 'store_ln0' <Predicate = (icmp_ln298)> <Delay = 0.38>
ST_3 : Operation 44 [1/1] (0.38ns)   --->   "%store_ln290 = store i64 %v_76, i64 %v_72" [src/generic/fp_generic.cpp:290]   --->   Operation 44 'store' 'store_ln290' <Predicate = (icmp_ln298)> <Delay = 0.38>
ST_3 : Operation 45 [1/1] (0.38ns)   --->   "%store_ln290 = store i64 %u_65, i64 %u" [src/generic/fp_generic.cpp:290]   --->   Operation 45 'store' 'store_ln290' <Predicate = (icmp_ln298)> <Delay = 0.38>
ST_3 : Operation 46 [1/1] (0.38ns)   --->   "%store_ln289 = store i32 3, i32 %count_8" [src/generic/fp_generic.cpp:289]   --->   Operation 46 'store' 'store_ln289' <Predicate = (icmp_ln298)> <Delay = 0.38>
ST_3 : Operation 47 [1/1] (0.00ns)   --->   "%br_ln314 = br void %for.body56" [src/generic/fp_generic.cpp:314]   --->   Operation 47 'br' 'br_ln314' <Predicate = (icmp_ln298)> <Delay = 0.00>

State 4 <SV = 3> <Delay = 0.71>
ST_4 : Operation 48 [1/1] (0.00ns)   --->   "%zext_ln298 = zext i4 %i" [src/generic/fp_generic.cpp:298]   --->   Operation 48 'zext' 'zext_ln298' <Predicate = true> <Delay = 0.00>
ST_4 : Operation 49 [1/2] (0.00ns)   --->   "%call_ln298 = call void @rdc_mont.172334_Pipeline_VITIS_LOOP_299_3, i64 %v_76, i64 %u_65, i3 %trunc_ln298, i64 %mc, i4 %add_ln299, i3 %trunc_ln298, i64 %v_75_loc, i64 %u_64_loc, i64 %t_loc, i64 %p503p1_1" [src/generic/fp_generic.cpp:298]   --->   Operation 49 'call' 'call_ln298' <Predicate = true> <Delay = 0.00> <CoreType = "Generic">   --->   Generic Core
ST_4 : Operation 50 [1/1] (0.00ns)   --->   "%ma_addr_3 = getelementptr i64 %ma, i64 0, i64 %zext_ln298" [src/generic/fp_generic.cpp:307]   --->   Operation 50 'getelementptr' 'ma_addr_3' <Predicate = true> <Delay = 0.00>
ST_4 : Operation 51 [2/2] (0.71ns)   --->   "%ma_load_3 = load i4 %ma_addr_3" [src/generic/fp_generic.cpp:307]   --->   Operation 51 'load' 'ma_load_3' <Predicate = true> <Delay = 0.71> <CoreInst = "RAM">   --->   Core 82 'RAM' <Latency = 1> <II = 1> <Delay = 0.71> <Storage> <Opcode : 'load' 'store'> <Ports = 2> <Width = 64> <Depth = 16> <RAM>

State 5 <SV = 4> <Delay = 4.54>
ST_5 : Operation 52 [1/1] (0.00ns)   --->   "%mc_addr_9 = getelementptr i64 %mc, i64 0, i64 %zext_ln298" [src/generic/fp_generic.cpp:310]   --->   Operation 52 'getelementptr' 'mc_addr_9' <Predicate = true> <Delay = 0.00>
ST_5 : Operation 53 [1/1] (0.00ns)   --->   "%speclooptripcount_ln289 = speclooptripcount void @_ssdm_op_SpecLoopTripCount, i64 8, i64 8, i64 8" [src/generic/fp_generic.cpp:289]   --->   Operation 53 'speclooptripcount' 'speclooptripcount_ln289' <Predicate = true> <Delay = 0.00>
ST_5 : Operation 54 [1/1] (0.00ns)   --->   "%specloopname_ln298 = specloopname void @_ssdm_op_SpecLoopName, void @empty_22" [src/generic/fp_generic.cpp:298]   --->   Operation 54 'specloopname' 'specloopname_ln298' <Predicate = true> <Delay = 0.00>
ST_5 : Operation 55 [1/1] (0.00ns)   --->   "%v_75_loc_load = load i64 %v_75_loc"   --->   Operation 55 'load' 'v_75_loc_load' <Predicate = true> <Delay = 0.00>
ST_5 : Operation 56 [1/1] (0.00ns)   --->   "%u_64_loc_load = load i64 %u_64_loc"   --->   Operation 56 'load' 'u_64_loc_load' <Predicate = true> <Delay = 0.00>
ST_5 : Operation 57 [1/1] (0.00ns)   --->   "%t_loc_load = load i64 %t_loc"   --->   Operation 57 'load' 't_loc_load' <Predicate = true> <Delay = 0.00>
ST_5 : Operation 58 [1/2] ( I:0.71ns O:0.71ns )   --->   "%ma_load_3 = load i4 %ma_addr_3" [src/generic/fp_generic.cpp:307]   --->   Operation 58 'load' 'ma_load_3' <Predicate = true> <Delay = 0.71> <CoreInst = "RAM">   --->   Core 82 'RAM' <Latency = 1> <II = 1> <Delay = 0.71> <Storage> <Opcode : 'load' 'store'> <Ports = 2> <Width = 64> <Depth = 16> <RAM>
ST_5 : Operation 59 [1/1] (1.14ns)   --->   "%v_78 = add i64 %ma_load_3, i64 %v_75_loc_load" [src/generic/fp_generic.cpp:307]   --->   Operation 59 'add' 'v_78' <Predicate = true> <Delay = 1.14> <CoreInst = "Adder">   --->   Core 1 'Adder' <Latency = 0> <II = 1> <Delay = 1.14> <FuncUnit> <Opcode : 'add' 'sub'> <InPorts = 2> <OutPorts = 1>
ST_5 : Operation 60 [1/1] (0.00ns) (grouped into LUT with out node v_82)   --->   "%xor_ln105 = xor i64 %v_75_loc_load, i64 %v_78" [src/config.h:105->src/generic/fp_generic.cpp:307]   --->   Operation 60 'xor' 'xor_ln105' <Predicate = true> <Delay = 0.00> <CoreInst = "LogicGate">   --->   Core 74 'LogicGate' <Latency = 0> <II = 1> <Delay = 0.28> <FuncUnit> <Opcode : 'and' 'or' 'xor'> <InPorts = 2> <OutPorts = 1>
ST_5 : Operation 61 [1/1] (0.00ns) (grouped into LUT with out node v_82)   --->   "%xor_ln105_148 = xor i64 %ma_load_3, i64 %v_75_loc_load" [src/config.h:105->src/generic/fp_generic.cpp:307]   --->   Operation 61 'xor' 'xor_ln105_148' <Predicate = true> <Delay = 0.00> <CoreInst = "LogicGate">   --->   Core 74 'LogicGate' <Latency = 0> <II = 1> <Delay = 0.28> <FuncUnit> <Opcode : 'and' 'or' 'xor'> <InPorts = 2> <OutPorts = 1>
ST_5 : Operation 62 [1/1] (0.00ns) (grouped into LUT with out node v_82)   --->   "%or_ln105 = or i64 %xor_ln105_148, i64 %xor_ln105" [src/config.h:105->src/generic/fp_generic.cpp:307]   --->   Operation 62 'or' 'or_ln105' <Predicate = true> <Delay = 0.00> <CoreInst = "LogicGate">   --->   Core 74 'LogicGate' <Latency = 0> <II = 1> <Delay = 0.28> <FuncUnit> <Opcode : 'and' 'or' 'xor'> <InPorts = 2> <OutPorts = 1>
ST_5 : Operation 63 [1/1] (0.00ns) (grouped into LUT with out node v_82)   --->   "%xor_ln105_149 = xor i64 %or_ln105, i64 %v_78" [src/config.h:105->src/generic/fp_generic.cpp:307]   --->   Operation 63 'xor' 'xor_ln105_149' <Predicate = true> <Delay = 0.00> <CoreInst = "LogicGate">   --->   Core 74 'LogicGate' <Latency = 0> <II = 1> <Delay = 0.28> <FuncUnit> <Opcode : 'and' 'or' 'xor'> <InPorts = 2> <OutPorts = 1>
ST_5 : Operation 64 [1/1] (0.00ns) (grouped into LUT with out node v_82)   --->   "%carry = bitselect i1 @_ssdm_op_BitSelect.i1.i64.i32, i64 %xor_ln105_149, i32 63" [src/config.h:105->src/generic/fp_generic.cpp:307]   --->   Operation 64 'bitselect' 'carry' <Predicate = true> <Delay = 0.00>
ST_5 : Operation 65 [1/1] (0.00ns) (grouped into LUT with out node v_82)   --->   "%zext_ln105 = zext i1 %carry" [src/config.h:105->src/generic/fp_generic.cpp:307]   --->   Operation 65 'zext' 'zext_ln105' <Predicate = true> <Delay = 0.00>
ST_5 : Operation 66 [1/1] (1.14ns) (out node of the LUT)   --->   "%v_82 = add i64 %u_64_loc_load, i64 %zext_ln105" [src/generic/fp_generic.cpp:308]   --->   Operation 66 'add' 'v_82' <Predicate = true> <Delay = 1.14> <CoreInst = "Adder">   --->   Core 1 'Adder' <Latency = 0> <II = 1> <Delay = 1.14> <FuncUnit> <Opcode : 'add' 'sub'> <InPorts = 2> <OutPorts = 1>
ST_5 : Operation 67 [1/1] (0.00ns) (grouped into LUT with out node u_70)   --->   "%bit_sel1 = bitselect i1 @_ssdm_op_BitSelect.i1.i64.i64, i64 %v_82, i64 63" [src/config.h:105->src/generic/fp_generic.cpp:308]   --->   Operation 67 'bitselect' 'bit_sel1' <Predicate = true> <Delay = 0.00>
ST_5 : Operation 68 [1/1] (0.00ns) (grouped into LUT with out node u_70)   --->   "%xor_ln105_161 = xor i1 %bit_sel1, i1 1" [src/config.h:105->src/generic/fp_generic.cpp:308]   --->   Operation 68 'xor' 'xor_ln105_161' <Predicate = true> <Delay = 0.00> <CoreInst = "LogicGate">   --->   Core 74 'LogicGate' <Latency = 0> <II = 1> <Delay = 0.12> <FuncUnit> <Opcode : 'and' 'or' 'xor'> <InPorts = 2> <OutPorts = 1>
ST_5 : Operation 69 [1/1] (0.00ns) (grouped into LUT with out node u_70)   --->   "%trunc_ln105 = trunc i64 %v_82" [src/config.h:105->src/generic/fp_generic.cpp:308]   --->   Operation 69 'trunc' 'trunc_ln105' <Predicate = true> <Delay = 0.00>
ST_5 : Operation 70 [1/1] (0.00ns) (grouped into LUT with out node u_70)   --->   "%xor_ln105_s = bitconcatenate i64 @_ssdm_op_BitConcatenate.i64.i1.i63, i1 %xor_ln105_161, i63 %trunc_ln105" [src/config.h:105->src/generic/fp_generic.cpp:308]   --->   Operation 70 'bitconcatenate' 'xor_ln105_s' <Predicate = true> <Delay = 0.00>
ST_5 : Operation 71 [1/1] (0.00ns) (grouped into LUT with out node u_70)   --->   "%and_ln105 = and i64 %u_64_loc_load, i64 %xor_ln105_s" [src/config.h:105->src/generic/fp_generic.cpp:308]   --->   Operation 71 'and' 'and_ln105' <Predicate = true> <Delay = 0.00> <CoreInst = "LogicGate">   --->   Core 74 'LogicGate' <Latency = 0> <II = 1> <Delay = 0.28> <FuncUnit> <Opcode : 'and' 'or' 'xor'> <InPorts = 2> <OutPorts = 1>
ST_5 : Operation 72 [1/1] (0.00ns) (grouped into LUT with out node u_70)   --->   "%carry_44 = bitselect i1 @_ssdm_op_BitSelect.i1.i64.i32, i64 %and_ln105, i32 63" [src/config.h:105->src/generic/fp_generic.cpp:308]   --->   Operation 72 'bitselect' 'carry_44' <Predicate = true> <Delay = 0.00>
ST_5 : Operation 73 [1/1] (0.00ns) (grouped into LUT with out node u_70)   --->   "%zext_ln105_22 = zext i1 %carry_44" [src/config.h:105->src/generic/fp_generic.cpp:308]   --->   Operation 73 'zext' 'zext_ln105_22' <Predicate = true> <Delay = 0.00>
ST_5 : Operation 74 [1/1] (1.14ns) (out node of the LUT)   --->   "%u_70 = add i64 %t_loc_load, i64 %zext_ln105_22" [src/generic/fp_generic.cpp:309]   --->   Operation 74 'add' 'u_70' <Predicate = true> <Delay = 1.14> <CoreInst = "Adder">   --->   Core 1 'Adder' <Latency = 0> <II = 1> <Delay = 1.14> <FuncUnit> <Opcode : 'add' 'sub'> <InPorts = 2> <OutPorts = 1>
ST_5 : Operation 75 [1/1] ( I:0.71ns O:0.71ns )   --->   "%store_ln310 = store i64 %v_78, i4 %mc_addr_9" [src/generic/fp_generic.cpp:310]   --->   Operation 75 'store' 'store_ln310' <Predicate = true> <Delay = 0.71> <CoreInst = "RAM">   --->   Core 82 'RAM' <Latency = 1> <II = 1> <Delay = 0.71> <Storage> <Opcode : 'load' 'store'> <Ports = 2> <Width = 64> <Depth = 16> <RAM>
ST_5 : Operation 76 [1/1] (0.38ns)   --->   "%store_ln290 = store i64 %v_82, i64 %v_026" [src/generic/fp_generic.cpp:290]   --->   Operation 76 'store' 'store_ln290' <Predicate = true> <Delay = 0.38>
ST_5 : Operation 77 [1/1] (0.38ns)   --->   "%store_ln290 = store i64 %u_70, i64 %u_025" [src/generic/fp_generic.cpp:290]   --->   Operation 77 'store' 'store_ln290' <Predicate = true> <Delay = 0.38>
ST_5 : Operation 78 [1/1] (0.00ns)   --->   "%br_ln298 = br void %VITIS_LOOP_299_3" [src/generic/fp_generic.cpp:298]   --->   Operation 78 'br' 'br_ln298' <Predicate = true> <Delay = 0.00>

State 6 <SV = 3> <Delay = 3.66>
ST_6 : Operation 79 [1/1] (0.00ns)   --->   "%i_22 = load i4 %i_16" [src/generic/fp_generic.cpp:314]   --->   Operation 79 'load' 'i_22' <Predicate = true> <Delay = 0.00>
ST_6 : Operation 80 [1/1] (0.70ns)   --->   "%icmp_ln314 = icmp_eq  i4 %i_22, i4 15" [src/generic/fp_generic.cpp:314]   --->   Operation 80 'icmp' 'icmp_ln314' <Predicate = true> <Delay = 0.70> <CoreInst = "Cmp">   --->   Core 9 'Cmp' <Latency = 0> <II = 1> <Delay = 0.70> <FuncUnit> <Opcode : 'seteq' 'setne' 'setle' 'setge' 'setlt' 'setgt'> <InPorts = 2> <OutPorts = 1>
ST_6 : Operation 81 [1/1] (0.00ns)   --->   "%br_ln314 = br i1 %icmp_ln314, void %for.body56.split, void %for.end119" [src/generic/fp_generic.cpp:314]   --->   Operation 81 'br' 'br_ln314' <Predicate = true> <Delay = 0.00>
ST_6 : Operation 82 [1/1] (0.00ns)   --->   "%count_8_load = load i32 %count_8" [src/generic/fp_generic.cpp:315]   --->   Operation 82 'load' 'count_8_load' <Predicate = (!icmp_ln314)> <Delay = 0.00>
ST_6 : Operation 83 [1/1] (0.00ns)   --->   "%u_load = load i64 %u"   --->   Operation 83 'load' 'u_load' <Predicate = (!icmp_ln314)> <Delay = 0.00>
ST_6 : Operation 84 [1/1] (0.00ns)   --->   "%v_72_load_1 = load i64 %v_72"   --->   Operation 84 'load' 'v_72_load_1' <Predicate = (!icmp_ln314)> <Delay = 0.00>
ST_6 : Operation 85 [1/1] (0.00ns)   --->   "%indvars_iv_load = load i4 %indvars_iv" [src/generic/fp_generic.cpp:314]   --->   Operation 85 'load' 'indvars_iv_load' <Predicate = (!icmp_ln314)> <Delay = 0.00>
ST_6 : Operation 86 [1/1] (0.00ns)   --->   "%trunc_ln314 = trunc i4 %indvars_iv_load" [src/generic/fp_generic.cpp:314]   --->   Operation 86 'trunc' 'trunc_ln314' <Predicate = (!icmp_ln314)> <Delay = 0.00>
ST_6 : Operation 87 [1/1] (0.00ns)   --->   "%trunc_ln314_8 = trunc i4 %i_22" [src/generic/fp_generic.cpp:314]   --->   Operation 87 'trunc' 'trunc_ln314_8' <Predicate = (!icmp_ln314)> <Delay = 0.00>
ST_6 : Operation 88 [1/1] (0.88ns)   --->   "%icmp_ln315 = icmp_ne  i32 %count_8_load, i32 0" [src/generic/fp_generic.cpp:315]   --->   Operation 88 'icmp' 'icmp_ln315' <Predicate = (!icmp_ln314)> <Delay = 0.88> <CoreInst = "Cmp">   --->   Core 9 'Cmp' <Latency = 0> <II = 1> <Delay = 0.88> <FuncUnit> <Opcode : 'seteq' 'setne' 'setle' 'setge' 'setlt' 'setgt'> <InPorts = 2> <OutPorts = 1>
ST_6 : Operation 89 [1/1] (0.88ns)   --->   "%add_ln315 = add i32 %count_8_load, i32 4294967295" [src/generic/fp_generic.cpp:315]   --->   Operation 89 'add' 'add_ln315' <Predicate = (!icmp_ln314)> <Delay = 0.88> <CoreInst = "Adder">   --->   Core 1 'Adder' <Latency = 0> <II = 1> <Delay = 0.88> <FuncUnit> <Opcode : 'add' 'sub'> <InPorts = 2> <OutPorts = 1>
ST_6 : Operation 90 [1/1] (0.22ns)   --->   "%count = select i1 %icmp_ln315, i32 %add_ln315, i32 0" [src/generic/fp_generic.cpp:315]   --->   Operation 90 'select' 'count' <Predicate = (!icmp_ln314)> <Delay = 0.22> <CoreInst = "Sel">   --->   Core 73 'Sel' <Latency = 0> <II = 1> <Delay = 0.22> <FuncUnit> <Opcode : 'select'> <InPorts = 3> <OutPorts = 1>
ST_6 : Operation 91 [1/1] (0.88ns)   --->   "%sub65 = sub i32 8, i32 %count" [src/generic/fp_generic.cpp:315]   --->   Operation 91 'sub' 'sub65' <Predicate = (!icmp_ln314)> <Delay = 0.88> <CoreInst = "Adder">   --->   Core 1 'Adder' <Latency = 0> <II = 1> <Delay = 0.88> <FuncUnit> <Opcode : 'add' 'sub'> <InPorts = 2> <OutPorts = 1>
ST_6 : Operation 92 [2/2] (1.67ns)   --->   "%call_ln314 = call void @rdc_mont.172334_Pipeline_VITIS_LOOP_316_5, i3 %trunc_ln314, i64 %v_72_load_1, i64 %u_load, i64 %mc, i32 %sub65, i3 %trunc_ln314_8, i64 %v_79_loc, i64 %u_47_loc, i64 %t_44_loc, i64 %p503p1_1" [src/generic/fp_generic.cpp:314]   --->   Operation 92 'call' 'call_ln314' <Predicate = (!icmp_ln314)> <Delay = 1.67> <CoreType = "Generic">   --->   Generic Core
ST_6 : Operation 93 [1/1] (0.70ns)   --->   "%add_ln314 = add i4 %i_22, i4 1" [src/generic/fp_generic.cpp:314]   --->   Operation 93 'add' 'add_ln314' <Predicate = (!icmp_ln314)> <Delay = 0.70> <CoreInst = "Adder">   --->   Core 1 'Adder' <Latency = 0> <II = 1> <Delay = 0.70> <FuncUnit> <Opcode : 'add' 'sub'> <InPorts = 2> <OutPorts = 1>
ST_6 : Operation 94 [1/1] (0.70ns)   --->   "%add_ln314_7 = add i4 %indvars_iv_load, i4 1" [src/generic/fp_generic.cpp:314]   --->   Operation 94 'add' 'add_ln314_7' <Predicate = (!icmp_ln314)> <Delay = 0.70> <CoreInst = "Adder">   --->   Core 1 'Adder' <Latency = 0> <II = 1> <Delay = 0.70> <FuncUnit> <Opcode : 'add' 'sub'> <InPorts = 2> <OutPorts = 1>
ST_6 : Operation 95 [1/1] (0.38ns)   --->   "%store_ln289 = store i4 %add_ln314, i4 %i_16" [src/generic/fp_generic.cpp:289]   --->   Operation 95 'store' 'store_ln289' <Predicate = (!icmp_ln314)> <Delay = 0.38>
ST_6 : Operation 96 [1/1] (0.38ns)   --->   "%store_ln314 = store i4 %add_ln314_7, i4 %indvars_iv" [src/generic/fp_generic.cpp:314]   --->   Operation 96 'store' 'store_ln314' <Predicate = (!icmp_ln314)> <Delay = 0.38>
ST_6 : Operation 97 [1/1] (0.38ns)   --->   "%store_ln289 = store i32 %count, i32 %count_8" [src/generic/fp_generic.cpp:289]   --->   Operation 97 'store' 'store_ln289' <Predicate = (!icmp_ln314)> <Delay = 0.38>
ST_6 : Operation 98 [1/1] (0.00ns)   --->   "%ma_addr = getelementptr i64 %ma, i64 0, i64 15" [src/generic/fp_generic.cpp:329]   --->   Operation 98 'getelementptr' 'ma_addr' <Predicate = (icmp_ln314)> <Delay = 0.00>
ST_6 : Operation 99 [2/2] (0.71ns)   --->   "%ma_load = load i4 %ma_addr" [src/generic/fp_generic.cpp:329]   --->   Operation 99 'load' 'ma_load' <Predicate = (icmp_ln314)> <Delay = 0.71> <CoreInst = "RAM">   --->   Core 82 'RAM' <Latency = 1> <II = 1> <Delay = 0.71> <Storage> <Opcode : 'load' 'store'> <Ports = 2> <Width = 64> <Depth = 16> <RAM>

State 7 <SV = 4> <Delay = 0.71>
ST_7 : Operation 100 [1/1] (0.00ns)   --->   "%zext_ln314 = zext i4 %i_22" [src/generic/fp_generic.cpp:314]   --->   Operation 100 'zext' 'zext_ln314' <Predicate = true> <Delay = 0.00>
ST_7 : Operation 101 [1/2] (0.00ns)   --->   "%call_ln314 = call void @rdc_mont.172334_Pipeline_VITIS_LOOP_316_5, i3 %trunc_ln314, i64 %v_72_load_1, i64 %u_load, i64 %mc, i32 %sub65, i3 %trunc_ln314_8, i64 %v_79_loc, i64 %u_47_loc, i64 %t_44_loc, i64 %p503p1_1" [src/generic/fp_generic.cpp:314]   --->   Operation 101 'call' 'call_ln314' <Predicate = true> <Delay = 0.00> <CoreType = "Generic">   --->   Generic Core
ST_7 : Operation 102 [1/1] (0.00ns)   --->   "%ma_addr_4 = getelementptr i64 %ma, i64 0, i64 %zext_ln314" [src/generic/fp_generic.cpp:324]   --->   Operation 102 'getelementptr' 'ma_addr_4' <Predicate = true> <Delay = 0.00>
ST_7 : Operation 103 [2/2] (0.71ns)   --->   "%ma_load_4 = load i4 %ma_addr_4" [src/generic/fp_generic.cpp:324]   --->   Operation 103 'load' 'ma_load_4' <Predicate = true> <Delay = 0.71> <CoreInst = "RAM">   --->   Core 82 'RAM' <Latency = 1> <II = 1> <Delay = 0.71> <Storage> <Opcode : 'load' 'store'> <Ports = 2> <Width = 64> <Depth = 16> <RAM>

State 8 <SV = 5> <Delay = 4.54>
ST_8 : Operation 104 [1/1] (0.00ns)   --->   "%speclooptripcount_ln289 = speclooptripcount void @_ssdm_op_SpecLoopTripCount, i64 7, i64 7, i64 7" [src/generic/fp_generic.cpp:289]   --->   Operation 104 'speclooptripcount' 'speclooptripcount_ln289' <Predicate = true> <Delay = 0.00>
ST_8 : Operation 105 [1/1] (0.00ns)   --->   "%specloopname_ln314 = specloopname void @_ssdm_op_SpecLoopName, void @empty_3" [src/generic/fp_generic.cpp:314]   --->   Operation 105 'specloopname' 'specloopname_ln314' <Predicate = true> <Delay = 0.00>
ST_8 : Operation 106 [1/1] (0.00ns)   --->   "%v_79_loc_load = load i64 %v_79_loc"   --->   Operation 106 'load' 'v_79_loc_load' <Predicate = true> <Delay = 0.00>
ST_8 : Operation 107 [1/1] (0.00ns)   --->   "%u_47_loc_load = load i64 %u_47_loc"   --->   Operation 107 'load' 'u_47_loc_load' <Predicate = true> <Delay = 0.00>
ST_8 : Operation 108 [1/1] (0.00ns)   --->   "%t_44_loc_load = load i64 %t_44_loc"   --->   Operation 108 'load' 't_44_loc_load' <Predicate = true> <Delay = 0.00>
ST_8 : Operation 109 [1/2] ( I:0.71ns O:0.71ns )   --->   "%ma_load_4 = load i4 %ma_addr_4" [src/generic/fp_generic.cpp:324]   --->   Operation 109 'load' 'ma_load_4' <Predicate = true> <Delay = 0.71> <CoreInst = "RAM">   --->   Core 82 'RAM' <Latency = 1> <II = 1> <Delay = 0.71> <Storage> <Opcode : 'load' 'store'> <Ports = 2> <Width = 64> <Depth = 16> <RAM>
ST_8 : Operation 110 [1/1] (1.14ns)   --->   "%v_80 = add i64 %ma_load_4, i64 %v_79_loc_load" [src/generic/fp_generic.cpp:324]   --->   Operation 110 'add' 'v_80' <Predicate = true> <Delay = 1.14> <CoreInst = "Adder">   --->   Core 1 'Adder' <Latency = 0> <II = 1> <Delay = 1.14> <FuncUnit> <Opcode : 'add' 'sub'> <InPorts = 2> <OutPorts = 1>
ST_8 : Operation 111 [1/1] (0.00ns) (grouped into LUT with out node tempReg)   --->   "%xor_ln105_158 = xor i64 %v_79_loc_load, i64 %v_80" [src/config.h:105->src/generic/fp_generic.cpp:324]   --->   Operation 111 'xor' 'xor_ln105_158' <Predicate = true> <Delay = 0.00> <CoreInst = "LogicGate">   --->   Core 74 'LogicGate' <Latency = 0> <II = 1> <Delay = 0.28> <FuncUnit> <Opcode : 'and' 'or' 'xor'> <InPorts = 2> <OutPorts = 1>
ST_8 : Operation 112 [1/1] (0.00ns) (grouped into LUT with out node tempReg)   --->   "%xor_ln105_159 = xor i64 %ma_load_4, i64 %v_79_loc_load" [src/config.h:105->src/generic/fp_generic.cpp:324]   --->   Operation 112 'xor' 'xor_ln105_159' <Predicate = true> <Delay = 0.00> <CoreInst = "LogicGate">   --->   Core 74 'LogicGate' <Latency = 0> <II = 1> <Delay = 0.28> <FuncUnit> <Opcode : 'and' 'or' 'xor'> <InPorts = 2> <OutPorts = 1>
ST_8 : Operation 113 [1/1] (0.00ns) (grouped into LUT with out node tempReg)   --->   "%or_ln105_28 = or i64 %xor_ln105_159, i64 %xor_ln105_158" [src/config.h:105->src/generic/fp_generic.cpp:324]   --->   Operation 113 'or' 'or_ln105_28' <Predicate = true> <Delay = 0.00> <CoreInst = "LogicGate">   --->   Core 74 'LogicGate' <Latency = 0> <II = 1> <Delay = 0.28> <FuncUnit> <Opcode : 'and' 'or' 'xor'> <InPorts = 2> <OutPorts = 1>
ST_8 : Operation 114 [1/1] (0.00ns) (grouped into LUT with out node tempReg)   --->   "%xor_ln105_160 = xor i64 %or_ln105_28, i64 %v_80" [src/config.h:105->src/generic/fp_generic.cpp:324]   --->   Operation 114 'xor' 'xor_ln105_160' <Predicate = true> <Delay = 0.00> <CoreInst = "LogicGate">   --->   Core 74 'LogicGate' <Latency = 0> <II = 1> <Delay = 0.28> <FuncUnit> <Opcode : 'and' 'or' 'xor'> <InPorts = 2> <OutPorts = 1>
ST_8 : Operation 115 [1/1] (0.00ns) (grouped into LUT with out node tempReg)   --->   "%carry_45 = bitselect i1 @_ssdm_op_BitSelect.i1.i64.i32, i64 %xor_ln105_160, i32 63" [src/config.h:105->src/generic/fp_generic.cpp:324]   --->   Operation 115 'bitselect' 'carry_45' <Predicate = true> <Delay = 0.00>
ST_8 : Operation 116 [1/1] (0.00ns) (grouped into LUT with out node tempReg)   --->   "%zext_ln105_23 = zext i1 %carry_45" [src/config.h:105->src/generic/fp_generic.cpp:324]   --->   Operation 116 'zext' 'zext_ln105_23' <Predicate = true> <Delay = 0.00>
ST_8 : Operation 117 [1/1] (1.14ns) (out node of the LUT)   --->   "%tempReg = add i64 %u_47_loc_load, i64 %zext_ln105_23" [src/generic/fp_generic.cpp:325]   --->   Operation 117 'add' 'tempReg' <Predicate = true> <Delay = 1.14> <CoreInst = "Adder">   --->   Core 1 'Adder' <Latency = 0> <II = 1> <Delay = 1.14> <FuncUnit> <Opcode : 'add' 'sub'> <InPorts = 2> <OutPorts = 1>
ST_8 : Operation 118 [1/1] (0.00ns) (grouped into LUT with out node t)   --->   "%bit_sel7 = bitselect i1 @_ssdm_op_BitSelect.i1.i64.i64, i64 %tempReg, i64 63" [src/config.h:105->src/generic/fp_generic.cpp:325]   --->   Operation 118 'bitselect' 'bit_sel7' <Predicate = true> <Delay = 0.00>
ST_8 : Operation 119 [1/1] (0.00ns) (grouped into LUT with out node t)   --->   "%xor_ln105_162 = xor i1 %bit_sel7, i1 1" [src/config.h:105->src/generic/fp_generic.cpp:325]   --->   Operation 119 'xor' 'xor_ln105_162' <Predicate = true> <Delay = 0.00> <CoreInst = "LogicGate">   --->   Core 74 'LogicGate' <Latency = 0> <II = 1> <Delay = 0.12> <FuncUnit> <Opcode : 'and' 'or' 'xor'> <InPorts = 2> <OutPorts = 1>
ST_8 : Operation 120 [1/1] (0.00ns) (grouped into LUT with out node t)   --->   "%trunc_ln105_8 = trunc i64 %tempReg" [src/config.h:105->src/generic/fp_generic.cpp:325]   --->   Operation 120 'trunc' 'trunc_ln105_8' <Predicate = true> <Delay = 0.00>
ST_8 : Operation 121 [1/1] (0.00ns) (grouped into LUT with out node t)   --->   "%xor_ln105_7 = bitconcatenate i64 @_ssdm_op_BitConcatenate.i64.i1.i63, i1 %xor_ln105_162, i63 %trunc_ln105_8" [src/config.h:105->src/generic/fp_generic.cpp:325]   --->   Operation 121 'bitconcatenate' 'xor_ln105_7' <Predicate = true> <Delay = 0.00>
ST_8 : Operation 122 [1/1] (0.00ns) (grouped into LUT with out node t)   --->   "%and_ln105_8 = and i64 %u_47_loc_load, i64 %xor_ln105_7" [src/config.h:105->src/generic/fp_generic.cpp:325]   --->   Operation 122 'and' 'and_ln105_8' <Predicate = true> <Delay = 0.00> <CoreInst = "LogicGate">   --->   Core 74 'LogicGate' <Latency = 0> <II = 1> <Delay = 0.28> <FuncUnit> <Opcode : 'and' 'or' 'xor'> <InPorts = 2> <OutPorts = 1>
ST_8 : Operation 123 [1/1] (0.00ns) (grouped into LUT with out node t)   --->   "%carry_46 = bitselect i1 @_ssdm_op_BitSelect.i1.i64.i32, i64 %and_ln105_8, i32 63" [src/config.h:105->src/generic/fp_generic.cpp:325]   --->   Operation 123 'bitselect' 'carry_46' <Predicate = true> <Delay = 0.00>
ST_8 : Operation 124 [1/1] (0.00ns) (grouped into LUT with out node t)   --->   "%zext_ln105_24 = zext i1 %carry_46" [src/config.h:105->src/generic/fp_generic.cpp:325]   --->   Operation 124 'zext' 'zext_ln105_24' <Predicate = true> <Delay = 0.00>
ST_8 : Operation 125 [1/1] (1.14ns) (out node of the LUT)   --->   "%t = add i64 %t_44_loc_load, i64 %zext_ln105_24" [src/generic/fp_generic.cpp:326]   --->   Operation 125 'add' 't' <Predicate = true> <Delay = 1.14> <CoreInst = "Adder">   --->   Core 1 'Adder' <Latency = 0> <II = 1> <Delay = 1.14> <FuncUnit> <Opcode : 'add' 'sub'> <InPorts = 2> <OutPorts = 1>
ST_8 : Operation 126 [1/1] (0.00ns)   --->   "%zext_ln327 = zext i3 %trunc_ln314_8" [src/generic/fp_generic.cpp:327]   --->   Operation 126 'zext' 'zext_ln327' <Predicate = true> <Delay = 0.00>
ST_8 : Operation 127 [1/1] (0.00ns)   --->   "%mc_addr_10 = getelementptr i64 %mc, i64 0, i64 %zext_ln327" [src/generic/fp_generic.cpp:327]   --->   Operation 127 'getelementptr' 'mc_addr_10' <Predicate = true> <Delay = 0.00>
ST_8 : Operation 128 [1/1] ( I:0.71ns O:0.71ns )   --->   "%store_ln327 = store i64 %v_80, i4 %mc_addr_10" [src/generic/fp_generic.cpp:327]   --->   Operation 128 'store' 'store_ln327' <Predicate = true> <Delay = 0.71> <CoreInst = "RAM">   --->   Core 82 'RAM' <Latency = 1> <II = 1> <Delay = 0.71> <Storage> <Opcode : 'load' 'store'> <Ports = 2> <Width = 64> <Depth = 16> <RAM>
ST_8 : Operation 129 [1/1] (0.38ns)   --->   "%store_ln290 = store i64 %tempReg, i64 %v_72" [src/generic/fp_generic.cpp:290]   --->   Operation 129 'store' 'store_ln290' <Predicate = true> <Delay = 0.38>
ST_8 : Operation 130 [1/1] (0.38ns)   --->   "%store_ln290 = store i64 %t, i64 %u" [src/generic/fp_generic.cpp:290]   --->   Operation 130 'store' 'store_ln290' <Predicate = true> <Delay = 0.38>
ST_8 : Operation 131 [1/1] (0.00ns)   --->   "%br_ln314 = br void %for.body56" [src/generic/fp_generic.cpp:314]   --->   Operation 131 'br' 'br_ln314' <Predicate = true> <Delay = 0.00>

State 9 <SV = 4> <Delay = 2.57>
ST_9 : Operation 132 [1/1] (0.00ns)   --->   "%v_72_load = load i64 %v_72" [src/generic/fp_generic.cpp:329]   --->   Operation 132 'load' 'v_72_load' <Predicate = true> <Delay = 0.00>
ST_9 : Operation 133 [1/2] ( I:0.71ns O:0.71ns )   --->   "%ma_load = load i4 %ma_addr" [src/generic/fp_generic.cpp:329]   --->   Operation 133 'load' 'ma_load' <Predicate = true> <Delay = 0.71> <CoreInst = "RAM">   --->   Core 82 'RAM' <Latency = 1> <II = 1> <Delay = 0.71> <Storage> <Opcode : 'load' 'store'> <Ports = 2> <Width = 64> <Depth = 16> <RAM>
ST_9 : Operation 134 [1/1] (1.14ns)   --->   "%v = add i64 %ma_load, i64 %v_72_load" [src/generic/fp_generic.cpp:329]   --->   Operation 134 'add' 'v' <Predicate = true> <Delay = 1.14> <CoreInst = "Adder">   --->   Core 1 'Adder' <Latency = 0> <II = 1> <Delay = 1.14> <FuncUnit> <Opcode : 'add' 'sub'> <InPorts = 2> <OutPorts = 1>
ST_9 : Operation 135 [1/1] ( I:0.71ns O:0.71ns )   --->   "%store_ln330 = store i64 %v, i4 %mc_addr" [src/generic/fp_generic.cpp:330]   --->   Operation 135 'store' 'store_ln330' <Predicate = true> <Delay = 0.71> <CoreInst = "RAM">   --->   Core 82 'RAM' <Latency = 1> <II = 1> <Delay = 0.71> <Storage> <Opcode : 'load' 'store'> <Ports = 2> <Width = 64> <Depth = 16> <RAM>
ST_9 : Operation 136 [1/1] (0.00ns)   --->   "%ret_ln331 = ret" [src/generic/fp_generic.cpp:331]   --->   Operation 136 'ret' 'ret_ln331' <Predicate = true> <Delay = 0.00>


============================================================
+ Verbose Summary: Binding
============================================================
STG Binding: 
---------------- STG Properties BEGIN ----------------
- Is combinational: 0
- Is one-state seq: 0
- Is datapath-only: 0
- Is pipelined: 0
- Is top level: 0
Port [ Return ] is wired: 1; IO mode=ap_ctrl_hs:ce=0
Port [ ma]:  wired=1; compound=1; hidden=0; nouse=0; global=0; static=0; extern=0; dir=0; type=1; pingpong=0; private_global=0; MemPort=[13]; IO mode=ap_memory:ce=0
Port [ mc]:  wired=1; compound=1; hidden=0; nouse=0; global=0; static=0; extern=0; dir=2; type=1; pingpong=0; private_global=0; MemPort=[23]; IO mode=ap_memory:ce=0
Port [ p503p1_1]:  wired=0; compound=1; hidden=1; nouse=1; global=1; static=1; extern=0; dir=0; type=1; pingpong=0; private_global=0; MemPort=[1]; IO mode=ap_memory:ce=0
---------------- STG Properties END ------------------

---------------- Datapath Model BEGIN ----------------

<LifeTime>
<method=bitvector/>
i_15                    (alloca           ) [ 0111110000]
u_025                   (alloca           ) [ 0111110000]
v_026                   (alloca           ) [ 0111110000]
t_44_loc                (alloca           ) [ 0011111110]
u_47_loc                (alloca           ) [ 0011111110]
v_79_loc                (alloca           ) [ 0011111110]
t_loc                   (alloca           ) [ 0011110000]
u_64_loc                (alloca           ) [ 0011110000]
v_75_loc                (alloca           ) [ 0011110000]
store_ln290             (store            ) [ 0000000000]
store_ln290             (store            ) [ 0000000000]
store_ln289             (store            ) [ 0000000000]
mc_addr                 (getelementptr    ) [ 0001111111]
call_ln0                (call             ) [ 0000000000]
br_ln298                (br               ) [ 0000000000]
i                       (load             ) [ 0000100000]
u_65                    (load             ) [ 0000100000]
v_76                    (load             ) [ 0000100000]
icmp_ln298              (icmp             ) [ 0001110000]
add_ln298               (add              ) [ 0000000000]
br_ln298                (br               ) [ 0000000000]
trunc_ln298             (trunc            ) [ 0000100000]
zext_ln299              (zext             ) [ 0000000000]
add_ln299               (add              ) [ 0000100000]
store_ln289             (store            ) [ 0000000000]
count_8                 (alloca           ) [ 0001111110]
u                       (alloca           ) [ 0001111110]
v_72                    (alloca           ) [ 0001111111]
indvars_iv              (alloca           ) [ 0001111110]
i_16                    (alloca           ) [ 0001111110]
store_ln289             (store            ) [ 0000000000]
store_ln0               (store            ) [ 0000000000]
store_ln290             (store            ) [ 0000000000]
store_ln290             (store            ) [ 0000000000]
store_ln289             (store            ) [ 0000000000]
br_ln314                (br               ) [ 0000000000]
zext_ln298              (zext             ) [ 0000010000]
call_ln298              (call             ) [ 0000000000]
ma_addr_3               (getelementptr    ) [ 0000010000]
mc_addr_9               (getelementptr    ) [ 0000000000]
speclooptripcount_ln289 (speclooptripcount) [ 0000000000]
specloopname_ln298      (specloopname     ) [ 0000000000]
v_75_loc_load           (load             ) [ 0000000000]
u_64_loc_load           (load             ) [ 0000000000]
t_loc_load              (load             ) [ 0000000000]
ma_load_3               (load             ) [ 0000000000]
v_78                    (add              ) [ 0000000000]
xor_ln105               (xor              ) [ 0000000000]
xor_ln105_148           (xor              ) [ 0000000000]
or_ln105                (or               ) [ 0000000000]
xor_ln105_149           (xor              ) [ 0000000000]
carry                   (bitselect        ) [ 0000000000]
zext_ln105              (zext             ) [ 0000000000]
v_82                    (add              ) [ 0000000000]
bit_sel1                (bitselect        ) [ 0000000000]
xor_ln105_161           (xor              ) [ 0000000000]
trunc_ln105             (trunc            ) [ 0000000000]
xor_ln105_s             (bitconcatenate   ) [ 0000000000]
and_ln105               (and              ) [ 0000000000]
carry_44                (bitselect        ) [ 0000000000]
zext_ln105_22           (zext             ) [ 0000000000]
u_70                    (add              ) [ 0000000000]
store_ln310             (store            ) [ 0000000000]
store_ln290             (store            ) [ 0000000000]
store_ln290             (store            ) [ 0000000000]
br_ln298                (br               ) [ 0000000000]
i_22                    (load             ) [ 0000000100]
icmp_ln314              (icmp             ) [ 0000001110]
br_ln314                (br               ) [ 0000000000]
count_8_load            (load             ) [ 0000000000]
u_load                  (load             ) [ 0000000100]
v_72_load_1             (load             ) [ 0000000100]
indvars_iv_load         (load             ) [ 0000000000]
trunc_ln314             (trunc            ) [ 0000000100]
trunc_ln314_8           (trunc            ) [ 0000000110]
icmp_ln315              (icmp             ) [ 0000000000]
add_ln315               (add              ) [ 0000000000]
count                   (select           ) [ 0000000000]
sub65                   (sub              ) [ 0000000100]
add_ln314               (add              ) [ 0000000000]
add_ln314_7             (add              ) [ 0000000000]
store_ln289             (store            ) [ 0000000000]
store_ln314             (store            ) [ 0000000000]
store_ln289             (store            ) [ 0000000000]
ma_addr                 (getelementptr    ) [ 0000000001]
zext_ln314              (zext             ) [ 0000000000]
call_ln314              (call             ) [ 0000000000]
ma_addr_4               (getelementptr    ) [ 0000000010]
speclooptripcount_ln289 (speclooptripcount) [ 0000000000]
specloopname_ln314      (specloopname     ) [ 0000000000]
v_79_loc_load           (load             ) [ 0000000000]
u_47_loc_load           (load             ) [ 0000000000]
t_44_loc_load           (load             ) [ 0000000000]
ma_load_4               (load             ) [ 0000000000]
v_80                    (add              ) [ 0000000000]
xor_ln105_158           (xor              ) [ 0000000000]
xor_ln105_159           (xor              ) [ 0000000000]
or_ln105_28             (or               ) [ 0000000000]
xor_ln105_160           (xor              ) [ 0000000000]
carry_45                (bitselect        ) [ 0000000000]
zext_ln105_23           (zext             ) [ 0000000000]
tempReg                 (add              ) [ 0000000000]
bit_sel7                (bitselect        ) [ 0000000000]
xor_ln105_162           (xor              ) [ 0000000000]
trunc_ln105_8           (trunc            ) [ 0000000000]
xor_ln105_7             (bitconcatenate   ) [ 0000000000]
and_ln105_8             (and              ) [ 0000000000]
carry_46                (bitselect        ) [ 0000000000]
zext_ln105_24           (zext             ) [ 0000000000]
t                       (add              ) [ 0000000000]
zext_ln327              (zext             ) [ 0000000000]
mc_addr_10              (getelementptr    ) [ 0000000000]
store_ln327             (store            ) [ 0000000000]
store_ln290             (store            ) [ 0000000000]
store_ln290             (store            ) [ 0000000000]
br_ln314                (br               ) [ 0000000000]
v_72_load               (load             ) [ 0000000000]
ma_load                 (load             ) [ 0000000000]
v                       (add              ) [ 0000000000]
store_ln330             (store            ) [ 0000000000]
ret_ln331               (ret              ) [ 0000000000]
</LifeTime>

<model>

<comp_list>
<comp id="0" class="1000" name="ma">
<pin_list>
<pin id="1" dir="1" index="0" bw="1" slack="0"/>
</pin_list>
<bind>
<StgValue><ssdm name="ma"/><MemPortTyVec>1 3 </MemPortTyVec>
</StgValue>
</bind>
</comp>

<comp id="2" class="1000" name="mc">
<pin_list>
<pin id="3" dir="1" index="0" bw="1" slack="0"/>
</pin_list>
<bind>
<StgValue><ssdm name="mc"/><MemPortTyVec>2 3 </MemPortTyVec>
</StgValue>
</bind>
</comp>

<comp id="4" class="1000" name="p503p1_1">
<pin_list>
<pin id="5" dir="1" index="0" bw="1" slack="0"/>
</pin_list>
<bind>
<StgValue><ssdm name="p503p1_1"/><MemPortTyVec>1 </MemPortTyVec>
</StgValue>
</bind>
</comp>

<comp id="6" class="1001" name="const_6">
<pin_list>
<pin id="7" dir="1" index="0" bw="1" slack="0"/>
</pin_list>
<bind>
<StgValue><ssdm name=""/></StgValue>
</bind>
</comp>

<comp id="8" class="1001" name="const_8">
<pin_list>
<pin id="9" dir="1" index="0" bw="1" slack="0"/>
</pin_list>
<bind>
<StgValue><ssdm name=""/></StgValue>
</bind>
</comp>

<comp id="10" class="1001" name="const_10">
<pin_list>
<pin id="11" dir="1" index="0" bw="1" slack="0"/>
</pin_list>
<bind>
<StgValue><ssdm name="rdc_mont.172334_Pipeline_VITIS_LOOP_293_1"/></StgValue>
</bind>
</comp>

<comp id="12" class="1001" name="const_12">
<pin_list>
<pin id="13" dir="1" index="0" bw="1" slack="0"/>
</pin_list>
<bind>
<StgValue><ssdm name=""/></StgValue>
</bind>
</comp>

<comp id="14" class="1001" name="const_14">
<pin_list>
<pin id="15" dir="1" index="0" bw="1" slack="0"/>
</pin_list>
<bind>
<StgValue><ssdm name=""/></StgValue>
</bind>
</comp>

<comp id="16" class="1001" name="const_16">
<pin_list>
<pin id="17" dir="1" index="0" bw="1" slack="0"/>
</pin_list>
<bind>
<StgValue><ssdm name=""/></StgValue>
</bind>
</comp>

<comp id="18" class="1001" name="const_18">
<pin_list>
<pin id="19" dir="1" index="0" bw="1" slack="0"/>
</pin_list>
<bind>
<StgValue><ssdm name=""/></StgValue>
</bind>
</comp>

<comp id="20" class="1001" name="const_20">
<pin_list>
<pin id="21" dir="1" index="0" bw="1" slack="0"/>
</pin_list>
<bind>
<StgValue><ssdm name=""/></StgValue>
</bind>
</comp>

<comp id="22" class="1001" name="const_22">
<pin_list>
<pin id="23" dir="1" index="0" bw="1" slack="0"/>
</pin_list>
<bind>
<StgValue><ssdm name=""/></StgValue>
</bind>
</comp>

<comp id="24" class="1001" name="const_24">
<pin_list>
<pin id="25" dir="1" index="0" bw="1" slack="0"/>
</pin_list>
<bind>
<StgValue><ssdm name="rdc_mont.172334_Pipeline_VITIS_LOOP_299_3"/></StgValue>
</bind>
</comp>

<comp id="26" class="1001" name="const_26">
<pin_list>
<pin id="27" dir="1" index="0" bw="1" slack="0"/>
</pin_list>
<bind>
<StgValue><ssdm name=""/></StgValue>
</bind>
</comp>

<comp id="28" class="1001" name="const_28">
<pin_list>
<pin id="29" dir="1" index="0" bw="1" slack="2147483647"/>
</pin_list>
<bind>
<StgValue><ssdm name="_ssdm_op_SpecLoopTripCount"/></StgValue>
</bind>
</comp>

<comp id="30" class="1001" name="const_30">
<pin_list>
<pin id="31" dir="1" index="0" bw="1" slack="2147483647"/>
</pin_list>
<bind>
<StgValue><ssdm name=""/></StgValue>
</bind>
</comp>

<comp id="32" class="1001" name="const_32">
<pin_list>
<pin id="33" dir="1" index="0" bw="1" slack="2147483647"/>
</pin_list>
<bind>
<StgValue><ssdm name="_ssdm_op_SpecLoopName"/></StgValue>
</bind>
</comp>

<comp id="34" class="1001" name="const_34">
<pin_list>
<pin id="35" dir="1" index="0" bw="1" slack="2147483647"/>
</pin_list>
<bind>
<StgValue><ssdm name="empty_22"/></StgValue>
</bind>
</comp>

<comp id="36" class="1001" name="const_36">
<pin_list>
<pin id="37" dir="1" index="0" bw="1" slack="0"/>
</pin_list>
<bind>
<StgValue><ssdm name="_ssdm_op_BitSelect.i1.i64.i32"/></StgValue>
</bind>
</comp>

<comp id="38" class="1001" name="const_38">
<pin_list>
<pin id="39" dir="1" index="0" bw="1" slack="0"/>
</pin_list>
<bind>
<StgValue><ssdm name=""/></StgValue>
</bind>
</comp>

<comp id="40" class="1001" name="const_40">
<pin_list>
<pin id="41" dir="1" index="0" bw="1" slack="0"/>
</pin_list>
<bind>
<StgValue><ssdm name="_ssdm_op_BitSelect.i1.i64.i64"/></StgValue>
</bind>
</comp>

<comp id="42" class="1001" name="const_42">
<pin_list>
<pin id="43" dir="1" index="0" bw="1" slack="0"/>
</pin_list>
<bind>
<StgValue><ssdm name=""/></StgValue>
</bind>
</comp>

<comp id="44" class="1001" name="const_44">
<pin_list>
<pin id="45" dir="1" index="0" bw="1" slack="0"/>
</pin_list>
<bind>
<StgValue><ssdm name=""/></StgValue>
</bind>
</comp>

<comp id="46" class="1001" name="const_46">
<pin_list>
<pin id="47" dir="1" index="0" bw="1" slack="0"/>
</pin_list>
<bind>
<StgValue><ssdm name="_ssdm_op_BitConcatenate.i64.i1.i63"/></StgValue>
</bind>
</comp>

<comp id="48" class="1001" name="const_48">
<pin_list>
<pin id="49" dir="1" index="0" bw="1" slack="0"/>
</pin_list>
<bind>
<StgValue><ssdm name=""/></StgValue>
</bind>
</comp>

<comp id="50" class="1001" name="const_50">
<pin_list>
<pin id="51" dir="1" index="0" bw="1" slack="0"/>
</pin_list>
<bind>
<StgValue><ssdm name=""/></StgValue>
</bind>
</comp>

<comp id="52" class="1001" name="const_52">
<pin_list>
<pin id="53" dir="1" index="0" bw="1" slack="0"/>
</pin_list>
<bind>
<StgValue><ssdm name=""/></StgValue>
</bind>
</comp>

<comp id="54" class="1001" name="const_54">
<pin_list>
<pin id="55" dir="1" index="0" bw="1" slack="0"/>
</pin_list>
<bind>
<StgValue><ssdm name=""/></StgValue>
</bind>
</comp>

<comp id="56" class="1001" name="const_56">
<pin_list>
<pin id="57" dir="1" index="0" bw="1" slack="0"/>
</pin_list>
<bind>
<StgValue><ssdm name="rdc_mont.172334_Pipeline_VITIS_LOOP_316_5"/></StgValue>
</bind>
</comp>

<comp id="58" class="1001" name="const_58">
<pin_list>
<pin id="59" dir="1" index="0" bw="1" slack="0"/>
</pin_list>
<bind>
<StgValue><ssdm name=""/></StgValue>
</bind>
</comp>

<comp id="60" class="1001" name="const_60">
<pin_list>
<pin id="61" dir="1" index="0" bw="1" slack="2147483647"/>
</pin_list>
<bind>
<StgValue><ssdm name="empty_3"/></StgValue>
</bind>
</comp>

<comp id="62" class="1004" name="i_15_fu_62">
<pin_list>
<pin id="63" dir="0" index="0" bw="1" slack="0"/>
<pin id="64" dir="1" index="1" bw="4" slack="0"/>
</pin_list>
<bind>
<opcode="alloca(26) " fcode="alloca"/>
<opset="i_15/1 "/>
</bind>
</comp>

<comp id="66" class="1004" name="u_025_fu_66">
<pin_list>
<pin id="67" dir="0" index="0" bw="1" slack="0"/>
<pin id="68" dir="1" index="1" bw="64" slack="0"/>
</pin_list>
<bind>
<opcode="alloca(26) " fcode="alloca"/>
<opset="u_025/1 "/>
</bind>
</comp>

<comp id="70" class="1004" name="v_026_fu_70">
<pin_list>
<pin id="71" dir="0" index="0" bw="1" slack="0"/>
<pin id="72" dir="1" index="1" bw="64" slack="0"/>
</pin_list>
<bind>
<opcode="alloca(26) " fcode="alloca"/>
<opset="v_026/1 "/>
</bind>
</comp>

<comp id="74" class="1004" name="t_44_loc_fu_74">
<pin_list>
<pin id="75" dir="0" index="0" bw="1" slack="0"/>
<pin id="76" dir="1" index="1" bw="64" slack="3"/>
</pin_list>
<bind>
<opcode="alloca(26) " fcode="alloca"/>
<opset="t_44_loc/1 "/>
</bind>
</comp>

<comp id="78" class="1004" name="u_47_loc_fu_78">
<pin_list>
<pin id="79" dir="0" index="0" bw="1" slack="0"/>
<pin id="80" dir="1" index="1" bw="64" slack="3"/>
</pin_list>
<bind>
<opcode="alloca(26) " fcode="alloca"/>
<opset="u_47_loc/1 "/>
</bind>
</comp>

<comp id="82" class="1004" name="v_79_loc_fu_82">
<pin_list>
<pin id="83" dir="0" index="0" bw="1" slack="0"/>
<pin id="84" dir="1" index="1" bw="64" slack="3"/>
</pin_list>
<bind>
<opcode="alloca(26) " fcode="alloca"/>
<opset="v_79_loc/1 "/>
</bind>
</comp>

<comp id="86" class="1004" name="t_loc_fu_86">
<pin_list>
<pin id="87" dir="0" index="0" bw="1" slack="0"/>
<pin id="88" dir="1" index="1" bw="64" slack="2"/>
</pin_list>
<bind>
<opcode="alloca(26) " fcode="alloca"/>
<opset="t_loc/1 "/>
</bind>
</comp>

<comp id="90" class="1004" name="u_64_loc_fu_90">
<pin_list>
<pin id="91" dir="0" index="0" bw="1" slack="0"/>
<pin id="92" dir="1" index="1" bw="64" slack="2"/>
</pin_list>
<bind>
<opcode="alloca(26) " fcode="alloca"/>
<opset="u_64_loc/1 "/>
</bind>
</comp>

<comp id="94" class="1004" name="v_75_loc_fu_94">
<pin_list>
<pin id="95" dir="0" index="0" bw="1" slack="0"/>
<pin id="96" dir="1" index="1" bw="64" slack="2"/>
</pin_list>
<bind>
<opcode="alloca(26) " fcode="alloca"/>
<opset="v_75_loc/1 "/>
</bind>
</comp>

<comp id="98" class="1004" name="count_8_fu_98">
<pin_list>
<pin id="99" dir="0" index="0" bw="1" slack="0"/>
<pin id="100" dir="1" index="1" bw="32" slack="0"/>
</pin_list>
<bind>
<opcode="alloca(26) " fcode="alloca"/>
<opset="count_8/3 "/>
</bind>
</comp>

<comp id="102" class="1004" name="u_fu_102">
<pin_list>
<pin id="103" dir="0" index="0" bw="1" slack="0"/>
<pin id="104" dir="1" index="1" bw="64" slack="0"/>
</pin_list>
<bind>
<opcode="alloca(26) " fcode="alloca"/>
<opset="u/3 "/>
</bind>
</comp>

<comp id="106" class="1004" name="v_72_fu_106">
<pin_list>
<pin id="107" dir="0" index="0" bw="1" slack="0"/>
<pin id="108" dir="1" index="1" bw="64" slack="0"/>
</pin_list>
<bind>
<opcode="alloca(26) " fcode="alloca"/>
<opset="v_72/3 "/>
</bind>
</comp>

<comp id="110" class="1004" name="indvars_iv_fu_110">
<pin_list>
<pin id="111" dir="0" index="0" bw="1" slack="0"/>
<pin id="112" dir="1" index="1" bw="4" slack="0"/>
</pin_list>
<bind>
<opcode="alloca(26) " fcode="alloca"/>
<opset="indvars_iv/3 "/>
</bind>
</comp>

<comp id="114" class="1004" name="i_16_fu_114">
<pin_list>
<pin id="115" dir="0" index="0" bw="1" slack="0"/>
<pin id="116" dir="1" index="1" bw="4" slack="0"/>
</pin_list>
<bind>
<opcode="alloca(26) " fcode="alloca"/>
<opset="i_16/3 "/>
</bind>
</comp>

<comp id="118" class="1004" name="mc_addr_gep_fu_118">
<pin_list>
<pin id="119" dir="0" index="0" bw="64" slack="0"/>
<pin id="120" dir="0" index="1" bw="1" slack="0"/>
<pin id="121" dir="0" index="2" bw="4" slack="0"/>
<pin id="122" dir="1" index="3" bw="4" slack="3"/>
</pin_list>
<bind>
<opcode="getelementptr(29) " fcode="getelementptr"/>
<opset="mc_addr/2 "/>
</bind>
</comp>

<comp id="126" class="1004" name="ma_addr_3_gep_fu_126">
<pin_list>
<pin id="127" dir="0" index="0" bw="64" slack="0"/>
<pin id="128" dir="0" index="1" bw="1" slack="0"/>
<pin id="129" dir="0" index="2" bw="4" slack="0"/>
<pin id="130" dir="1" index="3" bw="4" slack="0"/>
</pin_list>
<bind>
<opcode="getelementptr(29) " fcode="getelementptr"/>
<opset="ma_addr_3/4 "/>
</bind>
</comp>

<comp id="133" class="1004" name="grp_access_fu_133">
<pin_list>
<pin id="134" dir="0" index="0" bw="4" slack="0"/>
<pin id="135" dir="0" index="1" bw="64" slack="2147483647"/>
<pin id="136" dir="0" index="2" bw="0" slack="2147483647"/>
<pin id="137" dir="1" index="3" bw="64" slack="0"/>
</pin_list>
<bind>
<opcode="load(27) " fcode="load"/>
<opset="ma_load_3/4 ma_load/6 ma_load_4/7 "/>
</bind>
</comp>

<comp id="139" class="1004" name="mc_addr_9_gep_fu_139">
<pin_list>
<pin id="140" dir="0" index="0" bw="64" slack="0"/>
<pin id="141" dir="0" index="1" bw="1" slack="0"/>
<pin id="142" dir="0" index="2" bw="4" slack="1"/>
<pin id="143" dir="1" index="3" bw="4" slack="0"/>
</pin_list>
<bind>
<opcode="getelementptr(29) " fcode="getelementptr"/>
<opset="mc_addr_9/5 "/>
</bind>
</comp>

<comp id="146" class="1004" name="grp_access_fu_146">
<pin_list>
<pin id="147" dir="0" index="0" bw="4" slack="0"/>
<pin id="148" dir="0" index="1" bw="64" slack="0"/>
<pin id="149" dir="0" index="2" bw="0" slack="2147483647"/>
<pin id="150" dir="1" index="3" bw="64" slack="2147483647"/>
</pin_list>
<bind>
<opcode="store(28) " fcode="store"/>
<opset="store_ln310/5 store_ln327/8 store_ln330/9 "/>
</bind>
</comp>

<comp id="152" class="1004" name="ma_addr_gep_fu_152">
<pin_list>
<pin id="153" dir="0" index="0" bw="64" slack="0"/>
<pin id="154" dir="0" index="1" bw="1" slack="0"/>
<pin id="155" dir="0" index="2" bw="5" slack="0"/>
<pin id="156" dir="1" index="3" bw="4" slack="0"/>
</pin_list>
<bind>
<opcode="getelementptr(29) " fcode="getelementptr"/>
<opset="ma_addr/6 "/>
</bind>
</comp>

<comp id="161" class="1004" name="ma_addr_4_gep_fu_161">
<pin_list>
<pin id="162" dir="0" index="0" bw="64" slack="0"/>
<pin id="163" dir="0" index="1" bw="1" slack="0"/>
<pin id="164" dir="0" index="2" bw="4" slack="0"/>
<pin id="165" dir="1" index="3" bw="4" slack="0"/>
</pin_list>
<bind>
<opcode="getelementptr(29) " fcode="getelementptr"/>
<opset="ma_addr_4/7 "/>
</bind>
</comp>

<comp id="169" class="1004" name="mc_addr_10_gep_fu_169">
<pin_list>
<pin id="170" dir="0" index="0" bw="64" slack="0"/>
<pin id="171" dir="0" index="1" bw="1" slack="0"/>
<pin id="172" dir="0" index="2" bw="3" slack="0"/>
<pin id="173" dir="1" index="3" bw="4" slack="0"/>
</pin_list>
<bind>
<opcode="getelementptr(29) " fcode="getelementptr"/>
<opset="mc_addr_10/8 "/>
</bind>
</comp>

<comp id="177" class="1004" name="grp_rdc_mont_172334_Pipeline_VITIS_LOOP_293_1_fu_177">
<pin_list>
<pin id="178" dir="0" index="0" bw="0" slack="0"/>
<pin id="179" dir="0" index="1" bw="64" slack="0"/>
<pin id="180" dir="1" index="2" bw="0" slack="2147483647"/>
</pin_list>
<bind>
<opcode="call(48) " fcode="call"/>
<opset="call_ln0/1 "/>
</bind>
</comp>

<comp id="183" class="1004" name="grp_rdc_mont_172334_Pipeline_VITIS_LOOP_299_3_fu_183">
<pin_list>
<pin id="184" dir="0" index="0" bw="0" slack="0"/>
<pin id="185" dir="0" index="1" bw="64" slack="0"/>
<pin id="186" dir="0" index="2" bw="64" slack="0"/>
<pin id="187" dir="0" index="3" bw="3" slack="0"/>
<pin id="188" dir="0" index="4" bw="64" slack="0"/>
<pin id="189" dir="0" index="5" bw="4" slack="0"/>
<pin id="190" dir="0" index="6" bw="3" slack="0"/>
<pin id="191" dir="0" index="7" bw="64" slack="2"/>
<pin id="192" dir="0" index="8" bw="64" slack="2"/>
<pin id="193" dir="0" index="9" bw="64" slack="2"/>
<pin id="194" dir="0" index="10" bw="64" slack="0"/>
<pin id="195" dir="1" index="11" bw="0" slack="2147483647"/>
</pin_list>
<bind>
<opcode="call(48) " fcode="call"/>
<opset="call_ln298/3 "/>
</bind>
</comp>

<comp id="199" class="1004" name="grp_rdc_mont_172334_Pipeline_VITIS_LOOP_316_5_fu_199">
<pin_list>
<pin id="200" dir="0" index="0" bw="0" slack="0"/>
<pin id="201" dir="0" index="1" bw="3" slack="0"/>
<pin id="202" dir="0" index="2" bw="64" slack="0"/>
<pin id="203" dir="0" index="3" bw="64" slack="0"/>
<pin id="204" dir="0" index="4" bw="64" slack="0"/>
<pin id="205" dir="0" index="5" bw="32" slack="0"/>
<pin id="206" dir="0" index="6" bw="3" slack="0"/>
<pin id="207" dir="0" index="7" bw="64" slack="3"/>
<pin id="208" dir="0" index="8" bw="64" slack="3"/>
<pin id="209" dir="0" index="9" bw="64" slack="3"/>
<pin id="210" dir="0" index="10" bw="64" slack="0"/>
<pin id="211" dir="1" index="11" bw="0" slack="2147483647"/>
</pin_list>
<bind>
<opcode="call(48) " fcode="call"/>
<opset="call_ln314/6 "/>
</bind>
</comp>

<comp id="215" class="1004" name="grp_load_fu_215">
<pin_list>
<pin id="216" dir="0" index="0" bw="64" slack="1"/>
<pin id="217" dir="1" index="1" bw="64" slack="0"/>
</pin_list>
<bind>
<opcode="load(27) " fcode="load"/>
<opset="v_72_load_1/6 v_72_load/9 "/>
</bind>
</comp>

<comp id="219" class="1004" name="store_ln290_store_fu_219">
<pin_list>
<pin id="220" dir="0" index="0" bw="1" slack="0"/>
<pin id="221" dir="0" index="1" bw="64" slack="0"/>
<pin id="222" dir="1" index="2" bw="0" slack="2147483647"/>
</pin_list>
<bind>
<opcode="store(28) " fcode="store"/>
<opset="store_ln290/1 "/>
</bind>
</comp>

<comp id="224" class="1004" name="store_ln290_store_fu_224">
<pin_list>
<pin id="225" dir="0" index="0" bw="1" slack="0"/>
<pin id="226" dir="0" index="1" bw="64" slack="0"/>
<pin id="227" dir="1" index="2" bw="0" slack="2147483647"/>
</pin_list>
<bind>
<opcode="store(28) " fcode="store"/>
<opset="store_ln290/1 "/>
</bind>
</comp>

<comp id="229" class="1004" name="store_ln289_store_fu_229">
<pin_list>
<pin id="230" dir="0" index="0" bw="1" slack="0"/>
<pin id="231" dir="0" index="1" bw="4" slack="0"/>
<pin id="232" dir="1" index="2" bw="0" slack="2147483647"/>
</pin_list>
<bind>
<opcode="store(28) " fcode="store"/>
<opset="store_ln289/1 "/>
</bind>
</comp>

<comp id="234" class="1004" name="i_load_fu_234">
<pin_list>
<pin id="235" dir="0" index="0" bw="4" slack="2"/>
<pin id="236" dir="1" index="1" bw="4" slack="0"/>
</pin_list>
<bind>
<opcode="load(27) " fcode="load"/>
<opset="i/3 "/>
</bind>
</comp>

<comp id="237" class="1004" name="u_65_load_fu_237">
<pin_list>
<pin id="238" dir="0" index="0" bw="64" slack="2"/>
<pin id="239" dir="1" index="1" bw="64" slack="0"/>
</pin_list>
<bind>
<opcode="load(27) " fcode="load"/>
<opset="u_65/3 "/>
</bind>
</comp>

<comp id="241" class="1004" name="v_76_load_fu_241">
<pin_list>
<pin id="242" dir="0" index="0" bw="64" slack="2"/>
<pin id="243" dir="1" index="1" bw="64" slack="0"/>
</pin_list>
<bind>
<opcode="load(27) " fcode="load"/>
<opset="v_76/3 "/>
</bind>
</comp>

<comp id="245" class="1004" name="icmp_ln298_fu_245">
<pin_list>
<pin id="246" dir="0" index="0" bw="4" slack="0"/>
<pin id="247" dir="0" index="1" bw="4" slack="0"/>
<pin id="248" dir="1" index="2" bw="1" slack="2147483647"/>
</pin_list>
<bind>
<opcode="icmp(45) " fcode="icmp"/>
<opset="icmp_ln298/3 "/>
</bind>
</comp>

<comp id="251" class="1004" name="add_ln298_fu_251">
<pin_list>
<pin id="252" dir="0" index="0" bw="4" slack="0"/>
<pin id="253" dir="0" index="1" bw="1" slack="0"/>
<pin id="254" dir="1" index="2" bw="4" slack="0"/>
</pin_list>
<bind>
<opcode="add(8) " fcode="add"/>
<opset="add_ln298/3 "/>
</bind>
</comp>

<comp id="257" class="1004" name="trunc_ln298_fu_257">
<pin_list>
<pin id="258" dir="0" index="0" bw="4" slack="0"/>
<pin id="259" dir="1" index="1" bw="3" slack="0"/>
</pin_list>
<bind>
<opcode="trunc(33) " fcode="trunc"/>
<opset="trunc_ln298/3 "/>
</bind>
</comp>

<comp id="263" class="1004" name="zext_ln299_fu_263">
<pin_list>
<pin id="264" dir="0" index="0" bw="3" slack="0"/>
<pin id="265" dir="1" index="1" bw="4" slack="0"/>
</pin_list>
<bind>
<opcode="zext(34) " fcode="zext"/>
<opset="zext_ln299/3 "/>
</bind>
</comp>

<comp id="267" class="1004" name="add_ln299_fu_267">
<pin_list>
<pin id="268" dir="0" index="0" bw="3" slack="0"/>
<pin id="269" dir="0" index="1" bw="2" slack="0"/>
<pin id="270" dir="1" index="2" bw="4" slack="0"/>
</pin_list>
<bind>
<opcode="add(8) " fcode="add"/>
<opset="add_ln299/3 "/>
</bind>
</comp>

<comp id="274" class="1004" name="store_ln289_store_fu_274">
<pin_list>
<pin id="275" dir="0" index="0" bw="4" slack="0"/>
<pin id="276" dir="0" index="1" bw="4" slack="2"/>
<pin id="277" dir="1" index="2" bw="0" slack="2147483647"/>
</pin_list>
<bind>
<opcode="store(28) " fcode="store"/>
<opset="store_ln289/3 "/>
</bind>
</comp>

<comp id="279" class="1004" name="store_ln289_store_fu_279">
<pin_list>
<pin id="280" dir="0" index="0" bw="4" slack="0"/>
<pin id="281" dir="0" index="1" bw="4" slack="0"/>
<pin id="282" dir="1" index="2" bw="0" slack="2147483647"/>
</pin_list>
<bind>
<opcode="store(28) " fcode="store"/>
<opset="store_ln289/3 "/>
</bind>
</comp>

<comp id="284" class="1004" name="store_ln0_store_fu_284">
<pin_list>
<pin id="285" dir="0" index="0" bw="1" slack="0"/>
<pin id="286" dir="0" index="1" bw="4" slack="0"/>
<pin id="287" dir="1" index="2" bw="0" slack="2147483647"/>
</pin_list>
<bind>
<opcode="store(28) " fcode="store"/>
<opset="store_ln0/3 "/>
</bind>
</comp>

<comp id="289" class="1004" name="store_ln290_store_fu_289">
<pin_list>
<pin id="290" dir="0" index="0" bw="64" slack="0"/>
<pin id="291" dir="0" index="1" bw="64" slack="0"/>
<pin id="292" dir="1" index="2" bw="0" slack="2147483647"/>
</pin_list>
<bind>
<opcode="store(28) " fcode="store"/>
<opset="store_ln290/3 "/>
</bind>
</comp>

<comp id="294" class="1004" name="store_ln290_store_fu_294">
<pin_list>
<pin id="295" dir="0" index="0" bw="64" slack="0"/>
<pin id="296" dir="0" index="1" bw="64" slack="0"/>
<pin id="297" dir="1" index="2" bw="0" slack="2147483647"/>
</pin_list>
<bind>
<opcode="store(28) " fcode="store"/>
<opset="store_ln290/3 "/>
</bind>
</comp>

<comp id="299" class="1004" name="store_ln289_store_fu_299">
<pin_list>
<pin id="300" dir="0" index="0" bw="3" slack="0"/>
<pin id="301" dir="0" index="1" bw="32" slack="0"/>
<pin id="302" dir="1" index="2" bw="0" slack="2147483647"/>
</pin_list>
<bind>
<opcode="store(28) " fcode="store"/>
<opset="store_ln289/3 "/>
</bind>
</comp>

<comp id="304" class="1004" name="zext_ln298_fu_304">
<pin_list>
<pin id="305" dir="0" index="0" bw="4" slack="1"/>
<pin id="306" dir="1" index="1" bw="64" slack="0"/>
</pin_list>
<bind>
<opcode="zext(34) " fcode="zext"/>
<opset="zext_ln298/4 "/>
</bind>
</comp>

<comp id="308" class="1004" name="v_75_loc_load_load_fu_308">
<pin_list>
<pin id="309" dir="0" index="0" bw="64" slack="4"/>
<pin id="310" dir="1" index="1" bw="64" slack="0"/>
</pin_list>
<bind>
<opcode="load(27) " fcode="load"/>
<opset="v_75_loc_load/5 "/>
</bind>
</comp>

<comp id="311" class="1004" name="u_64_loc_load_load_fu_311">
<pin_list>
<pin id="312" dir="0" index="0" bw="64" slack="4"/>
<pin id="313" dir="1" index="1" bw="64" slack="0"/>
</pin_list>
<bind>
<opcode="load(27) " fcode="load"/>
<opset="u_64_loc_load/5 "/>
</bind>
</comp>

<comp id="314" class="1004" name="t_loc_load_load_fu_314">
<pin_list>
<pin id="315" dir="0" index="0" bw="64" slack="4"/>
<pin id="316" dir="1" index="1" bw="64" slack="0"/>
</pin_list>
<bind>
<opcode="load(27) " fcode="load"/>
<opset="t_loc_load/5 "/>
</bind>
</comp>

<comp id="317" class="1004" name="v_78_fu_317">
<pin_list>
<pin id="318" dir="0" index="0" bw="64" slack="0"/>
<pin id="319" dir="0" index="1" bw="64" slack="0"/>
<pin id="320" dir="1" index="2" bw="64" slack="0"/>
</pin_list>
<bind>
<opcode="add(8) " fcode="add"/>
<opset="v_78/5 "/>
</bind>
</comp>

<comp id="324" class="1004" name="xor_ln105_fu_324">
<pin_list>
<pin id="325" dir="0" index="0" bw="64" slack="0"/>
<pin id="326" dir="0" index="1" bw="64" slack="0"/>
<pin id="327" dir="1" index="2" bw="64" slack="0"/>
</pin_list>
<bind>
<opcode="xor(25) " fcode="xor"/>
<opset="xor_ln105/5 "/>
</bind>
</comp>

<comp id="330" class="1004" name="xor_ln105_148_fu_330">
<pin_list>
<pin id="331" dir="0" index="0" bw="64" slack="0"/>
<pin id="332" dir="0" index="1" bw="64" slack="0"/>
<pin id="333" dir="1" index="2" bw="64" slack="0"/>
</pin_list>
<bind>
<opcode="xor(25) " fcode="xor"/>
<opset="xor_ln105_148/5 "/>
</bind>
</comp>

<comp id="336" class="1004" name="or_ln105_fu_336">
<pin_list>
<pin id="337" dir="0" index="0" bw="64" slack="0"/>
<pin id="338" dir="0" index="1" bw="64" slack="0"/>
<pin id="339" dir="1" index="2" bw="64" slack="0"/>
</pin_list>
<bind>
<opcode="or(24) " fcode="or"/>
<opset="or_ln105/5 "/>
</bind>
</comp>

<comp id="342" class="1004" name="xor_ln105_149_fu_342">
<pin_list>
<pin id="343" dir="0" index="0" bw="64" slack="0"/>
<pin id="344" dir="0" index="1" bw="64" slack="0"/>
<pin id="345" dir="1" index="2" bw="64" slack="0"/>
</pin_list>
<bind>
<opcode="xor(25) " fcode="xor"/>
<opset="xor_ln105_149/5 "/>
</bind>
</comp>

<comp id="348" class="1004" name="carry_fu_348">
<pin_list>
<pin id="349" dir="0" index="0" bw="1" slack="0"/>
<pin id="350" dir="0" index="1" bw="64" slack="0"/>
<pin id="351" dir="0" index="2" bw="7" slack="0"/>
<pin id="352" dir="1" index="3" bw="1" slack="0"/>
</pin_list>
<bind>
<opcode="bitselect(1000) " fcode="bitselect"/>
<opset="carry/5 "/>
</bind>
</comp>

<comp id="356" class="1004" name="zext_ln105_fu_356">
<pin_list>
<pin id="357" dir="0" index="0" bw="1" slack="0"/>
<pin id="358" dir="1" index="1" bw="64" slack="0"/>
</pin_list>
<bind>
<opcode="zext(34) " fcode="zext"/>
<opset="zext_ln105/5 "/>
</bind>
</comp>

<comp id="360" class="1004" name="v_82_fu_360">
<pin_list>
<pin id="361" dir="0" index="0" bw="64" slack="0"/>
<pin id="362" dir="0" index="1" bw="1" slack="0"/>
<pin id="363" dir="1" index="2" bw="64" slack="0"/>
</pin_list>
<bind>
<opcode="add(8) " fcode="add"/>
<opset="v_82/5 "/>
</bind>
</comp>

<comp id="366" class="1004" name="bit_sel1_fu_366">
<pin_list>
<pin id="367" dir="0" index="0" bw="1" slack="0"/>
<pin id="368" dir="0" index="1" bw="64" slack="0"/>
<pin id="369" dir="0" index="2" bw="7" slack="0"/>
<pin id="370" dir="1" index="3" bw="1" slack="0"/>
</pin_list>
<bind>
<opcode="bitselect(1000) " fcode="bitselect"/>
<opset="bit_sel1/5 "/>
</bind>
</comp>

<comp id="374" class="1004" name="xor_ln105_161_fu_374">
<pin_list>
<pin id="375" dir="0" index="0" bw="1" slack="0"/>
<pin id="376" dir="0" index="1" bw="1" slack="0"/>
<pin id="377" dir="1" index="2" bw="1" slack="0"/>
</pin_list>
<bind>
<opcode="xor(25) " fcode="xor"/>
<opset="xor_ln105_161/5 "/>
</bind>
</comp>

<comp id="380" class="1004" name="trunc_ln105_fu_380">
<pin_list>
<pin id="381" dir="0" index="0" bw="64" slack="0"/>
<pin id="382" dir="1" index="1" bw="63" slack="0"/>
</pin_list>
<bind>
<opcode="trunc(33) " fcode="trunc"/>
<opset="trunc_ln105/5 "/>
</bind>
</comp>

<comp id="384" class="1004" name="xor_ln105_s_fu_384">
<pin_list>
<pin id="385" dir="0" index="0" bw="64" slack="0"/>
<pin id="386" dir="0" index="1" bw="1" slack="0"/>
<pin id="387" dir="0" index="2" bw="63" slack="0"/>
<pin id="388" dir="1" index="3" bw="64" slack="0"/>
</pin_list>
<bind>
<opcode="bitconcatenate(1004) " fcode="bitconcatenate"/>
<opset="xor_ln105_s/5 "/>
</bind>
</comp>

<comp id="392" class="1004" name="and_ln105_fu_392">
<pin_list>
<pin id="393" dir="0" index="0" bw="64" slack="0"/>
<pin id="394" dir="0" index="1" bw="64" slack="0"/>
<pin id="395" dir="1" index="2" bw="64" slack="0"/>
</pin_list>
<bind>
<opcode="and(23) " fcode="and"/>
<opset="and_ln105/5 "/>
</bind>
</comp>

<comp id="398" class="1004" name="carry_44_fu_398">
<pin_list>
<pin id="399" dir="0" index="0" bw="1" slack="0"/>
<pin id="400" dir="0" index="1" bw="64" slack="0"/>
<pin id="401" dir="0" index="2" bw="7" slack="0"/>
<pin id="402" dir="1" index="3" bw="1" slack="0"/>
</pin_list>
<bind>
<opcode="bitselect(1000) " fcode="bitselect"/>
<opset="carry_44/5 "/>
</bind>
</comp>

<comp id="406" class="1004" name="zext_ln105_22_fu_406">
<pin_list>
<pin id="407" dir="0" index="0" bw="1" slack="0"/>
<pin id="408" dir="1" index="1" bw="64" slack="0"/>
</pin_list>
<bind>
<opcode="zext(34) " fcode="zext"/>
<opset="zext_ln105_22/5 "/>
</bind>
</comp>

<comp id="410" class="1004" name="u_70_fu_410">
<pin_list>
<pin id="411" dir="0" index="0" bw="64" slack="0"/>
<pin id="412" dir="0" index="1" bw="1" slack="0"/>
<pin id="413" dir="1" index="2" bw="64" slack="0"/>
</pin_list>
<bind>
<opcode="add(8) " fcode="add"/>
<opset="u_70/5 "/>
</bind>
</comp>

<comp id="416" class="1004" name="store_ln290_store_fu_416">
<pin_list>
<pin id="417" dir="0" index="0" bw="64" slack="0"/>
<pin id="418" dir="0" index="1" bw="64" slack="4"/>
<pin id="419" dir="1" index="2" bw="0" slack="2147483647"/>
</pin_list>
<bind>
<opcode="store(28) " fcode="store"/>
<opset="store_ln290/5 "/>
</bind>
</comp>

<comp id="421" class="1004" name="store_ln290_store_fu_421">
<pin_list>
<pin id="422" dir="0" index="0" bw="64" slack="0"/>
<pin id="423" dir="0" index="1" bw="64" slack="4"/>
<pin id="424" dir="1" index="2" bw="0" slack="2147483647"/>
</pin_list>
<bind>
<opcode="store(28) " fcode="store"/>
<opset="store_ln290/5 "/>
</bind>
</comp>

<comp id="426" class="1004" name="i_22_load_fu_426">
<pin_list>
<pin id="427" dir="0" index="0" bw="4" slack="1"/>
<pin id="428" dir="1" index="1" bw="4" slack="0"/>
</pin_list>
<bind>
<opcode="load(27) " fcode="load"/>
<opset="i_22/6 "/>
</bind>
</comp>

<comp id="429" class="1004" name="icmp_ln314_fu_429">
<pin_list>
<pin id="430" dir="0" index="0" bw="4" slack="0"/>
<pin id="431" dir="0" index="1" bw="4" slack="0"/>
<pin id="432" dir="1" index="2" bw="1" slack="2147483647"/>
</pin_list>
<bind>
<opcode="icmp(45) " fcode="icmp"/>
<opset="icmp_ln314/6 "/>
</bind>
</comp>

<comp id="435" class="1004" name="count_8_load_load_fu_435">
<pin_list>
<pin id="436" dir="0" index="0" bw="32" slack="1"/>
<pin id="437" dir="1" index="1" bw="32" slack="0"/>
</pin_list>
<bind>
<opcode="load(27) " fcode="load"/>
<opset="count_8_load/6 "/>
</bind>
</comp>

<comp id="438" class="1004" name="u_load_load_fu_438">
<pin_list>
<pin id="439" dir="0" index="0" bw="64" slack="1"/>
<pin id="440" dir="1" index="1" bw="64" slack="0"/>
</pin_list>
<bind>
<opcode="load(27) " fcode="load"/>
<opset="u_load/6 "/>
</bind>
</comp>

<comp id="442" class="1004" name="indvars_iv_load_load_fu_442">
<pin_list>
<pin id="443" dir="0" index="0" bw="4" slack="1"/>
<pin id="444" dir="1" index="1" bw="4" slack="0"/>
</pin_list>
<bind>
<opcode="load(27) " fcode="load"/>
<opset="indvars_iv_load/6 "/>
</bind>
</comp>

<comp id="445" class="1004" name="trunc_ln314_fu_445">
<pin_list>
<pin id="446" dir="0" index="0" bw="4" slack="0"/>
<pin id="447" dir="1" index="1" bw="3" slack="0"/>
</pin_list>
<bind>
<opcode="trunc(33) " fcode="trunc"/>
<opset="trunc_ln314/6 "/>
</bind>
</comp>

<comp id="450" class="1004" name="trunc_ln314_8_fu_450">
<pin_list>
<pin id="451" dir="0" index="0" bw="4" slack="0"/>
<pin id="452" dir="1" index="1" bw="3" slack="0"/>
</pin_list>
<bind>
<opcode="trunc(33) " fcode="trunc"/>
<opset="trunc_ln314_8/6 "/>
</bind>
</comp>

<comp id="455" class="1004" name="icmp_ln315_fu_455">
<pin_list>
<pin id="456" dir="0" index="0" bw="32" slack="0"/>
<pin id="457" dir="0" index="1" bw="32" slack="0"/>
<pin id="458" dir="1" index="2" bw="1" slack="0"/>
</pin_list>
<bind>
<opcode="icmp(45) " fcode="icmp"/>
<opset="icmp_ln315/6 "/>
</bind>
</comp>

<comp id="461" class="1004" name="add_ln315_fu_461">
<pin_list>
<pin id="462" dir="0" index="0" bw="32" slack="0"/>
<pin id="463" dir="0" index="1" bw="1" slack="0"/>
<pin id="464" dir="1" index="2" bw="32" slack="0"/>
</pin_list>
<bind>
<opcode="add(8) " fcode="add"/>
<opset="add_ln315/6 "/>
</bind>
</comp>

<comp id="467" class="1004" name="count_fu_467">
<pin_list>
<pin id="468" dir="0" index="0" bw="1" slack="0"/>
<pin id="469" dir="0" index="1" bw="32" slack="0"/>
<pin id="470" dir="0" index="2" bw="32" slack="0"/>
<pin id="471" dir="1" index="3" bw="32" slack="0"/>
</pin_list>
<bind>
<opcode="select(49) " fcode="select"/>
<opset="count/6 "/>
</bind>
</comp>

<comp id="475" class="1004" name="sub65_fu_475">
<pin_list>
<pin id="476" dir="0" index="0" bw="5" slack="0"/>
<pin id="477" dir="0" index="1" bw="32" slack="0"/>
<pin id="478" dir="1" index="2" bw="32" slack="0"/>
</pin_list>
<bind>
<opcode="sub(10) " fcode="sub"/>
<opset="sub65/6 "/>
</bind>
</comp>

<comp id="482" class="1004" name="add_ln314_fu_482">
<pin_list>
<pin id="483" dir="0" index="0" bw="4" slack="0"/>
<pin id="484" dir="0" index="1" bw="1" slack="0"/>
<pin id="485" dir="1" index="2" bw="4" slack="0"/>
</pin_list>
<bind>
<opcode="add(8) " fcode="add"/>
<opset="add_ln314/6 "/>
</bind>
</comp>

<comp id="488" class="1004" name="add_ln314_7_fu_488">
<pin_list>
<pin id="489" dir="0" index="0" bw="4" slack="0"/>
<pin id="490" dir="0" index="1" bw="1" slack="0"/>
<pin id="491" dir="1" index="2" bw="4" slack="0"/>
</pin_list>
<bind>
<opcode="add(8) " fcode="add"/>
<opset="add_ln314_7/6 "/>
</bind>
</comp>

<comp id="494" class="1004" name="store_ln289_store_fu_494">
<pin_list>
<pin id="495" dir="0" index="0" bw="4" slack="0"/>
<pin id="496" dir="0" index="1" bw="4" slack="1"/>
<pin id="497" dir="1" index="2" bw="0" slack="2147483647"/>
</pin_list>
<bind>
<opcode="store(28) " fcode="store"/>
<opset="store_ln289/6 "/>
</bind>
</comp>

<comp id="499" class="1004" name="store_ln314_store_fu_499">
<pin_list>
<pin id="500" dir="0" index="0" bw="4" slack="0"/>
<pin id="501" dir="0" index="1" bw="4" slack="1"/>
<pin id="502" dir="1" index="2" bw="0" slack="2147483647"/>
</pin_list>
<bind>
<opcode="store(28) " fcode="store"/>
<opset="store_ln314/6 "/>
</bind>
</comp>

<comp id="504" class="1004" name="store_ln289_store_fu_504">
<pin_list>
<pin id="505" dir="0" index="0" bw="32" slack="0"/>
<pin id="506" dir="0" index="1" bw="32" slack="1"/>
<pin id="507" dir="1" index="2" bw="0" slack="2147483647"/>
</pin_list>
<bind>
<opcode="store(28) " fcode="store"/>
<opset="store_ln289/6 "/>
</bind>
</comp>

<comp id="509" class="1004" name="zext_ln314_fu_509">
<pin_list>
<pin id="510" dir="0" index="0" bw="4" slack="1"/>
<pin id="511" dir="1" index="1" bw="64" slack="0"/>
</pin_list>
<bind>
<opcode="zext(34) " fcode="zext"/>
<opset="zext_ln314/7 "/>
</bind>
</comp>

<comp id="513" class="1004" name="v_79_loc_load_load_fu_513">
<pin_list>
<pin id="514" dir="0" index="0" bw="64" slack="5"/>
<pin id="515" dir="1" index="1" bw="64" slack="0"/>
</pin_list>
<bind>
<opcode="load(27) " fcode="load"/>
<opset="v_79_loc_load/8 "/>
</bind>
</comp>

<comp id="516" class="1004" name="u_47_loc_load_load_fu_516">
<pin_list>
<pin id="517" dir="0" index="0" bw="64" slack="5"/>
<pin id="518" dir="1" index="1" bw="64" slack="0"/>
</pin_list>
<bind>
<opcode="load(27) " fcode="load"/>
<opset="u_47_loc_load/8 "/>
</bind>
</comp>

<comp id="519" class="1004" name="t_44_loc_load_load_fu_519">
<pin_list>
<pin id="520" dir="0" index="0" bw="64" slack="5"/>
<pin id="521" dir="1" index="1" bw="64" slack="0"/>
</pin_list>
<bind>
<opcode="load(27) " fcode="load"/>
<opset="t_44_loc_load/8 "/>
</bind>
</comp>

<comp id="522" class="1004" name="v_80_fu_522">
<pin_list>
<pin id="523" dir="0" index="0" bw="64" slack="0"/>
<pin id="524" dir="0" index="1" bw="64" slack="0"/>
<pin id="525" dir="1" index="2" bw="64" slack="0"/>
</pin_list>
<bind>
<opcode="add(8) " fcode="add"/>
<opset="v_80/8 "/>
</bind>
</comp>

<comp id="529" class="1004" name="xor_ln105_158_fu_529">
<pin_list>
<pin id="530" dir="0" index="0" bw="64" slack="0"/>
<pin id="531" dir="0" index="1" bw="64" slack="0"/>
<pin id="532" dir="1" index="2" bw="64" slack="0"/>
</pin_list>
<bind>
<opcode="xor(25) " fcode="xor"/>
<opset="xor_ln105_158/8 "/>
</bind>
</comp>

<comp id="535" class="1004" name="xor_ln105_159_fu_535">
<pin_list>
<pin id="536" dir="0" index="0" bw="64" slack="0"/>
<pin id="537" dir="0" index="1" bw="64" slack="0"/>
<pin id="538" dir="1" index="2" bw="64" slack="0"/>
</pin_list>
<bind>
<opcode="xor(25) " fcode="xor"/>
<opset="xor_ln105_159/8 "/>
</bind>
</comp>

<comp id="541" class="1004" name="or_ln105_28_fu_541">
<pin_list>
<pin id="542" dir="0" index="0" bw="64" slack="0"/>
<pin id="543" dir="0" index="1" bw="64" slack="0"/>
<pin id="544" dir="1" index="2" bw="64" slack="0"/>
</pin_list>
<bind>
<opcode="or(24) " fcode="or"/>
<opset="or_ln105_28/8 "/>
</bind>
</comp>

<comp id="547" class="1004" name="xor_ln105_160_fu_547">
<pin_list>
<pin id="548" dir="0" index="0" bw="64" slack="0"/>
<pin id="549" dir="0" index="1" bw="64" slack="0"/>
<pin id="550" dir="1" index="2" bw="64" slack="0"/>
</pin_list>
<bind>
<opcode="xor(25) " fcode="xor"/>
<opset="xor_ln105_160/8 "/>
</bind>
</comp>

<comp id="553" class="1004" name="carry_45_fu_553">
<pin_list>
<pin id="554" dir="0" index="0" bw="1" slack="0"/>
<pin id="555" dir="0" index="1" bw="64" slack="0"/>
<pin id="556" dir="0" index="2" bw="7" slack="0"/>
<pin id="557" dir="1" index="3" bw="1" slack="0"/>
</pin_list>
<bind>
<opcode="bitselect(1000) " fcode="bitselect"/>
<opset="carry_45/8 "/>
</bind>
</comp>

<comp id="561" class="1004" name="zext_ln105_23_fu_561">
<pin_list>
<pin id="562" dir="0" index="0" bw="1" slack="0"/>
<pin id="563" dir="1" index="1" bw="64" slack="0"/>
</pin_list>
<bind>
<opcode="zext(34) " fcode="zext"/>
<opset="zext_ln105_23/8 "/>
</bind>
</comp>

<comp id="565" class="1004" name="tempReg_fu_565">
<pin_list>
<pin id="566" dir="0" index="0" bw="64" slack="0"/>
<pin id="567" dir="0" index="1" bw="1" slack="0"/>
<pin id="568" dir="1" index="2" bw="64" slack="0"/>
</pin_list>
<bind>
<opcode="add(8) " fcode="add"/>
<opset="tempReg/8 "/>
</bind>
</comp>

<comp id="571" class="1004" name="bit_sel7_fu_571">
<pin_list>
<pin id="572" dir="0" index="0" bw="1" slack="0"/>
<pin id="573" dir="0" index="1" bw="64" slack="0"/>
<pin id="574" dir="0" index="2" bw="7" slack="0"/>
<pin id="575" dir="1" index="3" bw="1" slack="0"/>
</pin_list>
<bind>
<opcode="bitselect(1000) " fcode="bitselect"/>
<opset="bit_sel7/8 "/>
</bind>
</comp>

<comp id="579" class="1004" name="xor_ln105_162_fu_579">
<pin_list>
<pin id="580" dir="0" index="0" bw="1" slack="0"/>
<pin id="581" dir="0" index="1" bw="1" slack="0"/>
<pin id="582" dir="1" index="2" bw="1" slack="0"/>
</pin_list>
<bind>
<opcode="xor(25) " fcode="xor"/>
<opset="xor_ln105_162/8 "/>
</bind>
</comp>

<comp id="585" class="1004" name="trunc_ln105_8_fu_585">
<pin_list>
<pin id="586" dir="0" index="0" bw="64" slack="0"/>
<pin id="587" dir="1" index="1" bw="63" slack="0"/>
</pin_list>
<bind>
<opcode="trunc(33) " fcode="trunc"/>
<opset="trunc_ln105_8/8 "/>
</bind>
</comp>

<comp id="589" class="1004" name="xor_ln105_7_fu_589">
<pin_list>
<pin id="590" dir="0" index="0" bw="64" slack="0"/>
<pin id="591" dir="0" index="1" bw="1" slack="0"/>
<pin id="592" dir="0" index="2" bw="63" slack="0"/>
<pin id="593" dir="1" index="3" bw="64" slack="0"/>
</pin_list>
<bind>
<opcode="bitconcatenate(1004) " fcode="bitconcatenate"/>
<opset="xor_ln105_7/8 "/>
</bind>
</comp>

<comp id="597" class="1004" name="and_ln105_8_fu_597">
<pin_list>
<pin id="598" dir="0" index="0" bw="64" slack="0"/>
<pin id="599" dir="0" index="1" bw="64" slack="0"/>
<pin id="600" dir="1" index="2" bw="64" slack="0"/>
</pin_list>
<bind>
<opcode="and(23) " fcode="and"/>
<opset="and_ln105_8/8 "/>
</bind>
</comp>

<comp id="603" class="1004" name="carry_46_fu_603">
<pin_list>
<pin id="604" dir="0" index="0" bw="1" slack="0"/>
<pin id="605" dir="0" index="1" bw="64" slack="0"/>
<pin id="606" dir="0" index="2" bw="7" slack="0"/>
<pin id="607" dir="1" index="3" bw="1" slack="0"/>
</pin_list>
<bind>
<opcode="bitselect(1000) " fcode="bitselect"/>
<opset="carry_46/8 "/>
</bind>
</comp>

<comp id="611" class="1004" name="zext_ln105_24_fu_611">
<pin_list>
<pin id="612" dir="0" index="0" bw="1" slack="0"/>
<pin id="613" dir="1" index="1" bw="64" slack="0"/>
</pin_list>
<bind>
<opcode="zext(34) " fcode="zext"/>
<opset="zext_ln105_24/8 "/>
</bind>
</comp>

<comp id="615" class="1004" name="t_fu_615">
<pin_list>
<pin id="616" dir="0" index="0" bw="64" slack="0"/>
<pin id="617" dir="0" index="1" bw="1" slack="0"/>
<pin id="618" dir="1" index="2" bw="64" slack="0"/>
</pin_list>
<bind>
<opcode="add(8) " fcode="add"/>
<opset="t/8 "/>
</bind>
</comp>

<comp id="621" class="1004" name="zext_ln327_fu_621">
<pin_list>
<pin id="622" dir="0" index="0" bw="3" slack="2"/>
<pin id="623" dir="1" index="1" bw="64" slack="0"/>
</pin_list>
<bind>
<opcode="zext(34) " fcode="zext"/>
<opset="zext_ln327/8 "/>
</bind>
</comp>

<comp id="625" class="1004" name="store_ln290_store_fu_625">
<pin_list>
<pin id="626" dir="0" index="0" bw="64" slack="0"/>
<pin id="627" dir="0" index="1" bw="64" slack="3"/>
<pin id="628" dir="1" index="2" bw="0" slack="2147483647"/>
</pin_list>
<bind>
<opcode="store(28) " fcode="store"/>
<opset="store_ln290/8 "/>
</bind>
</comp>

<comp id="630" class="1004" name="store_ln290_store_fu_630">
<pin_list>
<pin id="631" dir="0" index="0" bw="64" slack="0"/>
<pin id="632" dir="0" index="1" bw="64" slack="3"/>
<pin id="633" dir="1" index="2" bw="0" slack="2147483647"/>
</pin_list>
<bind>
<opcode="store(28) " fcode="store"/>
<opset="store_ln290/8 "/>
</bind>
</comp>

<comp id="635" class="1004" name="v_fu_635">
<pin_list>
<pin id="636" dir="0" index="0" bw="64" slack="0"/>
<pin id="637" dir="0" index="1" bw="64" slack="0"/>
<pin id="638" dir="1" index="2" bw="64" slack="0"/>
</pin_list>
<bind>
<opcode="add(8) " fcode="add"/>
<opset="v/9 "/>
</bind>
</comp>

<comp id="642" class="1005" name="i_15_reg_642">
<pin_list>
<pin id="643" dir="0" index="0" bw="4" slack="0"/>
<pin id="644" dir="1" index="1" bw="4" slack="0"/>
</pin_list>
<bind>
<opset="i_15 "/>
</bind>
</comp>

<comp id="649" class="1005" name="u_025_reg_649">
<pin_list>
<pin id="650" dir="0" index="0" bw="64" slack="0"/>
<pin id="651" dir="1" index="1" bw="64" slack="0"/>
</pin_list>
<bind>
<opset="u_025 "/>
</bind>
</comp>

<comp id="656" class="1005" name="v_026_reg_656">
<pin_list>
<pin id="657" dir="0" index="0" bw="64" slack="0"/>
<pin id="658" dir="1" index="1" bw="64" slack="0"/>
</pin_list>
<bind>
<opset="v_026 "/>
</bind>
</comp>

<comp id="663" class="1005" name="t_44_loc_reg_663">
<pin_list>
<pin id="664" dir="0" index="0" bw="64" slack="3"/>
<pin id="665" dir="1" index="1" bw="64" slack="3"/>
</pin_list>
<bind>
<opset="t_44_loc "/>
</bind>
</comp>

<comp id="669" class="1005" name="u_47_loc_reg_669">
<pin_list>
<pin id="670" dir="0" index="0" bw="64" slack="3"/>
<pin id="671" dir="1" index="1" bw="64" slack="3"/>
</pin_list>
<bind>
<opset="u_47_loc "/>
</bind>
</comp>

<comp id="675" class="1005" name="v_79_loc_reg_675">
<pin_list>
<pin id="676" dir="0" index="0" bw="64" slack="3"/>
<pin id="677" dir="1" index="1" bw="64" slack="3"/>
</pin_list>
<bind>
<opset="v_79_loc "/>
</bind>
</comp>

<comp id="681" class="1005" name="t_loc_reg_681">
<pin_list>
<pin id="682" dir="0" index="0" bw="64" slack="2"/>
<pin id="683" dir="1" index="1" bw="64" slack="2"/>
</pin_list>
<bind>
<opset="t_loc "/>
</bind>
</comp>

<comp id="687" class="1005" name="u_64_loc_reg_687">
<pin_list>
<pin id="688" dir="0" index="0" bw="64" slack="2"/>
<pin id="689" dir="1" index="1" bw="64" slack="2"/>
</pin_list>
<bind>
<opset="u_64_loc "/>
</bind>
</comp>

<comp id="693" class="1005" name="v_75_loc_reg_693">
<pin_list>
<pin id="694" dir="0" index="0" bw="64" slack="2"/>
<pin id="695" dir="1" index="1" bw="64" slack="2"/>
</pin_list>
<bind>
<opset="v_75_loc "/>
</bind>
</comp>

<comp id="699" class="1005" name="mc_addr_reg_699">
<pin_list>
<pin id="700" dir="0" index="0" bw="4" slack="3"/>
<pin id="701" dir="1" index="1" bw="4" slack="3"/>
</pin_list>
<bind>
<opset="mc_addr "/>
</bind>
</comp>

<comp id="704" class="1005" name="i_reg_704">
<pin_list>
<pin id="705" dir="0" index="0" bw="4" slack="1"/>
<pin id="706" dir="1" index="1" bw="4" slack="1"/>
</pin_list>
<bind>
<opset="i "/>
</bind>
</comp>

<comp id="718" class="1005" name="trunc_ln298_reg_718">
<pin_list>
<pin id="719" dir="0" index="0" bw="3" slack="1"/>
<pin id="720" dir="1" index="1" bw="3" slack="1"/>
</pin_list>
<bind>
<opset="trunc_ln298 "/>
</bind>
</comp>

<comp id="724" class="1005" name="add_ln299_reg_724">
<pin_list>
<pin id="725" dir="0" index="0" bw="4" slack="1"/>
<pin id="726" dir="1" index="1" bw="4" slack="1"/>
</pin_list>
<bind>
<opset="add_ln299 "/>
</bind>
</comp>

<comp id="729" class="1005" name="count_8_reg_729">
<pin_list>
<pin id="730" dir="0" index="0" bw="32" slack="0"/>
<pin id="731" dir="1" index="1" bw="32" slack="0"/>
</pin_list>
<bind>
<opset="count_8 "/>
</bind>
</comp>

<comp id="736" class="1005" name="u_reg_736">
<pin_list>
<pin id="737" dir="0" index="0" bw="64" slack="0"/>
<pin id="738" dir="1" index="1" bw="64" slack="0"/>
</pin_list>
<bind>
<opset="u "/>
</bind>
</comp>

<comp id="743" class="1005" name="v_72_reg_743">
<pin_list>
<pin id="744" dir="0" index="0" bw="64" slack="0"/>
<pin id="745" dir="1" index="1" bw="64" slack="0"/>
</pin_list>
<bind>
<opset="v_72 "/>
</bind>
</comp>

<comp id="750" class="1005" name="indvars_iv_reg_750">
<pin_list>
<pin id="751" dir="0" index="0" bw="4" slack="0"/>
<pin id="752" dir="1" index="1" bw="4" slack="0"/>
</pin_list>
<bind>
<opset="indvars_iv "/>
</bind>
</comp>

<comp id="757" class="1005" name="i_16_reg_757">
<pin_list>
<pin id="758" dir="0" index="0" bw="4" slack="0"/>
<pin id="759" dir="1" index="1" bw="4" slack="0"/>
</pin_list>
<bind>
<opset="i_16 "/>
</bind>
</comp>

<comp id="764" class="1005" name="zext_ln298_reg_764">
<pin_list>
<pin id="765" dir="0" index="0" bw="64" slack="1"/>
<pin id="766" dir="1" index="1" bw="64" slack="1"/>
</pin_list>
<bind>
<opset="zext_ln298 "/>
</bind>
</comp>

<comp id="769" class="1005" name="ma_addr_3_reg_769">
<pin_list>
<pin id="770" dir="0" index="0" bw="4" slack="1"/>
<pin id="771" dir="1" index="1" bw="4" slack="1"/>
</pin_list>
<bind>
<opset="ma_addr_3 "/>
</bind>
</comp>

<comp id="774" class="1005" name="i_22_reg_774">
<pin_list>
<pin id="775" dir="0" index="0" bw="4" slack="1"/>
<pin id="776" dir="1" index="1" bw="4" slack="1"/>
</pin_list>
<bind>
<opset="i_22 "/>
</bind>
</comp>

<comp id="785" class="1005" name="v_72_load_1_reg_785">
<pin_list>
<pin id="786" dir="0" index="0" bw="64" slack="1"/>
<pin id="787" dir="1" index="1" bw="64" slack="1"/>
</pin_list>
<bind>
<opset="v_72_load_1 "/>
</bind>
</comp>

<comp id="790" class="1005" name="trunc_ln314_reg_790">
<pin_list>
<pin id="791" dir="0" index="0" bw="3" slack="1"/>
<pin id="792" dir="1" index="1" bw="3" slack="1"/>
</pin_list>
<bind>
<opset="trunc_ln314 "/>
</bind>
</comp>

<comp id="795" class="1005" name="trunc_ln314_8_reg_795">
<pin_list>
<pin id="796" dir="0" index="0" bw="3" slack="1"/>
<pin id="797" dir="1" index="1" bw="3" slack="1"/>
</pin_list>
<bind>
<opset="trunc_ln314_8 "/>
</bind>
</comp>

<comp id="801" class="1005" name="sub65_reg_801">
<pin_list>
<pin id="802" dir="0" index="0" bw="32" slack="1"/>
<pin id="803" dir="1" index="1" bw="32" slack="1"/>
</pin_list>
<bind>
<opset="sub65 "/>
</bind>
</comp>

<comp id="806" class="1005" name="ma_addr_reg_806">
<pin_list>
<pin id="807" dir="0" index="0" bw="4" slack="1"/>
<pin id="808" dir="1" index="1" bw="4" slack="1"/>
</pin_list>
<bind>
<opset="ma_addr "/>
</bind>
</comp>

<comp id="811" class="1005" name="ma_addr_4_reg_811">
<pin_list>
<pin id="812" dir="0" index="0" bw="4" slack="1"/>
<pin id="813" dir="1" index="1" bw="4" slack="1"/>
</pin_list>
<bind>
<opset="ma_addr_4 "/>
</bind>
</comp>

</comp_list>

<net_list>
<net id="65"><net_src comp="6" pin="0"/><net_sink comp="62" pin=0"/></net>

<net id="69"><net_src comp="6" pin="0"/><net_sink comp="66" pin=0"/></net>

<net id="73"><net_src comp="6" pin="0"/><net_sink comp="70" pin=0"/></net>

<net id="77"><net_src comp="8" pin="0"/><net_sink comp="74" pin=0"/></net>

<net id="81"><net_src comp="8" pin="0"/><net_sink comp="78" pin=0"/></net>

<net id="85"><net_src comp="8" pin="0"/><net_sink comp="82" pin=0"/></net>

<net id="89"><net_src comp="8" pin="0"/><net_sink comp="86" pin=0"/></net>

<net id="93"><net_src comp="8" pin="0"/><net_sink comp="90" pin=0"/></net>

<net id="97"><net_src comp="8" pin="0"/><net_sink comp="94" pin=0"/></net>

<net id="101"><net_src comp="6" pin="0"/><net_sink comp="98" pin=0"/></net>

<net id="105"><net_src comp="6" pin="0"/><net_sink comp="102" pin=0"/></net>

<net id="109"><net_src comp="6" pin="0"/><net_sink comp="106" pin=0"/></net>

<net id="113"><net_src comp="6" pin="0"/><net_sink comp="110" pin=0"/></net>

<net id="117"><net_src comp="6" pin="0"/><net_sink comp="114" pin=0"/></net>

<net id="123"><net_src comp="2" pin="0"/><net_sink comp="118" pin=0"/></net>

<net id="124"><net_src comp="12" pin="0"/><net_sink comp="118" pin=1"/></net>

<net id="125"><net_src comp="16" pin="0"/><net_sink comp="118" pin=2"/></net>

<net id="131"><net_src comp="0" pin="0"/><net_sink comp="126" pin=0"/></net>

<net id="132"><net_src comp="12" pin="0"/><net_sink comp="126" pin=1"/></net>

<net id="138"><net_src comp="126" pin="3"/><net_sink comp="133" pin=0"/></net>

<net id="144"><net_src comp="2" pin="0"/><net_sink comp="139" pin=0"/></net>

<net id="145"><net_src comp="12" pin="0"/><net_sink comp="139" pin=1"/></net>

<net id="151"><net_src comp="139" pin="3"/><net_sink comp="146" pin=0"/></net>

<net id="157"><net_src comp="0" pin="0"/><net_sink comp="152" pin=0"/></net>

<net id="158"><net_src comp="12" pin="0"/><net_sink comp="152" pin=1"/></net>

<net id="159"><net_src comp="58" pin="0"/><net_sink comp="152" pin=2"/></net>

<net id="160"><net_src comp="152" pin="3"/><net_sink comp="133" pin=0"/></net>

<net id="166"><net_src comp="0" pin="0"/><net_sink comp="161" pin=0"/></net>

<net id="167"><net_src comp="12" pin="0"/><net_sink comp="161" pin=1"/></net>

<net id="168"><net_src comp="161" pin="3"/><net_sink comp="133" pin=0"/></net>

<net id="174"><net_src comp="2" pin="0"/><net_sink comp="169" pin=0"/></net>

<net id="175"><net_src comp="12" pin="0"/><net_sink comp="169" pin=1"/></net>

<net id="176"><net_src comp="169" pin="3"/><net_sink comp="146" pin=0"/></net>

<net id="181"><net_src comp="10" pin="0"/><net_sink comp="177" pin=0"/></net>

<net id="182"><net_src comp="2" pin="0"/><net_sink comp="177" pin=1"/></net>

<net id="196"><net_src comp="24" pin="0"/><net_sink comp="183" pin=0"/></net>

<net id="197"><net_src comp="2" pin="0"/><net_sink comp="183" pin=4"/></net>

<net id="198"><net_src comp="4" pin="0"/><net_sink comp="183" pin=10"/></net>

<net id="212"><net_src comp="56" pin="0"/><net_sink comp="199" pin=0"/></net>

<net id="213"><net_src comp="2" pin="0"/><net_sink comp="199" pin=4"/></net>

<net id="214"><net_src comp="4" pin="0"/><net_sink comp="199" pin=10"/></net>

<net id="218"><net_src comp="215" pin="1"/><net_sink comp="199" pin=2"/></net>

<net id="223"><net_src comp="12" pin="0"/><net_sink comp="219" pin=0"/></net>

<net id="228"><net_src comp="12" pin="0"/><net_sink comp="224" pin=0"/></net>

<net id="233"><net_src comp="14" pin="0"/><net_sink comp="229" pin=0"/></net>

<net id="240"><net_src comp="237" pin="1"/><net_sink comp="183" pin=2"/></net>

<net id="244"><net_src comp="241" pin="1"/><net_sink comp="183" pin=1"/></net>

<net id="249"><net_src comp="234" pin="1"/><net_sink comp="245" pin=0"/></net>

<net id="250"><net_src comp="18" pin="0"/><net_sink comp="245" pin=1"/></net>

<net id="255"><net_src comp="234" pin="1"/><net_sink comp="251" pin=0"/></net>

<net id="256"><net_src comp="20" pin="0"/><net_sink comp="251" pin=1"/></net>

<net id="260"><net_src comp="234" pin="1"/><net_sink comp="257" pin=0"/></net>

<net id="261"><net_src comp="257" pin="1"/><net_sink comp="183" pin=3"/></net>

<net id="262"><net_src comp="257" pin="1"/><net_sink comp="183" pin=6"/></net>

<net id="266"><net_src comp="257" pin="1"/><net_sink comp="263" pin=0"/></net>

<net id="271"><net_src comp="263" pin="1"/><net_sink comp="267" pin=0"/></net>

<net id="272"><net_src comp="22" pin="0"/><net_sink comp="267" pin=1"/></net>

<net id="273"><net_src comp="267" pin="2"/><net_sink comp="183" pin=5"/></net>

<net id="278"><net_src comp="251" pin="2"/><net_sink comp="274" pin=0"/></net>

<net id="283"><net_src comp="18" pin="0"/><net_sink comp="279" pin=0"/></net>

<net id="288"><net_src comp="20" pin="0"/><net_sink comp="284" pin=0"/></net>

<net id="293"><net_src comp="241" pin="1"/><net_sink comp="289" pin=0"/></net>

<net id="298"><net_src comp="237" pin="1"/><net_sink comp="294" pin=0"/></net>

<net id="303"><net_src comp="26" pin="0"/><net_sink comp="299" pin=0"/></net>

<net id="307"><net_src comp="304" pin="1"/><net_sink comp="126" pin=2"/></net>

<net id="321"><net_src comp="133" pin="3"/><net_sink comp="317" pin=0"/></net>

<net id="322"><net_src comp="308" pin="1"/><net_sink comp="317" pin=1"/></net>

<net id="323"><net_src comp="317" pin="2"/><net_sink comp="146" pin=1"/></net>

<net id="328"><net_src comp="308" pin="1"/><net_sink comp="324" pin=0"/></net>

<net id="329"><net_src comp="317" pin="2"/><net_sink comp="324" pin=1"/></net>

<net id="334"><net_src comp="133" pin="3"/><net_sink comp="330" pin=0"/></net>

<net id="335"><net_src comp="308" pin="1"/><net_sink comp="330" pin=1"/></net>

<net id="340"><net_src comp="330" pin="2"/><net_sink comp="336" pin=0"/></net>

<net id="341"><net_src comp="324" pin="2"/><net_sink comp="336" pin=1"/></net>

<net id="346"><net_src comp="336" pin="2"/><net_sink comp="342" pin=0"/></net>

<net id="347"><net_src comp="317" pin="2"/><net_sink comp="342" pin=1"/></net>

<net id="353"><net_src comp="36" pin="0"/><net_sink comp="348" pin=0"/></net>

<net id="354"><net_src comp="342" pin="2"/><net_sink comp="348" pin=1"/></net>

<net id="355"><net_src comp="38" pin="0"/><net_sink comp="348" pin=2"/></net>

<net id="359"><net_src comp="348" pin="3"/><net_sink comp="356" pin=0"/></net>

<net id="364"><net_src comp="311" pin="1"/><net_sink comp="360" pin=0"/></net>

<net id="365"><net_src comp="356" pin="1"/><net_sink comp="360" pin=1"/></net>

<net id="371"><net_src comp="40" pin="0"/><net_sink comp="366" pin=0"/></net>

<net id="372"><net_src comp="360" pin="2"/><net_sink comp="366" pin=1"/></net>

<net id="373"><net_src comp="42" pin="0"/><net_sink comp="366" pin=2"/></net>

<net id="378"><net_src comp="366" pin="3"/><net_sink comp="374" pin=0"/></net>

<net id="379"><net_src comp="44" pin="0"/><net_sink comp="374" pin=1"/></net>

<net id="383"><net_src comp="360" pin="2"/><net_sink comp="380" pin=0"/></net>

<net id="389"><net_src comp="46" pin="0"/><net_sink comp="384" pin=0"/></net>

<net id="390"><net_src comp="374" pin="2"/><net_sink comp="384" pin=1"/></net>

<net id="391"><net_src comp="380" pin="1"/><net_sink comp="384" pin=2"/></net>

<net id="396"><net_src comp="311" pin="1"/><net_sink comp="392" pin=0"/></net>

<net id="397"><net_src comp="384" pin="3"/><net_sink comp="392" pin=1"/></net>

<net id="403"><net_src comp="36" pin="0"/><net_sink comp="398" pin=0"/></net>

<net id="404"><net_src comp="392" pin="2"/><net_sink comp="398" pin=1"/></net>

<net id="405"><net_src comp="38" pin="0"/><net_sink comp="398" pin=2"/></net>

<net id="409"><net_src comp="398" pin="3"/><net_sink comp="406" pin=0"/></net>

<net id="414"><net_src comp="314" pin="1"/><net_sink comp="410" pin=0"/></net>

<net id="415"><net_src comp="406" pin="1"/><net_sink comp="410" pin=1"/></net>

<net id="420"><net_src comp="360" pin="2"/><net_sink comp="416" pin=0"/></net>

<net id="425"><net_src comp="410" pin="2"/><net_sink comp="421" pin=0"/></net>

<net id="433"><net_src comp="426" pin="1"/><net_sink comp="429" pin=0"/></net>

<net id="434"><net_src comp="48" pin="0"/><net_sink comp="429" pin=1"/></net>

<net id="441"><net_src comp="438" pin="1"/><net_sink comp="199" pin=3"/></net>

<net id="448"><net_src comp="442" pin="1"/><net_sink comp="445" pin=0"/></net>

<net id="449"><net_src comp="445" pin="1"/><net_sink comp="199" pin=1"/></net>

<net id="453"><net_src comp="426" pin="1"/><net_sink comp="450" pin=0"/></net>

<net id="454"><net_src comp="450" pin="1"/><net_sink comp="199" pin=6"/></net>

<net id="459"><net_src comp="435" pin="1"/><net_sink comp="455" pin=0"/></net>

<net id="460"><net_src comp="50" pin="0"/><net_sink comp="455" pin=1"/></net>

<net id="465"><net_src comp="435" pin="1"/><net_sink comp="461" pin=0"/></net>

<net id="466"><net_src comp="52" pin="0"/><net_sink comp="461" pin=1"/></net>

<net id="472"><net_src comp="455" pin="2"/><net_sink comp="467" pin=0"/></net>

<net id="473"><net_src comp="461" pin="2"/><net_sink comp="467" pin=1"/></net>

<net id="474"><net_src comp="50" pin="0"/><net_sink comp="467" pin=2"/></net>

<net id="479"><net_src comp="54" pin="0"/><net_sink comp="475" pin=0"/></net>

<net id="480"><net_src comp="467" pin="3"/><net_sink comp="475" pin=1"/></net>

<net id="481"><net_src comp="475" pin="2"/><net_sink comp="199" pin=5"/></net>

<net id="486"><net_src comp="426" pin="1"/><net_sink comp="482" pin=0"/></net>

<net id="487"><net_src comp="20" pin="0"/><net_sink comp="482" pin=1"/></net>

<net id="492"><net_src comp="442" pin="1"/><net_sink comp="488" pin=0"/></net>

<net id="493"><net_src comp="20" pin="0"/><net_sink comp="488" pin=1"/></net>

<net id="498"><net_src comp="482" pin="2"/><net_sink comp="494" pin=0"/></net>

<net id="503"><net_src comp="488" pin="2"/><net_sink comp="499" pin=0"/></net>

<net id="508"><net_src comp="467" pin="3"/><net_sink comp="504" pin=0"/></net>

<net id="512"><net_src comp="509" pin="1"/><net_sink comp="161" pin=2"/></net>

<net id="526"><net_src comp="133" pin="3"/><net_sink comp="522" pin=0"/></net>

<net id="527"><net_src comp="513" pin="1"/><net_sink comp="522" pin=1"/></net>

<net id="528"><net_src comp="522" pin="2"/><net_sink comp="146" pin=1"/></net>

<net id="533"><net_src comp="513" pin="1"/><net_sink comp="529" pin=0"/></net>

<net id="534"><net_src comp="522" pin="2"/><net_sink comp="529" pin=1"/></net>

<net id="539"><net_src comp="133" pin="3"/><net_sink comp="535" pin=0"/></net>

<net id="540"><net_src comp="513" pin="1"/><net_sink comp="535" pin=1"/></net>

<net id="545"><net_src comp="535" pin="2"/><net_sink comp="541" pin=0"/></net>

<net id="546"><net_src comp="529" pin="2"/><net_sink comp="541" pin=1"/></net>

<net id="551"><net_src comp="541" pin="2"/><net_sink comp="547" pin=0"/></net>

<net id="552"><net_src comp="522" pin="2"/><net_sink comp="547" pin=1"/></net>

<net id="558"><net_src comp="36" pin="0"/><net_sink comp="553" pin=0"/></net>

<net id="559"><net_src comp="547" pin="2"/><net_sink comp="553" pin=1"/></net>

<net id="560"><net_src comp="38" pin="0"/><net_sink comp="553" pin=2"/></net>

<net id="564"><net_src comp="553" pin="3"/><net_sink comp="561" pin=0"/></net>

<net id="569"><net_src comp="516" pin="1"/><net_sink comp="565" pin=0"/></net>

<net id="570"><net_src comp="561" pin="1"/><net_sink comp="565" pin=1"/></net>

<net id="576"><net_src comp="40" pin="0"/><net_sink comp="571" pin=0"/></net>

<net id="577"><net_src comp="565" pin="2"/><net_sink comp="571" pin=1"/></net>

<net id="578"><net_src comp="42" pin="0"/><net_sink comp="571" pin=2"/></net>

<net id="583"><net_src comp="571" pin="3"/><net_sink comp="579" pin=0"/></net>

<net id="584"><net_src comp="44" pin="0"/><net_sink comp="579" pin=1"/></net>

<net id="588"><net_src comp="565" pin="2"/><net_sink comp="585" pin=0"/></net>

<net id="594"><net_src comp="46" pin="0"/><net_sink comp="589" pin=0"/></net>

<net id="595"><net_src comp="579" pin="2"/><net_sink comp="589" pin=1"/></net>

<net id="596"><net_src comp="585" pin="1"/><net_sink comp="589" pin=2"/></net>

<net id="601"><net_src comp="516" pin="1"/><net_sink comp="597" pin=0"/></net>

<net id="602"><net_src comp="589" pin="3"/><net_sink comp="597" pin=1"/></net>

<net id="608"><net_src comp="36" pin="0"/><net_sink comp="603" pin=0"/></net>

<net id="609"><net_src comp="597" pin="2"/><net_sink comp="603" pin=1"/></net>

<net id="610"><net_src comp="38" pin="0"/><net_sink comp="603" pin=2"/></net>

<net id="614"><net_src comp="603" pin="3"/><net_sink comp="611" pin=0"/></net>

<net id="619"><net_src comp="519" pin="1"/><net_sink comp="615" pin=0"/></net>

<net id="620"><net_src comp="611" pin="1"/><net_sink comp="615" pin=1"/></net>

<net id="624"><net_src comp="621" pin="1"/><net_sink comp="169" pin=2"/></net>

<net id="629"><net_src comp="565" pin="2"/><net_sink comp="625" pin=0"/></net>

<net id="634"><net_src comp="615" pin="2"/><net_sink comp="630" pin=0"/></net>

<net id="639"><net_src comp="133" pin="3"/><net_sink comp="635" pin=0"/></net>

<net id="640"><net_src comp="215" pin="1"/><net_sink comp="635" pin=1"/></net>

<net id="641"><net_src comp="635" pin="2"/><net_sink comp="146" pin=1"/></net>

<net id="645"><net_src comp="62" pin="1"/><net_sink comp="642" pin=0"/></net>

<net id="646"><net_src comp="642" pin="1"/><net_sink comp="229" pin=1"/></net>

<net id="647"><net_src comp="642" pin="1"/><net_sink comp="234" pin=0"/></net>

<net id="648"><net_src comp="642" pin="1"/><net_sink comp="274" pin=1"/></net>

<net id="652"><net_src comp="66" pin="1"/><net_sink comp="649" pin=0"/></net>

<net id="653"><net_src comp="649" pin="1"/><net_sink comp="224" pin=1"/></net>

<net id="654"><net_src comp="649" pin="1"/><net_sink comp="237" pin=0"/></net>

<net id="655"><net_src comp="649" pin="1"/><net_sink comp="421" pin=1"/></net>

<net id="659"><net_src comp="70" pin="1"/><net_sink comp="656" pin=0"/></net>

<net id="660"><net_src comp="656" pin="1"/><net_sink comp="219" pin=1"/></net>

<net id="661"><net_src comp="656" pin="1"/><net_sink comp="241" pin=0"/></net>

<net id="662"><net_src comp="656" pin="1"/><net_sink comp="416" pin=1"/></net>

<net id="666"><net_src comp="74" pin="1"/><net_sink comp="663" pin=0"/></net>

<net id="667"><net_src comp="663" pin="1"/><net_sink comp="199" pin=9"/></net>

<net id="668"><net_src comp="663" pin="1"/><net_sink comp="519" pin=0"/></net>

<net id="672"><net_src comp="78" pin="1"/><net_sink comp="669" pin=0"/></net>

<net id="673"><net_src comp="669" pin="1"/><net_sink comp="199" pin=8"/></net>

<net id="674"><net_src comp="669" pin="1"/><net_sink comp="516" pin=0"/></net>

<net id="678"><net_src comp="82" pin="1"/><net_sink comp="675" pin=0"/></net>

<net id="679"><net_src comp="675" pin="1"/><net_sink comp="199" pin=7"/></net>

<net id="680"><net_src comp="675" pin="1"/><net_sink comp="513" pin=0"/></net>

<net id="684"><net_src comp="86" pin="1"/><net_sink comp="681" pin=0"/></net>

<net id="685"><net_src comp="681" pin="1"/><net_sink comp="183" pin=9"/></net>

<net id="686"><net_src comp="681" pin="1"/><net_sink comp="314" pin=0"/></net>

<net id="690"><net_src comp="90" pin="1"/><net_sink comp="687" pin=0"/></net>

<net id="691"><net_src comp="687" pin="1"/><net_sink comp="183" pin=8"/></net>

<net id="692"><net_src comp="687" pin="1"/><net_sink comp="311" pin=0"/></net>

<net id="696"><net_src comp="94" pin="1"/><net_sink comp="693" pin=0"/></net>

<net id="697"><net_src comp="693" pin="1"/><net_sink comp="183" pin=7"/></net>

<net id="698"><net_src comp="693" pin="1"/><net_sink comp="308" pin=0"/></net>

<net id="702"><net_src comp="118" pin="3"/><net_sink comp="699" pin=0"/></net>

<net id="703"><net_src comp="699" pin="1"/><net_sink comp="146" pin=0"/></net>

<net id="707"><net_src comp="234" pin="1"/><net_sink comp="704" pin=0"/></net>

<net id="708"><net_src comp="704" pin="1"/><net_sink comp="304" pin=0"/></net>

<net id="721"><net_src comp="257" pin="1"/><net_sink comp="718" pin=0"/></net>

<net id="722"><net_src comp="718" pin="1"/><net_sink comp="183" pin=3"/></net>

<net id="723"><net_src comp="718" pin="1"/><net_sink comp="183" pin=6"/></net>

<net id="727"><net_src comp="267" pin="2"/><net_sink comp="724" pin=0"/></net>

<net id="728"><net_src comp="724" pin="1"/><net_sink comp="183" pin=5"/></net>

<net id="732"><net_src comp="98" pin="1"/><net_sink comp="729" pin=0"/></net>

<net id="733"><net_src comp="729" pin="1"/><net_sink comp="299" pin=1"/></net>

<net id="734"><net_src comp="729" pin="1"/><net_sink comp="435" pin=0"/></net>

<net id="735"><net_src comp="729" pin="1"/><net_sink comp="504" pin=1"/></net>

<net id="739"><net_src comp="102" pin="1"/><net_sink comp="736" pin=0"/></net>

<net id="740"><net_src comp="736" pin="1"/><net_sink comp="294" pin=1"/></net>

<net id="741"><net_src comp="736" pin="1"/><net_sink comp="438" pin=0"/></net>

<net id="742"><net_src comp="736" pin="1"/><net_sink comp="630" pin=1"/></net>

<net id="746"><net_src comp="106" pin="1"/><net_sink comp="743" pin=0"/></net>

<net id="747"><net_src comp="743" pin="1"/><net_sink comp="289" pin=1"/></net>

<net id="748"><net_src comp="743" pin="1"/><net_sink comp="215" pin=0"/></net>

<net id="749"><net_src comp="743" pin="1"/><net_sink comp="625" pin=1"/></net>

<net id="753"><net_src comp="110" pin="1"/><net_sink comp="750" pin=0"/></net>

<net id="754"><net_src comp="750" pin="1"/><net_sink comp="284" pin=1"/></net>

<net id="755"><net_src comp="750" pin="1"/><net_sink comp="442" pin=0"/></net>

<net id="756"><net_src comp="750" pin="1"/><net_sink comp="499" pin=1"/></net>

<net id="760"><net_src comp="114" pin="1"/><net_sink comp="757" pin=0"/></net>

<net id="761"><net_src comp="757" pin="1"/><net_sink comp="279" pin=1"/></net>

<net id="762"><net_src comp="757" pin="1"/><net_sink comp="426" pin=0"/></net>

<net id="763"><net_src comp="757" pin="1"/><net_sink comp="494" pin=1"/></net>

<net id="767"><net_src comp="304" pin="1"/><net_sink comp="764" pin=0"/></net>

<net id="768"><net_src comp="764" pin="1"/><net_sink comp="139" pin=2"/></net>

<net id="772"><net_src comp="126" pin="3"/><net_sink comp="769" pin=0"/></net>

<net id="773"><net_src comp="769" pin="1"/><net_sink comp="133" pin=0"/></net>

<net id="777"><net_src comp="426" pin="1"/><net_sink comp="774" pin=0"/></net>

<net id="778"><net_src comp="774" pin="1"/><net_sink comp="509" pin=0"/></net>

<net id="788"><net_src comp="215" pin="1"/><net_sink comp="785" pin=0"/></net>

<net id="789"><net_src comp="785" pin="1"/><net_sink comp="199" pin=2"/></net>

<net id="793"><net_src comp="445" pin="1"/><net_sink comp="790" pin=0"/></net>

<net id="794"><net_src comp="790" pin="1"/><net_sink comp="199" pin=1"/></net>

<net id="798"><net_src comp="450" pin="1"/><net_sink comp="795" pin=0"/></net>

<net id="799"><net_src comp="795" pin="1"/><net_sink comp="199" pin=6"/></net>

<net id="800"><net_src comp="795" pin="1"/><net_sink comp="621" pin=0"/></net>

<net id="804"><net_src comp="475" pin="2"/><net_sink comp="801" pin=0"/></net>

<net id="805"><net_src comp="801" pin="1"/><net_sink comp="199" pin=5"/></net>

<net id="809"><net_src comp="152" pin="3"/><net_sink comp="806" pin=0"/></net>

<net id="810"><net_src comp="806" pin="1"/><net_sink comp="133" pin=0"/></net>

<net id="814"><net_src comp="161" pin="3"/><net_sink comp="811" pin=0"/></net>

<net id="815"><net_src comp="811" pin="1"/><net_sink comp="133" pin=0"/></net>

</net_list>

</model> 
---------------- Datapath Model END ------------------

* FSMD analyzer results:
  - Output states:
	Port: mc | {1 2 5 8 9 }
	Port: p503p1_1 | {}
 - Input state : 
	Port: rdc_mont.172334 : ma | {4 5 6 7 8 9 }
	Port: rdc_mont.172334 : mc | {3 4 6 7 }
	Port: rdc_mont.172334 : p503p1_1 | {3 4 6 7 }
  - Chain level:
	State 1
		store_ln290 : 1
		store_ln290 : 1
		store_ln289 : 1
	State 2
	State 3
		icmp_ln298 : 1
		add_ln298 : 1
		br_ln298 : 2
		trunc_ln298 : 1
		zext_ln299 : 2
		add_ln299 : 3
		call_ln298 : 4
		store_ln289 : 2
		store_ln289 : 1
		store_ln0 : 1
		store_ln290 : 1
		store_ln290 : 1
		store_ln289 : 1
	State 4
		ma_addr_3 : 1
		ma_load_3 : 2
	State 5
		v_78 : 1
		xor_ln105 : 2
		xor_ln105_148 : 1
		or_ln105 : 2
		xor_ln105_149 : 2
		carry : 2
		zext_ln105 : 3
		v_82 : 4
		bit_sel1 : 5
		xor_ln105_161 : 6
		trunc_ln105 : 5
		xor_ln105_s : 6
		and_ln105 : 7
		carry_44 : 7
		zext_ln105_22 : 8
		u_70 : 9
		store_ln310 : 2
		store_ln290 : 5
		store_ln290 : 10
	State 6
		icmp_ln314 : 1
		br_ln314 : 2
		trunc_ln314 : 1
		trunc_ln314_8 : 1
		icmp_ln315 : 1
		add_ln315 : 1
		count : 2
		sub65 : 3
		call_ln314 : 4
		add_ln314 : 1
		add_ln314_7 : 1
		store_ln289 : 2
		store_ln314 : 2
		store_ln289 : 3
		ma_load : 1
	State 7
		ma_addr_4 : 1
		ma_load_4 : 2
	State 8
		v_80 : 1
		xor_ln105_158 : 2
		xor_ln105_159 : 1
		or_ln105_28 : 2
		xor_ln105_160 : 2
		carry_45 : 2
		zext_ln105_23 : 3
		tempReg : 4
		bit_sel7 : 5
		xor_ln105_162 : 6
		trunc_ln105_8 : 5
		xor_ln105_7 : 6
		and_ln105_8 : 7
		carry_46 : 7
		zext_ln105_24 : 8
		t : 9
		mc_addr_10 : 1
		store_ln327 : 2
		store_ln290 : 5
		store_ln290 : 10
	State 9
		v : 1
		store_ln330 : 2


============================================================
+ Verbose Summary: Datapath Resource usage 
============================================================

* Functional unit list:
|----------|------------------------------------------------------|---------|---------|---------|---------|
| Operation|                    Functional Unit                   |   DSP   |  Delay  |    FF   |   LUT   |
|----------|------------------------------------------------------|---------|---------|---------|---------|
|          | grp_rdc_mont_172334_Pipeline_VITIS_LOOP_293_1_fu_177 |    0    |    0    |    4    |    24   |
|   call   | grp_rdc_mont_172334_Pipeline_VITIS_LOOP_299_3_fu_183 |    16   |  0.774  |   365   |   1525  |
|          | grp_rdc_mont_172334_Pipeline_VITIS_LOOP_316_5_fu_199 |    16   |  0.774  |   366   |   1556  |
|----------|------------------------------------------------------|---------|---------|---------|---------|
|          |                   add_ln298_fu_251                   |    0    |    0    |    0    |    12   |
|          |                   add_ln299_fu_267                   |    0    |    0    |    0    |    10   |
|          |                      v_78_fu_317                     |    0    |    0    |    0    |    71   |
|          |                      v_82_fu_360                     |    0    |    0    |    0    |    71   |
|          |                      u_70_fu_410                     |    0    |    0    |    0    |    71   |
|    add   |                   add_ln315_fu_461                   |    0    |    0    |    0    |    39   |
|          |                   add_ln314_fu_482                   |    0    |    0    |    0    |    12   |
|          |                  add_ln314_7_fu_488                  |    0    |    0    |    0    |    12   |
|          |                      v_80_fu_522                     |    0    |    0    |    0    |    71   |
|          |                    tempReg_fu_565                    |    0    |    0    |    0    |    71   |
|          |                       t_fu_615                       |    0    |    0    |    0    |    71   |
|          |                       v_fu_635                       |    0    |    0    |    0    |    71   |
|----------|------------------------------------------------------|---------|---------|---------|---------|
|          |                   xor_ln105_fu_324                   |    0    |    0    |    0    |    64   |
|          |                 xor_ln105_148_fu_330                 |    0    |    0    |    0    |    64   |
|          |                 xor_ln105_149_fu_342                 |    0    |    0    |    0    |    64   |
|    xor   |                 xor_ln105_161_fu_374                 |    0    |    0    |    0    |    2    |
|          |                 xor_ln105_158_fu_529                 |    0    |    0    |    0    |    64   |
|          |                 xor_ln105_159_fu_535                 |    0    |    0    |    0    |    64   |
|          |                 xor_ln105_160_fu_547                 |    0    |    0    |    0    |    64   |
|          |                 xor_ln105_162_fu_579                 |    0    |    0    |    0    |    2    |
|----------|------------------------------------------------------|---------|---------|---------|---------|
|    or    |                    or_ln105_fu_336                   |    0    |    0    |    0    |    64   |
|          |                  or_ln105_28_fu_541                  |    0    |    0    |    0    |    64   |
|----------|------------------------------------------------------|---------|---------|---------|---------|
|    and   |                   and_ln105_fu_392                   |    0    |    0    |    0    |    64   |
|          |                  and_ln105_8_fu_597                  |    0    |    0    |    0    |    64   |
|----------|------------------------------------------------------|---------|---------|---------|---------|
|          |                   icmp_ln298_fu_245                  |    0    |    0    |    0    |    12   |
|   icmp   |                   icmp_ln314_fu_429                  |    0    |    0    |    0    |    12   |
|          |                   icmp_ln315_fu_455                  |    0    |    0    |    0    |    39   |
|----------|------------------------------------------------------|---------|---------|---------|---------|
|    sub   |                     sub65_fu_475                     |    0    |    0    |    0    |    39   |
|----------|------------------------------------------------------|---------|---------|---------|---------|
|  select  |                     count_fu_467                     |    0    |    0    |    0    |    32   |
|----------|------------------------------------------------------|---------|---------|---------|---------|
|          |                  trunc_ln298_fu_257                  |    0    |    0    |    0    |    0    |
|          |                  trunc_ln105_fu_380                  |    0    |    0    |    0    |    0    |
|   trunc  |                  trunc_ln314_fu_445                  |    0    |    0    |    0    |    0    |
|          |                 trunc_ln314_8_fu_450                 |    0    |    0    |    0    |    0    |
|          |                 trunc_ln105_8_fu_585                 |    0    |    0    |    0    |    0    |
|----------|------------------------------------------------------|---------|---------|---------|---------|
|          |                   zext_ln299_fu_263                  |    0    |    0    |    0    |    0    |
|          |                   zext_ln298_fu_304                  |    0    |    0    |    0    |    0    |
|          |                   zext_ln105_fu_356                  |    0    |    0    |    0    |    0    |
|   zext   |                 zext_ln105_22_fu_406                 |    0    |    0    |    0    |    0    |
|          |                   zext_ln314_fu_509                  |    0    |    0    |    0    |    0    |
|          |                 zext_ln105_23_fu_561                 |    0    |    0    |    0    |    0    |
|          |                 zext_ln105_24_fu_611                 |    0    |    0    |    0    |    0    |
|          |                   zext_ln327_fu_621                  |    0    |    0    |    0    |    0    |
|----------|------------------------------------------------------|---------|---------|---------|---------|
|          |                     carry_fu_348                     |    0    |    0    |    0    |    0    |
|          |                    bit_sel1_fu_366                   |    0    |    0    |    0    |    0    |
| bitselect|                    carry_44_fu_398                   |    0    |    0    |    0    |    0    |
|          |                    carry_45_fu_553                   |    0    |    0    |    0    |    0    |
|          |                    bit_sel7_fu_571                   |    0    |    0    |    0    |    0    |
|          |                    carry_46_fu_603                   |    0    |    0    |    0    |    0    |
|----------|------------------------------------------------------|---------|---------|---------|---------|
|bitconcatenate|                  xor_ln105_s_fu_384                  |    0    |    0    |    0    |    0    |
|          |                  xor_ln105_7_fu_589                  |    0    |    0    |    0    |    0    |
|----------|------------------------------------------------------|---------|---------|---------|---------|
|   Total  |                                                      |    32   |  1.548  |   735   |   4465  |
|----------|------------------------------------------------------|---------|---------|---------|---------|

Memories:
N/A

* Register list:
+---------------------+--------+
|                     |   FF   |
+---------------------+--------+
|  add_ln299_reg_724  |    4   |
|   count_8_reg_729   |   32   |
|     i_15_reg_642    |    4   |
|     i_16_reg_757    |    4   |
|     i_22_reg_774    |    4   |
|      i_reg_704      |    4   |
|  indvars_iv_reg_750 |    4   |
|  ma_addr_3_reg_769  |    4   |
|  ma_addr_4_reg_811  |    4   |
|   ma_addr_reg_806   |    4   |
|   mc_addr_reg_699   |    4   |
|    sub65_reg_801    |   32   |
|   t_44_loc_reg_663  |   64   |
|    t_loc_reg_681    |   64   |
| trunc_ln298_reg_718 |    3   |
|trunc_ln314_8_reg_795|    3   |
| trunc_ln314_reg_790 |    3   |
|    u_025_reg_649    |   64   |
|   u_47_loc_reg_669  |   64   |
|   u_64_loc_reg_687  |   64   |
|      u_reg_736      |   64   |
|    v_026_reg_656    |   64   |
| v_72_load_1_reg_785 |   64   |
|     v_72_reg_743    |   64   |
|   v_75_loc_reg_693  |   64   |
|   v_79_loc_reg_675  |   64   |
|  zext_ln298_reg_764 |   64   |
+---------------------+--------+
|        Total        |   881  |
+---------------------+--------+

* Multiplexer (MUX) list: 
|------------------------------------------------------|------|------|------|--------||---------||---------||---------|
|                         Comp                         |  Pin | Size |  BW  | S x BW ||  Delay  ||    FF   ||   LUT   |
|------------------------------------------------------|------|------|------|--------||---------||---------||---------|
|                   grp_access_fu_133                  |  p0  |   6  |   4  |   24   ||    0    ||    31   |
|                   grp_access_fu_146                  |  p0  |   3  |   4  |   12   ||    0    ||    14   |
|                   grp_access_fu_146                  |  p1  |   3  |  64  |   192  ||    0    ||    14   |
| grp_rdc_mont_172334_Pipeline_VITIS_LOOP_299_3_fu_183 |  p3  |   2  |   3  |    6   ||    0    ||    9    |
| grp_rdc_mont_172334_Pipeline_VITIS_LOOP_299_3_fu_183 |  p5  |   2  |   4  |    8   ||    0    ||    9    |
| grp_rdc_mont_172334_Pipeline_VITIS_LOOP_299_3_fu_183 |  p6  |   2  |   3  |    6   ||    0    ||    9    |
| grp_rdc_mont_172334_Pipeline_VITIS_LOOP_316_5_fu_199 |  p1  |   2  |   3  |    6   ||    0    ||    9    |
| grp_rdc_mont_172334_Pipeline_VITIS_LOOP_316_5_fu_199 |  p2  |   2  |  64  |   128  ||    0    ||    9    |
| grp_rdc_mont_172334_Pipeline_VITIS_LOOP_316_5_fu_199 |  p5  |   2  |  32  |   64   ||    0    ||    9    |
| grp_rdc_mont_172334_Pipeline_VITIS_LOOP_316_5_fu_199 |  p6  |   2  |   3  |    6   ||    0    ||    9    |
|------------------------------------------------------|------|------|------|--------||---------||---------||---------|
|                         Total                        |      |      |      |   452  || 4.06714 ||    0    ||   122   |
|------------------------------------------------------|------|------|------|--------||---------||---------||---------|



* Summary:
+-----------+--------+--------+--------+--------+
|           |   DSP  |  Delay |   FF   |   LUT  |
+-----------+--------+--------+--------+--------+
|  Function |   32   |    1   |   735  |  4465  |
|   Memory  |    -   |    -   |    -   |    -   |
|Multiplexer|    -   |    4   |    0   |   122  |
|  Register |    -   |    -   |   881  |    -   |
+-----------+--------+--------+--------+--------+
|   Total   |   32   |    5   |  1616  |  4587  |
+-----------+--------+--------+--------+--------+
