

================================================================
== Vitis HLS Report for 'rdc_mont_129'
================================================================
* Date:           Sat Oct 25 18:46:25 2025

* Version:        2024.2.2 (Build 6049644 on Mar  5 2025)
* Project:        sikep503_hls
* Solution:       solution1 (Vivado IP Flow Target)
* Product family: virtexuplus58g
* Target device:  xcvu29p-fsga2577-2L-e


================================================================
== Performance Estimates
================================================================
+ Timing: 
    * Summary: 
    +--------+----------+----------+------------+
    |  Clock |  Target  | Estimated| Uncertainty|
    +--------+----------+----------+------------+
    |ap_clk  |  10.00 ns|  6.710 ns|     2.70 ns|
    +--------+----------+----------+------------+

+ Latency: 
    * Summary: 
    +---------+---------+----------+----------+-----+-----+---------+
    |  Latency (cycles) |  Latency (absolute) |  Interval | Pipeline|
    |   min   |   max   |    min   |    max   | min | max |   Type  |
    +---------+---------+----------+----------+-----+-----+---------+
    |      110|      224|  1.100 us|  2.240 us|  110|  224|       no|
    +---------+---------+----------+----------+-----+-----+---------+

    + Detail: 
        * Instance: 
        +---------------------------------------------------+----------------------------------------+---------+---------+-----------+----------+-----+-----+------------------------------------------------+
        |                                                   |                                        |  Latency (cycles) |  Latency (absolute)  |  Interval |                    Pipeline                    |
        |                      Instance                     |                 Module                 |   min   |   max   |    min    |    max   | min | max |                      Type                      |
        +---------------------------------------------------+----------------------------------------+---------+---------+-----------+----------+-----+-----+------------------------------------------------+
        |grp_rdc_mont_129_Pipeline_VITIS_LOOP_306_1_fu_200  |rdc_mont_129_Pipeline_VITIS_LOOP_306_1  |       10|       10|   0.100 us|  0.100 us|    9|    9|  loop auto-rewind stp (delay=0 clock cycles(s))|
        |grp_rdc_mont_129_Pipeline_VITIS_LOOP_314_3_fu_207  |rdc_mont_129_Pipeline_VITIS_LOOP_314_3  |        2|       11|  20.000 ns|  0.110 us|    1|    8|  loop auto-rewind stp (delay=0 clock cycles(s))|
        |grp_rdc_mont_129_Pipeline_VITIS_LOOP_340_5_fu_224  |rdc_mont_129_Pipeline_VITIS_LOOP_340_5  |        5|       11|  50.000 ns|  0.110 us|    2|    8|  loop auto-rewind stp (delay=0 clock cycles(s))|
        +---------------------------------------------------+----------------------------------------+---------+---------+-----------+----------+-----+-----+------------------------------------------------+

        * Loop: 
        +--------------------+---------+---------+----------+-----------+-----------+------+----------+
        |                    |  Latency (cycles) | Iteration|  Initiation Interval  | Trip |          |
        |      Loop Name     |   min   |   max   |  Latency |  achieved |   target  | Count| Pipelined|
        +--------------------+---------+---------+----------+-----------+-----------+------+----------+
        |- VITIS_LOOP_312_2  |       40|      112|    5 ~ 14|          -|          -|     8|        no|
        |- VITIS_LOOP_334_4  |       56|       98|    8 ~ 14|          -|          -|     7|        no|
        +--------------------+---------+---------+----------+-----------+-----------+------+----------+



================================================================
== Utilization Estimates
================================================================
* Summary: 
+---------------------+---------+-------+---------+---------+------+
|         Name        | BRAM_18K|  DSP  |    FF   |   LUT   | URAM |
+---------------------+---------+-------+---------+---------+------+
|DSP                  |        -|      -|        -|        -|     -|
|Expression           |        -|      -|        0|     1377|     -|
|FIFO                 |        -|      -|        -|        -|     -|
|Instance             |        0|     16|     1189|     2795|     -|
|Memory               |        -|      -|        -|        -|     -|
|Multiplexer          |        -|      -|        0|      286|     -|
|Register             |        -|      -|      444|        -|     -|
+---------------------+---------+-------+---------+---------+------+
|Total                |        0|     16|     1633|     4458|     0|
+---------------------+---------+-------+---------+---------+------+
|Available SLR        |     1344|   3072|   864000|   432000|   320|
+---------------------+---------+-------+---------+---------+------+
|Utilization SLR (%)  |        0|     ~0|       ~0|        1|     0|
+---------------------+---------+-------+---------+---------+------+
|Available            |     5376|  12288|  3456000|  1728000|  1280|
+---------------------+---------+-------+---------+---------+------+
|Utilization (%)      |        0|     ~0|       ~0|       ~0|     0|
+---------------------+---------+-------+---------+---------+------+

+ Detail: 
    * Instance: 
    +---------------------------------------------------+----------------------------------------+---------+----+-----+------+-----+
    |                      Instance                     |                 Module                 | BRAM_18K| DSP|  FF |  LUT | URAM|
    +---------------------------------------------------+----------------------------------------+---------+----+-----+------+-----+
    |grp_digit_x_digit_fu_901                           |digit_x_digit                           |        0|  16|  132|   483|    0|
    |grp_rdc_mont_129_Pipeline_VITIS_LOOP_306_1_fu_200  |rdc_mont_129_Pipeline_VITIS_LOOP_306_1  |        0|   0|    6|    64|    0|
    |grp_rdc_mont_129_Pipeline_VITIS_LOOP_314_3_fu_207  |rdc_mont_129_Pipeline_VITIS_LOOP_314_3  |        0|   0|  525|  1102|    0|
    |grp_rdc_mont_129_Pipeline_VITIS_LOOP_340_5_fu_224  |rdc_mont_129_Pipeline_VITIS_LOOP_340_5  |        0|   0|  526|  1146|    0|
    +---------------------------------------------------+----------------------------------------+---------+----+-----+------+-----+
    |Total                                              |                                        |        0|  16| 1189|  2795|    0|
    +---------------------------------------------------+----------------------------------------+---------+----+-----+------+-----+

    * DSP: 
    N/A

    * Memory: 
    N/A

    * FIFO: 
    N/A

    * Expression: 
    +-------------------------+----------+----+---+----+------------+------------+
    |      Variable Name      | Operation| DSP| FF| LUT| Bitwidth P0| Bitwidth P1|
    +-------------------------+----------+----+---+----+------------+------------+
    |add_ln312_fu_302_p2      |         +|   0|  0|  12|           4|           1|
    |add_ln314_fu_318_p2      |         +|   0|  0|  12|           4|           3|
    |add_ln327_fu_362_p2      |         +|   0|  0|  13|           6|           6|
    |add_ln334_7_fu_551_p2    |         +|   0|  0|  12|           4|           1|
    |add_ln334_fu_545_p2      |         +|   0|  0|  12|           4|           1|
    |add_ln338_fu_524_p2      |         +|   0|  0|  39|          32|           2|
    |t_fu_678_p2              |         +|   0|  0|  71|          64|          64|
    |tempReg_fu_628_p2        |         +|   0|  0|  71|          64|          64|
    |u_104_fu_473_p2          |         +|   0|  0|  71|          64|          64|
    |v_124_fu_380_p2          |         +|   0|  0|  71|          64|          64|
    |v_126_fu_585_p2          |         +|   0|  0|  71|          64|          64|
    |v_128_fu_423_p2          |         +|   0|  0|  71|          64|          64|
    |v_fu_705_p2              |         +|   0|  0|  71|          64|          64|
    |sub65_fu_538_p2          |         -|   0|  0|  39|           4|          32|
    |and_ln105_13_fu_660_p2   |       and|   0|  0|  64|          64|          64|
    |and_ln105_fu_455_p2      |       and|   0|  0|  64|          64|          64|
    |icmp_ln312_fu_296_p2     |      icmp|   0|  0|  12|           4|           5|
    |icmp_ln334_fu_492_p2     |      icmp|   0|  0|  12|           4|           2|
    |icmp_ln336_fu_518_p2     |      icmp|   0|  0|  39|          32|           1|
    |mc_we0                   |        or|   0|  0|   2|           1|           1|
    |or_ln105_43_fu_604_p2    |        or|   0|  0|  64|          64|          64|
    |or_ln105_fu_399_p2       |        or|   0|  0|  64|          64|          64|
    |count_13_fu_530_p3       |    select|   0|  0|  32|           1|          32|
    |xor_ln105_251_fu_393_p2  |       xor|   0|  0|  64|          64|          64|
    |xor_ln105_252_fu_405_p2  |       xor|   0|  0|  64|          64|          64|
    |xor_ln105_253_fu_437_p2  |       xor|   0|  0|   2|           1|           2|
    |xor_ln105_254_fu_592_p2  |       xor|   0|  0|  64|          64|          64|
    |xor_ln105_255_fu_598_p2  |       xor|   0|  0|  64|          64|          64|
    |xor_ln105_256_fu_610_p2  |       xor|   0|  0|  64|          64|          64|
    |xor_ln105_257_fu_642_p2  |       xor|   0|  0|   2|           1|           2|
    |xor_ln105_fu_387_p2      |       xor|   0|  0|  64|          64|          64|
    +-------------------------+----------+----+---+----+------------+------------+
    |Total                    |          |   0|  0|1377|        1190|        1179|
    +-------------------------+----------+----+---+----+------------+------------+

    * Multiplexer: 
    +-----------------------------------+----+-----------+-----+-----------+
    |                Name               | LUT| Input Size| Bits| Total Bits|
    +-----------------------------------+----+-----------+-----+-----------+
    |ap_NS_fsm                          |  54|         10|    1|         10|
    |count_fu_116                       |   9|          2|   32|         64|
    |grp_digit_x_digit_fu_901_a         |  14|          3|   64|        192|
    |grp_digit_x_digit_fu_901_ap_start  |  14|          3|    1|          3|
    |grp_digit_x_digit_fu_901_b         |  14|          3|   64|        192|
    |i_15_fu_80                         |   9|          2|    4|          8|
    |i_16_fu_132                        |   9|          2|    4|          8|
    |indvars_iv_fu_128                  |   9|          2|    4|          8|
    |ma_address0_local                  |  20|          4|    4|         16|
    |mc_address0                        |  20|          4|    6|         24|
    |mc_address0_local                  |  20|          4|    6|         24|
    |mc_ce0                             |  20|          4|    1|          4|
    |mc_d0                              |   9|          2|   64|        128|
    |mc_d0_local                        |  20|          4|   64|        256|
    |mc_we0                             |   9|          2|    1|          2|
    |u_025_fu_84                        |   9|          2|   64|        128|
    |u_fu_120                           |   9|          2|   64|        128|
    |v_026_fu_88                        |   9|          2|   64|        128|
    |v_65_fu_124                        |   9|          2|   64|        128|
    +-----------------------------------+----+-----------+-----+-----------+
    |Total                              | 286|         59|  576|       1451|
    +-----------------------------------+----+-----------+-----+-----------+

    * Register: 
    +----------------------------------------------------------------+----+----+-----+-----------+
    |                              Name                              | FF | LUT| Bits| Const Bits|
    +----------------------------------------------------------------+----+----+-----+-----------+
    |add_ln314_reg_809                                               |   4|   0|    4|          0|
    |add_ln327_reg_849                                               |   6|   0|    6|          0|
    |ap_CS_fsm                                                       |   9|   0|    9|          0|
    |count_fu_116                                                    |  32|   0|   32|          0|
    |empty_reg_733                                                   |   3|   0|    3|          0|
    |grp_rdc_mont_129_Pipeline_VITIS_LOOP_306_1_fu_200_ap_start_reg  |   1|   0|    1|          0|
    |grp_rdc_mont_129_Pipeline_VITIS_LOOP_314_3_fu_207_ap_start_reg  |   1|   0|    1|          0|
    |grp_rdc_mont_129_Pipeline_VITIS_LOOP_340_5_fu_224_ap_start_reg  |   1|   0|    1|          0|
    |i_15_fu_80                                                      |   4|   0|    4|          0|
    |i_16_fu_132                                                     |   4|   0|    4|          0|
    |i_32_reg_859                                                    |   4|   0|    4|          0|
    |i_reg_788                                                       |   4|   0|    4|          0|
    |indvars_iv_fu_128                                               |   4|   0|    4|          0|
    |mc_addr_reg_783                                                 |   3|   0|    6|          3|
    |sub65_reg_886                                                   |  32|   0|   32|          0|
    |tmp_reg_776                                                     |   3|   0|    6|          3|
    |trunc_ln312_reg_803                                             |   3|   0|    3|          0|
    |trunc_ln334_22_reg_880                                          |   3|   0|    3|          0|
    |trunc_ln334_reg_875                                             |   3|   0|    3|          0|
    |u_025_fu_84                                                     |  64|   0|   64|          0|
    |u_fu_120                                                        |  64|   0|   64|          0|
    |v_026_fu_88                                                     |  64|   0|   64|          0|
    |v_65_fu_124                                                     |  64|   0|   64|          0|
    |v_65_load_3_reg_870                                             |  64|   0|   64|          0|
    +----------------------------------------------------------------+----+----+-----+-----------+
    |Total                                                           | 444|   0|  450|          6|
    +----------------------------------------------------------------+----+----+-----+-----------+



================================================================
== Interface
================================================================
* Summary: 
+-------------+-----+-----+------------+--------------+--------------+
|  RTL Ports  | Dir | Bits|  Protocol  | Source Object|    C Type    |
+-------------+-----+-----+------------+--------------+--------------+
|ap_clk       |   in|    1|  ap_ctrl_hs|  rdc_mont.129|  return value|
|ap_rst       |   in|    1|  ap_ctrl_hs|  rdc_mont.129|  return value|
|ap_start     |   in|    1|  ap_ctrl_hs|  rdc_mont.129|  return value|
|ap_done      |  out|    1|  ap_ctrl_hs|  rdc_mont.129|  return value|
|ap_idle      |  out|    1|  ap_ctrl_hs|  rdc_mont.129|  return value|
|ap_ready     |  out|    1|  ap_ctrl_hs|  rdc_mont.129|  return value|
|ma_address0  |  out|    4|   ap_memory|            ma|         array|
|ma_ce0       |  out|    1|   ap_memory|            ma|         array|
|ma_q0        |   in|   64|   ap_memory|            ma|         array|
|mc_address0  |  out|    6|   ap_memory|            mc|         array|
|mc_ce0       |  out|    1|   ap_memory|            mc|         array|
|mc_we0       |  out|    1|   ap_memory|            mc|         array|
|mc_d0        |  out|   64|   ap_memory|            mc|         array|
|mc_q0        |   in|   64|   ap_memory|            mc|         array|
|mc_offset    |   in|   32|     ap_none|     mc_offset|        scalar|
+-------------+-----+-----+------------+--------------+--------------+

============================================================
+ Verbose Summary: Synthesis Manager
============================================================
InlineROM: 1
ExposeGlobal: 0
============================================================
+ Verbose Summary: CDFG Model
============================================================
IsTopModel: 0
ResetActiveHigh: 1
IsCombinational: 2
IsDatapathOnly: 2
HasWiredReturn: 1
HasMFsm: 0
HasVarLatency: 1
IsPipeline: 0
IsRtlPipelined: 0
IsInstanceOverlapped: 0
IsDontTouch: 0
HasImplIP: 0
IsGatedGlobalClock: 0


============================================================
+ Verbose Summary: Schedule
============================================================
* Number of FSM states : 9
* Pipeline : 0
* Dataflow Pipeline: 0

* FSM state transitions: 
1 --> 2 
2 --> 3 
3 --> 4 6 
4 --> 5 
5 --> 3 
6 --> 7 9 
7 --> 8 
8 --> 6 
9 --> 

* FSM state operations: 

State 1 <SV = 0> <Delay = 1.42>
ST_1 : Operation 10 [1/1] (0.00ns)   --->   "%i_15 = alloca i32 1" [src/generic/fp_generic.cpp:302]   --->   Operation 10 'alloca' 'i_15' <Predicate = true> <Delay = 0.00>
ST_1 : Operation 11 [1/1] (0.00ns)   --->   "%u_025 = alloca i32 1" [src/generic/fp_generic.cpp:303]   --->   Operation 11 'alloca' 'u_025' <Predicate = true> <Delay = 0.00>
ST_1 : Operation 12 [1/1] (0.00ns)   --->   "%v_026 = alloca i32 1" [src/generic/fp_generic.cpp:303]   --->   Operation 12 'alloca' 'v_026' <Predicate = true> <Delay = 0.00>
ST_1 : Operation 13 [1/1] (0.00ns)   --->   "%mc_offset_read = read i32 @_ssdm_op_Read.ap_auto.i32, i32 %mc_offset"   --->   Operation 13 'read' 'mc_offset_read' <Predicate = true> <Delay = 0.00>
ST_1 : Operation 14 [1/1] (0.00ns)   --->   "%empty = trunc i32 %mc_offset_read"   --->   Operation 14 'trunc' 'empty' <Predicate = true> <Delay = 0.00>
ST_1 : Operation 15 [1/1] (0.00ns)   --->   "%t_35_loc = alloca i64 1"   --->   Operation 15 'alloca' 't_35_loc' <Predicate = true> <Delay = 0.00>
ST_1 : Operation 16 [1/1] (0.00ns)   --->   "%u_47_loc = alloca i64 1"   --->   Operation 16 'alloca' 'u_47_loc' <Predicate = true> <Delay = 0.00>
ST_1 : Operation 17 [1/1] (0.00ns)   --->   "%v_124_loc = alloca i64 1"   --->   Operation 17 'alloca' 'v_124_loc' <Predicate = true> <Delay = 0.00>
ST_1 : Operation 18 [1/1] (0.00ns)   --->   "%t_loc = alloca i64 1"   --->   Operation 18 'alloca' 't_loc' <Predicate = true> <Delay = 0.00>
ST_1 : Operation 19 [1/1] (0.00ns)   --->   "%u_62_loc = alloca i64 1"   --->   Operation 19 'alloca' 'u_62_loc' <Predicate = true> <Delay = 0.00>
ST_1 : Operation 20 [1/1] (0.00ns)   --->   "%v_120_loc = alloca i64 1"   --->   Operation 20 'alloca' 'v_120_loc' <Predicate = true> <Delay = 0.00>
ST_1 : Operation 21 [1/1] (0.00ns)   --->   "%tmp = bitconcatenate i6 @_ssdm_op_BitConcatenate.i6.i3.i3, i3 %empty, i3 0" [src/generic/fp_generic.cpp:308]   --->   Operation 21 'bitconcatenate' 'tmp' <Predicate = true> <Delay = 0.00>
ST_1 : Operation 22 [2/2] (1.42ns)   --->   "%call_ln308 = call void @rdc_mont.129_Pipeline_VITIS_LOOP_306_1, i64 %mc, i6 %tmp" [src/generic/fp_generic.cpp:308]   --->   Operation 22 'call' 'call_ln308' <Predicate = true> <Delay = 1.42> <CoreType = "Generic">   --->   Generic Core
ST_1 : Operation 23 [1/1] (0.38ns)   --->   "%store_ln303 = store i64 0, i64 %v_026" [src/generic/fp_generic.cpp:303]   --->   Operation 23 'store' 'store_ln303' <Predicate = true> <Delay = 0.38>
ST_1 : Operation 24 [1/1] (0.38ns)   --->   "%store_ln303 = store i64 0, i64 %u_025" [src/generic/fp_generic.cpp:303]   --->   Operation 24 'store' 'store_ln303' <Predicate = true> <Delay = 0.38>
ST_1 : Operation 25 [1/1] (0.38ns)   --->   "%store_ln302 = store i4 0, i4 %i_15" [src/generic/fp_generic.cpp:302]   --->   Operation 25 'store' 'store_ln302' <Predicate = true> <Delay = 0.38>

State 2 <SV = 1> <Delay = 1.48>
ST_2 : Operation 26 [1/1] (0.00ns)   --->   "%tmp_s = bitconcatenate i6 @_ssdm_op_BitConcatenate.i6.i3.i3, i3 %empty, i3 7" [src/generic/fp_generic.cpp:359]   --->   Operation 26 'bitconcatenate' 'tmp_s' <Predicate = true> <Delay = 0.00>
ST_2 : Operation 27 [1/1] (0.00ns)   --->   "%zext_ln359 = zext i6 %tmp_s" [src/generic/fp_generic.cpp:359]   --->   Operation 27 'zext' 'zext_ln359' <Predicate = true> <Delay = 0.00>
ST_2 : Operation 28 [1/1] (0.00ns)   --->   "%mc_addr = getelementptr i64 %mc, i64 0, i64 %zext_ln359" [src/generic/fp_generic.cpp:359]   --->   Operation 28 'getelementptr' 'mc_addr' <Predicate = true> <Delay = 0.00>
ST_2 : Operation 29 [1/1] (0.00ns)   --->   "%specmemcore_ln0 = specmemcore void @_ssdm_op_SpecMemCore, i64 %mc, i64 666, i64 17, i64 18446744073709551615"   --->   Operation 29 'specmemcore' 'specmemcore_ln0' <Predicate = true> <Delay = 0.00>
ST_2 : Operation 30 [1/2] (1.48ns)   --->   "%call_ln308 = call void @rdc_mont.129_Pipeline_VITIS_LOOP_306_1, i64 %mc, i6 %tmp" [src/generic/fp_generic.cpp:308]   --->   Operation 30 'call' 'call_ln308' <Predicate = true> <Delay = 1.48> <CoreType = "Generic">   --->   Generic Core
ST_2 : Operation 31 [1/1] (0.00ns)   --->   "%br_ln312 = br void %VITIS_LOOP_314_3" [src/generic/fp_generic.cpp:312]   --->   Operation 31 'br' 'br_ln312' <Predicate = true> <Delay = 0.00>

State 3 <SV = 2> <Delay = 1.99>
ST_3 : Operation 32 [1/1] (0.00ns)   --->   "%i = load i4 %i_15" [src/generic/fp_generic.cpp:312]   --->   Operation 32 'load' 'i' <Predicate = true> <Delay = 0.00>
ST_3 : Operation 33 [1/1] (0.00ns)   --->   "%u_99 = load i64 %u_025"   --->   Operation 33 'load' 'u_99' <Predicate = true> <Delay = 0.00>
ST_3 : Operation 34 [1/1] (0.00ns)   --->   "%v_123 = load i64 %v_026"   --->   Operation 34 'load' 'v_123' <Predicate = true> <Delay = 0.00>
ST_3 : Operation 35 [1/1] (0.70ns)   --->   "%icmp_ln312 = icmp_eq  i4 %i, i4 8" [src/generic/fp_generic.cpp:312]   --->   Operation 35 'icmp' 'icmp_ln312' <Predicate = true> <Delay = 0.70> <CoreInst = "Cmp">   --->   Core 9 'Cmp' <Latency = 0> <II = 1> <Delay = 0.70> <FuncUnit> <Opcode : 'seteq' 'setne' 'setle' 'setge' 'setlt' 'setgt'> <InPorts = 2> <OutPorts = 1>
ST_3 : Operation 36 [1/1] (0.70ns)   --->   "%add_ln312 = add i4 %i, i4 1" [src/generic/fp_generic.cpp:312]   --->   Operation 36 'add' 'add_ln312' <Predicate = true> <Delay = 0.70> <CoreInst = "Adder">   --->   Core 1 'Adder' <Latency = 0> <II = 1> <Delay = 0.70> <FuncUnit> <Opcode : 'add' 'sub'> <InPorts = 2> <OutPorts = 1>
ST_3 : Operation 37 [1/1] (0.00ns)   --->   "%br_ln312 = br i1 %icmp_ln312, void %VITIS_LOOP_314_3.split, void %for.body56.preheader" [src/generic/fp_generic.cpp:312]   --->   Operation 37 'br' 'br_ln312' <Predicate = true> <Delay = 0.00>
ST_3 : Operation 38 [1/1] (0.00ns)   --->   "%trunc_ln312 = trunc i4 %i" [src/generic/fp_generic.cpp:312]   --->   Operation 38 'trunc' 'trunc_ln312' <Predicate = (!icmp_ln312)> <Delay = 0.00>
ST_3 : Operation 39 [1/1] (0.00ns)   --->   "%zext_ln314 = zext i3 %trunc_ln312" [src/generic/fp_generic.cpp:314]   --->   Operation 39 'zext' 'zext_ln314' <Predicate = (!icmp_ln312)> <Delay = 0.00>
ST_3 : Operation 40 [1/1] (0.57ns)   --->   "%add_ln314 = add i4 %zext_ln314, i4 14" [src/generic/fp_generic.cpp:314]   --->   Operation 40 'add' 'add_ln314' <Predicate = (!icmp_ln312)> <Delay = 0.57> <CoreInst = "Adder">   --->   Core 1 'Adder' <Latency = 0> <II = 1> <Delay = 0.70> <FuncUnit> <Opcode : 'add' 'sub'> <InPorts = 2> <OutPorts = 1>
ST_3 : Operation 41 [2/2] (1.28ns)   --->   "%call_ln312 = call void @rdc_mont.129_Pipeline_VITIS_LOOP_314_3, i64 %v_123, i64 %u_99, i3 %trunc_ln312, i3 %empty, i64 %mc, i4 %add_ln314, i3 %trunc_ln312, i64 %v_120_loc, i64 %u_62_loc, i64 %t_loc, i64 %p503p1_1" [src/generic/fp_generic.cpp:312]   --->   Operation 41 'call' 'call_ln312' <Predicate = (!icmp_ln312)> <Delay = 1.28> <CoreType = "Generic">   --->   Generic Core
ST_3 : Operation 42 [1/1] (0.38ns)   --->   "%store_ln302 = store i4 %add_ln312, i4 %i_15" [src/generic/fp_generic.cpp:302]   --->   Operation 42 'store' 'store_ln302' <Predicate = (!icmp_ln312)> <Delay = 0.38>
ST_3 : Operation 43 [1/1] (0.00ns)   --->   "%count = alloca i32 1" [src/generic/fp_generic.cpp:302]   --->   Operation 43 'alloca' 'count' <Predicate = (icmp_ln312)> <Delay = 0.00>
ST_3 : Operation 44 [1/1] (0.00ns)   --->   "%u = alloca i32 1" [src/generic/fp_generic.cpp:303]   --->   Operation 44 'alloca' 'u' <Predicate = (icmp_ln312)> <Delay = 0.00>
ST_3 : Operation 45 [1/1] (0.00ns)   --->   "%v_65 = alloca i32 1" [src/generic/fp_generic.cpp:303]   --->   Operation 45 'alloca' 'v_65' <Predicate = (icmp_ln312)> <Delay = 0.00>
ST_3 : Operation 46 [1/1] (0.00ns)   --->   "%indvars_iv = alloca i32 1"   --->   Operation 46 'alloca' 'indvars_iv' <Predicate = (icmp_ln312)> <Delay = 0.00>
ST_3 : Operation 47 [1/1] (0.00ns)   --->   "%i_16 = alloca i32 1" [src/generic/fp_generic.cpp:302]   --->   Operation 47 'alloca' 'i_16' <Predicate = (icmp_ln312)> <Delay = 0.00>
ST_3 : Operation 48 [1/1] (0.38ns)   --->   "%store_ln302 = store i4 8, i4 %i_16" [src/generic/fp_generic.cpp:302]   --->   Operation 48 'store' 'store_ln302' <Predicate = (icmp_ln312)> <Delay = 0.38>
ST_3 : Operation 49 [1/1] (0.38ns)   --->   "%store_ln0 = store i4 1, i4 %indvars_iv"   --->   Operation 49 'store' 'store_ln0' <Predicate = (icmp_ln312)> <Delay = 0.38>
ST_3 : Operation 50 [1/1] (0.38ns)   --->   "%store_ln303 = store i64 %v_123, i64 %v_65" [src/generic/fp_generic.cpp:303]   --->   Operation 50 'store' 'store_ln303' <Predicate = (icmp_ln312)> <Delay = 0.38>
ST_3 : Operation 51 [1/1] (0.38ns)   --->   "%store_ln303 = store i64 %u_99, i64 %u" [src/generic/fp_generic.cpp:303]   --->   Operation 51 'store' 'store_ln303' <Predicate = (icmp_ln312)> <Delay = 0.38>
ST_3 : Operation 52 [1/1] (0.38ns)   --->   "%store_ln302 = store i32 3, i32 %count" [src/generic/fp_generic.cpp:302]   --->   Operation 52 'store' 'store_ln302' <Predicate = (icmp_ln312)> <Delay = 0.38>
ST_3 : Operation 53 [1/1] (0.00ns)   --->   "%br_ln334 = br void %for.body56" [src/generic/fp_generic.cpp:334]   --->   Operation 53 'br' 'br_ln334' <Predicate = (icmp_ln312)> <Delay = 0.00>

State 4 <SV = 3> <Delay = 0.71>
ST_4 : Operation 54 [1/1] (0.00ns)   --->   "%zext_ln312 = zext i4 %i" [src/generic/fp_generic.cpp:312]   --->   Operation 54 'zext' 'zext_ln312' <Predicate = true> <Delay = 0.00>
ST_4 : Operation 55 [1/1] (0.00ns)   --->   "%zext_ln327 = zext i4 %i" [src/generic/fp_generic.cpp:327]   --->   Operation 55 'zext' 'zext_ln327' <Predicate = true> <Delay = 0.00>
ST_4 : Operation 56 [1/1] (0.70ns)   --->   "%add_ln327 = add i6 %tmp, i6 %zext_ln327" [src/generic/fp_generic.cpp:327]   --->   Operation 56 'add' 'add_ln327' <Predicate = true> <Delay = 0.70> <CoreInst = "Adder">   --->   Core 1 'Adder' <Latency = 0> <II = 1> <Delay = 0.70> <FuncUnit> <Opcode : 'add' 'sub'> <InPorts = 2> <OutPorts = 1>
ST_4 : Operation 57 [1/2] (0.00ns)   --->   "%call_ln312 = call void @rdc_mont.129_Pipeline_VITIS_LOOP_314_3, i64 %v_123, i64 %u_99, i3 %trunc_ln312, i3 %empty, i64 %mc, i4 %add_ln314, i3 %trunc_ln312, i64 %v_120_loc, i64 %u_62_loc, i64 %t_loc, i64 %p503p1_1" [src/generic/fp_generic.cpp:312]   --->   Operation 57 'call' 'call_ln312' <Predicate = true> <Delay = 0.00> <CoreType = "Generic">   --->   Generic Core
ST_4 : Operation 58 [1/1] (0.00ns)   --->   "%ma_addr_3 = getelementptr i64 %ma, i64 0, i64 %zext_ln312" [src/generic/fp_generic.cpp:324]   --->   Operation 58 'getelementptr' 'ma_addr_3' <Predicate = true> <Delay = 0.00>
ST_4 : Operation 59 [2/2] (0.71ns)   --->   "%ma_load_3 = load i4 %ma_addr_3" [src/generic/fp_generic.cpp:324]   --->   Operation 59 'load' 'ma_load_3' <Predicate = true> <Delay = 0.71> <CoreInst = "RAM">   --->   Core 82 'RAM' <Latency = 1> <II = 1> <Delay = 0.71> <Storage> <Opcode : 'load' 'store'> <Ports = 2> <Width = 64> <Depth = 16> <RAM>

State 5 <SV = 4> <Delay = 4.54>
ST_5 : Operation 60 [1/1] (0.00ns)   --->   "%zext_ln327_5 = zext i6 %add_ln327" [src/generic/fp_generic.cpp:327]   --->   Operation 60 'zext' 'zext_ln327_5' <Predicate = true> <Delay = 0.00>
ST_5 : Operation 61 [1/1] (0.00ns)   --->   "%mc_addr_15 = getelementptr i64 %mc, i64 0, i64 %zext_ln327_5" [src/generic/fp_generic.cpp:327]   --->   Operation 61 'getelementptr' 'mc_addr_15' <Predicate = true> <Delay = 0.00>
ST_5 : Operation 62 [1/1] (0.00ns)   --->   "%speclooptripcount_ln302 = speclooptripcount void @_ssdm_op_SpecLoopTripCount, i64 8, i64 8, i64 8" [src/generic/fp_generic.cpp:302]   --->   Operation 62 'speclooptripcount' 'speclooptripcount_ln302' <Predicate = true> <Delay = 0.00>
ST_5 : Operation 63 [1/1] (0.00ns)   --->   "%specloopname_ln312 = specloopname void @_ssdm_op_SpecLoopName, void @empty_34" [src/generic/fp_generic.cpp:312]   --->   Operation 63 'specloopname' 'specloopname_ln312' <Predicate = true> <Delay = 0.00>
ST_5 : Operation 64 [1/1] (0.00ns)   --->   "%v_120_loc_load = load i64 %v_120_loc"   --->   Operation 64 'load' 'v_120_loc_load' <Predicate = true> <Delay = 0.00>
ST_5 : Operation 65 [1/1] (0.00ns)   --->   "%u_62_loc_load = load i64 %u_62_loc"   --->   Operation 65 'load' 'u_62_loc_load' <Predicate = true> <Delay = 0.00>
ST_5 : Operation 66 [1/1] (0.00ns)   --->   "%t_loc_load = load i64 %t_loc"   --->   Operation 66 'load' 't_loc_load' <Predicate = true> <Delay = 0.00>
ST_5 : Operation 67 [1/2] ( I:0.71ns O:0.71ns )   --->   "%ma_load_3 = load i4 %ma_addr_3" [src/generic/fp_generic.cpp:324]   --->   Operation 67 'load' 'ma_load_3' <Predicate = true> <Delay = 0.71> <CoreInst = "RAM">   --->   Core 82 'RAM' <Latency = 1> <II = 1> <Delay = 0.71> <Storage> <Opcode : 'load' 'store'> <Ports = 2> <Width = 64> <Depth = 16> <RAM>
ST_5 : Operation 68 [1/1] (1.14ns)   --->   "%v_124 = add i64 %ma_load_3, i64 %v_120_loc_load" [src/generic/fp_generic.cpp:324]   --->   Operation 68 'add' 'v_124' <Predicate = true> <Delay = 1.14> <CoreInst = "Adder">   --->   Core 1 'Adder' <Latency = 0> <II = 1> <Delay = 1.14> <FuncUnit> <Opcode : 'add' 'sub'> <InPorts = 2> <OutPorts = 1>
ST_5 : Operation 69 [1/1] (0.00ns) (grouped into LUT with out node v_128)   --->   "%xor_ln105 = xor i64 %v_120_loc_load, i64 %v_124" [src/config.h:105->src/generic/fp_generic.cpp:324]   --->   Operation 69 'xor' 'xor_ln105' <Predicate = true> <Delay = 0.00> <CoreInst = "LogicGate">   --->   Core 74 'LogicGate' <Latency = 0> <II = 1> <Delay = 0.28> <FuncUnit> <Opcode : 'and' 'or' 'xor'> <InPorts = 2> <OutPorts = 1>
ST_5 : Operation 70 [1/1] (0.00ns) (grouped into LUT with out node v_128)   --->   "%xor_ln105_251 = xor i64 %ma_load_3, i64 %v_120_loc_load" [src/config.h:105->src/generic/fp_generic.cpp:324]   --->   Operation 70 'xor' 'xor_ln105_251' <Predicate = true> <Delay = 0.00> <CoreInst = "LogicGate">   --->   Core 74 'LogicGate' <Latency = 0> <II = 1> <Delay = 0.28> <FuncUnit> <Opcode : 'and' 'or' 'xor'> <InPorts = 2> <OutPorts = 1>
ST_5 : Operation 71 [1/1] (0.00ns) (grouped into LUT with out node v_128)   --->   "%or_ln105 = or i64 %xor_ln105_251, i64 %xor_ln105" [src/config.h:105->src/generic/fp_generic.cpp:324]   --->   Operation 71 'or' 'or_ln105' <Predicate = true> <Delay = 0.00> <CoreInst = "LogicGate">   --->   Core 74 'LogicGate' <Latency = 0> <II = 1> <Delay = 0.28> <FuncUnit> <Opcode : 'and' 'or' 'xor'> <InPorts = 2> <OutPorts = 1>
ST_5 : Operation 72 [1/1] (0.00ns) (grouped into LUT with out node v_128)   --->   "%xor_ln105_252 = xor i64 %or_ln105, i64 %v_124" [src/config.h:105->src/generic/fp_generic.cpp:324]   --->   Operation 72 'xor' 'xor_ln105_252' <Predicate = true> <Delay = 0.00> <CoreInst = "LogicGate">   --->   Core 74 'LogicGate' <Latency = 0> <II = 1> <Delay = 0.28> <FuncUnit> <Opcode : 'and' 'or' 'xor'> <InPorts = 2> <OutPorts = 1>
ST_5 : Operation 73 [1/1] (0.00ns) (grouped into LUT with out node v_128)   --->   "%carry = bitselect i1 @_ssdm_op_BitSelect.i1.i64.i32, i64 %xor_ln105_252, i32 63" [src/config.h:105->src/generic/fp_generic.cpp:324]   --->   Operation 73 'bitselect' 'carry' <Predicate = true> <Delay = 0.00>
ST_5 : Operation 74 [1/1] (0.00ns) (grouped into LUT with out node v_128)   --->   "%zext_ln105 = zext i1 %carry" [src/config.h:105->src/generic/fp_generic.cpp:324]   --->   Operation 74 'zext' 'zext_ln105' <Predicate = true> <Delay = 0.00>
ST_5 : Operation 75 [1/1] (1.14ns) (out node of the LUT)   --->   "%v_128 = add i64 %u_62_loc_load, i64 %zext_ln105" [src/generic/fp_generic.cpp:325]   --->   Operation 75 'add' 'v_128' <Predicate = true> <Delay = 1.14> <CoreInst = "Adder">   --->   Core 1 'Adder' <Latency = 0> <II = 1> <Delay = 1.14> <FuncUnit> <Opcode : 'add' 'sub'> <InPorts = 2> <OutPorts = 1>
ST_5 : Operation 76 [1/1] (0.00ns) (grouped into LUT with out node u_104)   --->   "%bit_sel1 = bitselect i1 @_ssdm_op_BitSelect.i1.i64.i64, i64 %v_128, i64 63" [src/config.h:105->src/generic/fp_generic.cpp:325]   --->   Operation 76 'bitselect' 'bit_sel1' <Predicate = true> <Delay = 0.00>
ST_5 : Operation 77 [1/1] (0.00ns) (grouped into LUT with out node u_104)   --->   "%xor_ln105_253 = xor i1 %bit_sel1, i1 1" [src/config.h:105->src/generic/fp_generic.cpp:325]   --->   Operation 77 'xor' 'xor_ln105_253' <Predicate = true> <Delay = 0.00> <CoreInst = "LogicGate">   --->   Core 74 'LogicGate' <Latency = 0> <II = 1> <Delay = 0.12> <FuncUnit> <Opcode : 'and' 'or' 'xor'> <InPorts = 2> <OutPorts = 1>
ST_5 : Operation 78 [1/1] (0.00ns) (grouped into LUT with out node u_104)   --->   "%trunc_ln105 = trunc i64 %v_128" [src/config.h:105->src/generic/fp_generic.cpp:325]   --->   Operation 78 'trunc' 'trunc_ln105' <Predicate = true> <Delay = 0.00>
ST_5 : Operation 79 [1/1] (0.00ns) (grouped into LUT with out node u_104)   --->   "%xor_ln105_s = bitconcatenate i64 @_ssdm_op_BitConcatenate.i64.i1.i63, i1 %xor_ln105_253, i63 %trunc_ln105" [src/config.h:105->src/generic/fp_generic.cpp:325]   --->   Operation 79 'bitconcatenate' 'xor_ln105_s' <Predicate = true> <Delay = 0.00>
ST_5 : Operation 80 [1/1] (0.00ns) (grouped into LUT with out node u_104)   --->   "%and_ln105 = and i64 %u_62_loc_load, i64 %xor_ln105_s" [src/config.h:105->src/generic/fp_generic.cpp:325]   --->   Operation 80 'and' 'and_ln105' <Predicate = true> <Delay = 0.00> <CoreInst = "LogicGate">   --->   Core 74 'LogicGate' <Latency = 0> <II = 1> <Delay = 0.28> <FuncUnit> <Opcode : 'and' 'or' 'xor'> <InPorts = 2> <OutPorts = 1>
ST_5 : Operation 81 [1/1] (0.00ns) (grouped into LUT with out node u_104)   --->   "%carry_69 = bitselect i1 @_ssdm_op_BitSelect.i1.i64.i32, i64 %and_ln105, i32 63" [src/config.h:105->src/generic/fp_generic.cpp:325]   --->   Operation 81 'bitselect' 'carry_69' <Predicate = true> <Delay = 0.00>
ST_5 : Operation 82 [1/1] (0.00ns) (grouped into LUT with out node u_104)   --->   "%zext_ln105_37 = zext i1 %carry_69" [src/config.h:105->src/generic/fp_generic.cpp:325]   --->   Operation 82 'zext' 'zext_ln105_37' <Predicate = true> <Delay = 0.00>
ST_5 : Operation 83 [1/1] (1.14ns) (out node of the LUT)   --->   "%u_104 = add i64 %t_loc_load, i64 %zext_ln105_37" [src/generic/fp_generic.cpp:326]   --->   Operation 83 'add' 'u_104' <Predicate = true> <Delay = 1.14> <CoreInst = "Adder">   --->   Core 1 'Adder' <Latency = 0> <II = 1> <Delay = 1.14> <FuncUnit> <Opcode : 'add' 'sub'> <InPorts = 2> <OutPorts = 1>
ST_5 : Operation 84 [1/1] ( I:0.71ns O:0.71ns )   --->   "%store_ln327 = store i64 %v_124, i6 %mc_addr_15" [src/generic/fp_generic.cpp:327]   --->   Operation 84 'store' 'store_ln327' <Predicate = true> <Delay = 0.71> <CoreInst = "RAM_1P">   --->   Core 87 'RAM_1P' <Latency = 1> <II = 1> <Delay = 0.71> <Storage> <Opcode : 'load' 'store'> <Ports = 1> <Width = 64> <Depth = 56> <RAM>
ST_5 : Operation 85 [1/1] (0.38ns)   --->   "%store_ln303 = store i64 %v_128, i64 %v_026" [src/generic/fp_generic.cpp:303]   --->   Operation 85 'store' 'store_ln303' <Predicate = true> <Delay = 0.38>
ST_5 : Operation 86 [1/1] (0.38ns)   --->   "%store_ln303 = store i64 %u_104, i64 %u_025" [src/generic/fp_generic.cpp:303]   --->   Operation 86 'store' 'store_ln303' <Predicate = true> <Delay = 0.38>
ST_5 : Operation 87 [1/1] (0.00ns)   --->   "%br_ln312 = br void %VITIS_LOOP_314_3" [src/generic/fp_generic.cpp:312]   --->   Operation 87 'br' 'br_ln312' <Predicate = true> <Delay = 0.00>

State 6 <SV = 3> <Delay = 3.79>
ST_6 : Operation 88 [1/1] (0.00ns)   --->   "%i_32 = load i4 %i_16" [src/generic/fp_generic.cpp:334]   --->   Operation 88 'load' 'i_32' <Predicate = true> <Delay = 0.00>
ST_6 : Operation 89 [1/1] (0.70ns)   --->   "%icmp_ln334 = icmp_eq  i4 %i_32, i4 15" [src/generic/fp_generic.cpp:334]   --->   Operation 89 'icmp' 'icmp_ln334' <Predicate = true> <Delay = 0.70> <CoreInst = "Cmp">   --->   Core 9 'Cmp' <Latency = 0> <II = 1> <Delay = 0.70> <FuncUnit> <Opcode : 'seteq' 'setne' 'setle' 'setge' 'setlt' 'setgt'> <InPorts = 2> <OutPorts = 1>
ST_6 : Operation 90 [1/1] (0.00ns)   --->   "%br_ln334 = br i1 %icmp_ln334, void %for.body56.split, void %for.end119" [src/generic/fp_generic.cpp:334]   --->   Operation 90 'br' 'br_ln334' <Predicate = true> <Delay = 0.00>
ST_6 : Operation 91 [1/1] (0.00ns)   --->   "%count_load = load i32 %count" [src/generic/fp_generic.cpp:338]   --->   Operation 91 'load' 'count_load' <Predicate = (!icmp_ln334)> <Delay = 0.00>
ST_6 : Operation 92 [1/1] (0.00ns)   --->   "%u_load = load i64 %u"   --->   Operation 92 'load' 'u_load' <Predicate = (!icmp_ln334)> <Delay = 0.00>
ST_6 : Operation 93 [1/1] (0.00ns)   --->   "%v_65_load_3 = load i64 %v_65"   --->   Operation 93 'load' 'v_65_load_3' <Predicate = (!icmp_ln334)> <Delay = 0.00>
ST_6 : Operation 94 [1/1] (0.00ns)   --->   "%indvars_iv_load = load i4 %indvars_iv" [src/generic/fp_generic.cpp:334]   --->   Operation 94 'load' 'indvars_iv_load' <Predicate = (!icmp_ln334)> <Delay = 0.00>
ST_6 : Operation 95 [1/1] (0.00ns)   --->   "%trunc_ln334 = trunc i4 %indvars_iv_load" [src/generic/fp_generic.cpp:334]   --->   Operation 95 'trunc' 'trunc_ln334' <Predicate = (!icmp_ln334)> <Delay = 0.00>
ST_6 : Operation 96 [1/1] (0.00ns)   --->   "%trunc_ln334_22 = trunc i4 %i_32" [src/generic/fp_generic.cpp:334]   --->   Operation 96 'trunc' 'trunc_ln334_22' <Predicate = (!icmp_ln334)> <Delay = 0.00>
ST_6 : Operation 97 [1/1] (0.88ns)   --->   "%icmp_ln336 = icmp_ne  i32 %count_load, i32 0" [src/generic/fp_generic.cpp:336]   --->   Operation 97 'icmp' 'icmp_ln336' <Predicate = (!icmp_ln334)> <Delay = 0.88> <CoreInst = "Cmp">   --->   Core 9 'Cmp' <Latency = 0> <II = 1> <Delay = 0.88> <FuncUnit> <Opcode : 'seteq' 'setne' 'setle' 'setge' 'setlt' 'setgt'> <InPorts = 2> <OutPorts = 1>
ST_6 : Operation 98 [1/1] (0.88ns)   --->   "%add_ln338 = add i32 %count_load, i32 4294967295" [src/generic/fp_generic.cpp:338]   --->   Operation 98 'add' 'add_ln338' <Predicate = (!icmp_ln334)> <Delay = 0.88> <CoreInst = "Adder">   --->   Core 1 'Adder' <Latency = 0> <II = 1> <Delay = 0.88> <FuncUnit> <Opcode : 'add' 'sub'> <InPorts = 2> <OutPorts = 1>
ST_6 : Operation 99 [1/1] (0.22ns)   --->   "%count_13 = select i1 %icmp_ln336, i32 %add_ln338, i32 0" [src/generic/fp_generic.cpp:336]   --->   Operation 99 'select' 'count_13' <Predicate = (!icmp_ln334)> <Delay = 0.22> <CoreInst = "Sel">   --->   Core 73 'Sel' <Latency = 0> <II = 1> <Delay = 0.22> <FuncUnit> <Opcode : 'select'> <InPorts = 3> <OutPorts = 1>
ST_6 : Operation 100 [1/1] (0.88ns)   --->   "%sub65 = sub i32 8, i32 %count_13" [src/generic/fp_generic.cpp:336]   --->   Operation 100 'sub' 'sub65' <Predicate = (!icmp_ln334)> <Delay = 0.88> <CoreInst = "Adder">   --->   Core 1 'Adder' <Latency = 0> <II = 1> <Delay = 0.88> <FuncUnit> <Opcode : 'add' 'sub'> <InPorts = 2> <OutPorts = 1>
ST_6 : Operation 101 [2/2] (1.80ns)   --->   "%call_ln334 = call void @rdc_mont.129_Pipeline_VITIS_LOOP_340_5, i3 %trunc_ln334, i64 %v_65_load_3, i64 %u_load, i6 %tmp, i64 %mc, i32 %sub65, i3 %trunc_ln334_22, i64 %v_124_loc, i64 %u_47_loc, i64 %t_35_loc, i64 %p503p1_1" [src/generic/fp_generic.cpp:334]   --->   Operation 101 'call' 'call_ln334' <Predicate = (!icmp_ln334)> <Delay = 1.80> <CoreType = "Generic">   --->   Generic Core
ST_6 : Operation 102 [1/1] (0.70ns)   --->   "%add_ln334 = add i4 %i_32, i4 1" [src/generic/fp_generic.cpp:334]   --->   Operation 102 'add' 'add_ln334' <Predicate = (!icmp_ln334)> <Delay = 0.70> <CoreInst = "Adder">   --->   Core 1 'Adder' <Latency = 0> <II = 1> <Delay = 0.70> <FuncUnit> <Opcode : 'add' 'sub'> <InPorts = 2> <OutPorts = 1>
ST_6 : Operation 103 [1/1] (0.70ns)   --->   "%add_ln334_7 = add i4 %indvars_iv_load, i4 1" [src/generic/fp_generic.cpp:334]   --->   Operation 103 'add' 'add_ln334_7' <Predicate = (!icmp_ln334)> <Delay = 0.70> <CoreInst = "Adder">   --->   Core 1 'Adder' <Latency = 0> <II = 1> <Delay = 0.70> <FuncUnit> <Opcode : 'add' 'sub'> <InPorts = 2> <OutPorts = 1>
ST_6 : Operation 104 [1/1] (0.38ns)   --->   "%store_ln302 = store i4 %add_ln334, i4 %i_16" [src/generic/fp_generic.cpp:302]   --->   Operation 104 'store' 'store_ln302' <Predicate = (!icmp_ln334)> <Delay = 0.38>
ST_6 : Operation 105 [1/1] (0.38ns)   --->   "%store_ln334 = store i4 %add_ln334_7, i4 %indvars_iv" [src/generic/fp_generic.cpp:334]   --->   Operation 105 'store' 'store_ln334' <Predicate = (!icmp_ln334)> <Delay = 0.38>
ST_6 : Operation 106 [1/1] (0.38ns)   --->   "%store_ln302 = store i32 %count_13, i32 %count" [src/generic/fp_generic.cpp:302]   --->   Operation 106 'store' 'store_ln302' <Predicate = (!icmp_ln334)> <Delay = 0.38>
ST_6 : Operation 107 [1/1] (0.00ns)   --->   "%ma_addr = getelementptr i64 %ma, i64 0, i64 15" [src/generic/fp_generic.cpp:358]   --->   Operation 107 'getelementptr' 'ma_addr' <Predicate = (icmp_ln334)> <Delay = 0.00>
ST_6 : Operation 108 [2/2] (0.71ns)   --->   "%ma_load = load i4 %ma_addr" [src/generic/fp_generic.cpp:358]   --->   Operation 108 'load' 'ma_load' <Predicate = (icmp_ln334)> <Delay = 0.71> <CoreInst = "RAM">   --->   Core 82 'RAM' <Latency = 1> <II = 1> <Delay = 0.71> <Storage> <Opcode : 'load' 'store'> <Ports = 2> <Width = 64> <Depth = 16> <RAM>

State 7 <SV = 4> <Delay = 0.71>
ST_7 : Operation 109 [1/1] (0.00ns)   --->   "%zext_ln334 = zext i4 %i_32" [src/generic/fp_generic.cpp:334]   --->   Operation 109 'zext' 'zext_ln334' <Predicate = true> <Delay = 0.00>
ST_7 : Operation 110 [1/2] (0.00ns)   --->   "%call_ln334 = call void @rdc_mont.129_Pipeline_VITIS_LOOP_340_5, i3 %trunc_ln334, i64 %v_65_load_3, i64 %u_load, i6 %tmp, i64 %mc, i32 %sub65, i3 %trunc_ln334_22, i64 %v_124_loc, i64 %u_47_loc, i64 %t_35_loc, i64 %p503p1_1" [src/generic/fp_generic.cpp:334]   --->   Operation 110 'call' 'call_ln334' <Predicate = true> <Delay = 0.00> <CoreType = "Generic">   --->   Generic Core
ST_7 : Operation 111 [1/1] (0.00ns)   --->   "%ma_addr_4 = getelementptr i64 %ma, i64 0, i64 %zext_ln334" [src/generic/fp_generic.cpp:350]   --->   Operation 111 'getelementptr' 'ma_addr_4' <Predicate = true> <Delay = 0.00>
ST_7 : Operation 112 [2/2] (0.71ns)   --->   "%ma_load_4 = load i4 %ma_addr_4" [src/generic/fp_generic.cpp:350]   --->   Operation 112 'load' 'ma_load_4' <Predicate = true> <Delay = 0.71> <CoreInst = "RAM">   --->   Core 82 'RAM' <Latency = 1> <II = 1> <Delay = 0.71> <Storage> <Opcode : 'load' 'store'> <Ports = 2> <Width = 64> <Depth = 16> <RAM>

State 8 <SV = 5> <Delay = 4.54>
ST_8 : Operation 113 [1/1] (0.00ns)   --->   "%speclooptripcount_ln302 = speclooptripcount void @_ssdm_op_SpecLoopTripCount, i64 7, i64 7, i64 7" [src/generic/fp_generic.cpp:302]   --->   Operation 113 'speclooptripcount' 'speclooptripcount_ln302' <Predicate = true> <Delay = 0.00>
ST_8 : Operation 114 [1/1] (0.00ns)   --->   "%specloopname_ln334 = specloopname void @_ssdm_op_SpecLoopName, void @empty_32" [src/generic/fp_generic.cpp:334]   --->   Operation 114 'specloopname' 'specloopname_ln334' <Predicate = true> <Delay = 0.00>
ST_8 : Operation 115 [1/1] (0.00ns)   --->   "%v_124_loc_load = load i64 %v_124_loc"   --->   Operation 115 'load' 'v_124_loc_load' <Predicate = true> <Delay = 0.00>
ST_8 : Operation 116 [1/1] (0.00ns)   --->   "%u_47_loc_load = load i64 %u_47_loc"   --->   Operation 116 'load' 'u_47_loc_load' <Predicate = true> <Delay = 0.00>
ST_8 : Operation 117 [1/1] (0.00ns)   --->   "%t_35_loc_load = load i64 %t_35_loc"   --->   Operation 117 'load' 't_35_loc_load' <Predicate = true> <Delay = 0.00>
ST_8 : Operation 118 [1/2] ( I:0.71ns O:0.71ns )   --->   "%ma_load_4 = load i4 %ma_addr_4" [src/generic/fp_generic.cpp:350]   --->   Operation 118 'load' 'ma_load_4' <Predicate = true> <Delay = 0.71> <CoreInst = "RAM">   --->   Core 82 'RAM' <Latency = 1> <II = 1> <Delay = 0.71> <Storage> <Opcode : 'load' 'store'> <Ports = 2> <Width = 64> <Depth = 16> <RAM>
ST_8 : Operation 119 [1/1] (1.14ns)   --->   "%v_126 = add i64 %ma_load_4, i64 %v_124_loc_load" [src/generic/fp_generic.cpp:350]   --->   Operation 119 'add' 'v_126' <Predicate = true> <Delay = 1.14> <CoreInst = "Adder">   --->   Core 1 'Adder' <Latency = 0> <II = 1> <Delay = 1.14> <FuncUnit> <Opcode : 'add' 'sub'> <InPorts = 2> <OutPorts = 1>
ST_8 : Operation 120 [1/1] (0.00ns) (grouped into LUT with out node tempReg)   --->   "%xor_ln105_254 = xor i64 %v_124_loc_load, i64 %v_126" [src/config.h:105->src/generic/fp_generic.cpp:350]   --->   Operation 120 'xor' 'xor_ln105_254' <Predicate = true> <Delay = 0.00> <CoreInst = "LogicGate">   --->   Core 74 'LogicGate' <Latency = 0> <II = 1> <Delay = 0.28> <FuncUnit> <Opcode : 'and' 'or' 'xor'> <InPorts = 2> <OutPorts = 1>
ST_8 : Operation 121 [1/1] (0.00ns) (grouped into LUT with out node tempReg)   --->   "%xor_ln105_255 = xor i64 %ma_load_4, i64 %v_124_loc_load" [src/config.h:105->src/generic/fp_generic.cpp:350]   --->   Operation 121 'xor' 'xor_ln105_255' <Predicate = true> <Delay = 0.00> <CoreInst = "LogicGate">   --->   Core 74 'LogicGate' <Latency = 0> <II = 1> <Delay = 0.28> <FuncUnit> <Opcode : 'and' 'or' 'xor'> <InPorts = 2> <OutPorts = 1>
ST_8 : Operation 122 [1/1] (0.00ns) (grouped into LUT with out node tempReg)   --->   "%or_ln105_43 = or i64 %xor_ln105_255, i64 %xor_ln105_254" [src/config.h:105->src/generic/fp_generic.cpp:350]   --->   Operation 122 'or' 'or_ln105_43' <Predicate = true> <Delay = 0.00> <CoreInst = "LogicGate">   --->   Core 74 'LogicGate' <Latency = 0> <II = 1> <Delay = 0.28> <FuncUnit> <Opcode : 'and' 'or' 'xor'> <InPorts = 2> <OutPorts = 1>
ST_8 : Operation 123 [1/1] (0.00ns) (grouped into LUT with out node tempReg)   --->   "%xor_ln105_256 = xor i64 %or_ln105_43, i64 %v_126" [src/config.h:105->src/generic/fp_generic.cpp:350]   --->   Operation 123 'xor' 'xor_ln105_256' <Predicate = true> <Delay = 0.00> <CoreInst = "LogicGate">   --->   Core 74 'LogicGate' <Latency = 0> <II = 1> <Delay = 0.28> <FuncUnit> <Opcode : 'and' 'or' 'xor'> <InPorts = 2> <OutPorts = 1>
ST_8 : Operation 124 [1/1] (0.00ns) (grouped into LUT with out node tempReg)   --->   "%carry_70 = bitselect i1 @_ssdm_op_BitSelect.i1.i64.i32, i64 %xor_ln105_256, i32 63" [src/config.h:105->src/generic/fp_generic.cpp:350]   --->   Operation 124 'bitselect' 'carry_70' <Predicate = true> <Delay = 0.00>
ST_8 : Operation 125 [1/1] (0.00ns) (grouped into LUT with out node tempReg)   --->   "%zext_ln105_38 = zext i1 %carry_70" [src/config.h:105->src/generic/fp_generic.cpp:350]   --->   Operation 125 'zext' 'zext_ln105_38' <Predicate = true> <Delay = 0.00>
ST_8 : Operation 126 [1/1] (1.14ns) (out node of the LUT)   --->   "%tempReg = add i64 %u_47_loc_load, i64 %zext_ln105_38" [src/generic/fp_generic.cpp:351]   --->   Operation 126 'add' 'tempReg' <Predicate = true> <Delay = 1.14> <CoreInst = "Adder">   --->   Core 1 'Adder' <Latency = 0> <II = 1> <Delay = 1.14> <FuncUnit> <Opcode : 'add' 'sub'> <InPorts = 2> <OutPorts = 1>
ST_8 : Operation 127 [1/1] (0.00ns) (grouped into LUT with out node t)   --->   "%bit_sel7 = bitselect i1 @_ssdm_op_BitSelect.i1.i64.i64, i64 %tempReg, i64 63" [src/config.h:105->src/generic/fp_generic.cpp:351]   --->   Operation 127 'bitselect' 'bit_sel7' <Predicate = true> <Delay = 0.00>
ST_8 : Operation 128 [1/1] (0.00ns) (grouped into LUT with out node t)   --->   "%xor_ln105_257 = xor i1 %bit_sel7, i1 1" [src/config.h:105->src/generic/fp_generic.cpp:351]   --->   Operation 128 'xor' 'xor_ln105_257' <Predicate = true> <Delay = 0.00> <CoreInst = "LogicGate">   --->   Core 74 'LogicGate' <Latency = 0> <II = 1> <Delay = 0.12> <FuncUnit> <Opcode : 'and' 'or' 'xor'> <InPorts = 2> <OutPorts = 1>
ST_8 : Operation 129 [1/1] (0.00ns) (grouped into LUT with out node t)   --->   "%trunc_ln105_13 = trunc i64 %tempReg" [src/config.h:105->src/generic/fp_generic.cpp:351]   --->   Operation 129 'trunc' 'trunc_ln105_13' <Predicate = true> <Delay = 0.00>
ST_8 : Operation 130 [1/1] (0.00ns) (grouped into LUT with out node t)   --->   "%xor_ln105_12 = bitconcatenate i64 @_ssdm_op_BitConcatenate.i64.i1.i63, i1 %xor_ln105_257, i63 %trunc_ln105_13" [src/config.h:105->src/generic/fp_generic.cpp:351]   --->   Operation 130 'bitconcatenate' 'xor_ln105_12' <Predicate = true> <Delay = 0.00>
ST_8 : Operation 131 [1/1] (0.00ns) (grouped into LUT with out node t)   --->   "%and_ln105_13 = and i64 %u_47_loc_load, i64 %xor_ln105_12" [src/config.h:105->src/generic/fp_generic.cpp:351]   --->   Operation 131 'and' 'and_ln105_13' <Predicate = true> <Delay = 0.00> <CoreInst = "LogicGate">   --->   Core 74 'LogicGate' <Latency = 0> <II = 1> <Delay = 0.28> <FuncUnit> <Opcode : 'and' 'or' 'xor'> <InPorts = 2> <OutPorts = 1>
ST_8 : Operation 132 [1/1] (0.00ns) (grouped into LUT with out node t)   --->   "%carry_71 = bitselect i1 @_ssdm_op_BitSelect.i1.i64.i32, i64 %and_ln105_13, i32 63" [src/config.h:105->src/generic/fp_generic.cpp:351]   --->   Operation 132 'bitselect' 'carry_71' <Predicate = true> <Delay = 0.00>
ST_8 : Operation 133 [1/1] (0.00ns) (grouped into LUT with out node t)   --->   "%zext_ln105_39 = zext i1 %carry_71" [src/config.h:105->src/generic/fp_generic.cpp:351]   --->   Operation 133 'zext' 'zext_ln105_39' <Predicate = true> <Delay = 0.00>
ST_8 : Operation 134 [1/1] (1.14ns) (out node of the LUT)   --->   "%t = add i64 %t_35_loc_load, i64 %zext_ln105_39" [src/generic/fp_generic.cpp:352]   --->   Operation 134 'add' 't' <Predicate = true> <Delay = 1.14> <CoreInst = "Adder">   --->   Core 1 'Adder' <Latency = 0> <II = 1> <Delay = 1.14> <FuncUnit> <Opcode : 'add' 'sub'> <InPorts = 2> <OutPorts = 1>
ST_8 : Operation 135 [1/1] (0.00ns)   --->   "%tmp_5 = bitconcatenate i6 @_ssdm_op_BitConcatenate.i6.i3.i3, i3 %empty, i3 %trunc_ln334_22" [src/generic/fp_generic.cpp:353]   --->   Operation 135 'bitconcatenate' 'tmp_5' <Predicate = true> <Delay = 0.00>
ST_8 : Operation 136 [1/1] (0.00ns)   --->   "%zext_ln353 = zext i6 %tmp_5" [src/generic/fp_generic.cpp:353]   --->   Operation 136 'zext' 'zext_ln353' <Predicate = true> <Delay = 0.00>
ST_8 : Operation 137 [1/1] (0.00ns)   --->   "%mc_addr_16 = getelementptr i64 %mc, i64 0, i64 %zext_ln353" [src/generic/fp_generic.cpp:353]   --->   Operation 137 'getelementptr' 'mc_addr_16' <Predicate = true> <Delay = 0.00>
ST_8 : Operation 138 [1/1] ( I:0.71ns O:0.71ns )   --->   "%store_ln353 = store i64 %v_126, i6 %mc_addr_16" [src/generic/fp_generic.cpp:353]   --->   Operation 138 'store' 'store_ln353' <Predicate = true> <Delay = 0.71> <CoreInst = "RAM_1P">   --->   Core 87 'RAM_1P' <Latency = 1> <II = 1> <Delay = 0.71> <Storage> <Opcode : 'load' 'store'> <Ports = 1> <Width = 64> <Depth = 56> <RAM>
ST_8 : Operation 139 [1/1] (0.38ns)   --->   "%store_ln303 = store i64 %tempReg, i64 %v_65" [src/generic/fp_generic.cpp:303]   --->   Operation 139 'store' 'store_ln303' <Predicate = true> <Delay = 0.38>
ST_8 : Operation 140 [1/1] (0.38ns)   --->   "%store_ln303 = store i64 %t, i64 %u" [src/generic/fp_generic.cpp:303]   --->   Operation 140 'store' 'store_ln303' <Predicate = true> <Delay = 0.38>
ST_8 : Operation 141 [1/1] (0.00ns)   --->   "%br_ln334 = br void %for.body56" [src/generic/fp_generic.cpp:334]   --->   Operation 141 'br' 'br_ln334' <Predicate = true> <Delay = 0.00>

State 9 <SV = 4> <Delay = 2.57>
ST_9 : Operation 142 [1/1] (0.00ns)   --->   "%v_65_load = load i64 %v_65" [src/generic/fp_generic.cpp:358]   --->   Operation 142 'load' 'v_65_load' <Predicate = true> <Delay = 0.00>
ST_9 : Operation 143 [1/2] ( I:0.71ns O:0.71ns )   --->   "%ma_load = load i4 %ma_addr" [src/generic/fp_generic.cpp:358]   --->   Operation 143 'load' 'ma_load' <Predicate = true> <Delay = 0.71> <CoreInst = "RAM">   --->   Core 82 'RAM' <Latency = 1> <II = 1> <Delay = 0.71> <Storage> <Opcode : 'load' 'store'> <Ports = 2> <Width = 64> <Depth = 16> <RAM>
ST_9 : Operation 144 [1/1] (1.14ns)   --->   "%v = add i64 %ma_load, i64 %v_65_load" [src/generic/fp_generic.cpp:358]   --->   Operation 144 'add' 'v' <Predicate = true> <Delay = 1.14> <CoreInst = "Adder">   --->   Core 1 'Adder' <Latency = 0> <II = 1> <Delay = 1.14> <FuncUnit> <Opcode : 'add' 'sub'> <InPorts = 2> <OutPorts = 1>
ST_9 : Operation 145 [1/1] ( I:0.71ns O:0.71ns )   --->   "%store_ln359 = store i64 %v, i6 %mc_addr" [src/generic/fp_generic.cpp:359]   --->   Operation 145 'store' 'store_ln359' <Predicate = true> <Delay = 0.71> <CoreInst = "RAM_1P">   --->   Core 87 'RAM_1P' <Latency = 1> <II = 1> <Delay = 0.71> <Storage> <Opcode : 'load' 'store'> <Ports = 1> <Width = 64> <Depth = 56> <RAM>
ST_9 : Operation 146 [1/1] (0.00ns)   --->   "%ret_ln360 = ret" [src/generic/fp_generic.cpp:360]   --->   Operation 146 'ret' 'ret_ln360' <Predicate = true> <Delay = 0.00>


============================================================
+ Verbose Summary: Binding
============================================================
STG Binding: 
---------------- STG Properties BEGIN ----------------
- Is combinational: 0
- Is one-state seq: 0
- Is datapath-only: 0
- Is pipelined: 0
- Is top level: 0
Port [ Return ] is wired: 1; IO mode=ap_ctrl_hs:ce=0
Port [ ma]:  wired=1; compound=1; hidden=0; nouse=0; global=0; static=0; extern=0; dir=0; type=1; pingpong=0; private_global=0; MemPort=[13]; IO mode=ap_memory:ce=0
Port [ mc]:  wired=1; compound=1; hidden=0; nouse=0; global=0; static=0; extern=0; dir=2; type=1; pingpong=0; private_global=0; MemPort=[2]; IO mode=ap_memory:ce=0
Port [ mc_offset]:  wired=1; compound=0; hidden=0; nouse=0; global=0; static=0; extern=0; dir=0; type=0; pingpong=0; private_global=0; IO mode=ap_none:ce=0
Port [ p503p1_1]:  wired=0; compound=1; hidden=1; nouse=1; global=1; static=1; extern=0; dir=0; type=1; pingpong=0; private_global=0; MemPort=[1]; IO mode=ap_memory:ce=0
---------------- STG Properties END ------------------

---------------- Datapath Model BEGIN ----------------

<LifeTime>
<method=bitvector/>
i_15                    (alloca           ) [ 0111110000]
u_025                   (alloca           ) [ 0111110000]
v_026                   (alloca           ) [ 0111110000]
mc_offset_read          (read             ) [ 0000000000]
empty                   (trunc            ) [ 0011111110]
t_35_loc                (alloca           ) [ 0011111110]
u_47_loc                (alloca           ) [ 0011111110]
v_124_loc               (alloca           ) [ 0011111110]
t_loc                   (alloca           ) [ 0011110000]
u_62_loc                (alloca           ) [ 0011110000]
v_120_loc               (alloca           ) [ 0011110000]
tmp                     (bitconcatenate   ) [ 0011111110]
store_ln303             (store            ) [ 0000000000]
store_ln303             (store            ) [ 0000000000]
store_ln302             (store            ) [ 0000000000]
tmp_s                   (bitconcatenate   ) [ 0000000000]
zext_ln359              (zext             ) [ 0000000000]
mc_addr                 (getelementptr    ) [ 0001111111]
specmemcore_ln0         (specmemcore      ) [ 0000000000]
call_ln308              (call             ) [ 0000000000]
br_ln312                (br               ) [ 0000000000]
i                       (load             ) [ 0000100000]
u_99                    (load             ) [ 0000100000]
v_123                   (load             ) [ 0000100000]
icmp_ln312              (icmp             ) [ 0001110000]
add_ln312               (add              ) [ 0000000000]
br_ln312                (br               ) [ 0000000000]
trunc_ln312             (trunc            ) [ 0000100000]
zext_ln314              (zext             ) [ 0000000000]
add_ln314               (add              ) [ 0000100000]
store_ln302             (store            ) [ 0000000000]
count                   (alloca           ) [ 0001111110]
u                       (alloca           ) [ 0001111110]
v_65                    (alloca           ) [ 0001111111]
indvars_iv              (alloca           ) [ 0001111110]
i_16                    (alloca           ) [ 0001111110]
store_ln302             (store            ) [ 0000000000]
store_ln0               (store            ) [ 0000000000]
store_ln303             (store            ) [ 0000000000]
store_ln303             (store            ) [ 0000000000]
store_ln302             (store            ) [ 0000000000]
br_ln334                (br               ) [ 0000000000]
zext_ln312              (zext             ) [ 0000000000]
zext_ln327              (zext             ) [ 0000000000]
add_ln327               (add              ) [ 0000010000]
call_ln312              (call             ) [ 0000000000]
ma_addr_3               (getelementptr    ) [ 0000010000]
zext_ln327_5            (zext             ) [ 0000000000]
mc_addr_15              (getelementptr    ) [ 0000000000]
speclooptripcount_ln302 (speclooptripcount) [ 0000000000]
specloopname_ln312      (specloopname     ) [ 0000000000]
v_120_loc_load          (load             ) [ 0000000000]
u_62_loc_load           (load             ) [ 0000000000]
t_loc_load              (load             ) [ 0000000000]
ma_load_3               (load             ) [ 0000000000]
v_124                   (add              ) [ 0000000000]
xor_ln105               (xor              ) [ 0000000000]
xor_ln105_251           (xor              ) [ 0000000000]
or_ln105                (or               ) [ 0000000000]
xor_ln105_252           (xor              ) [ 0000000000]
carry                   (bitselect        ) [ 0000000000]
zext_ln105              (zext             ) [ 0000000000]
v_128                   (add              ) [ 0000000000]
bit_sel1                (bitselect        ) [ 0000000000]
xor_ln105_253           (xor              ) [ 0000000000]
trunc_ln105             (trunc            ) [ 0000000000]
xor_ln105_s             (bitconcatenate   ) [ 0000000000]
and_ln105               (and              ) [ 0000000000]
carry_69                (bitselect        ) [ 0000000000]
zext_ln105_37           (zext             ) [ 0000000000]
u_104                   (add              ) [ 0000000000]
store_ln327             (store            ) [ 0000000000]
store_ln303             (store            ) [ 0000000000]
store_ln303             (store            ) [ 0000000000]
br_ln312                (br               ) [ 0000000000]
i_32                    (load             ) [ 0000000100]
icmp_ln334              (icmp             ) [ 0000001110]
br_ln334                (br               ) [ 0000000000]
count_load              (load             ) [ 0000000000]
u_load                  (load             ) [ 0000000100]
v_65_load_3             (load             ) [ 0000000100]
indvars_iv_load         (load             ) [ 0000000000]
trunc_ln334             (trunc            ) [ 0000000100]
trunc_ln334_22          (trunc            ) [ 0000000110]
icmp_ln336              (icmp             ) [ 0000000000]
add_ln338               (add              ) [ 0000000000]
count_13                (select           ) [ 0000000000]
sub65                   (sub              ) [ 0000000100]
add_ln334               (add              ) [ 0000000000]
add_ln334_7             (add              ) [ 0000000000]
store_ln302             (store            ) [ 0000000000]
store_ln334             (store            ) [ 0000000000]
store_ln302             (store            ) [ 0000000000]
ma_addr                 (getelementptr    ) [ 0000000001]
zext_ln334              (zext             ) [ 0000000000]
call_ln334              (call             ) [ 0000000000]
ma_addr_4               (getelementptr    ) [ 0000000010]
speclooptripcount_ln302 (speclooptripcount) [ 0000000000]
specloopname_ln334      (specloopname     ) [ 0000000000]
v_124_loc_load          (load             ) [ 0000000000]
u_47_loc_load           (load             ) [ 0000000000]
t_35_loc_load           (load             ) [ 0000000000]
ma_load_4               (load             ) [ 0000000000]
v_126                   (add              ) [ 0000000000]
xor_ln105_254           (xor              ) [ 0000000000]
xor_ln105_255           (xor              ) [ 0000000000]
or_ln105_43             (or               ) [ 0000000000]
xor_ln105_256           (xor              ) [ 0000000000]
carry_70                (bitselect        ) [ 0000000000]
zext_ln105_38           (zext             ) [ 0000000000]
tempReg                 (add              ) [ 0000000000]
bit_sel7                (bitselect        ) [ 0000000000]
xor_ln105_257           (xor              ) [ 0000000000]
trunc_ln105_13          (trunc            ) [ 0000000000]
xor_ln105_12            (bitconcatenate   ) [ 0000000000]
and_ln105_13            (and              ) [ 0000000000]
carry_71                (bitselect        ) [ 0000000000]
zext_ln105_39           (zext             ) [ 0000000000]
t                       (add              ) [ 0000000000]
tmp_5                   (bitconcatenate   ) [ 0000000000]
zext_ln353              (zext             ) [ 0000000000]
mc_addr_16              (getelementptr    ) [ 0000000000]
store_ln353             (store            ) [ 0000000000]
store_ln303             (store            ) [ 0000000000]
store_ln303             (store            ) [ 0000000000]
br_ln334                (br               ) [ 0000000000]
v_65_load               (load             ) [ 0000000000]
ma_load                 (load             ) [ 0000000000]
v                       (add              ) [ 0000000000]
store_ln359             (store            ) [ 0000000000]
ret_ln360               (ret              ) [ 0000000000]
</LifeTime>

<model>

<comp_list>
<comp id="0" class="1000" name="ma">
<pin_list>
<pin id="1" dir="1" index="0" bw="1" slack="0"/>
</pin_list>
<bind>
<StgValue><ssdm name="ma"/><MemPortTyVec>1 3 </MemPortTyVec>
</StgValue>
</bind>
</comp>

<comp id="2" class="1000" name="mc">
<pin_list>
<pin id="3" dir="1" index="0" bw="1" slack="0"/>
</pin_list>
<bind>
<StgValue><ssdm name="mc"/><MemPortTyVec>2 </MemPortTyVec>
</StgValue>
</bind>
</comp>

<comp id="4" class="1000" name="mc_offset">
<pin_list>
<pin id="5" dir="1" index="0" bw="1" slack="0"/>
</pin_list>
<bind>
<StgValue><ssdm name="mc_offset"/></StgValue>
</bind>
</comp>

<comp id="6" class="1000" name="p503p1_1">
<pin_list>
<pin id="7" dir="1" index="0" bw="1" slack="0"/>
</pin_list>
<bind>
<StgValue><ssdm name="p503p1_1"/><MemPortTyVec>1 </MemPortTyVec>
</StgValue>
</bind>
</comp>

<comp id="8" class="1001" name="const_8">
<pin_list>
<pin id="9" dir="1" index="0" bw="1" slack="0"/>
</pin_list>
<bind>
<StgValue><ssdm name=""/></StgValue>
</bind>
</comp>

<comp id="10" class="1001" name="const_10">
<pin_list>
<pin id="11" dir="1" index="0" bw="1" slack="0"/>
</pin_list>
<bind>
<StgValue><ssdm name="_ssdm_op_Read.ap_auto.i32"/></StgValue>
</bind>
</comp>

<comp id="12" class="1001" name="const_12">
<pin_list>
<pin id="13" dir="1" index="0" bw="1" slack="0"/>
</pin_list>
<bind>
<StgValue><ssdm name=""/></StgValue>
</bind>
</comp>

<comp id="14" class="1001" name="const_14">
<pin_list>
<pin id="15" dir="1" index="0" bw="1" slack="0"/>
</pin_list>
<bind>
<StgValue><ssdm name="_ssdm_op_BitConcatenate.i6.i3.i3"/></StgValue>
</bind>
</comp>

<comp id="16" class="1001" name="const_16">
<pin_list>
<pin id="17" dir="1" index="0" bw="1" slack="0"/>
</pin_list>
<bind>
<StgValue><ssdm name=""/></StgValue>
</bind>
</comp>

<comp id="18" class="1001" name="const_18">
<pin_list>
<pin id="19" dir="1" index="0" bw="1" slack="0"/>
</pin_list>
<bind>
<StgValue><ssdm name="rdc_mont.129_Pipeline_VITIS_LOOP_306_1"/></StgValue>
</bind>
</comp>

<comp id="20" class="1001" name="const_20">
<pin_list>
<pin id="21" dir="1" index="0" bw="1" slack="0"/>
</pin_list>
<bind>
<StgValue><ssdm name=""/></StgValue>
</bind>
</comp>

<comp id="22" class="1001" name="const_22">
<pin_list>
<pin id="23" dir="1" index="0" bw="1" slack="0"/>
</pin_list>
<bind>
<StgValue><ssdm name=""/></StgValue>
</bind>
</comp>

<comp id="24" class="1001" name="const_24">
<pin_list>
<pin id="25" dir="1" index="0" bw="1" slack="0"/>
</pin_list>
<bind>
<StgValue><ssdm name=""/></StgValue>
</bind>
</comp>

<comp id="26" class="1001" name="const_26">
<pin_list>
<pin id="27" dir="1" index="0" bw="1" slack="2147483647"/>
</pin_list>
<bind>
<StgValue><ssdm name="_ssdm_op_SpecMemCore"/></StgValue>
</bind>
</comp>

<comp id="28" class="1001" name="const_28">
<pin_list>
<pin id="29" dir="1" index="0" bw="1" slack="2147483647"/>
</pin_list>
<bind>
<StgValue><ssdm name=""/></StgValue>
</bind>
</comp>

<comp id="30" class="1001" name="const_30">
<pin_list>
<pin id="31" dir="1" index="0" bw="1" slack="2147483647"/>
</pin_list>
<bind>
<StgValue><ssdm name=""/></StgValue>
</bind>
</comp>

<comp id="32" class="1001" name="const_32">
<pin_list>
<pin id="33" dir="1" index="0" bw="1" slack="2147483647"/>
</pin_list>
<bind>
<StgValue><ssdm name=""/></StgValue>
</bind>
</comp>

<comp id="34" class="1001" name="const_34">
<pin_list>
<pin id="35" dir="1" index="0" bw="1" slack="0"/>
</pin_list>
<bind>
<StgValue><ssdm name=""/></StgValue>
</bind>
</comp>

<comp id="36" class="1001" name="const_36">
<pin_list>
<pin id="37" dir="1" index="0" bw="1" slack="0"/>
</pin_list>
<bind>
<StgValue><ssdm name=""/></StgValue>
</bind>
</comp>

<comp id="38" class="1001" name="const_38">
<pin_list>
<pin id="39" dir="1" index="0" bw="1" slack="0"/>
</pin_list>
<bind>
<StgValue><ssdm name=""/></StgValue>
</bind>
</comp>

<comp id="40" class="1001" name="const_40">
<pin_list>
<pin id="41" dir="1" index="0" bw="1" slack="0"/>
</pin_list>
<bind>
<StgValue><ssdm name="rdc_mont.129_Pipeline_VITIS_LOOP_314_3"/></StgValue>
</bind>
</comp>

<comp id="42" class="1001" name="const_42">
<pin_list>
<pin id="43" dir="1" index="0" bw="1" slack="0"/>
</pin_list>
<bind>
<StgValue><ssdm name=""/></StgValue>
</bind>
</comp>

<comp id="44" class="1001" name="const_44">
<pin_list>
<pin id="45" dir="1" index="0" bw="1" slack="2147483647"/>
</pin_list>
<bind>
<StgValue><ssdm name="_ssdm_op_SpecLoopTripCount"/></StgValue>
</bind>
</comp>

<comp id="46" class="1001" name="const_46">
<pin_list>
<pin id="47" dir="1" index="0" bw="1" slack="2147483647"/>
</pin_list>
<bind>
<StgValue><ssdm name=""/></StgValue>
</bind>
</comp>

<comp id="48" class="1001" name="const_48">
<pin_list>
<pin id="49" dir="1" index="0" bw="1" slack="2147483647"/>
</pin_list>
<bind>
<StgValue><ssdm name="_ssdm_op_SpecLoopName"/></StgValue>
</bind>
</comp>

<comp id="50" class="1001" name="const_50">
<pin_list>
<pin id="51" dir="1" index="0" bw="1" slack="2147483647"/>
</pin_list>
<bind>
<StgValue><ssdm name="empty_34"/></StgValue>
</bind>
</comp>

<comp id="52" class="1001" name="const_52">
<pin_list>
<pin id="53" dir="1" index="0" bw="1" slack="0"/>
</pin_list>
<bind>
<StgValue><ssdm name="_ssdm_op_BitSelect.i1.i64.i32"/></StgValue>
</bind>
</comp>

<comp id="54" class="1001" name="const_54">
<pin_list>
<pin id="55" dir="1" index="0" bw="1" slack="0"/>
</pin_list>
<bind>
<StgValue><ssdm name=""/></StgValue>
</bind>
</comp>

<comp id="56" class="1001" name="const_56">
<pin_list>
<pin id="57" dir="1" index="0" bw="1" slack="0"/>
</pin_list>
<bind>
<StgValue><ssdm name="_ssdm_op_BitSelect.i1.i64.i64"/></StgValue>
</bind>
</comp>

<comp id="58" class="1001" name="const_58">
<pin_list>
<pin id="59" dir="1" index="0" bw="1" slack="0"/>
</pin_list>
<bind>
<StgValue><ssdm name=""/></StgValue>
</bind>
</comp>

<comp id="60" class="1001" name="const_60">
<pin_list>
<pin id="61" dir="1" index="0" bw="1" slack="0"/>
</pin_list>
<bind>
<StgValue><ssdm name=""/></StgValue>
</bind>
</comp>

<comp id="62" class="1001" name="const_62">
<pin_list>
<pin id="63" dir="1" index="0" bw="1" slack="0"/>
</pin_list>
<bind>
<StgValue><ssdm name="_ssdm_op_BitConcatenate.i64.i1.i63"/></StgValue>
</bind>
</comp>

<comp id="64" class="1001" name="const_64">
<pin_list>
<pin id="65" dir="1" index="0" bw="1" slack="0"/>
</pin_list>
<bind>
<StgValue><ssdm name=""/></StgValue>
</bind>
</comp>

<comp id="66" class="1001" name="const_66">
<pin_list>
<pin id="67" dir="1" index="0" bw="1" slack="0"/>
</pin_list>
<bind>
<StgValue><ssdm name=""/></StgValue>
</bind>
</comp>

<comp id="68" class="1001" name="const_68">
<pin_list>
<pin id="69" dir="1" index="0" bw="1" slack="0"/>
</pin_list>
<bind>
<StgValue><ssdm name=""/></StgValue>
</bind>
</comp>

<comp id="70" class="1001" name="const_70">
<pin_list>
<pin id="71" dir="1" index="0" bw="1" slack="0"/>
</pin_list>
<bind>
<StgValue><ssdm name=""/></StgValue>
</bind>
</comp>

<comp id="72" class="1001" name="const_72">
<pin_list>
<pin id="73" dir="1" index="0" bw="1" slack="0"/>
</pin_list>
<bind>
<StgValue><ssdm name="rdc_mont.129_Pipeline_VITIS_LOOP_340_5"/></StgValue>
</bind>
</comp>

<comp id="74" class="1001" name="const_74">
<pin_list>
<pin id="75" dir="1" index="0" bw="1" slack="0"/>
</pin_list>
<bind>
<StgValue><ssdm name=""/></StgValue>
</bind>
</comp>

<comp id="76" class="1001" name="const_76">
<pin_list>
<pin id="77" dir="1" index="0" bw="1" slack="2147483647"/>
</pin_list>
<bind>
<StgValue><ssdm name=""/></StgValue>
</bind>
</comp>

<comp id="78" class="1001" name="const_78">
<pin_list>
<pin id="79" dir="1" index="0" bw="1" slack="2147483647"/>
</pin_list>
<bind>
<StgValue><ssdm name="empty_32"/></StgValue>
</bind>
</comp>

<comp id="80" class="1004" name="i_15_fu_80">
<pin_list>
<pin id="81" dir="0" index="0" bw="1" slack="0"/>
<pin id="82" dir="1" index="1" bw="4" slack="0"/>
</pin_list>
<bind>
<opcode="alloca(26) " fcode="alloca"/>
<opset="i_15/1 "/>
</bind>
</comp>

<comp id="84" class="1004" name="u_025_fu_84">
<pin_list>
<pin id="85" dir="0" index="0" bw="1" slack="0"/>
<pin id="86" dir="1" index="1" bw="64" slack="0"/>
</pin_list>
<bind>
<opcode="alloca(26) " fcode="alloca"/>
<opset="u_025/1 "/>
</bind>
</comp>

<comp id="88" class="1004" name="v_026_fu_88">
<pin_list>
<pin id="89" dir="0" index="0" bw="1" slack="0"/>
<pin id="90" dir="1" index="1" bw="64" slack="0"/>
</pin_list>
<bind>
<opcode="alloca(26) " fcode="alloca"/>
<opset="v_026/1 "/>
</bind>
</comp>

<comp id="92" class="1004" name="t_35_loc_fu_92">
<pin_list>
<pin id="93" dir="0" index="0" bw="1" slack="0"/>
<pin id="94" dir="1" index="1" bw="64" slack="3"/>
</pin_list>
<bind>
<opcode="alloca(26) " fcode="alloca"/>
<opset="t_35_loc/1 "/>
</bind>
</comp>

<comp id="96" class="1004" name="u_47_loc_fu_96">
<pin_list>
<pin id="97" dir="0" index="0" bw="1" slack="0"/>
<pin id="98" dir="1" index="1" bw="64" slack="3"/>
</pin_list>
<bind>
<opcode="alloca(26) " fcode="alloca"/>
<opset="u_47_loc/1 "/>
</bind>
</comp>

<comp id="100" class="1004" name="v_124_loc_fu_100">
<pin_list>
<pin id="101" dir="0" index="0" bw="1" slack="0"/>
<pin id="102" dir="1" index="1" bw="64" slack="3"/>
</pin_list>
<bind>
<opcode="alloca(26) " fcode="alloca"/>
<opset="v_124_loc/1 "/>
</bind>
</comp>

<comp id="104" class="1004" name="t_loc_fu_104">
<pin_list>
<pin id="105" dir="0" index="0" bw="1" slack="0"/>
<pin id="106" dir="1" index="1" bw="64" slack="2"/>
</pin_list>
<bind>
<opcode="alloca(26) " fcode="alloca"/>
<opset="t_loc/1 "/>
</bind>
</comp>

<comp id="108" class="1004" name="u_62_loc_fu_108">
<pin_list>
<pin id="109" dir="0" index="0" bw="1" slack="0"/>
<pin id="110" dir="1" index="1" bw="64" slack="2"/>
</pin_list>
<bind>
<opcode="alloca(26) " fcode="alloca"/>
<opset="u_62_loc/1 "/>
</bind>
</comp>

<comp id="112" class="1004" name="v_120_loc_fu_112">
<pin_list>
<pin id="113" dir="0" index="0" bw="1" slack="0"/>
<pin id="114" dir="1" index="1" bw="64" slack="2"/>
</pin_list>
<bind>
<opcode="alloca(26) " fcode="alloca"/>
<opset="v_120_loc/1 "/>
</bind>
</comp>

<comp id="116" class="1004" name="count_fu_116">
<pin_list>
<pin id="117" dir="0" index="0" bw="1" slack="0"/>
<pin id="118" dir="1" index="1" bw="32" slack="0"/>
</pin_list>
<bind>
<opcode="alloca(26) " fcode="alloca"/>
<opset="count/3 "/>
</bind>
</comp>

<comp id="120" class="1004" name="u_fu_120">
<pin_list>
<pin id="121" dir="0" index="0" bw="1" slack="0"/>
<pin id="122" dir="1" index="1" bw="64" slack="0"/>
</pin_list>
<bind>
<opcode="alloca(26) " fcode="alloca"/>
<opset="u/3 "/>
</bind>
</comp>

<comp id="124" class="1004" name="v_65_fu_124">
<pin_list>
<pin id="125" dir="0" index="0" bw="1" slack="0"/>
<pin id="126" dir="1" index="1" bw="64" slack="0"/>
</pin_list>
<bind>
<opcode="alloca(26) " fcode="alloca"/>
<opset="v_65/3 "/>
</bind>
</comp>

<comp id="128" class="1004" name="indvars_iv_fu_128">
<pin_list>
<pin id="129" dir="0" index="0" bw="1" slack="0"/>
<pin id="130" dir="1" index="1" bw="4" slack="0"/>
</pin_list>
<bind>
<opcode="alloca(26) " fcode="alloca"/>
<opset="indvars_iv/3 "/>
</bind>
</comp>

<comp id="132" class="1004" name="i_16_fu_132">
<pin_list>
<pin id="133" dir="0" index="0" bw="1" slack="0"/>
<pin id="134" dir="1" index="1" bw="4" slack="0"/>
</pin_list>
<bind>
<opcode="alloca(26) " fcode="alloca"/>
<opset="i_16/3 "/>
</bind>
</comp>

<comp id="136" class="1004" name="mc_offset_read_read_fu_136">
<pin_list>
<pin id="137" dir="0" index="0" bw="32" slack="0"/>
<pin id="138" dir="0" index="1" bw="32" slack="0"/>
<pin id="139" dir="1" index="2" bw="32" slack="0"/>
</pin_list>
<bind>
<opcode="read(1150) " fcode="read"/>
<opset="mc_offset_read/1 "/>
</bind>
</comp>

<comp id="142" class="1004" name="mc_addr_gep_fu_142">
<pin_list>
<pin id="143" dir="0" index="0" bw="64" slack="0"/>
<pin id="144" dir="0" index="1" bw="1" slack="0"/>
<pin id="145" dir="0" index="2" bw="6" slack="0"/>
<pin id="146" dir="1" index="3" bw="6" slack="3"/>
</pin_list>
<bind>
<opcode="getelementptr(29) " fcode="getelementptr"/>
<opset="mc_addr/2 "/>
</bind>
</comp>

<comp id="149" class="1004" name="ma_addr_3_gep_fu_149">
<pin_list>
<pin id="150" dir="0" index="0" bw="64" slack="0"/>
<pin id="151" dir="0" index="1" bw="1" slack="0"/>
<pin id="152" dir="0" index="2" bw="4" slack="0"/>
<pin id="153" dir="1" index="3" bw="4" slack="0"/>
</pin_list>
<bind>
<opcode="getelementptr(29) " fcode="getelementptr"/>
<opset="ma_addr_3/4 "/>
</bind>
</comp>

<comp id="156" class="1004" name="grp_access_fu_156">
<pin_list>
<pin id="157" dir="0" index="0" bw="4" slack="0"/>
<pin id="158" dir="0" index="1" bw="64" slack="2147483647"/>
<pin id="159" dir="0" index="2" bw="0" slack="2147483647"/>
<pin id="160" dir="1" index="3" bw="64" slack="0"/>
</pin_list>
<bind>
<opcode="load(27) " fcode="load"/>
<opset="ma_load_3/4 ma_load/6 ma_load_4/7 "/>
</bind>
</comp>

<comp id="162" class="1004" name="mc_addr_15_gep_fu_162">
<pin_list>
<pin id="163" dir="0" index="0" bw="64" slack="0"/>
<pin id="164" dir="0" index="1" bw="1" slack="0"/>
<pin id="165" dir="0" index="2" bw="6" slack="0"/>
<pin id="166" dir="1" index="3" bw="6" slack="0"/>
</pin_list>
<bind>
<opcode="getelementptr(29) " fcode="getelementptr"/>
<opset="mc_addr_15/5 "/>
</bind>
</comp>

<comp id="169" class="1004" name="grp_access_fu_169">
<pin_list>
<pin id="170" dir="0" index="0" bw="6" slack="0"/>
<pin id="171" dir="0" index="1" bw="64" slack="0"/>
<pin id="172" dir="0" index="2" bw="0" slack="2147483647"/>
<pin id="173" dir="1" index="3" bw="64" slack="2147483647"/>
</pin_list>
<bind>
<opcode="store(28) " fcode="store"/>
<opset="store_ln327/5 store_ln353/8 store_ln359/9 "/>
</bind>
</comp>

<comp id="175" class="1004" name="ma_addr_gep_fu_175">
<pin_list>
<pin id="176" dir="0" index="0" bw="64" slack="0"/>
<pin id="177" dir="0" index="1" bw="1" slack="0"/>
<pin id="178" dir="0" index="2" bw="5" slack="0"/>
<pin id="179" dir="1" index="3" bw="4" slack="0"/>
</pin_list>
<bind>
<opcode="getelementptr(29) " fcode="getelementptr"/>
<opset="ma_addr/6 "/>
</bind>
</comp>

<comp id="184" class="1004" name="ma_addr_4_gep_fu_184">
<pin_list>
<pin id="185" dir="0" index="0" bw="64" slack="0"/>
<pin id="186" dir="0" index="1" bw="1" slack="0"/>
<pin id="187" dir="0" index="2" bw="4" slack="0"/>
<pin id="188" dir="1" index="3" bw="4" slack="0"/>
</pin_list>
<bind>
<opcode="getelementptr(29) " fcode="getelementptr"/>
<opset="ma_addr_4/7 "/>
</bind>
</comp>

<comp id="192" class="1004" name="mc_addr_16_gep_fu_192">
<pin_list>
<pin id="193" dir="0" index="0" bw="64" slack="0"/>
<pin id="194" dir="0" index="1" bw="1" slack="0"/>
<pin id="195" dir="0" index="2" bw="6" slack="0"/>
<pin id="196" dir="1" index="3" bw="6" slack="0"/>
</pin_list>
<bind>
<opcode="getelementptr(29) " fcode="getelementptr"/>
<opset="mc_addr_16/8 "/>
</bind>
</comp>

<comp id="200" class="1004" name="grp_rdc_mont_129_Pipeline_VITIS_LOOP_306_1_fu_200">
<pin_list>
<pin id="201" dir="0" index="0" bw="0" slack="0"/>
<pin id="202" dir="0" index="1" bw="64" slack="0"/>
<pin id="203" dir="0" index="2" bw="6" slack="0"/>
<pin id="204" dir="1" index="3" bw="0" slack="2147483647"/>
</pin_list>
<bind>
<opcode="call(48) " fcode="call"/>
<opset="call_ln308/1 "/>
</bind>
</comp>

<comp id="207" class="1004" name="grp_rdc_mont_129_Pipeline_VITIS_LOOP_314_3_fu_207">
<pin_list>
<pin id="208" dir="0" index="0" bw="0" slack="0"/>
<pin id="209" dir="0" index="1" bw="64" slack="0"/>
<pin id="210" dir="0" index="2" bw="64" slack="0"/>
<pin id="211" dir="0" index="3" bw="3" slack="0"/>
<pin id="212" dir="0" index="4" bw="3" slack="2"/>
<pin id="213" dir="0" index="5" bw="64" slack="0"/>
<pin id="214" dir="0" index="6" bw="4" slack="0"/>
<pin id="215" dir="0" index="7" bw="3" slack="0"/>
<pin id="216" dir="0" index="8" bw="64" slack="2"/>
<pin id="217" dir="0" index="9" bw="64" slack="2"/>
<pin id="218" dir="0" index="10" bw="64" slack="2"/>
<pin id="219" dir="0" index="11" bw="64" slack="0"/>
<pin id="220" dir="1" index="12" bw="0" slack="2147483647"/>
</pin_list>
<bind>
<opcode="call(48) " fcode="call"/>
<opset="call_ln312/3 "/>
</bind>
</comp>

<comp id="224" class="1004" name="grp_rdc_mont_129_Pipeline_VITIS_LOOP_340_5_fu_224">
<pin_list>
<pin id="225" dir="0" index="0" bw="0" slack="0"/>
<pin id="226" dir="0" index="1" bw="3" slack="0"/>
<pin id="227" dir="0" index="2" bw="64" slack="0"/>
<pin id="228" dir="0" index="3" bw="64" slack="0"/>
<pin id="229" dir="0" index="4" bw="6" slack="3"/>
<pin id="230" dir="0" index="5" bw="64" slack="0"/>
<pin id="231" dir="0" index="6" bw="32" slack="0"/>
<pin id="232" dir="0" index="7" bw="3" slack="0"/>
<pin id="233" dir="0" index="8" bw="64" slack="3"/>
<pin id="234" dir="0" index="9" bw="64" slack="3"/>
<pin id="235" dir="0" index="10" bw="64" slack="3"/>
<pin id="236" dir="0" index="11" bw="64" slack="0"/>
<pin id="237" dir="1" index="12" bw="0" slack="2147483647"/>
</pin_list>
<bind>
<opcode="call(48) " fcode="call"/>
<opset="call_ln334/6 "/>
</bind>
</comp>

<comp id="241" class="1004" name="grp_load_fu_241">
<pin_list>
<pin id="242" dir="0" index="0" bw="64" slack="1"/>
<pin id="243" dir="1" index="1" bw="64" slack="0"/>
</pin_list>
<bind>
<opcode="load(27) " fcode="load"/>
<opset="v_65_load_3/6 v_65_load/9 "/>
</bind>
</comp>

<comp id="245" class="1004" name="empty_fu_245">
<pin_list>
<pin id="246" dir="0" index="0" bw="32" slack="0"/>
<pin id="247" dir="1" index="1" bw="3" slack="0"/>
</pin_list>
<bind>
<opcode="trunc(33) " fcode="trunc"/>
<opset="empty/1 "/>
</bind>
</comp>

<comp id="249" class="1004" name="tmp_fu_249">
<pin_list>
<pin id="250" dir="0" index="0" bw="6" slack="0"/>
<pin id="251" dir="0" index="1" bw="3" slack="0"/>
<pin id="252" dir="0" index="2" bw="1" slack="0"/>
<pin id="253" dir="1" index="3" bw="6" slack="0"/>
</pin_list>
<bind>
<opcode="bitconcatenate(1004) " fcode="bitconcatenate"/>
<opset="tmp/1 "/>
</bind>
</comp>

<comp id="258" class="1004" name="store_ln303_store_fu_258">
<pin_list>
<pin id="259" dir="0" index="0" bw="1" slack="0"/>
<pin id="260" dir="0" index="1" bw="64" slack="0"/>
<pin id="261" dir="1" index="2" bw="0" slack="2147483647"/>
</pin_list>
<bind>
<opcode="store(28) " fcode="store"/>
<opset="store_ln303/1 "/>
</bind>
</comp>

<comp id="263" class="1004" name="store_ln303_store_fu_263">
<pin_list>
<pin id="264" dir="0" index="0" bw="1" slack="0"/>
<pin id="265" dir="0" index="1" bw="64" slack="0"/>
<pin id="266" dir="1" index="2" bw="0" slack="2147483647"/>
</pin_list>
<bind>
<opcode="store(28) " fcode="store"/>
<opset="store_ln303/1 "/>
</bind>
</comp>

<comp id="268" class="1004" name="store_ln302_store_fu_268">
<pin_list>
<pin id="269" dir="0" index="0" bw="1" slack="0"/>
<pin id="270" dir="0" index="1" bw="4" slack="0"/>
<pin id="271" dir="1" index="2" bw="0" slack="2147483647"/>
</pin_list>
<bind>
<opcode="store(28) " fcode="store"/>
<opset="store_ln302/1 "/>
</bind>
</comp>

<comp id="273" class="1004" name="tmp_s_fu_273">
<pin_list>
<pin id="274" dir="0" index="0" bw="6" slack="0"/>
<pin id="275" dir="0" index="1" bw="3" slack="1"/>
<pin id="276" dir="0" index="2" bw="1" slack="0"/>
<pin id="277" dir="1" index="3" bw="6" slack="0"/>
</pin_list>
<bind>
<opcode="bitconcatenate(1004) " fcode="bitconcatenate"/>
<opset="tmp_s/2 "/>
</bind>
</comp>

<comp id="280" class="1004" name="zext_ln359_fu_280">
<pin_list>
<pin id="281" dir="0" index="0" bw="6" slack="0"/>
<pin id="282" dir="1" index="1" bw="64" slack="0"/>
</pin_list>
<bind>
<opcode="zext(34) " fcode="zext"/>
<opset="zext_ln359/2 "/>
</bind>
</comp>

<comp id="285" class="1004" name="i_load_fu_285">
<pin_list>
<pin id="286" dir="0" index="0" bw="4" slack="2"/>
<pin id="287" dir="1" index="1" bw="4" slack="0"/>
</pin_list>
<bind>
<opcode="load(27) " fcode="load"/>
<opset="i/3 "/>
</bind>
</comp>

<comp id="288" class="1004" name="u_99_load_fu_288">
<pin_list>
<pin id="289" dir="0" index="0" bw="64" slack="2"/>
<pin id="290" dir="1" index="1" bw="64" slack="0"/>
</pin_list>
<bind>
<opcode="load(27) " fcode="load"/>
<opset="u_99/3 "/>
</bind>
</comp>

<comp id="292" class="1004" name="v_123_load_fu_292">
<pin_list>
<pin id="293" dir="0" index="0" bw="64" slack="2"/>
<pin id="294" dir="1" index="1" bw="64" slack="0"/>
</pin_list>
<bind>
<opcode="load(27) " fcode="load"/>
<opset="v_123/3 "/>
</bind>
</comp>

<comp id="296" class="1004" name="icmp_ln312_fu_296">
<pin_list>
<pin id="297" dir="0" index="0" bw="4" slack="0"/>
<pin id="298" dir="0" index="1" bw="4" slack="0"/>
<pin id="299" dir="1" index="2" bw="1" slack="2147483647"/>
</pin_list>
<bind>
<opcode="icmp(45) " fcode="icmp"/>
<opset="icmp_ln312/3 "/>
</bind>
</comp>

<comp id="302" class="1004" name="add_ln312_fu_302">
<pin_list>
<pin id="303" dir="0" index="0" bw="4" slack="0"/>
<pin id="304" dir="0" index="1" bw="1" slack="0"/>
<pin id="305" dir="1" index="2" bw="4" slack="0"/>
</pin_list>
<bind>
<opcode="add(8) " fcode="add"/>
<opset="add_ln312/3 "/>
</bind>
</comp>

<comp id="308" class="1004" name="trunc_ln312_fu_308">
<pin_list>
<pin id="309" dir="0" index="0" bw="4" slack="0"/>
<pin id="310" dir="1" index="1" bw="3" slack="0"/>
</pin_list>
<bind>
<opcode="trunc(33) " fcode="trunc"/>
<opset="trunc_ln312/3 "/>
</bind>
</comp>

<comp id="314" class="1004" name="zext_ln314_fu_314">
<pin_list>
<pin id="315" dir="0" index="0" bw="3" slack="0"/>
<pin id="316" dir="1" index="1" bw="4" slack="0"/>
</pin_list>
<bind>
<opcode="zext(34) " fcode="zext"/>
<opset="zext_ln314/3 "/>
</bind>
</comp>

<comp id="318" class="1004" name="add_ln314_fu_318">
<pin_list>
<pin id="319" dir="0" index="0" bw="3" slack="0"/>
<pin id="320" dir="0" index="1" bw="2" slack="0"/>
<pin id="321" dir="1" index="2" bw="4" slack="0"/>
</pin_list>
<bind>
<opcode="add(8) " fcode="add"/>
<opset="add_ln314/3 "/>
</bind>
</comp>

<comp id="325" class="1004" name="store_ln302_store_fu_325">
<pin_list>
<pin id="326" dir="0" index="0" bw="4" slack="0"/>
<pin id="327" dir="0" index="1" bw="4" slack="2"/>
<pin id="328" dir="1" index="2" bw="0" slack="2147483647"/>
</pin_list>
<bind>
<opcode="store(28) " fcode="store"/>
<opset="store_ln302/3 "/>
</bind>
</comp>

<comp id="330" class="1004" name="store_ln302_store_fu_330">
<pin_list>
<pin id="331" dir="0" index="0" bw="4" slack="0"/>
<pin id="332" dir="0" index="1" bw="4" slack="0"/>
<pin id="333" dir="1" index="2" bw="0" slack="2147483647"/>
</pin_list>
<bind>
<opcode="store(28) " fcode="store"/>
<opset="store_ln302/3 "/>
</bind>
</comp>

<comp id="335" class="1004" name="store_ln0_store_fu_335">
<pin_list>
<pin id="336" dir="0" index="0" bw="1" slack="0"/>
<pin id="337" dir="0" index="1" bw="4" slack="0"/>
<pin id="338" dir="1" index="2" bw="0" slack="2147483647"/>
</pin_list>
<bind>
<opcode="store(28) " fcode="store"/>
<opset="store_ln0/3 "/>
</bind>
</comp>

<comp id="340" class="1004" name="store_ln303_store_fu_340">
<pin_list>
<pin id="341" dir="0" index="0" bw="64" slack="0"/>
<pin id="342" dir="0" index="1" bw="64" slack="0"/>
<pin id="343" dir="1" index="2" bw="0" slack="2147483647"/>
</pin_list>
<bind>
<opcode="store(28) " fcode="store"/>
<opset="store_ln303/3 "/>
</bind>
</comp>

<comp id="345" class="1004" name="store_ln303_store_fu_345">
<pin_list>
<pin id="346" dir="0" index="0" bw="64" slack="0"/>
<pin id="347" dir="0" index="1" bw="64" slack="0"/>
<pin id="348" dir="1" index="2" bw="0" slack="2147483647"/>
</pin_list>
<bind>
<opcode="store(28) " fcode="store"/>
<opset="store_ln303/3 "/>
</bind>
</comp>

<comp id="350" class="1004" name="store_ln302_store_fu_350">
<pin_list>
<pin id="351" dir="0" index="0" bw="3" slack="0"/>
<pin id="352" dir="0" index="1" bw="32" slack="0"/>
<pin id="353" dir="1" index="2" bw="0" slack="2147483647"/>
</pin_list>
<bind>
<opcode="store(28) " fcode="store"/>
<opset="store_ln302/3 "/>
</bind>
</comp>

<comp id="355" class="1004" name="zext_ln312_fu_355">
<pin_list>
<pin id="356" dir="0" index="0" bw="4" slack="1"/>
<pin id="357" dir="1" index="1" bw="64" slack="0"/>
</pin_list>
<bind>
<opcode="zext(34) " fcode="zext"/>
<opset="zext_ln312/4 "/>
</bind>
</comp>

<comp id="359" class="1004" name="zext_ln327_fu_359">
<pin_list>
<pin id="360" dir="0" index="0" bw="4" slack="1"/>
<pin id="361" dir="1" index="1" bw="6" slack="0"/>
</pin_list>
<bind>
<opcode="zext(34) " fcode="zext"/>
<opset="zext_ln327/4 "/>
</bind>
</comp>

<comp id="362" class="1004" name="add_ln327_fu_362">
<pin_list>
<pin id="363" dir="0" index="0" bw="6" slack="3"/>
<pin id="364" dir="0" index="1" bw="4" slack="0"/>
<pin id="365" dir="1" index="2" bw="6" slack="1"/>
</pin_list>
<bind>
<opcode="add(8) " fcode="add"/>
<opset="add_ln327/4 "/>
</bind>
</comp>

<comp id="367" class="1004" name="zext_ln327_5_fu_367">
<pin_list>
<pin id="368" dir="0" index="0" bw="6" slack="1"/>
<pin id="369" dir="1" index="1" bw="64" slack="0"/>
</pin_list>
<bind>
<opcode="zext(34) " fcode="zext"/>
<opset="zext_ln327_5/5 "/>
</bind>
</comp>

<comp id="371" class="1004" name="v_120_loc_load_load_fu_371">
<pin_list>
<pin id="372" dir="0" index="0" bw="64" slack="4"/>
<pin id="373" dir="1" index="1" bw="64" slack="0"/>
</pin_list>
<bind>
<opcode="load(27) " fcode="load"/>
<opset="v_120_loc_load/5 "/>
</bind>
</comp>

<comp id="374" class="1004" name="u_62_loc_load_load_fu_374">
<pin_list>
<pin id="375" dir="0" index="0" bw="64" slack="4"/>
<pin id="376" dir="1" index="1" bw="64" slack="0"/>
</pin_list>
<bind>
<opcode="load(27) " fcode="load"/>
<opset="u_62_loc_load/5 "/>
</bind>
</comp>

<comp id="377" class="1004" name="t_loc_load_load_fu_377">
<pin_list>
<pin id="378" dir="0" index="0" bw="64" slack="4"/>
<pin id="379" dir="1" index="1" bw="64" slack="0"/>
</pin_list>
<bind>
<opcode="load(27) " fcode="load"/>
<opset="t_loc_load/5 "/>
</bind>
</comp>

<comp id="380" class="1004" name="v_124_fu_380">
<pin_list>
<pin id="381" dir="0" index="0" bw="64" slack="0"/>
<pin id="382" dir="0" index="1" bw="64" slack="0"/>
<pin id="383" dir="1" index="2" bw="64" slack="0"/>
</pin_list>
<bind>
<opcode="add(8) " fcode="add"/>
<opset="v_124/5 "/>
</bind>
</comp>

<comp id="387" class="1004" name="xor_ln105_fu_387">
<pin_list>
<pin id="388" dir="0" index="0" bw="64" slack="0"/>
<pin id="389" dir="0" index="1" bw="64" slack="0"/>
<pin id="390" dir="1" index="2" bw="64" slack="0"/>
</pin_list>
<bind>
<opcode="xor(25) " fcode="xor"/>
<opset="xor_ln105/5 "/>
</bind>
</comp>

<comp id="393" class="1004" name="xor_ln105_251_fu_393">
<pin_list>
<pin id="394" dir="0" index="0" bw="64" slack="0"/>
<pin id="395" dir="0" index="1" bw="64" slack="0"/>
<pin id="396" dir="1" index="2" bw="64" slack="0"/>
</pin_list>
<bind>
<opcode="xor(25) " fcode="xor"/>
<opset="xor_ln105_251/5 "/>
</bind>
</comp>

<comp id="399" class="1004" name="or_ln105_fu_399">
<pin_list>
<pin id="400" dir="0" index="0" bw="64" slack="0"/>
<pin id="401" dir="0" index="1" bw="64" slack="0"/>
<pin id="402" dir="1" index="2" bw="64" slack="0"/>
</pin_list>
<bind>
<opcode="or(24) " fcode="or"/>
<opset="or_ln105/5 "/>
</bind>
</comp>

<comp id="405" class="1004" name="xor_ln105_252_fu_405">
<pin_list>
<pin id="406" dir="0" index="0" bw="64" slack="0"/>
<pin id="407" dir="0" index="1" bw="64" slack="0"/>
<pin id="408" dir="1" index="2" bw="64" slack="0"/>
</pin_list>
<bind>
<opcode="xor(25) " fcode="xor"/>
<opset="xor_ln105_252/5 "/>
</bind>
</comp>

<comp id="411" class="1004" name="carry_fu_411">
<pin_list>
<pin id="412" dir="0" index="0" bw="1" slack="0"/>
<pin id="413" dir="0" index="1" bw="64" slack="0"/>
<pin id="414" dir="0" index="2" bw="7" slack="0"/>
<pin id="415" dir="1" index="3" bw="1" slack="0"/>
</pin_list>
<bind>
<opcode="bitselect(1000) " fcode="bitselect"/>
<opset="carry/5 "/>
</bind>
</comp>

<comp id="419" class="1004" name="zext_ln105_fu_419">
<pin_list>
<pin id="420" dir="0" index="0" bw="1" slack="0"/>
<pin id="421" dir="1" index="1" bw="64" slack="0"/>
</pin_list>
<bind>
<opcode="zext(34) " fcode="zext"/>
<opset="zext_ln105/5 "/>
</bind>
</comp>

<comp id="423" class="1004" name="v_128_fu_423">
<pin_list>
<pin id="424" dir="0" index="0" bw="64" slack="0"/>
<pin id="425" dir="0" index="1" bw="1" slack="0"/>
<pin id="426" dir="1" index="2" bw="64" slack="0"/>
</pin_list>
<bind>
<opcode="add(8) " fcode="add"/>
<opset="v_128/5 "/>
</bind>
</comp>

<comp id="429" class="1004" name="bit_sel1_fu_429">
<pin_list>
<pin id="430" dir="0" index="0" bw="1" slack="0"/>
<pin id="431" dir="0" index="1" bw="64" slack="0"/>
<pin id="432" dir="0" index="2" bw="7" slack="0"/>
<pin id="433" dir="1" index="3" bw="1" slack="0"/>
</pin_list>
<bind>
<opcode="bitselect(1000) " fcode="bitselect"/>
<opset="bit_sel1/5 "/>
</bind>
</comp>

<comp id="437" class="1004" name="xor_ln105_253_fu_437">
<pin_list>
<pin id="438" dir="0" index="0" bw="1" slack="0"/>
<pin id="439" dir="0" index="1" bw="1" slack="0"/>
<pin id="440" dir="1" index="2" bw="1" slack="0"/>
</pin_list>
<bind>
<opcode="xor(25) " fcode="xor"/>
<opset="xor_ln105_253/5 "/>
</bind>
</comp>

<comp id="443" class="1004" name="trunc_ln105_fu_443">
<pin_list>
<pin id="444" dir="0" index="0" bw="64" slack="0"/>
<pin id="445" dir="1" index="1" bw="63" slack="0"/>
</pin_list>
<bind>
<opcode="trunc(33) " fcode="trunc"/>
<opset="trunc_ln105/5 "/>
</bind>
</comp>

<comp id="447" class="1004" name="xor_ln105_s_fu_447">
<pin_list>
<pin id="448" dir="0" index="0" bw="64" slack="0"/>
<pin id="449" dir="0" index="1" bw="1" slack="0"/>
<pin id="450" dir="0" index="2" bw="63" slack="0"/>
<pin id="451" dir="1" index="3" bw="64" slack="0"/>
</pin_list>
<bind>
<opcode="bitconcatenate(1004) " fcode="bitconcatenate"/>
<opset="xor_ln105_s/5 "/>
</bind>
</comp>

<comp id="455" class="1004" name="and_ln105_fu_455">
<pin_list>
<pin id="456" dir="0" index="0" bw="64" slack="0"/>
<pin id="457" dir="0" index="1" bw="64" slack="0"/>
<pin id="458" dir="1" index="2" bw="64" slack="0"/>
</pin_list>
<bind>
<opcode="and(23) " fcode="and"/>
<opset="and_ln105/5 "/>
</bind>
</comp>

<comp id="461" class="1004" name="carry_69_fu_461">
<pin_list>
<pin id="462" dir="0" index="0" bw="1" slack="0"/>
<pin id="463" dir="0" index="1" bw="64" slack="0"/>
<pin id="464" dir="0" index="2" bw="7" slack="0"/>
<pin id="465" dir="1" index="3" bw="1" slack="0"/>
</pin_list>
<bind>
<opcode="bitselect(1000) " fcode="bitselect"/>
<opset="carry_69/5 "/>
</bind>
</comp>

<comp id="469" class="1004" name="zext_ln105_37_fu_469">
<pin_list>
<pin id="470" dir="0" index="0" bw="1" slack="0"/>
<pin id="471" dir="1" index="1" bw="64" slack="0"/>
</pin_list>
<bind>
<opcode="zext(34) " fcode="zext"/>
<opset="zext_ln105_37/5 "/>
</bind>
</comp>

<comp id="473" class="1004" name="u_104_fu_473">
<pin_list>
<pin id="474" dir="0" index="0" bw="64" slack="0"/>
<pin id="475" dir="0" index="1" bw="1" slack="0"/>
<pin id="476" dir="1" index="2" bw="64" slack="0"/>
</pin_list>
<bind>
<opcode="add(8) " fcode="add"/>
<opset="u_104/5 "/>
</bind>
</comp>

<comp id="479" class="1004" name="store_ln303_store_fu_479">
<pin_list>
<pin id="480" dir="0" index="0" bw="64" slack="0"/>
<pin id="481" dir="0" index="1" bw="64" slack="4"/>
<pin id="482" dir="1" index="2" bw="0" slack="2147483647"/>
</pin_list>
<bind>
<opcode="store(28) " fcode="store"/>
<opset="store_ln303/5 "/>
</bind>
</comp>

<comp id="484" class="1004" name="store_ln303_store_fu_484">
<pin_list>
<pin id="485" dir="0" index="0" bw="64" slack="0"/>
<pin id="486" dir="0" index="1" bw="64" slack="4"/>
<pin id="487" dir="1" index="2" bw="0" slack="2147483647"/>
</pin_list>
<bind>
<opcode="store(28) " fcode="store"/>
<opset="store_ln303/5 "/>
</bind>
</comp>

<comp id="489" class="1004" name="i_32_load_fu_489">
<pin_list>
<pin id="490" dir="0" index="0" bw="4" slack="1"/>
<pin id="491" dir="1" index="1" bw="4" slack="0"/>
</pin_list>
<bind>
<opcode="load(27) " fcode="load"/>
<opset="i_32/6 "/>
</bind>
</comp>

<comp id="492" class="1004" name="icmp_ln334_fu_492">
<pin_list>
<pin id="493" dir="0" index="0" bw="4" slack="0"/>
<pin id="494" dir="0" index="1" bw="4" slack="0"/>
<pin id="495" dir="1" index="2" bw="1" slack="2147483647"/>
</pin_list>
<bind>
<opcode="icmp(45) " fcode="icmp"/>
<opset="icmp_ln334/6 "/>
</bind>
</comp>

<comp id="498" class="1004" name="count_load_load_fu_498">
<pin_list>
<pin id="499" dir="0" index="0" bw="32" slack="1"/>
<pin id="500" dir="1" index="1" bw="32" slack="0"/>
</pin_list>
<bind>
<opcode="load(27) " fcode="load"/>
<opset="count_load/6 "/>
</bind>
</comp>

<comp id="501" class="1004" name="u_load_load_fu_501">
<pin_list>
<pin id="502" dir="0" index="0" bw="64" slack="1"/>
<pin id="503" dir="1" index="1" bw="64" slack="0"/>
</pin_list>
<bind>
<opcode="load(27) " fcode="load"/>
<opset="u_load/6 "/>
</bind>
</comp>

<comp id="505" class="1004" name="indvars_iv_load_load_fu_505">
<pin_list>
<pin id="506" dir="0" index="0" bw="4" slack="1"/>
<pin id="507" dir="1" index="1" bw="4" slack="0"/>
</pin_list>
<bind>
<opcode="load(27) " fcode="load"/>
<opset="indvars_iv_load/6 "/>
</bind>
</comp>

<comp id="508" class="1004" name="trunc_ln334_fu_508">
<pin_list>
<pin id="509" dir="0" index="0" bw="4" slack="0"/>
<pin id="510" dir="1" index="1" bw="3" slack="0"/>
</pin_list>
<bind>
<opcode="trunc(33) " fcode="trunc"/>
<opset="trunc_ln334/6 "/>
</bind>
</comp>

<comp id="513" class="1004" name="trunc_ln334_22_fu_513">
<pin_list>
<pin id="514" dir="0" index="0" bw="4" slack="0"/>
<pin id="515" dir="1" index="1" bw="3" slack="0"/>
</pin_list>
<bind>
<opcode="trunc(33) " fcode="trunc"/>
<opset="trunc_ln334_22/6 "/>
</bind>
</comp>

<comp id="518" class="1004" name="icmp_ln336_fu_518">
<pin_list>
<pin id="519" dir="0" index="0" bw="32" slack="0"/>
<pin id="520" dir="0" index="1" bw="32" slack="0"/>
<pin id="521" dir="1" index="2" bw="1" slack="0"/>
</pin_list>
<bind>
<opcode="icmp(45) " fcode="icmp"/>
<opset="icmp_ln336/6 "/>
</bind>
</comp>

<comp id="524" class="1004" name="add_ln338_fu_524">
<pin_list>
<pin id="525" dir="0" index="0" bw="32" slack="0"/>
<pin id="526" dir="0" index="1" bw="1" slack="0"/>
<pin id="527" dir="1" index="2" bw="32" slack="0"/>
</pin_list>
<bind>
<opcode="add(8) " fcode="add"/>
<opset="add_ln338/6 "/>
</bind>
</comp>

<comp id="530" class="1004" name="count_13_fu_530">
<pin_list>
<pin id="531" dir="0" index="0" bw="1" slack="0"/>
<pin id="532" dir="0" index="1" bw="32" slack="0"/>
<pin id="533" dir="0" index="2" bw="32" slack="0"/>
<pin id="534" dir="1" index="3" bw="32" slack="0"/>
</pin_list>
<bind>
<opcode="select(49) " fcode="select"/>
<opset="count_13/6 "/>
</bind>
</comp>

<comp id="538" class="1004" name="sub65_fu_538">
<pin_list>
<pin id="539" dir="0" index="0" bw="5" slack="0"/>
<pin id="540" dir="0" index="1" bw="32" slack="0"/>
<pin id="541" dir="1" index="2" bw="32" slack="0"/>
</pin_list>
<bind>
<opcode="sub(10) " fcode="sub"/>
<opset="sub65/6 "/>
</bind>
</comp>

<comp id="545" class="1004" name="add_ln334_fu_545">
<pin_list>
<pin id="546" dir="0" index="0" bw="4" slack="0"/>
<pin id="547" dir="0" index="1" bw="1" slack="0"/>
<pin id="548" dir="1" index="2" bw="4" slack="0"/>
</pin_list>
<bind>
<opcode="add(8) " fcode="add"/>
<opset="add_ln334/6 "/>
</bind>
</comp>

<comp id="551" class="1004" name="add_ln334_7_fu_551">
<pin_list>
<pin id="552" dir="0" index="0" bw="4" slack="0"/>
<pin id="553" dir="0" index="1" bw="1" slack="0"/>
<pin id="554" dir="1" index="2" bw="4" slack="0"/>
</pin_list>
<bind>
<opcode="add(8) " fcode="add"/>
<opset="add_ln334_7/6 "/>
</bind>
</comp>

<comp id="557" class="1004" name="store_ln302_store_fu_557">
<pin_list>
<pin id="558" dir="0" index="0" bw="4" slack="0"/>
<pin id="559" dir="0" index="1" bw="4" slack="1"/>
<pin id="560" dir="1" index="2" bw="0" slack="2147483647"/>
</pin_list>
<bind>
<opcode="store(28) " fcode="store"/>
<opset="store_ln302/6 "/>
</bind>
</comp>

<comp id="562" class="1004" name="store_ln334_store_fu_562">
<pin_list>
<pin id="563" dir="0" index="0" bw="4" slack="0"/>
<pin id="564" dir="0" index="1" bw="4" slack="1"/>
<pin id="565" dir="1" index="2" bw="0" slack="2147483647"/>
</pin_list>
<bind>
<opcode="store(28) " fcode="store"/>
<opset="store_ln334/6 "/>
</bind>
</comp>

<comp id="567" class="1004" name="store_ln302_store_fu_567">
<pin_list>
<pin id="568" dir="0" index="0" bw="32" slack="0"/>
<pin id="569" dir="0" index="1" bw="32" slack="1"/>
<pin id="570" dir="1" index="2" bw="0" slack="2147483647"/>
</pin_list>
<bind>
<opcode="store(28) " fcode="store"/>
<opset="store_ln302/6 "/>
</bind>
</comp>

<comp id="572" class="1004" name="zext_ln334_fu_572">
<pin_list>
<pin id="573" dir="0" index="0" bw="4" slack="1"/>
<pin id="574" dir="1" index="1" bw="64" slack="0"/>
</pin_list>
<bind>
<opcode="zext(34) " fcode="zext"/>
<opset="zext_ln334/7 "/>
</bind>
</comp>

<comp id="576" class="1004" name="v_124_loc_load_load_fu_576">
<pin_list>
<pin id="577" dir="0" index="0" bw="64" slack="5"/>
<pin id="578" dir="1" index="1" bw="64" slack="0"/>
</pin_list>
<bind>
<opcode="load(27) " fcode="load"/>
<opset="v_124_loc_load/8 "/>
</bind>
</comp>

<comp id="579" class="1004" name="u_47_loc_load_load_fu_579">
<pin_list>
<pin id="580" dir="0" index="0" bw="64" slack="5"/>
<pin id="581" dir="1" index="1" bw="64" slack="0"/>
</pin_list>
<bind>
<opcode="load(27) " fcode="load"/>
<opset="u_47_loc_load/8 "/>
</bind>
</comp>

<comp id="582" class="1004" name="t_35_loc_load_load_fu_582">
<pin_list>
<pin id="583" dir="0" index="0" bw="64" slack="5"/>
<pin id="584" dir="1" index="1" bw="64" slack="0"/>
</pin_list>
<bind>
<opcode="load(27) " fcode="load"/>
<opset="t_35_loc_load/8 "/>
</bind>
</comp>

<comp id="585" class="1004" name="v_126_fu_585">
<pin_list>
<pin id="586" dir="0" index="0" bw="64" slack="0"/>
<pin id="587" dir="0" index="1" bw="64" slack="0"/>
<pin id="588" dir="1" index="2" bw="64" slack="0"/>
</pin_list>
<bind>
<opcode="add(8) " fcode="add"/>
<opset="v_126/8 "/>
</bind>
</comp>

<comp id="592" class="1004" name="xor_ln105_254_fu_592">
<pin_list>
<pin id="593" dir="0" index="0" bw="64" slack="0"/>
<pin id="594" dir="0" index="1" bw="64" slack="0"/>
<pin id="595" dir="1" index="2" bw="64" slack="0"/>
</pin_list>
<bind>
<opcode="xor(25) " fcode="xor"/>
<opset="xor_ln105_254/8 "/>
</bind>
</comp>

<comp id="598" class="1004" name="xor_ln105_255_fu_598">
<pin_list>
<pin id="599" dir="0" index="0" bw="64" slack="0"/>
<pin id="600" dir="0" index="1" bw="64" slack="0"/>
<pin id="601" dir="1" index="2" bw="64" slack="0"/>
</pin_list>
<bind>
<opcode="xor(25) " fcode="xor"/>
<opset="xor_ln105_255/8 "/>
</bind>
</comp>

<comp id="604" class="1004" name="or_ln105_43_fu_604">
<pin_list>
<pin id="605" dir="0" index="0" bw="64" slack="0"/>
<pin id="606" dir="0" index="1" bw="64" slack="0"/>
<pin id="607" dir="1" index="2" bw="64" slack="0"/>
</pin_list>
<bind>
<opcode="or(24) " fcode="or"/>
<opset="or_ln105_43/8 "/>
</bind>
</comp>

<comp id="610" class="1004" name="xor_ln105_256_fu_610">
<pin_list>
<pin id="611" dir="0" index="0" bw="64" slack="0"/>
<pin id="612" dir="0" index="1" bw="64" slack="0"/>
<pin id="613" dir="1" index="2" bw="64" slack="0"/>
</pin_list>
<bind>
<opcode="xor(25) " fcode="xor"/>
<opset="xor_ln105_256/8 "/>
</bind>
</comp>

<comp id="616" class="1004" name="carry_70_fu_616">
<pin_list>
<pin id="617" dir="0" index="0" bw="1" slack="0"/>
<pin id="618" dir="0" index="1" bw="64" slack="0"/>
<pin id="619" dir="0" index="2" bw="7" slack="0"/>
<pin id="620" dir="1" index="3" bw="1" slack="0"/>
</pin_list>
<bind>
<opcode="bitselect(1000) " fcode="bitselect"/>
<opset="carry_70/8 "/>
</bind>
</comp>

<comp id="624" class="1004" name="zext_ln105_38_fu_624">
<pin_list>
<pin id="625" dir="0" index="0" bw="1" slack="0"/>
<pin id="626" dir="1" index="1" bw="64" slack="0"/>
</pin_list>
<bind>
<opcode="zext(34) " fcode="zext"/>
<opset="zext_ln105_38/8 "/>
</bind>
</comp>

<comp id="628" class="1004" name="tempReg_fu_628">
<pin_list>
<pin id="629" dir="0" index="0" bw="64" slack="0"/>
<pin id="630" dir="0" index="1" bw="1" slack="0"/>
<pin id="631" dir="1" index="2" bw="64" slack="0"/>
</pin_list>
<bind>
<opcode="add(8) " fcode="add"/>
<opset="tempReg/8 "/>
</bind>
</comp>

<comp id="634" class="1004" name="bit_sel7_fu_634">
<pin_list>
<pin id="635" dir="0" index="0" bw="1" slack="0"/>
<pin id="636" dir="0" index="1" bw="64" slack="0"/>
<pin id="637" dir="0" index="2" bw="7" slack="0"/>
<pin id="638" dir="1" index="3" bw="1" slack="0"/>
</pin_list>
<bind>
<opcode="bitselect(1000) " fcode="bitselect"/>
<opset="bit_sel7/8 "/>
</bind>
</comp>

<comp id="642" class="1004" name="xor_ln105_257_fu_642">
<pin_list>
<pin id="643" dir="0" index="0" bw="1" slack="0"/>
<pin id="644" dir="0" index="1" bw="1" slack="0"/>
<pin id="645" dir="1" index="2" bw="1" slack="0"/>
</pin_list>
<bind>
<opcode="xor(25) " fcode="xor"/>
<opset="xor_ln105_257/8 "/>
</bind>
</comp>

<comp id="648" class="1004" name="trunc_ln105_13_fu_648">
<pin_list>
<pin id="649" dir="0" index="0" bw="64" slack="0"/>
<pin id="650" dir="1" index="1" bw="63" slack="0"/>
</pin_list>
<bind>
<opcode="trunc(33) " fcode="trunc"/>
<opset="trunc_ln105_13/8 "/>
</bind>
</comp>

<comp id="652" class="1004" name="xor_ln105_12_fu_652">
<pin_list>
<pin id="653" dir="0" index="0" bw="64" slack="0"/>
<pin id="654" dir="0" index="1" bw="1" slack="0"/>
<pin id="655" dir="0" index="2" bw="63" slack="0"/>
<pin id="656" dir="1" index="3" bw="64" slack="0"/>
</pin_list>
<bind>
<opcode="bitconcatenate(1004) " fcode="bitconcatenate"/>
<opset="xor_ln105_12/8 "/>
</bind>
</comp>

<comp id="660" class="1004" name="and_ln105_13_fu_660">
<pin_list>
<pin id="661" dir="0" index="0" bw="64" slack="0"/>
<pin id="662" dir="0" index="1" bw="64" slack="0"/>
<pin id="663" dir="1" index="2" bw="64" slack="0"/>
</pin_list>
<bind>
<opcode="and(23) " fcode="and"/>
<opset="and_ln105_13/8 "/>
</bind>
</comp>

<comp id="666" class="1004" name="carry_71_fu_666">
<pin_list>
<pin id="667" dir="0" index="0" bw="1" slack="0"/>
<pin id="668" dir="0" index="1" bw="64" slack="0"/>
<pin id="669" dir="0" index="2" bw="7" slack="0"/>
<pin id="670" dir="1" index="3" bw="1" slack="0"/>
</pin_list>
<bind>
<opcode="bitselect(1000) " fcode="bitselect"/>
<opset="carry_71/8 "/>
</bind>
</comp>

<comp id="674" class="1004" name="zext_ln105_39_fu_674">
<pin_list>
<pin id="675" dir="0" index="0" bw="1" slack="0"/>
<pin id="676" dir="1" index="1" bw="64" slack="0"/>
</pin_list>
<bind>
<opcode="zext(34) " fcode="zext"/>
<opset="zext_ln105_39/8 "/>
</bind>
</comp>

<comp id="678" class="1004" name="t_fu_678">
<pin_list>
<pin id="679" dir="0" index="0" bw="64" slack="0"/>
<pin id="680" dir="0" index="1" bw="1" slack="0"/>
<pin id="681" dir="1" index="2" bw="64" slack="0"/>
</pin_list>
<bind>
<opcode="add(8) " fcode="add"/>
<opset="t/8 "/>
</bind>
</comp>

<comp id="684" class="1004" name="tmp_5_fu_684">
<pin_list>
<pin id="685" dir="0" index="0" bw="6" slack="0"/>
<pin id="686" dir="0" index="1" bw="3" slack="5"/>
<pin id="687" dir="0" index="2" bw="3" slack="2"/>
<pin id="688" dir="1" index="3" bw="6" slack="0"/>
</pin_list>
<bind>
<opcode="bitconcatenate(1004) " fcode="bitconcatenate"/>
<opset="tmp_5/8 "/>
</bind>
</comp>

<comp id="690" class="1004" name="zext_ln353_fu_690">
<pin_list>
<pin id="691" dir="0" index="0" bw="6" slack="0"/>
<pin id="692" dir="1" index="1" bw="64" slack="0"/>
</pin_list>
<bind>
<opcode="zext(34) " fcode="zext"/>
<opset="zext_ln353/8 "/>
</bind>
</comp>

<comp id="695" class="1004" name="store_ln303_store_fu_695">
<pin_list>
<pin id="696" dir="0" index="0" bw="64" slack="0"/>
<pin id="697" dir="0" index="1" bw="64" slack="3"/>
<pin id="698" dir="1" index="2" bw="0" slack="2147483647"/>
</pin_list>
<bind>
<opcode="store(28) " fcode="store"/>
<opset="store_ln303/8 "/>
</bind>
</comp>

<comp id="700" class="1004" name="store_ln303_store_fu_700">
<pin_list>
<pin id="701" dir="0" index="0" bw="64" slack="0"/>
<pin id="702" dir="0" index="1" bw="64" slack="3"/>
<pin id="703" dir="1" index="2" bw="0" slack="2147483647"/>
</pin_list>
<bind>
<opcode="store(28) " fcode="store"/>
<opset="store_ln303/8 "/>
</bind>
</comp>

<comp id="705" class="1004" name="v_fu_705">
<pin_list>
<pin id="706" dir="0" index="0" bw="64" slack="0"/>
<pin id="707" dir="0" index="1" bw="64" slack="0"/>
<pin id="708" dir="1" index="2" bw="64" slack="0"/>
</pin_list>
<bind>
<opcode="add(8) " fcode="add"/>
<opset="v/9 "/>
</bind>
</comp>

<comp id="712" class="1005" name="i_15_reg_712">
<pin_list>
<pin id="713" dir="0" index="0" bw="4" slack="0"/>
<pin id="714" dir="1" index="1" bw="4" slack="0"/>
</pin_list>
<bind>
<opset="i_15 "/>
</bind>
</comp>

<comp id="719" class="1005" name="u_025_reg_719">
<pin_list>
<pin id="720" dir="0" index="0" bw="64" slack="0"/>
<pin id="721" dir="1" index="1" bw="64" slack="0"/>
</pin_list>
<bind>
<opset="u_025 "/>
</bind>
</comp>

<comp id="726" class="1005" name="v_026_reg_726">
<pin_list>
<pin id="727" dir="0" index="0" bw="64" slack="0"/>
<pin id="728" dir="1" index="1" bw="64" slack="0"/>
</pin_list>
<bind>
<opset="v_026 "/>
</bind>
</comp>

<comp id="733" class="1005" name="empty_reg_733">
<pin_list>
<pin id="734" dir="0" index="0" bw="3" slack="1"/>
<pin id="735" dir="1" index="1" bw="3" slack="1"/>
</pin_list>
<bind>
<opset="empty "/>
</bind>
</comp>

<comp id="740" class="1005" name="t_35_loc_reg_740">
<pin_list>
<pin id="741" dir="0" index="0" bw="64" slack="3"/>
<pin id="742" dir="1" index="1" bw="64" slack="3"/>
</pin_list>
<bind>
<opset="t_35_loc "/>
</bind>
</comp>

<comp id="746" class="1005" name="u_47_loc_reg_746">
<pin_list>
<pin id="747" dir="0" index="0" bw="64" slack="3"/>
<pin id="748" dir="1" index="1" bw="64" slack="3"/>
</pin_list>
<bind>
<opset="u_47_loc "/>
</bind>
</comp>

<comp id="752" class="1005" name="v_124_loc_reg_752">
<pin_list>
<pin id="753" dir="0" index="0" bw="64" slack="3"/>
<pin id="754" dir="1" index="1" bw="64" slack="3"/>
</pin_list>
<bind>
<opset="v_124_loc "/>
</bind>
</comp>

<comp id="758" class="1005" name="t_loc_reg_758">
<pin_list>
<pin id="759" dir="0" index="0" bw="64" slack="2"/>
<pin id="760" dir="1" index="1" bw="64" slack="2"/>
</pin_list>
<bind>
<opset="t_loc "/>
</bind>
</comp>

<comp id="764" class="1005" name="u_62_loc_reg_764">
<pin_list>
<pin id="765" dir="0" index="0" bw="64" slack="2"/>
<pin id="766" dir="1" index="1" bw="64" slack="2"/>
</pin_list>
<bind>
<opset="u_62_loc "/>
</bind>
</comp>

<comp id="770" class="1005" name="v_120_loc_reg_770">
<pin_list>
<pin id="771" dir="0" index="0" bw="64" slack="2"/>
<pin id="772" dir="1" index="1" bw="64" slack="2"/>
</pin_list>
<bind>
<opset="v_120_loc "/>
</bind>
</comp>

<comp id="776" class="1005" name="tmp_reg_776">
<pin_list>
<pin id="777" dir="0" index="0" bw="6" slack="1"/>
<pin id="778" dir="1" index="1" bw="6" slack="1"/>
</pin_list>
<bind>
<opset="tmp "/>
</bind>
</comp>

<comp id="783" class="1005" name="mc_addr_reg_783">
<pin_list>
<pin id="784" dir="0" index="0" bw="6" slack="3"/>
<pin id="785" dir="1" index="1" bw="6" slack="3"/>
</pin_list>
<bind>
<opset="mc_addr "/>
</bind>
</comp>

<comp id="788" class="1005" name="i_reg_788">
<pin_list>
<pin id="789" dir="0" index="0" bw="4" slack="1"/>
<pin id="790" dir="1" index="1" bw="4" slack="1"/>
</pin_list>
<bind>
<opset="i "/>
</bind>
</comp>

<comp id="803" class="1005" name="trunc_ln312_reg_803">
<pin_list>
<pin id="804" dir="0" index="0" bw="3" slack="1"/>
<pin id="805" dir="1" index="1" bw="3" slack="1"/>
</pin_list>
<bind>
<opset="trunc_ln312 "/>
</bind>
</comp>

<comp id="809" class="1005" name="add_ln314_reg_809">
<pin_list>
<pin id="810" dir="0" index="0" bw="4" slack="1"/>
<pin id="811" dir="1" index="1" bw="4" slack="1"/>
</pin_list>
<bind>
<opset="add_ln314 "/>
</bind>
</comp>

<comp id="814" class="1005" name="count_reg_814">
<pin_list>
<pin id="815" dir="0" index="0" bw="32" slack="0"/>
<pin id="816" dir="1" index="1" bw="32" slack="0"/>
</pin_list>
<bind>
<opset="count "/>
</bind>
</comp>

<comp id="821" class="1005" name="u_reg_821">
<pin_list>
<pin id="822" dir="0" index="0" bw="64" slack="0"/>
<pin id="823" dir="1" index="1" bw="64" slack="0"/>
</pin_list>
<bind>
<opset="u "/>
</bind>
</comp>

<comp id="828" class="1005" name="v_65_reg_828">
<pin_list>
<pin id="829" dir="0" index="0" bw="64" slack="0"/>
<pin id="830" dir="1" index="1" bw="64" slack="0"/>
</pin_list>
<bind>
<opset="v_65 "/>
</bind>
</comp>

<comp id="835" class="1005" name="indvars_iv_reg_835">
<pin_list>
<pin id="836" dir="0" index="0" bw="4" slack="0"/>
<pin id="837" dir="1" index="1" bw="4" slack="0"/>
</pin_list>
<bind>
<opset="indvars_iv "/>
</bind>
</comp>

<comp id="842" class="1005" name="i_16_reg_842">
<pin_list>
<pin id="843" dir="0" index="0" bw="4" slack="0"/>
<pin id="844" dir="1" index="1" bw="4" slack="0"/>
</pin_list>
<bind>
<opset="i_16 "/>
</bind>
</comp>

<comp id="849" class="1005" name="add_ln327_reg_849">
<pin_list>
<pin id="850" dir="0" index="0" bw="6" slack="1"/>
<pin id="851" dir="1" index="1" bw="6" slack="1"/>
</pin_list>
<bind>
<opset="add_ln327 "/>
</bind>
</comp>

<comp id="854" class="1005" name="ma_addr_3_reg_854">
<pin_list>
<pin id="855" dir="0" index="0" bw="4" slack="1"/>
<pin id="856" dir="1" index="1" bw="4" slack="1"/>
</pin_list>
<bind>
<opset="ma_addr_3 "/>
</bind>
</comp>

<comp id="859" class="1005" name="i_32_reg_859">
<pin_list>
<pin id="860" dir="0" index="0" bw="4" slack="1"/>
<pin id="861" dir="1" index="1" bw="4" slack="1"/>
</pin_list>
<bind>
<opset="i_32 "/>
</bind>
</comp>

<comp id="870" class="1005" name="v_65_load_3_reg_870">
<pin_list>
<pin id="871" dir="0" index="0" bw="64" slack="1"/>
<pin id="872" dir="1" index="1" bw="64" slack="1"/>
</pin_list>
<bind>
<opset="v_65_load_3 "/>
</bind>
</comp>

<comp id="875" class="1005" name="trunc_ln334_reg_875">
<pin_list>
<pin id="876" dir="0" index="0" bw="3" slack="1"/>
<pin id="877" dir="1" index="1" bw="3" slack="1"/>
</pin_list>
<bind>
<opset="trunc_ln334 "/>
</bind>
</comp>

<comp id="880" class="1005" name="trunc_ln334_22_reg_880">
<pin_list>
<pin id="881" dir="0" index="0" bw="3" slack="1"/>
<pin id="882" dir="1" index="1" bw="3" slack="1"/>
</pin_list>
<bind>
<opset="trunc_ln334_22 "/>
</bind>
</comp>

<comp id="886" class="1005" name="sub65_reg_886">
<pin_list>
<pin id="887" dir="0" index="0" bw="32" slack="1"/>
<pin id="888" dir="1" index="1" bw="32" slack="1"/>
</pin_list>
<bind>
<opset="sub65 "/>
</bind>
</comp>

<comp id="891" class="1005" name="ma_addr_reg_891">
<pin_list>
<pin id="892" dir="0" index="0" bw="4" slack="1"/>
<pin id="893" dir="1" index="1" bw="4" slack="1"/>
</pin_list>
<bind>
<opset="ma_addr "/>
</bind>
</comp>

<comp id="896" class="1005" name="ma_addr_4_reg_896">
<pin_list>
<pin id="897" dir="0" index="0" bw="4" slack="1"/>
<pin id="898" dir="1" index="1" bw="4" slack="1"/>
</pin_list>
<bind>
<opset="ma_addr_4 "/>
</bind>
</comp>

<comp id="901" class="1004" name="grp_digit_x_digit_fu_901">
<pin_list>
<pin id="902" dir="0" index="0" bw="128" slack="2147483647"/>
<pin id="903" dir="0" index="1" bw="64" slack="2147483647"/>
<pin id="904" dir="0" index="2" bw="64" slack="2147483647"/>
<pin id="905" dir="1" index="3" bw="128" slack="2147483647"/>
</pin_list>
<bind>
<opcode="call(48) " fcode="call"/>
<opset="call_ret6/3 "/>
</bind>
</comp>

</comp_list>

<net_list>
<net id="83"><net_src comp="8" pin="0"/><net_sink comp="80" pin=0"/></net>

<net id="87"><net_src comp="8" pin="0"/><net_sink comp="84" pin=0"/></net>

<net id="91"><net_src comp="8" pin="0"/><net_sink comp="88" pin=0"/></net>

<net id="95"><net_src comp="12" pin="0"/><net_sink comp="92" pin=0"/></net>

<net id="99"><net_src comp="12" pin="0"/><net_sink comp="96" pin=0"/></net>

<net id="103"><net_src comp="12" pin="0"/><net_sink comp="100" pin=0"/></net>

<net id="107"><net_src comp="12" pin="0"/><net_sink comp="104" pin=0"/></net>

<net id="111"><net_src comp="12" pin="0"/><net_sink comp="108" pin=0"/></net>

<net id="115"><net_src comp="12" pin="0"/><net_sink comp="112" pin=0"/></net>

<net id="119"><net_src comp="8" pin="0"/><net_sink comp="116" pin=0"/></net>

<net id="123"><net_src comp="8" pin="0"/><net_sink comp="120" pin=0"/></net>

<net id="127"><net_src comp="8" pin="0"/><net_sink comp="124" pin=0"/></net>

<net id="131"><net_src comp="8" pin="0"/><net_sink comp="128" pin=0"/></net>

<net id="135"><net_src comp="8" pin="0"/><net_sink comp="132" pin=0"/></net>

<net id="140"><net_src comp="10" pin="0"/><net_sink comp="136" pin=0"/></net>

<net id="141"><net_src comp="4" pin="0"/><net_sink comp="136" pin=1"/></net>

<net id="147"><net_src comp="2" pin="0"/><net_sink comp="142" pin=0"/></net>

<net id="148"><net_src comp="20" pin="0"/><net_sink comp="142" pin=1"/></net>

<net id="154"><net_src comp="0" pin="0"/><net_sink comp="149" pin=0"/></net>

<net id="155"><net_src comp="20" pin="0"/><net_sink comp="149" pin=1"/></net>

<net id="161"><net_src comp="149" pin="3"/><net_sink comp="156" pin=0"/></net>

<net id="167"><net_src comp="2" pin="0"/><net_sink comp="162" pin=0"/></net>

<net id="168"><net_src comp="20" pin="0"/><net_sink comp="162" pin=1"/></net>

<net id="174"><net_src comp="162" pin="3"/><net_sink comp="169" pin=0"/></net>

<net id="180"><net_src comp="0" pin="0"/><net_sink comp="175" pin=0"/></net>

<net id="181"><net_src comp="20" pin="0"/><net_sink comp="175" pin=1"/></net>

<net id="182"><net_src comp="74" pin="0"/><net_sink comp="175" pin=2"/></net>

<net id="183"><net_src comp="175" pin="3"/><net_sink comp="156" pin=0"/></net>

<net id="189"><net_src comp="0" pin="0"/><net_sink comp="184" pin=0"/></net>

<net id="190"><net_src comp="20" pin="0"/><net_sink comp="184" pin=1"/></net>

<net id="191"><net_src comp="184" pin="3"/><net_sink comp="156" pin=0"/></net>

<net id="197"><net_src comp="2" pin="0"/><net_sink comp="192" pin=0"/></net>

<net id="198"><net_src comp="20" pin="0"/><net_sink comp="192" pin=1"/></net>

<net id="199"><net_src comp="192" pin="3"/><net_sink comp="169" pin=0"/></net>

<net id="205"><net_src comp="18" pin="0"/><net_sink comp="200" pin=0"/></net>

<net id="206"><net_src comp="2" pin="0"/><net_sink comp="200" pin=1"/></net>

<net id="221"><net_src comp="40" pin="0"/><net_sink comp="207" pin=0"/></net>

<net id="222"><net_src comp="2" pin="0"/><net_sink comp="207" pin=5"/></net>

<net id="223"><net_src comp="6" pin="0"/><net_sink comp="207" pin=11"/></net>

<net id="238"><net_src comp="72" pin="0"/><net_sink comp="224" pin=0"/></net>

<net id="239"><net_src comp="2" pin="0"/><net_sink comp="224" pin=5"/></net>

<net id="240"><net_src comp="6" pin="0"/><net_sink comp="224" pin=11"/></net>

<net id="244"><net_src comp="241" pin="1"/><net_sink comp="224" pin=2"/></net>

<net id="248"><net_src comp="136" pin="2"/><net_sink comp="245" pin=0"/></net>

<net id="254"><net_src comp="14" pin="0"/><net_sink comp="249" pin=0"/></net>

<net id="255"><net_src comp="245" pin="1"/><net_sink comp="249" pin=1"/></net>

<net id="256"><net_src comp="16" pin="0"/><net_sink comp="249" pin=2"/></net>

<net id="257"><net_src comp="249" pin="3"/><net_sink comp="200" pin=2"/></net>

<net id="262"><net_src comp="20" pin="0"/><net_sink comp="258" pin=0"/></net>

<net id="267"><net_src comp="20" pin="0"/><net_sink comp="263" pin=0"/></net>

<net id="272"><net_src comp="22" pin="0"/><net_sink comp="268" pin=0"/></net>

<net id="278"><net_src comp="14" pin="0"/><net_sink comp="273" pin=0"/></net>

<net id="279"><net_src comp="24" pin="0"/><net_sink comp="273" pin=2"/></net>

<net id="283"><net_src comp="273" pin="3"/><net_sink comp="280" pin=0"/></net>

<net id="284"><net_src comp="280" pin="1"/><net_sink comp="142" pin=2"/></net>

<net id="291"><net_src comp="288" pin="1"/><net_sink comp="207" pin=2"/></net>

<net id="295"><net_src comp="292" pin="1"/><net_sink comp="207" pin=1"/></net>

<net id="300"><net_src comp="285" pin="1"/><net_sink comp="296" pin=0"/></net>

<net id="301"><net_src comp="34" pin="0"/><net_sink comp="296" pin=1"/></net>

<net id="306"><net_src comp="285" pin="1"/><net_sink comp="302" pin=0"/></net>

<net id="307"><net_src comp="36" pin="0"/><net_sink comp="302" pin=1"/></net>

<net id="311"><net_src comp="285" pin="1"/><net_sink comp="308" pin=0"/></net>

<net id="312"><net_src comp="308" pin="1"/><net_sink comp="207" pin=3"/></net>

<net id="313"><net_src comp="308" pin="1"/><net_sink comp="207" pin=7"/></net>

<net id="317"><net_src comp="308" pin="1"/><net_sink comp="314" pin=0"/></net>

<net id="322"><net_src comp="314" pin="1"/><net_sink comp="318" pin=0"/></net>

<net id="323"><net_src comp="38" pin="0"/><net_sink comp="318" pin=1"/></net>

<net id="324"><net_src comp="318" pin="2"/><net_sink comp="207" pin=6"/></net>

<net id="329"><net_src comp="302" pin="2"/><net_sink comp="325" pin=0"/></net>

<net id="334"><net_src comp="34" pin="0"/><net_sink comp="330" pin=0"/></net>

<net id="339"><net_src comp="36" pin="0"/><net_sink comp="335" pin=0"/></net>

<net id="344"><net_src comp="292" pin="1"/><net_sink comp="340" pin=0"/></net>

<net id="349"><net_src comp="288" pin="1"/><net_sink comp="345" pin=0"/></net>

<net id="354"><net_src comp="42" pin="0"/><net_sink comp="350" pin=0"/></net>

<net id="358"><net_src comp="355" pin="1"/><net_sink comp="149" pin=2"/></net>

<net id="366"><net_src comp="359" pin="1"/><net_sink comp="362" pin=1"/></net>

<net id="370"><net_src comp="367" pin="1"/><net_sink comp="162" pin=2"/></net>

<net id="384"><net_src comp="156" pin="3"/><net_sink comp="380" pin=0"/></net>

<net id="385"><net_src comp="371" pin="1"/><net_sink comp="380" pin=1"/></net>

<net id="386"><net_src comp="380" pin="2"/><net_sink comp="169" pin=1"/></net>

<net id="391"><net_src comp="371" pin="1"/><net_sink comp="387" pin=0"/></net>

<net id="392"><net_src comp="380" pin="2"/><net_sink comp="387" pin=1"/></net>

<net id="397"><net_src comp="156" pin="3"/><net_sink comp="393" pin=0"/></net>

<net id="398"><net_src comp="371" pin="1"/><net_sink comp="393" pin=1"/></net>

<net id="403"><net_src comp="393" pin="2"/><net_sink comp="399" pin=0"/></net>

<net id="404"><net_src comp="387" pin="2"/><net_sink comp="399" pin=1"/></net>

<net id="409"><net_src comp="399" pin="2"/><net_sink comp="405" pin=0"/></net>

<net id="410"><net_src comp="380" pin="2"/><net_sink comp="405" pin=1"/></net>

<net id="416"><net_src comp="52" pin="0"/><net_sink comp="411" pin=0"/></net>

<net id="417"><net_src comp="405" pin="2"/><net_sink comp="411" pin=1"/></net>

<net id="418"><net_src comp="54" pin="0"/><net_sink comp="411" pin=2"/></net>

<net id="422"><net_src comp="411" pin="3"/><net_sink comp="419" pin=0"/></net>

<net id="427"><net_src comp="374" pin="1"/><net_sink comp="423" pin=0"/></net>

<net id="428"><net_src comp="419" pin="1"/><net_sink comp="423" pin=1"/></net>

<net id="434"><net_src comp="56" pin="0"/><net_sink comp="429" pin=0"/></net>

<net id="435"><net_src comp="423" pin="2"/><net_sink comp="429" pin=1"/></net>

<net id="436"><net_src comp="58" pin="0"/><net_sink comp="429" pin=2"/></net>

<net id="441"><net_src comp="429" pin="3"/><net_sink comp="437" pin=0"/></net>

<net id="442"><net_src comp="60" pin="0"/><net_sink comp="437" pin=1"/></net>

<net id="446"><net_src comp="423" pin="2"/><net_sink comp="443" pin=0"/></net>

<net id="452"><net_src comp="62" pin="0"/><net_sink comp="447" pin=0"/></net>

<net id="453"><net_src comp="437" pin="2"/><net_sink comp="447" pin=1"/></net>

<net id="454"><net_src comp="443" pin="1"/><net_sink comp="447" pin=2"/></net>

<net id="459"><net_src comp="374" pin="1"/><net_sink comp="455" pin=0"/></net>

<net id="460"><net_src comp="447" pin="3"/><net_sink comp="455" pin=1"/></net>

<net id="466"><net_src comp="52" pin="0"/><net_sink comp="461" pin=0"/></net>

<net id="467"><net_src comp="455" pin="2"/><net_sink comp="461" pin=1"/></net>

<net id="468"><net_src comp="54" pin="0"/><net_sink comp="461" pin=2"/></net>

<net id="472"><net_src comp="461" pin="3"/><net_sink comp="469" pin=0"/></net>

<net id="477"><net_src comp="377" pin="1"/><net_sink comp="473" pin=0"/></net>

<net id="478"><net_src comp="469" pin="1"/><net_sink comp="473" pin=1"/></net>

<net id="483"><net_src comp="423" pin="2"/><net_sink comp="479" pin=0"/></net>

<net id="488"><net_src comp="473" pin="2"/><net_sink comp="484" pin=0"/></net>

<net id="496"><net_src comp="489" pin="1"/><net_sink comp="492" pin=0"/></net>

<net id="497"><net_src comp="64" pin="0"/><net_sink comp="492" pin=1"/></net>

<net id="504"><net_src comp="501" pin="1"/><net_sink comp="224" pin=3"/></net>

<net id="511"><net_src comp="505" pin="1"/><net_sink comp="508" pin=0"/></net>

<net id="512"><net_src comp="508" pin="1"/><net_sink comp="224" pin=1"/></net>

<net id="516"><net_src comp="489" pin="1"/><net_sink comp="513" pin=0"/></net>

<net id="517"><net_src comp="513" pin="1"/><net_sink comp="224" pin=7"/></net>

<net id="522"><net_src comp="498" pin="1"/><net_sink comp="518" pin=0"/></net>

<net id="523"><net_src comp="66" pin="0"/><net_sink comp="518" pin=1"/></net>

<net id="528"><net_src comp="498" pin="1"/><net_sink comp="524" pin=0"/></net>

<net id="529"><net_src comp="68" pin="0"/><net_sink comp="524" pin=1"/></net>

<net id="535"><net_src comp="518" pin="2"/><net_sink comp="530" pin=0"/></net>

<net id="536"><net_src comp="524" pin="2"/><net_sink comp="530" pin=1"/></net>

<net id="537"><net_src comp="66" pin="0"/><net_sink comp="530" pin=2"/></net>

<net id="542"><net_src comp="70" pin="0"/><net_sink comp="538" pin=0"/></net>

<net id="543"><net_src comp="530" pin="3"/><net_sink comp="538" pin=1"/></net>

<net id="544"><net_src comp="538" pin="2"/><net_sink comp="224" pin=6"/></net>

<net id="549"><net_src comp="489" pin="1"/><net_sink comp="545" pin=0"/></net>

<net id="550"><net_src comp="36" pin="0"/><net_sink comp="545" pin=1"/></net>

<net id="555"><net_src comp="505" pin="1"/><net_sink comp="551" pin=0"/></net>

<net id="556"><net_src comp="36" pin="0"/><net_sink comp="551" pin=1"/></net>

<net id="561"><net_src comp="545" pin="2"/><net_sink comp="557" pin=0"/></net>

<net id="566"><net_src comp="551" pin="2"/><net_sink comp="562" pin=0"/></net>

<net id="571"><net_src comp="530" pin="3"/><net_sink comp="567" pin=0"/></net>

<net id="575"><net_src comp="572" pin="1"/><net_sink comp="184" pin=2"/></net>

<net id="589"><net_src comp="156" pin="3"/><net_sink comp="585" pin=0"/></net>

<net id="590"><net_src comp="576" pin="1"/><net_sink comp="585" pin=1"/></net>

<net id="591"><net_src comp="585" pin="2"/><net_sink comp="169" pin=1"/></net>

<net id="596"><net_src comp="576" pin="1"/><net_sink comp="592" pin=0"/></net>

<net id="597"><net_src comp="585" pin="2"/><net_sink comp="592" pin=1"/></net>

<net id="602"><net_src comp="156" pin="3"/><net_sink comp="598" pin=0"/></net>

<net id="603"><net_src comp="576" pin="1"/><net_sink comp="598" pin=1"/></net>

<net id="608"><net_src comp="598" pin="2"/><net_sink comp="604" pin=0"/></net>

<net id="609"><net_src comp="592" pin="2"/><net_sink comp="604" pin=1"/></net>

<net id="614"><net_src comp="604" pin="2"/><net_sink comp="610" pin=0"/></net>

<net id="615"><net_src comp="585" pin="2"/><net_sink comp="610" pin=1"/></net>

<net id="621"><net_src comp="52" pin="0"/><net_sink comp="616" pin=0"/></net>

<net id="622"><net_src comp="610" pin="2"/><net_sink comp="616" pin=1"/></net>

<net id="623"><net_src comp="54" pin="0"/><net_sink comp="616" pin=2"/></net>

<net id="627"><net_src comp="616" pin="3"/><net_sink comp="624" pin=0"/></net>

<net id="632"><net_src comp="579" pin="1"/><net_sink comp="628" pin=0"/></net>

<net id="633"><net_src comp="624" pin="1"/><net_sink comp="628" pin=1"/></net>

<net id="639"><net_src comp="56" pin="0"/><net_sink comp="634" pin=0"/></net>

<net id="640"><net_src comp="628" pin="2"/><net_sink comp="634" pin=1"/></net>

<net id="641"><net_src comp="58" pin="0"/><net_sink comp="634" pin=2"/></net>

<net id="646"><net_src comp="634" pin="3"/><net_sink comp="642" pin=0"/></net>

<net id="647"><net_src comp="60" pin="0"/><net_sink comp="642" pin=1"/></net>

<net id="651"><net_src comp="628" pin="2"/><net_sink comp="648" pin=0"/></net>

<net id="657"><net_src comp="62" pin="0"/><net_sink comp="652" pin=0"/></net>

<net id="658"><net_src comp="642" pin="2"/><net_sink comp="652" pin=1"/></net>

<net id="659"><net_src comp="648" pin="1"/><net_sink comp="652" pin=2"/></net>

<net id="664"><net_src comp="579" pin="1"/><net_sink comp="660" pin=0"/></net>

<net id="665"><net_src comp="652" pin="3"/><net_sink comp="660" pin=1"/></net>

<net id="671"><net_src comp="52" pin="0"/><net_sink comp="666" pin=0"/></net>

<net id="672"><net_src comp="660" pin="2"/><net_sink comp="666" pin=1"/></net>

<net id="673"><net_src comp="54" pin="0"/><net_sink comp="666" pin=2"/></net>

<net id="677"><net_src comp="666" pin="3"/><net_sink comp="674" pin=0"/></net>

<net id="682"><net_src comp="582" pin="1"/><net_sink comp="678" pin=0"/></net>

<net id="683"><net_src comp="674" pin="1"/><net_sink comp="678" pin=1"/></net>

<net id="689"><net_src comp="14" pin="0"/><net_sink comp="684" pin=0"/></net>

<net id="693"><net_src comp="684" pin="3"/><net_sink comp="690" pin=0"/></net>

<net id="694"><net_src comp="690" pin="1"/><net_sink comp="192" pin=2"/></net>

<net id="699"><net_src comp="628" pin="2"/><net_sink comp="695" pin=0"/></net>

<net id="704"><net_src comp="678" pin="2"/><net_sink comp="700" pin=0"/></net>

<net id="709"><net_src comp="156" pin="3"/><net_sink comp="705" pin=0"/></net>

<net id="710"><net_src comp="241" pin="1"/><net_sink comp="705" pin=1"/></net>

<net id="711"><net_src comp="705" pin="2"/><net_sink comp="169" pin=1"/></net>

<net id="715"><net_src comp="80" pin="1"/><net_sink comp="712" pin=0"/></net>

<net id="716"><net_src comp="712" pin="1"/><net_sink comp="268" pin=1"/></net>

<net id="717"><net_src comp="712" pin="1"/><net_sink comp="285" pin=0"/></net>

<net id="718"><net_src comp="712" pin="1"/><net_sink comp="325" pin=1"/></net>

<net id="722"><net_src comp="84" pin="1"/><net_sink comp="719" pin=0"/></net>

<net id="723"><net_src comp="719" pin="1"/><net_sink comp="263" pin=1"/></net>

<net id="724"><net_src comp="719" pin="1"/><net_sink comp="288" pin=0"/></net>

<net id="725"><net_src comp="719" pin="1"/><net_sink comp="484" pin=1"/></net>

<net id="729"><net_src comp="88" pin="1"/><net_sink comp="726" pin=0"/></net>

<net id="730"><net_src comp="726" pin="1"/><net_sink comp="258" pin=1"/></net>

<net id="731"><net_src comp="726" pin="1"/><net_sink comp="292" pin=0"/></net>

<net id="732"><net_src comp="726" pin="1"/><net_sink comp="479" pin=1"/></net>

<net id="736"><net_src comp="245" pin="1"/><net_sink comp="733" pin=0"/></net>

<net id="737"><net_src comp="733" pin="1"/><net_sink comp="273" pin=1"/></net>

<net id="738"><net_src comp="733" pin="1"/><net_sink comp="207" pin=4"/></net>

<net id="739"><net_src comp="733" pin="1"/><net_sink comp="684" pin=1"/></net>

<net id="743"><net_src comp="92" pin="1"/><net_sink comp="740" pin=0"/></net>

<net id="744"><net_src comp="740" pin="1"/><net_sink comp="224" pin=10"/></net>

<net id="745"><net_src comp="740" pin="1"/><net_sink comp="582" pin=0"/></net>

<net id="749"><net_src comp="96" pin="1"/><net_sink comp="746" pin=0"/></net>

<net id="750"><net_src comp="746" pin="1"/><net_sink comp="224" pin=9"/></net>

<net id="751"><net_src comp="746" pin="1"/><net_sink comp="579" pin=0"/></net>

<net id="755"><net_src comp="100" pin="1"/><net_sink comp="752" pin=0"/></net>

<net id="756"><net_src comp="752" pin="1"/><net_sink comp="224" pin=8"/></net>

<net id="757"><net_src comp="752" pin="1"/><net_sink comp="576" pin=0"/></net>

<net id="761"><net_src comp="104" pin="1"/><net_sink comp="758" pin=0"/></net>

<net id="762"><net_src comp="758" pin="1"/><net_sink comp="207" pin=10"/></net>

<net id="763"><net_src comp="758" pin="1"/><net_sink comp="377" pin=0"/></net>

<net id="767"><net_src comp="108" pin="1"/><net_sink comp="764" pin=0"/></net>

<net id="768"><net_src comp="764" pin="1"/><net_sink comp="207" pin=9"/></net>

<net id="769"><net_src comp="764" pin="1"/><net_sink comp="374" pin=0"/></net>

<net id="773"><net_src comp="112" pin="1"/><net_sink comp="770" pin=0"/></net>

<net id="774"><net_src comp="770" pin="1"/><net_sink comp="207" pin=8"/></net>

<net id="775"><net_src comp="770" pin="1"/><net_sink comp="371" pin=0"/></net>

<net id="779"><net_src comp="249" pin="3"/><net_sink comp="776" pin=0"/></net>

<net id="780"><net_src comp="776" pin="1"/><net_sink comp="200" pin=2"/></net>

<net id="781"><net_src comp="776" pin="1"/><net_sink comp="362" pin=0"/></net>

<net id="782"><net_src comp="776" pin="1"/><net_sink comp="224" pin=4"/></net>

<net id="786"><net_src comp="142" pin="3"/><net_sink comp="783" pin=0"/></net>

<net id="787"><net_src comp="783" pin="1"/><net_sink comp="169" pin=0"/></net>

<net id="791"><net_src comp="285" pin="1"/><net_sink comp="788" pin=0"/></net>

<net id="792"><net_src comp="788" pin="1"/><net_sink comp="355" pin=0"/></net>

<net id="793"><net_src comp="788" pin="1"/><net_sink comp="359" pin=0"/></net>

<net id="806"><net_src comp="308" pin="1"/><net_sink comp="803" pin=0"/></net>

<net id="807"><net_src comp="803" pin="1"/><net_sink comp="207" pin=3"/></net>

<net id="808"><net_src comp="803" pin="1"/><net_sink comp="207" pin=7"/></net>

<net id="812"><net_src comp="318" pin="2"/><net_sink comp="809" pin=0"/></net>

<net id="813"><net_src comp="809" pin="1"/><net_sink comp="207" pin=6"/></net>

<net id="817"><net_src comp="116" pin="1"/><net_sink comp="814" pin=0"/></net>

<net id="818"><net_src comp="814" pin="1"/><net_sink comp="350" pin=1"/></net>

<net id="819"><net_src comp="814" pin="1"/><net_sink comp="498" pin=0"/></net>

<net id="820"><net_src comp="814" pin="1"/><net_sink comp="567" pin=1"/></net>

<net id="824"><net_src comp="120" pin="1"/><net_sink comp="821" pin=0"/></net>

<net id="825"><net_src comp="821" pin="1"/><net_sink comp="345" pin=1"/></net>

<net id="826"><net_src comp="821" pin="1"/><net_sink comp="501" pin=0"/></net>

<net id="827"><net_src comp="821" pin="1"/><net_sink comp="700" pin=1"/></net>

<net id="831"><net_src comp="124" pin="1"/><net_sink comp="828" pin=0"/></net>

<net id="832"><net_src comp="828" pin="1"/><net_sink comp="340" pin=1"/></net>

<net id="833"><net_src comp="828" pin="1"/><net_sink comp="241" pin=0"/></net>

<net id="834"><net_src comp="828" pin="1"/><net_sink comp="695" pin=1"/></net>

<net id="838"><net_src comp="128" pin="1"/><net_sink comp="835" pin=0"/></net>

<net id="839"><net_src comp="835" pin="1"/><net_sink comp="335" pin=1"/></net>

<net id="840"><net_src comp="835" pin="1"/><net_sink comp="505" pin=0"/></net>

<net id="841"><net_src comp="835" pin="1"/><net_sink comp="562" pin=1"/></net>

<net id="845"><net_src comp="132" pin="1"/><net_sink comp="842" pin=0"/></net>

<net id="846"><net_src comp="842" pin="1"/><net_sink comp="330" pin=1"/></net>

<net id="847"><net_src comp="842" pin="1"/><net_sink comp="489" pin=0"/></net>

<net id="848"><net_src comp="842" pin="1"/><net_sink comp="557" pin=1"/></net>

<net id="852"><net_src comp="362" pin="2"/><net_sink comp="849" pin=0"/></net>

<net id="853"><net_src comp="849" pin="1"/><net_sink comp="367" pin=0"/></net>

<net id="857"><net_src comp="149" pin="3"/><net_sink comp="854" pin=0"/></net>

<net id="858"><net_src comp="854" pin="1"/><net_sink comp="156" pin=0"/></net>

<net id="862"><net_src comp="489" pin="1"/><net_sink comp="859" pin=0"/></net>

<net id="863"><net_src comp="859" pin="1"/><net_sink comp="572" pin=0"/></net>

<net id="873"><net_src comp="241" pin="1"/><net_sink comp="870" pin=0"/></net>

<net id="874"><net_src comp="870" pin="1"/><net_sink comp="224" pin=2"/></net>

<net id="878"><net_src comp="508" pin="1"/><net_sink comp="875" pin=0"/></net>

<net id="879"><net_src comp="875" pin="1"/><net_sink comp="224" pin=1"/></net>

<net id="883"><net_src comp="513" pin="1"/><net_sink comp="880" pin=0"/></net>

<net id="884"><net_src comp="880" pin="1"/><net_sink comp="224" pin=7"/></net>

<net id="885"><net_src comp="880" pin="1"/><net_sink comp="684" pin=2"/></net>

<net id="889"><net_src comp="538" pin="2"/><net_sink comp="886" pin=0"/></net>

<net id="890"><net_src comp="886" pin="1"/><net_sink comp="224" pin=6"/></net>

<net id="894"><net_src comp="175" pin="3"/><net_sink comp="891" pin=0"/></net>

<net id="895"><net_src comp="891" pin="1"/><net_sink comp="156" pin=0"/></net>

<net id="899"><net_src comp="184" pin="3"/><net_sink comp="896" pin=0"/></net>

<net id="900"><net_src comp="896" pin="1"/><net_sink comp="156" pin=0"/></net>

</net_list>

</model> 
---------------- Datapath Model END ------------------

* FSMD analyzer results:
  - Output states:
	Port: mc | {1 2 5 8 9 }
	Port: p503p1_1 | {}
 - Input state : 
	Port: rdc_mont.129 : ma | {4 5 6 7 8 9 }
	Port: rdc_mont.129 : mc | {3 4 6 7 }
	Port: rdc_mont.129 : mc_offset | {1 }
	Port: rdc_mont.129 : p503p1_1 | {3 4 6 7 }
  - Chain level:
	State 1
		tmp : 1
		call_ln308 : 2
		store_ln303 : 1
		store_ln303 : 1
		store_ln302 : 1
	State 2
		zext_ln359 : 1
		mc_addr : 2
	State 3
		icmp_ln312 : 1
		add_ln312 : 1
		br_ln312 : 2
		trunc_ln312 : 1
		zext_ln314 : 2
		add_ln314 : 3
		call_ln312 : 4
		store_ln302 : 2
		store_ln302 : 1
		store_ln0 : 1
		store_ln303 : 1
		store_ln303 : 1
		store_ln302 : 1
	State 4
		add_ln327 : 1
		ma_addr_3 : 1
		ma_load_3 : 2
	State 5
		mc_addr_15 : 1
		v_124 : 1
		xor_ln105 : 2
		xor_ln105_251 : 1
		or_ln105 : 2
		xor_ln105_252 : 2
		carry : 2
		zext_ln105 : 3
		v_128 : 4
		bit_sel1 : 5
		xor_ln105_253 : 6
		trunc_ln105 : 5
		xor_ln105_s : 6
		and_ln105 : 7
		carry_69 : 7
		zext_ln105_37 : 8
		u_104 : 9
		store_ln327 : 2
		store_ln303 : 5
		store_ln303 : 10
	State 6
		icmp_ln334 : 1
		br_ln334 : 2
		trunc_ln334 : 1
		trunc_ln334_22 : 1
		icmp_ln336 : 1
		add_ln338 : 1
		count_13 : 2
		sub65 : 3
		call_ln334 : 4
		add_ln334 : 1
		add_ln334_7 : 1
		store_ln302 : 2
		store_ln334 : 2
		store_ln302 : 3
		ma_load : 1
	State 7
		ma_addr_4 : 1
		ma_load_4 : 2
	State 8
		v_126 : 1
		xor_ln105_254 : 2
		xor_ln105_255 : 1
		or_ln105_43 : 2
		xor_ln105_256 : 2
		carry_70 : 2
		zext_ln105_38 : 3
		tempReg : 4
		bit_sel7 : 5
		xor_ln105_257 : 6
		trunc_ln105_13 : 5
		xor_ln105_12 : 6
		and_ln105_13 : 7
		carry_71 : 7
		zext_ln105_39 : 8
		t : 9
		zext_ln353 : 1
		mc_addr_16 : 2
		store_ln353 : 3
		store_ln303 : 5
		store_ln303 : 10
	State 9
		v : 1
		store_ln359 : 2


============================================================
+ Verbose Summary: Datapath Resource usage 
============================================================

* Functional unit list:
|----------|---------------------------------------------------|---------|---------|---------|---------|
| Operation|                  Functional Unit                  |   DSP   |  Delay  |    FF   |   LUT   |
|----------|---------------------------------------------------|---------|---------|---------|---------|
|          | grp_rdc_mont_129_Pipeline_VITIS_LOOP_306_1_fu_200 |    0    |    0    |    4    |    37   |
|   call   | grp_rdc_mont_129_Pipeline_VITIS_LOOP_314_3_fu_207 |    16   |  0.774  |   464   |   1400  |
|          | grp_rdc_mont_129_Pipeline_VITIS_LOOP_340_5_fu_224 |    16   |  0.774  |   465   |   1444  |
|          |              grp_digit_x_digit_fu_901             |    16   |    0    |   130   |   476   |
|----------|---------------------------------------------------|---------|---------|---------|---------|
|          |                  add_ln312_fu_302                 |    0    |    0    |    0    |    12   |
|          |                  add_ln314_fu_318                 |    0    |    0    |    0    |    10   |
|          |                  add_ln327_fu_362                 |    0    |    0    |    0    |    13   |
|          |                    v_124_fu_380                   |    0    |    0    |    0    |    71   |
|          |                    v_128_fu_423                   |    0    |    0    |    0    |    71   |
|          |                    u_104_fu_473                   |    0    |    0    |    0    |    71   |
|    add   |                  add_ln338_fu_524                 |    0    |    0    |    0    |    39   |
|          |                  add_ln334_fu_545                 |    0    |    0    |    0    |    12   |
|          |                 add_ln334_7_fu_551                |    0    |    0    |    0    |    12   |
|          |                    v_126_fu_585                   |    0    |    0    |    0    |    71   |
|          |                   tempReg_fu_628                  |    0    |    0    |    0    |    71   |
|          |                      t_fu_678                     |    0    |    0    |    0    |    71   |
|          |                      v_fu_705                     |    0    |    0    |    0    |    71   |
|----------|---------------------------------------------------|---------|---------|---------|---------|
|          |                  xor_ln105_fu_387                 |    0    |    0    |    0    |    64   |
|          |                xor_ln105_251_fu_393               |    0    |    0    |    0    |    64   |
|          |                xor_ln105_252_fu_405               |    0    |    0    |    0    |    64   |
|    xor   |                xor_ln105_253_fu_437               |    0    |    0    |    0    |    2    |
|          |                xor_ln105_254_fu_592               |    0    |    0    |    0    |    64   |
|          |                xor_ln105_255_fu_598               |    0    |    0    |    0    |    64   |
|          |                xor_ln105_256_fu_610               |    0    |    0    |    0    |    64   |
|          |                xor_ln105_257_fu_642               |    0    |    0    |    0    |    2    |
|----------|---------------------------------------------------|---------|---------|---------|---------|
|    or    |                  or_ln105_fu_399                  |    0    |    0    |    0    |    64   |
|          |                 or_ln105_43_fu_604                |    0    |    0    |    0    |    64   |
|----------|---------------------------------------------------|---------|---------|---------|---------|
|    and   |                  and_ln105_fu_455                 |    0    |    0    |    0    |    64   |
|          |                and_ln105_13_fu_660                |    0    |    0    |    0    |    64   |
|----------|---------------------------------------------------|---------|---------|---------|---------|
|          |                 icmp_ln312_fu_296                 |    0    |    0    |    0    |    12   |
|   icmp   |                 icmp_ln334_fu_492                 |    0    |    0    |    0    |    12   |
|          |                 icmp_ln336_fu_518                 |    0    |    0    |    0    |    39   |
|----------|---------------------------------------------------|---------|---------|---------|---------|
|    sub   |                    sub65_fu_538                   |    0    |    0    |    0    |    39   |
|----------|---------------------------------------------------|---------|---------|---------|---------|
|  select  |                  count_13_fu_530                  |    0    |    0    |    0    |    32   |
|----------|---------------------------------------------------|---------|---------|---------|---------|
|   read   |             mc_offset_read_read_fu_136            |    0    |    0    |    0    |    0    |
|----------|---------------------------------------------------|---------|---------|---------|---------|
|          |                    empty_fu_245                   |    0    |    0    |    0    |    0    |
|          |                 trunc_ln312_fu_308                |    0    |    0    |    0    |    0    |
|   trunc  |                 trunc_ln105_fu_443                |    0    |    0    |    0    |    0    |
|          |                 trunc_ln334_fu_508                |    0    |    0    |    0    |    0    |
|          |               trunc_ln334_22_fu_513               |    0    |    0    |    0    |    0    |
|          |               trunc_ln105_13_fu_648               |    0    |    0    |    0    |    0    |
|----------|---------------------------------------------------|---------|---------|---------|---------|
|          |                     tmp_fu_249                    |    0    |    0    |    0    |    0    |
|          |                    tmp_s_fu_273                   |    0    |    0    |    0    |    0    |
|bitconcatenate|                 xor_ln105_s_fu_447                |    0    |    0    |    0    |    0    |
|          |                xor_ln105_12_fu_652                |    0    |    0    |    0    |    0    |
|          |                    tmp_5_fu_684                   |    0    |    0    |    0    |    0    |
|----------|---------------------------------------------------|---------|---------|---------|---------|
|          |                 zext_ln359_fu_280                 |    0    |    0    |    0    |    0    |
|          |                 zext_ln314_fu_314                 |    0    |    0    |    0    |    0    |
|          |                 zext_ln312_fu_355                 |    0    |    0    |    0    |    0    |
|          |                 zext_ln327_fu_359                 |    0    |    0    |    0    |    0    |
|          |                zext_ln327_5_fu_367                |    0    |    0    |    0    |    0    |
|   zext   |                 zext_ln105_fu_419                 |    0    |    0    |    0    |    0    |
|          |                zext_ln105_37_fu_469               |    0    |    0    |    0    |    0    |
|          |                 zext_ln334_fu_572                 |    0    |    0    |    0    |    0    |
|          |                zext_ln105_38_fu_624               |    0    |    0    |    0    |    0    |
|          |                zext_ln105_39_fu_674               |    0    |    0    |    0    |    0    |
|          |                 zext_ln353_fu_690                 |    0    |    0    |    0    |    0    |
|----------|---------------------------------------------------|---------|---------|---------|---------|
|          |                    carry_fu_411                   |    0    |    0    |    0    |    0    |
|          |                  bit_sel1_fu_429                  |    0    |    0    |    0    |    0    |
| bitselect|                  carry_69_fu_461                  |    0    |    0    |    0    |    0    |
|          |                  carry_70_fu_616                  |    0    |    0    |    0    |    0    |
|          |                  bit_sel7_fu_634                  |    0    |    0    |    0    |    0    |
|          |                  carry_71_fu_666                  |    0    |    0    |    0    |    0    |
|----------|---------------------------------------------------|---------|---------|---------|---------|
|   Total  |                                                   |    48   |  1.548  |   1063  |   4730  |
|----------|---------------------------------------------------|---------|---------|---------|---------|

Memories:
N/A

* Register list:
+----------------------+--------+
|                      |   FF   |
+----------------------+--------+
|   add_ln314_reg_809  |    4   |
|   add_ln327_reg_849  |    6   |
|     count_reg_814    |   32   |
|     empty_reg_733    |    3   |
|     i_15_reg_712     |    4   |
|     i_16_reg_842     |    4   |
|     i_32_reg_859     |    4   |
|       i_reg_788      |    4   |
|  indvars_iv_reg_835  |    4   |
|   ma_addr_3_reg_854  |    4   |
|   ma_addr_4_reg_896  |    4   |
|    ma_addr_reg_891   |    4   |
|    mc_addr_reg_783   |    6   |
|     sub65_reg_886    |   32   |
|   t_35_loc_reg_740   |   64   |
|     t_loc_reg_758    |   64   |
|      tmp_reg_776     |    6   |
|  trunc_ln312_reg_803 |    3   |
|trunc_ln334_22_reg_880|    3   |
|  trunc_ln334_reg_875 |    3   |
|     u_025_reg_719    |   64   |
|   u_47_loc_reg_746   |   64   |
|   u_62_loc_reg_764   |   64   |
|       u_reg_821      |   64   |
|     v_026_reg_726    |   64   |
|   v_120_loc_reg_770  |   64   |
|   v_124_loc_reg_752  |   64   |
|  v_65_load_3_reg_870 |   64   |
|     v_65_reg_828     |   64   |
+----------------------+--------+
|         Total        |   834  |
+----------------------+--------+

* Multiplexer (MUX) list: 
|---------------------------------------------------|------|------|------|--------||---------||---------||---------|
|                        Comp                       |  Pin | Size |  BW  | S x BW ||  Delay  ||    FF   ||   LUT   |
|---------------------------------------------------|------|------|------|--------||---------||---------||---------|
|                 grp_access_fu_156                 |  p0  |   6  |   4  |   24   ||    0    ||    31   |
|                 grp_access_fu_169                 |  p0  |   3  |   6  |   18   ||    0    ||    14   |
|                 grp_access_fu_169                 |  p1  |   3  |  64  |   192  ||    0    ||    14   |
| grp_rdc_mont_129_Pipeline_VITIS_LOOP_306_1_fu_200 |  p2  |   2  |   6  |   12   ||    0    ||    9    |
| grp_rdc_mont_129_Pipeline_VITIS_LOOP_314_3_fu_207 |  p3  |   2  |   3  |    6   ||    0    ||    9    |
| grp_rdc_mont_129_Pipeline_VITIS_LOOP_314_3_fu_207 |  p6  |   2  |   4  |    8   ||    0    ||    9    |
| grp_rdc_mont_129_Pipeline_VITIS_LOOP_314_3_fu_207 |  p7  |   2  |   3  |    6   ||    0    ||    9    |
| grp_rdc_mont_129_Pipeline_VITIS_LOOP_340_5_fu_224 |  p1  |   2  |   3  |    6   ||    0    ||    9    |
| grp_rdc_mont_129_Pipeline_VITIS_LOOP_340_5_fu_224 |  p2  |   2  |  64  |   128  ||    0    ||    9    |
| grp_rdc_mont_129_Pipeline_VITIS_LOOP_340_5_fu_224 |  p6  |   2  |  32  |   64   ||    0    ||    9    |
| grp_rdc_mont_129_Pipeline_VITIS_LOOP_340_5_fu_224 |  p7  |   2  |   3  |    6   ||    0    ||    9    |
|---------------------------------------------------|------|------|------|--------||---------||---------||---------|
|                       Total                       |      |      |      |   470  || 4.45414 ||    0    ||   131   |
|---------------------------------------------------|------|------|------|--------||---------||---------||---------|



* Summary:
+-----------+--------+--------+--------+--------+
|           |   DSP  |  Delay |   FF   |   LUT  |
+-----------+--------+--------+--------+--------+
|  Function |   48   |    1   |  1063  |  4730  |
|   Memory  |    -   |    -   |    -   |    -   |
|Multiplexer|    -   |    4   |    0   |   131  |
|  Register |    -   |    -   |   834  |    -   |
+-----------+--------+--------+--------+--------+
|   Total   |   48   |    6   |  1897  |  4861  |
+-----------+--------+--------+--------+--------+
