

================================================================
== Vitis HLS Report for 'rdc_mont_8'
================================================================
* Date:           Fri Sep 12 16:10:40 2025

* Version:        2024.2.2 (Build 6049644 on Mar  5 2025)
* Project:        sikep503_hls
* Solution:       solution1 (Vivado IP Flow Target)
* Product family: virtexuplus58g
* Target device:  xcvu29p-fsga2577-2L-e


================================================================
== Performance Estimates
================================================================
+ Timing: 
    * Summary: 
    +--------+----------+----------+------------+
    |  Clock |  Target  | Estimated| Uncertainty|
    +--------+----------+----------+------------+
    |ap_clk  |  10.00 ns|  6.710 ns|     2.70 ns|
    +--------+----------+----------+------------+

+ Latency: 
    * Summary: 
    +---------+---------+----------+----------+-----+-----+---------+
    |  Latency (cycles) |  Latency (absolute) |  Interval | Pipeline|
    |   min   |   max   |    min   |    max   | min | max |   Type  |
    +---------+---------+----------+----------+-----+-----+---------+
    |      133|      247|  1.330 us|  2.470 us|  133|  247|       no|
    +---------+---------+----------+----------+-----+-----+---------+

    + Detail: 
        * Instance: 
        +-------------------------------------------------+--------------------------------------+---------+---------+-----------+----------+-----+-----+------------------------------------------------+
        |                                                 |                                      |  Latency (cycles) |  Latency (absolute)  |  Interval |                    Pipeline                    |
        |                     Instance                    |                Module                |   min   |   max   |    min    |    max   | min | max |                      Type                      |
        +-------------------------------------------------+--------------------------------------+---------+---------+-----------+----------+-----+-----+------------------------------------------------+
        |grp_rdc_mont_8_Pipeline_VITIS_LOOP_306_1_fu_460  |rdc_mont_8_Pipeline_VITIS_LOOP_306_1  |       10|       10|   0.100 us|  0.100 us|    9|    9|  loop auto-rewind stp (delay=0 clock cycles(s))|
        |grp_rdc_mont_8_Pipeline_VITIS_LOOP_314_3_fu_496  |rdc_mont_8_Pipeline_VITIS_LOOP_314_3  |        2|       11|  20.000 ns|  0.110 us|    1|    8|  loop auto-rewind stp (delay=0 clock cycles(s))|
        |grp_rdc_mont_8_Pipeline_VITIS_LOOP_340_5_fu_524  |rdc_mont_8_Pipeline_VITIS_LOOP_340_5  |        5|       11|  50.000 ns|  0.110 us|    2|    8|  loop auto-rewind stp (delay=0 clock cycles(s))|
        +-------------------------------------------------+--------------------------------------+---------+---------+-----------+----------+-----+-----+------------------------------------------------+

        * Loop: 
        +--------------------+---------+---------+----------+-----------+-----------+------+----------+
        |                    |  Latency (cycles) | Iteration|  Initiation Interval  | Trip |          |
        |      Loop Name     |   min   |   max   |  Latency |  achieved |   target  | Count| Pipelined|
        +--------------------+---------+---------+----------+-----------+-----------+------+----------+
        |- VITIS_LOOP_312_2  |       56|      128|    7 ~ 16|          -|          -|     8|        no|
        |- VITIS_LOOP_334_4  |       63|      105|    9 ~ 15|          -|          -|     7|        no|
        +--------------------+---------+---------+----------+-----------+-----------+------+----------+



================================================================
== Utilization Estimates
================================================================
* Summary: 
+---------------------+---------+-------+---------+---------+------+
|         Name        | BRAM_18K|  DSP  |    FF   |   LUT   | URAM |
+---------------------+---------+-------+---------+---------+------+
|DSP                  |        -|      -|        -|        -|     -|
|Expression           |        -|      -|        0|     1378|     -|
|FIFO                 |        -|      -|        -|        -|     -|
|Instance             |        0|     16|     1317|     2923|     -|
|Memory               |        -|      -|        -|        -|     -|
|Multiplexer          |        -|      -|        0|      579|     -|
|Register             |        -|      -|     1240|        -|     -|
+---------------------+---------+-------+---------+---------+------+
|Total                |        0|     16|     2557|     4880|     0|
+---------------------+---------+-------+---------+---------+------+
|Available SLR        |     1344|   3072|   864000|   432000|   320|
+---------------------+---------+-------+---------+---------+------+
|Utilization SLR (%)  |        0|     ~0|       ~0|        1|     0|
+---------------------+---------+-------+---------+---------+------+
|Available            |     5376|  12288|  3456000|  1728000|  1280|
+---------------------+---------+-------+---------+---------+------+
|Utilization (%)      |        0|     ~0|       ~0|       ~0|     0|
+---------------------+---------+-------+---------+---------+------+

+ Detail: 
    * Instance: 
    +-------------------------------------------------+--------------------------------------+---------+----+-----+------+-----+
    |                     Instance                    |                Module                | BRAM_18K| DSP|  FF |  LUT | URAM|
    +-------------------------------------------------+--------------------------------------+---------+----+-----+------+-----+
    |grp_digit_x_digit_fu_1445                        |digit_x_digit                         |        0|  16|  132|   483|    0|
    |grp_rdc_mont_8_Pipeline_VITIS_LOOP_306_1_fu_460  |rdc_mont_8_Pipeline_VITIS_LOOP_306_1  |        0|   0|    6|    51|    0|
    |grp_rdc_mont_8_Pipeline_VITIS_LOOP_314_3_fu_496  |rdc_mont_8_Pipeline_VITIS_LOOP_314_3  |        0|   0|  589|  1139|    0|
    |grp_rdc_mont_8_Pipeline_VITIS_LOOP_340_5_fu_524  |rdc_mont_8_Pipeline_VITIS_LOOP_340_5  |        0|   0|  590|  1170|    0|
    |sparsemux_15_4_64_1_1_U1582                      |sparsemux_15_4_64_1_1                 |        0|   0|    0|    37|    0|
    |sparsemux_17_3_64_1_1_U1581                      |sparsemux_17_3_64_1_1                 |        0|   0|    0|    43|    0|
    +-------------------------------------------------+--------------------------------------+---------+----+-----+------+-----+
    |Total                                            |                                      |        0|  16| 1317|  2923|    0|
    +-------------------------------------------------+--------------------------------------+---------+----+-----+------+-----+

    * DSP: 
    N/A

    * Memory: 
    N/A

    * FIFO: 
    N/A

    * Expression: 
    +-------------------------+----------+----+---+----+------------+------------+
    |      Variable Name      | Operation| DSP| FF| LUT| Bitwidth P0| Bitwidth P1|
    +-------------------------+----------+----+---+----+------------+------------+
    |add_ln312_fu_656_p2      |         +|   0|  0|  12|           4|           1|
    |add_ln314_fu_726_p2      |         +|   0|  0|  12|           4|           3|
    |add_ln334_1_fu_1062_p2   |         +|   0|  0|  12|           4|           1|
    |add_ln334_fu_1057_p2     |         +|   0|  0|  12|           4|           1|
    |add_ln338_fu_924_p2      |         +|   0|  0|  39|          32|           2|
    |t_8_fu_1051_p2           |         +|   0|  0|  71|          64|          64|
    |t_fu_840_p2              |         +|   0|  0|  71|          64|          64|
    |tempReg_8_fu_1001_p2     |         +|   0|  0|  71|          64|          64|
    |tempReg_fu_790_p2        |         +|   0|  0|  71|          64|          64|
    |v_14_fu_742_p2           |         +|   0|  0|  71|          64|          64|
    |v_15_fu_954_p2           |         +|   0|  0|  71|          64|          64|
    |v_fu_896_p2              |         +|   0|  0|  71|          64|          64|
    |sub65_fu_938_p2          |         -|   0|  0|  39|           4|          32|
    |and_ln105_2_fu_1033_p2   |       and|   0|  0|  64|          64|          64|
    |and_ln105_fu_822_p2      |       and|   0|  0|  64|          64|          64|
    |icmp_ln312_fu_650_p2     |      icmp|   0|  0|  12|           4|           5|
    |icmp_ln334_fu_861_p2     |      icmp|   0|  0|  12|           4|           2|
    |icmp_ln336_fu_918_p2     |      icmp|   0|  0|  39|          32|           1|
    |mc_0_we0                 |        or|   0|  0|   2|           1|           1|
    |mc_1_we0                 |        or|   0|  0|   2|           1|           1|
    |mc_2_we0                 |        or|   0|  0|   2|           1|           1|
    |mc_3_we0                 |        or|   0|  0|   2|           1|           1|
    |mc_4_we0                 |        or|   0|  0|   2|           1|           1|
    |mc_5_we0                 |        or|   0|  0|   2|           1|           1|
    |mc_6_we0                 |        or|   0|  0|   2|           1|           1|
    |mc_7_we0                 |        or|   0|  0|   2|           1|           1|
    |or_ln105_6_fu_977_p2     |        or|   0|  0|  64|          64|          64|
    |or_ln105_fu_766_p2       |        or|   0|  0|  64|          64|          64|
    |count_2_fu_930_p3        |    select|   0|  0|  32|           1|          32|
    |xor_ln105_22_fu_761_p2   |       xor|   0|  0|  64|          64|          64|
    |xor_ln105_23_fu_772_p2   |       xor|   0|  0|  64|          64|          64|
    |xor_ln105_31_fu_804_p2   |       xor|   0|  0|   2|           1|           2|
    |xor_ln105_32_fu_966_p2   |       xor|   0|  0|  64|          64|          64|
    |xor_ln105_33_fu_972_p2   |       xor|   0|  0|  64|          64|          64|
    |xor_ln105_34_fu_983_p2   |       xor|   0|  0|  64|          64|          64|
    |xor_ln105_35_fu_1015_p2  |       xor|   0|  0|   2|           1|           2|
    |xor_ln105_fu_755_p2      |       xor|   0|  0|  64|          64|          64|
    +-------------------------+----------+----+---+----+------------+------------+
    |Total                    |          |   0|  0|1378|        1191|        1180|
    +-------------------------+----------+----+---+----+------------+------------+

    * Multiplexer: 
    +------------------------------------+----+-----------+-----+-----------+
    |                Name                | LUT| Input Size| Bits| Total Bits|
    +------------------------------------+----+-----------+-----+-----------+
    |ap_NS_fsm                           |  65|         13|    1|         13|
    |count_fu_200                        |   9|          2|   32|         64|
    |grp_digit_x_digit_fu_1445_a         |  14|          3|   64|        192|
    |grp_digit_x_digit_fu_1445_ap_start  |  14|          3|    1|          3|
    |grp_digit_x_digit_fu_1445_b         |  14|          3|   64|        192|
    |i_3_fu_164                          |   9|          2|    4|          8|
    |i_4_fu_216                          |   9|          2|    4|          8|
    |indvars_iv_fu_212                   |   9|          2|    4|          8|
    |mc_0_address0                       |   9|          2|    1|          2|
    |mc_0_ce0                            |   9|          2|    1|          2|
    |mc_0_d0                             |   9|          2|   64|        128|
    |mc_0_d0_local                       |  14|          3|   64|        192|
    |mc_0_we0                            |   9|          2|    1|          2|
    |mc_1_address0                       |   9|          2|    1|          2|
    |mc_1_ce0                            |   9|          2|    1|          2|
    |mc_1_d0                             |   9|          2|   64|        128|
    |mc_1_d0_local                       |  14|          3|   64|        192|
    |mc_1_we0                            |   9|          2|    1|          2|
    |mc_2_address0                       |   9|          2|    1|          2|
    |mc_2_ce0                            |   9|          2|    1|          2|
    |mc_2_d0                             |   9|          2|   64|        128|
    |mc_2_d0_local                       |  14|          3|   64|        192|
    |mc_2_we0                            |   9|          2|    1|          2|
    |mc_3_address0                       |   9|          2|    1|          2|
    |mc_3_ce0                            |   9|          2|    1|          2|
    |mc_3_d0                             |   9|          2|   64|        128|
    |mc_3_d0_local                       |  14|          3|   64|        192|
    |mc_3_we0                            |   9|          2|    1|          2|
    |mc_4_address0                       |   9|          2|    1|          2|
    |mc_4_ce0                            |   9|          2|    1|          2|
    |mc_4_d0                             |   9|          2|   64|        128|
    |mc_4_d0_local                       |  14|          3|   64|        192|
    |mc_4_we0                            |   9|          2|    1|          2|
    |mc_5_address0                       |   9|          2|    1|          2|
    |mc_5_ce0                            |   9|          2|    1|          2|
    |mc_5_d0                             |   9|          2|   64|        128|
    |mc_5_d0_local                       |  14|          3|   64|        192|
    |mc_5_we0                            |   9|          2|    1|          2|
    |mc_6_address0                       |   9|          2|    1|          2|
    |mc_6_ce0                            |   9|          2|    1|          2|
    |mc_6_d0                             |   9|          2|   64|        128|
    |mc_6_d0_local                       |  14|          3|   64|        192|
    |mc_6_we0                            |   9|          2|    1|          2|
    |mc_7_address0                       |   9|          2|    1|          2|
    |mc_7_ce0                            |   9|          2|    1|          2|
    |mc_7_d0                             |   9|          2|   64|        128|
    |mc_7_d0_local                       |  14|          3|   64|        192|
    |mc_7_we0                            |   9|          2|    1|          2|
    |u_1_fu_168                          |   9|          2|   64|        128|
    |u_3_fu_204                          |   9|          2|   64|        128|
    |v_1_fu_172                          |   9|          2|   64|        128|
    |v_4_fu_208                          |   9|          2|   64|        128|
    +------------------------------------+----+-----------+-----+-----------+
    |Total                               | 579|        126| 1478|       3608|
    +------------------------------------+----+-----------+-----+-----------+

    * Register: 
    +--------------------------------------------------------------+----+----+-----+-----------+
    |                             Name                             | FF | LUT| Bits| Const Bits|
    +--------------------------------------------------------------+----+----+-----+-----------+
    |add_ln312_reg_1326                                            |   4|   0|    4|          0|
    |add_ln314_reg_1379                                            |   4|   0|    4|          0|
    |ap_CS_fsm                                                     |  12|   0|   12|          0|
    |count_2_reg_1435                                              |  32|   0|   32|          0|
    |count_fu_200                                                  |  32|   0|   32|          0|
    |grp_rdc_mont_8_Pipeline_VITIS_LOOP_306_1_fu_460_ap_start_reg  |   1|   0|    1|          0|
    |grp_rdc_mont_8_Pipeline_VITIS_LOOP_314_3_fu_496_ap_start_reg  |   1|   0|    1|          0|
    |grp_rdc_mont_8_Pipeline_VITIS_LOOP_340_5_fu_524_ap_start_reg  |   1|   0|    1|          0|
    |i_3_fu_164                                                    |   4|   0|    4|          0|
    |i_4_fu_216                                                    |   4|   0|    4|          0|
    |i_8_reg_1404                                                  |   4|   0|    4|          0|
    |indvars_iv_fu_212                                             |   4|   0|    4|          0|
    |mc_0_addr_reg_1312                                            |   1|   0|    1|          0|
    |mc_0_load_reg_1384                                            |  64|   0|   64|          0|
    |mc_1_addr_reg_1307                                            |   1|   0|    1|          0|
    |mc_2_addr_reg_1302                                            |   1|   0|    1|          0|
    |mc_3_addr_reg_1297                                            |   1|   0|    1|          0|
    |mc_4_addr_reg_1292                                            |   1|   0|    1|          0|
    |mc_5_addr_reg_1287                                            |   1|   0|    1|          0|
    |mc_6_addr_reg_1282                                            |   1|   0|    1|          0|
    |mc_7_addr_reg_1277                                            |   1|   0|    1|          0|
    |mc_7_load_reg_1399                                            |  64|   0|   64|          0|
    |reg_558                                                       |  64|   0|   64|          0|
    |reg_564                                                       |  64|   0|   64|          0|
    |reg_570                                                       |  64|   0|   64|          0|
    |reg_576                                                       |  64|   0|   64|          0|
    |reg_582                                                       |  64|   0|   64|          0|
    |reg_588                                                       |  64|   0|   64|          0|
    |sub65_reg_1440                                                |  32|   0|   32|          0|
    |t_reg_1394                                                    |  64|   0|   64|          0|
    |tempReg_reg_1389                                              |  64|   0|   64|          0|
    |tmp_reg_1338                                                  |  64|   0|   64|          0|
    |tmp_s_reg_1411                                                |  64|   0|   64|          0|
    |trunc_ln312_reg_1331                                          |   3|   0|    3|          0|
    |trunc_ln334_2_reg_1430                                        |   3|   0|    3|          0|
    |trunc_ln334_reg_1425                                          |   3|   0|    3|          0|
    |u_1_fu_168                                                    |  64|   0|   64|          0|
    |u_3_fu_204                                                    |  64|   0|   64|          0|
    |v_1_fu_172                                                    |  64|   0|   64|          0|
    |v_4_fu_208                                                    |  64|   0|   64|          0|
    |v_4_load_2_reg_1420                                           |  64|   0|   64|          0|
    +--------------------------------------------------------------+----+----+-----+-----------+
    |Total                                                         |1240|   0| 1240|          0|
    +--------------------------------------------------------------+----+----+-----+-----------+



================================================================
== Interface
================================================================
* Summary: 
+---------------+-----+-----+------------+--------------+--------------+
|   RTL Ports   | Dir | Bits|  Protocol  | Source Object|    C Type    |
+---------------+-----+-----+------------+--------------+--------------+
|ap_clk         |   in|    1|  ap_ctrl_hs|    rdc_mont.8|  return value|
|ap_rst         |   in|    1|  ap_ctrl_hs|    rdc_mont.8|  return value|
|ap_start       |   in|    1|  ap_ctrl_hs|    rdc_mont.8|  return value|
|ap_done        |  out|    1|  ap_ctrl_hs|    rdc_mont.8|  return value|
|ap_idle        |  out|    1|  ap_ctrl_hs|    rdc_mont.8|  return value|
|ap_ready       |  out|    1|  ap_ctrl_hs|    rdc_mont.8|  return value|
|ma_0_val       |   in|   64|     ap_none|      ma_0_val|        scalar|
|ma_1_val       |   in|   64|     ap_none|      ma_1_val|        scalar|
|ma_2_val       |   in|   64|     ap_none|      ma_2_val|        scalar|
|ma_3_val       |   in|   64|     ap_none|      ma_3_val|        scalar|
|ma_4_val       |   in|   64|     ap_none|      ma_4_val|        scalar|
|ma_5_val       |   in|   64|     ap_none|      ma_5_val|        scalar|
|ma_6_val       |   in|   64|     ap_none|      ma_6_val|        scalar|
|ma_7_val       |   in|   64|     ap_none|      ma_7_val|        scalar|
|ma_8_val       |   in|   64|     ap_none|      ma_8_val|        scalar|
|ma_9_val       |   in|   64|     ap_none|      ma_9_val|        scalar|
|ma_10_val      |   in|   64|     ap_none|     ma_10_val|        scalar|
|ma_11_val      |   in|   64|     ap_none|     ma_11_val|        scalar|
|ma_12_val      |   in|   64|     ap_none|     ma_12_val|        scalar|
|ma_13_val      |   in|   64|     ap_none|     ma_13_val|        scalar|
|ma_14_val      |   in|   64|     ap_none|     ma_14_val|        scalar|
|ma_15_val      |   in|   64|     ap_none|     ma_15_val|        scalar|
|mc_0_address0  |  out|    1|   ap_memory|          mc_0|         array|
|mc_0_ce0       |  out|    1|   ap_memory|          mc_0|         array|
|mc_0_we0       |  out|    1|   ap_memory|          mc_0|         array|
|mc_0_d0        |  out|   64|   ap_memory|          mc_0|         array|
|mc_0_q0        |   in|   64|   ap_memory|          mc_0|         array|
|mc_0_offset    |   in|    1|     ap_none|   mc_0_offset|        scalar|
|mc_1_address0  |  out|    1|   ap_memory|          mc_1|         array|
|mc_1_ce0       |  out|    1|   ap_memory|          mc_1|         array|
|mc_1_we0       |  out|    1|   ap_memory|          mc_1|         array|
|mc_1_d0        |  out|   64|   ap_memory|          mc_1|         array|
|mc_1_q0        |   in|   64|   ap_memory|          mc_1|         array|
|mc_1_offset    |   in|    1|     ap_none|   mc_1_offset|        scalar|
|mc_2_address0  |  out|    1|   ap_memory|          mc_2|         array|
|mc_2_ce0       |  out|    1|   ap_memory|          mc_2|         array|
|mc_2_we0       |  out|    1|   ap_memory|          mc_2|         array|
|mc_2_d0        |  out|   64|   ap_memory|          mc_2|         array|
|mc_2_q0        |   in|   64|   ap_memory|          mc_2|         array|
|mc_2_offset    |   in|    1|     ap_none|   mc_2_offset|        scalar|
|mc_3_address0  |  out|    1|   ap_memory|          mc_3|         array|
|mc_3_ce0       |  out|    1|   ap_memory|          mc_3|         array|
|mc_3_we0       |  out|    1|   ap_memory|          mc_3|         array|
|mc_3_d0        |  out|   64|   ap_memory|          mc_3|         array|
|mc_3_q0        |   in|   64|   ap_memory|          mc_3|         array|
|mc_3_offset    |   in|    1|     ap_none|   mc_3_offset|        scalar|
|mc_4_address0  |  out|    1|   ap_memory|          mc_4|         array|
|mc_4_ce0       |  out|    1|   ap_memory|          mc_4|         array|
|mc_4_we0       |  out|    1|   ap_memory|          mc_4|         array|
|mc_4_d0        |  out|   64|   ap_memory|          mc_4|         array|
|mc_4_q0        |   in|   64|   ap_memory|          mc_4|         array|
|mc_4_offset    |   in|    1|     ap_none|   mc_4_offset|        scalar|
|mc_5_address0  |  out|    1|   ap_memory|          mc_5|         array|
|mc_5_ce0       |  out|    1|   ap_memory|          mc_5|         array|
|mc_5_we0       |  out|    1|   ap_memory|          mc_5|         array|
|mc_5_d0        |  out|   64|   ap_memory|          mc_5|         array|
|mc_5_q0        |   in|   64|   ap_memory|          mc_5|         array|
|mc_5_offset    |   in|    1|     ap_none|   mc_5_offset|        scalar|
|mc_6_address0  |  out|    1|   ap_memory|          mc_6|         array|
|mc_6_ce0       |  out|    1|   ap_memory|          mc_6|         array|
|mc_6_we0       |  out|    1|   ap_memory|          mc_6|         array|
|mc_6_d0        |  out|   64|   ap_memory|          mc_6|         array|
|mc_6_q0        |   in|   64|   ap_memory|          mc_6|         array|
|mc_6_offset    |   in|    1|     ap_none|   mc_6_offset|        scalar|
|mc_7_address0  |  out|    1|   ap_memory|          mc_7|         array|
|mc_7_ce0       |  out|    1|   ap_memory|          mc_7|         array|
|mc_7_we0       |  out|    1|   ap_memory|          mc_7|         array|
|mc_7_d0        |  out|   64|   ap_memory|          mc_7|         array|
|mc_7_q0        |   in|   64|   ap_memory|          mc_7|         array|
|mc_7_offset    |   in|    1|     ap_none|   mc_7_offset|        scalar|
+---------------+-----+-----+------------+--------------+--------------+

============================================================
+ Verbose Summary: Synthesis Manager
============================================================
InlineROM: 1
ExposeGlobal: 0
============================================================
+ Verbose Summary: CDFG Model
============================================================
IsTopModel: 0
ResetActiveHigh: 1
IsCombinational: 2
IsDatapathOnly: 2
HasWiredReturn: 1
HasMFsm: 0
HasVarLatency: 1
IsPipeline: 0
IsRtlPipelined: 0
IsInstanceOverlapped: 1
IsDontTouch: 0
HasImplIP: 0
IsGatedGlobalClock: 0


============================================================
+ Verbose Summary: Schedule
============================================================
* Number of FSM states : 12
* Pipeline : 0
* Dataflow Pipeline: 0

* FSM state transitions: 
1 --> 2 
2 --> 3 
3 --> 4 8 
4 --> 5 
5 --> 6 
6 --> 7 
7 --> 3 
8 --> 9 
9 --> 10 
10 --> 11 
11 --> 12 
12 --> 9 

* FSM state operations: 

State 1 <SV = 0> <Delay = 0.71>
ST_1 : Operation 13 [1/1] (0.00ns)   --->   "%i_3 = alloca i32 1" [src/generic/fp_generic.cpp:302]   --->   Operation 13 'alloca' 'i_3' <Predicate = true> <Delay = 0.00>
ST_1 : Operation 14 [1/1] (0.00ns)   --->   "%u_1 = alloca i32 1" [src/generic/fp_generic.cpp:303]   --->   Operation 14 'alloca' 'u_1' <Predicate = true> <Delay = 0.00>
ST_1 : Operation 15 [1/1] (0.00ns)   --->   "%v_1 = alloca i32 1" [src/generic/fp_generic.cpp:303]   --->   Operation 15 'alloca' 'v_1' <Predicate = true> <Delay = 0.00>
ST_1 : Operation 16 [1/1] (0.00ns)   --->   "%mc_7_offset_read = read i1 @_ssdm_op_Read.ap_auto.i1, i1 %mc_7_offset"   --->   Operation 16 'read' 'mc_7_offset_read' <Predicate = true> <Delay = 0.00>
ST_1 : Operation 17 [1/1] (0.00ns)   --->   "%mc_6_offset_read = read i1 @_ssdm_op_Read.ap_auto.i1, i1 %mc_6_offset"   --->   Operation 17 'read' 'mc_6_offset_read' <Predicate = true> <Delay = 0.00>
ST_1 : Operation 18 [1/1] (0.00ns)   --->   "%mc_5_offset_read = read i1 @_ssdm_op_Read.ap_auto.i1, i1 %mc_5_offset"   --->   Operation 18 'read' 'mc_5_offset_read' <Predicate = true> <Delay = 0.00>
ST_1 : Operation 19 [1/1] (0.00ns)   --->   "%mc_4_offset_read = read i1 @_ssdm_op_Read.ap_auto.i1, i1 %mc_4_offset"   --->   Operation 19 'read' 'mc_4_offset_read' <Predicate = true> <Delay = 0.00>
ST_1 : Operation 20 [1/1] (0.00ns)   --->   "%mc_3_offset_read = read i1 @_ssdm_op_Read.ap_auto.i1, i1 %mc_3_offset"   --->   Operation 20 'read' 'mc_3_offset_read' <Predicate = true> <Delay = 0.00>
ST_1 : Operation 21 [1/1] (0.00ns)   --->   "%mc_2_offset_read = read i1 @_ssdm_op_Read.ap_auto.i1, i1 %mc_2_offset"   --->   Operation 21 'read' 'mc_2_offset_read' <Predicate = true> <Delay = 0.00>
ST_1 : Operation 22 [1/1] (0.00ns)   --->   "%mc_1_offset_read = read i1 @_ssdm_op_Read.ap_auto.i1, i1 %mc_1_offset"   --->   Operation 22 'read' 'mc_1_offset_read' <Predicate = true> <Delay = 0.00>
ST_1 : Operation 23 [1/1] (0.00ns)   --->   "%mc_0_offset_read = read i1 @_ssdm_op_Read.ap_auto.i1, i1 %mc_0_offset"   --->   Operation 23 'read' 'mc_0_offset_read' <Predicate = true> <Delay = 0.00>
ST_1 : Operation 24 [1/1] (0.00ns)   --->   "%t_6_loc = alloca i64 1"   --->   Operation 24 'alloca' 't_6_loc' <Predicate = true> <Delay = 0.00>
ST_1 : Operation 25 [1/1] (0.00ns)   --->   "%u_8_loc = alloca i64 1"   --->   Operation 25 'alloca' 'u_8_loc' <Predicate = true> <Delay = 0.00>
ST_1 : Operation 26 [1/1] (0.00ns)   --->   "%v_19_loc = alloca i64 1"   --->   Operation 26 'alloca' 'v_19_loc' <Predicate = true> <Delay = 0.00>
ST_1 : Operation 27 [1/1] (0.00ns)   --->   "%t_1_loc = alloca i64 1"   --->   Operation 27 'alloca' 't_1_loc' <Predicate = true> <Delay = 0.00>
ST_1 : Operation 28 [1/1] (0.00ns)   --->   "%u_loc = alloca i64 1"   --->   Operation 28 'alloca' 'u_loc' <Predicate = true> <Delay = 0.00>
ST_1 : Operation 29 [1/1] (0.00ns)   --->   "%v_loc = alloca i64 1"   --->   Operation 29 'alloca' 'v_loc' <Predicate = true> <Delay = 0.00>
ST_1 : Operation 30 [2/2] (0.71ns)   --->   "%call_ln0 = call void @rdc_mont.8_Pipeline_VITIS_LOOP_306_1, i64 %mc_0, i1 %mc_0_offset_read, i64 %mc_7, i1 %mc_7_offset_read, i64 %mc_6, i1 %mc_6_offset_read, i64 %mc_5, i1 %mc_5_offset_read, i64 %mc_4, i1 %mc_4_offset_read, i64 %mc_3, i1 %mc_3_offset_read, i64 %mc_2, i1 %mc_2_offset_read, i64 %mc_1, i1 %mc_1_offset_read"   --->   Operation 30 'call' 'call_ln0' <Predicate = true> <Delay = 0.71> <CoreType = "Generic">   --->   Generic Core
ST_1 : Operation 31 [1/1] (0.38ns)   --->   "%store_ln303 = store i64 0, i64 %v_1" [src/generic/fp_generic.cpp:303]   --->   Operation 31 'store' 'store_ln303' <Predicate = true> <Delay = 0.38>
ST_1 : Operation 32 [1/1] (0.38ns)   --->   "%store_ln303 = store i64 0, i64 %u_1" [src/generic/fp_generic.cpp:303]   --->   Operation 32 'store' 'store_ln303' <Predicate = true> <Delay = 0.38>
ST_1 : Operation 33 [1/1] (0.38ns)   --->   "%store_ln302 = store i4 0, i4 %i_3" [src/generic/fp_generic.cpp:302]   --->   Operation 33 'store' 'store_ln302' <Predicate = true> <Delay = 0.38>

State 2 <SV = 1> <Delay = 1.48>
ST_2 : Operation 34 [1/1] (0.00ns)   --->   "%ma_15_val_read = read i64 @_ssdm_op_Read.ap_auto.i64, i64 %ma_15_val"   --->   Operation 34 'read' 'ma_15_val_read' <Predicate = true> <Delay = 0.00>
ST_2 : Operation 35 [1/1] (0.00ns)   --->   "%ma_14_val_read = read i64 @_ssdm_op_Read.ap_auto.i64, i64 %ma_14_val"   --->   Operation 35 'read' 'ma_14_val_read' <Predicate = true> <Delay = 0.00>
ST_2 : Operation 36 [1/1] (0.00ns)   --->   "%ma_13_val_read = read i64 @_ssdm_op_Read.ap_auto.i64, i64 %ma_13_val"   --->   Operation 36 'read' 'ma_13_val_read' <Predicate = true> <Delay = 0.00>
ST_2 : Operation 37 [1/1] (0.00ns)   --->   "%ma_12_val_read = read i64 @_ssdm_op_Read.ap_auto.i64, i64 %ma_12_val"   --->   Operation 37 'read' 'ma_12_val_read' <Predicate = true> <Delay = 0.00>
ST_2 : Operation 38 [1/1] (0.00ns)   --->   "%ma_11_val_read = read i64 @_ssdm_op_Read.ap_auto.i64, i64 %ma_11_val"   --->   Operation 38 'read' 'ma_11_val_read' <Predicate = true> <Delay = 0.00>
ST_2 : Operation 39 [1/1] (0.00ns)   --->   "%ma_10_val_read = read i64 @_ssdm_op_Read.ap_auto.i64, i64 %ma_10_val"   --->   Operation 39 'read' 'ma_10_val_read' <Predicate = true> <Delay = 0.00>
ST_2 : Operation 40 [1/1] (0.00ns)   --->   "%ma_9_val_read = read i64 @_ssdm_op_Read.ap_auto.i64, i64 %ma_9_val"   --->   Operation 40 'read' 'ma_9_val_read' <Predicate = true> <Delay = 0.00>
ST_2 : Operation 41 [1/1] (0.00ns)   --->   "%ma_8_val_read = read i64 @_ssdm_op_Read.ap_auto.i64, i64 %ma_8_val"   --->   Operation 41 'read' 'ma_8_val_read' <Predicate = true> <Delay = 0.00>
ST_2 : Operation 42 [1/1] (0.00ns)   --->   "%ma_7_val_read = read i64 @_ssdm_op_Read.ap_auto.i64, i64 %ma_7_val"   --->   Operation 42 'read' 'ma_7_val_read' <Predicate = true> <Delay = 0.00>
ST_2 : Operation 43 [1/1] (0.00ns)   --->   "%ma_6_val_read = read i64 @_ssdm_op_Read.ap_auto.i64, i64 %ma_6_val"   --->   Operation 43 'read' 'ma_6_val_read' <Predicate = true> <Delay = 0.00>
ST_2 : Operation 44 [1/1] (0.00ns)   --->   "%ma_5_val_read = read i64 @_ssdm_op_Read.ap_auto.i64, i64 %ma_5_val"   --->   Operation 44 'read' 'ma_5_val_read' <Predicate = true> <Delay = 0.00>
ST_2 : Operation 45 [1/1] (0.00ns)   --->   "%ma_4_val_read = read i64 @_ssdm_op_Read.ap_auto.i64, i64 %ma_4_val"   --->   Operation 45 'read' 'ma_4_val_read' <Predicate = true> <Delay = 0.00>
ST_2 : Operation 46 [1/1] (0.00ns)   --->   "%ma_3_val_read = read i64 @_ssdm_op_Read.ap_auto.i64, i64 %ma_3_val"   --->   Operation 46 'read' 'ma_3_val_read' <Predicate = true> <Delay = 0.00>
ST_2 : Operation 47 [1/1] (0.00ns)   --->   "%ma_2_val_read = read i64 @_ssdm_op_Read.ap_auto.i64, i64 %ma_2_val"   --->   Operation 47 'read' 'ma_2_val_read' <Predicate = true> <Delay = 0.00>
ST_2 : Operation 48 [1/1] (0.00ns)   --->   "%ma_1_val_read = read i64 @_ssdm_op_Read.ap_auto.i64, i64 %ma_1_val"   --->   Operation 48 'read' 'ma_1_val_read' <Predicate = true> <Delay = 0.00>
ST_2 : Operation 49 [1/1] (0.00ns)   --->   "%ma_0_val_read = read i64 @_ssdm_op_Read.ap_auto.i64, i64 %ma_0_val"   --->   Operation 49 'read' 'ma_0_val_read' <Predicate = true> <Delay = 0.00>
ST_2 : Operation 50 [1/1] (0.00ns)   --->   "%zext_ln299 = zext i1 %mc_7_offset_read" [src/generic/fp_generic.cpp:299]   --->   Operation 50 'zext' 'zext_ln299' <Predicate = true> <Delay = 0.00>
ST_2 : Operation 51 [1/1] (0.00ns)   --->   "%zext_ln299_1 = zext i1 %mc_6_offset_read" [src/generic/fp_generic.cpp:299]   --->   Operation 51 'zext' 'zext_ln299_1' <Predicate = true> <Delay = 0.00>
ST_2 : Operation 52 [1/1] (0.00ns)   --->   "%zext_ln299_2 = zext i1 %mc_5_offset_read" [src/generic/fp_generic.cpp:299]   --->   Operation 52 'zext' 'zext_ln299_2' <Predicate = true> <Delay = 0.00>
ST_2 : Operation 53 [1/1] (0.00ns)   --->   "%zext_ln299_3 = zext i1 %mc_4_offset_read" [src/generic/fp_generic.cpp:299]   --->   Operation 53 'zext' 'zext_ln299_3' <Predicate = true> <Delay = 0.00>
ST_2 : Operation 54 [1/1] (0.00ns)   --->   "%zext_ln299_4 = zext i1 %mc_3_offset_read" [src/generic/fp_generic.cpp:299]   --->   Operation 54 'zext' 'zext_ln299_4' <Predicate = true> <Delay = 0.00>
ST_2 : Operation 55 [1/1] (0.00ns)   --->   "%zext_ln299_5 = zext i1 %mc_2_offset_read" [src/generic/fp_generic.cpp:299]   --->   Operation 55 'zext' 'zext_ln299_5' <Predicate = true> <Delay = 0.00>
ST_2 : Operation 56 [1/1] (0.00ns)   --->   "%zext_ln299_6 = zext i1 %mc_1_offset_read" [src/generic/fp_generic.cpp:299]   --->   Operation 56 'zext' 'zext_ln299_6' <Predicate = true> <Delay = 0.00>
ST_2 : Operation 57 [1/1] (0.00ns)   --->   "%zext_ln299_7 = zext i1 %mc_0_offset_read" [src/generic/fp_generic.cpp:299]   --->   Operation 57 'zext' 'zext_ln299_7' <Predicate = true> <Delay = 0.00>
ST_2 : Operation 58 [1/1] (0.00ns)   --->   "%mc_7_addr = getelementptr i64 %mc_7, i64 0, i64 %zext_ln299" [src/generic/fp_generic.cpp:299]   --->   Operation 58 'getelementptr' 'mc_7_addr' <Predicate = true> <Delay = 0.00>
ST_2 : Operation 59 [1/1] (0.00ns)   --->   "%mc_6_addr = getelementptr i64 %mc_6, i64 0, i64 %zext_ln299_1" [src/generic/fp_generic.cpp:299]   --->   Operation 59 'getelementptr' 'mc_6_addr' <Predicate = true> <Delay = 0.00>
ST_2 : Operation 60 [1/1] (0.00ns)   --->   "%mc_5_addr = getelementptr i64 %mc_5, i64 0, i64 %zext_ln299_2" [src/generic/fp_generic.cpp:299]   --->   Operation 60 'getelementptr' 'mc_5_addr' <Predicate = true> <Delay = 0.00>
ST_2 : Operation 61 [1/1] (0.00ns)   --->   "%mc_4_addr = getelementptr i64 %mc_4, i64 0, i64 %zext_ln299_3" [src/generic/fp_generic.cpp:299]   --->   Operation 61 'getelementptr' 'mc_4_addr' <Predicate = true> <Delay = 0.00>
ST_2 : Operation 62 [1/1] (0.00ns)   --->   "%mc_3_addr = getelementptr i64 %mc_3, i64 0, i64 %zext_ln299_4" [src/generic/fp_generic.cpp:299]   --->   Operation 62 'getelementptr' 'mc_3_addr' <Predicate = true> <Delay = 0.00>
ST_2 : Operation 63 [1/1] (0.00ns)   --->   "%mc_2_addr = getelementptr i64 %mc_2, i64 0, i64 %zext_ln299_5" [src/generic/fp_generic.cpp:299]   --->   Operation 63 'getelementptr' 'mc_2_addr' <Predicate = true> <Delay = 0.00>
ST_2 : Operation 64 [1/1] (0.00ns)   --->   "%mc_1_addr = getelementptr i64 %mc_1, i64 0, i64 %zext_ln299_6" [src/generic/fp_generic.cpp:299]   --->   Operation 64 'getelementptr' 'mc_1_addr' <Predicate = true> <Delay = 0.00>
ST_2 : Operation 65 [1/1] (0.00ns)   --->   "%mc_0_addr = getelementptr i64 %mc_0, i64 0, i64 %zext_ln299_7" [src/generic/fp_generic.cpp:299]   --->   Operation 65 'getelementptr' 'mc_0_addr' <Predicate = true> <Delay = 0.00>
ST_2 : Operation 66 [1/1] (0.00ns)   --->   "%specmemcore_ln0 = specmemcore void @_ssdm_op_SpecMemCore, i64 %mc_7, i64 666, i64 17, i64 18446744073709551615"   --->   Operation 66 'specmemcore' 'specmemcore_ln0' <Predicate = true> <Delay = 0.00>
ST_2 : Operation 67 [1/1] (0.00ns)   --->   "%specmemcore_ln0 = specmemcore void @_ssdm_op_SpecMemCore, i64 %mc_6, i64 666, i64 17, i64 18446744073709551615"   --->   Operation 67 'specmemcore' 'specmemcore_ln0' <Predicate = true> <Delay = 0.00>
ST_2 : Operation 68 [1/1] (0.00ns)   --->   "%specmemcore_ln0 = specmemcore void @_ssdm_op_SpecMemCore, i64 %mc_5, i64 666, i64 17, i64 18446744073709551615"   --->   Operation 68 'specmemcore' 'specmemcore_ln0' <Predicate = true> <Delay = 0.00>
ST_2 : Operation 69 [1/1] (0.00ns)   --->   "%specmemcore_ln0 = specmemcore void @_ssdm_op_SpecMemCore, i64 %mc_4, i64 666, i64 17, i64 18446744073709551615"   --->   Operation 69 'specmemcore' 'specmemcore_ln0' <Predicate = true> <Delay = 0.00>
ST_2 : Operation 70 [1/1] (0.00ns)   --->   "%specmemcore_ln0 = specmemcore void @_ssdm_op_SpecMemCore, i64 %mc_3, i64 666, i64 17, i64 18446744073709551615"   --->   Operation 70 'specmemcore' 'specmemcore_ln0' <Predicate = true> <Delay = 0.00>
ST_2 : Operation 71 [1/1] (0.00ns)   --->   "%specmemcore_ln0 = specmemcore void @_ssdm_op_SpecMemCore, i64 %mc_2, i64 666, i64 17, i64 18446744073709551615"   --->   Operation 71 'specmemcore' 'specmemcore_ln0' <Predicate = true> <Delay = 0.00>
ST_2 : Operation 72 [1/1] (0.00ns)   --->   "%specmemcore_ln0 = specmemcore void @_ssdm_op_SpecMemCore, i64 %mc_1, i64 666, i64 17, i64 18446744073709551615"   --->   Operation 72 'specmemcore' 'specmemcore_ln0' <Predicate = true> <Delay = 0.00>
ST_2 : Operation 73 [1/1] (0.00ns)   --->   "%specmemcore_ln0 = specmemcore void @_ssdm_op_SpecMemCore, i64 %mc_0, i64 666, i64 17, i64 18446744073709551615"   --->   Operation 73 'specmemcore' 'specmemcore_ln0' <Predicate = true> <Delay = 0.00>
ST_2 : Operation 74 [1/2] (1.48ns)   --->   "%call_ln0 = call void @rdc_mont.8_Pipeline_VITIS_LOOP_306_1, i64 %mc_0, i1 %mc_0_offset_read, i64 %mc_7, i1 %mc_7_offset_read, i64 %mc_6, i1 %mc_6_offset_read, i64 %mc_5, i1 %mc_5_offset_read, i64 %mc_4, i1 %mc_4_offset_read, i64 %mc_3, i1 %mc_3_offset_read, i64 %mc_2, i1 %mc_2_offset_read, i64 %mc_1, i1 %mc_1_offset_read"   --->   Operation 74 'call' 'call_ln0' <Predicate = true> <Delay = 1.48> <CoreType = "Generic">   --->   Generic Core
ST_2 : Operation 75 [1/1] (0.00ns)   --->   "%br_ln312 = br void %VITIS_LOOP_314_3" [src/generic/fp_generic.cpp:312]   --->   Operation 75 'br' 'br_ln312' <Predicate = true> <Delay = 0.00>

State 3 <SV = 2> <Delay = 1.09>
ST_3 : Operation 76 [1/1] (0.00ns)   --->   "%i = load i4 %i_3" [src/generic/fp_generic.cpp:312]   --->   Operation 76 'load' 'i' <Predicate = true> <Delay = 0.00>
ST_3 : Operation 77 [1/1] (0.00ns)   --->   "%u_10 = load i64 %u_1"   --->   Operation 77 'load' 'u_10' <Predicate = true> <Delay = 0.00>
ST_3 : Operation 78 [1/1] (0.00ns)   --->   "%v_13 = load i64 %v_1"   --->   Operation 78 'load' 'v_13' <Predicate = true> <Delay = 0.00>
ST_3 : Operation 79 [1/1] (0.70ns)   --->   "%icmp_ln312 = icmp_eq  i4 %i, i4 8" [src/generic/fp_generic.cpp:312]   --->   Operation 79 'icmp' 'icmp_ln312' <Predicate = true> <Delay = 0.70> <CoreInst = "Cmp">   --->   Core 9 'Cmp' <Latency = 0> <II = 1> <Delay = 0.70> <FuncUnit> <Opcode : 'seteq' 'setne' 'setle' 'setge' 'setlt' 'setgt'> <InPorts = 2> <OutPorts = 1>
ST_3 : Operation 80 [1/1] (0.70ns)   --->   "%add_ln312 = add i4 %i, i4 1" [src/generic/fp_generic.cpp:312]   --->   Operation 80 'add' 'add_ln312' <Predicate = true> <Delay = 0.70> <CoreInst = "Adder">   --->   Core 1 'Adder' <Latency = 0> <II = 1> <Delay = 0.70> <FuncUnit> <Opcode : 'add' 'sub'> <InPorts = 2> <OutPorts = 1>
ST_3 : Operation 81 [1/1] (0.00ns)   --->   "%br_ln312 = br i1 %icmp_ln312, void %VITIS_LOOP_314_3.split, void %VITIS_LOOP_334_4" [src/generic/fp_generic.cpp:312]   --->   Operation 81 'br' 'br_ln312' <Predicate = true> <Delay = 0.00>
ST_3 : Operation 82 [1/1] (0.00ns)   --->   "%trunc_ln312 = trunc i4 %i" [src/generic/fp_generic.cpp:312]   --->   Operation 82 'trunc' 'trunc_ln312' <Predicate = (!icmp_ln312)> <Delay = 0.00>
ST_3 : Operation 83 [2/2] (0.71ns)   --->   "%mc_0_load = load i1 %mc_0_addr" [src/generic/fp_generic.cpp:299]   --->   Operation 83 'load' 'mc_0_load' <Predicate = (!icmp_ln312)> <Delay = 0.71> <CoreInst = "RAM_1P">   --->   Core 87 'RAM_1P' <Latency = 1> <II = 1> <Delay = 0.71> <Storage> <Opcode : 'load' 'store'> <Ports = 1> <Width = 64> <Depth = 2> <RAM>
ST_3 : Operation 84 [2/2] (0.71ns)   --->   "%mc_1_load = load i1 %mc_1_addr" [src/generic/fp_generic.cpp:299]   --->   Operation 84 'load' 'mc_1_load' <Predicate = (!icmp_ln312)> <Delay = 0.71> <CoreInst = "RAM_1P">   --->   Core 87 'RAM_1P' <Latency = 1> <II = 1> <Delay = 0.71> <Storage> <Opcode : 'load' 'store'> <Ports = 1> <Width = 64> <Depth = 2> <RAM>
ST_3 : Operation 85 [2/2] (0.71ns)   --->   "%mc_2_load = load i1 %mc_2_addr" [src/generic/fp_generic.cpp:299]   --->   Operation 85 'load' 'mc_2_load' <Predicate = (!icmp_ln312)> <Delay = 0.71> <CoreInst = "RAM_1P">   --->   Core 87 'RAM_1P' <Latency = 1> <II = 1> <Delay = 0.71> <Storage> <Opcode : 'load' 'store'> <Ports = 1> <Width = 64> <Depth = 2> <RAM>
ST_3 : Operation 86 [2/2] (0.71ns)   --->   "%mc_3_load = load i1 %mc_3_addr" [src/generic/fp_generic.cpp:299]   --->   Operation 86 'load' 'mc_3_load' <Predicate = (!icmp_ln312)> <Delay = 0.71> <CoreInst = "RAM_1P">   --->   Core 87 'RAM_1P' <Latency = 1> <II = 1> <Delay = 0.71> <Storage> <Opcode : 'load' 'store'> <Ports = 1> <Width = 64> <Depth = 2> <RAM>
ST_3 : Operation 87 [2/2] (0.71ns)   --->   "%mc_4_load = load i1 %mc_4_addr" [src/generic/fp_generic.cpp:299]   --->   Operation 87 'load' 'mc_4_load' <Predicate = (!icmp_ln312)> <Delay = 0.71> <CoreInst = "RAM_1P">   --->   Core 87 'RAM_1P' <Latency = 1> <II = 1> <Delay = 0.71> <Storage> <Opcode : 'load' 'store'> <Ports = 1> <Width = 64> <Depth = 2> <RAM>
ST_3 : Operation 88 [2/2] (0.71ns)   --->   "%mc_5_load = load i1 %mc_5_addr" [src/generic/fp_generic.cpp:299]   --->   Operation 88 'load' 'mc_5_load' <Predicate = (!icmp_ln312)> <Delay = 0.71> <CoreInst = "RAM_1P">   --->   Core 87 'RAM_1P' <Latency = 1> <II = 1> <Delay = 0.71> <Storage> <Opcode : 'load' 'store'> <Ports = 1> <Width = 64> <Depth = 2> <RAM>
ST_3 : Operation 89 [2/2] (0.71ns)   --->   "%mc_6_load = load i1 %mc_6_addr" [src/generic/fp_generic.cpp:299]   --->   Operation 89 'load' 'mc_6_load' <Predicate = (!icmp_ln312)> <Delay = 0.71> <CoreInst = "RAM_1P">   --->   Core 87 'RAM_1P' <Latency = 1> <II = 1> <Delay = 0.71> <Storage> <Opcode : 'load' 'store'> <Ports = 1> <Width = 64> <Depth = 2> <RAM>
ST_3 : Operation 90 [1/1] (0.58ns)   --->   "%tmp = sparsemux i64 @_ssdm_op_SparseMux.ap_auto.8i64.i64.i3, i3 0, i64 %ma_0_val_read, i3 1, i64 %ma_1_val_read, i3 2, i64 %ma_2_val_read, i3 3, i64 %ma_3_val_read, i3 4, i64 %ma_4_val_read, i3 5, i64 %ma_5_val_read, i3 6, i64 %ma_6_val_read, i3 7, i64 %ma_7_val_read, i64 0, i3 %trunc_ln312" [src/generic/fp_generic.cpp:324]   --->   Operation 90 'sparsemux' 'tmp' <Predicate = (!icmp_ln312)> <Delay = 0.58> <CoreInst = "BinarySparseMux_DontCare">   --->   Core 159 'BinarySparseMux_DontCare' <Latency = 0> <II = 1> <Delay = 0.58> <FuncUnit> <Opcode : 'sparsemux'> <InPorts = 2> <OutPorts = 1>
ST_3 : Operation 91 [1/1] (0.00ns)   --->   "%count = alloca i32 1" [src/generic/fp_generic.cpp:302]   --->   Operation 91 'alloca' 'count' <Predicate = (icmp_ln312)> <Delay = 0.00>
ST_3 : Operation 92 [1/1] (0.00ns)   --->   "%u_3 = alloca i32 1" [src/generic/fp_generic.cpp:303]   --->   Operation 92 'alloca' 'u_3' <Predicate = (icmp_ln312)> <Delay = 0.00>
ST_3 : Operation 93 [1/1] (0.00ns)   --->   "%v_4 = alloca i32 1" [src/generic/fp_generic.cpp:303]   --->   Operation 93 'alloca' 'v_4' <Predicate = (icmp_ln312)> <Delay = 0.00>
ST_3 : Operation 94 [1/1] (0.00ns)   --->   "%indvars_iv = alloca i32 1"   --->   Operation 94 'alloca' 'indvars_iv' <Predicate = (icmp_ln312)> <Delay = 0.00>
ST_3 : Operation 95 [1/1] (0.00ns)   --->   "%i_4 = alloca i32 1" [src/generic/fp_generic.cpp:302]   --->   Operation 95 'alloca' 'i_4' <Predicate = (icmp_ln312)> <Delay = 0.00>
ST_3 : Operation 96 [2/2] (0.71ns)   --->   "%mc_7_load = load i1 %mc_7_addr" [src/generic/fp_generic.cpp:299]   --->   Operation 96 'load' 'mc_7_load' <Predicate = (icmp_ln312)> <Delay = 0.71> <CoreInst = "RAM_1P">   --->   Core 87 'RAM_1P' <Latency = 1> <II = 1> <Delay = 0.71> <Storage> <Opcode : 'load' 'store'> <Ports = 1> <Width = 64> <Depth = 2> <RAM>
ST_3 : Operation 97 [1/1] (0.38ns)   --->   "%store_ln302 = store i4 8, i4 %i_4" [src/generic/fp_generic.cpp:302]   --->   Operation 97 'store' 'store_ln302' <Predicate = (icmp_ln312)> <Delay = 0.38>
ST_3 : Operation 98 [1/1] (0.38ns)   --->   "%store_ln0 = store i4 1, i4 %indvars_iv"   --->   Operation 98 'store' 'store_ln0' <Predicate = (icmp_ln312)> <Delay = 0.38>
ST_3 : Operation 99 [1/1] (0.38ns)   --->   "%store_ln303 = store i64 %v_13, i64 %v_4" [src/generic/fp_generic.cpp:303]   --->   Operation 99 'store' 'store_ln303' <Predicate = (icmp_ln312)> <Delay = 0.38>
ST_3 : Operation 100 [1/1] (0.38ns)   --->   "%store_ln303 = store i64 %u_10, i64 %u_3" [src/generic/fp_generic.cpp:303]   --->   Operation 100 'store' 'store_ln303' <Predicate = (icmp_ln312)> <Delay = 0.38>
ST_3 : Operation 101 [1/1] (0.38ns)   --->   "%store_ln302 = store i32 3, i32 %count" [src/generic/fp_generic.cpp:302]   --->   Operation 101 'store' 'store_ln302' <Predicate = (icmp_ln312)> <Delay = 0.38>

State 4 <SV = 3> <Delay = 2.00>
ST_4 : Operation 102 [1/1] (0.00ns)   --->   "%zext_ln314 = zext i3 %trunc_ln312" [src/generic/fp_generic.cpp:314]   --->   Operation 102 'zext' 'zext_ln314' <Predicate = true> <Delay = 0.00>
ST_4 : Operation 103 [1/1] (0.57ns)   --->   "%add_ln314 = add i4 %zext_ln314, i4 14" [src/generic/fp_generic.cpp:314]   --->   Operation 103 'add' 'add_ln314' <Predicate = true> <Delay = 0.57> <CoreInst = "Adder">   --->   Core 1 'Adder' <Latency = 0> <II = 1> <Delay = 0.70> <FuncUnit> <Opcode : 'add' 'sub'> <InPorts = 2> <OutPorts = 1>
ST_4 : Operation 104 [1/2] ( I:0.71ns O:0.71ns )   --->   "%mc_0_load = load i1 %mc_0_addr" [src/generic/fp_generic.cpp:299]   --->   Operation 104 'load' 'mc_0_load' <Predicate = true> <Delay = 0.71> <CoreInst = "RAM_1P">   --->   Core 87 'RAM_1P' <Latency = 1> <II = 1> <Delay = 0.71> <Storage> <Opcode : 'load' 'store'> <Ports = 1> <Width = 64> <Depth = 2> <RAM>
ST_4 : Operation 105 [1/2] ( I:0.71ns O:0.71ns )   --->   "%mc_1_load = load i1 %mc_1_addr" [src/generic/fp_generic.cpp:299]   --->   Operation 105 'load' 'mc_1_load' <Predicate = true> <Delay = 0.71> <CoreInst = "RAM_1P">   --->   Core 87 'RAM_1P' <Latency = 1> <II = 1> <Delay = 0.71> <Storage> <Opcode : 'load' 'store'> <Ports = 1> <Width = 64> <Depth = 2> <RAM>
ST_4 : Operation 106 [1/2] ( I:0.71ns O:0.71ns )   --->   "%mc_2_load = load i1 %mc_2_addr" [src/generic/fp_generic.cpp:299]   --->   Operation 106 'load' 'mc_2_load' <Predicate = true> <Delay = 0.71> <CoreInst = "RAM_1P">   --->   Core 87 'RAM_1P' <Latency = 1> <II = 1> <Delay = 0.71> <Storage> <Opcode : 'load' 'store'> <Ports = 1> <Width = 64> <Depth = 2> <RAM>
ST_4 : Operation 107 [1/2] ( I:0.71ns O:0.71ns )   --->   "%mc_3_load = load i1 %mc_3_addr" [src/generic/fp_generic.cpp:299]   --->   Operation 107 'load' 'mc_3_load' <Predicate = true> <Delay = 0.71> <CoreInst = "RAM_1P">   --->   Core 87 'RAM_1P' <Latency = 1> <II = 1> <Delay = 0.71> <Storage> <Opcode : 'load' 'store'> <Ports = 1> <Width = 64> <Depth = 2> <RAM>
ST_4 : Operation 108 [1/2] ( I:0.71ns O:0.71ns )   --->   "%mc_4_load = load i1 %mc_4_addr" [src/generic/fp_generic.cpp:299]   --->   Operation 108 'load' 'mc_4_load' <Predicate = true> <Delay = 0.71> <CoreInst = "RAM_1P">   --->   Core 87 'RAM_1P' <Latency = 1> <II = 1> <Delay = 0.71> <Storage> <Opcode : 'load' 'store'> <Ports = 1> <Width = 64> <Depth = 2> <RAM>
ST_4 : Operation 109 [1/2] ( I:0.71ns O:0.71ns )   --->   "%mc_5_load = load i1 %mc_5_addr" [src/generic/fp_generic.cpp:299]   --->   Operation 109 'load' 'mc_5_load' <Predicate = true> <Delay = 0.71> <CoreInst = "RAM_1P">   --->   Core 87 'RAM_1P' <Latency = 1> <II = 1> <Delay = 0.71> <Storage> <Opcode : 'load' 'store'> <Ports = 1> <Width = 64> <Depth = 2> <RAM>
ST_4 : Operation 110 [1/2] ( I:0.71ns O:0.71ns )   --->   "%mc_6_load = load i1 %mc_6_addr" [src/generic/fp_generic.cpp:299]   --->   Operation 110 'load' 'mc_6_load' <Predicate = true> <Delay = 0.71> <CoreInst = "RAM_1P">   --->   Core 87 'RAM_1P' <Latency = 1> <II = 1> <Delay = 0.71> <Storage> <Opcode : 'load' 'store'> <Ports = 1> <Width = 64> <Depth = 2> <RAM>
ST_4 : Operation 111 [2/2] (1.28ns)   --->   "%call_ln312 = call void @rdc_mont.8_Pipeline_VITIS_LOOP_314_3, i64 %v_13, i64 %u_10, i3 %trunc_ln312, i4 %add_ln314, i64 %mc_0_load, i64 %mc_1_load, i64 %mc_2_load, i64 %mc_3_load, i64 %mc_4_load, i64 %mc_5_load, i64 %mc_6_load, i3 %trunc_ln312, i64 %v_loc, i64 %u_loc, i64 %t_1_loc, i64 %p503p1_1" [src/generic/fp_generic.cpp:312]   --->   Operation 111 'call' 'call_ln312' <Predicate = true> <Delay = 1.28> <CoreType = "Generic">   --->   Generic Core

State 5 <SV = 4> <Delay = 0.00>
ST_5 : Operation 112 [1/2] (0.00ns)   --->   "%call_ln312 = call void @rdc_mont.8_Pipeline_VITIS_LOOP_314_3, i64 %v_13, i64 %u_10, i3 %trunc_ln312, i4 %add_ln314, i64 %mc_0_load, i64 %mc_1_load, i64 %mc_2_load, i64 %mc_3_load, i64 %mc_4_load, i64 %mc_5_load, i64 %mc_6_load, i3 %trunc_ln312, i64 %v_loc, i64 %u_loc, i64 %t_1_loc, i64 %p503p1_1" [src/generic/fp_generic.cpp:312]   --->   Operation 112 'call' 'call_ln312' <Predicate = true> <Delay = 0.00> <CoreType = "Generic">   --->   Generic Core

State 6 <SV = 5> <Delay = 3.44>
ST_6 : Operation 113 [1/1] (0.00ns)   --->   "%speclooptripcount_ln302 = speclooptripcount void @_ssdm_op_SpecLoopTripCount, i64 8, i64 8, i64 8" [src/generic/fp_generic.cpp:302]   --->   Operation 113 'speclooptripcount' 'speclooptripcount_ln302' <Predicate = true> <Delay = 0.00>
ST_6 : Operation 114 [1/1] (0.00ns)   --->   "%specloopname_ln312 = specloopname void @_ssdm_op_SpecLoopName, void @empty_31" [src/generic/fp_generic.cpp:312]   --->   Operation 114 'specloopname' 'specloopname_ln312' <Predicate = true> <Delay = 0.00>
ST_6 : Operation 115 [1/1] (0.00ns)   --->   "%v_loc_load = load i64 %v_loc"   --->   Operation 115 'load' 'v_loc_load' <Predicate = true> <Delay = 0.00>
ST_6 : Operation 116 [1/1] (0.00ns)   --->   "%u_loc_load = load i64 %u_loc"   --->   Operation 116 'load' 'u_loc_load' <Predicate = true> <Delay = 0.00>
ST_6 : Operation 117 [1/1] (0.00ns)   --->   "%t_1_loc_load = load i64 %t_1_loc"   --->   Operation 117 'load' 't_1_loc_load' <Predicate = true> <Delay = 0.00>
ST_6 : Operation 118 [1/1] (1.14ns)   --->   "%v_14 = add i64 %tmp, i64 %v_loc_load" [src/generic/fp_generic.cpp:324]   --->   Operation 118 'add' 'v_14' <Predicate = true> <Delay = 1.14> <CoreInst = "Adder">   --->   Core 1 'Adder' <Latency = 0> <II = 1> <Delay = 1.14> <FuncUnit> <Opcode : 'add' 'sub'> <InPorts = 2> <OutPorts = 1>
ST_6 : Operation 119 [1/1] (0.00ns) (grouped into LUT with out node tempReg)   --->   "%xor_ln105 = xor i64 %v_loc_load, i64 %v_14" [src/config.h:105->src/generic/fp_generic.cpp:324]   --->   Operation 119 'xor' 'xor_ln105' <Predicate = true> <Delay = 0.00> <CoreInst = "LogicGate">   --->   Core 74 'LogicGate' <Latency = 0> <II = 1> <Delay = 0.28> <FuncUnit> <Opcode : 'and' 'or' 'xor'> <InPorts = 2> <OutPorts = 1>
ST_6 : Operation 120 [1/1] (0.00ns) (grouped into LUT with out node tempReg)   --->   "%xor_ln105_22 = xor i64 %tmp, i64 %v_loc_load" [src/config.h:105->src/generic/fp_generic.cpp:324]   --->   Operation 120 'xor' 'xor_ln105_22' <Predicate = true> <Delay = 0.00> <CoreInst = "LogicGate">   --->   Core 74 'LogicGate' <Latency = 0> <II = 1> <Delay = 0.28> <FuncUnit> <Opcode : 'and' 'or' 'xor'> <InPorts = 2> <OutPorts = 1>
ST_6 : Operation 121 [1/1] (0.00ns) (grouped into LUT with out node tempReg)   --->   "%or_ln105 = or i64 %xor_ln105_22, i64 %xor_ln105" [src/config.h:105->src/generic/fp_generic.cpp:324]   --->   Operation 121 'or' 'or_ln105' <Predicate = true> <Delay = 0.00> <CoreInst = "LogicGate">   --->   Core 74 'LogicGate' <Latency = 0> <II = 1> <Delay = 0.28> <FuncUnit> <Opcode : 'and' 'or' 'xor'> <InPorts = 2> <OutPorts = 1>
ST_6 : Operation 122 [1/1] (0.00ns) (grouped into LUT with out node tempReg)   --->   "%xor_ln105_23 = xor i64 %or_ln105, i64 %v_14" [src/config.h:105->src/generic/fp_generic.cpp:324]   --->   Operation 122 'xor' 'xor_ln105_23' <Predicate = true> <Delay = 0.00> <CoreInst = "LogicGate">   --->   Core 74 'LogicGate' <Latency = 0> <II = 1> <Delay = 0.28> <FuncUnit> <Opcode : 'and' 'or' 'xor'> <InPorts = 2> <OutPorts = 1>
ST_6 : Operation 123 [1/1] (0.00ns) (grouped into LUT with out node tempReg)   --->   "%carry = bitselect i1 @_ssdm_op_BitSelect.i1.i64.i32, i64 %xor_ln105_23, i32 63" [src/config.h:105->src/generic/fp_generic.cpp:324]   --->   Operation 123 'bitselect' 'carry' <Predicate = true> <Delay = 0.00>
ST_6 : Operation 124 [1/1] (0.00ns) (grouped into LUT with out node tempReg)   --->   "%zext_ln105 = zext i1 %carry" [src/config.h:105->src/generic/fp_generic.cpp:324]   --->   Operation 124 'zext' 'zext_ln105' <Predicate = true> <Delay = 0.00>
ST_6 : Operation 125 [1/1] (1.14ns) (out node of the LUT)   --->   "%tempReg = add i64 %u_loc_load, i64 %zext_ln105" [src/generic/fp_generic.cpp:325]   --->   Operation 125 'add' 'tempReg' <Predicate = true> <Delay = 1.14> <CoreInst = "Adder">   --->   Core 1 'Adder' <Latency = 0> <II = 1> <Delay = 1.14> <FuncUnit> <Opcode : 'add' 'sub'> <InPorts = 2> <OutPorts = 1>
ST_6 : Operation 126 [1/1] (0.00ns) (grouped into LUT with out node t)   --->   "%bit_sel1 = bitselect i1 @_ssdm_op_BitSelect.i1.i64.i64, i64 %tempReg, i64 63" [src/config.h:105->src/generic/fp_generic.cpp:325]   --->   Operation 126 'bitselect' 'bit_sel1' <Predicate = true> <Delay = 0.00>
ST_6 : Operation 127 [1/1] (0.00ns) (grouped into LUT with out node t)   --->   "%xor_ln105_31 = xor i1 %bit_sel1, i1 1" [src/config.h:105->src/generic/fp_generic.cpp:325]   --->   Operation 127 'xor' 'xor_ln105_31' <Predicate = true> <Delay = 0.00> <CoreInst = "LogicGate">   --->   Core 74 'LogicGate' <Latency = 0> <II = 1> <Delay = 0.12> <FuncUnit> <Opcode : 'and' 'or' 'xor'> <InPorts = 2> <OutPorts = 1>
ST_6 : Operation 128 [1/1] (0.00ns) (grouped into LUT with out node t)   --->   "%trunc_ln105 = trunc i64 %tempReg" [src/config.h:105->src/generic/fp_generic.cpp:325]   --->   Operation 128 'trunc' 'trunc_ln105' <Predicate = true> <Delay = 0.00>
ST_6 : Operation 129 [1/1] (0.00ns) (grouped into LUT with out node t)   --->   "%xor_ln105_s = bitconcatenate i64 @_ssdm_op_BitConcatenate.i64.i1.i63, i1 %xor_ln105_31, i63 %trunc_ln105" [src/config.h:105->src/generic/fp_generic.cpp:325]   --->   Operation 129 'bitconcatenate' 'xor_ln105_s' <Predicate = true> <Delay = 0.00>
ST_6 : Operation 130 [1/1] (0.00ns) (grouped into LUT with out node t)   --->   "%and_ln105 = and i64 %u_loc_load, i64 %xor_ln105_s" [src/config.h:105->src/generic/fp_generic.cpp:325]   --->   Operation 130 'and' 'and_ln105' <Predicate = true> <Delay = 0.00> <CoreInst = "LogicGate">   --->   Core 74 'LogicGate' <Latency = 0> <II = 1> <Delay = 0.28> <FuncUnit> <Opcode : 'and' 'or' 'xor'> <InPorts = 2> <OutPorts = 1>
ST_6 : Operation 131 [1/1] (0.00ns) (grouped into LUT with out node t)   --->   "%carry_10 = bitselect i1 @_ssdm_op_BitSelect.i1.i64.i32, i64 %and_ln105, i32 63" [src/config.h:105->src/generic/fp_generic.cpp:325]   --->   Operation 131 'bitselect' 'carry_10' <Predicate = true> <Delay = 0.00>
ST_6 : Operation 132 [1/1] (0.00ns) (grouped into LUT with out node t)   --->   "%zext_ln105_4 = zext i1 %carry_10" [src/config.h:105->src/generic/fp_generic.cpp:325]   --->   Operation 132 'zext' 'zext_ln105_4' <Predicate = true> <Delay = 0.00>
ST_6 : Operation 133 [1/1] (1.14ns) (out node of the LUT)   --->   "%t = add i64 %t_1_loc_load, i64 %zext_ln105_4" [src/generic/fp_generic.cpp:326]   --->   Operation 133 'add' 't' <Predicate = true> <Delay = 1.14> <CoreInst = "Adder">   --->   Core 1 'Adder' <Latency = 0> <II = 1> <Delay = 1.14> <FuncUnit> <Opcode : 'add' 'sub'> <InPorts = 2> <OutPorts = 1>
ST_6 : Operation 134 [1/1] (0.57ns)   --->   "%switch_ln327 = switch i3 %trunc_ln312, void %arrayidx506.case.7, i3 0, void %arrayidx506.case.0, i3 1, void %arrayidx506.case.1, i3 2, void %arrayidx506.case.2, i3 3, void %arrayidx506.case.3, i3 4, void %arrayidx506.case.4, i3 5, void %arrayidx506.case.5, i3 6, void %arrayidx506.case.6" [src/generic/fp_generic.cpp:327]   --->   Operation 134 'switch' 'switch_ln327' <Predicate = true> <Delay = 0.57>
ST_6 : Operation 135 [1/1] ( I:0.71ns O:0.71ns )   --->   "%store_ln327 = store i64 %v_14, i1 %mc_6_addr" [src/generic/fp_generic.cpp:327]   --->   Operation 135 'store' 'store_ln327' <Predicate = (trunc_ln312 == 6)> <Delay = 0.71> <CoreInst = "RAM_1P">   --->   Core 87 'RAM_1P' <Latency = 1> <II = 1> <Delay = 0.71> <Storage> <Opcode : 'load' 'store'> <Ports = 1> <Width = 64> <Depth = 2> <RAM>
ST_6 : Operation 136 [1/1] (0.00ns)   --->   "%br_ln327 = br void %arrayidx506.exit" [src/generic/fp_generic.cpp:327]   --->   Operation 136 'br' 'br_ln327' <Predicate = (trunc_ln312 == 6)> <Delay = 0.00>
ST_6 : Operation 137 [1/1] ( I:0.71ns O:0.71ns )   --->   "%store_ln327 = store i64 %v_14, i1 %mc_5_addr" [src/generic/fp_generic.cpp:327]   --->   Operation 137 'store' 'store_ln327' <Predicate = (trunc_ln312 == 5)> <Delay = 0.71> <CoreInst = "RAM_1P">   --->   Core 87 'RAM_1P' <Latency = 1> <II = 1> <Delay = 0.71> <Storage> <Opcode : 'load' 'store'> <Ports = 1> <Width = 64> <Depth = 2> <RAM>
ST_6 : Operation 138 [1/1] (0.00ns)   --->   "%br_ln327 = br void %arrayidx506.exit" [src/generic/fp_generic.cpp:327]   --->   Operation 138 'br' 'br_ln327' <Predicate = (trunc_ln312 == 5)> <Delay = 0.00>
ST_6 : Operation 139 [1/1] ( I:0.71ns O:0.71ns )   --->   "%store_ln327 = store i64 %v_14, i1 %mc_4_addr" [src/generic/fp_generic.cpp:327]   --->   Operation 139 'store' 'store_ln327' <Predicate = (trunc_ln312 == 4)> <Delay = 0.71> <CoreInst = "RAM_1P">   --->   Core 87 'RAM_1P' <Latency = 1> <II = 1> <Delay = 0.71> <Storage> <Opcode : 'load' 'store'> <Ports = 1> <Width = 64> <Depth = 2> <RAM>
ST_6 : Operation 140 [1/1] (0.00ns)   --->   "%br_ln327 = br void %arrayidx506.exit" [src/generic/fp_generic.cpp:327]   --->   Operation 140 'br' 'br_ln327' <Predicate = (trunc_ln312 == 4)> <Delay = 0.00>
ST_6 : Operation 141 [1/1] ( I:0.71ns O:0.71ns )   --->   "%store_ln327 = store i64 %v_14, i1 %mc_3_addr" [src/generic/fp_generic.cpp:327]   --->   Operation 141 'store' 'store_ln327' <Predicate = (trunc_ln312 == 3)> <Delay = 0.71> <CoreInst = "RAM_1P">   --->   Core 87 'RAM_1P' <Latency = 1> <II = 1> <Delay = 0.71> <Storage> <Opcode : 'load' 'store'> <Ports = 1> <Width = 64> <Depth = 2> <RAM>
ST_6 : Operation 142 [1/1] (0.00ns)   --->   "%br_ln327 = br void %arrayidx506.exit" [src/generic/fp_generic.cpp:327]   --->   Operation 142 'br' 'br_ln327' <Predicate = (trunc_ln312 == 3)> <Delay = 0.00>
ST_6 : Operation 143 [1/1] ( I:0.71ns O:0.71ns )   --->   "%store_ln327 = store i64 %v_14, i1 %mc_2_addr" [src/generic/fp_generic.cpp:327]   --->   Operation 143 'store' 'store_ln327' <Predicate = (trunc_ln312 == 2)> <Delay = 0.71> <CoreInst = "RAM_1P">   --->   Core 87 'RAM_1P' <Latency = 1> <II = 1> <Delay = 0.71> <Storage> <Opcode : 'load' 'store'> <Ports = 1> <Width = 64> <Depth = 2> <RAM>
ST_6 : Operation 144 [1/1] (0.00ns)   --->   "%br_ln327 = br void %arrayidx506.exit" [src/generic/fp_generic.cpp:327]   --->   Operation 144 'br' 'br_ln327' <Predicate = (trunc_ln312 == 2)> <Delay = 0.00>
ST_6 : Operation 145 [1/1] ( I:0.71ns O:0.71ns )   --->   "%store_ln327 = store i64 %v_14, i1 %mc_1_addr" [src/generic/fp_generic.cpp:327]   --->   Operation 145 'store' 'store_ln327' <Predicate = (trunc_ln312 == 1)> <Delay = 0.71> <CoreInst = "RAM_1P">   --->   Core 87 'RAM_1P' <Latency = 1> <II = 1> <Delay = 0.71> <Storage> <Opcode : 'load' 'store'> <Ports = 1> <Width = 64> <Depth = 2> <RAM>
ST_6 : Operation 146 [1/1] (0.00ns)   --->   "%br_ln327 = br void %arrayidx506.exit" [src/generic/fp_generic.cpp:327]   --->   Operation 146 'br' 'br_ln327' <Predicate = (trunc_ln312 == 1)> <Delay = 0.00>
ST_6 : Operation 147 [1/1] ( I:0.71ns O:0.71ns )   --->   "%store_ln327 = store i64 %v_14, i1 %mc_0_addr" [src/generic/fp_generic.cpp:327]   --->   Operation 147 'store' 'store_ln327' <Predicate = (trunc_ln312 == 0)> <Delay = 0.71> <CoreInst = "RAM_1P">   --->   Core 87 'RAM_1P' <Latency = 1> <II = 1> <Delay = 0.71> <Storage> <Opcode : 'load' 'store'> <Ports = 1> <Width = 64> <Depth = 2> <RAM>
ST_6 : Operation 148 [1/1] (0.00ns)   --->   "%br_ln327 = br void %arrayidx506.exit" [src/generic/fp_generic.cpp:327]   --->   Operation 148 'br' 'br_ln327' <Predicate = (trunc_ln312 == 0)> <Delay = 0.00>
ST_6 : Operation 149 [1/1] ( I:0.71ns O:0.71ns )   --->   "%store_ln327 = store i64 %v_14, i1 %mc_7_addr" [src/generic/fp_generic.cpp:327]   --->   Operation 149 'store' 'store_ln327' <Predicate = (trunc_ln312 == 7)> <Delay = 0.71> <CoreInst = "RAM_1P">   --->   Core 87 'RAM_1P' <Latency = 1> <II = 1> <Delay = 0.71> <Storage> <Opcode : 'load' 'store'> <Ports = 1> <Width = 64> <Depth = 2> <RAM>
ST_6 : Operation 150 [1/1] (0.00ns)   --->   "%br_ln327 = br void %arrayidx506.exit" [src/generic/fp_generic.cpp:327]   --->   Operation 150 'br' 'br_ln327' <Predicate = (trunc_ln312 == 7)> <Delay = 0.00>

State 7 <SV = 6> <Delay = 0.38>
ST_7 : Operation 151 [1/1] (0.38ns)   --->   "%store_ln303 = store i64 %tempReg, i64 %v_1" [src/generic/fp_generic.cpp:303]   --->   Operation 151 'store' 'store_ln303' <Predicate = true> <Delay = 0.38>
ST_7 : Operation 152 [1/1] (0.38ns)   --->   "%store_ln303 = store i64 %t, i64 %u_1" [src/generic/fp_generic.cpp:303]   --->   Operation 152 'store' 'store_ln303' <Predicate = true> <Delay = 0.38>
ST_7 : Operation 153 [1/1] (0.38ns)   --->   "%store_ln302 = store i4 %add_ln312, i4 %i_3" [src/generic/fp_generic.cpp:302]   --->   Operation 153 'store' 'store_ln302' <Predicate = true> <Delay = 0.38>
ST_7 : Operation 154 [1/1] (0.00ns)   --->   "%br_ln312 = br void %VITIS_LOOP_314_3" [src/generic/fp_generic.cpp:312]   --->   Operation 154 'br' 'br_ln312' <Predicate = true> <Delay = 0.00>

State 8 <SV = 3> <Delay = 0.71>
ST_8 : Operation 155 [1/2] ( I:0.71ns O:0.71ns )   --->   "%mc_7_load = load i1 %mc_7_addr" [src/generic/fp_generic.cpp:299]   --->   Operation 155 'load' 'mc_7_load' <Predicate = true> <Delay = 0.71> <CoreInst = "RAM_1P">   --->   Core 87 'RAM_1P' <Latency = 1> <II = 1> <Delay = 0.71> <Storage> <Opcode : 'load' 'store'> <Ports = 1> <Width = 64> <Depth = 2> <RAM>
ST_8 : Operation 156 [1/1] (0.00ns)   --->   "%br_ln334 = br void %for.body56" [src/generic/fp_generic.cpp:334]   --->   Operation 156 'br' 'br_ln334' <Predicate = true> <Delay = 0.00>

State 9 <SV = 4> <Delay = 1.86>
ST_9 : Operation 157 [1/1] (0.00ns)   --->   "%i_8 = load i4 %i_4" [src/generic/fp_generic.cpp:334]   --->   Operation 157 'load' 'i_8' <Predicate = true> <Delay = 0.00>
ST_9 : Operation 158 [1/1] (0.70ns)   --->   "%icmp_ln334 = icmp_eq  i4 %i_8, i4 15" [src/generic/fp_generic.cpp:334]   --->   Operation 158 'icmp' 'icmp_ln334' <Predicate = true> <Delay = 0.70> <CoreInst = "Cmp">   --->   Core 9 'Cmp' <Latency = 0> <II = 1> <Delay = 0.70> <FuncUnit> <Opcode : 'seteq' 'setne' 'setle' 'setge' 'setlt' 'setgt'> <InPorts = 2> <OutPorts = 1>
ST_9 : Operation 159 [1/1] (0.00ns)   --->   "%br_ln334 = br i1 %icmp_ln334, void %for.body56.split, void %for.end119" [src/generic/fp_generic.cpp:334]   --->   Operation 159 'br' 'br_ln334' <Predicate = true> <Delay = 0.00>
ST_9 : Operation 160 [2/2] (0.71ns)   --->   "%mc_1_load_1 = load i1 %mc_1_addr" [src/generic/fp_generic.cpp:299]   --->   Operation 160 'load' 'mc_1_load_1' <Predicate = (!icmp_ln334)> <Delay = 0.71> <CoreInst = "RAM_1P">   --->   Core 87 'RAM_1P' <Latency = 1> <II = 1> <Delay = 0.71> <Storage> <Opcode : 'load' 'store'> <Ports = 1> <Width = 64> <Depth = 2> <RAM>
ST_9 : Operation 161 [2/2] (0.71ns)   --->   "%mc_2_load_1 = load i1 %mc_2_addr" [src/generic/fp_generic.cpp:299]   --->   Operation 161 'load' 'mc_2_load_1' <Predicate = (!icmp_ln334)> <Delay = 0.71> <CoreInst = "RAM_1P">   --->   Core 87 'RAM_1P' <Latency = 1> <II = 1> <Delay = 0.71> <Storage> <Opcode : 'load' 'store'> <Ports = 1> <Width = 64> <Depth = 2> <RAM>
ST_9 : Operation 162 [2/2] (0.71ns)   --->   "%mc_3_load_1 = load i1 %mc_3_addr" [src/generic/fp_generic.cpp:299]   --->   Operation 162 'load' 'mc_3_load_1' <Predicate = (!icmp_ln334)> <Delay = 0.71> <CoreInst = "RAM_1P">   --->   Core 87 'RAM_1P' <Latency = 1> <II = 1> <Delay = 0.71> <Storage> <Opcode : 'load' 'store'> <Ports = 1> <Width = 64> <Depth = 2> <RAM>
ST_9 : Operation 163 [2/2] (0.71ns)   --->   "%mc_4_load_1 = load i1 %mc_4_addr" [src/generic/fp_generic.cpp:299]   --->   Operation 163 'load' 'mc_4_load_1' <Predicate = (!icmp_ln334)> <Delay = 0.71> <CoreInst = "RAM_1P">   --->   Core 87 'RAM_1P' <Latency = 1> <II = 1> <Delay = 0.71> <Storage> <Opcode : 'load' 'store'> <Ports = 1> <Width = 64> <Depth = 2> <RAM>
ST_9 : Operation 164 [2/2] (0.71ns)   --->   "%mc_5_load_1 = load i1 %mc_5_addr" [src/generic/fp_generic.cpp:299]   --->   Operation 164 'load' 'mc_5_load_1' <Predicate = (!icmp_ln334)> <Delay = 0.71> <CoreInst = "RAM_1P">   --->   Core 87 'RAM_1P' <Latency = 1> <II = 1> <Delay = 0.71> <Storage> <Opcode : 'load' 'store'> <Ports = 1> <Width = 64> <Depth = 2> <RAM>
ST_9 : Operation 165 [2/2] (0.71ns)   --->   "%mc_6_load_1 = load i1 %mc_6_addr" [src/generic/fp_generic.cpp:299]   --->   Operation 165 'load' 'mc_6_load_1' <Predicate = (!icmp_ln334)> <Delay = 0.71> <CoreInst = "RAM_1P">   --->   Core 87 'RAM_1P' <Latency = 1> <II = 1> <Delay = 0.71> <Storage> <Opcode : 'load' 'store'> <Ports = 1> <Width = 64> <Depth = 2> <RAM>
ST_9 : Operation 166 [1/1] (0.55ns)   --->   "%tmp_s = sparsemux i64 @_ssdm_op_SparseMux.ap_auto.7i64.i64.i4, i4 8, i64 %ma_8_val_read, i4 9, i64 %ma_9_val_read, i4 10, i64 %ma_10_val_read, i4 11, i64 %ma_11_val_read, i4 12, i64 %ma_12_val_read, i4 13, i64 %ma_13_val_read, i4 14, i64 %ma_14_val_read, i64 0, i4 %i_8" [src/generic/fp_generic.cpp:350]   --->   Operation 166 'sparsemux' 'tmp_s' <Predicate = (!icmp_ln334)> <Delay = 0.55> <CoreInst = "BinarySparseMux_DontCare">   --->   Core 159 'BinarySparseMux_DontCare' <Latency = 0> <II = 1> <Delay = 0.55> <FuncUnit> <Opcode : 'sparsemux'> <InPorts = 2> <OutPorts = 1>
ST_9 : Operation 167 [1/1] (0.00ns)   --->   "%v_4_load = load i64 %v_4" [src/generic/fp_generic.cpp:358]   --->   Operation 167 'load' 'v_4_load' <Predicate = (icmp_ln334)> <Delay = 0.00>
ST_9 : Operation 168 [1/1] (1.14ns)   --->   "%v = add i64 %v_4_load, i64 %ma_15_val_read" [src/generic/fp_generic.cpp:358]   --->   Operation 168 'add' 'v' <Predicate = (icmp_ln334)> <Delay = 1.14> <CoreInst = "Adder">   --->   Core 1 'Adder' <Latency = 0> <II = 1> <Delay = 1.14> <FuncUnit> <Opcode : 'add' 'sub'> <InPorts = 2> <OutPorts = 1>
ST_9 : Operation 169 [1/1] ( I:0.71ns O:0.71ns )   --->   "%store_ln359 = store i64 %v, i1 %mc_7_addr" [src/generic/fp_generic.cpp:359]   --->   Operation 169 'store' 'store_ln359' <Predicate = (icmp_ln334)> <Delay = 0.71> <CoreInst = "RAM_1P">   --->   Core 87 'RAM_1P' <Latency = 1> <II = 1> <Delay = 0.71> <Storage> <Opcode : 'load' 'store'> <Ports = 1> <Width = 64> <Depth = 2> <RAM>
ST_9 : Operation 170 [1/1] (0.00ns)   --->   "%ret_ln360 = ret" [src/generic/fp_generic.cpp:360]   --->   Operation 170 'ret' 'ret_ln360' <Predicate = (icmp_ln334)> <Delay = 0.00>

State 10 <SV = 5> <Delay = 3.66>
ST_10 : Operation 171 [1/1] (0.00ns)   --->   "%count_load = load i32 %count" [src/generic/fp_generic.cpp:338]   --->   Operation 171 'load' 'count_load' <Predicate = true> <Delay = 0.00>
ST_10 : Operation 172 [1/1] (0.00ns)   --->   "%u_3_load = load i64 %u_3"   --->   Operation 172 'load' 'u_3_load' <Predicate = true> <Delay = 0.00>
ST_10 : Operation 173 [1/1] (0.00ns)   --->   "%v_4_load_2 = load i64 %v_4"   --->   Operation 173 'load' 'v_4_load_2' <Predicate = true> <Delay = 0.00>
ST_10 : Operation 174 [1/1] (0.00ns)   --->   "%indvars_iv_load = load i4 %indvars_iv" [src/generic/fp_generic.cpp:334]   --->   Operation 174 'load' 'indvars_iv_load' <Predicate = true> <Delay = 0.00>
ST_10 : Operation 175 [1/1] (0.00ns)   --->   "%trunc_ln334 = trunc i4 %indvars_iv_load" [src/generic/fp_generic.cpp:334]   --->   Operation 175 'trunc' 'trunc_ln334' <Predicate = true> <Delay = 0.00>
ST_10 : Operation 176 [1/1] (0.00ns)   --->   "%trunc_ln334_2 = trunc i4 %i_8" [src/generic/fp_generic.cpp:334]   --->   Operation 176 'trunc' 'trunc_ln334_2' <Predicate = true> <Delay = 0.00>
ST_10 : Operation 177 [1/1] (0.88ns)   --->   "%icmp_ln336 = icmp_ne  i32 %count_load, i32 0" [src/generic/fp_generic.cpp:336]   --->   Operation 177 'icmp' 'icmp_ln336' <Predicate = true> <Delay = 0.88> <CoreInst = "Cmp">   --->   Core 9 'Cmp' <Latency = 0> <II = 1> <Delay = 0.88> <FuncUnit> <Opcode : 'seteq' 'setne' 'setle' 'setge' 'setlt' 'setgt'> <InPorts = 2> <OutPorts = 1>
ST_10 : Operation 178 [1/1] (0.88ns)   --->   "%add_ln338 = add i32 %count_load, i32 4294967295" [src/generic/fp_generic.cpp:338]   --->   Operation 178 'add' 'add_ln338' <Predicate = true> <Delay = 0.88> <CoreInst = "Adder">   --->   Core 1 'Adder' <Latency = 0> <II = 1> <Delay = 0.88> <FuncUnit> <Opcode : 'add' 'sub'> <InPorts = 2> <OutPorts = 1>
ST_10 : Operation 179 [1/1] (0.22ns)   --->   "%count_2 = select i1 %icmp_ln336, i32 %add_ln338, i32 0" [src/generic/fp_generic.cpp:336]   --->   Operation 179 'select' 'count_2' <Predicate = true> <Delay = 0.22> <CoreInst = "Sel">   --->   Core 73 'Sel' <Latency = 0> <II = 1> <Delay = 0.22> <FuncUnit> <Opcode : 'select'> <InPorts = 3> <OutPorts = 1>
ST_10 : Operation 180 [1/1] (0.88ns)   --->   "%sub65 = sub i32 8, i32 %count_2" [src/generic/fp_generic.cpp:336]   --->   Operation 180 'sub' 'sub65' <Predicate = true> <Delay = 0.88> <CoreInst = "Adder">   --->   Core 1 'Adder' <Latency = 0> <II = 1> <Delay = 0.88> <FuncUnit> <Opcode : 'add' 'sub'> <InPorts = 2> <OutPorts = 1>
ST_10 : Operation 181 [1/2] ( I:0.71ns O:0.71ns )   --->   "%mc_1_load_1 = load i1 %mc_1_addr" [src/generic/fp_generic.cpp:299]   --->   Operation 181 'load' 'mc_1_load_1' <Predicate = true> <Delay = 0.71> <CoreInst = "RAM_1P">   --->   Core 87 'RAM_1P' <Latency = 1> <II = 1> <Delay = 0.71> <Storage> <Opcode : 'load' 'store'> <Ports = 1> <Width = 64> <Depth = 2> <RAM>
ST_10 : Operation 182 [1/2] ( I:0.71ns O:0.71ns )   --->   "%mc_2_load_1 = load i1 %mc_2_addr" [src/generic/fp_generic.cpp:299]   --->   Operation 182 'load' 'mc_2_load_1' <Predicate = true> <Delay = 0.71> <CoreInst = "RAM_1P">   --->   Core 87 'RAM_1P' <Latency = 1> <II = 1> <Delay = 0.71> <Storage> <Opcode : 'load' 'store'> <Ports = 1> <Width = 64> <Depth = 2> <RAM>
ST_10 : Operation 183 [1/2] ( I:0.71ns O:0.71ns )   --->   "%mc_3_load_1 = load i1 %mc_3_addr" [src/generic/fp_generic.cpp:299]   --->   Operation 183 'load' 'mc_3_load_1' <Predicate = true> <Delay = 0.71> <CoreInst = "RAM_1P">   --->   Core 87 'RAM_1P' <Latency = 1> <II = 1> <Delay = 0.71> <Storage> <Opcode : 'load' 'store'> <Ports = 1> <Width = 64> <Depth = 2> <RAM>
ST_10 : Operation 184 [1/2] ( I:0.71ns O:0.71ns )   --->   "%mc_4_load_1 = load i1 %mc_4_addr" [src/generic/fp_generic.cpp:299]   --->   Operation 184 'load' 'mc_4_load_1' <Predicate = true> <Delay = 0.71> <CoreInst = "RAM_1P">   --->   Core 87 'RAM_1P' <Latency = 1> <II = 1> <Delay = 0.71> <Storage> <Opcode : 'load' 'store'> <Ports = 1> <Width = 64> <Depth = 2> <RAM>
ST_10 : Operation 185 [1/2] ( I:0.71ns O:0.71ns )   --->   "%mc_5_load_1 = load i1 %mc_5_addr" [src/generic/fp_generic.cpp:299]   --->   Operation 185 'load' 'mc_5_load_1' <Predicate = true> <Delay = 0.71> <CoreInst = "RAM_1P">   --->   Core 87 'RAM_1P' <Latency = 1> <II = 1> <Delay = 0.71> <Storage> <Opcode : 'load' 'store'> <Ports = 1> <Width = 64> <Depth = 2> <RAM>
ST_10 : Operation 186 [1/2] ( I:0.71ns O:0.71ns )   --->   "%mc_6_load_1 = load i1 %mc_6_addr" [src/generic/fp_generic.cpp:299]   --->   Operation 186 'load' 'mc_6_load_1' <Predicate = true> <Delay = 0.71> <CoreInst = "RAM_1P">   --->   Core 87 'RAM_1P' <Latency = 1> <II = 1> <Delay = 0.71> <Storage> <Opcode : 'load' 'store'> <Ports = 1> <Width = 64> <Depth = 2> <RAM>
ST_10 : Operation 187 [2/2] (1.67ns)   --->   "%call_ln334 = call void @rdc_mont.8_Pipeline_VITIS_LOOP_340_5, i3 %trunc_ln334, i64 %v_4_load_2, i64 %u_3_load, i32 %sub65, i64 %mc_1_load_1, i64 %mc_2_load_1, i64 %mc_3_load_1, i64 %mc_4_load_1, i64 %mc_5_load_1, i64 %mc_6_load_1, i64 %mc_7_load, i3 %trunc_ln334_2, i64 %v_19_loc, i64 %u_8_loc, i64 %t_6_loc, i64 %p503p1_1" [src/generic/fp_generic.cpp:334]   --->   Operation 187 'call' 'call_ln334' <Predicate = true> <Delay = 1.67> <CoreType = "Generic">   --->   Generic Core

State 11 <SV = 6> <Delay = 0.00>
ST_11 : Operation 188 [1/2] (0.00ns)   --->   "%call_ln334 = call void @rdc_mont.8_Pipeline_VITIS_LOOP_340_5, i3 %trunc_ln334, i64 %v_4_load_2, i64 %u_3_load, i32 %sub65, i64 %mc_1_load_1, i64 %mc_2_load_1, i64 %mc_3_load_1, i64 %mc_4_load_1, i64 %mc_5_load_1, i64 %mc_6_load_1, i64 %mc_7_load, i3 %trunc_ln334_2, i64 %v_19_loc, i64 %u_8_loc, i64 %t_6_loc, i64 %p503p1_1" [src/generic/fp_generic.cpp:334]   --->   Operation 188 'call' 'call_ln334' <Predicate = true> <Delay = 0.00> <CoreType = "Generic">   --->   Generic Core

State 12 <SV = 7> <Delay = 3.82>
ST_12 : Operation 189 [1/1] (0.00ns)   --->   "%speclooptripcount_ln302 = speclooptripcount void @_ssdm_op_SpecLoopTripCount, i64 7, i64 7, i64 7" [src/generic/fp_generic.cpp:302]   --->   Operation 189 'speclooptripcount' 'speclooptripcount_ln302' <Predicate = true> <Delay = 0.00>
ST_12 : Operation 190 [1/1] (0.00ns)   --->   "%specloopname_ln334 = specloopname void @_ssdm_op_SpecLoopName, void @empty_14" [src/generic/fp_generic.cpp:334]   --->   Operation 190 'specloopname' 'specloopname_ln334' <Predicate = true> <Delay = 0.00>
ST_12 : Operation 191 [1/1] (0.00ns)   --->   "%v_19_loc_load = load i64 %v_19_loc"   --->   Operation 191 'load' 'v_19_loc_load' <Predicate = true> <Delay = 0.00>
ST_12 : Operation 192 [1/1] (0.00ns)   --->   "%u_8_loc_load = load i64 %u_8_loc"   --->   Operation 192 'load' 'u_8_loc_load' <Predicate = true> <Delay = 0.00>
ST_12 : Operation 193 [1/1] (0.00ns)   --->   "%t_6_loc_load = load i64 %t_6_loc"   --->   Operation 193 'load' 't_6_loc_load' <Predicate = true> <Delay = 0.00>
ST_12 : Operation 194 [1/1] (1.14ns)   --->   "%v_15 = add i64 %tmp_s, i64 %v_19_loc_load" [src/generic/fp_generic.cpp:350]   --->   Operation 194 'add' 'v_15' <Predicate = true> <Delay = 1.14> <CoreInst = "Adder">   --->   Core 1 'Adder' <Latency = 0> <II = 1> <Delay = 1.14> <FuncUnit> <Opcode : 'add' 'sub'> <InPorts = 2> <OutPorts = 1>
ST_12 : Operation 195 [1/1] (0.00ns) (grouped into LUT with out node tempReg_8)   --->   "%xor_ln105_32 = xor i64 %v_19_loc_load, i64 %v_15" [src/config.h:105->src/generic/fp_generic.cpp:350]   --->   Operation 195 'xor' 'xor_ln105_32' <Predicate = true> <Delay = 0.00> <CoreInst = "LogicGate">   --->   Core 74 'LogicGate' <Latency = 0> <II = 1> <Delay = 0.28> <FuncUnit> <Opcode : 'and' 'or' 'xor'> <InPorts = 2> <OutPorts = 1>
ST_12 : Operation 196 [1/1] (0.00ns) (grouped into LUT with out node tempReg_8)   --->   "%xor_ln105_33 = xor i64 %tmp_s, i64 %v_19_loc_load" [src/config.h:105->src/generic/fp_generic.cpp:350]   --->   Operation 196 'xor' 'xor_ln105_33' <Predicate = true> <Delay = 0.00> <CoreInst = "LogicGate">   --->   Core 74 'LogicGate' <Latency = 0> <II = 1> <Delay = 0.28> <FuncUnit> <Opcode : 'and' 'or' 'xor'> <InPorts = 2> <OutPorts = 1>
ST_12 : Operation 197 [1/1] (0.00ns) (grouped into LUT with out node tempReg_8)   --->   "%or_ln105_6 = or i64 %xor_ln105_33, i64 %xor_ln105_32" [src/config.h:105->src/generic/fp_generic.cpp:350]   --->   Operation 197 'or' 'or_ln105_6' <Predicate = true> <Delay = 0.00> <CoreInst = "LogicGate">   --->   Core 74 'LogicGate' <Latency = 0> <II = 1> <Delay = 0.28> <FuncUnit> <Opcode : 'and' 'or' 'xor'> <InPorts = 2> <OutPorts = 1>
ST_12 : Operation 198 [1/1] (0.00ns) (grouped into LUT with out node tempReg_8)   --->   "%xor_ln105_34 = xor i64 %or_ln105_6, i64 %v_15" [src/config.h:105->src/generic/fp_generic.cpp:350]   --->   Operation 198 'xor' 'xor_ln105_34' <Predicate = true> <Delay = 0.00> <CoreInst = "LogicGate">   --->   Core 74 'LogicGate' <Latency = 0> <II = 1> <Delay = 0.28> <FuncUnit> <Opcode : 'and' 'or' 'xor'> <InPorts = 2> <OutPorts = 1>
ST_12 : Operation 199 [1/1] (0.00ns) (grouped into LUT with out node tempReg_8)   --->   "%carry_11 = bitselect i1 @_ssdm_op_BitSelect.i1.i64.i32, i64 %xor_ln105_34, i32 63" [src/config.h:105->src/generic/fp_generic.cpp:350]   --->   Operation 199 'bitselect' 'carry_11' <Predicate = true> <Delay = 0.00>
ST_12 : Operation 200 [1/1] (0.00ns) (grouped into LUT with out node tempReg_8)   --->   "%zext_ln105_5 = zext i1 %carry_11" [src/config.h:105->src/generic/fp_generic.cpp:350]   --->   Operation 200 'zext' 'zext_ln105_5' <Predicate = true> <Delay = 0.00>
ST_12 : Operation 201 [1/1] (1.14ns) (out node of the LUT)   --->   "%tempReg_8 = add i64 %u_8_loc_load, i64 %zext_ln105_5" [src/generic/fp_generic.cpp:351]   --->   Operation 201 'add' 'tempReg_8' <Predicate = true> <Delay = 1.14> <CoreInst = "Adder">   --->   Core 1 'Adder' <Latency = 0> <II = 1> <Delay = 1.14> <FuncUnit> <Opcode : 'add' 'sub'> <InPorts = 2> <OutPorts = 1>
ST_12 : Operation 202 [1/1] (0.00ns) (grouped into LUT with out node t_8)   --->   "%bit_sel7 = bitselect i1 @_ssdm_op_BitSelect.i1.i64.i64, i64 %tempReg_8, i64 63" [src/config.h:105->src/generic/fp_generic.cpp:351]   --->   Operation 202 'bitselect' 'bit_sel7' <Predicate = true> <Delay = 0.00>
ST_12 : Operation 203 [1/1] (0.00ns) (grouped into LUT with out node t_8)   --->   "%xor_ln105_35 = xor i1 %bit_sel7, i1 1" [src/config.h:105->src/generic/fp_generic.cpp:351]   --->   Operation 203 'xor' 'xor_ln105_35' <Predicate = true> <Delay = 0.00> <CoreInst = "LogicGate">   --->   Core 74 'LogicGate' <Latency = 0> <II = 1> <Delay = 0.12> <FuncUnit> <Opcode : 'and' 'or' 'xor'> <InPorts = 2> <OutPorts = 1>
ST_12 : Operation 204 [1/1] (0.00ns) (grouped into LUT with out node t_8)   --->   "%trunc_ln105_2 = trunc i64 %tempReg_8" [src/config.h:105->src/generic/fp_generic.cpp:351]   --->   Operation 204 'trunc' 'trunc_ln105_2' <Predicate = true> <Delay = 0.00>
ST_12 : Operation 205 [1/1] (0.00ns) (grouped into LUT with out node t_8)   --->   "%xor_ln105_1 = bitconcatenate i64 @_ssdm_op_BitConcatenate.i64.i1.i63, i1 %xor_ln105_35, i63 %trunc_ln105_2" [src/config.h:105->src/generic/fp_generic.cpp:351]   --->   Operation 205 'bitconcatenate' 'xor_ln105_1' <Predicate = true> <Delay = 0.00>
ST_12 : Operation 206 [1/1] (0.00ns) (grouped into LUT with out node t_8)   --->   "%and_ln105_2 = and i64 %u_8_loc_load, i64 %xor_ln105_1" [src/config.h:105->src/generic/fp_generic.cpp:351]   --->   Operation 206 'and' 'and_ln105_2' <Predicate = true> <Delay = 0.00> <CoreInst = "LogicGate">   --->   Core 74 'LogicGate' <Latency = 0> <II = 1> <Delay = 0.28> <FuncUnit> <Opcode : 'and' 'or' 'xor'> <InPorts = 2> <OutPorts = 1>
ST_12 : Operation 207 [1/1] (0.00ns) (grouped into LUT with out node t_8)   --->   "%carry_12 = bitselect i1 @_ssdm_op_BitSelect.i1.i64.i32, i64 %and_ln105_2, i32 63" [src/config.h:105->src/generic/fp_generic.cpp:351]   --->   Operation 207 'bitselect' 'carry_12' <Predicate = true> <Delay = 0.00>
ST_12 : Operation 208 [1/1] (0.00ns) (grouped into LUT with out node t_8)   --->   "%zext_ln105_6 = zext i1 %carry_12" [src/config.h:105->src/generic/fp_generic.cpp:351]   --->   Operation 208 'zext' 'zext_ln105_6' <Predicate = true> <Delay = 0.00>
ST_12 : Operation 209 [1/1] (1.14ns) (out node of the LUT)   --->   "%t_8 = add i64 %t_6_loc_load, i64 %zext_ln105_6" [src/generic/fp_generic.cpp:352]   --->   Operation 209 'add' 't_8' <Predicate = true> <Delay = 1.14> <CoreInst = "Adder">   --->   Core 1 'Adder' <Latency = 0> <II = 1> <Delay = 1.14> <FuncUnit> <Opcode : 'add' 'sub'> <InPorts = 2> <OutPorts = 1>
ST_12 : Operation 210 [1/1] (0.70ns)   --->   "%switch_ln353 = switch i4 %i_8, void %arrayidx11610.case.6, i4 8, void %arrayidx11610.case.0, i4 9, void %arrayidx11610.case.1, i4 10, void %arrayidx11610.case.2, i4 11, void %arrayidx11610.case.3, i4 12, void %arrayidx11610.case.4, i4 13, void %arrayidx11610.case.5" [src/generic/fp_generic.cpp:353]   --->   Operation 210 'switch' 'switch_ln353' <Predicate = true> <Delay = 0.70>
ST_12 : Operation 211 [1/1] ( I:0.71ns O:0.71ns )   --->   "%store_ln353 = store i64 %v_15, i1 %mc_5_addr" [src/generic/fp_generic.cpp:353]   --->   Operation 211 'store' 'store_ln353' <Predicate = (i_8 == 13)> <Delay = 0.71> <CoreInst = "RAM_1P">   --->   Core 87 'RAM_1P' <Latency = 1> <II = 1> <Delay = 0.71> <Storage> <Opcode : 'load' 'store'> <Ports = 1> <Width = 64> <Depth = 2> <RAM>
ST_12 : Operation 212 [1/1] (0.00ns)   --->   "%br_ln353 = br void %arrayidx11610.exit" [src/generic/fp_generic.cpp:353]   --->   Operation 212 'br' 'br_ln353' <Predicate = (i_8 == 13)> <Delay = 0.00>
ST_12 : Operation 213 [1/1] ( I:0.71ns O:0.71ns )   --->   "%store_ln353 = store i64 %v_15, i1 %mc_4_addr" [src/generic/fp_generic.cpp:353]   --->   Operation 213 'store' 'store_ln353' <Predicate = (i_8 == 12)> <Delay = 0.71> <CoreInst = "RAM_1P">   --->   Core 87 'RAM_1P' <Latency = 1> <II = 1> <Delay = 0.71> <Storage> <Opcode : 'load' 'store'> <Ports = 1> <Width = 64> <Depth = 2> <RAM>
ST_12 : Operation 214 [1/1] (0.00ns)   --->   "%br_ln353 = br void %arrayidx11610.exit" [src/generic/fp_generic.cpp:353]   --->   Operation 214 'br' 'br_ln353' <Predicate = (i_8 == 12)> <Delay = 0.00>
ST_12 : Operation 215 [1/1] ( I:0.71ns O:0.71ns )   --->   "%store_ln353 = store i64 %v_15, i1 %mc_3_addr" [src/generic/fp_generic.cpp:353]   --->   Operation 215 'store' 'store_ln353' <Predicate = (i_8 == 11)> <Delay = 0.71> <CoreInst = "RAM_1P">   --->   Core 87 'RAM_1P' <Latency = 1> <II = 1> <Delay = 0.71> <Storage> <Opcode : 'load' 'store'> <Ports = 1> <Width = 64> <Depth = 2> <RAM>
ST_12 : Operation 216 [1/1] (0.00ns)   --->   "%br_ln353 = br void %arrayidx11610.exit" [src/generic/fp_generic.cpp:353]   --->   Operation 216 'br' 'br_ln353' <Predicate = (i_8 == 11)> <Delay = 0.00>
ST_12 : Operation 217 [1/1] ( I:0.71ns O:0.71ns )   --->   "%store_ln353 = store i64 %v_15, i1 %mc_2_addr" [src/generic/fp_generic.cpp:353]   --->   Operation 217 'store' 'store_ln353' <Predicate = (i_8 == 10)> <Delay = 0.71> <CoreInst = "RAM_1P">   --->   Core 87 'RAM_1P' <Latency = 1> <II = 1> <Delay = 0.71> <Storage> <Opcode : 'load' 'store'> <Ports = 1> <Width = 64> <Depth = 2> <RAM>
ST_12 : Operation 218 [1/1] (0.00ns)   --->   "%br_ln353 = br void %arrayidx11610.exit" [src/generic/fp_generic.cpp:353]   --->   Operation 218 'br' 'br_ln353' <Predicate = (i_8 == 10)> <Delay = 0.00>
ST_12 : Operation 219 [1/1] ( I:0.71ns O:0.71ns )   --->   "%store_ln353 = store i64 %v_15, i1 %mc_1_addr" [src/generic/fp_generic.cpp:353]   --->   Operation 219 'store' 'store_ln353' <Predicate = (i_8 == 9)> <Delay = 0.71> <CoreInst = "RAM_1P">   --->   Core 87 'RAM_1P' <Latency = 1> <II = 1> <Delay = 0.71> <Storage> <Opcode : 'load' 'store'> <Ports = 1> <Width = 64> <Depth = 2> <RAM>
ST_12 : Operation 220 [1/1] (0.00ns)   --->   "%br_ln353 = br void %arrayidx11610.exit" [src/generic/fp_generic.cpp:353]   --->   Operation 220 'br' 'br_ln353' <Predicate = (i_8 == 9)> <Delay = 0.00>
ST_12 : Operation 221 [1/1] ( I:0.71ns O:0.71ns )   --->   "%store_ln353 = store i64 %v_15, i1 %mc_0_addr" [src/generic/fp_generic.cpp:353]   --->   Operation 221 'store' 'store_ln353' <Predicate = (i_8 == 8)> <Delay = 0.71> <CoreInst = "RAM_1P">   --->   Core 87 'RAM_1P' <Latency = 1> <II = 1> <Delay = 0.71> <Storage> <Opcode : 'load' 'store'> <Ports = 1> <Width = 64> <Depth = 2> <RAM>
ST_12 : Operation 222 [1/1] (0.00ns)   --->   "%br_ln353 = br void %arrayidx11610.exit" [src/generic/fp_generic.cpp:353]   --->   Operation 222 'br' 'br_ln353' <Predicate = (i_8 == 8)> <Delay = 0.00>
ST_12 : Operation 223 [1/1] ( I:0.71ns O:0.71ns )   --->   "%store_ln353 = store i64 %v_15, i1 %mc_6_addr" [src/generic/fp_generic.cpp:353]   --->   Operation 223 'store' 'store_ln353' <Predicate = (i_8 != 8 & i_8 != 9 & i_8 != 10 & i_8 != 11 & i_8 != 12 & i_8 != 13)> <Delay = 0.71> <CoreInst = "RAM_1P">   --->   Core 87 'RAM_1P' <Latency = 1> <II = 1> <Delay = 0.71> <Storage> <Opcode : 'load' 'store'> <Ports = 1> <Width = 64> <Depth = 2> <RAM>
ST_12 : Operation 224 [1/1] (0.00ns)   --->   "%br_ln353 = br void %arrayidx11610.exit" [src/generic/fp_generic.cpp:353]   --->   Operation 224 'br' 'br_ln353' <Predicate = (i_8 != 8 & i_8 != 9 & i_8 != 10 & i_8 != 11 & i_8 != 12 & i_8 != 13)> <Delay = 0.00>
ST_12 : Operation 225 [1/1] (0.00ns)   --->   "%indvars_iv_load_2 = load i4 %indvars_iv" [src/generic/fp_generic.cpp:334]   --->   Operation 225 'load' 'indvars_iv_load_2' <Predicate = true> <Delay = 0.00>
ST_12 : Operation 226 [1/1] (0.70ns)   --->   "%add_ln334 = add i4 %i_8, i4 1" [src/generic/fp_generic.cpp:334]   --->   Operation 226 'add' 'add_ln334' <Predicate = true> <Delay = 0.70> <CoreInst = "Adder">   --->   Core 1 'Adder' <Latency = 0> <II = 1> <Delay = 0.70> <FuncUnit> <Opcode : 'add' 'sub'> <InPorts = 2> <OutPorts = 1>
ST_12 : Operation 227 [1/1] (0.70ns)   --->   "%add_ln334_1 = add i4 %indvars_iv_load_2, i4 1" [src/generic/fp_generic.cpp:334]   --->   Operation 227 'add' 'add_ln334_1' <Predicate = true> <Delay = 0.70> <CoreInst = "Adder">   --->   Core 1 'Adder' <Latency = 0> <II = 1> <Delay = 0.70> <FuncUnit> <Opcode : 'add' 'sub'> <InPorts = 2> <OutPorts = 1>
ST_12 : Operation 228 [1/1] (0.38ns)   --->   "%store_ln302 = store i4 %add_ln334, i4 %i_4" [src/generic/fp_generic.cpp:302]   --->   Operation 228 'store' 'store_ln302' <Predicate = true> <Delay = 0.38>
ST_12 : Operation 229 [1/1] (0.38ns)   --->   "%store_ln334 = store i4 %add_ln334_1, i4 %indvars_iv" [src/generic/fp_generic.cpp:334]   --->   Operation 229 'store' 'store_ln334' <Predicate = true> <Delay = 0.38>
ST_12 : Operation 230 [1/1] (0.38ns)   --->   "%store_ln303 = store i64 %tempReg_8, i64 %v_4" [src/generic/fp_generic.cpp:303]   --->   Operation 230 'store' 'store_ln303' <Predicate = true> <Delay = 0.38>
ST_12 : Operation 231 [1/1] (0.38ns)   --->   "%store_ln303 = store i64 %t_8, i64 %u_3" [src/generic/fp_generic.cpp:303]   --->   Operation 231 'store' 'store_ln303' <Predicate = true> <Delay = 0.38>
ST_12 : Operation 232 [1/1] (0.38ns)   --->   "%store_ln302 = store i32 %count_2, i32 %count" [src/generic/fp_generic.cpp:302]   --->   Operation 232 'store' 'store_ln302' <Predicate = true> <Delay = 0.38>
ST_12 : Operation 233 [1/1] (0.00ns)   --->   "%br_ln334 = br void %for.body56" [src/generic/fp_generic.cpp:334]   --->   Operation 233 'br' 'br_ln334' <Predicate = true> <Delay = 0.00>


============================================================
+ Verbose Summary: Binding
============================================================
STG Binding: 
---------------- STG Properties BEGIN ----------------
- Is combinational: 0
- Is one-state seq: 0
- Is datapath-only: 0
- Is pipelined: 0
- Is top level: 0
Port [ Return ] is wired: 1; IO mode=ap_ctrl_hs:ce=0
Port [ ma_0_val]:  wired=1; compound=0; hidden=0; nouse=0; global=0; static=0; extern=0; dir=0; type=0; pingpong=0; private_global=0; IO mode=ap_none:ce=0
Port [ ma_1_val]:  wired=1; compound=0; hidden=0; nouse=0; global=0; static=0; extern=0; dir=0; type=0; pingpong=0; private_global=0; IO mode=ap_none:ce=0
Port [ ma_2_val]:  wired=1; compound=0; hidden=0; nouse=0; global=0; static=0; extern=0; dir=0; type=0; pingpong=0; private_global=0; IO mode=ap_none:ce=0
Port [ ma_3_val]:  wired=1; compound=0; hidden=0; nouse=0; global=0; static=0; extern=0; dir=0; type=0; pingpong=0; private_global=0; IO mode=ap_none:ce=0
Port [ ma_4_val]:  wired=1; compound=0; hidden=0; nouse=0; global=0; static=0; extern=0; dir=0; type=0; pingpong=0; private_global=0; IO mode=ap_none:ce=0
Port [ ma_5_val]:  wired=1; compound=0; hidden=0; nouse=0; global=0; static=0; extern=0; dir=0; type=0; pingpong=0; private_global=0; IO mode=ap_none:ce=0
Port [ ma_6_val]:  wired=1; compound=0; hidden=0; nouse=0; global=0; static=0; extern=0; dir=0; type=0; pingpong=0; private_global=0; IO mode=ap_none:ce=0
Port [ ma_7_val]:  wired=1; compound=0; hidden=0; nouse=0; global=0; static=0; extern=0; dir=0; type=0; pingpong=0; private_global=0; IO mode=ap_none:ce=0
Port [ ma_8_val]:  wired=1; compound=0; hidden=0; nouse=0; global=0; static=0; extern=0; dir=0; type=0; pingpong=0; private_global=0; IO mode=ap_none:ce=0
Port [ ma_9_val]:  wired=1; compound=0; hidden=0; nouse=0; global=0; static=0; extern=0; dir=0; type=0; pingpong=0; private_global=0; IO mode=ap_none:ce=0
Port [ ma_10_val]:  wired=1; compound=0; hidden=0; nouse=0; global=0; static=0; extern=0; dir=0; type=0; pingpong=0; private_global=0; IO mode=ap_none:ce=0
Port [ ma_11_val]:  wired=1; compound=0; hidden=0; nouse=0; global=0; static=0; extern=0; dir=0; type=0; pingpong=0; private_global=0; IO mode=ap_none:ce=0
Port [ ma_12_val]:  wired=1; compound=0; hidden=0; nouse=0; global=0; static=0; extern=0; dir=0; type=0; pingpong=0; private_global=0; IO mode=ap_none:ce=0
Port [ ma_13_val]:  wired=1; compound=0; hidden=0; nouse=0; global=0; static=0; extern=0; dir=0; type=0; pingpong=0; private_global=0; IO mode=ap_none:ce=0
Port [ ma_14_val]:  wired=1; compound=0; hidden=0; nouse=0; global=0; static=0; extern=0; dir=0; type=0; pingpong=0; private_global=0; IO mode=ap_none:ce=0
Port [ ma_15_val]:  wired=1; compound=0; hidden=0; nouse=0; global=0; static=0; extern=0; dir=0; type=0; pingpong=0; private_global=0; IO mode=ap_none:ce=0
Port [ mc_0]:  wired=1; compound=1; hidden=0; nouse=0; global=0; static=0; extern=0; dir=2; type=1; pingpong=0; private_global=0; MemPort=[2]; IO mode=ap_memory:ce=0
Port [ mc_0_offset]:  wired=1; compound=0; hidden=0; nouse=0; global=0; static=0; extern=0; dir=0; type=0; pingpong=0; private_global=0; IO mode=ap_none:ce=0
Port [ mc_1]:  wired=1; compound=1; hidden=0; nouse=0; global=0; static=0; extern=0; dir=2; type=1; pingpong=0; private_global=0; MemPort=[2]; IO mode=ap_memory:ce=0
Port [ mc_1_offset]:  wired=1; compound=0; hidden=0; nouse=0; global=0; static=0; extern=0; dir=0; type=0; pingpong=0; private_global=0; IO mode=ap_none:ce=0
Port [ mc_2]:  wired=1; compound=1; hidden=0; nouse=0; global=0; static=0; extern=0; dir=2; type=1; pingpong=0; private_global=0; MemPort=[2]; IO mode=ap_memory:ce=0
Port [ mc_2_offset]:  wired=1; compound=0; hidden=0; nouse=0; global=0; static=0; extern=0; dir=0; type=0; pingpong=0; private_global=0; IO mode=ap_none:ce=0
Port [ mc_3]:  wired=1; compound=1; hidden=0; nouse=0; global=0; static=0; extern=0; dir=2; type=1; pingpong=0; private_global=0; MemPort=[2]; IO mode=ap_memory:ce=0
Port [ mc_3_offset]:  wired=1; compound=0; hidden=0; nouse=0; global=0; static=0; extern=0; dir=0; type=0; pingpong=0; private_global=0; IO mode=ap_none:ce=0
Port [ mc_4]:  wired=1; compound=1; hidden=0; nouse=0; global=0; static=0; extern=0; dir=2; type=1; pingpong=0; private_global=0; MemPort=[2]; IO mode=ap_memory:ce=0
Port [ mc_4_offset]:  wired=1; compound=0; hidden=0; nouse=0; global=0; static=0; extern=0; dir=0; type=0; pingpong=0; private_global=0; IO mode=ap_none:ce=0
Port [ mc_5]:  wired=1; compound=1; hidden=0; nouse=0; global=0; static=0; extern=0; dir=2; type=1; pingpong=0; private_global=0; MemPort=[2]; IO mode=ap_memory:ce=0
Port [ mc_5_offset]:  wired=1; compound=0; hidden=0; nouse=0; global=0; static=0; extern=0; dir=0; type=0; pingpong=0; private_global=0; IO mode=ap_none:ce=0
Port [ mc_6]:  wired=1; compound=1; hidden=0; nouse=0; global=0; static=0; extern=0; dir=2; type=1; pingpong=0; private_global=0; MemPort=[2]; IO mode=ap_memory:ce=0
Port [ mc_6_offset]:  wired=1; compound=0; hidden=0; nouse=0; global=0; static=0; extern=0; dir=0; type=0; pingpong=0; private_global=0; IO mode=ap_none:ce=0
Port [ mc_7]:  wired=1; compound=1; hidden=0; nouse=0; global=0; static=0; extern=0; dir=2; type=1; pingpong=0; private_global=0; MemPort=[2]; IO mode=ap_memory:ce=0
Port [ mc_7_offset]:  wired=1; compound=0; hidden=0; nouse=0; global=0; static=0; extern=0; dir=0; type=0; pingpong=0; private_global=0; IO mode=ap_none:ce=0
Port [ p503p1_1]:  wired=0; compound=1; hidden=1; nouse=1; global=1; static=1; extern=0; dir=0; type=1; pingpong=0; private_global=0; MemPort=[1]; IO mode=ap_memory:ce=0
---------------- STG Properties END ------------------

---------------- Datapath Model BEGIN ----------------

<LifeTime>
<method=bitvector/>
i_3                     (alloca           ) [ 0111111100000]
u_1                     (alloca           ) [ 0111111100000]
v_1                     (alloca           ) [ 0111111100000]
mc_7_offset_read        (read             ) [ 0010000000000]
mc_6_offset_read        (read             ) [ 0010000000000]
mc_5_offset_read        (read             ) [ 0010000000000]
mc_4_offset_read        (read             ) [ 0010000000000]
mc_3_offset_read        (read             ) [ 0010000000000]
mc_2_offset_read        (read             ) [ 0010000000000]
mc_1_offset_read        (read             ) [ 0010000000000]
mc_0_offset_read        (read             ) [ 0010000000000]
t_6_loc                 (alloca           ) [ 0011111111111]
u_8_loc                 (alloca           ) [ 0011111111111]
v_19_loc                (alloca           ) [ 0011111111111]
t_1_loc                 (alloca           ) [ 0011111100000]
u_loc                   (alloca           ) [ 0011111100000]
v_loc                   (alloca           ) [ 0011111100000]
store_ln303             (store            ) [ 0000000000000]
store_ln303             (store            ) [ 0000000000000]
store_ln302             (store            ) [ 0000000000000]
ma_15_val_read          (read             ) [ 0001111111111]
ma_14_val_read          (read             ) [ 0001111111111]
ma_13_val_read          (read             ) [ 0001111111111]
ma_12_val_read          (read             ) [ 0001111111111]
ma_11_val_read          (read             ) [ 0001111111111]
ma_10_val_read          (read             ) [ 0001111111111]
ma_9_val_read           (read             ) [ 0001111111111]
ma_8_val_read           (read             ) [ 0001111111111]
ma_7_val_read           (read             ) [ 0001111100000]
ma_6_val_read           (read             ) [ 0001111100000]
ma_5_val_read           (read             ) [ 0001111100000]
ma_4_val_read           (read             ) [ 0001111100000]
ma_3_val_read           (read             ) [ 0001111100000]
ma_2_val_read           (read             ) [ 0001111100000]
ma_1_val_read           (read             ) [ 0001111100000]
ma_0_val_read           (read             ) [ 0001111100000]
zext_ln299              (zext             ) [ 0000000000000]
zext_ln299_1            (zext             ) [ 0000000000000]
zext_ln299_2            (zext             ) [ 0000000000000]
zext_ln299_3            (zext             ) [ 0000000000000]
zext_ln299_4            (zext             ) [ 0000000000000]
zext_ln299_5            (zext             ) [ 0000000000000]
zext_ln299_6            (zext             ) [ 0000000000000]
zext_ln299_7            (zext             ) [ 0000000000000]
mc_7_addr               (getelementptr    ) [ 0001111111111]
mc_6_addr               (getelementptr    ) [ 0001111111111]
mc_5_addr               (getelementptr    ) [ 0001111111111]
mc_4_addr               (getelementptr    ) [ 0001111111111]
mc_3_addr               (getelementptr    ) [ 0001111111111]
mc_2_addr               (getelementptr    ) [ 0001111111111]
mc_1_addr               (getelementptr    ) [ 0001111111111]
mc_0_addr               (getelementptr    ) [ 0001111111111]
specmemcore_ln0         (specmemcore      ) [ 0000000000000]
specmemcore_ln0         (specmemcore      ) [ 0000000000000]
specmemcore_ln0         (specmemcore      ) [ 0000000000000]
specmemcore_ln0         (specmemcore      ) [ 0000000000000]
specmemcore_ln0         (specmemcore      ) [ 0000000000000]
specmemcore_ln0         (specmemcore      ) [ 0000000000000]
specmemcore_ln0         (specmemcore      ) [ 0000000000000]
specmemcore_ln0         (specmemcore      ) [ 0000000000000]
call_ln0                (call             ) [ 0000000000000]
br_ln312                (br               ) [ 0000000000000]
i                       (load             ) [ 0000000000000]
u_10                    (load             ) [ 0000110000000]
v_13                    (load             ) [ 0000110000000]
icmp_ln312              (icmp             ) [ 0001111100000]
add_ln312               (add              ) [ 0000111100000]
br_ln312                (br               ) [ 0000000000000]
trunc_ln312             (trunc            ) [ 0000111000000]
tmp                     (sparsemux        ) [ 0000111000000]
count                   (alloca           ) [ 0001111111111]
u_3                     (alloca           ) [ 0001111111111]
v_4                     (alloca           ) [ 0001111111111]
indvars_iv              (alloca           ) [ 0001111111111]
i_4                     (alloca           ) [ 0001111111111]
store_ln302             (store            ) [ 0000000000000]
store_ln0               (store            ) [ 0000000000000]
store_ln303             (store            ) [ 0000000000000]
store_ln303             (store            ) [ 0000000000000]
store_ln302             (store            ) [ 0000000000000]
zext_ln314              (zext             ) [ 0000000000000]
add_ln314               (add              ) [ 0000010000000]
mc_0_load               (load             ) [ 0000010000000]
mc_1_load               (load             ) [ 0000010000000]
mc_2_load               (load             ) [ 0000010000000]
mc_3_load               (load             ) [ 0000010000000]
mc_4_load               (load             ) [ 0000010000000]
mc_5_load               (load             ) [ 0000010000000]
mc_6_load               (load             ) [ 0000010000000]
call_ln312              (call             ) [ 0000000000000]
speclooptripcount_ln302 (speclooptripcount) [ 0000000000000]
specloopname_ln312      (specloopname     ) [ 0000000000000]
v_loc_load              (load             ) [ 0000000000000]
u_loc_load              (load             ) [ 0000000000000]
t_1_loc_load            (load             ) [ 0000000000000]
v_14                    (add              ) [ 0000000000000]
xor_ln105               (xor              ) [ 0000000000000]
xor_ln105_22            (xor              ) [ 0000000000000]
or_ln105                (or               ) [ 0000000000000]
xor_ln105_23            (xor              ) [ 0000000000000]
carry                   (bitselect        ) [ 0000000000000]
zext_ln105              (zext             ) [ 0000000000000]
tempReg                 (add              ) [ 0000000100000]
bit_sel1                (bitselect        ) [ 0000000000000]
xor_ln105_31            (xor              ) [ 0000000000000]
trunc_ln105             (trunc            ) [ 0000000000000]
xor_ln105_s             (bitconcatenate   ) [ 0000000000000]
and_ln105               (and              ) [ 0000000000000]
carry_10                (bitselect        ) [ 0000000000000]
zext_ln105_4            (zext             ) [ 0000000000000]
t                       (add              ) [ 0000000100000]
switch_ln327            (switch           ) [ 0000000000000]
store_ln327             (store            ) [ 0000000000000]
br_ln327                (br               ) [ 0000000000000]
store_ln327             (store            ) [ 0000000000000]
br_ln327                (br               ) [ 0000000000000]
store_ln327             (store            ) [ 0000000000000]
br_ln327                (br               ) [ 0000000000000]
store_ln327             (store            ) [ 0000000000000]
br_ln327                (br               ) [ 0000000000000]
store_ln327             (store            ) [ 0000000000000]
br_ln327                (br               ) [ 0000000000000]
store_ln327             (store            ) [ 0000000000000]
br_ln327                (br               ) [ 0000000000000]
store_ln327             (store            ) [ 0000000000000]
br_ln327                (br               ) [ 0000000000000]
store_ln327             (store            ) [ 0000000000000]
br_ln327                (br               ) [ 0000000000000]
store_ln303             (store            ) [ 0000000000000]
store_ln303             (store            ) [ 0000000000000]
store_ln302             (store            ) [ 0000000000000]
br_ln312                (br               ) [ 0000000000000]
mc_7_load               (load             ) [ 0000000001111]
br_ln334                (br               ) [ 0000000000000]
i_8                     (load             ) [ 0000000000111]
icmp_ln334              (icmp             ) [ 0000000001111]
br_ln334                (br               ) [ 0000000000000]
tmp_s                   (sparsemux        ) [ 0000000000111]
v_4_load                (load             ) [ 0000000000000]
v                       (add              ) [ 0000000000000]
store_ln359             (store            ) [ 0000000000000]
ret_ln360               (ret              ) [ 0000000000000]
count_load              (load             ) [ 0000000000000]
u_3_load                (load             ) [ 0000000000010]
v_4_load_2              (load             ) [ 0000000000010]
indvars_iv_load         (load             ) [ 0000000000000]
trunc_ln334             (trunc            ) [ 0000000000010]
trunc_ln334_2           (trunc            ) [ 0000000000010]
icmp_ln336              (icmp             ) [ 0000000000000]
add_ln338               (add              ) [ 0000000000000]
count_2                 (select           ) [ 0000000000011]
sub65                   (sub              ) [ 0000000000010]
mc_1_load_1             (load             ) [ 0000000000010]
mc_2_load_1             (load             ) [ 0000000000010]
mc_3_load_1             (load             ) [ 0000000000010]
mc_4_load_1             (load             ) [ 0000000000010]
mc_5_load_1             (load             ) [ 0000000000010]
mc_6_load_1             (load             ) [ 0000000000010]
call_ln334              (call             ) [ 0000000000000]
speclooptripcount_ln302 (speclooptripcount) [ 0000000000000]
specloopname_ln334      (specloopname     ) [ 0000000000000]
v_19_loc_load           (load             ) [ 0000000000000]
u_8_loc_load            (load             ) [ 0000000000000]
t_6_loc_load            (load             ) [ 0000000000000]
v_15                    (add              ) [ 0000000000000]
xor_ln105_32            (xor              ) [ 0000000000000]
xor_ln105_33            (xor              ) [ 0000000000000]
or_ln105_6              (or               ) [ 0000000000000]
xor_ln105_34            (xor              ) [ 0000000000000]
carry_11                (bitselect        ) [ 0000000000000]
zext_ln105_5            (zext             ) [ 0000000000000]
tempReg_8               (add              ) [ 0000000000000]
bit_sel7                (bitselect        ) [ 0000000000000]
xor_ln105_35            (xor              ) [ 0000000000000]
trunc_ln105_2           (trunc            ) [ 0000000000000]
xor_ln105_1             (bitconcatenate   ) [ 0000000000000]
and_ln105_2             (and              ) [ 0000000000000]
carry_12                (bitselect        ) [ 0000000000000]
zext_ln105_6            (zext             ) [ 0000000000000]
t_8                     (add              ) [ 0000000000000]
switch_ln353            (switch           ) [ 0000000000000]
store_ln353             (store            ) [ 0000000000000]
br_ln353                (br               ) [ 0000000000000]
store_ln353             (store            ) [ 0000000000000]
br_ln353                (br               ) [ 0000000000000]
store_ln353             (store            ) [ 0000000000000]
br_ln353                (br               ) [ 0000000000000]
store_ln353             (store            ) [ 0000000000000]
br_ln353                (br               ) [ 0000000000000]
store_ln353             (store            ) [ 0000000000000]
br_ln353                (br               ) [ 0000000000000]
store_ln353             (store            ) [ 0000000000000]
br_ln353                (br               ) [ 0000000000000]
store_ln353             (store            ) [ 0000000000000]
br_ln353                (br               ) [ 0000000000000]
indvars_iv_load_2       (load             ) [ 0000000000000]
add_ln334               (add              ) [ 0000000000000]
add_ln334_1             (add              ) [ 0000000000000]
store_ln302             (store            ) [ 0000000000000]
store_ln334             (store            ) [ 0000000000000]
store_ln303             (store            ) [ 0000000000000]
store_ln303             (store            ) [ 0000000000000]
store_ln302             (store            ) [ 0000000000000]
br_ln334                (br               ) [ 0000000000000]
</LifeTime>

<model>

<comp_list>
<comp id="0" class="1000" name="ma_0_val">
<pin_list>
<pin id="1" dir="1" index="0" bw="1" slack="0"/>
</pin_list>
<bind>
<StgValue><ssdm name="ma_0_val"/></StgValue>
</bind>
</comp>

<comp id="2" class="1000" name="ma_1_val">
<pin_list>
<pin id="3" dir="1" index="0" bw="1" slack="0"/>
</pin_list>
<bind>
<StgValue><ssdm name="ma_1_val"/></StgValue>
</bind>
</comp>

<comp id="4" class="1000" name="ma_2_val">
<pin_list>
<pin id="5" dir="1" index="0" bw="1" slack="0"/>
</pin_list>
<bind>
<StgValue><ssdm name="ma_2_val"/></StgValue>
</bind>
</comp>

<comp id="6" class="1000" name="ma_3_val">
<pin_list>
<pin id="7" dir="1" index="0" bw="1" slack="0"/>
</pin_list>
<bind>
<StgValue><ssdm name="ma_3_val"/></StgValue>
</bind>
</comp>

<comp id="8" class="1000" name="ma_4_val">
<pin_list>
<pin id="9" dir="1" index="0" bw="1" slack="0"/>
</pin_list>
<bind>
<StgValue><ssdm name="ma_4_val"/></StgValue>
</bind>
</comp>

<comp id="10" class="1000" name="ma_5_val">
<pin_list>
<pin id="11" dir="1" index="0" bw="1" slack="0"/>
</pin_list>
<bind>
<StgValue><ssdm name="ma_5_val"/></StgValue>
</bind>
</comp>

<comp id="12" class="1000" name="ma_6_val">
<pin_list>
<pin id="13" dir="1" index="0" bw="1" slack="0"/>
</pin_list>
<bind>
<StgValue><ssdm name="ma_6_val"/></StgValue>
</bind>
</comp>

<comp id="14" class="1000" name="ma_7_val">
<pin_list>
<pin id="15" dir="1" index="0" bw="1" slack="0"/>
</pin_list>
<bind>
<StgValue><ssdm name="ma_7_val"/></StgValue>
</bind>
</comp>

<comp id="16" class="1000" name="ma_8_val">
<pin_list>
<pin id="17" dir="1" index="0" bw="1" slack="0"/>
</pin_list>
<bind>
<StgValue><ssdm name="ma_8_val"/></StgValue>
</bind>
</comp>

<comp id="18" class="1000" name="ma_9_val">
<pin_list>
<pin id="19" dir="1" index="0" bw="1" slack="0"/>
</pin_list>
<bind>
<StgValue><ssdm name="ma_9_val"/></StgValue>
</bind>
</comp>

<comp id="20" class="1000" name="ma_10_val">
<pin_list>
<pin id="21" dir="1" index="0" bw="1" slack="0"/>
</pin_list>
<bind>
<StgValue><ssdm name="ma_10_val"/></StgValue>
</bind>
</comp>

<comp id="22" class="1000" name="ma_11_val">
<pin_list>
<pin id="23" dir="1" index="0" bw="1" slack="0"/>
</pin_list>
<bind>
<StgValue><ssdm name="ma_11_val"/></StgValue>
</bind>
</comp>

<comp id="24" class="1000" name="ma_12_val">
<pin_list>
<pin id="25" dir="1" index="0" bw="1" slack="0"/>
</pin_list>
<bind>
<StgValue><ssdm name="ma_12_val"/></StgValue>
</bind>
</comp>

<comp id="26" class="1000" name="ma_13_val">
<pin_list>
<pin id="27" dir="1" index="0" bw="1" slack="0"/>
</pin_list>
<bind>
<StgValue><ssdm name="ma_13_val"/></StgValue>
</bind>
</comp>

<comp id="28" class="1000" name="ma_14_val">
<pin_list>
<pin id="29" dir="1" index="0" bw="1" slack="0"/>
</pin_list>
<bind>
<StgValue><ssdm name="ma_14_val"/></StgValue>
</bind>
</comp>

<comp id="30" class="1000" name="ma_15_val">
<pin_list>
<pin id="31" dir="1" index="0" bw="1" slack="0"/>
</pin_list>
<bind>
<StgValue><ssdm name="ma_15_val"/></StgValue>
</bind>
</comp>

<comp id="32" class="1000" name="mc_0">
<pin_list>
<pin id="33" dir="1" index="0" bw="1" slack="0"/>
</pin_list>
<bind>
<StgValue><ssdm name="mc_0"/><MemPortTyVec>2 </MemPortTyVec>
</StgValue>
</bind>
</comp>

<comp id="34" class="1000" name="mc_0_offset">
<pin_list>
<pin id="35" dir="1" index="0" bw="1" slack="0"/>
</pin_list>
<bind>
<StgValue><ssdm name="mc_0_offset"/></StgValue>
</bind>
</comp>

<comp id="36" class="1000" name="mc_1">
<pin_list>
<pin id="37" dir="1" index="0" bw="1" slack="0"/>
</pin_list>
<bind>
<StgValue><ssdm name="mc_1"/><MemPortTyVec>2 </MemPortTyVec>
</StgValue>
</bind>
</comp>

<comp id="38" class="1000" name="mc_1_offset">
<pin_list>
<pin id="39" dir="1" index="0" bw="1" slack="0"/>
</pin_list>
<bind>
<StgValue><ssdm name="mc_1_offset"/></StgValue>
</bind>
</comp>

<comp id="40" class="1000" name="mc_2">
<pin_list>
<pin id="41" dir="1" index="0" bw="1" slack="0"/>
</pin_list>
<bind>
<StgValue><ssdm name="mc_2"/><MemPortTyVec>2 </MemPortTyVec>
</StgValue>
</bind>
</comp>

<comp id="42" class="1000" name="mc_2_offset">
<pin_list>
<pin id="43" dir="1" index="0" bw="1" slack="0"/>
</pin_list>
<bind>
<StgValue><ssdm name="mc_2_offset"/></StgValue>
</bind>
</comp>

<comp id="44" class="1000" name="mc_3">
<pin_list>
<pin id="45" dir="1" index="0" bw="1" slack="0"/>
</pin_list>
<bind>
<StgValue><ssdm name="mc_3"/><MemPortTyVec>2 </MemPortTyVec>
</StgValue>
</bind>
</comp>

<comp id="46" class="1000" name="mc_3_offset">
<pin_list>
<pin id="47" dir="1" index="0" bw="1" slack="0"/>
</pin_list>
<bind>
<StgValue><ssdm name="mc_3_offset"/></StgValue>
</bind>
</comp>

<comp id="48" class="1000" name="mc_4">
<pin_list>
<pin id="49" dir="1" index="0" bw="1" slack="0"/>
</pin_list>
<bind>
<StgValue><ssdm name="mc_4"/><MemPortTyVec>2 </MemPortTyVec>
</StgValue>
</bind>
</comp>

<comp id="50" class="1000" name="mc_4_offset">
<pin_list>
<pin id="51" dir="1" index="0" bw="1" slack="0"/>
</pin_list>
<bind>
<StgValue><ssdm name="mc_4_offset"/></StgValue>
</bind>
</comp>

<comp id="52" class="1000" name="mc_5">
<pin_list>
<pin id="53" dir="1" index="0" bw="1" slack="0"/>
</pin_list>
<bind>
<StgValue><ssdm name="mc_5"/><MemPortTyVec>2 </MemPortTyVec>
</StgValue>
</bind>
</comp>

<comp id="54" class="1000" name="mc_5_offset">
<pin_list>
<pin id="55" dir="1" index="0" bw="1" slack="0"/>
</pin_list>
<bind>
<StgValue><ssdm name="mc_5_offset"/></StgValue>
</bind>
</comp>

<comp id="56" class="1000" name="mc_6">
<pin_list>
<pin id="57" dir="1" index="0" bw="1" slack="0"/>
</pin_list>
<bind>
<StgValue><ssdm name="mc_6"/><MemPortTyVec>2 </MemPortTyVec>
</StgValue>
</bind>
</comp>

<comp id="58" class="1000" name="mc_6_offset">
<pin_list>
<pin id="59" dir="1" index="0" bw="1" slack="0"/>
</pin_list>
<bind>
<StgValue><ssdm name="mc_6_offset"/></StgValue>
</bind>
</comp>

<comp id="60" class="1000" name="mc_7">
<pin_list>
<pin id="61" dir="1" index="0" bw="1" slack="0"/>
</pin_list>
<bind>
<StgValue><ssdm name="mc_7"/><MemPortTyVec>2 </MemPortTyVec>
</StgValue>
</bind>
</comp>

<comp id="62" class="1000" name="mc_7_offset">
<pin_list>
<pin id="63" dir="1" index="0" bw="1" slack="0"/>
</pin_list>
<bind>
<StgValue><ssdm name="mc_7_offset"/></StgValue>
</bind>
</comp>

<comp id="64" class="1000" name="p503p1_1">
<pin_list>
<pin id="65" dir="1" index="0" bw="1" slack="0"/>
</pin_list>
<bind>
<StgValue><ssdm name="p503p1_1"/><MemPortTyVec>1 </MemPortTyVec>
</StgValue>
</bind>
</comp>

<comp id="66" class="1001" name="const_66">
<pin_list>
<pin id="67" dir="1" index="0" bw="1" slack="0"/>
</pin_list>
<bind>
<StgValue><ssdm name=""/></StgValue>
</bind>
</comp>

<comp id="68" class="1001" name="const_68">
<pin_list>
<pin id="69" dir="1" index="0" bw="1" slack="0"/>
</pin_list>
<bind>
<StgValue><ssdm name="_ssdm_op_Read.ap_auto.i1"/></StgValue>
</bind>
</comp>

<comp id="70" class="1001" name="const_70">
<pin_list>
<pin id="71" dir="1" index="0" bw="1" slack="0"/>
</pin_list>
<bind>
<StgValue><ssdm name=""/></StgValue>
</bind>
</comp>

<comp id="72" class="1001" name="const_72">
<pin_list>
<pin id="73" dir="1" index="0" bw="1" slack="0"/>
</pin_list>
<bind>
<StgValue><ssdm name="rdc_mont.8_Pipeline_VITIS_LOOP_306_1"/></StgValue>
</bind>
</comp>

<comp id="74" class="1001" name="const_74">
<pin_list>
<pin id="75" dir="1" index="0" bw="1" slack="0"/>
</pin_list>
<bind>
<StgValue><ssdm name=""/></StgValue>
</bind>
</comp>

<comp id="76" class="1001" name="const_76">
<pin_list>
<pin id="77" dir="1" index="0" bw="1" slack="0"/>
</pin_list>
<bind>
<StgValue><ssdm name=""/></StgValue>
</bind>
</comp>

<comp id="78" class="1001" name="const_78">
<pin_list>
<pin id="79" dir="1" index="0" bw="1" slack="0"/>
</pin_list>
<bind>
<StgValue><ssdm name="_ssdm_op_Read.ap_auto.i64"/></StgValue>
</bind>
</comp>

<comp id="80" class="1001" name="const_80">
<pin_list>
<pin id="81" dir="1" index="0" bw="1" slack="2147483647"/>
</pin_list>
<bind>
<StgValue><ssdm name="_ssdm_op_SpecMemCore"/></StgValue>
</bind>
</comp>

<comp id="82" class="1001" name="const_82">
<pin_list>
<pin id="83" dir="1" index="0" bw="1" slack="2147483647"/>
</pin_list>
<bind>
<StgValue><ssdm name=""/></StgValue>
</bind>
</comp>

<comp id="84" class="1001" name="const_84">
<pin_list>
<pin id="85" dir="1" index="0" bw="1" slack="2147483647"/>
</pin_list>
<bind>
<StgValue><ssdm name=""/></StgValue>
</bind>
</comp>

<comp id="86" class="1001" name="const_86">
<pin_list>
<pin id="87" dir="1" index="0" bw="1" slack="2147483647"/>
</pin_list>
<bind>
<StgValue><ssdm name=""/></StgValue>
</bind>
</comp>

<comp id="88" class="1001" name="const_88">
<pin_list>
<pin id="89" dir="1" index="0" bw="1" slack="0"/>
</pin_list>
<bind>
<StgValue><ssdm name=""/></StgValue>
</bind>
</comp>

<comp id="90" class="1001" name="const_90">
<pin_list>
<pin id="91" dir="1" index="0" bw="1" slack="0"/>
</pin_list>
<bind>
<StgValue><ssdm name=""/></StgValue>
</bind>
</comp>

<comp id="92" class="1001" name="const_92">
<pin_list>
<pin id="93" dir="1" index="0" bw="1" slack="0"/>
</pin_list>
<bind>
<StgValue><ssdm name="_ssdm_op_SparseMux.ap_auto.8i64.i64.i3"/></StgValue>
</bind>
</comp>

<comp id="94" class="1001" name="const_94">
<pin_list>
<pin id="95" dir="1" index="0" bw="1" slack="0"/>
</pin_list>
<bind>
<StgValue><ssdm name=""/></StgValue>
</bind>
</comp>

<comp id="96" class="1001" name="const_96">
<pin_list>
<pin id="97" dir="1" index="0" bw="1" slack="0"/>
</pin_list>
<bind>
<StgValue><ssdm name=""/></StgValue>
</bind>
</comp>

<comp id="98" class="1001" name="const_98">
<pin_list>
<pin id="99" dir="1" index="0" bw="1" slack="0"/>
</pin_list>
<bind>
<StgValue><ssdm name=""/></StgValue>
</bind>
</comp>

<comp id="100" class="1001" name="const_100">
<pin_list>
<pin id="101" dir="1" index="0" bw="1" slack="0"/>
</pin_list>
<bind>
<StgValue><ssdm name=""/></StgValue>
</bind>
</comp>

<comp id="102" class="1001" name="const_102">
<pin_list>
<pin id="103" dir="1" index="0" bw="1" slack="0"/>
</pin_list>
<bind>
<StgValue><ssdm name=""/></StgValue>
</bind>
</comp>

<comp id="104" class="1001" name="const_104">
<pin_list>
<pin id="105" dir="1" index="0" bw="1" slack="0"/>
</pin_list>
<bind>
<StgValue><ssdm name=""/></StgValue>
</bind>
</comp>

<comp id="106" class="1001" name="const_106">
<pin_list>
<pin id="107" dir="1" index="0" bw="1" slack="0"/>
</pin_list>
<bind>
<StgValue><ssdm name=""/></StgValue>
</bind>
</comp>

<comp id="108" class="1001" name="const_108">
<pin_list>
<pin id="109" dir="1" index="0" bw="1" slack="0"/>
</pin_list>
<bind>
<StgValue><ssdm name=""/></StgValue>
</bind>
</comp>

<comp id="110" class="1001" name="const_110">
<pin_list>
<pin id="111" dir="1" index="0" bw="1" slack="0"/>
</pin_list>
<bind>
<StgValue><ssdm name=""/></StgValue>
</bind>
</comp>

<comp id="112" class="1001" name="const_112">
<pin_list>
<pin id="113" dir="1" index="0" bw="1" slack="0"/>
</pin_list>
<bind>
<StgValue><ssdm name=""/></StgValue>
</bind>
</comp>

<comp id="114" class="1001" name="const_114">
<pin_list>
<pin id="115" dir="1" index="0" bw="1" slack="0"/>
</pin_list>
<bind>
<StgValue><ssdm name=""/></StgValue>
</bind>
</comp>

<comp id="116" class="1001" name="const_116">
<pin_list>
<pin id="117" dir="1" index="0" bw="1" slack="0"/>
</pin_list>
<bind>
<StgValue><ssdm name="rdc_mont.8_Pipeline_VITIS_LOOP_314_3"/></StgValue>
</bind>
</comp>

<comp id="118" class="1001" name="const_118">
<pin_list>
<pin id="119" dir="1" index="0" bw="1" slack="2147483647"/>
</pin_list>
<bind>
<StgValue><ssdm name="_ssdm_op_SpecLoopTripCount"/></StgValue>
</bind>
</comp>

<comp id="120" class="1001" name="const_120">
<pin_list>
<pin id="121" dir="1" index="0" bw="1" slack="2147483647"/>
</pin_list>
<bind>
<StgValue><ssdm name=""/></StgValue>
</bind>
</comp>

<comp id="122" class="1001" name="const_122">
<pin_list>
<pin id="123" dir="1" index="0" bw="1" slack="2147483647"/>
</pin_list>
<bind>
<StgValue><ssdm name="_ssdm_op_SpecLoopName"/></StgValue>
</bind>
</comp>

<comp id="124" class="1001" name="const_124">
<pin_list>
<pin id="125" dir="1" index="0" bw="1" slack="2147483647"/>
</pin_list>
<bind>
<StgValue><ssdm name="empty_31"/></StgValue>
</bind>
</comp>

<comp id="126" class="1001" name="const_126">
<pin_list>
<pin id="127" dir="1" index="0" bw="1" slack="0"/>
</pin_list>
<bind>
<StgValue><ssdm name="_ssdm_op_BitSelect.i1.i64.i32"/></StgValue>
</bind>
</comp>

<comp id="128" class="1001" name="const_128">
<pin_list>
<pin id="129" dir="1" index="0" bw="1" slack="0"/>
</pin_list>
<bind>
<StgValue><ssdm name=""/></StgValue>
</bind>
</comp>

<comp id="130" class="1001" name="const_130">
<pin_list>
<pin id="131" dir="1" index="0" bw="1" slack="0"/>
</pin_list>
<bind>
<StgValue><ssdm name="_ssdm_op_BitSelect.i1.i64.i64"/></StgValue>
</bind>
</comp>

<comp id="132" class="1001" name="const_132">
<pin_list>
<pin id="133" dir="1" index="0" bw="1" slack="0"/>
</pin_list>
<bind>
<StgValue><ssdm name=""/></StgValue>
</bind>
</comp>

<comp id="134" class="1001" name="const_134">
<pin_list>
<pin id="135" dir="1" index="0" bw="1" slack="0"/>
</pin_list>
<bind>
<StgValue><ssdm name=""/></StgValue>
</bind>
</comp>

<comp id="136" class="1001" name="const_136">
<pin_list>
<pin id="137" dir="1" index="0" bw="1" slack="0"/>
</pin_list>
<bind>
<StgValue><ssdm name="_ssdm_op_BitConcatenate.i64.i1.i63"/></StgValue>
</bind>
</comp>

<comp id="138" class="1001" name="const_138">
<pin_list>
<pin id="139" dir="1" index="0" bw="1" slack="0"/>
</pin_list>
<bind>
<StgValue><ssdm name=""/></StgValue>
</bind>
</comp>

<comp id="140" class="1001" name="const_140">
<pin_list>
<pin id="141" dir="1" index="0" bw="1" slack="0"/>
</pin_list>
<bind>
<StgValue><ssdm name="_ssdm_op_SparseMux.ap_auto.7i64.i64.i4"/></StgValue>
</bind>
</comp>

<comp id="142" class="1001" name="const_142">
<pin_list>
<pin id="143" dir="1" index="0" bw="1" slack="0"/>
</pin_list>
<bind>
<StgValue><ssdm name=""/></StgValue>
</bind>
</comp>

<comp id="144" class="1001" name="const_144">
<pin_list>
<pin id="145" dir="1" index="0" bw="1" slack="0"/>
</pin_list>
<bind>
<StgValue><ssdm name=""/></StgValue>
</bind>
</comp>

<comp id="146" class="1001" name="const_146">
<pin_list>
<pin id="147" dir="1" index="0" bw="1" slack="0"/>
</pin_list>
<bind>
<StgValue><ssdm name=""/></StgValue>
</bind>
</comp>

<comp id="148" class="1001" name="const_148">
<pin_list>
<pin id="149" dir="1" index="0" bw="1" slack="0"/>
</pin_list>
<bind>
<StgValue><ssdm name=""/></StgValue>
</bind>
</comp>

<comp id="150" class="1001" name="const_150">
<pin_list>
<pin id="151" dir="1" index="0" bw="1" slack="0"/>
</pin_list>
<bind>
<StgValue><ssdm name=""/></StgValue>
</bind>
</comp>

<comp id="152" class="1001" name="const_152">
<pin_list>
<pin id="153" dir="1" index="0" bw="1" slack="0"/>
</pin_list>
<bind>
<StgValue><ssdm name=""/></StgValue>
</bind>
</comp>

<comp id="154" class="1001" name="const_154">
<pin_list>
<pin id="155" dir="1" index="0" bw="1" slack="0"/>
</pin_list>
<bind>
<StgValue><ssdm name=""/></StgValue>
</bind>
</comp>

<comp id="156" class="1001" name="const_156">
<pin_list>
<pin id="157" dir="1" index="0" bw="1" slack="0"/>
</pin_list>
<bind>
<StgValue><ssdm name=""/></StgValue>
</bind>
</comp>

<comp id="158" class="1001" name="const_158">
<pin_list>
<pin id="159" dir="1" index="0" bw="1" slack="0"/>
</pin_list>
<bind>
<StgValue><ssdm name="rdc_mont.8_Pipeline_VITIS_LOOP_340_5"/></StgValue>
</bind>
</comp>

<comp id="160" class="1001" name="const_160">
<pin_list>
<pin id="161" dir="1" index="0" bw="1" slack="2147483647"/>
</pin_list>
<bind>
<StgValue><ssdm name=""/></StgValue>
</bind>
</comp>

<comp id="162" class="1001" name="const_162">
<pin_list>
<pin id="163" dir="1" index="0" bw="1" slack="2147483647"/>
</pin_list>
<bind>
<StgValue><ssdm name="empty_14"/></StgValue>
</bind>
</comp>

<comp id="164" class="1004" name="i_3_fu_164">
<pin_list>
<pin id="165" dir="0" index="0" bw="1" slack="0"/>
<pin id="166" dir="1" index="1" bw="4" slack="0"/>
</pin_list>
<bind>
<opcode="alloca(26) " fcode="alloca"/>
<opset="i_3/1 "/>
</bind>
</comp>

<comp id="168" class="1004" name="u_1_fu_168">
<pin_list>
<pin id="169" dir="0" index="0" bw="1" slack="0"/>
<pin id="170" dir="1" index="1" bw="64" slack="0"/>
</pin_list>
<bind>
<opcode="alloca(26) " fcode="alloca"/>
<opset="u_1/1 "/>
</bind>
</comp>

<comp id="172" class="1004" name="v_1_fu_172">
<pin_list>
<pin id="173" dir="0" index="0" bw="1" slack="0"/>
<pin id="174" dir="1" index="1" bw="64" slack="0"/>
</pin_list>
<bind>
<opcode="alloca(26) " fcode="alloca"/>
<opset="v_1/1 "/>
</bind>
</comp>

<comp id="176" class="1004" name="t_6_loc_fu_176">
<pin_list>
<pin id="177" dir="0" index="0" bw="1" slack="0"/>
<pin id="178" dir="1" index="1" bw="64" slack="5"/>
</pin_list>
<bind>
<opcode="alloca(26) " fcode="alloca"/>
<opset="t_6_loc/1 "/>
</bind>
</comp>

<comp id="180" class="1004" name="u_8_loc_fu_180">
<pin_list>
<pin id="181" dir="0" index="0" bw="1" slack="0"/>
<pin id="182" dir="1" index="1" bw="64" slack="5"/>
</pin_list>
<bind>
<opcode="alloca(26) " fcode="alloca"/>
<opset="u_8_loc/1 "/>
</bind>
</comp>

<comp id="184" class="1004" name="v_19_loc_fu_184">
<pin_list>
<pin id="185" dir="0" index="0" bw="1" slack="0"/>
<pin id="186" dir="1" index="1" bw="64" slack="5"/>
</pin_list>
<bind>
<opcode="alloca(26) " fcode="alloca"/>
<opset="v_19_loc/1 "/>
</bind>
</comp>

<comp id="188" class="1004" name="t_1_loc_fu_188">
<pin_list>
<pin id="189" dir="0" index="0" bw="1" slack="0"/>
<pin id="190" dir="1" index="1" bw="64" slack="3"/>
</pin_list>
<bind>
<opcode="alloca(26) " fcode="alloca"/>
<opset="t_1_loc/1 "/>
</bind>
</comp>

<comp id="192" class="1004" name="u_loc_fu_192">
<pin_list>
<pin id="193" dir="0" index="0" bw="1" slack="0"/>
<pin id="194" dir="1" index="1" bw="64" slack="3"/>
</pin_list>
<bind>
<opcode="alloca(26) " fcode="alloca"/>
<opset="u_loc/1 "/>
</bind>
</comp>

<comp id="196" class="1004" name="v_loc_fu_196">
<pin_list>
<pin id="197" dir="0" index="0" bw="1" slack="0"/>
<pin id="198" dir="1" index="1" bw="64" slack="3"/>
</pin_list>
<bind>
<opcode="alloca(26) " fcode="alloca"/>
<opset="v_loc/1 "/>
</bind>
</comp>

<comp id="200" class="1004" name="count_fu_200">
<pin_list>
<pin id="201" dir="0" index="0" bw="1" slack="0"/>
<pin id="202" dir="1" index="1" bw="32" slack="0"/>
</pin_list>
<bind>
<opcode="alloca(26) " fcode="alloca"/>
<opset="count/3 "/>
</bind>
</comp>

<comp id="204" class="1004" name="u_3_fu_204">
<pin_list>
<pin id="205" dir="0" index="0" bw="1" slack="0"/>
<pin id="206" dir="1" index="1" bw="64" slack="0"/>
</pin_list>
<bind>
<opcode="alloca(26) " fcode="alloca"/>
<opset="u_3/3 "/>
</bind>
</comp>

<comp id="208" class="1004" name="v_4_fu_208">
<pin_list>
<pin id="209" dir="0" index="0" bw="1" slack="0"/>
<pin id="210" dir="1" index="1" bw="64" slack="0"/>
</pin_list>
<bind>
<opcode="alloca(26) " fcode="alloca"/>
<opset="v_4/3 "/>
</bind>
</comp>

<comp id="212" class="1004" name="indvars_iv_fu_212">
<pin_list>
<pin id="213" dir="0" index="0" bw="1" slack="0"/>
<pin id="214" dir="1" index="1" bw="4" slack="0"/>
</pin_list>
<bind>
<opcode="alloca(26) " fcode="alloca"/>
<opset="indvars_iv/3 "/>
</bind>
</comp>

<comp id="216" class="1004" name="i_4_fu_216">
<pin_list>
<pin id="217" dir="0" index="0" bw="1" slack="0"/>
<pin id="218" dir="1" index="1" bw="4" slack="0"/>
</pin_list>
<bind>
<opcode="alloca(26) " fcode="alloca"/>
<opset="i_4/3 "/>
</bind>
</comp>

<comp id="220" class="1004" name="mc_7_offset_read_read_fu_220">
<pin_list>
<pin id="221" dir="0" index="0" bw="1" slack="0"/>
<pin id="222" dir="0" index="1" bw="1" slack="0"/>
<pin id="223" dir="1" index="2" bw="1" slack="0"/>
</pin_list>
<bind>
<opcode="read(1150) " fcode="read"/>
<opset="mc_7_offset_read/1 "/>
</bind>
</comp>

<comp id="226" class="1004" name="mc_6_offset_read_read_fu_226">
<pin_list>
<pin id="227" dir="0" index="0" bw="1" slack="0"/>
<pin id="228" dir="0" index="1" bw="1" slack="0"/>
<pin id="229" dir="1" index="2" bw="1" slack="0"/>
</pin_list>
<bind>
<opcode="read(1150) " fcode="read"/>
<opset="mc_6_offset_read/1 "/>
</bind>
</comp>

<comp id="232" class="1004" name="mc_5_offset_read_read_fu_232">
<pin_list>
<pin id="233" dir="0" index="0" bw="1" slack="0"/>
<pin id="234" dir="0" index="1" bw="1" slack="0"/>
<pin id="235" dir="1" index="2" bw="1" slack="0"/>
</pin_list>
<bind>
<opcode="read(1150) " fcode="read"/>
<opset="mc_5_offset_read/1 "/>
</bind>
</comp>

<comp id="238" class="1004" name="mc_4_offset_read_read_fu_238">
<pin_list>
<pin id="239" dir="0" index="0" bw="1" slack="0"/>
<pin id="240" dir="0" index="1" bw="1" slack="0"/>
<pin id="241" dir="1" index="2" bw="1" slack="0"/>
</pin_list>
<bind>
<opcode="read(1150) " fcode="read"/>
<opset="mc_4_offset_read/1 "/>
</bind>
</comp>

<comp id="244" class="1004" name="mc_3_offset_read_read_fu_244">
<pin_list>
<pin id="245" dir="0" index="0" bw="1" slack="0"/>
<pin id="246" dir="0" index="1" bw="1" slack="0"/>
<pin id="247" dir="1" index="2" bw="1" slack="0"/>
</pin_list>
<bind>
<opcode="read(1150) " fcode="read"/>
<opset="mc_3_offset_read/1 "/>
</bind>
</comp>

<comp id="250" class="1004" name="mc_2_offset_read_read_fu_250">
<pin_list>
<pin id="251" dir="0" index="0" bw="1" slack="0"/>
<pin id="252" dir="0" index="1" bw="1" slack="0"/>
<pin id="253" dir="1" index="2" bw="1" slack="0"/>
</pin_list>
<bind>
<opcode="read(1150) " fcode="read"/>
<opset="mc_2_offset_read/1 "/>
</bind>
</comp>

<comp id="256" class="1004" name="mc_1_offset_read_read_fu_256">
<pin_list>
<pin id="257" dir="0" index="0" bw="1" slack="0"/>
<pin id="258" dir="0" index="1" bw="1" slack="0"/>
<pin id="259" dir="1" index="2" bw="1" slack="0"/>
</pin_list>
<bind>
<opcode="read(1150) " fcode="read"/>
<opset="mc_1_offset_read/1 "/>
</bind>
</comp>

<comp id="262" class="1004" name="mc_0_offset_read_read_fu_262">
<pin_list>
<pin id="263" dir="0" index="0" bw="1" slack="0"/>
<pin id="264" dir="0" index="1" bw="1" slack="0"/>
<pin id="265" dir="1" index="2" bw="1" slack="0"/>
</pin_list>
<bind>
<opcode="read(1150) " fcode="read"/>
<opset="mc_0_offset_read/1 "/>
</bind>
</comp>

<comp id="268" class="1004" name="ma_15_val_read_read_fu_268">
<pin_list>
<pin id="269" dir="0" index="0" bw="64" slack="0"/>
<pin id="270" dir="0" index="1" bw="64" slack="0"/>
<pin id="271" dir="1" index="2" bw="64" slack="3"/>
</pin_list>
<bind>
<opcode="read(1150) " fcode="read"/>
<opset="ma_15_val_read/2 "/>
</bind>
</comp>

<comp id="274" class="1004" name="ma_14_val_read_read_fu_274">
<pin_list>
<pin id="275" dir="0" index="0" bw="64" slack="0"/>
<pin id="276" dir="0" index="1" bw="64" slack="0"/>
<pin id="277" dir="1" index="2" bw="64" slack="3"/>
</pin_list>
<bind>
<opcode="read(1150) " fcode="read"/>
<opset="ma_14_val_read/2 "/>
</bind>
</comp>

<comp id="280" class="1004" name="ma_13_val_read_read_fu_280">
<pin_list>
<pin id="281" dir="0" index="0" bw="64" slack="0"/>
<pin id="282" dir="0" index="1" bw="64" slack="0"/>
<pin id="283" dir="1" index="2" bw="64" slack="3"/>
</pin_list>
<bind>
<opcode="read(1150) " fcode="read"/>
<opset="ma_13_val_read/2 "/>
</bind>
</comp>

<comp id="286" class="1004" name="ma_12_val_read_read_fu_286">
<pin_list>
<pin id="287" dir="0" index="0" bw="64" slack="0"/>
<pin id="288" dir="0" index="1" bw="64" slack="0"/>
<pin id="289" dir="1" index="2" bw="64" slack="3"/>
</pin_list>
<bind>
<opcode="read(1150) " fcode="read"/>
<opset="ma_12_val_read/2 "/>
</bind>
</comp>

<comp id="292" class="1004" name="ma_11_val_read_read_fu_292">
<pin_list>
<pin id="293" dir="0" index="0" bw="64" slack="0"/>
<pin id="294" dir="0" index="1" bw="64" slack="0"/>
<pin id="295" dir="1" index="2" bw="64" slack="3"/>
</pin_list>
<bind>
<opcode="read(1150) " fcode="read"/>
<opset="ma_11_val_read/2 "/>
</bind>
</comp>

<comp id="298" class="1004" name="ma_10_val_read_read_fu_298">
<pin_list>
<pin id="299" dir="0" index="0" bw="64" slack="0"/>
<pin id="300" dir="0" index="1" bw="64" slack="0"/>
<pin id="301" dir="1" index="2" bw="64" slack="3"/>
</pin_list>
<bind>
<opcode="read(1150) " fcode="read"/>
<opset="ma_10_val_read/2 "/>
</bind>
</comp>

<comp id="304" class="1004" name="ma_9_val_read_read_fu_304">
<pin_list>
<pin id="305" dir="0" index="0" bw="64" slack="0"/>
<pin id="306" dir="0" index="1" bw="64" slack="0"/>
<pin id="307" dir="1" index="2" bw="64" slack="3"/>
</pin_list>
<bind>
<opcode="read(1150) " fcode="read"/>
<opset="ma_9_val_read/2 "/>
</bind>
</comp>

<comp id="310" class="1004" name="ma_8_val_read_read_fu_310">
<pin_list>
<pin id="311" dir="0" index="0" bw="64" slack="0"/>
<pin id="312" dir="0" index="1" bw="64" slack="0"/>
<pin id="313" dir="1" index="2" bw="64" slack="3"/>
</pin_list>
<bind>
<opcode="read(1150) " fcode="read"/>
<opset="ma_8_val_read/2 "/>
</bind>
</comp>

<comp id="316" class="1004" name="ma_7_val_read_read_fu_316">
<pin_list>
<pin id="317" dir="0" index="0" bw="64" slack="0"/>
<pin id="318" dir="0" index="1" bw="64" slack="0"/>
<pin id="319" dir="1" index="2" bw="64" slack="1"/>
</pin_list>
<bind>
<opcode="read(1150) " fcode="read"/>
<opset="ma_7_val_read/2 "/>
</bind>
</comp>

<comp id="322" class="1004" name="ma_6_val_read_read_fu_322">
<pin_list>
<pin id="323" dir="0" index="0" bw="64" slack="0"/>
<pin id="324" dir="0" index="1" bw="64" slack="0"/>
<pin id="325" dir="1" index="2" bw="64" slack="1"/>
</pin_list>
<bind>
<opcode="read(1150) " fcode="read"/>
<opset="ma_6_val_read/2 "/>
</bind>
</comp>

<comp id="328" class="1004" name="ma_5_val_read_read_fu_328">
<pin_list>
<pin id="329" dir="0" index="0" bw="64" slack="0"/>
<pin id="330" dir="0" index="1" bw="64" slack="0"/>
<pin id="331" dir="1" index="2" bw="64" slack="1"/>
</pin_list>
<bind>
<opcode="read(1150) " fcode="read"/>
<opset="ma_5_val_read/2 "/>
</bind>
</comp>

<comp id="334" class="1004" name="ma_4_val_read_read_fu_334">
<pin_list>
<pin id="335" dir="0" index="0" bw="64" slack="0"/>
<pin id="336" dir="0" index="1" bw="64" slack="0"/>
<pin id="337" dir="1" index="2" bw="64" slack="1"/>
</pin_list>
<bind>
<opcode="read(1150) " fcode="read"/>
<opset="ma_4_val_read/2 "/>
</bind>
</comp>

<comp id="340" class="1004" name="ma_3_val_read_read_fu_340">
<pin_list>
<pin id="341" dir="0" index="0" bw="64" slack="0"/>
<pin id="342" dir="0" index="1" bw="64" slack="0"/>
<pin id="343" dir="1" index="2" bw="64" slack="1"/>
</pin_list>
<bind>
<opcode="read(1150) " fcode="read"/>
<opset="ma_3_val_read/2 "/>
</bind>
</comp>

<comp id="346" class="1004" name="ma_2_val_read_read_fu_346">
<pin_list>
<pin id="347" dir="0" index="0" bw="64" slack="0"/>
<pin id="348" dir="0" index="1" bw="64" slack="0"/>
<pin id="349" dir="1" index="2" bw="64" slack="1"/>
</pin_list>
<bind>
<opcode="read(1150) " fcode="read"/>
<opset="ma_2_val_read/2 "/>
</bind>
</comp>

<comp id="352" class="1004" name="ma_1_val_read_read_fu_352">
<pin_list>
<pin id="353" dir="0" index="0" bw="64" slack="0"/>
<pin id="354" dir="0" index="1" bw="64" slack="0"/>
<pin id="355" dir="1" index="2" bw="64" slack="1"/>
</pin_list>
<bind>
<opcode="read(1150) " fcode="read"/>
<opset="ma_1_val_read/2 "/>
</bind>
</comp>

<comp id="358" class="1004" name="ma_0_val_read_read_fu_358">
<pin_list>
<pin id="359" dir="0" index="0" bw="64" slack="0"/>
<pin id="360" dir="0" index="1" bw="64" slack="0"/>
<pin id="361" dir="1" index="2" bw="64" slack="1"/>
</pin_list>
<bind>
<opcode="read(1150) " fcode="read"/>
<opset="ma_0_val_read/2 "/>
</bind>
</comp>

<comp id="364" class="1004" name="mc_7_addr_gep_fu_364">
<pin_list>
<pin id="365" dir="0" index="0" bw="64" slack="0"/>
<pin id="366" dir="0" index="1" bw="1" slack="0"/>
<pin id="367" dir="0" index="2" bw="1" slack="0"/>
<pin id="368" dir="1" index="3" bw="1" slack="1"/>
</pin_list>
<bind>
<opcode="getelementptr(29) " fcode="getelementptr"/>
<opset="mc_7_addr/2 "/>
</bind>
</comp>

<comp id="371" class="1004" name="mc_6_addr_gep_fu_371">
<pin_list>
<pin id="372" dir="0" index="0" bw="64" slack="0"/>
<pin id="373" dir="0" index="1" bw="1" slack="0"/>
<pin id="374" dir="0" index="2" bw="1" slack="0"/>
<pin id="375" dir="1" index="3" bw="1" slack="1"/>
</pin_list>
<bind>
<opcode="getelementptr(29) " fcode="getelementptr"/>
<opset="mc_6_addr/2 "/>
</bind>
</comp>

<comp id="378" class="1004" name="mc_5_addr_gep_fu_378">
<pin_list>
<pin id="379" dir="0" index="0" bw="64" slack="0"/>
<pin id="380" dir="0" index="1" bw="1" slack="0"/>
<pin id="381" dir="0" index="2" bw="1" slack="0"/>
<pin id="382" dir="1" index="3" bw="1" slack="1"/>
</pin_list>
<bind>
<opcode="getelementptr(29) " fcode="getelementptr"/>
<opset="mc_5_addr/2 "/>
</bind>
</comp>

<comp id="385" class="1004" name="mc_4_addr_gep_fu_385">
<pin_list>
<pin id="386" dir="0" index="0" bw="64" slack="0"/>
<pin id="387" dir="0" index="1" bw="1" slack="0"/>
<pin id="388" dir="0" index="2" bw="1" slack="0"/>
<pin id="389" dir="1" index="3" bw="1" slack="1"/>
</pin_list>
<bind>
<opcode="getelementptr(29) " fcode="getelementptr"/>
<opset="mc_4_addr/2 "/>
</bind>
</comp>

<comp id="392" class="1004" name="mc_3_addr_gep_fu_392">
<pin_list>
<pin id="393" dir="0" index="0" bw="64" slack="0"/>
<pin id="394" dir="0" index="1" bw="1" slack="0"/>
<pin id="395" dir="0" index="2" bw="1" slack="0"/>
<pin id="396" dir="1" index="3" bw="1" slack="1"/>
</pin_list>
<bind>
<opcode="getelementptr(29) " fcode="getelementptr"/>
<opset="mc_3_addr/2 "/>
</bind>
</comp>

<comp id="399" class="1004" name="mc_2_addr_gep_fu_399">
<pin_list>
<pin id="400" dir="0" index="0" bw="64" slack="0"/>
<pin id="401" dir="0" index="1" bw="1" slack="0"/>
<pin id="402" dir="0" index="2" bw="1" slack="0"/>
<pin id="403" dir="1" index="3" bw="1" slack="1"/>
</pin_list>
<bind>
<opcode="getelementptr(29) " fcode="getelementptr"/>
<opset="mc_2_addr/2 "/>
</bind>
</comp>

<comp id="406" class="1004" name="mc_1_addr_gep_fu_406">
<pin_list>
<pin id="407" dir="0" index="0" bw="64" slack="0"/>
<pin id="408" dir="0" index="1" bw="1" slack="0"/>
<pin id="409" dir="0" index="2" bw="1" slack="0"/>
<pin id="410" dir="1" index="3" bw="1" slack="1"/>
</pin_list>
<bind>
<opcode="getelementptr(29) " fcode="getelementptr"/>
<opset="mc_1_addr/2 "/>
</bind>
</comp>

<comp id="413" class="1004" name="mc_0_addr_gep_fu_413">
<pin_list>
<pin id="414" dir="0" index="0" bw="64" slack="0"/>
<pin id="415" dir="0" index="1" bw="1" slack="0"/>
<pin id="416" dir="0" index="2" bw="1" slack="0"/>
<pin id="417" dir="1" index="3" bw="1" slack="1"/>
</pin_list>
<bind>
<opcode="getelementptr(29) " fcode="getelementptr"/>
<opset="mc_0_addr/2 "/>
</bind>
</comp>

<comp id="420" class="1004" name="grp_access_fu_420">
<pin_list>
<pin id="421" dir="0" index="0" bw="1" slack="1"/>
<pin id="422" dir="0" index="1" bw="64" slack="0"/>
<pin id="423" dir="0" index="2" bw="0" slack="2147483647"/>
<pin id="424" dir="1" index="3" bw="64" slack="0"/>
</pin_list>
<bind>
<opcode="load(27) store(28) " fcode="store"/>
<opset="mc_0_load/3 store_ln327/6 store_ln353/12 "/>
</bind>
</comp>

<comp id="425" class="1004" name="grp_access_fu_425">
<pin_list>
<pin id="426" dir="0" index="0" bw="1" slack="1"/>
<pin id="427" dir="0" index="1" bw="64" slack="0"/>
<pin id="428" dir="0" index="2" bw="0" slack="2147483647"/>
<pin id="429" dir="1" index="3" bw="64" slack="0"/>
</pin_list>
<bind>
<opcode="load(27) store(28) " fcode="store"/>
<opset="mc_1_load/3 store_ln327/6 mc_1_load_1/9 store_ln353/12 "/>
</bind>
</comp>

<comp id="430" class="1004" name="grp_access_fu_430">
<pin_list>
<pin id="431" dir="0" index="0" bw="1" slack="1"/>
<pin id="432" dir="0" index="1" bw="64" slack="0"/>
<pin id="433" dir="0" index="2" bw="0" slack="2147483647"/>
<pin id="434" dir="1" index="3" bw="64" slack="0"/>
</pin_list>
<bind>
<opcode="load(27) store(28) " fcode="store"/>
<opset="mc_2_load/3 store_ln327/6 mc_2_load_1/9 store_ln353/12 "/>
</bind>
</comp>

<comp id="435" class="1004" name="grp_access_fu_435">
<pin_list>
<pin id="436" dir="0" index="0" bw="1" slack="1"/>
<pin id="437" dir="0" index="1" bw="64" slack="0"/>
<pin id="438" dir="0" index="2" bw="0" slack="2147483647"/>
<pin id="439" dir="1" index="3" bw="64" slack="0"/>
</pin_list>
<bind>
<opcode="load(27) store(28) " fcode="store"/>
<opset="mc_3_load/3 store_ln327/6 mc_3_load_1/9 store_ln353/12 "/>
</bind>
</comp>

<comp id="440" class="1004" name="grp_access_fu_440">
<pin_list>
<pin id="441" dir="0" index="0" bw="1" slack="1"/>
<pin id="442" dir="0" index="1" bw="64" slack="0"/>
<pin id="443" dir="0" index="2" bw="0" slack="2147483647"/>
<pin id="444" dir="1" index="3" bw="64" slack="0"/>
</pin_list>
<bind>
<opcode="load(27) store(28) " fcode="store"/>
<opset="mc_4_load/3 store_ln327/6 mc_4_load_1/9 store_ln353/12 "/>
</bind>
</comp>

<comp id="445" class="1004" name="grp_access_fu_445">
<pin_list>
<pin id="446" dir="0" index="0" bw="1" slack="1"/>
<pin id="447" dir="0" index="1" bw="64" slack="0"/>
<pin id="448" dir="0" index="2" bw="0" slack="2147483647"/>
<pin id="449" dir="1" index="3" bw="64" slack="0"/>
</pin_list>
<bind>
<opcode="load(27) store(28) " fcode="store"/>
<opset="mc_5_load/3 store_ln327/6 mc_5_load_1/9 store_ln353/12 "/>
</bind>
</comp>

<comp id="450" class="1004" name="grp_access_fu_450">
<pin_list>
<pin id="451" dir="0" index="0" bw="1" slack="1"/>
<pin id="452" dir="0" index="1" bw="64" slack="0"/>
<pin id="453" dir="0" index="2" bw="0" slack="2147483647"/>
<pin id="454" dir="1" index="3" bw="64" slack="0"/>
</pin_list>
<bind>
<opcode="load(27) store(28) " fcode="store"/>
<opset="mc_6_load/3 store_ln327/6 mc_6_load_1/9 store_ln353/12 "/>
</bind>
</comp>

<comp id="455" class="1004" name="grp_access_fu_455">
<pin_list>
<pin id="456" dir="0" index="0" bw="1" slack="1"/>
<pin id="457" dir="0" index="1" bw="64" slack="0"/>
<pin id="458" dir="0" index="2" bw="0" slack="2147483647"/>
<pin id="459" dir="1" index="3" bw="64" slack="2"/>
</pin_list>
<bind>
<opcode="load(27) store(28) " fcode="store"/>
<opset="mc_7_load/3 store_ln327/6 store_ln359/9 "/>
</bind>
</comp>

<comp id="460" class="1004" name="grp_rdc_mont_8_Pipeline_VITIS_LOOP_306_1_fu_460">
<pin_list>
<pin id="461" dir="0" index="0" bw="0" slack="0"/>
<pin id="462" dir="0" index="1" bw="64" slack="0"/>
<pin id="463" dir="0" index="2" bw="1" slack="0"/>
<pin id="464" dir="0" index="3" bw="64" slack="0"/>
<pin id="465" dir="0" index="4" bw="1" slack="0"/>
<pin id="466" dir="0" index="5" bw="64" slack="0"/>
<pin id="467" dir="0" index="6" bw="1" slack="0"/>
<pin id="468" dir="0" index="7" bw="64" slack="0"/>
<pin id="469" dir="0" index="8" bw="1" slack="0"/>
<pin id="470" dir="0" index="9" bw="64" slack="0"/>
<pin id="471" dir="0" index="10" bw="1" slack="0"/>
<pin id="472" dir="0" index="11" bw="64" slack="0"/>
<pin id="473" dir="0" index="12" bw="1" slack="0"/>
<pin id="474" dir="0" index="13" bw="64" slack="0"/>
<pin id="475" dir="0" index="14" bw="1" slack="0"/>
<pin id="476" dir="0" index="15" bw="64" slack="0"/>
<pin id="477" dir="0" index="16" bw="1" slack="0"/>
<pin id="478" dir="1" index="17" bw="0" slack="2147483647"/>
</pin_list>
<bind>
<opcode="call(48) " fcode="call"/>
<opset="call_ln0/1 "/>
</bind>
</comp>

<comp id="496" class="1004" name="grp_rdc_mont_8_Pipeline_VITIS_LOOP_314_3_fu_496">
<pin_list>
<pin id="497" dir="0" index="0" bw="0" slack="0"/>
<pin id="498" dir="0" index="1" bw="64" slack="2147483647"/>
<pin id="499" dir="0" index="2" bw="64" slack="2147483647"/>
<pin id="500" dir="0" index="3" bw="3" slack="1"/>
<pin id="501" dir="0" index="4" bw="4" slack="0"/>
<pin id="502" dir="0" index="5" bw="64" slack="0"/>
<pin id="503" dir="0" index="6" bw="64" slack="0"/>
<pin id="504" dir="0" index="7" bw="64" slack="0"/>
<pin id="505" dir="0" index="8" bw="64" slack="0"/>
<pin id="506" dir="0" index="9" bw="64" slack="0"/>
<pin id="507" dir="0" index="10" bw="64" slack="0"/>
<pin id="508" dir="0" index="11" bw="64" slack="0"/>
<pin id="509" dir="0" index="12" bw="3" slack="1"/>
<pin id="510" dir="0" index="13" bw="64" slack="3"/>
<pin id="511" dir="0" index="14" bw="64" slack="3"/>
<pin id="512" dir="0" index="15" bw="64" slack="3"/>
<pin id="513" dir="0" index="16" bw="64" slack="0"/>
<pin id="514" dir="1" index="17" bw="0" slack="2147483647"/>
</pin_list>
<bind>
<opcode="call(48) " fcode="call"/>
<opset="call_ln312/4 "/>
</bind>
</comp>

<comp id="524" class="1004" name="grp_rdc_mont_8_Pipeline_VITIS_LOOP_340_5_fu_524">
<pin_list>
<pin id="525" dir="0" index="0" bw="0" slack="0"/>
<pin id="526" dir="0" index="1" bw="3" slack="0"/>
<pin id="527" dir="0" index="2" bw="64" slack="0"/>
<pin id="528" dir="0" index="3" bw="64" slack="0"/>
<pin id="529" dir="0" index="4" bw="32" slack="0"/>
<pin id="530" dir="0" index="5" bw="64" slack="0"/>
<pin id="531" dir="0" index="6" bw="64" slack="0"/>
<pin id="532" dir="0" index="7" bw="64" slack="0"/>
<pin id="533" dir="0" index="8" bw="64" slack="0"/>
<pin id="534" dir="0" index="9" bw="64" slack="0"/>
<pin id="535" dir="0" index="10" bw="64" slack="0"/>
<pin id="536" dir="0" index="11" bw="64" slack="2"/>
<pin id="537" dir="0" index="12" bw="3" slack="0"/>
<pin id="538" dir="0" index="13" bw="64" slack="5"/>
<pin id="539" dir="0" index="14" bw="64" slack="5"/>
<pin id="540" dir="0" index="15" bw="64" slack="5"/>
<pin id="541" dir="0" index="16" bw="64" slack="0"/>
<pin id="542" dir="1" index="17" bw="0" slack="2147483647"/>
</pin_list>
<bind>
<opcode="call(48) " fcode="call"/>
<opset="call_ln334/10 "/>
</bind>
</comp>

<comp id="551" class="1004" name="grp_load_fu_551">
<pin_list>
<pin id="552" dir="0" index="0" bw="64" slack="2"/>
<pin id="553" dir="1" index="1" bw="64" slack="0"/>
</pin_list>
<bind>
<opcode="load(27) " fcode="load"/>
<opset="v_4_load/9 v_4_load_2/10 "/>
</bind>
</comp>

<comp id="555" class="1004" name="grp_load_fu_555">
<pin_list>
<pin id="556" dir="0" index="0" bw="4" slack="3"/>
<pin id="557" dir="1" index="1" bw="4" slack="0"/>
</pin_list>
<bind>
<opcode="load(27) " fcode="load"/>
<opset="indvars_iv_load/10 indvars_iv_load_2/12 "/>
</bind>
</comp>

<comp id="558" class="1005" name="reg_558">
<pin_list>
<pin id="559" dir="0" index="0" bw="64" slack="1"/>
<pin id="560" dir="1" index="1" bw="64" slack="1"/>
</pin_list>
<bind>
<opset="mc_1_load mc_1_load_1 "/>
</bind>
</comp>

<comp id="564" class="1005" name="reg_564">
<pin_list>
<pin id="565" dir="0" index="0" bw="64" slack="1"/>
<pin id="566" dir="1" index="1" bw="64" slack="1"/>
</pin_list>
<bind>
<opset="mc_2_load mc_2_load_1 "/>
</bind>
</comp>

<comp id="570" class="1005" name="reg_570">
<pin_list>
<pin id="571" dir="0" index="0" bw="64" slack="1"/>
<pin id="572" dir="1" index="1" bw="64" slack="1"/>
</pin_list>
<bind>
<opset="mc_3_load mc_3_load_1 "/>
</bind>
</comp>

<comp id="576" class="1005" name="reg_576">
<pin_list>
<pin id="577" dir="0" index="0" bw="64" slack="1"/>
<pin id="578" dir="1" index="1" bw="64" slack="1"/>
</pin_list>
<bind>
<opset="mc_4_load mc_4_load_1 "/>
</bind>
</comp>

<comp id="582" class="1005" name="reg_582">
<pin_list>
<pin id="583" dir="0" index="0" bw="64" slack="1"/>
<pin id="584" dir="1" index="1" bw="64" slack="1"/>
</pin_list>
<bind>
<opset="mc_5_load mc_5_load_1 "/>
</bind>
</comp>

<comp id="588" class="1005" name="reg_588">
<pin_list>
<pin id="589" dir="0" index="0" bw="64" slack="1"/>
<pin id="590" dir="1" index="1" bw="64" slack="1"/>
</pin_list>
<bind>
<opset="mc_6_load mc_6_load_1 "/>
</bind>
</comp>

<comp id="594" class="1004" name="store_ln303_store_fu_594">
<pin_list>
<pin id="595" dir="0" index="0" bw="1" slack="0"/>
<pin id="596" dir="0" index="1" bw="64" slack="0"/>
<pin id="597" dir="1" index="2" bw="0" slack="2147483647"/>
</pin_list>
<bind>
<opcode="store(28) " fcode="store"/>
<opset="store_ln303/1 "/>
</bind>
</comp>

<comp id="599" class="1004" name="store_ln303_store_fu_599">
<pin_list>
<pin id="600" dir="0" index="0" bw="1" slack="0"/>
<pin id="601" dir="0" index="1" bw="64" slack="0"/>
<pin id="602" dir="1" index="2" bw="0" slack="2147483647"/>
</pin_list>
<bind>
<opcode="store(28) " fcode="store"/>
<opset="store_ln303/1 "/>
</bind>
</comp>

<comp id="604" class="1004" name="store_ln302_store_fu_604">
<pin_list>
<pin id="605" dir="0" index="0" bw="1" slack="0"/>
<pin id="606" dir="0" index="1" bw="4" slack="0"/>
<pin id="607" dir="1" index="2" bw="0" slack="2147483647"/>
</pin_list>
<bind>
<opcode="store(28) " fcode="store"/>
<opset="store_ln302/1 "/>
</bind>
</comp>

<comp id="609" class="1004" name="zext_ln299_fu_609">
<pin_list>
<pin id="610" dir="0" index="0" bw="1" slack="1"/>
<pin id="611" dir="1" index="1" bw="64" slack="0"/>
</pin_list>
<bind>
<opcode="zext(34) " fcode="zext"/>
<opset="zext_ln299/2 "/>
</bind>
</comp>

<comp id="613" class="1004" name="zext_ln299_1_fu_613">
<pin_list>
<pin id="614" dir="0" index="0" bw="1" slack="1"/>
<pin id="615" dir="1" index="1" bw="64" slack="0"/>
</pin_list>
<bind>
<opcode="zext(34) " fcode="zext"/>
<opset="zext_ln299_1/2 "/>
</bind>
</comp>

<comp id="617" class="1004" name="zext_ln299_2_fu_617">
<pin_list>
<pin id="618" dir="0" index="0" bw="1" slack="1"/>
<pin id="619" dir="1" index="1" bw="64" slack="0"/>
</pin_list>
<bind>
<opcode="zext(34) " fcode="zext"/>
<opset="zext_ln299_2/2 "/>
</bind>
</comp>

<comp id="621" class="1004" name="zext_ln299_3_fu_621">
<pin_list>
<pin id="622" dir="0" index="0" bw="1" slack="1"/>
<pin id="623" dir="1" index="1" bw="64" slack="0"/>
</pin_list>
<bind>
<opcode="zext(34) " fcode="zext"/>
<opset="zext_ln299_3/2 "/>
</bind>
</comp>

<comp id="625" class="1004" name="zext_ln299_4_fu_625">
<pin_list>
<pin id="626" dir="0" index="0" bw="1" slack="1"/>
<pin id="627" dir="1" index="1" bw="64" slack="0"/>
</pin_list>
<bind>
<opcode="zext(34) " fcode="zext"/>
<opset="zext_ln299_4/2 "/>
</bind>
</comp>

<comp id="629" class="1004" name="zext_ln299_5_fu_629">
<pin_list>
<pin id="630" dir="0" index="0" bw="1" slack="1"/>
<pin id="631" dir="1" index="1" bw="64" slack="0"/>
</pin_list>
<bind>
<opcode="zext(34) " fcode="zext"/>
<opset="zext_ln299_5/2 "/>
</bind>
</comp>

<comp id="633" class="1004" name="zext_ln299_6_fu_633">
<pin_list>
<pin id="634" dir="0" index="0" bw="1" slack="1"/>
<pin id="635" dir="1" index="1" bw="64" slack="0"/>
</pin_list>
<bind>
<opcode="zext(34) " fcode="zext"/>
<opset="zext_ln299_6/2 "/>
</bind>
</comp>

<comp id="637" class="1004" name="zext_ln299_7_fu_637">
<pin_list>
<pin id="638" dir="0" index="0" bw="1" slack="1"/>
<pin id="639" dir="1" index="1" bw="64" slack="0"/>
</pin_list>
<bind>
<opcode="zext(34) " fcode="zext"/>
<opset="zext_ln299_7/2 "/>
</bind>
</comp>

<comp id="641" class="1004" name="i_load_fu_641">
<pin_list>
<pin id="642" dir="0" index="0" bw="4" slack="2"/>
<pin id="643" dir="1" index="1" bw="4" slack="0"/>
</pin_list>
<bind>
<opcode="load(27) " fcode="load"/>
<opset="i/3 "/>
</bind>
</comp>

<comp id="644" class="1004" name="u_10_load_fu_644">
<pin_list>
<pin id="645" dir="0" index="0" bw="64" slack="2"/>
<pin id="646" dir="1" index="1" bw="64" slack="0"/>
</pin_list>
<bind>
<opcode="load(27) " fcode="load"/>
<opset="u_10/3 "/>
</bind>
</comp>

<comp id="647" class="1004" name="v_13_load_fu_647">
<pin_list>
<pin id="648" dir="0" index="0" bw="64" slack="2"/>
<pin id="649" dir="1" index="1" bw="64" slack="0"/>
</pin_list>
<bind>
<opcode="load(27) " fcode="load"/>
<opset="v_13/3 "/>
</bind>
</comp>

<comp id="650" class="1004" name="icmp_ln312_fu_650">
<pin_list>
<pin id="651" dir="0" index="0" bw="4" slack="0"/>
<pin id="652" dir="0" index="1" bw="4" slack="0"/>
<pin id="653" dir="1" index="2" bw="1" slack="2147483647"/>
</pin_list>
<bind>
<opcode="icmp(45) " fcode="icmp"/>
<opset="icmp_ln312/3 "/>
</bind>
</comp>

<comp id="656" class="1004" name="add_ln312_fu_656">
<pin_list>
<pin id="657" dir="0" index="0" bw="4" slack="0"/>
<pin id="658" dir="0" index="1" bw="1" slack="0"/>
<pin id="659" dir="1" index="2" bw="4" slack="4"/>
</pin_list>
<bind>
<opcode="add(8) " fcode="add"/>
<opset="add_ln312/3 "/>
</bind>
</comp>

<comp id="662" class="1004" name="trunc_ln312_fu_662">
<pin_list>
<pin id="663" dir="0" index="0" bw="4" slack="0"/>
<pin id="664" dir="1" index="1" bw="3" slack="0"/>
</pin_list>
<bind>
<opcode="trunc(33) " fcode="trunc"/>
<opset="trunc_ln312/3 "/>
</bind>
</comp>

<comp id="666" class="1004" name="tmp_fu_666">
<pin_list>
<pin id="667" dir="0" index="0" bw="64" slack="0"/>
<pin id="668" dir="0" index="1" bw="3" slack="0"/>
<pin id="669" dir="0" index="2" bw="64" slack="1"/>
<pin id="670" dir="0" index="3" bw="3" slack="0"/>
<pin id="671" dir="0" index="4" bw="64" slack="1"/>
<pin id="672" dir="0" index="5" bw="3" slack="0"/>
<pin id="673" dir="0" index="6" bw="64" slack="1"/>
<pin id="674" dir="0" index="7" bw="3" slack="0"/>
<pin id="675" dir="0" index="8" bw="64" slack="1"/>
<pin id="676" dir="0" index="9" bw="3" slack="0"/>
<pin id="677" dir="0" index="10" bw="64" slack="1"/>
<pin id="678" dir="0" index="11" bw="3" slack="0"/>
<pin id="679" dir="0" index="12" bw="64" slack="1"/>
<pin id="680" dir="0" index="13" bw="3" slack="0"/>
<pin id="681" dir="0" index="14" bw="64" slack="1"/>
<pin id="682" dir="0" index="15" bw="3" slack="0"/>
<pin id="683" dir="0" index="16" bw="64" slack="1"/>
<pin id="684" dir="0" index="17" bw="64" slack="0"/>
<pin id="685" dir="0" index="18" bw="3" slack="0"/>
<pin id="686" dir="1" index="19" bw="64" slack="3"/>
</pin_list>
<bind>
<opcode="sparsemux(1197) " fcode="sparsemux"/>
<opset="tmp/3 "/>
</bind>
</comp>

<comp id="698" class="1004" name="store_ln302_store_fu_698">
<pin_list>
<pin id="699" dir="0" index="0" bw="4" slack="0"/>
<pin id="700" dir="0" index="1" bw="4" slack="0"/>
<pin id="701" dir="1" index="2" bw="0" slack="2147483647"/>
</pin_list>
<bind>
<opcode="store(28) " fcode="store"/>
<opset="store_ln302/3 "/>
</bind>
</comp>

<comp id="703" class="1004" name="store_ln0_store_fu_703">
<pin_list>
<pin id="704" dir="0" index="0" bw="1" slack="0"/>
<pin id="705" dir="0" index="1" bw="4" slack="0"/>
<pin id="706" dir="1" index="2" bw="0" slack="2147483647"/>
</pin_list>
<bind>
<opcode="store(28) " fcode="store"/>
<opset="store_ln0/3 "/>
</bind>
</comp>

<comp id="708" class="1004" name="store_ln303_store_fu_708">
<pin_list>
<pin id="709" dir="0" index="0" bw="64" slack="0"/>
<pin id="710" dir="0" index="1" bw="64" slack="0"/>
<pin id="711" dir="1" index="2" bw="0" slack="2147483647"/>
</pin_list>
<bind>
<opcode="store(28) " fcode="store"/>
<opset="store_ln303/3 "/>
</bind>
</comp>

<comp id="713" class="1004" name="store_ln303_store_fu_713">
<pin_list>
<pin id="714" dir="0" index="0" bw="64" slack="0"/>
<pin id="715" dir="0" index="1" bw="64" slack="0"/>
<pin id="716" dir="1" index="2" bw="0" slack="2147483647"/>
</pin_list>
<bind>
<opcode="store(28) " fcode="store"/>
<opset="store_ln303/3 "/>
</bind>
</comp>

<comp id="718" class="1004" name="store_ln302_store_fu_718">
<pin_list>
<pin id="719" dir="0" index="0" bw="3" slack="0"/>
<pin id="720" dir="0" index="1" bw="32" slack="0"/>
<pin id="721" dir="1" index="2" bw="0" slack="2147483647"/>
</pin_list>
<bind>
<opcode="store(28) " fcode="store"/>
<opset="store_ln302/3 "/>
</bind>
</comp>

<comp id="723" class="1004" name="zext_ln314_fu_723">
<pin_list>
<pin id="724" dir="0" index="0" bw="3" slack="1"/>
<pin id="725" dir="1" index="1" bw="4" slack="0"/>
</pin_list>
<bind>
<opcode="zext(34) " fcode="zext"/>
<opset="zext_ln314/4 "/>
</bind>
</comp>

<comp id="726" class="1004" name="add_ln314_fu_726">
<pin_list>
<pin id="727" dir="0" index="0" bw="3" slack="0"/>
<pin id="728" dir="0" index="1" bw="2" slack="0"/>
<pin id="729" dir="1" index="2" bw="4" slack="0"/>
</pin_list>
<bind>
<opcode="add(8) " fcode="add"/>
<opset="add_ln314/4 "/>
</bind>
</comp>

<comp id="733" class="1004" name="v_loc_load_load_fu_733">
<pin_list>
<pin id="734" dir="0" index="0" bw="64" slack="5"/>
<pin id="735" dir="1" index="1" bw="64" slack="0"/>
</pin_list>
<bind>
<opcode="load(27) " fcode="load"/>
<opset="v_loc_load/6 "/>
</bind>
</comp>

<comp id="736" class="1004" name="u_loc_load_load_fu_736">
<pin_list>
<pin id="737" dir="0" index="0" bw="64" slack="5"/>
<pin id="738" dir="1" index="1" bw="64" slack="0"/>
</pin_list>
<bind>
<opcode="load(27) " fcode="load"/>
<opset="u_loc_load/6 "/>
</bind>
</comp>

<comp id="739" class="1004" name="t_1_loc_load_load_fu_739">
<pin_list>
<pin id="740" dir="0" index="0" bw="64" slack="5"/>
<pin id="741" dir="1" index="1" bw="64" slack="0"/>
</pin_list>
<bind>
<opcode="load(27) " fcode="load"/>
<opset="t_1_loc_load/6 "/>
</bind>
</comp>

<comp id="742" class="1004" name="v_14_fu_742">
<pin_list>
<pin id="743" dir="0" index="0" bw="64" slack="3"/>
<pin id="744" dir="0" index="1" bw="64" slack="0"/>
<pin id="745" dir="1" index="2" bw="64" slack="0"/>
</pin_list>
<bind>
<opcode="add(8) " fcode="add"/>
<opset="v_14/6 "/>
</bind>
</comp>

<comp id="755" class="1004" name="xor_ln105_fu_755">
<pin_list>
<pin id="756" dir="0" index="0" bw="64" slack="0"/>
<pin id="757" dir="0" index="1" bw="64" slack="0"/>
<pin id="758" dir="1" index="2" bw="64" slack="0"/>
</pin_list>
<bind>
<opcode="xor(25) " fcode="xor"/>
<opset="xor_ln105/6 "/>
</bind>
</comp>

<comp id="761" class="1004" name="xor_ln105_22_fu_761">
<pin_list>
<pin id="762" dir="0" index="0" bw="64" slack="3"/>
<pin id="763" dir="0" index="1" bw="64" slack="0"/>
<pin id="764" dir="1" index="2" bw="64" slack="0"/>
</pin_list>
<bind>
<opcode="xor(25) " fcode="xor"/>
<opset="xor_ln105_22/6 "/>
</bind>
</comp>

<comp id="766" class="1004" name="or_ln105_fu_766">
<pin_list>
<pin id="767" dir="0" index="0" bw="64" slack="0"/>
<pin id="768" dir="0" index="1" bw="64" slack="0"/>
<pin id="769" dir="1" index="2" bw="64" slack="0"/>
</pin_list>
<bind>
<opcode="or(24) " fcode="or"/>
<opset="or_ln105/6 "/>
</bind>
</comp>

<comp id="772" class="1004" name="xor_ln105_23_fu_772">
<pin_list>
<pin id="773" dir="0" index="0" bw="64" slack="0"/>
<pin id="774" dir="0" index="1" bw="64" slack="0"/>
<pin id="775" dir="1" index="2" bw="64" slack="0"/>
</pin_list>
<bind>
<opcode="xor(25) " fcode="xor"/>
<opset="xor_ln105_23/6 "/>
</bind>
</comp>

<comp id="778" class="1004" name="carry_fu_778">
<pin_list>
<pin id="779" dir="0" index="0" bw="1" slack="0"/>
<pin id="780" dir="0" index="1" bw="64" slack="0"/>
<pin id="781" dir="0" index="2" bw="7" slack="0"/>
<pin id="782" dir="1" index="3" bw="1" slack="0"/>
</pin_list>
<bind>
<opcode="bitselect(1000) " fcode="bitselect"/>
<opset="carry/6 "/>
</bind>
</comp>

<comp id="786" class="1004" name="zext_ln105_fu_786">
<pin_list>
<pin id="787" dir="0" index="0" bw="1" slack="0"/>
<pin id="788" dir="1" index="1" bw="64" slack="0"/>
</pin_list>
<bind>
<opcode="zext(34) " fcode="zext"/>
<opset="zext_ln105/6 "/>
</bind>
</comp>

<comp id="790" class="1004" name="tempReg_fu_790">
<pin_list>
<pin id="791" dir="0" index="0" bw="64" slack="0"/>
<pin id="792" dir="0" index="1" bw="1" slack="0"/>
<pin id="793" dir="1" index="2" bw="64" slack="0"/>
</pin_list>
<bind>
<opcode="add(8) " fcode="add"/>
<opset="tempReg/6 "/>
</bind>
</comp>

<comp id="796" class="1004" name="bit_sel1_fu_796">
<pin_list>
<pin id="797" dir="0" index="0" bw="1" slack="0"/>
<pin id="798" dir="0" index="1" bw="64" slack="0"/>
<pin id="799" dir="0" index="2" bw="7" slack="0"/>
<pin id="800" dir="1" index="3" bw="1" slack="0"/>
</pin_list>
<bind>
<opcode="bitselect(1000) " fcode="bitselect"/>
<opset="bit_sel1/6 "/>
</bind>
</comp>

<comp id="804" class="1004" name="xor_ln105_31_fu_804">
<pin_list>
<pin id="805" dir="0" index="0" bw="1" slack="0"/>
<pin id="806" dir="0" index="1" bw="1" slack="0"/>
<pin id="807" dir="1" index="2" bw="1" slack="0"/>
</pin_list>
<bind>
<opcode="xor(25) " fcode="xor"/>
<opset="xor_ln105_31/6 "/>
</bind>
</comp>

<comp id="810" class="1004" name="trunc_ln105_fu_810">
<pin_list>
<pin id="811" dir="0" index="0" bw="64" slack="0"/>
<pin id="812" dir="1" index="1" bw="63" slack="0"/>
</pin_list>
<bind>
<opcode="trunc(33) " fcode="trunc"/>
<opset="trunc_ln105/6 "/>
</bind>
</comp>

<comp id="814" class="1004" name="xor_ln105_s_fu_814">
<pin_list>
<pin id="815" dir="0" index="0" bw="64" slack="0"/>
<pin id="816" dir="0" index="1" bw="1" slack="0"/>
<pin id="817" dir="0" index="2" bw="63" slack="0"/>
<pin id="818" dir="1" index="3" bw="64" slack="0"/>
</pin_list>
<bind>
<opcode="bitconcatenate(1004) " fcode="bitconcatenate"/>
<opset="xor_ln105_s/6 "/>
</bind>
</comp>

<comp id="822" class="1004" name="and_ln105_fu_822">
<pin_list>
<pin id="823" dir="0" index="0" bw="64" slack="0"/>
<pin id="824" dir="0" index="1" bw="64" slack="0"/>
<pin id="825" dir="1" index="2" bw="64" slack="0"/>
</pin_list>
<bind>
<opcode="and(23) " fcode="and"/>
<opset="and_ln105/6 "/>
</bind>
</comp>

<comp id="828" class="1004" name="carry_10_fu_828">
<pin_list>
<pin id="829" dir="0" index="0" bw="1" slack="0"/>
<pin id="830" dir="0" index="1" bw="64" slack="0"/>
<pin id="831" dir="0" index="2" bw="7" slack="0"/>
<pin id="832" dir="1" index="3" bw="1" slack="0"/>
</pin_list>
<bind>
<opcode="bitselect(1000) " fcode="bitselect"/>
<opset="carry_10/6 "/>
</bind>
</comp>

<comp id="836" class="1004" name="zext_ln105_4_fu_836">
<pin_list>
<pin id="837" dir="0" index="0" bw="1" slack="0"/>
<pin id="838" dir="1" index="1" bw="64" slack="0"/>
</pin_list>
<bind>
<opcode="zext(34) " fcode="zext"/>
<opset="zext_ln105_4/6 "/>
</bind>
</comp>

<comp id="840" class="1004" name="t_fu_840">
<pin_list>
<pin id="841" dir="0" index="0" bw="64" slack="0"/>
<pin id="842" dir="0" index="1" bw="1" slack="0"/>
<pin id="843" dir="1" index="2" bw="64" slack="1"/>
</pin_list>
<bind>
<opcode="add(8) " fcode="add"/>
<opset="t/6 "/>
</bind>
</comp>

<comp id="846" class="1004" name="store_ln303_store_fu_846">
<pin_list>
<pin id="847" dir="0" index="0" bw="64" slack="1"/>
<pin id="848" dir="0" index="1" bw="64" slack="6"/>
<pin id="849" dir="1" index="2" bw="0" slack="2147483647"/>
</pin_list>
<bind>
<opcode="store(28) " fcode="store"/>
<opset="store_ln303/7 "/>
</bind>
</comp>

<comp id="850" class="1004" name="store_ln303_store_fu_850">
<pin_list>
<pin id="851" dir="0" index="0" bw="64" slack="1"/>
<pin id="852" dir="0" index="1" bw="64" slack="6"/>
<pin id="853" dir="1" index="2" bw="0" slack="2147483647"/>
</pin_list>
<bind>
<opcode="store(28) " fcode="store"/>
<opset="store_ln303/7 "/>
</bind>
</comp>

<comp id="854" class="1004" name="store_ln302_store_fu_854">
<pin_list>
<pin id="855" dir="0" index="0" bw="4" slack="4"/>
<pin id="856" dir="0" index="1" bw="4" slack="6"/>
<pin id="857" dir="1" index="2" bw="0" slack="2147483647"/>
</pin_list>
<bind>
<opcode="store(28) " fcode="store"/>
<opset="store_ln302/7 "/>
</bind>
</comp>

<comp id="858" class="1004" name="i_8_load_fu_858">
<pin_list>
<pin id="859" dir="0" index="0" bw="4" slack="2"/>
<pin id="860" dir="1" index="1" bw="4" slack="0"/>
</pin_list>
<bind>
<opcode="load(27) " fcode="load"/>
<opset="i_8/9 "/>
</bind>
</comp>

<comp id="861" class="1004" name="icmp_ln334_fu_861">
<pin_list>
<pin id="862" dir="0" index="0" bw="4" slack="0"/>
<pin id="863" dir="0" index="1" bw="4" slack="0"/>
<pin id="864" dir="1" index="2" bw="1" slack="2147483647"/>
</pin_list>
<bind>
<opcode="icmp(45) " fcode="icmp"/>
<opset="icmp_ln334/9 "/>
</bind>
</comp>

<comp id="867" class="1004" name="tmp_s_fu_867">
<pin_list>
<pin id="868" dir="0" index="0" bw="64" slack="0"/>
<pin id="869" dir="0" index="1" bw="4" slack="0"/>
<pin id="870" dir="0" index="2" bw="64" slack="3"/>
<pin id="871" dir="0" index="3" bw="4" slack="0"/>
<pin id="872" dir="0" index="4" bw="64" slack="3"/>
<pin id="873" dir="0" index="5" bw="4" slack="0"/>
<pin id="874" dir="0" index="6" bw="64" slack="3"/>
<pin id="875" dir="0" index="7" bw="4" slack="0"/>
<pin id="876" dir="0" index="8" bw="64" slack="3"/>
<pin id="877" dir="0" index="9" bw="4" slack="0"/>
<pin id="878" dir="0" index="10" bw="64" slack="3"/>
<pin id="879" dir="0" index="11" bw="4" slack="0"/>
<pin id="880" dir="0" index="12" bw="64" slack="3"/>
<pin id="881" dir="0" index="13" bw="4" slack="0"/>
<pin id="882" dir="0" index="14" bw="64" slack="3"/>
<pin id="883" dir="0" index="15" bw="64" slack="0"/>
<pin id="884" dir="0" index="16" bw="4" slack="0"/>
<pin id="885" dir="1" index="17" bw="64" slack="3"/>
</pin_list>
<bind>
<opcode="sparsemux(1197) " fcode="sparsemux"/>
<opset="tmp_s/9 "/>
</bind>
</comp>

<comp id="896" class="1004" name="v_fu_896">
<pin_list>
<pin id="897" dir="0" index="0" bw="64" slack="0"/>
<pin id="898" dir="0" index="1" bw="64" slack="3"/>
<pin id="899" dir="1" index="2" bw="64" slack="0"/>
</pin_list>
<bind>
<opcode="add(8) " fcode="add"/>
<opset="v/9 "/>
</bind>
</comp>

<comp id="902" class="1004" name="count_load_load_fu_902">
<pin_list>
<pin id="903" dir="0" index="0" bw="32" slack="3"/>
<pin id="904" dir="1" index="1" bw="32" slack="0"/>
</pin_list>
<bind>
<opcode="load(27) " fcode="load"/>
<opset="count_load/10 "/>
</bind>
</comp>

<comp id="905" class="1004" name="u_3_load_load_fu_905">
<pin_list>
<pin id="906" dir="0" index="0" bw="64" slack="3"/>
<pin id="907" dir="1" index="1" bw="64" slack="0"/>
</pin_list>
<bind>
<opcode="load(27) " fcode="load"/>
<opset="u_3_load/10 "/>
</bind>
</comp>

<comp id="909" class="1004" name="trunc_ln334_fu_909">
<pin_list>
<pin id="910" dir="0" index="0" bw="4" slack="0"/>
<pin id="911" dir="1" index="1" bw="3" slack="0"/>
</pin_list>
<bind>
<opcode="trunc(33) " fcode="trunc"/>
<opset="trunc_ln334/10 "/>
</bind>
</comp>

<comp id="914" class="1004" name="trunc_ln334_2_fu_914">
<pin_list>
<pin id="915" dir="0" index="0" bw="4" slack="2147483647"/>
<pin id="916" dir="1" index="1" bw="3" slack="0"/>
</pin_list>
<bind>
<opcode="trunc(33) " fcode="trunc"/>
<opset="trunc_ln334_2/10 "/>
</bind>
</comp>

<comp id="918" class="1004" name="icmp_ln336_fu_918">
<pin_list>
<pin id="919" dir="0" index="0" bw="32" slack="0"/>
<pin id="920" dir="0" index="1" bw="32" slack="0"/>
<pin id="921" dir="1" index="2" bw="1" slack="0"/>
</pin_list>
<bind>
<opcode="icmp(45) " fcode="icmp"/>
<opset="icmp_ln336/10 "/>
</bind>
</comp>

<comp id="924" class="1004" name="add_ln338_fu_924">
<pin_list>
<pin id="925" dir="0" index="0" bw="32" slack="0"/>
<pin id="926" dir="0" index="1" bw="1" slack="0"/>
<pin id="927" dir="1" index="2" bw="32" slack="0"/>
</pin_list>
<bind>
<opcode="add(8) " fcode="add"/>
<opset="add_ln338/10 "/>
</bind>
</comp>

<comp id="930" class="1004" name="count_2_fu_930">
<pin_list>
<pin id="931" dir="0" index="0" bw="1" slack="0"/>
<pin id="932" dir="0" index="1" bw="32" slack="0"/>
<pin id="933" dir="0" index="2" bw="32" slack="0"/>
<pin id="934" dir="1" index="3" bw="32" slack="0"/>
</pin_list>
<bind>
<opcode="select(49) " fcode="select"/>
<opset="count_2/10 "/>
</bind>
</comp>

<comp id="938" class="1004" name="sub65_fu_938">
<pin_list>
<pin id="939" dir="0" index="0" bw="5" slack="0"/>
<pin id="940" dir="0" index="1" bw="32" slack="0"/>
<pin id="941" dir="1" index="2" bw="32" slack="0"/>
</pin_list>
<bind>
<opcode="sub(10) " fcode="sub"/>
<opset="sub65/10 "/>
</bind>
</comp>

<comp id="945" class="1004" name="v_19_loc_load_load_fu_945">
<pin_list>
<pin id="946" dir="0" index="0" bw="64" slack="7"/>
<pin id="947" dir="1" index="1" bw="64" slack="0"/>
</pin_list>
<bind>
<opcode="load(27) " fcode="load"/>
<opset="v_19_loc_load/12 "/>
</bind>
</comp>

<comp id="948" class="1004" name="u_8_loc_load_load_fu_948">
<pin_list>
<pin id="949" dir="0" index="0" bw="64" slack="7"/>
<pin id="950" dir="1" index="1" bw="64" slack="0"/>
</pin_list>
<bind>
<opcode="load(27) " fcode="load"/>
<opset="u_8_loc_load/12 "/>
</bind>
</comp>

<comp id="951" class="1004" name="t_6_loc_load_load_fu_951">
<pin_list>
<pin id="952" dir="0" index="0" bw="64" slack="7"/>
<pin id="953" dir="1" index="1" bw="64" slack="0"/>
</pin_list>
<bind>
<opcode="load(27) " fcode="load"/>
<opset="t_6_loc_load/12 "/>
</bind>
</comp>

<comp id="954" class="1004" name="v_15_fu_954">
<pin_list>
<pin id="955" dir="0" index="0" bw="64" slack="3"/>
<pin id="956" dir="0" index="1" bw="64" slack="0"/>
<pin id="957" dir="1" index="2" bw="64" slack="0"/>
</pin_list>
<bind>
<opcode="add(8) " fcode="add"/>
<opset="v_15/12 "/>
</bind>
</comp>

<comp id="966" class="1004" name="xor_ln105_32_fu_966">
<pin_list>
<pin id="967" dir="0" index="0" bw="64" slack="0"/>
<pin id="968" dir="0" index="1" bw="64" slack="0"/>
<pin id="969" dir="1" index="2" bw="64" slack="0"/>
</pin_list>
<bind>
<opcode="xor(25) " fcode="xor"/>
<opset="xor_ln105_32/12 "/>
</bind>
</comp>

<comp id="972" class="1004" name="xor_ln105_33_fu_972">
<pin_list>
<pin id="973" dir="0" index="0" bw="64" slack="3"/>
<pin id="974" dir="0" index="1" bw="64" slack="0"/>
<pin id="975" dir="1" index="2" bw="64" slack="0"/>
</pin_list>
<bind>
<opcode="xor(25) " fcode="xor"/>
<opset="xor_ln105_33/12 "/>
</bind>
</comp>

<comp id="977" class="1004" name="or_ln105_6_fu_977">
<pin_list>
<pin id="978" dir="0" index="0" bw="64" slack="0"/>
<pin id="979" dir="0" index="1" bw="64" slack="0"/>
<pin id="980" dir="1" index="2" bw="64" slack="0"/>
</pin_list>
<bind>
<opcode="or(24) " fcode="or"/>
<opset="or_ln105_6/12 "/>
</bind>
</comp>

<comp id="983" class="1004" name="xor_ln105_34_fu_983">
<pin_list>
<pin id="984" dir="0" index="0" bw="64" slack="0"/>
<pin id="985" dir="0" index="1" bw="64" slack="0"/>
<pin id="986" dir="1" index="2" bw="64" slack="0"/>
</pin_list>
<bind>
<opcode="xor(25) " fcode="xor"/>
<opset="xor_ln105_34/12 "/>
</bind>
</comp>

<comp id="989" class="1004" name="carry_11_fu_989">
<pin_list>
<pin id="990" dir="0" index="0" bw="1" slack="0"/>
<pin id="991" dir="0" index="1" bw="64" slack="0"/>
<pin id="992" dir="0" index="2" bw="7" slack="0"/>
<pin id="993" dir="1" index="3" bw="1" slack="0"/>
</pin_list>
<bind>
<opcode="bitselect(1000) " fcode="bitselect"/>
<opset="carry_11/12 "/>
</bind>
</comp>

<comp id="997" class="1004" name="zext_ln105_5_fu_997">
<pin_list>
<pin id="998" dir="0" index="0" bw="1" slack="0"/>
<pin id="999" dir="1" index="1" bw="64" slack="0"/>
</pin_list>
<bind>
<opcode="zext(34) " fcode="zext"/>
<opset="zext_ln105_5/12 "/>
</bind>
</comp>

<comp id="1001" class="1004" name="tempReg_8_fu_1001">
<pin_list>
<pin id="1002" dir="0" index="0" bw="64" slack="0"/>
<pin id="1003" dir="0" index="1" bw="1" slack="0"/>
<pin id="1004" dir="1" index="2" bw="64" slack="0"/>
</pin_list>
<bind>
<opcode="add(8) " fcode="add"/>
<opset="tempReg_8/12 "/>
</bind>
</comp>

<comp id="1007" class="1004" name="bit_sel7_fu_1007">
<pin_list>
<pin id="1008" dir="0" index="0" bw="1" slack="0"/>
<pin id="1009" dir="0" index="1" bw="64" slack="0"/>
<pin id="1010" dir="0" index="2" bw="7" slack="0"/>
<pin id="1011" dir="1" index="3" bw="1" slack="0"/>
</pin_list>
<bind>
<opcode="bitselect(1000) " fcode="bitselect"/>
<opset="bit_sel7/12 "/>
</bind>
</comp>

<comp id="1015" class="1004" name="xor_ln105_35_fu_1015">
<pin_list>
<pin id="1016" dir="0" index="0" bw="1" slack="0"/>
<pin id="1017" dir="0" index="1" bw="1" slack="0"/>
<pin id="1018" dir="1" index="2" bw="1" slack="0"/>
</pin_list>
<bind>
<opcode="xor(25) " fcode="xor"/>
<opset="xor_ln105_35/12 "/>
</bind>
</comp>

<comp id="1021" class="1004" name="trunc_ln105_2_fu_1021">
<pin_list>
<pin id="1022" dir="0" index="0" bw="64" slack="0"/>
<pin id="1023" dir="1" index="1" bw="63" slack="0"/>
</pin_list>
<bind>
<opcode="trunc(33) " fcode="trunc"/>
<opset="trunc_ln105_2/12 "/>
</bind>
</comp>

<comp id="1025" class="1004" name="xor_ln105_1_fu_1025">
<pin_list>
<pin id="1026" dir="0" index="0" bw="64" slack="0"/>
<pin id="1027" dir="0" index="1" bw="1" slack="0"/>
<pin id="1028" dir="0" index="2" bw="63" slack="0"/>
<pin id="1029" dir="1" index="3" bw="64" slack="0"/>
</pin_list>
<bind>
<opcode="bitconcatenate(1004) " fcode="bitconcatenate"/>
<opset="xor_ln105_1/12 "/>
</bind>
</comp>

<comp id="1033" class="1004" name="and_ln105_2_fu_1033">
<pin_list>
<pin id="1034" dir="0" index="0" bw="64" slack="0"/>
<pin id="1035" dir="0" index="1" bw="64" slack="0"/>
<pin id="1036" dir="1" index="2" bw="64" slack="0"/>
</pin_list>
<bind>
<opcode="and(23) " fcode="and"/>
<opset="and_ln105_2/12 "/>
</bind>
</comp>

<comp id="1039" class="1004" name="carry_12_fu_1039">
<pin_list>
<pin id="1040" dir="0" index="0" bw="1" slack="0"/>
<pin id="1041" dir="0" index="1" bw="64" slack="0"/>
<pin id="1042" dir="0" index="2" bw="7" slack="0"/>
<pin id="1043" dir="1" index="3" bw="1" slack="0"/>
</pin_list>
<bind>
<opcode="bitselect(1000) " fcode="bitselect"/>
<opset="carry_12/12 "/>
</bind>
</comp>

<comp id="1047" class="1004" name="zext_ln105_6_fu_1047">
<pin_list>
<pin id="1048" dir="0" index="0" bw="1" slack="0"/>
<pin id="1049" dir="1" index="1" bw="64" slack="0"/>
</pin_list>
<bind>
<opcode="zext(34) " fcode="zext"/>
<opset="zext_ln105_6/12 "/>
</bind>
</comp>

<comp id="1051" class="1004" name="t_8_fu_1051">
<pin_list>
<pin id="1052" dir="0" index="0" bw="64" slack="0"/>
<pin id="1053" dir="0" index="1" bw="1" slack="0"/>
<pin id="1054" dir="1" index="2" bw="64" slack="0"/>
</pin_list>
<bind>
<opcode="add(8) " fcode="add"/>
<opset="t_8/12 "/>
</bind>
</comp>

<comp id="1057" class="1004" name="add_ln334_fu_1057">
<pin_list>
<pin id="1058" dir="0" index="0" bw="4" slack="2147483647"/>
<pin id="1059" dir="0" index="1" bw="1" slack="0"/>
<pin id="1060" dir="1" index="2" bw="4" slack="0"/>
</pin_list>
<bind>
<opcode="add(8) " fcode="add"/>
<opset="add_ln334/12 "/>
</bind>
</comp>

<comp id="1062" class="1004" name="add_ln334_1_fu_1062">
<pin_list>
<pin id="1063" dir="0" index="0" bw="4" slack="0"/>
<pin id="1064" dir="0" index="1" bw="1" slack="0"/>
<pin id="1065" dir="1" index="2" bw="4" slack="0"/>
</pin_list>
<bind>
<opcode="add(8) " fcode="add"/>
<opset="add_ln334_1/12 "/>
</bind>
</comp>

<comp id="1068" class="1004" name="store_ln302_store_fu_1068">
<pin_list>
<pin id="1069" dir="0" index="0" bw="4" slack="0"/>
<pin id="1070" dir="0" index="1" bw="4" slack="5"/>
<pin id="1071" dir="1" index="2" bw="0" slack="2147483647"/>
</pin_list>
<bind>
<opcode="store(28) " fcode="store"/>
<opset="store_ln302/12 "/>
</bind>
</comp>

<comp id="1073" class="1004" name="store_ln334_store_fu_1073">
<pin_list>
<pin id="1074" dir="0" index="0" bw="4" slack="0"/>
<pin id="1075" dir="0" index="1" bw="4" slack="5"/>
<pin id="1076" dir="1" index="2" bw="0" slack="2147483647"/>
</pin_list>
<bind>
<opcode="store(28) " fcode="store"/>
<opset="store_ln334/12 "/>
</bind>
</comp>

<comp id="1078" class="1004" name="store_ln303_store_fu_1078">
<pin_list>
<pin id="1079" dir="0" index="0" bw="64" slack="0"/>
<pin id="1080" dir="0" index="1" bw="64" slack="5"/>
<pin id="1081" dir="1" index="2" bw="0" slack="2147483647"/>
</pin_list>
<bind>
<opcode="store(28) " fcode="store"/>
<opset="store_ln303/12 "/>
</bind>
</comp>

<comp id="1083" class="1004" name="store_ln303_store_fu_1083">
<pin_list>
<pin id="1084" dir="0" index="0" bw="64" slack="0"/>
<pin id="1085" dir="0" index="1" bw="64" slack="5"/>
<pin id="1086" dir="1" index="2" bw="0" slack="2147483647"/>
</pin_list>
<bind>
<opcode="store(28) " fcode="store"/>
<opset="store_ln303/12 "/>
</bind>
</comp>

<comp id="1088" class="1004" name="store_ln302_store_fu_1088">
<pin_list>
<pin id="1089" dir="0" index="0" bw="32" slack="2"/>
<pin id="1090" dir="0" index="1" bw="32" slack="5"/>
<pin id="1091" dir="1" index="2" bw="0" slack="2147483647"/>
</pin_list>
<bind>
<opcode="store(28) " fcode="store"/>
<opset="store_ln302/12 "/>
</bind>
</comp>

<comp id="1092" class="1005" name="i_3_reg_1092">
<pin_list>
<pin id="1093" dir="0" index="0" bw="4" slack="0"/>
<pin id="1094" dir="1" index="1" bw="4" slack="0"/>
</pin_list>
<bind>
<opset="i_3 "/>
</bind>
</comp>

<comp id="1099" class="1005" name="u_1_reg_1099">
<pin_list>
<pin id="1100" dir="0" index="0" bw="64" slack="0"/>
<pin id="1101" dir="1" index="1" bw="64" slack="0"/>
</pin_list>
<bind>
<opset="u_1 "/>
</bind>
</comp>

<comp id="1106" class="1005" name="v_1_reg_1106">
<pin_list>
<pin id="1107" dir="0" index="0" bw="64" slack="0"/>
<pin id="1108" dir="1" index="1" bw="64" slack="0"/>
</pin_list>
<bind>
<opset="v_1 "/>
</bind>
</comp>

<comp id="1113" class="1005" name="mc_7_offset_read_reg_1113">
<pin_list>
<pin id="1114" dir="0" index="0" bw="1" slack="1"/>
<pin id="1115" dir="1" index="1" bw="1" slack="1"/>
</pin_list>
<bind>
<opset="mc_7_offset_read "/>
</bind>
</comp>

<comp id="1119" class="1005" name="mc_6_offset_read_reg_1119">
<pin_list>
<pin id="1120" dir="0" index="0" bw="1" slack="1"/>
<pin id="1121" dir="1" index="1" bw="1" slack="1"/>
</pin_list>
<bind>
<opset="mc_6_offset_read "/>
</bind>
</comp>

<comp id="1125" class="1005" name="mc_5_offset_read_reg_1125">
<pin_list>
<pin id="1126" dir="0" index="0" bw="1" slack="1"/>
<pin id="1127" dir="1" index="1" bw="1" slack="1"/>
</pin_list>
<bind>
<opset="mc_5_offset_read "/>
</bind>
</comp>

<comp id="1131" class="1005" name="mc_4_offset_read_reg_1131">
<pin_list>
<pin id="1132" dir="0" index="0" bw="1" slack="1"/>
<pin id="1133" dir="1" index="1" bw="1" slack="1"/>
</pin_list>
<bind>
<opset="mc_4_offset_read "/>
</bind>
</comp>

<comp id="1137" class="1005" name="mc_3_offset_read_reg_1137">
<pin_list>
<pin id="1138" dir="0" index="0" bw="1" slack="1"/>
<pin id="1139" dir="1" index="1" bw="1" slack="1"/>
</pin_list>
<bind>
<opset="mc_3_offset_read "/>
</bind>
</comp>

<comp id="1143" class="1005" name="mc_2_offset_read_reg_1143">
<pin_list>
<pin id="1144" dir="0" index="0" bw="1" slack="1"/>
<pin id="1145" dir="1" index="1" bw="1" slack="1"/>
</pin_list>
<bind>
<opset="mc_2_offset_read "/>
</bind>
</comp>

<comp id="1149" class="1005" name="mc_1_offset_read_reg_1149">
<pin_list>
<pin id="1150" dir="0" index="0" bw="1" slack="1"/>
<pin id="1151" dir="1" index="1" bw="1" slack="1"/>
</pin_list>
<bind>
<opset="mc_1_offset_read "/>
</bind>
</comp>

<comp id="1155" class="1005" name="mc_0_offset_read_reg_1155">
<pin_list>
<pin id="1156" dir="0" index="0" bw="1" slack="1"/>
<pin id="1157" dir="1" index="1" bw="1" slack="1"/>
</pin_list>
<bind>
<opset="mc_0_offset_read "/>
</bind>
</comp>

<comp id="1161" class="1005" name="t_6_loc_reg_1161">
<pin_list>
<pin id="1162" dir="0" index="0" bw="64" slack="5"/>
<pin id="1163" dir="1" index="1" bw="64" slack="5"/>
</pin_list>
<bind>
<opset="t_6_loc "/>
</bind>
</comp>

<comp id="1167" class="1005" name="u_8_loc_reg_1167">
<pin_list>
<pin id="1168" dir="0" index="0" bw="64" slack="5"/>
<pin id="1169" dir="1" index="1" bw="64" slack="5"/>
</pin_list>
<bind>
<opset="u_8_loc "/>
</bind>
</comp>

<comp id="1173" class="1005" name="v_19_loc_reg_1173">
<pin_list>
<pin id="1174" dir="0" index="0" bw="64" slack="5"/>
<pin id="1175" dir="1" index="1" bw="64" slack="5"/>
</pin_list>
<bind>
<opset="v_19_loc "/>
</bind>
</comp>

<comp id="1179" class="1005" name="t_1_loc_reg_1179">
<pin_list>
<pin id="1180" dir="0" index="0" bw="64" slack="3"/>
<pin id="1181" dir="1" index="1" bw="64" slack="3"/>
</pin_list>
<bind>
<opset="t_1_loc "/>
</bind>
</comp>

<comp id="1185" class="1005" name="u_loc_reg_1185">
<pin_list>
<pin id="1186" dir="0" index="0" bw="64" slack="3"/>
<pin id="1187" dir="1" index="1" bw="64" slack="3"/>
</pin_list>
<bind>
<opset="u_loc "/>
</bind>
</comp>

<comp id="1191" class="1005" name="v_loc_reg_1191">
<pin_list>
<pin id="1192" dir="0" index="0" bw="64" slack="3"/>
<pin id="1193" dir="1" index="1" bw="64" slack="3"/>
</pin_list>
<bind>
<opset="v_loc "/>
</bind>
</comp>

<comp id="1197" class="1005" name="ma_15_val_read_reg_1197">
<pin_list>
<pin id="1198" dir="0" index="0" bw="64" slack="3"/>
<pin id="1199" dir="1" index="1" bw="64" slack="3"/>
</pin_list>
<bind>
<opset="ma_15_val_read "/>
</bind>
</comp>

<comp id="1202" class="1005" name="ma_14_val_read_reg_1202">
<pin_list>
<pin id="1203" dir="0" index="0" bw="64" slack="3"/>
<pin id="1204" dir="1" index="1" bw="64" slack="3"/>
</pin_list>
<bind>
<opset="ma_14_val_read "/>
</bind>
</comp>

<comp id="1207" class="1005" name="ma_13_val_read_reg_1207">
<pin_list>
<pin id="1208" dir="0" index="0" bw="64" slack="3"/>
<pin id="1209" dir="1" index="1" bw="64" slack="3"/>
</pin_list>
<bind>
<opset="ma_13_val_read "/>
</bind>
</comp>

<comp id="1212" class="1005" name="ma_12_val_read_reg_1212">
<pin_list>
<pin id="1213" dir="0" index="0" bw="64" slack="3"/>
<pin id="1214" dir="1" index="1" bw="64" slack="3"/>
</pin_list>
<bind>
<opset="ma_12_val_read "/>
</bind>
</comp>

<comp id="1217" class="1005" name="ma_11_val_read_reg_1217">
<pin_list>
<pin id="1218" dir="0" index="0" bw="64" slack="3"/>
<pin id="1219" dir="1" index="1" bw="64" slack="3"/>
</pin_list>
<bind>
<opset="ma_11_val_read "/>
</bind>
</comp>

<comp id="1222" class="1005" name="ma_10_val_read_reg_1222">
<pin_list>
<pin id="1223" dir="0" index="0" bw="64" slack="3"/>
<pin id="1224" dir="1" index="1" bw="64" slack="3"/>
</pin_list>
<bind>
<opset="ma_10_val_read "/>
</bind>
</comp>

<comp id="1227" class="1005" name="ma_9_val_read_reg_1227">
<pin_list>
<pin id="1228" dir="0" index="0" bw="64" slack="3"/>
<pin id="1229" dir="1" index="1" bw="64" slack="3"/>
</pin_list>
<bind>
<opset="ma_9_val_read "/>
</bind>
</comp>

<comp id="1232" class="1005" name="ma_8_val_read_reg_1232">
<pin_list>
<pin id="1233" dir="0" index="0" bw="64" slack="3"/>
<pin id="1234" dir="1" index="1" bw="64" slack="3"/>
</pin_list>
<bind>
<opset="ma_8_val_read "/>
</bind>
</comp>

<comp id="1237" class="1005" name="ma_7_val_read_reg_1237">
<pin_list>
<pin id="1238" dir="0" index="0" bw="64" slack="1"/>
<pin id="1239" dir="1" index="1" bw="64" slack="1"/>
</pin_list>
<bind>
<opset="ma_7_val_read "/>
</bind>
</comp>

<comp id="1242" class="1005" name="ma_6_val_read_reg_1242">
<pin_list>
<pin id="1243" dir="0" index="0" bw="64" slack="1"/>
<pin id="1244" dir="1" index="1" bw="64" slack="1"/>
</pin_list>
<bind>
<opset="ma_6_val_read "/>
</bind>
</comp>

<comp id="1247" class="1005" name="ma_5_val_read_reg_1247">
<pin_list>
<pin id="1248" dir="0" index="0" bw="64" slack="1"/>
<pin id="1249" dir="1" index="1" bw="64" slack="1"/>
</pin_list>
<bind>
<opset="ma_5_val_read "/>
</bind>
</comp>

<comp id="1252" class="1005" name="ma_4_val_read_reg_1252">
<pin_list>
<pin id="1253" dir="0" index="0" bw="64" slack="1"/>
<pin id="1254" dir="1" index="1" bw="64" slack="1"/>
</pin_list>
<bind>
<opset="ma_4_val_read "/>
</bind>
</comp>

<comp id="1257" class="1005" name="ma_3_val_read_reg_1257">
<pin_list>
<pin id="1258" dir="0" index="0" bw="64" slack="1"/>
<pin id="1259" dir="1" index="1" bw="64" slack="1"/>
</pin_list>
<bind>
<opset="ma_3_val_read "/>
</bind>
</comp>

<comp id="1262" class="1005" name="ma_2_val_read_reg_1262">
<pin_list>
<pin id="1263" dir="0" index="0" bw="64" slack="1"/>
<pin id="1264" dir="1" index="1" bw="64" slack="1"/>
</pin_list>
<bind>
<opset="ma_2_val_read "/>
</bind>
</comp>

<comp id="1267" class="1005" name="ma_1_val_read_reg_1267">
<pin_list>
<pin id="1268" dir="0" index="0" bw="64" slack="1"/>
<pin id="1269" dir="1" index="1" bw="64" slack="1"/>
</pin_list>
<bind>
<opset="ma_1_val_read "/>
</bind>
</comp>

<comp id="1272" class="1005" name="ma_0_val_read_reg_1272">
<pin_list>
<pin id="1273" dir="0" index="0" bw="64" slack="1"/>
<pin id="1274" dir="1" index="1" bw="64" slack="1"/>
</pin_list>
<bind>
<opset="ma_0_val_read "/>
</bind>
</comp>

<comp id="1277" class="1005" name="mc_7_addr_reg_1277">
<pin_list>
<pin id="1278" dir="0" index="0" bw="1" slack="1"/>
<pin id="1279" dir="1" index="1" bw="1" slack="1"/>
</pin_list>
<bind>
<opset="mc_7_addr "/>
</bind>
</comp>

<comp id="1282" class="1005" name="mc_6_addr_reg_1282">
<pin_list>
<pin id="1283" dir="0" index="0" bw="1" slack="1"/>
<pin id="1284" dir="1" index="1" bw="1" slack="1"/>
</pin_list>
<bind>
<opset="mc_6_addr "/>
</bind>
</comp>

<comp id="1287" class="1005" name="mc_5_addr_reg_1287">
<pin_list>
<pin id="1288" dir="0" index="0" bw="1" slack="1"/>
<pin id="1289" dir="1" index="1" bw="1" slack="1"/>
</pin_list>
<bind>
<opset="mc_5_addr "/>
</bind>
</comp>

<comp id="1292" class="1005" name="mc_4_addr_reg_1292">
<pin_list>
<pin id="1293" dir="0" index="0" bw="1" slack="1"/>
<pin id="1294" dir="1" index="1" bw="1" slack="1"/>
</pin_list>
<bind>
<opset="mc_4_addr "/>
</bind>
</comp>

<comp id="1297" class="1005" name="mc_3_addr_reg_1297">
<pin_list>
<pin id="1298" dir="0" index="0" bw="1" slack="1"/>
<pin id="1299" dir="1" index="1" bw="1" slack="1"/>
</pin_list>
<bind>
<opset="mc_3_addr "/>
</bind>
</comp>

<comp id="1302" class="1005" name="mc_2_addr_reg_1302">
<pin_list>
<pin id="1303" dir="0" index="0" bw="1" slack="1"/>
<pin id="1304" dir="1" index="1" bw="1" slack="1"/>
</pin_list>
<bind>
<opset="mc_2_addr "/>
</bind>
</comp>

<comp id="1307" class="1005" name="mc_1_addr_reg_1307">
<pin_list>
<pin id="1308" dir="0" index="0" bw="1" slack="1"/>
<pin id="1309" dir="1" index="1" bw="1" slack="1"/>
</pin_list>
<bind>
<opset="mc_1_addr "/>
</bind>
</comp>

<comp id="1312" class="1005" name="mc_0_addr_reg_1312">
<pin_list>
<pin id="1313" dir="0" index="0" bw="1" slack="1"/>
<pin id="1314" dir="1" index="1" bw="1" slack="1"/>
</pin_list>
<bind>
<opset="mc_0_addr "/>
</bind>
</comp>

<comp id="1326" class="1005" name="add_ln312_reg_1326">
<pin_list>
<pin id="1327" dir="0" index="0" bw="4" slack="4"/>
<pin id="1328" dir="1" index="1" bw="4" slack="4"/>
</pin_list>
<bind>
<opset="add_ln312 "/>
</bind>
</comp>

<comp id="1331" class="1005" name="trunc_ln312_reg_1331">
<pin_list>
<pin id="1332" dir="0" index="0" bw="3" slack="1"/>
<pin id="1333" dir="1" index="1" bw="3" slack="1"/>
</pin_list>
<bind>
<opset="trunc_ln312 "/>
</bind>
</comp>

<comp id="1338" class="1005" name="tmp_reg_1338">
<pin_list>
<pin id="1339" dir="0" index="0" bw="64" slack="3"/>
<pin id="1340" dir="1" index="1" bw="64" slack="3"/>
</pin_list>
<bind>
<opset="tmp "/>
</bind>
</comp>

<comp id="1344" class="1005" name="count_reg_1344">
<pin_list>
<pin id="1345" dir="0" index="0" bw="32" slack="0"/>
<pin id="1346" dir="1" index="1" bw="32" slack="0"/>
</pin_list>
<bind>
<opset="count "/>
</bind>
</comp>

<comp id="1351" class="1005" name="u_3_reg_1351">
<pin_list>
<pin id="1352" dir="0" index="0" bw="64" slack="0"/>
<pin id="1353" dir="1" index="1" bw="64" slack="0"/>
</pin_list>
<bind>
<opset="u_3 "/>
</bind>
</comp>

<comp id="1358" class="1005" name="v_4_reg_1358">
<pin_list>
<pin id="1359" dir="0" index="0" bw="64" slack="0"/>
<pin id="1360" dir="1" index="1" bw="64" slack="0"/>
</pin_list>
<bind>
<opset="v_4 "/>
</bind>
</comp>

<comp id="1365" class="1005" name="indvars_iv_reg_1365">
<pin_list>
<pin id="1366" dir="0" index="0" bw="4" slack="0"/>
<pin id="1367" dir="1" index="1" bw="4" slack="0"/>
</pin_list>
<bind>
<opset="indvars_iv "/>
</bind>
</comp>

<comp id="1372" class="1005" name="i_4_reg_1372">
<pin_list>
<pin id="1373" dir="0" index="0" bw="4" slack="0"/>
<pin id="1374" dir="1" index="1" bw="4" slack="0"/>
</pin_list>
<bind>
<opset="i_4 "/>
</bind>
</comp>

<comp id="1379" class="1005" name="add_ln314_reg_1379">
<pin_list>
<pin id="1380" dir="0" index="0" bw="4" slack="1"/>
<pin id="1381" dir="1" index="1" bw="4" slack="1"/>
</pin_list>
<bind>
<opset="add_ln314 "/>
</bind>
</comp>

<comp id="1384" class="1005" name="mc_0_load_reg_1384">
<pin_list>
<pin id="1385" dir="0" index="0" bw="64" slack="1"/>
<pin id="1386" dir="1" index="1" bw="64" slack="1"/>
</pin_list>
<bind>
<opset="mc_0_load "/>
</bind>
</comp>

<comp id="1389" class="1005" name="tempReg_reg_1389">
<pin_list>
<pin id="1390" dir="0" index="0" bw="64" slack="1"/>
<pin id="1391" dir="1" index="1" bw="64" slack="1"/>
</pin_list>
<bind>
<opset="tempReg "/>
</bind>
</comp>

<comp id="1394" class="1005" name="t_reg_1394">
<pin_list>
<pin id="1395" dir="0" index="0" bw="64" slack="1"/>
<pin id="1396" dir="1" index="1" bw="64" slack="1"/>
</pin_list>
<bind>
<opset="t "/>
</bind>
</comp>

<comp id="1399" class="1005" name="mc_7_load_reg_1399">
<pin_list>
<pin id="1400" dir="0" index="0" bw="64" slack="2"/>
<pin id="1401" dir="1" index="1" bw="64" slack="2"/>
</pin_list>
<bind>
<opset="mc_7_load "/>
</bind>
</comp>

<comp id="1404" class="1005" name="i_8_reg_1404">
<pin_list>
<pin id="1405" dir="0" index="0" bw="4" slack="3"/>
<pin id="1406" dir="1" index="1" bw="4" slack="2147483647"/>
</pin_list>
<bind>
<opset="i_8 "/>
</bind>
</comp>

<comp id="1411" class="1005" name="tmp_s_reg_1411">
<pin_list>
<pin id="1412" dir="0" index="0" bw="64" slack="3"/>
<pin id="1413" dir="1" index="1" bw="64" slack="3"/>
</pin_list>
<bind>
<opset="tmp_s "/>
</bind>
</comp>

<comp id="1420" class="1005" name="v_4_load_2_reg_1420">
<pin_list>
<pin id="1421" dir="0" index="0" bw="64" slack="1"/>
<pin id="1422" dir="1" index="1" bw="64" slack="1"/>
</pin_list>
<bind>
<opset="v_4_load_2 "/>
</bind>
</comp>

<comp id="1425" class="1005" name="trunc_ln334_reg_1425">
<pin_list>
<pin id="1426" dir="0" index="0" bw="3" slack="1"/>
<pin id="1427" dir="1" index="1" bw="3" slack="1"/>
</pin_list>
<bind>
<opset="trunc_ln334 "/>
</bind>
</comp>

<comp id="1430" class="1005" name="trunc_ln334_2_reg_1430">
<pin_list>
<pin id="1431" dir="0" index="0" bw="3" slack="1"/>
<pin id="1432" dir="1" index="1" bw="3" slack="1"/>
</pin_list>
<bind>
<opset="trunc_ln334_2 "/>
</bind>
</comp>

<comp id="1435" class="1005" name="count_2_reg_1435">
<pin_list>
<pin id="1436" dir="0" index="0" bw="32" slack="2"/>
<pin id="1437" dir="1" index="1" bw="32" slack="2"/>
</pin_list>
<bind>
<opset="count_2 "/>
</bind>
</comp>

<comp id="1440" class="1005" name="sub65_reg_1440">
<pin_list>
<pin id="1441" dir="0" index="0" bw="32" slack="1"/>
<pin id="1442" dir="1" index="1" bw="32" slack="1"/>
</pin_list>
<bind>
<opset="sub65 "/>
</bind>
</comp>

<comp id="1445" class="1004" name="grp_digit_x_digit_fu_1445">
<pin_list>
<pin id="1446" dir="0" index="0" bw="128" slack="2147483647"/>
<pin id="1447" dir="0" index="1" bw="64" slack="2147483647"/>
<pin id="1448" dir="0" index="2" bw="64" slack="2147483647"/>
<pin id="1449" dir="1" index="3" bw="128" slack="2147483647"/>
</pin_list>
<bind>
<opcode="call(48) " fcode="call"/>
<opset="call_ret6/3 "/>
</bind>
</comp>

</comp_list>

<net_list>
<net id="167"><net_src comp="66" pin="0"/><net_sink comp="164" pin=0"/></net>

<net id="171"><net_src comp="66" pin="0"/><net_sink comp="168" pin=0"/></net>

<net id="175"><net_src comp="66" pin="0"/><net_sink comp="172" pin=0"/></net>

<net id="179"><net_src comp="70" pin="0"/><net_sink comp="176" pin=0"/></net>

<net id="183"><net_src comp="70" pin="0"/><net_sink comp="180" pin=0"/></net>

<net id="187"><net_src comp="70" pin="0"/><net_sink comp="184" pin=0"/></net>

<net id="191"><net_src comp="70" pin="0"/><net_sink comp="188" pin=0"/></net>

<net id="195"><net_src comp="70" pin="0"/><net_sink comp="192" pin=0"/></net>

<net id="199"><net_src comp="70" pin="0"/><net_sink comp="196" pin=0"/></net>

<net id="203"><net_src comp="66" pin="0"/><net_sink comp="200" pin=0"/></net>

<net id="207"><net_src comp="66" pin="0"/><net_sink comp="204" pin=0"/></net>

<net id="211"><net_src comp="66" pin="0"/><net_sink comp="208" pin=0"/></net>

<net id="215"><net_src comp="66" pin="0"/><net_sink comp="212" pin=0"/></net>

<net id="219"><net_src comp="66" pin="0"/><net_sink comp="216" pin=0"/></net>

<net id="224"><net_src comp="68" pin="0"/><net_sink comp="220" pin=0"/></net>

<net id="225"><net_src comp="62" pin="0"/><net_sink comp="220" pin=1"/></net>

<net id="230"><net_src comp="68" pin="0"/><net_sink comp="226" pin=0"/></net>

<net id="231"><net_src comp="58" pin="0"/><net_sink comp="226" pin=1"/></net>

<net id="236"><net_src comp="68" pin="0"/><net_sink comp="232" pin=0"/></net>

<net id="237"><net_src comp="54" pin="0"/><net_sink comp="232" pin=1"/></net>

<net id="242"><net_src comp="68" pin="0"/><net_sink comp="238" pin=0"/></net>

<net id="243"><net_src comp="50" pin="0"/><net_sink comp="238" pin=1"/></net>

<net id="248"><net_src comp="68" pin="0"/><net_sink comp="244" pin=0"/></net>

<net id="249"><net_src comp="46" pin="0"/><net_sink comp="244" pin=1"/></net>

<net id="254"><net_src comp="68" pin="0"/><net_sink comp="250" pin=0"/></net>

<net id="255"><net_src comp="42" pin="0"/><net_sink comp="250" pin=1"/></net>

<net id="260"><net_src comp="68" pin="0"/><net_sink comp="256" pin=0"/></net>

<net id="261"><net_src comp="38" pin="0"/><net_sink comp="256" pin=1"/></net>

<net id="266"><net_src comp="68" pin="0"/><net_sink comp="262" pin=0"/></net>

<net id="267"><net_src comp="34" pin="0"/><net_sink comp="262" pin=1"/></net>

<net id="272"><net_src comp="78" pin="0"/><net_sink comp="268" pin=0"/></net>

<net id="273"><net_src comp="30" pin="0"/><net_sink comp="268" pin=1"/></net>

<net id="278"><net_src comp="78" pin="0"/><net_sink comp="274" pin=0"/></net>

<net id="279"><net_src comp="28" pin="0"/><net_sink comp="274" pin=1"/></net>

<net id="284"><net_src comp="78" pin="0"/><net_sink comp="280" pin=0"/></net>

<net id="285"><net_src comp="26" pin="0"/><net_sink comp="280" pin=1"/></net>

<net id="290"><net_src comp="78" pin="0"/><net_sink comp="286" pin=0"/></net>

<net id="291"><net_src comp="24" pin="0"/><net_sink comp="286" pin=1"/></net>

<net id="296"><net_src comp="78" pin="0"/><net_sink comp="292" pin=0"/></net>

<net id="297"><net_src comp="22" pin="0"/><net_sink comp="292" pin=1"/></net>

<net id="302"><net_src comp="78" pin="0"/><net_sink comp="298" pin=0"/></net>

<net id="303"><net_src comp="20" pin="0"/><net_sink comp="298" pin=1"/></net>

<net id="308"><net_src comp="78" pin="0"/><net_sink comp="304" pin=0"/></net>

<net id="309"><net_src comp="18" pin="0"/><net_sink comp="304" pin=1"/></net>

<net id="314"><net_src comp="78" pin="0"/><net_sink comp="310" pin=0"/></net>

<net id="315"><net_src comp="16" pin="0"/><net_sink comp="310" pin=1"/></net>

<net id="320"><net_src comp="78" pin="0"/><net_sink comp="316" pin=0"/></net>

<net id="321"><net_src comp="14" pin="0"/><net_sink comp="316" pin=1"/></net>

<net id="326"><net_src comp="78" pin="0"/><net_sink comp="322" pin=0"/></net>

<net id="327"><net_src comp="12" pin="0"/><net_sink comp="322" pin=1"/></net>

<net id="332"><net_src comp="78" pin="0"/><net_sink comp="328" pin=0"/></net>

<net id="333"><net_src comp="10" pin="0"/><net_sink comp="328" pin=1"/></net>

<net id="338"><net_src comp="78" pin="0"/><net_sink comp="334" pin=0"/></net>

<net id="339"><net_src comp="8" pin="0"/><net_sink comp="334" pin=1"/></net>

<net id="344"><net_src comp="78" pin="0"/><net_sink comp="340" pin=0"/></net>

<net id="345"><net_src comp="6" pin="0"/><net_sink comp="340" pin=1"/></net>

<net id="350"><net_src comp="78" pin="0"/><net_sink comp="346" pin=0"/></net>

<net id="351"><net_src comp="4" pin="0"/><net_sink comp="346" pin=1"/></net>

<net id="356"><net_src comp="78" pin="0"/><net_sink comp="352" pin=0"/></net>

<net id="357"><net_src comp="2" pin="0"/><net_sink comp="352" pin=1"/></net>

<net id="362"><net_src comp="78" pin="0"/><net_sink comp="358" pin=0"/></net>

<net id="363"><net_src comp="0" pin="0"/><net_sink comp="358" pin=1"/></net>

<net id="369"><net_src comp="60" pin="0"/><net_sink comp="364" pin=0"/></net>

<net id="370"><net_src comp="74" pin="0"/><net_sink comp="364" pin=1"/></net>

<net id="376"><net_src comp="56" pin="0"/><net_sink comp="371" pin=0"/></net>

<net id="377"><net_src comp="74" pin="0"/><net_sink comp="371" pin=1"/></net>

<net id="383"><net_src comp="52" pin="0"/><net_sink comp="378" pin=0"/></net>

<net id="384"><net_src comp="74" pin="0"/><net_sink comp="378" pin=1"/></net>

<net id="390"><net_src comp="48" pin="0"/><net_sink comp="385" pin=0"/></net>

<net id="391"><net_src comp="74" pin="0"/><net_sink comp="385" pin=1"/></net>

<net id="397"><net_src comp="44" pin="0"/><net_sink comp="392" pin=0"/></net>

<net id="398"><net_src comp="74" pin="0"/><net_sink comp="392" pin=1"/></net>

<net id="404"><net_src comp="40" pin="0"/><net_sink comp="399" pin=0"/></net>

<net id="405"><net_src comp="74" pin="0"/><net_sink comp="399" pin=1"/></net>

<net id="411"><net_src comp="36" pin="0"/><net_sink comp="406" pin=0"/></net>

<net id="412"><net_src comp="74" pin="0"/><net_sink comp="406" pin=1"/></net>

<net id="418"><net_src comp="32" pin="0"/><net_sink comp="413" pin=0"/></net>

<net id="419"><net_src comp="74" pin="0"/><net_sink comp="413" pin=1"/></net>

<net id="479"><net_src comp="72" pin="0"/><net_sink comp="460" pin=0"/></net>

<net id="480"><net_src comp="32" pin="0"/><net_sink comp="460" pin=1"/></net>

<net id="481"><net_src comp="262" pin="2"/><net_sink comp="460" pin=2"/></net>

<net id="482"><net_src comp="60" pin="0"/><net_sink comp="460" pin=3"/></net>

<net id="483"><net_src comp="220" pin="2"/><net_sink comp="460" pin=4"/></net>

<net id="484"><net_src comp="56" pin="0"/><net_sink comp="460" pin=5"/></net>

<net id="485"><net_src comp="226" pin="2"/><net_sink comp="460" pin=6"/></net>

<net id="486"><net_src comp="52" pin="0"/><net_sink comp="460" pin=7"/></net>

<net id="487"><net_src comp="232" pin="2"/><net_sink comp="460" pin=8"/></net>

<net id="488"><net_src comp="48" pin="0"/><net_sink comp="460" pin=9"/></net>

<net id="489"><net_src comp="238" pin="2"/><net_sink comp="460" pin=10"/></net>

<net id="490"><net_src comp="44" pin="0"/><net_sink comp="460" pin=11"/></net>

<net id="491"><net_src comp="244" pin="2"/><net_sink comp="460" pin=12"/></net>

<net id="492"><net_src comp="40" pin="0"/><net_sink comp="460" pin=13"/></net>

<net id="493"><net_src comp="250" pin="2"/><net_sink comp="460" pin=14"/></net>

<net id="494"><net_src comp="36" pin="0"/><net_sink comp="460" pin=15"/></net>

<net id="495"><net_src comp="256" pin="2"/><net_sink comp="460" pin=16"/></net>

<net id="515"><net_src comp="116" pin="0"/><net_sink comp="496" pin=0"/></net>

<net id="516"><net_src comp="420" pin="3"/><net_sink comp="496" pin=5"/></net>

<net id="517"><net_src comp="425" pin="3"/><net_sink comp="496" pin=6"/></net>

<net id="518"><net_src comp="430" pin="3"/><net_sink comp="496" pin=7"/></net>

<net id="519"><net_src comp="435" pin="3"/><net_sink comp="496" pin=8"/></net>

<net id="520"><net_src comp="440" pin="3"/><net_sink comp="496" pin=9"/></net>

<net id="521"><net_src comp="445" pin="3"/><net_sink comp="496" pin=10"/></net>

<net id="522"><net_src comp="450" pin="3"/><net_sink comp="496" pin=11"/></net>

<net id="523"><net_src comp="64" pin="0"/><net_sink comp="496" pin=16"/></net>

<net id="543"><net_src comp="158" pin="0"/><net_sink comp="524" pin=0"/></net>

<net id="544"><net_src comp="425" pin="3"/><net_sink comp="524" pin=5"/></net>

<net id="545"><net_src comp="430" pin="3"/><net_sink comp="524" pin=6"/></net>

<net id="546"><net_src comp="435" pin="3"/><net_sink comp="524" pin=7"/></net>

<net id="547"><net_src comp="440" pin="3"/><net_sink comp="524" pin=8"/></net>

<net id="548"><net_src comp="445" pin="3"/><net_sink comp="524" pin=9"/></net>

<net id="549"><net_src comp="450" pin="3"/><net_sink comp="524" pin=10"/></net>

<net id="550"><net_src comp="64" pin="0"/><net_sink comp="524" pin=16"/></net>

<net id="554"><net_src comp="551" pin="1"/><net_sink comp="524" pin=2"/></net>

<net id="561"><net_src comp="425" pin="3"/><net_sink comp="558" pin=0"/></net>

<net id="562"><net_src comp="558" pin="1"/><net_sink comp="496" pin=6"/></net>

<net id="563"><net_src comp="558" pin="1"/><net_sink comp="524" pin=5"/></net>

<net id="567"><net_src comp="430" pin="3"/><net_sink comp="564" pin=0"/></net>

<net id="568"><net_src comp="564" pin="1"/><net_sink comp="496" pin=7"/></net>

<net id="569"><net_src comp="564" pin="1"/><net_sink comp="524" pin=6"/></net>

<net id="573"><net_src comp="435" pin="3"/><net_sink comp="570" pin=0"/></net>

<net id="574"><net_src comp="570" pin="1"/><net_sink comp="496" pin=8"/></net>

<net id="575"><net_src comp="570" pin="1"/><net_sink comp="524" pin=7"/></net>

<net id="579"><net_src comp="440" pin="3"/><net_sink comp="576" pin=0"/></net>

<net id="580"><net_src comp="576" pin="1"/><net_sink comp="496" pin=9"/></net>

<net id="581"><net_src comp="576" pin="1"/><net_sink comp="524" pin=8"/></net>

<net id="585"><net_src comp="445" pin="3"/><net_sink comp="582" pin=0"/></net>

<net id="586"><net_src comp="582" pin="1"/><net_sink comp="496" pin=10"/></net>

<net id="587"><net_src comp="582" pin="1"/><net_sink comp="524" pin=9"/></net>

<net id="591"><net_src comp="450" pin="3"/><net_sink comp="588" pin=0"/></net>

<net id="592"><net_src comp="588" pin="1"/><net_sink comp="496" pin=11"/></net>

<net id="593"><net_src comp="588" pin="1"/><net_sink comp="524" pin=10"/></net>

<net id="598"><net_src comp="74" pin="0"/><net_sink comp="594" pin=0"/></net>

<net id="603"><net_src comp="74" pin="0"/><net_sink comp="599" pin=0"/></net>

<net id="608"><net_src comp="76" pin="0"/><net_sink comp="604" pin=0"/></net>

<net id="612"><net_src comp="609" pin="1"/><net_sink comp="364" pin=2"/></net>

<net id="616"><net_src comp="613" pin="1"/><net_sink comp="371" pin=2"/></net>

<net id="620"><net_src comp="617" pin="1"/><net_sink comp="378" pin=2"/></net>

<net id="624"><net_src comp="621" pin="1"/><net_sink comp="385" pin=2"/></net>

<net id="628"><net_src comp="625" pin="1"/><net_sink comp="392" pin=2"/></net>

<net id="632"><net_src comp="629" pin="1"/><net_sink comp="399" pin=2"/></net>

<net id="636"><net_src comp="633" pin="1"/><net_sink comp="406" pin=2"/></net>

<net id="640"><net_src comp="637" pin="1"/><net_sink comp="413" pin=2"/></net>

<net id="654"><net_src comp="641" pin="1"/><net_sink comp="650" pin=0"/></net>

<net id="655"><net_src comp="88" pin="0"/><net_sink comp="650" pin=1"/></net>

<net id="660"><net_src comp="641" pin="1"/><net_sink comp="656" pin=0"/></net>

<net id="661"><net_src comp="90" pin="0"/><net_sink comp="656" pin=1"/></net>

<net id="665"><net_src comp="641" pin="1"/><net_sink comp="662" pin=0"/></net>

<net id="687"><net_src comp="92" pin="0"/><net_sink comp="666" pin=0"/></net>

<net id="688"><net_src comp="94" pin="0"/><net_sink comp="666" pin=1"/></net>

<net id="689"><net_src comp="96" pin="0"/><net_sink comp="666" pin=3"/></net>

<net id="690"><net_src comp="98" pin="0"/><net_sink comp="666" pin=5"/></net>

<net id="691"><net_src comp="100" pin="0"/><net_sink comp="666" pin=7"/></net>

<net id="692"><net_src comp="102" pin="0"/><net_sink comp="666" pin=9"/></net>

<net id="693"><net_src comp="104" pin="0"/><net_sink comp="666" pin=11"/></net>

<net id="694"><net_src comp="106" pin="0"/><net_sink comp="666" pin=13"/></net>

<net id="695"><net_src comp="108" pin="0"/><net_sink comp="666" pin=15"/></net>

<net id="696"><net_src comp="110" pin="0"/><net_sink comp="666" pin=17"/></net>

<net id="697"><net_src comp="662" pin="1"/><net_sink comp="666" pin=18"/></net>

<net id="702"><net_src comp="88" pin="0"/><net_sink comp="698" pin=0"/></net>

<net id="707"><net_src comp="90" pin="0"/><net_sink comp="703" pin=0"/></net>

<net id="712"><net_src comp="647" pin="1"/><net_sink comp="708" pin=0"/></net>

<net id="717"><net_src comp="644" pin="1"/><net_sink comp="713" pin=0"/></net>

<net id="722"><net_src comp="112" pin="0"/><net_sink comp="718" pin=0"/></net>

<net id="730"><net_src comp="723" pin="1"/><net_sink comp="726" pin=0"/></net>

<net id="731"><net_src comp="114" pin="0"/><net_sink comp="726" pin=1"/></net>

<net id="732"><net_src comp="726" pin="2"/><net_sink comp="496" pin=4"/></net>

<net id="746"><net_src comp="733" pin="1"/><net_sink comp="742" pin=1"/></net>

<net id="747"><net_src comp="742" pin="2"/><net_sink comp="450" pin=1"/></net>

<net id="748"><net_src comp="742" pin="2"/><net_sink comp="445" pin=1"/></net>

<net id="749"><net_src comp="742" pin="2"/><net_sink comp="440" pin=1"/></net>

<net id="750"><net_src comp="742" pin="2"/><net_sink comp="435" pin=1"/></net>

<net id="751"><net_src comp="742" pin="2"/><net_sink comp="430" pin=1"/></net>

<net id="752"><net_src comp="742" pin="2"/><net_sink comp="425" pin=1"/></net>

<net id="753"><net_src comp="742" pin="2"/><net_sink comp="420" pin=1"/></net>

<net id="754"><net_src comp="742" pin="2"/><net_sink comp="455" pin=1"/></net>

<net id="759"><net_src comp="733" pin="1"/><net_sink comp="755" pin=0"/></net>

<net id="760"><net_src comp="742" pin="2"/><net_sink comp="755" pin=1"/></net>

<net id="765"><net_src comp="733" pin="1"/><net_sink comp="761" pin=1"/></net>

<net id="770"><net_src comp="761" pin="2"/><net_sink comp="766" pin=0"/></net>

<net id="771"><net_src comp="755" pin="2"/><net_sink comp="766" pin=1"/></net>

<net id="776"><net_src comp="766" pin="2"/><net_sink comp="772" pin=0"/></net>

<net id="777"><net_src comp="742" pin="2"/><net_sink comp="772" pin=1"/></net>

<net id="783"><net_src comp="126" pin="0"/><net_sink comp="778" pin=0"/></net>

<net id="784"><net_src comp="772" pin="2"/><net_sink comp="778" pin=1"/></net>

<net id="785"><net_src comp="128" pin="0"/><net_sink comp="778" pin=2"/></net>

<net id="789"><net_src comp="778" pin="3"/><net_sink comp="786" pin=0"/></net>

<net id="794"><net_src comp="736" pin="1"/><net_sink comp="790" pin=0"/></net>

<net id="795"><net_src comp="786" pin="1"/><net_sink comp="790" pin=1"/></net>

<net id="801"><net_src comp="130" pin="0"/><net_sink comp="796" pin=0"/></net>

<net id="802"><net_src comp="790" pin="2"/><net_sink comp="796" pin=1"/></net>

<net id="803"><net_src comp="132" pin="0"/><net_sink comp="796" pin=2"/></net>

<net id="808"><net_src comp="796" pin="3"/><net_sink comp="804" pin=0"/></net>

<net id="809"><net_src comp="134" pin="0"/><net_sink comp="804" pin=1"/></net>

<net id="813"><net_src comp="790" pin="2"/><net_sink comp="810" pin=0"/></net>

<net id="819"><net_src comp="136" pin="0"/><net_sink comp="814" pin=0"/></net>

<net id="820"><net_src comp="804" pin="2"/><net_sink comp="814" pin=1"/></net>

<net id="821"><net_src comp="810" pin="1"/><net_sink comp="814" pin=2"/></net>

<net id="826"><net_src comp="736" pin="1"/><net_sink comp="822" pin=0"/></net>

<net id="827"><net_src comp="814" pin="3"/><net_sink comp="822" pin=1"/></net>

<net id="833"><net_src comp="126" pin="0"/><net_sink comp="828" pin=0"/></net>

<net id="834"><net_src comp="822" pin="2"/><net_sink comp="828" pin=1"/></net>

<net id="835"><net_src comp="128" pin="0"/><net_sink comp="828" pin=2"/></net>

<net id="839"><net_src comp="828" pin="3"/><net_sink comp="836" pin=0"/></net>

<net id="844"><net_src comp="739" pin="1"/><net_sink comp="840" pin=0"/></net>

<net id="845"><net_src comp="836" pin="1"/><net_sink comp="840" pin=1"/></net>

<net id="865"><net_src comp="858" pin="1"/><net_sink comp="861" pin=0"/></net>

<net id="866"><net_src comp="138" pin="0"/><net_sink comp="861" pin=1"/></net>

<net id="886"><net_src comp="140" pin="0"/><net_sink comp="867" pin=0"/></net>

<net id="887"><net_src comp="88" pin="0"/><net_sink comp="867" pin=1"/></net>

<net id="888"><net_src comp="142" pin="0"/><net_sink comp="867" pin=3"/></net>

<net id="889"><net_src comp="144" pin="0"/><net_sink comp="867" pin=5"/></net>

<net id="890"><net_src comp="146" pin="0"/><net_sink comp="867" pin=7"/></net>

<net id="891"><net_src comp="148" pin="0"/><net_sink comp="867" pin=9"/></net>

<net id="892"><net_src comp="150" pin="0"/><net_sink comp="867" pin=11"/></net>

<net id="893"><net_src comp="114" pin="0"/><net_sink comp="867" pin=13"/></net>

<net id="894"><net_src comp="110" pin="0"/><net_sink comp="867" pin=15"/></net>

<net id="895"><net_src comp="858" pin="1"/><net_sink comp="867" pin=16"/></net>

<net id="900"><net_src comp="551" pin="1"/><net_sink comp="896" pin=0"/></net>

<net id="901"><net_src comp="896" pin="2"/><net_sink comp="455" pin=1"/></net>

<net id="908"><net_src comp="905" pin="1"/><net_sink comp="524" pin=3"/></net>

<net id="912"><net_src comp="555" pin="1"/><net_sink comp="909" pin=0"/></net>

<net id="913"><net_src comp="909" pin="1"/><net_sink comp="524" pin=1"/></net>

<net id="917"><net_src comp="914" pin="1"/><net_sink comp="524" pin=12"/></net>

<net id="922"><net_src comp="902" pin="1"/><net_sink comp="918" pin=0"/></net>

<net id="923"><net_src comp="152" pin="0"/><net_sink comp="918" pin=1"/></net>

<net id="928"><net_src comp="902" pin="1"/><net_sink comp="924" pin=0"/></net>

<net id="929"><net_src comp="154" pin="0"/><net_sink comp="924" pin=1"/></net>

<net id="935"><net_src comp="918" pin="2"/><net_sink comp="930" pin=0"/></net>

<net id="936"><net_src comp="924" pin="2"/><net_sink comp="930" pin=1"/></net>

<net id="937"><net_src comp="152" pin="0"/><net_sink comp="930" pin=2"/></net>

<net id="942"><net_src comp="156" pin="0"/><net_sink comp="938" pin=0"/></net>

<net id="943"><net_src comp="930" pin="3"/><net_sink comp="938" pin=1"/></net>

<net id="944"><net_src comp="938" pin="2"/><net_sink comp="524" pin=4"/></net>

<net id="958"><net_src comp="945" pin="1"/><net_sink comp="954" pin=1"/></net>

<net id="959"><net_src comp="954" pin="2"/><net_sink comp="445" pin=1"/></net>

<net id="960"><net_src comp="954" pin="2"/><net_sink comp="440" pin=1"/></net>

<net id="961"><net_src comp="954" pin="2"/><net_sink comp="435" pin=1"/></net>

<net id="962"><net_src comp="954" pin="2"/><net_sink comp="430" pin=1"/></net>

<net id="963"><net_src comp="954" pin="2"/><net_sink comp="425" pin=1"/></net>

<net id="964"><net_src comp="954" pin="2"/><net_sink comp="420" pin=1"/></net>

<net id="965"><net_src comp="954" pin="2"/><net_sink comp="450" pin=1"/></net>

<net id="970"><net_src comp="945" pin="1"/><net_sink comp="966" pin=0"/></net>

<net id="971"><net_src comp="954" pin="2"/><net_sink comp="966" pin=1"/></net>

<net id="976"><net_src comp="945" pin="1"/><net_sink comp="972" pin=1"/></net>

<net id="981"><net_src comp="972" pin="2"/><net_sink comp="977" pin=0"/></net>

<net id="982"><net_src comp="966" pin="2"/><net_sink comp="977" pin=1"/></net>

<net id="987"><net_src comp="977" pin="2"/><net_sink comp="983" pin=0"/></net>

<net id="988"><net_src comp="954" pin="2"/><net_sink comp="983" pin=1"/></net>

<net id="994"><net_src comp="126" pin="0"/><net_sink comp="989" pin=0"/></net>

<net id="995"><net_src comp="983" pin="2"/><net_sink comp="989" pin=1"/></net>

<net id="996"><net_src comp="128" pin="0"/><net_sink comp="989" pin=2"/></net>

<net id="1000"><net_src comp="989" pin="3"/><net_sink comp="997" pin=0"/></net>

<net id="1005"><net_src comp="948" pin="1"/><net_sink comp="1001" pin=0"/></net>

<net id="1006"><net_src comp="997" pin="1"/><net_sink comp="1001" pin=1"/></net>

<net id="1012"><net_src comp="130" pin="0"/><net_sink comp="1007" pin=0"/></net>

<net id="1013"><net_src comp="1001" pin="2"/><net_sink comp="1007" pin=1"/></net>

<net id="1014"><net_src comp="132" pin="0"/><net_sink comp="1007" pin=2"/></net>

<net id="1019"><net_src comp="1007" pin="3"/><net_sink comp="1015" pin=0"/></net>

<net id="1020"><net_src comp="134" pin="0"/><net_sink comp="1015" pin=1"/></net>

<net id="1024"><net_src comp="1001" pin="2"/><net_sink comp="1021" pin=0"/></net>

<net id="1030"><net_src comp="136" pin="0"/><net_sink comp="1025" pin=0"/></net>

<net id="1031"><net_src comp="1015" pin="2"/><net_sink comp="1025" pin=1"/></net>

<net id="1032"><net_src comp="1021" pin="1"/><net_sink comp="1025" pin=2"/></net>

<net id="1037"><net_src comp="948" pin="1"/><net_sink comp="1033" pin=0"/></net>

<net id="1038"><net_src comp="1025" pin="3"/><net_sink comp="1033" pin=1"/></net>

<net id="1044"><net_src comp="126" pin="0"/><net_sink comp="1039" pin=0"/></net>

<net id="1045"><net_src comp="1033" pin="2"/><net_sink comp="1039" pin=1"/></net>

<net id="1046"><net_src comp="128" pin="0"/><net_sink comp="1039" pin=2"/></net>

<net id="1050"><net_src comp="1039" pin="3"/><net_sink comp="1047" pin=0"/></net>

<net id="1055"><net_src comp="951" pin="1"/><net_sink comp="1051" pin=0"/></net>

<net id="1056"><net_src comp="1047" pin="1"/><net_sink comp="1051" pin=1"/></net>

<net id="1061"><net_src comp="90" pin="0"/><net_sink comp="1057" pin=1"/></net>

<net id="1066"><net_src comp="555" pin="1"/><net_sink comp="1062" pin=0"/></net>

<net id="1067"><net_src comp="90" pin="0"/><net_sink comp="1062" pin=1"/></net>

<net id="1072"><net_src comp="1057" pin="2"/><net_sink comp="1068" pin=0"/></net>

<net id="1077"><net_src comp="1062" pin="2"/><net_sink comp="1073" pin=0"/></net>

<net id="1082"><net_src comp="1001" pin="2"/><net_sink comp="1078" pin=0"/></net>

<net id="1087"><net_src comp="1051" pin="2"/><net_sink comp="1083" pin=0"/></net>

<net id="1095"><net_src comp="164" pin="1"/><net_sink comp="1092" pin=0"/></net>

<net id="1096"><net_src comp="1092" pin="1"/><net_sink comp="604" pin=1"/></net>

<net id="1097"><net_src comp="1092" pin="1"/><net_sink comp="641" pin=0"/></net>

<net id="1098"><net_src comp="1092" pin="1"/><net_sink comp="854" pin=1"/></net>

<net id="1102"><net_src comp="168" pin="1"/><net_sink comp="1099" pin=0"/></net>

<net id="1103"><net_src comp="1099" pin="1"/><net_sink comp="599" pin=1"/></net>

<net id="1104"><net_src comp="1099" pin="1"/><net_sink comp="644" pin=0"/></net>

<net id="1105"><net_src comp="1099" pin="1"/><net_sink comp="850" pin=1"/></net>

<net id="1109"><net_src comp="172" pin="1"/><net_sink comp="1106" pin=0"/></net>

<net id="1110"><net_src comp="1106" pin="1"/><net_sink comp="594" pin=1"/></net>

<net id="1111"><net_src comp="1106" pin="1"/><net_sink comp="647" pin=0"/></net>

<net id="1112"><net_src comp="1106" pin="1"/><net_sink comp="846" pin=1"/></net>

<net id="1116"><net_src comp="220" pin="2"/><net_sink comp="1113" pin=0"/></net>

<net id="1117"><net_src comp="1113" pin="1"/><net_sink comp="609" pin=0"/></net>

<net id="1118"><net_src comp="1113" pin="1"/><net_sink comp="460" pin=4"/></net>

<net id="1122"><net_src comp="226" pin="2"/><net_sink comp="1119" pin=0"/></net>

<net id="1123"><net_src comp="1119" pin="1"/><net_sink comp="613" pin=0"/></net>

<net id="1124"><net_src comp="1119" pin="1"/><net_sink comp="460" pin=6"/></net>

<net id="1128"><net_src comp="232" pin="2"/><net_sink comp="1125" pin=0"/></net>

<net id="1129"><net_src comp="1125" pin="1"/><net_sink comp="617" pin=0"/></net>

<net id="1130"><net_src comp="1125" pin="1"/><net_sink comp="460" pin=8"/></net>

<net id="1134"><net_src comp="238" pin="2"/><net_sink comp="1131" pin=0"/></net>

<net id="1135"><net_src comp="1131" pin="1"/><net_sink comp="621" pin=0"/></net>

<net id="1136"><net_src comp="1131" pin="1"/><net_sink comp="460" pin=10"/></net>

<net id="1140"><net_src comp="244" pin="2"/><net_sink comp="1137" pin=0"/></net>

<net id="1141"><net_src comp="1137" pin="1"/><net_sink comp="625" pin=0"/></net>

<net id="1142"><net_src comp="1137" pin="1"/><net_sink comp="460" pin=12"/></net>

<net id="1146"><net_src comp="250" pin="2"/><net_sink comp="1143" pin=0"/></net>

<net id="1147"><net_src comp="1143" pin="1"/><net_sink comp="629" pin=0"/></net>

<net id="1148"><net_src comp="1143" pin="1"/><net_sink comp="460" pin=14"/></net>

<net id="1152"><net_src comp="256" pin="2"/><net_sink comp="1149" pin=0"/></net>

<net id="1153"><net_src comp="1149" pin="1"/><net_sink comp="633" pin=0"/></net>

<net id="1154"><net_src comp="1149" pin="1"/><net_sink comp="460" pin=16"/></net>

<net id="1158"><net_src comp="262" pin="2"/><net_sink comp="1155" pin=0"/></net>

<net id="1159"><net_src comp="1155" pin="1"/><net_sink comp="637" pin=0"/></net>

<net id="1160"><net_src comp="1155" pin="1"/><net_sink comp="460" pin=2"/></net>

<net id="1164"><net_src comp="176" pin="1"/><net_sink comp="1161" pin=0"/></net>

<net id="1165"><net_src comp="1161" pin="1"/><net_sink comp="524" pin=15"/></net>

<net id="1166"><net_src comp="1161" pin="1"/><net_sink comp="951" pin=0"/></net>

<net id="1170"><net_src comp="180" pin="1"/><net_sink comp="1167" pin=0"/></net>

<net id="1171"><net_src comp="1167" pin="1"/><net_sink comp="524" pin=14"/></net>

<net id="1172"><net_src comp="1167" pin="1"/><net_sink comp="948" pin=0"/></net>

<net id="1176"><net_src comp="184" pin="1"/><net_sink comp="1173" pin=0"/></net>

<net id="1177"><net_src comp="1173" pin="1"/><net_sink comp="524" pin=13"/></net>

<net id="1178"><net_src comp="1173" pin="1"/><net_sink comp="945" pin=0"/></net>

<net id="1182"><net_src comp="188" pin="1"/><net_sink comp="1179" pin=0"/></net>

<net id="1183"><net_src comp="1179" pin="1"/><net_sink comp="496" pin=15"/></net>

<net id="1184"><net_src comp="1179" pin="1"/><net_sink comp="739" pin=0"/></net>

<net id="1188"><net_src comp="192" pin="1"/><net_sink comp="1185" pin=0"/></net>

<net id="1189"><net_src comp="1185" pin="1"/><net_sink comp="496" pin=14"/></net>

<net id="1190"><net_src comp="1185" pin="1"/><net_sink comp="736" pin=0"/></net>

<net id="1194"><net_src comp="196" pin="1"/><net_sink comp="1191" pin=0"/></net>

<net id="1195"><net_src comp="1191" pin="1"/><net_sink comp="496" pin=13"/></net>

<net id="1196"><net_src comp="1191" pin="1"/><net_sink comp="733" pin=0"/></net>

<net id="1200"><net_src comp="268" pin="2"/><net_sink comp="1197" pin=0"/></net>

<net id="1201"><net_src comp="1197" pin="1"/><net_sink comp="896" pin=1"/></net>

<net id="1205"><net_src comp="274" pin="2"/><net_sink comp="1202" pin=0"/></net>

<net id="1206"><net_src comp="1202" pin="1"/><net_sink comp="867" pin=14"/></net>

<net id="1210"><net_src comp="280" pin="2"/><net_sink comp="1207" pin=0"/></net>

<net id="1211"><net_src comp="1207" pin="1"/><net_sink comp="867" pin=12"/></net>

<net id="1215"><net_src comp="286" pin="2"/><net_sink comp="1212" pin=0"/></net>

<net id="1216"><net_src comp="1212" pin="1"/><net_sink comp="867" pin=10"/></net>

<net id="1220"><net_src comp="292" pin="2"/><net_sink comp="1217" pin=0"/></net>

<net id="1221"><net_src comp="1217" pin="1"/><net_sink comp="867" pin=8"/></net>

<net id="1225"><net_src comp="298" pin="2"/><net_sink comp="1222" pin=0"/></net>

<net id="1226"><net_src comp="1222" pin="1"/><net_sink comp="867" pin=6"/></net>

<net id="1230"><net_src comp="304" pin="2"/><net_sink comp="1227" pin=0"/></net>

<net id="1231"><net_src comp="1227" pin="1"/><net_sink comp="867" pin=4"/></net>

<net id="1235"><net_src comp="310" pin="2"/><net_sink comp="1232" pin=0"/></net>

<net id="1236"><net_src comp="1232" pin="1"/><net_sink comp="867" pin=2"/></net>

<net id="1240"><net_src comp="316" pin="2"/><net_sink comp="1237" pin=0"/></net>

<net id="1241"><net_src comp="1237" pin="1"/><net_sink comp="666" pin=16"/></net>

<net id="1245"><net_src comp="322" pin="2"/><net_sink comp="1242" pin=0"/></net>

<net id="1246"><net_src comp="1242" pin="1"/><net_sink comp="666" pin=14"/></net>

<net id="1250"><net_src comp="328" pin="2"/><net_sink comp="1247" pin=0"/></net>

<net id="1251"><net_src comp="1247" pin="1"/><net_sink comp="666" pin=12"/></net>

<net id="1255"><net_src comp="334" pin="2"/><net_sink comp="1252" pin=0"/></net>

<net id="1256"><net_src comp="1252" pin="1"/><net_sink comp="666" pin=10"/></net>

<net id="1260"><net_src comp="340" pin="2"/><net_sink comp="1257" pin=0"/></net>

<net id="1261"><net_src comp="1257" pin="1"/><net_sink comp="666" pin=8"/></net>

<net id="1265"><net_src comp="346" pin="2"/><net_sink comp="1262" pin=0"/></net>

<net id="1266"><net_src comp="1262" pin="1"/><net_sink comp="666" pin=6"/></net>

<net id="1270"><net_src comp="352" pin="2"/><net_sink comp="1267" pin=0"/></net>

<net id="1271"><net_src comp="1267" pin="1"/><net_sink comp="666" pin=4"/></net>

<net id="1275"><net_src comp="358" pin="2"/><net_sink comp="1272" pin=0"/></net>

<net id="1276"><net_src comp="1272" pin="1"/><net_sink comp="666" pin=2"/></net>

<net id="1280"><net_src comp="364" pin="3"/><net_sink comp="1277" pin=0"/></net>

<net id="1281"><net_src comp="1277" pin="1"/><net_sink comp="455" pin=0"/></net>

<net id="1285"><net_src comp="371" pin="3"/><net_sink comp="1282" pin=0"/></net>

<net id="1286"><net_src comp="1282" pin="1"/><net_sink comp="450" pin=0"/></net>

<net id="1290"><net_src comp="378" pin="3"/><net_sink comp="1287" pin=0"/></net>

<net id="1291"><net_src comp="1287" pin="1"/><net_sink comp="445" pin=0"/></net>

<net id="1295"><net_src comp="385" pin="3"/><net_sink comp="1292" pin=0"/></net>

<net id="1296"><net_src comp="1292" pin="1"/><net_sink comp="440" pin=0"/></net>

<net id="1300"><net_src comp="392" pin="3"/><net_sink comp="1297" pin=0"/></net>

<net id="1301"><net_src comp="1297" pin="1"/><net_sink comp="435" pin=0"/></net>

<net id="1305"><net_src comp="399" pin="3"/><net_sink comp="1302" pin=0"/></net>

<net id="1306"><net_src comp="1302" pin="1"/><net_sink comp="430" pin=0"/></net>

<net id="1310"><net_src comp="406" pin="3"/><net_sink comp="1307" pin=0"/></net>

<net id="1311"><net_src comp="1307" pin="1"/><net_sink comp="425" pin=0"/></net>

<net id="1315"><net_src comp="413" pin="3"/><net_sink comp="1312" pin=0"/></net>

<net id="1316"><net_src comp="1312" pin="1"/><net_sink comp="420" pin=0"/></net>

<net id="1329"><net_src comp="656" pin="2"/><net_sink comp="1326" pin=0"/></net>

<net id="1330"><net_src comp="1326" pin="1"/><net_sink comp="854" pin=0"/></net>

<net id="1334"><net_src comp="662" pin="1"/><net_sink comp="1331" pin=0"/></net>

<net id="1335"><net_src comp="1331" pin="1"/><net_sink comp="723" pin=0"/></net>

<net id="1336"><net_src comp="1331" pin="1"/><net_sink comp="496" pin=3"/></net>

<net id="1337"><net_src comp="1331" pin="1"/><net_sink comp="496" pin=12"/></net>

<net id="1341"><net_src comp="666" pin="19"/><net_sink comp="1338" pin=0"/></net>

<net id="1342"><net_src comp="1338" pin="1"/><net_sink comp="742" pin=0"/></net>

<net id="1343"><net_src comp="1338" pin="1"/><net_sink comp="761" pin=0"/></net>

<net id="1347"><net_src comp="200" pin="1"/><net_sink comp="1344" pin=0"/></net>

<net id="1348"><net_src comp="1344" pin="1"/><net_sink comp="718" pin=1"/></net>

<net id="1349"><net_src comp="1344" pin="1"/><net_sink comp="902" pin=0"/></net>

<net id="1350"><net_src comp="1344" pin="1"/><net_sink comp="1088" pin=1"/></net>

<net id="1354"><net_src comp="204" pin="1"/><net_sink comp="1351" pin=0"/></net>

<net id="1355"><net_src comp="1351" pin="1"/><net_sink comp="713" pin=1"/></net>

<net id="1356"><net_src comp="1351" pin="1"/><net_sink comp="905" pin=0"/></net>

<net id="1357"><net_src comp="1351" pin="1"/><net_sink comp="1083" pin=1"/></net>

<net id="1361"><net_src comp="208" pin="1"/><net_sink comp="1358" pin=0"/></net>

<net id="1362"><net_src comp="1358" pin="1"/><net_sink comp="708" pin=1"/></net>

<net id="1363"><net_src comp="1358" pin="1"/><net_sink comp="551" pin=0"/></net>

<net id="1364"><net_src comp="1358" pin="1"/><net_sink comp="1078" pin=1"/></net>

<net id="1368"><net_src comp="212" pin="1"/><net_sink comp="1365" pin=0"/></net>

<net id="1369"><net_src comp="1365" pin="1"/><net_sink comp="703" pin=1"/></net>

<net id="1370"><net_src comp="1365" pin="1"/><net_sink comp="555" pin=0"/></net>

<net id="1371"><net_src comp="1365" pin="1"/><net_sink comp="1073" pin=1"/></net>

<net id="1375"><net_src comp="216" pin="1"/><net_sink comp="1372" pin=0"/></net>

<net id="1376"><net_src comp="1372" pin="1"/><net_sink comp="698" pin=1"/></net>

<net id="1377"><net_src comp="1372" pin="1"/><net_sink comp="858" pin=0"/></net>

<net id="1378"><net_src comp="1372" pin="1"/><net_sink comp="1068" pin=1"/></net>

<net id="1382"><net_src comp="726" pin="2"/><net_sink comp="1379" pin=0"/></net>

<net id="1383"><net_src comp="1379" pin="1"/><net_sink comp="496" pin=4"/></net>

<net id="1387"><net_src comp="420" pin="3"/><net_sink comp="1384" pin=0"/></net>

<net id="1388"><net_src comp="1384" pin="1"/><net_sink comp="496" pin=5"/></net>

<net id="1392"><net_src comp="790" pin="2"/><net_sink comp="1389" pin=0"/></net>

<net id="1393"><net_src comp="1389" pin="1"/><net_sink comp="846" pin=0"/></net>

<net id="1397"><net_src comp="840" pin="2"/><net_sink comp="1394" pin=0"/></net>

<net id="1398"><net_src comp="1394" pin="1"/><net_sink comp="850" pin=0"/></net>

<net id="1402"><net_src comp="455" pin="3"/><net_sink comp="1399" pin=0"/></net>

<net id="1403"><net_src comp="1399" pin="1"/><net_sink comp="524" pin=11"/></net>

<net id="1407"><net_src comp="858" pin="1"/><net_sink comp="1404" pin=0"/></net>

<net id="1414"><net_src comp="867" pin="17"/><net_sink comp="1411" pin=0"/></net>

<net id="1415"><net_src comp="1411" pin="1"/><net_sink comp="954" pin=0"/></net>

<net id="1416"><net_src comp="1411" pin="1"/><net_sink comp="972" pin=0"/></net>

<net id="1423"><net_src comp="551" pin="1"/><net_sink comp="1420" pin=0"/></net>

<net id="1424"><net_src comp="1420" pin="1"/><net_sink comp="524" pin=2"/></net>

<net id="1428"><net_src comp="909" pin="1"/><net_sink comp="1425" pin=0"/></net>

<net id="1429"><net_src comp="1425" pin="1"/><net_sink comp="524" pin=1"/></net>

<net id="1433"><net_src comp="914" pin="1"/><net_sink comp="1430" pin=0"/></net>

<net id="1434"><net_src comp="1430" pin="1"/><net_sink comp="524" pin=12"/></net>

<net id="1438"><net_src comp="930" pin="3"/><net_sink comp="1435" pin=0"/></net>

<net id="1439"><net_src comp="1435" pin="1"/><net_sink comp="1088" pin=0"/></net>

<net id="1443"><net_src comp="938" pin="2"/><net_sink comp="1440" pin=0"/></net>

<net id="1444"><net_src comp="1440" pin="1"/><net_sink comp="524" pin=4"/></net>

</net_list>

</model> 
---------------- Datapath Model END ------------------

* FSMD analyzer results:
  - Output states:
	Port: mc_0 | {1 2 6 12 }
	Port: mc_1 | {1 2 6 12 }
	Port: mc_2 | {1 2 6 12 }
	Port: mc_3 | {1 2 6 12 }
	Port: mc_4 | {1 2 6 12 }
	Port: mc_5 | {1 2 6 12 }
	Port: mc_6 | {1 2 6 12 }
	Port: mc_7 | {1 2 6 9 }
	Port: p503p1_1 | {}
 - Input state : 
	Port: rdc_mont.8 : ma_0_val | {2 }
	Port: rdc_mont.8 : ma_1_val | {2 }
	Port: rdc_mont.8 : ma_2_val | {2 }
	Port: rdc_mont.8 : ma_3_val | {2 }
	Port: rdc_mont.8 : ma_4_val | {2 }
	Port: rdc_mont.8 : ma_5_val | {2 }
	Port: rdc_mont.8 : ma_6_val | {2 }
	Port: rdc_mont.8 : ma_7_val | {2 }
	Port: rdc_mont.8 : ma_8_val | {2 }
	Port: rdc_mont.8 : ma_9_val | {2 }
	Port: rdc_mont.8 : ma_10_val | {2 }
	Port: rdc_mont.8 : ma_11_val | {2 }
	Port: rdc_mont.8 : ma_12_val | {2 }
	Port: rdc_mont.8 : ma_13_val | {2 }
	Port: rdc_mont.8 : ma_14_val | {2 }
	Port: rdc_mont.8 : ma_15_val | {2 }
	Port: rdc_mont.8 : mc_0 | {3 4 }
	Port: rdc_mont.8 : mc_0_offset | {1 }
	Port: rdc_mont.8 : mc_1 | {3 4 9 10 }
	Port: rdc_mont.8 : mc_1_offset | {1 }
	Port: rdc_mont.8 : mc_2 | {3 4 9 10 }
	Port: rdc_mont.8 : mc_2_offset | {1 }
	Port: rdc_mont.8 : mc_3 | {3 4 9 10 }
	Port: rdc_mont.8 : mc_3_offset | {1 }
	Port: rdc_mont.8 : mc_4 | {3 4 9 10 }
	Port: rdc_mont.8 : mc_4_offset | {1 }
	Port: rdc_mont.8 : mc_5 | {3 4 9 10 }
	Port: rdc_mont.8 : mc_5_offset | {1 }
	Port: rdc_mont.8 : mc_6 | {3 4 9 10 }
	Port: rdc_mont.8 : mc_6_offset | {1 }
	Port: rdc_mont.8 : mc_7 | {3 8 }
	Port: rdc_mont.8 : mc_7_offset | {1 }
	Port: rdc_mont.8 : p503p1_1 | {4 5 10 11 }
  - Chain level:
	State 1
		store_ln303 : 1
		store_ln303 : 1
		store_ln302 : 1
	State 2
		mc_7_addr : 1
		mc_6_addr : 1
		mc_5_addr : 1
		mc_4_addr : 1
		mc_3_addr : 1
		mc_2_addr : 1
		mc_1_addr : 1
		mc_0_addr : 1
	State 3
		icmp_ln312 : 1
		add_ln312 : 1
		br_ln312 : 2
		trunc_ln312 : 1
		tmp : 2
		store_ln302 : 1
		store_ln0 : 1
		store_ln303 : 1
		store_ln303 : 1
		store_ln302 : 1
	State 4
		add_ln314 : 1
		call_ln312 : 2
	State 5
	State 6
		v_14 : 1
		xor_ln105 : 2
		xor_ln105_22 : 1
		or_ln105 : 2
		xor_ln105_23 : 2
		carry : 2
		zext_ln105 : 3
		tempReg : 4
		bit_sel1 : 5
		xor_ln105_31 : 6
		trunc_ln105 : 5
		xor_ln105_s : 6
		and_ln105 : 7
		carry_10 : 7
		zext_ln105_4 : 8
		t : 9
		store_ln327 : 2
		store_ln327 : 2
		store_ln327 : 2
		store_ln327 : 2
		store_ln327 : 2
		store_ln327 : 2
		store_ln327 : 2
		store_ln327 : 2
	State 7
	State 8
	State 9
		icmp_ln334 : 1
		br_ln334 : 2
		tmp_s : 1
		v : 1
		store_ln359 : 2
	State 10
		trunc_ln334 : 1
		icmp_ln336 : 1
		add_ln338 : 1
		count_2 : 2
		sub65 : 3
		call_ln334 : 4
	State 11
	State 12
		v_15 : 1
		xor_ln105_32 : 2
		xor_ln105_33 : 1
		or_ln105_6 : 2
		xor_ln105_34 : 2
		carry_11 : 2
		zext_ln105_5 : 3
		tempReg_8 : 4
		bit_sel7 : 5
		xor_ln105_35 : 6
		trunc_ln105_2 : 5
		xor_ln105_1 : 6
		and_ln105_2 : 7
		carry_12 : 7
		zext_ln105_6 : 8
		t_8 : 9
		store_ln353 : 2
		store_ln353 : 2
		store_ln353 : 2
		store_ln353 : 2
		store_ln353 : 2
		store_ln353 : 2
		store_ln353 : 2
		add_ln334_1 : 1
		store_ln302 : 1
		store_ln334 : 2
		store_ln303 : 5
		store_ln303 : 10


============================================================
+ Verbose Summary: Datapath Resource usage 
============================================================

* Functional unit list:
|----------|-------------------------------------------------|---------|---------|---------|---------|
| Operation|                 Functional Unit                 |   DSP   |  Delay  |    FF   |   LUT   |
|----------|-------------------------------------------------|---------|---------|---------|---------|
|          | grp_rdc_mont_8_Pipeline_VITIS_LOOP_306_1_fu_460 |    0    |    0    |    4    |    24   |
|   call   | grp_rdc_mont_8_Pipeline_VITIS_LOOP_314_3_fu_496 |    16   |  0.387  |   458   |   1428  |
|          | grp_rdc_mont_8_Pipeline_VITIS_LOOP_340_5_fu_524 |    16   |  0.387  |   459   |   1459  |
|          |            grp_digit_x_digit_fu_1445            |    16   |    0    |   130   |   476   |
|----------|-------------------------------------------------|---------|---------|---------|---------|
|          |                 add_ln312_fu_656                |    0    |    0    |    0    |    12   |
|          |                 add_ln314_fu_726                |    0    |    0    |    0    |    10   |
|          |                   v_14_fu_742                   |    0    |    0    |    0    |    71   |
|          |                  tempReg_fu_790                 |    0    |    0    |    0    |    71   |
|          |                     t_fu_840                    |    0    |    0    |    0    |    71   |
|    add   |                     v_fu_896                    |    0    |    0    |    0    |    71   |
|          |                 add_ln338_fu_924                |    0    |    0    |    0    |    39   |
|          |                   v_15_fu_954                   |    0    |    0    |    0    |    71   |
|          |                tempReg_8_fu_1001                |    0    |    0    |    0    |    71   |
|          |                   t_8_fu_1051                   |    0    |    0    |    0    |    71   |
|          |                add_ln334_fu_1057                |    0    |    0    |    0    |    12   |
|          |               add_ln334_1_fu_1062               |    0    |    0    |    0    |    12   |
|----------|-------------------------------------------------|---------|---------|---------|---------|
|          |                 xor_ln105_fu_755                |    0    |    0    |    0    |    64   |
|          |               xor_ln105_22_fu_761               |    0    |    0    |    0    |    64   |
|          |               xor_ln105_23_fu_772               |    0    |    0    |    0    |    64   |
|    xor   |               xor_ln105_31_fu_804               |    0    |    0    |    0    |    2    |
|          |               xor_ln105_32_fu_966               |    0    |    0    |    0    |    64   |
|          |               xor_ln105_33_fu_972               |    0    |    0    |    0    |    64   |
|          |               xor_ln105_34_fu_983               |    0    |    0    |    0    |    64   |
|          |               xor_ln105_35_fu_1015              |    0    |    0    |    0    |    2    |
|----------|-------------------------------------------------|---------|---------|---------|---------|
|    or    |                 or_ln105_fu_766                 |    0    |    0    |    0    |    64   |
|          |                or_ln105_6_fu_977                |    0    |    0    |    0    |    64   |
|----------|-------------------------------------------------|---------|---------|---------|---------|
|    and   |                 and_ln105_fu_822                |    0    |    0    |    0    |    64   |
|          |               and_ln105_2_fu_1033               |    0    |    0    |    0    |    64   |
|----------|-------------------------------------------------|---------|---------|---------|---------|
| sparsemux|                    tmp_fu_666                   |    0    |    0    |    0    |    43   |
|          |                   tmp_s_fu_867                  |    0    |    0    |    0    |    37   |
|----------|-------------------------------------------------|---------|---------|---------|---------|
|          |                icmp_ln312_fu_650                |    0    |    0    |    0    |    12   |
|   icmp   |                icmp_ln334_fu_861                |    0    |    0    |    0    |    12   |
|          |                icmp_ln336_fu_918                |    0    |    0    |    0    |    39   |
|----------|-------------------------------------------------|---------|---------|---------|---------|
|    sub   |                   sub65_fu_938                  |    0    |    0    |    0    |    39   |
|----------|-------------------------------------------------|---------|---------|---------|---------|
|  select  |                  count_2_fu_930                 |    0    |    0    |    0    |    32   |
|----------|-------------------------------------------------|---------|---------|---------|---------|
|          |           mc_7_offset_read_read_fu_220          |    0    |    0    |    0    |    0    |
|          |           mc_6_offset_read_read_fu_226          |    0    |    0    |    0    |    0    |
|          |           mc_5_offset_read_read_fu_232          |    0    |    0    |    0    |    0    |
|          |           mc_4_offset_read_read_fu_238          |    0    |    0    |    0    |    0    |
|          |           mc_3_offset_read_read_fu_244          |    0    |    0    |    0    |    0    |
|          |           mc_2_offset_read_read_fu_250          |    0    |    0    |    0    |    0    |
|          |           mc_1_offset_read_read_fu_256          |    0    |    0    |    0    |    0    |
|          |           mc_0_offset_read_read_fu_262          |    0    |    0    |    0    |    0    |
|          |            ma_15_val_read_read_fu_268           |    0    |    0    |    0    |    0    |
|          |            ma_14_val_read_read_fu_274           |    0    |    0    |    0    |    0    |
|          |            ma_13_val_read_read_fu_280           |    0    |    0    |    0    |    0    |
|   read   |            ma_12_val_read_read_fu_286           |    0    |    0    |    0    |    0    |
|          |            ma_11_val_read_read_fu_292           |    0    |    0    |    0    |    0    |
|          |            ma_10_val_read_read_fu_298           |    0    |    0    |    0    |    0    |
|          |            ma_9_val_read_read_fu_304            |    0    |    0    |    0    |    0    |
|          |            ma_8_val_read_read_fu_310            |    0    |    0    |    0    |    0    |
|          |            ma_7_val_read_read_fu_316            |    0    |    0    |    0    |    0    |
|          |            ma_6_val_read_read_fu_322            |    0    |    0    |    0    |    0    |
|          |            ma_5_val_read_read_fu_328            |    0    |    0    |    0    |    0    |
|          |            ma_4_val_read_read_fu_334            |    0    |    0    |    0    |    0    |
|          |            ma_3_val_read_read_fu_340            |    0    |    0    |    0    |    0    |
|          |            ma_2_val_read_read_fu_346            |    0    |    0    |    0    |    0    |
|          |            ma_1_val_read_read_fu_352            |    0    |    0    |    0    |    0    |
|          |            ma_0_val_read_read_fu_358            |    0    |    0    |    0    |    0    |
|----------|-------------------------------------------------|---------|---------|---------|---------|
|          |                zext_ln299_fu_609                |    0    |    0    |    0    |    0    |
|          |               zext_ln299_1_fu_613               |    0    |    0    |    0    |    0    |
|          |               zext_ln299_2_fu_617               |    0    |    0    |    0    |    0    |
|          |               zext_ln299_3_fu_621               |    0    |    0    |    0    |    0    |
|          |               zext_ln299_4_fu_625               |    0    |    0    |    0    |    0    |
|          |               zext_ln299_5_fu_629               |    0    |    0    |    0    |    0    |
|   zext   |               zext_ln299_6_fu_633               |    0    |    0    |    0    |    0    |
|          |               zext_ln299_7_fu_637               |    0    |    0    |    0    |    0    |
|          |                zext_ln314_fu_723                |    0    |    0    |    0    |    0    |
|          |                zext_ln105_fu_786                |    0    |    0    |    0    |    0    |
|          |               zext_ln105_4_fu_836               |    0    |    0    |    0    |    0    |
|          |               zext_ln105_5_fu_997               |    0    |    0    |    0    |    0    |
|          |               zext_ln105_6_fu_1047              |    0    |    0    |    0    |    0    |
|----------|-------------------------------------------------|---------|---------|---------|---------|
|          |                trunc_ln312_fu_662               |    0    |    0    |    0    |    0    |
|          |                trunc_ln105_fu_810               |    0    |    0    |    0    |    0    |
|   trunc  |                trunc_ln334_fu_909               |    0    |    0    |    0    |    0    |
|          |               trunc_ln334_2_fu_914              |    0    |    0    |    0    |    0    |
|          |              trunc_ln105_2_fu_1021              |    0    |    0    |    0    |    0    |
|----------|-------------------------------------------------|---------|---------|---------|---------|
|          |                   carry_fu_778                  |    0    |    0    |    0    |    0    |
|          |                 bit_sel1_fu_796                 |    0    |    0    |    0    |    0    |
| bitselect|                 carry_10_fu_828                 |    0    |    0    |    0    |    0    |
|          |                 carry_11_fu_989                 |    0    |    0    |    0    |    0    |
|          |                 bit_sel7_fu_1007                |    0    |    0    |    0    |    0    |
|          |                 carry_12_fu_1039                |    0    |    0    |    0    |    0    |
|----------|-------------------------------------------------|---------|---------|---------|---------|
|bitconcatenate|                xor_ln105_s_fu_814               |    0    |    0    |    0    |    0    |
|          |               xor_ln105_1_fu_1025               |    0    |    0    |    0    |    0    |
|----------|-------------------------------------------------|---------|---------|---------|---------|
|   Total  |                                                 |    48   |  0.774  |   1051  |   4827  |
|----------|-------------------------------------------------|---------|---------|---------|---------|

Memories:
N/A

* Register list:
+-------------------------+--------+
|                         |   FF   |
+-------------------------+--------+
|    add_ln312_reg_1326   |    4   |
|    add_ln314_reg_1379   |    4   |
|     count_2_reg_1435    |   32   |
|      count_reg_1344     |   32   |
|       i_3_reg_1092      |    4   |
|       i_4_reg_1372      |    4   |
|       i_8_reg_1404      |    4   |
|   indvars_iv_reg_1365   |    4   |
|  ma_0_val_read_reg_1272 |   64   |
| ma_10_val_read_reg_1222 |   64   |
| ma_11_val_read_reg_1217 |   64   |
| ma_12_val_read_reg_1212 |   64   |
| ma_13_val_read_reg_1207 |   64   |
| ma_14_val_read_reg_1202 |   64   |
| ma_15_val_read_reg_1197 |   64   |
|  ma_1_val_read_reg_1267 |   64   |
|  ma_2_val_read_reg_1262 |   64   |
|  ma_3_val_read_reg_1257 |   64   |
|  ma_4_val_read_reg_1252 |   64   |
|  ma_5_val_read_reg_1247 |   64   |
|  ma_6_val_read_reg_1242 |   64   |
|  ma_7_val_read_reg_1237 |   64   |
|  ma_8_val_read_reg_1232 |   64   |
|  ma_9_val_read_reg_1227 |   64   |
|    mc_0_addr_reg_1312   |    1   |
|    mc_0_load_reg_1384   |   64   |
|mc_0_offset_read_reg_1155|    1   |
|    mc_1_addr_reg_1307   |    1   |
|mc_1_offset_read_reg_1149|    1   |
|    mc_2_addr_reg_1302   |    1   |
|mc_2_offset_read_reg_1143|    1   |
|    mc_3_addr_reg_1297   |    1   |
|mc_3_offset_read_reg_1137|    1   |
|    mc_4_addr_reg_1292   |    1   |
|mc_4_offset_read_reg_1131|    1   |
|    mc_5_addr_reg_1287   |    1   |
|mc_5_offset_read_reg_1125|    1   |
|    mc_6_addr_reg_1282   |    1   |
|mc_6_offset_read_reg_1119|    1   |
|    mc_7_addr_reg_1277   |    1   |
|    mc_7_load_reg_1399   |   64   |
|mc_7_offset_read_reg_1113|    1   |
|         reg_558         |   64   |
|         reg_564         |   64   |
|         reg_570         |   64   |
|         reg_576         |   64   |
|         reg_582         |   64   |
|         reg_588         |   64   |
|      sub65_reg_1440     |   32   |
|     t_1_loc_reg_1179    |   64   |
|     t_6_loc_reg_1161    |   64   |
|        t_reg_1394       |   64   |
|     tempReg_reg_1389    |   64   |
|       tmp_reg_1338      |   64   |
|      tmp_s_reg_1411     |   64   |
|   trunc_ln312_reg_1331  |    3   |
|  trunc_ln334_2_reg_1430 |    3   |
|   trunc_ln334_reg_1425  |    3   |
|       u_1_reg_1099      |   64   |
|       u_3_reg_1351      |   64   |
|     u_8_loc_reg_1167    |   64   |
|      u_loc_reg_1185     |   64   |
|    v_19_loc_reg_1173    |   64   |
|       v_1_reg_1106      |   64   |
|   v_4_load_2_reg_1420   |   64   |
|       v_4_reg_1358      |   64   |
|      v_loc_reg_1191     |   64   |
+-------------------------+--------+
|          Total          |  2641  |
+-------------------------+--------+

* Multiplexer (MUX) list: 
|-------------------------------------------------|------|------|------|--------||---------||---------||---------|
|                       Comp                      |  Pin | Size |  BW  | S x BW ||  Delay  ||    FF   ||   LUT   |
|-------------------------------------------------|------|------|------|--------||---------||---------||---------|
|                grp_access_fu_420                |  p1  |   2  |  64  |   128  ||    0    ||    9    |
|                grp_access_fu_425                |  p1  |   2  |  64  |   128  ||    0    ||    9    |
|                grp_access_fu_430                |  p1  |   2  |  64  |   128  ||    0    ||    9    |
|                grp_access_fu_435                |  p1  |   2  |  64  |   128  ||    0    ||    9    |
|                grp_access_fu_440                |  p1  |   2  |  64  |   128  ||    0    ||    9    |
|                grp_access_fu_445                |  p1  |   2  |  64  |   128  ||    0    ||    9    |
|                grp_access_fu_450                |  p1  |   2  |  64  |   128  ||    0    ||    9    |
|                grp_access_fu_455                |  p1  |   2  |  64  |   128  ||    0    ||    9    |
| grp_rdc_mont_8_Pipeline_VITIS_LOOP_306_1_fu_460 |  p2  |   2  |   1  |    2   ||    0    ||    9    |
| grp_rdc_mont_8_Pipeline_VITIS_LOOP_306_1_fu_460 |  p4  |   2  |   1  |    2   ||    0    ||    9    |
| grp_rdc_mont_8_Pipeline_VITIS_LOOP_306_1_fu_460 |  p6  |   2  |   1  |    2   ||    0    ||    9    |
| grp_rdc_mont_8_Pipeline_VITIS_LOOP_306_1_fu_460 |  p8  |   2  |   1  |    2   ||    0    ||    9    |
| grp_rdc_mont_8_Pipeline_VITIS_LOOP_306_1_fu_460 |  p10 |   2  |   1  |    2   ||    0    ||    9    |
| grp_rdc_mont_8_Pipeline_VITIS_LOOP_306_1_fu_460 |  p12 |   2  |   1  |    2   ||    0    ||    9    |
| grp_rdc_mont_8_Pipeline_VITIS_LOOP_306_1_fu_460 |  p14 |   2  |   1  |    2   ||    0    ||    9    |
| grp_rdc_mont_8_Pipeline_VITIS_LOOP_306_1_fu_460 |  p16 |   2  |   1  |    2   ||    0    ||    9    |
| grp_rdc_mont_8_Pipeline_VITIS_LOOP_314_3_fu_496 |  p4  |   2  |   4  |    8   ||    0    ||    9    |
| grp_rdc_mont_8_Pipeline_VITIS_LOOP_314_3_fu_496 |  p5  |   2  |  64  |   128  ||    0    ||    9    |
| grp_rdc_mont_8_Pipeline_VITIS_LOOP_314_3_fu_496 |  p6  |   2  |  64  |   128  ||    0    ||    9    |
| grp_rdc_mont_8_Pipeline_VITIS_LOOP_314_3_fu_496 |  p7  |   2  |  64  |   128  ||    0    ||    9    |
| grp_rdc_mont_8_Pipeline_VITIS_LOOP_314_3_fu_496 |  p8  |   2  |  64  |   128  ||    0    ||    9    |
| grp_rdc_mont_8_Pipeline_VITIS_LOOP_314_3_fu_496 |  p9  |   2  |  64  |   128  ||    0    ||    9    |
| grp_rdc_mont_8_Pipeline_VITIS_LOOP_314_3_fu_496 |  p10 |   2  |  64  |   128  ||    0    ||    9    |
| grp_rdc_mont_8_Pipeline_VITIS_LOOP_314_3_fu_496 |  p11 |   2  |  64  |   128  ||    0    ||    9    |
| grp_rdc_mont_8_Pipeline_VITIS_LOOP_340_5_fu_524 |  p1  |   2  |   3  |    6   ||    0    ||    9    |
| grp_rdc_mont_8_Pipeline_VITIS_LOOP_340_5_fu_524 |  p2  |   2  |  64  |   128  ||    0    ||    9    |
| grp_rdc_mont_8_Pipeline_VITIS_LOOP_340_5_fu_524 |  p4  |   2  |  32  |   64   ||    0    ||    9    |
| grp_rdc_mont_8_Pipeline_VITIS_LOOP_340_5_fu_524 |  p5  |   2  |  64  |   128  ||    0    ||    9    |
| grp_rdc_mont_8_Pipeline_VITIS_LOOP_340_5_fu_524 |  p6  |   2  |  64  |   128  ||    0    ||    9    |
| grp_rdc_mont_8_Pipeline_VITIS_LOOP_340_5_fu_524 |  p7  |   2  |  64  |   128  ||    0    ||    9    |
| grp_rdc_mont_8_Pipeline_VITIS_LOOP_340_5_fu_524 |  p8  |   2  |  64  |   128  ||    0    ||    9    |
| grp_rdc_mont_8_Pipeline_VITIS_LOOP_340_5_fu_524 |  p9  |   2  |  64  |   128  ||    0    ||    9    |
| grp_rdc_mont_8_Pipeline_VITIS_LOOP_340_5_fu_524 |  p10 |   2  |  64  |   128  ||    0    ||    9    |
| grp_rdc_mont_8_Pipeline_VITIS_LOOP_340_5_fu_524 |  p12 |   2  |   3  |    6   ||    0    ||    9    |
|-------------------------------------------------|------|------|------|--------||---------||---------||---------|
|                      Total                      |      |      |      |  2916  ||  13.158 ||    0    ||   306   |
|-------------------------------------------------|------|------|------|--------||---------||---------||---------|



* Summary:
+-----------+--------+--------+--------+--------+
|           |   DSP  |  Delay |   FF   |   LUT  |
+-----------+--------+--------+--------+--------+
|  Function |   48   |    0   |  1051  |  4827  |
|   Memory  |    -   |    -   |    -   |    -   |
|Multiplexer|    -   |   13   |    0   |   306  |
|  Register |    -   |    -   |  2641  |    -   |
+-----------+--------+--------+--------+--------+
|   Total   |   48   |   13   |  3692  |  5133  |
+-----------+--------+--------+--------+--------+
