

================================================================
== Vitis HLS Report for 'rdc_mont_9_Pipeline_VITIS_LOOP_314_3'
================================================================
* Date:           Mon Oct 20 14:26:52 2025

* Version:        2024.2.2 (Build 6049644 on Mar  5 2025)
* Project:        sikep503_hls
* Solution:       solution1 (Vivado IP Flow Target)
* Product family: virtexuplus58g
* Target device:  xcvu29p-fsga2577-2L-e


================================================================
== Performance Estimates
================================================================
+ Timing: 
    * Summary: 
    +--------+----------+----------+------------+
    |  Clock |  Target  | Estimated| Uncertainty|
    +--------+----------+----------+------------+
    |ap_clk  |  10.00 ns|  6.710 ns|     2.70 ns|
    +--------+----------+----------+------------+

+ Latency: 
    * Summary: 
    +---------+---------+-----------+----------+-----+-----+------------------------------------------------+
    |  Latency (cycles) |  Latency (absolute)  |  Interval |                    Pipeline                    |
    |   min   |   max   |    min    |    max   | min | max |                      Type                      |
    +---------+---------+-----------+----------+-----+-----+------------------------------------------------+
    |        2|       11|  20.000 ns|  0.110 us|    1|    8|  loop auto-rewind stp (delay=0 clock cycles(s))|
    +---------+---------+-----------+----------+-----+-----+------------------------------------------------+

    + Detail: 
        * Instance: 
        +--------------------------+---------------+---------+---------+-----------+-----------+-----+-----+---------+
        |                          |               |  Latency (cycles) |   Latency (absolute)  |  Interval | Pipeline|
        |         Instance         |     Module    |   min   |   max   |    min    |    max    | min | max |   Type  |
        +--------------------------+---------------+---------+---------+-----------+-----------+-----+-----+---------+
        |grp_digit_x_digit_fu_206  |digit_x_digit  |        1|        1|  10.000 ns|  10.000 ns|    1|    1|      yes|
        +--------------------------+---------------+---------+---------+-----------+-----------+-----+-----+---------+

        * Loop: 
        +--------------------+---------+---------+----------+-----------+-----------+-------+----------+
        |                    |  Latency (cycles) | Iteration|  Initiation Interval  |  Trip |          |
        |      Loop Name     |   min   |   max   |  Latency |  achieved |   target  | Count | Pipelined|
        +--------------------+---------+---------+----------+-----------+-----------+-------+----------+
        |- VITIS_LOOP_314_3  |        0|        9|         4|          1|          1|  0 ~ 7|       yes|
        +--------------------+---------+---------+----------+-----------+-----------+-------+----------+



================================================================
== Utilization Estimates
================================================================
* Summary: 
+---------------------+---------+-------+---------+---------+------+
|         Name        | BRAM_18K|  DSP  |    FF   |   LUT   | URAM |
+---------------------+---------+-------+---------+---------+------+
|DSP                  |        -|      -|        -|        -|     -|
|Expression           |        -|      -|        0|      973|     -|
|FIFO                 |        -|      -|        -|        -|     -|
|Instance             |        -|      -|        -|        -|     -|
|Memory               |        0|      -|       64|       65|     -|
|Multiplexer          |        -|      -|        0|       63|     -|
|Register             |        -|      -|      462|       64|     -|
+---------------------+---------+-------+---------+---------+------+
|Total                |        0|      0|      526|     1165|     0|
+---------------------+---------+-------+---------+---------+------+
|Available SLR        |     1344|   3072|   864000|   432000|   320|
+---------------------+---------+-------+---------+---------+------+
|Utilization SLR (%)  |        0|      0|       ~0|       ~0|     0|
+---------------------+---------+-------+---------+---------+------+
|Available            |     5376|  12288|  3456000|  1728000|  1280|
+---------------------+---------+-------+---------+---------+------+
|Utilization (%)      |        0|      0|       ~0|       ~0|     0|
+---------------------+---------+-------+---------+---------+------+

+ Detail: 
    * Instance: 
    N/A

    * DSP: 
    N/A

    * Memory: 
    +------------+-----------------------------------------------------------+---------+----+----+-----+------+-----+------+-------------+
    |   Memory   |                           Module                          | BRAM_18K| FF | LUT| URAM| Words| Bits| Banks| W*Bits*Banks|
    +------------+-----------------------------------------------------------+---------+----+----+-----+------+-----+------+-------------+
    |p503p1_1_U  |rdc_mont_1_Pipeline_VITIS_LOOP_314_3_p503p1_1_ROM_AUTO_1R  |        0|  64|  65|    0|     8|   64|     1|          512|
    +------------+-----------------------------------------------------------+---------+----+----+-----+------+-----+------+-------------+
    |Total       |                                                           |        0|  64|  65|    0|     8|   64|     1|          512|
    +------------+-----------------------------------------------------------+---------+----+----+-----+------+-----+------+-------------+

    * FIFO: 
    N/A

    * Expression: 
    +--------------------------------------+----------+----+---+----+------------+------------+
    |             Variable Name            | Operation| DSP| FF| LUT| Bitwidth P0| Bitwidth P1|
    +--------------------------------------+----------+----+---+----+------------+------------+
    |add_ln314_1_fu_245_p2                 |         +|   0|  0|  10|           3|           1|
    |t_2_fu_473_p2                         |         +|   0|  0|  71|          64|          64|
    |tempReg_fu_379_p2                     |         +|   0|  0|  71|          64|          64|
    |u_3_fu_385_p2                         |         +|   0|  0|  71|          64|          64|
    |v_3_fu_337_p2                         |         +|   0|  0|  71|          64|          64|
    |sub_ln318_fu_297_p2                   |         -|   0|  0|  10|           3|           3|
    |and_ln105_fu_417_p2                   |       and|   0|  0|  64|          64|          64|
    |ap_predicate_op55_call_state3_state2  |       and|   0|  0|   2|           1|           1|
    |icmp_ln314_fu_239_p2                  |      icmp|   0|  0|  10|           3|           3|
    |icmp_ln316_fu_291_p2                  |      icmp|   0|  0|  12|           4|           4|
    |carry_2_fu_463_p2                     |        or|   0|  0|   2|           1|           1|
    |or_ln105_2_fu_443_p2                  |        or|   0|  0|  64|          64|          64|
    |or_ln105_fu_355_p2                    |        or|   0|  0|  64|          64|          64|
    |select_ln318_fu_313_p3                |    select|   0|  0|  63|           1|          64|
    |ap_enable_pp0                         |       xor|   0|  0|   2|           1|           2|
    |xor_ln105_10_fu_431_p2                |       xor|   0|  0|  64|          64|          64|
    |xor_ln105_11_fu_437_p2                |       xor|   0|  0|  64|          64|          64|
    |xor_ln105_12_fu_449_p2                |       xor|   0|  0|  64|          64|          64|
    |xor_ln105_7_fu_349_p2                 |       xor|   0|  0|  64|          64|          64|
    |xor_ln105_8_fu_361_p2                 |       xor|   0|  0|  64|          64|          64|
    |xor_ln105_9_fu_399_p2                 |       xor|   0|  0|   2|           1|           2|
    |xor_ln105_fu_343_p2                   |       xor|   0|  0|  64|          64|          64|
    +--------------------------------------+----------+----+---+----+------------+------------+
    |Total                                 |          |   0|  0| 973|         850|         913|
    +--------------------------------------+----------+----+---+----+------------+------------+

    * Multiplexer: 
    +-------------------------+----+-----------+-----+-----------+
    |           Name          | LUT| Input Size| Bits| Total Bits|
    +-------------------------+----+-----------+-----+-----------+
    |ap_done_int              |   9|          2|    1|          2|
    |ap_enable_reg_pp0_iter1  |   9|          2|    1|          2|
    |ap_sig_allocacmp_j_2     |   9|          2|    3|          6|
    |j_fu_88                  |   9|          2|    3|          6|
    |t_fu_92                  |   9|          2|   64|        128|
    |u_2_fu_96                |   9|          2|   64|        128|
    |v_2_fu_100               |   9|          2|   64|        128|
    +-------------------------+----+-----------+-----+-----------+
    |Total                    |  63|         14|  200|        400|
    +-------------------------+----+-----------+-----+-----------+

    * Register: 
    +---------------------------------------+----+----+-----+-----------+
    |                  Name                 | FF | LUT| Bits| Const Bits|
    +---------------------------------------+----+----+-----+-----------+
    |ap_CS_fsm                              |   1|   0|    1|          0|
    |ap_done_reg                            |   1|   0|    1|          0|
    |ap_enable_reg_pp0_iter1                |   1|   0|    1|          0|
    |ap_enable_reg_pp0_iter2                |   1|   0|    1|          0|
    |ap_enable_reg_pp0_iter3                |   1|   0|    1|          0|
    |ap_loop_exit_ready_pp0_iter1_reg       |   1|   0|    1|          0|
    |ap_loop_exit_ready_pp0_iter2_reg       |   1|   0|    1|          0|
    |grp_digit_x_digit_fu_206_ap_start_reg  |   1|   0|    1|          0|
    |icmp_ln314_reg_537                     |   1|   0|    1|          0|
    |icmp_ln316_reg_556                     |   1|   0|    1|          0|
    |j_fu_88                                |   3|   0|    3|          0|
    |p503p1_1_load_reg_570                  |  64|   0|   64|          0|
    |select_ln318_reg_565                   |  64|   0|   64|          0|
    |t_fu_92                                |  64|   0|   64|          0|
    |trunc_ln314_reg_541                    |   1|   0|    1|          0|
    |u_2_fu_96                              |  64|   0|   64|          0|
    |v_2_fu_100                             |  64|   0|   64|          0|
    |icmp_ln314_reg_537                     |  64|  32|    1|          0|
    |icmp_ln316_reg_556                     |  64|  32|    1|          0|
    +---------------------------------------+----+----+-----+-----------+
    |Total                                  | 462|  64|  336|          0|
    +---------------------------------------+----+----+-----+-----------+



================================================================
== Interface
================================================================
* Summary: 
+-------------------------------------+-----+-----+------------+--------------------------------------+--------------+
|              RTL Ports              | Dir | Bits|  Protocol  |             Source Object            |    C Type    |
+-------------------------------------+-----+-----+------------+--------------------------------------+--------------+
|ap_clk                               |   in|    1|  ap_ctrl_hs|  rdc_mont.9_Pipeline_VITIS_LOOP_314_3|  return value|
|ap_rst                               |   in|    1|  ap_ctrl_hs|  rdc_mont.9_Pipeline_VITIS_LOOP_314_3|  return value|
|ap_start                             |   in|    1|  ap_ctrl_hs|  rdc_mont.9_Pipeline_VITIS_LOOP_314_3|  return value|
|ap_done                              |  out|    1|  ap_ctrl_hs|  rdc_mont.9_Pipeline_VITIS_LOOP_314_3|  return value|
|ap_idle                              |  out|    1|  ap_ctrl_hs|  rdc_mont.9_Pipeline_VITIS_LOOP_314_3|  return value|
|ap_ready                             |  out|    1|  ap_ctrl_hs|  rdc_mont.9_Pipeline_VITIS_LOOP_314_3|  return value|
|grp_digit_x_digit_fu_1027_p_din1     |  out|   64|  ap_ctrl_hs|  rdc_mont.9_Pipeline_VITIS_LOOP_314_3|  return value|
|grp_digit_x_digit_fu_1027_p_din2     |  out|   64|  ap_ctrl_hs|  rdc_mont.9_Pipeline_VITIS_LOOP_314_3|  return value|
|grp_digit_x_digit_fu_1027_p_dout0_0  |   in|   64|  ap_ctrl_hs|  rdc_mont.9_Pipeline_VITIS_LOOP_314_3|  return value|
|grp_digit_x_digit_fu_1027_p_dout0_1  |   in|   64|  ap_ctrl_hs|  rdc_mont.9_Pipeline_VITIS_LOOP_314_3|  return value|
|grp_digit_x_digit_fu_1027_p_start    |  out|    1|  ap_ctrl_hs|  rdc_mont.9_Pipeline_VITIS_LOOP_314_3|  return value|
|grp_digit_x_digit_fu_1027_p_ready    |   in|    1|  ap_ctrl_hs|  rdc_mont.9_Pipeline_VITIS_LOOP_314_3|  return value|
|grp_digit_x_digit_fu_1027_p_done     |   in|    1|  ap_ctrl_hs|  rdc_mont.9_Pipeline_VITIS_LOOP_314_3|  return value|
|grp_digit_x_digit_fu_1027_p_idle     |   in|    1|  ap_ctrl_hs|  rdc_mont.9_Pipeline_VITIS_LOOP_314_3|  return value|
|v                                    |   in|   64|     ap_none|                                     v|        scalar|
|u                                    |   in|   64|     ap_none|                                     u|        scalar|
|i_5                                  |   in|    3|     ap_none|                                   i_5|        scalar|
|mc_0_offset                          |   in|    4|     ap_none|                           mc_0_offset|        scalar|
|mc_0_address0                        |  out|    6|   ap_memory|                                  mc_0|         array|
|mc_0_ce0                             |  out|    1|   ap_memory|                                  mc_0|         array|
|mc_0_q0                              |   in|   64|   ap_memory|                                  mc_0|         array|
|mc_1_offset                          |   in|    4|     ap_none|                           mc_1_offset|        scalar|
|mc_1_address0                        |  out|    6|   ap_memory|                                  mc_1|         array|
|mc_1_ce0                             |  out|    1|   ap_memory|                                  mc_1|         array|
|mc_1_q0                              |   in|   64|   ap_memory|                                  mc_1|         array|
|add_ln314                            |   in|    4|     ap_none|                             add_ln314|        scalar|
|empty                                |   in|    3|     ap_none|                                 empty|        scalar|
|v_18_out                             |  out|   64|      ap_vld|                              v_18_out|       pointer|
|v_18_out_ap_vld                      |  out|    1|      ap_vld|                              v_18_out|       pointer|
|u_16_out                             |  out|   64|      ap_vld|                              u_16_out|       pointer|
|u_16_out_ap_vld                      |  out|    1|      ap_vld|                              u_16_out|       pointer|
|t_10_out                             |  out|   64|      ap_vld|                              t_10_out|       pointer|
|t_10_out_ap_vld                      |  out|    1|      ap_vld|                              t_10_out|       pointer|
+-------------------------------------+-----+-----+------------+--------------------------------------+--------------+

============================================================
+ Verbose Summary: Synthesis Manager
============================================================
InlineROM: 1
ExposeGlobal: 0
============================================================
+ Verbose Summary: CDFG Model
============================================================
IsTopModel: 0
ResetActiveHigh: 1
IsCombinational: 2
IsDatapathOnly: 2
HasWiredReturn: 1
HasMFsm: 2
HasVarLatency: 1
IsPipeline: 0
IsRtlPipelined: 0
IsInstanceOverlapped: 0
IsDontTouch: 0
HasImplIP: 0
IsGatedGlobalClock: 0

+ Individual pipeline summary: 
  * Pipeline-0: initiation interval (II) = 1, depth = 4


============================================================
+ Verbose Summary: Schedule
============================================================
* Number of FSM states : 4
* Pipeline : 1
  Pipeline-0 : II = 1, D = 4, States = { 1 2 3 4 }
* Dataflow Pipeline: 0

* FSM state transitions: 
1 --> 2 
2 --> 3 
3 --> 4 
4 --> 

* FSM state operations: 

State 1 <SV = 0> <Delay = 1.67>
ST_1 : Operation 7 [1/1] (0.00ns)   --->   "%j = alloca i32 1" [src/generic/fp_generic.cpp:302]   --->   Operation 7 'alloca' 'j' <Predicate = true> <Delay = 0.00>
ST_1 : Operation 8 [1/1] (0.00ns)   --->   "%t = alloca i32 1" [src/generic/fp_generic.cpp:303]   --->   Operation 8 'alloca' 't' <Predicate = true> <Delay = 0.00>
ST_1 : Operation 9 [1/1] (0.00ns)   --->   "%u_2 = alloca i32 1" [src/generic/fp_generic.cpp:303]   --->   Operation 9 'alloca' 'u_2' <Predicate = true> <Delay = 0.00>
ST_1 : Operation 10 [1/1] (0.00ns)   --->   "%v_2 = alloca i32 1" [src/generic/fp_generic.cpp:303]   --->   Operation 10 'alloca' 'v_2' <Predicate = true> <Delay = 0.00>
ST_1 : Operation 11 [1/1] (0.00ns)   --->   "%specmemcore_ln0 = specmemcore void @_ssdm_op_SpecMemCore, i64 %mc_0, i64 666, i64 207, i64 18446744073709551615"   --->   Operation 11 'specmemcore' 'specmemcore_ln0' <Predicate = true> <Delay = 0.00>
ST_1 : Operation 12 [1/1] (0.00ns)   --->   "%specmemcore_ln0 = specmemcore void @_ssdm_op_SpecMemCore, i64 %mc_1, i64 666, i64 207, i64 18446744073709551615"   --->   Operation 12 'specmemcore' 'specmemcore_ln0' <Predicate = true> <Delay = 0.00>
ST_1 : Operation 13 [1/1] (0.00ns)   --->   "%tmp = read i3 @_ssdm_op_Read.ap_auto.i3, i3 %empty"   --->   Operation 13 'read' 'tmp' <Predicate = true> <Delay = 0.00>
ST_1 : Operation 14 [1/1] (0.00ns)   --->   "%add_ln314_read = read i4 @_ssdm_op_Read.ap_auto.i4, i4 %add_ln314"   --->   Operation 14 'read' 'add_ln314_read' <Predicate = true> <Delay = 0.00>
ST_1 : Operation 15 [1/1] (0.00ns)   --->   "%mc_1_offset_read = read i4 @_ssdm_op_Read.ap_auto.i4, i4 %mc_1_offset"   --->   Operation 15 'read' 'mc_1_offset_read' <Predicate = true> <Delay = 0.00>
ST_1 : Operation 16 [1/1] (0.00ns)   --->   "%mc_0_offset_read = read i4 @_ssdm_op_Read.ap_auto.i4, i4 %mc_0_offset"   --->   Operation 16 'read' 'mc_0_offset_read' <Predicate = true> <Delay = 0.00>
ST_1 : Operation 17 [1/1] (0.00ns)   --->   "%i_5_read = read i3 @_ssdm_op_Read.ap_auto.i3, i3 %i_5"   --->   Operation 17 'read' 'i_5_read' <Predicate = true> <Delay = 0.00>
ST_1 : Operation 18 [1/1] (0.00ns)   --->   "%u_read = read i64 @_ssdm_op_Read.ap_auto.i64, i64 %u"   --->   Operation 18 'read' 'u_read' <Predicate = true> <Delay = 0.00>
ST_1 : Operation 19 [1/1] (0.00ns)   --->   "%v_read = read i64 @_ssdm_op_Read.ap_auto.i64, i64 %v"   --->   Operation 19 'read' 'v_read' <Predicate = true> <Delay = 0.00>
ST_1 : Operation 20 [1/1] (0.38ns)   --->   "%store_ln303 = store i64 %v_read, i64 %v_2" [src/generic/fp_generic.cpp:303]   --->   Operation 20 'store' 'store_ln303' <Predicate = true> <Delay = 0.38>
ST_1 : Operation 21 [1/1] (0.38ns)   --->   "%store_ln303 = store i64 %u_read, i64 %u_2" [src/generic/fp_generic.cpp:303]   --->   Operation 21 'store' 'store_ln303' <Predicate = true> <Delay = 0.38>
ST_1 : Operation 22 [1/1] (0.38ns)   --->   "%store_ln303 = store i64 0, i64 %t" [src/generic/fp_generic.cpp:303]   --->   Operation 22 'store' 'store_ln303' <Predicate = true> <Delay = 0.38>
ST_1 : Operation 23 [1/1] (0.38ns)   --->   "%store_ln302 = store i3 0, i3 %j" [src/generic/fp_generic.cpp:302]   --->   Operation 23 'store' 'store_ln302' <Predicate = true> <Delay = 0.38>
ST_1 : Operation 24 [1/1] (0.00ns)   --->   "%br_ln0 = br void %for.body6"   --->   Operation 24 'br' 'br_ln0' <Predicate = true> <Delay = 0.00>
ST_1 : Operation 25 [1/1] (0.00ns)   --->   "%j_2 = load i3 %j" [src/generic/fp_generic.cpp:314]   --->   Operation 25 'load' 'j_2' <Predicate = true> <Delay = 0.00>
ST_1 : Operation 26 [1/1] (0.00ns)   --->   "%zext_ln314 = zext i3 %j_2" [src/generic/fp_generic.cpp:314]   --->   Operation 26 'zext' 'zext_ln314' <Predicate = true> <Delay = 0.00>
ST_1 : Operation 27 [1/1] (0.57ns)   --->   "%icmp_ln314 = icmp_eq  i3 %j_2, i3 %i_5_read" [src/generic/fp_generic.cpp:314]   --->   Operation 27 'icmp' 'icmp_ln314' <Predicate = true> <Delay = 0.57> <CoreInst = "Cmp">   --->   Core 9 'Cmp' <Latency = 0> <II = 1> <Delay = 0.57> <FuncUnit> <Opcode : 'seteq' 'setne' 'setle' 'setge' 'setlt' 'setgt'> <InPorts = 2> <OutPorts = 1>
ST_1 : Operation 28 [1/1] (0.57ns)   --->   "%add_ln314_1 = add i3 %j_2, i3 1" [src/generic/fp_generic.cpp:314]   --->   Operation 28 'add' 'add_ln314_1' <Predicate = true> <Delay = 0.57> <CoreInst = "Adder">   --->   Core 1 'Adder' <Latency = 0> <II = 1> <Delay = 0.57> <FuncUnit> <Opcode : 'add' 'sub'> <InPorts = 2> <OutPorts = 1>
ST_1 : Operation 29 [1/1] (0.00ns)   --->   "%br_ln314 = br i1 %icmp_ln314, void %for.body6.split, void %for.inc51.loopexit.exitStub" [src/generic/fp_generic.cpp:314]   --->   Operation 29 'br' 'br_ln314' <Predicate = true> <Delay = 0.00>
ST_1 : Operation 30 [1/1] (0.00ns)   --->   "%trunc_ln314 = trunc i3 %j_2" [src/generic/fp_generic.cpp:314]   --->   Operation 30 'trunc' 'trunc_ln314' <Predicate = (!icmp_ln314)> <Delay = 0.00>
ST_1 : Operation 31 [1/1] (0.00ns)   --->   "%specpipeline_ln303 = specpipeline void @_ssdm_op_SpecPipeline, i32 4294967295, i32 0, i32 0, i32 0, void @empty_104" [src/generic/fp_generic.cpp:303]   --->   Operation 31 'specpipeline' 'specpipeline_ln303' <Predicate = (!icmp_ln314)> <Delay = 0.00>
ST_1 : Operation 32 [1/1] (0.00ns)   --->   "%speclooptripcount_ln303 = speclooptripcount void @_ssdm_op_SpecLoopTripCount, i64 0, i64 7, i64 3" [src/generic/fp_generic.cpp:303]   --->   Operation 32 'speclooptripcount' 'speclooptripcount_ln303' <Predicate = (!icmp_ln314)> <Delay = 0.00>
ST_1 : Operation 33 [1/1] (0.00ns)   --->   "%specloopname_ln314 = specloopname void @_ssdm_op_SpecLoopName, void @empty_27" [src/generic/fp_generic.cpp:314]   --->   Operation 33 'specloopname' 'specloopname_ln314' <Predicate = (!icmp_ln314)> <Delay = 0.00>
ST_1 : Operation 34 [1/1] (0.00ns)   --->   "%lshr_ln2 = partselect i2 @_ssdm_op_PartSelect.i2.i3.i32.i32, i3 %j_2, i32 1, i32 2" [src/generic/fp_generic.cpp:303]   --->   Operation 34 'partselect' 'lshr_ln2' <Predicate = (!icmp_ln314)> <Delay = 0.00>
ST_1 : Operation 35 [1/1] (0.00ns)   --->   "%tmp_s = bitconcatenate i6 @_ssdm_op_BitConcatenate.i6.i4.i2, i4 %mc_0_offset_read, i2 %lshr_ln2" [src/generic/fp_generic.cpp:318]   --->   Operation 35 'bitconcatenate' 'tmp_s' <Predicate = (!icmp_ln314)> <Delay = 0.00>
ST_1 : Operation 36 [1/1] (0.00ns)   --->   "%zext_ln318_1 = zext i6 %tmp_s" [src/generic/fp_generic.cpp:318]   --->   Operation 36 'zext' 'zext_ln318_1' <Predicate = (!icmp_ln314)> <Delay = 0.00>
ST_1 : Operation 37 [1/1] (0.00ns)   --->   "%mc_0_addr = getelementptr i64 %mc_0, i64 0, i64 %zext_ln318_1" [src/generic/fp_generic.cpp:318]   --->   Operation 37 'getelementptr' 'mc_0_addr' <Predicate = (!icmp_ln314)> <Delay = 0.00>
ST_1 : Operation 38 [1/1] (0.00ns)   --->   "%tmp_1 = bitconcatenate i6 @_ssdm_op_BitConcatenate.i6.i4.i2, i4 %mc_1_offset_read, i2 %lshr_ln2" [src/generic/fp_generic.cpp:318]   --->   Operation 38 'bitconcatenate' 'tmp_1' <Predicate = (!icmp_ln314)> <Delay = 0.00>
ST_1 : Operation 39 [1/1] (0.00ns)   --->   "%zext_ln318_2 = zext i6 %tmp_1" [src/generic/fp_generic.cpp:318]   --->   Operation 39 'zext' 'zext_ln318_2' <Predicate = (!icmp_ln314)> <Delay = 0.00>
ST_1 : Operation 40 [1/1] (0.00ns)   --->   "%mc_1_addr = getelementptr i64 %mc_1, i64 0, i64 %zext_ln318_2" [src/generic/fp_generic.cpp:318]   --->   Operation 40 'getelementptr' 'mc_1_addr' <Predicate = (!icmp_ln314)> <Delay = 0.00>
ST_1 : Operation 41 [1/1] (0.70ns)   --->   "%icmp_ln316 = icmp_ult  i4 %zext_ln314, i4 %add_ln314_read" [src/generic/fp_generic.cpp:316]   --->   Operation 41 'icmp' 'icmp_ln316' <Predicate = (!icmp_ln314)> <Delay = 0.70> <CoreInst = "Cmp">   --->   Core 9 'Cmp' <Latency = 0> <II = 1> <Delay = 0.70> <FuncUnit> <Opcode : 'seteq' 'setne' 'setle' 'setge' 'setlt' 'setgt'> <InPorts = 2> <OutPorts = 1>
ST_1 : Operation 42 [1/1] (0.00ns)   --->   "%br_ln316 = br i1 %icmp_ln316, void %for.inc28, void %if.then" [src/generic/fp_generic.cpp:316]   --->   Operation 42 'br' 'br_ln316' <Predicate = (!icmp_ln314)> <Delay = 0.00>
ST_1 : Operation 43 [2/2] (0.71ns)   --->   "%mc_0_load = load i6 %mc_0_addr" [src/generic/fp_generic.cpp:318]   --->   Operation 43 'load' 'mc_0_load' <Predicate = (!icmp_ln314 & icmp_ln316)> <Delay = 0.71> <CoreInst = "RAM_1P">   --->   Core 87 'RAM_1P' <Latency = 1> <II = 1> <Delay = 0.71> <Storage> <Opcode : 'load' 'store'> <Ports = 1> <Width = 64> <Depth = 60> <RAM>
ST_1 : Operation 44 [2/2] (0.71ns)   --->   "%mc_1_load = load i6 %mc_1_addr" [src/generic/fp_generic.cpp:318]   --->   Operation 44 'load' 'mc_1_load' <Predicate = (!icmp_ln314 & icmp_ln316)> <Delay = 0.71> <CoreInst = "RAM_1P">   --->   Core 87 'RAM_1P' <Latency = 1> <II = 1> <Delay = 0.71> <Storage> <Opcode : 'load' 'store'> <Ports = 1> <Width = 64> <Depth = 60> <RAM>
ST_1 : Operation 45 [1/1] (0.57ns)   --->   "%sub_ln318 = sub i3 %tmp, i3 %j_2" [src/generic/fp_generic.cpp:318]   --->   Operation 45 'sub' 'sub_ln318' <Predicate = (!icmp_ln314 & icmp_ln316)> <Delay = 0.57> <CoreInst = "Adder">   --->   Core 1 'Adder' <Latency = 0> <II = 1> <Delay = 0.57> <FuncUnit> <Opcode : 'add' 'sub'> <InPorts = 2> <OutPorts = 1>
ST_1 : Operation 46 [1/1] (0.00ns)   --->   "%zext_ln318 = zext i3 %sub_ln318" [src/generic/fp_generic.cpp:318]   --->   Operation 46 'zext' 'zext_ln318' <Predicate = (!icmp_ln314 & icmp_ln316)> <Delay = 0.00>
ST_1 : Operation 47 [1/1] (0.00ns)   --->   "%p503p1_1_addr = getelementptr i64 %p503p1_1, i64 0, i64 %zext_ln318" [src/generic/fp_generic.cpp:318]   --->   Operation 47 'getelementptr' 'p503p1_1_addr' <Predicate = (!icmp_ln314 & icmp_ln316)> <Delay = 0.00>
ST_1 : Operation 48 [2/2] (0.71ns)   --->   "%p503p1_1_load = load i3 %p503p1_1_addr" [src/generic/fp_generic.cpp:318]   --->   Operation 48 'load' 'p503p1_1_load' <Predicate = (!icmp_ln314 & icmp_ln316)> <Delay = 0.71> <CoreInst = "ROM">   --->   Core 100 'ROM' <Latency = 1> <II = 1> <Delay = 0.71> <Storage> <Opcode : 'load'> <Ports = 0> <Width = 64> <Depth = 8> <ROM>
ST_1 : Operation 49 [1/1] (0.38ns)   --->   "%store_ln302 = store i3 %add_ln314_1, i3 %j" [src/generic/fp_generic.cpp:302]   --->   Operation 49 'store' 'store_ln302' <Predicate = (!icmp_ln314)> <Delay = 0.38>
ST_1 : Operation 50 [1/1] (0.00ns)   --->   "%br_ln314 = br void %for.body6" [src/generic/fp_generic.cpp:314]   --->   Operation 50 'br' 'br_ln314' <Predicate = (!icmp_ln314)> <Delay = 0.00>

State 2 <SV = 1> <Delay = 1.12>
ST_2 : Operation 51 [1/2] ( I:0.71ns O:0.71ns )   --->   "%mc_0_load = load i6 %mc_0_addr" [src/generic/fp_generic.cpp:318]   --->   Operation 51 'load' 'mc_0_load' <Predicate = (icmp_ln316)> <Delay = 0.71> <CoreInst = "RAM_1P">   --->   Core 87 'RAM_1P' <Latency = 1> <II = 1> <Delay = 0.71> <Storage> <Opcode : 'load' 'store'> <Ports = 1> <Width = 64> <Depth = 60> <RAM>
ST_2 : Operation 52 [1/2] ( I:0.71ns O:0.71ns )   --->   "%mc_1_load = load i6 %mc_1_addr" [src/generic/fp_generic.cpp:318]   --->   Operation 52 'load' 'mc_1_load' <Predicate = (icmp_ln316)> <Delay = 0.71> <CoreInst = "RAM_1P">   --->   Core 87 'RAM_1P' <Latency = 1> <II = 1> <Delay = 0.71> <Storage> <Opcode : 'load' 'store'> <Ports = 1> <Width = 64> <Depth = 60> <RAM>
ST_2 : Operation 53 [1/1] (0.41ns)   --->   "%select_ln318 = select i1 %trunc_ln314, i64 %mc_1_load, i64 %mc_0_load" [src/generic/fp_generic.cpp:318]   --->   Operation 53 'select' 'select_ln318' <Predicate = (icmp_ln316)> <Delay = 0.41> <CoreInst = "Sel">   --->   Core 73 'Sel' <Latency = 0> <II = 1> <Delay = 0.41> <FuncUnit> <Opcode : 'select'> <InPorts = 3> <OutPorts = 1>
ST_2 : Operation 54 [1/2] ( I:0.71ns O:0.71ns )   --->   "%p503p1_1_load = load i3 %p503p1_1_addr" [src/generic/fp_generic.cpp:318]   --->   Operation 54 'load' 'p503p1_1_load' <Predicate = (icmp_ln316)> <Delay = 0.71> <CoreInst = "ROM">   --->   Core 100 'ROM' <Latency = 1> <II = 1> <Delay = 0.71> <Storage> <Opcode : 'load'> <Ports = 0> <Width = 64> <Depth = 8> <ROM>

State 3 <SV = 2> <Delay = 6.71>
ST_3 : Operation 55 [2/2] (6.71ns)   --->   "%call_ret6 = call i128 @digit_x_digit, i64 %select_ln318, i64 %p503p1_1_load" [src/generic/fp_generic.cpp:318]   --->   Operation 55 'call' 'call_ret6' <Predicate = (!icmp_ln314 & icmp_ln316)> <Delay = 6.71> <CoreType = "Generic">   --->   Generic Core
ST_3 : Operation 89 [1/1] (0.00ns)   --->   "%t_load = load i64 %t"   --->   Operation 89 'load' 't_load' <Predicate = (icmp_ln314)> <Delay = 0.00>
ST_3 : Operation 90 [1/1] (0.00ns)   --->   "%u_2_load = load i64 %u_2"   --->   Operation 90 'load' 'u_2_load' <Predicate = (icmp_ln314)> <Delay = 0.00>
ST_3 : Operation 91 [1/1] (0.00ns)   --->   "%v_2_load = load i64 %v_2"   --->   Operation 91 'load' 'v_2_load' <Predicate = (icmp_ln314)> <Delay = 0.00>
ST_3 : Operation 92 [1/1] (0.00ns)   --->   "%write_ln0 = write void @_ssdm_op_Write.ap_auto.i64P0A, i64 %v_18_out, i64 %v_2_load"   --->   Operation 92 'write' 'write_ln0' <Predicate = (icmp_ln314)> <Delay = 0.00>
ST_3 : Operation 93 [1/1] (0.00ns)   --->   "%write_ln0 = write void @_ssdm_op_Write.ap_auto.i64P0A, i64 %u_16_out, i64 %u_2_load"   --->   Operation 93 'write' 'write_ln0' <Predicate = (icmp_ln314)> <Delay = 0.00>
ST_3 : Operation 94 [1/1] (0.00ns)   --->   "%write_ln0 = write void @_ssdm_op_Write.ap_auto.i64P0A, i64 %t_10_out, i64 %t_load"   --->   Operation 94 'write' 'write_ln0' <Predicate = (icmp_ln314)> <Delay = 0.00>
ST_3 : Operation 95 [1/1] (0.38ns)   --->   "%ret_ln0 = ret"   --->   Operation 95 'ret' 'ret_ln0' <Predicate = (icmp_ln314)> <Delay = 0.38>

State 4 <SV = 3> <Delay = 6.70>
ST_4 : Operation 56 [1/1] (0.00ns)   --->   "%t_load_1 = load i64 %t" [src/generic/fp_generic.cpp:321]   --->   Operation 56 'load' 't_load_1' <Predicate = (icmp_ln316)> <Delay = 0.00>
ST_4 : Operation 57 [1/1] (0.00ns)   --->   "%u_2_load_1 = load i64 %u_2" [src/generic/fp_generic.cpp:320]   --->   Operation 57 'load' 'u_2_load_1' <Predicate = (icmp_ln316)> <Delay = 0.00>
ST_4 : Operation 58 [1/1] (0.00ns)   --->   "%v_2_load_1 = load i64 %v_2" [src/generic/fp_generic.cpp:319]   --->   Operation 58 'load' 'v_2_load_1' <Predicate = (icmp_ln316)> <Delay = 0.00>
ST_4 : Operation 59 [1/2] (1.43ns)   --->   "%call_ret6 = call i128 @digit_x_digit, i64 %select_ln318, i64 %p503p1_1_load" [src/generic/fp_generic.cpp:318]   --->   Operation 59 'call' 'call_ret6' <Predicate = (!icmp_ln314 & icmp_ln316)> <Delay = 1.43> <CoreType = "Generic">   --->   Generic Core
ST_4 : Operation 60 [1/1] (0.00ns)   --->   "%UV = extractvalue i128 %call_ret6" [src/generic/fp_generic.cpp:318]   --->   Operation 60 'extractvalue' 'UV' <Predicate = (icmp_ln316)> <Delay = 0.00>
ST_4 : Operation 61 [1/1] (0.00ns)   --->   "%UV_2 = extractvalue i128 %call_ret6" [src/generic/fp_generic.cpp:318]   --->   Operation 61 'extractvalue' 'UV_2' <Predicate = (icmp_ln316)> <Delay = 0.00>
ST_4 : Operation 62 [1/1] (1.14ns)   --->   "%v_3 = add i64 %UV, i64 %v_2_load_1" [src/generic/fp_generic.cpp:319]   --->   Operation 62 'add' 'v_3' <Predicate = (icmp_ln316)> <Delay = 1.14> <CoreInst = "Adder">   --->   Core 1 'Adder' <Latency = 0> <II = 1> <Delay = 1.14> <FuncUnit> <Opcode : 'add' 'sub'> <InPorts = 2> <OutPorts = 1>
ST_4 : Operation 63 [1/1] (0.00ns) (grouped into LUT with out node tempReg)   --->   "%xor_ln105 = xor i64 %UV, i64 %v_3" [src/config.h:105->src/generic/fp_generic.cpp:319]   --->   Operation 63 'xor' 'xor_ln105' <Predicate = (icmp_ln316)> <Delay = 0.00> <CoreInst = "LogicGate">   --->   Core 74 'LogicGate' <Latency = 0> <II = 1> <Delay = 0.28> <FuncUnit> <Opcode : 'and' 'or' 'xor'> <InPorts = 2> <OutPorts = 1>
ST_4 : Operation 64 [1/1] (0.00ns) (grouped into LUT with out node tempReg)   --->   "%xor_ln105_7 = xor i64 %v_2_load_1, i64 %UV" [src/config.h:105->src/generic/fp_generic.cpp:319]   --->   Operation 64 'xor' 'xor_ln105_7' <Predicate = (icmp_ln316)> <Delay = 0.00> <CoreInst = "LogicGate">   --->   Core 74 'LogicGate' <Latency = 0> <II = 1> <Delay = 0.28> <FuncUnit> <Opcode : 'and' 'or' 'xor'> <InPorts = 2> <OutPorts = 1>
ST_4 : Operation 65 [1/1] (0.00ns) (grouped into LUT with out node tempReg)   --->   "%or_ln105 = or i64 %xor_ln105_7, i64 %xor_ln105" [src/config.h:105->src/generic/fp_generic.cpp:319]   --->   Operation 65 'or' 'or_ln105' <Predicate = (icmp_ln316)> <Delay = 0.00> <CoreInst = "LogicGate">   --->   Core 74 'LogicGate' <Latency = 0> <II = 1> <Delay = 0.28> <FuncUnit> <Opcode : 'and' 'or' 'xor'> <InPorts = 2> <OutPorts = 1>
ST_4 : Operation 66 [1/1] (0.00ns) (grouped into LUT with out node tempReg)   --->   "%xor_ln105_8 = xor i64 %or_ln105, i64 %v_3" [src/config.h:105->src/generic/fp_generic.cpp:319]   --->   Operation 66 'xor' 'xor_ln105_8' <Predicate = (icmp_ln316)> <Delay = 0.00> <CoreInst = "LogicGate">   --->   Core 74 'LogicGate' <Latency = 0> <II = 1> <Delay = 0.28> <FuncUnit> <Opcode : 'and' 'or' 'xor'> <InPorts = 2> <OutPorts = 1>
ST_4 : Operation 67 [1/1] (0.00ns) (grouped into LUT with out node tempReg)   --->   "%carry = bitselect i1 @_ssdm_op_BitSelect.i1.i64.i32, i64 %xor_ln105_8, i32 63" [src/config.h:105->src/generic/fp_generic.cpp:319]   --->   Operation 67 'bitselect' 'carry' <Predicate = (icmp_ln316)> <Delay = 0.00>
ST_4 : Operation 68 [1/1] (0.00ns) (grouped into LUT with out node tempReg)   --->   "%zext_ln105 = zext i1 %carry" [src/config.h:105->src/generic/fp_generic.cpp:319]   --->   Operation 68 'zext' 'zext_ln105' <Predicate = (icmp_ln316)> <Delay = 0.00>
ST_4 : Operation 69 [1/1] (1.14ns) (out node of the LUT)   --->   "%tempReg = add i64 %UV_2, i64 %zext_ln105" [src/generic/fp_generic.cpp:320]   --->   Operation 69 'add' 'tempReg' <Predicate = (icmp_ln316)> <Delay = 1.14> <CoreInst = "Adder">   --->   Core 1 'Adder' <Latency = 0> <II = 1> <Delay = 1.14> <FuncUnit> <Opcode : 'add' 'sub'> <InPorts = 2> <OutPorts = 1>
ST_4 : Operation 70 [1/1] (1.14ns)   --->   "%u_3 = add i64 %tempReg, i64 %u_2_load_1" [src/generic/fp_generic.cpp:320]   --->   Operation 70 'add' 'u_3' <Predicate = (icmp_ln316)> <Delay = 1.14> <CoreInst = "Adder">   --->   Core 1 'Adder' <Latency = 0> <II = 1> <Delay = 1.14> <FuncUnit> <Opcode : 'add' 'sub'> <InPorts = 2> <OutPorts = 1>
ST_4 : Operation 71 [1/1] (0.00ns) (grouped into LUT with out node t_2)   --->   "%bit_sel = bitselect i1 @_ssdm_op_BitSelect.i1.i64.i64, i64 %tempReg, i64 63" [src/config.h:105->src/generic/fp_generic.cpp:320]   --->   Operation 71 'bitselect' 'bit_sel' <Predicate = (icmp_ln316)> <Delay = 0.00>
ST_4 : Operation 72 [1/1] (0.00ns) (grouped into LUT with out node t_2)   --->   "%xor_ln105_9 = xor i1 %bit_sel, i1 1" [src/config.h:105->src/generic/fp_generic.cpp:320]   --->   Operation 72 'xor' 'xor_ln105_9' <Predicate = (icmp_ln316)> <Delay = 0.00> <CoreInst = "LogicGate">   --->   Core 74 'LogicGate' <Latency = 0> <II = 1> <Delay = 0.12> <FuncUnit> <Opcode : 'and' 'or' 'xor'> <InPorts = 2> <OutPorts = 1>
ST_4 : Operation 73 [1/1] (0.00ns) (grouped into LUT with out node t_2)   --->   "%trunc_ln105 = trunc i64 %tempReg" [src/config.h:105->src/generic/fp_generic.cpp:320]   --->   Operation 73 'trunc' 'trunc_ln105' <Predicate = (icmp_ln316)> <Delay = 0.00>
ST_4 : Operation 74 [1/1] (0.00ns) (grouped into LUT with out node t_2)   --->   "%xor_ln105_s = bitconcatenate i64 @_ssdm_op_BitConcatenate.i64.i1.i63, i1 %xor_ln105_9, i63 %trunc_ln105" [src/config.h:105->src/generic/fp_generic.cpp:320]   --->   Operation 74 'bitconcatenate' 'xor_ln105_s' <Predicate = (icmp_ln316)> <Delay = 0.00>
ST_4 : Operation 75 [1/1] (0.00ns) (grouped into LUT with out node t_2)   --->   "%and_ln105 = and i64 %UV_2, i64 %xor_ln105_s" [src/config.h:105->src/generic/fp_generic.cpp:320]   --->   Operation 75 'and' 'and_ln105' <Predicate = (icmp_ln316)> <Delay = 0.00> <CoreInst = "LogicGate">   --->   Core 74 'LogicGate' <Latency = 0> <II = 1> <Delay = 0.28> <FuncUnit> <Opcode : 'and' 'or' 'xor'> <InPorts = 2> <OutPorts = 1>
ST_4 : Operation 76 [1/1] (0.00ns) (grouped into LUT with out node t_2)   --->   "%tmp_5 = bitselect i1 @_ssdm_op_BitSelect.i1.i64.i32, i64 %and_ln105, i32 63" [src/config.h:103->src/generic/fp_generic.cpp:320]   --->   Operation 76 'bitselect' 'tmp_5' <Predicate = (icmp_ln316)> <Delay = 0.00>
ST_4 : Operation 77 [1/1] (0.00ns) (grouped into LUT with out node tmp_6)   --->   "%xor_ln105_10 = xor i64 %tempReg, i64 %u_3" [src/config.h:105->src/generic/fp_generic.cpp:320]   --->   Operation 77 'xor' 'xor_ln105_10' <Predicate = (icmp_ln316)> <Delay = 0.00> <CoreInst = "LogicGate">   --->   Core 74 'LogicGate' <Latency = 0> <II = 1> <Delay = 0.28> <FuncUnit> <Opcode : 'and' 'or' 'xor'> <InPorts = 2> <OutPorts = 1>
ST_4 : Operation 78 [1/1] (0.00ns) (grouped into LUT with out node tmp_6)   --->   "%xor_ln105_11 = xor i64 %u_2_load_1, i64 %tempReg" [src/config.h:105->src/generic/fp_generic.cpp:320]   --->   Operation 78 'xor' 'xor_ln105_11' <Predicate = (icmp_ln316)> <Delay = 0.00> <CoreInst = "LogicGate">   --->   Core 74 'LogicGate' <Latency = 0> <II = 1> <Delay = 0.28> <FuncUnit> <Opcode : 'and' 'or' 'xor'> <InPorts = 2> <OutPorts = 1>
ST_4 : Operation 79 [1/1] (0.00ns) (grouped into LUT with out node tmp_6)   --->   "%or_ln105_2 = or i64 %xor_ln105_11, i64 %xor_ln105_10" [src/config.h:105->src/generic/fp_generic.cpp:320]   --->   Operation 79 'or' 'or_ln105_2' <Predicate = (icmp_ln316)> <Delay = 0.00> <CoreInst = "LogicGate">   --->   Core 74 'LogicGate' <Latency = 0> <II = 1> <Delay = 0.28> <FuncUnit> <Opcode : 'and' 'or' 'xor'> <InPorts = 2> <OutPorts = 1>
ST_4 : Operation 80 [1/1] (0.00ns) (grouped into LUT with out node tmp_6)   --->   "%xor_ln105_12 = xor i64 %or_ln105_2, i64 %u_3" [src/config.h:105->src/generic/fp_generic.cpp:320]   --->   Operation 80 'xor' 'xor_ln105_12' <Predicate = (icmp_ln316)> <Delay = 0.00> <CoreInst = "LogicGate">   --->   Core 74 'LogicGate' <Latency = 0> <II = 1> <Delay = 0.28> <FuncUnit> <Opcode : 'and' 'or' 'xor'> <InPorts = 2> <OutPorts = 1>
ST_4 : Operation 81 [1/1] (0.28ns) (out node of the LUT)   --->   "%tmp_6 = bitselect i1 @_ssdm_op_BitSelect.i1.i64.i32, i64 %xor_ln105_12, i32 63" [src/generic/fp_generic.cpp:320]   --->   Operation 81 'bitselect' 'tmp_6' <Predicate = (icmp_ln316)> <Delay = 0.28>
ST_4 : Operation 82 [1/1] (0.00ns) (grouped into LUT with out node t_2)   --->   "%carry_2 = or i1 %tmp_6, i1 %tmp_5" [src/generic/fp_generic.cpp:320]   --->   Operation 82 'or' 'carry_2' <Predicate = (icmp_ln316)> <Delay = 0.00> <CoreInst = "LogicGate">   --->   Core 74 'LogicGate' <Latency = 0> <II = 1> <Delay = 0.12> <FuncUnit> <Opcode : 'and' 'or' 'xor'> <InPorts = 2> <OutPorts = 1>
ST_4 : Operation 83 [1/1] (0.00ns) (grouped into LUT with out node t_2)   --->   "%zext_ln321 = zext i1 %carry_2" [src/generic/fp_generic.cpp:321]   --->   Operation 83 'zext' 'zext_ln321' <Predicate = (icmp_ln316)> <Delay = 0.00>
ST_4 : Operation 84 [1/1] (1.14ns) (out node of the LUT)   --->   "%t_2 = add i64 %t_load_1, i64 %zext_ln321" [src/generic/fp_generic.cpp:321]   --->   Operation 84 'add' 't_2' <Predicate = (icmp_ln316)> <Delay = 1.14> <CoreInst = "Adder">   --->   Core 1 'Adder' <Latency = 0> <II = 1> <Delay = 1.14> <FuncUnit> <Opcode : 'add' 'sub'> <InPorts = 2> <OutPorts = 1>
ST_4 : Operation 85 [1/1] (0.38ns)   --->   "%store_ln303 = store i64 %v_3, i64 %v_2" [src/generic/fp_generic.cpp:303]   --->   Operation 85 'store' 'store_ln303' <Predicate = (icmp_ln316)> <Delay = 0.38>
ST_4 : Operation 86 [1/1] (0.38ns)   --->   "%store_ln303 = store i64 %u_3, i64 %u_2" [src/generic/fp_generic.cpp:303]   --->   Operation 86 'store' 'store_ln303' <Predicate = (icmp_ln316)> <Delay = 0.38>
ST_4 : Operation 87 [1/1] (0.38ns)   --->   "%store_ln303 = store i64 %t_2, i64 %t" [src/generic/fp_generic.cpp:303]   --->   Operation 87 'store' 'store_ln303' <Predicate = (icmp_ln316)> <Delay = 0.38>
ST_4 : Operation 88 [1/1] (0.00ns)   --->   "%br_ln322 = br void %for.inc28" [src/generic/fp_generic.cpp:322]   --->   Operation 88 'br' 'br_ln322' <Predicate = (icmp_ln316)> <Delay = 0.00>


============================================================
+ Verbose Summary: Binding
============================================================
STG Binding: 
---------------- STG Properties BEGIN ----------------
- Is combinational: 0
- Is one-state seq: 0
- Is datapath-only: 0
- Is pipelined: 0
- Is top level: 0
Port [ Return ] is wired: 1; IO mode=ap_ctrl_hs:ce=0
Port [ v]:  wired=1; compound=0; hidden=0; nouse=0; global=0; static=0; extern=0; dir=0; type=0; pingpong=0; private_global=0; IO mode=ap_none:ce=0
Port [ u]:  wired=1; compound=0; hidden=0; nouse=0; global=0; static=0; extern=0; dir=0; type=0; pingpong=0; private_global=0; IO mode=ap_none:ce=0
Port [ i_5]:  wired=1; compound=0; hidden=0; nouse=0; global=0; static=0; extern=0; dir=0; type=0; pingpong=0; private_global=0; IO mode=ap_none:ce=0
Port [ mc_0_offset]:  wired=1; compound=0; hidden=0; nouse=0; global=0; static=0; extern=0; dir=0; type=0; pingpong=0; private_global=0; IO mode=ap_none:ce=0
Port [ mc_0]:  wired=1; compound=1; hidden=0; nouse=0; global=0; static=0; extern=0; dir=0; type=1; pingpong=0; private_global=0; MemPort=[1]; IO mode=ap_memory:ce=0
Port [ mc_1_offset]:  wired=1; compound=0; hidden=0; nouse=0; global=0; static=0; extern=0; dir=0; type=0; pingpong=0; private_global=0; IO mode=ap_none:ce=0
Port [ mc_1]:  wired=1; compound=1; hidden=0; nouse=0; global=0; static=0; extern=0; dir=0; type=1; pingpong=0; private_global=0; MemPort=[1]; IO mode=ap_memory:ce=0
Port [ add_ln314]:  wired=1; compound=0; hidden=0; nouse=0; global=0; static=0; extern=0; dir=0; type=0; pingpong=0; private_global=0; IO mode=ap_none:ce=0
Port [ empty]:  wired=1; compound=0; hidden=0; nouse=0; global=0; static=0; extern=0; dir=0; type=0; pingpong=0; private_global=0; IO mode=ap_none:ce=0
Port [ v_18_out]:  wired=1; compound=0; hidden=0; nouse=0; global=0; static=0; extern=0; dir=1; type=0; pingpong=0; private_global=0; IO mode=ap_vld:ce=0
Port [ u_16_out]:  wired=1; compound=0; hidden=0; nouse=0; global=0; static=0; extern=0; dir=1; type=0; pingpong=0; private_global=0; IO mode=ap_vld:ce=0
Port [ t_10_out]:  wired=1; compound=0; hidden=0; nouse=0; global=0; static=0; extern=0; dir=1; type=0; pingpong=0; private_global=0; IO mode=ap_vld:ce=0
Port [ p503p1_1]:  wired=0; compound=1; hidden=1; nouse=0; global=1; static=1; extern=0; dir=0; type=1; pingpong=0; private_global=0; MemPort=[1]; IO mode=ap_memory:ce=0
---------------- STG Properties END ------------------

---------------- Datapath Model BEGIN ----------------

<LifeTime>
<method=bitvector/>
j                       (alloca           ) [ 01000]
t                       (alloca           ) [ 01111]
u_2                     (alloca           ) [ 01111]
v_2                     (alloca           ) [ 01111]
specmemcore_ln0         (specmemcore      ) [ 00000]
specmemcore_ln0         (specmemcore      ) [ 00000]
tmp                     (read             ) [ 00000]
add_ln314_read          (read             ) [ 00000]
mc_1_offset_read        (read             ) [ 00000]
mc_0_offset_read        (read             ) [ 00000]
i_5_read                (read             ) [ 00000]
u_read                  (read             ) [ 00000]
v_read                  (read             ) [ 00000]
store_ln303             (store            ) [ 00000]
store_ln303             (store            ) [ 00000]
store_ln303             (store            ) [ 00000]
store_ln302             (store            ) [ 00000]
br_ln0                  (br               ) [ 00000]
j_2                     (load             ) [ 00000]
zext_ln314              (zext             ) [ 00000]
icmp_ln314              (icmp             ) [ 01111]
add_ln314_1             (add              ) [ 00000]
br_ln314                (br               ) [ 00000]
trunc_ln314             (trunc            ) [ 01100]
specpipeline_ln303      (specpipeline     ) [ 00000]
speclooptripcount_ln303 (speclooptripcount) [ 00000]
specloopname_ln314      (specloopname     ) [ 00000]
lshr_ln2                (partselect       ) [ 00000]
tmp_s                   (bitconcatenate   ) [ 00000]
zext_ln318_1            (zext             ) [ 00000]
mc_0_addr               (getelementptr    ) [ 01100]
tmp_1                   (bitconcatenate   ) [ 00000]
zext_ln318_2            (zext             ) [ 00000]
mc_1_addr               (getelementptr    ) [ 01100]
icmp_ln316              (icmp             ) [ 01111]
br_ln316                (br               ) [ 00000]
sub_ln318               (sub              ) [ 00000]
zext_ln318              (zext             ) [ 00000]
p503p1_1_addr           (getelementptr    ) [ 01100]
store_ln302             (store            ) [ 00000]
br_ln314                (br               ) [ 00000]
mc_0_load               (load             ) [ 00000]
mc_1_load               (load             ) [ 00000]
select_ln318            (select           ) [ 01010]
p503p1_1_load           (load             ) [ 01010]
t_load_1                (load             ) [ 00000]
u_2_load_1              (load             ) [ 00000]
v_2_load_1              (load             ) [ 00000]
call_ret6               (call             ) [ 00000]
UV                      (extractvalue     ) [ 00000]
UV_2                    (extractvalue     ) [ 00000]
v_3                     (add              ) [ 00000]
xor_ln105               (xor              ) [ 00000]
xor_ln105_7             (xor              ) [ 00000]
or_ln105                (or               ) [ 00000]
xor_ln105_8             (xor              ) [ 00000]
carry                   (bitselect        ) [ 00000]
zext_ln105              (zext             ) [ 00000]
tempReg                 (add              ) [ 00000]
u_3                     (add              ) [ 00000]
bit_sel                 (bitselect        ) [ 00000]
xor_ln105_9             (xor              ) [ 00000]
trunc_ln105             (trunc            ) [ 00000]
xor_ln105_s             (bitconcatenate   ) [ 00000]
and_ln105               (and              ) [ 00000]
tmp_5                   (bitselect        ) [ 00000]
xor_ln105_10            (xor              ) [ 00000]
xor_ln105_11            (xor              ) [ 00000]
or_ln105_2              (or               ) [ 00000]
xor_ln105_12            (xor              ) [ 00000]
tmp_6                   (bitselect        ) [ 00000]
carry_2                 (or               ) [ 00000]
zext_ln321              (zext             ) [ 00000]
t_2                     (add              ) [ 00000]
store_ln303             (store            ) [ 00000]
store_ln303             (store            ) [ 00000]
store_ln303             (store            ) [ 00000]
br_ln322                (br               ) [ 00000]
t_load                  (load             ) [ 00000]
u_2_load                (load             ) [ 00000]
v_2_load                (load             ) [ 00000]
write_ln0               (write            ) [ 00000]
write_ln0               (write            ) [ 00000]
write_ln0               (write            ) [ 00000]
ret_ln0                 (ret              ) [ 00000]
</LifeTime>

<model>

<comp_list>
<comp id="0" class="1000" name="v">
<pin_list>
<pin id="1" dir="1" index="0" bw="1" slack="0"/>
</pin_list>
<bind>
<StgValue><ssdm name="v"/></StgValue>
</bind>
</comp>

<comp id="2" class="1000" name="u">
<pin_list>
<pin id="3" dir="1" index="0" bw="1" slack="0"/>
</pin_list>
<bind>
<StgValue><ssdm name="u"/></StgValue>
</bind>
</comp>

<comp id="4" class="1000" name="i_5">
<pin_list>
<pin id="5" dir="1" index="0" bw="1" slack="0"/>
</pin_list>
<bind>
<StgValue><ssdm name="i_5"/></StgValue>
</bind>
</comp>

<comp id="6" class="1000" name="mc_0_offset">
<pin_list>
<pin id="7" dir="1" index="0" bw="1" slack="0"/>
</pin_list>
<bind>
<StgValue><ssdm name="mc_0_offset"/></StgValue>
</bind>
</comp>

<comp id="8" class="1000" name="mc_0">
<pin_list>
<pin id="9" dir="1" index="0" bw="1" slack="0"/>
</pin_list>
<bind>
<StgValue><ssdm name="mc_0"/><MemPortTyVec>1 </MemPortTyVec>
</StgValue>
</bind>
</comp>

<comp id="10" class="1000" name="mc_1_offset">
<pin_list>
<pin id="11" dir="1" index="0" bw="1" slack="0"/>
</pin_list>
<bind>
<StgValue><ssdm name="mc_1_offset"/></StgValue>
</bind>
</comp>

<comp id="12" class="1000" name="mc_1">
<pin_list>
<pin id="13" dir="1" index="0" bw="1" slack="0"/>
</pin_list>
<bind>
<StgValue><ssdm name="mc_1"/><MemPortTyVec>1 </MemPortTyVec>
</StgValue>
</bind>
</comp>

<comp id="14" class="1000" name="add_ln314">
<pin_list>
<pin id="15" dir="1" index="0" bw="1" slack="0"/>
</pin_list>
<bind>
<StgValue><ssdm name="add_ln314"/></StgValue>
</bind>
</comp>

<comp id="16" class="1000" name="empty">
<pin_list>
<pin id="17" dir="1" index="0" bw="1" slack="0"/>
</pin_list>
<bind>
<StgValue><ssdm name="empty"/></StgValue>
</bind>
</comp>

<comp id="18" class="1000" name="v_18_out">
<pin_list>
<pin id="19" dir="1" index="0" bw="1" slack="0"/>
</pin_list>
<bind>
<StgValue><ssdm name="v_18_out"/></StgValue>
</bind>
</comp>

<comp id="20" class="1000" name="u_16_out">
<pin_list>
<pin id="21" dir="1" index="0" bw="1" slack="0"/>
</pin_list>
<bind>
<StgValue><ssdm name="u_16_out"/></StgValue>
</bind>
</comp>

<comp id="22" class="1000" name="t_10_out">
<pin_list>
<pin id="23" dir="1" index="0" bw="1" slack="0"/>
</pin_list>
<bind>
<StgValue><ssdm name="t_10_out"/></StgValue>
</bind>
</comp>

<comp id="24" class="1000" name="p503p1_1">
<pin_list>
<pin id="25" dir="1" index="0" bw="1" slack="0"/>
</pin_list>
<bind>
<StgValue><ssdm name="p503p1_1"/><MemPortTyVec>1 </MemPortTyVec>
</StgValue>
</bind>
</comp>

<comp id="26" class="1001" name="const_26">
<pin_list>
<pin id="27" dir="1" index="0" bw="1" slack="0"/>
</pin_list>
<bind>
<StgValue><ssdm name=""/></StgValue>
</bind>
</comp>

<comp id="28" class="1001" name="const_28">
<pin_list>
<pin id="29" dir="1" index="0" bw="1" slack="2147483647"/>
</pin_list>
<bind>
<StgValue><ssdm name="_ssdm_op_SpecMemCore"/></StgValue>
</bind>
</comp>

<comp id="30" class="1001" name="const_30">
<pin_list>
<pin id="31" dir="1" index="0" bw="1" slack="2147483647"/>
</pin_list>
<bind>
<StgValue><ssdm name=""/></StgValue>
</bind>
</comp>

<comp id="32" class="1001" name="const_32">
<pin_list>
<pin id="33" dir="1" index="0" bw="1" slack="2147483647"/>
</pin_list>
<bind>
<StgValue><ssdm name=""/></StgValue>
</bind>
</comp>

<comp id="34" class="1001" name="const_34">
<pin_list>
<pin id="35" dir="1" index="0" bw="1" slack="2147483647"/>
</pin_list>
<bind>
<StgValue><ssdm name=""/></StgValue>
</bind>
</comp>

<comp id="36" class="1001" name="const_36">
<pin_list>
<pin id="37" dir="1" index="0" bw="1" slack="0"/>
</pin_list>
<bind>
<StgValue><ssdm name="_ssdm_op_Read.ap_auto.i3"/></StgValue>
</bind>
</comp>

<comp id="38" class="1001" name="const_38">
<pin_list>
<pin id="39" dir="1" index="0" bw="1" slack="0"/>
</pin_list>
<bind>
<StgValue><ssdm name="_ssdm_op_Read.ap_auto.i4"/></StgValue>
</bind>
</comp>

<comp id="40" class="1001" name="const_40">
<pin_list>
<pin id="41" dir="1" index="0" bw="1" slack="0"/>
</pin_list>
<bind>
<StgValue><ssdm name="_ssdm_op_Read.ap_auto.i64"/></StgValue>
</bind>
</comp>

<comp id="42" class="1001" name="const_42">
<pin_list>
<pin id="43" dir="1" index="0" bw="1" slack="0"/>
</pin_list>
<bind>
<StgValue><ssdm name=""/></StgValue>
</bind>
</comp>

<comp id="44" class="1001" name="const_44">
<pin_list>
<pin id="45" dir="1" index="0" bw="1" slack="0"/>
</pin_list>
<bind>
<StgValue><ssdm name=""/></StgValue>
</bind>
</comp>

<comp id="46" class="1001" name="const_46">
<pin_list>
<pin id="47" dir="1" index="0" bw="1" slack="0"/>
</pin_list>
<bind>
<StgValue><ssdm name=""/></StgValue>
</bind>
</comp>

<comp id="48" class="1001" name="const_48">
<pin_list>
<pin id="49" dir="1" index="0" bw="1" slack="2147483647"/>
</pin_list>
<bind>
<StgValue><ssdm name="_ssdm_op_SpecPipeline"/></StgValue>
</bind>
</comp>

<comp id="50" class="1001" name="const_50">
<pin_list>
<pin id="51" dir="1" index="0" bw="1" slack="2147483647"/>
</pin_list>
<bind>
<StgValue><ssdm name=""/></StgValue>
</bind>
</comp>

<comp id="52" class="1001" name="const_52">
<pin_list>
<pin id="53" dir="1" index="0" bw="1" slack="2147483647"/>
</pin_list>
<bind>
<StgValue><ssdm name=""/></StgValue>
</bind>
</comp>

<comp id="54" class="1001" name="const_54">
<pin_list>
<pin id="55" dir="1" index="0" bw="1" slack="2147483647"/>
</pin_list>
<bind>
<StgValue><ssdm name="empty_104"/></StgValue>
</bind>
</comp>

<comp id="56" class="1001" name="const_56">
<pin_list>
<pin id="57" dir="1" index="0" bw="1" slack="2147483647"/>
</pin_list>
<bind>
<StgValue><ssdm name="_ssdm_op_SpecLoopTripCount"/></StgValue>
</bind>
</comp>

<comp id="58" class="1001" name="const_58">
<pin_list>
<pin id="59" dir="1" index="0" bw="1" slack="2147483647"/>
</pin_list>
<bind>
<StgValue><ssdm name=""/></StgValue>
</bind>
</comp>

<comp id="60" class="1001" name="const_60">
<pin_list>
<pin id="61" dir="1" index="0" bw="1" slack="2147483647"/>
</pin_list>
<bind>
<StgValue><ssdm name=""/></StgValue>
</bind>
</comp>

<comp id="62" class="1001" name="const_62">
<pin_list>
<pin id="63" dir="1" index="0" bw="1" slack="2147483647"/>
</pin_list>
<bind>
<StgValue><ssdm name="_ssdm_op_SpecLoopName"/></StgValue>
</bind>
</comp>

<comp id="64" class="1001" name="const_64">
<pin_list>
<pin id="65" dir="1" index="0" bw="1" slack="2147483647"/>
</pin_list>
<bind>
<StgValue><ssdm name="empty_27"/></StgValue>
</bind>
</comp>

<comp id="66" class="1001" name="const_66">
<pin_list>
<pin id="67" dir="1" index="0" bw="1" slack="0"/>
</pin_list>
<bind>
<StgValue><ssdm name="_ssdm_op_PartSelect.i2.i3.i32.i32"/></StgValue>
</bind>
</comp>

<comp id="68" class="1001" name="const_68">
<pin_list>
<pin id="69" dir="1" index="0" bw="1" slack="0"/>
</pin_list>
<bind>
<StgValue><ssdm name=""/></StgValue>
</bind>
</comp>

<comp id="70" class="1001" name="const_70">
<pin_list>
<pin id="71" dir="1" index="0" bw="1" slack="0"/>
</pin_list>
<bind>
<StgValue><ssdm name="_ssdm_op_BitConcatenate.i6.i4.i2"/></StgValue>
</bind>
</comp>

<comp id="72" class="1001" name="const_72">
<pin_list>
<pin id="73" dir="1" index="0" bw="1" slack="0"/>
</pin_list>
<bind>
<StgValue><ssdm name="digit_x_digit"/></StgValue>
</bind>
</comp>

<comp id="74" class="1001" name="const_74">
<pin_list>
<pin id="75" dir="1" index="0" bw="1" slack="0"/>
</pin_list>
<bind>
<StgValue><ssdm name="_ssdm_op_BitSelect.i1.i64.i32"/></StgValue>
</bind>
</comp>

<comp id="76" class="1001" name="const_76">
<pin_list>
<pin id="77" dir="1" index="0" bw="1" slack="0"/>
</pin_list>
<bind>
<StgValue><ssdm name=""/></StgValue>
</bind>
</comp>

<comp id="78" class="1001" name="const_78">
<pin_list>
<pin id="79" dir="1" index="0" bw="1" slack="0"/>
</pin_list>
<bind>
<StgValue><ssdm name="_ssdm_op_BitSelect.i1.i64.i64"/></StgValue>
</bind>
</comp>

<comp id="80" class="1001" name="const_80">
<pin_list>
<pin id="81" dir="1" index="0" bw="1" slack="0"/>
</pin_list>
<bind>
<StgValue><ssdm name=""/></StgValue>
</bind>
</comp>

<comp id="82" class="1001" name="const_82">
<pin_list>
<pin id="83" dir="1" index="0" bw="1" slack="0"/>
</pin_list>
<bind>
<StgValue><ssdm name=""/></StgValue>
</bind>
</comp>

<comp id="84" class="1001" name="const_84">
<pin_list>
<pin id="85" dir="1" index="0" bw="1" slack="0"/>
</pin_list>
<bind>
<StgValue><ssdm name="_ssdm_op_BitConcatenate.i64.i1.i63"/></StgValue>
</bind>
</comp>

<comp id="86" class="1001" name="const_86">
<pin_list>
<pin id="87" dir="1" index="0" bw="1" slack="0"/>
</pin_list>
<bind>
<StgValue><ssdm name="_ssdm_op_Write.ap_auto.i64P0A"/></StgValue>
</bind>
</comp>

<comp id="88" class="1004" name="j_fu_88">
<pin_list>
<pin id="89" dir="0" index="0" bw="1" slack="0"/>
<pin id="90" dir="1" index="1" bw="3" slack="0"/>
</pin_list>
<bind>
<opcode="alloca(26) " fcode="alloca"/>
<opset="j/1 "/>
</bind>
</comp>

<comp id="92" class="1004" name="t_fu_92">
<pin_list>
<pin id="93" dir="0" index="0" bw="1" slack="0"/>
<pin id="94" dir="1" index="1" bw="64" slack="0"/>
</pin_list>
<bind>
<opcode="alloca(26) " fcode="alloca"/>
<opset="t/1 "/>
</bind>
</comp>

<comp id="96" class="1004" name="u_2_fu_96">
<pin_list>
<pin id="97" dir="0" index="0" bw="1" slack="0"/>
<pin id="98" dir="1" index="1" bw="64" slack="0"/>
</pin_list>
<bind>
<opcode="alloca(26) " fcode="alloca"/>
<opset="u_2/1 "/>
</bind>
</comp>

<comp id="100" class="1004" name="v_2_fu_100">
<pin_list>
<pin id="101" dir="0" index="0" bw="1" slack="0"/>
<pin id="102" dir="1" index="1" bw="64" slack="0"/>
</pin_list>
<bind>
<opcode="alloca(26) " fcode="alloca"/>
<opset="v_2/1 "/>
</bind>
</comp>

<comp id="104" class="1004" name="tmp_read_fu_104">
<pin_list>
<pin id="105" dir="0" index="0" bw="3" slack="0"/>
<pin id="106" dir="0" index="1" bw="3" slack="0"/>
<pin id="107" dir="1" index="2" bw="3" slack="0"/>
</pin_list>
<bind>
<opcode="read(1150) " fcode="read"/>
<opset="tmp/1 "/>
</bind>
</comp>

<comp id="110" class="1004" name="add_ln314_read_read_fu_110">
<pin_list>
<pin id="111" dir="0" index="0" bw="4" slack="0"/>
<pin id="112" dir="0" index="1" bw="4" slack="0"/>
<pin id="113" dir="1" index="2" bw="4" slack="0"/>
</pin_list>
<bind>
<opcode="read(1150) " fcode="read"/>
<opset="add_ln314_read/1 "/>
</bind>
</comp>

<comp id="116" class="1004" name="mc_1_offset_read_read_fu_116">
<pin_list>
<pin id="117" dir="0" index="0" bw="4" slack="0"/>
<pin id="118" dir="0" index="1" bw="4" slack="0"/>
<pin id="119" dir="1" index="2" bw="4" slack="0"/>
</pin_list>
<bind>
<opcode="read(1150) " fcode="read"/>
<opset="mc_1_offset_read/1 "/>
</bind>
</comp>

<comp id="122" class="1004" name="mc_0_offset_read_read_fu_122">
<pin_list>
<pin id="123" dir="0" index="0" bw="4" slack="0"/>
<pin id="124" dir="0" index="1" bw="4" slack="0"/>
<pin id="125" dir="1" index="2" bw="4" slack="0"/>
</pin_list>
<bind>
<opcode="read(1150) " fcode="read"/>
<opset="mc_0_offset_read/1 "/>
</bind>
</comp>

<comp id="128" class="1004" name="i_5_read_read_fu_128">
<pin_list>
<pin id="129" dir="0" index="0" bw="3" slack="0"/>
<pin id="130" dir="0" index="1" bw="3" slack="0"/>
<pin id="131" dir="1" index="2" bw="3" slack="0"/>
</pin_list>
<bind>
<opcode="read(1150) " fcode="read"/>
<opset="i_5_read/1 "/>
</bind>
</comp>

<comp id="134" class="1004" name="u_read_read_fu_134">
<pin_list>
<pin id="135" dir="0" index="0" bw="64" slack="0"/>
<pin id="136" dir="0" index="1" bw="64" slack="0"/>
<pin id="137" dir="1" index="2" bw="64" slack="0"/>
</pin_list>
<bind>
<opcode="read(1150) " fcode="read"/>
<opset="u_read/1 "/>
</bind>
</comp>

<comp id="140" class="1004" name="v_read_read_fu_140">
<pin_list>
<pin id="141" dir="0" index="0" bw="64" slack="0"/>
<pin id="142" dir="0" index="1" bw="64" slack="0"/>
<pin id="143" dir="1" index="2" bw="64" slack="0"/>
</pin_list>
<bind>
<opcode="read(1150) " fcode="read"/>
<opset="v_read/1 "/>
</bind>
</comp>

<comp id="146" class="1004" name="write_ln0_write_fu_146">
<pin_list>
<pin id="147" dir="0" index="0" bw="0" slack="0"/>
<pin id="148" dir="0" index="1" bw="64" slack="0"/>
<pin id="149" dir="0" index="2" bw="64" slack="0"/>
<pin id="150" dir="1" index="3" bw="0" slack="2147483647"/>
</pin_list>
<bind>
<opcode="write(1151) " fcode="write"/>
<opset="write_ln0/3 "/>
</bind>
</comp>

<comp id="153" class="1004" name="write_ln0_write_fu_153">
<pin_list>
<pin id="154" dir="0" index="0" bw="0" slack="0"/>
<pin id="155" dir="0" index="1" bw="64" slack="0"/>
<pin id="156" dir="0" index="2" bw="64" slack="0"/>
<pin id="157" dir="1" index="3" bw="0" slack="2147483647"/>
</pin_list>
<bind>
<opcode="write(1151) " fcode="write"/>
<opset="write_ln0/3 "/>
</bind>
</comp>

<comp id="160" class="1004" name="write_ln0_write_fu_160">
<pin_list>
<pin id="161" dir="0" index="0" bw="0" slack="0"/>
<pin id="162" dir="0" index="1" bw="64" slack="0"/>
<pin id="163" dir="0" index="2" bw="64" slack="0"/>
<pin id="164" dir="1" index="3" bw="0" slack="2147483647"/>
</pin_list>
<bind>
<opcode="write(1151) " fcode="write"/>
<opset="write_ln0/3 "/>
</bind>
</comp>

<comp id="167" class="1004" name="mc_0_addr_gep_fu_167">
<pin_list>
<pin id="168" dir="0" index="0" bw="64" slack="0"/>
<pin id="169" dir="0" index="1" bw="1" slack="0"/>
<pin id="170" dir="0" index="2" bw="6" slack="0"/>
<pin id="171" dir="1" index="3" bw="6" slack="0"/>
</pin_list>
<bind>
<opcode="getelementptr(29) " fcode="getelementptr"/>
<opset="mc_0_addr/1 "/>
</bind>
</comp>

<comp id="174" class="1004" name="mc_1_addr_gep_fu_174">
<pin_list>
<pin id="175" dir="0" index="0" bw="64" slack="0"/>
<pin id="176" dir="0" index="1" bw="1" slack="0"/>
<pin id="177" dir="0" index="2" bw="6" slack="0"/>
<pin id="178" dir="1" index="3" bw="6" slack="0"/>
</pin_list>
<bind>
<opcode="getelementptr(29) " fcode="getelementptr"/>
<opset="mc_1_addr/1 "/>
</bind>
</comp>

<comp id="181" class="1004" name="grp_access_fu_181">
<pin_list>
<pin id="182" dir="0" index="0" bw="6" slack="0"/>
<pin id="183" dir="0" index="1" bw="64" slack="2147483647"/>
<pin id="184" dir="0" index="2" bw="0" slack="2147483647"/>
<pin id="185" dir="1" index="3" bw="64" slack="0"/>
</pin_list>
<bind>
<opcode="load(27) " fcode="load"/>
<opset="mc_0_load/1 "/>
</bind>
</comp>

<comp id="187" class="1004" name="grp_access_fu_187">
<pin_list>
<pin id="188" dir="0" index="0" bw="6" slack="0"/>
<pin id="189" dir="0" index="1" bw="64" slack="2147483647"/>
<pin id="190" dir="0" index="2" bw="0" slack="2147483647"/>
<pin id="191" dir="1" index="3" bw="64" slack="0"/>
</pin_list>
<bind>
<opcode="load(27) " fcode="load"/>
<opset="mc_1_load/1 "/>
</bind>
</comp>

<comp id="193" class="1004" name="p503p1_1_addr_gep_fu_193">
<pin_list>
<pin id="194" dir="0" index="0" bw="64" slack="0"/>
<pin id="195" dir="0" index="1" bw="1" slack="0"/>
<pin id="196" dir="0" index="2" bw="3" slack="0"/>
<pin id="197" dir="1" index="3" bw="3" slack="0"/>
</pin_list>
<bind>
<opcode="getelementptr(29) " fcode="getelementptr"/>
<opset="p503p1_1_addr/1 "/>
</bind>
</comp>

<comp id="200" class="1004" name="grp_access_fu_200">
<pin_list>
<pin id="201" dir="0" index="0" bw="3" slack="0"/>
<pin id="202" dir="0" index="1" bw="64" slack="2147483647"/>
<pin id="203" dir="0" index="2" bw="0" slack="2147483647"/>
<pin id="204" dir="1" index="3" bw="64" slack="1"/>
</pin_list>
<bind>
<opcode="load(27) " fcode="load"/>
<opset="p503p1_1_load/1 "/>
</bind>
</comp>

<comp id="206" class="1004" name="grp_digit_x_digit_fu_206">
<pin_list>
<pin id="207" dir="0" index="0" bw="128" slack="0"/>
<pin id="208" dir="0" index="1" bw="64" slack="1"/>
<pin id="209" dir="0" index="2" bw="64" slack="1"/>
<pin id="210" dir="1" index="3" bw="128" slack="0"/>
</pin_list>
<bind>
<opcode="call(48) " fcode="call"/>
<opset="call_ret6/3 "/>
</bind>
</comp>

<comp id="212" class="1004" name="store_ln303_store_fu_212">
<pin_list>
<pin id="213" dir="0" index="0" bw="64" slack="0"/>
<pin id="214" dir="0" index="1" bw="64" slack="0"/>
<pin id="215" dir="1" index="2" bw="0" slack="2147483647"/>
</pin_list>
<bind>
<opcode="store(28) " fcode="store"/>
<opset="store_ln303/1 "/>
</bind>
</comp>

<comp id="217" class="1004" name="store_ln303_store_fu_217">
<pin_list>
<pin id="218" dir="0" index="0" bw="64" slack="0"/>
<pin id="219" dir="0" index="1" bw="64" slack="0"/>
<pin id="220" dir="1" index="2" bw="0" slack="2147483647"/>
</pin_list>
<bind>
<opcode="store(28) " fcode="store"/>
<opset="store_ln303/1 "/>
</bind>
</comp>

<comp id="222" class="1004" name="store_ln303_store_fu_222">
<pin_list>
<pin id="223" dir="0" index="0" bw="1" slack="0"/>
<pin id="224" dir="0" index="1" bw="64" slack="0"/>
<pin id="225" dir="1" index="2" bw="0" slack="2147483647"/>
</pin_list>
<bind>
<opcode="store(28) " fcode="store"/>
<opset="store_ln303/1 "/>
</bind>
</comp>

<comp id="227" class="1004" name="store_ln302_store_fu_227">
<pin_list>
<pin id="228" dir="0" index="0" bw="1" slack="0"/>
<pin id="229" dir="0" index="1" bw="3" slack="0"/>
<pin id="230" dir="1" index="2" bw="0" slack="2147483647"/>
</pin_list>
<bind>
<opcode="store(28) " fcode="store"/>
<opset="store_ln302/1 "/>
</bind>
</comp>

<comp id="232" class="1004" name="j_2_load_fu_232">
<pin_list>
<pin id="233" dir="0" index="0" bw="3" slack="0"/>
<pin id="234" dir="1" index="1" bw="3" slack="0"/>
</pin_list>
<bind>
<opcode="load(27) " fcode="load"/>
<opset="j_2/1 "/>
</bind>
</comp>

<comp id="235" class="1004" name="zext_ln314_fu_235">
<pin_list>
<pin id="236" dir="0" index="0" bw="3" slack="0"/>
<pin id="237" dir="1" index="1" bw="4" slack="0"/>
</pin_list>
<bind>
<opcode="zext(34) " fcode="zext"/>
<opset="zext_ln314/1 "/>
</bind>
</comp>

<comp id="239" class="1004" name="icmp_ln314_fu_239">
<pin_list>
<pin id="240" dir="0" index="0" bw="3" slack="0"/>
<pin id="241" dir="0" index="1" bw="3" slack="0"/>
<pin id="242" dir="1" index="2" bw="1" slack="2"/>
</pin_list>
<bind>
<opcode="icmp(45) " fcode="icmp"/>
<opset="icmp_ln314/1 "/>
</bind>
</comp>

<comp id="245" class="1004" name="add_ln314_1_fu_245">
<pin_list>
<pin id="246" dir="0" index="0" bw="3" slack="0"/>
<pin id="247" dir="0" index="1" bw="1" slack="0"/>
<pin id="248" dir="1" index="2" bw="3" slack="0"/>
</pin_list>
<bind>
<opcode="add(8) " fcode="add"/>
<opset="add_ln314_1/1 "/>
</bind>
</comp>

<comp id="251" class="1004" name="trunc_ln314_fu_251">
<pin_list>
<pin id="252" dir="0" index="0" bw="3" slack="0"/>
<pin id="253" dir="1" index="1" bw="1" slack="1"/>
</pin_list>
<bind>
<opcode="trunc(33) " fcode="trunc"/>
<opset="trunc_ln314/1 "/>
</bind>
</comp>

<comp id="255" class="1004" name="lshr_ln2_fu_255">
<pin_list>
<pin id="256" dir="0" index="0" bw="2" slack="0"/>
<pin id="257" dir="0" index="1" bw="3" slack="0"/>
<pin id="258" dir="0" index="2" bw="1" slack="0"/>
<pin id="259" dir="0" index="3" bw="3" slack="0"/>
<pin id="260" dir="1" index="4" bw="2" slack="0"/>
</pin_list>
<bind>
<opcode="partselect(1002) " fcode="partselect"/>
<opset="lshr_ln2/1 "/>
</bind>
</comp>

<comp id="265" class="1004" name="tmp_s_fu_265">
<pin_list>
<pin id="266" dir="0" index="0" bw="6" slack="0"/>
<pin id="267" dir="0" index="1" bw="4" slack="0"/>
<pin id="268" dir="0" index="2" bw="2" slack="0"/>
<pin id="269" dir="1" index="3" bw="6" slack="0"/>
</pin_list>
<bind>
<opcode="bitconcatenate(1004) " fcode="bitconcatenate"/>
<opset="tmp_s/1 "/>
</bind>
</comp>

<comp id="273" class="1004" name="zext_ln318_1_fu_273">
<pin_list>
<pin id="274" dir="0" index="0" bw="6" slack="0"/>
<pin id="275" dir="1" index="1" bw="64" slack="0"/>
</pin_list>
<bind>
<opcode="zext(34) " fcode="zext"/>
<opset="zext_ln318_1/1 "/>
</bind>
</comp>

<comp id="278" class="1004" name="tmp_1_fu_278">
<pin_list>
<pin id="279" dir="0" index="0" bw="6" slack="0"/>
<pin id="280" dir="0" index="1" bw="4" slack="0"/>
<pin id="281" dir="0" index="2" bw="2" slack="0"/>
<pin id="282" dir="1" index="3" bw="6" slack="0"/>
</pin_list>
<bind>
<opcode="bitconcatenate(1004) " fcode="bitconcatenate"/>
<opset="tmp_1/1 "/>
</bind>
</comp>

<comp id="286" class="1004" name="zext_ln318_2_fu_286">
<pin_list>
<pin id="287" dir="0" index="0" bw="6" slack="0"/>
<pin id="288" dir="1" index="1" bw="64" slack="0"/>
</pin_list>
<bind>
<opcode="zext(34) " fcode="zext"/>
<opset="zext_ln318_2/1 "/>
</bind>
</comp>

<comp id="291" class="1004" name="icmp_ln316_fu_291">
<pin_list>
<pin id="292" dir="0" index="0" bw="4" slack="0"/>
<pin id="293" dir="0" index="1" bw="4" slack="0"/>
<pin id="294" dir="1" index="2" bw="1" slack="1"/>
</pin_list>
<bind>
<opcode="icmp(45) " fcode="icmp"/>
<opset="icmp_ln316/1 "/>
</bind>
</comp>

<comp id="297" class="1004" name="sub_ln318_fu_297">
<pin_list>
<pin id="298" dir="0" index="0" bw="3" slack="0"/>
<pin id="299" dir="0" index="1" bw="3" slack="0"/>
<pin id="300" dir="1" index="2" bw="3" slack="0"/>
</pin_list>
<bind>
<opcode="sub(10) " fcode="sub"/>
<opset="sub_ln318/1 "/>
</bind>
</comp>

<comp id="303" class="1004" name="zext_ln318_fu_303">
<pin_list>
<pin id="304" dir="0" index="0" bw="3" slack="0"/>
<pin id="305" dir="1" index="1" bw="64" slack="0"/>
</pin_list>
<bind>
<opcode="zext(34) " fcode="zext"/>
<opset="zext_ln318/1 "/>
</bind>
</comp>

<comp id="308" class="1004" name="store_ln302_store_fu_308">
<pin_list>
<pin id="309" dir="0" index="0" bw="3" slack="0"/>
<pin id="310" dir="0" index="1" bw="3" slack="0"/>
<pin id="311" dir="1" index="2" bw="0" slack="2147483647"/>
</pin_list>
<bind>
<opcode="store(28) " fcode="store"/>
<opset="store_ln302/1 "/>
</bind>
</comp>

<comp id="313" class="1004" name="select_ln318_fu_313">
<pin_list>
<pin id="314" dir="0" index="0" bw="1" slack="1"/>
<pin id="315" dir="0" index="1" bw="64" slack="0"/>
<pin id="316" dir="0" index="2" bw="64" slack="0"/>
<pin id="317" dir="1" index="3" bw="64" slack="1"/>
</pin_list>
<bind>
<opcode="select(49) " fcode="select"/>
<opset="select_ln318/2 "/>
</bind>
</comp>

<comp id="320" class="1004" name="t_load_1_load_fu_320">
<pin_list>
<pin id="321" dir="0" index="0" bw="64" slack="3"/>
<pin id="322" dir="1" index="1" bw="64" slack="0"/>
</pin_list>
<bind>
<opcode="load(27) " fcode="load"/>
<opset="t_load_1/4 "/>
</bind>
</comp>

<comp id="323" class="1004" name="u_2_load_1_load_fu_323">
<pin_list>
<pin id="324" dir="0" index="0" bw="64" slack="3"/>
<pin id="325" dir="1" index="1" bw="64" slack="0"/>
</pin_list>
<bind>
<opcode="load(27) " fcode="load"/>
<opset="u_2_load_1/4 "/>
</bind>
</comp>

<comp id="326" class="1004" name="v_2_load_1_load_fu_326">
<pin_list>
<pin id="327" dir="0" index="0" bw="64" slack="3"/>
<pin id="328" dir="1" index="1" bw="64" slack="0"/>
</pin_list>
<bind>
<opcode="load(27) " fcode="load"/>
<opset="v_2_load_1/4 "/>
</bind>
</comp>

<comp id="329" class="1004" name="UV_fu_329">
<pin_list>
<pin id="330" dir="0" index="0" bw="128" slack="0"/>
<pin id="331" dir="1" index="1" bw="64" slack="0"/>
</pin_list>
<bind>
<opcode="extractvalue(56) " fcode="extractvalue"/>
<opset="UV/4 "/>
</bind>
</comp>

<comp id="333" class="1004" name="UV_2_fu_333">
<pin_list>
<pin id="334" dir="0" index="0" bw="128" slack="0"/>
<pin id="335" dir="1" index="1" bw="64" slack="0"/>
</pin_list>
<bind>
<opcode="extractvalue(56) " fcode="extractvalue"/>
<opset="UV_2/4 "/>
</bind>
</comp>

<comp id="337" class="1004" name="v_3_fu_337">
<pin_list>
<pin id="338" dir="0" index="0" bw="64" slack="0"/>
<pin id="339" dir="0" index="1" bw="64" slack="0"/>
<pin id="340" dir="1" index="2" bw="64" slack="0"/>
</pin_list>
<bind>
<opcode="add(8) " fcode="add"/>
<opset="v_3/4 "/>
</bind>
</comp>

<comp id="343" class="1004" name="xor_ln105_fu_343">
<pin_list>
<pin id="344" dir="0" index="0" bw="64" slack="0"/>
<pin id="345" dir="0" index="1" bw="64" slack="0"/>
<pin id="346" dir="1" index="2" bw="64" slack="0"/>
</pin_list>
<bind>
<opcode="xor(25) " fcode="xor"/>
<opset="xor_ln105/4 "/>
</bind>
</comp>

<comp id="349" class="1004" name="xor_ln105_7_fu_349">
<pin_list>
<pin id="350" dir="0" index="0" bw="64" slack="0"/>
<pin id="351" dir="0" index="1" bw="64" slack="0"/>
<pin id="352" dir="1" index="2" bw="64" slack="0"/>
</pin_list>
<bind>
<opcode="xor(25) " fcode="xor"/>
<opset="xor_ln105_7/4 "/>
</bind>
</comp>

<comp id="355" class="1004" name="or_ln105_fu_355">
<pin_list>
<pin id="356" dir="0" index="0" bw="64" slack="0"/>
<pin id="357" dir="0" index="1" bw="64" slack="0"/>
<pin id="358" dir="1" index="2" bw="64" slack="0"/>
</pin_list>
<bind>
<opcode="or(24) " fcode="or"/>
<opset="or_ln105/4 "/>
</bind>
</comp>

<comp id="361" class="1004" name="xor_ln105_8_fu_361">
<pin_list>
<pin id="362" dir="0" index="0" bw="64" slack="0"/>
<pin id="363" dir="0" index="1" bw="64" slack="0"/>
<pin id="364" dir="1" index="2" bw="64" slack="0"/>
</pin_list>
<bind>
<opcode="xor(25) " fcode="xor"/>
<opset="xor_ln105_8/4 "/>
</bind>
</comp>

<comp id="367" class="1004" name="carry_fu_367">
<pin_list>
<pin id="368" dir="0" index="0" bw="1" slack="0"/>
<pin id="369" dir="0" index="1" bw="64" slack="0"/>
<pin id="370" dir="0" index="2" bw="7" slack="0"/>
<pin id="371" dir="1" index="3" bw="1" slack="0"/>
</pin_list>
<bind>
<opcode="bitselect(1000) " fcode="bitselect"/>
<opset="carry/4 "/>
</bind>
</comp>

<comp id="375" class="1004" name="zext_ln105_fu_375">
<pin_list>
<pin id="376" dir="0" index="0" bw="1" slack="0"/>
<pin id="377" dir="1" index="1" bw="64" slack="0"/>
</pin_list>
<bind>
<opcode="zext(34) " fcode="zext"/>
<opset="zext_ln105/4 "/>
</bind>
</comp>

<comp id="379" class="1004" name="tempReg_fu_379">
<pin_list>
<pin id="380" dir="0" index="0" bw="64" slack="0"/>
<pin id="381" dir="0" index="1" bw="1" slack="0"/>
<pin id="382" dir="1" index="2" bw="64" slack="0"/>
</pin_list>
<bind>
<opcode="add(8) " fcode="add"/>
<opset="tempReg/4 "/>
</bind>
</comp>

<comp id="385" class="1004" name="u_3_fu_385">
<pin_list>
<pin id="386" dir="0" index="0" bw="64" slack="0"/>
<pin id="387" dir="0" index="1" bw="64" slack="0"/>
<pin id="388" dir="1" index="2" bw="64" slack="0"/>
</pin_list>
<bind>
<opcode="add(8) " fcode="add"/>
<opset="u_3/4 "/>
</bind>
</comp>

<comp id="391" class="1004" name="bit_sel_fu_391">
<pin_list>
<pin id="392" dir="0" index="0" bw="1" slack="0"/>
<pin id="393" dir="0" index="1" bw="64" slack="0"/>
<pin id="394" dir="0" index="2" bw="7" slack="0"/>
<pin id="395" dir="1" index="3" bw="1" slack="0"/>
</pin_list>
<bind>
<opcode="bitselect(1000) " fcode="bitselect"/>
<opset="bit_sel/4 "/>
</bind>
</comp>

<comp id="399" class="1004" name="xor_ln105_9_fu_399">
<pin_list>
<pin id="400" dir="0" index="0" bw="1" slack="0"/>
<pin id="401" dir="0" index="1" bw="1" slack="0"/>
<pin id="402" dir="1" index="2" bw="1" slack="0"/>
</pin_list>
<bind>
<opcode="xor(25) " fcode="xor"/>
<opset="xor_ln105_9/4 "/>
</bind>
</comp>

<comp id="405" class="1004" name="trunc_ln105_fu_405">
<pin_list>
<pin id="406" dir="0" index="0" bw="64" slack="0"/>
<pin id="407" dir="1" index="1" bw="63" slack="0"/>
</pin_list>
<bind>
<opcode="trunc(33) " fcode="trunc"/>
<opset="trunc_ln105/4 "/>
</bind>
</comp>

<comp id="409" class="1004" name="xor_ln105_s_fu_409">
<pin_list>
<pin id="410" dir="0" index="0" bw="64" slack="0"/>
<pin id="411" dir="0" index="1" bw="1" slack="0"/>
<pin id="412" dir="0" index="2" bw="63" slack="0"/>
<pin id="413" dir="1" index="3" bw="64" slack="0"/>
</pin_list>
<bind>
<opcode="bitconcatenate(1004) " fcode="bitconcatenate"/>
<opset="xor_ln105_s/4 "/>
</bind>
</comp>

<comp id="417" class="1004" name="and_ln105_fu_417">
<pin_list>
<pin id="418" dir="0" index="0" bw="64" slack="0"/>
<pin id="419" dir="0" index="1" bw="64" slack="0"/>
<pin id="420" dir="1" index="2" bw="64" slack="0"/>
</pin_list>
<bind>
<opcode="and(23) " fcode="and"/>
<opset="and_ln105/4 "/>
</bind>
</comp>

<comp id="423" class="1004" name="tmp_5_fu_423">
<pin_list>
<pin id="424" dir="0" index="0" bw="1" slack="0"/>
<pin id="425" dir="0" index="1" bw="64" slack="0"/>
<pin id="426" dir="0" index="2" bw="7" slack="0"/>
<pin id="427" dir="1" index="3" bw="1" slack="0"/>
</pin_list>
<bind>
<opcode="bitselect(1000) " fcode="bitselect"/>
<opset="tmp_5/4 "/>
</bind>
</comp>

<comp id="431" class="1004" name="xor_ln105_10_fu_431">
<pin_list>
<pin id="432" dir="0" index="0" bw="64" slack="0"/>
<pin id="433" dir="0" index="1" bw="64" slack="0"/>
<pin id="434" dir="1" index="2" bw="64" slack="0"/>
</pin_list>
<bind>
<opcode="xor(25) " fcode="xor"/>
<opset="xor_ln105_10/4 "/>
</bind>
</comp>

<comp id="437" class="1004" name="xor_ln105_11_fu_437">
<pin_list>
<pin id="438" dir="0" index="0" bw="64" slack="0"/>
<pin id="439" dir="0" index="1" bw="64" slack="0"/>
<pin id="440" dir="1" index="2" bw="64" slack="0"/>
</pin_list>
<bind>
<opcode="xor(25) " fcode="xor"/>
<opset="xor_ln105_11/4 "/>
</bind>
</comp>

<comp id="443" class="1004" name="or_ln105_2_fu_443">
<pin_list>
<pin id="444" dir="0" index="0" bw="64" slack="0"/>
<pin id="445" dir="0" index="1" bw="64" slack="0"/>
<pin id="446" dir="1" index="2" bw="64" slack="0"/>
</pin_list>
<bind>
<opcode="or(24) " fcode="or"/>
<opset="or_ln105_2/4 "/>
</bind>
</comp>

<comp id="449" class="1004" name="xor_ln105_12_fu_449">
<pin_list>
<pin id="450" dir="0" index="0" bw="64" slack="0"/>
<pin id="451" dir="0" index="1" bw="64" slack="0"/>
<pin id="452" dir="1" index="2" bw="64" slack="0"/>
</pin_list>
<bind>
<opcode="xor(25) " fcode="xor"/>
<opset="xor_ln105_12/4 "/>
</bind>
</comp>

<comp id="455" class="1004" name="tmp_6_fu_455">
<pin_list>
<pin id="456" dir="0" index="0" bw="1" slack="0"/>
<pin id="457" dir="0" index="1" bw="64" slack="0"/>
<pin id="458" dir="0" index="2" bw="7" slack="0"/>
<pin id="459" dir="1" index="3" bw="1" slack="0"/>
</pin_list>
<bind>
<opcode="bitselect(1000) " fcode="bitselect"/>
<opset="tmp_6/4 "/>
</bind>
</comp>

<comp id="463" class="1004" name="carry_2_fu_463">
<pin_list>
<pin id="464" dir="0" index="0" bw="1" slack="0"/>
<pin id="465" dir="0" index="1" bw="1" slack="0"/>
<pin id="466" dir="1" index="2" bw="1" slack="0"/>
</pin_list>
<bind>
<opcode="or(24) " fcode="or"/>
<opset="carry_2/4 "/>
</bind>
</comp>

<comp id="469" class="1004" name="zext_ln321_fu_469">
<pin_list>
<pin id="470" dir="0" index="0" bw="1" slack="0"/>
<pin id="471" dir="1" index="1" bw="64" slack="0"/>
</pin_list>
<bind>
<opcode="zext(34) " fcode="zext"/>
<opset="zext_ln321/4 "/>
</bind>
</comp>

<comp id="473" class="1004" name="t_2_fu_473">
<pin_list>
<pin id="474" dir="0" index="0" bw="64" slack="0"/>
<pin id="475" dir="0" index="1" bw="1" slack="0"/>
<pin id="476" dir="1" index="2" bw="64" slack="0"/>
</pin_list>
<bind>
<opcode="add(8) " fcode="add"/>
<opset="t_2/4 "/>
</bind>
</comp>

<comp id="479" class="1004" name="store_ln303_store_fu_479">
<pin_list>
<pin id="480" dir="0" index="0" bw="64" slack="0"/>
<pin id="481" dir="0" index="1" bw="64" slack="3"/>
<pin id="482" dir="1" index="2" bw="0" slack="2147483647"/>
</pin_list>
<bind>
<opcode="store(28) " fcode="store"/>
<opset="store_ln303/4 "/>
</bind>
</comp>

<comp id="484" class="1004" name="store_ln303_store_fu_484">
<pin_list>
<pin id="485" dir="0" index="0" bw="64" slack="0"/>
<pin id="486" dir="0" index="1" bw="64" slack="3"/>
<pin id="487" dir="1" index="2" bw="0" slack="2147483647"/>
</pin_list>
<bind>
<opcode="store(28) " fcode="store"/>
<opset="store_ln303/4 "/>
</bind>
</comp>

<comp id="489" class="1004" name="store_ln303_store_fu_489">
<pin_list>
<pin id="490" dir="0" index="0" bw="64" slack="0"/>
<pin id="491" dir="0" index="1" bw="64" slack="3"/>
<pin id="492" dir="1" index="2" bw="0" slack="2147483647"/>
</pin_list>
<bind>
<opcode="store(28) " fcode="store"/>
<opset="store_ln303/4 "/>
</bind>
</comp>

<comp id="494" class="1004" name="t_load_load_fu_494">
<pin_list>
<pin id="495" dir="0" index="0" bw="64" slack="2"/>
<pin id="496" dir="1" index="1" bw="64" slack="0"/>
</pin_list>
<bind>
<opcode="load(27) " fcode="load"/>
<opset="t_load/3 "/>
</bind>
</comp>

<comp id="498" class="1004" name="u_2_load_load_fu_498">
<pin_list>
<pin id="499" dir="0" index="0" bw="64" slack="2"/>
<pin id="500" dir="1" index="1" bw="64" slack="0"/>
</pin_list>
<bind>
<opcode="load(27) " fcode="load"/>
<opset="u_2_load/3 "/>
</bind>
</comp>

<comp id="502" class="1004" name="v_2_load_load_fu_502">
<pin_list>
<pin id="503" dir="0" index="0" bw="64" slack="2"/>
<pin id="504" dir="1" index="1" bw="64" slack="0"/>
</pin_list>
<bind>
<opcode="load(27) " fcode="load"/>
<opset="v_2_load/3 "/>
</bind>
</comp>

<comp id="506" class="1005" name="j_reg_506">
<pin_list>
<pin id="507" dir="0" index="0" bw="3" slack="0"/>
<pin id="508" dir="1" index="1" bw="3" slack="0"/>
</pin_list>
<bind>
<opset="j "/>
</bind>
</comp>

<comp id="513" class="1005" name="t_reg_513">
<pin_list>
<pin id="514" dir="0" index="0" bw="64" slack="0"/>
<pin id="515" dir="1" index="1" bw="64" slack="0"/>
</pin_list>
<bind>
<opset="t "/>
</bind>
</comp>

<comp id="521" class="1005" name="u_2_reg_521">
<pin_list>
<pin id="522" dir="0" index="0" bw="64" slack="0"/>
<pin id="523" dir="1" index="1" bw="64" slack="0"/>
</pin_list>
<bind>
<opset="u_2 "/>
</bind>
</comp>

<comp id="529" class="1005" name="v_2_reg_529">
<pin_list>
<pin id="530" dir="0" index="0" bw="64" slack="0"/>
<pin id="531" dir="1" index="1" bw="64" slack="0"/>
</pin_list>
<bind>
<opset="v_2 "/>
</bind>
</comp>

<comp id="537" class="1005" name="icmp_ln314_reg_537">
<pin_list>
<pin id="538" dir="0" index="0" bw="1" slack="2"/>
<pin id="539" dir="1" index="1" bw="1" slack="2147483647"/>
</pin_list>
<bind>
<opset="icmp_ln314 "/>
</bind>
</comp>

<comp id="541" class="1005" name="trunc_ln314_reg_541">
<pin_list>
<pin id="542" dir="0" index="0" bw="1" slack="1"/>
<pin id="543" dir="1" index="1" bw="1" slack="1"/>
</pin_list>
<bind>
<opset="trunc_ln314 "/>
</bind>
</comp>

<comp id="546" class="1005" name="mc_0_addr_reg_546">
<pin_list>
<pin id="547" dir="0" index="0" bw="6" slack="1"/>
<pin id="548" dir="1" index="1" bw="6" slack="1"/>
</pin_list>
<bind>
<opset="mc_0_addr "/>
</bind>
</comp>

<comp id="551" class="1005" name="mc_1_addr_reg_551">
<pin_list>
<pin id="552" dir="0" index="0" bw="6" slack="1"/>
<pin id="553" dir="1" index="1" bw="6" slack="1"/>
</pin_list>
<bind>
<opset="mc_1_addr "/>
</bind>
</comp>

<comp id="556" class="1005" name="icmp_ln316_reg_556">
<pin_list>
<pin id="557" dir="0" index="0" bw="1" slack="1"/>
<pin id="558" dir="1" index="1" bw="1" slack="2147483647"/>
</pin_list>
<bind>
<opset="icmp_ln316 "/>
</bind>
</comp>

<comp id="560" class="1005" name="p503p1_1_addr_reg_560">
<pin_list>
<pin id="561" dir="0" index="0" bw="3" slack="1"/>
<pin id="562" dir="1" index="1" bw="3" slack="1"/>
</pin_list>
<bind>
<opset="p503p1_1_addr "/>
</bind>
</comp>

<comp id="565" class="1005" name="select_ln318_reg_565">
<pin_list>
<pin id="566" dir="0" index="0" bw="64" slack="1"/>
<pin id="567" dir="1" index="1" bw="64" slack="1"/>
</pin_list>
<bind>
<opset="select_ln318 "/>
</bind>
</comp>

<comp id="570" class="1005" name="p503p1_1_load_reg_570">
<pin_list>
<pin id="571" dir="0" index="0" bw="64" slack="1"/>
<pin id="572" dir="1" index="1" bw="64" slack="1"/>
</pin_list>
<bind>
<opset="p503p1_1_load "/>
</bind>
</comp>

</comp_list>

<net_list>
<net id="91"><net_src comp="26" pin="0"/><net_sink comp="88" pin=0"/></net>

<net id="95"><net_src comp="26" pin="0"/><net_sink comp="92" pin=0"/></net>

<net id="99"><net_src comp="26" pin="0"/><net_sink comp="96" pin=0"/></net>

<net id="103"><net_src comp="26" pin="0"/><net_sink comp="100" pin=0"/></net>

<net id="108"><net_src comp="36" pin="0"/><net_sink comp="104" pin=0"/></net>

<net id="109"><net_src comp="16" pin="0"/><net_sink comp="104" pin=1"/></net>

<net id="114"><net_src comp="38" pin="0"/><net_sink comp="110" pin=0"/></net>

<net id="115"><net_src comp="14" pin="0"/><net_sink comp="110" pin=1"/></net>

<net id="120"><net_src comp="38" pin="0"/><net_sink comp="116" pin=0"/></net>

<net id="121"><net_src comp="10" pin="0"/><net_sink comp="116" pin=1"/></net>

<net id="126"><net_src comp="38" pin="0"/><net_sink comp="122" pin=0"/></net>

<net id="127"><net_src comp="6" pin="0"/><net_sink comp="122" pin=1"/></net>

<net id="132"><net_src comp="36" pin="0"/><net_sink comp="128" pin=0"/></net>

<net id="133"><net_src comp="4" pin="0"/><net_sink comp="128" pin=1"/></net>

<net id="138"><net_src comp="40" pin="0"/><net_sink comp="134" pin=0"/></net>

<net id="139"><net_src comp="2" pin="0"/><net_sink comp="134" pin=1"/></net>

<net id="144"><net_src comp="40" pin="0"/><net_sink comp="140" pin=0"/></net>

<net id="145"><net_src comp="0" pin="0"/><net_sink comp="140" pin=1"/></net>

<net id="151"><net_src comp="86" pin="0"/><net_sink comp="146" pin=0"/></net>

<net id="152"><net_src comp="18" pin="0"/><net_sink comp="146" pin=1"/></net>

<net id="158"><net_src comp="86" pin="0"/><net_sink comp="153" pin=0"/></net>

<net id="159"><net_src comp="20" pin="0"/><net_sink comp="153" pin=1"/></net>

<net id="165"><net_src comp="86" pin="0"/><net_sink comp="160" pin=0"/></net>

<net id="166"><net_src comp="22" pin="0"/><net_sink comp="160" pin=1"/></net>

<net id="172"><net_src comp="8" pin="0"/><net_sink comp="167" pin=0"/></net>

<net id="173"><net_src comp="42" pin="0"/><net_sink comp="167" pin=1"/></net>

<net id="179"><net_src comp="12" pin="0"/><net_sink comp="174" pin=0"/></net>

<net id="180"><net_src comp="42" pin="0"/><net_sink comp="174" pin=1"/></net>

<net id="186"><net_src comp="167" pin="3"/><net_sink comp="181" pin=0"/></net>

<net id="192"><net_src comp="174" pin="3"/><net_sink comp="187" pin=0"/></net>

<net id="198"><net_src comp="24" pin="0"/><net_sink comp="193" pin=0"/></net>

<net id="199"><net_src comp="42" pin="0"/><net_sink comp="193" pin=1"/></net>

<net id="205"><net_src comp="193" pin="3"/><net_sink comp="200" pin=0"/></net>

<net id="211"><net_src comp="72" pin="0"/><net_sink comp="206" pin=0"/></net>

<net id="216"><net_src comp="140" pin="2"/><net_sink comp="212" pin=0"/></net>

<net id="221"><net_src comp="134" pin="2"/><net_sink comp="217" pin=0"/></net>

<net id="226"><net_src comp="42" pin="0"/><net_sink comp="222" pin=0"/></net>

<net id="231"><net_src comp="44" pin="0"/><net_sink comp="227" pin=0"/></net>

<net id="238"><net_src comp="232" pin="1"/><net_sink comp="235" pin=0"/></net>

<net id="243"><net_src comp="232" pin="1"/><net_sink comp="239" pin=0"/></net>

<net id="244"><net_src comp="128" pin="2"/><net_sink comp="239" pin=1"/></net>

<net id="249"><net_src comp="232" pin="1"/><net_sink comp="245" pin=0"/></net>

<net id="250"><net_src comp="46" pin="0"/><net_sink comp="245" pin=1"/></net>

<net id="254"><net_src comp="232" pin="1"/><net_sink comp="251" pin=0"/></net>

<net id="261"><net_src comp="66" pin="0"/><net_sink comp="255" pin=0"/></net>

<net id="262"><net_src comp="232" pin="1"/><net_sink comp="255" pin=1"/></net>

<net id="263"><net_src comp="26" pin="0"/><net_sink comp="255" pin=2"/></net>

<net id="264"><net_src comp="68" pin="0"/><net_sink comp="255" pin=3"/></net>

<net id="270"><net_src comp="70" pin="0"/><net_sink comp="265" pin=0"/></net>

<net id="271"><net_src comp="122" pin="2"/><net_sink comp="265" pin=1"/></net>

<net id="272"><net_src comp="255" pin="4"/><net_sink comp="265" pin=2"/></net>

<net id="276"><net_src comp="265" pin="3"/><net_sink comp="273" pin=0"/></net>

<net id="277"><net_src comp="273" pin="1"/><net_sink comp="167" pin=2"/></net>

<net id="283"><net_src comp="70" pin="0"/><net_sink comp="278" pin=0"/></net>

<net id="284"><net_src comp="116" pin="2"/><net_sink comp="278" pin=1"/></net>

<net id="285"><net_src comp="255" pin="4"/><net_sink comp="278" pin=2"/></net>

<net id="289"><net_src comp="278" pin="3"/><net_sink comp="286" pin=0"/></net>

<net id="290"><net_src comp="286" pin="1"/><net_sink comp="174" pin=2"/></net>

<net id="295"><net_src comp="235" pin="1"/><net_sink comp="291" pin=0"/></net>

<net id="296"><net_src comp="110" pin="2"/><net_sink comp="291" pin=1"/></net>

<net id="301"><net_src comp="104" pin="2"/><net_sink comp="297" pin=0"/></net>

<net id="302"><net_src comp="232" pin="1"/><net_sink comp="297" pin=1"/></net>

<net id="306"><net_src comp="297" pin="2"/><net_sink comp="303" pin=0"/></net>

<net id="307"><net_src comp="303" pin="1"/><net_sink comp="193" pin=2"/></net>

<net id="312"><net_src comp="245" pin="2"/><net_sink comp="308" pin=0"/></net>

<net id="318"><net_src comp="187" pin="3"/><net_sink comp="313" pin=1"/></net>

<net id="319"><net_src comp="181" pin="3"/><net_sink comp="313" pin=2"/></net>

<net id="332"><net_src comp="206" pin="3"/><net_sink comp="329" pin=0"/></net>

<net id="336"><net_src comp="206" pin="3"/><net_sink comp="333" pin=0"/></net>

<net id="341"><net_src comp="329" pin="1"/><net_sink comp="337" pin=0"/></net>

<net id="342"><net_src comp="326" pin="1"/><net_sink comp="337" pin=1"/></net>

<net id="347"><net_src comp="329" pin="1"/><net_sink comp="343" pin=0"/></net>

<net id="348"><net_src comp="337" pin="2"/><net_sink comp="343" pin=1"/></net>

<net id="353"><net_src comp="326" pin="1"/><net_sink comp="349" pin=0"/></net>

<net id="354"><net_src comp="329" pin="1"/><net_sink comp="349" pin=1"/></net>

<net id="359"><net_src comp="349" pin="2"/><net_sink comp="355" pin=0"/></net>

<net id="360"><net_src comp="343" pin="2"/><net_sink comp="355" pin=1"/></net>

<net id="365"><net_src comp="355" pin="2"/><net_sink comp="361" pin=0"/></net>

<net id="366"><net_src comp="337" pin="2"/><net_sink comp="361" pin=1"/></net>

<net id="372"><net_src comp="74" pin="0"/><net_sink comp="367" pin=0"/></net>

<net id="373"><net_src comp="361" pin="2"/><net_sink comp="367" pin=1"/></net>

<net id="374"><net_src comp="76" pin="0"/><net_sink comp="367" pin=2"/></net>

<net id="378"><net_src comp="367" pin="3"/><net_sink comp="375" pin=0"/></net>

<net id="383"><net_src comp="333" pin="1"/><net_sink comp="379" pin=0"/></net>

<net id="384"><net_src comp="375" pin="1"/><net_sink comp="379" pin=1"/></net>

<net id="389"><net_src comp="379" pin="2"/><net_sink comp="385" pin=0"/></net>

<net id="390"><net_src comp="323" pin="1"/><net_sink comp="385" pin=1"/></net>

<net id="396"><net_src comp="78" pin="0"/><net_sink comp="391" pin=0"/></net>

<net id="397"><net_src comp="379" pin="2"/><net_sink comp="391" pin=1"/></net>

<net id="398"><net_src comp="80" pin="0"/><net_sink comp="391" pin=2"/></net>

<net id="403"><net_src comp="391" pin="3"/><net_sink comp="399" pin=0"/></net>

<net id="404"><net_src comp="82" pin="0"/><net_sink comp="399" pin=1"/></net>

<net id="408"><net_src comp="379" pin="2"/><net_sink comp="405" pin=0"/></net>

<net id="414"><net_src comp="84" pin="0"/><net_sink comp="409" pin=0"/></net>

<net id="415"><net_src comp="399" pin="2"/><net_sink comp="409" pin=1"/></net>

<net id="416"><net_src comp="405" pin="1"/><net_sink comp="409" pin=2"/></net>

<net id="421"><net_src comp="333" pin="1"/><net_sink comp="417" pin=0"/></net>

<net id="422"><net_src comp="409" pin="3"/><net_sink comp="417" pin=1"/></net>

<net id="428"><net_src comp="74" pin="0"/><net_sink comp="423" pin=0"/></net>

<net id="429"><net_src comp="417" pin="2"/><net_sink comp="423" pin=1"/></net>

<net id="430"><net_src comp="76" pin="0"/><net_sink comp="423" pin=2"/></net>

<net id="435"><net_src comp="379" pin="2"/><net_sink comp="431" pin=0"/></net>

<net id="436"><net_src comp="385" pin="2"/><net_sink comp="431" pin=1"/></net>

<net id="441"><net_src comp="323" pin="1"/><net_sink comp="437" pin=0"/></net>

<net id="442"><net_src comp="379" pin="2"/><net_sink comp="437" pin=1"/></net>

<net id="447"><net_src comp="437" pin="2"/><net_sink comp="443" pin=0"/></net>

<net id="448"><net_src comp="431" pin="2"/><net_sink comp="443" pin=1"/></net>

<net id="453"><net_src comp="443" pin="2"/><net_sink comp="449" pin=0"/></net>

<net id="454"><net_src comp="385" pin="2"/><net_sink comp="449" pin=1"/></net>

<net id="460"><net_src comp="74" pin="0"/><net_sink comp="455" pin=0"/></net>

<net id="461"><net_src comp="449" pin="2"/><net_sink comp="455" pin=1"/></net>

<net id="462"><net_src comp="76" pin="0"/><net_sink comp="455" pin=2"/></net>

<net id="467"><net_src comp="455" pin="3"/><net_sink comp="463" pin=0"/></net>

<net id="468"><net_src comp="423" pin="3"/><net_sink comp="463" pin=1"/></net>

<net id="472"><net_src comp="463" pin="2"/><net_sink comp="469" pin=0"/></net>

<net id="477"><net_src comp="320" pin="1"/><net_sink comp="473" pin=0"/></net>

<net id="478"><net_src comp="469" pin="1"/><net_sink comp="473" pin=1"/></net>

<net id="483"><net_src comp="337" pin="2"/><net_sink comp="479" pin=0"/></net>

<net id="488"><net_src comp="385" pin="2"/><net_sink comp="484" pin=0"/></net>

<net id="493"><net_src comp="473" pin="2"/><net_sink comp="489" pin=0"/></net>

<net id="497"><net_src comp="494" pin="1"/><net_sink comp="160" pin=2"/></net>

<net id="501"><net_src comp="498" pin="1"/><net_sink comp="153" pin=2"/></net>

<net id="505"><net_src comp="502" pin="1"/><net_sink comp="146" pin=2"/></net>

<net id="509"><net_src comp="88" pin="1"/><net_sink comp="506" pin=0"/></net>

<net id="510"><net_src comp="506" pin="1"/><net_sink comp="227" pin=1"/></net>

<net id="511"><net_src comp="506" pin="1"/><net_sink comp="232" pin=0"/></net>

<net id="512"><net_src comp="506" pin="1"/><net_sink comp="308" pin=1"/></net>

<net id="516"><net_src comp="92" pin="1"/><net_sink comp="513" pin=0"/></net>

<net id="517"><net_src comp="513" pin="1"/><net_sink comp="222" pin=1"/></net>

<net id="518"><net_src comp="513" pin="1"/><net_sink comp="320" pin=0"/></net>

<net id="519"><net_src comp="513" pin="1"/><net_sink comp="489" pin=1"/></net>

<net id="520"><net_src comp="513" pin="1"/><net_sink comp="494" pin=0"/></net>

<net id="524"><net_src comp="96" pin="1"/><net_sink comp="521" pin=0"/></net>

<net id="525"><net_src comp="521" pin="1"/><net_sink comp="217" pin=1"/></net>

<net id="526"><net_src comp="521" pin="1"/><net_sink comp="323" pin=0"/></net>

<net id="527"><net_src comp="521" pin="1"/><net_sink comp="484" pin=1"/></net>

<net id="528"><net_src comp="521" pin="1"/><net_sink comp="498" pin=0"/></net>

<net id="532"><net_src comp="100" pin="1"/><net_sink comp="529" pin=0"/></net>

<net id="533"><net_src comp="529" pin="1"/><net_sink comp="212" pin=1"/></net>

<net id="534"><net_src comp="529" pin="1"/><net_sink comp="326" pin=0"/></net>

<net id="535"><net_src comp="529" pin="1"/><net_sink comp="479" pin=1"/></net>

<net id="536"><net_src comp="529" pin="1"/><net_sink comp="502" pin=0"/></net>

<net id="540"><net_src comp="239" pin="2"/><net_sink comp="537" pin=0"/></net>

<net id="544"><net_src comp="251" pin="1"/><net_sink comp="541" pin=0"/></net>

<net id="545"><net_src comp="541" pin="1"/><net_sink comp="313" pin=0"/></net>

<net id="549"><net_src comp="167" pin="3"/><net_sink comp="546" pin=0"/></net>

<net id="550"><net_src comp="546" pin="1"/><net_sink comp="181" pin=0"/></net>

<net id="554"><net_src comp="174" pin="3"/><net_sink comp="551" pin=0"/></net>

<net id="555"><net_src comp="551" pin="1"/><net_sink comp="187" pin=0"/></net>

<net id="559"><net_src comp="291" pin="2"/><net_sink comp="556" pin=0"/></net>

<net id="563"><net_src comp="193" pin="3"/><net_sink comp="560" pin=0"/></net>

<net id="564"><net_src comp="560" pin="1"/><net_sink comp="200" pin=0"/></net>

<net id="568"><net_src comp="313" pin="3"/><net_sink comp="565" pin=0"/></net>

<net id="569"><net_src comp="565" pin="1"/><net_sink comp="206" pin=1"/></net>

<net id="573"><net_src comp="200" pin="3"/><net_sink comp="570" pin=0"/></net>

<net id="574"><net_src comp="570" pin="1"/><net_sink comp="206" pin=2"/></net>

</net_list>

</model> 
---------------- Datapath Model END ------------------

* FSMD analyzer results:
  - Output states:
	Port: mc_0 | {}
	Port: mc_1 | {}
	Port: v_18_out | {3 }
	Port: u_16_out | {3 }
	Port: t_10_out | {3 }
	Port: p503p1_1 | {}
 - Input state : 
	Port: rdc_mont.9_Pipeline_VITIS_LOOP_314_3 : v | {1 }
	Port: rdc_mont.9_Pipeline_VITIS_LOOP_314_3 : u | {1 }
	Port: rdc_mont.9_Pipeline_VITIS_LOOP_314_3 : i_5 | {1 }
	Port: rdc_mont.9_Pipeline_VITIS_LOOP_314_3 : mc_0_offset | {1 }
	Port: rdc_mont.9_Pipeline_VITIS_LOOP_314_3 : mc_0 | {1 2 }
	Port: rdc_mont.9_Pipeline_VITIS_LOOP_314_3 : mc_1_offset | {1 }
	Port: rdc_mont.9_Pipeline_VITIS_LOOP_314_3 : mc_1 | {1 2 }
	Port: rdc_mont.9_Pipeline_VITIS_LOOP_314_3 : add_ln314 | {1 }
	Port: rdc_mont.9_Pipeline_VITIS_LOOP_314_3 : empty | {1 }
	Port: rdc_mont.9_Pipeline_VITIS_LOOP_314_3 : p503p1_1 | {1 2 }
  - Chain level:
	State 1
		store_ln303 : 1
		store_ln302 : 1
		j_2 : 1
		zext_ln314 : 2
		icmp_ln314 : 2
		add_ln314_1 : 2
		br_ln314 : 3
		trunc_ln314 : 2
		lshr_ln2 : 2
		tmp_s : 3
		zext_ln318_1 : 4
		mc_0_addr : 5
		tmp_1 : 3
		zext_ln318_2 : 4
		mc_1_addr : 5
		icmp_ln316 : 3
		br_ln316 : 4
		mc_0_load : 6
		mc_1_load : 6
		sub_ln318 : 2
		zext_ln318 : 3
		p503p1_1_addr : 4
		p503p1_1_load : 5
		store_ln302 : 3
	State 2
		select_ln318 : 1
	State 3
		write_ln0 : 1
		write_ln0 : 1
		write_ln0 : 1
	State 4
		UV : 1
		UV_2 : 1
		v_3 : 2
		xor_ln105 : 3
		xor_ln105_7 : 2
		or_ln105 : 3
		xor_ln105_8 : 3
		carry : 3
		zext_ln105 : 4
		tempReg : 5
		u_3 : 6
		bit_sel : 6
		xor_ln105_9 : 7
		trunc_ln105 : 6
		xor_ln105_s : 7
		and_ln105 : 8
		tmp_5 : 8
		xor_ln105_10 : 7
		xor_ln105_11 : 6
		or_ln105_2 : 7
		xor_ln105_12 : 7
		tmp_6 : 7
		carry_2 : 9
		zext_ln321 : 9
		t_2 : 10
		store_ln303 : 3
		store_ln303 : 7
		store_ln303 : 11


============================================================
+ Verbose Summary: Datapath Resource usage 
============================================================

* Functional unit list:
|----------|------------------------------|---------|---------|---------|
| Operation|        Functional Unit       |   DSP   |    FF   |   LUT   |
|----------|------------------------------|---------|---------|---------|
|   call   |   grp_digit_x_digit_fu_206   |    16   |   130   |   476   |
|----------|------------------------------|---------|---------|---------|
|          |       xor_ln105_fu_343       |    0    |    0    |    64   |
|          |      xor_ln105_7_fu_349      |    0    |    0    |    64   |
|          |      xor_ln105_8_fu_361      |    0    |    0    |    64   |
|    xor   |      xor_ln105_9_fu_399      |    0    |    0    |    2    |
|          |      xor_ln105_10_fu_431     |    0    |    0    |    64   |
|          |      xor_ln105_11_fu_437     |    0    |    0    |    64   |
|          |      xor_ln105_12_fu_449     |    0    |    0    |    64   |
|----------|------------------------------|---------|---------|---------|
|          |      add_ln314_1_fu_245      |    0    |    0    |    10   |
|          |          v_3_fu_337          |    0    |    0    |    71   |
|    add   |        tempReg_fu_379        |    0    |    0    |    71   |
|          |          u_3_fu_385          |    0    |    0    |    71   |
|          |          t_2_fu_473          |    0    |    0    |    71   |
|----------|------------------------------|---------|---------|---------|
|          |        or_ln105_fu_355       |    0    |    0    |    64   |
|    or    |       or_ln105_2_fu_443      |    0    |    0    |    64   |
|          |        carry_2_fu_463        |    0    |    0    |    2    |
|----------|------------------------------|---------|---------|---------|
|    and   |       and_ln105_fu_417       |    0    |    0    |    64   |
|----------|------------------------------|---------|---------|---------|
|  select  |      select_ln318_fu_313     |    0    |    0    |    63   |
|----------|------------------------------|---------|---------|---------|
|   icmp   |       icmp_ln314_fu_239      |    0    |    0    |    10   |
|          |       icmp_ln316_fu_291      |    0    |    0    |    12   |
|----------|------------------------------|---------|---------|---------|
|    sub   |       sub_ln318_fu_297       |    0    |    0    |    10   |
|----------|------------------------------|---------|---------|---------|
|          |        tmp_read_fu_104       |    0    |    0    |    0    |
|          |  add_ln314_read_read_fu_110  |    0    |    0    |    0    |
|          | mc_1_offset_read_read_fu_116 |    0    |    0    |    0    |
|   read   | mc_0_offset_read_read_fu_122 |    0    |    0    |    0    |
|          |     i_5_read_read_fu_128     |    0    |    0    |    0    |
|          |      u_read_read_fu_134      |    0    |    0    |    0    |
|          |      v_read_read_fu_140      |    0    |    0    |    0    |
|----------|------------------------------|---------|---------|---------|
|          |    write_ln0_write_fu_146    |    0    |    0    |    0    |
|   write  |    write_ln0_write_fu_153    |    0    |    0    |    0    |
|          |    write_ln0_write_fu_160    |    0    |    0    |    0    |
|----------|------------------------------|---------|---------|---------|
|          |       zext_ln314_fu_235      |    0    |    0    |    0    |
|          |      zext_ln318_1_fu_273     |    0    |    0    |    0    |
|   zext   |      zext_ln318_2_fu_286     |    0    |    0    |    0    |
|          |       zext_ln318_fu_303      |    0    |    0    |    0    |
|          |       zext_ln105_fu_375      |    0    |    0    |    0    |
|          |       zext_ln321_fu_469      |    0    |    0    |    0    |
|----------|------------------------------|---------|---------|---------|
|   trunc  |      trunc_ln314_fu_251      |    0    |    0    |    0    |
|          |      trunc_ln105_fu_405      |    0    |    0    |    0    |
|----------|------------------------------|---------|---------|---------|
|partselect|        lshr_ln2_fu_255       |    0    |    0    |    0    |
|----------|------------------------------|---------|---------|---------|
|          |         tmp_s_fu_265         |    0    |    0    |    0    |
|bitconcatenate|         tmp_1_fu_278         |    0    |    0    |    0    |
|          |      xor_ln105_s_fu_409      |    0    |    0    |    0    |
|----------|------------------------------|---------|---------|---------|
|extractvalue|           UV_fu_329          |    0    |    0    |    0    |
|          |          UV_2_fu_333         |    0    |    0    |    0    |
|----------|------------------------------|---------|---------|---------|
|          |         carry_fu_367         |    0    |    0    |    0    |
| bitselect|        bit_sel_fu_391        |    0    |    0    |    0    |
|          |         tmp_5_fu_423         |    0    |    0    |    0    |
|          |         tmp_6_fu_455         |    0    |    0    |    0    |
|----------|------------------------------|---------|---------|---------|
|   Total  |                              |    16   |   130   |   1445  |
|----------|------------------------------|---------|---------|---------|

Memories:
N/A

* Register list:
+---------------------+--------+
|                     |   FF   |
+---------------------+--------+
|  icmp_ln314_reg_537 |    1   |
|  icmp_ln316_reg_556 |    1   |
|      j_reg_506      |    3   |
|  mc_0_addr_reg_546  |    6   |
|  mc_1_addr_reg_551  |    6   |
|p503p1_1_addr_reg_560|    3   |
|p503p1_1_load_reg_570|   64   |
| select_ln318_reg_565|   64   |
|      t_reg_513      |   64   |
| trunc_ln314_reg_541 |    1   |
|     u_2_reg_521     |   64   |
|     v_2_reg_529     |   64   |
+---------------------+--------+
|        Total        |   341  |
+---------------------+--------+

* Multiplexer (MUX) list: 
|-------------------|------|------|------|--------||---------||---------||---------|
|        Comp       |  Pin | Size |  BW  | S x BW ||  Delay  ||    FF   ||   LUT   |
|-------------------|------|------|------|--------||---------||---------||---------|
| grp_access_fu_181 |  p0  |   2  |   6  |   12   ||    0    ||    9    |
| grp_access_fu_187 |  p0  |   2  |   6  |   12   ||    0    ||    9    |
| grp_access_fu_200 |  p0  |   2  |   3  |    6   ||    0    ||    9    |
|-------------------|------|------|------|--------||---------||---------||---------|
|       Total       |      |      |      |   30   ||  1.161  ||    0    ||    27   |
|-------------------|------|------|------|--------||---------||---------||---------|



* Summary:
+-----------+--------+--------+--------+--------+
|           |   DSP  |  Delay |   FF   |   LUT  |
+-----------+--------+--------+--------+--------+
|  Function |   16   |    -   |   130  |  1445  |
|   Memory  |    -   |    -   |    -   |    -   |
|Multiplexer|    -   |    1   |    0   |   27   |
|  Register |    -   |    -   |   341  |    -   |
+-----------+--------+--------+--------+--------+
|   Total   |   16   |    1   |   471  |  1472  |
+-----------+--------+--------+--------+--------+
