

================================================================
== Vitis HLS Report for 'mul_90'
================================================================
* Date:           Wed Aug 26 17:13:12 2026

* Version:        2024.2.2 (Build 6049644 on Mar  5 2025)
* Project:        sikep503_hls_montcsa
* Solution:       solution1 (Vivado IP Flow Target)
* Product family: virtexuplus58g
* Target device:  xcvu29p-fsga2577-2L-e


================================================================
== Performance Estimates
================================================================
+ Timing: 
    * Summary: 
    +--------+----------+----------+------------+
    |  Clock |  Target  | Estimated| Uncertainty|
    +--------+----------+----------+------------+
    |ap_clk  |  10.00 ns|  7.299 ns|     2.70 ns|
    +--------+----------+----------+------------+

+ Latency: 
    * Summary: 
    +---------+---------+----------+----------+-----+-----+---------+
    |  Latency (cycles) |  Latency (absolute) |  Interval | Pipeline|
    |   min   |   max   |    min   |    max   | min | max |   Type  |
    +---------+---------+----------+----------+-----+-----+---------+
    |       23|       23|  0.230 us|  0.230 us|   23|   23|       no|
    +---------+---------+----------+----------+-----+-----+---------+

    + Detail: 
        * Instance: 
        N/A

        * Loop: 
        N/A



================================================================
== Utilization Estimates
================================================================
* Summary: 
+---------------------+---------+-------+---------+---------+------+
|         Name        | BRAM_18K|  DSP  |    FF   |   LUT   | URAM |
+---------------------+---------+-------+---------+---------+------+
|DSP                  |        -|      -|        -|        -|     -|
|Expression           |        -|      -|        0|   157646|     -|
|FIFO                 |        -|      -|        -|        -|     -|
|Instance             |        -|    386|        0|     1264|     -|
|Memory               |        -|      -|        -|        -|     -|
|Multiplexer          |        -|      -|        0|     1456|     -|
|Register             |        -|      -|    19624|        -|     -|
+---------------------+---------+-------+---------+---------+------+
|Total                |        0|    386|    19624|   160366|     0|
+---------------------+---------+-------+---------+---------+------+
|Available SLR        |     1344|   3072|   864000|   432000|   320|
+---------------------+---------+-------+---------+---------+------+
|Utilization SLR (%)  |        0|     12|        2|       37|     0|
+---------------------+---------+-------+---------+---------+------+
|Available            |     5376|  12288|  3456000|  1728000|  1280|
+---------------------+---------+-------+---------+---------+------+
|Utilization (%)      |        0|      3|       ~0|        9|     0|
+---------------------+---------+-------+---------+---------+------+

+ Detail: 
    * Instance: 
    +-----------------------------+-----------------------+---------+----+---+----+-----+
    |           Instance          |         Module        | BRAM_18K| DSP| FF| LUT| URAM|
    +-----------------------------+-----------------------+---------+----+---+----+-----+
    |mul_64ns_56ns_119_1_1_U2946  |mul_64ns_56ns_119_1_1  |        0|  12|  0|  45|    0|
    |mul_64ns_56ns_119_1_1_U2947  |mul_64ns_56ns_119_1_1  |        0|  12|  0|  45|    0|
    |mul_64ns_62ns_125_1_1_U2948  |mul_64ns_62ns_125_1_1  |        0|  16|  0|  45|    0|
    |mul_64ns_62ns_125_1_1_U2949  |mul_64ns_62ns_125_1_1  |        0|  16|  0|  45|    0|
    |mul_64ns_62ns_125_1_1_U2950  |mul_64ns_62ns_125_1_1  |        0|  16|  0|  45|    0|
    |mul_64ns_62ns_125_1_1_U2951  |mul_64ns_62ns_125_1_1  |        0|  16|  0|  45|    0|
    |mul_64ns_64ns_127_1_1_U2952  |mul_64ns_64ns_127_1_1  |        0|  16|  0|  45|    0|
    |mul_64ns_64ns_127_1_1_U2953  |mul_64ns_64ns_127_1_1  |        0|  16|  0|  45|    0|
    |mul_64ns_64ns_128_1_1_U2937  |mul_64ns_64ns_128_1_1  |        0|  16|  0|  45|    0|
    |mul_64ns_64ns_128_1_1_U2938  |mul_64ns_64ns_128_1_1  |        0|  16|  0|  45|    0|
    |mul_64ns_64ns_128_1_1_U2939  |mul_64ns_64ns_128_1_1  |        0|  16|  0|  45|    0|
    |mul_64ns_64ns_128_1_1_U2940  |mul_64ns_64ns_128_1_1  |        0|  16|  0|  45|    0|
    |mul_64ns_64ns_128_1_1_U2941  |mul_64ns_64ns_128_1_1  |        0|  16|  0|  45|    0|
    |mul_64ns_64ns_128_1_1_U2942  |mul_64ns_64ns_128_1_1  |        0|  16|  0|  45|    0|
    |mul_64ns_64ns_128_1_1_U2943  |mul_64ns_64ns_128_1_1  |        0|  16|  0|  45|    0|
    |mul_64ns_64ns_128_1_1_U2944  |mul_64ns_64ns_128_1_1  |        0|  16|  0|  45|    0|
    |mul_64ns_64ns_128_1_1_U2945  |mul_64ns_64ns_128_1_1  |        0|  16|  0|  45|    0|
    |mul_64ns_65ns_128_1_1_U2954  |mul_64ns_65ns_128_1_1  |        0|  16|  0|  47|    0|
    |mul_64ns_65ns_128_1_1_U2955  |mul_64ns_65ns_128_1_1  |        0|  16|  0|  47|    0|
    |mul_64s_62ns_64_1_1_U2959    |mul_64s_62ns_64_1_1    |        0|  10|  0|  45|    0|
    |mul_64s_62ns_64_1_1_U2961    |mul_64s_62ns_64_1_1    |        0|  10|  0|  45|    0|
    |mul_64s_64ns_64_1_1_U2956    |mul_64s_64ns_64_1_1    |        0|  10|  0|  45|    0|
    |mul_64s_64ns_64_1_1_U2957    |mul_64s_64ns_64_1_1    |        0|  10|  0|  45|    0|
    |mul_64s_64ns_64_1_1_U2958    |mul_64s_64ns_64_1_1    |        0|  10|  0|  45|    0|
    |mul_64s_64ns_64_1_1_U2960    |mul_64s_64ns_64_1_1    |        0|  10|  0|  45|    0|
    |mul_64s_64ns_64_1_1_U2962    |mul_64s_64ns_64_1_1    |        0|  10|  0|  45|    0|
    |mul_64s_64s_64_1_1_U2963     |mul_64s_64s_64_1_1     |        0|  10|  0|  45|    0|
    |mul_64s_64s_64_1_1_U2964     |mul_64s_64s_64_1_1     |        0|  10|  0|  45|    0|
    +-----------------------------+-----------------------+---------+----+---+----+-----+
    |Total                        |                       |        0| 386|  0|1264|    0|
    +-----------------------------+-----------------------+---------+----+---+----+-----+

    * DSP: 
    N/A

    * Memory: 
    N/A

    * FIFO: 
    N/A

    * Expression: 
    +------------------------------+----------+----+---+------+------------+------------+
    |         Variable Name        | Operation| DSP| FF|  LUT | Bitwidth P0| Bitwidth P1|
    +------------------------------+----------+----+---+------+------------+------------+
    |add_ln114_10_fu_14251_p2      |         +|   0|  0|    98|          77|          77|
    |add_ln114_12_fu_21688_p2      |         +|   0|  0|   104|          79|          79|
    |add_ln114_2_fu_2516_p2        |         +|   0|  0|    76|          69|          69|
    |add_ln114_4_fu_4025_p2        |         +|   0|  0|    80|          71|          71|
    |add_ln114_6_fu_6158_p2        |         +|   0|  0|    86|          73|          73|
    |add_ln114_8_fu_9594_p2        |         +|   0|  0|    92|          75|          75|
    |add_ln114_fu_1522_p2          |         +|   0|  0|    74|          67|          67|
    |add_ln194_10_fu_31365_p2      |         +|   0|  0|    74|          67|          67|
    |add_ln194_12_fu_31399_p2      |         +|   0|  0|    65|          65|          65|
    |add_ln194_2_fu_30382_p2       |         +|   0|  0|    92|          75|          75|
    |add_ln194_4_fu_31013_p2       |         +|   0|  0|    86|          73|          73|
    |add_ln194_6_fu_31047_p2       |         +|   0|  0|    80|          71|          71|
    |add_ln194_8_fu_31331_p2       |         +|   0|  0|    76|          69|          69|
    |add_ln194_fu_30348_p2         |         +|   0|  0|    98|          77|          77|
    |add_ln195_fu_30323_p2         |         +|   0|  0|    71|          64|          64|
    |add_ln209_2_fu_31480_p2       |         +|   0|  0|    65|          65|          65|
    |add_ln209_3_fu_31511_p2       |         +|   0|  0|    65|          65|          65|
    |add_ln209_4_fu_31542_p2       |         +|   0|  0|    65|          65|          62|
    |add_ln209_5_fu_31573_p2       |         +|   0|  0|    65|          65|          62|
    |add_ln209_6_fu_31604_p2       |         +|   0|  0|    65|          65|          64|
    |add_ln209_7_fu_31635_p2       |         +|   0|  0|    65|          65|          56|
    |add_ln209_fu_31449_p2         |         +|   0|  0|    65|          65|          65|
    |d_fu_31426_p2                 |         +|   0|  0|    72|          65|          65|
    |s_1_fu_30358_p2               |         +|   0|  0|   101|          78|          78|
    |s_2_fu_30392_p2               |         +|   0|  0|    95|          76|          76|
    |s_3_fu_31023_p2               |         +|   0|  0|    89|          74|          74|
    |s_4_fu_31057_p2               |         +|   0|  0|    83|          72|          72|
    |s_5_fu_31341_p2               |         +|   0|  0|    77|          70|          70|
    |s_6_fu_31375_p2               |         +|   0|  0|    75|          68|          68|
    |s_7_fu_31405_p2               |         +|   0|  0|    65|          65|          65|
    |s_fu_30328_p2                 |         +|   0|  0|   104|          79|          79|
    |tiny1_1_fu_2541_p2            |         +|   0|  0|    77|          70|          70|
    |tiny1_2_fu_4618_p2            |         +|   0|  0|    83|          72|          72|
    |tiny1_3_fu_6168_p2            |         +|   0|  0|    89|          74|          74|
    |tiny1_4_fu_12016_p2           |         +|   0|  0|    95|          76|          76|
    |tiny1_5_fu_14261_p2           |         +|   0|  0|   101|          78|          78|
    |tiny1_6_fu_21698_p2           |         +|   0|  0|   107|          80|          80|
    |tiny1_fu_1532_p2              |         +|   0|  0|    75|          68|          68|
    |tiny2_1_fu_1727_p2            |         +|   0|  0|    72|          65|          65|
    |tiny2_2_fu_3181_p2            |         +|   0|  0|    72|          65|          65|
    |tiny2_3_fu_5294_p2            |         +|   0|  0|    72|          65|          65|
    |tiny2_4_fu_8664_p2            |         +|   0|  0|    72|          65|          65|
    |tiny2_5_fu_13425_p2           |         +|   0|  0|    72|          65|          65|
    |tiny2_6_fu_20804_p2           |         +|   0|  0|    72|          65|          65|
    |tiny2_7_fu_24987_p2           |         +|   0|  0|    72|          65|          65|
    |tiny2_fu_1212_p2              |         +|   0|  0|    72|          65|          65|
    |d_1_fu_31455_p2               |         -|   0|  0|    65|          65|          65|
    |d_2_fu_31486_p2               |         -|   0|  0|    65|          65|          65|
    |d_3_fu_31517_p2               |         -|   0|  0|    65|          65|          65|
    |d_4_fu_31548_p2               |         -|   0|  0|    65|          65|          65|
    |d_5_fu_31579_p2               |         -|   0|  0|    65|          65|          65|
    |d_6_fu_31610_p2               |         -|   0|  0|    65|          65|          65|
    |d_7_fu_31641_p2               |         -|   0|  0|    65|          65|          65|
    |pm0_lo_1_fu_1718_p2           |         -|   0|  0|    71|           1|          64|
    |pm0_lo_2_fu_3172_p2           |         -|   0|  0|    71|           1|          64|
    |pm0_lo_3_fu_5285_p2           |         -|   0|  0|    71|           1|          64|
    |pm0_lo_4_fu_8651_p2           |         -|   0|  0|    71|           1|          64|
    |pm0_lo_5_fu_13412_p2          |         -|   0|  0|    71|           1|          64|
    |pm0_lo_6_fu_20795_p2          |         -|   0|  0|    71|           1|          64|
    |pm0_lo_7_fu_24970_p2          |         -|   0|  0|    71|           1|          64|
    |pm0_lo_fu_1203_p2             |         -|   0|  0|    71|           1|          64|
    |and_ln217_10_fu_31784_p2      |       and|   0|  0|    64|          64|          64|
    |and_ln217_11_fu_31789_p2      |       and|   0|  0|    64|          64|          64|
    |and_ln217_12_fu_31801_p2      |       and|   0|  0|    64|          64|          64|
    |and_ln217_13_fu_31806_p2      |       and|   0|  0|    64|          64|          64|
    |and_ln217_14_fu_31818_p2      |       and|   0|  0|    64|          64|          64|
    |and_ln217_15_fu_31823_p2      |       and|   0|  0|    64|          64|          64|
    |and_ln217_1_fu_31702_p2       |       and|   0|  0|    64|          64|          64|
    |and_ln217_2_fu_31715_p2       |       and|   0|  0|    64|          64|          64|
    |and_ln217_3_fu_31720_p2       |       and|   0|  0|    64|          64|          64|
    |and_ln217_4_fu_31733_p2       |       and|   0|  0|    64|          64|          64|
    |and_ln217_5_fu_31738_p2       |       and|   0|  0|    64|          64|          64|
    |and_ln217_6_fu_31750_p2       |       and|   0|  0|    64|          64|          64|
    |and_ln217_7_fu_31755_p2       |       and|   0|  0|    64|          64|          64|
    |and_ln217_8_fu_31767_p2       |       and|   0|  0|    64|          64|          64|
    |and_ln217_9_fu_31772_p2       |       and|   0|  0|    64|          64|          64|
    |and_ln217_fu_31697_p2         |       and|   0|  0|    64|          64|          64|
    |and_ln57_100_fu_10401_p2      |       and|   0|  0|    67|          67|          67|
    |and_ln57_101_fu_12332_p2      |       and|   0|  0|    67|          67|          67|
    |and_ln57_102_fu_4167_p2       |       and|   0|  0|    64|          64|          64|
    |and_ln57_103_fu_10481_p2      |       and|   0|  0|    64|          64|          64|
    |and_ln57_104_fu_10487_p2      |       and|   0|  0|    58|          58|          58|
    |and_ln57_105_fu_10547_p2      |       and|   0|  0|    63|          63|          63|
    |and_ln57_106_fu_10563_p2      |       and|   0|  0|    64|          64|          64|
    |and_ln57_107_fu_10647_p2      |       and|   0|  0|    64|          64|          64|
    |and_ln57_108_fu_10653_p2      |       and|   0|  0|    64|          64|          64|
    |and_ln57_109_fu_12369_p2      |       and|   0|  0|    65|          65|          65|
    |and_ln57_10_fu_1697_p2        |       and|   0|  0|    65|          65|          65|
    |and_ln57_110_fu_12374_p2      |       and|   0|  0|    65|          65|          65|
    |and_ln57_111_fu_12415_p2      |       and|   0|  0|    65|          65|          65|
    |and_ln57_113_fu_10743_p2      |       and|   0|  0|    56|          56|          56|
    |and_ln57_114_fu_10793_p2      |       and|   0|  0|    57|          57|          57|
    |and_ln57_115_fu_4279_p2       |       and|   0|  0|    61|          61|          61|
    |and_ln57_116_fu_3263_p2       |       and|   0|  0|    64|          64|          64|
    |and_ln57_117_fu_3281_p2       |       and|   0|  0|    68|          68|          68|
    |and_ln57_118_fu_3325_p2       |       and|   0|  0|    64|          64|          64|
    |and_ln57_119_fu_3331_p2       |       and|   0|  0|    64|          64|          64|
    |and_ln57_11_fu_2577_p2        |       and|   0|  0|    64|          64|          64|
    |and_ln57_120_fu_3435_p2       |       and|   0|  0|    64|          64|          64|
    |and_ln57_121_fu_3447_p2       |       and|   0|  0|    68|          68|          68|
    |and_ln57_122_fu_3503_p2       |       and|   0|  0|     6|           6|           6|
    |and_ln57_123_fu_3604_p2       |       and|   0|  0|    65|          65|          65|
    |and_ln57_124_fu_3618_p2       |       and|   0|  0|    69|          69|          69|
    |and_ln57_125_fu_3934_p2       |       and|   0|  0|     7|           7|           7|
    |and_ln57_126_fu_3952_p2       |       and|   0|  0|    69|          69|          69|
    |and_ln57_127_fu_6284_p2       |       and|   0|  0|    64|          64|          64|
    |and_ln57_128_fu_4931_p2       |       and|   0|  0|    64|          64|          64|
    |and_ln57_129_fu_4948_p2       |       and|   0|  0|    68|          68|          68|
    |and_ln57_12_fu_2583_p2        |       and|   0|  0|    64|          64|          64|
    |and_ln57_130_fu_3994_p2       |       and|   0|  0|    64|          64|          64|
    |and_ln57_131_fu_5062_p2       |       and|   0|  0|    64|          64|          64|
    |and_ln57_132_fu_5073_p2       |       and|   0|  0|    68|          68|          68|
    |and_ln57_133_fu_5177_p2       |       and|   0|  0|    65|          65|          65|
    |and_ln57_134_fu_5191_p2       |       and|   0|  0|    69|          69|          69|
    |and_ln57_135_fu_5265_p2       |       and|   0|  0|    69|          69|          69|
    |and_ln57_136_fu_6392_p2       |       and|   0|  0|    61|          61|          61|
    |and_ln57_137_fu_7765_p2       |       and|   0|  0|    64|          64|          64|
    |and_ln57_138_fu_7782_p2       |       and|   0|  0|    68|          68|          68|
    |and_ln57_139_fu_7826_p2       |       and|   0|  0|    64|          64|          64|
    |and_ln57_13_fu_2615_p2        |       and|   0|  0|    64|          64|          64|
    |and_ln57_140_fu_7832_p2       |       and|   0|  0|    64|          64|          64|
    |and_ln57_141_fu_7935_p2       |       and|   0|  0|    64|          64|          64|
    |and_ln57_142_fu_7947_p2       |       and|   0|  0|    68|          68|          68|
    |and_ln57_143_fu_8051_p2       |       and|   0|  0|    65|          65|          65|
    |and_ln57_144_fu_8065_p2       |       and|   0|  0|    69|          69|          69|
    |and_ln57_145_fu_8139_p2       |       and|   0|  0|    69|          69|          69|
    |and_ln57_146_fu_6962_p2       |       and|   0|  0|    64|          64|          64|
    |and_ln57_147_fu_10850_p2      |       and|   0|  0|    64|          64|          64|
    |and_ln57_148_fu_10867_p2      |       and|   0|  0|    68|          68|          68|
    |and_ln57_149_fu_10911_p2      |       and|   0|  0|    64|          64|          64|
    |and_ln57_14_fu_2665_p2        |       and|   0|  0|    64|          64|          64|
    |and_ln57_150_fu_10917_p2      |       and|   0|  0|    64|          64|          64|
    |and_ln57_151_fu_11018_p2      |       and|   0|  0|    64|          64|          64|
    |and_ln57_152_fu_11030_p2      |       and|   0|  0|    68|          68|          68|
    |and_ln57_153_fu_11134_p2      |       and|   0|  0|    65|          65|          65|
    |and_ln57_154_fu_11148_p2      |       and|   0|  0|    69|          69|          69|
    |and_ln57_155_fu_11222_p2      |       and|   0|  0|    69|          69|          69|
    |and_ln57_156_fu_7074_p2       |       and|   0|  0|    63|          63|          63|
    |and_ln57_157_fu_12511_p2      |       and|   0|  0|    64|          64|          64|
    |and_ln57_158_fu_12529_p2      |       and|   0|  0|    68|          68|          68|
    |and_ln57_159_fu_8183_p2       |       and|   0|  0|    61|          61|          61|
    |and_ln57_15_fu_2677_p2        |       and|   0|  0|    65|          65|          65|
    |and_ln57_160_fu_8199_p2       |       and|   0|  0|    64|          64|          64|
    |and_ln57_161_fu_12663_p2      |       and|   0|  0|    64|          64|          64|
    |and_ln57_162_fu_12675_p2      |       and|   0|  0|    68|          68|          68|
    |and_ln57_163_fu_12771_p2      |       and|   0|  0|    65|          65|          65|
    |and_ln57_164_fu_12785_p2      |       and|   0|  0|    69|          69|          69|
    |and_ln57_165_fu_14462_p2      |       and|   0|  0|    69|          69|          69|
    |and_ln57_166_fu_9806_p2       |       and|   0|  0|    64|          64|          64|
    |and_ln57_167_fu_12887_p2      |       and|   0|  0|    64|          64|          64|
    |and_ln57_168_fu_12905_p2      |       and|   0|  0|    66|          66|          66|
    |and_ln57_169_fu_12965_p2      |       and|   0|  0|    61|          61|          61|
    |and_ln57_16_fu_2737_p2        |       and|   0|  0|    65|          65|          65|
    |and_ln57_170_fu_12981_p2      |       and|   0|  0|    64|          64|          64|
    |and_ln57_171_fu_13101_p2      |       and|   0|  0|    64|          64|          64|
    |and_ln57_172_fu_13113_p2      |       and|   0|  0|    66|          66|          66|
    |and_ln57_173_fu_14505_p2      |       and|   0|  0|    65|          65|          65|
    |and_ln57_174_fu_14516_p2      |       and|   0|  0|    67|          67|          67|
    |and_ln57_175_fu_14587_p2      |       and|   0|  0|    67|          67|          67|
    |and_ln57_176_fu_1831_p2       |       and|   0|  0|    64|          64|          64|
    |and_ln57_177_fu_14610_p2      |       and|   0|  0|    64|          64|          64|
    |and_ln57_178_fu_14615_p2      |       and|   0|  0|    58|          58|          58|
    |and_ln57_179_fu_13203_p2      |       and|   0|  0|    63|          63|          63|
    |and_ln57_17_fu_4055_p2        |       and|   0|  0|    64|          64|          64|
    |and_ln57_180_fu_13219_p2      |       and|   0|  0|    64|          64|          64|
    |and_ln57_181_fu_14713_p2      |       and|   0|  0|    64|          64|          64|
    |and_ln57_182_fu_14719_p2      |       and|   0|  0|    64|          64|          64|
    |and_ln57_183_fu_14765_p2      |       and|   0|  0|    65|          65|          65|
    |and_ln57_184_fu_14771_p2      |       and|   0|  0|    65|          65|          65|
    |and_ln57_185_fu_14813_p2      |       and|   0|  0|    65|          65|          65|
    |and_ln57_186_fu_14827_p2      |       and|   0|  0|    55|          55|          55|
    |and_ln57_187_fu_14899_p2      |       and|   0|  0|    56|          56|          56|
    |and_ln57_188_fu_14949_p2      |       and|   0|  0|    57|          57|          57|
    |and_ln57_189_fu_1995_p2       |       and|   0|  0|    64|          64|          64|
    |and_ln57_18_fu_4061_p2        |       and|   0|  0|    64|          64|          64|
    |and_ln57_190_fu_5366_p2       |       and|   0|  0|    64|          64|          64|
    |and_ln57_191_fu_5383_p2       |       and|   0|  0|    70|          70|          70|
    |and_ln57_192_fu_5427_p2       |       and|   0|  0|    64|          64|          64|
    |and_ln57_193_fu_5433_p2       |       and|   0|  0|    64|          64|          64|
    |and_ln57_194_fu_5536_p2       |       and|   0|  0|    64|          64|          64|
    |and_ln57_195_fu_5548_p2       |       and|   0|  0|    70|          70|          70|
    |and_ln57_196_fu_5604_p2       |       and|   0|  0|     8|           8|           8|
    |and_ln57_197_fu_5705_p2       |       and|   0|  0|    65|          65|          65|
    |and_ln57_198_fu_5719_p2       |       and|   0|  0|    71|          71|          71|
    |and_ln57_199_fu_6067_p2       |       and|   0|  0|     9|           9|           9|
    |and_ln57_19_fu_4097_p2        |       and|   0|  0|    64|          64|          64|
    |and_ln57_1_fu_1238_p2         |       and|   0|  0|    64|          64|          64|
    |and_ln57_200_fu_6085_p2       |       and|   0|  0|    71|          71|          71|
    |and_ln57_201_fu_2169_p2       |       and|   0|  0|    65|          65|          65|
    |and_ln57_202_fu_8289_p2       |       and|   0|  0|    64|          64|          64|
    |and_ln57_203_fu_8306_p2       |       and|   0|  0|    70|          70|          70|
    |and_ln57_204_fu_6127_p2       |       and|   0|  0|    64|          64|          64|
    |and_ln57_205_fu_8420_p2       |       and|   0|  0|    64|          64|          64|
    |and_ln57_206_fu_8431_p2       |       and|   0|  0|    70|          70|          70|
    |and_ln57_207_fu_8535_p2       |       and|   0|  0|    65|          65|          65|
    |and_ln57_208_fu_8549_p2       |       and|   0|  0|    71|          71|          71|
    |and_ln57_209_fu_8623_p2       |       and|   0|  0|    71|          71|          71|
    |and_ln57_20_fu_4149_p2        |       and|   0|  0|    64|          64|          64|
    |and_ln57_210_fu_2455_p2       |       and|   0|  0|     5|           5|           5|
    |and_ln57_211_fu_11330_p2      |       and|   0|  0|    64|          64|          64|
    |and_ln57_212_fu_11348_p2      |       and|   0|  0|    70|          70|          70|
    |and_ln57_213_fu_11392_p2      |       and|   0|  0|    64|          64|          64|
    |and_ln57_214_fu_11398_p2      |       and|   0|  0|    64|          64|          64|
    |and_ln57_215_fu_11506_p2      |       and|   0|  0|    64|          64|          64|
    |and_ln57_216_fu_11518_p2      |       and|   0|  0|    70|          70|          70|
    |and_ln57_217_fu_11622_p2      |       and|   0|  0|    65|          65|          65|
    |and_ln57_218_fu_11636_p2      |       and|   0|  0|    71|          71|          71|
    |and_ln57_219_fu_11710_p2      |       and|   0|  0|    71|          71|          71|
    |and_ln57_21_fu_4161_p2        |       and|   0|  0|    65|          65|          65|
    |and_ln57_220_fu_2833_p2       |       and|   0|  0|    64|          64|          64|
    |and_ln57_221_fu_15061_p2      |       and|   0|  0|    64|          64|          64|
    |and_ln57_222_fu_15078_p2      |       and|   0|  0|    70|          70|          70|
    |and_ln57_223_fu_15122_p2      |       and|   0|  0|    64|          64|          64|
    |and_ln57_224_fu_15128_p2      |       and|   0|  0|    64|          64|          64|
    |and_ln57_225_fu_15235_p2      |       and|   0|  0|    64|          64|          64|
    |and_ln57_226_fu_15247_p2      |       and|   0|  0|    70|          70|          70|
    |and_ln57_227_fu_15343_p2      |       and|   0|  0|    65|          65|          65|
    |and_ln57_228_fu_15357_p2      |       and|   0|  0|    71|          71|          71|
    |and_ln57_229_fu_15431_p2      |       and|   0|  0|    71|          71|          71|
    |and_ln57_22_fu_4221_p2        |       and|   0|  0|    65|          65|          65|
    |and_ln57_230_fu_2964_p2       |       and|   0|  0|    64|          64|          64|
    |and_ln57_231_fu_15501_p2      |       and|   0|  0|    64|          64|          64|
    |and_ln57_232_fu_15519_p2      |       and|   0|  0|    68|          68|          68|
    |and_ln57_233_fu_15579_p2      |       and|   0|  0|    61|          61|          61|
    |and_ln57_234_fu_15595_p2      |       and|   0|  0|    64|          64|          64|
    |and_ln57_235_fu_15721_p2      |       and|   0|  0|    64|          64|          64|
    |and_ln57_236_fu_15733_p2      |       and|   0|  0|    68|          68|          68|
    |and_ln57_237_fu_15829_p2      |       and|   0|  0|    65|          65|          65|
    |and_ln57_238_fu_15843_p2      |       and|   0|  0|    69|          69|          69|
    |and_ln57_239_fu_17307_p2      |       and|   0|  0|    69|          69|          69|
    |and_ln57_23_fu_4257_p2        |       and|   0|  0|    61|          61|          61|
    |and_ln57_240_fu_3082_p2       |       and|   0|  0|    65|          65|          65|
    |and_ln57_241_fu_15945_p2      |       and|   0|  0|    64|          64|          64|
    |and_ln57_242_fu_15963_p2      |       and|   0|  0|    66|          66|          66|
    |and_ln57_243_fu_16019_p2      |       and|   0|  0|    61|          61|          61|
    |and_ln57_244_fu_16035_p2      |       and|   0|  0|    64|          64|          64|
    |and_ln57_245_fu_16145_p2      |       and|   0|  0|    64|          64|          64|
    |and_ln57_246_fu_16157_p2      |       and|   0|  0|    66|          66|          66|
    |and_ln57_247_fu_17356_p2      |       and|   0|  0|    65|          65|          65|
    |and_ln57_248_fu_17368_p2      |       and|   0|  0|    67|          67|          67|
    |and_ln57_249_fu_17439_p2      |       and|   0|  0|    67|          67|          67|
    |and_ln57_24_fu_4273_p2        |       and|   0|  0|    64|          64|          64|
    |and_ln57_250_fu_4401_p2       |       and|   0|  0|    64|          64|          64|
    |and_ln57_251_fu_16257_p2      |       and|   0|  0|    64|          64|          64|
    |and_ln57_252_fu_16263_p2      |       and|   0|  0|    58|          58|          58|
    |and_ln57_253_fu_16319_p2      |       and|   0|  0|    63|          63|          63|
    |and_ln57_254_fu_16335_p2      |       and|   0|  0|    64|          64|          64|
    |and_ln57_255_fu_16425_p2      |       and|   0|  0|    64|          64|          64|
    |and_ln57_256_fu_16431_p2      |       and|   0|  0|    64|          64|          64|
    |and_ln57_257_fu_16477_p2      |       and|   0|  0|    65|          65|          65|
    |and_ln57_258_fu_16483_p2      |       and|   0|  0|    65|          65|          65|
    |and_ln57_259_fu_17465_p2      |       and|   0|  0|    65|          65|          65|
    |and_ln57_25_fu_6221_p2        |       and|   0|  0|    64|          64|          64|
    |and_ln57_260_fu_16525_p2      |       and|   0|  0|    55|          55|          55|
    |and_ln57_261_fu_16593_p2      |       and|   0|  0|    56|          56|          56|
    |and_ln57_262_fu_16633_p2      |       and|   0|  0|    57|          57|          57|
    |and_ln57_263_fu_4533_p2       |       and|   0|  0|    64|          64|          64|
    |and_ln57_264_fu_8742_p2       |       and|   0|  0|    64|          64|          64|
    |and_ln57_265_fu_8760_p2       |       and|   0|  0|    72|          72|          72|
    |and_ln57_266_fu_8804_p2       |       and|   0|  0|    64|          64|          64|
    |and_ln57_267_fu_8810_p2       |       and|   0|  0|    64|          64|          64|
    |and_ln57_268_fu_8914_p2       |       and|   0|  0|    64|          64|          64|
    |and_ln57_269_fu_8926_p2       |       and|   0|  0|    72|          72|          72|
    |and_ln57_26_fu_6266_p2        |       and|   0|  0|    64|          64|          64|
    |and_ln57_270_fu_8982_p2       |       and|   0|  0|    10|          10|          10|
    |and_ln57_271_fu_9083_p2       |       and|   0|  0|    65|          65|          65|
    |and_ln57_272_fu_9097_p2       |       and|   0|  0|    73|          73|          73|
    |and_ln57_273_fu_9509_p2       |       and|   0|  0|    11|          11|          11|
    |and_ln57_274_fu_9527_p2       |       and|   0|  0|    73|          73|          73|
    |and_ln57_275_fu_4786_p2       |       and|   0|  0|    65|          65|          65|
    |and_ln57_276_fu_11796_p2      |       and|   0|  0|    64|          64|          64|
    |and_ln57_277_fu_11814_p2      |       and|   0|  0|    72|          72|          72|
    |and_ln57_278_fu_9569_p2       |       and|   0|  0|    64|          64|          64|
    |and_ln57_279_fu_11929_p2      |       and|   0|  0|    64|          64|          64|
    |and_ln57_27_fu_6278_p2        |       and|   0|  0|    65|          65|          65|
    |and_ln57_280_fu_11941_p2      |       and|   0|  0|    72|          72|          72|
    |and_ln57_281_fu_13302_p2      |       and|   0|  0|    65|          65|          65|
    |and_ln57_282_fu_13314_p2      |       and|   0|  0|    73|          73|          73|
    |and_ln57_283_fu_13387_p2      |       and|   0|  0|    73|          73|          73|
    |and_ln57_284_fu_6515_p2       |       and|   0|  0|    64|          64|          64|
    |and_ln57_285_fu_16699_p2      |       and|   0|  0|    64|          64|          64|
    |and_ln57_286_fu_16717_p2      |       and|   0|  0|    72|          72|          72|
    |and_ln57_287_fu_17579_p2      |       and|   0|  0|    64|          64|          64|
    |and_ln57_288_fu_17585_p2      |       and|   0|  0|    64|          64|          64|
    |and_ln57_289_fu_16838_p2      |       and|   0|  0|    64|          64|          64|
    |and_ln57_28_fu_6338_p2        |       and|   0|  0|    65|          65|          65|
    |and_ln57_290_fu_16850_p2      |       and|   0|  0|    72|          72|          72|
    |and_ln57_291_fu_17628_p2      |       and|   0|  0|    65|          65|          65|
    |and_ln57_292_fu_17640_p2      |       and|   0|  0|    73|          73|          73|
    |and_ln57_293_fu_17713_p2      |       and|   0|  0|    73|          73|          73|
    |and_ln57_294_fu_6669_p2       |       and|   0|  0|    64|          64|          64|
    |and_ln57_295_fu_17760_p2      |       and|   0|  0|    64|          64|          64|
    |and_ln57_296_fu_17777_p2      |       and|   0|  0|    70|          70|          70|
    |and_ln57_297_fu_17821_p2      |       and|   0|  0|    64|          64|          64|
    |and_ln57_298_fu_17827_p2      |       and|   0|  0|    64|          64|          64|
    |and_ln57_299_fu_17932_p2      |       and|   0|  0|    64|          64|          64|
    |and_ln57_29_fu_6370_p2        |       and|   0|  0|    61|          61|          61|
    |and_ln57_2_fu_1274_p2         |       and|   0|  0|    64|          64|          64|
    |and_ln57_300_fu_17944_p2      |       and|   0|  0|    70|          70|          70|
    |and_ln57_301_fu_18048_p2      |       and|   0|  0|    65|          65|          65|
    |and_ln57_302_fu_18062_p2      |       and|   0|  0|    71|          71|          71|
    |and_ln57_303_fu_18136_p2      |       and|   0|  0|    71|          71|          71|
    |and_ln57_304_fu_7163_p2       |       and|   0|  0|    65|          65|          65|
    |and_ln57_305_fu_18202_p2      |       and|   0|  0|    64|          64|          64|
    |and_ln57_306_fu_18220_p2      |       and|   0|  0|    68|          68|          68|
    |and_ln57_307_fu_18276_p2      |       and|   0|  0|    61|          61|          61|
    |and_ln57_308_fu_18292_p2      |       and|   0|  0|    64|          64|          64|
    |and_ln57_309_fu_18418_p2      |       and|   0|  0|    64|          64|          64|
    |and_ln57_30_fu_6386_p2        |       and|   0|  0|    64|          64|          64|
    |and_ln57_310_fu_18430_p2      |       and|   0|  0|    68|          68|          68|
    |and_ln57_311_fu_18526_p2      |       and|   0|  0|    65|          65|          65|
    |and_ln57_312_fu_18540_p2      |       and|   0|  0|    69|          69|          69|
    |and_ln57_313_fu_18614_p2      |       and|   0|  0|    69|          69|          69|
    |and_ln57_314_fu_7320_p2       |       and|   0|  0|    64|          64|          64|
    |and_ln57_315_fu_18664_p2      |       and|   0|  0|    64|          64|          64|
    |and_ln57_316_fu_18681_p2      |       and|   0|  0|    66|          66|          66|
    |and_ln57_317_fu_18741_p2      |       and|   0|  0|    61|          61|          61|
    |and_ln57_318_fu_18757_p2      |       and|   0|  0|    64|          64|          64|
    |and_ln57_319_fu_18876_p2      |       and|   0|  0|    64|          64|          64|
    |and_ln57_31_fu_6895_p2        |       and|   0|  0|    64|          64|          64|
    |and_ln57_320_fu_18888_p2      |       and|   0|  0|    66|          66|          66|
    |and_ln57_321_fu_18992_p2      |       and|   0|  0|    65|          65|          65|
    |and_ln57_322_fu_19006_p2      |       and|   0|  0|    67|          67|          67|
    |and_ln57_323_fu_19078_p2      |       and|   0|  0|    67|          67|          67|
    |and_ln57_324_fu_6775_p2       |       and|   0|  0|    61|          61|          61|
    |and_ln57_325_fu_19111_p2      |       and|   0|  0|    64|          64|          64|
    |and_ln57_326_fu_19117_p2      |       and|   0|  0|    58|          58|          58|
    |and_ln57_327_fu_19176_p2      |       and|   0|  0|    63|          63|          63|
    |and_ln57_328_fu_19192_p2      |       and|   0|  0|    64|          64|          64|
    |and_ln57_329_fu_19278_p2      |       and|   0|  0|    64|          64|          64|
    |and_ln57_32_fu_6944_p2        |       and|   0|  0|    64|          64|          64|
    |and_ln57_330_fu_19284_p2      |       and|   0|  0|    64|          64|          64|
    |and_ln57_331_fu_22043_p2      |       and|   0|  0|    65|          65|          65|
    |and_ln57_332_fu_22047_p2      |       and|   0|  0|    65|          65|          65|
    |and_ln57_333_fu_22087_p2      |       and|   0|  0|    65|          65|          65|
    |and_ln57_334_fu_19322_p2      |       and|   0|  0|    55|          55|          55|
    |and_ln57_335_fu_19394_p2      |       and|   0|  0|    56|          56|          56|
    |and_ln57_336_fu_19444_p2      |       and|   0|  0|    57|          57|          57|
    |and_ln57_337_fu_7464_p2       |       and|   0|  0|    64|          64|          64|
    |and_ln57_338_fu_13501_p2      |       and|   0|  0|    64|          64|          64|
    |and_ln57_339_fu_13518_p2      |       and|   0|  0|    74|          74|          74|
    |and_ln57_33_fu_6956_p2        |       and|   0|  0|    65|          65|          65|
    |and_ln57_340_fu_13562_p2      |       and|   0|  0|    64|          64|          64|
    |and_ln57_341_fu_13568_p2      |       and|   0|  0|    64|          64|          64|
    |and_ln57_342_fu_13671_p2      |       and|   0|  0|    64|          64|          64|
    |and_ln57_343_fu_13683_p2      |       and|   0|  0|    74|          74|          74|
    |and_ln57_344_fu_13742_p2      |       and|   0|  0|    12|          12|          12|
    |and_ln57_345_fu_13843_p2      |       and|   0|  0|    65|          65|          65|
    |and_ln57_346_fu_13857_p2      |       and|   0|  0|    75|          75|          75|
    |and_ln57_347_fu_14166_p2      |       and|   0|  0|    13|          13|          13|
    |and_ln57_348_fu_14184_p2      |       and|   0|  0|    75|          75|          75|
    |and_ln57_349_fu_7574_p2       |       and|   0|  0|    65|          65|          65|
    |and_ln57_34_fu_7016_p2        |       and|   0|  0|    65|          65|          65|
    |and_ln57_350_fu_19561_p2      |       and|   0|  0|    64|          64|          64|
    |and_ln57_351_fu_19578_p2      |       and|   0|  0|    74|          74|          74|
    |and_ln57_352_fu_14226_p2      |       and|   0|  0|    64|          64|          64|
    |and_ln57_353_fu_19703_p2      |       and|   0|  0|    64|          64|          64|
    |and_ln57_354_fu_19715_p2      |       and|   0|  0|    74|          74|          74|
    |and_ln57_355_fu_19811_p2      |       and|   0|  0|    65|          65|          65|
    |and_ln57_356_fu_19825_p2      |       and|   0|  0|    75|          75|          75|
    |and_ln57_357_fu_19899_p2      |       and|   0|  0|    75|          75|          75|
    |and_ln57_358_fu_10159_p2      |       and|   0|  0|    64|          64|          64|
    |and_ln57_359_fu_19969_p2      |       and|   0|  0|    64|          64|          64|
    |and_ln57_35_fu_7052_p2        |       and|   0|  0|    63|          63|          63|
    |and_ln57_360_fu_19987_p2      |       and|   0|  0|    72|          72|          72|
    |and_ln57_361_fu_22181_p2      |       and|   0|  0|    64|          64|          64|
    |and_ln57_362_fu_22187_p2      |       and|   0|  0|    64|          64|          64|
    |and_ln57_363_fu_22258_p2      |       and|   0|  0|    64|          64|          64|
    |and_ln57_364_fu_22268_p2      |       and|   0|  0|    72|          72|          72|
    |and_ln57_365_fu_22371_p2      |       and|   0|  0|    65|          65|          65|
    |and_ln57_366_fu_22385_p2      |       and|   0|  0|    73|          73|          73|
    |and_ln57_367_fu_22459_p2      |       and|   0|  0|    73|          73|          73|
    |and_ln57_368_fu_7657_p2       |       and|   0|  0|    61|          61|          61|
    |and_ln57_369_fu_20095_p2      |       and|   0|  0|    64|          64|          64|
    |and_ln57_36_fu_7068_p2        |       and|   0|  0|    64|          64|          64|
    |and_ln57_370_fu_20113_p2      |       and|   0|  0|    70|          70|          70|
    |and_ln57_371_fu_20157_p2      |       and|   0|  0|    64|          64|          64|
    |and_ln57_372_fu_20163_p2      |       and|   0|  0|    64|          64|          64|
    |and_ln57_373_fu_20259_p2      |       and|   0|  0|    64|          64|          64|
    |and_ln57_374_fu_20271_p2      |       and|   0|  0|    70|          70|          70|
    |and_ln57_375_fu_22508_p2      |       and|   0|  0|    65|          65|          65|
    |and_ln57_376_fu_22520_p2      |       and|   0|  0|    71|          71|          71|
    |and_ln57_377_fu_22593_p2      |       and|   0|  0|    71|          71|          71|
    |and_ln57_378_fu_10292_p2      |       and|   0|  0|    64|          64|          64|
    |and_ln57_379_fu_20395_p2      |       and|   0|  0|    64|          64|          64|
    |and_ln57_37_fu_9744_p2        |       and|   0|  0|    64|          64|          64|
    |and_ln57_380_fu_20413_p2      |       and|   0|  0|    68|          68|          68|
    |and_ln57_381_fu_20483_p2      |       and|   0|  0|    61|          61|          61|
    |and_ln57_382_fu_20499_p2      |       and|   0|  0|    64|          64|          64|
    |and_ln57_383_fu_20611_p2      |       and|   0|  0|    64|          64|          64|
    |and_ln57_384_fu_20623_p2      |       and|   0|  0|    68|          68|          68|
    |and_ln57_385_fu_22643_p2      |       and|   0|  0|    65|          65|          65|
    |and_ln57_386_fu_22655_p2      |       and|   0|  0|    69|          69|          69|
    |and_ln57_387_fu_22728_p2      |       and|   0|  0|    69|          69|          69|
    |and_ln57_388_fu_10407_p2      |       and|   0|  0|    65|          65|          65|
    |and_ln57_389_fu_22798_p2      |       and|   0|  0|    64|          64|          64|
    |and_ln57_38_fu_9788_p2        |       and|   0|  0|    64|          64|          64|
    |and_ln57_390_fu_22816_p2      |       and|   0|  0|    66|          66|          66|
    |and_ln57_391_fu_20723_p2      |       and|   0|  0|    61|          61|          61|
    |and_ln57_392_fu_20739_p2      |       and|   0|  0|    64|          64|          64|
    |and_ln57_393_fu_22946_p2      |       and|   0|  0|    64|          64|          64|
    |and_ln57_394_fu_22958_p2      |       and|   0|  0|    66|          66|          66|
    |and_ln57_395_fu_23062_p2      |       and|   0|  0|    65|          65|          65|
    |and_ln57_396_fu_23076_p2      |       and|   0|  0|    67|          67|          67|
    |and_ln57_397_fu_26855_p2      |       and|   0|  0|    67|          67|          67|
    |and_ln57_398_fu_10493_p2      |       and|   0|  0|    58|          58|          58|
    |and_ln57_399_fu_23143_p2      |       and|   0|  0|    64|          64|          64|
    |and_ln57_39_fu_9800_p2        |       and|   0|  0|    65|          65|          65|
    |and_ln57_3_fu_1344_p2         |       and|   0|  0|    64|          64|          64|
    |and_ln57_400_fu_23148_p2      |       and|   0|  0|    58|          58|          58|
    |and_ln57_401_fu_23203_p2      |       and|   0|  0|    63|          63|          63|
    |and_ln57_402_fu_23219_p2      |       and|   0|  0|    64|          64|          64|
    |and_ln57_403_fu_23304_p2      |       and|   0|  0|    64|          64|          64|
    |and_ln57_404_fu_23310_p2      |       and|   0|  0|    64|          64|          64|
    |and_ln57_405_fu_23352_p2      |       and|   0|  0|    65|          65|          65|
    |and_ln57_406_fu_23358_p2      |       and|   0|  0|    65|          65|          65|
    |and_ln57_407_fu_26883_p2      |       and|   0|  0|    65|          65|          65|
    |and_ln57_408_fu_23392_p2      |       and|   0|  0|    55|          55|          55|
    |and_ln57_409_fu_23460_p2      |       and|   0|  0|    56|          56|          56|
    |and_ln57_40_fu_9864_p2        |       and|   0|  0|    65|          65|          65|
    |and_ln57_410_fu_23500_p2      |       and|   0|  0|    57|          57|          57|
    |and_ln57_411_fu_10569_p2      |       and|   0|  0|    63|          63|          63|
    |and_ln57_412_fu_20880_p2      |       and|   0|  0|    64|          64|          64|
    |and_ln57_413_fu_20897_p2      |       and|   0|  0|    76|          76|          76|
    |and_ln57_414_fu_20941_p2      |       and|   0|  0|    64|          64|          64|
    |and_ln57_415_fu_20947_p2      |       and|   0|  0|    64|          64|          64|
    |and_ln57_416_fu_21050_p2      |       and|   0|  0|    64|          64|          64|
    |and_ln57_417_fu_21062_p2      |       and|   0|  0|    76|          76|          76|
    |and_ln57_418_fu_21118_p2      |       and|   0|  0|    14|          14|          14|
    |and_ln57_419_fu_21219_p2      |       and|   0|  0|    65|          65|          65|
    |and_ln57_41_fu_9878_p2        |       and|   0|  0|    55|          55|          55|
    |and_ln57_420_fu_21233_p2      |       and|   0|  0|    77|          77|          77|
    |and_ln57_421_fu_21594_p2      |       and|   0|  0|    15|          15|          15|
    |and_ln57_422_fu_21612_p2      |       and|   0|  0|    77|          77|          77|
    |and_ln57_423_fu_3287_p2       |       and|   0|  0|    64|          64|          64|
    |and_ln57_424_fu_23588_p2      |       and|   0|  0|    64|          64|          64|
    |and_ln57_425_fu_23605_p2      |       and|   0|  0|    74|          74|          74|
    |and_ln57_426_fu_21654_p2      |       and|   0|  0|    64|          64|          64|
    |and_ln57_427_fu_23725_p2      |       and|   0|  0|    64|          64|          64|
    |and_ln57_428_fu_23737_p2      |       and|   0|  0|    74|          74|          74|
    |and_ln57_429_fu_23841_p2      |       and|   0|  0|    65|          65|          65|
    |and_ln57_42_fu_9950_p2        |       and|   0|  0|    56|          56|          56|
    |and_ln57_430_fu_23855_p2      |       and|   0|  0|    75|          75|          75|
    |and_ln57_431_fu_23929_p2      |       and|   0|  0|    75|          75|          75|
    |and_ln57_432_fu_3453_p2       |       and|   0|  0|    64|          64|          64|
    |and_ln57_433_fu_24003_p2      |       and|   0|  0|    64|          64|          64|
    |and_ln57_434_fu_24021_p2      |       and|   0|  0|    72|          72|          72|
    |and_ln57_435_fu_24065_p2      |       and|   0|  0|    64|          64|          64|
    |and_ln57_436_fu_24071_p2      |       and|   0|  0|    64|          64|          64|
    |and_ln57_437_fu_24177_p2      |       and|   0|  0|    64|          64|          64|
    |and_ln57_438_fu_24189_p2      |       and|   0|  0|    72|          72|          72|
    |and_ln57_439_fu_24285_p2      |       and|   0|  0|    65|          65|          65|
    |and_ln57_43_fu_10004_p2       |       and|   0|  0|    57|          57|          57|
    |and_ln57_440_fu_24299_p2      |       and|   0|  0|    73|          73|          73|
    |and_ln57_441_fu_24373_p2      |       and|   0|  0|    73|          73|          73|
    |and_ln57_442_fu_3624_p2       |       and|   0|  0|    65|          65|          65|
    |and_ln57_443_fu_24439_p2      |       and|   0|  0|    64|          64|          64|
    |and_ln57_444_fu_24457_p2      |       and|   0|  0|    70|          70|          70|
    |and_ln57_445_fu_24501_p2      |       and|   0|  0|    64|          64|          64|
    |and_ln57_446_fu_24507_p2      |       and|   0|  0|    64|          64|          64|
    |and_ln57_447_fu_24615_p2      |       and|   0|  0|    64|          64|          64|
    |and_ln57_448_fu_24627_p2      |       and|   0|  0|    70|          70|          70|
    |and_ln57_449_fu_24731_p2      |       and|   0|  0|    65|          65|          65|
    |and_ln57_44_fu_1807_p2        |       and|   0|  0|    64|          64|          64|
    |and_ln57_450_fu_24745_p2      |       and|   0|  0|    71|          71|          71|
    |and_ln57_451_fu_24819_p2      |       and|   0|  0|    71|          71|          71|
    |and_ln57_452_fu_3958_p2       |       and|   0|  0|     7|           7|           7|
    |and_ln57_453_fu_27002_p2      |       and|   0|  0|    64|          64|          64|
    |and_ln57_454_fu_27019_p2      |       and|   0|  0|    68|          68|          68|
    |and_ln57_455_fu_24877_p2      |       and|   0|  0|    61|          61|          61|
    |and_ln57_456_fu_24893_p2      |       and|   0|  0|    64|          64|          64|
    |and_ln57_457_fu_27151_p2      |       and|   0|  0|    64|          64|          64|
    |and_ln57_458_fu_27163_p2      |       and|   0|  0|    68|          68|          68|
    |and_ln57_459_fu_27259_p2      |       and|   0|  0|    65|          65|          65|
    |and_ln57_45_fu_1825_p2        |       and|   0|  0|    66|          66|          66|
    |and_ln57_460_fu_27273_p2      |       and|   0|  0|    69|          69|          69|
    |and_ln57_461_fu_27347_p2      |       and|   0|  0|    69|          69|          69|
    |and_ln57_462_fu_4954_p2       |       and|   0|  0|    64|          64|          64|
    |and_ln57_463_fu_27390_p2      |       and|   0|  0|    64|          64|          64|
    |and_ln57_464_fu_27407_p2      |       and|   0|  0|    66|          66|          66|
    |and_ln57_465_fu_27463_p2      |       and|   0|  0|    61|          61|          61|
    |and_ln57_466_fu_27479_p2      |       and|   0|  0|    64|          64|          64|
    |and_ln57_467_fu_27602_p2      |       and|   0|  0|    64|          64|          64|
    |and_ln57_468_fu_27614_p2      |       and|   0|  0|    66|          66|          66|
    |and_ln57_469_fu_27710_p2      |       and|   0|  0|    65|          65|          65|
    |and_ln57_46_fu_1869_p2        |       and|   0|  0|    64|          64|          64|
    |and_ln57_470_fu_27724_p2      |       and|   0|  0|    67|          67|          67|
    |and_ln57_471_fu_27796_p2      |       and|   0|  0|    67|          67|          67|
    |and_ln57_472_fu_5079_p2       |       and|   0|  0|    64|          64|          64|
    |and_ln57_473_fu_27829_p2      |       and|   0|  0|    64|          64|          64|
    |and_ln57_474_fu_27835_p2      |       and|   0|  0|    58|          58|          58|
    |and_ln57_475_fu_27894_p2      |       and|   0|  0|    63|          63|          63|
    |and_ln57_476_fu_27910_p2      |       and|   0|  0|    64|          64|          64|
    |and_ln57_477_fu_27996_p2      |       and|   0|  0|    64|          64|          64|
    |and_ln57_478_fu_28002_p2      |       and|   0|  0|    64|          64|          64|
    |and_ln57_479_fu_28044_p2      |       and|   0|  0|    65|          65|          65|
    |and_ln57_47_fu_1875_p2        |       and|   0|  0|    64|          64|          64|
    |and_ln57_480_fu_28050_p2      |       and|   0|  0|    65|          65|          65|
    |and_ln57_481_fu_28092_p2      |       and|   0|  0|    65|          65|          65|
    |and_ln57_483_fu_28176_p2      |       and|   0|  0|    56|          56|          56|
    |and_ln57_484_fu_28226_p2      |       and|   0|  0|    57|          57|          57|
    |and_ln57_485_fu_5197_p2       |       and|   0|  0|    65|          65|          65|
    |and_ln57_486_fu_25089_p2      |       and|   0|  0|    64|          64|          64|
    |and_ln57_487_fu_25107_p2      |       and|   0|  0|    76|          76|          76|
    |and_ln57_488_fu_25151_p2      |       and|   0|  0|    64|          64|          64|
    |and_ln57_489_fu_25157_p2      |       and|   0|  0|    64|          64|          64|
    |and_ln57_48_fu_1977_p2        |       and|   0|  0|    64|          64|          64|
    |and_ln57_490_fu_25259_p2      |       and|   0|  0|    64|          64|          64|
    |and_ln57_491_fu_25271_p2      |       and|   0|  0|    76|          76|          76|
    |and_ln57_492_fu_25327_p2      |       and|   0|  0|    16|          16|          16|
    |and_ln57_493_fu_25428_p2      |       and|   0|  0|    65|          65|          65|
    |and_ln57_494_fu_25442_p2      |       and|   0|  0|    77|          77|          77|
    |and_ln57_495_fu_25837_p2      |       and|   0|  0|    17|          17|          17|
    |and_ln57_496_fu_25855_p2      |       and|   0|  0|    77|          77|          77|
    |and_ln57_497_fu_7788_p2       |       and|   0|  0|    64|          64|          64|
    |and_ln57_498_fu_25945_p2      |       and|   0|  0|    64|          64|          64|
    |and_ln57_499_fu_25963_p2      |       and|   0|  0|    74|          74|          74|
    |and_ln57_49_fu_1989_p2        |       and|   0|  0|    66|          66|          66|
    |and_ln57_4_fu_1356_p2         |       and|   0|  0|    65|          65|          65|
    |and_ln57_500_fu_26001_p2      |       and|   0|  0|    64|          64|          64|
    |and_ln57_501_fu_26099_p2      |       and|   0|  0|    64|          64|          64|
    |and_ln57_502_fu_26111_p2      |       and|   0|  0|    74|          74|          74|
    |and_ln57_503_fu_28388_p2      |       and|   0|  0|    65|          65|          65|
    |and_ln57_504_fu_28399_p2      |       and|   0|  0|    75|          75|          75|
    |and_ln57_505_fu_28556_p2      |       and|   0|  0|    75|          75|          75|
    |and_ln57_506_fu_7953_p2       |       and|   0|  0|    64|          64|          64|
    |and_ln57_507_fu_26357_p2      |       and|   0|  0|    64|          64|          64|
    |and_ln57_508_fu_26375_p2      |       and|   0|  0|    72|          72|          72|
    |and_ln57_509_fu_26419_p2      |       and|   0|  0|    64|          64|          64|
    |and_ln57_50_fu_2048_p2        |       and|   0|  0|     4|           4|           4|
    |and_ln57_510_fu_26425_p2      |       and|   0|  0|    64|          64|          64|
    |and_ln57_511_fu_26529_p2      |       and|   0|  0|    64|          64|          64|
    |and_ln57_512_fu_26541_p2      |       and|   0|  0|    72|          72|          72|
    |and_ln57_513_fu_28600_p2      |       and|   0|  0|    65|          65|          65|
    |and_ln57_514_fu_28611_p2      |       and|   0|  0|    73|          73|          73|
    |and_ln57_515_fu_28776_p2      |       and|   0|  0|    73|          73|          73|
    |and_ln57_516_fu_8071_p2       |       and|   0|  0|    65|          65|          65|
    |and_ln57_517_fu_28846_p2      |       and|   0|  0|    64|          64|          64|
    |and_ln57_518_fu_28864_p2      |       and|   0|  0|    70|          70|          70|
    |and_ln57_519_fu_30431_p2      |       and|   0|  0|    64|          64|          64|
    |and_ln57_51_fu_2149_p2        |       and|   0|  0|    65|          65|          65|
    |and_ln57_520_fu_30437_p2      |       and|   0|  0|    64|          64|          64|
    |and_ln57_521_fu_30497_p2      |       and|   0|  0|    64|          64|          64|
    |and_ln57_522_fu_30507_p2      |       and|   0|  0|    70|          70|          70|
    |and_ln57_523_fu_30601_p2      |       and|   0|  0|    65|          65|          65|
    |and_ln57_524_fu_30615_p2      |       and|   0|  0|    71|          71|          71|
    |and_ln57_525_fu_30776_p2      |       and|   0|  0|    71|          71|          71|
    |and_ln57_526_fu_10873_p2      |       and|   0|  0|    64|          64|          64|
    |and_ln57_527_fu_29046_p2      |       and|   0|  0|    64|          64|          64|
    |and_ln57_528_fu_29064_p2      |       and|   0|  0|    68|          68|          68|
    |and_ln57_529_fu_29120_p2      |       and|   0|  0|    61|          61|          61|
    |and_ln57_52_fu_2163_p2        |       and|   0|  0|    67|          67|          67|
    |and_ln57_530_fu_29136_p2      |       and|   0|  0|    64|          64|          64|
    |and_ln57_531_fu_29248_p2      |       and|   0|  0|    64|          64|          64|
    |and_ln57_532_fu_29260_p2      |       and|   0|  0|    68|          68|          68|
    |and_ln57_533_fu_30826_p2      |       and|   0|  0|    65|          65|          65|
    |and_ln57_534_fu_30838_p2      |       and|   0|  0|    69|          69|          69|
    |and_ln57_535_fu_30982_p2      |       and|   0|  0|    69|          69|          69|
    |and_ln57_536_fu_11036_p2      |       and|   0|  0|    64|          64|          64|
    |and_ln57_537_fu_29478_p2      |       and|   0|  0|    64|          64|          64|
    |and_ln57_538_fu_29496_p2      |       and|   0|  0|    66|          66|          66|
    |and_ln57_539_fu_29566_p2      |       and|   0|  0|    61|          61|          61|
    |and_ln57_53_fu_2431_p2        |       and|   0|  0|     5|           5|           5|
    |and_ln57_540_fu_29582_p2      |       and|   0|  0|    64|          64|          64|
    |and_ln57_541_fu_29692_p2      |       and|   0|  0|    64|          64|          64|
    |and_ln57_542_fu_29704_p2      |       and|   0|  0|    66|          66|          66|
    |and_ln57_543_fu_31103_p2      |       and|   0|  0|    65|          65|          65|
    |and_ln57_544_fu_31115_p2      |       and|   0|  0|    67|          67|          67|
    |and_ln57_545_fu_31251_p2      |       and|   0|  0|    67|          67|          67|
    |and_ln57_546_fu_11154_p2      |       and|   0|  0|    65|          65|          65|
    |and_ln57_547_fu_29879_p2      |       and|   0|  0|    64|          64|          64|
    |and_ln57_548_fu_29885_p2      |       and|   0|  0|    58|          58|          58|
    |and_ln57_549_fu_29949_p2      |       and|   0|  0|    63|          63|          63|
    |and_ln57_54_fu_2449_p2        |       and|   0|  0|    67|          67|          67|
    |and_ln57_550_fu_29965_p2      |       and|   0|  0|    64|          64|          64|
    |and_ln57_551_fu_30051_p2      |       and|   0|  0|    64|          64|          64|
    |and_ln57_552_fu_30057_p2      |       and|   0|  0|    64|          64|          64|
    |and_ln57_553_fu_30099_p2      |       and|   0|  0|    65|          65|          65|
    |and_ln57_554_fu_30105_p2      |       and|   0|  0|    65|          65|          65|
    |and_ln57_555_fu_31286_p2      |       and|   0|  0|    65|          65|          65|
    |and_ln57_556_fu_30231_p2      |       and|   0|  0|    55|          55|          55|
    |and_ln57_557_fu_30275_p2      |       and|   0|  0|    56|          56|          56|
    |and_ln57_558_fu_30317_p2      |       and|   0|  0|    57|          57|          57|
    |and_ln57_559_fu_12535_p2      |       and|   0|  0|    64|          64|          64|
    |and_ln57_55_fu_2810_p2        |       and|   0|  0|    64|          64|          64|
    |and_ln57_560_fu_8205_p2       |       and|   0|  0|    61|          61|          61|
    |and_ln57_561_fu_12681_p2      |       and|   0|  0|    64|          64|          64|
    |and_ln57_562_fu_12791_p2      |       and|   0|  0|    65|          65|          65|
    |and_ln57_563_fu_12911_p2      |       and|   0|  0|    64|          64|          64|
    |and_ln57_564_fu_12987_p2      |       and|   0|  0|    61|          61|          61|
    |and_ln57_565_fu_13119_p2      |       and|   0|  0|    64|          64|          64|
    |and_ln57_566_fu_14522_p2      |       and|   0|  0|    65|          65|          65|
    |and_ln57_567_fu_14621_p2      |       and|   0|  0|    58|          58|          58|
    |and_ln57_568_fu_13225_p2      |       and|   0|  0|    63|          63|          63|
    |and_ln57_569_fu_5389_p2       |       and|   0|  0|    64|          64|          64|
    |and_ln57_56_fu_2827_p2        |       and|   0|  0|    66|          66|          66|
    |and_ln57_570_fu_5554_p2       |       and|   0|  0|    64|          64|          64|
    |and_ln57_571_fu_5725_p2       |       and|   0|  0|    65|          65|          65|
    |and_ln57_572_fu_6091_p2       |       and|   0|  0|     9|           9|           9|
    |and_ln57_573_fu_8312_p2       |       and|   0|  0|    64|          64|          64|
    |and_ln57_574_fu_8437_p2       |       and|   0|  0|    64|          64|          64|
    |and_ln57_575_fu_8555_p2       |       and|   0|  0|    65|          65|          65|
    |and_ln57_576_fu_11354_p2      |       and|   0|  0|    64|          64|          64|
    |and_ln57_577_fu_11524_p2      |       and|   0|  0|    64|          64|          64|
    |and_ln57_578_fu_11642_p2      |       and|   0|  0|    65|          65|          65|
    |and_ln57_579_fu_15084_p2      |       and|   0|  0|    64|          64|          64|
    |and_ln57_57_fu_2491_p2        |       and|   0|  0|    64|          64|          64|
    |and_ln57_580_fu_15253_p2      |       and|   0|  0|    64|          64|          64|
    |and_ln57_581_fu_15363_p2      |       and|   0|  0|    65|          65|          65|
    |and_ln57_582_fu_15525_p2      |       and|   0|  0|    64|          64|          64|
    |and_ln57_583_fu_15601_p2      |       and|   0|  0|    61|          61|          61|
    |and_ln57_584_fu_15739_p2      |       and|   0|  0|    64|          64|          64|
    |and_ln57_585_fu_15849_p2      |       and|   0|  0|    65|          65|          65|
    |and_ln57_586_fu_15969_p2      |       and|   0|  0|    64|          64|          64|
    |and_ln57_587_fu_16041_p2      |       and|   0|  0|    61|          61|          61|
    |and_ln57_588_fu_16163_p2      |       and|   0|  0|    64|          64|          64|
    |and_ln57_589_fu_17374_p2      |       and|   0|  0|    65|          65|          65|
    |and_ln57_58_fu_2946_p2        |       and|   0|  0|    64|          64|          64|
    |and_ln57_590_fu_16269_p2      |       and|   0|  0|    58|          58|          58|
    |and_ln57_591_fu_16341_p2      |       and|   0|  0|    63|          63|          63|
    |and_ln57_592_fu_8766_p2       |       and|   0|  0|    64|          64|          64|
    |and_ln57_593_fu_8932_p2       |       and|   0|  0|    64|          64|          64|
    |and_ln57_594_fu_9103_p2       |       and|   0|  0|    65|          65|          65|
    |and_ln57_595_fu_9533_p2       |       and|   0|  0|    11|          11|          11|
    |and_ln57_596_fu_11820_p2      |       and|   0|  0|    64|          64|          64|
    |and_ln57_597_fu_11947_p2      |       and|   0|  0|    64|          64|          64|
    |and_ln57_598_fu_13320_p2      |       and|   0|  0|    65|          65|          65|
    |and_ln57_599_fu_16723_p2      |       and|   0|  0|    64|          64|          64|
    |and_ln57_59_fu_2958_p2        |       and|   0|  0|    66|          66|          66|
    |and_ln57_5_fu_1471_p2         |       and|   0|  0|    65|          65|          65|
    |and_ln57_600_fu_16856_p2      |       and|   0|  0|    64|          64|          64|
    |and_ln57_601_fu_17646_p2      |       and|   0|  0|    65|          65|          65|
    |and_ln57_602_fu_17783_p2      |       and|   0|  0|    64|          64|          64|
    |and_ln57_603_fu_17950_p2      |       and|   0|  0|    64|          64|          64|
    |and_ln57_604_fu_18068_p2      |       and|   0|  0|    65|          65|          65|
    |and_ln57_605_fu_18226_p2      |       and|   0|  0|    64|          64|          64|
    |and_ln57_606_fu_18298_p2      |       and|   0|  0|    61|          61|          61|
    |and_ln57_607_fu_18436_p2      |       and|   0|  0|    64|          64|          64|
    |and_ln57_608_fu_18546_p2      |       and|   0|  0|    65|          65|          65|
    |and_ln57_609_fu_18687_p2      |       and|   0|  0|    64|          64|          64|
    |and_ln57_60_fu_3062_p2        |       and|   0|  0|    65|          65|          65|
    |and_ln57_610_fu_18763_p2      |       and|   0|  0|    61|          61|          61|
    |and_ln57_611_fu_18894_p2      |       and|   0|  0|    64|          64|          64|
    |and_ln57_612_fu_19012_p2      |       and|   0|  0|    65|          65|          65|
    |and_ln57_613_fu_19123_p2      |       and|   0|  0|    58|          58|          58|
    |and_ln57_614_fu_19198_p2      |       and|   0|  0|    63|          63|          63|
    |and_ln57_615_fu_13524_p2      |       and|   0|  0|    64|          64|          64|
    |and_ln57_616_fu_13689_p2      |       and|   0|  0|    64|          64|          64|
    |and_ln57_617_fu_13863_p2      |       and|   0|  0|    65|          65|          65|
    |and_ln57_618_fu_14190_p2      |       and|   0|  0|    13|          13|          13|
    |and_ln57_619_fu_19584_p2      |       and|   0|  0|    64|          64|          64|
    |and_ln57_61_fu_3076_p2        |       and|   0|  0|    67|          67|          67|
    |and_ln57_620_fu_19721_p2      |       and|   0|  0|    64|          64|          64|
    |and_ln57_621_fu_19831_p2      |       and|   0|  0|    65|          65|          65|
    |and_ln57_622_fu_19993_p2      |       and|   0|  0|    64|          64|          64|
    |and_ln57_623_fu_22274_p2      |       and|   0|  0|    64|          64|          64|
    |and_ln57_624_fu_22391_p2      |       and|   0|  0|    65|          65|          65|
    |and_ln57_625_fu_20119_p2      |       and|   0|  0|    64|          64|          64|
    |and_ln57_626_fu_20277_p2      |       and|   0|  0|    64|          64|          64|
    |and_ln57_627_fu_22526_p2      |       and|   0|  0|    65|          65|          65|
    |and_ln57_628_fu_20419_p2      |       and|   0|  0|    64|          64|          64|
    |and_ln57_629_fu_20505_p2      |       and|   0|  0|    61|          61|          61|
    |and_ln57_62_fu_3148_p2        |       and|   0|  0|    67|          67|          67|
    |and_ln57_630_fu_20629_p2      |       and|   0|  0|    64|          64|          64|
    |and_ln57_631_fu_22661_p2      |       and|   0|  0|    65|          65|          65|
    |and_ln57_632_fu_22822_p2      |       and|   0|  0|    64|          64|          64|
    |and_ln57_633_fu_20745_p2      |       and|   0|  0|    61|          61|          61|
    |and_ln57_634_fu_22964_p2      |       and|   0|  0|    64|          64|          64|
    |and_ln57_635_fu_23082_p2      |       and|   0|  0|    65|          65|          65|
    |and_ln57_636_fu_23154_p2      |       and|   0|  0|    58|          58|          58|
    |and_ln57_637_fu_23225_p2      |       and|   0|  0|    63|          63|          63|
    |and_ln57_638_fu_20903_p2      |       and|   0|  0|    64|          64|          64|
    |and_ln57_639_fu_21068_p2      |       and|   0|  0|    64|          64|          64|
    |and_ln57_63_fu_4377_p2        |       and|   0|  0|    64|          64|          64|
    |and_ln57_640_fu_21239_p2      |       and|   0|  0|    65|          65|          65|
    |and_ln57_641_fu_21618_p2      |       and|   0|  0|    15|          15|          15|
    |and_ln57_642_fu_23611_p2      |       and|   0|  0|    64|          64|          64|
    |and_ln57_643_fu_23743_p2      |       and|   0|  0|    64|          64|          64|
    |and_ln57_644_fu_23861_p2      |       and|   0|  0|    65|          65|          65|
    |and_ln57_645_fu_24027_p2      |       and|   0|  0|    64|          64|          64|
    |and_ln57_646_fu_24195_p2      |       and|   0|  0|    64|          64|          64|
    |and_ln57_647_fu_24305_p2      |       and|   0|  0|    65|          65|          65|
    |and_ln57_648_fu_24463_p2      |       and|   0|  0|    64|          64|          64|
    |and_ln57_649_fu_24633_p2      |       and|   0|  0|    64|          64|          64|
    |and_ln57_64_fu_4395_p2        |       and|   0|  0|    66|          66|          66|
    |and_ln57_650_fu_24751_p2      |       and|   0|  0|    65|          65|          65|
    |and_ln57_651_fu_27025_p2      |       and|   0|  0|    64|          64|          64|
    |and_ln57_652_fu_24899_p2      |       and|   0|  0|    61|          61|          61|
    |and_ln57_653_fu_27169_p2      |       and|   0|  0|    64|          64|          64|
    |and_ln57_654_fu_27279_p2      |       and|   0|  0|    65|          65|          65|
    |and_ln57_655_fu_27413_p2      |       and|   0|  0|    64|          64|          64|
    |and_ln57_656_fu_27485_p2      |       and|   0|  0|    61|          61|          61|
    |and_ln57_657_fu_27620_p2      |       and|   0|  0|    64|          64|          64|
    |and_ln57_658_fu_27730_p2      |       and|   0|  0|    65|          65|          65|
    |and_ln57_659_fu_27841_p2      |       and|   0|  0|    58|          58|          58|
    |and_ln57_65_fu_4718_p2        |       and|   0|  0|    64|          64|          64|
    |and_ln57_660_fu_27916_p2      |       and|   0|  0|    63|          63|          63|
    |and_ln57_661_fu_25113_p2      |       and|   0|  0|    64|          64|          64|
    |and_ln57_662_fu_25277_p2      |       and|   0|  0|    64|          64|          64|
    |and_ln57_663_fu_25448_p2      |       and|   0|  0|    65|          65|          65|
    |and_ln57_664_fu_25861_p2      |       and|   0|  0|    17|          17|          17|
    |and_ln57_665_fu_25969_p2      |       and|   0|  0|    64|          64|          64|
    |and_ln57_666_fu_26117_p2      |       and|   0|  0|    64|          64|          64|
    |and_ln57_667_fu_28405_p2      |       and|   0|  0|    65|          65|          65|
    |and_ln57_668_fu_26381_p2      |       and|   0|  0|    64|          64|          64|
    |and_ln57_669_fu_26547_p2      |       and|   0|  0|    64|          64|          64|
    |and_ln57_66_fu_4724_p2        |       and|   0|  0|    64|          64|          64|
    |and_ln57_670_fu_28617_p2      |       and|   0|  0|    65|          65|          65|
    |and_ln57_671_fu_28870_p2      |       and|   0|  0|    64|          64|          64|
    |and_ln57_672_fu_30513_p2      |       and|   0|  0|    64|          64|          64|
    |and_ln57_673_fu_30621_p2      |       and|   0|  0|    65|          65|          65|
    |and_ln57_674_fu_29070_p2      |       and|   0|  0|    64|          64|          64|
    |and_ln57_675_fu_29142_p2      |       and|   0|  0|    61|          61|          61|
    |and_ln57_676_fu_29266_p2      |       and|   0|  0|    64|          64|          64|
    |and_ln57_677_fu_30844_p2      |       and|   0|  0|    65|          65|          65|
    |and_ln57_678_fu_29502_p2      |       and|   0|  0|    64|          64|          64|
    |and_ln57_679_fu_29588_p2      |       and|   0|  0|    61|          61|          61|
    |and_ln57_67_fu_4515_p2        |       and|   0|  0|    64|          64|          64|
    |and_ln57_680_fu_29710_p2      |       and|   0|  0|    64|          64|          64|
    |and_ln57_681_fu_31121_p2      |       and|   0|  0|    65|          65|          65|
    |and_ln57_682_fu_29891_p2      |       and|   0|  0|    58|          58|          58|
    |and_ln57_683_fu_29971_p2      |       and|   0|  0|    63|          63|          63|
    |and_ln57_68_fu_4527_p2        |       and|   0|  0|    66|          66|          66|
    |and_ln57_69_fu_4768_p2        |       and|   0|  0|    65|          65|          65|
    |and_ln57_6_fu_1489_p2         |       and|   0|  0|    64|          64|          64|
    |and_ln57_70_fu_4780_p2        |       and|   0|  0|    67|          67|          67|
    |and_ln57_71_fu_4851_p2        |       and|   0|  0|    67|          67|          67|
    |and_ln57_72_fu_1362_p2        |       and|   0|  0|    64|          64|          64|
    |and_ln57_73_fu_6491_p2        |       and|   0|  0|    64|          64|          64|
    |and_ln57_74_fu_6509_p2        |       and|   0|  0|    66|          66|          66|
    |and_ln57_75_fu_6553_p2        |       and|   0|  0|    64|          64|          64|
    |and_ln57_76_fu_6559_p2        |       and|   0|  0|    64|          64|          64|
    |and_ln57_77_fu_6651_p2        |       and|   0|  0|    64|          64|          64|
    |and_ln57_78_fu_6663_p2        |       and|   0|  0|    66|          66|          66|
    |and_ln57_79_fu_7145_p2        |       and|   0|  0|    65|          65|          65|
    |and_ln57_7_fu_1585_p2         |       and|   0|  0|    64|          64|          64|
    |and_ln57_80_fu_7157_p2        |       and|   0|  0|    67|          67|          67|
    |and_ln57_81_fu_7228_p2        |       and|   0|  0|    67|          67|          67|
    |and_ln57_82_fu_1643_p2        |       and|   0|  0|    64|          64|          64|
    |and_ln57_83_fu_7296_p2        |       and|   0|  0|    64|          64|          64|
    |and_ln57_84_fu_7314_p2        |       and|   0|  0|    66|          66|          66|
    |and_ln57_85_fu_6753_p2        |       and|   0|  0|    61|          61|          61|
    |and_ln57_86_fu_6769_p2        |       and|   0|  0|    64|          64|          64|
    |and_ln57_87_fu_7446_p2        |       and|   0|  0|    64|          64|          64|
    |and_ln57_88_fu_7458_p2        |       and|   0|  0|    66|          66|          66|
    |and_ln57_89_fu_7554_p2        |       and|   0|  0|    65|          65|          65|
    |and_ln57_8_fu_1625_p2         |       and|   0|  0|    64|          64|          64|
    |and_ln57_90_fu_7568_p2        |       and|   0|  0|    67|          67|          67|
    |and_ln57_91_fu_10072_p2       |       and|   0|  0|    67|          67|          67|
    |and_ln57_92_fu_2683_p2        |       and|   0|  0|    64|          64|          64|
    |and_ln57_93_fu_10135_p2       |       and|   0|  0|    64|          64|          64|
    |and_ln57_94_fu_10153_p2       |       and|   0|  0|    66|          66|          66|
    |and_ln57_95_fu_7636_p2        |       and|   0|  0|    61|          61|          61|
    |and_ln57_96_fu_7651_p2        |       and|   0|  0|    64|          64|          64|
    |and_ln57_97_fu_10275_p2       |       and|   0|  0|    64|          64|          64|
    |and_ln57_98_fu_10286_p2       |       and|   0|  0|    66|          66|          66|
    |and_ln57_99_fu_10387_p2       |       and|   0|  0|    65|          65|          65|
    |and_ln57_9_fu_1637_p2         |       and|   0|  0|    65|          65|          65|
    |and_ln57_fu_1232_p2           |       and|   0|  0|    64|          64|          64|
    |grp_fu_987_p2                 |       and|   0|  0|    55|          55|          55|
    |keep_t_fu_31664_p2            |       and|   0|  0|     2|           1|           1|
    |not_and_ln214_fu_31684_p2     |        or|   0|  0|     2|           1|           1|
    |or_ln217_1_fu_31726_p2        |        or|   0|  0|    64|          64|          64|
    |or_ln217_2_fu_31744_p2        |        or|   0|  0|    64|          64|          64|
    |or_ln217_3_fu_31761_p2        |        or|   0|  0|    64|          64|          64|
    |or_ln217_4_fu_31778_p2        |        or|   0|  0|    64|          64|          64|
    |or_ln217_5_fu_31795_p2        |        or|   0|  0|    64|          64|          64|
    |or_ln217_6_fu_31812_p2        |        or|   0|  0|    64|          64|          64|
    |or_ln217_7_fu_31829_p2        |        or|   0|  0|    64|          64|          64|
    |or_ln217_fu_31708_p2          |        or|   0|  0|    64|          64|          64|
    |or_ln57_101_fu_4756_p2        |        or|   0|  0|    65|          65|          65|
    |or_ln57_103_fu_4792_p2        |        or|   0|  0|    65|          65|          65|
    |or_ln57_105_fu_7820_p2        |        or|   0|  0|    64|          64|          64|
    |or_ln57_106_fu_7838_p2        |        or|   0|  0|    64|          64|          64|
    |or_ln57_107_fu_6467_p2        |        or|   0|  0|    64|          64|          64|
    |or_ln57_109_fu_6521_p2        |        or|   0|  0|    64|          64|          64|
    |or_ln57_111_fu_6627_p2        |        or|   0|  0|    64|          64|          64|
    |or_ln57_113_fu_10905_p2       |        or|   0|  0|    64|          64|          64|
    |or_ln57_114_fu_10922_p2       |        or|   0|  0|    64|          64|          64|
    |or_ln57_115_fu_6675_p2        |        or|   0|  0|    64|          64|          64|
    |or_ln57_117_fu_7133_p2        |        or|   0|  0|    65|          65|          65|
    |or_ln57_119_fu_7169_p2        |        or|   0|  0|    65|          65|          65|
    |or_ln57_11_fu_4049_p2         |        or|   0|  0|    64|          64|          64|
    |or_ln57_120_fu_7272_p2        |        or|   0|  0|    64|          64|          64|
    |or_ln57_123_fu_7326_p2        |        or|   0|  0|    64|          64|          64|
    |or_ln57_125_fu_6739_p2        |        or|   0|  0|    61|          61|          61|
    |or_ln57_127_fu_6781_p2        |        or|   0|  0|    61|          61|          61|
    |or_ln57_128_fu_7422_p2        |        or|   0|  0|    64|          64|          64|
    |or_ln57_12_fu_4067_p2         |        or|   0|  0|    64|          64|          64|
    |or_ln57_131_fu_7470_p2        |        or|   0|  0|    64|          64|          64|
    |or_ln57_133_fu_7530_p2        |        or|   0|  0|    65|          65|          65|
    |or_ln57_134_fu_7580_p2        |        or|   0|  0|    65|          65|          65|
    |or_ln57_135_fu_14605_p2       |        or|   0|  0|    58|          58|          58|
    |or_ln57_136_fu_10111_p2       |        or|   0|  0|    64|          64|          64|
    |or_ln57_139_fu_14707_p2       |        or|   0|  0|    64|          64|          64|
    |or_ln57_13_fu_1612_p2         |        or|   0|  0|    64|          64|          64|
    |or_ln57_140_fu_14725_p2       |        or|   0|  0|    64|          64|          64|
    |or_ln57_141_fu_14759_p2       |        or|   0|  0|    65|          65|          65|
    |or_ln57_142_fu_14777_p2       |        or|   0|  0|    65|          65|          65|
    |or_ln57_143_fu_10165_p2       |        or|   0|  0|    64|          64|          64|
    |or_ln57_145_fu_5421_p2        |        or|   0|  0|    64|          64|          64|
    |or_ln57_146_fu_5439_p2        |        or|   0|  0|    64|          64|          64|
    |or_ln57_147_fu_7623_p2        |        or|   0|  0|    61|          61|          61|
    |or_ln57_14_fu_1649_p2         |        or|   0|  0|    64|          64|          64|
    |or_ln57_150_fu_7663_p2        |        or|   0|  0|    61|          61|          61|
    |or_ln57_152_fu_10234_p2       |        or|   0|  0|    64|          64|          64|
    |or_ln57_154_fu_10298_p2       |        or|   0|  0|    64|          64|          64|
    |or_ln57_156_fu_6133_p2        |        or|   0|  0|    64|          64|          64|
    |or_ln57_157_fu_10363_p2       |        or|   0|  0|    65|          65|          65|
    |or_ln57_159_fu_10413_p2       |        or|   0|  0|    65|          65|          65|
    |or_ln57_161_fu_10499_p2       |        or|   0|  0|    58|          58|          58|
    |or_ln57_163_fu_11386_p2       |        or|   0|  0|    64|          64|          64|
    |or_ln57_164_fu_11404_p2       |        or|   0|  0|    64|          64|          64|
    |or_ln57_165_fu_10533_p2       |        or|   0|  0|    63|          63|          63|
    |or_ln57_167_fu_10575_p2       |        or|   0|  0|    63|          63|          63|
    |or_ln57_169_fu_3239_p2        |        or|   0|  0|    64|          64|          64|
    |or_ln57_171_fu_15116_p2       |        or|   0|  0|    64|          64|          64|
    |or_ln57_172_fu_15134_p2       |        or|   0|  0|    64|          64|          64|
    |or_ln57_173_fu_3293_p2        |        or|   0|  0|    64|          64|          64|
    |or_ln57_175_fu_3411_p2        |        or|   0|  0|    64|          64|          64|
    |or_ln57_177_fu_3459_p2        |        or|   0|  0|    64|          64|          64|
    |or_ln57_178_fu_3580_p2        |        or|   0|  0|    65|          65|          65|
    |or_ln57_17_fu_2643_p2         |        or|   0|  0|    64|          64|          64|
    |or_ln57_181_fu_3630_p2        |        or|   0|  0|    65|          65|          65|
    |or_ln57_183_fu_3890_p2        |        or|   0|  0|     7|           7|           7|
    |or_ln57_185_fu_3964_p2        |        or|   0|  0|     7|           7|           7|
    |or_ln57_186_fu_4908_p2        |        or|   0|  0|    64|          64|          64|
    |or_ln57_189_fu_4960_p2        |        or|   0|  0|    64|          64|          64|
    |or_ln57_18_fu_2689_p2         |        or|   0|  0|    64|          64|          64|
    |or_ln57_191_fu_5039_p2        |        or|   0|  0|    64|          64|          64|
    |or_ln57_192_fu_5085_p2        |        or|   0|  0|    64|          64|          64|
    |or_ln57_193_fu_16251_p2       |        or|   0|  0|    58|          58|          58|
    |or_ln57_194_fu_5153_p2        |        or|   0|  0|    65|          65|          65|
    |or_ln57_197_fu_16419_p2       |        or|   0|  0|    64|          64|          64|
    |or_ln57_198_fu_16437_p2       |        or|   0|  0|    64|          64|          64|
    |or_ln57_199_fu_16471_p2       |        or|   0|  0|    65|          65|          65|
    |or_ln57_1_fu_1244_p2          |        or|   0|  0|    64|          64|          64|
    |or_ln57_200_fu_16489_p2       |        or|   0|  0|    65|          65|          65|
    |or_ln57_201_fu_5203_p2        |        or|   0|  0|    65|          65|          65|
    |or_ln57_203_fu_8798_p2        |        or|   0|  0|    64|          64|          64|
    |or_ln57_204_fu_8816_p2        |        or|   0|  0|    64|          64|          64|
    |or_ln57_205_fu_7742_p2        |        or|   0|  0|    64|          64|          64|
    |or_ln57_208_fu_7794_p2        |        or|   0|  0|    64|          64|          64|
    |or_ln57_210_fu_7911_p2        |        or|   0|  0|    64|          64|          64|
    |or_ln57_212_fu_7959_p2        |        or|   0|  0|    64|          64|          64|
    |or_ln57_214_fu_9575_p2        |        or|   0|  0|    64|          64|          64|
    |or_ln57_215_fu_8027_p2        |        or|   0|  0|    65|          65|          65|
    |or_ln57_217_fu_8077_p2        |        or|   0|  0|    65|          65|          65|
    |or_ln57_219_fu_10827_p2       |        or|   0|  0|    64|          64|          64|
    |or_ln57_21_fu_4127_p2         |        or|   0|  0|    64|          64|          64|
    |or_ln57_221_fu_17573_p2       |        or|   0|  0|    64|          64|          64|
    |or_ln57_222_fu_17590_p2       |        or|   0|  0|    64|          64|          64|
    |or_ln57_223_fu_10879_p2       |        or|   0|  0|    64|          64|          64|
    |or_ln57_225_fu_10994_p2       |        or|   0|  0|    64|          64|          64|
    |or_ln57_227_fu_11042_p2       |        or|   0|  0|    64|          64|          64|
    |or_ln57_229_fu_17815_p2       |        or|   0|  0|    64|          64|          64|
    |or_ln57_22_fu_4173_p2         |        or|   0|  0|    64|          64|          64|
    |or_ln57_230_fu_17832_p2       |        or|   0|  0|    64|          64|          64|
    |or_ln57_231_fu_11110_p2       |        or|   0|  0|    65|          65|          65|
    |or_ln57_233_fu_11160_p2       |        or|   0|  0|    65|          65|          65|
    |or_ln57_235_fu_12487_p2       |        or|   0|  0|    64|          64|          64|
    |or_ln57_236_fu_12541_p2       |        or|   0|  0|    64|          64|          64|
    |or_ln57_239_fu_8169_p2        |        or|   0|  0|    61|          61|          61|
    |or_ln57_241_fu_8211_p2        |        or|   0|  0|    61|          61|          61|
    |or_ln57_243_fu_12639_p2       |        or|   0|  0|    64|          64|          64|
    |or_ln57_244_fu_12687_p2       |        or|   0|  0|    64|          64|          64|
    |or_ln57_247_fu_12747_p2       |        or|   0|  0|    65|          65|          65|
    |or_ln57_249_fu_12797_p2       |        or|   0|  0|    65|          65|          65|
    |or_ln57_250_fu_12863_p2       |        or|   0|  0|    64|          64|          64|
    |or_ln57_251_fu_19106_p2       |        or|   0|  0|    58|          58|          58|
    |or_ln57_252_fu_12917_p2       |        or|   0|  0|    64|          64|          64|
    |or_ln57_255_fu_19272_p2       |        or|   0|  0|    64|          64|          64|
    |or_ln57_256_fu_19290_p2       |        or|   0|  0|    64|          64|          64|
    |or_ln57_257_fu_22039_p2       |        or|   0|  0|    65|          65|          65|
    |or_ln57_258_fu_22053_p2       |        or|   0|  0|    65|          65|          65|
    |or_ln57_259_fu_12951_p2       |        or|   0|  0|    61|          61|          61|
    |or_ln57_25_fu_4243_p2         |        or|   0|  0|    61|          61|          61|
    |or_ln57_261_fu_13556_p2       |        or|   0|  0|    64|          64|          64|
    |or_ln57_262_fu_13574_p2       |        or|   0|  0|    64|          64|          64|
    |or_ln57_263_fu_12993_p2       |        or|   0|  0|    61|          61|          61|
    |or_ln57_266_fu_13077_p2       |        or|   0|  0|    64|          64|          64|
    |or_ln57_268_fu_13125_p2       |        or|   0|  0|    64|          64|          64|
    |or_ln57_270_fu_14494_p2       |        or|   0|  0|    65|          65|          65|
    |or_ln57_272_fu_14232_p2       |        or|   0|  0|    64|          64|          64|
    |or_ln57_273_fu_14528_p2       |        or|   0|  0|    65|          65|          65|
    |or_ln57_275_fu_14626_p2       |        or|   0|  0|    58|          58|          58|
    |or_ln57_277_fu_13189_p2       |        or|   0|  0|    63|          63|          63|
    |or_ln57_279_fu_22175_p2       |        or|   0|  0|    64|          64|          64|
    |or_ln57_27_fu_4285_p2         |        or|   0|  0|    61|          61|          61|
    |or_ln57_280_fu_22193_p2       |        or|   0|  0|    64|          64|          64|
    |or_ln57_281_fu_13231_p2       |        or|   0|  0|    63|          63|          63|
    |or_ln57_283_fu_5343_p2        |        or|   0|  0|    64|          64|          64|
    |or_ln57_285_fu_5395_p2        |        or|   0|  0|    64|          64|          64|
    |or_ln57_287_fu_20151_p2       |        or|   0|  0|    64|          64|          64|
    |or_ln57_288_fu_20169_p2       |        or|   0|  0|    64|          64|          64|
    |or_ln57_289_fu_5512_p2        |        or|   0|  0|    64|          64|          64|
    |or_ln57_291_fu_5560_p2        |        or|   0|  0|    64|          64|          64|
    |or_ln57_293_fu_5681_p2        |        or|   0|  0|    65|          65|          65|
    |or_ln57_294_fu_5731_p2        |        or|   0|  0|    65|          65|          65|
    |or_ln57_297_fu_6023_p2        |        or|   0|  0|     9|           9|           9|
    |or_ln57_299_fu_6097_p2        |        or|   0|  0|     9|           9|           9|
    |or_ln57_29_fu_1863_p2         |        or|   0|  0|    64|          64|          64|
    |or_ln57_301_fu_8266_p2        |        or|   0|  0|    64|          64|          64|
    |or_ln57_302_fu_8318_p2        |        or|   0|  0|    64|          64|          64|
    |or_ln57_305_fu_8397_p2        |        or|   0|  0|    64|          64|          64|
    |or_ln57_307_fu_8443_p2        |        or|   0|  0|    64|          64|          64|
    |or_ln57_308_fu_8511_p2        |        or|   0|  0|    65|          65|          65|
    |or_ln57_309_fu_23138_p2       |        or|   0|  0|    58|          58|          58|
    |or_ln57_30_fu_1881_p2         |        or|   0|  0|    64|          64|          64|
    |or_ln57_310_fu_8561_p2        |        or|   0|  0|    65|          65|          65|
    |or_ln57_313_fu_23298_p2       |        or|   0|  0|    64|          64|          64|
    |or_ln57_314_fu_23316_p2       |        or|   0|  0|    64|          64|          64|
    |or_ln57_315_fu_23346_p2       |        or|   0|  0|    65|          65|          65|
    |or_ln57_316_fu_23364_p2       |        or|   0|  0|    65|          65|          65|
    |or_ln57_317_fu_11306_p2       |        or|   0|  0|    64|          64|          64|
    |or_ln57_319_fu_20935_p2       |        or|   0|  0|    64|          64|          64|
    |or_ln57_31_fu_6253_p2         |        or|   0|  0|    64|          64|          64|
    |or_ln57_320_fu_20953_p2       |        or|   0|  0|    64|          64|          64|
    |or_ln57_321_fu_11360_p2       |        or|   0|  0|    64|          64|          64|
    |or_ln57_324_fu_11482_p2       |        or|   0|  0|    64|          64|          64|
    |or_ln57_326_fu_11530_p2       |        or|   0|  0|    64|          64|          64|
    |or_ln57_328_fu_11598_p2       |        or|   0|  0|    65|          65|          65|
    |or_ln57_330_fu_21659_p2       |        or|   0|  0|    64|          64|          64|
    |or_ln57_331_fu_11648_p2       |        or|   0|  0|    65|          65|          65|
    |or_ln57_333_fu_15038_p2       |        or|   0|  0|    64|          64|          64|
    |or_ln57_335_fu_15090_p2       |        or|   0|  0|    64|          64|          64|
    |or_ln57_337_fu_24059_p2       |        or|   0|  0|    64|          64|          64|
    |or_ln57_338_fu_24076_p2       |        or|   0|  0|    64|          64|          64|
    |or_ln57_339_fu_15211_p2       |        or|   0|  0|    64|          64|          64|
    |or_ln57_341_fu_15259_p2       |        or|   0|  0|    64|          64|          64|
    |or_ln57_343_fu_15319_p2       |        or|   0|  0|    65|          65|          65|
    |or_ln57_345_fu_24495_p2       |        or|   0|  0|    64|          64|          64|
    |or_ln57_346_fu_24513_p2       |        or|   0|  0|    64|          64|          64|
    |or_ln57_347_fu_15369_p2       |        or|   0|  0|    65|          65|          65|
    |or_ln57_349_fu_15477_p2       |        or|   0|  0|    64|          64|          64|
    |or_ln57_34_fu_6290_p2         |        or|   0|  0|    64|          64|          64|
    |or_ln57_351_fu_15531_p2       |        or|   0|  0|    64|          64|          64|
    |or_ln57_352_fu_15565_p2       |        or|   0|  0|    61|          61|          61|
    |or_ln57_355_fu_15607_p2       |        or|   0|  0|    61|          61|          61|
    |or_ln57_357_fu_15697_p2       |        or|   0|  0|    64|          64|          64|
    |or_ln57_359_fu_15745_p2       |        or|   0|  0|    64|          64|          64|
    |or_ln57_360_fu_15805_p2       |        or|   0|  0|    65|          65|          65|
    |or_ln57_363_fu_15855_p2       |        or|   0|  0|    65|          65|          65|
    |or_ln57_365_fu_15921_p2       |        or|   0|  0|    64|          64|          64|
    |or_ln57_366_fu_15975_p2       |        or|   0|  0|    64|          64|          64|
    |or_ln57_367_fu_27824_p2       |        or|   0|  0|    58|          58|          58|
    |or_ln57_368_fu_16005_p2       |        or|   0|  0|    61|          61|          61|
    |or_ln57_36_fu_6356_p2         |        or|   0|  0|    61|          61|          61|
    |or_ln57_371_fu_27990_p2       |        or|   0|  0|    64|          64|          64|
    |or_ln57_372_fu_28008_p2       |        or|   0|  0|    64|          64|          64|
    |or_ln57_373_fu_28038_p2       |        or|   0|  0|    65|          65|          65|
    |or_ln57_374_fu_28056_p2       |        or|   0|  0|    65|          65|          65|
    |or_ln57_375_fu_16047_p2       |        or|   0|  0|    61|          61|          61|
    |or_ln57_377_fu_25145_p2       |        or|   0|  0|    64|          64|          64|
    |or_ln57_378_fu_25162_p2       |        or|   0|  0|    64|          64|          64|
    |or_ln57_379_fu_16121_p2       |        or|   0|  0|    64|          64|          64|
    |or_ln57_382_fu_16169_p2       |        or|   0|  0|    64|          64|          64|
    |or_ln57_384_fu_17344_p2       |        or|   0|  0|    65|          65|          65|
    |or_ln57_386_fu_17380_p2       |        or|   0|  0|    65|          65|          65|
    |or_ln57_388_fu_26007_p2       |        or|   0|  0|    64|          64|          64|
    |or_ln57_389_fu_16275_p2       |        or|   0|  0|    58|          58|          58|
    |or_ln57_38_fu_6398_p2         |        or|   0|  0|    61|          61|          61|
    |or_ln57_391_fu_16305_p2       |        or|   0|  0|    63|          63|          63|
    |or_ln57_393_fu_16347_p2       |        or|   0|  0|    63|          63|          63|
    |or_ln57_395_fu_26413_p2       |        or|   0|  0|    64|          64|          64|
    |or_ln57_396_fu_26431_p2       |        or|   0|  0|    64|          64|          64|
    |or_ln57_397_fu_8718_p2        |        or|   0|  0|    64|          64|          64|
    |or_ln57_399_fu_8772_p2        |        or|   0|  0|    64|          64|          64|
    |or_ln57_3_fu_1322_p2          |        or|   0|  0|    64|          64|          64|
    |or_ln57_401_fu_8890_p2        |        or|   0|  0|    64|          64|          64|
    |or_ln57_403_fu_30425_p2       |        or|   0|  0|    64|          64|          64|
    |or_ln57_404_fu_30443_p2       |        or|   0|  0|    64|          64|          64|
    |or_ln57_405_fu_8938_p2        |        or|   0|  0|    64|          64|          64|
    |or_ln57_407_fu_9059_p2        |        or|   0|  0|    65|          65|          65|
    |or_ln57_409_fu_9109_p2        |        or|   0|  0|    65|          65|          65|
    |or_ln57_40_fu_2497_p2         |        or|   0|  0|    64|          64|          64|
    |or_ln57_410_fu_9465_p2        |        or|   0|  0|    11|          11|          11|
    |or_ln57_413_fu_9539_p2        |        or|   0|  0|    11|          11|          11|
    |or_ln57_415_fu_11772_p2       |        or|   0|  0|    64|          64|          64|
    |or_ln57_417_fu_11826_p2       |        or|   0|  0|    64|          64|          64|
    |or_ln57_418_fu_11905_p2       |        or|   0|  0|    64|          64|          64|
    |or_ln57_41_fu_6931_p2         |        or|   0|  0|    64|          64|          64|
    |or_ln57_421_fu_11953_p2       |        or|   0|  0|    64|          64|          64|
    |or_ln57_423_fu_13290_p2       |        or|   0|  0|    65|          65|          65|
    |or_ln57_424_fu_13326_p2       |        or|   0|  0|    65|          65|          65|
    |or_ln57_425_fu_29873_p2       |        or|   0|  0|    58|          58|          58|
    |or_ln57_426_fu_16675_p2       |        or|   0|  0|    64|          64|          64|
    |or_ln57_428_fu_16729_p2       |        or|   0|  0|    64|          64|          64|
    |or_ln57_429_fu_30045_p2       |        or|   0|  0|    64|          64|          64|
    |or_ln57_430_fu_30063_p2       |        or|   0|  0|    64|          64|          64|
    |or_ln57_431_fu_30093_p2       |        or|   0|  0|    65|          65|          65|
    |or_ln57_432_fu_30111_p2       |        or|   0|  0|    65|          65|          65|
    |or_ln57_433_fu_16814_p2       |        or|   0|  0|    64|          64|          64|
    |or_ln57_434_fu_16862_p2       |        or|   0|  0|    64|          64|          64|
    |or_ln57_435_fu_17616_p2       |        or|   0|  0|    65|          65|          65|
    |or_ln57_436_fu_17652_p2       |        or|   0|  0|    65|          65|          65|
    |or_ln57_437_fu_17737_p2       |        or|   0|  0|    64|          64|          64|
    |or_ln57_438_fu_17789_p2       |        or|   0|  0|    64|          64|          64|
    |or_ln57_439_fu_17908_p2       |        or|   0|  0|    64|          64|          64|
    |or_ln57_43_fu_6968_p2         |        or|   0|  0|    64|          64|          64|
    |or_ln57_440_fu_17956_p2       |        or|   0|  0|    64|          64|          64|
    |or_ln57_441_fu_18024_p2       |        or|   0|  0|    65|          65|          65|
    |or_ln57_442_fu_18074_p2       |        or|   0|  0|    65|          65|          65|
    |or_ln57_443_fu_18178_p2       |        or|   0|  0|    64|          64|          64|
    |or_ln57_444_fu_18232_p2       |        or|   0|  0|    64|          64|          64|
    |or_ln57_445_fu_18262_p2       |        or|   0|  0|    61|          61|          61|
    |or_ln57_446_fu_18304_p2       |        or|   0|  0|    61|          61|          61|
    |or_ln57_447_fu_18394_p2       |        or|   0|  0|    64|          64|          64|
    |or_ln57_448_fu_18442_p2       |        or|   0|  0|    64|          64|          64|
    |or_ln57_449_fu_18502_p2       |        or|   0|  0|    65|          65|          65|
    |or_ln57_450_fu_18552_p2       |        or|   0|  0|    65|          65|          65|
    |or_ln57_451_fu_18641_p2       |        or|   0|  0|    64|          64|          64|
    |or_ln57_452_fu_18693_p2       |        or|   0|  0|    64|          64|          64|
    |or_ln57_453_fu_18727_p2       |        or|   0|  0|    61|          61|          61|
    |or_ln57_454_fu_18769_p2       |        or|   0|  0|    61|          61|          61|
    |or_ln57_455_fu_18852_p2       |        or|   0|  0|    64|          64|          64|
    |or_ln57_456_fu_18900_p2       |        or|   0|  0|    64|          64|          64|
    |or_ln57_457_fu_18968_p2       |        or|   0|  0|    65|          65|          65|
    |or_ln57_458_fu_19018_p2       |        or|   0|  0|    65|          65|          65|
    |or_ln57_459_fu_19128_p2       |        or|   0|  0|    58|          58|          58|
    |or_ln57_45_fu_7038_p2         |        or|   0|  0|    63|          63|          63|
    |or_ln57_460_fu_19162_p2       |        or|   0|  0|    63|          63|          63|
    |or_ln57_461_fu_19204_p2       |        or|   0|  0|    63|          63|          63|
    |or_ln57_462_fu_13478_p2       |        or|   0|  0|    64|          64|          64|
    |or_ln57_463_fu_13530_p2       |        or|   0|  0|    64|          64|          64|
    |or_ln57_464_fu_13647_p2       |        or|   0|  0|    64|          64|          64|
    |or_ln57_465_fu_13695_p2       |        or|   0|  0|    64|          64|          64|
    |or_ln57_466_fu_13819_p2       |        or|   0|  0|    65|          65|          65|
    |or_ln57_467_fu_13869_p2       |        or|   0|  0|    65|          65|          65|
    |or_ln57_468_fu_14122_p2       |        or|   0|  0|    13|          13|          13|
    |or_ln57_469_fu_14196_p2       |        or|   0|  0|    13|          13|          13|
    |or_ln57_470_fu_19538_p2       |        or|   0|  0|    64|          64|          64|
    |or_ln57_471_fu_19590_p2       |        or|   0|  0|    64|          64|          64|
    |or_ln57_472_fu_19679_p2       |        or|   0|  0|    64|          64|          64|
    |or_ln57_473_fu_19727_p2       |        or|   0|  0|    64|          64|          64|
    |or_ln57_474_fu_19787_p2       |        or|   0|  0|    65|          65|          65|
    |or_ln57_475_fu_19837_p2       |        or|   0|  0|    65|          65|          65|
    |or_ln57_476_fu_19945_p2       |        or|   0|  0|    64|          64|          64|
    |or_ln57_477_fu_19999_p2       |        or|   0|  0|    64|          64|          64|
    |or_ln57_478_fu_22235_p2       |        or|   0|  0|    64|          64|          64|
    |or_ln57_479_fu_22280_p2       |        or|   0|  0|    64|          64|          64|
    |or_ln57_47_fu_4712_p2         |        or|   0|  0|    64|          64|          64|
    |or_ln57_480_fu_22347_p2       |        or|   0|  0|    65|          65|          65|
    |or_ln57_481_fu_22397_p2       |        or|   0|  0|    65|          65|          65|
    |or_ln57_482_fu_20071_p2       |        or|   0|  0|    64|          64|          64|
    |or_ln57_483_fu_20125_p2       |        or|   0|  0|    64|          64|          64|
    |or_ln57_484_fu_20235_p2       |        or|   0|  0|    64|          64|          64|
    |or_ln57_485_fu_20283_p2       |        or|   0|  0|    64|          64|          64|
    |or_ln57_486_fu_22496_p2       |        or|   0|  0|    65|          65|          65|
    |or_ln57_487_fu_22532_p2       |        or|   0|  0|    65|          65|          65|
    |or_ln57_488_fu_20371_p2       |        or|   0|  0|    64|          64|          64|
    |or_ln57_489_fu_20425_p2       |        or|   0|  0|    64|          64|          64|
    |or_ln57_48_fu_4730_p2         |        or|   0|  0|    64|          64|          64|
    |or_ln57_490_fu_20459_p2       |        or|   0|  0|    61|          61|          61|
    |or_ln57_491_fu_20511_p2       |        or|   0|  0|    61|          61|          61|
    |or_ln57_492_fu_20587_p2       |        or|   0|  0|    64|          64|          64|
    |or_ln57_493_fu_20635_p2       |        or|   0|  0|    64|          64|          64|
    |or_ln57_494_fu_22631_p2       |        or|   0|  0|    65|          65|          65|
    |or_ln57_495_fu_22667_p2       |        or|   0|  0|    65|          65|          65|
    |or_ln57_496_fu_22774_p2       |        or|   0|  0|    64|          64|          64|
    |or_ln57_497_fu_22828_p2       |        or|   0|  0|    64|          64|          64|
    |or_ln57_498_fu_20699_p2       |        or|   0|  0|    61|          61|          61|
    |or_ln57_499_fu_20751_p2       |        or|   0|  0|    61|          61|          61|
    |or_ln57_49_fu_7080_p2         |        or|   0|  0|    63|          63|          63|
    |or_ln57_4_fu_1495_p2          |        or|   0|  0|    64|          64|          64|
    |or_ln57_500_fu_22922_p2       |        or|   0|  0|    64|          64|          64|
    |or_ln57_501_fu_22970_p2       |        or|   0|  0|    64|          64|          64|
    |or_ln57_502_fu_23038_p2       |        or|   0|  0|    65|          65|          65|
    |or_ln57_503_fu_23088_p2       |        or|   0|  0|    65|          65|          65|
    |or_ln57_504_fu_23159_p2       |        or|   0|  0|    58|          58|          58|
    |or_ln57_505_fu_23189_p2       |        or|   0|  0|    63|          63|          63|
    |or_ln57_506_fu_23231_p2       |        or|   0|  0|    63|          63|          63|
    |or_ln57_507_fu_20857_p2       |        or|   0|  0|    64|          64|          64|
    |or_ln57_508_fu_20909_p2       |        or|   0|  0|    64|          64|          64|
    |or_ln57_509_fu_21026_p2       |        or|   0|  0|    64|          64|          64|
    |or_ln57_510_fu_21074_p2       |        or|   0|  0|    64|          64|          64|
    |or_ln57_511_fu_21195_p2       |        or|   0|  0|    65|          65|          65|
    |or_ln57_512_fu_21245_p2       |        or|   0|  0|    65|          65|          65|
    |or_ln57_513_fu_21550_p2       |        or|   0|  0|    15|          15|          15|
    |or_ln57_514_fu_21624_p2       |        or|   0|  0|    15|          15|          15|
    |or_ln57_515_fu_23565_p2       |        or|   0|  0|    64|          64|          64|
    |or_ln57_516_fu_23617_p2       |        or|   0|  0|    64|          64|          64|
    |or_ln57_517_fu_23701_p2       |        or|   0|  0|    64|          64|          64|
    |or_ln57_518_fu_23749_p2       |        or|   0|  0|    64|          64|          64|
    |or_ln57_519_fu_23817_p2       |        or|   0|  0|    65|          65|          65|
    |or_ln57_51_fu_9775_p2         |        or|   0|  0|    64|          64|          64|
    |or_ln57_520_fu_23867_p2       |        or|   0|  0|    65|          65|          65|
    |or_ln57_521_fu_23979_p2       |        or|   0|  0|    64|          64|          64|
    |or_ln57_522_fu_24033_p2       |        or|   0|  0|    64|          64|          64|
    |or_ln57_523_fu_24153_p2       |        or|   0|  0|    64|          64|          64|
    |or_ln57_524_fu_24201_p2       |        or|   0|  0|    64|          64|          64|
    |or_ln57_525_fu_24261_p2       |        or|   0|  0|    65|          65|          65|
    |or_ln57_526_fu_24311_p2       |        or|   0|  0|    65|          65|          65|
    |or_ln57_527_fu_24415_p2       |        or|   0|  0|    64|          64|          64|
    |or_ln57_528_fu_24469_p2       |        or|   0|  0|    64|          64|          64|
    |or_ln57_529_fu_24591_p2       |        or|   0|  0|    64|          64|          64|
    |or_ln57_530_fu_24639_p2       |        or|   0|  0|    64|          64|          64|
    |or_ln57_531_fu_24707_p2       |        or|   0|  0|    65|          65|          65|
    |or_ln57_532_fu_24757_p2       |        or|   0|  0|    65|          65|          65|
    |or_ln57_533_fu_26979_p2       |        or|   0|  0|    64|          64|          64|
    |or_ln57_534_fu_27031_p2       |        or|   0|  0|    64|          64|          64|
    |or_ln57_535_fu_24863_p2       |        or|   0|  0|    61|          61|          61|
    |or_ln57_536_fu_24905_p2       |        or|   0|  0|    61|          61|          61|
    |or_ln57_537_fu_27127_p2       |        or|   0|  0|    64|          64|          64|
    |or_ln57_538_fu_27175_p2       |        or|   0|  0|    64|          64|          64|
    |or_ln57_539_fu_27235_p2       |        or|   0|  0|    65|          65|          65|
    |or_ln57_53_fu_9812_p2         |        or|   0|  0|    64|          64|          64|
    |or_ln57_540_fu_27285_p2       |        or|   0|  0|    65|          65|          65|
    |or_ln57_541_fu_27367_p2       |        or|   0|  0|    64|          64|          64|
    |or_ln57_542_fu_27419_p2       |        or|   0|  0|    64|          64|          64|
    |or_ln57_543_fu_27449_p2       |        or|   0|  0|    61|          61|          61|
    |or_ln57_544_fu_27491_p2       |        or|   0|  0|    61|          61|          61|
    |or_ln57_545_fu_27578_p2       |        or|   0|  0|    64|          64|          64|
    |or_ln57_546_fu_27626_p2       |        or|   0|  0|    64|          64|          64|
    |or_ln57_547_fu_27686_p2       |        or|   0|  0|    65|          65|          65|
    |or_ln57_548_fu_27736_p2       |        or|   0|  0|    65|          65|          65|
    |or_ln57_549_fu_27846_p2       |        or|   0|  0|    58|          58|          58|
    |or_ln57_550_fu_27880_p2       |        or|   0|  0|    63|          63|          63|
    |or_ln57_551_fu_27922_p2       |        or|   0|  0|    63|          63|          63|
    |or_ln57_552_fu_25065_p2       |        or|   0|  0|    64|          64|          64|
    |or_ln57_553_fu_25119_p2       |        or|   0|  0|    64|          64|          64|
    |or_ln57_554_fu_25235_p2       |        or|   0|  0|    64|          64|          64|
    |or_ln57_555_fu_25283_p2       |        or|   0|  0|    64|          64|          64|
    |or_ln57_556_fu_25404_p2       |        or|   0|  0|    65|          65|          65|
    |or_ln57_557_fu_25454_p2       |        or|   0|  0|    65|          65|          65|
    |or_ln57_558_fu_25793_p2       |        or|   0|  0|    17|          17|          17|
    |or_ln57_559_fu_25867_p2       |        or|   0|  0|    17|          17|          17|
    |or_ln57_55_fu_6547_p2         |        or|   0|  0|    64|          64|          64|
    |or_ln57_560_fu_25921_p2       |        or|   0|  0|    64|          64|          64|
    |or_ln57_561_fu_25975_p2       |        or|   0|  0|    64|          64|          64|
    |or_ln57_562_fu_26075_p2       |        or|   0|  0|    64|          64|          64|
    |or_ln57_563_fu_26123_p2       |        or|   0|  0|    64|          64|          64|
    |or_ln57_564_fu_28377_p2       |        or|   0|  0|    65|          65|          65|
    |or_ln57_565_fu_28411_p2       |        or|   0|  0|    65|          65|          65|
    |or_ln57_566_fu_26333_p2       |        or|   0|  0|    64|          64|          64|
    |or_ln57_567_fu_26387_p2       |        or|   0|  0|    64|          64|          64|
    |or_ln57_568_fu_26505_p2       |        or|   0|  0|    64|          64|          64|
    |or_ln57_569_fu_26553_p2       |        or|   0|  0|    64|          64|          64|
    |or_ln57_56_fu_6564_p2         |        or|   0|  0|    64|          64|          64|
    |or_ln57_570_fu_28589_p2       |        or|   0|  0|    65|          65|          65|
    |or_ln57_571_fu_28623_p2       |        or|   0|  0|    65|          65|          65|
    |or_ln57_572_fu_28822_p2       |        or|   0|  0|    64|          64|          64|
    |or_ln57_573_fu_28876_p2       |        or|   0|  0|    64|          64|          64|
    |or_ln57_574_fu_30485_p2       |        or|   0|  0|    64|          64|          64|
    |or_ln57_575_fu_30519_p2       |        or|   0|  0|    64|          64|          64|
    |or_ln57_576_fu_30577_p2       |        or|   0|  0|    65|          65|          65|
    |or_ln57_577_fu_30627_p2       |        or|   0|  0|    65|          65|          65|
    |or_ln57_578_fu_29022_p2       |        or|   0|  0|    64|          64|          64|
    |or_ln57_579_fu_29076_p2       |        or|   0|  0|    64|          64|          64|
    |or_ln57_57_fu_1783_p2         |        or|   0|  0|    64|          64|          64|
    |or_ln57_580_fu_29106_p2       |        or|   0|  0|    61|          61|          61|
    |or_ln57_581_fu_29148_p2       |        or|   0|  0|    61|          61|          61|
    |or_ln57_582_fu_29224_p2       |        or|   0|  0|    64|          64|          64|
    |or_ln57_583_fu_29272_p2       |        or|   0|  0|    64|          64|          64|
    |or_ln57_584_fu_30814_p2       |        or|   0|  0|    65|          65|          65|
    |or_ln57_585_fu_30850_p2       |        or|   0|  0|    65|          65|          65|
    |or_ln57_586_fu_29454_p2       |        or|   0|  0|    64|          64|          64|
    |or_ln57_587_fu_29508_p2       |        or|   0|  0|    64|          64|          64|
    |or_ln57_588_fu_29542_p2       |        or|   0|  0|    61|          61|          61|
    |or_ln57_589_fu_29594_p2       |        or|   0|  0|    61|          61|          61|
    |or_ln57_590_fu_29668_p2       |        or|   0|  0|    64|          64|          64|
    |or_ln57_591_fu_29716_p2       |        or|   0|  0|    64|          64|          64|
    |or_ln57_592_fu_31091_p2       |        or|   0|  0|    65|          65|          65|
    |or_ln57_593_fu_31127_p2       |        or|   0|  0|    65|          65|          65|
    |or_ln57_594_fu_29897_p2       |        or|   0|  0|    58|          58|          58|
    |or_ln57_595_fu_29927_p2       |        or|   0|  0|    63|          63|          63|
    |or_ln57_596_fu_29977_p2       |        or|   0|  0|    63|          63|          63|
    |or_ln57_59_fu_1837_p2         |        or|   0|  0|    64|          64|          64|
    |or_ln57_61_fu_1953_p2         |        or|   0|  0|    64|          64|          64|
    |or_ln57_62_fu_2001_p2         |        or|   0|  0|    64|          64|          64|
    |or_ln57_65_fu_2125_p2         |        or|   0|  0|    65|          65|          65|
    |or_ln57_67_fu_2175_p2         |        or|   0|  0|    65|          65|          65|
    |or_ln57_69_fu_2389_p2         |        or|   0|  0|     5|           5|           5|
    |or_ln57_6_fu_1368_p2          |        or|   0|  0|    64|          64|          64|
    |or_ln57_70_fu_2461_p2         |        or|   0|  0|     5|           5|           5|
    |or_ln57_73_fu_2787_p2         |        or|   0|  0|    64|          64|          64|
    |or_ln57_75_fu_2839_p2         |        or|   0|  0|    64|          64|          64|
    |or_ln57_76_fu_2922_p2         |        or|   0|  0|    64|          64|          64|
    |or_ln57_77_fu_10475_p2        |        or|   0|  0|    58|          58|          58|
    |or_ln57_78_fu_2970_p2         |        or|   0|  0|    64|          64|          64|
    |or_ln57_7_fu_2571_p2          |        or|   0|  0|    64|          64|          64|
    |or_ln57_81_fu_10641_p2        |        or|   0|  0|    64|          64|          64|
    |or_ln57_82_fu_10659_p2        |        or|   0|  0|    64|          64|          64|
    |or_ln57_83_fu_12364_p2        |        or|   0|  0|    65|          65|          65|
    |or_ln57_84_fu_12380_p2        |        or|   0|  0|    65|          65|          65|
    |or_ln57_85_fu_3038_p2         |        or|   0|  0|    65|          65|          65|
    |or_ln57_87_fu_3319_p2         |        or|   0|  0|    64|          64|          64|
    |or_ln57_88_fu_3337_p2         |        or|   0|  0|    64|          64|          64|
    |or_ln57_89_fu_3088_p2         |        or|   0|  0|    65|          65|          65|
    |or_ln57_8_fu_2589_p2          |        or|   0|  0|    64|          64|          64|
    |or_ln57_92_fu_4353_p2         |        or|   0|  0|    64|          64|          64|
    |or_ln57_94_fu_4407_p2         |        or|   0|  0|    64|          64|          64|
    |or_ln57_96_fu_4491_p2         |        or|   0|  0|    64|          64|          64|
    |or_ln57_98_fu_4000_p2         |        or|   0|  0|    64|          64|          64|
    |or_ln57_99_fu_4539_p2         |        or|   0|  0|    64|          64|          64|
    |or_ln57_fu_1226_p2            |        or|   0|  0|    64|          64|          64|
    |select_ln214_fu_31670_p3      |    select|   0|  0|     2|           1|           2|
    |select_ln217_fu_31689_p3      |    select|   0|  0|     2|           1|           2|
    |icmp_ln214_1_not_fu_31678_p2  |       xor|   0|  0|     2|           1|           2|
    |sOut_10_fu_30734_p2           |       xor|   0|  0|    72|          72|          72|
    |sOut_11_fu_30941_p2           |       xor|   0|  0|    70|          70|          70|
    |sOut_12_fu_31212_p2           |       xor|   0|  0|    68|          68|          68|
    |sOut_13_fu_30201_p2           |       xor|   0|  0|    66|          66|          66|
    |sOut_14_fu_30305_p2           |       xor|   0|  0|    64|          64|          64|
    |sOut_1_fu_2337_p2             |       xor|   0|  0|    68|          68|          68|
    |sOut_2_fu_4606_p2             |       xor|   0|  0|    70|          70|          70|
    |sOut_3_fu_5967_p2             |       xor|   0|  0|    72|          72|          72|
    |sOut_4_fu_11735_p2            |       xor|   0|  0|    74|          74|          74|
    |sOut_5_fu_14066_p2            |       xor|   0|  0|    76|          76|          76|
    |sOut_6_fu_21494_p2            |       xor|   0|  0|    78|          78|          78|
    |sOut_7_fu_25737_p2            |       xor|   0|  0|    78|          78|          78|
    |sOut_8_fu_28515_p2            |       xor|   0|  0|    76|          76|          76|
    |sOut_9_fu_28735_p2            |       xor|   0|  0|    74|          74|          74|
    |sOut_fu_1441_p2               |       xor|   0|  0|    66|          66|          66|
    |xor_ln214_fu_31651_p2         |       xor|   0|  0|     2|           1|           2|
    |xor_ln56_1000_fu_21967_p2     |       xor|   0|  0|    64|          64|          64|
    |xor_ln56_1001_fu_21973_p2     |       xor|   0|  0|    64|          64|          64|
    |xor_ln56_1002_fu_21982_p2     |       xor|   0|  0|    65|          65|          65|
    |xor_ln56_1003_fu_21988_p2     |       xor|   0|  0|    65|          65|          65|
    |xor_ln56_1004_fu_30007_p2     |       xor|   0|  0|    64|          64|          64|
    |xor_ln56_1005_fu_21994_p2     |       xor|   0|  0|    65|          65|          65|
    |xor_ln56_1006_fu_22000_p2     |       xor|   0|  0|    65|          65|          65|
    |xor_ln56_1007_fu_30087_p2     |       xor|   0|  0|    65|          65|          65|
    |xor_ln56_1008_fu_22006_p2     |       xor|   0|  0|    65|          65|          65|
    |xor_ln56_1009_fu_26723_p2     |       xor|   0|  0|    66|          66|          66|
    |xor_ln56_100_fu_6570_p2       |       xor|   0|  0|    66|          66|          66|
    |xor_ln56_1010_fu_26733_p2     |       xor|   0|  0|    67|          67|          67|
    |xor_ln56_1011_fu_26739_p2     |       xor|   0|  0|    67|          67|          67|
    |xor_ln56_1012_fu_26745_p2     |       xor|   0|  0|    67|          67|          67|
    |xor_ln56_1013_fu_26755_p2     |       xor|   0|  0|    64|          64|          64|
    |xor_ln56_1014_fu_26764_p2     |       xor|   0|  0|    68|          68|          68|
    |xor_ln56_1015_fu_26770_p2     |       xor|   0|  0|    68|          68|          68|
    |xor_ln56_1016_fu_26776_p2     |       xor|   0|  0|    68|          68|          68|
    |xor_ln56_1017_fu_26782_p2     |       xor|   0|  0|    68|          68|          68|
    |xor_ln56_1018_fu_30656_p2     |       xor|   0|  0|    68|          68|          68|
    |xor_ln56_1019_fu_28940_p2     |       xor|   0|  0|    64|          64|          64|
    |xor_ln56_101_fu_6576_p2       |       xor|   0|  0|    64|          64|          64|
    |xor_ln56_1020_fu_28950_p2     |       xor|   0|  0|    69|          69|          69|
    |xor_ln56_1021_fu_28956_p2     |       xor|   0|  0|    69|          69|          69|
    |xor_ln56_1022_fu_28966_p2     |       xor|   0|  0|    69|          69|          69|
    |xor_ln56_1023_fu_28976_p2     |       xor|   0|  0|    70|          70|          70|
    |xor_ln56_1024_fu_28982_p2     |       xor|   0|  0|    70|          70|          70|
    |xor_ln56_1025_fu_28988_p2     |       xor|   0|  0|    70|          70|          70|
    |xor_ln56_1026_fu_30668_p2     |       xor|   0|  0|    71|          71|          71|
    |xor_ln56_1027_fu_30674_p2     |       xor|   0|  0|    71|          71|          71|
    |xor_ln56_1028_fu_30680_p2     |       xor|   0|  0|    71|          71|          71|
    |xor_ln56_1029_fu_30686_p2     |       xor|   0|  0|    71|          71|          71|
    |xor_ln56_102_fu_6582_p2       |       xor|   0|  0|    66|          66|          66|
    |xor_ln56_1030_fu_30696_p2     |       xor|   0|  0|    72|          72|          72|
    |xor_ln56_1031_fu_30702_p2     |       xor|   0|  0|    64|          64|          64|
    |xor_ln56_1032_fu_30707_p2     |       xor|   0|  0|    64|          64|          64|
    |xor_ln56_1033_fu_30716_p2     |       xor|   0|  0|    72|          72|          72|
    |xor_ln56_1034_fu_30722_p2     |       xor|   0|  0|    72|          72|          72|
    |xor_ln56_1035_fu_30728_p2     |       xor|   0|  0|    72|          72|          72|
    |xor_ln56_1037_fu_29164_p2     |       xor|   0|  0|    68|          68|          68|
    |xor_ln56_1038_fu_29170_p2     |       xor|   0|  0|    64|          64|          64|
    |xor_ln56_1039_fu_29182_p2     |       xor|   0|  0|    64|          64|          64|
    |xor_ln56_103_fu_6588_p2       |       xor|   0|  0|    64|          64|          64|
    |xor_ln56_1040_fu_29288_p2     |       xor|   0|  0|    68|          68|          68|
    |xor_ln56_1041_fu_29316_p2     |       xor|   0|  0|    65|          65|          65|
    |xor_ln56_1042_fu_22012_p2     |       xor|   0|  0|    64|          64|          64|
    |xor_ln56_1043_fu_22018_p2     |       xor|   0|  0|    64|          64|          64|
    |xor_ln56_1044_fu_26791_p2     |       xor|   0|  0|    64|          64|          64|
    |xor_ln56_1045_fu_26800_p2     |       xor|   0|  0|    65|          65|          65|
    |xor_ln56_1046_fu_26806_p2     |       xor|   0|  0|    65|          65|          65|
    |xor_ln56_1047_fu_26812_p2     |       xor|   0|  0|    65|          65|          65|
    |xor_ln56_1048_fu_26818_p2     |       xor|   0|  0|    64|          64|          64|
    |xor_ln56_1049_fu_26828_p2     |       xor|   0|  0|    65|          65|          65|
    |xor_ln56_104_fu_6612_p2       |       xor|   0|  0|    64|          64|          64|
    |xor_ln56_1050_fu_26834_p2     |       xor|   0|  0|    65|          65|          65|
    |xor_ln56_1051_fu_29338_p2     |       xor|   0|  0|    66|          66|          66|
    |xor_ln56_1052_fu_29348_p2     |       xor|   0|  0|    67|          67|          67|
    |xor_ln56_1053_fu_29354_p2     |       xor|   0|  0|    67|          67|          67|
    |xor_ln56_1054_fu_29360_p2     |       xor|   0|  0|    67|          67|          67|
    |xor_ln56_1055_fu_29366_p2     |       xor|   0|  0|    67|          67|          67|
    |xor_ln56_1056_fu_29372_p2     |       xor|   0|  0|    64|          64|          64|
    |xor_ln56_1057_fu_29382_p2     |       xor|   0|  0|    67|          67|          67|
    |xor_ln56_1058_fu_29388_p2     |       xor|   0|  0|    67|          67|          67|
    |xor_ln56_1059_fu_29398_p2     |       xor|   0|  0|    68|          68|          68|
    |xor_ln56_105_fu_6618_p2       |       xor|   0|  0|    64|          64|          64|
    |xor_ln56_1060_fu_29408_p2     |       xor|   0|  0|    69|          69|          69|
    |xor_ln56_1061_fu_29414_p2     |       xor|   0|  0|    69|          69|          69|
    |xor_ln56_1062_fu_29420_p2     |       xor|   0|  0|    69|          69|          69|
    |xor_ln56_1063_fu_30882_p2     |       xor|   0|  0|    64|          64|          64|
    |xor_ln56_1064_fu_30891_p2     |       xor|   0|  0|    69|          69|          69|
    |xor_ln56_1065_fu_30897_p2     |       xor|   0|  0|    69|          69|          69|
    |xor_ln56_1066_fu_30907_p2     |       xor|   0|  0|    70|          70|          70|
    |xor_ln56_1067_fu_30913_p2     |       xor|   0|  0|    64|          64|          64|
    |xor_ln56_1068_fu_30923_p2     |       xor|   0|  0|    70|          70|          70|
    |xor_ln56_1069_fu_30929_p2     |       xor|   0|  0|    70|          70|          70|
    |xor_ln56_106_fu_6691_p2       |       xor|   0|  0|    66|          66|          66|
    |xor_ln56_1070_fu_30935_p2     |       xor|   0|  0|    70|          70|          70|
    |xor_ln56_1072_fu_29610_p2     |       xor|   0|  0|    66|          66|          66|
    |xor_ln56_1073_fu_29616_p2     |       xor|   0|  0|    64|          64|          64|
    |xor_ln56_1074_fu_29628_p2     |       xor|   0|  0|    64|          64|          64|
    |xor_ln56_1075_fu_29732_p2     |       xor|   0|  0|    66|          66|          66|
    |xor_ln56_1076_fu_29760_p2     |       xor|   0|  0|    65|          65|          65|
    |xor_ln56_1077_fu_29776_p2     |       xor|   0|  0|    64|          64|          64|
    |xor_ln56_1078_fu_29782_p2     |       xor|   0|  0|    64|          64|          64|
    |xor_ln56_1079_fu_29788_p2     |       xor|   0|  0|    64|          64|          64|
    |xor_ln56_107_fu_6713_p2       |       xor|   0|  0|    67|          67|          67|
    |xor_ln56_1080_fu_29793_p2     |       xor|   0|  0|    65|          65|          65|
    |xor_ln56_1081_fu_29799_p2     |       xor|   0|  0|    65|          65|          65|
    |xor_ln56_1082_fu_29805_p2     |       xor|   0|  0|    65|          65|          65|
    |xor_ln56_1083_fu_29811_p2     |       xor|   0|  0|    65|          65|          65|
    |xor_ln56_1084_fu_29817_p2     |       xor|   0|  0|    65|          65|          65|
    |xor_ln56_1085_fu_31156_p2     |       xor|   0|  0|    65|          65|          65|
    |xor_ln56_1086_fu_29823_p2     |       xor|   0|  0|    66|          66|          66|
    |xor_ln56_1087_fu_29833_p2     |       xor|   0|  0|    67|          67|          67|
    |xor_ln56_1088_fu_29839_p2     |       xor|   0|  0|    67|          67|          67|
    |xor_ln56_1089_fu_29845_p2     |       xor|   0|  0|    67|          67|          67|
    |xor_ln56_108_fu_6719_p2       |       xor|   0|  0|    65|          65|          65|
    |xor_ln56_1090_fu_31168_p2     |       xor|   0|  0|    67|          67|          67|
    |xor_ln56_1091_fu_31174_p2     |       xor|   0|  0|    67|          67|          67|
    |xor_ln56_1092_fu_31184_p2     |       xor|   0|  0|    64|          64|          64|
    |xor_ln56_1093_fu_31194_p2     |       xor|   0|  0|    68|          68|          68|
    |xor_ln56_1094_fu_31200_p2     |       xor|   0|  0|    68|          68|          68|
    |xor_ln56_1095_fu_31206_p2     |       xor|   0|  0|    68|          68|          68|
    |xor_ln56_1097_fu_29851_p2     |       xor|   0|  0|    58|          58|          58|
    |xor_ln56_1098_fu_30001_p2     |       xor|   0|  0|    64|          64|          64|
    |xor_ln56_1099_fu_30077_p2     |       xor|   0|  0|    64|          64|          64|
    |xor_ln56_109_fu_7195_p2       |       xor|   0|  0|    67|          67|          67|
    |xor_ln56_10_fu_1598_p2        |       xor|   0|  0|    64|          64|          64|
    |xor_ln56_1100_fu_30125_p2     |       xor|   0|  0|    64|          64|          64|
    |xor_ln56_1101_fu_30131_p2     |       xor|   0|  0|    64|          64|          64|
    |xor_ln56_1102_fu_30137_p2     |       xor|   0|  0|    64|          64|          64|
    |xor_ln56_1103_fu_30143_p2     |       xor|   0|  0|    64|          64|          64|
    |xor_ln56_1104_fu_30153_p2     |       xor|   0|  0|    64|          64|          64|
    |xor_ln56_1105_fu_30163_p2     |       xor|   0|  0|    65|          65|          65|
    |xor_ln56_1106_fu_30173_p2     |       xor|   0|  0|    65|          65|          65|
    |xor_ln56_1107_fu_30183_p2     |       xor|   0|  0|    66|          66|          66|
    |xor_ln56_1108_fu_30189_p2     |       xor|   0|  0|    66|          66|          66|
    |xor_ln56_1109_fu_30195_p2     |       xor|   0|  0|    66|          66|          66|
    |xor_ln56_110_fu_7200_p2       |       xor|   0|  0|    67|          67|          67|
    |xor_ln56_1111_fu_30289_p2     |       xor|   0|  0|    64|          64|          64|
    |xor_ln56_1112_fu_30295_p2     |       xor|   0|  0|    57|          57|          57|
    |xor_ln56_111_fu_7260_p2       |       xor|   0|  0|    66|          66|          66|
    |xor_ln56_112_fu_7364_p2       |       xor|   0|  0|    66|          66|          66|
    |xor_ln56_113_fu_7370_p2       |       xor|   0|  0|    64|          64|          64|
    |xor_ln56_114_fu_7376_p2       |       xor|   0|  0|    66|          66|          66|
    |xor_ln56_115_fu_7382_p2       |       xor|   0|  0|    64|          64|          64|
    |xor_ln56_116_fu_7406_p2       |       xor|   0|  0|    64|          64|          64|
    |xor_ln56_117_fu_7412_p2       |       xor|   0|  0|    64|          64|          64|
    |xor_ln56_118_fu_7496_p2       |       xor|   0|  0|    66|          66|          66|
    |xor_ln56_119_fu_7518_p2       |       xor|   0|  0|    67|          67|          67|
    |xor_ln56_11_fu_1673_p2        |       xor|   0|  0|    65|          65|          65|
    |xor_ln56_120_fu_7524_p2       |       xor|   0|  0|    65|          65|          65|
    |xor_ln56_121_fu_7596_p2       |       xor|   0|  0|    67|          67|          67|
    |xor_ln56_122_fu_7602_p2       |       xor|   0|  0|    67|          67|          67|
    |xor_ln56_123_fu_10099_p2      |       xor|   0|  0|    66|          66|          66|
    |xor_ln56_124_fu_10203_p2      |       xor|   0|  0|    66|          66|          66|
    |xor_ln56_125_fu_10209_p2      |       xor|   0|  0|    64|          64|          64|
    |xor_ln56_126_fu_10215_p2      |       xor|   0|  0|    66|          66|          66|
    |xor_ln56_127_fu_10225_p2      |       xor|   0|  0|    64|          64|          64|
    |xor_ln56_128_fu_7679_p2       |       xor|   0|  0|    64|          64|          64|
    |xor_ln56_129_fu_7685_p2       |       xor|   0|  0|    64|          64|          64|
    |xor_ln56_12_fu_1679_p2        |       xor|   0|  0|    65|          65|          65|
    |xor_ln56_130_fu_10336_p2      |       xor|   0|  0|    67|          67|          67|
    |xor_ln56_131_fu_10345_p2      |       xor|   0|  0|    65|          65|          65|
    |xor_ln56_132_fu_10351_p2      |       xor|   0|  0|    67|          67|          67|
    |xor_ln56_133_fu_10357_p2      |       xor|   0|  0|    65|          65|          65|
    |xor_ln56_134_fu_10429_p2      |       xor|   0|  0|    67|          67|          67|
    |xor_ln56_135_fu_10435_p2      |       xor|   0|  0|    67|          67|          67|
    |xor_ln56_136_fu_10449_p2      |       xor|   0|  0|    58|          58|          58|
    |xor_ln56_137_fu_10459_p2      |       xor|   0|  0|    64|          64|          64|
    |xor_ln56_138_fu_10589_p2      |       xor|   0|  0|    64|          64|          64|
    |xor_ln56_139_fu_10595_p2      |       xor|   0|  0|    64|          64|          64|
    |xor_ln56_13_fu_2603_p2        |       xor|   0|  0|    64|          64|          64|
    |xor_ln56_140_fu_10605_p2      |       xor|   0|  0|    64|          64|          64|
    |xor_ln56_141_fu_10611_p2      |       xor|   0|  0|    64|          64|          64|
    |xor_ln56_142_fu_10665_p2      |       xor|   0|  0|    65|          65|          65|
    |xor_ln56_143_fu_10671_p2      |       xor|   0|  0|    65|          65|          65|
    |xor_ln56_144_fu_12394_p2      |       xor|   0|  0|    65|          65|          65|
    |xor_ln56_145_fu_12399_p2      |       xor|   0|  0|    65|          65|          65|
    |xor_ln56_146_fu_10731_p2      |       xor|   0|  0|    64|          64|          64|
    |xor_ln56_147_fu_10761_p2      |       xor|   0|  0|    57|          57|          57|
    |xor_ln56_148_fu_10771_p2      |       xor|   0|  0|    58|          58|          58|
    |xor_ln56_149_fu_10781_p2      |       xor|   0|  0|    64|          64|          64|
    |xor_ln56_14_fu_2609_p2        |       xor|   0|  0|    64|          64|          64|
    |xor_ln56_150_fu_3227_p2       |       xor|   0|  0|    68|          68|          68|
    |xor_ln56_151_fu_3351_p2       |       xor|   0|  0|    68|          68|          68|
    |xor_ln56_152_fu_3357_p2       |       xor|   0|  0|    64|          64|          64|
    |xor_ln56_153_fu_3363_p2       |       xor|   0|  0|    68|          68|          68|
    |xor_ln56_154_fu_3369_p2       |       xor|   0|  0|    64|          64|          64|
    |xor_ln56_155_fu_3395_p2       |       xor|   0|  0|    64|          64|          64|
    |xor_ln56_156_fu_3401_p2       |       xor|   0|  0|    64|          64|          64|
    |xor_ln56_157_fu_3489_p2       |       xor|   0|  0|    65|          65|          65|
    |xor_ln56_158_fu_3520_p2       |       xor|   0|  0|    68|          68|          68|
    |xor_ln56_159_fu_3558_p2       |       xor|   0|  0|    69|          69|          69|
    |xor_ln56_15_fu_2628_p2        |       xor|   0|  0|    64|          64|          64|
    |xor_ln56_160_fu_3564_p2       |       xor|   0|  0|    65|          65|          65|
    |xor_ln56_161_fu_3570_p2       |       xor|   0|  0|    65|          65|          65|
    |xor_ln56_162_fu_3656_p2       |       xor|   0|  0|    64|          64|          64|
    |xor_ln56_163_fu_3661_p2       |       xor|   0|  0|    64|          64|          64|
    |xor_ln56_164_fu_3675_p2       |       xor|   0|  0|    66|          66|          66|
    |xor_ln56_165_fu_3681_p2       |       xor|   0|  0|    66|          66|          66|
    |xor_ln56_166_fu_3687_p2       |       xor|   0|  0|    66|          66|          66|
    |xor_ln56_167_fu_3697_p2       |       xor|   0|  0|    67|          67|          67|
    |xor_ln56_168_fu_3703_p2       |       xor|   0|  0|    67|          67|          67|
    |xor_ln56_169_fu_3713_p2       |       xor|   0|  0|    65|          65|          65|
    |xor_ln56_16_fu_2713_p2        |       xor|   0|  0|    65|          65|          65|
    |xor_ln56_170_fu_3723_p2       |       xor|   0|  0|    68|          68|          68|
    |xor_ln56_171_fu_3729_p2       |       xor|   0|  0|    68|          68|          68|
    |xor_ln56_172_fu_3735_p2       |       xor|   0|  0|    68|          68|          68|
    |xor_ln56_173_fu_3741_p2       |       xor|   0|  0|    68|          68|          68|
    |xor_ln56_174_fu_3747_p2       |       xor|   0|  0|    69|          69|          69|
    |xor_ln56_175_fu_3753_p2       |       xor|   0|  0|    69|          69|          69|
    |xor_ln56_176_fu_3759_p2       |       xor|   0|  0|    64|          64|          64|
    |xor_ln56_177_fu_3779_p2       |       xor|   0|  0|    69|          69|          69|
    |xor_ln56_178_fu_3785_p2       |       xor|   0|  0|    69|          69|          69|
    |xor_ln56_179_fu_3795_p2       |       xor|   0|  0|    65|          65|          65|
    |xor_ln56_17_fu_2719_p2        |       xor|   0|  0|    65|          65|          65|
    |xor_ln56_180_fu_3801_p2       |       xor|   0|  0|    65|          65|          65|
    |xor_ln56_181_fu_3811_p2       |       xor|   0|  0|    70|          70|          70|
    |xor_ln56_182_fu_3817_p2       |       xor|   0|  0|    64|          64|          64|
    |xor_ln56_183_fu_3826_p2       |       xor|   0|  0|    70|          70|          70|
    |xor_ln56_184_fu_3832_p2       |       xor|   0|  0|    70|          70|          70|
    |xor_ln56_185_fu_3838_p2       |       xor|   0|  0|    70|          70|          70|
    |xor_ln56_187_fu_4896_p2       |       xor|   0|  0|    68|          68|          68|
    |xor_ln56_188_fu_4993_p2       |       xor|   0|  0|    68|          68|          68|
    |xor_ln56_189_fu_4999_p2       |       xor|   0|  0|    64|          64|          64|
    |xor_ln56_18_fu_4085_p2        |       xor|   0|  0|    64|          64|          64|
    |xor_ln56_190_fu_5004_p2       |       xor|   0|  0|    68|          68|          68|
    |xor_ln56_191_fu_5010_p2       |       xor|   0|  0|    64|          64|          64|
    |xor_ln56_192_fu_4006_p2       |       xor|   0|  0|    64|          64|          64|
    |xor_ln56_193_fu_5115_p2       |       xor|   0|  0|    68|          68|          68|
    |xor_ln56_194_fu_5137_p2       |       xor|   0|  0|    69|          69|          69|
    |xor_ln56_195_fu_5143_p2       |       xor|   0|  0|    65|          65|          65|
    |xor_ln56_196_fu_5229_p2       |       xor|   0|  0|    69|          69|          69|
    |xor_ln56_197_fu_5235_p2       |       xor|   0|  0|    69|          69|          69|
    |xor_ln56_198_fu_7730_p2       |       xor|   0|  0|    68|          68|          68|
    |xor_ln56_199_fu_7852_p2       |       xor|   0|  0|    68|          68|          68|
    |xor_ln56_19_fu_4091_p2        |       xor|   0|  0|    64|          64|          64|
    |xor_ln56_1_fu_1268_p2         |       xor|   0|  0|    64|          64|          64|
    |xor_ln56_200_fu_7858_p2       |       xor|   0|  0|    64|          64|          64|
    |xor_ln56_201_fu_7863_p2       |       xor|   0|  0|    68|          68|          68|
    |xor_ln56_202_fu_7869_p2       |       xor|   0|  0|    64|          64|          64|
    |xor_ln56_203_fu_7895_p2       |       xor|   0|  0|    64|          64|          64|
    |xor_ln56_204_fu_7901_p2       |       xor|   0|  0|    64|          64|          64|
    |xor_ln56_205_fu_7989_p2       |       xor|   0|  0|    68|          68|          68|
    |xor_ln56_206_fu_8011_p2       |       xor|   0|  0|    69|          69|          69|
    |xor_ln56_207_fu_8017_p2       |       xor|   0|  0|    65|          65|          65|
    |xor_ln56_208_fu_8103_p2       |       xor|   0|  0|    69|          69|          69|
    |xor_ln56_209_fu_8109_p2       |       xor|   0|  0|    69|          69|          69|
    |xor_ln56_20_fu_4111_p2        |       xor|   0|  0|    64|          64|          64|
    |xor_ln56_210_fu_10816_p2      |       xor|   0|  0|    68|          68|          68|
    |xor_ln56_211_fu_10936_p2      |       xor|   0|  0|    68|          68|          68|
    |xor_ln56_212_fu_10942_p2      |       xor|   0|  0|    64|          64|          64|
    |xor_ln56_213_fu_10947_p2      |       xor|   0|  0|    68|          68|          68|
    |xor_ln56_214_fu_10953_p2      |       xor|   0|  0|    64|          64|          64|
    |xor_ln56_215_fu_10979_p2      |       xor|   0|  0|    64|          64|          64|
    |xor_ln56_216_fu_10985_p2      |       xor|   0|  0|    64|          64|          64|
    |xor_ln56_217_fu_11072_p2      |       xor|   0|  0|    68|          68|          68|
    |xor_ln56_218_fu_11094_p2      |       xor|   0|  0|    69|          69|          69|
    |xor_ln56_219_fu_11100_p2      |       xor|   0|  0|    65|          65|          65|
    |xor_ln56_21_fu_4197_p2        |       xor|   0|  0|    65|          65|          65|
    |xor_ln56_220_fu_11186_p2      |       xor|   0|  0|    69|          69|          69|
    |xor_ln56_221_fu_11192_p2      |       xor|   0|  0|    69|          69|          69|
    |xor_ln56_222_fu_12476_p2      |       xor|   0|  0|    68|          68|          68|
    |xor_ln56_223_fu_12579_p2      |       xor|   0|  0|    68|          68|          68|
    |xor_ln56_224_fu_12585_p2      |       xor|   0|  0|    64|          64|          64|
    |xor_ln56_225_fu_12591_p2      |       xor|   0|  0|    68|          68|          68|
    |xor_ln56_226_fu_12597_p2      |       xor|   0|  0|    64|          64|          64|
    |xor_ln56_227_fu_12623_p2      |       xor|   0|  0|    64|          64|          64|
    |xor_ln56_228_fu_12629_p2      |       xor|   0|  0|    64|          64|          64|
    |xor_ln56_229_fu_12713_p2      |       xor|   0|  0|    68|          68|          68|
    |xor_ln56_22_fu_4203_p2        |       xor|   0|  0|    65|          65|          65|
    |xor_ln56_230_fu_12735_p2      |       xor|   0|  0|    69|          69|          69|
    |xor_ln56_231_fu_12741_p2      |       xor|   0|  0|    65|          65|          65|
    |xor_ln56_232_fu_12813_p2      |       xor|   0|  0|    69|          69|          69|
    |xor_ln56_233_fu_12819_p2      |       xor|   0|  0|    69|          69|          69|
    |xor_ln56_234_fu_12851_p2      |       xor|   0|  0|    66|          66|          66|
    |xor_ln56_235_fu_13019_p2      |       xor|   0|  0|    66|          66|          66|
    |xor_ln56_236_fu_13025_p2      |       xor|   0|  0|    64|          64|          64|
    |xor_ln56_237_fu_13031_p2      |       xor|   0|  0|    66|          66|          66|
    |xor_ln56_238_fu_13037_p2      |       xor|   0|  0|    64|          64|          64|
    |xor_ln56_239_fu_13061_p2      |       xor|   0|  0|    64|          64|          64|
    |xor_ln56_23_fu_6209_p2        |       xor|   0|  0|    64|          64|          64|
    |xor_ln56_240_fu_13067_p2      |       xor|   0|  0|    64|          64|          64|
    |xor_ln56_241_fu_13141_p2      |       xor|   0|  0|    66|          66|          66|
    |xor_ln56_242_fu_13163_p2      |       xor|   0|  0|    67|          67|          67|
    |xor_ln56_243_fu_13169_p2      |       xor|   0|  0|    65|          65|          65|
    |xor_ln56_244_fu_14554_p2      |       xor|   0|  0|    67|          67|          67|
    |xor_ln56_245_fu_14559_p2      |       xor|   0|  0|    67|          67|          67|
    |xor_ln56_246_fu_11248_p2      |       xor|   0|  0|    58|          58|          58|
    |xor_ln56_247_fu_11258_p2      |       xor|   0|  0|    64|          64|          64|
    |xor_ln56_248_fu_14664_p2      |       xor|   0|  0|    64|          64|          64|
    |xor_ln56_249_fu_14670_p2      |       xor|   0|  0|    64|          64|          64|
    |xor_ln56_24_fu_6215_p2        |       xor|   0|  0|    64|          64|          64|
    |xor_ln56_250_fu_14695_p2      |       xor|   0|  0|    64|          64|          64|
    |xor_ln56_251_fu_14701_p2      |       xor|   0|  0|    64|          64|          64|
    |xor_ln56_252_fu_14743_p2      |       xor|   0|  0|    64|          64|          64|
    |xor_ln56_253_fu_14753_p2      |       xor|   0|  0|    65|          65|          65|
    |xor_ln56_254_fu_14791_p2      |       xor|   0|  0|    65|          65|          65|
    |xor_ln56_255_fu_14797_p2      |       xor|   0|  0|    65|          65|          65|
    |xor_ln56_256_fu_14887_p2      |       xor|   0|  0|    64|          64|          64|
    |xor_ln56_257_fu_14917_p2      |       xor|   0|  0|    57|          57|          57|
    |xor_ln56_258_fu_14927_p2      |       xor|   0|  0|    58|          58|          58|
    |xor_ln56_259_fu_14937_p2      |       xor|   0|  0|    64|          64|          64|
    |xor_ln56_25_fu_6235_p2        |       xor|   0|  0|    64|          64|          64|
    |xor_ln56_260_fu_5331_p2       |       xor|   0|  0|    70|          70|          70|
    |xor_ln56_261_fu_5453_p2       |       xor|   0|  0|    70|          70|          70|
    |xor_ln56_262_fu_5459_p2       |       xor|   0|  0|    64|          64|          64|
    |xor_ln56_263_fu_5464_p2       |       xor|   0|  0|    70|          70|          70|
    |xor_ln56_264_fu_5470_p2       |       xor|   0|  0|    64|          64|          64|
    |xor_ln56_265_fu_5496_p2       |       xor|   0|  0|    64|          64|          64|
    |xor_ln56_266_fu_5502_p2       |       xor|   0|  0|    64|          64|          64|
    |xor_ln56_267_fu_5590_p2       |       xor|   0|  0|    65|          65|          65|
    |xor_ln56_268_fu_5621_p2       |       xor|   0|  0|    70|          70|          70|
    |xor_ln56_269_fu_5659_p2       |       xor|   0|  0|    71|          71|          71|
    |xor_ln56_26_fu_6314_p2        |       xor|   0|  0|    65|          65|          65|
    |xor_ln56_270_fu_5665_p2       |       xor|   0|  0|    65|          65|          65|
    |xor_ln56_271_fu_5671_p2       |       xor|   0|  0|    65|          65|          65|
    |xor_ln56_272_fu_4648_p2       |       xor|   0|  0|    64|          64|          64|
    |xor_ln56_273_fu_4658_p2       |       xor|   0|  0|    65|          65|          65|
    |xor_ln56_274_fu_4664_p2       |       xor|   0|  0|    65|          65|          65|
    |xor_ln56_275_fu_4674_p2       |       xor|   0|  0|    66|          66|          66|
    |xor_ln56_276_fu_4684_p2       |       xor|   0|  0|    67|          67|          67|
    |xor_ln56_277_fu_4690_p2       |       xor|   0|  0|    67|          67|          67|
    |xor_ln56_278_fu_4696_p2       |       xor|   0|  0|    67|          67|          67|
    |xor_ln56_279_fu_4702_p2       |       xor|   0|  0|    67|          67|          67|
    |xor_ln56_27_fu_6320_p2        |       xor|   0|  0|    65|          65|          65|
    |xor_ln56_280_fu_5760_p2       |       xor|   0|  0|    64|          64|          64|
    |xor_ln56_281_fu_5770_p2       |       xor|   0|  0|    67|          67|          67|
    |xor_ln56_282_fu_5776_p2       |       xor|   0|  0|    67|          67|          67|
    |xor_ln56_283_fu_5786_p2       |       xor|   0|  0|    68|          68|          68|
    |xor_ln56_284_fu_5796_p2       |       xor|   0|  0|    69|          69|          69|
    |xor_ln56_285_fu_5802_p2       |       xor|   0|  0|    69|          69|          69|
    |xor_ln56_286_fu_5808_p2       |       xor|   0|  0|    69|          69|          69|
    |xor_ln56_287_fu_5814_p2       |       xor|   0|  0|    69|          69|          69|
    |xor_ln56_288_fu_5820_p2       |       xor|   0|  0|    69|          69|          69|
    |xor_ln56_289_fu_5830_p2       |       xor|   0|  0|    65|          65|          65|
    |xor_ln56_28_fu_6883_p2        |       xor|   0|  0|    64|          64|          64|
    |xor_ln56_290_fu_5840_p2       |       xor|   0|  0|    70|          70|          70|
    |xor_ln56_291_fu_5846_p2       |       xor|   0|  0|    70|          70|          70|
    |xor_ln56_292_fu_5860_p2       |       xor|   0|  0|    64|          64|          64|
    |xor_ln56_293_fu_5870_p2       |       xor|   0|  0|    71|          71|          71|
    |xor_ln56_294_fu_5876_p2       |       xor|   0|  0|    71|          71|          71|
    |xor_ln56_295_fu_5882_p2       |       xor|   0|  0|    71|          71|          71|
    |xor_ln56_296_fu_5902_p2       |       xor|   0|  0|    65|          65|          65|
    |xor_ln56_297_fu_5908_p2       |       xor|   0|  0|    65|          65|          65|
    |xor_ln56_298_fu_5918_p2       |       xor|   0|  0|    71|          71|          71|
    |xor_ln56_299_fu_5928_p2       |       xor|   0|  0|    72|          72|          72|
    |xor_ln56_29_fu_6889_p2        |       xor|   0|  0|    64|          64|          64|
    |xor_ln56_2_fu_1287_p2         |       xor|   0|  0|    64|          64|          64|
    |xor_ln56_300_fu_5934_p2       |       xor|   0|  0|    64|          64|          64|
    |xor_ln56_301_fu_5939_p2       |       xor|   0|  0|    64|          64|          64|
    |xor_ln56_302_fu_5949_p2       |       xor|   0|  0|    72|          72|          72|
    |xor_ln56_303_fu_5955_p2       |       xor|   0|  0|    72|          72|          72|
    |xor_ln56_304_fu_5961_p2       |       xor|   0|  0|    72|          72|          72|
    |xor_ln56_306_fu_8254_p2       |       xor|   0|  0|    70|          70|          70|
    |xor_ln56_307_fu_8351_p2       |       xor|   0|  0|    70|          70|          70|
    |xor_ln56_308_fu_8357_p2       |       xor|   0|  0|    64|          64|          64|
    |xor_ln56_309_fu_8362_p2       |       xor|   0|  0|    70|          70|          70|
    |xor_ln56_30_fu_6913_p2        |       xor|   0|  0|    64|          64|          64|
    |xor_ln56_310_fu_8368_p2       |       xor|   0|  0|    64|          64|          64|
    |xor_ln56_311_fu_6139_p2       |       xor|   0|  0|    64|          64|          64|
    |xor_ln56_312_fu_8473_p2       |       xor|   0|  0|    70|          70|          70|
    |xor_ln56_313_fu_8495_p2       |       xor|   0|  0|    71|          71|          71|
    |xor_ln56_314_fu_8501_p2       |       xor|   0|  0|    65|          65|          65|
    |xor_ln56_315_fu_8587_p2       |       xor|   0|  0|    71|          71|          71|
    |xor_ln56_316_fu_8593_p2       |       xor|   0|  0|    71|          71|          71|
    |xor_ln56_317_fu_11294_p2      |       xor|   0|  0|    70|          70|          70|
    |xor_ln56_318_fu_11422_p2      |       xor|   0|  0|    70|          70|          70|
    |xor_ln56_319_fu_11428_p2      |       xor|   0|  0|    64|          64|          64|
    |xor_ln56_31_fu_6992_p2        |       xor|   0|  0|    65|          65|          65|
    |xor_ln56_320_fu_11434_p2      |       xor|   0|  0|    70|          70|          70|
    |xor_ln56_321_fu_11440_p2      |       xor|   0|  0|    64|          64|          64|
    |xor_ln56_322_fu_11466_p2      |       xor|   0|  0|    64|          64|          64|
    |xor_ln56_323_fu_11472_p2      |       xor|   0|  0|    64|          64|          64|
    |xor_ln56_324_fu_11560_p2      |       xor|   0|  0|    70|          70|          70|
    |xor_ln56_325_fu_11582_p2      |       xor|   0|  0|    71|          71|          71|
    |xor_ln56_326_fu_11588_p2      |       xor|   0|  0|    65|          65|          65|
    |xor_ln56_327_fu_11674_p2      |       xor|   0|  0|    71|          71|          71|
    |xor_ln56_328_fu_11680_p2      |       xor|   0|  0|    71|          71|          71|
    |xor_ln56_329_fu_15032_p2      |       xor|   0|  0|    70|          70|          70|
    |xor_ln56_32_fu_6998_p2        |       xor|   0|  0|    65|          65|          65|
    |xor_ln56_330_fu_15152_p2      |       xor|   0|  0|    70|          70|          70|
    |xor_ln56_331_fu_15158_p2      |       xor|   0|  0|    64|          64|          64|
    |xor_ln56_332_fu_15164_p2      |       xor|   0|  0|    70|          70|          70|
    |xor_ln56_333_fu_15170_p2      |       xor|   0|  0|    64|          64|          64|
    |xor_ln56_334_fu_15195_p2      |       xor|   0|  0|    64|          64|          64|
    |xor_ln56_335_fu_15201_p2      |       xor|   0|  0|    64|          64|          64|
    |xor_ln56_336_fu_15285_p2      |       xor|   0|  0|    70|          70|          70|
    |xor_ln56_337_fu_15307_p2      |       xor|   0|  0|    71|          71|          71|
    |xor_ln56_338_fu_15313_p2      |       xor|   0|  0|    65|          65|          65|
    |xor_ln56_339_fu_15395_p2      |       xor|   0|  0|    71|          71|          71|
    |xor_ln56_33_fu_9732_p2        |       xor|   0|  0|    64|          64|          64|
    |xor_ln56_340_fu_15401_p2      |       xor|   0|  0|    71|          71|          71|
    |xor_ln56_341_fu_15465_p2      |       xor|   0|  0|    68|          68|          68|
    |xor_ln56_342_fu_15637_p2      |       xor|   0|  0|    68|          68|          68|
    |xor_ln56_343_fu_15643_p2      |       xor|   0|  0|    64|          64|          64|
    |xor_ln56_344_fu_15649_p2      |       xor|   0|  0|    68|          68|          68|
    |xor_ln56_345_fu_15655_p2      |       xor|   0|  0|    64|          64|          64|
    |xor_ln56_346_fu_15681_p2      |       xor|   0|  0|    64|          64|          64|
    |xor_ln56_347_fu_15687_p2      |       xor|   0|  0|    64|          64|          64|
    |xor_ln56_348_fu_15771_p2      |       xor|   0|  0|    68|          68|          68|
    |xor_ln56_349_fu_15793_p2      |       xor|   0|  0|    69|          69|          69|
    |xor_ln56_34_fu_9738_p2        |       xor|   0|  0|    64|          64|          64|
    |xor_ln56_350_fu_15799_p2      |       xor|   0|  0|    65|          65|          65|
    |xor_ln56_351_fu_15871_p2      |       xor|   0|  0|    69|          69|          69|
    |xor_ln56_352_fu_15877_p2      |       xor|   0|  0|    69|          69|          69|
    |xor_ln56_353_fu_15909_p2      |       xor|   0|  0|    66|          66|          66|
    |xor_ln56_354_fu_16063_p2      |       xor|   0|  0|    66|          66|          66|
    |xor_ln56_355_fu_16069_p2      |       xor|   0|  0|    64|          64|          64|
    |xor_ln56_356_fu_16075_p2      |       xor|   0|  0|    66|          66|          66|
    |xor_ln56_357_fu_16081_p2      |       xor|   0|  0|    64|          64|          64|
    |xor_ln56_358_fu_16105_p2      |       xor|   0|  0|    64|          64|          64|
    |xor_ln56_359_fu_16111_p2      |       xor|   0|  0|    64|          64|          64|
    |xor_ln56_35_fu_9758_p2        |       xor|   0|  0|    64|          64|          64|
    |xor_ln56_360_fu_16185_p2      |       xor|   0|  0|    66|          66|          66|
    |xor_ln56_361_fu_16207_p2      |       xor|   0|  0|    67|          67|          67|
    |xor_ln56_362_fu_16213_p2      |       xor|   0|  0|    65|          65|          65|
    |xor_ln56_363_fu_17406_p2      |       xor|   0|  0|    67|          67|          67|
    |xor_ln56_364_fu_17411_p2      |       xor|   0|  0|    67|          67|          67|
    |xor_ln56_365_fu_16229_p2      |       xor|   0|  0|    58|          58|          58|
    |xor_ln56_366_fu_16239_p2      |       xor|   0|  0|    64|          64|          64|
    |xor_ln56_367_fu_16375_p2      |       xor|   0|  0|    64|          64|          64|
    |xor_ln56_368_fu_16381_p2      |       xor|   0|  0|    64|          64|          64|
    |xor_ln56_369_fu_16407_p2      |       xor|   0|  0|    64|          64|          64|
    |xor_ln56_36_fu_9840_p2        |       xor|   0|  0|    65|          65|          65|
    |xor_ln56_370_fu_16413_p2      |       xor|   0|  0|    64|          64|          64|
    |xor_ln56_371_fu_16455_p2      |       xor|   0|  0|    64|          64|          64|
    |xor_ln56_372_fu_16465_p2      |       xor|   0|  0|    65|          65|          65|
    |xor_ln56_373_fu_16503_p2      |       xor|   0|  0|    65|          65|          65|
    |xor_ln56_374_fu_16509_p2      |       xor|   0|  0|    65|          65|          65|
    |xor_ln56_375_fu_16581_p2      |       xor|   0|  0|    64|          64|          64|
    |xor_ln56_376_fu_16607_p2      |       xor|   0|  0|    57|          57|          57|
    |xor_ln56_377_fu_16617_p2      |       xor|   0|  0|    58|          58|          58|
    |xor_ln56_378_fu_17488_p2      |       xor|   0|  0|    64|          64|          64|
    |xor_ln56_379_fu_8706_p2       |       xor|   0|  0|    72|          72|          72|
    |xor_ln56_37_fu_9846_p2        |       xor|   0|  0|    65|          65|          65|
    |xor_ln56_380_fu_8830_p2       |       xor|   0|  0|    72|          72|          72|
    |xor_ln56_381_fu_8836_p2       |       xor|   0|  0|    64|          64|          64|
    |xor_ln56_382_fu_8842_p2       |       xor|   0|  0|    72|          72|          72|
    |xor_ln56_383_fu_8848_p2       |       xor|   0|  0|    64|          64|          64|
    |xor_ln56_384_fu_8874_p2       |       xor|   0|  0|    64|          64|          64|
    |xor_ln56_385_fu_8880_p2       |       xor|   0|  0|    64|          64|          64|
    |xor_ln56_386_fu_8968_p2       |       xor|   0|  0|    65|          65|          65|
    |xor_ln56_387_fu_8999_p2       |       xor|   0|  0|    72|          72|          72|
    |xor_ln56_388_fu_9037_p2       |       xor|   0|  0|    73|          73|          73|
    |xor_ln56_389_fu_9043_p2       |       xor|   0|  0|    65|          65|          65|
    |xor_ln56_38_fu_9938_p2        |       xor|   0|  0|    64|          64|          64|
    |xor_ln56_390_fu_9049_p2       |       xor|   0|  0|    65|          65|          65|
    |xor_ln56_391_fu_9135_p2       |       xor|   0|  0|    64|          64|          64|
    |xor_ln56_392_fu_9144_p2       |       xor|   0|  0|    65|          65|          65|
    |xor_ln56_393_fu_9149_p2       |       xor|   0|  0|    65|          65|          65|
    |xor_ln56_394_fu_6810_p2       |       xor|   0|  0|    66|          66|          66|
    |xor_ln56_395_fu_6816_p2       |       xor|   0|  0|    66|          66|          66|
    |xor_ln56_396_fu_6826_p2       |       xor|   0|  0|    64|          64|          64|
    |xor_ln56_397_fu_6835_p2       |       xor|   0|  0|    67|          67|          67|
    |xor_ln56_398_fu_6841_p2       |       xor|   0|  0|    67|          67|          67|
    |xor_ln56_399_fu_9159_p2       |       xor|   0|  0|    67|          67|          67|
    |xor_ln56_39_fu_9968_p2        |       xor|   0|  0|    57|          57|          57|
    |xor_ln56_3_fu_1392_p2         |       xor|   0|  0|    64|          64|          64|
    |xor_ln56_400_fu_9168_p2       |       xor|   0|  0|    68|          68|          68|
    |xor_ln56_401_fu_9174_p2       |       xor|   0|  0|    68|          68|          68|
    |xor_ln56_402_fu_9184_p2       |       xor|   0|  0|    69|          69|          69|
    |xor_ln56_403_fu_9190_p2       |       xor|   0|  0|    69|          69|          69|
    |xor_ln56_404_fu_9196_p2       |       xor|   0|  0|    69|          69|          69|
    |xor_ln56_405_fu_9206_p2       |       xor|   0|  0|    65|          65|          65|
    |xor_ln56_406_fu_9212_p2       |       xor|   0|  0|    65|          65|          65|
    |xor_ln56_407_fu_9222_p2       |       xor|   0|  0|    70|          70|          70|
    |xor_ln56_408_fu_9228_p2       |       xor|   0|  0|    70|          70|          70|
    |xor_ln56_409_fu_9234_p2       |       xor|   0|  0|    70|          70|          70|
    |xor_ln56_40_fu_9978_p2        |       xor|   0|  0|    58|          58|          58|
    |xor_ln56_410_fu_9240_p2       |       xor|   0|  0|    70|          70|          70|
    |xor_ln56_411_fu_9246_p2       |       xor|   0|  0|    70|          70|          70|
    |xor_ln56_412_fu_9252_p2       |       xor|   0|  0|    71|          71|          71|
    |xor_ln56_413_fu_9258_p2       |       xor|   0|  0|    65|          65|          65|
    |xor_ln56_414_fu_9264_p2       |       xor|   0|  0|    65|          65|          65|
    |xor_ln56_415_fu_9274_p2       |       xor|   0|  0|    71|          71|          71|
    |xor_ln56_416_fu_9284_p2       |       xor|   0|  0|    72|          72|          72|
    |xor_ln56_417_fu_9290_p2       |       xor|   0|  0|    72|          72|          72|
    |xor_ln56_418_fu_9300_p2       |       xor|   0|  0|    73|          73|          73|
    |xor_ln56_419_fu_9306_p2       |       xor|   0|  0|    73|          73|          73|
    |xor_ln56_41_fu_9988_p2        |       xor|   0|  0|    64|          64|          64|
    |xor_ln56_420_fu_9312_p2       |       xor|   0|  0|    73|          73|          73|
    |xor_ln56_421_fu_9318_p2       |       xor|   0|  0|    73|          73|          73|
    |xor_ln56_422_fu_9338_p2       |       xor|   0|  0|    73|          73|          73|
    |xor_ln56_423_fu_9344_p2       |       xor|   0|  0|    65|          65|          65|
    |xor_ln56_424_fu_9350_p2       |       xor|   0|  0|    65|          65|          65|
    |xor_ln56_425_fu_9360_p2       |       xor|   0|  0|    73|          73|          73|
    |xor_ln56_426_fu_9370_p2       |       xor|   0|  0|    64|          64|          64|
    |xor_ln56_427_fu_9380_p2       |       xor|   0|  0|    74|          74|          74|
    |xor_ln56_428_fu_9386_p2       |       xor|   0|  0|    64|          64|          64|
    |xor_ln56_429_fu_9391_p2       |       xor|   0|  0|    64|          64|          64|
    |xor_ln56_42_fu_1767_p2        |       xor|   0|  0|    66|          66|          66|
    |xor_ln56_430_fu_9401_p2       |       xor|   0|  0|    74|          74|          74|
    |xor_ln56_431_fu_9407_p2       |       xor|   0|  0|    74|          74|          74|
    |xor_ln56_432_fu_9413_p2       |       xor|   0|  0|    74|          74|          74|
    |xor_ln56_434_fu_11760_p2      |       xor|   0|  0|    72|          72|          72|
    |xor_ln56_435_fu_11852_p2      |       xor|   0|  0|    72|          72|          72|
    |xor_ln56_436_fu_11858_p2      |       xor|   0|  0|    64|          64|          64|
    |xor_ln56_437_fu_11864_p2      |       xor|   0|  0|    72|          72|          72|
    |xor_ln56_438_fu_11870_p2      |       xor|   0|  0|    64|          64|          64|
    |xor_ln56_439_fu_11896_p2      |       xor|   0|  0|    64|          64|          64|
    |xor_ln56_43_fu_1773_p2        |       xor|   0|  0|    64|          64|          64|
    |xor_ln56_440_fu_11969_p2      |       xor|   0|  0|    72|          72|          72|
    |xor_ln56_441_fu_11991_p2      |       xor|   0|  0|    73|          73|          73|
    |xor_ln56_442_fu_11997_p2      |       xor|   0|  0|    65|          65|          65|
    |xor_ln56_443_fu_13352_p2      |       xor|   0|  0|    73|          73|          73|
    |xor_ln56_444_fu_13357_p2      |       xor|   0|  0|    73|          73|          73|
    |xor_ln56_445_fu_16663_p2      |       xor|   0|  0|    72|          72|          72|
    |xor_ln56_446_fu_16755_p2      |       xor|   0|  0|    72|          72|          72|
    |xor_ln56_447_fu_16761_p2      |       xor|   0|  0|    64|          64|          64|
    |xor_ln56_448_fu_16767_p2      |       xor|   0|  0|    72|          72|          72|
    |xor_ln56_449_fu_16773_p2      |       xor|   0|  0|    64|          64|          64|
    |xor_ln56_44_fu_1895_p2        |       xor|   0|  0|    66|          66|          66|
    |xor_ln56_450_fu_16799_p2      |       xor|   0|  0|    64|          64|          64|
    |xor_ln56_451_fu_16805_p2      |       xor|   0|  0|    64|          64|          64|
    |xor_ln56_452_fu_16878_p2      |       xor|   0|  0|    72|          72|          72|
    |xor_ln56_453_fu_16900_p2      |       xor|   0|  0|    73|          73|          73|
    |xor_ln56_454_fu_16906_p2      |       xor|   0|  0|    65|          65|          65|
    |xor_ln56_455_fu_17678_p2      |       xor|   0|  0|    73|          73|          73|
    |xor_ln56_456_fu_17683_p2      |       xor|   0|  0|    73|          73|          73|
    |xor_ln56_457_fu_17731_p2      |       xor|   0|  0|    70|          70|          70|
    |xor_ln56_458_fu_17850_p2      |       xor|   0|  0|    70|          70|          70|
    |xor_ln56_459_fu_17856_p2      |       xor|   0|  0|    64|          64|          64|
    |xor_ln56_45_fu_1901_p2        |       xor|   0|  0|    64|          64|          64|
    |xor_ln56_460_fu_17862_p2      |       xor|   0|  0|    70|          70|          70|
    |xor_ln56_461_fu_17868_p2      |       xor|   0|  0|    64|          64|          64|
    |xor_ln56_462_fu_17893_p2      |       xor|   0|  0|    64|          64|          64|
    |xor_ln56_463_fu_17899_p2      |       xor|   0|  0|    64|          64|          64|
    |xor_ln56_464_fu_17986_p2      |       xor|   0|  0|    70|          70|          70|
    |xor_ln56_465_fu_18008_p2      |       xor|   0|  0|    71|          71|          71|
    |xor_ln56_466_fu_18014_p2      |       xor|   0|  0|    65|          65|          65|
    |xor_ln56_467_fu_18100_p2      |       xor|   0|  0|    71|          71|          71|
    |xor_ln56_468_fu_18106_p2      |       xor|   0|  0|    71|          71|          71|
    |xor_ln56_469_fu_18166_p2      |       xor|   0|  0|    68|          68|          68|
    |xor_ln56_46_fu_1907_p2        |       xor|   0|  0|    66|          66|          66|
    |xor_ln56_470_fu_18334_p2      |       xor|   0|  0|    68|          68|          68|
    |xor_ln56_471_fu_18340_p2      |       xor|   0|  0|    64|          64|          64|
    |xor_ln56_472_fu_18346_p2      |       xor|   0|  0|    68|          68|          68|
    |xor_ln56_473_fu_18352_p2      |       xor|   0|  0|    64|          64|          64|
    |xor_ln56_474_fu_18378_p2      |       xor|   0|  0|    64|          64|          64|
    |xor_ln56_475_fu_18384_p2      |       xor|   0|  0|    64|          64|          64|
    |xor_ln56_476_fu_18468_p2      |       xor|   0|  0|    68|          68|          68|
    |xor_ln56_477_fu_18490_p2      |       xor|   0|  0|    69|          69|          69|
    |xor_ln56_478_fu_18496_p2      |       xor|   0|  0|    65|          65|          65|
    |xor_ln56_479_fu_18578_p2      |       xor|   0|  0|    69|          69|          69|
    |xor_ln56_47_fu_1913_p2        |       xor|   0|  0|    64|          64|          64|
    |xor_ln56_480_fu_18584_p2      |       xor|   0|  0|    69|          69|          69|
    |xor_ln56_481_fu_18636_p2      |       xor|   0|  0|    66|          66|          66|
    |xor_ln56_482_fu_18795_p2      |       xor|   0|  0|    66|          66|          66|
    |xor_ln56_483_fu_18801_p2      |       xor|   0|  0|    64|          64|          64|
    |xor_ln56_484_fu_18807_p2      |       xor|   0|  0|    66|          66|          66|
    |xor_ln56_485_fu_18813_p2      |       xor|   0|  0|    64|          64|          64|
    |xor_ln56_486_fu_18836_p2      |       xor|   0|  0|    64|          64|          64|
    |xor_ln56_487_fu_18842_p2      |       xor|   0|  0|    64|          64|          64|
    |xor_ln56_488_fu_18930_p2      |       xor|   0|  0|    66|          66|          66|
    |xor_ln56_489_fu_18952_p2      |       xor|   0|  0|    67|          67|          67|
    |xor_ln56_48_fu_1937_p2        |       xor|   0|  0|    64|          64|          64|
    |xor_ln56_490_fu_18958_p2      |       xor|   0|  0|    65|          65|          65|
    |xor_ln56_491_fu_19044_p2      |       xor|   0|  0|    67|          67|          67|
    |xor_ln56_492_fu_19050_p2      |       xor|   0|  0|    67|          67|          67|
    |xor_ln56_493_fu_16966_p2      |       xor|   0|  0|    58|          58|          58|
    |xor_ln56_494_fu_19096_p2      |       xor|   0|  0|    64|          64|          64|
    |xor_ln56_495_fu_19228_p2      |       xor|   0|  0|    64|          64|          64|
    |xor_ln56_496_fu_19234_p2      |       xor|   0|  0|    64|          64|          64|
    |xor_ln56_497_fu_19260_p2      |       xor|   0|  0|    64|          64|          64|
    |xor_ln56_498_fu_19266_p2      |       xor|   0|  0|    64|          64|          64|
    |xor_ln56_499_fu_19296_p2      |       xor|   0|  0|    64|          64|          64|
    |xor_ln56_49_fu_1943_p2        |       xor|   0|  0|    64|          64|          64|
    |xor_ln56_4_fu_1409_p2         |       xor|   0|  0|    65|          65|          65|
    |xor_ln56_500_fu_19306_p2      |       xor|   0|  0|    65|          65|          65|
    |xor_ln56_501_fu_22067_p2      |       xor|   0|  0|    65|          65|          65|
    |xor_ln56_502_fu_22072_p2      |       xor|   0|  0|    65|          65|          65|
    |xor_ln56_503_fu_19382_p2      |       xor|   0|  0|    64|          64|          64|
    |xor_ln56_504_fu_19412_p2      |       xor|   0|  0|    57|          57|          57|
    |xor_ln56_505_fu_19422_p2      |       xor|   0|  0|    58|          58|          58|
    |xor_ln56_506_fu_19432_p2      |       xor|   0|  0|    64|          64|          64|
    |xor_ln56_507_fu_13466_p2      |       xor|   0|  0|    74|          74|          74|
    |xor_ln56_508_fu_13588_p2      |       xor|   0|  0|    74|          74|          74|
    |xor_ln56_509_fu_13594_p2      |       xor|   0|  0|    64|          64|          64|
    |xor_ln56_50_fu_2034_p2        |       xor|   0|  0|    65|          65|          65|
    |xor_ln56_510_fu_13599_p2      |       xor|   0|  0|    74|          74|          74|
    |xor_ln56_511_fu_13605_p2      |       xor|   0|  0|    64|          64|          64|
    |xor_ln56_512_fu_13631_p2      |       xor|   0|  0|    64|          64|          64|
    |xor_ln56_513_fu_13637_p2      |       xor|   0|  0|    64|          64|          64|
    |xor_ln56_514_fu_13728_p2      |       xor|   0|  0|    65|          65|          65|
    |xor_ln56_515_fu_13759_p2      |       xor|   0|  0|    74|          74|          74|
    |xor_ln56_516_fu_13797_p2      |       xor|   0|  0|    75|          75|          75|
    |xor_ln56_517_fu_13803_p2      |       xor|   0|  0|    65|          65|          65|
    |xor_ln56_518_fu_13809_p2      |       xor|   0|  0|    65|          65|          65|
    |xor_ln56_519_fu_9600_p2       |       xor|   0|  0|    64|          64|          64|
    |xor_ln56_51_fu_2065_p2        |       xor|   0|  0|    66|          66|          66|
    |xor_ln56_520_fu_9606_p2       |       xor|   0|  0|    64|          64|          64|
    |xor_ln56_521_fu_9616_p2       |       xor|   0|  0|    66|          66|          66|
    |xor_ln56_522_fu_9622_p2       |       xor|   0|  0|    66|          66|          66|
    |xor_ln56_523_fu_9628_p2       |       xor|   0|  0|    66|          66|          66|
    |xor_ln56_524_fu_9638_p2       |       xor|   0|  0|    67|          67|          67|
    |xor_ln56_525_fu_9644_p2       |       xor|   0|  0|    67|          67|          67|
    |xor_ln56_526_fu_9650_p2       |       xor|   0|  0|    64|          64|          64|
    |xor_ln56_527_fu_9660_p2       |       xor|   0|  0|    67|          67|          67|
    |xor_ln56_528_fu_9666_p2       |       xor|   0|  0|    67|          67|          67|
    |xor_ln56_529_fu_9672_p2       |       xor|   0|  0|    67|          67|          67|
    |xor_ln56_52_fu_2103_p2        |       xor|   0|  0|    67|          67|          67|
    |xor_ln56_530_fu_9678_p2       |       xor|   0|  0|    67|          67|          67|
    |xor_ln56_531_fu_12046_p2      |       xor|   0|  0|    68|          68|          68|
    |xor_ln56_532_fu_12056_p2      |       xor|   0|  0|    69|          69|          69|
    |xor_ln56_533_fu_12062_p2      |       xor|   0|  0|    65|          65|          65|
    |xor_ln56_534_fu_12072_p2      |       xor|   0|  0|    69|          69|          69|
    |xor_ln56_535_fu_12078_p2      |       xor|   0|  0|    69|          69|          69|
    |xor_ln56_536_fu_12088_p2      |       xor|   0|  0|    70|          70|          70|
    |xor_ln56_537_fu_12094_p2      |       xor|   0|  0|    70|          70|          70|
    |xor_ln56_538_fu_12104_p2      |       xor|   0|  0|    71|          71|          71|
    |xor_ln56_539_fu_12110_p2      |       xor|   0|  0|    64|          64|          64|
    |xor_ln56_53_fu_2109_p2        |       xor|   0|  0|    65|          65|          65|
    |xor_ln56_540_fu_12120_p2      |       xor|   0|  0|    71|          71|          71|
    |xor_ln56_541_fu_12126_p2      |       xor|   0|  0|    71|          71|          71|
    |xor_ln56_542_fu_12132_p2      |       xor|   0|  0|    71|          71|          71|
    |xor_ln56_543_fu_13898_p2      |       xor|   0|  0|    71|          71|          71|
    |xor_ln56_544_fu_12138_p2      |       xor|   0|  0|    72|          72|          72|
    |xor_ln56_545_fu_12144_p2      |       xor|   0|  0|    72|          72|          72|
    |xor_ln56_546_fu_12158_p2      |       xor|   0|  0|    73|          73|          73|
    |xor_ln56_547_fu_12163_p2      |       xor|   0|  0|    73|          73|          73|
    |xor_ln56_548_fu_12169_p2      |       xor|   0|  0|    73|          73|          73|
    |xor_ln56_549_fu_13910_p2      |       xor|   0|  0|    73|          73|          73|
    |xor_ln56_54_fu_2115_p2        |       xor|   0|  0|    65|          65|          65|
    |xor_ln56_550_fu_13916_p2      |       xor|   0|  0|    73|          73|          73|
    |xor_ln56_551_fu_13926_p2      |       xor|   0|  0|    74|          74|          74|
    |xor_ln56_552_fu_13936_p2      |       xor|   0|  0|    75|          75|          75|
    |xor_ln56_553_fu_13942_p2      |       xor|   0|  0|    75|          75|          75|
    |xor_ln56_554_fu_13948_p2      |       xor|   0|  0|    75|          75|          75|
    |xor_ln56_555_fu_13954_p2      |       xor|   0|  0|    75|          75|          75|
    |xor_ln56_556_fu_13964_p2      |       xor|   0|  0|    75|          75|          75|
    |xor_ln56_557_fu_13970_p2      |       xor|   0|  0|    75|          75|          75|
    |xor_ln56_558_fu_13976_p2      |       xor|   0|  0|    12|          12|          12|
    |xor_ln56_559_fu_13985_p2      |       xor|   0|  0|    65|          65|          65|
    |xor_ln56_55_fu_2201_p2        |       xor|   0|  0|    64|          64|          64|
    |xor_ln56_560_fu_13991_p2      |       xor|   0|  0|    65|          65|          65|
    |xor_ln56_561_fu_14001_p2      |       xor|   0|  0|    75|          75|          75|
    |xor_ln56_562_fu_14011_p2      |       xor|   0|  0|    64|          64|          64|
    |xor_ln56_563_fu_14021_p2      |       xor|   0|  0|    76|          76|          76|
    |xor_ln56_564_fu_14027_p2      |       xor|   0|  0|    64|          64|          64|
    |xor_ln56_565_fu_14033_p2      |       xor|   0|  0|    64|          64|          64|
    |xor_ln56_566_fu_14038_p2      |       xor|   0|  0|    64|          64|          64|
    |xor_ln56_567_fu_14048_p2      |       xor|   0|  0|    76|          76|          76|
    |xor_ln56_568_fu_14054_p2      |       xor|   0|  0|    76|          76|          76|
    |xor_ln56_569_fu_14060_p2      |       xor|   0|  0|    76|          76|          76|
    |xor_ln56_56_fu_2211_p2        |       xor|   0|  0|    65|          65|          65|
    |xor_ln56_571_fu_19526_p2      |       xor|   0|  0|    74|          74|          74|
    |xor_ln56_572_fu_19627_p2      |       xor|   0|  0|    74|          74|          74|
    |xor_ln56_573_fu_19633_p2      |       xor|   0|  0|    64|          64|          64|
    |xor_ln56_574_fu_19638_p2      |       xor|   0|  0|    74|          74|          74|
    |xor_ln56_575_fu_19644_p2      |       xor|   0|  0|    64|          64|          64|
    |xor_ln56_576_fu_19670_p2      |       xor|   0|  0|    64|          64|          64|
    |xor_ln56_577_fu_19753_p2      |       xor|   0|  0|    74|          74|          74|
    |xor_ln56_578_fu_19775_p2      |       xor|   0|  0|    75|          75|          75|
    |xor_ln56_579_fu_19781_p2      |       xor|   0|  0|    65|          65|          65|
    |xor_ln56_57_fu_2217_p2        |       xor|   0|  0|    65|          65|          65|
    |xor_ln56_580_fu_19863_p2      |       xor|   0|  0|    75|          75|          75|
    |xor_ln56_581_fu_19869_p2      |       xor|   0|  0|    75|          75|          75|
    |xor_ln56_582_fu_19933_p2      |       xor|   0|  0|    72|          72|          72|
    |xor_ln56_583_fu_20015_p2      |       xor|   0|  0|    72|          72|          72|
    |xor_ln56_584_fu_20021_p2      |       xor|   0|  0|    64|          64|          64|
    |xor_ln56_585_fu_22207_p2      |       xor|   0|  0|    72|          72|          72|
    |xor_ln56_586_fu_20027_p2      |       xor|   0|  0|    64|          64|          64|
    |xor_ln56_587_fu_22219_p2      |       xor|   0|  0|    64|          64|          64|
    |xor_ln56_588_fu_22225_p2      |       xor|   0|  0|    64|          64|          64|
    |xor_ln56_589_fu_22310_p2      |       xor|   0|  0|    72|          72|          72|
    |xor_ln56_58_fu_2227_p2        |       xor|   0|  0|    66|          66|          66|
    |xor_ln56_590_fu_22331_p2      |       xor|   0|  0|    73|          73|          73|
    |xor_ln56_591_fu_22337_p2      |       xor|   0|  0|    65|          65|          65|
    |xor_ln56_592_fu_22423_p2      |       xor|   0|  0|    73|          73|          73|
    |xor_ln56_593_fu_22429_p2      |       xor|   0|  0|    73|          73|          73|
    |xor_ln56_594_fu_20059_p2      |       xor|   0|  0|    70|          70|          70|
    |xor_ln56_595_fu_20175_p2      |       xor|   0|  0|    70|          70|          70|
    |xor_ln56_596_fu_20181_p2      |       xor|   0|  0|    64|          64|          64|
    |xor_ln56_597_fu_20187_p2      |       xor|   0|  0|    70|          70|          70|
    |xor_ln56_598_fu_20193_p2      |       xor|   0|  0|    64|          64|          64|
    |xor_ln56_599_fu_20219_p2      |       xor|   0|  0|    64|          64|          64|
    |xor_ln56_59_fu_2237_p2        |       xor|   0|  0|    67|          67|          67|
    |xor_ln56_5_fu_1419_p2         |       xor|   0|  0|    66|          66|          66|
    |xor_ln56_600_fu_20225_p2      |       xor|   0|  0|    64|          64|          64|
    |xor_ln56_601_fu_20299_p2      |       xor|   0|  0|    70|          70|          70|
    |xor_ln56_602_fu_20321_p2      |       xor|   0|  0|    71|          71|          71|
    |xor_ln56_603_fu_20327_p2      |       xor|   0|  0|    65|          65|          65|
    |xor_ln56_604_fu_22558_p2      |       xor|   0|  0|    71|          71|          71|
    |xor_ln56_605_fu_22563_p2      |       xor|   0|  0|    71|          71|          71|
    |xor_ln56_606_fu_20359_p2      |       xor|   0|  0|    68|          68|          68|
    |xor_ln56_607_fu_20527_p2      |       xor|   0|  0|    68|          68|          68|
    |xor_ln56_608_fu_20533_p2      |       xor|   0|  0|    64|          64|          64|
    |xor_ln56_609_fu_20539_p2      |       xor|   0|  0|    68|          68|          68|
    |xor_ln56_60_fu_2243_p2        |       xor|   0|  0|    67|          67|          67|
    |xor_ln56_610_fu_20545_p2      |       xor|   0|  0|    64|          64|          64|
    |xor_ln56_611_fu_20571_p2      |       xor|   0|  0|    64|          64|          64|
    |xor_ln56_612_fu_20577_p2      |       xor|   0|  0|    64|          64|          64|
    |xor_ln56_613_fu_20651_p2      |       xor|   0|  0|    68|          68|          68|
    |xor_ln56_614_fu_20673_p2      |       xor|   0|  0|    69|          69|          69|
    |xor_ln56_615_fu_20679_p2      |       xor|   0|  0|    65|          65|          65|
    |xor_ln56_616_fu_22693_p2      |       xor|   0|  0|    69|          69|          69|
    |xor_ln56_617_fu_22698_p2      |       xor|   0|  0|    69|          69|          69|
    |xor_ln56_618_fu_22762_p2      |       xor|   0|  0|    66|          66|          66|
    |xor_ln56_619_fu_22866_p2      |       xor|   0|  0|    66|          66|          66|
    |xor_ln56_61_fu_2249_p2        |       xor|   0|  0|    67|          67|          67|
    |xor_ln56_620_fu_22872_p2      |       xor|   0|  0|    64|          64|          64|
    |xor_ln56_621_fu_22878_p2      |       xor|   0|  0|    66|          66|          66|
    |xor_ln56_622_fu_22884_p2      |       xor|   0|  0|    64|          64|          64|
    |xor_ln56_623_fu_22908_p2      |       xor|   0|  0|    64|          64|          64|
    |xor_ln56_624_fu_22913_p2      |       xor|   0|  0|    64|          64|          64|
    |xor_ln56_625_fu_23000_p2      |       xor|   0|  0|    66|          66|          66|
    |xor_ln56_626_fu_23022_p2      |       xor|   0|  0|    67|          67|          67|
    |xor_ln56_627_fu_23028_p2      |       xor|   0|  0|    65|          65|          65|
    |xor_ln56_628_fu_23114_p2      |       xor|   0|  0|    67|          67|          67|
    |xor_ln56_629_fu_23120_p2      |       xor|   0|  0|    67|          67|          67|
    |xor_ln56_62_fu_2255_p2        |       xor|   0|  0|    67|          67|          67|
    |xor_ln56_630_fu_20767_p2      |       xor|   0|  0|    58|          58|          58|
    |xor_ln56_631_fu_20777_p2      |       xor|   0|  0|    64|          64|          64|
    |xor_ln56_632_fu_23255_p2      |       xor|   0|  0|    64|          64|          64|
    |xor_ln56_633_fu_23261_p2      |       xor|   0|  0|    64|          64|          64|
    |xor_ln56_634_fu_23286_p2      |       xor|   0|  0|    64|          64|          64|
    |xor_ln56_635_fu_23292_p2      |       xor|   0|  0|    64|          64|          64|
    |xor_ln56_636_fu_23330_p2      |       xor|   0|  0|    64|          64|          64|
    |xor_ln56_637_fu_23340_p2      |       xor|   0|  0|    65|          65|          65|
    |xor_ln56_638_fu_23370_p2      |       xor|   0|  0|    65|          65|          65|
    |xor_ln56_639_fu_23376_p2      |       xor|   0|  0|    65|          65|          65|
    |xor_ln56_63_fu_2265_p2        |       xor|   0|  0|    64|          64|          64|
    |xor_ln56_640_fu_23448_p2      |       xor|   0|  0|    64|          64|          64|
    |xor_ln56_641_fu_23474_p2      |       xor|   0|  0|    57|          57|          57|
    |xor_ln56_642_fu_23484_p2      |       xor|   0|  0|    58|          58|          58|
    |xor_ln56_643_fu_26906_p2      |       xor|   0|  0|    64|          64|          64|
    |xor_ln56_644_fu_20845_p2      |       xor|   0|  0|    76|          76|          76|
    |xor_ln56_645_fu_20967_p2      |       xor|   0|  0|    76|          76|          76|
    |xor_ln56_646_fu_20973_p2      |       xor|   0|  0|    64|          64|          64|
    |xor_ln56_647_fu_20978_p2      |       xor|   0|  0|    76|          76|          76|
    |xor_ln56_648_fu_20984_p2      |       xor|   0|  0|    64|          64|          64|
    |xor_ln56_649_fu_21010_p2      |       xor|   0|  0|    64|          64|          64|
    |xor_ln56_64_fu_2275_p2        |       xor|   0|  0|     4|           4|           4|
    |xor_ln56_650_fu_21016_p2      |       xor|   0|  0|    64|          64|          64|
    |xor_ln56_651_fu_21104_p2      |       xor|   0|  0|    65|          65|          65|
    |xor_ln56_652_fu_21135_p2      |       xor|   0|  0|    76|          76|          76|
    |xor_ln56_653_fu_21173_p2      |       xor|   0|  0|    77|          77|          77|
    |xor_ln56_654_fu_21179_p2      |       xor|   0|  0|    65|          65|          65|
    |xor_ln56_655_fu_21185_p2      |       xor|   0|  0|    65|          65|          65|
    |xor_ln56_656_fu_12175_p2      |       xor|   0|  0|    66|          66|          66|
    |xor_ln56_657_fu_12181_p2      |       xor|   0|  0|    65|          65|          65|
    |xor_ln56_658_fu_12191_p2      |       xor|   0|  0|    66|          66|          66|
    |xor_ln56_659_fu_12197_p2      |       xor|   0|  0|    65|          65|          65|
    |xor_ln56_65_fu_2284_p2        |       xor|   0|  0|    67|          67|          67|
    |xor_ln56_660_fu_12203_p2      |       xor|   0|  0|    64|          64|          64|
    |xor_ln56_661_fu_12213_p2      |       xor|   0|  0|    65|          65|          65|
    |xor_ln56_662_fu_12223_p2      |       xor|   0|  0|    66|          66|          66|
    |xor_ln56_663_fu_12229_p2      |       xor|   0|  0|    67|          67|          67|
    |xor_ln56_664_fu_12235_p2      |       xor|   0|  0|    67|          67|          67|
    |xor_ln56_665_fu_12241_p2      |       xor|   0|  0|    67|          67|          67|
    |xor_ln56_666_fu_14287_p2      |       xor|   0|  0|    68|          68|          68|
    |xor_ln56_667_fu_14297_p2      |       xor|   0|  0|    69|          69|          69|
    |xor_ln56_668_fu_14303_p2      |       xor|   0|  0|    69|          69|          69|
    |xor_ln56_669_fu_14309_p2      |       xor|   0|  0|    69|          69|          69|
    |xor_ln56_66_fu_2290_p2        |       xor|   0|  0|    67|          67|          67|
    |xor_ln56_670_fu_14315_p2      |       xor|   0|  0|    69|          69|          69|
    |xor_ln56_671_fu_14321_p2      |       xor|   0|  0|    64|          64|          64|
    |xor_ln56_672_fu_14331_p2      |       xor|   0|  0|    69|          69|          69|
    |xor_ln56_673_fu_14337_p2      |       xor|   0|  0|    69|          69|          69|
    |xor_ln56_674_fu_16998_p2      |       xor|   0|  0|    70|          70|          70|
    |xor_ln56_675_fu_17008_p2      |       xor|   0|  0|    71|          71|          71|
    |xor_ln56_676_fu_17014_p2      |       xor|   0|  0|    71|          71|          71|
    |xor_ln56_677_fu_17020_p2      |       xor|   0|  0|    71|          71|          71|
    |xor_ln56_678_fu_17030_p2      |       xor|   0|  0|    64|          64|          64|
    |xor_ln56_679_fu_17040_p2      |       xor|   0|  0|    71|          71|          71|
    |xor_ln56_67_fu_2300_p2        |       xor|   0|  0|    65|          65|          65|
    |xor_ln56_680_fu_17046_p2      |       xor|   0|  0|    71|          71|          71|
    |xor_ln56_681_fu_17056_p2      |       xor|   0|  0|    72|          72|          72|
    |xor_ln56_682_fu_17066_p2      |       xor|   0|  0|    73|          73|          73|
    |xor_ln56_683_fu_17072_p2      |       xor|   0|  0|    73|          73|          73|
    |xor_ln56_684_fu_17078_p2      |       xor|   0|  0|    73|          73|          73|
    |xor_ln56_685_fu_17084_p2      |       xor|   0|  0|    73|          73|          73|
    |xor_ln56_686_fu_21274_p2      |       xor|   0|  0|    73|          73|          73|
    |xor_ln56_687_fu_21283_p2      |       xor|   0|  0|    64|          64|          64|
    |xor_ln56_688_fu_21292_p2      |       xor|   0|  0|    73|          73|          73|
    |xor_ln56_689_fu_21298_p2      |       xor|   0|  0|    73|          73|          73|
    |xor_ln56_68_fu_2310_p2        |       xor|   0|  0|    64|          64|          64|
    |xor_ln56_690_fu_21308_p2      |       xor|   0|  0|    74|          74|          74|
    |xor_ln56_691_fu_21318_p2      |       xor|   0|  0|    75|          75|          75|
    |xor_ln56_692_fu_21324_p2      |       xor|   0|  0|    75|          75|          75|
    |xor_ln56_693_fu_21330_p2      |       xor|   0|  0|    75|          75|          75|
    |xor_ln56_694_fu_21340_p2      |       xor|   0|  0|    64|          64|          64|
    |xor_ln56_695_fu_21350_p2      |       xor|   0|  0|    75|          75|          75|
    |xor_ln56_696_fu_21356_p2      |       xor|   0|  0|    75|          75|          75|
    |xor_ln56_697_fu_21366_p2      |       xor|   0|  0|    76|          76|          76|
    |xor_ln56_698_fu_21376_p2      |       xor|   0|  0|    77|          77|          77|
    |xor_ln56_699_fu_21382_p2      |       xor|   0|  0|    77|          77|          77|
    |xor_ln56_69_fu_2319_p2        |       xor|   0|  0|    68|          68|          68|
    |xor_ln56_6_fu_1425_p2         |       xor|   0|  0|    64|          64|          64|
    |xor_ln56_700_fu_21388_p2      |       xor|   0|  0|    77|          77|          77|
    |xor_ln56_701_fu_21394_p2      |       xor|   0|  0|    77|          77|          77|
    |xor_ln56_702_fu_21404_p2      |       xor|   0|  0|    64|          64|          64|
    |xor_ln56_703_fu_21424_p2      |       xor|   0|  0|    77|          77|          77|
    |xor_ln56_704_fu_21438_p2      |       xor|   0|  0|    78|          78|          78|
    |xor_ln56_705_fu_21444_p2      |       xor|   0|  0|    78|          78|          78|
    |xor_ln56_706_fu_21450_p2      |       xor|   0|  0|    78|          78|          78|
    |xor_ln56_707_fu_9684_p2       |       xor|   0|  0|    64|          64|          64|
    |xor_ln56_708_fu_9690_p2       |       xor|   0|  0|    64|          64|          64|
    |xor_ln56_709_fu_9696_p2       |       xor|   0|  0|    64|          64|          64|
    |xor_ln56_70_fu_2325_p2        |       xor|   0|  0|    68|          68|          68|
    |xor_ln56_710_fu_21456_p2      |       xor|   0|  0|    64|          64|          64|
    |xor_ln56_711_fu_21462_p2      |       xor|   0|  0|    64|          64|          64|
    |xor_ln56_712_fu_21467_p2      |       xor|   0|  0|    64|          64|          64|
    |xor_ln56_713_fu_21473_p2      |       xor|   0|  0|    64|          64|          64|
    |xor_ln56_714_fu_21482_p2      |       xor|   0|  0|    78|          78|          78|
    |xor_ln56_715_fu_21488_p2      |       xor|   0|  0|    78|          78|          78|
    |xor_ln56_717_fu_23553_p2      |       xor|   0|  0|    74|          74|          74|
    |xor_ln56_718_fu_23650_p2      |       xor|   0|  0|    74|          74|          74|
    |xor_ln56_719_fu_23656_p2      |       xor|   0|  0|    64|          64|          64|
    |xor_ln56_71_fu_2331_p2        |       xor|   0|  0|    68|          68|          68|
    |xor_ln56_720_fu_23661_p2      |       xor|   0|  0|    74|          74|          74|
    |xor_ln56_721_fu_23667_p2      |       xor|   0|  0|    64|          64|          64|
    |xor_ln56_722_fu_23693_p2      |       xor|   0|  0|    64|          64|          64|
    |xor_ln56_723_fu_23779_p2      |       xor|   0|  0|    74|          74|          74|
    |xor_ln56_724_fu_23801_p2      |       xor|   0|  0|    75|          75|          75|
    |xor_ln56_725_fu_23807_p2      |       xor|   0|  0|    65|          65|          65|
    |xor_ln56_726_fu_23893_p2      |       xor|   0|  0|    75|          75|          75|
    |xor_ln56_727_fu_23899_p2      |       xor|   0|  0|    75|          75|          75|
    |xor_ln56_728_fu_23967_p2      |       xor|   0|  0|    72|          72|          72|
    |xor_ln56_729_fu_24094_p2      |       xor|   0|  0|    72|          72|          72|
    |xor_ln56_730_fu_24100_p2      |       xor|   0|  0|    64|          64|          64|
    |xor_ln56_731_fu_24106_p2      |       xor|   0|  0|    72|          72|          72|
    |xor_ln56_732_fu_24112_p2      |       xor|   0|  0|    64|          64|          64|
    |xor_ln56_733_fu_24138_p2      |       xor|   0|  0|    64|          64|          64|
    |xor_ln56_734_fu_24144_p2      |       xor|   0|  0|    64|          64|          64|
    |xor_ln56_735_fu_24227_p2      |       xor|   0|  0|    72|          72|          72|
    |xor_ln56_736_fu_24249_p2      |       xor|   0|  0|    73|          73|          73|
    |xor_ln56_737_fu_24255_p2      |       xor|   0|  0|    65|          65|          65|
    |xor_ln56_738_fu_24337_p2      |       xor|   0|  0|    73|          73|          73|
    |xor_ln56_739_fu_24343_p2      |       xor|   0|  0|    73|          73|          73|
    |xor_ln56_73_fu_2772_p2        |       xor|   0|  0|    66|          66|          66|
    |xor_ln56_740_fu_24403_p2      |       xor|   0|  0|    70|          70|          70|
    |xor_ln56_741_fu_24531_p2      |       xor|   0|  0|    70|          70|          70|
    |xor_ln56_742_fu_24537_p2      |       xor|   0|  0|    64|          64|          64|
    |xor_ln56_743_fu_24543_p2      |       xor|   0|  0|    70|          70|          70|
    |xor_ln56_744_fu_24549_p2      |       xor|   0|  0|    64|          64|          64|
    |xor_ln56_745_fu_24575_p2      |       xor|   0|  0|    64|          64|          64|
    |xor_ln56_746_fu_24581_p2      |       xor|   0|  0|    64|          64|          64|
    |xor_ln56_747_fu_24669_p2      |       xor|   0|  0|    70|          70|          70|
    |xor_ln56_748_fu_24691_p2      |       xor|   0|  0|    71|          71|          71|
    |xor_ln56_749_fu_24697_p2      |       xor|   0|  0|    65|          65|          65|
    |xor_ln56_74_fu_2778_p2        |       xor|   0|  0|    64|          64|          64|
    |xor_ln56_750_fu_24783_p2      |       xor|   0|  0|    71|          71|          71|
    |xor_ln56_751_fu_24789_p2      |       xor|   0|  0|    71|          71|          71|
    |xor_ln56_752_fu_26974_p2      |       xor|   0|  0|    68|          68|          68|
    |xor_ln56_753_fu_27069_p2      |       xor|   0|  0|    68|          68|          68|
    |xor_ln56_754_fu_27075_p2      |       xor|   0|  0|    64|          64|          64|
    |xor_ln56_755_fu_27081_p2      |       xor|   0|  0|    68|          68|          68|
    |xor_ln56_756_fu_27087_p2      |       xor|   0|  0|    64|          64|          64|
    |xor_ln56_757_fu_27112_p2      |       xor|   0|  0|    64|          64|          64|
    |xor_ln56_758_fu_27117_p2      |       xor|   0|  0|    64|          64|          64|
    |xor_ln56_759_fu_27201_p2      |       xor|   0|  0|    68|          68|          68|
    |xor_ln56_75_fu_2872_p2        |       xor|   0|  0|    66|          66|          66|
    |xor_ln56_760_fu_27223_p2      |       xor|   0|  0|    69|          69|          69|
    |xor_ln56_761_fu_27229_p2      |       xor|   0|  0|    65|          65|          65|
    |xor_ln56_762_fu_27311_p2      |       xor|   0|  0|    69|          69|          69|
    |xor_ln56_763_fu_27317_p2      |       xor|   0|  0|    69|          69|          69|
    |xor_ln56_764_fu_27361_p2      |       xor|   0|  0|    66|          66|          66|
    |xor_ln56_765_fu_27521_p2      |       xor|   0|  0|    66|          66|          66|
    |xor_ln56_766_fu_27527_p2      |       xor|   0|  0|    64|          64|          64|
    |xor_ln56_767_fu_27533_p2      |       xor|   0|  0|    66|          66|          66|
    |xor_ln56_768_fu_27539_p2      |       xor|   0|  0|    64|          64|          64|
    |xor_ln56_769_fu_27562_p2      |       xor|   0|  0|    64|          64|          64|
    |xor_ln56_76_fu_2878_p2        |       xor|   0|  0|    64|          64|          64|
    |xor_ln56_770_fu_27568_p2      |       xor|   0|  0|    64|          64|          64|
    |xor_ln56_771_fu_27652_p2      |       xor|   0|  0|    66|          66|          66|
    |xor_ln56_772_fu_27674_p2      |       xor|   0|  0|    67|          67|          67|
    |xor_ln56_773_fu_27680_p2      |       xor|   0|  0|    65|          65|          65|
    |xor_ln56_774_fu_27762_p2      |       xor|   0|  0|    67|          67|          67|
    |xor_ln56_775_fu_27768_p2      |       xor|   0|  0|    67|          67|          67|
    |xor_ln56_776_fu_24943_p2      |       xor|   0|  0|    58|          58|          58|
    |xor_ln56_777_fu_27814_p2      |       xor|   0|  0|    64|          64|          64|
    |xor_ln56_778_fu_27946_p2      |       xor|   0|  0|    64|          64|          64|
    |xor_ln56_779_fu_27952_p2      |       xor|   0|  0|    64|          64|          64|
    |xor_ln56_77_fu_2883_p2        |       xor|   0|  0|    66|          66|          66|
    |xor_ln56_780_fu_27978_p2      |       xor|   0|  0|    64|          64|          64|
    |xor_ln56_781_fu_27984_p2      |       xor|   0|  0|    64|          64|          64|
    |xor_ln56_782_fu_28022_p2      |       xor|   0|  0|    64|          64|          64|
    |xor_ln56_783_fu_28032_p2      |       xor|   0|  0|    65|          65|          65|
    |xor_ln56_784_fu_28070_p2      |       xor|   0|  0|    65|          65|          65|
    |xor_ln56_785_fu_28076_p2      |       xor|   0|  0|    65|          65|          65|
    |xor_ln56_786_fu_28164_p2      |       xor|   0|  0|    64|          64|          64|
    |xor_ln56_787_fu_28194_p2      |       xor|   0|  0|    57|          57|          57|
    |xor_ln56_788_fu_28204_p2      |       xor|   0|  0|    58|          58|          58|
    |xor_ln56_789_fu_28214_p2      |       xor|   0|  0|    64|          64|          64|
    |xor_ln56_78_fu_2889_p2        |       xor|   0|  0|    64|          64|          64|
    |xor_ln56_790_fu_25053_p2      |       xor|   0|  0|    76|          76|          76|
    |xor_ln56_791_fu_25176_p2      |       xor|   0|  0|    76|          76|          76|
    |xor_ln56_792_fu_25182_p2      |       xor|   0|  0|    64|          64|          64|
    |xor_ln56_793_fu_25188_p2      |       xor|   0|  0|    76|          76|          76|
    |xor_ln56_794_fu_25194_p2      |       xor|   0|  0|    64|          64|          64|
    |xor_ln56_795_fu_25220_p2      |       xor|   0|  0|    64|          64|          64|
    |xor_ln56_796_fu_25226_p2      |       xor|   0|  0|    64|          64|          64|
    |xor_ln56_797_fu_25313_p2      |       xor|   0|  0|    65|          65|          65|
    |xor_ln56_798_fu_25344_p2      |       xor|   0|  0|    76|          76|          76|
    |xor_ln56_799_fu_25382_p2      |       xor|   0|  0|    77|          77|          77|
    |xor_ln56_79_fu_2913_p2        |       xor|   0|  0|    64|          64|          64|
    |xor_ln56_7_fu_1435_p2         |       xor|   0|  0|    66|          66|          66|
    |xor_ln56_800_fu_25388_p2      |       xor|   0|  0|    65|          65|          65|
    |xor_ln56_801_fu_25394_p2      |       xor|   0|  0|    65|          65|          65|
    |xor_ln56_802_fu_12247_p2      |       xor|   0|  0|    63|          63|          63|
    |xor_ln56_803_fu_12257_p2      |       xor|   0|  0|    64|          64|          64|
    |xor_ln56_804_fu_12263_p2      |       xor|   0|  0|    64|          64|          64|
    |xor_ln56_805_fu_12273_p2      |       xor|   0|  0|    64|          64|          64|
    |xor_ln56_806_fu_12283_p2      |       xor|   0|  0|    65|          65|          65|
    |xor_ln56_807_fu_12289_p2      |       xor|   0|  0|    65|          65|          65|
    |xor_ln56_808_fu_12295_p2      |       xor|   0|  0|    65|          65|          65|
    |xor_ln56_809_fu_14346_p2      |       xor|   0|  0|    65|          65|          65|
    |xor_ln56_80_fu_3000_p2        |       xor|   0|  0|    66|          66|          66|
    |xor_ln56_810_fu_14356_p2      |       xor|   0|  0|    66|          66|          66|
    |xor_ln56_811_fu_14362_p2      |       xor|   0|  0|    66|          66|          66|
    |xor_ln56_812_fu_14372_p2      |       xor|   0|  0|    67|          67|          67|
    |xor_ln56_813_fu_14378_p2      |       xor|   0|  0|    65|          65|          65|
    |xor_ln56_814_fu_14384_p2      |       xor|   0|  0|    65|          65|          65|
    |xor_ln56_815_fu_14394_p2      |       xor|   0|  0|    67|          67|          67|
    |xor_ln56_816_fu_14400_p2      |       xor|   0|  0|    67|          67|          67|
    |xor_ln56_817_fu_14406_p2      |       xor|   0|  0|    67|          67|          67|
    |xor_ln56_818_fu_17090_p2      |       xor|   0|  0|    68|          68|          68|
    |xor_ln56_819_fu_17096_p2      |       xor|   0|  0|    68|          68|          68|
    |xor_ln56_81_fu_3022_p2        |       xor|   0|  0|    67|          67|          67|
    |xor_ln56_820_fu_17106_p2      |       xor|   0|  0|    69|          69|          69|
    |xor_ln56_821_fu_17112_p2      |       xor|   0|  0|    69|          69|          69|
    |xor_ln56_822_fu_17118_p2      |       xor|   0|  0|    69|          69|          69|
    |xor_ln56_823_fu_17124_p2      |       xor|   0|  0|    69|          69|          69|
    |xor_ln56_824_fu_17130_p2      |       xor|   0|  0|    69|          69|          69|
    |xor_ln56_825_fu_21721_p2      |       xor|   0|  0|    70|          70|          70|
    |xor_ln56_826_fu_21731_p2      |       xor|   0|  0|    71|          71|          71|
    |xor_ln56_827_fu_21737_p2      |       xor|   0|  0|    71|          71|          71|
    |xor_ln56_828_fu_21747_p2      |       xor|   0|  0|    64|          64|          64|
    |xor_ln56_829_fu_21756_p2      |       xor|   0|  0|    72|          72|          72|
    |xor_ln56_82_fu_3028_p2        |       xor|   0|  0|    65|          65|          65|
    |xor_ln56_830_fu_21762_p2      |       xor|   0|  0|    72|          72|          72|
    |xor_ln56_831_fu_21768_p2      |       xor|   0|  0|    72|          72|          72|
    |xor_ln56_832_fu_21774_p2      |       xor|   0|  0|    72|          72|          72|
    |xor_ln56_833_fu_21780_p2      |       xor|   0|  0|    72|          72|          72|
    |xor_ln56_834_fu_25483_p2      |       xor|   0|  0|    72|          72|          72|
    |xor_ln56_835_fu_25495_p2      |       xor|   0|  0|    73|          73|          73|
    |xor_ln56_836_fu_25501_p2      |       xor|   0|  0|    73|          73|          73|
    |xor_ln56_837_fu_25511_p2      |       xor|   0|  0|    65|          65|          65|
    |xor_ln56_838_fu_25521_p2      |       xor|   0|  0|    74|          74|          74|
    |xor_ln56_839_fu_25527_p2      |       xor|   0|  0|    74|          74|          74|
    |xor_ln56_83_fu_3114_p2        |       xor|   0|  0|    67|          67|          67|
    |xor_ln56_840_fu_25533_p2      |       xor|   0|  0|    74|          74|          74|
    |xor_ln56_841_fu_25547_p2      |       xor|   0|  0|    75|          75|          75|
    |xor_ln56_842_fu_25553_p2      |       xor|   0|  0|    75|          75|          75|
    |xor_ln56_843_fu_25563_p2      |       xor|   0|  0|    65|          65|          65|
    |xor_ln56_844_fu_25573_p2      |       xor|   0|  0|    76|          76|          76|
    |xor_ln56_845_fu_25579_p2      |       xor|   0|  0|    76|          76|          76|
    |xor_ln56_846_fu_25585_p2      |       xor|   0|  0|    76|          76|          76|
    |xor_ln56_847_fu_25591_p2      |       xor|   0|  0|    76|          76|          76|
    |xor_ln56_848_fu_25597_p2      |       xor|   0|  0|    76|          76|          76|
    |xor_ln56_849_fu_25607_p2      |       xor|   0|  0|    77|          77|          77|
    |xor_ln56_84_fu_3120_p2        |       xor|   0|  0|    67|          67|          67|
    |xor_ln56_850_fu_25613_p2      |       xor|   0|  0|    64|          64|          64|
    |xor_ln56_851_fu_25622_p2      |       xor|   0|  0|    77|          77|          77|
    |xor_ln56_852_fu_25638_p2      |       xor|   0|  0|    65|          65|          65|
    |xor_ln56_853_fu_25644_p2      |       xor|   0|  0|    65|          65|          65|
    |xor_ln56_854_fu_25654_p2      |       xor|   0|  0|    77|          77|          77|
    |xor_ln56_855_fu_25660_p2      |       xor|   0|  0|    77|          77|          77|
    |xor_ln56_856_fu_25670_p2      |       xor|   0|  0|    78|          78|          78|
    |xor_ln56_857_fu_25676_p2      |       xor|   0|  0|    64|          64|          64|
    |xor_ln56_858_fu_25686_p2      |       xor|   0|  0|    78|          78|          78|
    |xor_ln56_859_fu_25692_p2      |       xor|   0|  0|    64|          64|          64|
    |xor_ln56_85_fu_4337_p2        |       xor|   0|  0|    66|          66|          66|
    |xor_ln56_860_fu_25698_p2      |       xor|   0|  0|    64|          64|          64|
    |xor_ln56_861_fu_25703_p2      |       xor|   0|  0|    64|          64|          64|
    |xor_ln56_862_fu_25709_p2      |       xor|   0|  0|    64|          64|          64|
    |xor_ln56_863_fu_25719_p2      |       xor|   0|  0|    78|          78|          78|
    |xor_ln56_864_fu_25725_p2      |       xor|   0|  0|    78|          78|          78|
    |xor_ln56_865_fu_25731_p2      |       xor|   0|  0|    78|          78|          78|
    |xor_ln56_867_fu_25909_p2      |       xor|   0|  0|    74|          74|          74|
    |xor_ln56_868_fu_26021_p2      |       xor|   0|  0|    74|          74|          74|
    |xor_ln56_869_fu_26027_p2      |       xor|   0|  0|    64|          64|          64|
    |xor_ln56_86_fu_4343_p2        |       xor|   0|  0|    64|          64|          64|
    |xor_ln56_870_fu_26033_p2      |       xor|   0|  0|    74|          74|          74|
    |xor_ln56_871_fu_26039_p2      |       xor|   0|  0|    64|          64|          64|
    |xor_ln56_872_fu_26139_p2      |       xor|   0|  0|    74|          74|          74|
    |xor_ln56_873_fu_26161_p2      |       xor|   0|  0|    75|          75|          75|
    |xor_ln56_874_fu_26167_p2      |       xor|   0|  0|    65|          65|          65|
    |xor_ln56_875_fu_12301_p2      |       xor|   0|  0|    64|          64|          64|
    |xor_ln56_876_fu_12307_p2      |       xor|   0|  0|    64|          64|          64|
    |xor_ln56_877_fu_17139_p2      |       xor|   0|  0|    64|          64|          64|
    |xor_ln56_878_fu_17148_p2      |       xor|   0|  0|    65|          65|          65|
    |xor_ln56_879_fu_17154_p2      |       xor|   0|  0|    65|          65|          65|
    |xor_ln56_87_fu_4433_p2        |       xor|   0|  0|    66|          66|          66|
    |xor_ln56_880_fu_17160_p2      |       xor|   0|  0|    65|          65|          65|
    |xor_ln56_881_fu_17170_p2      |       xor|   0|  0|    65|          65|          65|
    |xor_ln56_882_fu_17176_p2      |       xor|   0|  0|    65|          65|          65|
    |xor_ln56_883_fu_17186_p2      |       xor|   0|  0|    66|          66|          66|
    |xor_ln56_884_fu_17192_p2      |       xor|   0|  0|    66|          66|          66|
    |xor_ln56_885_fu_17198_p2      |       xor|   0|  0|    66|          66|          66|
    |xor_ln56_886_fu_17204_p2      |       xor|   0|  0|    66|          66|          66|
    |xor_ln56_887_fu_17210_p2      |       xor|   0|  0|    64|          64|          64|
    |xor_ln56_888_fu_17220_p2      |       xor|   0|  0|    67|          67|          67|
    |xor_ln56_889_fu_21789_p2      |       xor|   0|  0|    67|          67|          67|
    |xor_ln56_88_fu_4439_p2        |       xor|   0|  0|    64|          64|          64|
    |xor_ln56_890_fu_21799_p2      |       xor|   0|  0|    68|          68|          68|
    |xor_ln56_891_fu_21805_p2      |       xor|   0|  0|    68|          68|          68|
    |xor_ln56_892_fu_21811_p2      |       xor|   0|  0|    68|          68|          68|
    |xor_ln56_893_fu_21821_p2      |       xor|   0|  0|    69|          69|          69|
    |xor_ln56_894_fu_21827_p2      |       xor|   0|  0|    64|          64|          64|
    |xor_ln56_895_fu_21837_p2      |       xor|   0|  0|    69|          69|          69|
    |xor_ln56_896_fu_21847_p2      |       xor|   0|  0|    69|          69|          69|
    |xor_ln56_897_fu_21857_p2      |       xor|   0|  0|    70|          70|          70|
    |xor_ln56_898_fu_21863_p2      |       xor|   0|  0|    70|          70|          70|
    |xor_ln56_899_fu_21869_p2      |       xor|   0|  0|    70|          70|          70|
    |xor_ln56_89_fu_4445_p2        |       xor|   0|  0|    66|          66|          66|
    |xor_ln56_900_fu_21875_p2      |       xor|   0|  0|    70|          70|          70|
    |xor_ln56_901_fu_28440_p2      |       xor|   0|  0|    70|          70|          70|
    |xor_ln56_902_fu_21881_p2      |       xor|   0|  0|    71|          71|          71|
    |xor_ln56_903_fu_21887_p2      |       xor|   0|  0|    71|          71|          71|
    |xor_ln56_904_fu_26186_p2      |       xor|   0|  0|    65|          65|          65|
    |xor_ln56_905_fu_26196_p2      |       xor|   0|  0|    72|          72|          72|
    |xor_ln56_906_fu_26202_p2      |       xor|   0|  0|    72|          72|          72|
    |xor_ln56_907_fu_26208_p2      |       xor|   0|  0|    72|          72|          72|
    |xor_ln56_908_fu_26218_p2      |       xor|   0|  0|    73|          73|          73|
    |xor_ln56_909_fu_26224_p2      |       xor|   0|  0|    73|          73|          73|
    |xor_ln56_90_fu_4451_p2        |       xor|   0|  0|    64|          64|          64|
    |xor_ln56_910_fu_26230_p2      |       xor|   0|  0|    64|          64|          64|
    |xor_ln56_911_fu_26239_p2      |       xor|   0|  0|    73|          73|          73|
    |xor_ln56_912_fu_26245_p2      |       xor|   0|  0|    73|          73|          73|
    |xor_ln56_913_fu_26251_p2      |       xor|   0|  0|    73|          73|          73|
    |xor_ln56_914_fu_26257_p2      |       xor|   0|  0|    73|          73|          73|
    |xor_ln56_915_fu_26263_p2      |       xor|   0|  0|    74|          74|          74|
    |xor_ln56_916_fu_26273_p2      |       xor|   0|  0|    75|          75|          75|
    |xor_ln56_917_fu_26279_p2      |       xor|   0|  0|    65|          65|          65|
    |xor_ln56_918_fu_26289_p2      |       xor|   0|  0|    75|          75|          75|
    |xor_ln56_919_fu_26295_p2      |       xor|   0|  0|    75|          75|          75|
    |xor_ln56_91_fu_4475_p2        |       xor|   0|  0|    64|          64|          64|
    |xor_ln56_920_fu_28455_p2      |       xor|   0|  0|    76|          76|          76|
    |xor_ln56_921_fu_28461_p2      |       xor|   0|  0|    64|          64|          64|
    |xor_ln56_922_fu_28471_p2      |       xor|   0|  0|    76|          76|          76|
    |xor_ln56_923_fu_28477_p2      |       xor|   0|  0|    64|          64|          64|
    |xor_ln56_924_fu_28482_p2      |       xor|   0|  0|    64|          64|          64|
    |xor_ln56_925_fu_28487_p2      |       xor|   0|  0|    64|          64|          64|
    |xor_ln56_926_fu_28497_p2      |       xor|   0|  0|    76|          76|          76|
    |xor_ln56_927_fu_28503_p2      |       xor|   0|  0|    76|          76|          76|
    |xor_ln56_928_fu_28509_p2      |       xor|   0|  0|    76|          76|          76|
    |xor_ln56_92_fu_4481_p2        |       xor|   0|  0|    64|          64|          64|
    |xor_ln56_930_fu_26321_p2      |       xor|   0|  0|    72|          72|          72|
    |xor_ln56_931_fu_26445_p2      |       xor|   0|  0|    72|          72|          72|
    |xor_ln56_932_fu_26451_p2      |       xor|   0|  0|    64|          64|          64|
    |xor_ln56_933_fu_26457_p2      |       xor|   0|  0|    72|          72|          72|
    |xor_ln56_934_fu_26463_p2      |       xor|   0|  0|    64|          64|          64|
    |xor_ln56_935_fu_26569_p2      |       xor|   0|  0|    72|          72|          72|
    |xor_ln56_936_fu_26591_p2      |       xor|   0|  0|    73|          73|          73|
    |xor_ln56_937_fu_26597_p2      |       xor|   0|  0|    65|          65|          65|
    |xor_ln56_938_fu_17226_p2      |       xor|   0|  0|    64|          64|          64|
    |xor_ln56_939_fu_17232_p2      |       xor|   0|  0|    64|          64|          64|
    |xor_ln56_93_fu_4555_p2        |       xor|   0|  0|    66|          66|          66|
    |xor_ln56_940_fu_17238_p2      |       xor|   0|  0|    64|          64|          64|
    |xor_ln56_941_fu_17244_p2      |       xor|   0|  0|    64|          64|          64|
    |xor_ln56_942_fu_17250_p2      |       xor|   0|  0|    64|          64|          64|
    |xor_ln56_943_fu_17260_p2      |       xor|   0|  0|    65|          65|          65|
    |xor_ln56_944_fu_17270_p2      |       xor|   0|  0|    66|          66|          66|
    |xor_ln56_945_fu_17276_p2      |       xor|   0|  0|    66|          66|          66|
    |xor_ln56_946_fu_17282_p2      |       xor|   0|  0|    66|          66|          66|
    |xor_ln56_947_fu_28652_p2      |       xor|   0|  0|    66|          66|          66|
    |xor_ln56_948_fu_21893_p2      |       xor|   0|  0|    67|          67|          67|
    |xor_ln56_949_fu_21899_p2      |       xor|   0|  0|    67|          67|          67|
    |xor_ln56_94_fu_4577_p2        |       xor|   0|  0|    67|          67|          67|
    |xor_ln56_950_fu_21905_p2      |       xor|   0|  0|    65|          65|          65|
    |xor_ln56_951_fu_21911_p2      |       xor|   0|  0|    65|          65|          65|
    |xor_ln56_952_fu_21921_p2      |       xor|   0|  0|    67|          67|          67|
    |xor_ln56_953_fu_21927_p2      |       xor|   0|  0|    68|          68|          68|
    |xor_ln56_954_fu_21933_p2      |       xor|   0|  0|    68|          68|          68|
    |xor_ln56_955_fu_21943_p2      |       xor|   0|  0|    69|          69|          69|
    |xor_ln56_956_fu_21949_p2      |       xor|   0|  0|    69|          69|          69|
    |xor_ln56_957_fu_21955_p2      |       xor|   0|  0|    69|          69|          69|
    |xor_ln56_958_fu_28664_p2      |       xor|   0|  0|    69|          69|          69|
    |xor_ln56_959_fu_28669_p2      |       xor|   0|  0|    69|          69|          69|
    |xor_ln56_95_fu_4583_p2        |       xor|   0|  0|    65|          65|          65|
    |xor_ln56_960_fu_26613_p2      |       xor|   0|  0|    69|          69|          69|
    |xor_ln56_961_fu_26619_p2      |       xor|   0|  0|    69|          69|          69|
    |xor_ln56_962_fu_26629_p2      |       xor|   0|  0|    70|          70|          70|
    |xor_ln56_963_fu_28810_p2      |       xor|   0|  0|    70|          70|          70|
    |xor_ln56_964_fu_26635_p2      |       xor|   0|  0|    70|          70|          70|
    |xor_ln56_965_fu_26645_p2      |       xor|   0|  0|    64|          64|          64|
    |xor_ln56_966_fu_26655_p2      |       xor|   0|  0|    71|          71|          71|
    |xor_ln56_967_fu_26665_p2      |       xor|   0|  0|    72|          72|          72|
    |xor_ln56_968_fu_28904_p2      |       xor|   0|  0|    70|          70|          70|
    |xor_ln56_969_fu_26671_p2      |       xor|   0|  0|    72|          72|          72|
    |xor_ln56_96_fu_4818_p2        |       xor|   0|  0|    67|          67|          67|
    |xor_ln56_970_fu_26677_p2      |       xor|   0|  0|    72|          72|          72|
    |xor_ln56_971_fu_30565_p2      |       xor|   0|  0|    71|          71|          71|
    |xor_ln56_972_fu_26683_p2      |       xor|   0|  0|    72|          72|          72|
    |xor_ln56_973_fu_26689_p2      |       xor|   0|  0|    73|          73|          73|
    |xor_ln56_974_fu_26695_p2      |       xor|   0|  0|    73|          73|          73|
    |xor_ln56_975_fu_29010_p2      |       xor|   0|  0|    68|          68|          68|
    |xor_ln56_976_fu_26701_p2      |       xor|   0|  0|    65|          65|          65|
    |xor_ln56_977_fu_26707_p2      |       xor|   0|  0|    65|          65|          65|
    |xor_ln56_978_fu_26717_p2      |       xor|   0|  0|    73|          73|          73|
    |xor_ln56_979_fu_28685_p2      |       xor|   0|  0|    74|          74|          74|
    |xor_ln56_97_fu_4823_p2        |       xor|   0|  0|    67|          67|          67|
    |xor_ln56_980_fu_29176_p2      |       xor|   0|  0|    68|          68|          68|
    |xor_ln56_981_fu_28691_p2      |       xor|   0|  0|    74|          74|          74|
    |xor_ln56_982_fu_28697_p2      |       xor|   0|  0|    64|          64|          64|
    |xor_ln56_983_fu_29310_p2      |       xor|   0|  0|    69|          69|          69|
    |xor_ln56_984_fu_28702_p2      |       xor|   0|  0|    64|          64|          64|
    |xor_ln56_985_fu_28707_p2      |       xor|   0|  0|    64|          64|          64|
    |xor_ln56_986_fu_28717_p2      |       xor|   0|  0|    74|          74|          74|
    |xor_ln56_987_fu_29442_p2      |       xor|   0|  0|    66|          66|          66|
    |xor_ln56_988_fu_28723_p2      |       xor|   0|  0|    74|          74|          74|
    |xor_ln56_989_fu_28729_p2      |       xor|   0|  0|    74|          74|          74|
    |xor_ln56_98_fu_6455_p2        |       xor|   0|  0|    66|          66|          66|
    |xor_ln56_991_fu_28892_p2      |       xor|   0|  0|    70|          70|          70|
    |xor_ln56_992_fu_29622_p2      |       xor|   0|  0|    66|          66|          66|
    |xor_ln56_993_fu_28898_p2      |       xor|   0|  0|    64|          64|          64|
    |xor_ln56_994_fu_28910_p2      |       xor|   0|  0|    64|          64|          64|
    |xor_ln56_995_fu_29754_p2      |       xor|   0|  0|    67|          67|          67|
    |xor_ln56_996_fu_30545_p2      |       xor|   0|  0|    70|          70|          70|
    |xor_ln56_997_fu_30571_p2      |       xor|   0|  0|    65|          65|          65|
    |xor_ln56_998_fu_21961_p2      |       xor|   0|  0|    64|          64|          64|
    |xor_ln56_999_fu_29861_p2      |       xor|   0|  0|    64|          64|          64|
    |xor_ln56_99_fu_6461_p2        |       xor|   0|  0|    64|          64|          64|
    |xor_ln56_9_fu_1580_p2         |       xor|   0|  0|    64|          64|          64|
    |xor_ln56_fu_1262_p2           |       xor|   0|  0|    64|          64|          64|
    |xor_ln57_100_fu_25751_p2      |       xor|   0|  0|    17|          17|          17|
    |xor_ln57_101_fu_25757_p2      |       xor|   0|  0|    77|          77|          77|
    |xor_ln57_102_fu_25775_p2      |       xor|   0|  0|    17|          17|          17|
    |xor_ln57_103_fu_25787_p2      |       xor|   0|  0|    17|          17|          17|
    |xor_ln57_104_fu_25915_p2      |       xor|   0|  0|    64|          64|          64|
    |xor_ln57_105_fu_28525_p2      |       xor|   0|  0|    75|          75|          75|
    |xor_ln57_106_fu_26327_p2      |       xor|   0|  0|    64|          64|          64|
    |xor_ln57_107_fu_26489_p2      |       xor|   0|  0|    64|          64|          64|
    |xor_ln57_108_fu_28745_p2      |       xor|   0|  0|    73|          73|          73|
    |xor_ln57_109_fu_28816_p2      |       xor|   0|  0|    64|          64|          64|
    |xor_ln57_10_fu_26495_p2       |       xor|   0|  0|    64|          64|          64|
    |xor_ln57_110_fu_30469_p2      |       xor|   0|  0|    64|          64|          64|
    |xor_ln57_111_fu_30744_p2      |       xor|   0|  0|    71|          71|          71|
    |xor_ln57_112_fu_29016_p2      |       xor|   0|  0|    64|          64|          64|
    |xor_ln57_113_fu_29208_p2      |       xor|   0|  0|    64|          64|          64|
    |xor_ln57_114_fu_30951_p2      |       xor|   0|  0|    69|          69|          69|
    |xor_ln57_115_fu_29448_p2      |       xor|   0|  0|    64|          64|          64|
    |xor_ln57_116_fu_29652_p2      |       xor|   0|  0|    64|          64|          64|
    |xor_ln57_117_fu_31222_p2      |       xor|   0|  0|    67|          67|          67|
    |xor_ln57_118_fu_29867_p2      |       xor|   0|  0|    58|          58|          58|
    |xor_ln57_119_fu_30033_p2      |       xor|   0|  0|    64|          64|          64|
    |xor_ln57_11_fu_28750_p2       |       xor|   0|  0|    73|          73|          73|
    |xor_ln57_120_fu_31272_p2      |       xor|   0|  0|    65|          65|          65|
    |xor_ln57_121_fu_30269_p2      |       xor|   0|  0|    56|          56|          56|
    |xor_ln57_12_fu_30475_p2       |       xor|   0|  0|    64|          64|          64|
    |xor_ln57_13_fu_30750_p2       |       xor|   0|  0|    71|          71|          71|
    |xor_ln57_14_fu_29214_p2       |       xor|   0|  0|    64|          64|          64|
    |xor_ln57_15_fu_30956_p2       |       xor|   0|  0|    69|          69|          69|
    |xor_ln57_16_fu_29658_p2       |       xor|   0|  0|    64|          64|          64|
    |xor_ln57_17_fu_31227_p2       |       xor|   0|  0|    67|          67|          67|
    |xor_ln57_18_fu_30039_p2       |       xor|   0|  0|    64|          64|          64|
    |xor_ln57_19_fu_31276_p2       |       xor|   0|  0|    65|          65|          65|
    |xor_ln57_1_fu_2377_p2         |       xor|   0|  0|    67|          67|          67|
    |xor_ln57_20_fu_30263_p2       |       xor|   0|  0|    57|          57|          57|
    |xor_ln57_21_fu_30311_p2       |       xor|   0|  0|    57|          57|          57|
    |xor_ln57_22_fu_1451_p2        |       xor|   0|  0|    65|          65|          65|
    |xor_ln57_23_fu_9944_p2        |       xor|   0|  0|    56|          56|          56|
    |xor_ln57_24_fu_9994_p2        |       xor|   0|  0|    57|          57|          57|
    |xor_ln57_25_fu_2347_p2        |       xor|   0|  0|     5|           5|           5|
    |xor_ln57_26_fu_2353_p2        |       xor|   0|  0|    67|          67|          67|
    |xor_ln57_27_fu_2371_p2        |       xor|   0|  0|     5|           5|           5|
    |xor_ln57_28_fu_2383_p2        |       xor|   0|  0|     5|           5|           5|
    |xor_ln57_29_fu_7266_p2        |       xor|   0|  0|    64|          64|          64|
    |xor_ln57_2_fu_3878_p2         |       xor|   0|  0|    69|          69|          69|
    |xor_ln57_30_fu_10105_p2       |       xor|   0|  0|    64|          64|          64|
    |xor_ln57_31_fu_10465_p2       |       xor|   0|  0|    58|          58|          58|
    |xor_ln57_32_fu_10737_p2       |       xor|   0|  0|    56|          56|          56|
    |xor_ln57_33_fu_10787_p2       |       xor|   0|  0|    57|          57|          57|
    |xor_ln57_34_fu_3233_p2        |       xor|   0|  0|    64|          64|          64|
    |xor_ln57_35_fu_3848_p2        |       xor|   0|  0|     7|           7|           7|
    |xor_ln57_36_fu_3854_p2        |       xor|   0|  0|    69|          69|          69|
    |xor_ln57_37_fu_3872_p2        |       xor|   0|  0|     7|           7|           7|
    |xor_ln57_38_fu_3884_p2        |       xor|   0|  0|     7|           7|           7|
    |xor_ln57_39_fu_4902_p2        |       xor|   0|  0|    64|          64|          64|
    |xor_ln57_3_fu_6011_p2         |       xor|   0|  0|    71|          71|          71|
    |xor_ln57_40_fu_7736_p2        |       xor|   0|  0|    64|          64|          64|
    |xor_ln57_41_fu_10822_p2       |       xor|   0|  0|    64|          64|          64|
    |xor_ln57_42_fu_12482_p2       |       xor|   0|  0|    64|          64|          64|
    |xor_ln57_43_fu_12857_p2       |       xor|   0|  0|    64|          64|          64|
    |xor_ln57_44_fu_11264_p2       |       xor|   0|  0|    58|          58|          58|
    |xor_ln57_45_fu_14893_p2       |       xor|   0|  0|    56|          56|          56|
    |xor_ln57_46_fu_14943_p2       |       xor|   0|  0|    57|          57|          57|
    |xor_ln57_47_fu_5337_p2        |       xor|   0|  0|    64|          64|          64|
    |xor_ln57_48_fu_5981_p2        |       xor|   0|  0|     9|           9|           9|
    |xor_ln57_49_fu_5987_p2        |       xor|   0|  0|    71|          71|          71|
    |xor_ln57_4_fu_9453_p2         |       xor|   0|  0|    73|          73|          73|
    |xor_ln57_50_fu_6005_p2        |       xor|   0|  0|     9|           9|           9|
    |xor_ln57_51_fu_6017_p2        |       xor|   0|  0|     9|           9|           9|
    |xor_ln57_52_fu_8260_p2        |       xor|   0|  0|    64|          64|          64|
    |xor_ln57_53_fu_11300_p2       |       xor|   0|  0|    64|          64|          64|
    |xor_ln57_54_fu_13261_p2       |       xor|   0|  0|    64|          64|          64|
    |xor_ln57_55_fu_15471_p2       |       xor|   0|  0|    64|          64|          64|
    |xor_ln57_56_fu_15915_p2       |       xor|   0|  0|    64|          64|          64|
    |xor_ln57_57_fu_16245_p2       |       xor|   0|  0|    58|          58|          58|
    |xor_ln57_58_fu_16587_p2       |       xor|   0|  0|    56|          56|          56|
    |xor_ln57_59_fu_16627_p2       |       xor|   0|  0|    57|          57|          57|
    |xor_ln57_5_fu_14110_p2        |       xor|   0|  0|    75|          75|          75|
    |xor_ln57_60_fu_8712_p2        |       xor|   0|  0|    64|          64|          64|
    |xor_ln57_61_fu_9423_p2        |       xor|   0|  0|    11|          11|          11|
    |xor_ln57_62_fu_9429_p2        |       xor|   0|  0|    73|          73|          73|
    |xor_ln57_63_fu_9447_p2        |       xor|   0|  0|    11|          11|          11|
    |xor_ln57_64_fu_9459_p2        |       xor|   0|  0|    11|          11|          11|
    |xor_ln57_65_fu_11766_p2       |       xor|   0|  0|    64|          64|          64|
    |xor_ln57_66_fu_16669_p2       |       xor|   0|  0|    64|          64|          64|
    |xor_ln57_67_fu_16938_p2       |       xor|   0|  0|    64|          64|          64|
    |xor_ln57_68_fu_18172_p2       |       xor|   0|  0|    64|          64|          64|
    |xor_ln57_69_fu_16960_p2       |       xor|   0|  0|    64|          64|          64|
    |xor_ln57_6_fu_21538_p2        |       xor|   0|  0|    77|          77|          77|
    |xor_ln57_70_fu_16976_p2       |       xor|   0|  0|    58|          58|          58|
    |xor_ln57_71_fu_19388_p2       |       xor|   0|  0|    56|          56|          56|
    |xor_ln57_72_fu_19438_p2       |       xor|   0|  0|    57|          57|          57|
    |xor_ln57_73_fu_13472_p2       |       xor|   0|  0|    64|          64|          64|
    |xor_ln57_74_fu_14080_p2       |       xor|   0|  0|    13|          13|          13|
    |xor_ln57_75_fu_14086_p2       |       xor|   0|  0|    75|          75|          75|
    |xor_ln57_76_fu_14104_p2       |       xor|   0|  0|    13|          13|          13|
    |xor_ln57_77_fu_14116_p2       |       xor|   0|  0|    13|          13|          13|
    |xor_ln57_78_fu_19532_p2       |       xor|   0|  0|    64|          64|          64|
    |xor_ln57_79_fu_19939_p2       |       xor|   0|  0|    64|          64|          64|
    |xor_ln57_7_fu_25781_p2        |       xor|   0|  0|    77|          77|          77|
    |xor_ln57_80_fu_20065_p2       |       xor|   0|  0|    64|          64|          64|
    |xor_ln57_81_fu_20365_p2       |       xor|   0|  0|    64|          64|          64|
    |xor_ln57_82_fu_22768_p2       |       xor|   0|  0|    64|          64|          64|
    |xor_ln57_83_fu_20783_p2       |       xor|   0|  0|    58|          58|          58|
    |xor_ln57_84_fu_23454_p2       |       xor|   0|  0|    56|          56|          56|
    |xor_ln57_85_fu_23494_p2       |       xor|   0|  0|    57|          57|          57|
    |xor_ln57_86_fu_20851_p2       |       xor|   0|  0|    64|          64|          64|
    |xor_ln57_87_fu_21508_p2       |       xor|   0|  0|    15|          15|          15|
    |xor_ln57_88_fu_21514_p2       |       xor|   0|  0|    77|          77|          77|
    |xor_ln57_89_fu_21532_p2       |       xor|   0|  0|    15|          15|          15|
    |xor_ln57_8_fu_26065_p2        |       xor|   0|  0|    64|          64|          64|
    |xor_ln57_90_fu_21544_p2       |       xor|   0|  0|    15|          15|          15|
    |xor_ln57_91_fu_23559_p2       |       xor|   0|  0|    64|          64|          64|
    |xor_ln57_92_fu_23973_p2       |       xor|   0|  0|    64|          64|          64|
    |xor_ln57_93_fu_24409_p2       |       xor|   0|  0|    64|          64|          64|
    |xor_ln57_94_fu_24853_p2       |       xor|   0|  0|    64|          64|          64|
    |xor_ln57_95_fu_24937_p2       |       xor|   0|  0|    64|          64|          64|
    |xor_ln57_96_fu_24953_p2       |       xor|   0|  0|    58|          58|          58|
    |xor_ln57_97_fu_28170_p2       |       xor|   0|  0|    56|          56|          56|
    |xor_ln57_98_fu_28220_p2       |       xor|   0|  0|    57|          57|          57|
    |xor_ln57_99_fu_25059_p2       |       xor|   0|  0|    64|          64|          64|
    |xor_ln57_9_fu_28530_p2        |       xor|   0|  0|    75|          75|          75|
    |xor_ln57_fu_1457_p2           |       xor|   0|  0|    65|          65|          65|
    +------------------------------+----------+----+---+------+------------+------------+
    |Total                         |          |   0|  0|157646|      156621|      157113|
    +------------------------------+----------+----+---+------+------------+------------+

    * Multiplexer: 
    +----------------------+-----+-----------+-----+-----------+
    |         Name         | LUT | Input Size| Bits| Total Bits|
    +----------------------+-----+-----------+-----+-----------+
    |a_address0_local      |   37|          7|    3|         21|
    |a_address1_local      |   14|          3|    3|          9|
    |ap_NS_fsm             |  123|         25|    1|         25|
    |c_0_address0_local    |   26|          5|    2|         10|
    |c_0_d0_local          |   26|          5|   64|        320|
    |c_1_address0_local    |   26|          5|    2|         10|
    |c_1_d0_local          |   26|          5|   64|        320|
    |coeff_address0_local  |   49|          9|    6|         54|
    |grp_fu_668_p0         |   65|         16|   64|       1024|
    |grp_fu_668_p1         |   49|          9|   64|        576|
    |grp_fu_672_p0         |   49|          9|   64|        576|
    |grp_fu_672_p1         |   43|          8|   64|        512|
    |grp_fu_676_p0         |   37|          7|   64|        448|
    |grp_fu_676_p1         |   49|          9|   64|        576|
    |grp_fu_680_p0         |   26|          5|   64|        320|
    |grp_fu_680_p1         |   37|          7|   64|        448|
    |grp_fu_684_p0         |   31|          6|   64|        384|
    |grp_fu_684_p1         |   37|          7|   64|        448|
    |grp_fu_688_p0         |   20|          4|   64|        256|
    |grp_fu_688_p1         |   31|          6|   64|        384|
    |grp_fu_692_p0         |   14|          3|   64|        192|
    |grp_fu_692_p1         |   26|          5|   64|        320|
    |grp_fu_696_p1         |   14|          3|   64|        192|
    |grp_fu_704_p0         |   43|          8|   64|        512|
    |grp_fu_714_p0         |   43|          8|   64|        512|
    |grp_fu_719_p0         |   43|          8|   64|        512|
    |grp_fu_734_p0         |   43|          8|   64|        512|
    |grp_fu_744_p0         |   49|          9|   64|        576|
    |grp_fu_749_p0         |   49|          9|   64|        576|
    |grp_fu_754_p0         |   43|          8|   64|        512|
    |grp_fu_754_p1         |   20|          4|   64|        256|
    |grp_fu_759_p0         |   37|          7|   64|        448|
    |grp_fu_759_p1         |   26|          5|   64|        320|
    |grp_fu_766_p0         |   37|          7|   64|        448|
    |grp_fu_766_p1         |   20|          4|   64|        256|
    |grp_fu_774_p0         |   26|          5|   64|        320|
    |grp_fu_774_p1         |   14|          3|   62|        186|
    |grp_fu_782_p0         |   14|          3|   64|        192|
    |grp_fu_782_p1         |   14|          3|   64|        192|
    |grp_fu_787_p0         |   14|          3|   64|        192|
    |grp_fu_787_p1         |   14|          3|   62|        186|
    |grp_fu_799_p0         |   43|          8|   64|        512|
    |reg_1091              |    9|          2|   64|        128|
    +----------------------+-----+-----------+-----+-----------+
    |Total                 | 1456|        283| 2381|      14773|
    +----------------------+-----+-----------+-----+-----------+

    * Register: 
    +--------------------------+-----+----+-----+-----------+
    |           Name           |  FF | LUT| Bits| Const Bits|
    +--------------------------+-----+----+-----+-----------+
    |add_ln114_2_reg_32007     |   69|   0|   69|          0|
    |add_ln114_4_reg_32103     |   71|   0|   71|          0|
    |add_ln114_8_reg_32538     |   75|   0|   75|          0|
    |add_ln195_reg_33772       |   64|   0|   64|          0|
    |and_ln57_114_reg_32617    |   55|   0|   57|          2|
    |and_ln57_262_reg_32965    |   55|   0|   57|          2|
    |and_ln57_336_reg_33111    |   55|   0|   57|          2|
    |and_ln57_410_reg_33414    |   55|   0|   57|          2|
    |and_ln57_558_reg_33767    |   55|   0|   57|          2|
    |ap_CS_fsm                 |   24|   0|   24|          0|
    |borrow_reg_33841          |    1|   0|    1|          0|
    |c2_105_reg_33398          |   55|   0|   56|          1|
    |c2_113_reg_33491          |   64|   0|   65|          1|
    |c2_114_reg_33535          |   64|   0|   65|          1|
    |c2_118_reg_33737          |   64|   0|   65|          1|
    |c2_82_reg_32759           |   64|   0|   65|          1|
    |c2_91_reg_32949           |   55|   0|   56|          1|
    |c2_97_reg_33087           |   64|   0|   65|          1|
    |c3_55_reg_33742           |   64|   0|   65|          1|
    |c5_30_reg_32938           |   64|   0|   66|          2|
    |c5_31_reg_32960           |   55|   0|   57|          2|
    |c5_45_reg_33370           |   66|   0|   68|          2|
    |c5_47_reg_33409           |   55|   0|   57|          2|
    |conv_reg_31845            |   64|   0|  128|         64|
    |d_reg_33836               |   65|   0|   65|          0|
    |mul_ln141_21_reg_33077    |   64|   0|   64|          0|
    |mul_ln141_26_reg_33122    |   64|   0|   64|          0|
    |mul_ln141_27_reg_33132    |   64|   0|   64|          0|
    |mul_ln141_28_reg_33082    |   64|   0|   64|          0|
    |mul_ln141_31_reg_33419    |   64|   0|   64|          0|
    |mul_ln141_34_reg_33460    |   64|   0|   64|          0|
    |or_ln217_2_reg_33846      |   64|   0|   64|          0|
    |or_ln217_3_reg_33851      |   64|   0|   64|          0|
    |or_ln217_4_reg_33856      |   64|   0|   64|          0|
    |or_ln217_5_reg_33861      |   64|   0|   64|          0|
    |or_ln217_6_reg_33866      |   64|   0|   64|          0|
    |or_ln217_7_reg_33871      |   64|   0|   64|          0|
    |or_ln57_115_reg_32339     |   64|   0|   64|          0|
    |or_ln57_127_reg_32366     |   61|   0|   61|          0|
    |or_ln57_134_reg_32431     |   64|   0|   65|          1|
    |or_ln57_150_reg_32453     |   61|   0|   61|          0|
    |or_ln57_156_reg_32233     |   64|   0|   64|          0|
    |or_ln57_159_reg_32568     |   64|   0|   65|          1|
    |or_ln57_167_reg_32590     |   63|   0|   63|          0|
    |or_ln57_200_reg_32933     |   64|   0|   65|          1|
    |or_ln57_214_reg_32524     |   64|   0|   64|          0|
    |or_ln57_241_reg_32489     |   61|   0|   61|          0|
    |or_ln57_249_reg_32737     |   64|   0|   65|          1|
    |or_ln57_256_reg_33094     |   64|   0|   64|          0|
    |or_ln57_268_reg_32766     |   64|   0|   64|          0|
    |or_ln57_272_reg_32820     |   64|   0|   64|          0|
    |or_ln57_27_reg_32122      |   61|   0|   61|          0|
    |or_ln57_281_reg_32793     |   63|   0|   63|          0|
    |or_ln57_288_reg_33173     |   64|   0|   64|          0|
    |or_ln57_316_reg_33386     |   64|   0|   65|          1|
    |or_ln57_330_reg_33289     |   64|   0|   64|          0|
    |or_ln57_363_reg_32874     |   64|   0|   65|          1|
    |or_ln57_375_reg_32896     |   61|   0|   61|          0|
    |or_ln57_382_reg_32906     |   64|   0|   64|          0|
    |or_ln57_38_reg_32305      |   61|   0|   61|          0|
    |or_ln57_40_reg_31995      |   64|   0|   64|          0|
    |or_ln57_421_reg_32651     |   64|   0|   64|          0|
    |or_ln57_432_reg_33752     |   64|   0|   65|          1|
    |or_ln57_434_reg_32977     |   64|   0|   64|          0|
    |or_ln57_477_reg_33143     |   64|   0|   64|          0|
    |or_ln57_485_reg_33178     |   64|   0|   64|          0|
    |or_ln57_491_reg_33205     |   61|   0|   61|          0|
    |or_ln57_493_reg_33215     |   64|   0|   64|          0|
    |or_ln57_499_reg_33242     |   61|   0|   61|          0|
    |or_ln57_49_reg_32419      |   63|   0|   63|          0|
    |or_ln57_4_reg_31913       |   64|   0|   64|          0|
    |or_ln57_503_reg_33365     |   64|   0|   65|          1|
    |or_ln57_536_reg_33432     |   61|   0|   61|          0|
    |or_ln57_559_reg_33475     |   16|   0|   17|          1|
    |or_ln57_563_reg_33498     |   64|   0|   64|          0|
    |or_ln57_569_reg_33542     |   64|   0|   64|          0|
    |or_ln57_56_reg_32334      |   64|   0|   64|          0|
    |or_ln57_573_reg_33599     |   64|   0|   64|          0|
    |or_ln57_581_reg_33638     |   61|   0|   61|          0|
    |or_ln57_583_reg_33648     |   64|   0|   64|          0|
    |or_ln57_589_reg_33685     |   61|   0|   61|          0|
    |or_ln57_591_reg_33695     |   64|   0|   64|          0|
    |or_ln57_82_reg_32600      |   64|   0|   64|          0|
    |or_ln57_98_reg_32083      |   64|   0|   64|          0|
    |or_ln57_99_reg_32150      |   64|   0|   64|          0|
    |pm0_lo_1_reg_31980        |   64|   0|   64|          0|
    |pm0_lo_2_reg_32068        |   64|   0|   64|          0|
    |pm0_lo_3_reg_32228        |   64|   0|   64|          0|
    |pm0_lo_4_reg_32499        |   64|   0|   64|          0|
    |pm0_lo_5_reg_32810        |   64|   0|   64|          0|
    |pm0_lo_6_reg_33264        |   64|   0|   64|          0|
    |pm0_lo_7_reg_33455        |   64|   0|   64|          0|
    |pm0_lo_reg_31898          |   64|   0|   64|          0|
    |reg_1039                  |   64|   0|   64|          0|
    |reg_1043                  |   64|   0|   64|          0|
    |reg_1047                  |   64|   0|   64|          0|
    |reg_1051                  |   64|   0|   64|          0|
    |reg_1055                  |   64|   0|   64|          0|
    |reg_1059                  |   64|   0|   64|          0|
    |reg_1063                  |   64|   0|   64|          0|
    |reg_1067                  |   64|   0|   64|          0|
    |reg_1071                  |   64|   0|   64|          0|
    |reg_1075                  |   64|   0|   64|          0|
    |reg_1079                  |   64|   0|   64|          0|
    |reg_1083                  |   64|   0|   64|          0|
    |reg_1087                  |   64|   0|   64|          0|
    |reg_1091                  |   64|   0|   64|          0|
    |reg_1096                  |   64|   0|   64|          0|
    |reg_1100                  |   61|   0|   61|          0|
    |reg_1104                  |   64|   0|   64|          0|
    |reg_1108                  |   61|   0|   61|          0|
    |reg_1112                  |   64|   0|   64|          0|
    |reg_1116                  |   64|   0|   64|          0|
    |reg_1120                  |   64|   0|   64|          0|
    |reg_1124                  |   64|   0|   64|          0|
    |reg_1128                  |   64|   0|   64|          0|
    |reg_1132                  |   63|   0|   63|          0|
    |reg_1136                  |   64|   0|   64|          0|
    |reg_1140                  |   55|   0|   55|          0|
    |reg_1144                  |   64|   0|   64|          0|
    |reg_1148                  |   64|   0|   64|          0|
    |reg_1152                  |   64|   0|   64|          0|
    |reg_1156                  |   64|   0|   64|          0|
    |reg_1160                  |   64|   0|   64|          0|
    |reg_1164                  |   64|   0|   64|          0|
    |reg_1168                  |   64|   0|   64|          0|
    |s1_1_reg_31963            |   64|   0|   64|          0|
    |s1_2_reg_32022            |   64|   0|   64|          0|
    |s1_4_reg_32290            |   64|   0|   64|          0|
    |s1_reg_31891              |   64|   0|   64|          0|
    |sOut_13_reg_33757         |   66|   0|   66|          0|
    |sOut_14_reg_33762         |   64|   0|   64|          0|
    |sOut_1_reg_31990          |   68|   0|   68|          0|
    |sOut_7_reg_33465          |   78|   0|   78|          0|
    |s_2_reg_33784             |   76|   0|   76|          0|
    |s_4_reg_33801             |   72|   0|   72|          0|
    |t0modw_1_reg_31931        |   64|   0|   64|          0|
    |t0modw_2_reg_32043        |   64|   0|   64|          0|
    |t0modw_3_reg_32185        |   64|   0|   64|          0|
    |t0modw_4_reg_32255        |   64|   0|   64|          0|
    |t0modw_5_reg_32678        |   64|   0|   64|          0|
    |t0modw_6_reg_32834        |   64|   0|   64|          0|
    |t0modw_7_reg_33309        |   64|   0|   64|          0|
    |t0modw_reg_31859          |   64|   0|   64|          0|
    |tmp_10_reg_32311          |    3|   0|    3|          0|
    |tmp_11_reg_32133          |    2|   0|    2|          0|
    |tmp_133_reg_32880         |    4|   0|    4|          0|
    |tmp_136_reg_32901         |    3|   0|    3|          0|
    |tmp_138_reg_32912         |    2|   0|    2|          0|
    |tmp_139_reg_32928         |    2|   0|    2|          0|
    |tmp_13_reg_32316          |    2|   0|    2|          0|
    |tmp_142_reg_31919         |    1|   0|    1|          0|
    |tmp_155_reg_32657         |    8|   0|    8|          0|
    |tmp_156_reg_32673         |    8|   0|    8|          0|
    |tmp_161_reg_32983         |    8|   0|    8|          0|
    |tmp_162_reg_32999         |    8|   0|    8|          0|
    |tmp_201_reg_33151         |    8|   0|    8|          0|
    |tmp_209_reg_33184         |    6|   0|    6|          0|
    |tmp_210_reg_33200         |    6|   0|    6|          0|
    |tmp_214_reg_33210         |    3|   0|    3|          0|
    |tmp_216_reg_33221         |    4|   0|    4|          0|
    |tmp_217_reg_33237         |    4|   0|    4|          0|
    |tmp_221_reg_33247         |    3|   0|    3|          0|
    |tmp_257_reg_33437         |    3|   0|    3|          0|
    |tmp_278_reg_32138         |    1|   0|    1|          0|
    |tmp_279_reg_33481         |   60|   0|   60|          0|
    |tmp_283_reg_33504         |   10|   0|   10|          0|
    |tmp_284_reg_33520         |   10|   0|   10|          0|
    |tmp_289_reg_33548         |    8|   0|    8|          0|
    |tmp_290_reg_33564         |    8|   0|    8|          0|
    |tmp_293_reg_33607         |    6|   0|    6|          0|
    |tmp_294_reg_33628         |    6|   0|    6|          0|
    |tmp_300_reg_33643         |    3|   0|    3|          0|
    |tmp_302_reg_33654         |    4|   0|    4|          0|
    |tmp_303_reg_33670         |    4|   0|    4|          0|
    |tmp_307_reg_33690         |    3|   0|    3|          0|
    |tmp_309_reg_33701         |    2|   0|    2|          0|
    |tmp_310_reg_33717         |    2|   0|    2|          0|
    |tmp_314_reg_32321         |    1|   0|    1|          0|
    |tmp_317_reg_32425         |    1|   0|    1|          0|
    |tmp_319_reg_32326         |   61|   0|   61|          0|
    |tmp_32_reg_32156          |    2|   0|    2|          0|
    |tmp_332_reg_32448         |    1|   0|    1|          0|
    |tmp_335_reg_32585         |    1|   0|    1|          0|
    |tmp_337_reg_32595         |    1|   0|    1|          0|
    |tmp_339_reg_32057         |    6|   0|    6|          0|
    |tmp_33_reg_32172          |    2|   0|    2|          0|
    |tmp_343_reg_32385         |   64|   0|   64|          0|
    |tmp_361_reg_32754         |    3|   0|    3|          0|
    |tmp_366_reg_32798         |    1|   0|    1|          0|
    |tmp_368_reg_32199         |    8|   0|    8|          0|
    |tmp_386_reg_32891         |    3|   0|    3|          0|
    |tmp_38_reg_32345          |    2|   0|    2|          0|
    |tmp_394_reg_32270         |   10|   0|   10|          0|
    |tmp_39_reg_32361          |    2|   0|    2|          0|
    |tmp_426_reg_33127         |   61|   0|   61|          0|
    |tmp_433_reg_33168         |    7|   0|    7|          0|
    |tmp_43_reg_32371          |    3|   0|    3|          0|
    |tmp_442_reg_33381         |    1|   0|    1|          0|
    |tmp_446_reg_32848         |   14|   0|   14|          0|
    |tmp_448_reg_33040         |   64|   0|   64|          0|
    |tmp_471_reg_33324         |   16|   0|   16|          0|
    |tmp_47_reg_32437          |    2|   0|    2|          0|
    |tmp_484_reg_33486         |   46|   0|   46|          0|
    |tmp_489_reg_33623         |    5|   0|    5|          0|
    |tmp_507_reg_33830         |    1|   0|    1|          0|
    |tmp_50_reg_32458          |    3|   0|    3|          0|
    |tmp_54_reg_32574          |    2|   0|    2|          0|
    |tmp_86_reg_32494          |    3|   0|    3|          0|
    |tmp_8_reg_32128           |    3|   0|    3|          0|
    |tmp_90_reg_32743          |    4|   0|    4|          0|
    |tmp_95_reg_32772          |    2|   0|    2|          0|
    |tmp_96_reg_32788          |    2|   0|    2|          0|
    |trunc_ln112_7_reg_33302   |   64|   0|   64|          0|
    |trunc_ln116_4_reg_32692   |   12|   0|   12|          0|
    |trunc_ln138_11_reg_33277  |   64|   0|   64|          0|
    |trunc_ln138_19_reg_32034  |   64|   0|   64|          0|
    |trunc_ln138_26_reg_32177  |   64|   0|   64|          0|
    |trunc_ln138_27_reg_32376  |   64|   0|   64|          0|
    |trunc_ln138_28_reg_32471  |   64|   0|   64|          0|
    |trunc_ln138_32_reg_32205  |   64|   0|   64|          0|
    |trunc_ln138_33_reg_32392  |   64|   0|   64|          0|
    |trunc_ln138_46_reg_32699  |   64|   0|   64|          0|
    |trunc_ln138_47_reg_33024  |   64|   0|   64|          0|
    |trunc_ln138_53_reg_33032  |   64|   0|   64|          0|
    |trunc_ln138_54_reg_33269  |   64|   0|   64|          0|
    |trunc_ln138_8_reg_32644   |   64|   0|   64|          0|
    |trunc_ln141_13_reg_32970  |   64|   0|   64|          0|
    |trunc_ln141_16_reg_33116  |   64|   0|   64|          0|
    |trunc_ln141_5_reg_32143   |   64|   0|   64|          0|
    |trunc_ln166_reg_33470     |   64|   0|   64|          0|
    |trunc_ln195_1_reg_33789   |   64|   0|   64|          0|
    |trunc_ln195_2_reg_33795   |   64|   0|   64|          0|
    |trunc_ln195_3_reg_33806   |   64|   0|   64|          0|
    |trunc_ln195_4_reg_33812   |   64|   0|   64|          0|
    |trunc_ln195_5_reg_33818   |   64|   0|   64|          0|
    |trunc_ln195_6_reg_33824   |   64|   0|   64|          0|
    |trunc_ln195_reg_33778     |   64|   0|   64|          0|
    |trunc_ln3_reg_31945       |    4|   0|    4|          0|
    |trunc_ln56_58_reg_32479   |   64|   0|   64|          0|
    |trunc_ln56_59_reg_32484   |   62|   0|   63|          1|
    |trunc_ln56_64_reg_32622   |   64|   0|   64|          0|
    |trunc_ln56_65_reg_32627   |   62|   0|   63|          1|
    |xor_ln56_1007_reg_33747   |   65|   0|   65|          0|
    |xor_ln56_1008_reg_33355   |   65|   0|   65|          0|
    |xor_ln56_1017_reg_33579   |   68|   0|   68|          0|
    |xor_ln56_1025_reg_33633   |   70|   0|   70|          0|
    |xor_ln56_1041_reg_33664   |   65|   0|   65|          0|
    |xor_ln56_1043_reg_33360   |   64|   0|   64|          0|
    |xor_ln56_1047_reg_33584   |   65|   0|   65|          0|
    |xor_ln56_1050_reg_33589   |   65|   0|   65|          0|
    |xor_ln56_1055_reg_33675   |   67|   0|   67|          0|
    |xor_ln56_1062_reg_33680   |   69|   0|   69|          0|
    |xor_ln56_1076_reg_33711   |   65|   0|   65|          0|
    |xor_ln56_1079_reg_33722   |   64|   0|   64|          0|
    |xor_ln56_107_reg_32350    |   67|   0|   67|          0|
    |xor_ln56_1084_reg_33727   |   65|   0|   65|          0|
    |xor_ln56_1089_reg_33732   |   67|   0|   67|          0|
    |xor_ln56_108_reg_32355    |   65|   0|   65|          0|
    |xor_ln56_122_reg_32442    |   67|   0|   67|          0|
    |xor_ln56_129_reg_32463    |   64|   0|   64|          0|
    |xor_ln56_135_reg_32579    |   67|   0|   67|          0|
    |xor_ln56_143_reg_32605    |   65|   0|   65|          0|
    |xor_ln56_173_reg_32073    |   68|   0|   68|          0|
    |xor_ln56_185_reg_32078    |   70|   0|   70|          0|
    |xor_ln56_192_reg_32088    |   64|   0|   64|          0|
    |xor_ln56_233_reg_32748    |   69|   0|   69|          0|
    |xor_ln56_242_reg_32777    |   67|   0|   67|          0|
    |xor_ln56_243_reg_32782    |   65|   0|   65|          0|
    |xor_ln56_247_reg_32632    |   64|   0|   64|          0|
    |xor_ln56_26_reg_32300     |   65|   0|   65|          0|
    |xor_ln56_279_reg_32213    |   67|   0|   67|          0|
    |xor_ln56_311_reg_32238    |   64|   0|   64|          0|
    |xor_ln56_352_reg_32885    |   69|   0|   69|          0|
    |xor_ln56_361_reg_32917    |   67|   0|   67|          0|
    |xor_ln56_362_reg_32922    |   65|   0|   65|          0|
    |xor_ln56_374_reg_32943    |   65|   0|   65|          0|
    |xor_ln56_375_reg_32954    |   64|   0|   64|          0|
    |xor_ln56_384_reg_32509    |   64|   0|   64|          0|
    |xor_ln56_398_reg_32400    |   67|   0|   67|          0|
    |xor_ln56_411_reg_32514    |   70|   0|   70|          0|
    |xor_ln56_432_reg_32519    |   74|   0|   74|          0|
    |xor_ln56_441_reg_32662    |   73|   0|   73|          0|
    |xor_ln56_442_reg_32667    |   65|   0|   65|          0|
    |xor_ln56_453_reg_32988    |   73|   0|   73|          0|
    |xor_ln56_454_reg_32993    |   65|   0|   65|          0|
    |xor_ln56_48_reg_31985     |   64|   0|   64|          0|
    |xor_ln56_500_reg_33099    |   65|   0|   65|          0|
    |xor_ln56_512_reg_32815    |   64|   0|   64|          0|
    |xor_ln56_530_reg_32543    |   67|   0|   67|          0|
    |xor_ln56_542_reg_32707    |   71|   0|   71|          0|
    |xor_ln56_548_reg_32712    |   73|   0|   73|          0|
    |xor_ln56_582_reg_33138    |   72|   0|   72|          0|
    |xor_ln56_583_reg_33156    |   72|   0|   72|          0|
    |xor_ln56_586_reg_33162    |   64|   0|   64|          0|
    |xor_ln56_602_reg_33189    |   71|   0|   71|          0|
    |xor_ln56_603_reg_33194    |   65|   0|   65|          0|
    |xor_ln56_614_reg_33226    |   69|   0|   69|          0|
    |xor_ln56_615_reg_33231    |   65|   0|   65|          0|
    |xor_ln56_629_reg_33375    |   67|   0|   67|          0|
    |xor_ln56_631_reg_33252    |   64|   0|   64|          0|
    |xor_ln56_639_reg_33392    |   65|   0|   65|          0|
    |xor_ln56_640_reg_33403    |   64|   0|   64|          0|
    |xor_ln56_649_reg_33284    |   64|   0|   64|          0|
    |xor_ln56_662_reg_32717    |   66|   0|   66|          0|
    |xor_ln56_665_reg_32722    |   67|   0|   67|          0|
    |xor_ln56_670_reg_32854    |   69|   0|   69|          0|
    |xor_ln56_673_reg_32859    |   69|   0|   69|          0|
    |xor_ln56_685_reg_33047    |   73|   0|   73|          0|
    |xor_ln56_709_reg_32553    |   64|   0|   64|          0|
    |xor_ln56_808_reg_32727    |   65|   0|   65|          0|
    |xor_ln56_817_reg_32869    |   67|   0|   67|          0|
    |xor_ln56_824_reg_33052    |   69|   0|   69|          0|
    |xor_ln56_833_reg_33330    |   72|   0|   72|          0|
    |xor_ln56_873_reg_33509    |   75|   0|   75|          0|
    |xor_ln56_874_reg_33514    |   65|   0|   65|          0|
    |xor_ln56_876_reg_32732    |   64|   0|   64|          0|
    |xor_ln56_886_reg_33057    |   66|   0|   66|          0|
    |xor_ln56_888_reg_33062    |   67|   0|   67|          0|
    |xor_ln56_900_reg_33335    |   70|   0|   70|          0|
    |xor_ln56_903_reg_33340    |   71|   0|   71|          0|
    |xor_ln56_914_reg_33525    |   73|   0|   73|          0|
    |xor_ln56_919_reg_33530    |   75|   0|   75|          0|
    |xor_ln56_936_reg_33553    |   73|   0|   73|          0|
    |xor_ln56_937_reg_33558    |   65|   0|   65|          0|
    |xor_ln56_941_reg_33067    |   64|   0|   64|          0|
    |xor_ln56_946_reg_33072    |   66|   0|   66|          0|
    |xor_ln56_94_reg_32161     |   67|   0|   67|          0|
    |xor_ln56_952_reg_33345    |   67|   0|   67|          0|
    |xor_ln56_957_reg_33350    |   69|   0|   69|          0|
    |xor_ln56_95_reg_32166     |   65|   0|   65|          0|
    |xor_ln56_968_reg_33612    |   70|   0|   70|          0|
    |xor_ln56_972_reg_33569    |   72|   0|   72|          0|
    |xor_ln56_978_reg_33574    |   73|   0|   73|          0|
    |xor_ln56_983_reg_33659    |   69|   0|   69|          0|
    |xor_ln56_994_reg_33617    |   64|   0|   64|          0|
    |xor_ln56_995_reg_33706    |   67|   0|   67|          0|
    |xor_ln56_reg_31908        |   64|   0|   64|          0|
    |xor_ln57_44_reg_32638     |   58|   0|   58|          0|
    |xor_ln57_54_reg_32803     |   64|   0|   64|          0|
    |xor_ln57_67_reg_33004     |   64|   0|   64|          0|
    |xor_ln57_69_reg_33011     |   64|   0|   64|          0|
    |xor_ln57_70_reg_33018     |   58|   0|   58|          0|
    |xor_ln57_83_reg_33258     |   58|   0|   58|          0|
    |xor_ln57_94_reg_33425     |   64|   0|   64|          0|
    |xor_ln57_95_reg_33442     |   64|   0|   64|          0|
    |xor_ln57_96_reg_33449     |   58|   0|   58|          0|
    |zext_ln110_1_reg_31924    |   64|   0|  128|         64|
    |zext_ln110_2_reg_32000    |   64|   0|  128|         64|
    |zext_ln110_3_reg_32095    |   64|   0|  128|         64|
    |zext_ln110_4_reg_32245    |   64|   0|  128|         64|
    |zext_ln110_5_reg_32529    |   64|   0|  128|         64|
    |zext_ln110_6_reg_32825    |   64|   0|  128|         64|
    |zext_ln110_7_reg_33294    |   64|   0|  128|         64|
    |zext_ln110_reg_31854      |   64|   0|  128|         64|
    |zext_ln123_4_reg_32504    |   64|   0|   73|          9|
    |zext_ln138_1_reg_31952    |   64|   0|  128|         64|
    |zext_ln138_2_reg_32012    |   64|   0|  128|         64|
    |zext_ln138_39_reg_33594   |   61|   0|   64|          3|
    |zext_ln138_3_reg_32113    |   64|   0|  128|         64|
    |zext_ln138_4_reg_32281    |   64|   0|  128|         64|
    |zext_ln138_5_reg_32410    |   64|   0|  128|         64|
    |zext_ln138_6_reg_32558    |   64|   0|  128|         64|
    |zext_ln138_7_reg_32276    |   61|   0|   64|          3|
    |zext_ln138_reg_31882      |   64|   0|  128|         64|
    |zext_ln77_2_reg_32612     |   55|   0|   64|          9|
    |zext_ln77_5_reg_33106     |   55|   0|   64|          9|
    +--------------------------+-----+----+-----+-----------+
    |Total                     |19624|   0|20718|       1094|
    +--------------------------+-----+----+-----+-----------+



================================================================
== Interface
================================================================
* Summary: 
+----------------+-----+-----+------------+--------------+--------------+
|    RTL Ports   | Dir | Bits|  Protocol  | Source Object|    C Type    |
+----------------+-----+-----+------------+--------------+--------------+
|ap_clk          |   in|    1|  ap_ctrl_hs|        mul.90|  return value|
|ap_rst          |   in|    1|  ap_ctrl_hs|        mul.90|  return value|
|ap_start        |   in|    1|  ap_ctrl_hs|        mul.90|  return value|
|ap_done         |  out|    1|  ap_ctrl_hs|        mul.90|  return value|
|ap_idle         |  out|    1|  ap_ctrl_hs|        mul.90|  return value|
|ap_ready        |  out|    1|  ap_ctrl_hs|        mul.90|  return value|
|a_address0      |  out|    3|   ap_memory|             a|         array|
|a_ce0           |  out|    1|   ap_memory|             a|         array|
|a_q0            |   in|   64|   ap_memory|             a|         array|
|a_address1      |  out|    3|   ap_memory|             a|         array|
|a_ce1           |  out|    1|   ap_memory|             a|         array|
|a_q1            |   in|   64|   ap_memory|             a|         array|
|coeff_address0  |  out|    6|   ap_memory|         coeff|         array|
|coeff_ce0       |  out|    1|   ap_memory|         coeff|         array|
|coeff_q0        |   in|   64|   ap_memory|         coeff|         array|
|c_0_address0    |  out|    2|   ap_memory|           c_0|         array|
|c_0_ce0         |  out|    1|   ap_memory|           c_0|         array|
|c_0_we0         |  out|    1|   ap_memory|           c_0|         array|
|c_0_d0          |  out|   64|   ap_memory|           c_0|         array|
|c_1_address0    |  out|    2|   ap_memory|           c_1|         array|
|c_1_ce0         |  out|    1|   ap_memory|           c_1|         array|
|c_1_we0         |  out|    1|   ap_memory|           c_1|         array|
|c_1_d0          |  out|   64|   ap_memory|           c_1|         array|
+----------------+-----+-----+------------+--------------+--------------+

